sale_id,sale_rep_id,sale_date,car_model,sale_amount,commission_pct,sale_status
383249,20,2018-12-30,Sienna,63612.46,5.77,Completed
383250,3,2018-12-20,RAV4,61749.67,5.69,Completed
383251,15,2018-12-02,Tundra,58657.06,4.86,Completed
383252,2,2018-12-14,RAV4,45951.21,4.0,Completed
383253,4,2018-12-23,Corolla,25729.01,3.81,Completed
383254,3,2018-12-28,Corolla,35122.55,5.69,Completed
383255,4,2018-12-11,Sienna,43363.3,3.81,Completed
383256,2,2018-12-15,Tundra,42324.95,4.0,Completed
383257,13,2018-12-15,Highlander,76613.32,5.61,Completed
383258,7,2018-12-19,Tundra,57039.21,5.39,Cancelled
383259,1,2018-12-01,RAV4,48745.02,5.24,Completed
383260,3,2018-12-20,Prius,36791.71,5.69,Completed
383261,2,2018-12-06,Corolla,25271.77,4.0,Completed
383262,13,2018-12-13,Sienna,64049.05,5.61,Completed
383263,11,2018-12-05,Corolla,24012.1,4.16,Completed
383264,11,2018-12-03,Corolla,25741.75,4.16,Completed
383265,18,2018-12-03,Camry,52539.23,5.68,Completed
383266,14,2018-12-27,Tacoma,48580.56,5.1,Completed
383267,2,2018-12-22,Corolla,25198.12,4.0,Completed
383268,1,2018-12-03,Camry,40556.41,5.24,Completed
383269,2,2018-12-28,Corolla,26827.46,4.0,Pending
383270,18,2018-12-04,Camry,48496.19,5.68,Completed
383271,16,2018-12-25,Prius,39279.34,6.06,Completed
383272,4,2018-12-04,Prius,25409.89,3.81,Completed
383273,10,2018-12-28,RAV4,37660.59,4.88,Completed
383274,5,2018-12-18,Tundra,51681.9,5.34,Completed
383275,18,2018-12-17,Highlander,77732.24,5.68,Completed
383276,10,2018-12-07,Camry,36067.6,4.88,Completed
383277,9,2018-12-06,Highlander,60250.49,4.4,Completed
383278,8,2018-12-03,Camry,44635.63,5.84,Completed
383279,15,2018-12-05,Camry,42574.9,4.86,Completed
383280,14,2018-12-05,Corolla,30452.62,5.1,Completed
383281,13,2018-12-23,RAV4,61233.1,5.61,Completed
383282,10,2018-12-13,Camry,37672.82,4.88,Completed
383283,19,2018-12-10,Corolla,28475.23,5.48,Completed
383284,8,2018-12-30,Sienna,59553.15,5.84,Completed
383285,1,2018-12-08,RAV4,47288.95,5.24,Completed
383286,20,2018-12-14,Prius,36196.65,5.77,Completed
383287,8,2018-12-25,Tacoma,51784.77,5.84,Completed
383288,5,2018-12-26,Prius,33936.15,5.34,Completed
383289,3,2018-12-21,Corolla,34835.96,5.69,Completed
383290,15,2018-12-23,Prius,36574.57,4.86,Completed
383291,19,2018-12-18,RAV4,49211.79,5.48,Completed
383292,13,2018-12-16,Camry,46518.01,5.61,Completed
383293,3,2018-12-12,Tundra,65606.51,5.69,Completed
383294,12,2018-12-24,Prius,34787.04,5.65,Completed
383295,8,2018-12-14,Tundra,55313.66,5.84,Completed
383296,20,2018-12-23,Corolla,35910.15,5.77,Completed
383297,9,2018-12-09,Corolla,27105.44,4.4,Completed
383298,5,2018-12-23,Tacoma,46906.96,5.34,Completed
383299,14,2018-12-19,Corolla,33968.36,5.1,Completed
383300,13,2018-12-27,Corolla,32677.74,5.61,Completed
383301,6,2018-12-02,Tundra,39099.19,3.86,Completed
383302,13,2018-12-24,Corolla,33682.54,5.61,Completed
383303,11,2018-12-06,Highlander,54333.94,4.16,Completed
383304,16,2018-12-25,Corolla,35205.49,6.06,Completed
383305,4,2018-12-01,Highlander,53915.83,3.81,Completed
383306,7,2018-12-24,RAV4,51627.54,5.39,Completed
383307,14,2018-12-21,Prius,34977.0,5.1,Completed
383308,12,2018-12-11,Tundra,58234.03,5.65,Completed
383309,16,2018-12-11,Highlander,73839.82,6.06,Completed
383310,1,2018-12-23,Prius,31846.17,5.24,Completed
383311,9,2018-12-07,Sienna,45301.74,4.4,Completed
383312,6,2018-12-23,Camry,33551.83,3.86,Completed
383313,5,2018-12-27,Camry,41150.37,5.34,Completed
383314,14,2018-12-17,Tacoma,47995.24,5.1,Pending
383315,5,2018-12-20,Tundra,55817.55,5.34,Completed
383316,9,2018-12-23,Highlander,57624.07,4.4,Completed
383317,19,2018-12-05,Tacoma,42211.37,5.48,Completed
383318,12,2018-12-31,Corolla,31304.1,5.65,Pending
383319,15,2018-12-24,Camry,48321.47,4.86,Completed
383320,16,2018-12-21,Sienna,65331.27,6.06,Completed
383321,11,2018-12-01,Highlander,52043.57,4.16,Completed
383322,18,2018-12-05,RAV4,60760.92,5.68,Completed
383323,4,2018-12-27,Camry,33079.17,3.81,Completed
383324,4,2018-12-15,Prius,27646.76,3.81,Completed
383325,15,2018-12-09,Highlander,78001.34,4.86,Completed
383326,11,2018-12-21,Prius,28792.34,4.16,Completed
383327,19,2018-12-07,Camry,42431.16,5.48,Completed
383328,6,2018-12-15,Sienna,44073.82,3.86,Completed
383329,20,2018-12-13,Sienna,62755.57,5.77,Completed
383330,11,2018-12-03,Camry,35925.83,4.16,Completed
383331,13,2018-12-02,Camry,50359.52,5.61,Completed
383332,11,2018-12-04,Sienna,47931.97,4.16,Completed
383333,2,2018-12-12,Sienna,47770.18,4.0,Completed
383334,6,2018-12-28,Corolla,22301.46,3.86,Completed
383335,19,2018-12-18,Prius,33675.8,5.48,Completed
383336,19,2018-12-26,Tacoma,41221.3,5.48,Completed
383337,1,2018-12-01,Camry,42301.53,5.24,Completed
383338,11,2018-12-28,Corolla,26459.99,4.16,Completed
383339,13,2018-12-27,Prius,42172.09,5.61,Completed
383340,15,2018-12-19,Highlander,75053.94,4.86,Completed
383341,1,2018-12-20,Tundra,48628.87,5.24,Completed
383342,17,2018-12-01,Tacoma,33629.0,4.51,Completed
383343,12,2018-12-14,Corolla,31723.77,5.65,Completed
383344,6,2018-12-15,Sienna,45657.62,3.86,Completed
383345,4,2018-12-20,Prius,29498.1,3.81,Completed
383346,7,2018-12-26,Tacoma,52874.07,5.39,Completed
383347,19,2018-12-19,Tundra,52989.84,5.48,Completed
383348,14,2018-12-27,RAV4,52073.05,5.1,Completed
383349,12,2018-12-25,Tundra,54258.36,5.65,Completed
383350,14,2018-12-21,RAV4,55379.05,5.1,Completed
383351,16,2018-12-14,Camry,49133.48,6.06,Completed
383352,7,2018-12-23,Highlander,80474.24,5.39,Pending
383353,8,2018-12-29,RAV4,52930.87,5.84,Completed
383354,16,2018-12-22,Corolla,36332.28,6.06,Completed
383355,10,2018-12-25,Tundra,44888.45,4.88,Completed
383356,2,2018-12-02,Tundra,48616.6,4.0,Completed
383357,19,2018-12-18,Highlander,65665.94,5.48,Completed
383358,20,2018-12-19,Corolla,34122.91,5.77,Completed
383359,19,2018-12-07,Corolla,32259.64,5.48,Completed
383360,20,2018-12-11,Sienna,56224.01,5.77,Completed
383361,3,2018-12-14,Tacoma,57272.73,5.69,Pending
383362,17,2018-12-03,Sienna,41996.11,4.51,Completed
383363,7,2018-12-21,Camry,52072.72,5.39,Completed
383364,12,2018-12-14,Corolla,36291.9,5.65,Completed
383365,16,2018-12-03,RAV4,50622.77,6.06,Completed
383366,12,2018-12-06,Corolla,34607.49,5.65,Completed
383367,12,2018-12-10,RAV4,51404.52,5.65,Completed
383368,17,2018-12-02,Corolla,25112.97,4.51,Completed
383369,4,2018-12-13,Tundra,38852.27,3.81,Completed
383370,16,2018-12-08,Highlander,81806.73,6.06,Completed
383371,19,2018-12-05,RAV4,44798.8,5.48,Completed
383372,19,2018-12-13,RAV4,44482.02,5.48,Completed
383373,20,2018-12-03,Prius,38530.96,5.77,Completed
383374,1,2018-12-10,Tacoma,45895.56,5.24,Completed
383375,4,2018-12-15,RAV4,37721.33,3.81,Completed
383376,13,2018-12-23,RAV4,55109.62,5.61,Completed
383377,17,2018-12-25,Camry,33728.42,4.51,Completed
383378,16,2018-12-03,Corolla,34392.94,6.06,Completed
383379,11,2018-12-24,Corolla,26707.29,4.16,Completed
383380,3,2018-12-20,Corolla,33488.18,5.69,Completed
383381,16,2018-12-04,Camry,45448.94,6.06,Completed
383382,11,2018-12-29,Tundra,44177.07,4.16,Completed
383383,14,2018-12-04,Corolla,34271.39,5.1,Completed
383384,4,2018-12-12,RAV4,39991.89,3.81,Completed
383385,19,2018-12-15,Camry,39266.39,5.48,Completed
383386,12,2018-12-09,Prius,38925.52,5.65,Completed
383387,1,2018-12-19,Sienna,46788.64,5.24,Completed
383388,14,2018-12-18,Camry,47961.38,5.1,Completed
383389,8,2018-12-02,Highlander,74460.09,5.84,Completed
383390,5,2018-12-23,Prius,35771.12,5.34,Completed
383391,13,2018-12-08,Tundra,59577.21,5.61,Completed
383392,8,2018-12-05,Tundra,64839.85,5.84,Completed
383393,18,2018-12-25,Camry,47141.88,5.68,Completed
383394,5,2018-12-15,Camry,43318.65,5.34,Completed
383395,19,2018-12-25,Corolla,27038.84,5.48,Completed
383396,1,2018-12-15,Prius,30319.9,5.24,Completed
383397,7,2018-12-26,Corolla,36914.24,5.39,Completed
383398,11,2018-12-23,Highlander,58334.26,4.16,Pending
383399,5,2018-12-16,Prius,34061.06,5.34,Completed
383400,8,2018-12-22,Prius,38599.86,5.84,Completed
383401,19,2018-12-06,Highlander,71086.24,5.48,Completed
383402,10,2018-12-27,Corolla,26878.86,4.88,Completed
383403,4,2018-12-18,Tundra,39376.96,3.81,Completed
383404,6,2018-12-24,RAV4,40187.51,3.86,Pending
383405,16,2018-12-27,Highlander,77951.58,6.06,Completed
383406,3,2018-12-01,Tacoma,56165.35,5.69,Completed
383407,12,2018-12-14,Tacoma,50097.62,5.65,Completed
383408,11,2018-12-20,Prius,26169.08,4.16,Completed
383409,7,2018-12-06,Corolla,37848.68,5.39,Completed
383410,1,2018-12-10,Tundra,54031.48,5.24,Completed
383411,15,2018-12-09,Prius,39917.18,4.86,Completed
383412,18,2018-12-14,Sienna,66588.53,5.68,Completed
383413,5,2018-12-27,Prius,34921.23,5.34,Completed
383414,2,2018-12-14,Sienna,48264.97,4.0,Completed
383415,16,2018-12-03,Prius,43303.9,6.06,Completed
383416,10,2018-12-12,Sienna,43701.35,4.88,Completed
383417,4,2018-12-02,Camry,29550.16,3.81,Completed
383418,15,2018-12-13,Sienna,63379.94,4.86,Completed
383419,17,2018-12-23,Highlander,55108.71,4.51,Completed
383420,16,2018-12-22,Sienna,61603.87,6.06,Completed
383421,4,2018-12-10,Corolla,23099.28,3.81,Completed
383422,12,2018-12-09,Sienna,64249.15,5.65,Completed
383423,14,2018-12-29,Highlander,66599.42,5.1,Completed
383424,3,2018-12-10,Corolla,32598.99,5.69,Completed
383425,20,2018-12-06,Tacoma,48192.87,5.77,Completed
383426,4,2018-12-04,Tacoma,31392.97,3.81,Completed
383427,8,2018-12-11,Tundra,54473.88,5.84,Completed
383428,8,2018-12-10,RAV4,52652.81,5.84,Completed
383429,11,2018-12-07,Tacoma,40518.78,4.16,Completed
383430,19,2018-12-15,RAV4,47180.65,5.48,Cancelled
383431,6,2018-12-27,Tacoma,37226.32,3.86,Completed
383432,11,2018-12-23,Corolla,24819.67,4.16,Completed
383433,4,2018-12-19,RAV4,39513.62,3.81,Completed
383434,16,2018-12-23,Prius,42788.75,6.06,Completed
383435,9,2018-12-13,Tundra,44553.24,4.4,Completed
383436,1,2018-12-25,Corolla,25810.43,5.24,Completed
383437,17,2018-12-20,Sienna,44510.98,4.51,Completed
383438,7,2018-12-23,Sienna,57254.07,5.39,Completed
383439,2,2018-12-02,Tacoma,39474.05,4.0,Completed
383440,19,2018-12-02,Tacoma,46317.08,5.48,Completed
383441,1,2018-12-03,Tacoma,42869.15,5.24,Completed
383442,5,2018-12-04,RAV4,49676.42,5.34,Completed
383443,2,2018-12-15,Prius,31793.93,4.0,Completed
383444,11,2018-12-09,Tacoma,36543.55,4.16,Completed
383445,19,2018-12-23,Sienna,51598.38,5.48,Completed
383446,11,2018-12-04,Prius,30785.04,4.16,Completed
383447,6,2018-12-06,Tacoma,35298.48,3.86,Completed
383448,5,2018-12-26,Corolla,27617.89,5.34,Pending
383449,9,2018-12-08,Corolla,26020.27,4.4,Completed
383450,11,2018-12-20,Prius,28442.95,4.16,Completed
383451,3,2018-12-26,Sienna,66777.87,5.69,Completed
383452,9,2018-12-17,RAV4,42061.71,4.4,Completed
383453,14,2018-12-07,Prius,37166.49,5.1,Completed
383454,3,2018-12-01,Camry,52226.26,5.69,Completed
383455,17,2018-12-02,Camry,30174.45,4.51,Pending
383456,6,2018-12-07,Tacoma,32697.26,3.86,Completed
383457,9,2018-12-16,Tundra,44336.77,4.4,Completed
383458,7,2018-12-15,Tacoma,52581.18,5.39,Completed
383459,19,2018-12-16,Sienna,55911.52,5.48,Cancelled
383460,15,2018-12-13,Tundra,63932.01,4.86,Completed
383461,7,2018-12-05,Tacoma,51131.93,5.39,Completed
383462,9,2018-12-13,RAV4,39501.15,4.4,Completed
383463,5,2018-12-15,Tundra,54918.07,5.34,Completed
383464,10,2018-12-13,Sienna,42263.57,4.88,Completed
383465,4,2018-12-08,Tacoma,33607.77,3.81,Completed
383466,6,2018-12-22,Tacoma,36521.56,3.86,Completed
383467,11,2018-12-05,Highlander,55787.35,4.16,Pending
383468,5,2018-12-07,Sienna,53543.81,5.34,Completed
383469,12,2018-12-21,Tundra,63620.15,5.65,Completed
383470,20,2018-12-05,Tacoma,46545.85,5.77,Completed
383471,5,2018-12-21,Tacoma,46314.75,5.34,Completed
383472,14,2018-12-09,Sienna,61553.74,5.1,Completed
383473,7,2018-12-13,Tacoma,55683.65,5.39,Completed
383474,18,2018-12-28,Sienna,58770.78,5.68,Completed
383475,16,2018-12-29,RAV4,60316.7,6.06,Completed
383476,3,2018-12-29,Sienna,57729.33,5.69,Completed
383477,3,2018-12-30,Corolla,34066.75,5.69,Completed
383478,12,2018-12-16,Prius,38410.07,5.65,Completed
383479,13,2018-12-03,Corolla,34612.46,5.61,Completed
383480,15,2018-12-21,Corolla,30555.97,4.86,Completed
383481,10,2018-12-28,RAV4,41587.14,4.88,Completed
383482,11,2018-12-04,Sienna,43538.52,4.16,Completed
383483,16,2018-12-12,Prius,42034.84,6.06,Completed
383484,11,2018-12-29,Corolla,25511.28,4.16,Completed
383485,11,2018-12-14,Corolla,25127.43,4.16,Completed
383486,3,2018-12-18,Tundra,62808.3,5.69,Completed
383487,20,2018-12-08,Sienna,60156.87,5.77,Completed
383488,18,2018-12-27,Corolla,33830.52,5.68,Completed
383489,17,2018-12-16,Tacoma,36471.11,4.51,Completed
383490,8,2018-12-15,Tacoma,46727.52,5.84,Completed
383491,18,2018-12-28,Prius,42125.36,5.68,Completed
383492,5,2018-12-31,Highlander,70798.36,5.34,Completed
383493,17,2018-12-15,Tundra,37969.21,4.51,Completed
383494,3,2018-12-31,Prius,42729.94,5.69,Completed
383495,7,2018-12-09,Camry,51091.37,5.39,Completed
383496,1,2018-12-17,Prius,35594.2,5.24,Completed
383497,17,2018-12-02,Highlander,57950.69,4.51,Completed
383498,4,2018-12-20,Prius,26203.65,3.81,Completed
383499,14,2018-12-02,Tundra,57003.93,5.1,Completed
383500,19,2018-12-21,Tacoma,46507.98,5.48,Completed
383501,6,2018-12-26,Tundra,38339.66,3.86,Completed
383502,7,2018-12-12,Tundra,60231.88,5.39,Completed
383503,16,2018-12-09,Tacoma,55500.63,6.06,Completed
383504,15,2018-12-17,Prius,41890.51,4.86,Completed
383505,5,2018-12-16,Sienna,49202.72,5.34,Completed
383506,9,2018-12-05,Highlander,59339.6,4.4,Completed
383507,18,2018-12-02,Camry,53333.24,5.68,Completed
383508,1,2018-12-28,Highlander,67209.27,5.24,Completed
383509,1,2018-12-06,Tacoma,46156.24,5.24,Completed
383510,3,2018-12-18,Corolla,38769.31,5.69,Completed
383511,10,2018-12-13,Highlander,55524.14,4.88,Completed
383512,18,2018-12-27,Corolla,38836.01,5.68,Completed
383513,2,2018-12-13,Prius,29221.06,4.0,Completed
383514,20,2018-12-30,Highlander,82608.17,5.77,Completed
383515,16,2018-12-28,Camry,46328.9,6.06,Completed
383516,19,2018-12-17,Highlander,66457.25,5.48,Completed
383517,3,2018-12-03,Sienna,57890.0,5.69,Completed
383518,7,2018-12-12,Tacoma,49667.76,5.39,Completed
383519,12,2018-12-17,Sienna,54883.72,5.65,Completed
383520,8,2018-12-24,Tacoma,48318.92,5.84,Completed
383521,17,2018-12-02,Sienna,42895.17,4.51,Completed
383522,3,2018-12-29,Highlander,86436.64,5.69,Completed
383523,13,2018-12-29,Tundra,65448.64,5.61,Pending
383524,11,2018-12-29,Prius,26300.34,4.16,Completed
383525,7,2018-12-07,Corolla,37694.56,5.39,Completed
383526,20,2018-12-05,Tundra,60512.97,5.77,Completed
383527,18,2018-12-15,Corolla,40187.93,5.68,Completed
383528,9,2018-12-29,Prius,28707.17,4.4,Completed
383529,3,2018-12-03,Prius,41394.75,5.69,Completed
383530,2,2018-12-18,Tacoma,41126.55,4.0,Completed
383531,7,2018-12-05,RAV4,60405.89,5.39,Pending
383532,2,2018-12-16,Tacoma,41809.65,4.0,Completed
383533,14,2018-12-15,Prius,34761.21,5.1,Completed
383534,1,2018-12-23,Camry,38842.84,5.24,Completed
383535,5,2018-12-11,Prius,32740.93,5.34,Completed
383536,13,2018-12-16,Tundra,66629.45,5.61,Completed
383537,2,2018-12-14,Sienna,46798.27,4.0,Completed
383538,19,2018-12-31,RAV4,47130.26,5.48,Completed
383539,6,2018-12-20,Highlander,54974.49,3.86,Completed
383540,3,2018-12-16,RAV4,60896.52,5.69,Completed
383541,2,2018-12-06,Tundra,46617.28,4.0,Completed
383542,12,2018-12-17,Tacoma,50285.43,5.65,Completed
383543,15,2018-12-18,Camry,47372.11,4.86,Completed
383544,17,2018-12-22,Corolla,23809.25,4.51,Completed
383545,2,2018-12-06,Sienna,42291.86,4.0,Completed
383546,14,2018-12-03,Sienna,55262.1,5.1,Completed
383547,7,2018-12-13,Tacoma,47396.03,5.39,Completed
383548,13,2018-12-29,Corolla,33449.14,5.61,Completed
383549,5,2018-12-20,Highlander,61372.69,5.34,Completed
383550,10,2018-12-08,Camry,35423.58,4.88,Completed
383551,1,2018-12-02,Corolla,31002.11,5.24,Completed
383552,17,2018-12-12,Highlander,55407.13,4.51,Pending
383553,15,2018-12-17,RAV4,53771.52,4.86,Completed
383554,3,2018-12-06,Tacoma,55945.83,5.69,Completed
383555,16,2018-12-18,Corolla,36469.56,6.06,Completed
383556,10,2018-12-14,Prius,30125.83,4.88,Completed
383557,10,2018-12-14,Corolla,24343.21,4.88,Completed
383558,14,2018-12-16,Tundra,52266.7,5.1,Completed
383559,4,2018-12-12,Sienna,44722.79,3.81,Completed
383560,20,2018-12-22,Sienna,61194.89,5.77,Completed
383561,17,2018-12-07,Sienna,37898.97,4.51,Completed
383562,11,2018-12-08,Tundra,40014.7,4.16,Completed
383563,13,2018-12-19,Highlander,75714.94,5.61,Completed
383564,2,2018-12-06,Highlander,61790.38,4.0,Completed
383565,4,2018-12-07,Camry,34998.47,3.81,Completed
383566,18,2018-12-22,Corolla,35636.66,5.68,Completed
383567,15,2018-12-13,Highlander,74971.7,4.86,Completed
383568,5,2018-12-06,Prius,30769.96,5.34,Completed
383569,18,2018-12-25,Sienna,66188.39,5.68,Completed
383570,4,2018-12-17,Tacoma,34361.08,3.81,Completed
383571,9,2018-12-17,Corolla,25148.45,4.4,Completed
383572,15,2018-12-15,Prius,35655.84,4.86,Completed
383573,11,2018-12-16,Tacoma,36003.05,4.16,Completed
383574,13,2018-12-31,Tacoma,57696.48,5.61,Completed
383575,1,2018-12-20,Sienna,51709.31,5.24,Completed
383576,19,2018-12-01,Tundra,53111.06,5.48,Completed
383577,19,2018-12-03,Tundra,50849.38,5.48,Completed
383578,19,2018-12-23,Corolla,27513.83,5.48,Completed
383579,17,2018-12-06,Tacoma,32873.93,4.51,Completed
383580,17,2018-12-16,Prius,27866.99,4.51,Completed
383581,7,2018-12-31,RAV4,55945.56,5.39,Completed
383582,1,2018-12-10,Highlander,57526.11,5.24,Completed
383583,19,2018-12-01,Corolla,28355.03,5.48,Completed
383584,6,2018-12-24,Camry,31322.49,3.86,Completed
383585,12,2018-12-07,Prius,39462.03,5.65,Completed
383586,2,2018-12-21,Highlander,54212.8,4.0,Completed
383587,15,2018-12-28,Camry,43571.64,4.86,Completed
383588,10,2018-12-06,Camry,38173.28,4.88,Completed
383589,17,2018-12-13,Tacoma,34221.6,4.51,Completed
383590,15,2018-12-03,RAV4,48704.81,4.86,Completed
383591,15,2018-12-01,Camry,45472.31,4.86,Completed
383592,15,2018-12-19,Sienna,55306.81,4.86,Completed
383593,13,2018-12-22,Highlander,87073.35,5.61,Completed
383594,11,2018-12-20,Prius,28574.95,4.16,Completed
383595,10,2018-12-17,Sienna,47410.74,4.88,Completed
383596,11,2018-12-10,Sienna,41299.04,4.16,Completed
383597,20,2018-12-30,Highlander,82822.07,5.77,Completed
383598,3,2018-12-06,Corolla,38275.62,5.69,Completed
383599,10,2018-12-02,Tacoma,36172.21,4.88,Completed
383600,20,2018-12-24,RAV4,52227.38,5.77,Completed
383601,5,2018-12-06,Tundra,51736.82,5.34,Completed
383602,2,2018-12-04,Sienna,49855.67,4.0,Completed
383603,14,2018-12-14,Camry,47647.37,5.1,Completed
383604,19,2018-12-01,Camry,36935.17,5.48,Completed
383605,7,2018-12-02,Highlander,74839.04,5.39,Completed
383606,19,2018-12-24,Prius,35545.92,5.48,Completed
383607,6,2018-12-01,Prius,26598.44,3.86,Completed
383608,9,2018-12-14,Highlander,56547.5,4.4,Completed
383609,16,2018-12-09,RAV4,61401.05,6.06,Completed
383610,11,2018-12-26,Tacoma,40087.26,4.16,Completed
383611,19,2018-12-18,Prius,33312.1,5.48,Completed
383612,9,2018-12-04,Highlander,55378.71,4.4,Completed
383613,5,2018-12-16,Sienna,54835.65,5.34,Completed
383614,7,2018-12-19,Tacoma,49637.45,5.39,Completed
383615,12,2018-12-10,Corolla,35716.09,5.65,Completed
383616,10,2018-12-20,Corolla,24854.67,4.88,Completed
383617,5,2018-12-28,Sienna,55121.42,5.34,Completed
383618,3,2018-12-02,Sienna,64117.95,5.69,Completed
383619,18,2018-12-16,Highlander,79682.07,5.68,Completed
383620,13,2018-12-23,Camry,45179.41,5.61,Completed
383621,3,2018-12-10,Corolla,37681.57,5.69,Completed
383622,2,2018-12-17,Camry,33018.96,4.0,Cancelled
383623,1,2018-12-09,RAV4,45479.6,5.24,Completed
383624,6,2018-12-10,Tacoma,37470.97,3.86,Completed
383625,19,2018-12-10,RAV4,43584.46,5.48,Completed
383626,8,2018-12-21,Camry,44845.02,5.84,Completed
383627,12,2018-12-16,Camry,46992.26,5.65,Completed
383628,11,2018-12-01,Corolla,26667.31,4.16,Completed
383629,15,2018-12-30,Prius,40829.38,4.86,Completed
383630,19,2018-12-08,Prius,31011.38,5.48,Completed
383631,12,2018-12-07,Sienna,63854.24,5.65,Completed
383632,4,2018-12-23,Corolla,23194.68,3.81,Completed
383633,16,2018-12-06,Sienna,55688.01,6.06,Completed
383634,6,2018-12-10,RAV4,38441.54,3.86,Completed
383635,9,2018-12-28,Highlander,58958.26,4.4,Completed
383636,3,2018-12-19,Corolla,35160.68,5.69,Completed
383637,10,2018-12-01,Sienna,41243.88,4.88,Completed
383638,9,2018-12-15,RAV4,41771.58,4.4,Completed
383639,3,2018-12-03,Tundra,66367.72,5.69,Completed
383640,7,2018-12-07,Tundra,60961.48,5.39,Completed
383641,10,2018-12-30,Tacoma,39425.49,4.88,Completed
383642,2,2018-12-17,Sienna,41713.47,4.0,Completed
383643,8,2018-12-18,Camry,47983.58,5.84,Completed
383644,12,2018-12-23,Tundra,64227.34,5.65,Completed
383645,7,2018-12-29,Sienna,62515.2,5.39,Completed
383646,10,2018-12-09,Highlander,58292.37,4.88,Completed
383647,3,2018-12-04,Camry,48213.98,5.69,Completed
383648,4,2018-12-27,Tacoma,34737.28,3.81,Completed
383649,3,2018-12-17,RAV4,58114.37,5.69,Completed
383650,6,2018-12-11,Corolla,25600.81,3.86,Completed
383651,18,2018-12-12,Tacoma,50721.04,5.68,Completed
383652,11,2018-12-13,Prius,28310.31,4.16,Completed
383653,13,2018-12-12,Highlander,78962.3,5.61,Completed
383654,3,2018-12-25,Tacoma,54376.44,5.69,Completed
383655,17,2018-12-30,Corolla,21696.69,4.51,Completed
383656,20,2018-12-27,Highlander,76118.85,5.77,Completed
383657,12,2018-12-08,Tundra,56043.35,5.65,Completed
383658,12,2018-12-23,Tacoma,46081.39,5.65,Completed
383659,7,2018-12-08,Highlander,84472.23,5.39,Completed
383660,19,2018-12-23,Camry,44532.79,5.48,Completed
383661,3,2018-12-10,Corolla,34407.21,5.69,Completed
383662,12,2018-12-10,Tundra,59094.84,5.65,Completed
383663,3,2018-12-08,Highlander,84965.04,5.69,Completed
383664,19,2018-12-13,Highlander,64609.68,5.48,Completed
383665,10,2018-12-19,Corolla,24879.93,4.88,Completed
383666,2,2018-12-05,Highlander,62101.12,4.0,Completed
383667,10,2018-12-31,Highlander,60007.32,4.88,Completed
383668,3,2018-12-22,Highlander,76931.73,5.69,Completed
383669,13,2018-12-08,Prius,41866.26,5.61,Completed
383670,13,2018-12-16,Prius,37115.66,5.61,Completed
383671,18,2018-12-26,Prius,44679.73,5.68,Completed
383672,7,2018-12-27,Prius,39048.58,5.39,Completed
383673,14,2018-12-31,Tacoma,45942.37,5.1,Completed
383674,9,2018-12-23,RAV4,43149.76,4.4,Completed
383675,15,2018-12-21,Camry,44443.91,4.86,Completed
383676,3,2018-12-06,Prius,41286.47,5.69,Completed
383677,14,2018-12-22,Tundra,57646.18,5.1,Completed
383678,16,2018-12-04,Prius,40486.62,6.06,Completed
383679,5,2018-12-25,Tacoma,46570.39,5.34,Completed
383680,15,2018-12-25,Tundra,64920.81,4.86,Completed
383681,7,2018-12-30,Prius,41602.14,5.39,Completed
383682,15,2018-12-08,Prius,38254.57,4.86,Completed
383683,6,2018-12-30,Prius,30190.95,3.86,Completed
383684,11,2018-12-29,Camry,33933.73,4.16,Completed
383685,5,2018-12-08,Camry,39358.31,5.34,Completed
383686,13,2018-12-16,RAV4,55241.48,5.61,Completed
383687,18,2018-12-11,Camry,46343.74,5.68,Completed
383688,6,2018-12-03,Highlander,50081.05,3.86,Completed
383689,19,2018-12-18,Tacoma,42918.05,5.48,Pending
383690,7,2018-12-24,Prius,41143.71,5.39,Completed
383691,20,2018-12-06,Sienna,62250.72,5.77,Completed
383692,3,2018-12-19,Camry,49813.94,5.69,Completed
383693,18,2018-12-06,Camry,50324.02,5.68,Completed
383694,4,2018-12-19,Sienna,44006.11,3.81,Completed
383695,13,2018-12-02,Tundra,67362.06,5.61,Completed
383696,17,2018-12-14,RAV4,35781.32,4.51,Completed
383697,13,2018-12-07,Tacoma,50473.9,5.61,Completed
383698,5,2018-12-26,Sienna,53856.93,5.34,Completed
383699,6,2018-12-21,Highlander,59268.3,3.86,Completed
383700,17,2018-12-06,RAV4,40764.93,4.51,Completed
383701,12,2018-12-31,Corolla,35800.01,5.65,Completed
383702,7,2018-12-24,Prius,39695.59,5.39,Completed
383703,6,2018-12-13,Prius,25441.72,3.86,Completed
383704,16,2018-12-17,RAV4,51207.47,6.06,Completed
383705,7,2018-12-16,Camry,47712.42,5.39,Completed
383706,12,2018-12-13,RAV4,58312.48,5.65,Completed
383707,9,2018-12-05,Camry,31313.53,4.4,Cancelled
383708,18,2018-12-13,Prius,40833.13,5.68,Completed
383709,4,2018-12-05,RAV4,40144.74,3.81,Completed
383710,3,2018-12-05,Highlander,74778.06,5.69,Completed
383711,16,2018-12-02,Tacoma,52609.09,6.06,Cancelled
383712,12,2018-12-30,Camry,42161.11,5.65,Completed
383713,6,2018-12-23,Tacoma,33185.66,3.86,Completed
383714,14,2018-12-17,RAV4,55121.84,5.1,Completed
383715,15,2018-12-08,Tacoma,52256.81,4.86,Completed
383716,15,2018-12-06,Prius,38573.37,4.86,Completed
383717,3,2018-12-04,Camry,48139.32,5.69,Completed
383718,3,2018-12-23,Sienna,66257.64,5.69,Completed
383719,9,2018-12-03,Sienna,44010.26,4.4,Completed
383720,6,2018-12-06,Tacoma,37153.02,3.86,Completed
383721,19,2018-12-19,Tacoma,41494.31,5.48,Completed
383722,15,2018-12-29,Highlander,72233.85,4.86,Completed
383723,11,2018-12-27,Tacoma,34021.11,4.16,Completed
383724,19,2018-12-13,Camry,38950.89,5.48,Completed
383725,17,2018-12-01,Tundra,45336.27,4.51,Completed
383726,9,2018-12-21,Prius,28416.24,4.4,Completed
383727,18,2018-12-28,Sienna,65857.58,5.68,Completed
383728,18,2018-12-30,Tacoma,51906.97,5.68,Completed
383729,5,2018-12-16,Tundra,47607.13,5.34,Completed
383730,20,2018-12-19,Tacoma,46794.29,5.77,Completed
383731,14,2018-12-06,Sienna,55795.57,5.1,Completed
383732,13,2018-12-03,RAV4,56413.71,5.61,Completed
383733,7,2018-12-25,Tundra,59426.39,5.39,Completed
383734,13,2018-12-07,Prius,43180.89,5.61,Completed
383735,16,2018-12-15,RAV4,55119.42,6.06,Completed
383736,11,2018-12-19,Highlander,53127.2,4.16,Completed
383737,19,2018-12-28,Tacoma,42006.73,5.48,Completed
383738,17,2018-12-21,Camry,30542.32,4.51,Completed
383739,13,2018-12-20,Sienna,68490.85,5.61,Completed
383740,2,2018-12-06,Corolla,26544.26,4.0,Completed
383741,6,2018-12-17,RAV4,39464.89,3.86,Completed
383742,18,2018-12-11,RAV4,64065.78,5.68,Completed
383743,18,2018-12-17,Sienna,63676.82,5.68,Completed
383744,18,2018-12-21,Sienna,57998.89,5.68,Completed
383745,3,2018-12-31,Sienna,66050.39,5.69,Completed
383746,10,2018-12-03,Camry,32094.09,4.88,Completed
383747,14,2018-12-13,Prius,37188.81,5.1,Completed
383748,17,2018-12-17,Corolla,25600.23,4.51,Cancelled
383749,1,2018-12-11,Sienna,45943.07,5.24,Completed
383750,12,2018-12-31,Prius,38639.06,5.65,Completed
383751,11,2018-12-31,Camry,33445.04,4.16,Completed
383752,3,2018-12-01,Tundra,66721.23,5.69,Completed
383753,5,2018-12-27,Tacoma,39220.15,5.34,Completed
383754,14,2018-12-06,Sienna,62889.92,5.1,Completed
383755,13,2018-12-05,Tundra,67446.65,5.61,Completed
383756,11,2018-12-16,Camry,33136.67,4.16,Completed
383757,14,2018-12-30,Corolla,33296.16,5.1,Completed
383758,7,2018-12-28,Camry,45106.25,5.39,Completed
383759,4,2018-12-01,Prius,27912.15,3.81,Completed
383760,13,2018-12-08,Corolla,33038.73,5.61,Completed
383761,14,2018-12-02,Highlander,66846.1,5.1,Completed
383762,12,2018-12-18,Camry,43048.31,5.65,Completed
383763,15,2018-12-02,Tacoma,46305.88,4.86,Completed
383764,10,2018-12-16,Sienna,45080.7,4.88,Completed
383765,11,2018-12-31,Tundra,45770.28,4.16,Completed
383766,18,2018-12-07,Corolla,38867.2,5.68,Completed
383767,10,2018-12-24,RAV4,43197.19,4.88,Completed
383768,11,2018-12-25,Sienna,40053.82,4.16,Completed
383769,8,2018-12-23,Corolla,34576.21,5.84,Completed
383770,10,2018-12-29,Highlander,58769.4,4.88,Completed
383771,5,2018-12-12,Corolla,28097.48,5.34,Completed
383772,14,2018-12-23,RAV4,50652.03,5.1,Completed
383773,19,2018-12-06,Highlander,64044.4,5.48,Completed
383774,16,2018-12-16,Tacoma,46826.82,6.06,Completed
383775,5,2018-12-23,RAV4,48966.9,5.34,Completed
383776,5,2018-12-07,Tacoma,46006.37,5.34,Completed
383777,20,2018-12-14,Highlander,80915.24,5.77,Completed
383778,4,2018-12-13,Tacoma,37307.44,3.81,Completed
383779,6,2018-12-03,Corolla,22775.59,3.86,Completed
383780,5,2018-12-09,Highlander,65668.04,5.34,Completed
383781,17,2018-12-01,Prius,25593.09,4.51,Completed
383782,8,2018-12-27,Camry,42322.8,5.84,Completed
383783,3,2018-12-15,Prius,43811.05,5.69,Completed
383784,13,2018-12-22,Camry,52292.1,5.61,Completed
383785,4,2018-12-12,Sienna,40861.78,3.81,Completed
383786,15,2018-12-22,Corolla,35400.41,4.86,Completed
383787,6,2018-12-27,Highlander,49970.02,3.86,Completed
383788,20,2018-12-04,Prius,40800.3,5.77,Completed
383789,11,2018-12-31,Camry,37420.36,4.16,Completed
383790,17,2018-12-31,Sienna,45401.42,4.51,Completed
383791,16,2018-12-21,Camry,50887.36,6.06,Completed
383792,3,2018-12-29,Tundra,58216.33,5.69,Completed
383793,7,2018-12-24,Highlander,76873.15,5.39,Completed
383794,13,2018-12-11,Sienna,67944.2,5.61,Completed
383795,11,2018-12-29,Highlander,53790.79,4.16,Completed
383796,19,2018-12-20,RAV4,49208.89,5.48,Pending
383797,10,2018-12-12,Camry,31665.48,4.88,Completed
383798,12,2018-12-21,Tundra,61747.88,5.65,Completed
383799,5,2018-12-23,Prius,31451.0,5.34,Completed
383800,6,2018-12-15,Sienna,43084.0,3.86,Completed
383801,3,2018-12-16,Sienna,59604.9,5.69,Completed
383802,4,2018-12-07,Tacoma,33180.22,3.81,Completed
383803,14,2018-12-31,Sienna,55508.52,5.1,Completed
383804,15,2018-12-29,Corolla,32436.68,4.86,Completed
383805,12,2018-12-08,RAV4,58493.35,5.65,Completed
383806,1,2018-12-02,Corolla,27537.45,5.24,Completed
383807,7,2018-12-09,Tundra,56301.18,5.39,Completed
383808,7,2018-12-13,Sienna,59597.1,5.39,Completed
383809,8,2018-12-23,Corolla,34279.24,5.84,Completed
383810,5,2018-12-11,Corolla,31098.03,5.34,Completed
383811,5,2018-12-11,Prius,36078.66,5.34,Completed
383812,12,2018-12-26,Highlander,82180.66,5.65,Completed
383813,5,2018-12-27,Camry,42475.34,5.34,Completed
383814,8,2018-12-28,Camry,43354.24,5.84,Completed
383815,2,2018-12-21,Tacoma,36663.2,4.0,Pending
383816,6,2018-12-31,Prius,25478.28,3.86,Completed
383817,16,2018-12-13,Corolla,32145.44,6.06,Completed
383818,6,2018-12-08,Camry,33970.79,3.86,Completed
383819,5,2018-12-13,Sienna,53395.71,5.34,Completed
383820,15,2018-12-17,Tundra,56781.6,4.86,Completed
383821,2,2018-12-26,Camry,32765.38,4.0,Completed
383822,3,2018-12-17,Tundra,61516.92,5.69,Completed
383823,12,2018-12-12,Tundra,60374.07,5.65,Completed
383824,14,2018-12-07,Highlander,67854.91,5.1,Completed
383825,17,2018-12-08,Corolla,25246.37,4.51,Completed
383826,17,2018-12-28,Highlander,57680.44,4.51,Completed
383827,17,2018-12-16,Corolla,22974.43,4.51,Pending
383828,3,2018-12-26,Sienna,61593.59,5.69,Completed
383829,18,2018-12-21,Tundra,67753.22,5.68,Completed
383830,6,2018-12-20,Camry,33420.44,3.86,Completed
383831,10,2018-12-25,RAV4,44722.36,4.88,Completed
383832,9,2018-12-14,Sienna,42634.8,4.4,Completed
383833,13,2018-12-20,Sienna,60832.45,5.61,Completed
383834,1,2018-12-09,Highlander,62159.86,5.24,Completed
383835,19,2018-12-02,RAV4,45783.19,5.48,Completed
383836,18,2018-12-14,Tacoma,49310.56,5.68,Completed
383837,10,2018-12-13,Sienna,42322.05,4.88,Completed
383838,3,2018-12-01,RAV4,61118.63,5.69,Completed
383839,7,2018-12-18,Corolla,35843.5,5.39,Completed
383840,8,2018-12-15,Highlander,74267.4,5.84,Completed
383841,7,2018-12-24,Camry,49041.84,5.39,Completed
383842,20,2018-12-21,Corolla,33066.38,5.77,Completed
383843,11,2018-12-11,Tacoma,38090.09,4.16,Completed
383844,10,2018-12-23,Camry,34253.93,4.88,Completed
383845,10,2018-12-25,Prius,27654.92,4.88,Completed
383846,1,2018-12-23,Tacoma,38169.95,5.24,Completed
383847,14,2018-12-12,Sienna,51727.63,5.1,Completed
383848,6,2018-12-21,Prius,27790.29,3.86,Completed
383849,3,2018-12-15,Tacoma,52997.29,5.69,Completed
383850,4,2018-12-18,Corolla,21526.55,3.81,Completed
383851,10,2018-12-29,Camry,36358.69,4.88,Completed
383852,7,2018-12-08,Prius,40433.77,5.39,Completed
383853,1,2018-12-21,RAV4,44012.6,5.24,Cancelled
383854,5,2018-12-28,Camry,41226.27,5.34,Completed
383855,19,2018-12-11,Corolla,31059.23,5.48,Completed
383856,16,2018-12-12,RAV4,60318.44,6.06,Completed
383857,10,2018-12-24,Sienna,48563.65,4.88,Completed
383858,7,2018-12-29,Highlander,72817.08,5.39,Completed
383859,2,2018-12-19,Prius,30647.68,4.0,Completed
383860,16,2018-12-17,Tacoma,50234.83,6.06,Completed
383861,3,2018-12-07,Camry,50268.77,5.69,Completed
383862,15,2018-12-09,Tundra,64556.89,4.86,Completed
383863,15,2018-12-26,Tacoma,54359.18,4.86,Completed
383864,12,2018-12-14,Camry,48660.65,5.65,Completed
383865,18,2018-12-25,Tundra,61897.4,5.68,Completed
383866,14,2018-12-13,Corolla,30722.33,5.1,Completed
383867,6,2018-12-05,RAV4,36899.98,3.86,Completed
383868,16,2018-12-04,Camry,51251.5,6.06,Completed
383869,9,2018-12-21,Tundra,40587.14,4.4,Completed
383870,9,2018-12-09,Camry,34697.5,4.4,Completed
383871,15,2018-12-02,Tundra,64178.11,4.86,Completed
383872,1,2018-12-06,Prius,30047.74,5.24,Completed
383873,17,2018-12-29,Tacoma,34229.16,4.51,Completed
383874,18,2018-12-04,Camry,54302.83,5.68,Completed
383875,3,2018-12-25,Highlander,77090.47,5.69,Completed
383876,8,2018-12-21,RAV4,54738.21,5.84,Completed
383877,13,2018-12-11,RAV4,60797.08,5.61,Completed
383878,18,2018-12-19,Highlander,84844.22,5.68,Cancelled
383879,16,2018-12-01,Prius,41319.85,6.06,Pending
383880,8,2018-12-17,Tacoma,50123.34,5.84,Completed
383881,4,2018-12-10,Highlander,51370.29,3.81,Completed
383882,17,2018-12-19,Sienna,38659.13,4.51,Completed
383883,6,2018-12-08,Tacoma,36842.89,3.86,Completed
383884,14,2018-12-28,Prius,40655.58,5.1,Completed
383885,10,2018-12-17,Tacoma,34356.21,4.88,Completed
383886,15,2018-12-25,Tundra,56364.1,4.86,Completed
383887,5,2018-12-19,Corolla,30800.22,5.34,Pending
383888,13,2018-12-08,Camry,44050.38,5.61,Completed
383889,16,2018-12-18,Tacoma,51001.09,6.06,Completed
383890,18,2018-12-22,RAV4,53061.81,5.68,Completed
383891,8,2018-12-25,Tundra,57198.23,5.84,Completed
383892,14,2018-12-29,Highlander,67255.21,5.1,Cancelled
383893,13,2018-12-14,Prius,39656.62,5.61,Completed
383894,7,2018-12-12,Sienna,58388.53,5.39,Completed
383895,4,2018-12-04,Camry,35208.86,3.81,Completed
383896,9,2018-12-29,Highlander,59705.58,4.4,Completed
383897,3,2018-12-20,Camry,44131.81,5.69,Completed
383898,20,2018-12-03,RAV4,50448.82,5.77,Completed
383899,8,2018-12-17,RAV4,56331.85,5.84,Completed
383900,13,2018-12-10,Highlander,80738.68,5.61,Completed
383901,19,2018-12-21,Prius,31614.84,5.48,Completed
383902,6,2018-12-06,RAV4,35740.28,3.86,Completed
383903,11,2018-12-07,Camry,33493.01,4.16,Completed
383904,10,2018-12-09,Sienna,49037.51,4.88,Completed
383905,18,2018-12-24,Tundra,69804.64,5.68,Pending
383906,10,2018-12-03,RAV4,41028.84,4.88,Completed
383907,18,2018-12-31,Tacoma,57691.14,5.68,Completed
383908,6,2018-12-20,Tundra,40500.12,3.86,Completed
383909,11,2018-12-10,Prius,26556.47,4.16,Completed
383910,13,2018-12-31,Prius,40668.14,5.61,Completed
383911,16,2018-12-20,Sienna,65384.98,6.06,Completed
383912,15,2018-12-21,RAV4,49150.01,4.86,Completed
383913,5,2018-12-17,Tacoma,42277.86,5.34,Completed
383914,12,2018-12-15,Camry,49732.06,5.65,Completed
383915,17,2018-12-04,Prius,25339.35,4.51,Completed
383916,7,2018-12-02,Corolla,32729.42,5.39,Completed
383917,4,2018-12-13,Tundra,44640.27,3.81,Completed
383918,8,2018-12-01,Highlander,74079.98,5.84,Completed
383919,2,2018-12-28,Tacoma,35079.96,4.0,Completed
383920,6,2018-12-20,Prius,27840.43,3.86,Completed
383921,12,2018-12-24,Highlander,74567.51,5.65,Completed
383922,20,2018-12-28,Prius,38262.57,5.77,Cancelled
383923,17,2018-12-24,Highlander,52311.81,4.51,Completed
383924,10,2018-12-03,Corolla,25318.33,4.88,Completed
383925,14,2018-12-15,Sienna,56687.85,5.1,Completed
383926,12,2018-12-15,Corolla,32627.79,5.65,Completed
383927,18,2018-12-01,Tacoma,51634.07,5.68,Completed
383928,18,2018-12-12,Camry,50563.16,5.68,Completed
383929,5,2018-12-01,Tundra,52741.09,5.34,Completed
383930,16,2018-12-22,Prius,42285.19,6.06,Completed
383931,13,2018-12-11,Camry,46075.92,5.61,Completed
383932,11,2018-12-07,Sienna,40569.06,4.16,Completed
383933,8,2018-12-21,Prius,39537.06,5.84,Completed
383934,7,2018-12-05,Corolla,32250.11,5.39,Completed
383935,16,2018-12-26,Corolla,33649.51,6.06,Completed
383936,16,2018-12-08,RAV4,52674.64,6.06,Completed
383937,11,2018-12-16,Sienna,40087.66,4.16,Completed
383938,3,2018-12-13,RAV4,58640.67,5.69,Completed
383939,20,2018-12-08,RAV4,53097.58,5.77,Completed
383940,20,2018-12-06,Corolla,34107.34,5.77,Completed
383941,2,2018-12-11,Highlander,52760.86,4.0,Completed
383942,4,2018-12-22,Tacoma,33399.79,3.81,Completed
383943,15,2018-12-11,Sienna,62632.35,4.86,Completed
383944,11,2018-12-26,Camry,37505.56,4.16,Pending
383945,3,2018-12-31,Tundra,56578.32,5.69,Completed
383946,5,2018-12-18,Tundra,50519.55,5.34,Completed
383947,16,2018-12-11,Tundra,62365.24,6.06,Completed
383948,19,2018-12-05,Corolla,31663.15,5.48,Completed
383949,2,2018-12-23,Sienna,42737.61,4.0,Completed
383950,15,2018-12-02,Prius,37165.42,4.86,Completed
383951,10,2018-12-19,Corolla,26289.57,4.88,Pending
383952,7,2018-12-29,Corolla,38303.45,5.39,Completed
383953,19,2018-12-13,Corolla,30592.68,5.48,Completed
383954,20,2018-12-29,Camry,46998.28,5.77,Completed
383955,15,2018-12-28,Camry,41778.53,4.86,Completed
383956,6,2018-12-22,Camry,35972.37,3.86,Completed
383957,5,2018-12-26,Highlander,67140.5,5.34,Completed
383958,11,2018-12-08,Tacoma,33559.21,4.16,Completed
383959,11,2018-12-06,Tundra,48179.9,4.16,Completed
383960,19,2018-12-06,Corolla,29315.19,5.48,Completed
383961,13,2018-12-21,RAV4,58676.0,5.61,Completed
383962,4,2018-12-20,Tundra,42080.17,3.81,Completed
383963,10,2018-12-31,Prius,28325.52,4.88,Cancelled
383964,4,2018-12-26,Corolla,25920.84,3.81,Completed
383965,17,2018-12-12,Tundra,39628.64,4.51,Completed
383966,16,2018-12-02,Prius,37133.47,6.06,Completed
383967,3,2018-12-03,Corolla,32738.07,5.69,Completed
383968,18,2018-12-05,Highlander,83333.61,5.68,Completed
383969,1,2018-12-21,Tacoma,41153.3,5.24,Completed
383970,19,2018-12-27,Tundra,49144.56,5.48,Completed
383971,6,2018-12-03,Sienna,44271.28,3.86,Completed
383972,7,2018-12-02,Camry,45882.33,5.39,Completed
383973,6,2018-12-21,Highlander,54867.9,3.86,Cancelled
383974,10,2018-12-04,Camry,37408.83,4.88,Completed
383975,16,2018-12-12,Tacoma,47136.96,6.06,Pending
383976,1,2018-12-21,Tacoma,45316.05,5.24,Completed
383977,11,2018-12-27,RAV4,38443.57,4.16,Completed
383978,19,2018-12-23,Sienna,49883.36,5.48,Completed
383979,13,2018-12-31,Tacoma,57578.96,5.61,Completed
383980,4,2018-12-26,Sienna,38687.34,3.81,Completed
383981,12,2018-12-25,Tundra,60995.9,5.65,Completed
383982,4,2018-12-22,Tacoma,34045.29,3.81,Completed
383983,15,2018-12-15,Camry,41809.26,4.86,Completed
383984,8,2018-12-30,Tundra,55331.25,5.84,Completed
383985,12,2018-12-23,Prius,36087.71,5.65,Completed
383986,13,2018-12-03,Highlander,84072.44,5.61,Completed
383987,2,2018-12-16,RAV4,40283.67,4.0,Completed
383988,13,2018-12-23,Tundra,67986.88,5.61,Completed
383989,15,2018-12-31,Corolla,36608.43,4.86,Completed
383990,18,2018-12-02,Corolla,36839.43,5.68,Completed
383991,2,2018-12-03,Prius,31089.58,4.0,Completed
383992,1,2018-12-16,RAV4,47610.23,5.24,Completed
383993,14,2018-12-25,Sienna,58822.94,5.1,Completed
383994,7,2018-12-22,Sienna,63047.62,5.39,Completed
383995,9,2018-12-14,Tundra,43755.52,4.4,Completed
383996,4,2018-12-14,Camry,34497.08,3.81,Completed
383997,14,2018-12-11,Tundra,62703.37,5.1,Cancelled
383998,13,2018-12-05,Highlander,76034.47,5.61,Completed
383999,19,2018-12-16,Sienna,51014.02,5.48,Completed
384000,16,2018-12-09,Sienna,63331.85,6.06,Completed
384001,13,2018-12-17,Tundra,66766.61,5.61,Completed
384002,4,2018-12-17,Sienna,39291.15,3.81,Completed
384003,12,2018-12-01,Camry,46055.66,5.65,Completed
384004,5,2018-12-23,Prius,33973.06,5.34,Completed
384005,3,2018-12-24,Prius,44427.86,5.69,Completed
384006,3,2018-12-17,Corolla,37865.44,5.69,Pending
384007,9,2018-12-16,RAV4,41513.56,4.4,Completed
384008,12,2018-12-22,Camry,49838.92,5.65,Completed
384009,18,2018-12-06,RAV4,58800.31,5.68,Completed
384010,13,2018-12-02,Corolla,35457.11,5.61,Completed
384011,18,2018-12-02,Tacoma,51947.7,5.68,Pending
384012,12,2018-12-02,Corolla,30863.98,5.65,Completed
384013,15,2018-12-24,Prius,36554.09,4.86,Completed
384014,12,2018-12-05,Prius,41580.14,5.65,Completed
384015,4,2018-12-13,Highlander,47874.1,3.81,Completed
384016,7,2018-12-06,Highlander,83249.21,5.39,Completed
384017,20,2018-12-01,RAV4,53771.11,5.77,Completed
384018,9,2018-12-05,RAV4,40559.73,4.4,Pending
384019,1,2018-12-17,Tacoma,44792.11,5.24,Completed
384020,3,2018-12-29,RAV4,59204.74,5.69,Completed
384021,10,2018-12-28,Sienna,46615.07,4.88,Completed
384022,7,2018-12-02,RAV4,52090.89,5.39,Completed
384023,2,2018-12-13,Tundra,44594.24,4.0,Completed
384024,1,2018-12-21,Sienna,53606.73,5.24,Completed
384025,6,2018-12-16,Tundra,43626.24,3.86,Pending
384026,16,2018-12-22,Prius,42786.31,6.06,Completed
384027,4,2018-12-02,Tundra,43787.46,3.81,Completed
384028,4,2018-12-12,Camry,34805.58,3.81,Completed
384029,12,2018-12-09,Camry,47009.32,5.65,Completed
384030,3,2018-12-06,Sienna,64022.94,5.69,Completed
384031,1,2018-12-03,Sienna,47998.46,5.24,Completed
384032,18,2018-12-23,Camry,54498.34,5.68,Completed
384033,10,2018-12-04,Tacoma,39619.02,4.88,Completed
384034,18,2018-12-24,Sienna,60510.28,5.68,Completed
384035,19,2018-12-10,Highlander,61687.69,5.48,Completed
384036,8,2018-12-08,Highlander,75919.68,5.84,Completed
384037,7,2018-12-20,Highlander,73899.59,5.39,Completed
384038,3,2018-12-20,Tacoma,48652.89,5.69,Completed
384039,10,2018-12-01,Highlander,54190.94,4.88,Completed
384040,1,2018-12-12,Sienna,53698.76,5.24,Completed
384041,17,2018-12-15,Tundra,39957.7,4.51,Completed
384042,6,2018-12-31,Sienna,45395.18,3.86,Completed
384043,7,2018-12-26,RAV4,58194.06,5.39,Completed
384044,15,2018-12-07,Tundra,56066.7,4.86,Completed
384045,3,2018-12-21,RAV4,62418.43,5.69,Completed
384046,5,2018-12-10,Corolla,28362.66,5.34,Completed
384047,5,2018-12-29,Tundra,50616.95,5.34,Completed
384048,18,2018-12-03,Corolla,35851.61,5.68,Completed
384049,10,2018-12-13,Camry,31659.24,4.88,Completed
384050,14,2018-12-14,Highlander,79121.6,5.1,Completed
384051,1,2018-12-06,Sienna,53080.72,5.24,Completed
384052,13,2018-12-31,Highlander,72455.39,5.61,Completed
384053,3,2018-12-04,Highlander,80126.38,5.69,Completed
384054,16,2018-12-04,Camry,47172.5,6.06,Completed
384055,11,2018-12-17,Tundra,42782.84,4.16,Completed
384056,16,2018-12-16,Highlander,73160.14,6.06,Completed
384057,6,2018-12-20,Highlander,56509.52,3.86,Completed
384058,4,2018-12-08,Corolla,23072.76,3.81,Completed
384059,5,2018-12-18,Camry,36445.96,5.34,Completed
384060,2,2018-12-22,Camry,35005.48,4.0,Completed
384061,6,2018-12-14,Highlander,55671.45,3.86,Completed
384062,16,2018-12-26,Corolla,34988.89,6.06,Pending
384063,16,2018-12-25,Tundra,63619.37,6.06,Completed
384064,18,2018-12-27,Highlander,85737.56,5.68,Completed
384065,1,2018-12-25,Tacoma,42173.49,5.24,Completed
384066,19,2018-12-06,RAV4,49651.57,5.48,Completed
384067,5,2018-12-17,Camry,40399.33,5.34,Pending
384068,19,2018-12-29,Tundra,47415.1,5.48,Completed
384069,1,2018-12-04,Prius,29634.29,5.24,Completed
384070,14,2018-12-23,Prius,35503.12,5.1,Completed
384071,10,2018-12-04,Tundra,41098.53,4.88,Completed
384072,19,2018-12-01,Tundra,52178.19,5.48,Completed
384073,10,2018-12-06,Prius,27316.36,4.88,Completed
384074,3,2018-12-30,Highlander,75776.39,5.69,Completed
384075,3,2018-12-22,RAV4,55381.78,5.69,Completed
384076,13,2018-12-19,Sienna,61151.16,5.61,Completed
384077,4,2018-12-13,Prius,27218.6,3.81,Completed
384078,6,2018-12-26,Tacoma,33916.95,3.86,Completed
384079,7,2018-12-31,Sienna,55286.92,5.39,Completed
384080,10,2018-12-04,Highlander,58338.59,4.88,Completed
384081,14,2018-12-26,Corolla,33811.2,5.1,Completed
384082,3,2018-12-26,RAV4,58027.88,5.69,Completed
384083,4,2018-12-24,Prius,24306.92,3.81,Completed
384084,3,2018-12-20,Tacoma,51391.88,5.69,Completed
384085,17,2018-12-21,Tacoma,32396.8,4.51,Completed
384086,7,2018-12-12,RAV4,52528.46,5.39,Completed
384087,8,2018-12-07,Sienna,64218.56,5.84,Completed
384088,1,2018-12-26,Highlander,57926.1,5.24,Completed
384089,3,2018-12-17,Tundra,64685.67,5.69,Completed
384090,12,2018-12-14,Camry,50084.55,5.65,Completed
384091,15,2018-12-12,Tundra,56555.39,4.86,Completed
384092,15,2018-12-07,Tacoma,46660.85,4.86,Completed
384093,5,2018-12-19,Corolla,27454.25,5.34,Completed
384094,9,2018-12-01,Highlander,50787.13,4.4,Completed
384095,14,2018-12-16,Corolla,32754.7,5.1,Completed
384096,17,2018-12-08,Corolla,22217.92,4.51,Pending
384097,2,2018-12-22,Sienna,48434.64,4.0,Completed
384098,11,2018-12-31,Highlander,50803.4,4.16,Completed
384099,1,2018-12-02,Corolla,26582.89,5.24,Completed
384100,20,2018-12-05,Tundra,65954.96,5.77,Completed
384101,15,2018-12-17,Prius,38547.71,4.86,Completed
384102,13,2018-12-13,Tacoma,55244.77,5.61,Completed
384103,17,2018-12-29,Tundra,39793.82,4.51,Completed
384104,12,2018-12-18,Corolla,34559.33,5.65,Completed
384105,11,2018-12-29,RAV4,41901.1,4.16,Completed
384106,14,2018-12-08,RAV4,56882.48,5.1,Completed
384107,18,2018-12-20,Prius,45172.6,5.68,Completed
384108,17,2018-12-20,Prius,27283.71,4.51,Completed
384109,10,2018-12-20,Camry,35045.37,4.88,Completed
384110,14,2018-12-28,RAV4,54065.18,5.1,Completed
384111,11,2018-12-13,Tundra,41635.12,4.16,Completed
384112,20,2018-12-05,Tundra,66270.85,5.77,Completed
384113,14,2018-12-12,Sienna,51810.16,5.1,Completed
384114,20,2018-12-05,RAV4,50740.9,5.77,Completed
384115,11,2018-12-03,Highlander,58208.68,4.16,Completed
384116,11,2018-12-15,Corolla,24000.8,4.16,Cancelled
384117,6,2018-12-07,Camry,34222.34,3.86,Completed
384118,14,2018-12-27,Sienna,53818.39,5.1,Completed
384119,12,2018-12-25,Camry,47559.96,5.65,Completed
384120,11,2018-12-16,Sienna,47676.08,4.16,Completed
384121,18,2018-12-18,Sienna,68765.97,5.68,Completed
384122,11,2018-12-12,RAV4,40778.05,4.16,Completed
384123,20,2018-12-06,Tacoma,48635.63,5.77,Completed
384124,18,2018-12-05,Highlander,78030.66,5.68,Completed
384125,4,2018-12-25,Prius,25846.86,3.81,Completed
384126,5,2018-12-01,Camry,40040.83,5.34,Completed
384127,17,2018-12-29,Sienna,43151.22,4.51,Completed
384128,13,2018-12-03,Camry,48901.45,5.61,Completed
384129,2,2018-12-18,Tacoma,39928.58,4.0,Completed
384130,18,2018-12-27,RAV4,60337.78,5.68,Completed
384131,2,2018-12-08,RAV4,38378.21,4.0,Completed
384132,12,2018-12-29,Tundra,57426.42,5.65,Completed
384133,17,2018-12-31,Corolla,25821.49,4.51,Completed
384134,16,2018-12-21,RAV4,51658.72,6.06,Completed
384135,4,2018-12-25,Tundra,38849.53,3.81,Completed
384136,12,2018-12-13,RAV4,49394.64,5.65,Completed
384137,11,2018-12-13,Corolla,24506.64,4.16,Completed
384138,1,2018-12-27,Sienna,52728.12,5.24,Completed
384139,20,2018-12-31,Highlander,80816.76,5.77,Completed
384140,12,2018-12-30,Prius,40324.22,5.65,Completed
384141,18,2018-12-15,Tacoma,59622.8,5.68,Completed
384142,20,2018-12-28,Tundra,63343.96,5.77,Completed
384143,9,2018-12-12,Sienna,40529.56,4.4,Completed
384144,11,2018-12-27,Corolla,26696.38,4.16,Completed
384145,12,2018-12-03,Tundra,64875.27,5.65,Completed
384146,19,2018-12-21,Tacoma,47831.33,5.48,Completed
384147,15,2018-12-20,Highlander,70165.48,4.86,Completed
384148,9,2018-12-28,RAV4,42440.57,4.4,Completed
384149,11,2018-12-08,Tundra,43584.28,4.16,Completed
384150,1,2018-12-04,Tundra,46447.28,5.24,Completed
384151,19,2018-12-10,Camry,42216.92,5.48,Completed
384152,18,2018-12-01,Corolla,37554.01,5.68,Completed
384153,2,2018-12-14,Sienna,42725.67,4.0,Completed
384154,12,2018-12-11,Sienna,57661.12,5.65,Completed
384155,19,2018-12-16,Highlander,61058.78,5.48,Completed
384156,14,2018-12-30,Highlander,79539.13,5.1,Completed
384157,14,2018-12-12,Tacoma,47688.97,5.1,Completed
384158,17,2018-12-31,Highlander,49230.79,4.51,Completed
384159,5,2018-12-18,Sienna,54331.52,5.34,Completed
384160,7,2018-12-03,Highlander,71829.47,5.39,Completed
384161,6,2018-12-27,RAV4,36266.98,3.86,Completed
384162,9,2018-12-29,Prius,30611.2,4.4,Completed
384163,2,2018-12-26,Corolla,28730.01,4.0,Completed
384164,7,2018-12-17,Tundra,62953.47,5.39,Completed
384165,2,2018-12-11,Prius,26836.44,4.0,Completed
384166,17,2018-12-07,Highlander,49919.39,4.51,Completed
384167,3,2018-12-13,Sienna,59982.66,5.69,Completed
384168,11,2018-12-18,RAV4,41895.92,4.16,Completed
384169,9,2018-12-12,Prius,25761.6,4.4,Completed
384170,15,2018-12-09,Highlander,81479.53,4.86,Completed
384171,8,2018-12-20,Highlander,71725.99,5.84,Completed
384172,8,2018-12-10,Corolla,34881.46,5.84,Completed
384173,20,2018-12-03,Tundra,62761.03,5.77,Completed
384174,19,2018-12-30,Sienna,50634.6,5.48,Completed
384175,17,2018-12-23,Highlander,50522.19,4.51,Completed
384176,6,2018-12-24,Tundra,44673.78,3.86,Completed
384177,11,2018-12-20,Highlander,59296.95,4.16,Completed
384178,20,2018-12-18,Sienna,60062.7,5.77,Completed
384179,9,2018-12-28,Tundra,46115.32,4.4,Completed
384180,2,2018-12-16,Tacoma,34933.57,4.0,Completed
384181,11,2018-12-28,Tacoma,35697.94,4.16,Completed
384182,5,2018-12-09,RAV4,45247.49,5.34,Completed
384183,11,2018-12-29,Tacoma,39721.39,4.16,Completed
384184,19,2018-12-28,Highlander,72147.01,5.48,Completed
384185,19,2018-12-17,Prius,35585.74,5.48,Pending
384186,8,2018-12-07,Highlander,81379.75,5.84,Completed
384187,9,2018-12-22,Corolla,22979.76,4.4,Completed
384188,17,2018-12-10,Tacoma,36058.17,4.51,Completed
384189,7,2018-12-04,RAV4,51921.34,5.39,Completed
384190,1,2018-12-28,Camry,37395.37,5.24,Completed
384191,12,2018-12-27,Highlander,76176.6,5.65,Completed
384192,20,2018-12-28,Highlander,75711.64,5.77,Completed
384193,2,2018-12-22,Tundra,41499.08,4.0,Completed
384194,20,2018-12-31,Corolla,31148.67,5.77,Completed
384195,4,2018-12-11,Sienna,38155.62,3.81,Completed
384196,5,2018-12-07,Camry,38154.33,5.34,Completed
384197,19,2018-12-01,Camry,38887.2,5.48,Completed
384198,9,2018-12-27,Sienna,43526.38,4.4,Completed
384199,8,2018-12-26,Tacoma,51798.92,5.84,Completed
384200,11,2018-12-15,Highlander,59114.06,4.16,Completed
384201,3,2018-12-02,Corolla,36466.63,5.69,Completed
384202,10,2018-12-12,Corolla,27744.46,4.88,Completed
384203,4,2018-12-24,Tundra,45273.55,3.81,Completed
384204,8,2018-12-23,Tundra,54990.74,5.84,Completed
384205,20,2018-12-12,Corolla,31433.23,5.77,Completed
384206,7,2018-12-27,Highlander,72011.5,5.39,Completed
384207,12,2018-12-13,RAV4,52937.22,5.65,Completed
384208,10,2018-12-01,Tundra,47543.47,4.88,Completed
384209,11,2018-12-26,Sienna,39435.98,4.16,Completed
384210,3,2018-12-07,RAV4,54620.31,5.69,Completed
384211,17,2018-12-19,Tacoma,33927.22,4.51,Completed
384212,8,2018-12-31,RAV4,52684.88,5.84,Completed
384213,17,2018-12-10,Tundra,41161.41,4.51,Completed
384214,2,2018-12-09,Tundra,47476.25,4.0,Completed
384215,20,2018-12-16,Tacoma,53555.55,5.77,Completed
384216,16,2018-12-13,Camry,45622.28,6.06,Completed
384217,17,2018-12-13,Camry,35818.73,4.51,Cancelled
384218,16,2018-12-25,Tundra,66589.17,6.06,Completed
384219,5,2018-12-01,Tacoma,44134.97,5.34,Cancelled
384220,1,2018-12-21,Prius,34404.99,5.24,Completed
384221,20,2018-12-17,Prius,41243.76,5.77,Pending
384222,13,2018-12-01,Prius,36638.23,5.61,Completed
384223,15,2018-12-31,Highlander,79769.79,4.86,Completed
384224,9,2018-12-07,RAV4,35801.52,4.4,Completed
384225,17,2018-12-30,Corolla,22945.05,4.51,Completed
384226,14,2018-12-25,Corolla,33852.39,5.1,Completed
384227,3,2018-12-19,Sienna,62318.35,5.69,Completed
384228,4,2018-12-25,Tacoma,35353.18,3.81,Completed
384229,18,2018-12-31,Corolla,37208.2,5.68,Completed
384230,14,2018-12-05,Tundra,55705.3,5.1,Completed
384231,3,2018-12-06,Prius,36533.46,5.69,Completed
384232,19,2018-12-16,Tundra,53730.46,5.48,Completed
384233,6,2018-12-22,Tacoma,34154.32,3.86,Completed
384234,3,2018-12-01,Prius,39675.91,5.69,Completed
384235,1,2018-12-15,Tacoma,44506.96,5.24,Completed
384236,20,2018-12-02,Tacoma,55162.27,5.77,Completed
384237,8,2018-12-06,Prius,36584.35,5.84,Completed
384238,8,2018-12-20,Tacoma,47242.78,5.84,Completed
384239,5,2018-12-11,Corolla,28299.89,5.34,Completed
384240,9,2018-12-13,Tundra,43580.34,4.4,Completed
384241,7,2018-12-22,Corolla,35416.82,5.39,Completed
384242,17,2018-12-30,Tundra,41639.24,4.51,Completed
384243,13,2018-12-26,Corolla,34945.4,5.61,Completed
384244,11,2018-12-19,Sienna,40042.19,4.16,Pending
384245,12,2018-12-05,Tundra,54507.36,5.65,Completed
384246,7,2018-12-30,Tundra,58506.91,5.39,Completed
384247,6,2018-12-15,Tacoma,36061.1,3.86,Completed
384248,7,2018-12-26,Highlander,74301.56,5.39,Completed
384249,3,2018-12-16,Tundra,65116.14,5.69,Pending
384250,1,2018-12-05,Corolla,31154.26,5.24,Completed
384251,7,2018-12-31,Highlander,80786.85,5.39,Completed
384252,17,2018-12-29,Highlander,55043.55,4.51,Cancelled
384253,5,2018-12-16,Tacoma,43640.05,5.34,Completed
384254,1,2018-12-31,Corolla,29007.34,5.24,Completed
384255,5,2018-12-19,Sienna,50490.36,5.34,Completed
384256,11,2018-12-20,Tundra,42039.0,4.16,Completed
384257,6,2018-12-25,Camry,29805.5,3.86,Completed
384258,16,2018-12-04,Tundra,66010.02,6.06,Completed
384259,18,2018-12-08,Camry,54421.96,5.68,Completed
384260,1,2018-12-28,Tundra,52281.27,5.24,Completed
384261,14,2018-12-24,Tundra,52527.35,5.1,Completed
384262,4,2018-12-14,Prius,28953.6,3.81,Completed
384263,16,2018-12-31,Camry,44144.69,6.06,Completed
384264,3,2018-12-31,Corolla,38795.45,5.69,Completed
384265,5,2018-12-19,Corolla,31365.56,5.34,Completed
384266,16,2018-12-30,Highlander,85313.5,6.06,Completed
384267,2,2018-12-26,Highlander,62755.09,4.0,Completed
384268,5,2018-12-18,Tundra,52528.47,5.34,Completed
384269,3,2018-12-04,Camry,46614.42,5.69,Completed
384270,16,2018-12-28,Sienna,62051.99,6.06,Completed
384271,12,2018-12-20,Tacoma,46269.65,5.65,Completed
384272,19,2018-12-23,Sienna,49218.41,5.48,Completed
384273,10,2018-12-06,Highlander,53503.76,4.88,Completed
384274,13,2018-12-07,Prius,43465.43,5.61,Completed
384275,18,2018-12-20,Corolla,34386.31,5.68,Completed
384276,9,2018-12-26,Camry,33932.26,4.4,Completed
384277,20,2018-12-05,Prius,37070.19,5.77,Completed
384278,16,2018-12-21,Camry,48564.22,6.06,Completed
384279,2,2018-12-29,Prius,32324.54,4.0,Completed
384280,4,2018-12-28,Prius,28481.59,3.81,Completed
384281,2,2018-12-28,Camry,34716.93,4.0,Completed
384282,1,2018-12-16,Corolla,25931.01,5.24,Completed
384283,18,2018-12-04,RAV4,60796.49,5.68,Completed
384284,10,2018-12-02,RAV4,41530.07,4.88,Completed
384285,7,2018-12-01,Highlander,72324.76,5.39,Completed
384286,10,2018-12-22,Sienna,45843.84,4.88,Completed
384287,3,2018-12-27,Camry,53413.81,5.69,Completed
384288,14,2018-12-31,Corolla,34462.33,5.1,Completed
384289,13,2018-12-22,RAV4,60973.29,5.61,Completed
384290,13,2018-12-08,RAV4,51550.01,5.61,Completed
384291,1,2018-12-25,Corolla,28489.72,5.24,Completed
384292,5,2018-12-13,Sienna,53954.47,5.34,Completed
384293,12,2018-12-18,Tundra,57892.79,5.65,Completed
384294,17,2018-12-18,Prius,26464.73,4.51,Completed
384295,7,2018-12-23,Sienna,55993.65,5.39,Completed
384296,17,2018-12-02,Tacoma,37719.23,4.51,Completed
384297,6,2018-12-05,RAV4,36413.72,3.86,Completed
384298,18,2018-12-20,Highlander,87045.28,5.68,Completed
384299,16,2018-12-01,Camry,48358.8,6.06,Completed
384300,20,2018-12-03,Camry,49891.34,5.77,Completed
384301,6,2018-12-03,Camry,30748.11,3.86,Pending
384302,10,2018-12-27,Corolla,27034.82,4.88,Completed
384303,8,2018-12-29,Tundra,54310.88,5.84,Completed
384304,1,2018-12-10,Prius,30204.7,5.24,Completed
384305,5,2018-12-26,Highlander,64135.63,5.34,Completed
384306,4,2018-12-09,Corolla,23868.79,3.81,Completed
384307,1,2018-12-10,Highlander,67211.47,5.24,Completed
384308,8,2018-12-05,Tundra,65313.46,5.84,Completed
384309,10,2018-12-05,Prius,26310.58,4.88,Completed
384310,10,2018-12-10,Prius,28911.79,4.88,Completed
384311,7,2018-12-10,Tundra,64035.12,5.39,Completed
384312,10,2018-12-20,Tacoma,38145.62,4.88,Completed
384313,20,2018-12-01,Tacoma,53636.41,5.77,Completed
384314,6,2018-12-10,Highlander,49011.62,3.86,Completed
384315,3,2018-12-14,Corolla,33267.99,5.69,Completed
384316,17,2018-12-23,Tundra,40137.08,4.51,Completed
384317,13,2018-12-24,Tundra,67515.37,5.61,Completed
384318,3,2018-12-26,RAV4,57980.59,5.69,Completed
384319,7,2018-12-24,Highlander,71264.63,5.39,Completed
384320,12,2018-12-29,Corolla,34577.32,5.65,Completed
384321,15,2018-12-04,Tundra,64408.09,4.86,Completed
384322,5,2018-12-30,Corolla,27235.79,5.34,Completed
384323,17,2018-12-09,Highlander,58916.51,4.51,Completed
384324,8,2018-12-12,Prius,42471.38,5.84,Completed
384325,9,2018-12-27,Corolla,25998.11,4.4,Completed
384326,5,2018-12-19,RAV4,49705.89,5.34,Completed
384327,20,2018-12-17,Highlander,82899.44,5.77,Completed
384328,5,2018-12-22,Prius,31307.87,5.34,Completed
384329,20,2018-12-16,Camry,47629.09,5.77,Completed
384330,4,2018-12-18,Tundra,43243.95,3.81,Completed
384331,17,2018-12-16,Tundra,40698.33,4.51,Completed
384332,7,2018-12-10,Sienna,64548.22,5.39,Completed
384333,11,2018-12-22,Tundra,44150.17,4.16,Completed
384334,2,2018-12-19,Corolla,25823.05,4.0,Completed
384335,6,2018-12-02,RAV4,38062.2,3.86,Completed
384336,20,2018-12-31,Corolla,35405.16,5.77,Completed
384337,4,2018-12-25,Sienna,39631.41,3.81,Completed
384338,17,2018-12-25,Prius,26556.63,4.51,Completed
384339,12,2018-12-09,Camry,45585.65,5.65,Completed
384340,6,2018-12-12,RAV4,36136.38,3.86,Completed
384341,9,2018-12-17,Corolla,23444.01,4.4,Completed
384342,19,2018-12-06,Prius,33508.11,5.48,Completed
384343,6,2018-12-26,Prius,29926.25,3.86,Completed
384344,9,2018-12-20,Tundra,45302.53,4.4,Completed
384345,16,2018-12-01,RAV4,58658.76,6.06,Completed
384346,10,2018-12-05,Highlander,60641.92,4.88,Completed
384347,12,2018-12-19,RAV4,57415.75,5.65,Completed
384348,17,2018-12-30,Sienna,40118.28,4.51,Completed
384349,15,2018-12-18,Sienna,58204.68,4.86,Completed
384350,9,2018-12-01,Tacoma,35047.74,4.4,Pending
384351,11,2018-12-26,Tacoma,34194.55,4.16,Completed
384352,2,2018-12-22,Prius,32054.81,4.0,Completed
384353,8,2018-12-13,Camry,45736.88,5.84,Completed
384354,5,2018-12-28,Camry,41629.46,5.34,Completed
384355,17,2018-12-31,RAV4,41930.56,4.51,Completed
384356,14,2018-12-22,Tacoma,44416.93,5.1,Completed
384357,12,2018-12-12,Tacoma,50533.4,5.65,Completed
384358,11,2018-12-07,Highlander,53956.89,4.16,Completed
384359,4,2018-12-07,Tacoma,35580.75,3.81,Completed
384360,8,2018-12-09,Corolla,33260.29,5.84,Completed
384361,18,2018-12-11,RAV4,53291.28,5.68,Completed
384362,9,2018-12-04,Tacoma,34293.3,4.4,Completed
384363,19,2018-12-09,Highlander,72001.89,5.48,Completed
384364,1,2018-12-10,RAV4,41546.52,5.24,Pending
384365,13,2018-12-03,Camry,52464.51,5.61,Pending
384366,2,2018-12-26,Corolla,28379.78,4.0,Completed
384367,2,2018-12-14,Tundra,44132.72,4.0,Pending
384368,14,2018-12-13,Tacoma,52637.39,5.1,Completed
384369,19,2018-12-19,Sienna,48065.5,5.48,Completed
384370,19,2018-12-19,Highlander,60783.61,5.48,Completed
384371,9,2018-12-31,Prius,26642.26,4.4,Completed
384372,6,2018-12-12,Sienna,43280.05,3.86,Completed
384373,3,2018-12-07,Prius,40261.85,5.69,Completed
384374,1,2018-12-16,Tacoma,45460.29,5.24,Completed
384375,11,2018-12-11,Tacoma,35421.17,4.16,Completed
384376,16,2018-12-25,Camry,49990.33,6.06,Completed
384377,9,2018-12-14,Camry,34352.02,4.4,Completed
384378,8,2018-12-01,Corolla,33771.21,5.84,Completed
384379,7,2018-12-18,Highlander,74142.52,5.39,Completed
384380,12,2018-12-10,Corolla,34550.03,5.65,Completed
384381,9,2018-12-11,RAV4,43578.5,4.4,Completed
384382,11,2018-12-14,Tacoma,38669.69,4.16,Completed
384383,8,2018-12-16,Camry,42602.71,5.84,Completed
384384,1,2018-12-10,Tacoma,39541.12,5.24,Completed
384385,5,2018-12-31,Tundra,53553.66,5.34,Completed
384386,3,2018-12-09,Highlander,79904.03,5.69,Completed
384387,15,2018-12-14,Tundra,65138.21,4.86,Completed
384388,17,2018-12-16,Highlander,51465.82,4.51,Completed
384389,6,2018-12-09,Sienna,44417.14,3.86,Pending
384390,18,2018-12-08,Tacoma,54181.71,5.68,Completed
384391,14,2018-12-03,Sienna,55468.18,5.1,Completed
384392,18,2018-12-17,Prius,40614.97,5.68,Pending
384393,6,2018-12-01,Prius,26145.2,3.86,Completed
384394,3,2018-12-23,RAV4,52257.73,5.69,Completed
384395,7,2018-12-15,Tacoma,56222.95,5.39,Completed
384396,14,2018-12-24,Highlander,65707.63,5.1,Cancelled
384397,9,2018-12-27,Highlander,58188.15,4.4,Completed
384398,6,2018-12-06,RAV4,38931.13,3.86,Completed
384399,11,2018-12-17,Tundra,39875.82,4.16,Completed
384400,10,2018-12-03,Camry,35017.75,4.88,Completed
384401,19,2018-12-14,Tundra,53631.74,5.48,Completed
384402,15,2018-12-22,Sienna,63361.54,4.86,Completed
384403,18,2018-12-13,Sienna,60869.57,5.68,Completed
384404,13,2018-12-27,Highlander,87092.07,5.61,Pending
384405,7,2018-12-30,Corolla,32080.59,5.39,Pending
384406,13,2018-12-14,Sienna,62175.77,5.61,Completed
384407,1,2018-12-03,Tacoma,38409.75,5.24,Completed
384408,11,2018-12-22,Sienna,40463.3,4.16,Completed
384409,11,2018-12-20,Camry,35679.35,4.16,Completed
384410,11,2018-12-15,Tundra,42131.94,4.16,Completed
384411,16,2018-12-15,Tundra,56136.21,6.06,Completed
384412,15,2018-12-18,Sienna,54866.18,4.86,Completed
384413,1,2018-12-17,Corolla,27251.71,5.24,Pending
384414,15,2018-12-17,Camry,46756.25,4.86,Completed
384415,18,2018-12-14,Highlander,89973.26,5.68,Completed
384416,20,2018-12-15,Highlander,81132.99,5.77,Completed
384417,11,2018-12-16,Sienna,41101.48,4.16,Completed
384418,17,2018-12-10,Sienna,39214.06,4.51,Completed
384419,6,2018-12-07,Prius,26025.95,3.86,Completed
384420,7,2018-12-29,Tacoma,54031.65,5.39,Completed
384421,6,2018-12-25,Camry,36062.28,3.86,Completed
384422,7,2018-12-27,Corolla,35054.93,5.39,Completed
384423,8,2018-12-09,Corolla,35764.1,5.84,Completed
384424,4,2018-12-18,RAV4,36527.1,3.81,Completed
384425,9,2018-12-28,RAV4,41268.14,4.4,Completed
384426,16,2018-12-25,RAV4,54927.74,6.06,Completed
384427,18,2018-12-17,RAV4,55536.22,5.68,Completed
384428,4,2018-12-08,Highlander,57644.22,3.81,Completed
384429,6,2018-12-02,RAV4,41898.67,3.86,Completed
384430,3,2018-12-28,Tundra,62353.39,5.69,Completed
384431,20,2018-12-31,Tacoma,46258.27,5.77,Completed
384432,5,2018-12-27,Tacoma,46100.09,5.34,Completed
384433,20,2018-12-18,Tundra,55511.38,5.77,Completed
384434,1,2018-12-10,Corolla,29043.52,5.24,Completed
384435,20,2018-12-12,Prius,41297.35,5.77,Completed
384436,15,2018-12-26,Tundra,57976.6,4.86,Completed
384437,2,2018-12-07,Highlander,62374.9,4.0,Completed
384438,18,2018-12-01,Camry,48744.53,5.68,Completed
384439,17,2018-12-07,Highlander,51772.22,4.51,Completed
384440,17,2018-12-10,Prius,29312.22,4.51,Completed
384441,18,2018-12-31,Prius,41635.45,5.68,Completed
384442,11,2018-12-25,RAV4,39550.73,4.16,Completed
384443,14,2018-12-05,Prius,39253.86,5.1,Completed
384444,11,2018-12-20,Highlander,54671.18,4.16,Completed
384445,16,2018-12-11,RAV4,61231.36,6.06,Completed
384446,16,2018-12-09,RAV4,57724.21,6.06,Completed
384447,14,2018-12-02,Corolla,30549.54,5.1,Completed
384448,11,2018-12-10,Tacoma,34114.49,4.16,Completed
384449,11,2018-12-13,Corolla,24620.38,4.16,Completed
384450,19,2018-12-05,Prius,31716.49,5.48,Completed
384451,17,2018-12-06,Tundra,43073.02,4.51,Completed
384452,19,2018-12-02,Highlander,71522.03,5.48,Cancelled
384453,4,2018-12-04,Camry,34097.76,3.81,Completed
384454,2,2018-12-28,Corolla,24624.3,4.0,Completed
384455,13,2018-12-25,Tundra,56483.86,5.61,Completed
384456,11,2018-12-30,Tacoma,33657.35,4.16,Completed
384457,14,2018-12-17,Camry,47974.65,5.1,Completed
384458,2,2018-12-14,Sienna,44207.83,4.0,Cancelled
384459,17,2018-12-27,Corolla,25383.41,4.51,Completed
384460,8,2018-12-22,Camry,47982.94,5.84,Completed
384461,6,2018-12-31,Camry,31254.63,3.86,Completed
384462,3,2018-12-18,Tacoma,47519.86,5.69,Completed
384463,11,2018-12-13,Tundra,40356.61,4.16,Completed
384464,10,2018-12-30,Tundra,43426.27,4.88,Completed
384465,19,2018-12-27,Corolla,28594.6,5.48,Completed
384466,8,2018-12-03,Corolla,36996.48,5.84,Completed
384467,9,2018-12-22,Camry,33214.11,4.4,Completed
384468,6,2018-12-21,Highlander,51184.95,3.86,Completed
384469,11,2018-12-12,Sienna,45720.65,4.16,Completed
384470,13,2018-12-11,Sienna,67519.3,5.61,Completed
384471,9,2018-12-16,Prius,30334.37,4.4,Completed
384472,14,2018-12-05,Tacoma,47750.94,5.1,Completed
384473,8,2018-12-29,Camry,48377.18,5.84,Completed
384474,13,2018-12-31,RAV4,62218.97,5.61,Completed
384475,11,2018-12-05,Sienna,40940.34,4.16,Completed
384476,13,2018-12-21,RAV4,60181.26,5.61,Completed
384477,5,2018-12-24,Camry,43425.91,5.34,Completed
384478,17,2018-12-10,Corolla,26057.13,4.51,Completed
384479,13,2018-12-20,Sienna,60138.58,5.61,Completed
384480,6,2018-12-27,Camry,33942.06,3.86,Completed
384481,7,2018-12-08,Camry,50584.57,5.39,Completed
384482,2,2018-12-11,Tacoma,41830.81,4.0,Completed
384483,1,2018-12-15,Sienna,45709.55,5.24,Completed
384484,20,2018-12-12,Highlander,75739.63,5.77,Completed
384485,18,2018-12-07,RAV4,60288.21,5.68,Completed
384486,4,2018-12-05,Camry,32976.54,3.81,Pending
384487,18,2018-12-03,RAV4,58619.05,5.68,Completed
384488,18,2018-12-31,Tundra,62998.19,5.68,Completed
384489,4,2018-12-03,RAV4,34159.53,3.81,Cancelled
384490,12,2018-12-22,Prius,41905.37,5.65,Completed
384491,18,2018-12-03,Camry,51827.46,5.68,Completed
384492,1,2018-12-03,Tacoma,42664.76,5.24,Cancelled
384493,9,2018-12-18,Corolla,26151.63,4.4,Completed
384494,7,2018-12-02,Sienna,56065.54,5.39,Completed
384495,11,2018-12-10,Highlander,59478.66,4.16,Completed
384496,11,2018-12-04,Tacoma,39693.73,4.16,Completed
384497,10,2018-12-01,Sienna,45182.55,4.88,Completed
384498,11,2018-12-30,Prius,30147.36,4.16,Completed
384499,20,2018-12-27,Tacoma,47112.1,5.77,Completed
384500,11,2018-12-01,RAV4,38775.83,4.16,Completed
384501,7,2018-12-24,Camry,46597.04,5.39,Pending
384502,7,2018-12-15,Highlander,70890.63,5.39,Completed
384503,8,2018-12-28,Sienna,61716.29,5.84,Completed
384504,6,2018-12-27,Tundra,43525.3,3.86,Completed
384505,19,2018-12-13,Camry,43793.08,5.48,Completed
384506,19,2018-12-27,Camry,39552.56,5.48,Completed
384507,20,2018-12-13,Sienna,59492.92,5.77,Completed
384508,2,2018-12-13,Highlander,60375.61,4.0,Completed
384509,6,2018-12-09,Tacoma,34904.54,3.86,Completed
384510,1,2018-12-22,Sienna,47440.79,5.24,Completed
384511,7,2018-12-13,Sienna,64800.56,5.39,Completed
384512,10,2018-12-17,RAV4,41514.95,4.88,Completed
384513,3,2018-12-24,Corolla,38666.92,5.69,Completed
384514,10,2018-12-07,Corolla,27318.46,4.88,Completed
384515,15,2018-12-10,Camry,50499.59,4.86,Pending
384516,5,2018-12-06,Highlander,64537.05,5.34,Completed
384517,12,2018-12-03,Highlander,71380.05,5.65,Completed
384518,4,2018-12-09,Prius,29161.55,3.81,Completed
384519,1,2018-12-27,RAV4,42910.68,5.24,Completed
384520,12,2018-12-02,Tacoma,54147.86,5.65,Completed
384521,2,2018-12-15,Tundra,50405.89,4.0,Pending
384522,14,2018-12-31,Sienna,53683.49,5.1,Completed
384523,16,2018-12-07,Highlander,75796.2,6.06,Completed
384524,14,2018-12-29,Tacoma,43991.69,5.1,Completed
384525,6,2018-12-10,Camry,36322.91,3.86,Completed
384526,9,2018-12-15,Prius,29654.43,4.4,Completed
384527,19,2018-12-06,Tacoma,45279.22,5.48,Completed
384528,19,2018-12-22,Tundra,47669.63,5.48,Completed
384529,10,2018-12-05,Camry,32888.06,4.88,Completed
384530,6,2018-12-31,Camry,31007.33,3.86,Completed
384531,3,2018-12-11,Tacoma,53769.92,5.69,Completed
384532,2,2018-12-24,Sienna,46143.45,4.0,Completed
384533,8,2018-12-07,RAV4,58617.9,5.84,Completed
384534,7,2018-12-01,RAV4,53211.51,5.39,Completed
384535,1,2018-12-02,Tundra,51381.31,5.24,Completed
384536,4,2018-12-12,Camry,31792.65,3.81,Completed
384537,14,2018-12-20,Camry,43204.46,5.1,Completed
384538,3,2018-12-04,Camry,53290.64,5.69,Completed
384539,14,2018-12-17,RAV4,52148.8,5.1,Completed
384540,3,2018-12-09,Tacoma,48996.08,5.69,Pending
384541,3,2018-12-14,Sienna,66492.08,5.69,Completed
384542,19,2018-12-23,Sienna,49727.47,5.48,Completed
384543,15,2018-12-20,Highlander,81133.52,4.86,Completed
384544,8,2018-12-22,Camry,42351.65,5.84,Completed
384545,18,2018-12-21,Sienna,62668.38,5.68,Completed
384546,2,2018-12-14,Camry,37635.24,4.0,Completed
384547,12,2018-12-18,Tundra,58004.12,5.65,Completed
384548,12,2018-12-03,Tacoma,49482.91,5.65,Completed
384549,1,2018-12-29,Tundra,51001.25,5.24,Completed
384550,12,2018-12-11,Prius,41806.57,5.65,Pending
384551,15,2018-12-19,Sienna,58545.32,4.86,Completed
384552,14,2018-12-22,Tundra,51765.39,5.1,Completed
384553,11,2018-12-27,RAV4,40687.73,4.16,Completed
384554,18,2018-12-25,RAV4,53970.53,5.68,Completed
384555,3,2018-12-15,Prius,44118.97,5.69,Completed
384556,14,2018-12-22,RAV4,54598.12,5.1,Completed
384557,1,2018-12-16,Sienna,49694.93,5.24,Completed
384558,7,2018-12-09,RAV4,55447.23,5.39,Completed
384559,17,2018-12-16,RAV4,37740.48,4.51,Completed
384560,13,2018-12-03,Prius,42864.94,5.61,Completed
384561,8,2018-12-20,Tacoma,46886.7,5.84,Completed
384562,10,2018-12-05,Tacoma,40144.01,4.88,Completed
384563,6,2018-12-04,Corolla,23471.05,3.86,Completed
384564,8,2018-12-19,Camry,45952.0,5.84,Completed
384565,1,2018-12-18,Tacoma,44008.71,5.24,Completed
384566,5,2018-12-13,Camry,38278.5,5.34,Completed
384567,9,2018-12-13,Prius,28474.8,4.4,Completed
384568,2,2018-12-01,Camry,36115.16,4.0,Completed
384569,3,2018-12-22,RAV4,53145.32,5.69,Completed
384570,5,2018-12-28,Corolla,26587.58,5.34,Completed
384571,3,2018-12-31,Corolla,36230.08,5.69,Completed
384572,14,2018-12-26,Camry,40727.35,5.1,Completed
384573,1,2018-12-19,Tundra,52937.92,5.24,Completed
384574,7,2018-12-03,Highlander,81018.72,5.39,Completed
384575,18,2018-12-12,RAV4,64438.55,5.68,Pending
384576,2,2018-12-02,RAV4,44272.3,4.0,Completed
384577,11,2018-12-23,Camry,34433.5,4.16,Completed
384578,20,2018-12-17,Prius,40785.63,5.77,Completed
384579,1,2018-12-16,Highlander,59929.85,5.24,Completed
384580,7,2018-12-28,Corolla,34748.2,5.39,Completed
384581,2,2018-12-01,Tacoma,34969.51,4.0,Completed
384582,11,2018-12-09,Highlander,58216.33,4.16,Completed
384583,13,2018-12-19,Tacoma,48021.03,5.61,Completed
384584,18,2018-12-31,Highlander,82480.76,5.68,Completed
384585,4,2018-12-22,Camry,30917.01,3.81,Completed
384586,2,2018-12-19,Tundra,49444.8,4.0,Completed
384587,3,2018-12-18,Highlander,78964.95,5.69,Completed
384588,11,2018-12-01,Highlander,58694.9,4.16,Completed
384589,13,2018-12-21,Prius,37223.68,5.61,Completed
384590,10,2018-12-30,Corolla,26286.95,4.88,Completed
384591,14,2018-12-28,RAV4,53135.69,5.1,Completed
384592,4,2018-12-14,Tundra,41508.92,3.81,Completed
384593,8,2018-12-14,RAV4,59915.37,5.84,Completed
384594,10,2018-12-08,Tundra,42543.35,4.88,Completed
384595,19,2018-12-06,Camry,40271.6,5.48,Completed
384596,12,2018-12-21,Corolla,35292.06,5.65,Completed
384597,15,2018-12-26,Prius,37758.96,4.86,Completed
384598,18,2018-12-20,Highlander,88007.91,5.68,Completed
384599,16,2018-12-17,Sienna,63945.28,6.06,Pending
384600,18,2018-12-08,Camry,52154.7,5.68,Completed
384601,17,2018-12-26,Corolla,22505.23,4.51,Completed
384602,13,2018-12-11,Corolla,35850.4,5.61,Completed
384603,20,2018-12-11,Tundra,60367.43,5.77,Completed
384604,9,2018-12-27,Corolla,23235.51,4.4,Completed
384605,1,2018-12-18,Camry,39499.77,5.24,Completed
384606,14,2018-12-29,Camry,48528.74,5.1,Completed
384607,14,2018-12-16,Tacoma,48660.93,5.1,Completed
384608,15,2018-12-15,Corolla,34700.53,4.86,Completed
384609,5,2018-12-11,Highlander,67843.81,5.34,Completed
384610,6,2018-12-29,Tacoma,35944.5,3.86,Completed
384611,18,2018-12-18,Sienna,59927.36,5.68,Completed
384612,14,2018-12-04,Corolla,35871.9,5.1,Completed
384613,7,2018-12-17,Corolla,32838.25,5.39,Completed
384614,14,2018-12-23,RAV4,51240.55,5.1,Completed
384615,8,2018-12-14,RAV4,55866.65,5.84,Completed
384616,18,2018-12-26,Tundra,65981.17,5.68,Completed
384617,17,2018-12-09,Corolla,24142.51,4.51,Completed
384618,10,2018-12-30,Tundra,47664.93,4.88,Completed
384619,18,2018-12-24,Corolla,37444.29,5.68,Completed
384620,12,2018-12-18,Camry,50630.55,5.65,Completed
384621,9,2018-12-25,Tundra,46004.87,4.4,Completed
384622,10,2018-12-02,Sienna,48979.02,4.88,Completed
384623,18,2018-12-22,Corolla,37858.48,5.68,Completed
384624,20,2018-12-13,Sienna,55418.25,5.77,Completed
384625,2,2018-12-24,Tacoma,40405.89,4.0,Completed
384626,17,2018-12-16,Sienna,43223.6,4.51,Completed
384627,5,2018-12-09,Tundra,46347.05,5.34,Completed
384628,8,2018-12-07,Tacoma,48974.72,5.84,Completed
384629,4,2018-12-08,Camry,35153.66,3.81,Completed
384630,11,2018-12-03,Corolla,24069.6,4.16,Completed
384631,18,2018-12-02,Highlander,89358.95,5.68,Completed
384632,20,2018-12-19,Prius,39697.9,5.77,Completed
384633,18,2018-12-07,Tacoma,57555.65,5.68,Completed
384634,18,2018-12-01,Tundra,65028.41,5.68,Completed
384635,6,2018-12-30,Prius,27365.07,3.86,Completed
384636,10,2018-12-22,RAV4,41768.35,4.88,Completed
384637,18,2018-12-14,Corolla,37910.21,5.68,Completed
384638,17,2018-12-20,Prius,28409.56,4.51,Completed
384639,9,2018-12-24,Highlander,53045.13,4.4,Completed
384640,9,2018-12-05,Sienna,39631.6,4.4,Completed
384641,6,2018-12-26,Tacoma,33261.19,3.86,Completed
384642,11,2018-12-01,RAV4,39015.56,4.16,Completed
384643,12,2018-12-05,Camry,47378.35,5.65,Completed
384644,15,2018-12-09,Highlander,81733.3,4.86,Completed
384645,8,2018-12-10,Highlander,74614.49,5.84,Completed
384646,12,2018-12-28,Sienna,64273.45,5.65,Completed
384647,3,2018-12-05,RAV4,53309.09,5.69,Completed
384648,14,2018-12-16,Sienna,53682.47,5.1,Completed
384649,14,2018-12-02,Sienna,54738.7,5.1,Completed
384650,11,2018-12-04,Sienna,45972.06,4.16,Completed
384651,5,2018-12-29,Camry,38197.53,5.34,Completed
384652,4,2018-12-17,Highlander,51475.32,3.81,Completed
384653,3,2018-12-14,Highlander,76095.13,5.69,Pending
384654,16,2018-12-25,Highlander,81940.2,6.06,Completed
384655,5,2018-12-16,Sienna,49521.68,5.34,Completed
384656,7,2018-12-21,Sienna,55852.66,5.39,Completed
384657,1,2018-12-01,RAV4,49725.69,5.24,Completed
384658,18,2018-12-12,RAV4,56493.02,5.68,Completed
384659,3,2018-12-01,Tacoma,48906.71,5.69,Completed
384660,17,2018-12-06,Tacoma,34770.21,4.51,Completed
384661,3,2018-12-10,Highlander,73613.91,5.69,Completed
384662,18,2018-12-22,Tacoma,58903.66,5.68,Completed
384663,2,2018-12-27,Tundra,47982.51,4.0,Completed
384664,1,2018-12-28,Prius,33710.92,5.24,Pending
384665,7,2018-12-14,Tundra,65606.07,5.39,Completed
384666,19,2018-12-29,Corolla,31992.34,5.48,Completed
384667,12,2018-12-18,Tundra,62819.39,5.65,Completed
384668,13,2018-12-06,Tacoma,56496.82,5.61,Completed
384669,7,2018-12-03,Prius,38127.76,5.39,Completed
384670,17,2018-12-06,Camry,33308.82,4.51,Completed
384671,10,2018-12-04,Tundra,47091.96,4.88,Completed
384672,12,2018-12-21,Camry,43443.52,5.65,Completed
384673,1,2018-12-02,Highlander,65161.39,5.24,Cancelled
384674,17,2018-12-01,Tundra,41964.04,4.51,Completed
384675,13,2018-12-18,Tacoma,49093.83,5.61,Completed
384676,14,2018-12-25,Sienna,61308.87,5.1,Completed
384677,15,2018-12-01,Corolla,34787.89,4.86,Completed
384678,20,2018-12-25,Highlander,71300.29,5.77,Completed
384679,7,2018-12-20,Prius,37531.06,5.39,Completed
384680,9,2018-12-25,Highlander,54271.6,4.4,Completed
384681,4,2018-12-17,Sienna,43049.55,3.81,Completed
384682,18,2018-12-24,Tundra,67393.85,5.68,Completed
384683,13,2018-12-13,Tacoma,55765.64,5.61,Completed
384684,13,2018-12-24,Highlander,80946.56,5.61,Completed
384685,5,2018-12-18,Tundra,49015.9,5.34,Completed
384686,12,2018-12-02,Sienna,61198.04,5.65,Completed
384687,13,2018-12-08,Camry,48349.31,5.61,Completed
384688,11,2018-12-03,Camry,32217.3,4.16,Cancelled
384689,7,2018-12-10,RAV4,54245.86,5.39,Completed
384690,17,2018-12-09,Tundra,42985.72,4.51,Completed
384691,16,2018-12-07,Tacoma,56514.21,6.06,Completed
384692,5,2018-12-23,Tundra,53111.4,5.34,Completed
384693,3,2018-12-01,Prius,41983.06,5.69,Completed
384694,17,2018-12-14,Prius,29986.4,4.51,Completed
384695,4,2018-12-08,Tundra,43449.68,3.81,Completed
384696,16,2018-12-09,Camry,49743.32,6.06,Completed
384697,15,2018-12-11,Camry,41771.69,4.86,Completed
384698,6,2018-12-18,Tacoma,37701.7,3.86,Completed
384699,6,2018-12-29,RAV4,41245.75,3.86,Completed
384700,13,2018-12-05,Highlander,85972.8,5.61,Completed
384701,16,2018-12-21,Tacoma,52532.08,6.06,Completed
384702,11,2018-12-06,RAV4,39306.16,4.16,Completed
384703,5,2018-12-30,Corolla,29154.34,5.34,Completed
384704,5,2018-12-06,RAV4,42783.98,5.34,Completed
384705,12,2018-12-24,Prius,35760.53,5.65,Completed
384706,17,2018-12-30,Sienna,39358.52,4.51,Completed
384707,9,2018-12-17,Sienna,46951.85,4.4,Completed
384708,18,2018-12-10,Corolla,38498.23,5.68,Completed
384709,4,2018-12-14,Highlander,57722.1,3.81,Completed
384710,3,2018-12-10,Tacoma,57100.72,5.69,Completed
384711,18,2018-12-04,Highlander,77402.74,5.68,Completed
384712,11,2018-12-24,Camry,35355.63,4.16,Completed
384713,6,2018-12-12,Camry,35871.28,3.86,Completed
384714,17,2018-12-23,Tacoma,37141.31,4.51,Completed
384715,2,2018-12-20,Highlander,59782.33,4.0,Completed
384716,16,2018-12-02,Camry,45932.18,6.06,Completed
384717,19,2018-12-10,Sienna,52880.22,5.48,Completed
384718,6,2018-12-03,Camry,32215.76,3.86,Completed
384719,6,2018-12-17,Tundra,40267.04,3.86,Completed
384720,5,2018-12-17,Prius,31923.37,5.34,Completed
384721,12,2018-12-23,Tundra,59821.9,5.65,Completed
384722,13,2018-12-26,Sienna,58144.82,5.61,Completed
384723,1,2018-12-16,Prius,35638.4,5.24,Completed
384724,7,2018-12-31,Tacoma,55693.33,5.39,Completed
384725,2,2018-12-10,RAV4,41862.31,4.0,Completed
384726,6,2018-12-24,Sienna,38996.31,3.86,Completed
384727,19,2018-12-17,Highlander,72440.22,5.48,Completed
384728,10,2018-12-01,Tacoma,37032.66,4.88,Completed
384729,17,2018-12-07,Tundra,38097.46,4.51,Completed
384730,14,2018-12-04,Highlander,78518.99,5.1,Completed
384731,6,2018-12-17,Tundra,39260.96,3.86,Completed
384732,13,2018-12-04,RAV4,58845.67,5.61,Completed
384733,2,2018-12-02,Tacoma,39015.36,4.0,Completed
384734,16,2018-12-07,Tundra,65019.64,6.06,Completed
384735,8,2018-12-22,Camry,48068.26,5.84,Completed
384736,2,2018-12-17,Camry,34132.22,4.0,Completed
384737,13,2018-12-30,RAV4,62216.32,5.61,Completed
384738,2,2018-12-07,Highlander,55147.15,4.0,Completed
384739,19,2018-12-18,Tacoma,41394.28,5.48,Completed
384740,4,2018-12-11,Tacoma,38161.91,3.81,Completed
384741,16,2018-12-14,RAV4,57325.28,6.06,Completed
384742,19,2018-12-15,Camry,41086.77,5.48,Pending
384743,12,2018-12-11,Camry,45264.16,5.65,Completed
384744,16,2018-12-24,RAV4,51232.93,6.06,Completed
384745,7,2018-12-28,Camry,45401.39,5.39,Pending
384746,7,2018-12-26,RAV4,51396.39,5.39,Completed
384747,2,2018-12-09,Camry,33708.79,4.0,Completed
384748,10,2018-12-28,Tacoma,37211.57,4.88,Completed
384749,10,2018-12-24,Corolla,25776.42,4.88,Completed
384750,2,2018-12-05,Tacoma,40557.9,4.0,Completed
384751,16,2018-12-16,Highlander,73783.49,6.06,Completed
384752,7,2018-12-23,Sienna,61939.74,5.39,Completed
384753,15,2018-12-04,Tacoma,48877.32,4.86,Cancelled
384754,2,2018-12-27,Sienna,45910.38,4.0,Completed
384755,19,2018-12-18,Camry,39202.38,5.48,Completed
384756,20,2018-12-10,Sienna,64994.47,5.77,Completed
384757,2,2018-12-26,Corolla,24252.24,4.0,Completed
384758,18,2018-12-08,RAV4,53831.38,5.68,Completed
384759,2,2018-12-24,Camry,33828.51,4.0,Completed
384760,9,2018-12-29,Tundra,40290.3,4.4,Completed
384761,1,2018-12-19,Camry,41903.21,5.24,Completed
384762,17,2018-12-13,Camry,29665.26,4.51,Completed
384763,13,2018-12-26,Camry,52861.66,5.61,Completed
384764,9,2018-12-17,RAV4,37397.24,4.4,Completed
384765,5,2018-12-08,Sienna,54904.03,5.34,Completed
384766,10,2018-12-19,Tundra,41286.9,4.88,Completed
384767,5,2018-12-10,Prius,35725.33,5.34,Completed
384768,2,2018-12-14,Corolla,23674.8,4.0,Completed
384769,8,2018-12-31,Prius,39488.15,5.84,Completed
384770,16,2018-12-14,Prius,36882.4,6.06,Completed
384771,20,2018-12-22,Camry,49731.82,5.77,Completed
384772,8,2018-12-20,RAV4,50254.92,5.84,Pending
384773,20,2018-12-16,Tundra,64839.18,5.77,Completed
384774,5,2018-12-20,Sienna,52192.1,5.34,Completed
384775,8,2018-12-13,Camry,44968.59,5.84,Completed
384776,12,2018-12-17,RAV4,57916.23,5.65,Completed
384777,5,2018-12-25,Corolla,26625.89,5.34,Completed
384778,3,2018-12-15,Tundra,64033.21,5.69,Completed
384779,19,2018-12-31,Sienna,52318.09,5.48,Completed
384780,14,2018-12-10,Sienna,53493.11,5.1,Completed
384781,17,2018-12-09,RAV4,39147.55,4.51,Completed
384782,15,2018-12-30,Corolla,32708.43,4.86,Completed
384783,17,2018-12-09,Corolla,26064.76,4.51,Cancelled
384784,3,2018-12-28,Highlander,79274.9,5.69,Completed
384785,15,2018-12-22,Sienna,61336.29,4.86,Completed
384786,2,2018-12-16,Sienna,45999.96,4.0,Completed
384787,15,2018-12-23,Prius,39830.9,4.86,Completed
384788,11,2018-12-25,Highlander,61224.95,4.16,Completed
384789,17,2018-12-23,Prius,25469.14,4.51,Completed
384790,7,2018-12-13,Tacoma,48669.13,5.39,Completed
384791,7,2018-12-19,Tacoma,50031.03,5.39,Completed
384792,8,2018-12-04,Sienna,58908.53,5.84,Completed
384793,2,2018-12-24,Corolla,27984.78,4.0,Completed
384794,18,2018-12-02,Highlander,74638.16,5.68,Completed
384795,10,2018-12-05,RAV4,44345.74,4.88,Completed
384796,4,2018-12-14,Corolla,24981.69,3.81,Completed
384797,20,2018-12-25,Highlander,69942.19,5.77,Completed
384798,16,2018-12-11,Highlander,71891.78,6.06,Completed
384799,11,2018-12-27,RAV4,36296.28,4.16,Completed
384800,15,2018-12-18,Tacoma,45853.46,4.86,Completed
384801,15,2018-12-04,Corolla,34125.1,4.86,Completed
384802,19,2018-12-07,Sienna,54426.2,5.48,Completed
384803,14,2018-12-14,Highlander,67336.92,5.1,Completed
384804,16,2018-12-04,Highlander,84472.64,6.06,Completed
384805,5,2018-12-28,RAV4,46812.18,5.34,Completed
384806,7,2018-12-13,RAV4,59638.05,5.39,Completed
384807,15,2018-12-11,Prius,39694.58,4.86,Completed
384808,14,2018-12-05,Corolla,35123.53,5.1,Completed
384809,9,2018-12-25,Tacoma,32953.61,4.4,Completed
384810,19,2018-12-06,Camry,40849.58,5.48,Completed
384811,17,2018-12-13,RAV4,35229.47,4.51,Completed
384812,11,2018-12-05,Camry,37124.68,4.16,Completed
384813,17,2018-12-09,Sienna,44719.77,4.51,Completed
384814,9,2018-12-06,Tundra,47041.0,4.4,Completed
384815,15,2018-12-28,RAV4,53495.58,4.86,Pending
384816,16,2018-12-11,RAV4,57179.62,6.06,Completed
384817,10,2018-12-11,Tacoma,35099.45,4.88,Completed
384818,12,2018-12-31,Tundra,61719.92,5.65,Completed
384819,15,2018-12-27,Prius,42101.59,4.86,Completed
384820,16,2018-12-10,Prius,38542.55,6.06,Completed
384821,11,2018-12-12,RAV4,36005.48,4.16,Completed
384822,7,2018-12-14,Sienna,56779.38,5.39,Completed
384823,11,2018-12-23,Tacoma,39806.81,4.16,Completed
384824,20,2018-12-21,Camry,51400.3,5.77,Completed
384825,5,2018-12-06,Corolla,30399.76,5.34,Completed
384826,17,2018-12-26,Camry,31433.82,4.51,Pending
384827,17,2018-12-05,Tacoma,37885.81,4.51,Completed
384828,14,2018-12-13,Camry,42320.56,5.1,Completed
384829,1,2018-12-08,Tundra,46641.43,5.24,Completed
384830,8,2018-12-12,RAV4,52325.4,5.84,Completed
384831,7,2018-12-15,Corolla,32708.92,5.39,Completed
384832,18,2018-12-31,Camry,49105.02,5.68,Completed
384833,4,2018-12-21,Tacoma,36985.83,3.81,Completed
384834,20,2018-12-13,RAV4,57708.5,5.77,Completed
384835,6,2018-12-12,Highlander,53296.17,3.86,Completed
384836,19,2018-12-09,RAV4,51027.79,5.48,Completed
384837,4,2018-12-05,RAV4,39954.77,3.81,Completed
384838,9,2018-12-28,Sienna,41787.11,4.4,Completed
384839,12,2018-12-26,Prius,35785.57,5.65,Pending
384840,1,2018-12-19,Corolla,31153.16,5.24,Completed
384841,1,2018-12-08,Camry,38810.01,5.24,Completed
384842,17,2018-12-19,Camry,32036.75,4.51,Completed
384843,16,2018-12-02,Sienna,66493.56,6.06,Completed
384844,12,2018-12-22,Highlander,70513.56,5.65,Completed
384845,19,2018-12-19,Tundra,52432.04,5.48,Completed
384846,20,2018-12-06,Sienna,54269.87,5.77,Completed
384847,11,2018-12-08,Tacoma,33736.68,4.16,Completed
384848,9,2018-12-01,Prius,30832.89,4.4,Completed
384849,19,2018-12-14,Tundra,55846.75,5.48,Completed
384850,9,2018-12-17,Corolla,23135.07,4.4,Completed
384851,19,2018-12-29,Corolla,27211.59,5.48,Completed
384852,7,2018-12-22,Sienna,64102.9,5.39,Completed
384853,14,2018-12-19,Tacoma,44873.08,5.1,Completed
384854,16,2018-12-25,Prius,43382.03,6.06,Completed
384855,6,2018-12-01,RAV4,39378.73,3.86,Completed
384856,15,2018-12-13,Tacoma,45643.6,4.86,Completed
384857,13,2018-12-27,Highlander,84907.17,5.61,Completed
384858,4,2018-12-20,Camry,29883.45,3.81,Completed
384859,14,2018-12-01,Prius,39408.68,5.1,Completed
384860,15,2018-12-01,Camry,49842.94,4.86,Completed
384861,18,2018-12-07,Camry,49851.66,5.68,Completed
384862,4,2018-12-14,Camry,29911.56,3.81,Completed
384863,6,2018-12-25,Sienna,41521.45,3.86,Cancelled
384864,17,2018-12-21,RAV4,41215.49,4.51,Completed
384865,11,2018-12-03,Prius,31050.43,4.16,Completed
384866,20,2018-12-28,Sienna,60874.53,5.77,Completed
384867,15,2018-12-10,Highlander,80808.85,4.86,Completed
384868,18,2018-12-17,Sienna,66254.82,5.68,Cancelled
384869,4,2018-12-10,Highlander,52289.46,3.81,Completed
384870,5,2018-12-07,RAV4,50181.06,5.34,Completed
384871,17,2018-12-07,Sienna,38795.18,4.51,Completed
384872,7,2018-12-05,Prius,37255.61,5.39,Completed
384873,17,2018-12-25,Tacoma,37317.91,4.51,Completed
384874,13,2018-12-21,Prius,44431.5,5.61,Completed
384875,7,2018-12-23,RAV4,56350.95,5.39,Completed
384876,15,2018-12-17,Camry,42405.37,4.86,Completed
384877,8,2018-12-12,RAV4,50781.4,5.84,Completed
384878,20,2018-12-10,RAV4,52141.0,5.77,Completed
384879,3,2018-12-01,Tacoma,47941.82,5.69,Completed
384880,18,2018-12-06,Tundra,67723.52,5.68,Completed
384881,16,2018-12-24,Camry,46827.75,6.06,Cancelled
384882,5,2018-12-22,Corolla,29519.63,5.34,Completed
384883,17,2018-12-09,Tundra,39741.31,4.51,Completed
384884,17,2018-12-18,RAV4,35695.96,4.51,Completed
384885,10,2018-12-23,Corolla,24901.9,4.88,Completed
384886,17,2018-12-02,RAV4,42037.22,4.51,Completed
384887,17,2018-12-22,Highlander,49055.12,4.51,Completed
384888,15,2018-12-06,Prius,41260.96,4.86,Completed
384889,20,2018-12-12,RAV4,51415.66,5.77,Completed
384890,13,2018-12-01,Tundra,66574.07,5.61,Completed
384891,19,2018-12-03,Sienna,55084.79,5.48,Completed
384892,2,2018-12-16,RAV4,43906.45,4.0,Completed
384893,3,2018-12-02,Highlander,75008.18,5.69,Completed
384894,2,2018-12-14,Corolla,23792.34,4.0,Cancelled
384895,13,2018-12-25,Tacoma,56390.82,5.61,Completed
384896,19,2018-12-11,Camry,42045.78,5.48,Completed
384897,20,2018-12-19,Camry,44143.13,5.77,Completed
384898,6,2018-12-09,Tundra,38311.85,3.86,Completed
384899,8,2018-12-06,Prius,41230.79,5.84,Completed
384900,6,2018-12-02,Tacoma,38507.86,3.86,Completed
384901,20,2018-12-22,Sienna,55934.43,5.77,Completed
384902,6,2018-12-08,Tacoma,33624.03,3.86,Cancelled
384903,17,2018-12-07,Camry,30617.72,4.51,Completed
384904,15,2018-12-09,Tundra,53659.73,4.86,Completed
384905,14,2018-12-14,Prius,35388.72,5.1,Pending
384906,14,2018-12-15,Highlander,76980.1,5.1,Pending
384907,2,2018-12-05,Sienna,42378.23,4.0,Completed
384908,16,2018-12-27,Tundra,61114.33,6.06,Pending
384909,15,2018-12-27,Sienna,62418.86,4.86,Completed
384910,11,2018-12-19,Prius,30695.66,4.16,Completed
384911,11,2018-12-11,Highlander,61123.82,4.16,Completed
384912,1,2018-12-08,Tundra,45963.0,5.24,Completed
384913,5,2018-12-13,RAV4,48139.73,5.34,Cancelled
384914,17,2018-12-25,Tundra,38561.67,4.51,Completed
384915,10,2018-12-25,Highlander,59883.59,4.88,Completed
384916,14,2018-12-17,Highlander,73097.17,5.1,Completed
384917,20,2018-12-18,RAV4,50880.9,5.77,Completed
384918,16,2018-12-24,RAV4,60660.51,6.06,Completed
384919,13,2018-12-18,Sienna,67375.23,5.61,Completed
384920,13,2018-12-17,Corolla,33403.85,5.61,Completed
384921,17,2018-12-15,Tundra,39578.4,4.51,Completed
384922,5,2018-12-07,Corolla,26441.74,5.34,Completed
384923,10,2018-12-17,Highlander,61441.44,4.88,Completed
384924,13,2018-12-23,Tundra,60392.91,5.61,Completed
384925,13,2018-12-05,Sienna,62306.08,5.61,Completed
384926,11,2018-12-16,Tacoma,33310.36,4.16,Completed
384927,16,2018-12-21,Sienna,62304.13,6.06,Completed
384928,11,2018-12-23,RAV4,42053.4,4.16,Completed
384929,19,2018-12-07,Highlander,63912.17,5.48,Completed
384930,4,2018-12-27,Tacoma,32407.9,3.81,Completed
384931,10,2018-12-07,Highlander,57650.85,4.88,Completed
384932,16,2018-12-30,Highlander,78261.27,6.06,Completed
384933,5,2018-12-28,Camry,37719.1,5.34,Completed
384934,2,2018-12-22,Sienna,45356.37,4.0,Completed
384935,14,2018-12-10,Sienna,57022.34,5.1,Completed
384936,12,2018-12-08,Sienna,54678.16,5.65,Completed
384937,10,2018-12-31,Tacoma,34305.17,4.88,Completed
384938,2,2018-12-27,Tundra,42018.96,4.0,Completed
384939,1,2018-12-27,Highlander,58824.78,5.24,Completed
384940,5,2018-12-22,Prius,30438.1,5.34,Completed
384941,15,2018-12-29,Corolla,32793.81,4.86,Completed
384942,1,2018-12-25,Tacoma,42617.19,5.24,Completed
384943,20,2018-12-14,Highlander,74829.66,5.77,Completed
384944,10,2018-12-22,Corolla,27292.88,4.88,Completed
384945,18,2018-12-27,Prius,38344.52,5.68,Pending
384946,9,2018-12-13,Corolla,26152.27,4.4,Completed
384947,6,2018-12-15,Prius,25553.45,3.86,Completed
384948,18,2018-12-21,Camry,51341.55,5.68,Completed
384949,10,2018-12-21,Corolla,24355.1,4.88,Completed
384950,10,2018-12-08,Tundra,42050.68,4.88,Completed
384951,6,2018-12-06,Tacoma,37478.44,3.86,Completed
384952,4,2018-12-08,Tacoma,36513.44,3.81,Completed
384953,12,2018-12-14,RAV4,59007.27,5.65,Completed
384954,9,2018-12-29,Tundra,41860.24,4.4,Completed
384955,1,2018-12-28,Sienna,53245.48,5.24,Completed
384956,18,2018-12-09,Camry,54458.08,5.68,Completed
384957,1,2018-12-25,Tacoma,38440.64,5.24,Completed
384958,11,2018-12-08,Tundra,45389.81,4.16,Completed
384959,7,2018-12-11,Tacoma,53893.63,5.39,Completed
384960,2,2018-12-04,Corolla,24358.96,4.0,Completed
384961,13,2018-12-24,Prius,41615.3,5.61,Completed
384962,6,2018-12-11,Highlander,52816.03,3.86,Completed
384963,18,2018-12-02,Sienna,68397.1,5.68,Completed
384964,19,2018-12-25,Sienna,49825.0,5.48,Completed
384965,12,2018-12-16,Tacoma,51167.07,5.65,Completed
384966,18,2018-12-14,Tundra,63332.03,5.68,Completed
384967,5,2018-12-13,Sienna,55470.1,5.34,Completed
384968,6,2018-12-27,Tundra,44383.92,3.86,Completed
384969,5,2018-12-26,Prius,34819.87,5.34,Completed
384970,3,2018-12-25,Sienna,61282.58,5.69,Pending
384971,10,2018-12-24,Prius,26976.98,4.88,Completed
384972,11,2018-12-08,Sienna,42921.59,4.16,Completed
384973,16,2018-12-21,Prius,42257.61,6.06,Completed
384974,13,2018-12-18,Highlander,76134.72,5.61,Completed
384975,18,2018-12-09,RAV4,55948.65,5.68,Pending
384976,17,2018-12-31,Tundra,44171.81,4.51,Completed
384977,6,2018-12-22,RAV4,38073.17,3.86,Completed
384978,17,2018-12-22,Tacoma,36052.4,4.51,Completed
384979,3,2018-12-01,Camry,51075.3,5.69,Cancelled
384980,20,2018-12-14,Sienna,61414.57,5.77,Completed
384981,7,2018-12-08,RAV4,51621.98,5.39,Completed
384982,1,2018-12-29,Highlander,69379.34,5.24,Completed
384983,15,2018-12-12,Prius,40696.3,4.86,Completed
384984,8,2018-12-26,Tundra,54566.68,5.84,Completed
384985,9,2018-12-15,Camry,34261.02,4.4,Completed
384986,14,2018-12-14,Tacoma,47802.61,5.1,Completed
384987,14,2018-12-29,Camry,40802.98,5.1,Completed
384988,5,2018-12-15,Camry,36791.29,5.34,Completed
384989,13,2018-12-26,Prius,40239.84,5.61,Completed
384990,5,2018-12-13,Highlander,62908.43,5.34,Completed
384991,11,2018-12-24,RAV4,41769.35,4.16,Completed
384992,6,2018-12-17,Camry,31071.35,3.86,Completed
384993,5,2018-12-25,Corolla,28958.12,5.34,Completed
384994,15,2018-12-05,Highlander,73210.49,4.86,Completed
384995,12,2018-12-18,Corolla,36483.24,5.65,Completed
384996,12,2018-12-17,Corolla,31967.86,5.65,Completed
384997,5,2018-12-22,Corolla,26130.96,5.34,Completed
384998,13,2018-12-21,Corolla,35734.25,5.61,Completed
384999,17,2018-12-18,Highlander,50456.39,4.51,Completed
385000,10,2018-12-18,Corolla,26998.35,4.88,Completed
385001,13,2018-12-21,Camry,46797.89,5.61,Completed
385002,4,2018-12-31,Tacoma,35652.21,3.81,Cancelled
385003,2,2018-12-26,Prius,27504.95,4.0,Completed
385004,1,2018-12-07,RAV4,48440.24,5.24,Completed
385005,16,2018-12-10,Camry,49569.42,6.06,Completed
385006,20,2018-12-19,Tacoma,53223.16,5.77,Completed
385007,11,2018-12-26,RAV4,41062.76,4.16,Completed
385008,19,2018-12-14,Sienna,48460.07,5.48,Completed
385009,7,2018-12-19,Sienna,64102.54,5.39,Completed
385010,1,2018-12-29,Camry,40254.86,5.24,Completed
385011,18,2018-12-25,Tundra,69934.32,5.68,Completed
385012,18,2018-12-09,Corolla,33810.21,5.68,Completed
385013,11,2018-12-14,Tacoma,36543.13,4.16,Completed
385014,19,2018-12-04,RAV4,44255.27,5.48,Completed
385015,6,2018-12-16,Tundra,40019.73,3.86,Completed
385016,2,2018-12-10,Sienna,42646.26,4.0,Completed
385017,11,2018-12-09,Tundra,40571.79,4.16,Completed
385018,9,2018-12-08,Camry,32330.2,4.4,Completed
385019,8,2018-12-05,Highlander,79024.03,5.84,Completed
385020,1,2018-12-07,RAV4,46799.51,5.24,Completed
385021,5,2018-12-25,RAV4,48264.74,5.34,Completed
385022,9,2018-12-06,Tacoma,36567.23,4.4,Completed
385023,16,2018-12-10,Prius,36990.08,6.06,Completed
385024,11,2018-12-10,Camry,36413.32,4.16,Completed
385025,12,2018-12-09,Corolla,34827.09,5.65,Completed
385026,18,2018-12-06,Corolla,38087.57,5.68,Completed
385027,10,2018-12-03,RAV4,44117.14,4.88,Completed
385028,4,2018-12-18,Corolla,25517.14,3.81,Completed
385029,8,2018-12-04,Sienna,58091.38,5.84,Completed
385030,5,2018-12-03,Sienna,54488.73,5.34,Completed
385031,11,2018-12-18,Prius,27842.34,4.16,Completed
385032,19,2018-12-21,Highlander,69294.89,5.48,Completed
385033,13,2018-12-15,RAV4,54565.66,5.61,Completed
385034,17,2018-12-01,Corolla,26456.8,4.51,Completed
385035,1,2018-12-25,Tundra,53544.16,5.24,Completed
385036,13,2018-12-05,RAV4,58206.67,5.61,Completed
385037,19,2018-12-24,RAV4,45540.47,5.48,Completed
385038,9,2018-12-07,Sienna,45811.72,4.4,Cancelled
385039,12,2018-12-17,Camry,44949.66,5.65,Completed
385040,7,2018-12-17,Tacoma,49958.74,5.39,Completed
385041,5,2018-12-17,Highlander,62634.58,5.34,Completed
385042,3,2018-12-17,Sienna,60691.64,5.69,Completed
385043,18,2018-12-19,Prius,38852.31,5.68,Completed
385044,11,2018-12-31,Tundra,43931.94,4.16,Completed
385045,1,2018-12-28,RAV4,43853.74,5.24,Completed
385046,20,2018-12-01,Highlander,82775.29,5.77,Completed
385047,19,2018-12-27,Tacoma,42250.84,5.48,Completed
385048,20,2018-12-23,Tundra,54355.42,5.77,Completed
385049,18,2018-12-30,Sienna,61958.02,5.68,Completed
385050,11,2018-12-22,Tacoma,37705.95,4.16,Completed
385051,5,2018-12-26,Prius,35093.48,5.34,Pending
385052,7,2018-12-03,Highlander,73086.97,5.39,Completed
385053,2,2018-12-11,Prius,29848.44,4.0,Completed
385054,12,2018-12-25,Corolla,35795.91,5.65,Completed
385055,4,2018-12-27,Camry,30609.36,3.81,Completed
385056,13,2018-12-31,Corolla,37687.67,5.61,Completed
385057,12,2018-12-20,Camry,45792.01,5.65,Completed
385058,1,2018-12-29,RAV4,43969.64,5.24,Completed
385059,16,2018-12-17,RAV4,60282.45,6.06,Completed
385060,12,2018-12-17,Corolla,32891.15,5.65,Completed
385061,13,2018-12-26,Tundra,63439.38,5.61,Completed
385062,14,2018-12-24,RAV4,56066.97,5.1,Completed
385063,20,2018-12-09,Camry,47459.76,5.77,Completed
385064,16,2018-12-05,Tacoma,47857.11,6.06,Completed
385065,15,2018-12-04,Camry,50557.75,4.86,Completed
385066,18,2018-12-03,Prius,43273.33,5.68,Completed
385067,20,2018-12-16,Camry,50388.52,5.77,Completed
385068,6,2018-12-06,Prius,25561.09,3.86,Completed
385069,6,2018-12-19,Tacoma,38815.08,3.86,Completed
385070,16,2018-12-06,Prius,39410.3,6.06,Pending
385071,19,2018-12-30,RAV4,43704.64,5.48,Completed
385072,7,2018-12-26,Tacoma,56400.57,5.39,Completed
385073,2,2018-12-28,Tundra,47238.2,4.0,Completed
385074,20,2018-12-11,RAV4,56836.36,5.77,Completed
385075,3,2018-12-31,Corolla,37300.86,5.69,Completed
385076,13,2018-12-16,Tacoma,56962.63,5.61,Completed
385077,17,2018-12-26,Prius,24800.34,4.51,Completed
385078,2,2018-12-23,RAV4,38071.01,4.0,Completed
385079,6,2018-12-04,Highlander,58832.8,3.86,Completed
385080,18,2018-12-06,Corolla,34428.33,5.68,Completed
385081,20,2018-12-15,Tacoma,50079.29,5.77,Completed
385082,2,2018-12-09,Sienna,43817.24,4.0,Completed
385083,1,2018-12-14,RAV4,42198.86,5.24,Completed
385084,20,2018-12-20,Sienna,62362.71,5.77,Completed
385085,3,2018-12-10,Sienna,67839.94,5.69,Completed
385086,19,2018-12-10,Tacoma,40909.11,5.48,Completed
385087,12,2018-12-04,Camry,48158.45,5.65,Completed
385088,19,2018-12-20,Tacoma,45796.39,5.48,Completed
385089,18,2018-12-26,Corolla,36416.59,5.68,Completed
385090,1,2018-12-02,Highlander,63079.27,5.24,Completed
385091,9,2018-12-25,RAV4,38148.64,4.4,Cancelled
385092,9,2018-12-27,Tundra,45710.13,4.4,Completed
385093,5,2018-12-27,Corolla,31618.75,5.34,Completed
385094,6,2018-12-28,Tacoma,36472.05,3.86,Completed
385095,18,2018-12-03,Tundra,62904.65,5.68,Completed
385096,16,2018-12-04,Sienna,66669.14,6.06,Completed
385097,15,2018-12-24,Tundra,63811.12,4.86,Completed
385098,6,2018-12-02,Camry,30787.99,3.86,Completed
385099,16,2018-12-29,Sienna,57555.59,6.06,Completed
385100,5,2018-12-14,Prius,33816.62,5.34,Completed
385101,14,2018-12-21,Camry,46206.58,5.1,Completed
385102,1,2018-12-28,Tacoma,44940.42,5.24,Completed
385103,15,2018-12-21,Tacoma,47117.06,4.86,Completed
385104,8,2018-12-04,Sienna,56757.42,5.84,Completed
385105,2,2018-12-23,Corolla,25879.09,4.0,Completed
385106,7,2018-12-14,Prius,37227.21,5.39,Completed
385107,17,2018-12-28,Prius,30069.77,4.51,Completed
385108,15,2018-12-18,Camry,45835.97,4.86,Completed
385109,3,2018-12-14,Corolla,34325.56,5.69,Completed
385110,17,2018-12-22,Prius,28398.06,4.51,Completed
385111,4,2018-12-23,Prius,29405.75,3.81,Completed
385112,15,2018-12-10,Corolla,34606.7,4.86,Pending
385113,9,2018-12-04,Camry,32918.75,4.4,Completed
385114,3,2018-12-11,Highlander,78296.33,5.69,Completed
385115,6,2018-12-22,RAV4,40037.27,3.86,Completed
385116,14,2018-12-18,Camry,42607.53,5.1,Completed
385117,11,2018-12-16,Tacoma,34998.44,4.16,Completed
385118,2,2018-12-27,Corolla,24513.58,4.0,Completed
385119,7,2018-12-17,Tundra,63719.2,5.39,Completed
385120,12,2018-12-08,Sienna,57435.77,5.65,Completed
385121,17,2018-12-12,Tundra,44344.09,4.51,Pending
385122,18,2018-12-05,RAV4,61058.71,5.68,Completed
385123,19,2018-12-01,Corolla,31903.81,5.48,Completed
385124,2,2018-12-16,Tundra,42070.17,4.0,Completed
385125,12,2018-12-24,Tundra,55842.61,5.65,Completed
385126,7,2018-12-18,RAV4,58486.56,5.39,Completed
385127,4,2018-12-18,Prius,26718.05,3.81,Completed
385128,16,2018-12-06,Tundra,62496.45,6.06,Completed
385129,4,2018-12-04,RAV4,38271.57,3.81,Completed
385130,2,2018-12-14,RAV4,42968.67,4.0,Completed
385131,4,2018-12-22,RAV4,34845.13,3.81,Completed
385132,10,2018-12-27,Camry,38088.97,4.88,Completed
385133,8,2018-12-30,Tundra,60471.04,5.84,Completed
385134,7,2018-12-28,Corolla,31466.09,5.39,Completed
385135,7,2018-12-06,Prius,39639.14,5.39,Cancelled
385136,3,2018-12-31,Corolla,36171.07,5.69,Completed
385137,10,2018-12-11,RAV4,43143.09,4.88,Completed
385138,9,2018-12-14,Tundra,43664.64,4.4,Completed
385139,11,2018-12-23,Tundra,47685.42,4.16,Cancelled
385140,8,2018-12-15,Sienna,58076.25,5.84,Completed
385141,18,2018-12-22,RAV4,58530.42,5.68,Completed
385142,12,2018-12-26,Prius,36108.06,5.65,Completed
385143,7,2018-12-04,RAV4,56106.91,5.39,Pending
385144,5,2018-12-10,Tundra,46849.38,5.34,Completed
385145,2,2018-12-01,Tundra,42423.14,4.0,Cancelled
385146,10,2018-12-14,Camry,35324.16,4.88,Completed
385147,1,2018-12-24,RAV4,44484.81,5.24,Completed
385148,18,2018-12-03,Tacoma,59293.75,5.68,Completed
385149,15,2018-12-09,RAV4,50270.11,4.86,Completed
385150,8,2018-12-04,Tacoma,46729.07,5.84,Completed
385151,13,2018-12-26,Sienna,57695.82,5.61,Completed
385152,14,2018-12-03,Corolla,31083.6,5.1,Completed
385153,8,2018-12-30,Prius,39835.33,5.84,Completed
385154,19,2018-12-22,Tundra,56027.25,5.48,Completed
385155,12,2018-12-12,Prius,34657.5,5.65,Completed
385156,8,2018-12-25,Tundra,57304.72,5.84,Completed
385157,11,2018-12-17,Prius,30736.82,4.16,Completed
385158,4,2018-12-05,Tacoma,38320.79,3.81,Completed
385159,5,2018-12-02,Tundra,46607.93,5.34,Completed
385160,14,2018-12-06,Camry,46166.71,5.1,Completed
385161,3,2018-12-23,RAV4,55344.94,5.69,Completed
385162,13,2018-12-19,Corolla,38053.39,5.61,Completed
385163,15,2018-12-08,Camry,45619.79,4.86,Completed
385164,18,2018-12-15,Sienna,62074.52,5.68,Completed
385165,7,2018-12-16,Highlander,74724.34,5.39,Completed
385166,3,2018-12-25,Sienna,60207.1,5.69,Completed
385167,19,2018-12-23,Camry,41857.07,5.48,Completed
385168,12,2018-12-24,Sienna,56693.62,5.65,Completed
385169,17,2018-12-29,Tundra,44032.85,4.51,Completed
385170,15,2018-12-02,Corolla,35495.19,4.86,Completed
385171,12,2018-12-06,Corolla,34682.65,5.65,Completed
385172,17,2018-12-22,Corolla,22965.16,4.51,Completed
385173,17,2018-12-03,RAV4,38828.07,4.51,Completed
385174,14,2018-12-23,Tundra,53759.93,5.1,Completed
385175,9,2018-12-14,Corolla,23516.83,4.4,Completed
385176,20,2018-12-03,Tundra,65524.85,5.77,Completed
385177,10,2018-12-24,Highlander,56842.3,4.88,Completed
385178,9,2018-12-03,Highlander,58485.2,4.4,Completed
385179,6,2018-12-27,Tundra,44945.98,3.86,Completed
385180,2,2018-12-04,Prius,31315.9,4.0,Completed
385181,2,2018-12-14,Highlander,57511.82,4.0,Pending
385182,4,2018-12-31,Prius,24410.47,3.81,Completed
385183,2,2018-12-19,Highlander,60334.77,4.0,Completed
385184,13,2018-12-28,Corolla,32827.72,5.61,Completed
385185,20,2018-12-25,Camry,49157.27,5.77,Completed
385186,15,2018-12-03,Sienna,64370.24,4.86,Completed
385187,17,2018-12-07,Tacoma,32567.26,4.51,Completed
385188,15,2018-12-16,Highlander,69232.7,4.86,Completed
385189,1,2018-12-21,Sienna,46699.66,5.24,Completed
385190,1,2018-12-09,Sienna,48772.68,5.24,Completed
385191,20,2018-12-03,Tacoma,55190.17,5.77,Completed
385192,15,2018-12-06,Tundra,54314.34,4.86,Completed
385193,16,2018-12-25,Tacoma,49043.0,6.06,Completed
385194,12,2018-12-12,Corolla,35861.33,5.65,Completed
385195,16,2018-12-20,Camry,44909.08,6.06,Completed
385196,20,2018-12-10,Tundra,63001.64,5.77,Completed
385197,13,2018-12-09,Tundra,62925.57,5.61,Completed
385198,2,2018-12-01,Tacoma,42220.18,4.0,Completed
385199,14,2018-12-20,Camry,40875.72,5.1,Pending
385200,5,2018-12-24,Prius,32822.95,5.34,Completed
385201,3,2018-12-24,Tacoma,52060.82,5.69,Completed
385202,8,2018-12-21,Prius,38665.55,5.84,Completed
385203,12,2018-12-24,Prius,40646.06,5.65,Pending
385204,16,2018-12-31,Prius,36767.74,6.06,Completed
385205,11,2018-12-25,Tacoma,36722.34,4.16,Completed
385206,6,2018-12-25,Corolla,26259.56,3.86,Completed
385207,18,2018-12-24,Corolla,37596.63,5.68,Completed
385208,15,2018-12-15,Highlander,82296.34,4.86,Completed
385209,11,2018-12-07,RAV4,42088.7,4.16,Completed
385210,3,2018-12-18,Prius,43879.87,5.69,Completed
385211,4,2018-12-31,Camry,30788.31,3.81,Completed
385212,13,2018-12-02,Prius,37830.22,5.61,Completed
385213,8,2018-12-03,Prius,36788.89,5.84,Completed
385214,7,2018-12-11,RAV4,54318.86,5.39,Completed
385215,19,2018-12-31,Tundra,49870.23,5.48,Completed
385216,15,2018-12-02,Tundra,53981.57,4.86,Completed
385217,12,2018-12-16,Sienna,54581.36,5.65,Completed
385218,16,2018-12-08,Corolla,35028.94,6.06,Completed
385219,4,2018-12-26,Prius,26434.64,3.81,Completed
385220,9,2018-12-14,Prius,28324.46,4.4,Completed
385221,4,2018-12-22,RAV4,36095.86,3.81,Completed
385222,4,2018-12-30,Tundra,38129.52,3.81,Completed
385223,3,2018-12-13,Highlander,74604.85,5.69,Completed
385224,20,2018-12-31,Highlander,82309.4,5.77,Completed
385225,8,2018-12-22,Tacoma,47008.87,5.84,Pending
385226,4,2018-12-15,Tacoma,33293.76,3.81,Completed
385227,7,2018-12-26,Prius,39303.83,5.39,Completed
385228,19,2018-12-31,Tacoma,45418.63,5.48,Completed
385229,19,2018-12-18,Corolla,27104.68,5.48,Completed
385230,15,2018-12-02,Tundra,63141.55,4.86,Completed
385231,15,2018-12-19,Prius,37069.64,4.86,Pending
385232,14,2018-12-04,Tacoma,50379.77,5.1,Completed
385233,14,2018-12-16,Sienna,58823.21,5.1,Completed
385234,3,2018-12-15,Prius,43096.79,5.69,Completed
385235,1,2018-12-17,Corolla,26019.64,5.24,Completed
385236,7,2018-12-13,RAV4,51379.93,5.39,Completed
385237,12,2018-12-15,Tacoma,47639.35,5.65,Completed
385238,10,2018-12-29,Sienna,40956.5,4.88,Completed
385239,20,2018-12-30,Prius,42816.18,5.77,Pending
385240,19,2018-12-25,Tundra,55463.79,5.48,Completed
385241,2,2018-12-22,Tacoma,36101.46,4.0,Completed
385242,19,2018-12-26,Sienna,55029.8,5.48,Completed
385243,10,2018-12-05,Highlander,53943.62,4.88,Completed
385244,14,2018-12-01,RAV4,54718.88,5.1,Completed
385245,18,2018-12-17,Tacoma,57665.53,5.68,Completed
385246,15,2018-12-18,RAV4,49396.48,4.86,Completed
385247,13,2018-12-13,Prius,43987.46,5.61,Completed
385248,12,2018-12-11,Camry,50596.67,5.65,Completed
385249,4,2018-12-31,Highlander,55930.08,3.81,Completed
385250,13,2018-12-16,Sienna,60261.61,5.61,Completed
385251,14,2018-12-24,Corolla,30749.25,5.1,Completed
385252,8,2018-12-04,Camry,49707.46,5.84,Completed
385253,13,2018-12-20,Highlander,73796.19,5.61,Completed
385254,9,2018-12-08,Highlander,50758.39,4.4,Completed
385255,14,2018-12-08,Sienna,60864.92,5.1,Completed
385256,4,2018-12-10,Sienna,40840.86,3.81,Completed
385257,20,2018-12-08,Tundra,60211.04,5.77,Completed
385258,13,2018-12-25,Sienna,60557.26,5.61,Completed
385259,13,2018-12-07,RAV4,56614.25,5.61,Completed
385260,12,2018-12-10,Prius,39961.29,5.65,Completed
385261,6,2018-12-15,Prius,28989.96,3.86,Completed
385262,6,2018-12-21,Prius,26890.93,3.86,Completed
385263,18,2018-12-26,Sienna,68024.29,5.68,Completed
385264,3,2018-12-04,Corolla,32470.62,5.69,Completed
385265,4,2018-12-26,Prius,28610.7,3.81,Completed
385266,18,2018-12-26,Prius,45687.82,5.68,Completed
385267,20,2018-12-28,RAV4,55865.82,5.77,Completed
385268,10,2018-12-15,Tacoma,39721.63,4.88,Completed
385269,17,2018-12-29,Highlander,58738.31,4.51,Completed
385270,15,2018-12-08,Prius,36806.5,4.86,Completed
385271,9,2018-12-24,RAV4,42627.95,4.4,Completed
385272,2,2018-12-08,Tundra,47791.82,4.0,Completed
385273,19,2018-12-02,Sienna,50494.77,5.48,Completed
385274,8,2018-12-20,Camry,48092.47,5.84,Completed
385275,1,2018-12-14,Prius,30566.22,5.24,Completed
385276,12,2018-12-09,Tundra,55502.94,5.65,Completed
385277,16,2018-12-17,Sienna,62335.03,6.06,Completed
385278,17,2018-12-26,Camry,34452.43,4.51,Completed
385279,8,2018-12-17,Highlander,77449.56,5.84,Completed
385280,12,2018-12-31,Tundra,58514.73,5.65,Completed
385281,12,2018-12-14,Tundra,61333.75,5.65,Completed
385282,1,2018-12-11,Sienna,54837.81,5.24,Completed
385283,15,2018-12-21,Prius,38676.09,4.86,Completed
385284,16,2018-12-13,Corolla,35566.5,6.06,Completed
385285,18,2018-12-19,Camry,46620.96,5.68,Completed
385286,1,2018-12-12,RAV4,47640.12,5.24,Completed
385287,17,2018-12-15,Corolla,24805.25,4.51,Completed
385288,13,2018-12-18,Highlander,72517.51,5.61,Completed
385289,13,2018-12-03,Tacoma,48483.73,5.61,Completed
385290,5,2018-12-07,Prius,32108.16,5.34,Completed
385291,5,2018-12-01,Sienna,55155.55,5.34,Completed
385292,11,2018-12-29,Prius,28888.31,4.16,Completed
385293,19,2018-12-05,Sienna,53656.57,5.48,Completed
385294,18,2018-12-26,Highlander,89961.73,5.68,Completed
385295,7,2018-12-27,Tundra,57529.63,5.39,Completed
385296,5,2018-12-19,Tacoma,41782.52,5.34,Completed
385297,17,2018-12-20,RAV4,36765.53,4.51,Completed
385298,17,2018-12-13,RAV4,40003.57,4.51,Completed
385299,9,2018-12-02,Tacoma,33961.92,4.4,Completed
385300,18,2018-12-24,Highlander,81619.12,5.68,Completed
385301,2,2018-12-21,Sienna,45975.88,4.0,Completed
385302,4,2018-12-12,RAV4,36585.35,3.81,Completed
385303,11,2018-12-25,Sienna,43679.5,4.16,Completed
385304,10,2018-12-10,Highlander,57898.7,4.88,Completed
385305,10,2018-12-27,Camry,35361.5,4.88,Completed
385306,13,2018-12-10,Highlander,86052.84,5.61,Completed
385307,4,2018-12-06,Highlander,53379.87,3.81,Completed
385308,17,2018-12-23,Camry,30087.39,4.51,Completed
385309,12,2018-12-24,Camry,42015.89,5.65,Completed
385310,11,2018-12-08,Tacoma,40451.21,4.16,Completed
385311,19,2018-12-05,Camry,41990.44,5.48,Completed
385312,5,2018-12-24,Prius,32354.54,5.34,Completed
385313,1,2018-12-16,Camry,42499.42,5.24,Completed
385314,10,2018-12-07,Corolla,23169.6,4.88,Completed
385315,16,2018-12-04,Tacoma,52302.07,6.06,Completed
385316,17,2018-12-29,Tundra,38152.22,4.51,Completed
385317,11,2018-12-15,Prius,31336.77,4.16,Completed
385318,10,2018-12-12,Corolla,26465.44,4.88,Completed
385319,8,2018-12-08,Tacoma,45702.9,5.84,Completed
385320,20,2018-12-04,Highlander,71266.01,5.77,Completed
385321,13,2018-12-16,RAV4,56216.33,5.61,Completed
385322,18,2018-12-26,Corolla,39751.6,5.68,Completed
385323,6,2018-12-10,RAV4,41570.66,3.86,Completed
385324,13,2018-12-07,RAV4,56370.12,5.61,Completed
385325,13,2018-12-05,Tundra,57151.04,5.61,Completed
385326,16,2018-12-24,Sienna,63959.1,6.06,Completed
385327,17,2018-12-21,Highlander,53471.06,4.51,Completed
385328,8,2018-12-03,Highlander,76659.54,5.84,Completed
385329,17,2018-12-26,Sienna,41999.86,4.51,Completed
385330,1,2018-12-07,Camry,39013.02,5.24,Completed
385331,10,2018-12-01,Highlander,55513.61,4.88,Completed
385332,4,2018-12-04,Sienna,39952.77,3.81,Completed
385333,12,2018-12-04,Tacoma,47885.01,5.65,Completed
385334,9,2018-12-26,Corolla,23937.14,4.4,Completed
385335,19,2018-12-24,RAV4,44584.31,5.48,Completed
385336,3,2018-12-26,Tacoma,57290.37,5.69,Completed
385337,17,2018-12-09,RAV4,38762.46,4.51,Completed
385338,5,2018-12-28,Tundra,51046.31,5.34,Completed
385339,19,2018-12-15,RAV4,43393.97,5.48,Completed
385340,11,2018-12-17,Camry,35848.14,4.16,Completed
385341,2,2018-12-24,Prius,30057.77,4.0,Completed
385342,11,2018-12-04,Tundra,46045.21,4.16,Completed
385343,14,2018-12-04,Prius,39791.9,5.1,Completed
385344,6,2018-12-28,Tundra,39354.92,3.86,Completed
385345,14,2018-12-25,Sienna,58819.47,5.1,Completed
385346,3,2018-12-04,Corolla,32769.55,5.69,Completed
385347,8,2018-12-10,Prius,37915.8,5.84,Completed
385348,10,2018-12-11,Corolla,26979.51,4.88,Completed
385349,7,2018-12-31,Sienna,59018.79,5.39,Completed
385350,10,2018-12-20,Corolla,27796.97,4.88,Completed
385351,8,2018-12-20,Prius,41769.39,5.84,Completed
385352,4,2018-12-11,Highlander,52947.2,3.81,Completed
385353,16,2018-12-01,RAV4,59110.96,6.06,Completed
385354,1,2018-12-13,Corolla,30518.98,5.24,Completed
385355,16,2018-12-03,Camry,50392.76,6.06,Pending
385356,18,2018-12-22,Corolla,33749.17,5.68,Completed
385357,16,2018-12-18,RAV4,54478.54,6.06,Completed
385358,20,2018-12-05,Prius,41396.33,5.77,Completed
385359,20,2018-12-21,Tundra,63217.55,5.77,Completed
385360,17,2018-12-07,Tundra,38975.88,4.51,Completed
385361,10,2018-12-18,Corolla,26398.24,4.88,Completed
385362,13,2018-12-24,Tacoma,50001.15,5.61,Completed
385363,4,2018-12-26,Tacoma,36024.69,3.81,Completed
385364,10,2018-12-09,Prius,26408.3,4.88,Completed
385365,16,2018-12-09,RAV4,55184.75,6.06,Cancelled
385366,4,2018-12-21,Camry,35372.85,3.81,Completed
385367,9,2018-12-28,RAV4,39256.25,4.4,Completed
385368,14,2018-12-15,Sienna,60645.44,5.1,Completed
385369,17,2018-12-24,Tacoma,38408.77,4.51,Completed
385370,14,2018-12-29,Camry,47216.36,5.1,Completed
385371,20,2018-12-17,Tundra,61485.5,5.77,Completed
385372,5,2018-12-12,Prius,34129.23,5.34,Completed
385373,12,2018-12-19,Corolla,32894.55,5.65,Completed
385374,2,2018-12-30,Sienna,45549.52,4.0,Completed
385375,17,2018-12-02,Highlander,58135.01,4.51,Completed
385376,8,2018-12-21,Corolla,30902.79,5.84,Completed
385377,18,2018-12-23,Corolla,34563.59,5.68,Completed
385378,13,2018-12-24,RAV4,59437.59,5.61,Completed
385379,20,2018-12-08,Corolla,36107.54,5.77,Completed
385380,20,2018-12-27,Highlander,71225.47,5.77,Completed
385381,10,2018-12-12,RAV4,42286.3,4.88,Completed
385382,14,2018-12-02,Prius,38044.61,5.1,Completed
385383,19,2018-12-07,Tacoma,45070.44,5.48,Completed
385384,1,2018-12-06,RAV4,49623.13,5.24,Completed
385385,12,2018-12-27,Corolla,35896.28,5.65,Completed
385386,5,2018-12-05,Highlander,70037.22,5.34,Completed
385387,5,2018-12-06,Tundra,50299.15,5.34,Completed
385388,12,2018-12-13,Prius,35105.88,5.65,Completed
385389,16,2018-12-25,RAV4,52514.62,6.06,Completed
385390,1,2018-12-18,Tundra,47861.32,5.24,Completed
385391,6,2018-12-17,Sienna,39163.24,3.86,Completed
385392,14,2018-12-16,Tundra,55456.82,5.1,Completed
385393,7,2018-12-12,Sienna,61442.64,5.39,Completed
385394,17,2018-12-10,Camry,30042.31,4.51,Completed
385395,5,2018-12-19,Tundra,47967.53,5.34,Cancelled
385396,17,2018-12-15,Highlander,54811.3,4.51,Completed
385397,3,2018-12-19,Tundra,58294.59,5.69,Completed
385398,8,2018-12-28,Highlander,82207.27,5.84,Completed
385399,20,2018-12-08,Tacoma,53635.76,5.77,Completed
385400,3,2018-12-04,Sienna,58419.46,5.69,Completed
385401,7,2018-12-21,Camry,44825.69,5.39,Completed
385402,13,2018-12-25,Camry,47373.59,5.61,Cancelled
385403,4,2018-12-19,Highlander,47526.95,3.81,Completed
385404,19,2018-12-21,Corolla,31560.07,5.48,Completed
385405,14,2018-12-10,Highlander,67033.16,5.1,Completed
385406,10,2018-12-12,Camry,32688.82,4.88,Completed
385407,3,2018-12-21,RAV4,58445.19,5.69,Completed
385408,6,2018-12-18,Highlander,52124.06,3.86,Completed
385409,3,2018-12-14,Highlander,73241.21,5.69,Completed
385410,1,2018-12-20,Sienna,53997.7,5.24,Pending
385411,3,2018-12-03,RAV4,60565.1,5.69,Completed
385412,20,2018-12-02,Tacoma,52790.4,5.77,Completed
385413,18,2018-12-09,Tundra,58091.68,5.68,Completed
385414,5,2018-12-26,Prius,35126.44,5.34,Completed
385415,15,2018-12-23,Sienna,61234.2,4.86,Completed
385416,10,2018-12-15,Camry,33416.44,4.88,Completed
385417,11,2018-12-04,Camry,37337.54,4.16,Completed
385418,18,2018-12-09,Sienna,65827.22,5.68,Completed
385419,17,2018-12-15,Tundra,40486.31,4.51,Completed
385420,4,2018-12-07,Camry,32977.79,3.81,Completed
385421,14,2018-12-06,RAV4,51969.24,5.1,Completed
385422,11,2018-12-16,Corolla,25266.43,4.16,Completed
385423,9,2018-12-12,Corolla,26514.4,4.4,Completed
385424,8,2018-12-26,Corolla,34920.05,5.84,Completed
385425,18,2018-12-24,Corolla,40509.21,5.68,Completed
385426,5,2018-12-09,Prius,32706.51,5.34,Completed
385427,15,2018-12-11,Camry,50561.21,4.86,Completed
385428,18,2018-12-07,Sienna,68232.61,5.68,Completed
385429,1,2018-12-06,Camry,41232.83,5.24,Completed
385430,7,2018-12-11,RAV4,59680.32,5.39,Completed
385431,3,2018-12-20,Tacoma,47601.93,5.69,Completed
385432,15,2018-12-17,Camry,48775.97,4.86,Completed
385433,13,2018-12-28,Tundra,62940.62,5.61,Completed
385434,14,2018-12-31,Highlander,71044.74,5.1,Completed
385435,1,2018-12-17,Camry,41985.89,5.24,Completed
385436,13,2018-12-30,Camry,50773.91,5.61,Completed
385437,16,2018-12-19,Sienna,57624.66,6.06,Completed
385438,10,2018-12-03,Tundra,46198.53,4.88,Completed
385439,6,2018-12-29,Corolla,24908.83,3.86,Completed
385440,3,2018-12-11,Tacoma,53970.91,5.69,Completed
385441,7,2018-12-12,RAV4,60389.8,5.39,Completed
385442,19,2018-12-03,Tacoma,44387.63,5.48,Completed
385443,5,2018-12-28,Tundra,46376.95,5.34,Completed
385444,19,2018-12-12,Sienna,55569.26,5.48,Completed
385445,19,2018-12-22,Corolla,31462.92,5.48,Completed
385446,13,2018-12-26,Sienna,61101.12,5.61,Completed
385447,18,2018-12-24,Prius,41437.49,5.68,Completed
385448,14,2018-12-10,Corolla,35470.22,5.1,Completed
385449,12,2018-12-03,Tundra,56658.14,5.65,Completed
385450,11,2018-12-22,Sienna,44714.75,4.16,Completed
385451,2,2018-12-01,Prius,27990.26,4.0,Completed
385452,2,2018-12-11,Camry,35847.82,4.0,Completed
385453,17,2018-12-31,Prius,29233.37,4.51,Completed
385454,1,2018-12-14,Camry,39740.04,5.24,Completed
385455,16,2018-12-25,Corolla,36641.92,6.06,Completed
385456,13,2018-12-21,Tundra,58710.79,5.61,Completed
385457,20,2018-12-27,Camry,49854.82,5.77,Completed
385458,11,2018-12-21,RAV4,40718.12,4.16,Completed
385459,5,2018-12-28,Corolla,29377.16,5.34,Completed
385460,10,2018-12-04,Sienna,45336.78,4.88,Completed
385461,20,2018-12-18,Highlander,70545.23,5.77,Completed
385462,5,2018-12-25,Highlander,58796.34,5.34,Completed
385463,7,2018-12-04,Highlander,78069.36,5.39,Completed
385464,8,2018-12-23,RAV4,59018.88,5.84,Completed
385465,6,2018-12-09,Camry,35096.45,3.86,Completed
385466,20,2018-12-09,Sienna,58148.77,5.77,Completed
385467,14,2018-12-30,Prius,40946.73,5.1,Completed
385468,9,2018-12-04,Corolla,25903.18,4.4,Completed
385469,1,2018-12-04,Sienna,46932.92,5.24,Completed
385470,1,2018-12-30,Sienna,54281.88,5.24,Completed
385471,2,2018-12-15,Tundra,45680.86,4.0,Completed
385472,11,2018-12-04,Sienna,40383.6,4.16,Completed
385473,7,2018-12-18,Tundra,55291.61,5.39,Completed
385474,5,2018-12-08,Corolla,30748.51,5.34,Completed
385475,12,2018-12-28,RAV4,51850.75,5.65,Completed
385476,20,2018-12-20,Highlander,79242.4,5.77,Completed
385477,8,2018-12-25,Tundra,60235.25,5.84,Completed
385478,17,2018-12-26,Tacoma,36001.83,4.51,Completed
385479,13,2018-12-01,Corolla,37516.41,5.61,Completed
385480,9,2018-12-06,Corolla,22927.43,4.4,Completed
385481,5,2018-12-06,Camry,39584.31,5.34,Completed
385482,14,2018-12-07,Highlander,74750.87,5.1,Completed
385483,19,2018-12-03,RAV4,51055.77,5.48,Completed
385484,9,2018-12-02,Tundra,41666.91,4.4,Completed
385485,20,2018-12-03,Highlander,71652.95,5.77,Completed
385486,12,2018-12-16,Corolla,31626.38,5.65,Cancelled
385487,10,2018-12-29,Sienna,42424.18,4.88,Completed
385488,18,2018-12-24,RAV4,59931.2,5.68,Completed
385489,14,2018-12-18,Corolla,34746.35,5.1,Completed
385490,15,2018-12-11,Camry,47360.23,4.86,Completed
385491,9,2018-12-03,Prius,26676.83,4.4,Completed
385492,3,2018-12-08,Sienna,65494.23,5.69,Completed
385493,16,2018-12-16,Highlander,84052.22,6.06,Completed
385494,6,2018-12-14,Sienna,42392.8,3.86,Completed
385495,11,2018-12-29,Tacoma,40363.58,4.16,Completed
385496,4,2018-12-02,Tundra,44756.9,3.81,Completed
385497,1,2018-12-09,Tundra,54836.67,5.24,Completed
385498,15,2018-12-02,Prius,39655.07,4.86,Completed
385499,2,2018-12-20,Corolla,24530.76,4.0,Completed
385500,18,2018-12-18,Tundra,63907.72,5.68,Completed
385501,10,2018-12-09,Corolla,23562.26,4.88,Completed
385502,2,2018-12-20,Corolla,27345.04,4.0,Completed
385503,6,2018-12-28,Sienna,38984.82,3.86,Completed
385504,12,2018-12-21,RAV4,52936.13,5.65,Completed
385505,15,2018-12-12,Prius,39124.52,4.86,Completed
385506,10,2018-12-01,Tacoma,39143.19,4.88,Completed
385507,20,2018-12-01,RAV4,55747.02,5.77,Completed
385508,12,2018-12-21,Tundra,53810.93,5.65,Cancelled
385509,16,2018-12-20,Prius,39371.98,6.06,Completed
385510,11,2018-12-04,Tundra,41827.94,4.16,Completed
385511,8,2018-12-04,Highlander,80432.46,5.84,Completed
385512,11,2018-12-26,Camry,36455.76,4.16,Completed
385513,9,2018-12-14,Corolla,22977.57,4.4,Completed
385514,5,2018-12-25,Tundra,50180.38,5.34,Completed
385515,9,2018-12-18,Sienna,39667.05,4.4,Completed
385516,15,2018-12-01,Camry,46264.18,4.86,Completed
385517,6,2018-12-21,Corolla,25339.68,3.86,Completed
385518,19,2018-12-15,Tundra,49936.48,5.48,Completed
385519,8,2018-12-07,Tundra,58545.52,5.84,Completed
385520,8,2018-12-10,Corolla,36449.27,5.84,Completed
385521,19,2018-12-14,Tacoma,42053.03,5.48,Completed
385522,9,2018-12-04,Camry,34063.33,4.4,Completed
385523,7,2018-12-19,Tundra,58498.06,5.39,Completed
385524,11,2018-12-17,Corolla,26847.33,4.16,Completed
385525,1,2018-12-02,Prius,33472.58,5.24,Completed
385526,20,2018-12-14,Tacoma,46486.7,5.77,Completed
385527,4,2018-12-07,Tundra,37300.1,3.81,Completed
385528,12,2018-12-28,Sienna,61250.7,5.65,Completed
385529,12,2018-12-06,Corolla,35295.43,5.65,Completed
385530,7,2018-12-06,Highlander,76338.58,5.39,Completed
385531,6,2018-12-07,Sienna,44819.16,3.86,Completed
385532,8,2018-12-31,Highlander,72495.98,5.84,Cancelled
385533,7,2018-12-16,Sienna,55260.7,5.39,Completed
385534,17,2018-12-11,Sienna,45786.91,4.51,Completed
385535,11,2018-12-09,Sienna,44422.07,4.16,Completed
385536,19,2018-12-16,Sienna,54800.9,5.48,Completed
385537,15,2018-12-02,Prius,38812.25,4.86,Completed
385538,10,2018-12-29,Corolla,27662.39,4.88,Completed
385539,7,2018-12-02,Sienna,62645.03,5.39,Completed
385540,4,2018-12-04,Tacoma,35131.07,3.81,Completed
385541,19,2018-12-27,Sienna,53721.63,5.48,Completed
385542,6,2018-12-09,RAV4,35929.22,3.86,Completed
385543,13,2018-12-14,Prius,41250.37,5.61,Completed
385544,10,2018-12-11,Highlander,55559.4,4.88,Completed
385545,3,2018-12-08,Tacoma,48839.66,5.69,Completed
385546,13,2018-12-18,RAV4,56920.19,5.61,Completed
385547,9,2018-12-18,Corolla,23105.35,4.4,Completed
385548,8,2018-12-20,Prius,35253.81,5.84,Completed
385549,2,2018-12-01,Corolla,26381.7,4.0,Completed
385550,14,2018-12-30,Prius,35118.09,5.1,Completed
385551,4,2018-12-15,Tacoma,37344.73,3.81,Cancelled
385552,17,2018-12-24,Tundra,40447.12,4.51,Completed
385553,17,2018-12-04,Prius,27995.44,4.51,Completed
385554,20,2018-12-23,Highlander,70885.45,5.77,Completed
385555,15,2018-12-13,Highlander,67905.91,4.86,Completed
385556,10,2018-12-26,Corolla,25088.22,4.88,Completed
385557,5,2018-12-13,RAV4,44832.0,5.34,Completed
385558,3,2018-12-26,RAV4,55070.74,5.69,Completed
385559,1,2018-12-10,Camry,38223.03,5.24,Completed
385560,6,2018-12-14,Tacoma,37027.37,3.86,Completed
385561,8,2018-12-30,Corolla,34187.45,5.84,Completed
385562,5,2018-12-06,Tacoma,43689.77,5.34,Completed
385563,16,2018-12-31,Corolla,34941.68,6.06,Completed
385564,11,2018-12-29,Corolla,24831.63,4.16,Completed
385565,10,2018-12-12,RAV4,43807.64,4.88,Completed
385566,7,2018-12-01,Tundra,58239.37,5.39,Completed
385567,7,2018-12-05,Sienna,64692.24,5.39,Completed
385568,9,2018-12-04,Highlander,53080.39,4.4,Completed
385569,15,2018-12-18,Tacoma,52653.21,4.86,Completed
385570,5,2018-12-14,Prius,34244.5,5.34,Completed
385571,14,2018-12-06,Prius,37044.08,5.1,Completed
385572,4,2018-12-20,Camry,34195.03,3.81,Completed
385573,1,2018-12-13,RAV4,48626.27,5.24,Completed
385574,7,2018-12-09,Prius,38771.32,5.39,Completed
385575,20,2018-12-10,Sienna,59803.04,5.77,Completed
385576,7,2018-12-25,Tacoma,47512.8,5.39,Completed
385577,2,2018-12-10,Tundra,45470.11,4.0,Completed
385578,5,2018-12-31,Camry,42693.36,5.34,Completed
385579,7,2018-12-26,RAV4,59129.81,5.39,Completed
385580,20,2018-12-26,Tacoma,49797.2,5.77,Completed
385581,3,2018-12-16,Prius,37996.58,5.69,Completed
385582,11,2018-12-28,Sienna,48093.28,4.16,Completed
385583,15,2018-12-11,Tundra,59291.0,4.86,Completed
385584,6,2018-12-15,Corolla,22443.05,3.86,Completed
385585,20,2018-12-14,Tacoma,55181.63,5.77,Completed
385586,8,2018-12-27,RAV4,60023.49,5.84,Completed
385587,20,2018-12-19,Prius,38909.99,5.77,Completed
385588,5,2018-12-23,Camry,41828.16,5.34,Pending
385589,13,2018-12-09,Prius,39977.54,5.61,Completed
385590,9,2018-12-19,RAV4,37215.55,4.4,Completed
385591,11,2018-12-24,Tacoma,40037.91,4.16,Completed
385592,3,2018-12-05,Tacoma,48969.52,5.69,Completed
385593,2,2018-12-11,Sienna,44243.83,4.0,Completed
385594,10,2018-12-13,Prius,28637.0,4.88,Completed
385595,16,2018-12-05,Tacoma,50117.14,6.06,Pending
385596,14,2018-12-07,Camry,48425.73,5.1,Completed
385597,7,2018-12-11,Prius,36347.81,5.39,Completed
385598,16,2018-12-12,Tundra,60567.96,6.06,Completed
385599,12,2018-12-05,Prius,35307.32,5.65,Completed
385600,20,2018-12-02,Tundra,56013.4,5.77,Completed
385601,12,2018-12-02,RAV4,51994.14,5.65,Completed
385602,5,2018-12-22,Tundra,49614.71,5.34,Completed
385603,8,2018-12-09,Tacoma,48906.09,5.84,Completed
385604,14,2018-12-16,Camry,45325.94,5.1,Completed
385605,4,2018-12-28,Sienna,39617.39,3.81,Completed
385606,2,2018-12-09,RAV4,38535.21,4.0,Completed
385607,19,2018-12-28,Tacoma,43314.37,5.48,Completed
385608,20,2018-12-14,Highlander,75247.44,5.77,Completed
385609,3,2018-12-11,RAV4,59922.78,5.69,Completed
385610,7,2018-12-25,Sienna,60331.62,5.39,Pending
385611,19,2018-12-23,Camry,44013.88,5.48,Completed
385612,12,2018-12-17,Camry,41646.03,5.65,Completed
385613,3,2018-12-04,Camry,47143.3,5.69,Completed
385614,10,2018-12-13,Tacoma,39521.88,4.88,Completed
385615,14,2018-12-06,Prius,34067.99,5.1,Completed
385616,8,2018-12-02,RAV4,55613.19,5.84,Completed
385617,2,2018-12-03,Highlander,62143.28,4.0,Completed
385618,20,2018-12-14,Tundra,59543.27,5.77,Completed
385619,8,2018-12-15,Highlander,83645.57,5.84,Completed
385620,16,2018-12-18,Corolla,37764.7,6.06,Completed
385621,8,2018-12-11,Camry,50424.68,5.84,Completed
385622,10,2018-12-17,Camry,34206.15,4.88,Completed
385623,11,2018-12-20,Corolla,23304.53,4.16,Completed
385624,20,2018-12-24,Tundra,64500.36,5.77,Completed
385625,5,2018-12-11,Corolla,27776.39,5.34,Completed
385626,14,2018-12-29,Tundra,58606.39,5.1,Completed
385627,10,2018-12-10,Tacoma,36743.39,4.88,Completed
385628,20,2018-12-07,Tacoma,47105.76,5.77,Completed
385629,2,2018-12-14,Highlander,57669.87,4.0,Completed
385630,10,2018-12-09,Corolla,27305.1,4.88,Pending
385631,1,2018-12-23,Sienna,48155.87,5.24,Completed
385632,10,2018-12-26,Prius,31816.92,4.88,Completed
385633,18,2018-12-09,Camry,52423.65,5.68,Completed
385634,17,2018-12-16,Camry,33020.6,4.51,Completed
385635,20,2018-12-15,Prius,41148.75,5.77,Completed
385636,14,2018-12-10,Corolla,35270.88,5.1,Completed
385637,15,2018-12-13,Tacoma,52231.66,4.86,Completed
385638,7,2018-12-27,Tundra,59682.64,5.39,Completed
385639,3,2018-12-13,Tacoma,54736.9,5.69,Completed
385640,1,2018-12-30,Sienna,50069.51,5.24,Completed
385641,7,2018-12-12,Tacoma,46615.27,5.39,Completed
385642,5,2018-12-30,Corolla,28122.64,5.34,Completed
385643,14,2018-12-21,Prius,39235.19,5.1,Completed
385644,15,2018-12-27,Sienna,56948.5,4.86,Completed
385645,16,2018-12-21,RAV4,59376.34,6.06,Completed
385646,11,2018-12-15,Prius,27971.87,4.16,Completed
385647,17,2018-12-29,Tacoma,37369.75,4.51,Completed
385648,15,2018-12-05,Sienna,61621.68,4.86,Completed
385649,8,2018-12-02,Corolla,34861.71,5.84,Completed
385650,18,2018-12-26,Sienna,69170.88,5.68,Completed
385651,15,2018-12-19,Highlander,72316.25,4.86,Completed
385652,6,2018-12-03,Corolla,25625.81,3.86,Completed
385653,14,2018-12-28,Highlander,78551.2,5.1,Completed
385654,11,2018-12-25,Tundra,46108.0,4.16,Completed
385655,3,2018-12-08,Prius,37508.04,5.69,Completed
385656,6,2018-12-08,Sienna,45819.48,3.86,Completed
385657,7,2018-12-29,RAV4,56991.13,5.39,Completed
385658,6,2018-12-04,Prius,28459.17,3.86,Completed
385659,2,2018-12-12,Prius,30393.51,4.0,Completed
385660,9,2018-12-02,Corolla,26427.4,4.4,Completed
385661,2,2018-12-20,Sienna,45591.4,4.0,Completed
385662,9,2018-12-21,Sienna,41511.57,4.4,Completed
385663,6,2018-12-06,Sienna,41989.89,3.86,Completed
385664,13,2018-12-23,Corolla,37427.55,5.61,Completed
385665,9,2018-12-19,Tundra,46937.82,4.4,Completed
385666,5,2018-12-22,RAV4,44402.43,5.34,Completed
385667,5,2018-12-27,Corolla,26739.69,5.34,Cancelled
385668,6,2018-12-07,Prius,26760.01,3.86,Completed
385669,3,2018-12-10,Highlander,77489.08,5.69,Cancelled
385670,16,2018-12-22,Corolla,33528.8,6.06,Completed
385671,16,2018-12-25,RAV4,53329.06,6.06,Completed
385672,14,2018-12-07,Prius,34604.79,5.1,Completed
385673,17,2018-12-14,Tacoma,33171.26,4.51,Pending
385674,11,2018-12-20,Prius,31166.57,4.16,Completed
385675,6,2018-12-22,Prius,25967.09,3.86,Completed
385676,2,2018-12-17,Prius,31548.21,4.0,Completed
385677,19,2018-12-30,Sienna,47699.86,5.48,Completed
385678,14,2018-12-06,RAV4,48451.06,5.1,Completed
385679,18,2018-12-02,Sienna,58871.13,5.68,Completed
385680,4,2018-12-22,Tundra,42486.45,3.81,Completed
385681,4,2018-12-08,Prius,27261.69,3.81,Completed
385682,8,2018-12-02,Sienna,65319.99,5.84,Completed
385683,5,2018-12-26,Highlander,66263.14,5.34,Completed
385684,18,2018-12-31,Prius,39508.05,5.68,Completed
385685,5,2018-12-27,Camry,37474.85,5.34,Completed
385686,19,2018-12-07,Camry,43585.48,5.48,Completed
385687,12,2018-12-10,Tacoma,48992.01,5.65,Completed
385688,11,2018-12-06,RAV4,37560.67,4.16,Completed
385689,18,2018-12-29,Camry,47215.24,5.68,Completed
385690,16,2018-12-19,RAV4,60077.23,6.06,Completed
385691,12,2018-12-09,Tundra,62088.6,5.65,Completed
385692,16,2018-12-03,Tacoma,54907.63,6.06,Completed
385693,16,2018-12-03,Prius,42106.6,6.06,Completed
385694,10,2018-12-13,Prius,26856.28,4.88,Completed
385695,16,2018-12-11,RAV4,58843.96,6.06,Completed
385696,15,2018-12-28,Tundra,59646.02,4.86,Completed
385697,17,2018-12-10,Tundra,40268.75,4.51,Completed
385698,14,2018-12-01,Tacoma,50371.38,5.1,Completed
385699,4,2018-12-16,Corolla,24236.19,3.81,Completed
385700,12,2018-12-13,Camry,41888.61,5.65,Completed
385701,19,2018-12-28,Sienna,54107.64,5.48,Completed
385702,19,2018-12-07,RAV4,45969.41,5.48,Completed
385703,7,2018-12-10,Camry,44722.46,5.39,Completed
385704,18,2018-12-10,Corolla,37444.05,5.68,Completed
385705,17,2018-12-01,Tundra,46195.02,4.51,Completed
385706,9,2018-12-24,Corolla,23186.69,4.4,Completed
385707,10,2018-12-13,Tacoma,39337.79,4.88,Completed
385708,15,2018-12-11,Tacoma,51621.29,4.86,Completed
385709,3,2018-12-03,Camry,51535.69,5.69,Completed
385710,9,2018-12-23,Corolla,22386.13,4.4,Completed
385711,3,2018-12-02,Highlander,72816.61,5.69,Completed
385712,13,2018-12-17,Prius,42895.63,5.61,Completed
385713,6,2018-12-04,Camry,31845.2,3.86,Completed
385714,11,2018-12-04,Tacoma,37024.75,4.16,Completed
385715,6,2018-12-24,Corolla,22841.61,3.86,Completed
385716,11,2018-12-05,Prius,26157.23,4.16,Completed
385717,10,2018-12-09,Corolla,24608.54,4.88,Completed
385718,4,2018-12-10,Highlander,50972.43,3.81,Completed
385719,12,2018-12-17,Camry,47922.34,5.65,Completed
385720,15,2018-12-24,Highlander,70713.72,4.86,Completed
385721,11,2018-12-12,Tundra,41494.57,4.16,Completed
385722,2,2018-12-21,RAV4,39859.89,4.0,Completed
385723,19,2018-12-12,Highlander,68633.51,5.48,Completed
385724,18,2018-12-27,Tacoma,52426.45,5.68,Completed
385725,8,2018-12-16,Tacoma,48939.07,5.84,Completed
385726,1,2018-12-19,RAV4,41796.28,5.24,Completed
385727,3,2018-12-31,Tundra,64872.91,5.69,Completed
385728,12,2018-12-03,Tundra,59210.55,5.65,Completed
385729,10,2018-12-11,Corolla,25223.74,4.88,Completed
385730,13,2018-12-11,Prius,43195.42,5.61,Completed
385731,18,2018-12-26,Corolla,34178.46,5.68,Completed
385732,9,2018-12-08,Prius,25470.04,4.4,Completed
385733,14,2018-12-14,Highlander,66969.36,5.1,Completed
385734,5,2018-12-07,Prius,32457.81,5.34,Completed
385735,17,2018-12-21,Sienna,38116.08,4.51,Completed
385736,1,2018-12-29,Prius,34088.56,5.24,Completed
385737,8,2018-12-12,Highlander,73063.65,5.84,Completed
385738,19,2018-12-04,Tundra,47763.62,5.48,Completed
385739,4,2018-12-20,RAV4,37493.71,3.81,Completed
385740,10,2018-12-03,RAV4,40960.68,4.88,Completed
385741,7,2018-12-22,Highlander,70339.73,5.39,Completed
385742,15,2018-12-09,Corolla,31010.68,4.86,Completed
385743,16,2018-12-27,Prius,41705.17,6.06,Completed
385744,13,2018-12-09,RAV4,55183.0,5.61,Completed
385745,16,2018-12-04,Camry,43250.1,6.06,Completed
385746,3,2018-12-21,Sienna,56319.12,5.69,Completed
385747,20,2018-12-28,Prius,41759.61,5.77,Completed
385748,18,2018-12-31,Tundra,58783.85,5.68,Completed
385749,17,2018-12-24,Highlander,51892.88,4.51,Completed
385750,7,2018-12-20,Corolla,36323.28,5.39,Completed
385751,20,2018-12-02,Tundra,57102.82,5.77,Completed
385752,11,2018-12-31,Corolla,26746.42,4.16,Completed
385753,15,2018-12-04,Camry,45025.35,4.86,Completed
385754,12,2018-12-04,Prius,40766.89,5.65,Completed
385755,14,2018-12-21,RAV4,56667.26,5.1,Completed
385756,4,2018-12-18,Sienna,39834.81,3.81,Completed
385757,5,2018-12-14,Tundra,47739.56,5.34,Completed
385758,12,2018-12-15,RAV4,50416.1,5.65,Completed
385759,6,2018-12-02,Tacoma,37393.27,3.86,Completed
385760,9,2018-12-13,Tundra,41899.38,4.4,Pending
385761,13,2018-12-30,Tundra,67577.03,5.61,Completed
385762,13,2018-12-03,Tundra,65631.01,5.61,Pending
385763,18,2018-12-14,Prius,42862.61,5.68,Completed
385764,20,2018-12-05,Tacoma,55506.08,5.77,Completed
385765,1,2018-12-06,Corolla,27787.32,5.24,Completed
385766,13,2018-12-24,Corolla,35870.37,5.61,Completed
385767,1,2018-12-20,Sienna,52151.68,5.24,Completed
385768,17,2018-12-25,Prius,27349.01,4.51,Completed
385769,18,2018-12-02,Tacoma,49296.41,5.68,Completed
385770,16,2018-12-29,Highlander,74270.94,6.06,Completed
385771,17,2018-12-29,Corolla,24786.7,4.51,Completed
385772,3,2018-12-11,Prius,41980.18,5.69,Completed
385773,14,2018-12-13,Corolla,31638.73,5.1,Completed
385774,17,2018-12-31,Prius,27156.3,4.51,Completed
385775,13,2018-12-07,Camry,50914.35,5.61,Completed
385776,11,2018-12-15,Camry,34071.39,4.16,Completed
385777,4,2018-12-30,Corolla,22634.08,3.81,Completed
385778,15,2018-12-02,Tacoma,54663.43,4.86,Completed
385779,15,2018-12-30,Highlander,75246.21,4.86,Completed
385780,9,2018-12-02,Tundra,41074.63,4.4,Completed
385781,5,2018-12-22,Sienna,53674.09,5.34,Completed
385782,18,2018-12-02,Tundra,61075.43,5.68,Completed
385783,3,2018-12-12,Prius,36946.37,5.69,Completed
385784,3,2018-12-05,Camry,46382.45,5.69,Completed
385785,1,2018-12-27,Corolla,29370.79,5.24,Completed
385786,2,2018-12-31,Prius,29746.7,4.0,Completed
385787,1,2018-12-13,Sienna,50935.5,5.24,Completed
385788,14,2018-12-16,RAV4,54964.61,5.1,Completed
385789,6,2018-12-09,Highlander,54601.4,3.86,Completed
385790,14,2018-12-26,Tacoma,45474.84,5.1,Completed
385791,11,2018-12-12,RAV4,42834.24,4.16,Completed
385792,11,2018-12-26,Prius,28424.07,4.16,Completed
385793,6,2018-12-14,Camry,34572.56,3.86,Completed
385794,16,2018-12-08,Prius,42167.65,6.06,Completed
385795,2,2018-12-24,RAV4,41398.57,4.0,Completed
385796,11,2018-12-05,Sienna,42127.67,4.16,Completed
385797,15,2018-12-04,Highlander,72553.6,4.86,Completed
385798,7,2018-12-09,Tacoma,50953.18,5.39,Completed
385799,1,2018-12-07,Prius,33467.66,5.24,Completed
385800,14,2018-12-05,RAV4,52718.82,5.1,Completed
385801,8,2018-12-23,Sienna,63660.34,5.84,Completed
385802,16,2018-12-21,RAV4,56648.15,6.06,Completed
385803,15,2018-12-08,Camry,44056.55,4.86,Completed
385804,11,2018-12-25,Prius,28718.46,4.16,Completed
385805,1,2018-12-19,Tundra,48570.87,5.24,Completed
385806,17,2018-12-11,Tacoma,34207.65,4.51,Completed
385807,5,2018-12-14,Camry,38677.75,5.34,Completed
385808,5,2018-12-24,Tundra,52966.88,5.34,Completed
385809,17,2018-12-13,Prius,27587.75,4.51,Completed
385810,11,2018-12-20,Camry,33738.96,4.16,Completed
385811,2,2018-12-02,Tacoma,40984.02,4.0,Completed
385812,19,2018-12-03,Tundra,54645.64,5.48,Completed
385813,9,2018-12-18,Sienna,44461.11,4.4,Completed
385814,4,2018-12-12,Tacoma,36071.29,3.81,Completed
385815,1,2018-12-21,Tacoma,38582.97,5.24,Completed
385816,16,2018-12-20,Tacoma,56439.8,6.06,Completed
385817,4,2018-12-14,Corolla,25623.2,3.81,Completed
385818,19,2018-12-20,Tundra,55913.99,5.48,Completed
385819,19,2018-12-13,Sienna,54529.11,5.48,Completed
385820,19,2018-12-27,Tundra,51702.57,5.48,Completed
385821,2,2018-12-27,Tundra,45953.89,4.0,Completed
385822,11,2018-12-27,Tundra,47607.92,4.16,Completed
385823,8,2018-12-08,Tundra,62256.23,5.84,Completed
385824,14,2018-12-14,Camry,46802.45,5.1,Completed
385825,14,2018-12-02,Camry,48484.16,5.1,Completed
385826,16,2018-12-06,Highlander,76456.41,6.06,Completed
385827,1,2018-12-19,Corolla,29127.88,5.24,Completed
385828,4,2018-12-15,Tundra,37399.04,3.81,Completed
385829,19,2018-12-28,Prius,35459.51,5.48,Completed
385830,15,2018-12-21,Tacoma,48012.02,4.86,Completed
385831,8,2018-12-06,Highlander,75696.69,5.84,Completed
385832,14,2018-12-01,Tacoma,50180.14,5.1,Completed
385833,16,2018-12-10,Tundra,60432.44,6.06,Completed
385834,2,2018-12-03,Tacoma,42140.4,4.0,Completed
385835,15,2018-12-27,Prius,41828.48,4.86,Completed
385836,16,2018-12-27,Tundra,56651.12,6.06,Cancelled
385837,4,2018-12-27,Tacoma,38158.32,3.81,Completed
385838,18,2018-12-11,Sienna,63757.6,5.68,Completed
385839,13,2018-12-26,RAV4,58270.87,5.61,Completed
385840,5,2018-12-29,Camry,42897.8,5.34,Completed
385841,10,2018-12-04,Prius,27696.21,4.88,Completed
385842,16,2018-12-27,Corolla,32002.16,6.06,Completed
385843,11,2018-12-02,Highlander,51127.87,4.16,Completed
385844,7,2018-12-27,Highlander,72620.26,5.39,Completed
385845,2,2018-12-27,Prius,29741.0,4.0,Completed
385846,15,2018-12-22,Sienna,55053.84,4.86,Completed
385847,18,2018-12-09,Tacoma,54444.51,5.68,Completed
385848,15,2018-12-01,Tacoma,52627.81,4.86,Completed
385849,1,2018-12-14,Corolla,30608.78,5.24,Completed
385850,14,2018-12-29,Tacoma,50829.22,5.1,Completed
385851,7,2018-12-14,Sienna,56552.28,5.39,Completed
385852,2,2018-12-21,Corolla,28690.69,4.0,Completed
385853,1,2018-12-30,Prius,34702.86,5.24,Completed
385854,7,2018-12-12,Sienna,64422.1,5.39,Completed
385855,12,2018-12-10,Prius,41433.64,5.65,Completed
385856,15,2018-12-11,Highlander,72576.64,4.86,Cancelled
385857,8,2018-12-03,Sienna,59701.78,5.84,Completed
385858,17,2018-12-11,Corolla,22061.19,4.51,Completed
385859,11,2018-12-03,Sienna,43101.06,4.16,Completed
385860,1,2018-12-19,RAV4,46574.12,5.24,Completed
385861,15,2018-12-01,Prius,35191.29,4.86,Completed
385862,15,2018-12-10,Corolla,32281.17,4.86,Completed
385863,15,2018-12-17,Tundra,64977.23,4.86,Completed
385864,3,2018-12-31,Prius,40833.51,5.69,Completed
385865,15,2018-12-02,Prius,41121.42,4.86,Completed
385866,2,2018-12-15,Sienna,48782.11,4.0,Completed
385867,13,2018-12-16,Camry,45858.4,5.61,Completed
385868,16,2018-12-26,Camry,44161.08,6.06,Completed
385869,15,2018-12-30,Highlander,69103.95,4.86,Completed
385870,19,2018-12-04,Sienna,51710.1,5.48,Completed
385871,7,2018-12-26,RAV4,57329.52,5.39,Completed
385872,8,2018-12-09,Sienna,57786.15,5.84,Completed
385873,5,2018-12-04,Sienna,50513.67,5.34,Completed
385874,15,2018-12-30,Tacoma,54087.06,4.86,Completed
385875,4,2018-12-18,Camry,30990.94,3.81,Completed
385876,2,2018-12-21,RAV4,39280.02,4.0,Completed
385877,13,2018-12-17,Sienna,63104.68,5.61,Pending
385878,7,2018-12-28,Prius,39369.13,5.39,Completed
385879,12,2018-12-29,Corolla,33293.89,5.65,Completed
385880,2,2018-12-10,Camry,38814.66,4.0,Completed
385881,9,2018-12-03,Highlander,51046.43,4.4,Completed
385882,1,2018-12-21,Highlander,64390.97,5.24,Completed
385883,20,2018-12-18,Tacoma,51202.87,5.77,Completed
385884,19,2018-12-10,Tacoma,47601.46,5.48,Completed
385885,5,2018-12-08,Corolla,29791.48,5.34,Completed
385886,9,2018-12-24,Highlander,50309.45,4.4,Completed
385887,14,2018-12-27,Tacoma,51422.49,5.1,Completed
385888,10,2018-12-12,RAV4,39290.47,4.88,Completed
385889,8,2018-12-26,RAV4,50683.12,5.84,Pending
385890,18,2018-12-23,RAV4,53220.75,5.68,Completed
385891,1,2018-12-24,Tacoma,38725.33,5.24,Completed
385892,4,2018-12-06,Highlander,50615.65,3.81,Completed
385893,10,2018-12-02,Corolla,26239.65,4.88,Completed
385894,11,2018-12-28,Highlander,55406.59,4.16,Completed
385895,8,2018-12-27,Sienna,60829.72,5.84,Completed
385896,16,2018-12-22,Tacoma,54237.29,6.06,Completed
385897,2,2018-12-10,Sienna,42478.42,4.0,Completed
385898,3,2018-12-06,Tacoma,52919.11,5.69,Completed
385899,9,2018-12-16,Sienna,39832.83,4.4,Completed
385900,8,2018-12-26,Sienna,62464.96,5.84,Completed
385901,19,2018-12-12,Highlander,68344.9,5.48,Completed
385902,13,2018-12-08,Highlander,81813.37,5.61,Pending
385903,20,2018-12-24,Tundra,57147.3,5.77,Completed
385904,18,2018-12-11,Prius,41303.03,5.68,Completed
385905,5,2018-12-18,Tundra,49609.81,5.34,Completed
385906,6,2018-12-15,Highlander,58412.57,3.86,Completed
385907,17,2018-12-27,Tacoma,38171.36,4.51,Completed
385908,12,2018-12-04,Sienna,54234.19,5.65,Completed
385909,2,2018-12-28,Camry,32431.87,4.0,Completed
385910,14,2018-12-10,Camry,44055.47,5.1,Completed
385911,15,2018-12-12,RAV4,56027.04,4.86,Completed
385912,7,2018-12-06,Prius,42055.28,5.39,Completed
385913,5,2018-12-27,Tundra,48110.2,5.34,Completed
385914,12,2018-12-07,RAV4,54671.79,5.65,Completed
385915,19,2018-12-29,Prius,34303.79,5.48,Completed
385916,20,2018-12-29,Corolla,35132.25,5.77,Completed
385917,7,2018-12-21,RAV4,57515.02,5.39,Cancelled
385918,3,2018-12-30,Tundra,66848.39,5.69,Completed
385919,19,2018-12-19,Camry,42369.81,5.48,Completed
385920,15,2018-12-19,Tacoma,51601.91,4.86,Completed
385921,6,2018-12-10,Sienna,43719.09,3.86,Completed
385922,19,2018-12-19,Tundra,55065.94,5.48,Completed
385923,7,2018-12-07,Highlander,83085.75,5.39,Completed
385924,17,2018-12-14,Tacoma,37161.34,4.51,Completed
385925,3,2018-12-01,Camry,49101.35,5.69,Completed
385926,17,2018-12-26,Sienna,39896.75,4.51,Completed
385927,12,2018-12-03,Corolla,30800.76,5.65,Completed
385928,12,2018-12-07,Tundra,56766.09,5.65,Completed
385929,15,2018-12-09,Highlander,77335.9,4.86,Completed
385930,17,2018-12-12,Corolla,24996.6,4.51,Completed
385931,4,2018-12-01,Corolla,23638.3,3.81,Completed
385932,7,2018-12-05,Camry,45455.16,5.39,Completed
385933,15,2018-12-13,Camry,46271.22,4.86,Completed
385934,6,2018-12-17,RAV4,38629.1,3.86,Completed
385935,20,2018-12-23,Highlander,79268.88,5.77,Completed
385936,7,2018-12-02,RAV4,56929.24,5.39,Completed
385937,2,2018-12-10,Camry,33871.06,4.0,Completed
385938,7,2018-12-16,Prius,41552.98,5.39,Completed
385939,11,2018-12-17,Sienna,43960.77,4.16,Completed
385940,10,2018-12-12,Camry,35687.9,4.88,Completed
385941,20,2018-12-16,Sienna,63911.09,5.77,Completed
385942,1,2018-12-15,Sienna,52063.46,5.24,Completed
385943,2,2018-12-07,Sienna,46882.71,4.0,Completed
385944,13,2018-12-07,Sienna,60666.04,5.61,Completed
385945,13,2018-12-24,Highlander,83470.09,5.61,Completed
385946,12,2018-12-26,Tacoma,54571.16,5.65,Completed
385947,8,2018-12-25,Corolla,30870.0,5.84,Completed
385948,18,2018-12-21,Prius,41363.39,5.68,Completed
385949,9,2018-12-23,Corolla,26158.52,4.4,Completed
385950,9,2018-12-07,Tacoma,32999.82,4.4,Completed
385951,19,2018-12-06,RAV4,48818.67,5.48,Completed
385952,18,2018-12-08,Tacoma,58895.43,5.68,Completed
385953,5,2018-12-25,Sienna,49156.06,5.34,Pending
385954,7,2018-12-16,Prius,36577.8,5.39,Completed
385955,15,2018-12-22,Sienna,60588.53,4.86,Completed
385956,11,2018-12-11,Corolla,24570.62,4.16,Completed
385957,12,2018-12-15,RAV4,48823.73,5.65,Completed
385958,5,2018-12-24,Camry,37772.67,5.34,Completed
385959,7,2018-12-13,Tundra,55586.17,5.39,Completed
385960,1,2018-12-11,Tacoma,45534.65,5.24,Completed
385961,3,2018-12-23,Tacoma,51818.04,5.69,Completed
385962,13,2018-12-21,RAV4,60993.27,5.61,Completed
385963,11,2018-12-15,Tacoma,40476.71,4.16,Completed
385964,14,2018-12-17,Tacoma,45441.08,5.1,Completed
385965,8,2018-12-18,Tundra,65771.76,5.84,Completed
385966,19,2018-12-31,Tacoma,48276.73,5.48,Completed
385967,16,2018-12-12,Sienna,57258.45,6.06,Completed
385968,13,2018-12-14,Sienna,60161.46,5.61,Completed
385969,8,2018-12-10,RAV4,50905.61,5.84,Pending
385970,2,2018-12-15,Prius,30399.82,4.0,Completed
385971,9,2018-12-16,Tundra,45507.94,4.4,Completed
385972,17,2018-12-24,Camry,32220.38,4.51,Completed
385973,10,2018-12-22,Highlander,54710.58,4.88,Completed
385974,9,2018-12-07,RAV4,41272.27,4.4,Completed
385975,8,2018-12-24,Tundra,60866.62,5.84,Completed
385976,5,2018-12-25,Tacoma,44963.77,5.34,Cancelled
385977,17,2018-12-03,Tacoma,37225.03,4.51,Completed
385978,16,2018-12-08,Tundra,65620.02,6.06,Completed
385979,17,2018-12-23,Camry,35102.02,4.51,Completed
385980,16,2018-12-14,Sienna,55350.94,6.06,Completed
385981,17,2018-12-11,Sienna,41380.29,4.51,Completed
385982,15,2018-12-14,Camry,45889.37,4.86,Completed
385983,3,2018-12-30,Prius,40477.58,5.69,Completed
385984,7,2018-12-02,Prius,42561.57,5.39,Completed
385985,12,2018-12-30,Prius,36455.06,5.65,Cancelled
385986,3,2018-12-30,Tacoma,55519.12,5.69,Cancelled
385987,7,2018-12-17,RAV4,57469.91,5.39,Completed
385988,15,2018-12-14,Camry,46865.1,4.86,Pending
385989,8,2018-12-27,Highlander,71718.69,5.84,Completed
385990,8,2018-12-28,RAV4,50908.88,5.84,Completed
385991,16,2018-12-08,Prius,42521.89,6.06,Completed
385992,9,2018-12-14,RAV4,39918.58,4.4,Completed
385993,16,2018-12-13,Prius,38146.99,6.06,Completed
385994,3,2018-12-06,Prius,40002.77,5.69,Completed
385995,18,2018-12-27,Highlander,78706.65,5.68,Completed
385996,12,2018-12-07,RAV4,57133.97,5.65,Completed
385997,16,2018-12-29,Tacoma,49901.49,6.06,Completed
385998,1,2018-12-24,Highlander,57550.42,5.24,Completed
385999,4,2018-12-24,Tacoma,37337.92,3.81,Completed
386000,10,2018-12-02,Tacoma,41270.81,4.88,Completed
386001,11,2018-12-29,Prius,30538.17,4.16,Completed
386002,13,2018-12-18,Corolla,35824.4,5.61,Completed
386003,13,2018-12-01,Prius,42757.84,5.61,Completed
386004,2,2018-12-11,Corolla,26198.61,4.0,Completed
386005,6,2018-12-28,Tacoma,34256.6,3.86,Completed
386006,10,2018-12-07,Tacoma,37487.07,4.88,Completed
386007,15,2018-12-24,Tacoma,51988.92,4.86,Completed
386008,3,2018-12-21,Tacoma,56629.28,5.69,Completed
386009,1,2018-12-24,Highlander,68240.36,5.24,Completed
386010,2,2018-12-26,Corolla,26390.47,4.0,Completed
386011,3,2018-12-27,Tundra,57200.04,5.69,Completed
386012,14,2018-12-01,Corolla,35827.83,5.1,Completed
386013,3,2018-12-28,Prius,38013.13,5.69,Completed
386014,8,2018-12-27,Sienna,62118.56,5.84,Completed
386015,11,2018-12-08,Tacoma,36662.6,4.16,Completed
386016,9,2018-12-15,Tundra,41115.86,4.4,Completed
386017,18,2018-12-31,Prius,45126.55,5.68,Completed
386018,6,2018-12-15,Tacoma,35610.98,3.86,Completed
386019,11,2018-12-23,Tundra,44322.19,4.16,Completed
386020,7,2018-12-26,Tacoma,49376.21,5.39,Completed
386021,9,2018-12-24,Tundra,41783.66,4.4,Completed
386022,12,2018-12-30,Tacoma,48759.24,5.65,Completed
386023,19,2018-12-22,Tundra,49705.26,5.48,Completed
386024,18,2018-12-23,Tundra,69109.8,5.68,Completed
386025,15,2018-12-30,RAV4,58957.64,4.86,Completed
386026,5,2018-12-27,RAV4,47539.72,5.34,Completed
386027,19,2018-12-29,RAV4,49533.64,5.48,Completed
386028,5,2018-12-16,Tundra,50398.83,5.34,Completed
386029,8,2018-12-14,Tacoma,49582.48,5.84,Pending
386030,7,2018-12-12,Sienna,65461.94,5.39,Completed
386031,17,2018-12-02,Highlander,48300.98,4.51,Completed
386032,10,2018-12-01,Corolla,23439.58,4.88,Completed
386033,13,2018-12-07,Corolla,39126.87,5.61,Completed
386034,2,2018-12-04,Prius,29081.19,4.0,Completed
386035,13,2018-12-30,Corolla,33797.04,5.61,Cancelled
386036,20,2018-12-10,Sienna,58165.22,5.77,Pending
386037,16,2018-12-21,Tundra,67435.31,6.06,Completed
386038,11,2018-12-17,Camry,33197.04,4.16,Completed
386039,7,2018-12-17,Camry,49609.28,5.39,Completed
386040,6,2018-12-15,Tacoma,34037.69,3.86,Completed
386041,18,2018-12-15,Tundra,65756.59,5.68,Completed
386042,19,2018-12-06,Corolla,30326.48,5.48,Completed
386043,14,2018-12-09,Sienna,62671.12,5.1,Completed
386044,6,2018-12-25,Corolla,22853.74,3.86,Completed
386045,9,2018-12-08,Tacoma,37898.43,4.4,Completed
386046,8,2018-12-22,Sienna,58902.39,5.84,Completed
386047,15,2018-12-11,Prius,40292.28,4.86,Pending
386048,2,2018-12-18,Prius,27399.42,4.0,Completed
386049,12,2018-12-08,Camry,48927.0,5.65,Pending
386050,17,2018-12-19,Camry,33960.38,4.51,Completed
386051,11,2018-12-04,Tacoma,37511.32,4.16,Completed
386052,11,2018-12-26,Sienna,42058.7,4.16,Completed
386053,7,2018-12-15,Camry,48297.17,5.39,Completed
386054,17,2018-12-05,Tacoma,34518.49,4.51,Completed
386055,13,2018-12-13,Corolla,37702.52,5.61,Completed
386056,18,2018-12-09,Corolla,34222.01,5.68,Completed
386057,9,2018-12-27,Tacoma,38067.77,4.4,Completed
386058,14,2018-12-05,Highlander,76398.76,5.1,Completed
386059,18,2018-12-13,Sienna,67668.96,5.68,Completed
386060,12,2018-12-14,Tundra,62219.33,5.65,Completed
386061,10,2018-12-06,RAV4,41134.74,4.88,Completed
386062,3,2018-12-26,Highlander,85367.64,5.69,Completed
386063,6,2018-12-02,Prius,28740.67,3.86,Completed
386064,16,2018-12-24,Camry,48883.48,6.06,Completed
386065,9,2018-12-09,Prius,29793.21,4.4,Completed
386066,5,2018-12-04,Camry,42721.61,5.34,Completed
386067,13,2018-12-06,RAV4,53311.1,5.61,Completed
386068,7,2018-12-26,Tundra,60867.5,5.39,Completed
386069,7,2018-12-10,Highlander,82188.4,5.39,Completed
386070,13,2018-12-02,Highlander,79658.78,5.61,Pending
386071,2,2018-12-04,Highlander,52731.04,4.0,Completed
386072,2,2018-12-27,Camry,32383.26,4.0,Completed
386073,6,2018-12-23,RAV4,38585.31,3.86,Completed
386074,19,2018-12-09,Prius,36828.28,5.48,Completed
386075,12,2018-12-21,Corolla,33666.73,5.65,Completed
386076,8,2018-12-27,Prius,38216.16,5.84,Completed
386077,7,2018-12-06,Tacoma,55421.5,5.39,Completed
386078,17,2018-12-10,Tundra,45353.57,4.51,Completed
386079,5,2018-12-18,Prius,32282.83,5.34,Completed
386080,10,2018-12-16,Camry,36239.08,4.88,Completed
386081,12,2018-12-10,Prius,41814.84,5.65,Completed
386082,6,2018-12-31,Highlander,54261.94,3.86,Completed
386083,5,2018-12-12,Camry,38839.57,5.34,Completed
386084,7,2018-12-17,Highlander,75231.01,5.39,Completed
386085,15,2018-12-06,Corolla,34239.6,4.86,Completed
386086,4,2018-12-02,Tacoma,37248.45,3.81,Completed
386087,7,2018-12-21,Sienna,66604.28,5.39,Completed
386088,10,2018-12-24,Prius,31734.3,4.88,Completed
386089,12,2018-12-05,Highlander,78533.85,5.65,Completed
386090,18,2018-12-11,Tundra,58402.73,5.68,Completed
386091,12,2018-12-04,RAV4,48680.86,5.65,Completed
386092,15,2018-12-03,Highlander,67903.03,4.86,Completed
386093,3,2018-12-27,Prius,38640.9,5.69,Completed
386094,4,2018-12-12,Tundra,39891.84,3.81,Completed
386095,3,2018-12-26,Highlander,71649.81,5.69,Completed
386096,15,2018-12-31,Corolla,31450.67,4.86,Completed
386097,10,2018-12-07,Tacoma,36547.88,4.88,Completed
386098,15,2018-12-28,Tacoma,47755.53,4.86,Completed
386099,5,2018-12-27,RAV4,46793.5,5.34,Completed
386100,3,2018-12-05,Corolla,36396.42,5.69,Completed
386101,3,2018-12-01,Sienna,60031.11,5.69,Completed
386102,10,2018-12-30,Sienna,44970.71,4.88,Completed
386103,19,2018-12-08,Prius,31194.56,5.48,Completed
386104,18,2018-12-20,Corolla,39923.84,5.68,Completed
386105,7,2018-12-11,Tundra,57127.36,5.39,Completed
386106,11,2018-12-17,Corolla,24279.81,4.16,Completed
386107,11,2018-12-14,Highlander,53935.68,4.16,Completed
386108,1,2018-12-31,Highlander,60683.65,5.24,Pending
386109,15,2018-12-08,Corolla,35450.25,4.86,Pending
386110,18,2018-12-04,Camry,50221.04,5.68,Completed
386111,5,2018-12-20,Tundra,45886.22,5.34,Completed
386112,9,2018-12-12,Camry,34178.37,4.4,Completed
386113,15,2018-12-17,RAV4,52861.43,4.86,Completed
386114,7,2018-12-29,Prius,41011.36,5.39,Completed
386115,19,2018-12-19,Camry,38271.35,5.48,Completed
386116,9,2018-12-17,Sienna,40642.85,4.4,Completed
386117,12,2018-12-17,Corolla,32393.2,5.65,Completed
386118,1,2018-12-10,Sienna,46590.47,5.24,Completed
386119,16,2018-12-29,Camry,49156.04,6.06,Completed
386120,13,2018-12-20,Camry,49636.61,5.61,Completed
386121,19,2018-12-21,Corolla,27392.98,5.48,Completed
386122,17,2018-12-06,RAV4,41165.41,4.51,Completed
386123,5,2018-12-21,Sienna,49626.18,5.34,Completed
386124,9,2018-12-23,Camry,33999.57,4.4,Completed
386125,1,2018-12-18,RAV4,43401.58,5.24,Completed
386126,9,2018-12-17,RAV4,37190.42,4.4,Completed
386127,15,2018-12-09,Tacoma,52255.65,4.86,Completed
386128,6,2018-12-29,Tundra,42269.97,3.86,Completed
386129,5,2018-12-22,Camry,36118.09,5.34,Completed
386130,2,2018-12-16,Camry,34295.46,4.0,Completed
386131,12,2018-12-25,RAV4,55135.81,5.65,Completed
386132,11,2018-12-10,Tundra,39945.59,4.16,Completed
386133,18,2018-12-17,RAV4,56378.78,5.68,Completed
386134,12,2018-12-02,RAV4,55478.67,5.65,Completed
386135,12,2018-12-14,Highlander,71427.06,5.65,Completed
386136,3,2018-12-05,Tundra,64663.71,5.69,Completed
386137,2,2018-12-10,Sienna,48121.8,4.0,Completed
386138,7,2018-12-31,RAV4,57964.9,5.39,Completed
386139,13,2018-12-09,Tundra,59582.13,5.61,Completed
386140,3,2018-12-10,Tundra,60379.19,5.69,Completed
386141,18,2018-12-31,Tacoma,58980.97,5.68,Cancelled
386142,3,2018-12-21,Tundra,58006.35,5.69,Completed
386143,19,2018-12-04,Highlander,63521.12,5.48,Completed
386144,5,2018-12-11,Sienna,55442.1,5.34,Pending
386145,2,2018-12-31,Sienna,47146.25,4.0,Completed
386146,6,2018-12-07,Prius,27276.08,3.86,Completed
386147,20,2018-12-04,Prius,40989.88,5.77,Completed
386148,18,2018-12-02,Camry,51756.98,5.68,Completed
386149,12,2018-12-26,Corolla,34817.82,5.65,Completed
386150,16,2018-12-28,Tacoma,50668.85,6.06,Completed
386151,20,2018-12-20,Tundra,57485.94,5.77,Completed
386152,18,2018-12-28,RAV4,59295.31,5.68,Completed
386153,12,2018-12-02,Prius,37552.89,5.65,Completed
386154,1,2018-12-20,Camry,39401.81,5.24,Completed
386155,9,2018-12-10,Camry,32076.87,4.4,Completed
386156,7,2018-12-01,Tacoma,52844.04,5.39,Completed
386157,13,2018-12-23,Highlander,83626.57,5.61,Completed
386158,8,2018-12-04,Tundra,54795.65,5.84,Completed
386159,12,2018-12-02,Sienna,53500.32,5.65,Completed
386160,9,2018-12-23,Tundra,42868.25,4.4,Completed
386161,10,2018-12-21,Tundra,43949.66,4.88,Completed
386162,7,2018-12-07,RAV4,57771.63,5.39,Completed
386163,11,2018-12-06,Tacoma,33667.81,4.16,Completed
386164,9,2018-12-23,Tacoma,37394.24,4.4,Completed
386165,1,2018-12-08,Tundra,48478.42,5.24,Completed
386166,16,2018-12-31,Camry,46186.92,6.06,Completed
386167,2,2018-12-26,Highlander,55967.75,4.0,Completed
386168,15,2018-12-26,Sienna,56721.52,4.86,Pending
386169,14,2018-12-21,Prius,37286.08,5.1,Completed
386170,9,2018-12-13,Sienna,44511.04,4.4,Completed
386171,2,2018-12-21,Corolla,27288.45,4.0,Completed
386172,4,2018-12-26,Tacoma,32367.91,3.81,Completed
386173,4,2018-12-08,RAV4,36350.98,3.81,Completed
386174,9,2018-12-29,Tacoma,33131.64,4.4,Completed
386175,10,2018-12-03,Highlander,51816.24,4.88,Completed
386176,19,2018-12-05,RAV4,52411.17,5.48,Completed
386177,16,2018-12-20,Highlander,74265.65,6.06,Completed
386178,12,2018-12-17,RAV4,52906.76,5.65,Completed
386179,6,2018-12-12,Corolla,22214.5,3.86,Completed
386180,20,2018-12-07,Tundra,65099.46,5.77,Completed
386181,7,2018-12-13,Sienna,60879.69,5.39,Completed
386182,16,2018-12-23,Sienna,65657.43,6.06,Completed
386183,9,2018-12-01,Highlander,57403.13,4.4,Completed
386184,10,2018-12-09,RAV4,43269.34,4.88,Completed
386185,8,2018-12-03,Highlander,80285.28,5.84,Completed
386186,6,2018-12-26,Corolla,25921.03,3.86,Completed
386187,13,2018-12-27,Tacoma,56173.0,5.61,Pending
386188,12,2018-12-30,Corolla,35030.07,5.65,Completed
386189,14,2018-12-11,Camry,44506.76,5.1,Completed
386190,5,2018-12-01,Highlander,58577.57,5.34,Completed
386191,1,2018-12-05,Sienna,46630.7,5.24,Completed
386192,20,2018-12-29,Tundra,60951.34,5.77,Completed
386193,15,2018-12-23,Prius,38951.71,4.86,Completed
386194,16,2018-12-03,Sienna,64810.09,6.06,Completed
386195,12,2018-12-22,Camry,45234.38,5.65,Completed
386196,4,2018-12-21,Corolla,23816.29,3.81,Completed
386197,15,2018-12-09,Corolla,31372.79,4.86,Completed
386198,15,2018-12-31,Tundra,62101.97,4.86,Completed
386199,2,2018-12-18,Tacoma,38421.25,4.0,Completed
386200,13,2018-12-19,Tacoma,52438.81,5.61,Completed
386201,11,2018-12-18,Sienna,44356.15,4.16,Completed
386202,12,2018-12-05,Sienna,63894.67,5.65,Pending
386203,8,2018-12-24,Corolla,33428.35,5.84,Completed
386204,18,2018-12-23,RAV4,54352.49,5.68,Completed
386205,14,2018-12-24,Prius,36348.39,5.1,Completed
386206,9,2018-12-16,Prius,29620.57,4.4,Completed
386207,15,2018-12-18,Camry,44756.43,4.86,Completed
386208,17,2018-12-14,Prius,27155.3,4.51,Completed
386209,8,2018-12-15,Sienna,61395.35,5.84,Completed
386210,18,2018-12-20,Camry,48294.84,5.68,Completed
386211,4,2018-12-24,Highlander,49794.07,3.81,Completed
386212,19,2018-12-24,RAV4,48358.5,5.48,Completed
386213,12,2018-12-19,Tacoma,47051.93,5.65,Completed
386214,4,2018-12-14,Tundra,42440.95,3.81,Completed
386215,19,2018-12-21,RAV4,43711.12,5.48,Completed
386216,8,2018-12-08,Corolla,34172.13,5.84,Completed
386217,14,2018-12-07,Prius,37957.9,5.1,Completed
386218,10,2018-12-22,Highlander,57849.15,4.88,Completed
386219,3,2018-12-03,Highlander,77335.98,5.69,Completed
386220,4,2018-12-01,Camry,33984.0,3.81,Completed
386221,8,2018-12-17,RAV4,58288.5,5.84,Completed
386222,8,2018-12-31,Camry,47662.72,5.84,Completed
386223,17,2018-12-08,Corolla,23224.7,4.51,Completed
386224,1,2018-12-04,Camry,36121.83,5.24,Completed
386225,15,2018-12-19,Sienna,54486.69,4.86,Completed
386226,1,2018-12-27,Tundra,48756.15,5.24,Completed
386227,15,2018-12-26,Sienna,54756.96,4.86,Completed
386228,9,2018-12-07,Corolla,24101.45,4.4,Completed
386229,13,2018-12-23,Prius,41274.61,5.61,Completed
386230,16,2018-12-21,Camry,51752.25,6.06,Completed
386231,18,2018-12-27,RAV4,53680.75,5.68,Completed
386232,18,2018-12-15,Highlander,88913.35,5.68,Completed
386233,7,2018-12-28,Camry,51012.3,5.39,Completed
386234,19,2018-12-23,Sienna,48426.77,5.48,Completed
386235,15,2018-12-21,Prius,38239.04,4.86,Completed
386236,12,2018-12-04,Highlander,71669.97,5.65,Completed
386237,9,2018-12-05,Prius,30666.04,4.4,Completed
386238,9,2018-12-18,Camry,32846.2,4.4,Completed
386239,15,2018-12-26,Tundra,56437.1,4.86,Completed
386240,10,2018-12-12,Sienna,46995.42,4.88,Completed
386241,11,2018-12-06,Camry,36356.21,4.16,Pending
386242,2,2018-12-10,Tundra,44119.29,4.0,Completed
386243,15,2018-12-27,Highlander,71000.09,4.86,Completed
386244,2,2018-12-16,Tacoma,37910.1,4.0,Completed
386245,1,2018-12-31,Corolla,26925.87,5.24,Completed
386246,5,2018-12-19,Tacoma,39578.01,5.34,Completed
386247,4,2018-12-06,Tacoma,35412.21,3.81,Completed
386248,15,2018-12-24,RAV4,54361.52,4.86,Completed
386249,19,2018-12-24,Highlander,61778.19,5.48,Completed
386250,9,2018-12-12,Tundra,41940.5,4.4,Pending
386251,5,2018-12-22,Camry,35989.97,5.34,Completed
386252,17,2018-12-19,Tacoma,38059.08,4.51,Completed
386253,19,2018-12-12,Prius,35817.96,5.48,Completed
386254,1,2018-12-04,Tundra,51678.43,5.24,Completed
386255,13,2018-12-11,Tundra,58925.43,5.61,Completed
386256,16,2018-12-18,Highlander,81152.05,6.06,Completed
386257,9,2018-12-26,Camry,32874.88,4.4,Completed
386258,10,2018-12-08,Corolla,27977.47,4.88,Completed
386259,15,2018-12-06,Prius,34789.69,4.86,Completed
386260,2,2018-12-10,Sienna,42559.31,4.0,Completed
386261,16,2018-12-16,RAV4,54408.06,6.06,Completed
386262,10,2018-12-10,RAV4,44112.96,4.88,Completed
386263,18,2018-12-14,Corolla,33531.32,5.68,Completed
386264,15,2018-12-16,Tacoma,48678.05,4.86,Completed
386265,3,2018-12-05,Prius,41045.1,5.69,Completed
386266,13,2018-12-18,Prius,38827.47,5.61,Completed
386267,6,2018-12-03,Sienna,43117.15,3.86,Pending
386268,15,2018-12-18,Sienna,63705.78,4.86,Completed
386269,8,2018-12-20,Corolla,32811.81,5.84,Completed
386270,2,2018-12-24,Tacoma,37648.71,4.0,Completed
386271,14,2018-12-17,Sienna,53312.25,5.1,Completed
386272,17,2018-12-19,Corolla,24447.77,4.51,Completed
386273,17,2018-12-17,RAV4,41504.49,4.51,Completed
386274,4,2018-12-28,Tacoma,33310.15,3.81,Completed
386275,6,2018-12-13,Corolla,26190.73,3.86,Completed
386276,6,2018-12-14,Tundra,39195.43,3.86,Completed
386277,15,2018-12-09,Prius,38468.49,4.86,Completed
386278,5,2018-12-07,Tundra,54924.35,5.34,Completed
386279,11,2018-12-08,Tundra,42806.86,4.16,Completed
386280,15,2018-12-02,Tundra,61795.05,4.86,Completed
386281,16,2018-12-15,Tacoma,49336.86,6.06,Completed
386282,3,2018-12-28,RAV4,57190.71,5.69,Completed
386283,20,2018-12-07,Highlander,73848.16,5.77,Completed
386284,8,2018-12-20,Prius,35365.92,5.84,Completed
386285,7,2018-12-07,Tacoma,55513.28,5.39,Completed
386286,17,2018-12-21,Prius,29253.56,4.51,Completed
386287,12,2018-12-05,Highlander,68016.14,5.65,Completed
386288,3,2018-12-31,Highlander,76168.03,5.69,Completed
386289,20,2018-12-07,RAV4,50708.74,5.77,Completed
386290,7,2018-12-07,Camry,43609.8,5.39,Completed
386291,1,2018-12-22,Sienna,49971.79,5.24,Completed
386292,10,2018-12-15,Tacoma,34208.93,4.88,Completed
386293,1,2018-12-09,Sienna,54438.99,5.24,Completed
386294,15,2018-12-23,Sienna,60350.7,4.86,Completed
386295,13,2018-12-15,RAV4,57282.78,5.61,Completed
386296,12,2018-12-30,Prius,36256.46,5.65,Completed
386297,15,2018-12-13,Highlander,80710.9,4.86,Completed
386298,6,2018-12-08,Tundra,41912.16,3.86,Completed
386299,18,2018-12-01,Tundra,61846.12,5.68,Completed
386300,15,2018-12-04,Camry,46660.73,4.86,Completed
386301,10,2018-12-14,RAV4,42350.63,4.88,Pending
386302,12,2018-12-26,Tundra,62635.78,5.65,Completed
386303,10,2018-12-21,Tacoma,39391.51,4.88,Completed
386304,16,2018-12-16,Tundra,59132.17,6.06,Completed
386305,12,2018-12-24,Tundra,55113.14,5.65,Completed
386306,3,2018-12-17,Tacoma,52072.5,5.69,Completed
386307,6,2018-12-20,Corolla,24955.86,3.86,Completed
386308,9,2018-12-12,Sienna,45547.63,4.4,Completed
386309,13,2018-12-21,Sienna,66725.54,5.61,Completed
386310,18,2018-12-13,Highlander,90044.9,5.68,Completed
386311,6,2018-12-27,RAV4,39898.25,3.86,Completed
386312,10,2018-12-12,Corolla,28006.74,4.88,Completed
386313,11,2018-12-02,Tacoma,39416.42,4.16,Completed
386314,11,2018-12-26,Highlander,52420.91,4.16,Completed
386315,3,2018-12-28,Tacoma,57593.15,5.69,Completed
386316,19,2018-12-30,Highlander,70499.25,5.48,Completed
386317,6,2018-12-14,Sienna,44847.93,3.86,Completed
386318,13,2018-12-31,Prius,40599.35,5.61,Completed
386319,19,2018-12-11,Highlander,69832.38,5.48,Completed
386320,17,2018-12-03,Highlander,50595.36,4.51,Completed
386321,16,2018-12-01,Camry,50408.14,6.06,Pending
386322,18,2018-12-17,Tacoma,49269.08,5.68,Completed
386323,14,2018-12-01,Camry,48855.97,5.1,Completed
386324,16,2018-12-03,Corolla,34372.55,6.06,Completed
386325,3,2018-12-31,Camry,46296.21,5.69,Completed
386326,16,2018-12-25,Corolla,37183.7,6.06,Completed
386327,7,2018-12-02,RAV4,57300.26,5.39,Completed
386328,10,2018-12-06,Sienna,47516.81,4.88,Completed
386329,19,2018-12-28,Tacoma,45602.81,5.48,Completed
386330,4,2018-12-11,Highlander,48517.15,3.81,Completed
386331,18,2018-12-04,Tacoma,50921.69,5.68,Completed
386332,12,2018-12-16,Tacoma,54012.6,5.65,Completed
386333,20,2018-12-07,Corolla,32198.38,5.77,Completed
386334,12,2018-12-04,RAV4,52175.38,5.65,Completed
386335,15,2018-12-16,Tacoma,49824.61,4.86,Completed
386336,1,2018-12-27,Tundra,52050.02,5.24,Completed
386337,8,2018-12-30,RAV4,51094.98,5.84,Completed
386338,16,2018-12-10,Corolla,34937.88,6.06,Completed
386339,13,2018-12-08,Tundra,66985.54,5.61,Completed
386340,14,2018-12-04,Corolla,32598.84,5.1,Completed
386341,15,2018-12-28,Sienna,57386.65,4.86,Completed
386342,12,2018-12-13,Sienna,62606.4,5.65,Completed
386343,10,2018-12-26,Sienna,43698.4,4.88,Completed
386344,3,2018-12-15,Prius,41648.03,5.69,Completed
386345,12,2018-12-03,Tundra,56959.55,5.65,Completed
386346,2,2018-12-30,Highlander,62022.79,4.0,Completed
386347,9,2018-12-06,Camry,30659.68,4.4,Completed
386348,9,2018-12-05,Prius,26653.16,4.4,Completed
386349,1,2018-12-31,Tundra,51424.54,5.24,Completed
386350,7,2018-12-04,RAV4,54696.3,5.39,Completed
386351,6,2018-12-27,Prius,30190.18,3.86,Completed
386352,9,2018-12-13,Sienna,43946.37,4.4,Completed
386353,9,2018-12-09,Tundra,42173.88,4.4,Completed
386354,6,2018-12-14,Camry,33427.3,3.86,Completed
386355,8,2018-12-05,Tacoma,48534.29,5.84,Completed
386356,4,2018-12-10,Corolla,22310.13,3.81,Completed
386357,13,2018-12-26,Sienna,65656.83,5.61,Completed
386358,14,2018-12-26,Camry,40669.71,5.1,Completed
386359,6,2018-12-12,Prius,29433.5,3.86,Completed
386360,18,2018-12-12,Prius,39254.93,5.68,Completed
386361,11,2018-12-12,RAV4,37971.36,4.16,Completed
386362,5,2018-12-27,Tundra,50781.24,5.34,Completed
386363,14,2018-12-21,Tundra,60630.81,5.1,Completed
386364,19,2018-12-14,RAV4,43988.98,5.48,Completed
386365,9,2018-12-28,Camry,32270.12,4.4,Completed
386366,3,2018-12-30,Tacoma,54577.95,5.69,Completed
386367,9,2018-12-22,Highlander,51678.99,4.4,Completed
386368,3,2018-12-30,Corolla,32684.27,5.69,Completed
386369,4,2018-12-20,Camry,34883.23,3.81,Completed
386370,2,2018-12-26,Highlander,63427.09,4.0,Completed
386371,9,2018-12-14,Tacoma,39894.95,4.4,Completed
386372,20,2018-12-14,Sienna,59810.34,5.77,Completed
386373,3,2018-12-09,Sienna,68266.85,5.69,Completed
386374,9,2018-12-06,Corolla,23055.79,4.4,Completed
386375,17,2018-12-27,Highlander,51118.79,4.51,Completed
386376,5,2018-12-12,Camry,36945.99,5.34,Completed
386377,20,2018-12-13,Corolla,36348.92,5.77,Completed
386378,10,2018-12-22,Camry,37758.19,4.88,Completed
386379,5,2018-12-05,Tundra,49582.15,5.34,Completed
386380,4,2018-12-23,Highlander,52629.76,3.81,Completed
386381,2,2018-12-05,Highlander,52903.57,4.0,Completed
386382,20,2018-12-03,Sienna,59064.18,5.77,Completed
386383,2,2018-12-10,Tundra,41941.06,4.0,Completed
386384,2,2018-12-24,Camry,35716.15,4.0,Completed
386385,1,2018-12-23,Prius,31172.91,5.24,Completed
386386,6,2018-12-02,Tundra,40994.26,3.86,Completed
386387,3,2018-12-13,Corolla,35867.92,5.69,Completed
386388,19,2018-12-18,Corolla,28225.45,5.48,Completed
386389,9,2018-12-07,Highlander,57392.21,4.4,Completed
386390,6,2018-12-10,Tundra,40518.93,3.86,Completed
386391,5,2018-12-04,Sienna,48780.97,5.34,Completed
386392,1,2018-12-11,Corolla,30561.61,5.24,Completed
386393,15,2018-12-28,Sienna,63632.76,4.86,Completed
386394,8,2018-12-05,Sienna,64676.56,5.84,Completed
386395,4,2018-12-06,Sienna,40758.24,3.81,Cancelled
386396,12,2018-12-05,Tundra,57836.46,5.65,Completed
386397,18,2018-12-18,RAV4,55305.57,5.68,Completed
386398,20,2018-12-29,Tundra,55350.32,5.77,Completed
386399,5,2018-12-03,Sienna,48639.02,5.34,Completed
386400,6,2018-12-06,Tundra,40860.27,3.86,Completed
386401,15,2018-12-06,Sienna,54193.34,4.86,Completed
386402,1,2018-12-13,Tacoma,45965.61,5.24,Completed
386403,1,2018-12-13,Tundra,45774.41,5.24,Completed
386404,3,2018-12-16,RAV4,54828.18,5.69,Completed
386405,11,2018-12-31,Camry,34807.34,4.16,Completed
386406,4,2018-12-11,Highlander,48194.39,3.81,Completed
386407,5,2018-12-30,Tundra,46407.71,5.34,Completed
386408,4,2018-12-07,Highlander,48302.65,3.81,Pending
386409,12,2018-12-21,RAV4,54062.41,5.65,Completed
386410,20,2018-12-11,Prius,40997.71,5.77,Completed
386411,6,2018-12-30,Corolla,24989.12,3.86,Completed
386412,12,2018-12-23,Tacoma,50034.08,5.65,Completed
386413,4,2018-12-08,Highlander,57633.8,3.81,Completed
386414,2,2018-12-18,RAV4,38041.38,4.0,Completed
386415,18,2018-12-10,Highlander,75462.87,5.68,Completed
386416,2,2018-12-06,Highlander,57217.95,4.0,Completed
386417,19,2018-12-15,Tacoma,43753.81,5.48,Completed
386418,5,2018-12-23,Highlander,70025.83,5.34,Completed
386419,2,2018-12-03,Prius,32335.29,4.0,Completed
386420,6,2018-12-24,Sienna,38970.07,3.86,Completed
386421,17,2018-12-26,Corolla,24461.21,4.51,Completed
386422,10,2018-12-13,Tacoma,38646.0,4.88,Completed
386423,11,2018-12-04,Sienna,46305.71,4.16,Completed
386424,6,2018-12-11,Corolla,26322.04,3.86,Completed
386425,3,2018-12-21,RAV4,57853.61,5.69,Completed
386426,8,2018-12-04,RAV4,50142.98,5.84,Completed
386427,16,2018-12-13,Tacoma,51509.01,6.06,Completed
386428,17,2018-12-09,RAV4,40940.8,4.51,Completed
386429,11,2018-12-10,Prius,28332.77,4.16,Completed
386430,9,2018-12-11,Sienna,42482.86,4.4,Completed
386431,8,2018-12-21,Camry,47004.16,5.84,Completed
386432,14,2018-12-28,Camry,48004.14,5.1,Completed
386433,3,2018-12-02,Tacoma,49560.49,5.69,Pending
386434,16,2018-12-10,Tundra,62118.16,6.06,Completed
386435,20,2018-12-12,Camry,50119.71,5.77,Completed
386436,14,2018-12-03,Prius,36741.04,5.1,Completed
386437,19,2018-12-24,Highlander,70467.77,5.48,Completed
386438,3,2018-12-31,RAV4,56526.36,5.69,Completed
386439,18,2018-12-04,Tacoma,59554.9,5.68,Completed
386440,18,2018-12-31,Camry,52659.94,5.68,Completed
386441,1,2018-12-27,RAV4,41407.85,5.24,Completed
386442,16,2018-12-08,Tundra,57471.19,6.06,Completed
386443,14,2018-12-06,Corolla,32052.09,5.1,Completed
386444,17,2018-12-22,Tacoma,35039.37,4.51,Completed
386445,8,2018-12-13,RAV4,57022.53,5.84,Completed
386446,10,2018-12-16,RAV4,42183.01,4.88,Completed
386447,15,2018-12-05,Camry,42184.67,4.86,Completed
386448,13,2018-12-13,RAV4,55886.92,5.61,Completed
386449,18,2018-12-24,Corolla,38896.46,5.68,Completed
386450,6,2018-12-29,Corolla,23913.43,3.86,Completed
386451,9,2018-12-18,Tacoma,36745.64,4.4,Completed
386452,19,2018-12-06,Camry,43736.31,5.48,Completed
386453,13,2018-12-29,RAV4,53150.7,5.61,Completed
386454,13,2018-12-27,Tacoma,52942.39,5.61,Completed
386455,19,2018-12-27,Corolla,32277.99,5.48,Completed
386456,17,2018-12-27,Camry,30228.92,4.51,Completed
386457,16,2018-12-31,Tundra,62375.79,6.06,Pending
386458,19,2018-12-31,Corolla,29390.83,5.48,Completed
386459,13,2018-12-05,Tundra,66306.85,5.61,Completed
386460,10,2018-12-13,Camry,34598.56,4.88,Completed
386461,9,2018-12-18,RAV4,39700.81,4.4,Completed
386462,4,2018-12-09,Prius,25833.49,3.81,Completed
386463,19,2018-12-18,Highlander,60522.51,5.48,Completed
386464,17,2018-12-20,RAV4,38853.73,4.51,Completed
386465,3,2018-12-07,Tundra,60576.86,5.69,Completed
386466,14,2018-12-14,Sienna,59814.36,5.1,Completed
386467,5,2018-12-15,Prius,32992.0,5.34,Completed
386468,14,2018-12-02,Prius,35193.12,5.1,Completed
386469,1,2018-12-09,Camry,35344.47,5.24,Completed
386470,5,2018-12-25,Tundra,46320.05,5.34,Completed
386471,10,2018-12-31,Prius,29348.7,4.88,Completed
386472,8,2018-12-07,RAV4,50726.31,5.84,Completed
386473,17,2018-12-11,Tacoma,36933.21,4.51,Completed
386474,19,2018-12-29,Camry,38096.28,5.48,Completed
386475,11,2018-12-21,Prius,30354.97,4.16,Completed
386476,3,2018-12-13,Highlander,86119.45,5.69,Cancelled
386477,4,2018-12-31,Highlander,57906.64,3.81,Completed
386478,18,2018-12-17,Tundra,70933.2,5.68,Completed
386479,14,2018-12-27,Camry,44726.5,5.1,Completed
386480,4,2018-12-04,Prius,28454.44,3.81,Completed
386481,6,2018-12-09,Tundra,46568.7,3.86,Completed
386482,6,2018-12-25,Corolla,21954.2,3.86,Completed
386483,18,2018-12-12,RAV4,58980.75,5.68,Pending
386484,19,2018-12-01,Prius,35782.23,5.48,Completed
386485,6,2018-12-15,Sienna,39733.12,3.86,Completed
386486,19,2018-12-15,Highlander,70836.65,5.48,Completed
386487,13,2018-12-05,Corolla,38742.1,5.61,Completed
386488,15,2018-12-07,Corolla,33664.54,4.86,Completed
386489,15,2018-12-19,Tundra,55372.47,4.86,Completed
386490,8,2018-12-11,Sienna,64026.32,5.84,Completed
386491,14,2018-12-19,Tacoma,45599.85,5.1,Completed
386492,3,2018-12-08,Tacoma,56059.72,5.69,Completed
386493,4,2018-12-20,RAV4,35424.5,3.81,Completed
386494,2,2018-12-02,Prius,32114.18,4.0,Completed
386495,12,2018-12-18,RAV4,50973.82,5.65,Completed
386496,5,2018-12-29,RAV4,46846.74,5.34,Completed
386497,3,2018-12-09,Corolla,36395.43,5.69,Completed
386498,15,2018-12-16,Camry,46704.0,4.86,Completed
386499,10,2018-12-06,Corolla,27986.08,4.88,Completed
386500,20,2018-12-17,RAV4,59171.21,5.77,Completed
386501,18,2018-12-06,RAV4,61281.15,5.68,Completed
386502,20,2018-12-17,RAV4,52048.9,5.77,Completed
386503,11,2018-12-08,Corolla,22937.86,4.16,Completed
386504,17,2018-12-07,Highlander,49809.78,4.51,Completed
386505,11,2018-12-17,RAV4,43866.21,4.16,Completed
386506,13,2018-12-04,Highlander,85455.32,5.61,Completed
386507,13,2018-12-15,Highlander,79590.16,5.61,Completed
386508,19,2018-12-25,Camry,42917.78,5.48,Completed
386509,17,2018-12-01,RAV4,37413.63,4.51,Completed
386510,10,2018-12-28,Corolla,25451.32,4.88,Completed
386511,13,2018-12-31,Prius,44591.65,5.61,Completed
386512,10,2018-12-08,Highlander,56497.08,4.88,Pending
386513,4,2018-12-16,Prius,27282.92,3.81,Completed
386514,15,2018-12-12,Corolla,34580.86,4.86,Cancelled
386515,20,2018-12-24,Camry,49383.36,5.77,Pending
386516,1,2018-12-08,Tundra,51334.45,5.24,Completed
386517,18,2018-12-22,Corolla,33620.67,5.68,Completed
386518,16,2018-12-21,Camry,48728.88,6.06,Completed
386519,16,2018-12-03,Tacoma,53985.46,6.06,Completed
386520,7,2018-12-17,Corolla,36566.36,5.39,Completed
386521,3,2018-12-26,Corolla,37007.27,5.69,Completed
386522,20,2018-12-13,Tundra,63975.11,5.77,Completed
386523,19,2018-12-15,Tundra,57062.74,5.48,Completed
386524,15,2018-12-20,RAV4,53336.68,4.86,Completed
386525,20,2018-12-07,Highlander,74262.06,5.77,Completed
386526,14,2018-12-25,Corolla,30340.16,5.1,Completed
386527,7,2018-12-21,Tundra,65877.7,5.39,Completed
386528,18,2018-12-01,Prius,43430.91,5.68,Completed
386529,17,2018-12-28,Highlander,49196.16,4.51,Completed
386530,16,2018-12-09,Sienna,65487.09,6.06,Completed
386531,14,2018-12-05,Corolla,35980.42,5.1,Completed
386532,7,2018-12-01,Prius,35972.12,5.39,Completed
386533,6,2018-12-28,Highlander,57758.82,3.86,Completed
386534,16,2018-12-19,RAV4,55202.76,6.06,Completed
386535,9,2018-12-31,RAV4,40895.95,4.4,Completed
386536,18,2018-12-17,Corolla,38976.0,5.68,Completed
386537,1,2018-12-23,Prius,32784.33,5.24,Completed
386538,18,2018-12-11,Sienna,68347.97,5.68,Completed
386539,2,2018-12-11,RAV4,43769.43,4.0,Completed
386540,6,2018-12-17,Corolla,23634.25,3.86,Completed
386541,8,2018-12-19,RAV4,54348.61,5.84,Completed
386542,1,2018-12-08,Sienna,50624.96,5.24,Completed
386543,9,2018-12-21,Tacoma,36071.98,4.4,Completed
386544,8,2018-12-19,Camry,48836.28,5.84,Completed
386545,14,2018-12-12,Tundra,61737.4,5.1,Completed
386546,20,2018-12-03,Tundra,55585.38,5.77,Completed
386547,16,2018-12-13,Tundra,58013.42,6.06,Completed
386548,1,2018-12-04,Camry,35340.52,5.24,Completed
386549,10,2018-12-31,Prius,32039.18,4.88,Completed
386550,7,2018-12-08,Camry,49942.23,5.39,Completed
386551,1,2018-12-10,Tacoma,40350.2,5.24,Completed
386552,20,2018-12-15,Tacoma,51576.77,5.77,Completed
386553,6,2018-12-05,Corolla,23573.09,3.86,Completed
386554,13,2018-12-31,Sienna,56584.39,5.61,Completed
386555,9,2018-12-22,Tundra,42023.7,4.4,Completed
386556,18,2018-12-24,Sienna,61957.97,5.68,Completed
386557,3,2018-12-17,Prius,42374.43,5.69,Completed
386558,17,2018-12-30,RAV4,40800.43,4.51,Completed
386559,2,2018-12-03,Corolla,25164.02,4.0,Completed
386560,17,2018-12-20,RAV4,36570.2,4.51,Completed
386561,14,2018-12-25,Prius,34768.32,5.1,Completed
386562,10,2018-12-31,Tacoma,37692.13,4.88,Completed
386563,6,2018-12-27,Highlander,53906.94,3.86,Completed
386564,7,2018-12-24,Camry,42806.82,5.39,Pending
386565,5,2018-12-13,RAV4,41707.6,5.34,Completed
386566,15,2018-12-14,Corolla,31879.43,4.86,Completed
386567,10,2018-12-24,Corolla,27859.17,4.88,Completed
386568,20,2018-12-16,Sienna,63323.47,5.77,Cancelled
386569,14,2018-12-26,Prius,33978.98,5.1,Completed
386570,4,2018-12-10,Camry,29122.03,3.81,Completed
386571,15,2018-12-03,Sienna,64513.63,4.86,Completed
386572,17,2018-12-16,Prius,30092.8,4.51,Completed
386573,13,2018-12-20,Prius,42962.03,5.61,Pending
386574,9,2018-12-17,RAV4,41766.44,4.4,Completed
386575,14,2018-12-21,RAV4,54104.01,5.1,Completed
386576,20,2018-12-19,Corolla,31192.33,5.77,Completed
386577,9,2018-12-11,Tacoma,33239.7,4.4,Completed
386578,19,2018-12-30,Camry,40508.34,5.48,Completed
386579,12,2018-12-20,Prius,39045.53,5.65,Pending
386580,12,2018-12-29,Tundra,57199.51,5.65,Completed
386581,15,2018-12-23,RAV4,55359.09,4.86,Completed
386582,7,2018-12-12,Tundra,57263.38,5.39,Completed
386583,1,2018-12-12,Sienna,48915.19,5.24,Completed
386584,3,2018-12-03,Highlander,73909.8,5.69,Completed
386585,4,2018-12-05,Prius,29181.85,3.81,Completed
386586,14,2018-12-24,Sienna,52909.91,5.1,Completed
386587,10,2018-12-05,Tundra,45393.2,4.88,Completed
386588,6,2018-12-16,Corolla,22026.74,3.86,Completed
386589,4,2018-12-03,Camry,34862.59,3.81,Completed
386590,16,2018-12-09,RAV4,54861.85,6.06,Completed
386591,6,2018-12-11,RAV4,39717.37,3.86,Completed
386592,16,2018-12-21,RAV4,61164.09,6.06,Completed
386593,2,2018-12-13,Tundra,47050.64,4.0,Completed
386594,14,2018-12-18,Tacoma,51619.88,5.1,Completed
386595,5,2018-12-13,Tacoma,40752.57,5.34,Completed
386596,12,2018-12-28,Corolla,34256.52,5.65,Completed
386597,6,2018-12-25,Tacoma,37556.57,3.86,Completed
386598,18,2018-12-04,Tacoma,57794.38,5.68,Completed
386599,19,2018-12-16,RAV4,45576.1,5.48,Completed
386600,10,2018-12-26,RAV4,43580.88,4.88,Completed
386601,5,2018-12-29,Corolla,27497.3,5.34,Completed
386602,3,2018-12-11,Sienna,62670.47,5.69,Completed
386603,20,2018-12-17,Prius,37878.26,5.77,Completed
386604,17,2018-12-22,Tacoma,37110.64,4.51,Completed
386605,18,2018-12-14,Corolla,33635.21,5.68,Completed
386606,13,2018-12-12,Sienna,59820.52,5.61,Completed
386607,9,2018-12-23,Prius,27392.85,4.4,Completed
386608,8,2018-12-03,Highlander,81411.75,5.84,Completed
386609,9,2018-12-18,Tacoma,35541.44,4.4,Completed
386610,14,2018-12-28,Prius,36389.98,5.1,Completed
386611,5,2018-12-12,Prius,31410.06,5.34,Completed
386612,12,2018-12-11,Prius,41892.04,5.65,Completed
386613,14,2018-12-05,RAV4,53158.36,5.1,Completed
386614,20,2018-12-25,Corolla,32324.71,5.77,Completed
386615,13,2018-12-25,RAV4,62038.82,5.61,Completed
386616,8,2018-12-21,Sienna,61743.85,5.84,Completed
386617,8,2018-12-05,Tacoma,45890.63,5.84,Completed
386618,12,2018-12-10,Sienna,58706.07,5.65,Completed
386619,4,2018-12-24,Prius,24379.41,3.81,Completed
386620,4,2018-12-18,RAV4,38122.07,3.81,Completed
386621,11,2018-12-11,Camry,32279.95,4.16,Completed
386622,17,2018-12-03,Camry,33615.59,4.51,Completed
386623,7,2018-12-23,Tacoma,54756.89,5.39,Completed
386624,11,2018-12-16,Prius,31147.93,4.16,Completed
386625,18,2018-12-02,Prius,40985.37,5.68,Cancelled
386626,9,2018-12-26,Camry,33319.02,4.4,Completed
386627,3,2018-12-13,RAV4,53427.14,5.69,Completed
386628,15,2018-12-04,Camry,43257.55,4.86,Completed
386629,8,2018-12-07,Tacoma,48069.33,5.84,Completed
386630,16,2018-12-01,Corolla,34775.91,6.06,Completed
386631,7,2018-12-11,Tundra,66310.14,5.39,Completed
386632,17,2018-12-11,RAV4,39512.87,4.51,Completed
386633,16,2018-12-14,Camry,51894.05,6.06,Completed
386634,9,2018-12-14,Tacoma,39647.5,4.4,Completed
386635,15,2018-12-07,Tacoma,49489.3,4.86,Completed
386636,7,2018-12-16,Sienna,63806.59,5.39,Completed
386637,2,2018-12-05,Prius,27169.52,4.0,Completed
386638,16,2018-12-01,Tacoma,56291.31,6.06,Completed
386639,20,2018-12-27,Camry,48159.47,5.77,Completed
386640,8,2018-12-08,Corolla,37477.44,5.84,Pending
386641,12,2018-12-15,Prius,41492.77,5.65,Completed
386642,1,2018-12-06,Corolla,28287.23,5.24,Completed
386643,1,2018-12-19,RAV4,44513.34,5.24,Completed
386644,10,2018-12-13,Tacoma,34543.64,4.88,Completed
386645,17,2018-12-20,Prius,28443.16,4.51,Completed
386646,4,2018-12-06,Prius,24516.91,3.81,Completed
386647,12,2018-12-15,Prius,38832.79,5.65,Completed
386648,15,2018-12-29,Corolla,34020.74,4.86,Completed
386649,5,2018-12-03,Prius,29820.79,5.34,Completed
386650,11,2018-12-10,Camry,33810.13,4.16,Completed
386651,1,2018-12-11,Prius,29497.49,5.24,Completed
386652,14,2018-12-11,Sienna,52105.32,5.1,Completed
386653,9,2018-12-02,Sienna,39945.33,4.4,Completed
386654,20,2018-12-06,Highlander,73983.27,5.77,Completed
386655,11,2018-12-17,Camry,34947.07,4.16,Completed
386656,18,2018-12-21,Corolla,36147.71,5.68,Completed
386657,1,2018-12-18,Prius,34978.15,5.24,Completed
386658,8,2018-12-11,Sienna,55490.6,5.84,Completed
386659,18,2018-12-24,Tacoma,51663.62,5.68,Completed
386660,19,2018-12-17,Prius,36709.87,5.48,Completed
386661,17,2018-12-11,Corolla,23997.27,4.51,Completed
386662,12,2018-12-09,Sienna,64669.73,5.65,Completed
386663,10,2018-12-13,Camry,37338.96,4.88,Pending
386664,12,2018-12-22,Tundra,56484.21,5.65,Completed
386665,5,2018-12-29,Camry,40635.56,5.34,Completed
386666,14,2018-12-25,Tundra,55489.17,5.1,Completed
386667,13,2018-12-29,Tundra,61162.68,5.61,Completed
386668,15,2018-12-25,Prius,41644.89,4.86,Completed
386669,10,2018-12-13,Corolla,23930.65,4.88,Completed
386670,17,2018-12-28,Camry,30496.36,4.51,Completed
386671,19,2018-12-13,Sienna,56681.34,5.48,Completed
386672,1,2018-12-29,RAV4,41298.25,5.24,Completed
386673,14,2018-12-27,Camry,44413.8,5.1,Completed
386674,14,2018-12-25,Corolla,33651.56,5.1,Completed
386675,9,2018-12-30,Camry,34658.81,4.4,Completed
386676,14,2018-12-27,RAV4,51750.14,5.1,Cancelled
386677,11,2018-12-11,Tacoma,38584.66,4.16,Completed
386678,16,2018-12-15,RAV4,53127.61,6.06,Completed
386679,15,2018-12-18,Prius,35780.2,4.86,Completed
386680,6,2018-12-16,Sienna,43574.07,3.86,Completed
386681,6,2018-12-31,Sienna,40841.44,3.86,Completed
386682,16,2018-12-23,Tundra,62007.83,6.06,Completed
386683,17,2018-12-01,RAV4,38394.86,4.51,Completed
386684,18,2018-12-23,Tundra,68587.65,5.68,Completed
386685,18,2018-12-31,Corolla,39720.98,5.68,Completed
386686,1,2018-12-14,Camry,39986.42,5.24,Completed
386687,4,2018-12-29,RAV4,41353.25,3.81,Completed
386688,8,2018-12-09,Tundra,62637.76,5.84,Completed
386689,9,2018-12-06,Prius,26160.26,4.4,Completed
386690,9,2018-12-28,RAV4,39543.52,4.4,Cancelled
386691,15,2018-12-25,Tacoma,46922.15,4.86,Completed
386692,4,2018-12-01,Camry,35175.06,3.81,Completed
386693,6,2018-12-27,Tacoma,39052.17,3.86,Completed
386694,7,2018-12-28,Sienna,65813.15,5.39,Completed
386695,1,2018-12-31,Sienna,52404.86,5.24,Completed
386696,5,2018-12-06,Tacoma,46121.6,5.34,Completed
386697,17,2018-12-23,Corolla,26236.09,4.51,Completed
386698,9,2018-12-13,Highlander,58844.66,4.4,Completed
386699,7,2018-12-04,RAV4,56420.83,5.39,Completed
386700,8,2018-12-08,Tacoma,52220.03,5.84,Completed
386701,13,2018-12-10,RAV4,55971.42,5.61,Completed
386702,2,2018-12-03,Corolla,25733.56,4.0,Completed
386703,15,2018-12-05,Corolla,32503.83,4.86,Completed
386704,8,2018-12-15,Highlander,80250.69,5.84,Completed
386705,18,2018-12-18,RAV4,53142.91,5.68,Pending
386706,5,2018-12-26,Tacoma,39619.24,5.34,Completed
386707,6,2018-12-12,Highlander,49001.61,3.86,Completed
386708,17,2018-12-18,Tundra,45384.77,4.51,Completed
386709,9,2018-12-02,Highlander,60087.06,4.4,Completed
386710,13,2018-12-15,Highlander,74424.29,5.61,Completed
386711,7,2018-12-05,Corolla,33451.89,5.39,Completed
386712,4,2018-12-06,Camry,32205.95,3.81,Completed
386713,2,2018-12-08,Tundra,43238.12,4.0,Completed
386714,2,2018-12-29,RAV4,45154.97,4.0,Completed
386715,16,2018-12-29,Corolla,37672.32,6.06,Cancelled
386716,3,2018-12-20,Highlander,76610.29,5.69,Completed
386717,8,2018-12-24,Tundra,61123.44,5.84,Completed
386718,13,2018-12-12,RAV4,56011.08,5.61,Completed
386719,19,2018-12-18,Tundra,56909.83,5.48,Completed
386720,2,2018-12-04,Tacoma,41519.1,4.0,Completed
386721,5,2018-12-09,Prius,32055.15,5.34,Completed
386722,7,2018-12-29,RAV4,60494.69,5.39,Completed
386723,1,2018-12-24,Highlander,62309.97,5.24,Completed
386724,18,2018-12-18,Sienna,59318.62,5.68,Completed
386725,2,2018-12-13,Tundra,42603.28,4.0,Completed
386726,2,2018-12-30,RAV4,39071.64,4.0,Completed
386727,7,2018-12-30,Tundra,57445.86,5.39,Completed
386728,20,2018-12-11,Corolla,32479.06,5.77,Completed
386729,11,2018-12-24,Corolla,24067.84,4.16,Completed
386730,3,2018-12-20,RAV4,59543.78,5.69,Completed
386731,15,2018-12-19,Sienna,59341.11,4.86,Completed
386732,20,2018-12-13,Sienna,62019.92,5.77,Completed
386733,20,2018-12-08,RAV4,53640.03,5.77,Completed
386734,3,2018-12-12,Highlander,78922.56,5.69,Completed
386735,13,2018-12-26,Corolla,37190.72,5.61,Cancelled
386736,17,2018-12-17,Tacoma,38920.77,4.51,Completed
386737,18,2018-12-19,Sienna,62374.12,5.68,Completed
386738,10,2018-12-22,Prius,28991.68,4.88,Completed
386739,14,2018-12-18,Prius,35754.86,5.1,Completed
386740,18,2018-12-08,Camry,54509.58,5.68,Completed
386741,2,2018-12-07,Tacoma,39252.06,4.0,Completed
386742,1,2018-12-26,Corolla,28647.45,5.24,Completed
386743,8,2018-12-18,Sienna,55042.64,5.84,Pending
386744,11,2018-12-09,Corolla,23665.24,4.16,Completed
386745,4,2018-12-31,Tundra,44347.07,3.81,Completed
386746,20,2018-12-02,Camry,47488.2,5.77,Completed
386747,8,2018-12-23,Tacoma,50332.19,5.84,Completed
386748,7,2018-12-14,Prius,41241.17,5.39,Completed
386749,4,2018-12-02,Camry,33515.1,3.81,Completed
386750,20,2018-12-09,Corolla,34202.81,5.77,Completed
386751,10,2018-12-14,RAV4,39859.71,4.88,Completed
386752,1,2018-12-16,Corolla,25779.68,5.24,Completed
386753,16,2018-12-11,Sienna,65227.62,6.06,Completed
386754,13,2018-12-23,Prius,36965.9,5.61,Completed
386755,17,2018-12-06,RAV4,35856.24,4.51,Completed
386756,6,2018-12-22,Tundra,44595.04,3.86,Completed
386757,10,2018-12-12,Highlander,60197.24,4.88,Completed
386758,19,2018-12-29,Tacoma,45647.17,5.48,Completed
386759,4,2018-12-09,Tacoma,35423.02,3.81,Completed
386760,4,2018-12-14,Corolla,24308.38,3.81,Completed
386761,1,2018-12-17,Corolla,26746.87,5.24,Completed
386762,17,2018-12-15,Corolla,24135.72,4.51,Completed
386763,13,2018-12-26,Prius,36700.42,5.61,Completed
386764,20,2018-12-04,RAV4,50405.34,5.77,Completed
386765,1,2018-12-13,Corolla,29266.21,5.24,Completed
386766,16,2018-12-31,Camry,50494.1,6.06,Completed
386767,20,2018-12-03,Tundra,57520.78,5.77,Completed
386768,8,2018-12-31,Sienna,54446.6,5.84,Completed
386769,18,2018-12-22,Tacoma,59029.26,5.68,Completed
386770,11,2018-12-14,Corolla,23305.11,4.16,Completed
386771,5,2018-12-16,Tacoma,46265.9,5.34,Pending
386772,6,2018-12-09,Prius,29761.56,3.86,Completed
386773,6,2018-12-21,Camry,35473.58,3.86,Completed
386774,3,2018-12-11,Tundra,59384.79,5.69,Completed
386775,7,2018-12-06,Camry,45984.0,5.39,Completed
386776,9,2018-12-29,Sienna,46923.93,4.4,Completed
386777,7,2018-12-23,Corolla,36090.35,5.39,Completed
386778,9,2018-12-02,Tacoma,37830.56,4.4,Completed
386779,10,2018-12-09,Corolla,27922.31,4.88,Completed
386780,1,2018-12-21,Tacoma,38195.74,5.24,Completed
386781,17,2018-12-24,Highlander,56713.09,4.51,Completed
386782,16,2018-12-09,Camry,52694.5,6.06,Completed
386783,19,2018-12-22,Prius,31082.27,5.48,Completed
386784,7,2018-12-02,Corolla,34860.56,5.39,Completed
386785,5,2018-12-15,Sienna,46512.76,5.34,Completed
386786,8,2018-12-01,RAV4,53405.07,5.84,Completed
386787,18,2018-12-25,Tundra,58812.1,5.68,Completed
386788,4,2018-12-18,Tacoma,32771.0,3.81,Completed
386789,1,2018-12-03,Sienna,50785.22,5.24,Completed
386790,10,2018-12-21,Tundra,41684.83,4.88,Pending
386791,8,2018-12-29,Prius,37804.97,5.84,Completed
386792,9,2018-12-22,RAV4,40474.62,4.4,Completed
386793,13,2018-12-06,Tacoma,54023.12,5.61,Completed
386794,7,2018-12-13,Camry,46438.19,5.39,Completed
386795,6,2018-12-18,Camry,30953.36,3.86,Completed
386796,8,2018-12-03,RAV4,52701.44,5.84,Completed
386797,4,2018-12-08,Corolla,23791.31,3.81,Completed
386798,8,2018-12-19,Tundra,64907.7,5.84,Completed
386799,15,2018-12-19,RAV4,51973.86,4.86,Completed
386800,20,2018-12-10,Tundra,62779.38,5.77,Completed
386801,4,2018-12-10,RAV4,35893.96,3.81,Completed
386802,10,2018-12-23,RAV4,37815.74,4.88,Completed
386803,11,2018-12-06,Highlander,52275.17,4.16,Completed
386804,10,2018-12-13,Corolla,25516.12,4.88,Completed
386805,20,2018-12-06,Prius,40467.53,5.77,Completed
386806,8,2018-12-25,Tundra,61936.12,5.84,Completed
386807,1,2018-12-05,Corolla,28333.57,5.24,Completed
386808,13,2018-12-04,Prius,40888.19,5.61,Completed
386809,1,2018-12-05,RAV4,44670.62,5.24,Completed
386810,10,2018-12-07,Tacoma,40271.14,4.88,Completed
386811,13,2018-12-24,Prius,40815.3,5.61,Completed
386812,9,2018-12-13,Camry,32044.1,4.4,Completed
386813,10,2018-12-15,Corolla,27819.88,4.88,Completed
386814,13,2018-12-06,RAV4,51533.72,5.61,Completed
386815,16,2018-12-25,Corolla,35160.5,6.06,Completed
386816,10,2018-12-12,Tundra,45557.68,4.88,Completed
386817,6,2018-12-13,Tacoma,35949.28,3.86,Completed
386818,2,2018-12-16,Sienna,44760.92,4.0,Completed
386819,10,2018-12-05,Prius,30577.53,4.88,Completed
386820,16,2018-12-28,Tundra,57675.18,6.06,Completed
386821,18,2018-12-01,Camry,46108.29,5.68,Completed
386822,8,2018-12-28,Camry,49352.04,5.84,Completed
386823,3,2018-12-24,Corolla,37250.63,5.69,Completed
386824,13,2018-12-12,Corolla,38167.29,5.61,Completed
386825,2,2018-12-03,Camry,33778.63,4.0,Completed
386826,10,2018-12-02,Corolla,25890.62,4.88,Completed
386827,9,2018-12-28,Corolla,22797.53,4.4,Completed
386828,10,2018-12-27,Prius,29901.69,4.88,Completed
386829,12,2018-12-29,Camry,46128.67,5.65,Completed
386830,1,2018-12-14,Tacoma,38286.44,5.24,Completed
386831,16,2018-12-26,Camry,52066.12,6.06,Completed
386832,20,2018-12-13,Prius,37133.95,5.77,Completed
386833,11,2018-12-01,Camry,36612.24,4.16,Completed
386834,15,2018-12-27,RAV4,55515.01,4.86,Completed
386835,2,2018-12-19,Camry,32426.15,4.0,Completed
386836,7,2018-12-03,Tundra,63700.17,5.39,Completed
386837,10,2018-12-16,Highlander,57623.54,4.88,Completed
386838,1,2018-12-09,Camry,37769.46,5.24,Completed
386839,14,2018-12-11,RAV4,47525.99,5.1,Completed
386840,7,2018-12-20,Sienna,65785.85,5.39,Completed
386841,13,2018-12-13,RAV4,55632.93,5.61,Completed
386842,4,2018-12-15,Corolla,25520.82,3.81,Completed
386843,1,2018-12-10,Highlander,65421.14,5.24,Completed
386844,6,2018-12-25,Sienna,41946.91,3.86,Completed
386845,3,2018-12-30,Corolla,35423.72,5.69,Completed
386846,1,2018-12-15,Camry,37914.42,5.24,Completed
386847,1,2018-12-29,Sienna,46633.36,5.24,Completed
386848,1,2018-12-28,Prius,30539.7,5.24,Completed
386849,11,2018-12-28,Corolla,24227.9,4.16,Completed
386850,15,2018-12-05,Tundra,56795.14,4.86,Completed
386851,7,2018-12-05,Prius,40670.03,5.39,Completed
386852,5,2018-12-01,Camry,41824.76,5.34,Completed
386853,2,2018-12-10,RAV4,42494.03,4.0,Completed
386854,4,2018-12-10,RAV4,39083.18,3.81,Completed
386855,9,2018-12-24,Corolla,22519.94,4.4,Completed
386856,2,2018-12-23,RAV4,38273.51,4.0,Completed
386857,16,2018-12-19,Tacoma,49705.08,6.06,Completed
386858,17,2018-12-21,Corolla,23032.92,4.51,Completed
386859,18,2018-12-02,Tacoma,56820.83,5.68,Completed
386860,18,2018-12-27,Camry,54978.53,5.68,Completed
386861,10,2018-12-05,Camry,35659.8,4.88,Completed
386862,15,2018-12-31,Sienna,59301.06,4.86,Completed
386863,6,2018-12-20,Camry,32588.54,3.86,Completed
386864,11,2018-12-13,Tundra,43504.46,4.16,Completed
386865,6,2018-12-06,Tacoma,33078.71,3.86,Completed
386866,16,2018-12-04,Camry,45568.49,6.06,Completed
386867,8,2018-12-12,RAV4,49205.9,5.84,Completed
386868,18,2018-12-26,Tacoma,50182.46,5.68,Completed
386869,12,2018-12-10,Camry,42555.11,5.65,Completed
386870,17,2018-12-28,Tacoma,36661.71,4.51,Completed
386871,19,2018-12-03,Sienna,48852.12,5.48,Completed
386872,8,2018-12-22,RAV4,57558.12,5.84,Completed
386873,2,2018-12-03,Corolla,26471.07,4.0,Completed
386874,4,2018-12-14,Prius,26117.66,3.81,Completed
386875,10,2018-12-04,Prius,31413.25,4.88,Completed
386876,12,2018-12-09,Corolla,33615.43,5.65,Completed
386877,7,2018-12-31,Highlander,82358.99,5.39,Completed
386878,6,2018-12-01,Tacoma,36444.87,3.86,Completed
386879,5,2018-12-06,Tundra,50744.04,5.34,Completed
386880,17,2018-12-27,RAV4,35633.69,4.51,Completed
386881,12,2018-12-02,Highlander,75063.39,5.65,Completed
386882,3,2018-12-17,Highlander,78174.7,5.69,Completed
386883,16,2018-12-04,Sienna,62282.83,6.06,Completed
386884,17,2018-12-10,Highlander,50578.06,4.51,Completed
386885,13,2018-12-31,Tacoma,49091.17,5.61,Completed
386886,18,2018-12-17,Sienna,59398.98,5.68,Completed
386887,13,2018-12-29,Camry,52745.66,5.61,Completed
386888,16,2018-12-21,Tundra,59305.74,6.06,Completed
386889,8,2018-12-30,Corolla,35908.77,5.84,Completed
386890,5,2018-12-09,RAV4,45848.01,5.34,Completed
386891,17,2018-12-02,Tundra,41087.35,4.51,Completed
386892,12,2018-12-21,Prius,40551.71,5.65,Completed
386893,15,2018-12-09,Tundra,54272.43,4.86,Completed
386894,4,2018-12-09,Tundra,43640.68,3.81,Completed
386895,7,2018-12-17,Highlander,80674.68,5.39,Completed
386896,12,2018-12-05,Tacoma,47878.87,5.65,Completed
386897,17,2018-12-22,RAV4,38315.47,4.51,Completed
386898,12,2018-12-22,Tacoma,45922.12,5.65,Completed
386899,19,2018-12-27,Tacoma,42829.58,5.48,Pending
386900,20,2018-12-08,Prius,42087.18,5.77,Completed
386901,14,2018-12-25,RAV4,51104.53,5.1,Completed
386902,9,2018-12-27,Sienna,46787.13,4.4,Completed
386903,6,2018-12-09,Camry,30488.45,3.86,Completed
386904,20,2018-12-02,Highlander,75076.24,5.77,Completed
386905,11,2018-12-17,Tundra,41907.07,4.16,Completed
386906,16,2018-12-22,Camry,46715.2,6.06,Completed
386907,2,2018-12-17,Prius,27988.63,4.0,Completed
386908,9,2018-12-05,RAV4,38268.26,4.4,Completed
386909,8,2018-12-20,Tacoma,46333.42,5.84,Completed
386910,11,2018-12-19,Tacoma,40292.26,4.16,Cancelled
386911,1,2018-12-24,RAV4,46977.77,5.24,Completed
386912,9,2018-12-10,RAV4,38927.02,4.4,Completed
386913,8,2018-12-16,RAV4,54094.73,5.84,Completed
386914,7,2018-12-28,Prius,37120.76,5.39,Completed
386915,10,2018-12-22,RAV4,40982.18,4.88,Completed
386916,11,2018-12-23,Prius,28595.54,4.16,Completed
386917,6,2018-12-15,Tacoma,36422.34,3.86,Pending
386918,9,2018-12-02,Highlander,56580.87,4.4,Completed
386919,8,2018-12-10,Tundra,64446.54,5.84,Completed
386920,10,2018-12-17,Corolla,26672.12,4.88,Completed
386921,19,2018-12-07,Corolla,30402.71,5.48,Completed
386922,15,2018-12-15,Tacoma,49740.29,4.86,Completed
386923,12,2018-12-04,Sienna,64166.59,5.65,Completed
386924,14,2018-12-13,Highlander,78266.79,5.1,Completed
386925,6,2018-12-22,Tacoma,34435.91,3.86,Completed
386926,13,2018-12-05,Tacoma,50117.54,5.61,Completed
386927,13,2018-12-19,Prius,38773.96,5.61,Completed
386928,12,2018-12-06,Camry,44018.51,5.65,Completed
386929,10,2018-12-26,Sienna,47896.67,4.88,Completed
386930,14,2018-12-25,Corolla,33904.29,5.1,Completed
386931,10,2018-12-18,Prius,30944.79,4.88,Completed
386932,6,2018-12-16,Tacoma,37202.59,3.86,Completed
386933,18,2018-12-31,Corolla,37465.98,5.68,Completed
386934,2,2018-12-22,Camry,34579.63,4.0,Completed
386935,16,2018-12-29,Prius,42427.34,6.06,Completed
386936,7,2018-12-31,Camry,45054.68,5.39,Completed
386937,17,2018-12-04,Highlander,50770.5,4.51,Completed
386938,3,2018-12-18,Prius,38902.22,5.69,Completed
386939,4,2018-12-21,Sienna,40562.93,3.81,Completed
386940,5,2018-12-26,Highlander,59858.57,5.34,Completed
386941,7,2018-12-29,Highlander,72229.97,5.39,Completed
386942,7,2018-12-29,Highlander,77172.13,5.39,Completed
386943,7,2018-12-29,Prius,39594.54,5.39,Completed
386944,3,2018-12-13,Sienna,61703.69,5.69,Completed
386945,19,2018-12-21,Camry,39051.1,5.48,Completed
386946,17,2018-12-20,Prius,24653.3,4.51,Completed
386947,11,2018-12-17,Highlander,51026.84,4.16,Completed
386948,6,2018-12-09,Highlander,55400.61,3.86,Completed
386949,6,2018-12-09,Tacoma,39062.59,3.86,Cancelled
386950,20,2018-12-15,Tacoma,54617.94,5.77,Completed
386951,6,2018-12-02,Tacoma,33364.02,3.86,Completed
386952,1,2018-12-10,Corolla,25964.69,5.24,Completed
386953,16,2018-12-06,Camry,48022.12,6.06,Completed
386954,15,2018-12-15,Camry,47855.26,4.86,Completed
386955,4,2018-12-20,Tundra,38126.08,3.81,Cancelled
386956,16,2018-12-12,Camry,47258.87,6.06,Completed
386957,7,2018-12-17,Tacoma,54822.75,5.39,Completed
386958,1,2018-12-13,Camry,40347.6,5.24,Completed
386959,9,2018-12-17,Camry,34492.61,4.4,Completed
386960,18,2018-12-16,Tacoma,55400.55,5.68,Completed
386961,2,2018-12-23,Sienna,41608.77,4.0,Completed
386962,20,2018-12-31,Tundra,55607.34,5.77,Completed
386963,16,2018-12-31,Prius,36676.74,6.06,Completed
386964,7,2018-12-03,Tundra,58205.7,5.39,Completed
386965,11,2018-12-03,Tacoma,33568.83,4.16,Completed
386966,16,2018-12-21,Highlander,83004.43,6.06,Completed
386967,18,2018-12-30,RAV4,57861.83,5.68,Completed
386968,19,2018-12-11,RAV4,52112.68,5.48,Completed
386969,5,2018-12-04,Sienna,52105.25,5.34,Completed
386970,14,2018-12-12,Tundra,62894.65,5.1,Completed
386971,14,2018-12-15,Highlander,79161.92,5.1,Completed
386972,11,2018-12-15,Highlander,52393.73,4.16,Completed
386973,3,2018-12-23,Camry,50593.33,5.69,Completed
386974,7,2018-12-23,Sienna,62915.28,5.39,Completed
386975,10,2018-12-19,RAV4,41599.32,4.88,Completed
386976,6,2018-12-03,Corolla,26027.21,3.86,Cancelled
386977,18,2018-12-17,Camry,55021.3,5.68,Completed
386978,6,2018-12-12,Camry,32999.03,3.86,Completed
386979,14,2018-12-15,Corolla,35720.82,5.1,Completed
386980,8,2018-12-04,Tacoma,50841.11,5.84,Completed
386981,2,2018-12-28,Highlander,59639.6,4.0,Completed
386982,7,2018-12-27,Tundra,56955.58,5.39,Completed
386983,11,2018-12-05,Sienna,43791.53,4.16,Cancelled
386984,15,2018-12-28,Tundra,54050.87,4.86,Completed
386985,8,2018-12-31,Highlander,69894.58,5.84,Completed
386986,13,2018-12-09,Highlander,71909.86,5.61,Completed
386987,2,2018-12-30,Tacoma,41824.33,4.0,Completed
386988,3,2018-12-12,Prius,38745.73,5.69,Completed
386989,20,2018-12-06,RAV4,59762.84,5.77,Completed
386990,1,2018-12-31,Sienna,45794.9,5.24,Completed
386991,14,2018-12-29,Camry,43340.47,5.1,Completed
386992,20,2018-12-16,Prius,41362.89,5.77,Completed
386993,10,2018-12-20,Tundra,41390.24,4.88,Completed
386994,6,2018-12-20,Tacoma,34841.21,3.86,Completed
386995,12,2018-12-29,Sienna,62830.41,5.65,Completed
386996,13,2018-12-18,RAV4,53265.14,5.61,Completed
386997,4,2018-12-10,Sienna,42471.74,3.81,Completed
386998,3,2018-12-14,Tacoma,51221.14,5.69,Completed
386999,12,2018-12-28,Highlander,76067.14,5.65,Completed
387000,5,2018-12-04,Tacoma,39673.86,5.34,Completed
387001,18,2018-12-04,Corolla,38253.64,5.68,Completed
387002,14,2018-12-18,RAV4,55291.99,5.1,Completed
387003,18,2018-12-22,Camry,55180.77,5.68,Completed
387004,2,2018-12-19,Sienna,45518.65,4.0,Completed
387005,13,2018-12-20,Prius,41257.86,5.61,Completed
387006,2,2018-12-04,Prius,32427.64,4.0,Completed
387007,9,2018-12-03,RAV4,37751.16,4.4,Completed
387008,1,2018-12-31,RAV4,46584.67,5.24,Completed
387009,19,2018-12-12,Prius,30710.54,5.48,Completed
387010,14,2018-12-15,Tundra,61072.77,5.1,Completed
387011,4,2018-12-30,Corolla,22832.27,3.81,Pending
387012,15,2018-12-01,Camry,46687.54,4.86,Completed
387013,3,2018-12-14,Camry,50189.0,5.69,Completed
387014,13,2018-12-01,Corolla,37974.31,5.61,Completed
387015,7,2018-12-18,Camry,50005.53,5.39,Completed
387016,11,2018-12-02,Highlander,57370.33,4.16,Completed
387017,19,2018-12-31,Tundra,57011.08,5.48,Completed
387018,2,2018-12-02,RAV4,40273.64,4.0,Pending
387019,12,2018-12-01,Tacoma,46010.28,5.65,Completed
387020,2,2018-12-03,RAV4,43836.5,4.0,Completed
387021,5,2018-12-24,Camry,43372.91,5.34,Completed
387022,4,2018-12-31,Highlander,56881.8,3.81,Completed
387023,4,2018-12-19,Camry,30878.34,3.81,Completed
387024,14,2018-12-29,RAV4,48538.95,5.1,Completed
387025,1,2018-12-13,Tacoma,42943.01,5.24,Completed
387026,2,2018-12-25,Camry,36575.09,4.0,Completed
387027,18,2018-12-22,RAV4,61069.8,5.68,Pending
387028,17,2018-12-11,Tundra,44686.11,4.51,Completed
387029,4,2018-12-29,Tundra,38664.32,3.81,Completed
387030,14,2018-12-14,Sienna,58116.74,5.1,Completed
387031,5,2018-12-16,Sienna,46174.19,5.34,Completed
387032,5,2018-12-21,Camry,37209.39,5.34,Completed
387033,11,2018-12-17,Sienna,45983.06,4.16,Completed
387034,4,2018-12-29,Highlander,56627.53,3.81,Completed
387035,7,2018-12-18,Prius,39764.04,5.39,Completed
387036,6,2018-12-20,Corolla,24877.8,3.86,Completed
387037,1,2018-12-08,Tundra,54359.39,5.24,Completed
387038,15,2018-12-05,Highlander,71050.8,4.86,Completed
387039,19,2018-12-05,Camry,38886.79,5.48,Completed
387040,10,2018-12-29,Camry,36682.62,4.88,Completed
387041,13,2018-12-13,RAV4,61631.12,5.61,Completed
387042,7,2018-12-11,Corolla,35180.59,5.39,Completed
387043,7,2018-12-22,Tacoma,49674.19,5.39,Completed
387044,11,2018-12-31,Sienna,44799.82,4.16,Completed
387045,16,2018-12-23,Highlander,79946.34,6.06,Completed
387046,13,2018-12-10,Tacoma,53125.97,5.61,Completed
387047,2,2018-12-22,Tundra,45760.96,4.0,Completed
387048,17,2018-12-31,RAV4,39598.17,4.51,Completed
387049,12,2018-12-02,Corolla,31158.67,5.65,Completed
387050,12,2018-12-12,Highlander,71906.7,5.65,Completed
387051,17,2018-12-10,Prius,29305.57,4.51,Pending
387052,7,2018-12-24,Tundra,56568.54,5.39,Completed
387053,13,2018-12-28,Tundra,62867.61,5.61,Cancelled
387054,6,2018-12-21,Highlander,51555.75,3.86,Cancelled
387055,10,2018-12-22,RAV4,40388.87,4.88,Completed
387056,19,2018-12-03,Highlander,68075.9,5.48,Completed
387057,11,2018-12-24,RAV4,38647.68,4.16,Completed
387058,14,2018-12-02,RAV4,53950.7,5.1,Completed
387059,18,2018-12-11,Corolla,34755.21,5.68,Completed
387060,13,2018-12-13,Camry,53055.99,5.61,Completed
387061,4,2018-12-15,Corolla,23320.22,3.81,Completed
387062,5,2018-12-04,Tundra,50295.2,5.34,Completed
387063,20,2018-12-24,Sienna,60437.9,5.77,Completed
387064,10,2018-12-25,Tacoma,41587.86,4.88,Completed
387065,7,2018-12-31,Tacoma,52033.64,5.39,Completed
387066,19,2018-12-20,Tacoma,41502.67,5.48,Completed
387067,2,2018-12-17,Prius,28644.03,4.0,Completed
387068,7,2018-12-15,RAV4,50842.8,5.39,Completed
387069,14,2018-12-28,RAV4,47422.27,5.1,Completed
387070,5,2018-12-26,Tacoma,45596.9,5.34,Completed
387071,19,2018-12-02,Highlander,72765.85,5.48,Completed
387072,2,2018-12-18,Prius,31873.16,4.0,Completed
387073,19,2018-12-10,Highlander,66739.45,5.48,Completed
387074,5,2018-12-13,Sienna,54907.02,5.34,Completed
387075,3,2018-12-20,Tacoma,54603.65,5.69,Completed
387076,10,2018-12-27,RAV4,40657.68,4.88,Completed
387077,7,2018-12-28,Camry,43108.6,5.39,Completed
387078,6,2018-12-16,Highlander,55011.37,3.86,Completed
387079,17,2018-12-19,Tundra,41851.07,4.51,Completed
387080,16,2018-12-25,Tundra,66306.55,6.06,Completed
387081,4,2018-12-07,Tacoma,34562.44,3.81,Completed
387082,17,2018-12-14,Tundra,37992.95,4.51,Completed
387083,11,2018-12-10,Camry,35809.44,4.16,Completed
387084,14,2018-12-13,Corolla,35341.73,5.1,Completed
387085,19,2018-12-24,Tacoma,47563.98,5.48,Completed
387086,11,2018-12-27,Camry,36326.39,4.16,Completed
387087,9,2018-12-18,Tacoma,35374.48,4.4,Completed
387088,5,2018-12-07,Tundra,49139.17,5.34,Completed
387089,2,2018-12-22,Highlander,63423.11,4.0,Completed
387090,19,2018-12-28,Tacoma,40685.41,5.48,Completed
387091,5,2018-12-24,Highlander,58212.34,5.34,Cancelled
387092,6,2018-12-02,RAV4,36669.56,3.86,Completed
387093,6,2018-12-11,Highlander,55532.45,3.86,Completed
387094,15,2018-12-06,Tundra,61987.56,4.86,Completed
387095,1,2018-12-13,Tacoma,44502.27,5.24,Completed
387096,15,2018-12-10,Camry,41748.76,4.86,Completed
387097,13,2018-12-10,Camry,48654.72,5.61,Completed
387098,8,2018-12-28,Tundra,58085.59,5.84,Completed
387099,8,2018-12-08,Tundra,63672.14,5.84,Completed
387100,8,2018-12-12,Prius,36199.98,5.84,Completed
387101,2,2018-12-30,Tacoma,40461.54,4.0,Completed
387102,11,2018-12-13,RAV4,39484.78,4.16,Completed
387103,5,2018-12-08,Tundra,51537.71,5.34,Completed
387104,1,2018-12-07,Corolla,26489.78,5.24,Completed
387105,1,2018-12-02,Tundra,52239.84,5.24,Completed
387106,4,2018-12-19,RAV4,41131.06,3.81,Completed
387107,14,2018-12-19,RAV4,53606.66,5.1,Completed
387108,2,2018-12-19,Prius,29076.61,4.0,Completed
387109,18,2018-12-15,Sienna,58453.27,5.68,Completed
387110,5,2018-12-16,Tacoma,44864.36,5.34,Completed
387111,18,2018-12-13,RAV4,53389.8,5.68,Completed
387112,9,2018-12-19,Corolla,22408.41,4.4,Completed
387113,4,2018-12-28,Prius,24241.26,3.81,Completed
387114,3,2018-12-21,RAV4,57907.46,5.69,Completed
387115,11,2018-12-24,Corolla,22674.54,4.16,Completed
387116,17,2018-12-27,Highlander,49247.65,4.51,Completed
387117,1,2018-12-27,Sienna,48387.33,5.24,Completed
387118,13,2018-12-25,Highlander,77401.48,5.61,Completed
387119,2,2018-12-28,Tacoma,35190.6,4.0,Completed
387120,14,2018-12-19,Tundra,60315.81,5.1,Completed
387121,17,2018-12-06,Highlander,53909.86,4.51,Completed
387122,19,2018-12-28,Tacoma,47235.97,5.48,Completed
387123,12,2018-12-07,Tundra,59060.57,5.65,Completed
387124,19,2018-12-06,Corolla,32161.09,5.48,Completed
387125,8,2018-12-12,Tacoma,53077.06,5.84,Completed
387126,17,2018-12-23,Corolla,22079.52,4.51,Completed
387127,18,2018-12-13,Tacoma,49608.58,5.68,Completed
387128,11,2018-12-27,Highlander,55322.38,4.16,Pending
387129,20,2018-12-15,RAV4,57763.93,5.77,Completed
387130,1,2018-12-09,Corolla,28297.64,5.24,Completed
387131,13,2018-12-04,Tacoma,52697.58,5.61,Completed
387132,15,2018-12-04,Sienna,55240.66,4.86,Cancelled
387133,13,2018-12-08,RAV4,55136.98,5.61,Completed
387134,11,2018-12-16,Corolla,24318.99,4.16,Completed
387135,10,2018-12-03,Sienna,47832.89,4.88,Completed
387136,18,2018-12-13,Tundra,58822.84,5.68,Completed
387137,19,2018-12-06,RAV4,43731.64,5.48,Completed
387138,9,2018-12-20,Sienna,43252.08,4.4,Completed
387139,1,2018-12-04,Tacoma,38381.94,5.24,Completed
387140,8,2018-12-21,Tacoma,54391.82,5.84,Completed
387141,4,2018-12-24,Corolla,22520.28,3.81,Completed
387142,16,2018-12-04,Camry,48953.34,6.06,Cancelled
387143,13,2018-12-21,RAV4,61581.26,5.61,Completed
387144,11,2018-12-30,Sienna,43076.31,4.16,Completed
387145,8,2018-12-05,RAV4,52030.05,5.84,Completed
387146,2,2018-12-29,Camry,33025.13,4.0,Completed
387147,3,2018-12-28,Prius,39457.64,5.69,Completed
387148,8,2018-12-22,Corolla,32915.49,5.84,Completed
387149,12,2018-12-08,Tacoma,46865.78,5.65,Completed
387150,16,2018-12-26,Corolla,32171.59,6.06,Completed
387151,7,2018-12-14,Tacoma,48551.68,5.39,Completed
387152,12,2018-12-03,Sienna,57620.63,5.65,Completed
387153,6,2018-12-22,Prius,30009.21,3.86,Completed
387154,17,2018-12-12,Sienna,38515.03,4.51,Completed
387155,10,2018-12-31,RAV4,38897.88,4.88,Completed
387156,20,2018-12-02,Corolla,36347.02,5.77,Completed
387157,13,2018-12-05,Prius,40128.22,5.61,Completed
387158,6,2018-12-15,Corolla,25618.02,3.86,Completed
387159,3,2018-12-27,Highlander,71804.06,5.69,Completed
387160,8,2018-12-20,Tacoma,46526.08,5.84,Completed
387161,14,2018-12-25,Camry,45020.82,5.1,Completed
387162,19,2018-12-27,RAV4,45833.97,5.48,Pending
387163,16,2018-12-21,Prius,39703.43,6.06,Completed
387164,20,2018-12-11,Sienna,55071.97,5.77,Pending
387165,7,2018-12-21,Sienna,56107.38,5.39,Completed
387166,8,2018-12-20,Highlander,76852.74,5.84,Completed
387167,20,2018-12-23,Tundra,62207.85,5.77,Completed
387168,14,2018-12-11,Tundra,55151.72,5.1,Completed
387169,16,2018-12-23,RAV4,54930.47,6.06,Completed
387170,12,2018-12-08,Tundra,55726.07,5.65,Completed
387171,10,2018-12-30,Camry,32998.27,4.88,Completed
387172,6,2018-12-03,Highlander,49693.01,3.86,Completed
387173,10,2018-12-16,Prius,31352.48,4.88,Completed
387174,19,2018-12-02,Prius,31399.13,5.48,Completed
387175,17,2018-12-09,Corolla,24089.12,4.51,Completed
387176,9,2018-12-01,Sienna,40157.33,4.4,Completed
387177,7,2018-12-11,Tundra,63991.78,5.39,Completed
387178,5,2018-12-29,Tundra,48928.2,5.34,Completed
387179,17,2018-12-30,Highlander,54366.48,4.51,Completed
387180,9,2018-12-20,Tacoma,35190.28,4.4,Completed
387181,19,2018-12-22,Tundra,49450.66,5.48,Completed
387182,9,2018-12-18,Prius,26156.63,4.4,Pending
387183,13,2018-12-16,Highlander,76239.5,5.61,Completed
387184,13,2018-12-04,Highlander,86146.42,5.61,Completed
387185,11,2018-12-12,Highlander,58200.04,4.16,Completed
387186,18,2018-12-03,Sienna,68078.58,5.68,Completed
387187,19,2018-12-08,Corolla,29733.45,5.48,Completed
387188,8,2018-12-19,Corolla,34953.8,5.84,Completed
387189,8,2018-12-06,Tacoma,52536.17,5.84,Completed
387190,3,2018-12-04,Tundra,56605.6,5.69,Pending
387191,4,2018-12-19,RAV4,36872.42,3.81,Completed
387192,7,2018-12-13,Prius,40213.85,5.39,Completed
387193,7,2018-12-05,Prius,42746.5,5.39,Completed
387194,15,2018-12-17,RAV4,53793.3,4.86,Completed
387195,4,2018-12-17,Corolla,23947.27,3.81,Completed
387196,13,2018-12-31,Camry,47685.91,5.61,Completed
387197,11,2018-12-26,Tundra,39934.74,4.16,Completed
387198,3,2018-12-06,Highlander,77185.13,5.69,Completed
387199,8,2018-12-14,Corolla,32048.76,5.84,Completed
387200,19,2018-12-17,Corolla,32006.47,5.48,Completed
387201,16,2018-12-03,RAV4,54628.41,6.06,Completed
387202,3,2018-12-30,Sienna,60225.13,5.69,Completed
387203,19,2018-12-27,Tundra,53392.46,5.48,Completed
387204,19,2018-12-18,Tundra,55757.57,5.48,Completed
387205,20,2018-12-21,Highlander,77738.37,5.77,Completed
387206,15,2018-12-14,Tundra,61142.25,4.86,Completed
387207,16,2018-12-17,Highlander,83609.74,6.06,Completed
387208,8,2018-12-26,Camry,47832.75,5.84,Completed
387209,1,2018-12-01,Tacoma,39680.68,5.24,Pending
387210,11,2018-12-01,Tundra,46273.06,4.16,Completed
387211,20,2018-12-28,RAV4,60009.87,5.77,Completed
387212,19,2018-12-17,RAV4,49935.38,5.48,Completed
387213,15,2018-12-22,Highlander,79329.34,4.86,Completed
387214,15,2018-12-26,Camry,41812.81,4.86,Completed
387215,1,2018-12-03,Camry,38823.73,5.24,Completed
387216,1,2018-12-21,Tundra,45341.87,5.24,Completed
387217,7,2018-12-09,Tundra,63179.11,5.39,Completed
387218,11,2018-12-30,Corolla,22887.78,4.16,Completed
387219,1,2018-12-13,Prius,35598.3,5.24,Completed
387220,8,2018-12-24,Camry,46303.45,5.84,Completed
387221,20,2018-12-25,Tundra,56050.72,5.77,Completed
387222,11,2018-12-09,Tacoma,34735.41,4.16,Completed
387223,16,2018-12-22,Highlander,76609.56,6.06,Completed
387224,12,2018-12-30,Highlander,76151.85,5.65,Completed
387225,13,2018-12-29,Prius,37893.2,5.61,Completed
387226,19,2018-12-30,RAV4,50958.64,5.48,Completed
387227,14,2018-12-29,Tundra,62355.75,5.1,Completed
387228,10,2018-12-16,Tacoma,37335.58,4.88,Completed
387229,19,2018-12-20,Highlander,61968.59,5.48,Completed
387230,2,2018-12-11,Prius,27082.06,4.0,Completed
387231,19,2018-12-06,Tundra,55983.99,5.48,Completed
387232,15,2018-12-02,Highlander,74932.25,4.86,Completed
387233,20,2018-12-13,Tundra,64375.33,5.77,Pending
387234,17,2018-12-06,Sienna,38847.77,4.51,Completed
387235,12,2018-12-02,Tacoma,51463.32,5.65,Completed
387236,5,2018-12-10,Highlander,64758.42,5.34,Completed
387237,9,2018-12-24,Highlander,54438.73,4.4,Completed
387238,12,2018-12-29,Highlander,81910.08,5.65,Completed
387239,3,2018-12-08,Prius,42819.17,5.69,Completed
387240,20,2018-12-05,Camry,47472.93,5.77,Completed
387241,19,2018-12-07,Tundra,47293.26,5.48,Completed
387242,2,2018-12-23,Tacoma,39667.09,4.0,Completed
387243,2,2018-12-05,Tacoma,37699.16,4.0,Completed
387244,20,2018-12-31,Sienna,60781.82,5.77,Completed
387245,7,2018-12-11,Tundra,66842.69,5.39,Completed
387246,8,2018-12-04,Sienna,61636.48,5.84,Completed
387247,5,2018-12-20,Highlander,68313.71,5.34,Completed
387248,14,2018-12-25,RAV4,53096.64,5.1,Completed
387249,18,2018-12-21,Sienna,65494.73,5.68,Pending
387250,13,2018-12-06,Tacoma,52686.91,5.61,Completed
387251,6,2018-12-31,Sienna,45302.84,3.86,Completed
387252,5,2018-12-06,Corolla,30253.38,5.34,Completed
387253,14,2018-12-24,Prius,33717.47,5.1,Completed
387254,1,2018-12-09,Highlander,69498.04,5.24,Completed
387255,13,2018-12-30,Corolla,33458.84,5.61,Completed
387256,6,2018-12-04,Tundra,38931.21,3.86,Completed
387257,14,2018-12-09,Highlander,69675.79,5.1,Completed
387258,16,2018-12-15,Prius,43102.09,6.06,Completed
387259,16,2018-12-26,Corolla,33677.04,6.06,Completed
387260,18,2018-12-28,Highlander,80781.74,5.68,Completed
387261,10,2018-12-28,Prius,31626.44,4.88,Completed
387262,10,2018-12-20,Sienna,46065.52,4.88,Completed
387263,18,2018-12-19,Corolla,39463.22,5.68,Completed
387264,4,2018-12-28,Tacoma,37387.69,3.81,Completed
387265,4,2018-12-22,Camry,31903.91,3.81,Completed
387266,14,2018-12-16,RAV4,55292.85,5.1,Completed
387267,8,2018-12-04,Sienna,56162.21,5.84,Completed
387268,6,2018-12-07,Prius,27150.19,3.86,Completed
387269,16,2018-12-23,Corolla,32985.55,6.06,Completed
387270,18,2018-12-01,Camry,45484.41,5.68,Completed
387271,8,2018-12-10,Camry,44670.64,5.84,Completed
387272,19,2018-12-02,Corolla,32527.22,5.48,Completed
387273,19,2018-12-29,Prius,34227.51,5.48,Completed
387274,12,2018-12-07,Highlander,81293.48,5.65,Completed
387275,3,2018-12-29,Prius,42920.7,5.69,Completed
387276,10,2018-12-20,Tundra,45907.64,4.88,Pending
387277,7,2018-12-06,Corolla,32103.45,5.39,Completed
387278,5,2018-12-18,Highlander,63849.24,5.34,Completed
387279,15,2018-12-25,Tacoma,50637.48,4.86,Completed
387280,14,2018-12-28,RAV4,54648.87,5.1,Completed
387281,4,2018-12-30,Camry,29962.0,3.81,Completed
387282,5,2018-12-03,Corolla,29985.26,5.34,Completed
387283,13,2018-12-28,Prius,39423.52,5.61,Completed
387284,19,2018-12-18,Corolla,31987.43,5.48,Completed
387285,16,2018-12-06,Corolla,38343.49,6.06,Completed
387286,9,2018-12-27,Highlander,59449.91,4.4,Completed
387287,10,2018-12-15,Camry,33172.96,4.88,Completed
387288,1,2018-12-16,Prius,31544.54,5.24,Completed
387289,10,2018-12-28,Camry,38073.72,4.88,Completed
387290,18,2018-12-24,Prius,40191.99,5.68,Completed
387291,16,2018-12-09,Prius,39719.28,6.06,Completed
387292,8,2018-12-27,RAV4,55828.58,5.84,Completed
387293,17,2018-12-26,Tacoma,36494.8,4.51,Completed
387294,2,2018-12-15,Corolla,27394.19,4.0,Completed
387295,3,2018-12-05,Prius,39045.27,5.69,Completed
387296,8,2018-12-04,RAV4,57459.99,5.84,Pending
387297,7,2018-12-05,Tacoma,48641.59,5.39,Completed
387298,10,2018-12-12,RAV4,40410.69,4.88,Completed
387299,1,2018-12-26,Tundra,51051.35,5.24,Completed
387300,15,2018-12-21,Sienna,62111.28,4.86,Completed
387301,10,2018-12-26,Highlander,61044.26,4.88,Completed
387302,6,2018-12-29,Corolla,25276.73,3.86,Completed
387303,12,2018-12-24,Prius,36390.46,5.65,Cancelled
387304,9,2018-12-24,Sienna,45205.11,4.4,Completed
387305,7,2018-12-31,Corolla,32897.05,5.39,Completed
387306,5,2018-12-23,Camry,42021.17,5.34,Completed
387307,15,2018-12-03,Camry,49974.27,4.86,Completed
387308,5,2018-12-25,Sienna,55453.37,5.34,Completed
387309,17,2018-12-17,Sienna,43856.41,4.51,Completed
387310,12,2018-12-01,Highlander,76262.63,5.65,Completed
387311,2,2018-12-29,RAV4,43574.56,4.0,Completed
387312,6,2018-12-03,RAV4,35003.15,3.86,Completed
387313,4,2018-12-26,Highlander,54709.06,3.81,Completed
387314,12,2018-12-03,Highlander,76966.7,5.65,Completed
387315,18,2018-12-31,RAV4,55268.27,5.68,Completed
387316,19,2018-12-01,Corolla,32159.62,5.48,Completed
387317,11,2018-12-09,Corolla,23456.67,4.16,Completed
387318,16,2018-12-06,Camry,48947.77,6.06,Completed
387319,4,2018-12-17,Camry,29463.39,3.81,Completed
387320,17,2018-12-13,Tacoma,37739.31,4.51,Cancelled
387321,12,2018-12-18,Tacoma,50652.48,5.65,Completed
387322,12,2018-12-31,RAV4,52405.21,5.65,Completed
387323,16,2018-12-17,RAV4,54049.72,6.06,Completed
387324,10,2018-12-29,RAV4,44776.54,4.88,Completed
387325,6,2018-12-02,Sienna,46213.06,3.86,Completed
387326,10,2018-12-30,Highlander,52172.98,4.88,Completed
387327,7,2018-12-28,Tundra,65831.14,5.39,Completed
387328,2,2018-12-21,Camry,38844.8,4.0,Completed
387329,20,2018-12-16,RAV4,52293.73,5.77,Completed
387330,8,2018-12-30,RAV4,60059.21,5.84,Completed
387331,14,2018-12-31,Sienna,57387.72,5.1,Pending
387332,10,2018-12-09,RAV4,37006.18,4.88,Completed
387333,5,2018-12-14,RAV4,47445.28,5.34,Completed
387334,18,2018-12-20,Tacoma,59338.35,5.68,Completed
387335,19,2018-12-05,Prius,33344.34,5.48,Completed
387336,2,2018-12-16,Prius,28772.21,4.0,Completed
387337,10,2018-12-02,Sienna,47853.87,4.88,Completed
387338,17,2018-12-15,Highlander,58254.35,4.51,Completed
387339,11,2018-12-17,Tacoma,38000.21,4.16,Completed
387340,8,2018-12-23,Tacoma,53117.61,5.84,Completed
387341,20,2018-12-12,Prius,42319.92,5.77,Completed
387342,16,2018-12-07,Tacoma,50075.35,6.06,Completed
387343,7,2018-12-16,Highlander,74933.68,5.39,Completed
387344,8,2018-12-11,Sienna,60224.63,5.84,Completed
387345,17,2018-12-09,Sienna,42176.06,4.51,Completed
387346,20,2018-12-07,Tundra,60242.49,5.77,Completed
387347,1,2018-12-13,Tundra,52849.11,5.24,Pending
387348,1,2018-12-19,Highlander,59181.32,5.24,Completed
387349,8,2018-12-25,Tacoma,51996.4,5.84,Completed
387350,15,2018-12-01,Camry,49823.91,4.86,Pending
387351,8,2018-12-25,Camry,46932.01,5.84,Completed
387352,19,2018-12-31,Highlander,65904.85,5.48,Completed
387353,19,2018-12-23,Tacoma,41419.31,5.48,Completed
387354,20,2018-12-26,RAV4,58764.18,5.77,Completed
387355,1,2018-12-01,Sienna,53869.2,5.24,Completed
387356,11,2018-12-12,Tundra,40093.78,4.16,Completed
387357,5,2018-12-30,Tacoma,43138.1,5.34,Pending
387358,17,2018-12-09,RAV4,39208.54,4.51,Completed
387359,7,2018-12-12,Camry,48930.79,5.39,Completed
387360,5,2018-12-20,Tundra,48544.63,5.34,Completed
387361,19,2018-12-16,Sienna,49973.44,5.48,Completed
387362,1,2018-12-05,Prius,34859.97,5.24,Completed
387363,6,2018-12-20,Tundra,43088.25,3.86,Completed
387364,10,2018-12-15,Highlander,51552.42,4.88,Completed
387365,10,2018-12-03,Prius,26626.35,4.88,Completed
387366,3,2018-12-09,Prius,40628.26,5.69,Completed
387367,4,2018-12-28,Sienna,38993.19,3.81,Completed
387368,11,2018-12-19,Camry,32831.31,4.16,Completed
387369,5,2018-12-01,Camry,41824.28,5.34,Completed
387370,3,2018-12-15,Prius,37377.0,5.69,Completed
387371,15,2018-12-13,Tacoma,46944.43,4.86,Completed
387372,3,2018-12-28,Camry,52450.67,5.69,Completed
387373,15,2018-12-18,Tundra,56203.07,4.86,Completed
387374,5,2018-12-09,RAV4,43547.46,5.34,Pending
387375,12,2018-12-24,Prius,36810.57,5.65,Completed
387376,10,2018-12-16,Sienna,45488.46,4.88,Completed
387377,1,2018-12-11,Highlander,63918.38,5.24,Completed
387378,18,2018-12-07,Camry,47945.63,5.68,Completed
387379,14,2018-12-14,Prius,35222.26,5.1,Completed
387380,3,2018-12-13,Tacoma,53670.32,5.69,Completed
387381,10,2018-12-19,Tundra,41576.86,4.88,Completed
387382,4,2018-12-02,Tacoma,34556.61,3.81,Completed
387383,13,2018-12-14,Tundra,58475.16,5.61,Completed
387384,6,2018-12-27,Prius,28756.09,3.86,Completed
387385,15,2018-12-10,Highlander,79011.76,4.86,Completed
387386,8,2018-12-27,RAV4,54674.06,5.84,Completed
387387,6,2018-12-05,RAV4,41815.9,3.86,Pending
387388,19,2018-12-05,Highlander,67789.14,5.48,Completed
387389,8,2018-12-30,Tacoma,53495.35,5.84,Completed
387390,8,2018-12-14,Corolla,37260.63,5.84,Completed
387391,13,2018-12-29,Prius,43710.41,5.61,Completed
387392,7,2018-12-07,Prius,39633.54,5.39,Cancelled
387393,14,2018-12-12,Sienna,53107.71,5.1,Completed
387394,2,2018-12-01,Prius,27097.87,4.0,Completed
387395,4,2018-12-02,Highlander,52499.6,3.81,Completed
387396,9,2018-12-15,Camry,31724.74,4.4,Completed
387397,20,2018-12-17,Sienna,64082.76,5.77,Completed
387398,9,2018-12-10,Tacoma,37502.34,4.4,Completed
387399,6,2018-12-29,Highlander,56426.56,3.86,Completed
387400,4,2018-12-14,Corolla,21347.95,3.81,Completed
387401,6,2018-12-11,RAV4,37581.44,3.86,Completed
387402,19,2018-12-06,RAV4,49147.53,5.48,Completed
387403,6,2018-12-24,Tacoma,37821.68,3.86,Completed
387404,4,2018-12-26,Prius,28005.89,3.81,Completed
387405,3,2018-12-31,Prius,43391.24,5.69,Completed
387406,12,2018-12-13,Corolla,32178.38,5.65,Completed
387407,14,2018-12-23,Corolla,32721.53,5.1,Completed
387408,9,2018-12-19,Corolla,24126.64,4.4,Completed
387409,10,2018-12-08,Highlander,62131.25,4.88,Completed
387410,18,2018-12-31,Camry,55114.55,5.68,Completed
387411,19,2018-12-22,Tacoma,48398.95,5.48,Completed
387412,19,2018-12-30,Highlander,68543.81,5.48,Completed
387413,3,2018-12-16,Tundra,56265.32,5.69,Completed
387414,16,2018-12-11,RAV4,54144.12,6.06,Completed
387415,7,2018-12-08,Tundra,56824.17,5.39,Pending
387416,20,2018-12-26,RAV4,53641.37,5.77,Completed
387417,9,2018-12-25,Prius,26580.84,4.4,Completed
387418,6,2018-12-27,Tacoma,33077.37,3.86,Completed
387419,18,2018-12-05,RAV4,54771.55,5.68,Completed
387420,10,2018-12-13,Highlander,59032.5,4.88,Completed
387421,20,2018-12-08,Corolla,34691.23,5.77,Completed
387422,10,2018-12-21,Tacoma,39551.69,4.88,Completed
387423,5,2018-12-20,Sienna,49714.74,5.34,Completed
387424,9,2018-12-06,Sienna,42534.27,4.4,Completed
387425,1,2018-12-24,Camry,39369.73,5.24,Completed
387426,20,2018-12-08,Sienna,62289.76,5.77,Completed
387427,4,2018-12-27,Tundra,38070.45,3.81,Completed
387428,7,2018-12-19,Sienna,64139.71,5.39,Completed
387429,15,2018-12-14,Tundra,56032.37,4.86,Completed
387430,2,2018-12-23,Camry,34201.62,4.0,Completed
387431,5,2018-12-07,Sienna,52520.14,5.34,Completed
387432,4,2018-12-20,Highlander,57822.25,3.81,Completed
387433,15,2018-12-20,RAV4,49909.25,4.86,Completed
387434,4,2018-12-02,Sienna,39156.15,3.81,Completed
387435,16,2018-12-19,Prius,42777.54,6.06,Completed
387436,15,2018-12-30,Prius,39918.67,4.86,Completed
387437,3,2018-12-07,Tacoma,52047.44,5.69,Completed
387438,4,2018-12-18,Sienna,40768.18,3.81,Completed
387439,3,2018-12-16,Camry,52036.71,5.69,Completed
387440,10,2018-12-20,Tacoma,39589.44,4.88,Completed
387441,17,2018-12-17,RAV4,36250.27,4.51,Completed
387442,1,2018-12-20,Tundra,48033.93,5.24,Completed
387443,6,2018-12-02,Prius,29130.94,3.86,Pending
387444,6,2018-12-27,Camry,29819.76,3.86,Completed
387445,1,2018-12-07,Camry,35579.62,5.24,Completed
387446,3,2018-12-19,RAV4,61413.92,5.69,Completed
387447,14,2018-12-22,Camry,45735.51,5.1,Completed
387448,11,2018-12-15,Tacoma,39621.6,4.16,Completed
387449,8,2018-12-28,Sienna,57257.96,5.84,Completed
387450,6,2018-12-12,Camry,32349.28,3.86,Completed
387451,5,2018-12-28,Tacoma,42176.56,5.34,Completed
387452,3,2018-12-14,Tacoma,50255.87,5.69,Completed
387453,7,2018-12-18,Prius,42885.39,5.39,Completed
387454,3,2018-12-28,Sienna,57502.69,5.69,Completed
387455,14,2018-12-02,Tundra,59954.91,5.1,Completed
387456,13,2018-12-20,Corolla,34919.71,5.61,Completed
387457,15,2018-12-12,Prius,40824.84,4.86,Completed
387458,13,2018-12-11,Corolla,38554.13,5.61,Completed
387459,10,2018-12-24,Sienna,47769.78,4.88,Completed
387460,7,2018-12-05,Corolla,35529.83,5.39,Completed
387461,9,2018-12-27,Sienna,43020.97,4.4,Completed
387462,14,2018-12-15,Corolla,33702.17,5.1,Completed
387463,1,2018-12-22,Highlander,57731.0,5.24,Completed
387464,2,2018-12-13,Prius,28218.79,4.0,Completed
387465,2,2018-12-02,Tacoma,40602.78,4.0,Pending
387466,9,2018-12-03,Highlander,57337.4,4.4,Completed
387467,18,2018-12-07,Tacoma,51479.52,5.68,Completed
387468,18,2018-12-10,Highlander,88706.21,5.68,Completed
387469,8,2018-12-01,Highlander,80014.0,5.84,Completed
387470,16,2018-12-02,Tacoma,56173.24,6.06,Completed
387471,8,2018-12-29,Tundra,56963.71,5.84,Completed
387472,6,2018-12-05,Corolla,22198.35,3.86,Completed
387473,14,2018-12-09,Tacoma,46865.62,5.1,Completed
387474,5,2018-12-10,Sienna,54664.84,5.34,Completed
387475,18,2018-12-26,Highlander,84070.95,5.68,Completed
387476,17,2018-12-31,Tundra,38919.77,4.51,Completed
387477,1,2018-12-25,Sienna,50417.27,5.24,Completed
387478,20,2018-12-03,Tundra,55424.08,5.77,Completed
387479,15,2018-12-05,Highlander,74830.56,4.86,Completed
387480,6,2018-12-19,Camry,29821.68,3.86,Completed
387481,3,2018-12-14,Highlander,80086.18,5.69,Completed
387482,19,2018-12-19,Tundra,56808.87,5.48,Completed
387483,7,2018-12-18,Prius,40640.42,5.39,Completed
387484,14,2018-12-16,Camry,46949.2,5.1,Completed
387485,14,2018-12-17,Sienna,58860.52,5.1,Completed
387486,2,2018-12-30,Camry,35716.76,4.0,Completed
387487,19,2018-12-08,Tacoma,42460.2,5.48,Completed
387488,8,2018-12-04,Sienna,54375.98,5.84,Completed
387489,18,2018-12-01,Corolla,40327.41,5.68,Completed
387490,3,2018-12-26,Tacoma,56558.32,5.69,Completed
387491,5,2018-12-06,Camry,38811.87,5.34,Completed
387492,16,2018-12-10,Corolla,35753.58,6.06,Completed
387493,20,2018-12-27,Prius,38652.07,5.77,Completed
387494,10,2018-12-16,Tundra,46522.43,4.88,Completed
387495,13,2018-12-16,Highlander,83369.79,5.61,Completed
387496,6,2018-12-03,RAV4,35669.58,3.86,Completed
387497,3,2018-12-30,Prius,43050.86,5.69,Completed
387498,20,2018-12-28,Corolla,37650.04,5.77,Cancelled
387499,13,2018-12-12,Prius,37023.41,5.61,Completed
387500,11,2018-12-05,Camry,33104.93,4.16,Completed
387501,19,2018-12-13,Tacoma,44054.39,5.48,Completed
387502,20,2018-12-12,Tacoma,48689.58,5.77,Completed
387503,3,2018-12-08,Tundra,65443.64,5.69,Completed
387504,12,2018-12-21,Camry,45958.95,5.65,Completed
387505,10,2018-12-18,Sienna,43346.99,4.88,Completed
387506,1,2018-12-06,Camry,40222.36,5.24,Completed
387507,14,2018-12-22,Highlander,72794.19,5.1,Completed
387508,6,2018-12-13,Corolla,22956.23,3.86,Completed
387509,1,2018-12-28,Prius,34508.39,5.24,Pending
387510,17,2018-12-24,Tundra,40445.28,4.51,Completed
387511,10,2018-12-24,Prius,26761.98,4.88,Completed
387512,9,2018-12-14,RAV4,40809.85,4.4,Completed
387513,19,2018-12-09,Tacoma,48163.53,5.48,Completed
387514,6,2018-12-08,Tundra,45225.1,3.86,Completed
387515,5,2018-12-12,Tacoma,41538.93,5.34,Completed
387516,5,2018-12-10,Tacoma,38768.69,5.34,Completed
387517,11,2018-12-18,Tundra,43950.73,4.16,Completed
387518,18,2018-12-17,Tacoma,50744.26,5.68,Completed
387519,13,2018-12-15,Sienna,63441.36,5.61,Completed
387520,9,2018-12-03,Sienna,45541.91,4.4,Completed
387521,6,2018-12-19,Prius,26291.71,3.86,Completed
387522,17,2018-12-24,Camry,31336.32,4.51,Completed
387523,14,2018-12-17,RAV4,49006.86,5.1,Completed
387524,19,2018-12-23,Sienna,50758.36,5.48,Completed
387525,2,2018-12-17,Camry,35080.8,4.0,Completed
387526,5,2018-12-21,Tacoma,43329.36,5.34,Completed
387527,18,2018-12-10,Prius,41472.45,5.68,Completed
387528,8,2018-12-11,Prius,37928.16,5.84,Completed
387529,2,2018-12-17,Camry,38856.19,4.0,Completed
387530,14,2018-12-22,Sienna,58980.75,5.1,Completed
387531,4,2018-12-22,Tundra,43688.79,3.81,Completed
387532,8,2018-12-02,Tacoma,45502.8,5.84,Completed
387533,5,2018-12-08,RAV4,45591.18,5.34,Completed
387534,16,2018-12-06,Camry,48118.27,6.06,Completed
387535,17,2018-12-06,Tacoma,37026.5,4.51,Completed
387536,6,2018-12-24,Prius,28035.0,3.86,Completed
387537,5,2018-12-18,RAV4,46081.02,5.34,Completed
387538,12,2018-12-09,Sienna,64309.66,5.65,Completed
387539,4,2018-12-03,Corolla,23138.95,3.81,Completed
387540,16,2018-12-31,Tundra,66366.29,6.06,Completed
387541,5,2018-12-09,Tundra,54076.79,5.34,Completed
387542,18,2018-12-21,RAV4,54886.95,5.68,Completed
387543,12,2018-12-15,Prius,41015.24,5.65,Completed
387544,10,2018-12-10,Tundra,46698.05,4.88,Completed
387545,9,2018-12-05,Camry,36667.85,4.4,Completed
387546,5,2018-12-22,Sienna,47864.2,5.34,Completed
387547,11,2018-12-13,Highlander,50299.46,4.16,Completed
387548,12,2018-12-03,RAV4,55735.43,5.65,Completed
387549,15,2018-12-21,RAV4,51308.91,4.86,Pending
387550,18,2018-12-17,Prius,39738.96,5.68,Completed
387551,3,2018-12-04,Sienna,61330.7,5.69,Completed
387552,3,2018-12-25,Prius,42917.47,5.69,Completed
387553,6,2018-12-24,Corolla,24338.23,3.86,Completed
387554,10,2018-12-19,RAV4,38748.3,4.88,Completed
387555,10,2018-12-07,Sienna,47220.78,4.88,Completed
387556,11,2018-12-28,Tundra,43715.51,4.16,Completed
387557,20,2018-12-01,Tundra,63930.67,5.77,Completed
387558,7,2018-12-13,Sienna,59026.14,5.39,Completed
387559,8,2018-12-01,Tundra,64840.99,5.84,Completed
387560,2,2018-12-27,RAV4,40048.02,4.0,Completed
387561,17,2018-12-09,Sienna,41324.83,4.51,Completed
387562,3,2018-12-13,Corolla,35630.21,5.69,Completed
387563,4,2018-12-04,Tundra,38440.83,3.81,Completed
387564,20,2018-12-15,Sienna,54585.15,5.77,Completed
387565,5,2018-12-14,Tacoma,39692.55,5.34,Completed
387566,4,2018-12-13,Highlander,47955.66,3.81,Completed
387567,20,2018-12-09,Tundra,57435.68,5.77,Completed
387568,6,2018-12-19,Prius,27667.29,3.86,Completed
387569,12,2018-12-11,Camry,42299.34,5.65,Completed
387570,1,2018-12-30,RAV4,44281.81,5.24,Completed
387571,14,2018-12-08,Corolla,33239.54,5.1,Completed
387572,14,2018-12-12,RAV4,51144.04,5.1,Completed
387573,6,2018-12-29,Tacoma,38615.58,3.86,Cancelled
387574,5,2018-12-17,Tacoma,39793.27,5.34,Cancelled
387575,14,2018-12-28,RAV4,57467.84,5.1,Completed
387576,16,2018-12-07,Prius,37343.64,6.06,Completed
387577,15,2018-12-15,Tundra,56115.58,4.86,Pending
387578,14,2018-12-21,RAV4,53027.65,5.1,Completed
387579,2,2018-12-10,Tundra,46301.93,4.0,Completed
387580,5,2018-12-20,Camry,42722.46,5.34,Completed
387581,6,2018-12-09,Sienna,43420.6,3.86,Completed
387582,20,2018-12-15,Corolla,32747.56,5.77,Completed
387583,16,2018-12-21,Corolla,31768.81,6.06,Completed
387584,16,2018-12-19,Highlander,75153.1,6.06,Completed
387585,11,2018-12-29,Camry,32533.74,4.16,Completed
387586,1,2018-12-27,Highlander,60067.96,5.24,Completed
387587,5,2018-12-25,Sienna,53985.24,5.34,Completed
387588,18,2018-12-14,RAV4,60368.71,5.68,Completed
387589,19,2018-12-04,RAV4,46036.37,5.48,Completed
387590,5,2018-12-30,Prius,33556.46,5.34,Completed
387591,9,2018-12-18,Corolla,23677.25,4.4,Completed
387592,8,2018-12-03,Corolla,34553.77,5.84,Completed
387593,2,2018-12-10,Corolla,24586.93,4.0,Completed
387594,6,2018-12-08,Highlander,51415.45,3.86,Completed
387595,19,2018-12-15,Camry,42320.48,5.48,Pending
387596,14,2018-12-08,Prius,35881.4,5.1,Completed
387597,8,2018-12-02,Corolla,36051.93,5.84,Completed
387598,16,2018-12-10,Corolla,34138.8,6.06,Completed
387599,10,2018-12-09,Prius,30338.0,4.88,Completed
387600,15,2018-12-31,Sienna,61136.91,4.86,Completed
387601,19,2018-12-08,Sienna,50246.15,5.48,Completed
387602,2,2018-12-21,Corolla,27085.44,4.0,Completed
387603,7,2018-12-02,RAV4,59789.09,5.39,Completed
387604,9,2018-12-29,Sienna,45440.27,4.4,Completed
387605,12,2018-12-08,Corolla,34769.55,5.65,Completed
387606,10,2018-12-05,Tundra,49148.32,4.88,Completed
387607,13,2018-12-10,Tacoma,51177.7,5.61,Completed
387608,7,2018-12-25,Corolla,34246.44,5.39,Completed
387609,16,2018-12-14,Sienna,65955.5,6.06,Completed
387610,3,2018-12-24,Prius,36651.5,5.69,Completed
387611,5,2018-12-13,Prius,32493.3,5.34,Completed
387612,15,2018-12-28,Corolla,35693.66,4.86,Completed
387613,18,2018-12-12,Camry,48306.84,5.68,Completed
387614,9,2018-12-07,RAV4,41468.89,4.4,Completed
387615,8,2018-12-27,Corolla,35532.7,5.84,Completed
387616,9,2018-12-29,Tacoma,36553.56,4.4,Completed
387617,18,2018-12-29,Tacoma,56217.36,5.68,Completed
387618,9,2018-12-20,Camry,37046.54,4.4,Completed
387619,6,2018-12-08,Tacoma,36546.29,3.86,Completed
387620,19,2018-12-24,Tundra,51619.98,5.48,Completed
387621,6,2018-12-06,Tacoma,35601.06,3.86,Completed
387622,19,2018-12-27,Camry,44085.02,5.48,Completed
387623,19,2018-12-07,Camry,42989.92,5.48,Completed
387624,18,2018-12-26,Sienna,59163.23,5.68,Completed
387625,4,2018-12-22,RAV4,35634.4,3.81,Completed
387626,4,2018-12-26,Sienna,43605.18,3.81,Completed
387627,1,2018-12-01,Corolla,27176.88,5.24,Completed
387628,9,2018-12-29,RAV4,35781.56,4.4,Completed
387629,5,2018-12-18,Tacoma,38833.36,5.34,Completed
387630,6,2018-12-05,Highlander,54347.19,3.86,Completed
387631,12,2018-12-31,RAV4,58956.46,5.65,Completed
387632,20,2018-12-22,Tundra,62510.38,5.77,Completed
387633,3,2018-12-06,RAV4,53873.63,5.69,Completed
387634,9,2018-12-12,Tundra,43104.06,4.4,Completed
387635,15,2018-12-22,RAV4,58710.4,4.86,Completed
387636,19,2018-12-17,Sienna,47753.25,5.48,Completed
387637,14,2018-12-06,Corolla,31575.18,5.1,Completed
387638,17,2018-12-22,Tundra,41864.82,4.51,Completed
387639,19,2018-12-13,Corolla,29425.3,5.48,Completed
387640,5,2018-12-15,Tacoma,44765.06,5.34,Completed
387641,4,2018-12-09,Sienna,41751.97,3.81,Completed
387642,10,2018-12-29,Tacoma,39023.74,4.88,Completed
387643,16,2018-12-24,Highlander,71612.0,6.06,Completed
387644,6,2018-12-20,Corolla,23660.16,3.86,Completed
387645,6,2018-12-15,Sienna,39696.14,3.86,Completed
387646,17,2018-12-27,RAV4,40281.63,4.51,Completed
387647,12,2018-12-24,Camry,43529.92,5.65,Completed
387648,9,2018-12-18,Tundra,41217.3,4.4,Completed
387649,17,2018-12-10,Sienna,44735.73,4.51,Completed
387650,6,2018-12-18,Corolla,22628.98,3.86,Cancelled
387651,18,2018-12-21,Tundra,69145.73,5.68,Completed
387652,8,2018-12-03,Tundra,62744.91,5.84,Completed
387653,10,2018-12-27,Tacoma,34114.76,4.88,Completed
387654,5,2018-12-01,Tundra,45958.66,5.34,Completed
387655,17,2018-12-17,Corolla,22005.53,4.51,Completed
387656,6,2018-12-31,Tundra,41433.92,3.86,Completed
387657,5,2018-12-28,Sienna,50773.94,5.34,Completed
387658,6,2018-12-24,Corolla,25724.87,3.86,Completed
387659,7,2018-12-03,Tacoma,49866.19,5.39,Pending
387660,8,2018-12-10,Corolla,30960.79,5.84,Completed
387661,7,2018-12-26,Prius,36217.24,5.39,Completed
387662,4,2018-12-03,Tacoma,36743.51,3.81,Completed
387663,17,2018-12-18,Prius,26489.91,4.51,Completed
387664,7,2018-12-14,Camry,48625.95,5.39,Completed
387665,9,2018-12-18,Tacoma,33701.68,4.4,Completed
387666,7,2018-12-27,Highlander,82552.64,5.39,Completed
387667,12,2018-12-20,Tundra,65050.25,5.65,Pending
387668,10,2018-12-01,Prius,27219.59,4.88,Completed
387669,8,2018-12-22,Prius,39912.93,5.84,Completed
387670,13,2018-12-02,Corolla,35339.9,5.61,Pending
387671,19,2018-12-24,RAV4,43988.95,5.48,Completed
387672,7,2018-12-07,Sienna,59765.13,5.39,Completed
387673,9,2018-12-19,Highlander,49989.78,4.4,Completed
387674,6,2018-12-02,Camry,33817.79,3.86,Completed
387675,20,2018-12-26,Sienna,62064.62,5.77,Completed
387676,20,2018-12-27,Corolla,35147.47,5.77,Completed
387677,8,2018-12-05,Camry,50686.23,5.84,Completed
387678,14,2018-12-11,Highlander,72083.54,5.1,Completed
387679,5,2018-12-28,Tacoma,40142.36,5.34,Completed
387680,19,2018-12-16,Highlander,66376.02,5.48,Completed
387681,18,2018-12-31,Camry,53085.4,5.68,Completed
387682,20,2018-12-18,Tacoma,47828.77,5.77,Completed
387683,8,2018-12-22,Highlander,78529.91,5.84,Completed
387684,15,2018-12-09,Corolla,32501.73,4.86,Completed
387685,8,2018-12-28,Prius,36381.71,5.84,Completed
387686,13,2018-12-19,Highlander,82654.46,5.61,Completed
387687,3,2018-12-08,RAV4,60101.37,5.69,Completed
387688,11,2018-12-29,Corolla,22808.9,4.16,Completed
387689,19,2018-12-01,Prius,31300.17,5.48,Completed
387690,10,2018-12-11,Prius,27457.55,4.88,Completed
387691,13,2018-12-10,Highlander,72765.75,5.61,Completed
387692,1,2018-12-14,Camry,38812.25,5.24,Completed
387693,15,2018-12-06,Prius,38361.98,4.86,Completed
387694,6,2018-12-14,Corolla,24242.59,3.86,Completed
387695,2,2018-12-07,Tundra,43479.17,4.0,Completed
387696,4,2018-12-11,Prius,24509.1,3.81,Completed
387697,15,2018-12-01,Prius,39499.8,4.86,Completed
387698,18,2018-12-19,Prius,41390.35,5.68,Completed
387699,8,2018-12-06,Highlander,70392.14,5.84,Completed
387700,7,2018-12-08,Corolla,34016.57,5.39,Completed
387701,2,2018-12-27,RAV4,39731.29,4.0,Completed
387702,16,2018-12-10,Sienna,58225.41,6.06,Completed
387703,8,2018-12-13,Sienna,64435.26,5.84,Completed
387704,10,2018-12-03,Corolla,24630.19,4.88,Completed
387705,15,2018-12-03,Tundra,64356.92,4.86,Completed
387706,13,2018-12-28,Tacoma,54073.8,5.61,Completed
387707,10,2018-12-13,Tundra,40776.49,4.88,Completed
387708,6,2018-12-15,Prius,29697.71,3.86,Completed
387709,7,2018-12-10,Prius,40481.15,5.39,Completed
387710,9,2018-12-30,Prius,25419.82,4.4,Completed
387711,4,2018-12-25,RAV4,39847.81,3.81,Completed
387712,18,2018-12-11,Tacoma,53359.41,5.68,Completed
387713,9,2018-12-02,Corolla,22590.09,4.4,Completed
387714,6,2018-12-31,Tacoma,37751.07,3.86,Completed
387715,19,2018-12-19,Tundra,47342.91,5.48,Completed
387716,14,2018-12-13,RAV4,48020.94,5.1,Completed
387717,10,2018-12-10,Sienna,46358.4,4.88,Pending
387718,6,2018-12-19,Tacoma,38048.51,3.86,Completed
387719,10,2018-12-05,Corolla,26747.63,4.88,Completed
387720,18,2018-12-27,Tacoma,50421.77,5.68,Completed
387721,14,2018-12-24,RAV4,56287.51,5.1,Completed
387722,14,2018-12-13,Highlander,73135.96,5.1,Completed
387723,8,2018-12-17,Camry,50010.6,5.84,Completed
387724,6,2018-12-27,Sienna,45129.72,3.86,Completed
387725,8,2018-12-04,Corolla,35227.29,5.84,Completed
387726,8,2018-12-20,Sienna,65306.3,5.84,Completed
387727,8,2018-12-28,RAV4,52602.6,5.84,Completed
387728,3,2018-12-01,Camry,49902.29,5.69,Completed
387729,19,2018-12-02,Sienna,48140.95,5.48,Completed
387730,8,2018-12-01,Highlander,70534.88,5.84,Completed
387731,16,2018-12-10,RAV4,52520.96,6.06,Completed
387732,9,2018-12-19,RAV4,43427.87,4.4,Completed
387733,1,2018-12-16,Highlander,61418.75,5.24,Completed
387734,8,2018-12-15,Corolla,37398.22,5.84,Completed
387735,13,2018-12-10,Prius,40745.06,5.61,Completed
387736,6,2018-12-05,Camry,33202.33,3.86,Completed
387737,1,2018-12-06,Tundra,47052.97,5.24,Completed
387738,13,2018-12-03,Highlander,83932.54,5.61,Completed
387739,20,2018-12-24,Sienna,65770.97,5.77,Completed
387740,6,2018-12-06,Camry,31789.53,3.86,Completed
387741,19,2018-12-05,Camry,38256.67,5.48,Completed
387742,6,2018-12-01,Sienna,40662.93,3.86,Completed
387743,11,2018-12-26,Camry,36987.16,4.16,Completed
387744,10,2018-12-15,Highlander,57635.43,4.88,Completed
387745,5,2018-12-07,Corolla,28873.36,5.34,Completed
387746,20,2018-12-27,Sienna,62433.27,5.77,Completed
387747,20,2018-12-20,Tacoma,53294.75,5.77,Completed
387748,16,2018-12-26,Corolla,37267.04,6.06,Completed
387749,17,2018-12-01,Prius,27555.56,4.51,Completed
387750,19,2018-12-07,Corolla,32028.94,5.48,Completed
387751,6,2018-12-15,RAV4,38077.99,3.86,Completed
387752,2,2018-12-06,Tundra,46536.32,4.0,Completed
387753,12,2018-12-13,Sienna,60751.04,5.65,Completed
387754,12,2018-12-05,Corolla,36249.26,5.65,Completed
387755,12,2018-12-08,Prius,36183.05,5.65,Completed
387756,13,2018-12-04,Camry,45418.1,5.61,Completed
387757,18,2018-12-26,RAV4,58272.37,5.68,Completed
387758,6,2018-12-05,Highlander,55386.26,3.86,Completed
387759,15,2018-12-22,Corolla,30575.06,4.86,Cancelled
387760,15,2018-12-28,Corolla,36397.2,4.86,Completed
387761,13,2018-12-19,Corolla,38159.8,5.61,Completed
387762,14,2018-12-03,Tundra,55581.23,5.1,Completed
387763,9,2018-12-21,Sienna,39226.38,4.4,Completed
387764,16,2018-12-28,Prius,42310.11,6.06,Completed
387765,9,2018-12-15,Prius,26899.53,4.4,Completed
387766,16,2018-12-13,Corolla,33155.57,6.06,Completed
387767,15,2018-12-18,RAV4,56534.76,4.86,Completed
387768,13,2018-12-31,Prius,40984.19,5.61,Completed
387769,6,2018-12-05,RAV4,38275.29,3.86,Completed
387770,10,2018-12-14,Camry,31693.12,4.88,Completed
387771,7,2018-12-15,Sienna,65867.8,5.39,Completed
387772,18,2018-12-10,Highlander,75511.68,5.68,Completed
387773,7,2018-12-07,Corolla,33402.88,5.39,Completed
387774,13,2018-12-30,RAV4,59093.47,5.61,Completed
387775,4,2018-12-19,Highlander,49232.54,3.81,Completed
387776,6,2018-12-01,Corolla,22824.26,3.86,Completed
387777,2,2018-12-26,Prius,29475.52,4.0,Completed
387778,10,2018-12-07,Tundra,49027.41,4.88,Cancelled
387779,3,2018-12-06,RAV4,53301.57,5.69,Completed
387780,1,2018-12-19,RAV4,49964.6,5.24,Completed
387781,1,2018-12-14,Tacoma,38803.8,5.24,Completed
387782,7,2018-12-28,Sienna,55281.41,5.39,Pending
387783,14,2018-12-13,Sienna,56575.46,5.1,Cancelled
387784,1,2018-12-22,RAV4,44373.09,5.24,Completed
387785,12,2018-12-25,Camry,50506.47,5.65,Completed
387786,12,2018-12-20,Highlander,80198.09,5.65,Completed
387787,7,2018-12-17,Prius,41258.45,5.39,Pending
387788,2,2018-12-09,Tundra,48089.46,4.0,Completed
387789,13,2018-12-30,Sienna,67590.6,5.61,Cancelled
387790,10,2018-12-02,Camry,32339.16,4.88,Completed
387791,11,2018-12-28,Prius,26420.16,4.16,Completed
387792,18,2018-12-05,Tacoma,50302.65,5.68,Completed
387793,16,2018-12-19,Highlander,74677.95,6.06,Completed
387794,11,2018-12-15,Sienna,47464.0,4.16,Completed
387795,15,2018-12-21,Corolla,34058.11,4.86,Completed
387796,18,2018-12-28,Camry,46624.65,5.68,Pending
387797,6,2018-12-14,Prius,25458.9,3.86,Completed
387798,4,2018-12-20,Tundra,42852.35,3.81,Completed
387799,10,2018-12-27,Corolla,27162.96,4.88,Completed
387800,16,2018-12-27,Camry,48391.52,6.06,Completed
387801,9,2018-12-25,Tacoma,35333.47,4.4,Completed
387802,16,2018-12-01,Corolla,33158.77,6.06,Completed
387803,16,2018-12-25,RAV4,52613.31,6.06,Completed
387804,15,2018-12-23,RAV4,55144.1,4.86,Completed
387805,17,2018-12-21,RAV4,37076.78,4.51,Completed
387806,11,2018-12-10,Tacoma,33750.28,4.16,Completed
387807,8,2018-12-20,RAV4,54952.07,5.84,Completed
387808,15,2018-12-11,Tacoma,53924.77,4.86,Completed
387809,9,2018-12-11,Highlander,60032.67,4.4,Completed
387810,20,2018-12-18,Prius,39085.34,5.77,Completed
387811,20,2018-12-31,Prius,35791.01,5.77,Completed
387812,5,2018-12-22,Camry,41855.3,5.34,Completed
387813,14,2018-12-16,Tundra,55657.84,5.1,Completed
387814,15,2018-12-19,Camry,48721.35,4.86,Completed
387815,17,2018-12-19,Camry,35441.99,4.51,Completed
387816,16,2018-12-04,Prius,36178.76,6.06,Completed
387817,11,2018-12-27,Prius,31282.88,4.16,Completed
387818,6,2018-12-11,Tundra,40737.35,3.86,Completed
387819,1,2018-12-19,Prius,30484.44,5.24,Completed
387820,19,2018-12-17,Prius,36332.35,5.48,Completed
387821,13,2018-12-29,Tacoma,57350.85,5.61,Completed
387822,3,2018-12-29,Corolla,37138.55,5.69,Completed
387823,10,2018-12-28,Prius,31964.35,4.88,Completed
387824,8,2018-12-28,Corolla,33087.76,5.84,Completed
387825,14,2018-12-15,Highlander,74525.37,5.1,Completed
387826,18,2018-12-11,RAV4,62050.0,5.68,Completed
387827,2,2018-12-18,Tacoma,37461.59,4.0,Completed
387828,6,2018-12-10,RAV4,42227.83,3.86,Completed
387829,2,2018-12-22,Corolla,25843.22,4.0,Completed
387830,6,2018-12-03,Camry,31251.02,3.86,Completed
387831,10,2018-12-11,Prius,26769.36,4.88,Completed
387832,4,2018-12-18,Highlander,52669.21,3.81,Completed
387833,17,2018-12-08,RAV4,36556.69,4.51,Completed
387834,11,2018-12-05,Tacoma,36017.75,4.16,Completed
387835,16,2018-12-31,Sienna,57949.22,6.06,Completed
387836,12,2018-12-26,Tundra,62420.84,5.65,Completed
387837,13,2018-12-30,Tacoma,47886.24,5.61,Completed
387838,19,2018-12-08,Highlander,72304.11,5.48,Completed
387839,18,2018-12-02,Tacoma,55100.28,5.68,Completed
387840,8,2018-12-14,RAV4,59586.13,5.84,Completed
387841,7,2018-12-21,Tundra,55016.53,5.39,Completed
387842,1,2018-12-29,Sienna,51867.79,5.24,Completed
387843,11,2018-12-22,RAV4,36183.02,4.16,Completed
387844,18,2018-12-03,RAV4,56941.8,5.68,Completed
387845,4,2018-12-07,Highlander,49355.04,3.81,Completed
387846,11,2018-12-04,Sienna,43924.15,4.16,Pending
387847,2,2018-12-28,Tacoma,37341.52,4.0,Completed
387848,20,2018-12-29,RAV4,53411.91,5.77,Completed
387849,20,2018-12-18,Highlander,83438.68,5.77,Completed
387850,1,2018-12-09,Prius,34035.25,5.24,Completed
387851,1,2018-12-11,Highlander,62931.29,5.24,Completed
387852,9,2018-12-04,Sienna,40508.03,4.4,Completed
387853,2,2018-12-16,Sienna,46186.89,4.0,Completed
387854,13,2018-12-20,Tundra,64538.65,5.61,Completed
387855,4,2018-12-28,RAV4,34214.75,3.81,Completed
387856,14,2018-12-01,Camry,43772.98,5.1,Completed
387857,17,2018-12-02,Tundra,40005.25,4.51,Cancelled
387858,17,2018-12-27,Prius,29388.69,4.51,Completed
387859,13,2018-12-19,Sienna,64015.43,5.61,Completed
387860,14,2018-12-31,Tundra,60940.11,5.1,Completed
387861,3,2018-12-04,Sienna,62659.06,5.69,Completed
387862,1,2018-12-18,Prius,34543.24,5.24,Completed
387863,1,2018-12-09,RAV4,43893.47,5.24,Completed
387864,16,2018-12-06,RAV4,55374.53,6.06,Completed
387865,8,2018-12-17,Corolla,30999.93,5.84,Completed
387866,12,2018-12-03,RAV4,57969.75,5.65,Completed
387867,15,2018-12-12,Tundra,54292.16,4.86,Completed
387868,14,2018-12-10,Corolla,31350.03,5.1,Completed
387869,20,2018-12-10,Tacoma,46709.95,5.77,Completed
387870,12,2018-12-24,RAV4,56789.57,5.65,Completed
387871,15,2018-12-14,Tundra,57243.3,4.86,Completed
387872,17,2018-12-29,Camry,30326.58,4.51,Completed
387873,9,2018-12-22,Tundra,39178.06,4.4,Pending
387874,17,2018-12-15,Prius,28531.62,4.51,Completed
387875,4,2018-12-02,Sienna,41946.87,3.81,Completed
387876,19,2018-12-31,Corolla,27220.0,5.48,Completed
387877,19,2018-12-21,Sienna,53332.03,5.48,Completed
387878,17,2018-12-19,Corolla,26469.92,4.51,Completed
387879,12,2018-12-17,Camry,45193.42,5.65,Completed
387880,18,2018-12-19,RAV4,59597.02,5.68,Completed
387881,18,2018-12-06,Tundra,64723.04,5.68,Completed
387882,14,2018-12-26,RAV4,51870.34,5.1,Completed
387883,14,2018-12-17,RAV4,49807.0,5.1,Pending
387884,8,2018-12-29,Camry,51060.35,5.84,Completed
387885,14,2018-12-20,Tacoma,50534.64,5.1,Completed
387886,8,2018-12-20,Tacoma,50609.82,5.84,Completed
387887,20,2018-12-29,Camry,45687.9,5.77,Completed
387888,18,2018-12-30,Tacoma,56787.77,5.68,Completed
387889,3,2018-12-01,Corolla,35942.38,5.69,Completed
387890,3,2018-12-28,Camry,43739.76,5.69,Completed
387891,5,2018-12-25,Tacoma,42984.04,5.34,Completed
387892,11,2018-12-20,Tundra,43215.71,4.16,Completed
387893,6,2018-12-25,Tacoma,33376.85,3.86,Completed
387894,9,2018-12-18,Highlander,49988.98,4.4,Completed
387895,14,2018-12-11,Highlander,74114.13,5.1,Completed
387896,4,2018-12-27,Tundra,41507.08,3.81,Completed
387897,7,2018-12-06,Tacoma,52131.63,5.39,Completed
387898,12,2018-12-20,Prius,37888.55,5.65,Completed
387899,14,2018-12-06,Corolla,30757.02,5.1,Pending
387900,20,2018-12-05,Highlander,74043.24,5.77,Completed
387901,15,2018-12-06,RAV4,55117.64,4.86,Completed
387902,3,2018-12-15,Prius,40859.41,5.69,Completed
387903,8,2018-12-19,Corolla,35524.39,5.84,Completed
387904,8,2018-12-09,RAV4,53039.18,5.84,Completed
387905,10,2018-12-27,Tundra,43874.2,4.88,Completed
387906,2,2018-12-30,Camry,38369.91,4.0,Completed
387907,18,2018-12-10,Corolla,36713.51,5.68,Completed
387908,6,2018-12-22,Tundra,38351.28,3.86,Completed
387909,1,2018-12-23,RAV4,41479.51,5.24,Completed
387910,7,2018-12-19,Corolla,32859.54,5.39,Completed
387911,12,2018-12-18,Prius,34755.6,5.65,Completed
387912,11,2018-12-27,Sienna,39949.66,4.16,Completed
387913,8,2018-12-19,Highlander,82625.45,5.84,Completed
387914,5,2018-12-06,Corolla,30209.18,5.34,Completed
387915,20,2018-12-29,Camry,48849.87,5.77,Completed
387916,4,2018-12-21,Prius,27860.24,3.81,Completed
387917,8,2018-12-25,RAV4,51694.83,5.84,Completed
387918,4,2018-12-12,Prius,28931.35,3.81,Completed
387919,16,2018-12-20,Camry,45121.41,6.06,Completed
387920,1,2018-12-19,Highlander,60744.45,5.24,Completed
387921,1,2018-12-30,Highlander,66033.41,5.24,Completed
387922,15,2018-12-01,Camry,46408.51,4.86,Completed
387923,3,2018-12-14,Tundra,68071.65,5.69,Completed
387924,15,2018-12-04,Prius,38955.76,4.86,Completed
387925,3,2018-12-16,Prius,37215.14,5.69,Completed
387926,14,2018-12-20,Highlander,75908.24,5.1,Pending
387927,9,2018-12-05,Tundra,41335.37,4.4,Completed
387928,13,2018-12-02,Tacoma,53007.81,5.61,Completed
387929,12,2018-12-29,Prius,38708.48,5.65,Completed
387930,10,2018-12-08,Camry,36459.66,4.88,Completed
387931,10,2018-12-19,Highlander,54267.94,4.88,Completed
387932,6,2018-12-22,Sienna,45742.32,3.86,Completed
387933,14,2018-12-07,RAV4,50177.6,5.1,Completed
387934,4,2018-12-06,Corolla,24795.06,3.81,Cancelled
387935,6,2018-12-20,Tacoma,36327.29,3.86,Completed
387936,10,2018-12-09,Camry,34109.9,4.88,Completed
387937,11,2018-12-10,Sienna,44520.84,4.16,Completed
387938,15,2018-12-11,Camry,44526.64,4.86,Completed
387939,10,2018-12-30,Sienna,40652.98,4.88,Completed
387940,16,2018-12-24,Highlander,81228.43,6.06,Completed
387941,7,2018-12-30,Highlander,75640.12,5.39,Completed
387942,2,2018-12-11,Camry,35723.5,4.0,Cancelled
387943,3,2018-12-13,Camry,50903.54,5.69,Completed
387944,7,2018-12-01,Corolla,31503.92,5.39,Completed
387945,10,2018-12-03,Tundra,48342.72,4.88,Completed
387946,12,2018-12-29,Sienna,58262.72,5.65,Completed
387947,16,2018-12-21,Highlander,80166.14,6.06,Completed
387948,2,2018-12-19,Prius,28282.44,4.0,Completed
387949,9,2018-12-11,Tundra,39809.02,4.4,Completed
387950,3,2018-12-01,Tacoma,47726.01,5.69,Completed
387951,2,2018-12-28,Corolla,24435.89,4.0,Completed
387952,4,2018-12-14,Sienna,43512.82,3.81,Completed
387953,11,2018-12-18,Corolla,23614.84,4.16,Completed
387954,7,2018-12-09,Highlander,83989.76,5.39,Completed
387955,7,2018-12-18,Sienna,58158.95,5.39,Completed
387956,10,2018-12-04,Tundra,49290.68,4.88,Completed
387957,10,2018-12-10,Tacoma,38075.2,4.88,Completed
387958,18,2018-12-06,Highlander,76113.45,5.68,Completed
387959,7,2018-12-25,Sienna,57608.92,5.39,Completed
387960,5,2018-12-05,Tundra,51621.48,5.34,Completed
387961,8,2018-12-01,Camry,44634.15,5.84,Completed
387962,18,2018-12-08,Tacoma,55244.16,5.68,Completed
387963,12,2018-12-01,RAV4,57930.51,5.65,Completed
387964,13,2018-12-17,Tundra,60827.66,5.61,Completed
387965,12,2018-12-14,Prius,39894.7,5.65,Completed
387966,2,2018-12-13,Highlander,59779.7,4.0,Completed
387967,3,2018-12-18,Sienna,60904.96,5.69,Completed
387968,5,2018-12-16,Tundra,52508.9,5.34,Completed
387969,2,2018-12-24,Corolla,24859.21,4.0,Completed
387970,6,2018-12-07,Prius,25449.48,3.86,Completed
387971,12,2018-12-29,Highlander,70377.62,5.65,Completed
387972,18,2018-12-29,Tundra,59804.17,5.68,Completed
387973,15,2018-12-16,Prius,36542.37,4.86,Completed
387974,1,2018-12-05,Tundra,45520.97,5.24,Completed
387975,1,2018-12-03,Sienna,54511.73,5.24,Completed
387976,20,2018-12-25,Tacoma,55700.52,5.77,Completed
387977,13,2018-12-21,Prius,38154.2,5.61,Completed
387978,2,2018-12-04,Prius,31294.9,4.0,Completed
387979,9,2018-12-30,Highlander,50214.34,4.4,Completed
387980,10,2018-12-08,RAV4,42744.46,4.88,Completed
387981,9,2018-12-25,Tacoma,35651.71,4.4,Completed
387982,6,2018-12-23,Sienna,39246.52,3.86,Completed
387983,5,2018-12-02,Tacoma,42105.65,5.34,Completed
387984,11,2018-12-15,Tacoma,38913.55,4.16,Completed
387985,12,2018-12-31,Camry,44930.2,5.65,Completed
387986,10,2018-12-29,Sienna,46784.04,4.88,Completed
387987,17,2018-12-11,RAV4,37713.82,4.51,Completed
387988,13,2018-12-02,RAV4,52163.18,5.61,Completed
387989,5,2018-12-13,Prius,31542.94,5.34,Completed
387990,17,2018-12-10,Tacoma,33735.82,4.51,Completed
387991,14,2018-12-07,Highlander,73717.63,5.1,Completed
387992,6,2018-12-14,Highlander,49270.83,3.86,Completed
387993,2,2018-12-22,RAV4,44858.49,4.0,Completed
387994,14,2018-12-28,Tundra,59564.99,5.1,Completed
387995,17,2018-12-06,RAV4,39178.49,4.51,Completed
387996,20,2018-12-06,Sienna,59658.65,5.77,Completed
387997,6,2018-12-24,Tundra,43912.4,3.86,Completed
387998,13,2018-12-12,Tacoma,55767.13,5.61,Completed
387999,9,2018-12-09,Sienna,45808.72,4.4,Completed
388000,2,2018-12-02,Tundra,49756.88,4.0,Completed
388001,4,2018-12-24,RAV4,38333.23,3.81,Completed
388002,8,2018-12-05,RAV4,58077.24,5.84,Completed
388003,6,2018-12-30,Prius,30305.24,3.86,Completed
388004,14,2018-12-05,Prius,33808.34,5.1,Completed
388005,16,2018-12-29,Corolla,36835.7,6.06,Completed
388006,19,2018-12-30,Tundra,53445.53,5.48,Cancelled
388007,9,2018-12-17,Tundra,41739.21,4.4,Completed
388008,13,2018-12-27,Tundra,68039.69,5.61,Completed
388009,20,2018-12-26,Sienna,57734.69,5.77,Completed
388010,12,2018-12-26,Camry,50325.62,5.65,Completed
388011,10,2018-12-02,Highlander,62207.17,4.88,Completed
388012,8,2018-12-21,RAV4,54930.52,5.84,Completed
388013,10,2018-12-27,Sienna,46269.78,4.88,Completed
388014,12,2018-12-25,Sienna,54697.67,5.65,Completed
388015,15,2018-12-29,Sienna,60257.15,4.86,Completed
388016,2,2018-12-22,RAV4,41127.7,4.0,Completed
388017,17,2018-12-21,Prius,26075.66,4.51,Completed
388018,11,2018-12-14,Corolla,27317.86,4.16,Completed
388019,12,2018-12-08,Corolla,31174.45,5.65,Completed
388020,17,2018-12-04,Corolla,23646.89,4.51,Completed
388021,7,2018-12-05,Sienna,64626.24,5.39,Completed
388022,5,2018-12-24,Sienna,55595.32,5.34,Completed
388023,14,2018-12-19,Sienna,56167.95,5.1,Completed
388024,8,2018-12-13,Tacoma,47993.63,5.84,Completed
388025,6,2018-12-30,Tundra,42076.33,3.86,Completed
388026,11,2018-12-17,Highlander,60246.55,4.16,Completed
388027,18,2018-12-31,Tundra,60954.43,5.68,Completed
388028,1,2018-12-12,Corolla,30911.99,5.24,Completed
388029,8,2018-12-16,Sienna,65000.09,5.84,Completed
388030,19,2018-12-29,Corolla,31859.0,5.48,Completed
388031,15,2018-12-26,Prius,37230.54,4.86,Completed
388032,4,2018-12-20,Prius,25459.74,3.81,Completed
388033,20,2018-12-12,Tacoma,46137.34,5.77,Completed
388034,15,2018-12-24,Camry,49928.46,4.86,Pending
388035,3,2018-12-06,RAV4,61478.65,5.69,Pending
388036,12,2018-12-04,Tacoma,45049.21,5.65,Completed
388037,16,2018-12-29,Camry,44017.92,6.06,Completed
388038,20,2018-12-20,Corolla,36179.56,5.77,Cancelled
388039,15,2018-12-17,Tacoma,46512.51,4.86,Completed
388040,5,2018-12-04,Sienna,55532.2,5.34,Completed
388041,9,2018-12-24,Corolla,23163.17,4.4,Completed
388042,6,2018-12-15,Highlander,50418.14,3.86,Completed
388043,8,2018-12-01,Sienna,55605.67,5.84,Completed
388044,13,2018-12-30,Highlander,86335.87,5.61,Completed
388045,12,2018-12-06,Sienna,60853.89,5.65,Completed
388046,19,2018-12-13,Prius,31821.93,5.48,Completed
388047,14,2018-12-18,Sienna,53893.16,5.1,Completed
388048,5,2018-12-11,RAV4,45604.69,5.34,Completed
388049,3,2018-12-22,Sienna,63338.31,5.69,Completed
388050,8,2018-12-30,Sienna,62178.14,5.84,Completed
388051,14,2018-12-23,Tundra,59660.07,5.1,Completed
388052,2,2018-12-23,Sienna,45468.95,4.0,Completed
388053,20,2018-12-13,Tundra,62654.69,5.77,Completed
388054,14,2018-12-07,Highlander,72755.26,5.1,Completed
388055,6,2018-12-25,Corolla,26451.21,3.86,Completed
388056,9,2018-12-04,Tacoma,35670.32,4.4,Completed
388057,6,2018-12-05,Sienna,45896.61,3.86,Completed
388058,12,2018-12-07,Prius,42067.59,5.65,Completed
388059,14,2018-12-19,Camry,40702.18,5.1,Completed
388060,5,2018-12-03,Tundra,52406.57,5.34,Completed
388061,5,2018-12-11,Prius,32585.46,5.34,Completed
388062,1,2018-12-01,Highlander,60757.34,5.24,Completed
388063,15,2018-12-18,Tundra,64703.6,4.86,Completed
388064,9,2018-12-02,Corolla,27244.99,4.4,Completed
388065,3,2018-12-06,Highlander,83295.84,5.69,Completed
388066,3,2018-12-03,Sienna,61004.35,5.69,Completed
388067,17,2018-12-04,Tacoma,36630.87,4.51,Completed
388068,3,2018-12-10,Corolla,38368.18,5.69,Completed
388069,4,2018-12-06,Highlander,56871.57,3.81,Completed
388070,3,2018-12-17,Prius,36834.45,5.69,Completed
388071,15,2018-12-24,Tacoma,48921.55,4.86,Completed
388072,10,2018-12-23,Tundra,40547.46,4.88,Completed
388073,19,2018-12-17,Highlander,70798.5,5.48,Pending
388074,16,2018-12-17,Tacoma,47686.34,6.06,Completed
388075,2,2018-12-16,Tundra,49302.12,4.0,Completed
388076,12,2018-12-07,Camry,46829.7,5.65,Completed
388077,1,2018-12-09,Tundra,53606.87,5.24,Completed
388078,6,2018-12-31,Corolla,23754.09,3.86,Completed
388079,10,2018-12-14,RAV4,44235.66,4.88,Completed
388080,9,2018-12-09,Tundra,47325.06,4.4,Completed
388081,3,2018-12-03,Prius,42384.67,5.69,Completed
388082,9,2018-12-25,Tundra,43021.81,4.4,Pending
388083,9,2018-12-11,Highlander,54982.28,4.4,Pending
388084,2,2018-12-14,Camry,37502.47,4.0,Completed
388085,20,2018-12-05,Prius,39850.55,5.77,Cancelled
388086,3,2018-12-24,Corolla,37344.34,5.69,Completed
388087,9,2018-12-10,Highlander,57252.8,4.4,Completed
388088,11,2018-12-04,RAV4,38306.97,4.16,Completed
388089,19,2018-12-14,Corolla,27181.57,5.48,Completed
388090,3,2018-12-14,Corolla,32203.28,5.69,Completed
388091,1,2018-12-04,Highlander,61579.59,5.24,Completed
388092,1,2018-12-16,Prius,35113.88,5.24,Completed
388093,14,2018-12-21,Sienna,61946.67,5.1,Completed
388094,1,2018-12-10,Tundra,52852.49,5.24,Completed
388095,2,2018-12-07,Corolla,23864.94,4.0,Completed
388096,15,2018-12-18,Sienna,60016.75,4.86,Completed
388097,19,2018-12-02,Highlander,69074.37,5.48,Completed
388098,2,2018-12-01,Tacoma,36369.82,4.0,Completed
388099,17,2018-12-23,RAV4,41496.96,4.51,Completed
388100,13,2018-12-24,Prius,41570.38,5.61,Completed
388101,8,2018-12-18,Highlander,78187.48,5.84,Completed
388102,19,2018-12-25,RAV4,48715.66,5.48,Completed
388103,4,2018-12-16,Highlander,55741.61,3.81,Completed
388104,13,2018-12-19,Corolla,37805.84,5.61,Completed
388105,13,2018-12-28,Tundra,58801.09,5.61,Completed
388106,3,2018-12-07,Tundra,65374.84,5.69,Completed
388107,7,2018-12-28,Highlander,70687.56,5.39,Completed
388108,15,2018-12-30,Camry,49878.21,4.86,Completed
388109,7,2018-12-21,Camry,47827.22,5.39,Completed
388110,10,2018-12-16,Sienna,48820.9,4.88,Completed
388111,20,2018-12-20,Prius,41485.04,5.77,Completed
388112,5,2018-12-12,Highlander,66576.19,5.34,Completed
388113,8,2018-12-21,Prius,37197.37,5.84,Completed
388114,2,2018-12-10,RAV4,44019.25,4.0,Completed
388115,15,2018-12-17,Camry,41958.52,4.86,Completed
388116,6,2018-12-21,Prius,26905.73,3.86,Completed
388117,12,2018-12-23,Camry,44993.68,5.65,Cancelled
388118,20,2018-12-05,Camry,44011.4,5.77,Completed
388119,10,2018-12-31,Tacoma,34447.5,4.88,Completed
388120,8,2018-12-17,RAV4,55587.43,5.84,Completed
388121,14,2018-12-08,Prius,33738.4,5.1,Completed
388122,17,2018-12-25,Prius,24871.08,4.51,Completed
388123,14,2018-12-25,RAV4,49283.6,5.1,Completed
388124,16,2018-12-23,Camry,46885.34,6.06,Completed
388125,17,2018-12-23,Corolla,23338.85,4.51,Completed
388126,2,2018-12-14,Prius,26961.61,4.0,Completed
388127,20,2018-12-01,Tundra,65183.83,5.77,Completed
388128,8,2018-12-05,Tundra,61303.04,5.84,Completed
388129,15,2018-12-10,Highlander,69990.0,4.86,Completed
388130,10,2018-12-21,Tundra,45373.65,4.88,Completed
388131,18,2018-12-20,Tacoma,55140.35,5.68,Completed
388132,17,2018-12-30,Prius,25586.09,4.51,Completed
388133,15,2018-12-26,Highlander,75736.22,4.86,Completed
388134,14,2018-12-20,RAV4,55251.42,5.1,Completed
388135,2,2018-12-18,RAV4,40265.97,4.0,Completed
388136,20,2018-12-07,Camry,48665.24,5.77,Completed
388137,9,2018-12-25,RAV4,41172.77,4.4,Completed
388138,8,2018-12-11,Tundra,61195.81,5.84,Completed
388139,15,2018-12-17,Camry,45532.13,4.86,Completed
388140,20,2018-12-11,Sienna,59968.37,5.77,Completed
388141,16,2018-12-16,Prius,37114.14,6.06,Completed
388142,6,2018-12-10,RAV4,42334.11,3.86,Completed
388143,7,2018-12-31,Tacoma,48365.31,5.39,Completed
388144,7,2018-12-15,Highlander,70048.46,5.39,Completed
388145,1,2018-12-28,Highlander,59280.66,5.24,Completed
388146,3,2018-12-21,Prius,42945.95,5.69,Completed
388147,5,2018-12-12,Corolla,27891.99,5.34,Completed
388148,15,2018-12-01,Tacoma,50490.7,4.86,Completed
388149,10,2018-12-17,RAV4,42785.37,4.88,Completed
388150,2,2018-12-08,Camry,37773.69,4.0,Completed
388151,16,2018-12-23,Tundra,62825.25,6.06,Completed
388152,13,2018-12-02,Tundra,68287.46,5.61,Completed
388153,1,2018-12-01,Corolla,29640.54,5.24,Completed
388154,10,2018-12-10,Tundra,48440.57,4.88,Completed
388155,15,2018-12-23,Highlander,76866.02,4.86,Completed
388156,6,2018-12-01,Camry,31435.51,3.86,Completed
388157,19,2018-12-14,Camry,41461.37,5.48,Completed
388158,11,2018-12-31,Tacoma,33380.22,4.16,Completed
388159,6,2018-12-23,RAV4,40114.16,3.86,Completed
388160,9,2018-12-02,Corolla,22453.81,4.4,Completed
388161,18,2018-12-11,Camry,54166.78,5.68,Completed
388162,15,2018-12-13,RAV4,53015.71,4.86,Completed
388163,8,2018-12-26,Camry,50912.2,5.84,Completed
388164,17,2018-12-19,Corolla,23010.64,4.51,Completed
388165,10,2018-12-25,Tacoma,37920.41,4.88,Completed
388166,19,2018-12-16,Tundra,50615.19,5.48,Completed
388167,14,2018-12-15,Prius,35024.55,5.1,Completed
388168,1,2018-12-05,Tacoma,42582.19,5.24,Completed
388169,6,2018-12-19,RAV4,38245.71,3.86,Completed
388170,20,2018-12-29,Corolla,34048.16,5.77,Completed
388171,16,2018-12-30,Camry,44431.61,6.06,Completed
388172,1,2018-12-03,Prius,35773.5,5.24,Completed
388173,8,2018-12-14,Prius,39043.58,5.84,Completed
388174,14,2018-12-18,Camry,41557.83,5.1,Completed
388175,8,2018-12-04,Prius,38393.23,5.84,Completed
388176,20,2018-12-13,Tacoma,50974.88,5.77,Completed
388177,19,2018-12-16,Corolla,30996.59,5.48,Completed
388178,15,2018-12-01,Corolla,31580.78,4.86,Cancelled
388179,8,2018-12-15,Highlander,72182.08,5.84,Completed
388180,15,2018-12-12,Tundra,53555.29,4.86,Completed
388181,13,2018-12-09,RAV4,56194.5,5.61,Completed
388182,14,2018-12-22,Sienna,55430.05,5.1,Completed
388183,7,2018-12-14,Prius,38801.85,5.39,Completed
388184,18,2018-12-05,RAV4,57315.42,5.68,Pending
388185,17,2018-12-12,Tacoma,35553.81,4.51,Completed
388186,13,2018-12-31,RAV4,58611.35,5.61,Completed
388187,5,2018-12-24,Corolla,29349.83,5.34,Completed
388188,5,2018-12-28,RAV4,43183.8,5.34,Completed
388189,5,2018-12-30,Highlander,59131.41,5.34,Completed
388190,20,2018-12-22,Tundra,57294.23,5.77,Completed
388191,6,2018-12-28,Tundra,40685.03,3.86,Completed
388192,10,2018-12-27,Tundra,42843.41,4.88,Completed
388193,6,2018-12-21,Sienna,43473.91,3.86,Completed
388194,4,2018-12-22,Tacoma,37527.98,3.81,Completed
388195,12,2018-12-05,Tundra,58421.46,5.65,Completed
388196,20,2018-12-04,Camry,50698.59,5.77,Completed
388197,12,2018-12-09,Camry,50207.39,5.65,Completed
388198,20,2018-12-30,Sienna,56638.51,5.77,Completed
388199,18,2018-12-16,Tacoma,50813.27,5.68,Completed
388200,20,2018-12-16,Tacoma,54996.09,5.77,Completed
388201,1,2018-12-28,RAV4,47994.11,5.24,Completed
388202,16,2018-12-20,Tacoma,50717.05,6.06,Completed
388203,12,2018-12-29,Highlander,75806.85,5.65,Completed
388204,3,2018-12-17,Tacoma,57440.07,5.69,Completed
388205,12,2018-12-18,Highlander,81345.38,5.65,Completed
388206,15,2018-12-17,Corolla,34366.68,4.86,Completed
388207,12,2018-12-17,Prius,35574.84,5.65,Completed
388208,1,2018-12-10,Sienna,54418.51,5.24,Completed
388209,1,2018-12-25,Tacoma,39624.47,5.24,Completed
388210,10,2018-12-04,Tundra,47860.66,4.88,Pending
388211,12,2018-12-22,Sienna,64844.6,5.65,Completed
388212,2,2018-12-20,Corolla,24556.89,4.0,Completed
388213,5,2018-12-05,Tundra,53739.31,5.34,Completed
388214,3,2018-12-16,Tacoma,52738.24,5.69,Completed
388215,18,2018-12-01,RAV4,59746.85,5.68,Completed
388216,18,2018-12-23,Prius,42590.12,5.68,Completed
388217,3,2018-12-28,Prius,43526.97,5.69,Completed
388218,5,2018-12-23,Tundra,54581.29,5.34,Completed
388219,7,2018-12-11,Camry,47326.16,5.39,Completed
388220,17,2018-12-08,Tacoma,34275.44,4.51,Completed
388221,19,2018-12-18,Sienna,52751.18,5.48,Completed
388222,20,2018-12-28,Tundra,59687.75,5.77,Completed
388223,13,2018-12-03,Sienna,61383.5,5.61,Completed
388224,13,2018-12-06,Camry,48942.77,5.61,Completed
388225,8,2018-12-22,Prius,37257.71,5.84,Completed
388226,8,2018-12-29,Tacoma,50501.36,5.84,Completed
388227,2,2018-12-13,Tacoma,36347.94,4.0,Completed
388228,13,2018-12-02,Tundra,64693.73,5.61,Completed
388229,20,2018-12-29,Tacoma,48253.42,5.77,Completed
388230,10,2018-12-18,Camry,33291.67,4.88,Completed
388231,17,2018-12-04,Highlander,55242.27,4.51,Completed
388232,4,2018-12-12,Corolla,21954.25,3.81,Completed
388233,18,2018-12-18,Camry,47765.64,5.68,Completed
388234,13,2018-12-11,Corolla,37954.01,5.61,Completed
388235,5,2018-12-13,Sienna,50691.7,5.34,Completed
388236,15,2018-12-23,RAV4,53192.35,4.86,Completed
388237,12,2018-12-14,Prius,36941.4,5.65,Cancelled
388238,3,2018-12-31,Tundra,63532.24,5.69,Completed
388239,19,2018-12-18,RAV4,48931.84,5.48,Completed
388240,4,2018-12-26,RAV4,35423.33,3.81,Completed
388241,11,2018-12-05,Tundra,45627.86,4.16,Completed
388242,4,2018-12-21,Camry,31396.59,3.81,Completed
388243,4,2018-12-13,Prius,28365.41,3.81,Completed
388244,4,2018-12-10,Corolla,22443.09,3.81,Completed
388245,17,2018-12-13,Tundra,41014.5,4.51,Completed
388246,8,2018-12-15,Sienna,55978.92,5.84,Completed
388247,19,2018-12-20,Highlander,68795.92,5.48,Completed
388248,20,2018-12-25,Corolla,36132.02,5.77,Completed
388249,8,2018-12-05,Prius,36118.15,5.84,Completed
388250,7,2018-12-04,Sienna,59654.76,5.39,Completed
388251,19,2018-12-21,Camry,44421.08,5.48,Completed
388252,13,2018-12-02,Highlander,78131.05,5.61,Completed
388253,16,2018-12-29,Prius,42554.89,6.06,Completed
388254,16,2018-12-22,Prius,40514.99,6.06,Completed
388255,10,2018-12-08,Prius,26720.73,4.88,Completed
388256,15,2018-12-12,Corolla,30825.39,4.86,Completed
388257,18,2018-12-29,RAV4,60516.89,5.68,Completed
388258,4,2018-12-10,Prius,26238.8,3.81,Completed
388259,14,2018-12-30,Sienna,55326.17,5.1,Completed
388260,13,2018-12-24,Prius,42628.74,5.61,Completed
388261,20,2018-12-20,Tacoma,51408.54,5.77,Completed
388262,7,2018-12-23,Prius,42842.42,5.39,Completed
388263,15,2018-12-26,Camry,48129.53,4.86,Completed
388264,5,2018-12-13,Highlander,59811.67,5.34,Completed
388265,8,2018-12-16,Highlander,81066.57,5.84,Completed
388266,1,2018-12-29,Prius,30505.44,5.24,Completed
388267,13,2018-12-29,Corolla,36449.53,5.61,Completed
388268,3,2018-12-17,Camry,43779.59,5.69,Completed
388269,13,2018-12-15,Prius,41092.46,5.61,Completed
388270,4,2018-12-31,Sienna,44184.51,3.81,Completed
388271,18,2018-12-24,Corolla,36542.2,5.68,Completed
388272,19,2018-12-09,Tacoma,48291.44,5.48,Completed
388273,7,2018-12-06,Corolla,32494.64,5.39,Completed
388274,10,2018-12-19,Sienna,48086.15,4.88,Completed
388275,13,2018-12-26,Tacoma,55409.81,5.61,Completed
388276,2,2018-12-10,Sienna,43972.85,4.0,Completed
388277,13,2018-12-08,Camry,53233.44,5.61,Completed
388278,7,2018-12-18,Tundra,59628.23,5.39,Completed
388279,4,2018-12-05,Prius,29076.32,3.81,Completed
388280,18,2018-12-10,Highlander,78467.26,5.68,Completed
388281,6,2018-12-08,Highlander,52550.89,3.86,Completed
388282,7,2018-12-28,Corolla,33420.5,5.39,Completed
388283,12,2018-12-08,Camry,43197.76,5.65,Pending
388284,18,2018-12-15,Camry,53072.5,5.68,Completed
388285,11,2018-12-20,Sienna,43987.04,4.16,Completed
388286,15,2018-12-30,Corolla,31577.15,4.86,Completed
388287,19,2018-12-03,Corolla,30138.17,5.48,Completed
388288,18,2018-12-23,Camry,53819.38,5.68,Completed
388289,12,2018-12-08,Tundra,64093.54,5.65,Completed
388290,2,2018-12-16,Camry,37005.03,4.0,Pending
388291,20,2018-12-10,Prius,42008.37,5.77,Completed
388292,15,2018-12-19,Camry,47086.18,4.86,Completed
388293,11,2018-12-13,Corolla,23714.12,4.16,Completed
388294,5,2018-12-25,Highlander,67174.51,5.34,Completed
388295,17,2018-12-06,Corolla,23169.26,4.51,Completed
388296,12,2018-12-16,Sienna,63889.78,5.65,Completed
388297,17,2018-12-04,Tacoma,33621.83,4.51,Completed
388298,8,2018-12-27,Tacoma,53438.99,5.84,Completed
388299,6,2018-12-03,Corolla,24330.2,3.86,Completed
388300,13,2018-12-17,Tundra,59328.04,5.61,Completed
388301,9,2018-12-08,RAV4,37516.37,4.4,Completed
388302,7,2018-12-07,Highlander,79244.06,5.39,Completed
388303,19,2018-12-12,Prius,35539.63,5.48,Completed
388304,16,2018-12-10,Sienna,64813.08,6.06,Completed
388305,17,2018-12-06,Sienna,37861.13,4.51,Completed
388306,1,2018-12-20,Corolla,30225.19,5.24,Completed
388307,20,2018-12-05,Tundra,62278.15,5.77,Completed
388308,5,2018-12-28,Tundra,50723.31,5.34,Completed
388309,7,2018-12-27,Sienna,63292.7,5.39,Completed
388310,10,2018-12-13,Sienna,41397.93,4.88,Completed
388311,6,2018-12-08,Camry,35994.05,3.86,Completed
388312,9,2018-12-06,RAV4,40214.38,4.4,Completed
388313,14,2018-12-17,RAV4,55992.42,5.1,Completed
388314,12,2018-12-28,Tundra,62196.33,5.65,Completed
388315,15,2018-12-13,Highlander,68647.02,4.86,Completed
388316,17,2018-12-02,Sienna,40127.98,4.51,Completed
388317,3,2018-12-14,Sienna,57649.26,5.69,Completed
388318,9,2018-12-28,Tacoma,39355.36,4.4,Completed
388319,19,2018-12-05,Prius,31286.06,5.48,Completed
388320,8,2018-12-02,Tundra,60626.6,5.84,Completed
388321,1,2018-12-15,Sienna,46888.45,5.24,Completed
388322,4,2018-12-29,RAV4,40048.73,3.81,Completed
388323,13,2018-12-13,Highlander,80758.58,5.61,Completed
388324,11,2018-12-15,Sienna,43000.4,4.16,Completed
388325,15,2018-12-12,Tacoma,49548.25,4.86,Completed
388326,14,2018-12-06,Prius,39021.31,5.1,Completed
388327,1,2018-12-23,RAV4,45413.72,5.24,Completed
388328,2,2018-12-13,Corolla,23912.77,4.0,Completed
388329,12,2018-12-09,RAV4,54373.48,5.65,Completed
388330,17,2018-12-14,Tacoma,34805.93,4.51,Completed
388331,6,2018-12-15,Camry,32439.17,3.86,Pending
388332,13,2018-12-02,Sienna,58201.82,5.61,Completed
388333,19,2018-12-08,Tacoma,42739.03,5.48,Completed
388334,12,2018-12-18,Corolla,34965.32,5.65,Pending
388335,11,2018-12-17,Tundra,43944.16,4.16,Completed
388336,7,2018-12-19,Prius,35650.81,5.39,Completed
388337,8,2018-12-01,Corolla,32792.95,5.84,Completed
388338,19,2018-12-30,RAV4,44552.37,5.48,Completed
388339,14,2018-12-13,Sienna,60542.45,5.1,Completed
388340,13,2018-12-06,RAV4,56916.15,5.61,Completed
388341,4,2018-12-05,Prius,28040.34,3.81,Completed
388342,5,2018-12-08,Tacoma,46209.09,5.34,Completed
388343,9,2018-12-04,Camry,31189.74,4.4,Completed
388344,14,2018-12-15,Highlander,68096.24,5.1,Completed
388345,1,2018-12-16,Sienna,48166.64,5.24,Completed
388346,12,2018-12-26,Camry,44930.54,5.65,Completed
388347,1,2018-12-01,RAV4,49744.97,5.24,Completed
388348,15,2018-12-13,Camry,44767.45,4.86,Completed
388349,8,2018-12-22,RAV4,57972.49,5.84,Completed
388350,19,2018-12-30,RAV4,49655.31,5.48,Completed
388351,1,2018-12-27,RAV4,45170.91,5.24,Completed
388352,9,2018-12-10,Highlander,58722.86,4.4,Completed
388353,18,2018-12-28,Corolla,37813.2,5.68,Completed
388354,17,2018-12-04,Highlander,53776.54,4.51,Completed
388355,9,2018-12-14,RAV4,41045.75,4.4,Completed
388356,12,2018-12-22,Sienna,60557.97,5.65,Completed
388357,5,2018-12-23,RAV4,50359.66,5.34,Completed
388358,8,2018-12-09,Tacoma,53552.06,5.84,Completed
388359,13,2018-12-31,Tacoma,47595.69,5.61,Completed
388360,2,2018-12-06,Corolla,28430.85,4.0,Completed
388361,7,2018-12-23,Sienna,60674.73,5.39,Completed
388362,5,2018-12-23,Camry,41083.82,5.34,Completed
388363,18,2018-12-05,Tundra,70729.82,5.68,Completed
388364,4,2018-12-01,Tundra,45062.75,3.81,Completed
388365,1,2018-12-17,Tacoma,39302.13,5.24,Completed
388366,13,2018-12-18,Prius,39462.78,5.61,Completed
388367,11,2018-12-10,Sienna,47919.37,4.16,Completed
388368,2,2018-12-31,Corolla,27015.35,4.0,Completed
388369,9,2018-12-05,Tacoma,36968.58,4.4,Cancelled
388370,18,2018-12-28,Tacoma,54286.71,5.68,Completed
388371,10,2018-12-16,Sienna,42900.27,4.88,Completed
388372,6,2018-12-06,Camry,32900.29,3.86,Completed
388373,3,2018-12-23,RAV4,56502.17,5.69,Completed
388374,19,2018-12-05,Tundra,48446.82,5.48,Cancelled
388375,2,2018-12-06,Tundra,42994.39,4.0,Completed
388376,3,2018-12-06,Sienna,62941.42,5.69,Completed
388377,19,2018-12-27,Highlander,66979.67,5.48,Completed
388378,15,2018-12-30,Highlander,74384.29,4.86,Completed
388379,19,2018-12-14,Camry,39132.54,5.48,Completed
388380,8,2018-12-22,RAV4,59061.22,5.84,Completed
388381,14,2018-12-20,Sienna,61433.41,5.1,Completed
388382,12,2018-12-12,Tundra,62124.63,5.65,Completed
388383,14,2018-12-16,Tundra,58620.52,5.1,Completed
388384,15,2018-12-30,Corolla,36224.47,4.86,Completed
388385,18,2018-12-05,Tacoma,54674.74,5.68,Completed
388386,5,2018-12-15,RAV4,43199.0,5.34,Completed
388387,10,2018-12-07,RAV4,42088.33,4.88,Completed
388388,6,2018-12-21,Highlander,48785.03,3.86,Completed
388389,18,2018-12-26,Highlander,80957.17,5.68,Completed
388390,10,2018-12-09,Prius,28004.05,4.88,Completed
388391,4,2018-12-15,Highlander,50447.53,3.81,Completed
388392,8,2018-12-10,Tundra,57324.02,5.84,Completed
388393,16,2018-12-24,Camry,52235.05,6.06,Completed
388394,9,2018-12-21,Highlander,52977.85,4.4,Completed
388395,16,2018-12-01,Camry,46923.25,6.06,Completed
388396,2,2018-12-25,Prius,29829.42,4.0,Completed
388397,3,2018-12-22,Corolla,32947.05,5.69,Completed
388398,13,2018-12-27,Sienna,57297.74,5.61,Completed
388399,9,2018-12-12,RAV4,39632.09,4.4,Completed
388400,1,2018-12-17,Tacoma,41765.28,5.24,Completed
388401,7,2018-12-07,Sienna,56171.9,5.39,Completed
388402,10,2018-12-08,Sienna,40614.23,4.88,Completed
388403,20,2018-12-26,Highlander,82059.63,5.77,Completed
388404,16,2018-12-24,RAV4,55942.4,6.06,Cancelled
388405,9,2018-12-13,RAV4,38394.0,4.4,Completed
388406,16,2018-12-23,Tacoma,55546.99,6.06,Completed
388407,5,2018-12-11,Highlander,63484.84,5.34,Completed
388408,16,2018-12-13,Sienna,55266.44,6.06,Completed
388409,5,2018-12-12,Sienna,47000.92,5.34,Completed
388410,13,2018-12-05,Tundra,62046.32,5.61,Completed
388411,19,2018-12-19,Tundra,53039.1,5.48,Completed
388412,9,2018-12-24,RAV4,42602.53,4.4,Completed
388413,11,2018-12-14,Tundra,45857.12,4.16,Completed
388414,13,2018-12-29,Camry,48414.28,5.61,Completed
388415,13,2018-12-03,Sienna,58112.25,5.61,Completed
388416,16,2018-12-31,Tundra,56880.01,6.06,Completed
388417,5,2018-12-25,RAV4,50583.09,5.34,Completed
388418,8,2018-12-16,RAV4,56187.39,5.84,Cancelled
388419,15,2018-12-11,Prius,41296.44,4.86,Completed
388420,15,2018-12-20,Prius,35521.7,4.86,Completed
388421,2,2018-12-01,Tacoma,42115.44,4.0,Completed
388422,15,2018-12-09,Highlander,74950.5,4.86,Completed
388423,1,2018-12-10,Highlander,65581.66,5.24,Completed
388424,15,2018-12-30,Prius,41552.86,4.86,Completed
388425,7,2018-12-14,Corolla,31552.55,5.39,Completed
388426,14,2018-12-15,Sienna,52760.53,5.1,Completed
388427,8,2018-12-03,Highlander,77880.77,5.84,Completed
388428,4,2018-12-27,Corolla,21462.69,3.81,Completed
388429,8,2018-12-25,Corolla,37130.93,5.84,Completed
388430,8,2018-12-27,Sienna,55352.61,5.84,Completed
388431,16,2018-12-14,RAV4,55509.04,6.06,Completed
388432,4,2018-12-31,RAV4,34995.2,3.81,Completed
388433,9,2018-12-20,Tundra,42073.03,4.4,Completed
388434,15,2018-12-02,Highlander,79092.92,4.86,Completed
388435,4,2018-12-24,Camry,34523.38,3.81,Completed
388436,6,2018-12-04,Camry,30827.7,3.86,Completed
388437,7,2018-12-01,RAV4,58477.27,5.39,Completed
388438,5,2018-12-27,Highlander,61472.01,5.34,Completed
388439,14,2018-12-17,Camry,46271.99,5.1,Completed
388440,18,2018-12-12,Tacoma,56903.84,5.68,Completed
388441,11,2018-12-22,Sienna,47464.25,4.16,Completed
388442,7,2018-12-26,RAV4,52661.78,5.39,Completed
388443,12,2018-12-06,RAV4,51438.36,5.65,Completed
388444,1,2018-12-14,Highlander,63921.2,5.24,Completed
388445,19,2018-12-06,Corolla,29001.79,5.48,Completed
388446,9,2018-12-25,Tundra,45578.25,4.4,Completed
388447,20,2018-12-22,RAV4,52367.16,5.77,Completed
388448,11,2018-12-03,RAV4,40818.22,4.16,Completed
388449,14,2018-12-05,RAV4,54093.73,5.1,Completed
388450,15,2018-12-13,Camry,43893.44,4.86,Pending
388451,10,2018-12-19,Corolla,26049.77,4.88,Completed
388452,11,2018-12-01,Sienna,47606.63,4.16,Completed
388453,6,2018-12-20,RAV4,42080.12,3.86,Completed
388454,11,2018-12-27,Tundra,47493.27,4.16,Pending
388455,5,2018-12-18,Tundra,47707.76,5.34,Completed
388456,18,2018-12-06,Highlander,87691.3,5.68,Completed
388457,19,2018-12-18,Prius,35224.29,5.48,Completed
388458,6,2018-12-16,Tundra,40216.86,3.86,Completed
388459,14,2018-12-25,Tundra,55361.9,5.1,Cancelled
388460,13,2018-12-18,Highlander,72042.22,5.61,Completed
388461,16,2018-12-02,RAV4,50505.2,6.06,Completed
388462,4,2018-12-25,Highlander,53817.96,3.81,Completed
388463,19,2018-12-28,Highlander,70087.45,5.48,Completed
388464,1,2018-12-06,RAV4,48249.67,5.24,Completed
388465,19,2018-12-21,Camry,39299.53,5.48,Completed
388466,18,2018-12-09,Tacoma,54825.89,5.68,Completed
388467,13,2018-12-01,Tundra,63329.71,5.61,Completed
388468,6,2018-12-14,Prius,25274.31,3.86,Pending
388469,2,2018-12-13,Camry,32189.41,4.0,Completed
388470,5,2018-12-13,Tacoma,38714.38,5.34,Completed
388471,2,2018-12-22,Sienna,44448.83,4.0,Completed
388472,1,2018-12-14,Tacoma,42648.74,5.24,Completed
388473,2,2018-12-11,Tacoma,35504.9,4.0,Completed
388474,16,2018-12-06,RAV4,59409.85,6.06,Completed
388475,3,2018-12-30,Highlander,84270.17,5.69,Completed
388476,16,2018-12-07,Sienna,55941.77,6.06,Completed
388477,3,2018-12-09,Tundra,56300.05,5.69,Completed
388478,13,2018-12-20,Corolla,35105.89,5.61,Completed
388479,14,2018-12-10,Highlander,77009.22,5.1,Completed
388480,1,2018-12-31,Tacoma,43023.97,5.24,Completed
388481,12,2018-12-16,Highlander,69296.38,5.65,Completed
388482,19,2018-12-30,Tundra,54002.68,5.48,Completed
388483,14,2018-12-08,Camry,47901.07,5.1,Completed
388484,18,2018-12-16,Prius,45754.94,5.68,Completed
388485,15,2018-12-23,Prius,39626.65,4.86,Completed
388486,1,2018-12-15,Tacoma,40589.62,5.24,Completed
388487,18,2018-12-11,Prius,40814.03,5.68,Completed
388488,8,2018-12-04,RAV4,59699.83,5.84,Completed
388489,4,2018-12-02,Highlander,48112.51,3.81,Completed
388490,1,2018-12-26,Corolla,27932.22,5.24,Completed
388491,16,2018-12-28,Tundra,59894.55,6.06,Completed
388492,18,2018-12-13,Highlander,88724.12,5.68,Completed
388493,6,2018-12-22,Tacoma,33638.37,3.86,Completed
388494,11,2018-12-13,Tacoma,39543.96,4.16,Completed
388495,3,2018-12-18,Highlander,71600.05,5.69,Completed
388496,18,2018-12-08,Camry,49090.07,5.68,Cancelled
388497,5,2018-12-19,Camry,40230.27,5.34,Completed
388498,5,2018-12-31,Camry,39680.69,5.34,Completed
388499,9,2018-12-30,Tundra,47726.02,4.4,Completed
388500,13,2018-12-14,RAV4,53780.63,5.61,Completed
388501,5,2018-12-03,Tacoma,45757.09,5.34,Pending
388502,10,2018-12-05,Tacoma,36788.39,4.88,Completed
388503,17,2018-12-02,Tundra,42081.85,4.51,Completed
388504,14,2018-12-23,Corolla,32218.67,5.1,Completed
388505,10,2018-12-25,Tundra,45408.26,4.88,Completed
388506,8,2018-12-06,Corolla,36986.42,5.84,Completed
388507,7,2018-12-19,Corolla,37503.21,5.39,Completed
388508,15,2018-12-23,Highlander,82141.36,4.86,Completed
388509,1,2018-12-17,RAV4,45256.83,5.24,Completed
388510,14,2018-12-22,Tacoma,43855.04,5.1,Completed
388511,1,2018-12-01,Prius,29924.75,5.24,Completed
388512,11,2018-12-14,RAV4,41701.28,4.16,Completed
388513,2,2018-12-05,RAV4,39636.67,4.0,Completed
388514,20,2018-12-14,Prius,42228.56,5.77,Completed
388515,18,2018-12-15,Corolla,34430.56,5.68,Completed
388516,15,2018-12-08,Sienna,59283.71,4.86,Completed
388517,1,2018-12-27,RAV4,45578.65,5.24,Completed
388518,13,2018-12-21,Sienna,65441.6,5.61,Completed
388519,8,2018-12-26,RAV4,59964.51,5.84,Completed
388520,14,2018-12-11,Highlander,73841.57,5.1,Completed
388521,14,2018-12-12,Highlander,72544.62,5.1,Completed
388522,12,2018-12-13,Tundra,55582.82,5.65,Completed
388523,15,2018-12-16,Prius,34765.87,4.86,Completed
388524,16,2018-12-01,Corolla,33652.01,6.06,Completed
388525,18,2018-12-08,Tacoma,58464.56,5.68,Completed
388526,18,2018-12-16,Corolla,34050.09,5.68,Cancelled
388527,6,2018-12-14,Highlander,49195.6,3.86,Completed
388528,15,2018-12-12,Sienna,61816.96,4.86,Completed
388529,12,2018-12-06,Tacoma,52910.34,5.65,Completed
388530,6,2018-12-20,Tundra,40880.95,3.86,Completed
388531,20,2018-12-20,Camry,43920.47,5.77,Completed
388532,13,2018-12-16,Camry,51098.05,5.61,Completed
388533,2,2018-12-09,Tundra,47398.57,4.0,Completed
388534,20,2018-12-12,Tundra,59159.71,5.77,Completed
388535,9,2018-12-16,Tacoma,37479.41,4.4,Completed
388536,12,2018-12-27,Tacoma,53292.96,5.65,Completed
388537,11,2018-12-23,Corolla,26774.05,4.16,Completed
388538,9,2018-12-07,Prius,27591.79,4.4,Completed
388539,14,2018-12-08,Camry,40485.75,5.1,Completed
388540,20,2018-12-10,RAV4,53610.81,5.77,Completed
388541,13,2018-12-16,Tundra,59606.39,5.61,Completed
388542,17,2018-12-21,Tacoma,36365.53,4.51,Completed
388543,12,2018-12-24,Camry,41931.38,5.65,Completed
388544,8,2018-12-05,Tundra,60625.27,5.84,Completed
388545,4,2018-12-11,Tacoma,35306.19,3.81,Completed
388546,19,2018-12-09,Prius,30714.66,5.48,Completed
388547,19,2018-12-07,Corolla,29088.5,5.48,Completed
388548,15,2018-12-29,Prius,39048.49,4.86,Completed
388549,18,2018-12-04,Tundra,70635.58,5.68,Completed
388550,16,2018-12-30,Corolla,34124.12,6.06,Completed
388551,9,2018-12-19,Tundra,41127.29,4.4,Cancelled
388552,19,2018-12-11,RAV4,44316.77,5.48,Pending
388553,6,2018-12-03,Tacoma,37848.49,3.86,Completed
388554,17,2018-12-30,Highlander,51583.16,4.51,Completed
388555,15,2018-12-04,RAV4,56271.06,4.86,Completed
388556,20,2018-12-19,Camry,43234.9,5.77,Completed
388557,15,2018-12-10,Sienna,61654.67,4.86,Completed
388558,19,2018-12-03,Prius,36814.96,5.48,Completed
388559,6,2018-12-20,Prius,30064.75,3.86,Completed
388560,1,2018-12-16,Sienna,50658.87,5.24,Completed
388561,17,2018-12-18,Corolla,25102.49,4.51,Completed
388562,6,2018-12-06,Prius,29800.81,3.86,Completed
388563,1,2018-12-22,Tacoma,44672.0,5.24,Completed
388564,11,2018-12-24,RAV4,42700.34,4.16,Completed
388565,18,2018-12-12,Highlander,76848.73,5.68,Completed
388566,6,2018-12-04,Prius,27035.29,3.86,Completed
388567,10,2018-12-03,Highlander,51490.82,4.88,Completed
388568,9,2018-12-26,Tundra,45869.95,4.4,Completed
388569,4,2018-12-31,Tundra,41248.2,3.81,Completed
388570,4,2018-12-17,Prius,26112.4,3.81,Completed
388571,9,2018-12-16,Corolla,22630.49,4.4,Completed
388572,9,2018-12-27,Tundra,40248.95,4.4,Completed
388573,14,2018-12-12,Sienna,52114.65,5.1,Cancelled
388574,12,2018-12-15,Sienna,58730.42,5.65,Pending
388575,2,2018-12-21,Tundra,42429.02,4.0,Completed
388576,2,2018-12-13,Tundra,47221.56,4.0,Completed
388577,8,2018-12-11,Camry,49963.37,5.84,Completed
388578,11,2018-12-12,RAV4,43095.21,4.16,Completed
388579,19,2018-12-22,Camry,44624.58,5.48,Cancelled
388580,10,2018-12-17,Corolla,27372.07,4.88,Completed
388581,19,2018-12-15,Corolla,28989.38,5.48,Completed
388582,8,2018-12-10,Prius,36471.6,5.84,Completed
388583,4,2018-12-18,Highlander,56926.87,3.81,Completed
388584,17,2018-12-22,Corolla,22886.33,4.51,Pending
388585,11,2018-12-02,RAV4,43466.86,4.16,Completed
388586,11,2018-12-31,Prius,26116.33,4.16,Completed
388587,10,2018-12-20,Highlander,57506.16,4.88,Completed
388588,6,2018-12-04,Sienna,44897.43,3.86,Completed
388589,6,2018-12-10,Camry,30261.75,3.86,Completed
388590,18,2018-12-09,Corolla,38935.52,5.68,Completed
388591,8,2018-12-11,Sienna,57188.82,5.84,Completed
388592,8,2018-12-10,Prius,40737.37,5.84,Completed
388593,3,2018-12-31,Camry,47718.71,5.69,Completed
388594,1,2018-12-13,RAV4,42029.3,5.24,Completed
388595,12,2018-12-04,Tacoma,53634.82,5.65,Completed
388596,7,2018-12-15,Tacoma,50770.13,5.39,Completed
388597,6,2018-12-24,Tundra,44899.25,3.86,Completed
388598,9,2018-12-23,RAV4,38912.27,4.4,Completed
388599,14,2018-12-11,RAV4,48865.24,5.1,Completed
388600,13,2018-12-31,RAV4,60226.89,5.61,Completed
388601,3,2018-12-10,Highlander,79576.59,5.69,Completed
388602,5,2018-12-24,Highlander,64660.9,5.34,Completed
388603,14,2018-12-06,Corolla,33485.6,5.1,Completed
388604,19,2018-12-25,Tundra,51177.46,5.48,Completed
388605,2,2018-12-15,Sienna,41927.75,4.0,Completed
388606,15,2018-12-25,RAV4,55087.17,4.86,Completed
388607,5,2018-12-06,Tundra,47655.37,5.34,Completed
388608,8,2018-12-28,Tundra,65487.88,5.84,Completed
388609,5,2018-12-26,RAV4,45886.67,5.34,Completed
388610,20,2018-12-28,Sienna,54757.94,5.77,Completed
388611,10,2018-12-18,Prius,28353.72,4.88,Completed
388612,16,2018-12-29,Corolla,34805.31,6.06,Completed
388613,12,2018-12-26,RAV4,50458.82,5.65,Completed
388614,6,2018-12-10,Tacoma,38678.24,3.86,Completed
388615,17,2018-12-16,Camry,33722.19,4.51,Completed
388616,17,2018-12-17,Tacoma,34770.04,4.51,Completed
388617,4,2018-12-26,Tundra,41850.7,3.81,Completed
388618,20,2018-12-04,Tacoma,51477.43,5.77,Completed
388619,5,2018-12-01,Camry,40460.24,5.34,Completed
388620,12,2018-12-29,Sienna,56663.26,5.65,Completed
388621,16,2018-12-27,Prius,43864.43,6.06,Completed
388622,7,2018-12-30,Tacoma,52722.99,5.39,Completed
388623,16,2018-12-19,Highlander,82670.73,6.06,Completed
388624,12,2018-12-03,Highlander,68047.72,5.65,Completed
388625,20,2018-12-28,Tundra,58348.02,5.77,Completed
388626,1,2018-12-25,RAV4,48118.46,5.24,Completed
388627,4,2018-12-29,Corolla,21326.83,3.81,Completed
388628,2,2018-12-29,Camry,35137.39,4.0,Completed
388629,4,2018-12-11,Highlander,52690.43,3.81,Pending
388630,14,2018-12-04,Tundra,61548.39,5.1,Completed
388631,15,2018-12-22,Corolla,33310.86,4.86,Completed
388632,9,2018-12-03,Camry,34088.72,4.4,Completed
388633,7,2018-12-08,Camry,46269.89,5.39,Pending
388634,19,2018-12-31,Corolla,32010.9,5.48,Completed
388635,6,2018-12-27,Sienna,39358.35,3.86,Completed
388636,12,2018-12-03,Prius,36979.33,5.65,Completed
388637,20,2018-12-19,Tacoma,49467.59,5.77,Completed
388638,13,2018-12-07,Prius,43932.63,5.61,Pending
388639,13,2018-12-26,Corolla,33003.27,5.61,Completed
388640,3,2018-12-16,RAV4,60828.91,5.69,Completed
388641,15,2018-12-31,Tundra,62666.54,4.86,Completed
388642,3,2018-12-20,Prius,43214.55,5.69,Completed
388643,9,2018-12-23,Camry,34586.35,4.4,Completed
388644,6,2018-12-24,Sienna,44350.78,3.86,Completed
388645,5,2018-12-14,Highlander,70374.34,5.34,Completed
388646,7,2018-12-18,Camry,52008.37,5.39,Completed
388647,7,2018-12-18,Corolla,31945.51,5.39,Completed
388648,12,2018-12-19,RAV4,58693.83,5.65,Completed
388649,16,2018-12-16,Tacoma,53116.52,6.06,Completed
388650,4,2018-12-16,RAV4,34825.78,3.81,Cancelled
388651,6,2018-12-07,Sienna,40950.71,3.86,Completed
388652,10,2018-12-29,Tacoma,37429.64,4.88,Completed
388653,17,2018-12-01,Camry,30348.01,4.51,Completed
388654,4,2018-12-15,Tundra,45142.3,3.81,Completed
388655,6,2018-12-12,Tundra,46700.72,3.86,Completed
388656,20,2018-12-24,Tacoma,50972.72,5.77,Completed
388657,18,2018-12-30,Sienna,62635.71,5.68,Completed
388658,3,2018-12-26,Tacoma,56045.45,5.69,Completed
388659,13,2018-12-19,Highlander,84952.88,5.61,Completed
388660,18,2018-12-15,Corolla,33427.4,5.68,Completed
388661,5,2018-12-10,Highlander,70527.57,5.34,Completed
388662,19,2018-12-20,Tacoma,40756.92,5.48,Completed
388663,7,2018-12-07,Tacoma,48013.51,5.39,Completed
388664,2,2018-12-29,Camry,32596.29,4.0,Cancelled
388665,15,2018-12-24,Tacoma,52434.3,4.86,Completed
388666,9,2018-12-22,Corolla,24690.23,4.4,Completed
388667,1,2018-12-10,Highlander,60007.58,5.24,Pending
388668,20,2018-12-20,Highlander,83886.19,5.77,Completed
388669,11,2018-12-18,Corolla,22997.91,4.16,Completed
388670,16,2018-12-28,Sienna,62873.0,6.06,Completed
388671,12,2018-12-03,Tundra,61709.48,5.65,Completed
388672,3,2018-12-31,Corolla,33472.31,5.69,Completed
388673,9,2018-12-03,Corolla,22998.14,4.4,Completed
388674,4,2018-12-16,Camry,34397.26,3.81,Completed
388675,16,2018-12-03,Camry,44978.16,6.06,Completed
388676,6,2018-12-30,Highlander,59166.63,3.86,Completed
388677,12,2018-12-12,Tundra,64791.93,5.65,Completed
388678,8,2018-12-24,Prius,41370.21,5.84,Completed
388679,19,2018-12-29,Highlander,73145.99,5.48,Pending
388680,1,2018-12-14,Corolla,30073.31,5.24,Completed
388681,13,2018-12-23,Sienna,62057.44,5.61,Completed
388682,4,2018-12-12,Camry,30585.9,3.81,Completed
388683,17,2018-12-24,Tacoma,38004.59,4.51,Completed
388684,5,2018-12-01,Highlander,59874.68,5.34,Completed
388685,3,2018-12-02,Camry,45518.69,5.69,Completed
388686,12,2018-12-14,RAV4,56412.9,5.65,Completed
388687,4,2018-12-14,Tacoma,34906.53,3.81,Completed
388688,8,2018-12-08,RAV4,51426.36,5.84,Completed
388689,18,2018-12-03,Prius,41959.18,5.68,Completed
388690,18,2018-12-06,Tacoma,53602.68,5.68,Completed
388691,15,2018-12-13,Tacoma,53925.47,4.86,Completed
388692,5,2018-12-17,Corolla,27343.66,5.34,Completed
388693,13,2018-12-09,Camry,50927.43,5.61,Completed
388694,18,2018-12-01,Tundra,69753.7,5.68,Completed
388695,5,2018-12-11,Prius,33445.36,5.34,Completed
388696,5,2018-12-31,Tundra,47300.7,5.34,Completed
388697,6,2018-12-02,Tundra,44022.01,3.86,Completed
388698,20,2018-12-24,Prius,39908.08,5.77,Completed
388699,1,2018-12-31,Tacoma,45758.34,5.24,Completed
388700,16,2018-12-08,Tundra,60355.58,6.06,Completed
388701,8,2018-12-29,Camry,43565.38,5.84,Completed
388702,1,2018-12-26,Corolla,28901.4,5.24,Completed
388703,11,2018-12-25,Sienna,43296.81,4.16,Completed
388704,6,2018-12-18,Corolla,21892.29,3.86,Completed
388705,10,2018-12-14,Tundra,41570.57,4.88,Completed
388706,15,2018-12-18,Prius,39945.63,4.86,Pending
388707,14,2018-12-30,RAV4,47857.17,5.1,Completed
388708,19,2018-12-25,Corolla,29561.77,5.48,Completed
388709,4,2018-12-05,Camry,29923.96,3.81,Completed
388710,10,2018-12-02,Corolla,25769.14,4.88,Completed
388711,9,2018-12-13,Sienna,47667.76,4.4,Completed
388712,18,2018-12-24,Sienna,61565.67,5.68,Completed
388713,14,2018-12-12,Sienna,61132.71,5.1,Completed
388714,3,2018-12-08,Tacoma,54173.88,5.69,Completed
388715,12,2018-12-24,Camry,50487.12,5.65,Cancelled
388716,16,2018-12-30,Camry,51090.03,6.06,Completed
388717,1,2018-12-15,Camry,37023.29,5.24,Completed
388718,17,2018-12-20,RAV4,40742.93,4.51,Completed
388719,15,2018-12-31,Sienna,61852.33,4.86,Completed
388720,12,2018-12-19,RAV4,56385.77,5.65,Completed
388721,5,2018-12-28,Sienna,49697.56,5.34,Completed
388722,18,2018-12-07,Prius,41391.4,5.68,Completed
388723,1,2018-12-06,Tundra,54945.58,5.24,Completed
388724,12,2018-12-06,Sienna,55764.63,5.65,Completed
388725,20,2018-12-04,Highlander,82910.18,5.77,Completed
388726,11,2018-12-11,Camry,31045.2,4.16,Pending
388727,11,2018-12-30,Tundra,43483.66,4.16,Completed
388728,14,2018-12-08,Sienna,58190.37,5.1,Completed
388729,12,2018-12-29,Tundra,63531.46,5.65,Completed
388730,1,2018-12-14,Sienna,45407.97,5.24,Completed
388731,20,2018-12-26,Highlander,74309.32,5.77,Completed
388732,13,2018-12-11,Tacoma,49315.24,5.61,Completed
388733,15,2018-12-05,RAV4,56020.14,4.86,Completed
388734,16,2018-12-17,Corolla,36120.55,6.06,Completed
388735,4,2018-12-10,Sienna,38826.97,3.81,Completed
388736,20,2018-12-28,RAV4,49716.2,5.77,Completed
388737,5,2018-12-16,Camry,38041.05,5.34,Completed
388738,20,2018-12-30,RAV4,54035.63,5.77,Completed
388739,14,2018-12-25,Sienna,62249.68,5.1,Completed
388740,2,2018-12-13,RAV4,42278.26,4.0,Completed
388741,1,2018-12-18,Highlander,67661.44,5.24,Completed
388742,15,2018-12-08,Sienna,53440.13,4.86,Completed
388743,14,2018-12-30,Sienna,52576.58,5.1,Completed
388744,19,2018-12-31,RAV4,44310.68,5.48,Completed
388745,13,2018-12-26,Tundra,59731.99,5.61,Completed
388746,7,2018-12-09,Camry,45932.66,5.39,Completed
388747,10,2018-12-21,Prius,31444.2,4.88,Completed
388748,14,2018-12-04,Tacoma,50011.31,5.1,Completed
388749,11,2018-12-21,Sienna,46701.55,4.16,Completed
388750,12,2018-12-19,Highlander,79355.63,5.65,Completed
388751,11,2018-12-05,Camry,37159.95,4.16,Completed
388752,13,2018-12-15,RAV4,57796.22,5.61,Completed
388753,15,2018-12-21,Camry,44337.05,4.86,Cancelled
388754,5,2018-12-05,Prius,32541.12,5.34,Completed
388755,5,2018-12-20,Camry,38200.03,5.34,Completed
388756,13,2018-12-05,Prius,41800.36,5.61,Completed
388757,2,2018-12-28,Tundra,45008.62,4.0,Cancelled
388758,2,2018-12-12,Prius,29866.1,4.0,Completed
388759,17,2018-12-22,Corolla,23794.19,4.51,Completed
388760,9,2018-12-28,Tacoma,39284.28,4.4,Completed
388761,13,2018-12-17,RAV4,57139.97,5.61,Completed
388762,3,2018-12-01,RAV4,62296.98,5.69,Completed
388763,10,2018-12-10,Tacoma,39640.74,4.88,Completed
388764,20,2018-12-17,Corolla,33433.12,5.77,Completed
388765,5,2018-12-10,Tacoma,43371.65,5.34,Completed
388766,16,2018-12-02,RAV4,58985.42,6.06,Completed
388767,9,2018-12-14,Tundra,47380.23,4.4,Completed
388768,8,2018-12-13,Camry,46646.91,5.84,Completed
388769,10,2018-12-17,Prius,30130.92,4.88,Completed
388770,6,2018-12-31,Sienna,44861.17,3.86,Completed
388771,7,2018-12-14,Tundra,58633.17,5.39,Completed
388772,17,2018-12-07,Sienna,44013.21,4.51,Completed
388773,10,2018-12-27,Corolla,24086.0,4.88,Completed
388774,10,2018-12-05,Tundra,44520.96,4.88,Completed
388775,19,2018-12-10,Sienna,49216.43,5.48,Completed
388776,18,2018-12-09,RAV4,56483.44,5.68,Completed
388777,17,2018-12-11,Tundra,41052.47,4.51,Completed
388778,13,2018-12-05,Tundra,57840.93,5.61,Completed
388779,19,2018-12-31,Camry,40569.3,5.48,Completed
388780,12,2018-12-16,RAV4,53503.5,5.65,Completed
388781,13,2018-12-05,Camry,45249.01,5.61,Completed
388782,10,2018-12-21,Tundra,44312.98,4.88,Completed
388783,13,2018-12-08,Prius,40939.29,5.61,Completed
388784,5,2018-12-30,Sienna,49377.42,5.34,Completed
388785,20,2018-12-25,Tacoma,46087.87,5.77,Completed
388786,19,2018-12-30,Tundra,51752.21,5.48,Completed
388787,14,2018-12-15,Camry,47545.72,5.1,Completed
388788,18,2018-12-14,RAV4,63361.68,5.68,Completed
388789,20,2018-12-01,RAV4,59218.03,5.77,Completed
388790,15,2018-12-30,Highlander,71909.51,4.86,Completed
388791,9,2018-12-08,Tacoma,34434.35,4.4,Completed
388792,7,2018-12-05,Tacoma,52407.58,5.39,Completed
388793,12,2018-12-08,Tacoma,50986.04,5.65,Completed
388794,14,2018-12-26,Highlander,70621.1,5.1,Completed
388795,14,2018-12-19,Tundra,57346.45,5.1,Completed
388796,11,2018-12-20,Highlander,54276.81,4.16,Completed
388797,20,2018-12-02,Highlander,83031.35,5.77,Completed
388798,9,2018-12-19,Tacoma,38333.85,4.4,Completed
388799,18,2018-12-25,Prius,40051.72,5.68,Completed
388800,14,2018-12-06,Highlander,66499.64,5.1,Pending
388801,17,2018-12-11,Tundra,38435.62,4.51,Pending
388802,19,2018-12-02,Prius,34542.1,5.48,Completed
388803,11,2018-12-31,Camry,35008.08,4.16,Completed
388804,18,2018-12-19,Highlander,84843.96,5.68,Completed
388805,14,2018-12-15,Highlander,69098.05,5.1,Completed
388806,14,2018-12-25,Corolla,30861.44,5.1,Completed
388807,7,2018-12-24,Tundra,57047.97,5.39,Completed
388808,12,2018-12-22,Sienna,55105.42,5.65,Completed
388809,7,2018-12-26,Sienna,66002.96,5.39,Completed
388810,17,2018-12-08,Sienna,38112.34,4.51,Completed
388811,8,2018-12-09,Tacoma,45498.45,5.84,Completed
388812,3,2018-12-18,Sienna,63730.74,5.69,Completed
388813,11,2018-12-26,Highlander,60207.81,4.16,Cancelled
388814,20,2018-12-05,Sienna,62210.16,5.77,Completed
388815,15,2018-12-06,Camry,45439.19,4.86,Completed
388816,20,2018-12-05,Camry,42730.89,5.77,Completed
388817,20,2018-12-01,Tacoma,53331.23,5.77,Completed
388818,7,2018-12-30,Highlander,71655.03,5.39,Completed
388819,7,2018-12-05,Corolla,35878.09,5.39,Completed
388820,20,2018-12-18,Tundra,59591.02,5.77,Pending
388821,11,2018-12-29,Prius,25952.78,4.16,Completed
388822,18,2018-12-20,Highlander,77353.71,5.68,Completed
388823,20,2018-12-11,Tundra,54857.43,5.77,Completed
388824,11,2018-12-16,Tacoma,40250.56,4.16,Completed
388825,15,2018-12-05,Tundra,54042.94,4.86,Completed
388826,5,2018-12-30,Corolla,30706.79,5.34,Completed
388827,11,2018-12-12,Highlander,53361.29,4.16,Pending
388828,3,2018-12-17,RAV4,55208.6,5.69,Completed
388829,14,2018-12-05,Tundra,56442.69,5.1,Completed
388830,20,2018-12-23,Sienna,66084.28,5.77,Completed
388831,2,2018-12-09,Camry,38131.41,4.0,Completed
388832,19,2018-12-29,RAV4,43093.99,5.48,Completed
388833,14,2018-12-15,Camry,47527.95,5.1,Completed
388834,17,2018-12-24,Tundra,46129.27,4.51,Completed
388835,7,2018-12-26,Highlander,78345.18,5.39,Completed
388836,14,2018-12-07,Highlander,66089.78,5.1,Completed
388837,12,2018-12-02,Tacoma,53299.91,5.65,Completed
388838,13,2018-12-21,Prius,44028.28,5.61,Completed
388839,4,2018-12-06,Prius,24987.75,3.81,Completed
388840,1,2018-12-10,Tacoma,45414.66,5.24,Completed
388841,11,2018-12-07,Camry,32872.43,4.16,Completed
388842,2,2018-12-08,Highlander,61098.57,4.0,Completed
388843,19,2018-12-25,Tundra,48579.04,5.48,Completed
388844,17,2018-12-04,Prius,29890.1,4.51,Cancelled
388845,4,2018-12-03,Sienna,38332.64,3.81,Completed
388846,1,2018-12-22,Prius,35571.23,5.24,Completed
388847,18,2018-12-19,RAV4,64070.78,5.68,Completed
388848,11,2018-12-27,Tundra,47377.12,4.16,Completed
388849,8,2018-12-12,Corolla,35108.49,5.84,Completed
388850,17,2018-12-11,Tacoma,36937.2,4.51,Completed
388851,13,2018-12-18,RAV4,58202.6,5.61,Completed
388852,8,2018-12-15,Tacoma,49611.21,5.84,Pending
388853,17,2018-12-24,Prius,28290.03,4.51,Completed
388854,19,2018-12-20,Tacoma,41608.04,5.48,Completed
388855,2,2018-12-09,RAV4,44730.63,4.0,Completed
388856,5,2018-12-24,Highlander,62874.11,5.34,Completed
388857,17,2018-12-31,RAV4,36529.58,4.51,Completed
388858,12,2018-12-22,Highlander,76889.77,5.65,Completed
388859,18,2018-12-14,Sienna,62159.41,5.68,Completed
388860,2,2018-12-14,RAV4,37673.35,4.0,Completed
388861,10,2018-12-23,Tacoma,37514.47,4.88,Completed
388862,3,2018-12-26,Camry,49444.18,5.69,Completed
388863,8,2018-12-02,Corolla,34927.76,5.84,Completed
388864,8,2018-12-20,Corolla,31248.8,5.84,Completed
388865,6,2018-12-12,RAV4,35221.62,3.86,Completed
388866,17,2018-12-27,Highlander,51867.12,4.51,Completed
388867,10,2018-12-14,Tundra,44329.75,4.88,Completed
388868,17,2018-12-20,Camry,30969.05,4.51,Completed
388869,2,2018-12-08,Tacoma,36880.26,4.0,Completed
388870,5,2018-12-24,Camry,40662.72,5.34,Completed
388871,11,2018-12-10,Camry,33809.93,4.16,Completed
388872,10,2018-12-26,Tacoma,40343.46,4.88,Completed
388873,8,2018-12-04,Camry,45339.23,5.84,Completed
388874,9,2018-12-10,RAV4,37998.69,4.4,Completed
388875,5,2018-12-30,RAV4,41983.95,5.34,Completed
388876,15,2018-12-07,Sienna,56997.46,4.86,Completed
388877,13,2018-12-29,Tundra,62919.68,5.61,Completed
388878,8,2018-12-17,Tacoma,46721.29,5.84,Completed
388879,20,2018-12-09,Tundra,58168.46,5.77,Pending
388880,7,2018-12-25,RAV4,58417.5,5.39,Completed
388881,9,2018-12-31,Prius,25850.66,4.4,Completed
388882,3,2018-12-19,RAV4,52276.86,5.69,Completed
388883,15,2018-12-29,Prius,37194.08,4.86,Completed
388884,9,2018-12-17,Tundra,45132.63,4.4,Completed
388885,10,2018-12-14,Corolla,28141.88,4.88,Completed
388886,16,2018-12-28,Highlander,72057.61,6.06,Completed
388887,18,2018-12-17,Camry,54601.86,5.68,Completed
388888,13,2018-12-10,Corolla,35060.09,5.61,Completed
388889,14,2018-12-01,Tacoma,51803.19,5.1,Completed
388890,11,2018-12-27,Camry,36856.4,4.16,Completed
388891,20,2018-12-14,Highlander,78765.5,5.77,Pending
388892,12,2018-12-13,Corolla,35482.66,5.65,Completed
388893,8,2018-12-02,Tundra,61836.47,5.84,Completed
388894,3,2018-12-26,Camry,49366.49,5.69,Completed
388895,17,2018-12-06,Sienna,45487.57,4.51,Completed
388896,15,2018-12-09,Corolla,35551.13,4.86,Completed
388897,7,2018-12-04,Camry,52156.27,5.39,Completed
388898,18,2018-12-30,RAV4,53522.85,5.68,Completed
388899,19,2018-12-26,Corolla,27390.3,5.48,Completed
388900,7,2018-12-03,Tacoma,49979.33,5.39,Completed
388901,4,2018-12-30,Tundra,41460.39,3.81,Completed
388902,13,2018-12-02,Highlander,84210.14,5.61,Cancelled
388903,8,2018-12-01,Sienna,59838.79,5.84,Completed
388904,13,2018-12-25,Tundra,58281.68,5.61,Completed
388905,19,2018-12-28,Camry,44301.97,5.48,Completed
388906,15,2018-12-03,Corolla,36135.26,4.86,Completed
388907,7,2018-12-16,Prius,38748.54,5.39,Completed
388908,19,2018-12-26,RAV4,46766.0,5.48,Completed
388909,9,2018-12-11,Tacoma,39273.94,4.4,Completed
388910,2,2018-12-31,RAV4,41866.89,4.0,Cancelled
388911,3,2018-12-21,Prius,38521.5,5.69,Completed
388912,16,2018-12-28,Highlander,72953.21,6.06,Completed
388913,1,2018-12-12,Highlander,69563.81,5.24,Completed
388914,17,2018-12-22,Tacoma,35151.48,4.51,Completed
388915,13,2018-12-26,Tacoma,48195.54,5.61,Completed
388916,11,2018-12-31,Sienna,43699.2,4.16,Completed
388917,14,2018-12-02,Sienna,60811.55,5.1,Completed
388918,11,2018-12-02,Camry,33866.76,4.16,Completed
388919,5,2018-12-26,Highlander,68741.99,5.34,Completed
388920,14,2018-12-14,Tundra,60127.53,5.1,Completed
388921,4,2018-12-04,Highlander,49600.1,3.81,Completed
388922,9,2018-12-29,Prius,29532.5,4.4,Completed
388923,14,2018-12-05,Tacoma,48611.28,5.1,Completed
388924,16,2018-12-29,Corolla,33565.8,6.06,Completed
388925,13,2018-12-23,Camry,44317.52,5.61,Completed
388926,4,2018-12-11,Highlander,48085.46,3.81,Completed
388927,8,2018-12-20,Tacoma,53087.31,5.84,Completed
388928,4,2018-12-30,RAV4,39955.54,3.81,Completed
388929,2,2018-12-22,RAV4,41637.33,4.0,Completed
388930,16,2018-12-26,Sienna,60201.8,6.06,Completed
388931,7,2018-12-02,Tundra,62651.58,5.39,Completed
388932,3,2018-12-31,Tundra,57997.62,5.69,Completed
388933,15,2018-12-21,Highlander,76332.71,4.86,Completed
388934,9,2018-12-22,Tacoma,38957.06,4.4,Completed
388935,1,2018-12-08,Corolla,30927.26,5.24,Completed
388936,12,2018-12-19,Camry,46543.48,5.65,Completed
388937,5,2018-12-05,Tacoma,39815.15,5.34,Completed
388938,8,2018-12-02,Tundra,61631.96,5.84,Completed
388939,10,2018-12-06,Tacoma,40430.23,4.88,Completed
388940,14,2018-12-18,Corolla,33997.4,5.1,Completed
388941,7,2018-12-02,RAV4,54347.04,5.39,Completed
388942,9,2018-12-12,Prius,30604.62,4.4,Completed
388943,1,2018-12-18,Camry,42235.67,5.24,Completed
388944,8,2018-12-20,Camry,42543.54,5.84,Completed
388945,9,2018-12-20,Tacoma,33409.06,4.4,Completed
388946,13,2018-12-05,Sienna,57658.44,5.61,Completed
388947,14,2018-12-31,Corolla,31312.71,5.1,Completed
388948,10,2018-12-30,Tacoma,38952.45,4.88,Completed
388949,10,2018-12-22,Tundra,48345.15,4.88,Completed
388950,13,2018-12-20,RAV4,54188.44,5.61,Completed
388951,7,2018-12-10,Prius,39530.98,5.39,Completed
388952,15,2018-12-27,Sienna,54554.76,4.86,Completed
388953,8,2018-12-17,Tundra,60967.5,5.84,Completed
388954,10,2018-12-09,Sienna,47023.57,4.88,Completed
388955,10,2018-12-04,Prius,29252.49,4.88,Completed
388956,14,2018-12-04,Camry,46436.06,5.1,Completed
388957,10,2018-12-01,Sienna,44604.39,4.88,Completed
388958,5,2018-12-28,RAV4,46141.28,5.34,Completed
388959,13,2018-12-28,Corolla,35973.19,5.61,Completed
388960,5,2018-12-15,Sienna,54268.25,5.34,Completed
388961,20,2018-12-22,Highlander,72715.87,5.77,Completed
388962,14,2018-12-01,Prius,40446.93,5.1,Completed
388963,16,2018-12-12,Sienna,60107.16,6.06,Completed
388964,5,2018-12-09,Tundra,52365.4,5.34,Completed
388965,19,2018-12-08,Prius,34745.74,5.48,Completed
388966,6,2018-12-21,Camry,30040.05,3.86,Completed
388967,4,2018-12-16,Highlander,50957.01,3.81,Completed
388968,1,2018-12-27,Highlander,63858.04,5.24,Completed
388969,16,2018-12-24,Prius,39387.97,6.06,Completed
388970,12,2018-12-16,Prius,34805.53,5.65,Completed
388971,12,2018-12-12,Camry,43930.76,5.65,Completed
388972,3,2018-12-11,Highlander,77732.98,5.69,Completed
388973,13,2018-12-06,Tacoma,48135.69,5.61,Completed
388974,3,2018-12-05,Prius,41730.89,5.69,Completed
388975,10,2018-12-27,RAV4,44946.98,4.88,Completed
388976,18,2018-12-27,Prius,44882.99,5.68,Completed
388977,16,2018-12-14,Prius,36981.14,6.06,Completed
388978,5,2018-12-07,Prius,33771.65,5.34,Completed
388979,15,2018-12-01,Highlander,74073.05,4.86,Completed
388980,12,2018-12-01,Tacoma,45646.56,5.65,Completed
388981,19,2018-12-12,Tundra,52419.53,5.48,Completed
388982,8,2018-12-09,Tacoma,47016.55,5.84,Completed
388983,13,2018-12-16,Corolla,35662.54,5.61,Completed
388984,6,2018-12-04,Highlander,48665.83,3.86,Completed
388985,1,2018-12-10,Camry,37931.35,5.24,Completed
388986,14,2018-12-12,Highlander,76921.68,5.1,Completed
388987,13,2018-12-14,Tacoma,53953.69,5.61,Completed
388988,3,2018-12-25,Sienna,67321.15,5.69,Completed
388989,19,2018-12-04,RAV4,48530.97,5.48,Completed
388990,19,2018-12-05,Camry,42424.11,5.48,Completed
388991,2,2018-12-03,Sienna,46390.98,4.0,Pending
388992,16,2018-12-11,Sienna,59003.83,6.06,Completed
388993,6,2018-12-22,Tacoma,34731.22,3.86,Completed
388994,12,2018-12-08,Tundra,62730.48,5.65,Completed
388995,17,2018-12-26,Highlander,58624.62,4.51,Completed
388996,1,2018-12-19,Prius,31227.71,5.24,Completed
388997,18,2018-12-28,Highlander,84273.96,5.68,Completed
388998,16,2018-12-05,Tacoma,53006.89,6.06,Completed
388999,2,2018-12-01,Sienna,43202.06,4.0,Completed
389000,16,2018-12-25,Tacoma,55695.87,6.06,Completed
389001,20,2018-12-29,RAV4,49947.73,5.77,Completed
389002,10,2018-12-28,Camry,33530.84,4.88,Pending
389003,19,2018-12-09,Tundra,56746.83,5.48,Completed
389004,17,2018-12-29,Corolla,21912.03,4.51,Completed
389005,17,2018-12-05,Prius,27323.12,4.51,Completed
389006,20,2018-12-14,Corolla,35413.31,5.77,Completed
389007,3,2018-12-08,Sienna,67112.34,5.69,Completed
389008,11,2018-12-07,Tundra,47675.83,4.16,Completed
389009,11,2018-12-03,Highlander,60037.18,4.16,Completed
389010,8,2018-12-18,Highlander,81406.5,5.84,Completed
389011,1,2018-12-07,Tacoma,43504.35,5.24,Completed
389012,11,2018-12-06,Tundra,40509.51,4.16,Completed
389013,11,2018-12-04,Corolla,24331.97,4.16,Completed
389014,18,2018-12-22,Sienna,69849.47,5.68,Pending
389015,13,2018-12-24,RAV4,54741.88,5.61,Completed
389016,8,2018-12-16,Corolla,36600.85,5.84,Completed
389017,11,2018-12-23,Camry,35532.57,4.16,Completed
389018,14,2018-12-05,RAV4,50680.64,5.1,Completed
389019,16,2018-12-03,Highlander,85913.14,6.06,Completed
389020,15,2018-12-18,Prius,39548.42,4.86,Completed
389021,1,2018-12-09,Highlander,65013.57,5.24,Completed
389022,20,2018-12-25,Highlander,84402.58,5.77,Completed
389023,15,2018-12-17,Tundra,56558.48,4.86,Completed
389024,15,2018-12-11,Camry,50187.76,4.86,Completed
389025,6,2018-12-17,RAV4,37376.72,3.86,Completed
389026,7,2018-12-19,RAV4,57985.63,5.39,Completed
389027,5,2018-12-05,Camry,36932.88,5.34,Completed
389028,14,2018-12-12,Corolla,33017.16,5.1,Completed
389029,1,2018-12-22,Corolla,29066.98,5.24,Completed
389030,18,2018-12-10,Sienna,70619.94,5.68,Completed
389031,7,2018-12-10,Tacoma,53839.45,5.39,Completed
389032,1,2018-12-04,Tundra,50513.6,5.24,Completed
389033,12,2018-12-19,Tundra,63849.54,5.65,Completed
389034,11,2018-12-19,RAV4,40067.16,4.16,Completed
389035,15,2018-12-19,Prius,36881.51,4.86,Completed
389036,3,2018-12-12,Prius,43267.85,5.69,Completed
389037,5,2018-12-24,Sienna,47932.96,5.34,Completed
389038,19,2018-12-17,Tundra,56266.52,5.48,Completed
389039,8,2018-12-23,RAV4,49191.42,5.84,Completed
389040,8,2018-12-15,RAV4,55863.06,5.84,Completed
389041,18,2018-12-01,Camry,53439.64,5.68,Completed
389042,1,2018-12-22,Tundra,52785.41,5.24,Completed
389043,2,2018-12-12,Sienna,45408.32,4.0,Completed
389044,1,2018-12-23,RAV4,41474.45,5.24,Completed
389045,12,2018-12-23,RAV4,53404.99,5.65,Completed
389046,10,2018-12-10,Camry,36278.61,4.88,Completed
389047,7,2018-12-22,RAV4,57210.29,5.39,Completed
389048,20,2018-12-17,Prius,37747.47,5.77,Completed
389049,14,2018-12-30,Camry,47454.35,5.1,Completed
389050,14,2018-12-07,RAV4,54725.36,5.1,Completed
389051,20,2018-12-18,Prius,37197.62,5.77,Completed
389052,6,2018-12-24,Tacoma,37739.89,3.86,Completed
389053,13,2018-12-01,Highlander,84011.86,5.61,Completed
389054,6,2018-12-12,Highlander,52683.46,3.86,Completed
389055,17,2018-12-01,Tundra,38529.21,4.51,Completed
389056,20,2018-12-01,Corolla,36229.01,5.77,Completed
389057,8,2018-12-03,Tundra,55457.17,5.84,Completed
389058,11,2018-12-09,Tacoma,35039.93,4.16,Completed
389059,2,2018-12-02,Tacoma,38839.7,4.0,Completed
389060,19,2018-12-13,Corolla,30002.67,5.48,Completed
389061,8,2018-12-16,Sienna,64449.3,5.84,Completed
389062,9,2018-12-27,Highlander,59899.08,4.4,Completed
389063,16,2018-12-31,Prius,41333.77,6.06,Completed
389064,18,2018-12-10,Highlander,76868.06,5.68,Completed
389065,20,2018-12-24,Camry,47133.32,5.77,Completed
389066,1,2018-12-20,Highlander,59623.23,5.24,Completed
389067,11,2018-12-26,Prius,30062.2,4.16,Completed
389068,1,2018-12-15,Tundra,51771.63,5.24,Completed
389069,1,2018-12-04,Prius,31752.54,5.24,Completed
389070,1,2018-12-14,Highlander,60321.84,5.24,Completed
389071,15,2018-12-14,Prius,39122.77,4.86,Completed
389072,16,2018-12-25,Tacoma,50306.52,6.06,Completed
389073,20,2018-12-05,Camry,50583.29,5.77,Completed
389074,14,2018-12-25,Tundra,52766.32,5.1,Completed
389075,14,2018-12-30,Tacoma,47475.63,5.1,Completed
389076,5,2018-12-08,Highlander,62972.89,5.34,Completed
389077,12,2018-12-24,Tacoma,49834.97,5.65,Completed
389078,18,2018-12-02,RAV4,55565.05,5.68,Completed
389079,2,2018-12-10,Sienna,41743.68,4.0,Completed
389080,12,2018-12-09,Prius,38095.59,5.65,Completed
389081,3,2018-12-03,Sienna,57268.44,5.69,Completed
389082,17,2018-12-21,Camry,31841.54,4.51,Completed
389083,15,2018-12-04,Sienna,64113.72,4.86,Completed
389084,19,2018-12-18,Sienna,48664.62,5.48,Completed
389085,2,2018-12-09,Camry,35137.3,4.0,Completed
389086,2,2018-12-17,Sienna,44567.04,4.0,Cancelled
389087,6,2018-12-31,Tundra,40934.72,3.86,Completed
389088,8,2018-12-07,Tundra,60459.81,5.84,Completed
389089,5,2018-12-16,Tacoma,38954.67,5.34,Completed
389090,2,2018-12-12,Camry,34738.51,4.0,Completed
389091,8,2018-12-28,Tacoma,49146.09,5.84,Completed
389092,12,2018-12-09,Sienna,60438.26,5.65,Completed
389093,9,2018-12-12,Highlander,57829.03,4.4,Completed
389094,9,2018-12-18,RAV4,40838.26,4.4,Completed
389095,3,2018-12-24,Tacoma,57513.25,5.69,Cancelled
389096,10,2018-12-06,Corolla,26300.8,4.88,Completed
389097,6,2018-12-20,Highlander,51351.04,3.86,Completed
389098,3,2018-12-05,RAV4,54203.66,5.69,Completed
389099,5,2018-12-10,Highlander,61789.82,5.34,Completed
389100,13,2018-12-30,Sienna,59647.35,5.61,Completed
389101,14,2018-12-13,Corolla,30355.92,5.1,Completed
389102,12,2018-12-01,Sienna,58867.63,5.65,Completed
389103,8,2018-12-09,Tacoma,48828.3,5.84,Completed
389104,3,2018-12-29,Tacoma,57570.36,5.69,Completed
389105,6,2018-12-28,Prius,27284.59,3.86,Completed
389106,15,2018-12-19,RAV4,58853.9,4.86,Completed
389107,8,2018-12-01,Camry,48535.87,5.84,Completed
389108,16,2018-12-30,Corolla,33757.61,6.06,Completed
389109,3,2018-12-14,Tundra,59165.43,5.69,Completed
389110,13,2018-12-24,Tundra,59318.92,5.61,Completed
389111,19,2018-12-03,Tacoma,46992.51,5.48,Completed
389112,9,2018-12-16,Prius,28232.0,4.4,Completed
389113,17,2018-12-29,Prius,24739.68,4.51,Completed
389114,18,2018-12-13,Highlander,81405.48,5.68,Completed
389115,16,2018-12-09,Camry,43130.94,6.06,Completed
389116,7,2018-12-12,RAV4,59591.6,5.39,Completed
389117,5,2018-12-07,Tacoma,45215.53,5.34,Completed
389118,8,2018-12-24,Sienna,61368.23,5.84,Completed
389119,6,2018-12-12,Highlander,57759.21,3.86,Completed
389120,3,2018-12-30,Camry,47644.46,5.69,Completed
389121,17,2018-12-22,RAV4,37996.6,4.51,Completed
389122,4,2018-12-31,Prius,28422.16,3.81,Completed
389123,11,2018-12-08,Sienna,39840.94,4.16,Completed
389124,16,2018-12-26,Prius,38252.54,6.06,Completed
389125,10,2018-12-07,Highlander,62915.19,4.88,Completed
389126,15,2018-12-19,Prius,40186.7,4.86,Completed
389127,12,2018-12-07,Camry,48307.85,5.65,Completed
389128,3,2018-12-19,Highlander,77854.37,5.69,Completed
389129,20,2018-12-04,Tacoma,48006.0,5.77,Completed
389130,3,2018-12-08,Corolla,37468.14,5.69,Completed
389131,10,2018-12-29,Tundra,47374.8,4.88,Completed
389132,19,2018-12-27,Prius,32475.73,5.48,Completed
389133,11,2018-12-10,Camry,37233.87,4.16,Completed
389134,9,2018-12-24,Sienna,46411.02,4.4,Completed
389135,19,2018-12-04,Tacoma,47929.99,5.48,Completed
389136,19,2018-12-20,Sienna,51397.14,5.48,Completed
389137,14,2018-12-18,Corolla,35845.98,5.1,Completed
389138,15,2018-12-29,Camry,49931.03,4.86,Completed
389139,12,2018-12-27,Tundra,57475.49,5.65,Completed
389140,10,2018-12-12,Sienna,40917.84,4.88,Completed
389141,8,2018-12-30,Corolla,35993.76,5.84,Completed
389142,12,2018-12-09,Corolla,34127.22,5.65,Completed
389143,5,2018-12-20,Sienna,52856.15,5.34,Completed
389144,18,2018-12-08,Prius,44704.59,5.68,Pending
389145,8,2018-12-19,Sienna,58913.32,5.84,Completed
389146,10,2018-12-19,Tundra,48807.68,4.88,Completed
389147,3,2018-12-25,Sienna,62057.5,5.69,Completed
389148,14,2018-12-19,Highlander,76253.2,5.1,Completed
389149,20,2018-12-27,Corolla,32401.11,5.77,Completed
389150,4,2018-12-01,Corolla,25835.42,3.81,Completed
389151,13,2018-12-22,Tacoma,53118.89,5.61,Completed
389152,13,2018-12-29,Sienna,67019.48,5.61,Completed
389153,8,2018-12-30,Tundra,61576.33,5.84,Completed
389154,15,2018-12-12,Highlander,76570.0,4.86,Completed
389155,20,2018-12-10,Prius,42163.92,5.77,Completed
389156,3,2018-12-05,RAV4,55247.31,5.69,Completed
389157,19,2018-12-22,Highlander,59989.61,5.48,Completed
389158,18,2018-12-16,Prius,41180.46,5.68,Pending
389159,12,2018-12-14,Tacoma,54858.57,5.65,Completed
389160,13,2018-12-06,Sienna,64779.2,5.61,Completed
389161,8,2018-12-23,RAV4,49803.43,5.84,Completed
389162,20,2018-12-18,Prius,40438.82,5.77,Completed
389163,16,2018-12-04,Highlander,78438.43,6.06,Completed
389164,20,2018-12-11,Tundra,60393.9,5.77,Completed
389165,5,2018-12-14,Highlander,67071.73,5.34,Completed
389166,4,2018-12-09,Corolla,25910.08,3.81,Completed
389167,11,2018-12-25,Tundra,39492.05,4.16,Completed
389168,6,2018-12-09,Corolla,25154.27,3.86,Completed
389169,3,2018-12-14,Corolla,32103.54,5.69,Completed
389170,19,2018-12-15,RAV4,46869.51,5.48,Completed
389171,7,2018-12-22,Highlander,80983.05,5.39,Completed
389172,1,2018-12-23,Highlander,61572.13,5.24,Completed
389173,5,2018-12-16,RAV4,47455.61,5.34,Completed
389174,14,2018-12-20,Corolla,30844.87,5.1,Completed
389175,7,2018-12-05,RAV4,52822.04,5.39,Completed
389176,10,2018-12-24,Sienna,46819.08,4.88,Completed
389177,7,2018-12-17,RAV4,54098.18,5.39,Completed
389178,10,2018-12-03,Highlander,52491.28,4.88,Completed
389179,8,2018-12-28,Tacoma,45427.13,5.84,Completed
389180,10,2018-12-29,Corolla,26535.66,4.88,Completed
389181,17,2018-12-10,Prius,24646.97,4.51,Completed
389182,20,2018-12-02,Corolla,31741.14,5.77,Completed
389183,10,2018-12-21,Highlander,54199.18,4.88,Completed
389184,20,2018-12-09,Tacoma,51103.95,5.77,Completed
389185,6,2018-12-24,Sienna,39081.95,3.86,Completed
389186,3,2018-12-18,Tacoma,52364.23,5.69,Completed
389187,20,2018-12-16,Tundra,55914.13,5.77,Completed
389188,15,2018-12-21,Tundra,54202.6,4.86,Completed
389189,10,2018-12-13,Prius,26726.78,4.88,Completed
389190,17,2018-12-01,Tacoma,34971.24,4.51,Completed
389191,9,2018-12-31,Camry,34801.54,4.4,Completed
389192,5,2018-12-08,RAV4,44349.39,5.34,Completed
389193,9,2018-12-14,Tacoma,34519.2,4.4,Completed
389194,15,2018-12-22,Camry,43677.74,4.86,Completed
389195,19,2018-12-11,Corolla,28322.99,5.48,Pending
389196,20,2018-12-24,Highlander,83086.86,5.77,Completed
389197,9,2018-12-23,Tacoma,34887.87,4.4,Completed
389198,6,2018-12-31,Tundra,46108.82,3.86,Completed
389199,4,2018-12-06,RAV4,37275.5,3.81,Completed
389200,1,2018-12-10,Sienna,52533.36,5.24,Completed
389201,10,2018-12-31,Prius,31538.87,4.88,Completed
389202,15,2018-12-15,Highlander,69973.17,4.86,Completed
389203,2,2018-12-16,Corolla,23815.98,4.0,Completed
389204,1,2018-12-26,Tacoma,44024.93,5.24,Completed
389205,15,2018-12-25,RAV4,53988.04,4.86,Completed
389206,12,2018-12-15,Corolla,35426.69,5.65,Cancelled
389207,15,2018-12-19,Prius,37706.52,4.86,Completed
389208,3,2018-12-16,Sienna,62384.99,5.69,Completed
389209,13,2018-12-15,Prius,43604.4,5.61,Completed
389210,18,2018-12-14,RAV4,53651.4,5.68,Completed
389211,20,2018-12-27,RAV4,57408.24,5.77,Completed
389212,5,2018-12-23,Prius,29912.22,5.34,Completed
389213,11,2018-12-04,RAV4,40203.28,4.16,Completed
389214,17,2018-12-31,Tundra,39358.04,4.51,Completed
389215,18,2018-12-29,Highlander,79227.73,5.68,Completed
389216,11,2018-12-03,RAV4,38990.38,4.16,Completed
389217,19,2018-12-14,Highlander,70313.85,5.48,Completed
389218,1,2018-12-03,Tacoma,38299.18,5.24,Completed
389219,14,2018-12-23,Corolla,30292.79,5.1,Completed
389220,1,2018-12-20,Corolla,27257.87,5.24,Completed
389221,13,2018-12-23,Corolla,32576.35,5.61,Completed
389222,10,2018-12-15,Tundra,49105.42,4.88,Completed
389223,15,2018-12-01,Camry,47954.48,4.86,Completed
389224,18,2018-12-03,Tacoma,50075.48,5.68,Completed
389225,17,2018-12-06,Prius,26832.81,4.51,Completed
389226,19,2018-12-18,Corolla,31966.99,5.48,Pending
389227,11,2018-12-29,Corolla,25433.4,4.16,Completed
389228,1,2018-12-02,Highlander,62090.83,5.24,Completed
389229,13,2018-12-14,Prius,44259.89,5.61,Completed
389230,15,2018-12-24,RAV4,49731.29,4.86,Completed
389231,11,2018-12-10,RAV4,39078.65,4.16,Completed
389232,7,2018-12-05,Tacoma,47879.72,5.39,Completed
389233,20,2018-12-25,Tundra,55326.86,5.77,Completed
389234,6,2018-12-25,Camry,34112.59,3.86,Completed
389235,2,2018-12-09,Tundra,44758.42,4.0,Completed
389236,14,2018-12-04,Prius,33591.93,5.1,Completed
389237,14,2018-12-24,Tundra,56363.7,5.1,Completed
389238,13,2018-12-22,RAV4,54192.64,5.61,Completed
389239,9,2018-12-21,Camry,33222.63,4.4,Completed
389240,4,2018-12-04,Tacoma,34054.51,3.81,Completed
389241,5,2018-12-07,Camry,38523.67,5.34,Completed
389242,7,2018-12-26,Tacoma,55583.05,5.39,Completed
389243,4,2018-12-12,Sienna,38807.08,3.81,Pending
389244,2,2018-12-29,Highlander,58786.59,4.0,Completed
389245,20,2018-12-28,RAV4,51060.91,5.77,Completed
389246,13,2018-12-17,Sienna,58396.28,5.61,Completed
389247,14,2018-12-23,RAV4,55672.41,5.1,Completed
389248,7,2018-12-17,Prius,42962.68,5.39,Completed
389249,6,2018-12-04,Sienna,46118.52,3.86,Completed
389250,16,2018-12-16,RAV4,55220.76,6.06,Completed
389251,11,2018-12-29,Tundra,43262.13,4.16,Completed
389252,16,2018-12-11,Sienna,59564.86,6.06,Completed
389253,15,2018-12-03,Camry,50072.99,4.86,Completed
389254,10,2018-12-26,Sienna,42515.25,4.88,Completed
389255,20,2018-12-20,Camry,49975.64,5.77,Pending
389256,17,2018-12-16,Camry,30579.42,4.51,Completed
389257,4,2018-12-27,Prius,29299.64,3.81,Completed
389258,11,2018-12-28,Prius,27216.65,4.16,Completed
389259,16,2018-12-13,RAV4,51932.53,6.06,Completed
389260,12,2018-12-23,RAV4,55910.85,5.65,Completed
389261,11,2018-12-12,Highlander,60422.51,4.16,Completed
389262,7,2018-12-19,Prius,41434.99,5.39,Completed
389263,15,2018-12-20,Camry,48085.62,4.86,Completed
389264,1,2018-12-17,Sienna,54087.94,5.24,Pending
389265,4,2018-12-16,Tacoma,33268.97,3.81,Completed
389266,13,2018-12-02,Highlander,80901.18,5.61,Completed
389267,6,2018-12-08,Tacoma,37474.22,3.86,Completed
389268,4,2018-12-02,Sienna,45398.63,3.81,Completed
389269,13,2018-12-20,Camry,44735.36,5.61,Completed
389270,2,2018-12-04,Sienna,46178.66,4.0,Completed
389271,19,2018-12-21,Tundra,51231.08,5.48,Cancelled
389272,18,2018-12-28,Highlander,90142.18,5.68,Completed
389273,17,2018-12-02,RAV4,35956.75,4.51,Completed
389274,20,2018-12-27,RAV4,57486.83,5.77,Completed
389275,3,2018-12-01,Highlander,85687.88,5.69,Completed
389276,20,2018-12-25,Tundra,61164.85,5.77,Completed
389277,14,2018-12-11,Tundra,61325.39,5.1,Completed
389278,9,2018-12-12,Sienna,43566.71,4.4,Completed
389279,17,2018-12-11,Tundra,41909.97,4.51,Completed
389280,5,2018-12-19,RAV4,49382.75,5.34,Completed
389281,20,2018-12-12,Highlander,70388.47,5.77,Completed
389282,4,2018-12-21,RAV4,38954.47,3.81,Completed
389283,2,2018-12-31,Corolla,28418.24,4.0,Completed
389284,17,2018-12-12,Tundra,44783.48,4.51,Completed
389285,4,2018-12-09,Tundra,42848.07,3.81,Completed
389286,5,2018-12-20,Camry,37401.56,5.34,Completed
389287,18,2018-12-19,Highlander,85074.61,5.68,Completed
389288,17,2018-12-31,Highlander,57164.87,4.51,Completed
389289,1,2018-12-01,Tacoma,38178.42,5.24,Completed
389290,4,2018-12-16,Highlander,54047.86,3.81,Completed
389291,3,2018-12-15,Highlander,84353.63,5.69,Completed
389292,13,2018-12-14,RAV4,60330.16,5.61,Completed
389293,4,2018-12-01,Corolla,25751.13,3.81,Completed
389294,15,2018-12-18,Corolla,33180.78,4.86,Completed
389295,2,2018-12-28,Corolla,25796.26,4.0,Completed
389296,2,2018-12-05,Prius,26811.31,4.0,Completed
389297,16,2018-12-06,Corolla,32643.72,6.06,Completed
389298,4,2018-12-08,Camry,30754.26,3.81,Completed
389299,8,2018-12-13,Corolla,32885.83,5.84,Completed
389300,14,2018-12-10,Prius,34604.13,5.1,Completed
389301,4,2018-12-09,Sienna,37950.65,3.81,Completed
389302,15,2018-12-03,Prius,34778.84,4.86,Completed
389303,9,2018-12-28,Highlander,60186.78,4.4,Completed
389304,16,2018-12-08,Tundra,61681.83,6.06,Completed
389305,10,2018-12-14,Prius,26848.49,4.88,Completed
389306,20,2018-12-17,Camry,50292.7,5.77,Completed
389307,19,2018-12-07,Corolla,29112.55,5.48,Completed
389308,9,2018-12-13,RAV4,36609.44,4.4,Completed
389309,5,2018-12-24,Sienna,50582.55,5.34,Completed
389310,7,2018-12-11,Highlander,77205.91,5.39,Completed
389311,19,2018-12-02,Camry,39758.33,5.48,Completed
389312,11,2018-12-04,Tacoma,36186.96,4.16,Pending
389313,7,2018-12-13,Camry,43417.7,5.39,Completed
389314,10,2018-12-06,Tundra,48702.48,4.88,Completed
389315,11,2018-12-17,Corolla,22730.36,4.16,Completed
389316,12,2018-12-18,Tacoma,49838.0,5.65,Completed
389317,18,2018-12-05,Tundra,64972.44,5.68,Completed
389318,3,2018-12-27,Tundra,66950.29,5.69,Completed
389319,13,2018-12-28,Corolla,35319.2,5.61,Completed
389320,18,2018-12-11,Corolla,38329.08,5.68,Completed
389321,2,2018-12-17,Tundra,44321.12,4.0,Completed
389322,12,2018-12-15,Sienna,56212.5,5.65,Completed
389323,20,2018-12-26,Tacoma,53417.67,5.77,Completed
389324,1,2018-12-07,Tundra,46371.8,5.24,Completed
389325,18,2018-12-20,Tacoma,52933.55,5.68,Completed
389326,13,2018-12-02,Highlander,73945.02,5.61,Completed
389327,4,2018-12-21,Prius,27100.24,3.81,Completed
389328,16,2018-12-06,RAV4,55792.91,6.06,Completed
389329,14,2018-12-31,Corolla,33318.62,5.1,Completed
389330,2,2018-12-05,Tacoma,39447.23,4.0,Completed
389331,7,2018-12-25,Prius,43189.8,5.39,Completed
389332,1,2018-12-13,Highlander,67940.28,5.24,Completed
389333,7,2018-12-13,Tacoma,46748.33,5.39,Completed
389334,19,2018-12-07,Prius,37106.46,5.48,Completed
389335,7,2018-12-04,Corolla,36111.99,5.39,Completed
389336,12,2018-12-30,Highlander,76254.94,5.65,Completed
389337,19,2018-12-21,Tacoma,44692.73,5.48,Completed
389338,12,2018-12-09,Sienna,61084.73,5.65,Completed
389339,14,2018-12-08,Tacoma,51342.84,5.1,Completed
389340,11,2018-12-25,Corolla,23713.8,4.16,Completed
389341,1,2018-12-23,Prius,30831.6,5.24,Completed
389342,14,2018-12-25,RAV4,50425.5,5.1,Completed
389343,6,2018-12-12,Sienna,43922.86,3.86,Completed
389344,6,2018-12-01,RAV4,41789.16,3.86,Completed
389345,16,2018-12-22,Sienna,55389.58,6.06,Completed
389346,11,2018-12-07,Highlander,56839.14,4.16,Completed
389347,10,2018-12-10,Tacoma,37592.46,4.88,Completed
389348,9,2018-12-04,Sienna,40057.11,4.4,Completed
389349,13,2018-12-09,Tundra,63330.92,5.61,Completed
389350,14,2018-12-22,Tundra,59319.67,5.1,Completed
389351,15,2018-12-20,Tundra,57760.92,4.86,Completed
389352,3,2018-12-25,Corolla,37095.77,5.69,Completed
389353,17,2018-12-21,RAV4,37458.43,4.51,Completed
389354,5,2018-12-05,Camry,37692.83,5.34,Completed
389355,8,2018-12-30,Highlander,76389.22,5.84,Completed
389356,13,2018-12-09,Highlander,84975.17,5.61,Completed
389357,20,2018-12-08,Camry,50180.9,5.77,Completed
389358,2,2018-12-12,Tacoma,40168.75,4.0,Completed
389359,4,2018-12-27,Highlander,51069.64,3.81,Completed
389360,3,2018-12-30,Sienna,67641.77,5.69,Pending
389361,8,2018-12-10,RAV4,55213.1,5.84,Completed
389362,13,2018-12-11,Highlander,84208.24,5.61,Completed
389363,20,2018-12-13,Camry,47659.11,5.77,Completed
389364,10,2018-12-21,Sienna,42383.58,4.88,Completed
389365,17,2018-12-11,RAV4,36467.49,4.51,Completed
389366,11,2018-12-14,Corolla,25594.66,4.16,Cancelled
389367,19,2018-12-24,Tacoma,46115.3,5.48,Completed
389368,6,2018-12-31,Prius,29998.91,3.86,Completed
389369,16,2018-12-09,Prius,39356.64,6.06,Completed
389370,6,2018-12-26,Corolla,25677.54,3.86,Pending
389371,14,2018-12-04,Tacoma,49451.51,5.1,Completed
389372,19,2018-12-18,Prius,31210.16,5.48,Completed
389373,3,2018-12-06,Highlander,82184.62,5.69,Completed
389374,6,2018-12-07,Tacoma,34751.27,3.86,Completed
389375,4,2018-12-23,Highlander,53455.17,3.81,Completed
389376,2,2018-12-21,Prius,31198.95,4.0,Completed
389377,19,2018-12-01,Camry,42515.96,5.48,Completed
389378,18,2018-12-15,Tacoma,58006.91,5.68,Completed
389379,6,2018-12-08,Prius,30166.23,3.86,Completed
389380,13,2018-12-03,Tundra,67546.02,5.61,Completed
389381,1,2018-12-27,Prius,29880.33,5.24,Pending
389382,11,2018-12-10,Tacoma,39251.53,4.16,Completed
389383,16,2018-12-30,Tundra,63280.03,6.06,Completed
389384,9,2018-12-23,Sienna,47618.39,4.4,Completed
389385,11,2018-12-18,Camry,35894.76,4.16,Completed
389386,7,2018-12-03,Corolla,35775.02,5.39,Completed
389387,6,2018-12-22,Highlander,48800.81,3.86,Completed
389388,4,2018-12-28,Highlander,49596.77,3.81,Completed
389389,12,2018-12-07,Tundra,56308.77,5.65,Completed
389390,4,2018-12-05,RAV4,35838.1,3.81,Completed
389391,19,2018-12-28,Tundra,55534.44,5.48,Completed
389392,3,2018-12-22,Camry,44875.42,5.69,Completed
389393,10,2018-12-24,Corolla,26377.8,4.88,Pending
389394,3,2018-12-22,Highlander,86252.54,5.69,Completed
389395,3,2018-12-12,Sienna,65755.4,5.69,Completed
389396,19,2018-12-13,Corolla,29204.95,5.48,Completed
389397,14,2018-12-02,Highlander,70836.27,5.1,Completed
389398,6,2018-12-25,Prius,29057.14,3.86,Completed
389399,6,2018-12-20,Tacoma,36472.84,3.86,Completed
389400,3,2018-12-21,Camry,46294.5,5.69,Completed
389401,14,2018-12-17,Prius,35340.11,5.1,Completed
389402,8,2018-12-20,Tacoma,48866.08,5.84,Completed
389403,8,2018-12-15,Corolla,33814.33,5.84,Completed
389404,9,2018-12-04,Highlander,58278.2,4.4,Completed
389405,7,2018-12-28,Camry,44024.79,5.39,Completed
389406,9,2018-12-05,Highlander,54212.02,4.4,Completed
389407,13,2018-12-22,Camry,45491.39,5.61,Completed
389408,6,2018-12-16,Prius,28051.54,3.86,Completed
389409,8,2018-12-28,Sienna,65163.45,5.84,Completed
389410,13,2018-12-02,RAV4,55624.07,5.61,Completed
389411,10,2018-12-25,Tacoma,36540.1,4.88,Completed
389412,7,2018-12-14,Camry,50344.86,5.39,Pending
389413,18,2018-12-26,RAV4,60255.38,5.68,Completed
389414,8,2018-12-25,RAV4,57147.89,5.84,Completed
389415,6,2018-12-28,RAV4,37477.78,3.86,Pending
389416,9,2018-12-11,Prius,28286.0,4.4,Completed
389417,20,2018-12-02,RAV4,53033.9,5.77,Completed
389418,18,2018-12-11,RAV4,60783.11,5.68,Completed
389419,17,2018-12-01,Highlander,48483.38,4.51,Completed
389420,5,2018-12-09,Tacoma,43055.16,5.34,Completed
389421,9,2018-12-18,RAV4,36045.14,4.4,Completed
389422,1,2018-12-16,Tacoma,37951.79,5.24,Completed
389423,10,2018-12-01,Sienna,49114.56,4.88,Completed
389424,8,2018-12-06,Camry,48662.58,5.84,Completed
389425,16,2018-12-12,Prius,41802.92,6.06,Cancelled
389426,12,2018-12-23,Tacoma,49731.8,5.65,Completed
389427,9,2018-12-19,Tacoma,34624.24,4.4,Completed
389428,20,2018-12-29,Tacoma,54016.43,5.77,Completed
389429,19,2018-12-08,RAV4,50117.36,5.48,Completed
389430,18,2018-12-28,Prius,41696.37,5.68,Completed
389431,18,2018-12-17,Camry,46891.35,5.68,Cancelled
389432,16,2018-12-17,Tundra,60949.51,6.06,Completed
389433,15,2018-12-24,Sienna,60467.45,4.86,Completed
389434,11,2018-12-30,Sienna,39766.94,4.16,Completed
389435,12,2018-12-28,RAV4,51708.41,5.65,Completed
389436,16,2018-12-21,Prius,39939.42,6.06,Completed
389437,2,2018-12-26,RAV4,44692.21,4.0,Completed
389438,14,2018-12-23,Tacoma,49926.62,5.1,Completed
389439,12,2018-12-21,Corolla,32954.88,5.65,Completed
389440,1,2018-12-21,Camry,36929.51,5.24,Completed
389441,4,2018-12-23,Tacoma,36745.25,3.81,Completed
389442,11,2018-12-27,Sienna,46844.24,4.16,Completed
389443,6,2018-12-18,Corolla,26258.69,3.86,Completed
389444,12,2018-12-19,RAV4,51017.73,5.65,Completed
389445,17,2018-12-05,RAV4,41094.83,4.51,Completed
389446,11,2018-12-18,Tundra,40250.82,4.16,Completed
389447,1,2018-12-16,Prius,31033.37,5.24,Completed
389448,7,2018-12-07,Highlander,81759.74,5.39,Completed
389449,9,2018-12-16,Tundra,41763.16,4.4,Cancelled
389450,5,2018-12-19,Camry,40887.75,5.34,Completed
389451,11,2018-12-27,Tacoma,38889.43,4.16,Completed
389452,16,2018-12-07,Tundra,55843.09,6.06,Completed
389453,8,2018-12-18,Sienna,57806.52,5.84,Completed
389454,18,2018-12-18,RAV4,57855.46,5.68,Completed
389455,20,2018-12-20,Camry,46494.97,5.77,Completed
389456,19,2018-12-23,Highlander,63043.96,5.48,Completed
389457,19,2018-12-15,Highlander,72509.32,5.48,Completed
389458,13,2018-12-02,Sienna,68471.0,5.61,Completed
389459,9,2018-12-11,Camry,36433.87,4.4,Completed
389460,12,2018-12-18,Prius,41395.83,5.65,Completed
389461,1,2018-12-01,Prius,35764.66,5.24,Completed
389462,16,2018-12-21,Corolla,38614.31,6.06,Completed
389463,15,2018-12-23,Tundra,55028.84,4.86,Completed
389464,1,2018-12-17,Prius,31379.13,5.24,Pending
389465,13,2018-12-15,Sienna,68482.68,5.61,Completed
389466,3,2018-12-22,Prius,43774.64,5.69,Completed
389467,4,2018-12-17,Tacoma,34924.96,3.81,Completed
389468,8,2018-12-22,Prius,41115.14,5.84,Completed
389469,10,2018-12-17,Corolla,26822.4,4.88,Completed
389470,10,2018-12-25,Sienna,44966.03,4.88,Completed
389471,11,2018-12-10,Prius,27666.78,4.16,Completed
389472,6,2018-12-28,RAV4,38900.03,3.86,Completed
389473,8,2018-12-09,Camry,50214.27,5.84,Completed
389474,17,2018-12-05,RAV4,34713.56,4.51,Completed
389475,2,2018-12-08,Corolla,24801.32,4.0,Completed
389476,5,2018-12-15,Sienna,52534.24,5.34,Completed
389477,13,2018-12-27,Corolla,33537.34,5.61,Completed
389478,11,2018-12-15,Camry,33042.49,4.16,Cancelled
389479,8,2018-12-01,RAV4,57454.76,5.84,Completed
389480,16,2018-12-27,Tacoma,50295.62,6.06,Completed
389481,3,2018-12-27,Tundra,66849.61,5.69,Completed
389482,20,2018-12-02,Corolla,33099.16,5.77,Completed
389483,13,2018-12-02,Sienna,66217.62,5.61,Completed
389484,4,2018-12-17,Tundra,38176.5,3.81,Completed
389485,11,2018-12-07,Tundra,47259.4,4.16,Completed
389486,20,2018-12-01,Camry,46319.55,5.77,Completed
389487,13,2018-12-27,Corolla,36917.3,5.61,Completed
389488,14,2018-12-09,RAV4,50290.47,5.1,Completed
389489,3,2018-12-18,Prius,41548.54,5.69,Completed
389490,2,2018-12-29,Corolla,24531.11,4.0,Completed
389491,5,2018-12-14,RAV4,42321.77,5.34,Completed
389492,16,2018-12-01,Highlander,80733.87,6.06,Pending
389493,7,2018-12-13,Tundra,64764.82,5.39,Completed
389494,17,2018-12-02,Prius,29762.57,4.51,Completed
389495,6,2018-12-29,Sienna,46271.62,3.86,Completed
389496,4,2018-12-08,Prius,24460.45,3.81,Completed
389497,18,2018-12-31,Camry,53700.87,5.68,Completed
389498,14,2018-12-12,Corolla,31818.23,5.1,Completed
389499,4,2018-12-23,Corolla,23134.16,3.81,Completed
389500,6,2018-12-20,Highlander,56020.75,3.86,Completed
389501,3,2018-12-17,Camry,45460.81,5.69,Completed
389502,1,2018-12-06,Camry,37046.22,5.24,Completed
389503,9,2018-12-09,Tundra,43908.26,4.4,Completed
389504,19,2018-12-22,Corolla,28059.42,5.48,Completed
389505,10,2018-12-08,Camry,33939.26,4.88,Completed
389506,11,2018-12-16,Camry,33792.48,4.16,Completed
389507,5,2018-12-30,Tacoma,39952.4,5.34,Completed
389508,16,2018-12-15,Camry,49324.85,6.06,Completed
389509,15,2018-12-01,Tundra,55712.06,4.86,Completed
389510,9,2018-12-02,Highlander,58017.7,4.4,Completed
389511,17,2018-12-30,Sienna,43248.08,4.51,Completed
389512,9,2018-12-15,Camry,32468.3,4.4,Completed
389513,3,2018-12-24,Tacoma,51007.36,5.69,Completed
389514,12,2018-12-27,Highlander,72312.44,5.65,Completed
389515,15,2018-12-25,Prius,38776.01,4.86,Completed
389516,17,2018-12-09,Tundra,44803.04,4.51,Completed
389517,8,2018-12-31,RAV4,57813.07,5.84,Completed
389518,9,2018-12-30,Tundra,40410.03,4.4,Completed
389519,17,2018-12-30,Tundra,41086.9,4.51,Completed
389520,18,2018-12-08,Corolla,39260.75,5.68,Pending
389521,16,2018-12-27,Camry,49445.72,6.06,Completed
389522,1,2018-12-22,Corolla,27132.95,5.24,Completed
389523,1,2018-12-09,Sienna,53866.71,5.24,Completed
389524,8,2018-12-06,RAV4,50723.09,5.84,Completed
389525,18,2018-12-07,Sienna,59007.48,5.68,Completed
389526,1,2018-12-06,Tundra,51688.87,5.24,Completed
389527,2,2018-12-07,Tundra,43908.05,4.0,Completed
389528,4,2018-12-16,Prius,26522.85,3.81,Completed
389529,10,2018-12-13,Sienna,49023.88,4.88,Completed
389530,5,2018-12-24,Camry,41893.37,5.34,Completed
389531,12,2018-12-16,Camry,41957.41,5.65,Completed
389532,19,2018-12-22,Highlander,67267.45,5.48,Completed
389533,14,2018-12-05,RAV4,54993.41,5.1,Completed
389534,10,2018-12-28,Prius,30569.8,4.88,Completed
389535,1,2018-12-14,Corolla,27080.17,5.24,Completed
389536,12,2018-12-30,Camry,50612.35,5.65,Completed
389537,2,2018-12-31,Prius,31602.03,4.0,Completed
389538,17,2018-12-07,Sienna,45409.69,4.51,Completed
389539,2,2018-12-12,Highlander,56428.38,4.0,Completed
389540,14,2018-12-16,Tundra,61927.67,5.1,Completed
389541,3,2018-12-16,RAV4,61868.76,5.69,Completed
389542,6,2018-12-21,RAV4,41638.24,3.86,Completed
389543,3,2018-12-02,Sienna,60576.89,5.69,Completed
389544,16,2018-12-30,Corolla,37356.89,6.06,Completed
389545,3,2018-12-13,Tacoma,50425.47,5.69,Completed
389546,16,2018-12-28,RAV4,55006.44,6.06,Completed
389547,11,2018-12-07,Camry,33920.66,4.16,Completed
389548,10,2018-12-26,Prius,26504.17,4.88,Completed
389549,16,2018-12-31,Prius,40765.8,6.06,Cancelled
389550,12,2018-12-07,RAV4,57694.29,5.65,Completed
389551,13,2018-12-24,Sienna,61656.21,5.61,Completed
389552,6,2018-12-09,RAV4,36295.17,3.86,Completed
389553,6,2018-12-10,Tundra,45824.06,3.86,Completed
389554,6,2018-12-10,Sienna,44425.31,3.86,Completed
389555,15,2018-12-22,Prius,35573.96,4.86,Completed
389556,2,2018-12-03,Tundra,48580.51,4.0,Completed
389557,4,2018-12-06,Tundra,38479.06,3.81,Completed
389558,10,2018-12-13,Tacoma,41322.0,4.88,Completed
389559,1,2018-12-08,Tundra,51757.37,5.24,Completed
389560,17,2018-12-07,Highlander,53466.3,4.51,Pending
389561,9,2018-12-10,Sienna,46608.35,4.4,Completed
389562,12,2018-12-25,RAV4,55843.39,5.65,Completed
389563,8,2018-12-24,Camry,44133.85,5.84,Completed
389564,18,2018-12-19,Camry,49914.17,5.68,Completed
389565,2,2018-12-26,Tundra,46547.07,4.0,Completed
389566,4,2018-12-23,Tacoma,31533.65,3.81,Completed
389567,9,2018-12-07,Sienna,41403.44,4.4,Completed
389568,20,2018-12-18,Tundra,57196.07,5.77,Completed
389569,11,2018-12-03,Tundra,42613.22,4.16,Completed
389570,4,2018-12-01,Highlander,51802.19,3.81,Completed
389571,5,2018-12-29,Tacoma,42024.73,5.34,Completed
389572,13,2018-12-23,Highlander,73980.24,5.61,Completed
389573,19,2018-12-18,Tacoma,40786.68,5.48,Completed
389574,17,2018-12-11,Sienna,40281.1,4.51,Completed
389575,1,2018-12-03,Corolla,27841.36,5.24,Completed
389576,13,2018-12-05,Corolla,37242.45,5.61,Completed
389577,7,2018-12-27,Tacoma,53317.2,5.39,Completed
389578,13,2018-12-31,Corolla,38839.12,5.61,Completed
389579,13,2018-12-16,Tacoma,49465.51,5.61,Completed
389580,15,2018-12-07,Corolla,33001.48,4.86,Completed
389581,5,2018-12-11,Tundra,54159.56,5.34,Completed
389582,9,2018-12-22,RAV4,39906.06,4.4,Completed
389583,4,2018-12-15,Corolla,22372.79,3.81,Cancelled
389584,8,2018-12-03,RAV4,52431.35,5.84,Completed
389585,14,2018-12-11,Tacoma,51590.46,5.1,Completed
389586,1,2018-12-18,RAV4,45633.99,5.24,Completed
389587,8,2018-12-12,Camry,47844.9,5.84,Completed
389588,16,2018-12-30,Highlander,79327.14,6.06,Completed
389589,19,2018-12-17,Prius,36642.94,5.48,Completed
389590,9,2018-12-01,Camry,36858.5,4.4,Completed
389591,7,2018-12-07,Highlander,73938.43,5.39,Completed
389592,1,2018-12-31,Corolla,25833.15,5.24,Completed
389593,6,2018-12-05,Camry,34051.67,3.86,Cancelled
389594,16,2018-12-20,Tacoma,56202.69,6.06,Completed
389595,7,2018-12-13,Prius,39059.72,5.39,Completed
389596,20,2018-12-04,Camry,45142.7,5.77,Completed
389597,20,2018-12-12,Tundra,59193.86,5.77,Completed
389598,13,2018-12-05,Highlander,76184.32,5.61,Completed
389599,5,2018-12-10,Corolla,29635.36,5.34,Completed
389600,6,2018-12-14,Sienna,42031.71,3.86,Completed
389601,3,2018-12-24,Corolla,32274.26,5.69,Completed
389602,10,2018-12-09,Sienna,42888.62,4.88,Completed
389603,5,2018-12-17,Tacoma,44979.4,5.34,Completed
389604,19,2018-12-08,Corolla,30007.68,5.48,Completed
389605,4,2018-12-17,Highlander,50121.06,3.81,Completed
389606,15,2018-12-04,Camry,46771.74,4.86,Completed
389607,3,2018-12-31,Tacoma,49425.67,5.69,Completed
389608,9,2018-12-24,Prius,26938.81,4.4,Cancelled
389609,8,2018-12-20,RAV4,51434.44,5.84,Completed
389610,6,2018-12-22,Tacoma,34092.64,3.86,Completed
389611,5,2018-12-02,Corolla,30860.48,5.34,Completed
389612,14,2018-12-16,Prius,37644.9,5.1,Completed
389613,16,2018-12-17,Highlander,75922.15,6.06,Completed
389614,7,2018-12-11,Highlander,72867.38,5.39,Completed
389615,1,2018-12-20,Camry,42520.91,5.24,Completed
389616,3,2018-12-29,Camry,49365.81,5.69,Completed
389617,9,2018-12-19,Camry,37024.16,4.4,Completed
389618,4,2018-12-29,Prius,27940.83,3.81,Completed
389619,1,2018-12-01,Corolla,29067.74,5.24,Completed
389620,10,2018-12-05,Camry,33484.42,4.88,Completed
389621,13,2018-12-20,Highlander,84885.0,5.61,Completed
389622,16,2018-12-03,Sienna,57111.1,6.06,Completed
389623,20,2018-12-03,Prius,38142.28,5.77,Completed
389624,2,2018-12-13,Corolla,26927.61,4.0,Completed
389625,5,2018-12-19,Highlander,68467.48,5.34,Completed
389626,14,2018-12-27,RAV4,47589.14,5.1,Completed
389627,1,2018-12-15,Tundra,45118.71,5.24,Completed
389628,4,2018-12-11,Tundra,37484.43,3.81,Completed
389629,15,2018-12-17,Highlander,78906.91,4.86,Cancelled
389630,2,2018-12-03,RAV4,41992.16,4.0,Completed
389631,1,2018-12-03,Tacoma,42594.55,5.24,Completed
389632,20,2018-12-29,Tacoma,49036.26,5.77,Completed
389633,2,2018-12-10,Tacoma,40770.78,4.0,Completed
389634,20,2018-12-10,Camry,44184.03,5.77,Completed
389635,13,2018-12-13,Sienna,65272.99,5.61,Completed
389636,8,2018-12-04,Corolla,36734.01,5.84,Completed
389637,9,2018-12-20,Highlander,52086.34,4.4,Completed
389638,16,2018-12-14,Corolla,38328.58,6.06,Completed
389639,12,2018-12-13,Prius,38639.68,5.65,Completed
389640,7,2018-12-09,Prius,40870.26,5.39,Completed
389641,15,2018-12-18,Tundra,58053.51,4.86,Completed
389642,8,2018-12-23,RAV4,51523.1,5.84,Completed
389643,18,2018-12-22,Sienna,66610.0,5.68,Completed
389644,1,2018-12-28,Camry,38575.3,5.24,Completed
389645,9,2018-12-08,Tacoma,40229.41,4.4,Completed
389646,1,2018-12-25,Tundra,49572.49,5.24,Pending
389647,9,2018-12-12,Prius,30279.73,4.4,Completed
389648,9,2018-12-23,RAV4,41445.24,4.4,Completed
389649,17,2018-12-23,RAV4,41301.83,4.51,Completed
389650,17,2018-12-06,Corolla,24591.15,4.51,Completed
389651,18,2018-12-23,Sienna,58502.64,5.68,Completed
389652,8,2018-12-28,Tacoma,52762.18,5.84,Completed
389653,1,2018-12-22,Prius,31467.35,5.24,Completed
389654,20,2018-12-17,Tundra,64735.71,5.77,Completed
389655,14,2018-12-23,Prius,34840.53,5.1,Completed
389656,9,2018-12-15,Tundra,41924.34,4.4,Completed
389657,3,2018-12-16,Tundra,64687.23,5.69,Completed
389658,17,2018-12-13,Prius,27293.92,4.51,Completed
389659,14,2018-12-23,RAV4,48284.21,5.1,Completed
389660,19,2018-12-10,Tundra,51095.98,5.48,Completed
389661,15,2018-12-13,Tacoma,53065.38,4.86,Completed
389662,11,2018-12-01,Tundra,47098.24,4.16,Completed
389663,10,2018-12-23,Tundra,49073.04,4.88,Completed
389664,3,2018-12-11,Camry,49084.3,5.69,Completed
389665,17,2018-12-23,Camry,35385.18,4.51,Completed
389666,11,2018-12-09,Camry,35603.22,4.16,Completed
389667,11,2018-12-03,Corolla,24452.32,4.16,Completed
389668,6,2018-12-08,RAV4,37549.14,3.86,Completed
389669,17,2018-12-06,Tacoma,36104.34,4.51,Completed
389670,12,2018-12-26,Highlander,71745.96,5.65,Completed
389671,17,2018-12-12,Corolla,24172.38,4.51,Completed
389672,16,2018-12-25,Prius,40923.11,6.06,Completed
389673,3,2018-12-06,Sienna,60684.98,5.69,Cancelled
389674,2,2018-12-06,Highlander,62189.7,4.0,Completed
389675,15,2018-12-31,Sienna,58048.16,4.86,Completed
389676,3,2018-12-03,Camry,46538.84,5.69,Completed
389677,17,2018-12-26,Corolla,25070.59,4.51,Completed
389678,3,2018-12-06,Corolla,35666.44,5.69,Completed
389679,18,2018-12-08,RAV4,55592.58,5.68,Completed
389680,9,2018-12-28,RAV4,41590.68,4.4,Completed
389681,7,2018-12-17,Highlander,70413.68,5.39,Completed
389682,5,2018-12-11,Prius,32582.04,5.34,Completed
389683,13,2018-12-02,RAV4,54512.93,5.61,Completed
389684,16,2018-12-04,Tacoma,47283.22,6.06,Completed
389685,3,2018-12-14,Highlander,71794.63,5.69,Completed
389686,13,2018-12-17,RAV4,51705.3,5.61,Completed
389687,6,2018-12-15,Tacoma,37551.4,3.86,Completed
389688,7,2018-12-05,RAV4,60344.13,5.39,Completed
389689,5,2018-12-11,Sienna,51814.06,5.34,Pending
389690,18,2018-12-21,Tacoma,55343.51,5.68,Completed
389691,20,2018-12-25,Camry,45668.84,5.77,Completed
389692,7,2018-12-11,Camry,44831.79,5.39,Completed
389693,10,2018-12-02,Sienna,45836.62,4.88,Completed
389694,19,2018-12-27,RAV4,50658.73,5.48,Completed
389695,6,2018-12-08,Sienna,43399.62,3.86,Completed
389696,7,2018-12-26,Sienna,64626.01,5.39,Completed
389697,7,2018-12-10,Sienna,63112.76,5.39,Completed
389698,15,2018-12-23,Corolla,31948.39,4.86,Completed
389699,7,2018-12-14,Camry,52186.63,5.39,Completed
389700,10,2018-12-23,Sienna,41159.72,4.88,Completed
389701,12,2018-12-06,Camry,43801.93,5.65,Pending
389702,10,2018-12-25,Tacoma,38013.86,4.88,Completed
389703,16,2018-12-06,Prius,36515.71,6.06,Completed
389704,4,2018-12-21,Tundra,42167.48,3.81,Completed
389705,3,2018-12-05,Prius,39332.04,5.69,Completed
389706,9,2018-12-19,RAV4,38914.41,4.4,Completed
389707,15,2018-12-16,Corolla,33495.76,4.86,Completed
389708,19,2018-12-05,Prius,33484.11,5.48,Completed
389709,7,2018-12-19,Highlander,70506.58,5.39,Completed
389710,2,2018-12-12,Tacoma,34956.05,4.0,Completed
389711,16,2018-12-14,RAV4,52366.54,6.06,Completed
389712,7,2018-12-23,Highlander,77390.21,5.39,Completed
389713,10,2018-12-18,Corolla,23207.69,4.88,Completed
389714,12,2018-12-19,Corolla,32242.21,5.65,Completed
389715,4,2018-12-28,Corolla,24394.01,3.81,Completed
389716,10,2018-12-01,Sienna,47970.13,4.88,Completed
389717,16,2018-12-16,Highlander,77217.66,6.06,Completed
389718,5,2018-12-31,Prius,34772.99,5.34,Completed
389719,13,2018-12-01,Highlander,73895.45,5.61,Completed
389720,4,2018-12-08,RAV4,39859.93,3.81,Completed
389721,17,2018-12-10,RAV4,35529.82,4.51,Completed
389722,8,2018-12-09,Tundra,58355.59,5.84,Completed
389723,19,2018-12-17,Corolla,29485.04,5.48,Completed
389724,13,2018-12-13,Highlander,75536.89,5.61,Completed
389725,14,2018-12-17,Tacoma,49197.36,5.1,Completed
389726,9,2018-12-20,Prius,27664.81,4.4,Completed
389727,9,2018-12-13,RAV4,43107.19,4.4,Completed
389728,17,2018-12-07,Camry,34233.43,4.51,Completed
389729,13,2018-12-09,Camry,50408.09,5.61,Completed
389730,6,2018-12-18,RAV4,36154.67,3.86,Completed
389731,5,2018-12-25,Prius,29777.64,5.34,Completed
389732,7,2018-12-18,Sienna,61892.74,5.39,Completed
389733,3,2018-12-22,Tundra,60184.48,5.69,Completed
389734,19,2018-12-11,Highlander,64839.49,5.48,Completed
389735,18,2018-12-30,Tacoma,51366.99,5.68,Completed
389736,11,2018-12-07,Sienna,42002.7,4.16,Completed
389737,18,2018-12-16,Corolla,36661.73,5.68,Completed
389738,4,2018-12-23,Prius,25036.68,3.81,Completed
389739,5,2018-12-12,RAV4,46294.68,5.34,Completed
389740,6,2018-12-28,Tacoma,35278.04,3.86,Completed
389741,3,2018-12-15,Tundra,59297.5,5.69,Completed
389742,9,2018-12-30,Corolla,23016.08,4.4,Completed
389743,20,2018-12-28,RAV4,57167.4,5.77,Completed
389744,17,2018-12-26,Sienna,43147.1,4.51,Completed
389745,9,2018-12-09,Prius,28345.92,4.4,Completed
389746,7,2018-12-11,Camry,44601.58,5.39,Completed
389747,15,2018-12-11,Highlander,78734.26,4.86,Completed
389748,13,2018-12-11,RAV4,52788.75,5.61,Cancelled
389749,19,2018-12-11,Tacoma,41170.92,5.48,Completed
389750,20,2018-12-08,Tundra,65558.06,5.77,Completed
389751,18,2018-12-10,Highlander,86587.76,5.68,Completed
389752,15,2018-12-26,Corolla,34625.65,4.86,Completed
389753,4,2018-12-14,Camry,32702.86,3.81,Completed
389754,20,2018-12-11,Tacoma,45931.33,5.77,Completed
389755,5,2018-12-13,RAV4,44328.71,5.34,Completed
389756,16,2018-12-06,Camry,50227.43,6.06,Completed
389757,13,2018-12-14,RAV4,54021.14,5.61,Completed
389758,20,2018-12-26,Tacoma,47156.55,5.77,Completed
389759,9,2018-12-23,Highlander,54982.64,4.4,Completed
389760,19,2018-12-01,Camry,39045.28,5.48,Completed
389761,16,2018-12-04,Corolla,35616.65,6.06,Completed
389762,12,2018-12-15,Tundra,58406.51,5.65,Completed
389763,6,2018-12-05,RAV4,37157.96,3.86,Completed
389764,20,2018-12-11,RAV4,53962.5,5.77,Completed
389765,3,2018-12-08,Camry,49004.92,5.69,Completed
389766,3,2018-12-03,Sienna,61544.48,5.69,Cancelled
389767,11,2018-12-07,Camry,34041.64,4.16,Completed
389768,19,2018-12-19,Prius,31462.06,5.48,Completed
389769,17,2018-12-02,Sienna,40506.18,4.51,Completed
389770,7,2018-12-24,Tacoma,48503.64,5.39,Completed
389771,10,2018-12-08,RAV4,38175.74,4.88,Completed
389772,14,2018-12-08,Tacoma,49987.67,5.1,Completed
389773,5,2018-12-28,Corolla,27128.36,5.34,Completed
389774,10,2018-12-24,Camry,34339.7,4.88,Completed
389775,12,2018-12-20,Highlander,68095.05,5.65,Completed
389776,1,2018-12-08,Tacoma,45555.73,5.24,Completed
389777,9,2018-12-24,Corolla,22690.37,4.4,Completed
389778,7,2018-12-19,Tacoma,51523.13,5.39,Completed
389779,19,2018-12-09,Camry,42625.96,5.48,Completed
389780,10,2018-12-11,Tundra,42737.83,4.88,Completed
389781,3,2018-12-17,Highlander,80705.97,5.69,Completed
389782,18,2018-12-13,Sienna,69963.84,5.68,Completed
389783,3,2018-12-28,Corolla,37306.61,5.69,Completed
389784,19,2018-12-13,RAV4,51571.21,5.48,Completed
389785,7,2018-12-01,Highlander,70935.05,5.39,Completed
389786,17,2018-12-19,Highlander,53773.61,4.51,Completed
389787,15,2018-12-21,Camry,49878.79,4.86,Completed
389788,15,2018-12-11,Sienna,58298.37,4.86,Completed
389789,3,2018-12-31,Sienna,56164.08,5.69,Completed
389790,2,2018-12-31,Corolla,28327.03,4.0,Completed
389791,4,2018-12-15,Tundra,43459.3,3.81,Completed
389792,6,2018-12-15,Tacoma,35991.97,3.86,Completed
389793,19,2018-12-10,Tundra,52095.53,5.48,Completed
389794,2,2018-12-25,Sienna,47141.6,4.0,Completed
389795,15,2018-12-22,Highlander,78544.59,4.86,Pending
389796,15,2018-12-15,RAV4,50848.07,4.86,Completed
389797,13,2018-12-24,Tundra,61629.55,5.61,Completed
389798,5,2018-12-27,Highlander,62129.6,5.34,Completed
389799,8,2018-12-08,Corolla,30908.67,5.84,Pending
389800,9,2018-12-24,Tacoma,35712.11,4.4,Completed
389801,1,2018-12-05,Highlander,66374.22,5.24,Completed
389802,4,2018-12-03,Corolla,24634.38,3.81,Completed
389803,4,2018-12-08,Corolla,21409.25,3.81,Completed
389804,14,2018-12-30,Corolla,34646.36,5.1,Completed
389805,11,2018-12-14,Sienna,43082.83,4.16,Completed
389806,15,2018-12-12,RAV4,51903.16,4.86,Completed
389807,9,2018-12-07,Tacoma,36833.65,4.4,Completed
389808,1,2018-12-10,RAV4,41259.98,5.24,Completed
389809,20,2018-12-30,Tacoma,49773.78,5.77,Completed
389810,13,2018-12-29,RAV4,62297.8,5.61,Completed
389811,4,2018-12-01,Corolla,21859.81,3.81,Completed
389812,12,2018-12-17,Prius,35669.77,5.65,Completed
389813,20,2018-12-08,Corolla,34023.39,5.77,Completed
389814,12,2018-12-12,Camry,46249.72,5.65,Completed
389815,7,2018-12-20,Tundra,62966.75,5.39,Completed
389816,8,2018-12-12,Tacoma,45408.68,5.84,Completed
389817,14,2018-12-16,Sienna,61905.81,5.1,Completed
389818,17,2018-12-08,RAV4,40172.74,4.51,Completed
389819,17,2018-12-29,Tundra,43771.95,4.51,Completed
389820,7,2018-12-14,Sienna,63436.22,5.39,Completed
389821,14,2018-12-29,Corolla,32355.4,5.1,Completed
389822,11,2018-12-31,Tacoma,34035.5,4.16,Cancelled
389823,17,2018-12-30,RAV4,42138.76,4.51,Completed
389824,1,2018-12-01,Camry,38353.82,5.24,Completed
389825,3,2018-12-19,Prius,43562.16,5.69,Completed
389826,7,2018-12-07,Prius,38600.3,5.39,Completed
389827,20,2018-12-04,Highlander,74264.64,5.77,Completed
389828,13,2018-12-26,Prius,44207.6,5.61,Completed
389829,12,2018-12-16,Camry,44964.11,5.65,Completed
389830,2,2018-12-21,Sienna,44319.32,4.0,Completed
389831,5,2018-12-23,Corolla,30274.98,5.34,Completed
389832,8,2018-12-08,Prius,39468.5,5.84,Completed
389833,19,2018-12-06,RAV4,48727.41,5.48,Completed
389834,19,2018-12-15,Sienna,47152.08,5.48,Completed
389835,4,2018-12-09,Sienna,38904.17,3.81,Completed
389836,7,2018-12-27,Tacoma,50005.03,5.39,Completed
389837,8,2018-12-27,Tundra,62528.92,5.84,Completed
389838,5,2018-12-01,Highlander,60423.53,5.34,Completed
389839,8,2018-12-20,Corolla,36715.25,5.84,Completed
389840,4,2018-12-20,Tundra,41778.09,3.81,Completed
389841,7,2018-12-28,Tacoma,50467.42,5.39,Completed
389842,10,2018-12-06,Tundra,47810.46,4.88,Completed
389843,4,2018-12-13,Prius,27266.3,3.81,Completed
389844,15,2018-12-19,Highlander,70487.92,4.86,Pending
389845,20,2018-12-15,Tacoma,49288.66,5.77,Completed
389846,11,2018-12-28,Prius,30120.4,4.16,Completed
389847,15,2018-12-13,Tacoma,45970.82,4.86,Completed
389848,10,2018-12-13,RAV4,40668.5,4.88,Completed
389849,14,2018-12-23,Highlander,66907.31,5.1,Completed
389850,14,2018-12-12,Tundra,58250.13,5.1,Completed
389851,8,2018-12-14,Corolla,33483.44,5.84,Pending
389852,16,2018-12-10,Camry,50077.7,6.06,Completed
389853,17,2018-12-25,Sienna,40022.93,4.51,Completed
389854,8,2018-12-13,Prius,35171.67,5.84,Completed
389855,15,2018-12-21,Prius,36951.31,4.86,Completed
389856,11,2018-12-10,Tacoma,35675.15,4.16,Completed
389857,11,2018-12-02,Corolla,23029.84,4.16,Completed
389858,13,2018-12-04,Corolla,38116.62,5.61,Completed
389859,20,2018-12-24,Sienna,59953.6,5.77,Completed
389860,13,2018-12-22,Prius,40512.85,5.61,Completed
389861,18,2018-12-24,RAV4,53073.55,5.68,Completed
389862,18,2018-12-06,Prius,40496.46,5.68,Completed
389863,15,2018-12-11,Corolla,35487.7,4.86,Completed
389864,4,2018-12-29,Highlander,50766.96,3.81,Completed
389865,2,2018-12-30,Sienna,47117.41,4.0,Completed
389866,7,2018-12-05,Camry,47747.39,5.39,Completed
389867,12,2018-12-01,Sienna,59280.99,5.65,Completed
389868,3,2018-12-10,Highlander,76334.07,5.69,Completed
389869,12,2018-12-10,Camry,43750.41,5.65,Completed
389870,12,2018-12-09,Corolla,35853.0,5.65,Completed
389871,4,2018-12-17,Prius,28105.85,3.81,Completed
389872,19,2018-12-02,Corolla,29458.19,5.48,Completed
389873,15,2018-12-22,Prius,36255.44,4.86,Completed
389874,13,2018-12-11,Tundra,66811.67,5.61,Cancelled
389875,3,2018-12-09,Camry,47744.57,5.69,Completed
389876,1,2018-12-02,RAV4,43434.71,5.24,Completed
389877,4,2018-12-27,Prius,24401.1,3.81,Completed
389878,18,2018-12-20,Sienna,58434.4,5.68,Completed
389879,9,2018-12-25,Tundra,46241.4,4.4,Completed
389880,5,2018-12-11,RAV4,43550.08,5.34,Completed
389881,6,2018-12-07,Camry,35643.79,3.86,Completed
389882,3,2018-12-12,Camry,51913.23,5.69,Completed
389883,9,2018-12-21,Tundra,39980.88,4.4,Pending
389884,7,2018-12-04,Prius,40964.31,5.39,Completed
389885,1,2018-12-04,Tacoma,41231.76,5.24,Completed
389886,12,2018-12-14,Tacoma,51061.0,5.65,Completed
389887,17,2018-12-20,Sienna,38207.8,4.51,Completed
389888,17,2018-12-24,Camry,31751.75,4.51,Completed
389889,2,2018-12-08,Tacoma,39348.42,4.0,Completed
389890,2,2018-12-23,Camry,37676.95,4.0,Completed
389891,6,2018-12-16,Prius,28211.0,3.86,Completed
389892,3,2018-12-20,Sienna,61628.02,5.69,Completed
389893,1,2018-12-16,Sienna,52711.18,5.24,Completed
389894,19,2018-12-02,RAV4,51509.69,5.48,Completed
389895,10,2018-12-22,Camry,37021.01,4.88,Completed
389896,4,2018-12-16,RAV4,38419.05,3.81,Pending
389897,9,2018-12-06,Sienna,46856.68,4.4,Completed
389898,1,2018-12-28,Camry,41238.64,5.24,Completed
389899,13,2018-12-09,Highlander,84790.19,5.61,Completed
389900,13,2018-12-14,Sienna,67403.29,5.61,Cancelled
389901,1,2018-12-04,Tundra,46566.07,5.24,Completed
389902,9,2018-12-17,Corolla,25025.51,4.4,Completed
389903,11,2018-12-31,RAV4,42392.18,4.16,Completed
389904,3,2018-12-31,Tundra,64340.46,5.69,Completed
389905,13,2018-12-19,Sienna,60217.31,5.61,Completed
389906,9,2018-12-22,Highlander,59312.22,4.4,Completed
389907,17,2018-12-22,Highlander,57595.13,4.51,Completed
389908,12,2018-12-25,Tacoma,51606.43,5.65,Completed
389909,8,2018-12-19,Tacoma,48325.48,5.84,Completed
389910,7,2018-12-24,Tundra,54908.47,5.39,Completed
389911,16,2018-12-22,Highlander,71941.95,6.06,Completed
389912,20,2018-12-15,Tundra,65114.3,5.77,Completed
389913,15,2018-12-18,RAV4,54220.16,4.86,Completed
389914,18,2018-12-05,Sienna,67782.23,5.68,Completed
389915,20,2018-12-18,RAV4,53219.63,5.77,Completed
389916,6,2018-12-23,Tacoma,36292.02,3.86,Completed
389917,17,2018-12-02,Tundra,40732.41,4.51,Completed
389918,13,2018-12-01,Highlander,77378.72,5.61,Completed
389919,12,2018-12-03,Tacoma,45762.52,5.65,Pending
389920,19,2018-12-16,Tacoma,46057.27,5.48,Completed
389921,17,2018-12-05,RAV4,40569.51,4.51,Completed
389922,16,2018-12-24,Tundra,64704.29,6.06,Completed
389923,8,2018-12-25,RAV4,54617.09,5.84,Completed
389924,3,2018-12-25,Prius,37450.16,5.69,Completed
389925,18,2018-12-19,Tacoma,53190.83,5.68,Completed
389926,2,2018-12-19,Highlander,59337.64,4.0,Pending
389927,16,2018-12-13,Camry,52035.19,6.06,Completed
389928,2,2018-12-09,Prius,30135.78,4.0,Completed
389929,3,2018-12-09,Tacoma,57389.93,5.69,Completed
389930,16,2018-12-31,Sienna,67405.55,6.06,Completed
389931,18,2018-12-06,Tundra,69855.62,5.68,Pending
389932,16,2018-12-04,Camry,46219.82,6.06,Completed
389933,7,2018-12-12,Sienna,57897.89,5.39,Completed
389934,14,2018-12-09,Prius,40950.67,5.1,Completed
389935,12,2018-12-31,RAV4,52116.34,5.65,Completed
389936,19,2018-12-26,Corolla,27198.98,5.48,Completed
389937,17,2018-12-23,Sienna,39834.95,4.51,Pending
389938,1,2018-12-21,Tundra,53160.84,5.24,Completed
389939,18,2018-12-09,Camry,54703.49,5.68,Completed
389940,6,2018-12-16,Corolla,22977.55,3.86,Completed
389941,14,2018-12-24,Tacoma,50128.4,5.1,Completed
389942,20,2018-12-05,Tacoma,54081.57,5.77,Completed
389943,11,2018-12-16,Sienna,40838.98,4.16,Completed
389944,15,2018-12-22,Prius,39413.13,4.86,Completed
389945,6,2018-12-28,Tundra,46582.37,3.86,Completed
389946,17,2018-12-05,Corolla,23616.54,4.51,Completed
389947,5,2018-12-26,Tacoma,41997.04,5.34,Completed
389948,11,2018-12-24,Tacoma,36327.37,4.16,Completed
389949,3,2018-12-06,Prius,43648.37,5.69,Completed
389950,20,2018-12-26,Tacoma,49980.61,5.77,Completed
389951,13,2018-12-24,Prius,38866.68,5.61,Cancelled
389952,14,2018-12-26,Highlander,70618.11,5.1,Completed
389953,20,2018-12-08,Tundra,60041.49,5.77,Completed
389954,17,2018-12-06,Tacoma,34352.96,4.51,Completed
389955,17,2018-12-23,Corolla,22472.95,4.51,Completed
389956,16,2018-12-15,Tacoma,51676.17,6.06,Completed
389957,19,2018-12-29,Prius,32956.15,5.48,Completed
389958,1,2018-12-24,Sienna,50717.36,5.24,Completed
389959,3,2018-12-29,Camry,48422.44,5.69,Completed
389960,17,2018-12-30,Sienna,38754.67,4.51,Completed
389961,9,2018-12-23,Camry,30670.29,4.4,Completed
389962,7,2018-12-07,Prius,43537.89,5.39,Completed
389963,14,2018-12-29,Tacoma,52954.25,5.1,Pending
389964,11,2018-12-31,Corolla,26181.03,4.16,Completed
389965,4,2018-12-16,RAV4,39533.33,3.81,Completed
389966,3,2018-12-03,Camry,52829.74,5.69,Completed
389967,8,2018-12-28,Highlander,82408.47,5.84,Completed
389968,17,2018-12-18,Corolla,21840.6,4.51,Completed
389969,10,2018-12-22,Tacoma,36271.93,4.88,Completed
389970,6,2018-12-21,Camry,34425.48,3.86,Completed
389971,18,2018-12-07,Camry,52317.56,5.68,Completed
389972,14,2018-12-24,RAV4,57394.68,5.1,Completed
389973,4,2018-12-02,Prius,24900.24,3.81,Completed
389974,17,2018-12-14,RAV4,36073.28,4.51,Completed
389975,8,2018-12-10,Tundra,60907.34,5.84,Completed
389976,6,2018-12-13,Highlander,54842.93,3.86,Completed
389977,17,2018-12-29,Corolla,25413.45,4.51,Completed
389978,10,2018-12-04,Prius,26736.66,4.88,Completed
389979,1,2018-12-25,Corolla,30129.35,5.24,Completed
389980,7,2018-12-18,RAV4,57784.8,5.39,Completed
389981,15,2018-12-10,Highlander,78180.22,4.86,Completed
389982,5,2018-12-25,Prius,30646.53,5.34,Completed
389983,2,2018-12-28,Tundra,45648.43,4.0,Completed
389984,13,2018-12-19,Tundra,62643.62,5.61,Completed
389985,18,2018-12-24,Corolla,40091.36,5.68,Completed
389986,17,2018-12-29,Prius,28002.98,4.51,Completed
389987,7,2018-12-22,Sienna,59285.57,5.39,Completed
389988,9,2018-12-13,Highlander,59085.33,4.4,Completed
389989,14,2018-12-18,RAV4,54017.93,5.1,Completed
389990,20,2018-12-23,Corolla,34302.47,5.77,Completed
389991,1,2018-12-16,RAV4,48357.19,5.24,Completed
389992,16,2018-12-16,Tundra,65287.65,6.06,Completed
389993,8,2018-12-29,Tundra,61902.03,5.84,Completed
389994,8,2018-12-29,Corolla,35541.62,5.84,Completed
389995,6,2018-12-18,Prius,29102.66,3.86,Completed
389996,6,2018-12-11,Tundra,41751.92,3.86,Completed
389997,5,2018-12-02,Corolla,29215.07,5.34,Completed
389998,11,2018-12-02,Prius,30917.16,4.16,Completed
389999,20,2018-12-22,Tundra,60038.3,5.77,Completed
390000,12,2018-12-15,Corolla,34309.62,5.65,Completed
390001,7,2018-12-29,Tundra,56080.7,5.39,Completed
390002,17,2018-12-28,Tundra,39823.93,4.51,Completed
390003,14,2018-12-22,Corolla,30490.45,5.1,Completed
390004,17,2018-12-09,Corolla,26215.06,4.51,Completed
390005,11,2018-12-29,RAV4,43330.96,4.16,Pending
390006,7,2018-12-23,Sienna,55062.67,5.39,Completed
390007,12,2018-12-19,Corolla,32308.38,5.65,Completed
390008,15,2018-12-17,Tundra,63371.25,4.86,Completed
390009,9,2018-12-31,Sienna,40959.18,4.4,Completed
390010,18,2018-12-16,Camry,53309.44,5.68,Completed
390011,15,2018-12-02,Tacoma,54176.69,4.86,Completed
390012,19,2018-12-30,Tundra,50052.76,5.48,Completed
390013,3,2018-12-19,RAV4,55300.82,5.69,Completed
390014,9,2018-12-11,Corolla,24146.16,4.4,Completed
390015,5,2018-12-28,Corolla,31386.79,5.34,Completed
390016,18,2018-12-26,Corolla,37782.48,5.68,Completed
390017,1,2018-12-20,Camry,35449.12,5.24,Completed
390018,20,2018-12-05,RAV4,59074.5,5.77,Completed
390019,11,2018-12-19,Prius,29464.07,4.16,Completed
390020,3,2018-12-13,RAV4,58683.36,5.69,Completed
390021,11,2018-12-13,Camry,32973.77,4.16,Completed
390022,15,2018-12-28,Corolla,30859.46,4.86,Completed
390023,17,2018-12-13,RAV4,41378.98,4.51,Completed
390024,2,2018-12-13,RAV4,42437.36,4.0,Completed
390025,5,2018-12-22,RAV4,49100.22,5.34,Completed
390026,15,2018-12-15,Highlander,68175.08,4.86,Completed
390027,20,2018-12-13,Corolla,32517.53,5.77,Completed
390028,12,2018-12-02,Tacoma,49373.32,5.65,Completed
390029,9,2018-12-15,Prius,26893.57,4.4,Completed
390030,19,2018-12-31,Highlander,62433.99,5.48,Completed
390031,12,2018-12-06,Prius,35197.39,5.65,Completed
390032,11,2018-12-31,Corolla,26628.26,4.16,Completed
390033,13,2018-12-06,Sienna,64914.32,5.61,Completed
390034,15,2018-12-08,Sienna,61259.54,4.86,Completed
390035,17,2018-12-02,RAV4,35789.22,4.51,Completed
390036,5,2018-12-20,Sienna,49462.76,5.34,Completed
390037,18,2018-12-26,RAV4,55415.58,5.68,Completed
390038,9,2018-12-15,Highlander,54981.97,4.4,Completed
390039,1,2018-12-21,Camry,40002.46,5.24,Completed
390040,6,2018-12-02,Camry,32403.04,3.86,Completed
390041,19,2018-12-16,Corolla,29498.16,5.48,Completed
390042,17,2018-12-02,Corolla,26199.34,4.51,Completed
390043,17,2018-12-14,Tundra,42624.12,4.51,Completed
390044,15,2018-12-20,Highlander,77735.91,4.86,Completed
390045,8,2018-12-30,RAV4,55020.81,5.84,Completed
390046,8,2018-12-21,Camry,42539.32,5.84,Completed
390047,14,2018-12-01,Tacoma,49633.21,5.1,Completed
390048,5,2018-12-31,Tundra,48872.87,5.34,Completed
390049,10,2018-12-16,Camry,31827.49,4.88,Completed
390050,19,2018-12-12,Tundra,47160.29,5.48,Completed
390051,11,2018-12-24,Sienna,47868.54,4.16,Completed
390052,6,2018-12-17,Tundra,45190.65,3.86,Completed
390053,13,2018-12-25,Tundra,68607.91,5.61,Completed
390054,4,2018-12-10,Tundra,42525.2,3.81,Completed
390055,6,2018-12-03,Camry,34980.11,3.86,Completed
390056,3,2018-12-26,RAV4,56601.84,5.69,Completed
390057,13,2018-12-23,Sienna,63352.76,5.61,Completed
390058,16,2018-12-18,RAV4,57614.02,6.06,Completed
390059,1,2018-12-25,Corolla,26048.64,5.24,Completed
390060,14,2018-12-06,Sienna,53809.72,5.1,Completed
390061,7,2018-12-16,Tacoma,53151.74,5.39,Completed
390062,17,2018-12-05,Highlander,51116.28,4.51,Completed
390063,6,2018-12-01,RAV4,35210.94,3.86,Completed
390064,18,2018-12-23,Tacoma,52107.17,5.68,Completed
390065,14,2018-12-14,Prius,34898.34,5.1,Completed
390066,17,2018-12-31,RAV4,38823.73,4.51,Completed
390067,11,2018-12-27,RAV4,41512.89,4.16,Completed
390068,17,2018-12-28,Tundra,43154.66,4.51,Completed
390069,13,2018-12-05,Camry,48786.25,5.61,Completed
390070,6,2018-12-16,Sienna,39103.26,3.86,Completed
390071,5,2018-12-20,Prius,32111.2,5.34,Completed
390072,3,2018-12-31,Highlander,85147.95,5.69,Completed
390073,8,2018-12-08,Prius,42347.07,5.84,Completed
390074,8,2018-12-05,Tacoma,52807.07,5.84,Completed
390075,1,2018-12-12,Highlander,60910.81,5.24,Completed
390076,4,2018-12-29,Prius,24469.21,3.81,Completed
390077,1,2018-12-16,Camry,39949.02,5.24,Completed
390078,18,2018-12-21,Tacoma,58185.27,5.68,Completed
390079,15,2018-12-05,Tacoma,50787.68,4.86,Completed
390080,10,2018-12-24,RAV4,38481.45,4.88,Completed
390081,7,2018-12-28,Camry,50404.79,5.39,Completed
390082,10,2018-12-28,Sienna,43994.82,4.88,Completed
390083,13,2018-12-20,Sienna,65987.9,5.61,Completed
390084,4,2018-12-29,Camry,34884.94,3.81,Completed
390085,15,2018-12-10,RAV4,58843.48,4.86,Completed
390086,11,2018-12-02,Prius,28882.83,4.16,Completed
390087,14,2018-12-26,Tacoma,50871.84,5.1,Pending
390088,19,2018-12-01,Camry,39007.26,5.48,Completed
390089,16,2018-12-26,RAV4,52398.35,6.06,Completed
390090,1,2018-12-09,Tacoma,40920.87,5.24,Completed
390091,16,2018-12-24,Highlander,72471.57,6.06,Completed
390092,15,2018-12-12,Corolla,36929.24,4.86,Completed
390093,5,2018-12-22,Tundra,49252.45,5.34,Completed
390094,18,2018-12-12,Tundra,66266.6,5.68,Completed
390095,1,2018-12-17,Camry,39998.14,5.24,Completed
390096,5,2018-12-23,Tundra,49017.22,5.34,Completed
390097,15,2018-12-28,Camry,42889.05,4.86,Completed
390098,2,2018-12-11,RAV4,43081.54,4.0,Completed
390099,12,2018-12-18,Corolla,32921.73,5.65,Completed
390100,3,2018-12-20,Corolla,39064.44,5.69,Completed
390101,13,2018-12-15,Sienna,67207.82,5.61,Completed
390102,9,2018-12-17,Tacoma,36575.44,4.4,Completed
390103,12,2018-12-21,Camry,44002.45,5.65,Completed
390104,6,2018-12-14,Corolla,24090.8,3.86,Completed
390105,8,2018-12-19,Prius,41720.3,5.84,Completed
390106,20,2018-12-06,RAV4,54031.79,5.77,Completed
390107,7,2018-12-04,Tundra,62889.79,5.39,Completed
390108,15,2018-12-08,Tundra,62567.85,4.86,Completed
390109,16,2018-12-04,Corolla,32155.78,6.06,Completed
390110,2,2018-12-21,Prius,30368.0,4.0,Completed
390111,7,2018-12-18,Tacoma,48017.38,5.39,Completed
390112,12,2018-12-20,Camry,44734.98,5.65,Completed
390113,6,2018-12-19,Tacoma,36466.45,3.86,Completed
390114,18,2018-12-16,Prius,38819.42,5.68,Completed
390115,3,2018-12-19,Tundra,59419.52,5.69,Completed
390116,3,2018-12-24,Corolla,36101.8,5.69,Completed
390117,18,2018-12-12,Tundra,69533.5,5.68,Completed
390118,19,2018-12-28,Camry,42455.21,5.48,Completed
390119,3,2018-12-20,Tundra,56202.57,5.69,Completed
390120,8,2018-12-30,Corolla,34817.04,5.84,Completed
390121,14,2018-12-18,Prius,39250.29,5.1,Completed
390122,16,2018-12-24,RAV4,52845.2,6.06,Completed
390123,16,2018-12-09,Highlander,75511.98,6.06,Completed
390124,7,2018-12-16,Highlander,80323.9,5.39,Completed
390125,18,2018-12-13,Camry,53719.48,5.68,Completed
390126,19,2018-12-05,Tacoma,41584.71,5.48,Completed
390127,4,2018-12-02,RAV4,39969.35,3.81,Cancelled
390128,3,2018-12-27,Camry,49607.8,5.69,Completed
390129,2,2018-12-31,Tacoma,36339.39,4.0,Completed
390130,1,2018-12-15,Sienna,49138.44,5.24,Completed
390131,19,2018-12-06,RAV4,52086.63,5.48,Completed
390132,15,2018-12-03,Highlander,74337.24,4.86,Completed
390133,5,2018-12-07,Prius,33533.38,5.34,Completed
390134,11,2018-12-30,RAV4,36582.39,4.16,Completed
390135,7,2018-12-25,Tacoma,52343.23,5.39,Completed
390136,11,2018-12-09,Prius,26365.17,4.16,Pending
390137,5,2018-12-26,Sienna,52219.23,5.34,Completed
390138,5,2018-12-19,Sienna,52083.39,5.34,Completed
390139,7,2018-12-22,Tacoma,48402.3,5.39,Completed
390140,4,2018-12-08,RAV4,39095.43,3.81,Completed
390141,1,2018-12-02,Tundra,49334.24,5.24,Cancelled
390142,7,2018-12-24,Tacoma,55888.7,5.39,Completed
390143,17,2018-12-23,RAV4,36905.96,4.51,Completed
390144,9,2018-12-07,RAV4,43222.96,4.4,Completed
390145,12,2018-12-07,Corolla,31737.97,5.65,Completed
390146,15,2018-12-26,Tacoma,51500.3,4.86,Cancelled
390147,4,2018-12-05,RAV4,36357.95,3.81,Completed
390148,18,2018-12-31,Tundra,66038.13,5.68,Completed
390149,8,2018-12-19,Sienna,56085.79,5.84,Completed
390150,13,2018-12-23,RAV4,53761.37,5.61,Completed
390151,15,2018-12-22,Corolla,36685.6,4.86,Completed
390152,11,2018-12-16,Tacoma,37684.25,4.16,Completed
390153,16,2018-12-10,Sienna,61729.17,6.06,Completed
390154,10,2018-12-07,Tacoma,35171.31,4.88,Completed
390155,8,2018-12-23,Corolla,35872.9,5.84,Completed
390156,7,2018-12-03,Tacoma,50266.78,5.39,Completed
390157,9,2018-12-11,Sienna,40751.98,4.4,Completed
390158,9,2018-12-25,Tacoma,37592.24,4.4,Completed
390159,5,2018-12-17,Highlander,69792.54,5.34,Pending
390160,12,2018-12-07,Prius,35064.89,5.65,Completed
390161,14,2018-12-01,Highlander,71600.88,5.1,Completed
390162,13,2018-12-19,Tacoma,56755.88,5.61,Completed
390163,13,2018-12-07,Tundra,61267.71,5.61,Completed
390164,10,2018-12-07,RAV4,44527.77,4.88,Completed
390165,16,2018-12-28,Camry,47202.31,6.06,Completed
390166,2,2018-12-23,Prius,27840.53,4.0,Completed
390167,9,2018-12-20,Sienna,45714.09,4.4,Completed
390168,20,2018-12-09,Camry,44079.65,5.77,Completed
390169,13,2018-12-15,Camry,49181.3,5.61,Completed
390170,19,2018-12-23,Tacoma,45694.89,5.48,Completed
390171,18,2018-12-22,Highlander,84470.03,5.68,Completed
390172,20,2018-12-20,Prius,42889.54,5.77,Completed
390173,4,2018-12-12,Sienna,38818.85,3.81,Completed
390174,9,2018-12-25,Prius,28071.14,4.4,Completed
390175,13,2018-12-17,Highlander,74048.03,5.61,Completed
390176,19,2018-12-26,Sienna,47827.89,5.48,Completed
390177,11,2018-12-10,Camry,34773.43,4.16,Completed
390178,13,2018-12-08,Camry,51911.49,5.61,Completed
390179,11,2018-12-20,Tacoma,35775.14,4.16,Completed
390180,3,2018-12-04,Sienna,64962.9,5.69,Completed
390181,13,2018-12-09,Tundra,68075.19,5.61,Completed
390182,2,2018-12-06,Prius,27465.18,4.0,Completed
390183,17,2018-12-25,Corolla,23653.38,4.51,Completed
390184,20,2018-12-26,Tundra,65088.54,5.77,Completed
390185,16,2018-12-08,Sienna,57275.71,6.06,Completed
390186,13,2018-12-01,Camry,50547.08,5.61,Completed
390187,13,2018-12-01,RAV4,61165.56,5.61,Completed
390188,16,2018-12-27,Tundra,61483.79,6.06,Completed
390189,7,2018-12-07,Tundra,62248.92,5.39,Completed
390190,8,2018-12-05,Tacoma,50787.63,5.84,Completed
390191,9,2018-12-24,Camry,34783.12,4.4,Completed
390192,11,2018-12-08,Tacoma,38306.68,4.16,Completed
390193,9,2018-12-05,RAV4,40736.4,4.4,Completed
390194,17,2018-12-06,Tundra,44760.18,4.51,Completed
390195,16,2018-12-23,RAV4,56514.38,6.06,Completed
390196,14,2018-12-13,Tacoma,52896.33,5.1,Completed
390197,6,2018-12-14,Sienna,38397.67,3.86,Completed
390198,8,2018-12-02,Sienna,57068.57,5.84,Completed
390199,18,2018-12-29,Sienna,61547.78,5.68,Completed
390200,6,2018-12-22,Corolla,22501.69,3.86,Completed
390201,3,2018-12-09,Tacoma,51644.87,5.69,Completed
390202,20,2018-12-09,Highlander,77089.82,5.77,Completed
390203,7,2018-12-06,Sienna,64109.52,5.39,Completed
390204,7,2018-12-21,Camry,50614.07,5.39,Completed
390205,18,2018-12-22,Corolla,37306.45,5.68,Completed
390206,3,2018-12-16,Sienna,68255.45,5.69,Completed
390207,5,2018-12-02,Sienna,47934.19,5.34,Completed
390208,5,2018-12-10,Corolla,27684.95,5.34,Completed
390209,19,2018-12-17,Tundra,48086.26,5.48,Completed
390210,15,2018-12-16,Sienna,63980.79,4.86,Completed
390211,10,2018-12-31,Corolla,24518.78,4.88,Completed
390212,6,2018-12-13,Prius,27232.04,3.86,Completed
390213,2,2018-12-19,Camry,33554.89,4.0,Completed
390214,13,2018-12-25,Tundra,66842.57,5.61,Completed
390215,3,2018-12-14,Sienna,63434.24,5.69,Completed
390216,16,2018-12-29,Corolla,32755.99,6.06,Completed
390217,3,2018-12-14,RAV4,54990.74,5.69,Completed
390218,8,2018-12-21,Tacoma,45821.56,5.84,Completed
390219,17,2018-12-26,Prius,28877.97,4.51,Completed
390220,7,2018-12-24,Camry,49078.32,5.39,Completed
390221,3,2018-12-10,Prius,43313.7,5.69,Completed
390222,15,2018-12-24,RAV4,52822.29,4.86,Completed
390223,7,2018-12-11,RAV4,60392.1,5.39,Completed
390224,3,2018-12-02,Corolla,37405.79,5.69,Completed
390225,9,2018-12-26,Sienna,47632.25,4.4,Completed
390226,13,2018-12-17,Highlander,81208.87,5.61,Completed
390227,1,2018-12-31,Highlander,66464.85,5.24,Completed
390228,1,2018-12-06,Highlander,66735.67,5.24,Completed
390229,5,2018-12-11,Prius,33814.2,5.34,Completed
390230,18,2018-12-03,Tacoma,57598.99,5.68,Completed
390231,15,2018-12-29,Tacoma,50126.65,4.86,Completed
390232,20,2018-12-02,Corolla,36639.94,5.77,Completed
390233,20,2018-12-13,Tundra,56780.93,5.77,Completed
390234,5,2018-12-08,Corolla,30873.54,5.34,Completed
390235,3,2018-12-02,Camry,52388.07,5.69,Completed
390236,6,2018-12-18,Highlander,56882.96,3.86,Completed
390237,11,2018-12-17,Corolla,25784.38,4.16,Completed
390238,12,2018-12-17,Corolla,32498.6,5.65,Completed
390239,1,2018-12-13,Corolla,31192.81,5.24,Pending
390240,7,2018-12-18,Sienna,57432.34,5.39,Completed
390241,18,2018-12-05,Corolla,38648.99,5.68,Completed
390242,14,2018-12-11,Camry,42137.63,5.1,Pending
390243,12,2018-12-06,Tundra,55427.52,5.65,Completed
390244,1,2018-12-24,RAV4,47124.12,5.24,Completed
390245,16,2018-12-09,Highlander,77038.92,6.06,Completed
390246,5,2018-12-29,Highlander,60062.5,5.34,Completed
