sale_id,sale_rep_id,sale_date,car_model,sale_amount,commission_pct,sale_status
309866,16,2018-01-23,Prius,22485.01,6.06,Completed
309867,6,2018-01-03,Sienna,24840.76,3.86,Completed
309868,15,2018-01-25,Tacoma,32818.7,4.86,Completed
309869,8,2018-01-19,Corolla,19335.05,5.84,Completed
309870,19,2018-01-13,Tacoma,25704.11,5.48,Completed
309871,15,2018-01-16,Tacoma,31036.47,4.86,Completed
309872,14,2018-01-24,Tundra,33496.12,5.1,Pending
309873,12,2018-01-06,Tacoma,33236.09,5.65,Completed
309874,17,2018-01-29,Corolla,15725.89,4.51,Completed
309875,4,2018-01-11,Highlander,32201.41,3.81,Completed
309876,17,2018-01-28,Highlander,33857.68,4.51,Completed
309877,2,2018-01-24,Prius,18964.34,4.0,Completed
309878,19,2018-01-17,Corolla,17340.22,5.48,Completed
309879,8,2018-01-20,Corolla,20357.09,5.84,Completed
309880,15,2018-01-08,Tundra,37357.25,4.86,Completed
309881,18,2018-01-02,Camry,31583.99,5.68,Completed
309882,5,2018-01-29,Highlander,35815.73,5.34,Completed
309883,2,2018-01-11,Tundra,29724.81,4.0,Completed
309884,12,2018-01-27,RAV4,32028.86,5.65,Completed
309885,7,2018-01-08,Corolla,19711.03,5.39,Completed
309886,16,2018-01-17,Tacoma,34125.98,6.06,Completed
309887,8,2018-01-27,Tacoma,29172.13,5.84,Completed
309888,14,2018-01-27,RAV4,32522.17,5.1,Completed
309889,13,2018-01-31,Corolla,22864.1,5.61,Completed
309890,9,2018-01-10,RAV4,26512.47,4.4,Completed
309891,20,2018-01-25,Camry,28868.36,5.77,Completed
309892,15,2018-01-26,Highlander,42985.26,4.86,Completed
309893,18,2018-01-11,Tundra,42575.95,5.68,Completed
309894,3,2018-01-25,Tundra,41575.02,5.69,Completed
309895,19,2018-01-25,Corolla,16643.03,5.48,Completed
309896,11,2018-01-06,Prius,17293.88,4.16,Completed
309897,10,2018-01-05,Sienna,28648.79,4.88,Completed
309898,16,2018-01-11,Prius,25751.74,6.06,Cancelled
309899,10,2018-01-15,Prius,18567.27,4.88,Completed
309900,6,2018-01-28,Highlander,36336.46,3.86,Completed
309901,3,2018-01-20,Corolla,20111.82,5.69,Completed
309902,20,2018-01-14,Camry,31407.32,5.77,Completed
309903,11,2018-01-16,Sienna,28168.11,4.16,Completed
309904,14,2018-01-12,Prius,23644.51,5.1,Completed
309905,19,2018-01-25,Camry,24193.41,5.48,Completed
309906,8,2018-01-17,Tundra,36445.44,5.84,Completed
309907,16,2018-01-25,RAV4,36512.13,6.06,Completed
309908,18,2018-01-22,Camry,27972.27,5.68,Completed
309909,19,2018-01-04,Tacoma,27171.11,5.48,Completed
309910,20,2018-01-30,RAV4,32143.97,5.77,Completed
309911,18,2018-01-20,Tundra,38567.85,5.68,Completed
309912,15,2018-01-23,Corolla,19607.87,4.86,Completed
309913,17,2018-01-14,Corolla,15239.02,4.51,Completed
309914,6,2018-01-28,Corolla,14063.01,3.86,Completed
309915,17,2018-01-15,Corolla,13480.15,4.51,Completed
309916,14,2018-01-17,Camry,30159.98,5.1,Completed
309917,8,2018-01-19,Tacoma,33050.41,5.84,Completed
309918,11,2018-01-26,Tundra,24799.58,4.16,Pending
309919,14,2018-01-05,RAV4,33551.5,5.1,Completed
309920,1,2018-01-12,Prius,18070.32,5.24,Completed
309921,7,2018-01-09,Sienna,34246.15,5.39,Completed
309922,11,2018-01-05,Prius,16300.75,4.16,Completed
309923,7,2018-01-10,Camry,28505.66,5.39,Completed
309924,16,2018-01-21,Camry,29930.45,6.06,Completed
309925,15,2018-01-05,Prius,25818.19,4.86,Completed
309926,17,2018-01-20,Corolla,14459.58,4.51,Completed
309927,6,2018-01-03,Camry,18730.82,3.86,Completed
309928,6,2018-01-20,Tacoma,23900.28,3.86,Completed
309929,19,2018-01-28,Sienna,31870.95,5.48,Completed
309930,7,2018-01-26,Corolla,22732.09,5.39,Completed
309931,5,2018-01-15,Corolla,18588.24,5.34,Completed
309932,1,2018-01-27,Tundra,30252.32,5.24,Completed
309933,7,2018-01-29,Highlander,43323.78,5.39,Completed
309934,6,2018-01-22,RAV4,21496.85,3.86,Completed
309935,17,2018-01-31,RAV4,22476.75,4.51,Completed
309936,11,2018-01-22,Tacoma,22864.63,4.16,Completed
309937,9,2018-01-14,RAV4,26606.2,4.4,Pending
309938,3,2018-01-25,Sienna,40919.4,5.69,Completed
309939,7,2018-01-25,Highlander,44837.6,5.39,Completed
309940,8,2018-01-27,Tacoma,30150.95,5.84,Completed
309941,7,2018-01-27,Prius,26674.23,5.39,Completed
309942,5,2018-01-12,Corolla,17467.33,5.34,Completed
309943,13,2018-01-03,Tundra,37790.83,5.61,Completed
309944,17,2018-01-08,RAV4,23752.13,4.51,Completed
309945,3,2018-01-13,Corolla,23398.92,5.69,Completed
309946,3,2018-01-09,Tacoma,29616.99,5.69,Completed
309947,8,2018-01-18,Camry,27569.24,5.84,Completed
309948,13,2018-01-17,RAV4,36820.21,5.61,Completed
309949,2,2018-01-11,RAV4,27913.75,4.0,Completed
309950,8,2018-01-29,Tacoma,33430.82,5.84,Completed
309951,2,2018-01-06,RAV4,27818.94,4.0,Completed
309952,9,2018-01-20,RAV4,22641.17,4.4,Completed
309953,19,2018-01-21,Prius,22155.23,5.48,Pending
309954,20,2018-01-23,Prius,21734.25,5.77,Completed
309955,1,2018-01-10,Corolla,17150.64,5.24,Completed
309956,9,2018-01-27,RAV4,25133.2,4.4,Completed
309957,17,2018-01-05,Tacoma,21068.15,4.51,Completed
309958,2,2018-01-04,Corolla,15325.83,4.0,Completed
309959,11,2018-01-31,Sienna,24793.71,4.16,Completed
309960,16,2018-01-31,RAV4,33910.29,6.06,Completed
309961,18,2018-01-04,Tacoma,34398.73,5.68,Completed
309962,2,2018-01-24,RAV4,25966.74,4.0,Completed
309963,20,2018-01-14,Camry,30742.39,5.77,Completed
309964,3,2018-01-30,Prius,23644.05,5.69,Completed
309965,17,2018-01-25,Highlander,32400.15,4.51,Completed
309966,12,2018-01-11,Highlander,43880.42,5.65,Completed
309967,4,2018-01-18,Tacoma,20054.73,3.81,Completed
309968,14,2018-01-06,RAV4,32115.84,5.1,Completed
309969,12,2018-01-09,Tundra,37100.54,5.65,Completed
309970,3,2018-01-26,Highlander,47961.4,5.69,Completed
309971,19,2018-01-13,Corolla,19865.8,5.48,Completed
309972,4,2018-01-14,Tundra,26321.93,3.81,Completed
309973,1,2018-01-19,RAV4,28178.24,5.24,Completed
309974,19,2018-01-04,RAV4,28277.07,5.48,Completed
309975,14,2018-01-25,Corolla,19263.87,5.1,Completed
309976,20,2018-01-17,Corolla,22611.84,5.77,Completed
309977,19,2018-01-19,Sienna,31715.78,5.48,Completed
309978,19,2018-01-24,RAV4,29030.83,5.48,Completed
309979,8,2018-01-03,Corolla,21277.6,5.84,Completed
309980,3,2018-01-23,RAV4,32591.33,5.69,Completed
309981,8,2018-01-16,Tacoma,32162.45,5.84,Completed
309982,16,2018-01-27,Prius,23657.2,6.06,Completed
309983,7,2018-01-27,Corolla,20976.69,5.39,Pending
309984,17,2018-01-01,Prius,17657.26,4.51,Completed
309985,6,2018-01-29,Tundra,26185.81,3.86,Completed
309986,19,2018-01-04,Corolla,20017.7,5.48,Completed
309987,5,2018-01-19,Tacoma,25281.87,5.34,Completed
309988,13,2018-01-21,Tacoma,33190.11,5.61,Completed
309989,16,2018-01-09,RAV4,35159.57,6.06,Completed
309990,7,2018-01-16,RAV4,35780.15,5.39,Completed
309991,6,2018-01-16,RAV4,21869.49,3.86,Completed
309992,10,2018-01-18,Highlander,31868.52,4.88,Completed
309993,10,2018-01-20,Corolla,17129.55,4.88,Completed
309994,5,2018-01-15,Sienna,29230.89,5.34,Completed
309995,17,2018-01-21,RAV4,25903.35,4.51,Completed
309996,19,2018-01-19,Prius,20307.77,5.48,Completed
309997,8,2018-01-02,Highlander,47715.89,5.84,Completed
309998,12,2018-01-28,Prius,22221.15,5.65,Completed
309999,9,2018-01-30,Sienna,28731.44,4.4,Completed
310000,8,2018-01-17,RAV4,35846.63,5.84,Completed
310001,14,2018-01-12,Tacoma,29814.42,5.1,Completed
310002,3,2018-01-20,Tundra,35269.21,5.69,Completed
310003,10,2018-01-22,Tundra,28837.34,4.88,Completed
310004,5,2018-01-17,Highlander,38661.18,5.34,Completed
310005,10,2018-01-02,Prius,17937.8,4.88,Completed
310006,15,2018-01-11,Prius,24724.5,4.86,Completed
310007,14,2018-01-26,RAV4,30586.31,5.1,Completed
310008,9,2018-01-08,Tacoma,22927.75,4.4,Completed
310009,2,2018-01-14,Prius,18199.57,4.0,Completed
310010,11,2018-01-22,Tundra,28458.45,4.16,Completed
310011,10,2018-01-22,Highlander,32468.34,4.88,Completed
310012,17,2018-01-30,Highlander,29941.59,4.51,Completed
310013,6,2018-01-26,Corolla,15182.22,3.86,Completed
310014,1,2018-01-13,Tacoma,28414.87,5.24,Completed
310015,14,2018-01-19,RAV4,29226.23,5.1,Completed
310016,19,2018-01-31,Prius,21524.36,5.48,Completed
310017,14,2018-01-07,Tundra,34779.5,5.1,Completed
310018,12,2018-01-26,Sienna,39686.81,5.65,Pending
310019,19,2018-01-21,Sienna,34174.12,5.48,Completed
310020,15,2018-01-20,Sienna,33050.89,4.86,Completed
310021,12,2018-01-01,Camry,31100.48,5.65,Completed
310022,16,2018-01-16,Camry,29072.92,6.06,Completed
310023,10,2018-01-22,Tacoma,22581.2,4.88,Completed
310024,5,2018-01-18,Tundra,31693.68,5.34,Completed
310025,6,2018-01-14,Camry,18837.05,3.86,Completed
310026,9,2018-01-30,Highlander,32506.1,4.4,Completed
310027,9,2018-01-30,Corolla,14360.47,4.4,Completed
310028,9,2018-01-20,Tundra,25856.6,4.4,Completed
310029,3,2018-01-19,Prius,23460.91,5.69,Completed
310030,12,2018-01-24,Sienna,39949.81,5.65,Completed
310031,5,2018-01-02,Sienna,29678.35,5.34,Completed
310032,20,2018-01-08,Tacoma,32861.26,5.77,Completed
310033,9,2018-01-03,Tacoma,24676.06,4.4,Completed
310034,4,2018-01-28,Sienna,23914.55,3.81,Completed
310035,13,2018-01-30,Tundra,40331.17,5.61,Cancelled
310036,5,2018-01-13,Prius,22319.99,5.34,Completed
310037,13,2018-01-10,Corolla,20865.75,5.61,Pending
310038,1,2018-01-14,Camry,26032.21,5.24,Pending
310039,15,2018-01-15,Corolla,21632.77,4.86,Completed
310040,12,2018-01-07,RAV4,31373.88,5.65,Completed
310041,19,2018-01-26,Highlander,44109.3,5.48,Completed
310042,2,2018-01-16,Camry,21584.63,4.0,Completed
310043,4,2018-01-30,Corolla,13946.53,3.81,Completed
310044,17,2018-01-08,Corolla,15407.89,4.51,Completed
310045,12,2018-01-30,Tacoma,29271.47,5.65,Completed
310046,4,2018-01-04,Camry,19602.95,3.81,Completed
310047,13,2018-01-30,Tacoma,35575.49,5.61,Completed
310048,10,2018-01-01,RAV4,26866.74,4.88,Completed
310049,7,2018-01-24,Corolla,22379.85,5.39,Completed
310050,1,2018-01-09,Tundra,30751.86,5.24,Completed
310051,7,2018-01-08,Tundra,39065.69,5.39,Completed
310052,10,2018-01-06,Sienna,28100.71,4.88,Completed
310053,17,2018-01-14,Tacoma,19738.68,4.51,Completed
310054,6,2018-01-14,Highlander,34699.22,3.86,Completed
310055,1,2018-01-22,RAV4,27826.26,5.24,Completed
310056,7,2018-01-06,Camry,28302.71,5.39,Completed
310057,14,2018-01-19,Prius,24702.08,5.1,Completed
310058,19,2018-01-10,Tacoma,28043.35,5.48,Completed
310059,5,2018-01-03,Corolla,16797.72,5.34,Completed
310060,14,2018-01-15,Sienna,38605.49,5.1,Completed
310061,12,2018-01-10,Highlander,50111.79,5.65,Completed
310062,7,2018-01-26,Prius,25276.69,5.39,Completed
310063,5,2018-01-31,Sienna,30146.44,5.34,Completed
310064,8,2018-01-11,Tundra,33841.42,5.84,Completed
310065,8,2018-01-14,RAV4,34726.95,5.84,Completed
310066,17,2018-01-25,Highlander,35479.83,4.51,Pending
310067,3,2018-01-05,Tundra,38403.94,5.69,Completed
310068,17,2018-01-22,Corolla,13351.95,4.51,Completed
310069,2,2018-01-05,Sienna,27635.88,4.0,Completed
310070,9,2018-01-10,Prius,16854.1,4.4,Pending
310071,11,2018-01-30,Tundra,29490.99,4.16,Pending
310072,12,2018-01-30,RAV4,33729.41,5.65,Completed
310073,19,2018-01-14,Camry,24513.89,5.48,Completed
310074,14,2018-01-16,Highlander,40879.35,5.1,Completed
310075,15,2018-01-05,Tacoma,33478.6,4.86,Completed
310076,16,2018-01-30,Sienna,40848.24,6.06,Completed
310077,10,2018-01-11,Corolla,14385.12,4.88,Completed
310078,13,2018-01-21,Sienna,37227.3,5.61,Completed
310079,8,2018-01-25,Corolla,22987.59,5.84,Completed
310080,14,2018-01-11,Tundra,33558.66,5.1,Completed
310081,13,2018-01-02,Tundra,41008.38,5.61,Completed
310082,8,2018-01-05,RAV4,36449.95,5.84,Completed
310083,16,2018-01-27,Sienna,41075.96,6.06,Pending
310084,10,2018-01-05,Sienna,26370.2,4.88,Completed
310085,15,2018-01-20,Tundra,38486.12,4.86,Completed
310086,8,2018-01-12,Prius,21952.73,5.84,Completed
310087,4,2018-01-12,Highlander,34917.7,3.81,Completed
310088,10,2018-01-22,Highlander,32673.38,4.88,Completed
310089,8,2018-01-14,Camry,27360.52,5.84,Completed
310090,5,2018-01-28,Camry,23940.24,5.34,Completed
310091,6,2018-01-27,Sienna,23698.73,3.86,Completed
310092,8,2018-01-23,Tacoma,33569.16,5.84,Completed
310093,17,2018-01-12,Sienna,28212.43,4.51,Completed
310094,2,2018-01-23,Camry,21397.85,4.0,Completed
310095,19,2018-01-19,Prius,21363.04,5.48,Completed
310096,4,2018-01-06,Highlander,33004.77,3.81,Pending
310097,3,2018-01-18,Tacoma,33354.99,5.69,Completed
310098,8,2018-01-12,Prius,23739.97,5.84,Completed
310099,2,2018-01-27,Camry,24047.47,4.0,Completed
310100,16,2018-01-31,Tacoma,29448.74,6.06,Completed
310101,11,2018-01-22,Sienna,28515.52,4.16,Completed
310102,14,2018-01-26,Tundra,36750.31,5.1,Completed
310103,1,2018-01-23,Prius,19239.59,5.24,Completed
310104,5,2018-01-05,Tacoma,26752.31,5.34,Completed
310105,10,2018-01-30,Sienna,26699.03,4.88,Completed
310106,9,2018-01-22,Prius,17802.78,4.4,Completed
310107,20,2018-01-07,Camry,27579.48,5.77,Completed
310108,5,2018-01-06,Highlander,41318.13,5.34,Completed
310109,12,2018-01-20,Sienna,38654.25,5.65,Completed
310110,2,2018-01-16,Sienna,30831.78,4.0,Completed
310111,4,2018-01-04,Tacoma,20059.24,3.81,Completed
310112,13,2018-01-02,Camry,31236.04,5.61,Completed
310113,6,2018-01-20,Tacoma,23706.58,3.86,Completed
310114,13,2018-01-14,Corolla,21125.14,5.61,Completed
310115,4,2018-01-13,Sienna,27773.7,3.81,Completed
310116,15,2018-01-29,Corolla,18861.55,4.86,Completed
310117,18,2018-01-24,Tacoma,36592.65,5.68,Completed
310118,4,2018-01-15,Corolla,15108.22,3.81,Completed
310119,12,2018-01-14,Prius,25569.59,5.65,Completed
310120,16,2018-01-20,Prius,24767.9,6.06,Completed
310121,20,2018-01-16,Sienna,38028.63,5.77,Completed
310122,12,2018-01-21,Corolla,19492.88,5.65,Completed
310123,18,2018-01-12,Tundra,40622.64,5.68,Completed
310124,6,2018-01-25,Sienna,26712.43,3.86,Completed
310125,20,2018-01-08,RAV4,33230.92,5.77,Completed
310126,15,2018-01-29,Highlander,43206.4,4.86,Completed
310127,8,2018-01-01,Highlander,48674.78,5.84,Completed
310128,5,2018-01-17,Prius,18280.86,5.34,Completed
310129,19,2018-01-01,Tacoma,25808.59,5.48,Completed
310130,19,2018-01-03,RAV4,29148.99,5.48,Completed
310131,19,2018-01-04,Prius,20658.13,5.48,Completed
310132,15,2018-01-20,Tundra,35215.57,4.86,Completed
310133,3,2018-01-30,Corolla,20977.23,5.69,Completed
310134,1,2018-01-08,RAV4,25920.07,5.24,Completed
310135,4,2018-01-14,Tundra,25231.46,3.81,Completed
310136,1,2018-01-07,RAV4,28830.51,5.24,Completed
310137,8,2018-01-15,Highlander,46510.42,5.84,Completed
310138,10,2018-01-19,Prius,16320.18,4.88,Completed
310139,13,2018-01-24,Sienna,34985.92,5.61,Completed
310140,2,2018-01-19,Tundra,26576.22,4.0,Completed
310141,3,2018-01-22,Tacoma,34479.27,5.69,Completed
310142,8,2018-01-29,RAV4,31826.11,5.84,Completed
310143,8,2018-01-01,Sienna,38954.75,5.84,Completed
310144,1,2018-01-16,Sienna,32755.55,5.24,Completed
310145,16,2018-01-12,Prius,26888.51,6.06,Completed
310146,20,2018-01-03,Prius,25592.86,5.77,Completed
310147,10,2018-01-17,Camry,22603.75,4.88,Completed
310148,17,2018-01-07,Camry,18733.92,4.51,Cancelled
310149,15,2018-01-18,Corolla,22173.0,4.86,Completed
310150,20,2018-01-25,Tundra,35821.13,5.77,Completed
310151,11,2018-01-16,Camry,19480.03,4.16,Completed
310152,6,2018-01-23,Tundra,26791.98,3.86,Completed
310153,3,2018-01-10,Prius,25109.84,5.69,Completed
310154,20,2018-01-03,Highlander,50308.82,5.77,Completed
310155,12,2018-01-16,Tundra,33849.23,5.65,Completed
310156,4,2018-01-04,RAV4,20980.75,3.81,Completed
310157,20,2018-01-27,Highlander,47189.3,5.77,Completed
310158,1,2018-01-01,Prius,19861.9,5.24,Completed
310159,7,2018-01-23,Camry,29952.67,5.39,Completed
310160,16,2018-01-18,Prius,25525.79,6.06,Completed
310161,19,2018-01-20,Camry,24620.64,5.48,Completed
310162,12,2018-01-13,Prius,24187.44,5.65,Pending
310163,5,2018-01-18,Prius,18785.17,5.34,Completed
310164,8,2018-01-18,Corolla,20932.38,5.84,Completed
310165,14,2018-01-18,Highlander,47191.28,5.1,Completed
310166,20,2018-01-17,Corolla,20278.18,5.77,Pending
310167,18,2018-01-27,Prius,24474.15,5.68,Completed
310168,18,2018-01-02,Tundra,36308.22,5.68,Completed
310169,2,2018-01-08,Camry,21465.43,4.0,Completed
310170,8,2018-01-20,Corolla,19848.58,5.84,Completed
310171,4,2018-01-09,Corolla,13448.7,3.81,Completed
310172,12,2018-01-26,Tacoma,32952.38,5.65,Completed
310173,7,2018-01-24,Sienna,39146.27,5.39,Cancelled
310174,11,2018-01-17,Prius,18083.74,4.16,Completed
310175,2,2018-01-09,Sienna,26204.62,4.0,Completed
310176,15,2018-01-03,RAV4,32680.01,4.86,Completed
310177,14,2018-01-14,Corolla,21039.07,5.1,Completed
310178,8,2018-01-07,Corolla,20548.81,5.84,Completed
310179,4,2018-01-05,Camry,19950.29,3.81,Completed
310180,13,2018-01-29,Sienna,39338.89,5.61,Completed
310181,6,2018-01-11,RAV4,24500.11,3.86,Completed
310182,11,2018-01-07,RAV4,22337.34,4.16,Completed
310183,11,2018-01-25,Tundra,29083.27,4.16,Completed
310184,7,2018-01-10,Tacoma,33420.66,5.39,Completed
310185,15,2018-01-16,Highlander,47045.1,4.86,Completed
310186,6,2018-01-05,Tundra,28539.67,3.86,Cancelled
310187,20,2018-01-08,Corolla,22176.07,5.77,Completed
310188,5,2018-01-06,Corolla,17728.68,5.34,Completed
310189,4,2018-01-22,Tacoma,20979.66,3.81,Completed
310190,18,2018-01-02,RAV4,38350.29,5.68,Completed
310191,1,2018-01-19,RAV4,26086.86,5.24,Completed
310192,14,2018-01-21,Camry,29616.95,5.1,Completed
310193,2,2018-01-29,Corolla,17028.07,4.0,Completed
310194,8,2018-01-10,RAV4,36262.58,5.84,Pending
310195,9,2018-01-12,Tacoma,24274.17,4.4,Completed
310196,7,2018-01-17,Camry,32024.79,5.39,Completed
310197,20,2018-01-16,Corolla,19390.79,5.77,Completed
310198,18,2018-01-20,Tundra,43546.76,5.68,Completed
310199,13,2018-01-24,Corolla,21758.38,5.61,Completed
310200,19,2018-01-02,Sienna,31300.77,5.48,Completed
310201,18,2018-01-14,Tacoma,34060.08,5.68,Completed
310202,3,2018-01-26,Highlander,50701.68,5.69,Completed
310203,2,2018-01-13,Tacoma,25175.43,4.0,Completed
310204,13,2018-01-12,Corolla,23902.93,5.61,Completed
310205,4,2018-01-21,Camry,21549.72,3.81,Completed
310206,15,2018-01-25,Sienna,33251.05,4.86,Completed
310207,14,2018-01-10,Corolla,21695.55,5.1,Completed
310208,11,2018-01-25,RAV4,24851.33,4.16,Completed
310209,13,2018-01-22,RAV4,32861.01,5.61,Completed
310210,3,2018-01-05,RAV4,33856.19,5.69,Completed
310211,16,2018-01-22,Corolla,21152.6,6.06,Completed
310212,4,2018-01-26,Sienna,24969.26,3.81,Completed
310213,12,2018-01-06,Tacoma,30539.8,5.65,Completed
310214,10,2018-01-05,Sienna,28237.13,4.88,Completed
310215,11,2018-01-13,Sienna,27480.02,4.16,Completed
310216,18,2018-01-30,Corolla,23870.32,5.68,Completed
310217,15,2018-01-10,Sienna,38651.52,4.86,Completed
310218,2,2018-01-09,RAV4,27937.21,4.0,Completed
310219,3,2018-01-27,Camry,31441.72,5.69,Completed
310220,10,2018-01-12,Highlander,37000.88,4.88,Completed
310221,13,2018-01-21,Sienna,40987.2,5.61,Completed
310222,1,2018-01-20,Sienna,33255.75,5.24,Completed
310223,2,2018-01-12,Prius,18716.45,4.0,Completed
310224,20,2018-01-30,RAV4,33424.94,5.77,Completed
310225,10,2018-01-31,RAV4,22979.98,4.88,Completed
310226,12,2018-01-28,Prius,22792.95,5.65,Completed
310227,2,2018-01-21,Tundra,30002.93,4.0,Completed
310228,8,2018-01-15,Sienna,35474.17,5.84,Completed
310229,11,2018-01-26,Tacoma,21826.86,4.16,Completed
310230,4,2018-01-09,Sienna,24164.98,3.81,Completed
310231,18,2018-01-20,Corolla,24741.8,5.68,Completed
310232,5,2018-01-07,Sienna,31333.97,5.34,Completed
310233,19,2018-01-23,Highlander,44057.45,5.48,Pending
310234,12,2018-01-04,Corolla,22375.43,5.65,Completed
310235,18,2018-01-23,Camry,27907.57,5.68,Completed
310236,12,2018-01-06,Corolla,21388.34,5.65,Completed
310237,4,2018-01-10,Corolla,14109.91,3.81,Completed
310238,11,2018-01-10,Highlander,33262.2,4.16,Completed
310239,17,2018-01-24,Highlander,35765.1,4.51,Completed
310240,16,2018-01-06,Tundra,35800.78,6.06,Completed
310241,13,2018-01-17,Sienna,37679.93,5.61,Completed
310242,12,2018-01-29,RAV4,31012.6,5.65,Completed
310243,18,2018-01-21,Highlander,54922.49,5.68,Completed
310244,20,2018-01-14,Highlander,47039.88,5.77,Completed
310245,18,2018-01-31,Tacoma,33176.51,5.68,Completed
310246,20,2018-01-06,RAV4,33170.56,5.77,Completed
310247,3,2018-01-14,Tacoma,29507.12,5.69,Completed
310248,14,2018-01-13,Highlander,46603.69,5.1,Completed
310249,11,2018-01-11,Corolla,16014.58,4.16,Completed
310250,14,2018-01-24,Tundra,35930.21,5.1,Completed
310251,9,2018-01-07,Tundra,29031.88,4.4,Completed
310252,11,2018-01-25,Camry,19898.51,4.16,Completed
310253,13,2018-01-03,Corolla,23715.29,5.61,Completed
310254,9,2018-01-05,Highlander,34201.62,4.4,Completed
310255,8,2018-01-10,Highlander,44667.04,5.84,Completed
310256,3,2018-01-25,Camry,28092.26,5.69,Completed
310257,20,2018-01-04,Tundra,39033.38,5.77,Completed
310258,13,2018-01-29,Camry,29582.0,5.61,Completed
310259,3,2018-01-18,Tundra,39305.26,5.69,Completed
310260,15,2018-01-14,Prius,24491.34,4.86,Completed
310261,12,2018-01-20,RAV4,33856.47,5.65,Completed
310262,7,2018-01-12,Corolla,20491.45,5.39,Completed
310263,17,2018-01-30,Tacoma,21636.44,4.51,Completed
310264,16,2018-01-18,Prius,26304.18,6.06,Completed
310265,17,2018-01-09,Tundra,28099.07,4.51,Completed
310266,15,2018-01-28,Tundra,38993.06,4.86,Completed
310267,18,2018-01-05,Prius,25224.61,5.68,Completed
310268,13,2018-01-15,Prius,26838.66,5.61,Completed
310269,7,2018-01-28,RAV4,37381.38,5.39,Completed
310270,20,2018-01-28,RAV4,33931.08,5.77,Completed
310271,8,2018-01-14,RAV4,36518.28,5.84,Completed
310272,2,2018-01-10,Tundra,25618.19,4.0,Completed
310273,6,2018-01-16,Camry,21986.01,3.86,Completed
310274,13,2018-01-23,Highlander,52920.42,5.61,Completed
310275,6,2018-01-08,Prius,15957.28,3.86,Completed
310276,1,2018-01-06,Corolla,18276.76,5.24,Completed
310277,19,2018-01-01,Prius,20220.59,5.48,Completed
310278,7,2018-01-11,Tacoma,30506.09,5.39,Completed
310279,14,2018-01-07,RAV4,31089.88,5.1,Completed
310280,12,2018-01-04,Tundra,36655.44,5.65,Completed
310281,19,2018-01-13,Camry,27082.92,5.48,Completed
310282,20,2018-01-15,Tundra,39074.58,5.77,Completed
310283,7,2018-01-08,Corolla,21020.25,5.39,Completed
310284,8,2018-01-24,RAV4,36930.62,5.84,Completed
310285,19,2018-01-11,Prius,22424.01,5.48,Completed
310286,2,2018-01-18,RAV4,27979.18,4.0,Completed
310287,13,2018-01-25,Tundra,36225.19,5.61,Completed
310288,19,2018-01-18,RAV4,27230.87,5.48,Completed
310289,9,2018-01-31,RAV4,26008.54,4.4,Completed
310290,2,2018-01-22,RAV4,24784.86,4.0,Completed
310291,5,2018-01-13,Highlander,40607.23,5.34,Pending
310292,15,2018-01-17,Camry,29924.44,4.86,Completed
310293,11,2018-01-25,Tacoma,22487.87,4.16,Completed
310294,1,2018-01-19,Corolla,18811.07,5.24,Completed
310295,11,2018-01-22,Camry,22249.06,4.16,Cancelled
310296,15,2018-01-13,RAV4,30109.76,4.86,Completed
310297,15,2018-01-15,Corolla,20523.13,4.86,Completed
310298,18,2018-01-26,Camry,29299.88,5.68,Completed
310299,11,2018-01-08,Tacoma,20771.77,4.16,Completed
310300,1,2018-01-08,RAV4,30379.55,5.24,Completed
310301,7,2018-01-15,Highlander,50163.97,5.39,Completed
310302,6,2018-01-08,Highlander,35201.31,3.86,Completed
310303,8,2018-01-05,Prius,22341.29,5.84,Completed
310304,4,2018-01-18,Camry,18555.34,3.81,Completed
310305,15,2018-01-07,Tundra,34790.22,4.86,Completed
310306,7,2018-01-15,Sienna,36802.37,5.39,Completed
310307,14,2018-01-01,Tacoma,31129.62,5.1,Completed
310308,1,2018-01-16,Sienna,30091.24,5.24,Completed
310309,7,2018-01-07,Camry,26988.69,5.39,Completed
310310,10,2018-01-07,Camry,21801.35,4.88,Completed
310311,14,2018-01-03,Sienna,35662.91,5.1,Completed
310312,16,2018-01-18,Camry,31410.25,6.06,Completed
310313,5,2018-01-16,Tundra,28459.8,5.34,Completed
310314,10,2018-01-31,RAV4,25431.81,4.88,Cancelled
310315,16,2018-01-14,Prius,24387.19,6.06,Completed
310316,5,2018-01-23,Highlander,38451.87,5.34,Completed
310317,8,2018-01-20,Tacoma,32869.84,5.84,Completed
310318,12,2018-01-04,Tundra,32978.4,5.65,Completed
310319,14,2018-01-01,Tundra,36221.05,5.1,Completed
310320,8,2018-01-13,Tacoma,33280.05,5.84,Completed
310321,15,2018-01-23,Prius,23405.06,4.86,Completed
310322,13,2018-01-03,Camry,29034.02,5.61,Completed
310323,7,2018-01-31,Sienna,36632.73,5.39,Completed
310324,12,2018-01-20,Corolla,19096.07,5.65,Completed
310325,20,2018-01-07,Tacoma,29834.22,5.77,Completed
310326,6,2018-01-17,Highlander,31099.73,3.86,Pending
310327,18,2018-01-21,Prius,24666.77,5.68,Completed
310328,15,2018-01-09,Sienna,38335.21,4.86,Completed
310329,19,2018-01-31,Prius,22026.46,5.48,Completed
310330,19,2018-01-28,Tundra,29020.76,5.48,Completed
310331,7,2018-01-22,Prius,26411.02,5.39,Completed
310332,14,2018-01-06,Tundra,38730.81,5.1,Completed
310333,11,2018-01-20,Tacoma,24752.59,4.16,Completed
310334,15,2018-01-23,Corolla,21088.92,4.86,Completed
310335,15,2018-01-24,Corolla,20441.43,4.86,Completed
310336,14,2018-01-04,Tundra,37861.84,5.1,Completed
310337,20,2018-01-06,Highlander,44679.29,5.77,Completed
310338,18,2018-01-23,Tundra,39281.24,5.68,Completed
310339,1,2018-01-26,Prius,18232.65,5.24,Completed
310340,15,2018-01-13,Tacoma,31410.41,4.86,Completed
310341,6,2018-01-02,Corolla,13823.39,3.86,Completed
310342,20,2018-01-03,RAV4,35862.25,5.77,Completed
310343,20,2018-01-21,Prius,21944.97,5.77,Completed
310344,14,2018-01-15,Tacoma,30708.1,5.1,Completed
310345,1,2018-01-13,RAV4,30028.25,5.24,Completed
310346,7,2018-01-29,Corolla,21130.97,5.39,Completed
310347,6,2018-01-21,RAV4,21893.45,3.86,Completed
310348,12,2018-01-17,Corolla,21620.01,5.65,Completed
310349,7,2018-01-17,Tacoma,29846.09,5.39,Completed
310350,18,2018-01-24,Corolla,23880.5,5.68,Completed
310351,9,2018-01-07,Sienna,24755.59,4.4,Completed
310352,9,2018-01-19,Corolla,14340.05,4.4,Completed
310353,18,2018-01-20,Camry,28446.37,5.68,Completed
310354,15,2018-01-10,Sienna,38247.0,4.86,Completed
310355,4,2018-01-11,Corolla,13794.79,3.81,Completed
310356,18,2018-01-03,Highlander,50576.71,5.68,Completed
310357,11,2018-01-02,Camry,20771.08,4.16,Completed
310358,7,2018-01-03,Tundra,40848.39,5.39,Completed
310359,12,2018-01-27,Camry,30379.94,5.65,Completed
310360,11,2018-01-08,Tundra,26082.19,4.16,Completed
310361,18,2018-01-19,Prius,28344.04,5.68,Completed
310362,13,2018-01-30,Sienna,36959.74,5.61,Completed
310363,17,2018-01-30,Prius,16126.02,4.51,Completed
310364,5,2018-01-17,Camry,24841.78,5.34,Completed
310365,11,2018-01-25,RAV4,25505.59,4.16,Completed
310366,4,2018-01-10,Corolla,15948.34,3.81,Completed
310367,2,2018-01-06,Camry,23681.71,4.0,Completed
310368,11,2018-01-03,Corolla,16316.14,4.16,Completed
310369,7,2018-01-09,RAV4,31992.77,5.39,Completed
310370,20,2018-01-04,Sienna,35110.08,5.77,Completed
310371,5,2018-01-15,Sienna,31016.93,5.34,Completed
310372,20,2018-01-13,Camry,30000.81,5.77,Completed
310373,18,2018-01-21,Camry,32966.39,5.68,Completed
310374,15,2018-01-23,Corolla,22625.02,4.86,Completed
310375,20,2018-01-06,RAV4,33192.82,5.77,Completed
310376,6,2018-01-10,Tacoma,20718.28,3.86,Completed
310377,14,2018-01-02,Corolla,21290.67,5.1,Completed
310378,20,2018-01-07,Camry,28524.16,5.77,Completed
310379,8,2018-01-10,Tundra,34930.98,5.84,Completed
310380,14,2018-01-07,Tacoma,27532.77,5.1,Completed
310381,3,2018-01-19,Camry,29773.46,5.69,Completed
310382,20,2018-01-13,RAV4,34945.99,5.77,Completed
310383,18,2018-01-30,Highlander,45642.61,5.68,Completed
310384,4,2018-01-07,Tundra,23537.25,3.81,Completed
310385,11,2018-01-20,Tacoma,21924.25,4.16,Completed
310386,4,2018-01-08,Camry,21406.3,3.81,Completed
310387,14,2018-01-11,Sienna,31779.62,5.1,Completed
310388,3,2018-01-09,RAV4,32005.23,5.69,Completed
310389,19,2018-01-11,RAV4,27097.56,5.48,Completed
310390,11,2018-01-26,Camry,19946.12,4.16,Completed
310391,16,2018-01-07,Camry,27493.29,6.06,Completed
310392,2,2018-01-07,Camry,21727.54,4.0,Completed
310393,15,2018-01-02,Sienna,33365.57,4.86,Completed
310394,18,2018-01-14,Highlander,49093.08,5.68,Completed
310395,3,2018-01-30,Sienna,34565.3,5.69,Completed
310396,5,2018-01-18,Tacoma,24674.2,5.34,Completed
310397,8,2018-01-13,Prius,26122.45,5.84,Completed
310398,3,2018-01-19,Tundra,34723.48,5.69,Completed
310399,2,2018-01-27,Tundra,25471.2,4.0,Completed
310400,13,2018-01-08,RAV4,31835.75,5.61,Completed
310401,12,2018-01-13,Sienna,34237.39,5.65,Completed
310402,19,2018-01-30,Highlander,37695.52,5.48,Completed
310403,11,2018-01-25,Prius,16332.39,4.16,Completed
310404,3,2018-01-10,Tacoma,34085.47,5.69,Completed
310405,9,2018-01-31,Camry,19810.94,4.4,Completed
310406,18,2018-01-25,Prius,24847.85,5.68,Completed
310407,6,2018-01-27,Camry,22093.84,3.86,Completed
310408,14,2018-01-22,Corolla,18681.48,5.1,Completed
310409,18,2018-01-02,Highlander,48284.52,5.68,Completed
310410,12,2018-01-14,Sienna,37913.74,5.65,Completed
310411,14,2018-01-24,RAV4,34383.23,5.1,Completed
310412,15,2018-01-04,RAV4,32843.39,4.86,Completed
310413,3,2018-01-14,Tacoma,34660.17,5.69,Completed
310414,12,2018-01-19,Camry,27226.66,5.65,Completed
310415,9,2018-01-09,Corolla,15812.22,4.4,Completed
310416,3,2018-01-06,Corolla,21458.06,5.69,Completed
310417,9,2018-01-16,Sienna,27571.99,4.4,Completed
310418,15,2018-01-21,Highlander,48251.74,4.86,Completed
310419,8,2018-01-17,Highlander,48139.28,5.84,Completed
310420,11,2018-01-13,Sienna,24638.84,4.16,Completed
310421,9,2018-01-02,Highlander,34451.43,4.4,Completed
310422,18,2018-01-08,RAV4,39290.73,5.68,Completed
310423,4,2018-01-28,Sienna,23142.83,3.81,Completed
310424,3,2018-01-18,Prius,24020.02,5.69,Completed
310425,2,2018-01-16,Tundra,28795.8,4.0,Completed
310426,8,2018-01-20,Tundra,33845.38,5.84,Pending
310427,7,2018-01-03,Corolla,23066.75,5.39,Completed
310428,17,2018-01-02,Sienna,23327.89,4.51,Completed
310429,4,2018-01-02,Highlander,35099.29,3.81,Completed
310430,12,2018-01-23,Tacoma,33456.14,5.65,Completed
310431,8,2018-01-10,Tundra,37762.22,5.84,Completed
310432,5,2018-01-08,Tacoma,27855.18,5.34,Completed
310433,20,2018-01-08,Corolla,22112.25,5.77,Pending
310434,10,2018-01-26,Prius,17711.68,4.88,Completed
310435,7,2018-01-02,RAV4,37614.56,5.39,Completed
310436,5,2018-01-03,Camry,23697.23,5.34,Completed
310437,7,2018-01-17,Tacoma,30029.15,5.39,Completed
310438,20,2018-01-08,RAV4,33526.14,5.77,Completed
310439,1,2018-01-07,Sienna,31442.89,5.24,Completed
310440,16,2018-01-10,Prius,23303.82,6.06,Completed
310441,7,2018-01-26,Tundra,36186.23,5.39,Completed
310442,4,2018-01-03,RAV4,24436.74,3.81,Completed
310443,2,2018-01-24,Highlander,38261.36,4.0,Completed
310444,6,2018-01-12,Sienna,23700.22,3.86,Completed
310445,9,2018-01-26,RAV4,24798.39,4.4,Completed
310446,19,2018-01-14,Tundra,34701.96,5.48,Completed
310447,2,2018-01-17,Tacoma,23375.08,4.0,Completed
310448,5,2018-01-02,Camry,23859.91,5.34,Completed
310449,20,2018-01-21,Tundra,38051.89,5.77,Completed
310450,3,2018-01-17,Sienna,36571.53,5.69,Completed
310451,9,2018-01-17,RAV4,24992.23,4.4,Completed
310452,9,2018-01-15,Tundra,25153.89,4.4,Completed
310453,1,2018-01-04,Highlander,37692.73,5.24,Completed
310454,2,2018-01-27,Tacoma,25998.69,4.0,Completed
310455,3,2018-01-27,Prius,27056.02,5.69,Completed
310456,10,2018-01-03,Prius,16353.53,4.88,Completed
310457,17,2018-01-27,Sienna,27561.92,4.51,Completed
310458,3,2018-01-09,Tundra,39197.92,5.69,Completed
310459,9,2018-01-16,Tacoma,23454.99,4.4,Completed
310460,17,2018-01-13,Tacoma,22354.68,4.51,Completed
310461,19,2018-01-30,Tacoma,29071.71,5.48,Completed
310462,10,2018-01-24,Corolla,17370.26,4.88,Completed
310463,11,2018-01-30,RAV4,23243.9,4.16,Pending
310464,18,2018-01-07,Tacoma,33921.47,5.68,Pending
310465,3,2018-01-01,RAV4,31518.54,5.69,Completed
310466,10,2018-01-11,Sienna,28218.35,4.88,Completed
310467,8,2018-01-25,Tundra,33658.9,5.84,Completed
310468,7,2018-01-23,Prius,22660.14,5.39,Completed
310469,7,2018-01-24,Tacoma,33295.04,5.39,Completed
310470,4,2018-01-19,Corolla,14831.46,3.81,Completed
310471,6,2018-01-25,Prius,16865.97,3.86,Completed
310472,10,2018-01-19,Sienna,28670.51,4.88,Completed
310473,18,2018-01-11,RAV4,36231.11,5.68,Completed
310474,17,2018-01-02,Prius,17837.06,4.51,Pending
310475,17,2018-01-09,Camry,21556.01,4.51,Completed
310476,2,2018-01-06,Highlander,38318.56,4.0,Completed
310477,9,2018-01-28,Highlander,35135.13,4.4,Completed
310478,12,2018-01-01,Camry,30531.42,5.65,Completed
310479,14,2018-01-16,Tundra,32585.5,5.1,Completed
310480,14,2018-01-07,Highlander,42199.88,5.1,Completed
310481,13,2018-01-01,Corolla,23256.4,5.61,Completed
310482,11,2018-01-09,Camry,19042.14,4.16,Completed
310483,16,2018-01-16,Camry,28447.15,6.06,Completed
310484,3,2018-01-26,Corolla,20411.95,5.69,Completed
310485,20,2018-01-20,Highlander,43733.54,5.77,Completed
310486,14,2018-01-25,Tacoma,28880.15,5.1,Completed
310487,11,2018-01-18,Corolla,16608.21,4.16,Completed
310488,9,2018-01-11,Tacoma,22937.68,4.4,Completed
310489,16,2018-01-21,Tacoma,31261.68,6.06,Completed
310490,2,2018-01-21,Corolla,16632.14,4.0,Completed
310491,5,2018-01-09,RAV4,25871.69,5.34,Completed
310492,19,2018-01-01,Tacoma,24651.53,5.48,Completed
310493,4,2018-01-02,Prius,17270.26,3.81,Completed
310494,9,2018-01-22,Tacoma,23659.47,4.4,Completed
310495,14,2018-01-09,Highlander,44764.04,5.1,Completed
310496,16,2018-01-18,Prius,25669.04,6.06,Completed
310497,13,2018-01-12,Tundra,37269.57,5.61,Cancelled
310498,10,2018-01-23,Tacoma,25540.74,4.88,Completed
310499,16,2018-01-05,Camry,26931.21,6.06,Completed
310500,20,2018-01-08,Tundra,38228.82,5.77,Completed
310501,20,2018-01-01,Prius,25418.03,5.77,Completed
310502,19,2018-01-09,Highlander,41959.29,5.48,Completed
310503,9,2018-01-04,Highlander,34745.71,4.4,Completed
310504,3,2018-01-30,Highlander,53665.91,5.69,Completed
310505,19,2018-01-04,Camry,25124.81,5.48,Completed
310506,8,2018-01-03,Sienna,38274.31,5.84,Completed
310507,4,2018-01-31,RAV4,24233.47,3.81,Completed
310508,18,2018-01-02,Prius,24665.76,5.68,Completed
310509,7,2018-01-30,Camry,29785.14,5.39,Completed
310510,12,2018-01-23,Highlander,43146.03,5.65,Completed
310511,13,2018-01-06,Camry,32710.52,5.61,Completed
310512,20,2018-01-15,Sienna,36413.92,5.77,Completed
310513,10,2018-01-21,Prius,18059.53,4.88,Completed
310514,15,2018-01-18,RAV4,31803.8,4.86,Completed
310515,20,2018-01-18,RAV4,34351.55,5.77,Pending
310516,6,2018-01-31,Tacoma,20803.82,3.86,Completed
310517,13,2018-01-02,Tundra,38009.21,5.61,Completed
310518,2,2018-01-18,RAV4,25633.87,4.0,Completed
310519,14,2018-01-23,Prius,21064.46,5.1,Completed
310520,7,2018-01-06,Tacoma,28682.36,5.39,Completed
310521,12,2018-01-05,Corolla,19688.98,5.65,Completed
310522,7,2018-01-12,Highlander,52306.75,5.39,Completed
310523,11,2018-01-25,Prius,18733.58,4.16,Completed
310524,19,2018-01-14,Highlander,39115.79,5.48,Completed
310525,5,2018-01-20,Tundra,31880.63,5.34,Completed
310526,2,2018-01-11,RAV4,27735.66,4.0,Completed
310527,15,2018-01-14,Highlander,49925.45,4.86,Pending
310528,20,2018-01-16,Camry,29994.62,5.77,Pending
310529,5,2018-01-15,Camry,26493.4,5.34,Completed
310530,7,2018-01-25,RAV4,31975.31,5.39,Completed
310531,8,2018-01-07,Corolla,21431.71,5.84,Completed
310532,5,2018-01-25,Corolla,18217.08,5.34,Completed
310533,7,2018-01-30,RAV4,34707.39,5.39,Completed
310534,8,2018-01-07,Sienna,37743.45,5.84,Completed
310535,18,2018-01-10,Prius,25256.85,5.68,Completed
310536,3,2018-01-22,Prius,26079.89,5.69,Completed
310537,20,2018-01-06,Tundra,40745.01,5.77,Pending
310538,2,2018-01-06,Corolla,15043.55,4.0,Completed
310539,15,2018-01-16,Tundra,33947.84,4.86,Completed
310540,18,2018-01-29,Sienna,41941.34,5.68,Completed
310541,17,2018-01-07,Corolla,13618.45,4.51,Completed
310542,15,2018-01-28,Highlander,45028.32,4.86,Completed
310543,1,2018-01-23,Corolla,16024.85,5.24,Completed
310544,4,2018-01-02,RAV4,23431.46,3.81,Completed
310545,8,2018-01-25,Prius,22819.23,5.84,Completed
310546,17,2018-01-08,Tundra,27449.35,4.51,Completed
310547,8,2018-01-11,Tundra,35970.44,5.84,Completed
310548,20,2018-01-20,Camry,27556.77,5.77,Completed
310549,3,2018-01-24,Corolla,20822.26,5.69,Completed
310550,2,2018-01-14,Camry,22471.84,4.0,Completed
310551,8,2018-01-19,Corolla,20080.21,5.84,Completed
310552,17,2018-01-14,Camry,21668.83,4.51,Completed
310553,19,2018-01-22,RAV4,28501.18,5.48,Cancelled
310554,20,2018-01-07,Prius,22904.47,5.77,Completed
310555,17,2018-01-31,Prius,17289.25,4.51,Completed
310556,17,2018-01-20,Camry,21261.71,4.51,Completed
310557,9,2018-01-05,Camry,19311.23,4.4,Completed
310558,10,2018-01-21,Highlander,33594.62,4.88,Completed
310559,16,2018-01-11,Tundra,39287.11,6.06,Completed
310560,8,2018-01-23,Corolla,21037.87,5.84,Completed
310561,14,2018-01-16,Camry,24767.35,5.1,Completed
310562,9,2018-01-03,Tundra,25184.21,4.4,Completed
310563,7,2018-01-03,Tacoma,30019.47,5.39,Completed
310564,2,2018-01-13,Camry,22980.21,4.0,Completed
310565,19,2018-01-24,Camry,22837.11,5.48,Completed
310566,8,2018-01-23,Highlander,46645.29,5.84,Completed
310567,6,2018-01-13,Corolla,15761.88,3.86,Pending
310568,8,2018-01-11,Highlander,50343.42,5.84,Completed
310569,19,2018-01-03,RAV4,27780.08,5.48,Completed
310570,9,2018-01-23,Highlander,34122.71,4.4,Completed
310571,20,2018-01-05,Corolla,22982.49,5.77,Completed
310572,11,2018-01-15,RAV4,25643.63,4.16,Completed
310573,5,2018-01-03,Tacoma,27848.99,5.34,Completed
310574,6,2018-01-26,Highlander,32357.11,3.86,Completed
310575,1,2018-01-10,Corolla,16929.39,5.24,Completed
310576,19,2018-01-14,Tundra,32861.24,5.48,Completed
310577,10,2018-01-21,Sienna,28815.58,4.88,Completed
310578,3,2018-01-14,Prius,25212.8,5.69,Completed
310579,18,2018-01-24,Tacoma,36744.83,5.68,Completed
310580,8,2018-01-18,Tundra,34432.47,5.84,Completed
310581,11,2018-01-17,Corolla,16117.52,4.16,Completed
310582,14,2018-01-12,Prius,21925.2,5.1,Completed
310583,7,2018-01-21,Sienna,34688.86,5.39,Completed
310584,5,2018-01-14,Tundra,29764.48,5.34,Completed
310585,20,2018-01-02,RAV4,32465.72,5.77,Completed
310586,17,2018-01-16,Tacoma,20257.04,4.51,Completed
310587,10,2018-01-07,Camry,20510.08,4.88,Completed
310588,10,2018-01-23,Prius,19306.42,4.88,Completed
310589,14,2018-01-21,Highlander,43710.2,5.1,Completed
310590,8,2018-01-28,Tundra,35055.13,5.84,Completed
310591,12,2018-01-20,Tundra,35118.92,5.65,Completed
310592,4,2018-01-29,Sienna,22987.19,3.81,Completed
310593,8,2018-01-14,Tundra,36081.94,5.84,Completed
310594,1,2018-01-11,Prius,20690.11,5.24,Cancelled
310595,19,2018-01-25,Tundra,35001.82,5.48,Completed
310596,18,2018-01-16,Camry,28734.8,5.68,Completed
310597,19,2018-01-29,Corolla,16914.41,5.48,Completed
310598,15,2018-01-03,Camry,30159.04,4.86,Completed
310599,17,2018-01-05,Corolla,14629.8,4.51,Pending
310600,7,2018-01-28,Sienna,36596.6,5.39,Completed
310601,3,2018-01-13,Camry,30852.33,5.69,Completed
310602,13,2018-01-14,Tundra,41434.4,5.61,Completed
310603,11,2018-01-06,Camry,21229.02,4.16,Completed
310604,8,2018-01-17,Corolla,20187.12,5.84,Pending
310605,16,2018-01-07,Highlander,48578.98,6.06,Completed
310606,4,2018-01-28,Camry,20775.54,3.81,Completed
310607,2,2018-01-31,Sienna,30624.66,4.0,Completed
310608,10,2018-01-06,Prius,18525.32,4.88,Completed
310609,11,2018-01-06,Tacoma,24874.96,4.16,Completed
310610,13,2018-01-26,Camry,32309.55,5.61,Pending
310611,7,2018-01-17,Corolla,20942.07,5.39,Completed
310612,18,2018-01-16,Highlander,53370.37,5.68,Completed
310613,1,2018-01-04,Prius,18996.24,5.24,Completed
310614,3,2018-01-24,Corolla,21446.41,5.69,Completed
310615,12,2018-01-26,RAV4,31262.82,5.65,Completed
310616,7,2018-01-12,RAV4,36424.47,5.39,Completed
310617,11,2018-01-20,Tacoma,22169.22,4.16,Completed
310618,2,2018-01-03,Sienna,29669.42,4.0,Completed
310619,8,2018-01-08,Highlander,42272.71,5.84,Completed
310620,14,2018-01-24,Tundra,34637.74,5.1,Completed
310621,7,2018-01-16,Prius,23651.22,5.39,Cancelled
310622,10,2018-01-13,Prius,16413.78,4.88,Completed
310623,19,2018-01-13,RAV4,28633.09,5.48,Completed
310624,16,2018-01-18,RAV4,36886.02,6.06,Completed
310625,7,2018-01-29,Corolla,19400.33,5.39,Completed
310626,7,2018-01-17,Highlander,49225.7,5.39,Completed
310627,20,2018-01-02,Prius,24238.21,5.77,Completed
310628,17,2018-01-03,Tacoma,23264.4,4.51,Completed
310629,16,2018-01-12,Highlander,52792.14,6.06,Completed
310630,3,2018-01-22,Tundra,36286.77,5.69,Completed
310631,3,2018-01-26,Tacoma,30777.27,5.69,Completed
310632,7,2018-01-08,RAV4,30894.96,5.39,Completed
310633,5,2018-01-31,Camry,22349.42,5.34,Completed
310634,1,2018-01-27,Corolla,16647.39,5.24,Pending
310635,13,2018-01-11,Prius,25554.14,5.61,Completed
310636,5,2018-01-30,Camry,25808.68,5.34,Completed
310637,6,2018-01-03,Sienna,25312.2,3.86,Completed
310638,19,2018-01-29,RAV4,28873.4,5.48,Completed
310639,19,2018-01-18,RAV4,30391.54,5.48,Completed
310640,12,2018-01-24,Camry,30489.06,5.65,Completed
310641,16,2018-01-21,Highlander,43870.19,6.06,Completed
310642,19,2018-01-08,RAV4,31491.72,5.48,Completed
310643,17,2018-01-19,Sienna,24394.02,4.51,Completed
310644,6,2018-01-12,Tacoma,23280.23,3.86,Completed
310645,13,2018-01-19,Tundra,41462.42,5.61,Completed
310646,2,2018-01-11,RAV4,27814.14,4.0,Completed
310647,6,2018-01-03,Highlander,33817.08,3.86,Completed
310648,7,2018-01-30,RAV4,36284.68,5.39,Completed
310649,17,2018-01-19,Prius,17995.45,4.51,Completed
310650,8,2018-01-22,Tacoma,31131.74,5.84,Completed
310651,7,2018-01-24,Tundra,36155.91,5.39,Pending
310652,7,2018-01-18,Prius,22190.4,5.39,Completed
310653,11,2018-01-16,Tundra,25478.26,4.16,Cancelled
310654,19,2018-01-13,Tacoma,25224.78,5.48,Cancelled
310655,16,2018-01-30,Highlander,46738.26,6.06,Completed
310656,13,2018-01-05,Camry,31288.28,5.61,Completed
310657,19,2018-01-16,Camry,24998.53,5.48,Completed
310658,13,2018-01-12,Highlander,46825.58,5.61,Completed
310659,16,2018-01-10,Tacoma,31591.28,6.06,Pending
310660,16,2018-01-08,Sienna,40445.48,6.06,Completed
310661,12,2018-01-01,Highlander,45013.41,5.65,Completed
310662,12,2018-01-12,Sienna,38907.07,5.65,Completed
310663,15,2018-01-12,Prius,22721.09,4.86,Completed
310664,4,2018-01-21,Corolla,14281.02,3.81,Completed
310665,16,2018-01-04,RAV4,34578.92,6.06,Completed
310666,4,2018-01-24,Corolla,15409.03,3.81,Completed
310667,18,2018-01-31,Camry,33621.44,5.68,Completed
310668,14,2018-01-18,Highlander,44104.3,5.1,Completed
310669,11,2018-01-28,Highlander,32545.92,4.16,Completed
310670,13,2018-01-26,Camry,32573.67,5.61,Completed
310671,9,2018-01-10,Prius,17754.99,4.4,Completed
310672,3,2018-01-08,Sienna,39281.65,5.69,Completed
310673,10,2018-01-04,Tacoma,25086.06,4.88,Completed
310674,17,2018-01-13,Tacoma,22970.38,4.51,Completed
310675,18,2018-01-17,RAV4,33754.54,5.68,Completed
310676,8,2018-01-28,Tacoma,31374.1,5.84,Completed
310677,5,2018-01-22,Sienna,29615.98,5.34,Completed
310678,1,2018-01-24,Corolla,17410.85,5.24,Completed
310679,10,2018-01-02,Tundra,29667.33,4.88,Completed
310680,4,2018-01-27,Corolla,14626.85,3.81,Completed
310681,5,2018-01-24,RAV4,30582.57,5.34,Completed
310682,3,2018-01-01,Camry,28414.34,5.69,Completed
310683,6,2018-01-26,Corolla,15713.52,3.86,Completed
310684,4,2018-01-10,Prius,17465.89,3.81,Completed
310685,12,2018-01-04,Tacoma,33530.0,5.65,Completed
310686,16,2018-01-17,Prius,26381.05,6.06,Completed
310687,3,2018-01-01,Highlander,46473.58,5.69,Completed
310688,5,2018-01-12,Camry,23457.33,5.34,Completed
310689,17,2018-01-16,Camry,19642.97,4.51,Completed
310690,12,2018-01-22,Tacoma,32325.37,5.65,Completed
310691,8,2018-01-24,Corolla,20582.79,5.84,Completed
310692,12,2018-01-26,Tundra,33372.3,5.65,Completed
310693,14,2018-01-19,RAV4,33071.21,5.1,Completed
310694,5,2018-01-28,Highlander,38354.09,5.34,Completed
310695,6,2018-01-31,Camry,21448.57,3.86,Completed
310696,2,2018-01-16,Tundra,30070.58,4.0,Completed
310697,17,2018-01-16,Camry,20464.71,4.51,Completed
310698,15,2018-01-09,Corolla,21652.3,4.86,Completed
310699,16,2018-01-03,Sienna,34293.86,6.06,Completed
310700,9,2018-01-26,Corolla,15501.02,4.4,Completed
310701,14,2018-01-24,Camry,28749.69,5.1,Completed
310702,14,2018-01-10,Prius,22275.19,5.1,Completed
310703,7,2018-01-05,Prius,26787.37,5.39,Completed
310704,13,2018-01-05,Tundra,37626.23,5.61,Completed
310705,8,2018-01-04,Highlander,49514.29,5.84,Completed
310706,12,2018-01-12,Tacoma,33765.64,5.65,Completed
310707,10,2018-01-11,Tundra,28046.1,4.88,Completed
310708,13,2018-01-16,Tacoma,35361.12,5.61,Completed
310709,15,2018-01-02,Corolla,21210.12,4.86,Completed
310710,10,2018-01-09,Corolla,15679.32,4.88,Completed
310711,18,2018-01-17,Prius,23653.01,5.68,Completed
310712,20,2018-01-15,Tacoma,29284.26,5.77,Completed
310713,18,2018-01-31,Sienna,41714.35,5.68,Completed
310714,6,2018-01-18,Highlander,30933.68,3.86,Completed
310715,7,2018-01-17,Corolla,21851.91,5.39,Pending
310716,11,2018-01-20,Sienna,26263.12,4.16,Completed
310717,15,2018-01-24,RAV4,32811.04,4.86,Completed
310718,16,2018-01-13,Tundra,39477.2,6.06,Completed
310719,5,2018-01-07,RAV4,28448.6,5.34,Completed
310720,7,2018-01-02,Corolla,19667.28,5.39,Completed
310721,12,2018-01-04,Corolla,22589.59,5.65,Completed
310722,5,2018-01-25,RAV4,26143.45,5.34,Completed
310723,11,2018-01-27,Sienna,28022.5,4.16,Completed
310724,6,2018-01-13,Highlander,32253.27,3.86,Cancelled
310725,6,2018-01-05,Camry,20077.45,3.86,Completed
310726,7,2018-01-31,Prius,23199.49,5.39,Completed
310727,20,2018-01-16,Prius,24854.05,5.77,Completed
310728,5,2018-01-26,Tundra,30978.62,5.34,Completed
310729,11,2018-01-13,Sienna,24712.57,4.16,Completed
310730,1,2018-01-04,Tacoma,24630.95,5.24,Completed
310731,7,2018-01-07,RAV4,36734.22,5.39,Completed
310732,10,2018-01-31,Tacoma,23875.16,4.88,Completed
310733,11,2018-01-21,Corolla,15717.73,4.16,Completed
310734,10,2018-01-04,RAV4,23688.73,4.88,Completed
310735,8,2018-01-24,Corolla,20072.69,5.84,Completed
310736,15,2018-01-27,RAV4,32574.35,4.86,Completed
310737,8,2018-01-22,Corolla,20643.82,5.84,Completed
310738,6,2018-01-31,Tacoma,20600.5,3.86,Completed
310739,10,2018-01-07,Tundra,28690.7,4.88,Completed
310740,18,2018-01-23,Highlander,52829.05,5.68,Cancelled
310741,18,2018-01-10,Prius,25679.24,5.68,Completed
310742,14,2018-01-27,Highlander,46415.81,5.1,Completed
310743,7,2018-01-04,RAV4,32859.72,5.39,Completed
310744,1,2018-01-14,Corolla,17985.54,5.24,Cancelled
310745,19,2018-01-30,Prius,20320.91,5.48,Completed
310746,12,2018-01-15,Tacoma,30764.1,5.65,Completed
310747,3,2018-01-14,Sienna,41270.27,5.69,Completed
310748,16,2018-01-31,Prius,26696.7,6.06,Completed
310749,19,2018-01-30,Camry,23496.89,5.48,Completed
310750,2,2018-01-18,Prius,17384.33,4.0,Completed
310751,8,2018-01-07,Corolla,22499.68,5.84,Completed
310752,9,2018-01-05,Sienna,26555.49,4.4,Completed
310753,1,2018-01-23,Prius,18697.42,5.24,Completed
310754,2,2018-01-17,Tundra,30761.88,4.0,Completed
310755,5,2018-01-12,Camry,24037.54,5.34,Completed
310756,17,2018-01-31,RAV4,23160.64,4.51,Completed
310757,14,2018-01-04,Tacoma,30314.0,5.1,Completed
310758,16,2018-01-31,Sienna,38935.88,6.06,Completed
310759,16,2018-01-14,Sienna,34762.14,6.06,Completed
310760,6,2018-01-30,Tacoma,22946.64,3.86,Completed
310761,18,2018-01-07,RAV4,39489.59,5.68,Completed
310762,6,2018-01-21,Corolla,14122.0,3.86,Completed
310763,5,2018-01-08,Tundra,32331.67,5.34,Completed
310764,13,2018-01-03,Corolla,22118.09,5.61,Completed
310765,5,2018-01-01,RAV4,28566.14,5.34,Completed
310766,8,2018-01-21,Tacoma,30084.56,5.84,Completed
310767,6,2018-01-15,Prius,15528.87,3.86,Completed
310768,7,2018-01-12,Corolla,21853.01,5.39,Completed
310769,3,2018-01-18,Tundra,38819.37,5.69,Completed
310770,20,2018-01-04,Camry,28882.84,5.77,Completed
310771,17,2018-01-15,Prius,15941.16,4.51,Completed
310772,15,2018-01-19,Tacoma,33173.49,4.86,Completed
310773,15,2018-01-02,Corolla,19347.62,4.86,Completed
310774,13,2018-01-06,Highlander,53886.87,5.61,Completed
310775,8,2018-01-16,Tundra,36158.98,5.84,Completed
310776,20,2018-01-21,RAV4,36892.29,5.77,Completed
310777,17,2018-01-17,Camry,19208.52,4.51,Completed
310778,12,2018-01-29,Corolla,20223.63,5.65,Completed
310779,11,2018-01-15,Tundra,25319.78,4.16,Pending
310780,7,2018-01-25,Highlander,52017.96,5.39,Completed
310781,5,2018-01-25,Tacoma,28847.49,5.34,Completed
310782,12,2018-01-07,Highlander,47349.77,5.65,Completed
310783,17,2018-01-28,Prius,17113.93,4.51,Pending
310784,6,2018-01-27,Sienna,25108.62,3.86,Completed
310785,20,2018-01-27,Camry,29099.56,5.77,Completed
310786,2,2018-01-25,Highlander,32901.59,4.0,Completed
310787,3,2018-01-08,Corolla,22709.22,5.69,Completed
310788,11,2018-01-24,Tundra,29001.95,4.16,Completed
310789,16,2018-01-03,Tundra,36075.96,6.06,Completed
310790,14,2018-01-14,Tacoma,28398.98,5.1,Completed
310791,7,2018-01-31,Tacoma,30315.11,5.39,Completed
310792,3,2018-01-05,Highlander,46486.17,5.69,Completed
310793,12,2018-01-18,Camry,27042.91,5.65,Completed
310794,14,2018-01-19,Sienna,37870.45,5.1,Completed
310795,3,2018-01-30,Prius,27225.66,5.69,Completed
310796,1,2018-01-31,Corolla,18936.53,5.24,Completed
310797,11,2018-01-04,Highlander,37597.83,4.16,Completed
310798,17,2018-01-29,Corolla,16005.02,4.51,Completed
310799,15,2018-01-08,Sienna,39991.89,4.86,Completed
310800,4,2018-01-21,Corolla,13545.62,3.81,Completed
310801,17,2018-01-15,RAV4,22128.58,4.51,Completed
310802,13,2018-01-03,Prius,26217.47,5.61,Completed
310803,9,2018-01-19,Prius,15666.57,4.4,Completed
310804,10,2018-01-08,Corolla,16175.75,4.88,Completed
310805,2,2018-01-06,Prius,19596.67,4.0,Completed
310806,15,2018-01-19,Camry,26064.78,4.86,Completed
310807,5,2018-01-20,Tacoma,27485.4,5.34,Completed
310808,20,2018-01-03,RAV4,34870.46,5.77,Completed
310809,10,2018-01-18,Prius,16264.82,4.88,Completed
310810,20,2018-01-09,RAV4,31885.58,5.77,Completed
310811,8,2018-01-21,Tacoma,31345.89,5.84,Pending
310812,19,2018-01-08,Corolla,17367.98,5.48,Completed
310813,15,2018-01-14,Camry,27395.68,4.86,Completed
310814,13,2018-01-29,Corolla,24186.99,5.61,Completed
310815,1,2018-01-06,Tacoma,26928.06,5.24,Completed
310816,3,2018-01-14,Corolla,20323.85,5.69,Completed
310817,7,2018-01-13,RAV4,35310.69,5.39,Completed
310818,1,2018-01-19,Highlander,41194.29,5.24,Completed
310819,13,2018-01-09,Corolla,21601.44,5.61,Completed
310820,10,2018-01-27,Highlander,32793.9,4.88,Completed
310821,3,2018-01-13,Highlander,50748.38,5.69,Cancelled
310822,19,2018-01-16,RAV4,30376.4,5.48,Completed
310823,9,2018-01-19,Prius,17806.1,4.4,Completed
310824,3,2018-01-25,Sienna,38532.15,5.69,Completed
310825,6,2018-01-21,Corolla,14924.44,3.86,Completed
310826,1,2018-01-26,Camry,23609.09,5.24,Completed
310827,7,2018-01-25,Corolla,20993.92,5.39,Completed
310828,10,2018-01-06,Tundra,29914.78,4.88,Pending
310829,17,2018-01-20,Tundra,25171.07,4.51,Completed
310830,7,2018-01-21,Tacoma,32765.75,5.39,Completed
310831,14,2018-01-30,RAV4,29210.58,5.1,Completed
310832,4,2018-01-07,Sienna,24349.74,3.81,Completed
310833,16,2018-01-07,Tacoma,33340.85,6.06,Completed
310834,12,2018-01-21,Corolla,21711.9,5.65,Completed
310835,10,2018-01-27,Tacoma,24497.89,4.88,Completed
310836,4,2018-01-27,Sienna,26914.95,3.81,Completed
310837,16,2018-01-04,Highlander,52285.28,6.06,Completed
310838,18,2018-01-27,RAV4,39669.56,5.68,Completed
310839,14,2018-01-08,Camry,29764.42,5.1,Completed
310840,11,2018-01-11,Tundra,28814.69,4.16,Completed
310841,19,2018-01-15,RAV4,26572.26,5.48,Completed
310842,19,2018-01-29,Prius,21198.55,5.48,Completed
310843,8,2018-01-18,Highlander,51217.61,5.84,Completed
310844,11,2018-01-31,RAV4,22422.75,4.16,Completed
310845,13,2018-01-28,Corolla,22817.35,5.61,Completed
310846,8,2018-01-15,Highlander,50543.5,5.84,Completed
310847,9,2018-01-03,Tacoma,20761.41,4.4,Completed
310848,9,2018-01-30,Prius,18302.02,4.4,Completed
310849,17,2018-01-18,Camry,20900.25,4.51,Completed
310850,1,2018-01-25,Highlander,38346.18,5.24,Completed
310851,5,2018-01-30,Camry,25175.79,5.34,Completed
310852,5,2018-01-01,Prius,19812.78,5.34,Pending
310853,9,2018-01-27,Tundra,25527.62,4.4,Completed
310854,10,2018-01-29,Tundra,28012.15,4.88,Completed
310855,7,2018-01-18,Camry,29629.95,5.39,Completed
310856,17,2018-01-10,Sienna,23731.24,4.51,Completed
310857,6,2018-01-09,Highlander,34218.17,3.86,Completed
310858,17,2018-01-08,Tacoma,20828.76,4.51,Completed
310859,12,2018-01-28,RAV4,32124.95,5.65,Completed
310860,14,2018-01-02,Sienna,32570.53,5.1,Completed
310861,12,2018-01-30,Highlander,46255.08,5.65,Completed
310862,12,2018-01-06,Prius,25092.45,5.65,Completed
310863,16,2018-01-07,Corolla,20395.4,6.06,Completed
310864,1,2018-01-29,Tacoma,24897.16,5.24,Completed
310865,12,2018-01-20,Camry,30915.57,5.65,Completed
310866,7,2018-01-31,RAV4,33827.67,5.39,Pending
310867,8,2018-01-11,Highlander,48780.37,5.84,Completed
310868,8,2018-01-21,Prius,23053.43,5.84,Completed
310869,12,2018-01-23,Camry,29467.56,5.65,Completed
310870,3,2018-01-08,RAV4,36563.47,5.69,Completed
310871,10,2018-01-19,Tundra,28481.25,4.88,Completed
310872,8,2018-01-08,Camry,28517.75,5.84,Completed
310873,3,2018-01-08,Camry,27275.62,5.69,Completed
310874,10,2018-01-04,Tundra,30080.76,4.88,Completed
310875,9,2018-01-05,Corolla,16252.95,4.4,Completed
310876,12,2018-01-01,Corolla,19683.55,5.65,Completed
310877,8,2018-01-17,Highlander,45878.54,5.84,Completed
310878,5,2018-01-10,Tacoma,25590.59,5.34,Completed
310879,9,2018-01-15,Camry,19595.14,4.4,Completed
310880,19,2018-01-16,Prius,20526.12,5.48,Completed
310881,18,2018-01-30,Camry,33387.46,5.68,Completed
310882,17,2018-01-08,Sienna,25009.93,4.51,Pending
310883,12,2018-01-29,Corolla,20343.58,5.65,Completed
310884,11,2018-01-03,Prius,16882.99,4.16,Completed
310885,6,2018-01-24,Corolla,13706.13,3.86,Completed
310886,4,2018-01-06,Tundra,23607.92,3.81,Completed
310887,20,2018-01-02,Sienna,36580.51,5.77,Completed
310888,1,2018-01-22,Corolla,18388.34,5.24,Completed
310889,15,2018-01-30,Highlander,48881.29,4.86,Completed
310890,15,2018-01-08,RAV4,32613.51,4.86,Pending
310891,14,2018-01-28,RAV4,32650.63,5.1,Completed
310892,10,2018-01-09,Sienna,25691.51,4.88,Completed
310893,14,2018-01-28,Highlander,41830.2,5.1,Completed
310894,10,2018-01-30,RAV4,25415.17,4.88,Completed
310895,4,2018-01-07,Camry,21498.75,3.81,Completed
310896,5,2018-01-07,Camry,24961.38,5.34,Completed
310897,2,2018-01-04,Highlander,36607.31,4.0,Completed
310898,5,2018-01-03,Highlander,38066.29,5.34,Completed
310899,13,2018-01-01,RAV4,38174.96,5.61,Completed
310900,1,2018-01-26,Tundra,29907.38,5.24,Completed
310901,5,2018-01-11,Sienna,34032.16,5.34,Completed
310902,13,2018-01-21,Tundra,37982.42,5.61,Completed
310903,1,2018-01-28,Tundra,29726.33,5.24,Completed
310904,15,2018-01-06,Camry,26242.05,4.86,Completed
310905,20,2018-01-06,Highlander,42937.5,5.77,Completed
310906,13,2018-01-20,Corolla,22624.23,5.61,Completed
310907,16,2018-01-21,RAV4,36455.27,6.06,Completed
310908,11,2018-01-09,Camry,19199.56,4.16,Cancelled
310909,19,2018-01-19,Sienna,34894.46,5.48,Completed
310910,19,2018-01-22,Camry,25536.92,5.48,Completed
310911,15,2018-01-13,Camry,30620.98,4.86,Completed
310912,5,2018-01-19,Corolla,19069.65,5.34,Completed
310913,5,2018-01-21,RAV4,29427.72,5.34,Completed
310914,14,2018-01-06,Sienna,32607.48,5.1,Completed
310915,15,2018-01-11,Tacoma,31224.42,4.86,Completed
310916,6,2018-01-16,Corolla,15426.64,3.86,Completed
310917,19,2018-01-16,Prius,19496.61,5.48,Completed
310918,2,2018-01-20,Prius,18606.78,4.0,Completed
310919,3,2018-01-05,Corolla,20858.5,5.69,Completed
310920,4,2018-01-15,Tundra,24154.3,3.81,Completed
310921,11,2018-01-26,Highlander,37637.77,4.16,Completed
310922,17,2018-01-09,Camry,21449.45,4.51,Completed
310923,20,2018-01-08,Camry,27544.5,5.77,Completed
310924,20,2018-01-13,Corolla,20004.28,5.77,Completed
310925,8,2018-01-24,Highlander,46818.59,5.84,Completed
310926,6,2018-01-08,RAV4,22817.36,3.86,Completed
310927,4,2018-01-26,Prius,17993.74,3.81,Completed
310928,8,2018-01-23,Camry,28618.14,5.84,Completed
310929,6,2018-01-02,Tacoma,23966.42,3.86,Completed
310930,4,2018-01-16,RAV4,23263.28,3.81,Completed
310931,15,2018-01-11,Highlander,48745.53,4.86,Pending
310932,16,2018-01-23,Sienna,38516.16,6.06,Completed
310933,1,2018-01-22,Sienna,29605.8,5.24,Completed
310934,6,2018-01-09,RAV4,22724.2,3.86,Completed
310935,12,2018-01-26,Tacoma,28395.3,5.65,Completed
310936,8,2018-01-01,Tundra,40097.79,5.84,Completed
310937,1,2018-01-25,Tundra,29336.57,5.24,Completed
310938,14,2018-01-01,RAV4,30333.48,5.1,Completed
310939,8,2018-01-07,Prius,21628.3,5.84,Completed
310940,6,2018-01-03,RAV4,22525.85,3.86,Completed
310941,8,2018-01-18,Tundra,39792.5,5.84,Completed
310942,1,2018-01-08,Camry,25840.73,5.24,Completed
310943,19,2018-01-02,Prius,19482.15,5.48,Completed
310944,17,2018-01-21,Sienna,28184.56,4.51,Completed
310945,12,2018-01-28,Tundra,38222.52,5.65,Completed
310946,16,2018-01-16,RAV4,32706.5,6.06,Completed
310947,2,2018-01-16,Prius,17797.75,4.0,Cancelled
310948,6,2018-01-05,RAV4,25155.25,3.86,Completed
310949,18,2018-01-26,Highlander,46955.2,5.68,Completed
310950,18,2018-01-06,Prius,25578.95,5.68,Completed
310951,1,2018-01-22,Tundra,32770.69,5.24,Completed
310952,1,2018-01-03,Highlander,42008.33,5.24,Completed
310953,4,2018-01-13,Tundra,26317.44,3.81,Completed
310954,3,2018-01-14,RAV4,36370.9,5.69,Completed
310955,20,2018-01-14,Tacoma,32351.84,5.77,Completed
310956,4,2018-01-03,Tundra,26050.45,3.81,Completed
310957,12,2018-01-09,Highlander,47655.59,5.65,Completed
310958,7,2018-01-25,Prius,23216.76,5.39,Completed
310959,7,2018-01-17,Sienna,37302.63,5.39,Completed
310960,18,2018-01-16,Tacoma,35476.04,5.68,Completed
310961,9,2018-01-23,Camry,19705.14,4.4,Completed
310962,18,2018-01-20,Camry,31798.29,5.68,Completed
310963,4,2018-01-24,Sienna,27949.39,3.81,Completed
310964,14,2018-01-09,Camry,26972.76,5.1,Completed
310965,17,2018-01-01,Tundra,24855.74,4.51,Completed
310966,19,2018-01-10,Highlander,39079.87,5.48,Completed
310967,19,2018-01-15,Highlander,39966.5,5.48,Completed
310968,14,2018-01-07,Tacoma,32363.2,5.1,Completed
310969,5,2018-01-11,Corolla,17608.84,5.34,Completed
310970,17,2018-01-16,Corolla,13920.73,4.51,Completed
310971,6,2018-01-01,RAV4,24072.99,3.86,Completed
310972,7,2018-01-30,Tundra,35098.87,5.39,Completed
310973,18,2018-01-11,Corolla,22032.96,5.68,Completed
310974,17,2018-01-14,Prius,17028.19,4.51,Completed
310975,19,2018-01-24,Tundra,34507.62,5.48,Completed
310976,5,2018-01-17,Tacoma,25518.74,5.34,Completed
310977,9,2018-01-17,Corolla,14580.12,4.4,Completed
310978,18,2018-01-09,Highlander,53366.64,5.68,Completed
310979,7,2018-01-31,Highlander,44538.11,5.39,Completed
310980,12,2018-01-13,Tacoma,29584.16,5.65,Completed
310981,3,2018-01-26,Sienna,36731.94,5.69,Completed
310982,10,2018-01-31,Highlander,37833.11,4.88,Completed
310983,7,2018-01-12,Corolla,21135.4,5.39,Completed
310984,20,2018-01-07,Sienna,38518.91,5.77,Completed
310985,17,2018-01-16,Tacoma,21647.27,4.51,Completed
310986,8,2018-01-30,Sienna,34635.17,5.84,Completed
310987,13,2018-01-23,Camry,30524.33,5.61,Completed
310988,16,2018-01-23,Highlander,52623.14,6.06,Pending
310989,8,2018-01-10,Tundra,38179.29,5.84,Completed
310990,6,2018-01-29,Tundra,28508.19,3.86,Completed
310991,11,2018-01-03,RAV4,24147.54,4.16,Completed
310992,18,2018-01-06,Tundra,37458.15,5.68,Completed
310993,12,2018-01-02,Sienna,33753.68,5.65,Completed
310994,13,2018-01-25,RAV4,36648.17,5.61,Completed
310995,9,2018-01-10,RAV4,24329.24,4.4,Completed
310996,18,2018-01-09,Prius,25521.17,5.68,Completed
310997,14,2018-01-04,Corolla,19555.22,5.1,Completed
310998,1,2018-01-04,Tundra,30744.83,5.24,Pending
310999,16,2018-01-08,Prius,23496.84,6.06,Completed
311000,11,2018-01-14,RAV4,26352.46,4.16,Completed
311001,10,2018-01-23,Tacoma,23932.71,4.88,Completed
311002,15,2018-01-08,Corolla,20151.61,4.86,Completed
311003,3,2018-01-28,RAV4,37424.53,5.69,Completed
311004,9,2018-01-19,Prius,18895.4,4.4,Completed
311005,12,2018-01-14,Camry,25949.21,5.65,Completed
311006,12,2018-01-19,Highlander,42660.51,5.65,Completed
311007,14,2018-01-02,Corolla,18880.7,5.1,Completed
311008,2,2018-01-19,Camry,21128.25,4.0,Completed
311009,7,2018-01-29,Tundra,34446.56,5.39,Completed
311010,10,2018-01-05,RAV4,25847.59,4.88,Completed
311011,9,2018-01-08,Highlander,31458.74,4.4,Completed
311012,15,2018-01-26,Corolla,19584.84,4.86,Completed
311013,6,2018-01-25,Corolla,14652.43,3.86,Completed
311014,11,2018-01-21,Prius,17074.05,4.16,Completed
311015,3,2018-01-27,Corolla,20949.92,5.69,Completed
311016,14,2018-01-14,Tundra,36619.65,5.1,Completed
311017,16,2018-01-01,Camry,32349.8,6.06,Completed
311018,1,2018-01-15,RAV4,28812.7,5.24,Completed
311019,19,2018-01-26,Highlander,43929.56,5.48,Completed
311020,18,2018-01-15,Camry,28993.6,5.68,Completed
311021,18,2018-01-10,Highlander,52107.17,5.68,Completed
311022,16,2018-01-12,Prius,26608.79,6.06,Completed
311023,12,2018-01-15,Tundra,36389.44,5.65,Completed
311024,18,2018-01-05,Highlander,47913.07,5.68,Completed
311025,19,2018-01-22,Camry,23257.98,5.48,Completed
311026,12,2018-01-05,RAV4,32258.37,5.65,Completed
311027,16,2018-01-23,RAV4,36412.42,6.06,Completed
311028,16,2018-01-27,Tacoma,32705.13,6.06,Completed
311029,10,2018-01-14,Sienna,29168.95,4.88,Completed
311030,13,2018-01-29,RAV4,33409.96,5.61,Completed
311031,8,2018-01-04,RAV4,33989.63,5.84,Completed
311032,12,2018-01-12,Sienna,37568.34,5.65,Completed
311033,13,2018-01-22,Highlander,48765.32,5.61,Completed
311034,15,2018-01-27,Prius,22500.74,4.86,Completed
311035,16,2018-01-28,Tacoma,30018.94,6.06,Completed
311036,9,2018-01-10,Highlander,34332.59,4.4,Completed
311037,18,2018-01-15,Highlander,46534.04,5.68,Completed
311038,10,2018-01-17,Highlander,36171.37,4.88,Completed
311039,1,2018-01-12,Corolla,17385.47,5.24,Completed
311040,12,2018-01-31,Prius,23460.29,5.65,Completed
311041,7,2018-01-09,Corolla,21541.76,5.39,Completed
311042,1,2018-01-07,Camry,24143.04,5.24,Completed
311043,2,2018-01-04,Sienna,27736.39,4.0,Completed
311044,1,2018-01-13,Camry,24024.33,5.24,Completed
311045,2,2018-01-26,Highlander,34572.44,4.0,Pending
311046,4,2018-01-04,Prius,17951.12,3.81,Completed
311047,20,2018-01-19,Sienna,36876.79,5.77,Completed
311048,3,2018-01-30,Sienna,38643.19,5.69,Completed
311049,1,2018-01-05,Tacoma,28348.48,5.24,Completed
311050,18,2018-01-13,RAV4,35865.51,5.68,Completed
311051,8,2018-01-31,Highlander,44200.99,5.84,Completed
311052,18,2018-01-15,Corolla,22619.96,5.68,Completed
311053,14,2018-01-24,Sienna,34840.06,5.1,Completed
311054,7,2018-01-22,Highlander,47894.6,5.39,Completed
311055,4,2018-01-12,Sienna,27678.68,3.81,Completed
311056,13,2018-01-12,Prius,24744.59,5.61,Completed
311057,6,2018-01-12,Tundra,26496.47,3.86,Pending
311058,3,2018-01-13,Corolla,20967.24,5.69,Completed
311059,10,2018-01-28,Tundra,29175.96,4.88,Completed
311060,4,2018-01-18,Prius,17437.78,3.81,Completed
311061,9,2018-01-17,Camry,22819.79,4.4,Completed
311062,9,2018-01-19,Tundra,26114.07,4.4,Completed
311063,11,2018-01-10,Corolla,14698.97,4.16,Completed
311064,20,2018-01-02,Highlander,43345.14,5.77,Completed
311065,15,2018-01-29,Corolla,22744.39,4.86,Completed
311066,2,2018-01-19,Prius,18772.99,4.0,Completed
311067,16,2018-01-30,Camry,28001.08,6.06,Completed
311068,1,2018-01-29,RAV4,29353.86,5.24,Completed
311069,11,2018-01-17,RAV4,26500.23,4.16,Completed
311070,20,2018-01-06,Tundra,37365.98,5.77,Completed
311071,3,2018-01-21,Corolla,24063.05,5.69,Completed
311072,17,2018-01-28,Tundra,28435.53,4.51,Completed
311073,10,2018-01-27,Tacoma,21548.18,4.88,Completed
311074,10,2018-01-25,Tundra,24919.52,4.88,Completed
311075,10,2018-01-18,Tacoma,23617.18,4.88,Completed
311076,7,2018-01-23,Sienna,33709.59,5.39,Completed
311077,2,2018-01-15,Prius,18062.58,4.0,Completed
311078,12,2018-01-04,Tacoma,32726.73,5.65,Completed
311079,1,2018-01-29,Sienna,30887.8,5.24,Completed
311080,2,2018-01-13,Camry,23787.07,4.0,Completed
311081,5,2018-01-12,Camry,26603.73,5.34,Completed
311082,14,2018-01-14,Tacoma,28660.61,5.1,Completed
311083,12,2018-01-07,Prius,25525.76,5.65,Completed
311084,12,2018-01-23,RAV4,31736.91,5.65,Completed
311085,4,2018-01-15,Highlander,31928.79,3.81,Completed
311086,10,2018-01-19,Sienna,30301.87,4.88,Completed
311087,14,2018-01-19,Sienna,36188.35,5.1,Completed
311088,9,2018-01-18,Highlander,34807.41,4.4,Cancelled
311089,7,2018-01-25,Tundra,40993.22,5.39,Completed
311090,3,2018-01-03,Sienna,35321.74,5.69,Completed
311091,4,2018-01-27,Highlander,29686.44,3.81,Completed
311092,18,2018-01-25,Prius,26223.24,5.68,Completed
311093,13,2018-01-28,Camry,28725.74,5.61,Completed
311094,5,2018-01-14,Prius,20639.63,5.34,Completed
311095,6,2018-01-02,Corolla,15373.5,3.86,Completed
311096,11,2018-01-25,RAV4,23779.81,4.16,Completed
311097,19,2018-01-26,Highlander,41734.12,5.48,Completed
311098,14,2018-01-24,Prius,24453.16,5.1,Completed
311099,9,2018-01-22,RAV4,25398.39,4.4,Completed
311100,1,2018-01-28,Prius,19645.78,5.24,Completed
311101,1,2018-01-22,Corolla,16477.75,5.24,Completed
311102,13,2018-01-24,Sienna,36401.49,5.61,Completed
311103,5,2018-01-25,Tacoma,27124.2,5.34,Completed
311104,7,2018-01-05,RAV4,33058.91,5.39,Completed
311105,13,2018-01-24,Highlander,49988.56,5.61,Completed
311106,3,2018-01-14,Tacoma,30176.34,5.69,Cancelled
311107,11,2018-01-08,Tundra,27212.31,4.16,Completed
311108,3,2018-01-30,Tacoma,31160.19,5.69,Completed
311109,1,2018-01-23,Tundra,29539.53,5.24,Completed
311110,4,2018-01-25,Highlander,32018.4,3.81,Completed
311111,6,2018-01-19,Highlander,30827.58,3.86,Completed
311112,9,2018-01-24,Highlander,31623.17,4.4,Completed
311113,13,2018-01-09,Camry,27305.82,5.61,Completed
311114,20,2018-01-11,Tundra,37533.11,5.77,Completed
311115,20,2018-01-31,Tacoma,33928.86,5.77,Completed
311116,10,2018-01-15,Tundra,28447.23,4.88,Completed
311117,10,2018-01-28,Prius,19705.76,4.88,Completed
311118,14,2018-01-13,Sienna,36133.56,5.1,Pending
311119,1,2018-01-22,Sienna,28433.54,5.24,Completed
311120,19,2018-01-16,Tacoma,26027.35,5.48,Completed
311121,11,2018-01-03,Camry,23020.69,4.16,Completed
311122,16,2018-01-28,Tundra,34361.78,6.06,Completed
311123,19,2018-01-28,RAV4,31620.05,5.48,Completed
311124,14,2018-01-11,Prius,23333.25,5.1,Completed
311125,8,2018-01-16,Highlander,51017.25,5.84,Cancelled
311126,16,2018-01-24,Sienna,34657.57,6.06,Completed
311127,20,2018-01-22,RAV4,36442.05,5.77,Completed
311128,20,2018-01-02,RAV4,31610.97,5.77,Completed
311129,10,2018-01-18,Camry,22084.09,4.88,Completed
311130,15,2018-01-03,Camry,25924.22,4.86,Completed
311131,4,2018-01-17,Tundra,24626.4,3.81,Completed
311132,16,2018-01-22,Tundra,36036.29,6.06,Completed
311133,9,2018-01-27,Tundra,25412.41,4.4,Completed
311134,20,2018-01-23,Sienna,40087.79,5.77,Completed
311135,2,2018-01-30,RAV4,27195.47,4.0,Completed
311136,10,2018-01-30,Corolla,15806.69,4.88,Completed
311137,9,2018-01-03,Camry,22034.86,4.4,Completed
311138,11,2018-01-17,Highlander,34315.36,4.16,Completed
311139,12,2018-01-30,Tundra,37616.24,5.65,Completed
311140,4,2018-01-13,Highlander,35143.38,3.81,Completed
311141,15,2018-01-09,Prius,24746.31,4.86,Completed
311142,5,2018-01-19,Tundra,28704.69,5.34,Completed
311143,1,2018-01-25,Prius,20353.13,5.24,Completed
311144,4,2018-01-01,Prius,17000.18,3.81,Completed
311145,16,2018-01-06,Tacoma,33424.82,6.06,Completed
311146,19,2018-01-25,Prius,21465.54,5.48,Completed
311147,20,2018-01-20,Camry,30759.38,5.77,Completed
311148,7,2018-01-07,Camry,30046.66,5.39,Completed
311149,17,2018-01-15,Sienna,28023.08,4.51,Completed
311150,8,2018-01-08,Camry,29221.96,5.84,Completed
311151,18,2018-01-25,Corolla,24869.94,5.68,Completed
311152,2,2018-01-15,Corolla,16332.86,4.0,Completed
311153,10,2018-01-19,RAV4,26509.18,4.88,Completed
311154,12,2018-01-05,Camry,26210.26,5.65,Completed
311155,7,2018-01-20,Tundra,34486.47,5.39,Completed
311156,14,2018-01-25,Camry,25598.26,5.1,Completed
311157,17,2018-01-02,Camry,19557.05,4.51,Completed
311158,3,2018-01-13,Highlander,49279.76,5.69,Completed
311159,8,2018-01-10,RAV4,35368.62,5.84,Completed
311160,3,2018-01-14,Highlander,49422.77,5.69,Completed
311161,11,2018-01-11,Highlander,35072.9,4.16,Completed
311162,9,2018-01-12,Sienna,29005.34,4.4,Completed
311163,6,2018-01-23,Tundra,26595.46,3.86,Completed
311164,11,2018-01-15,Sienna,28340.48,4.16,Completed
311165,15,2018-01-06,Prius,24912.87,4.86,Completed
311166,12,2018-01-18,Camry,28230.97,5.65,Completed
311167,13,2018-01-03,Sienna,35592.64,5.61,Completed
311168,5,2018-01-26,Highlander,42699.66,5.34,Completed
311169,3,2018-01-27,Tacoma,33654.05,5.69,Completed
311170,19,2018-01-13,Highlander,42676.63,5.48,Completed
311171,20,2018-01-17,Corolla,21061.31,5.77,Completed
311172,3,2018-01-09,Prius,26235.94,5.69,Completed
311173,18,2018-01-18,Tacoma,36006.9,5.68,Completed
311174,12,2018-01-10,Camry,30019.09,5.65,Completed
311175,10,2018-01-29,Tacoma,22257.77,4.88,Completed
311176,3,2018-01-08,Tundra,40019.02,5.69,Completed
311177,7,2018-01-10,Tacoma,32442.92,5.39,Completed
311178,1,2018-01-10,RAV4,26515.56,5.24,Completed
311179,19,2018-01-30,Prius,19048.46,5.48,Completed
311180,13,2018-01-11,Prius,24791.35,5.61,Completed
311181,14,2018-01-11,Tundra,35997.63,5.1,Completed
311182,19,2018-01-03,Camry,25461.44,5.48,Completed
311183,8,2018-01-29,Corolla,22624.45,5.84,Completed
311184,10,2018-01-07,RAV4,25472.22,4.88,Completed
311185,11,2018-01-15,RAV4,27003.58,4.16,Completed
311186,19,2018-01-06,Corolla,17856.27,5.48,Completed
311187,17,2018-01-22,Tacoma,22427.59,4.51,Completed
311188,13,2018-01-21,Sienna,39671.56,5.61,Completed
311189,14,2018-01-13,Tacoma,30650.87,5.1,Completed
311190,9,2018-01-27,Tacoma,21225.78,4.4,Completed
311191,14,2018-01-21,Corolla,19476.64,5.1,Completed
311192,10,2018-01-18,Corolla,17135.16,4.88,Completed
311193,1,2018-01-20,Prius,20083.79,5.24,Completed
311194,20,2018-01-09,Tundra,37403.12,5.77,Completed
311195,18,2018-01-14,Prius,26367.1,5.68,Completed
311196,5,2018-01-02,RAV4,30477.58,5.34,Completed
311197,8,2018-01-04,Tacoma,30819.59,5.84,Completed
311198,16,2018-01-19,Camry,31864.84,6.06,Cancelled
311199,20,2018-01-18,Tacoma,29450.72,5.77,Completed
311200,10,2018-01-29,Sienna,29430.6,4.88,Completed
311201,4,2018-01-04,Corolla,15187.51,3.81,Completed
311202,9,2018-01-04,Tundra,27663.34,4.4,Completed
311203,17,2018-01-09,Sienna,23290.44,4.51,Completed
311204,5,2018-01-31,Prius,21110.24,5.34,Completed
311205,16,2018-01-08,Camry,29935.95,6.06,Completed
311206,13,2018-01-01,Tacoma,35450.98,5.61,Completed
311207,11,2018-01-31,Tacoma,23268.05,4.16,Completed
311208,12,2018-01-12,Tacoma,33431.08,5.65,Pending
311209,2,2018-01-18,RAV4,23341.08,4.0,Completed
311210,13,2018-01-28,RAV4,37494.73,5.61,Completed
311211,18,2018-01-13,RAV4,35748.24,5.68,Completed
311212,6,2018-01-28,Tacoma,22088.72,3.86,Completed
311213,5,2018-01-24,Sienna,32346.36,5.34,Completed
311214,19,2018-01-24,RAV4,32092.92,5.48,Completed
311215,20,2018-01-12,Corolla,20199.59,5.77,Completed
311216,8,2018-01-16,Prius,24734.01,5.84,Completed
311217,1,2018-01-09,Corolla,18435.39,5.24,Completed
311218,17,2018-01-27,Tacoma,20079.87,4.51,Completed
311219,18,2018-01-15,Tacoma,32555.75,5.68,Completed
311220,8,2018-01-15,Sienna,35398.99,5.84,Completed
311221,16,2018-01-20,Sienna,41221.25,6.06,Completed
311222,7,2018-01-13,Tacoma,30193.75,5.39,Completed
311223,15,2018-01-24,Camry,26056.33,4.86,Completed
311224,1,2018-01-28,Prius,19426.87,5.24,Completed
311225,5,2018-01-20,RAV4,29868.6,5.34,Completed
311226,10,2018-01-28,Prius,16742.37,4.88,Completed
311227,10,2018-01-23,Tacoma,21915.64,4.88,Completed
311228,17,2018-01-15,Highlander,30934.28,4.51,Completed
311229,13,2018-01-11,Prius,27267.46,5.61,Completed
311230,10,2018-01-30,Prius,19119.79,4.88,Completed
311231,6,2018-01-22,RAV4,26007.49,3.86,Completed
311232,4,2018-01-22,Tacoma,23073.79,3.81,Completed
311233,12,2018-01-04,Sienna,38360.41,5.65,Completed
311234,2,2018-01-11,RAV4,26363.91,4.0,Completed
311235,15,2018-01-10,Sienna,37550.35,4.86,Completed
311236,10,2018-01-30,Corolla,14437.65,4.88,Completed
311237,9,2018-01-22,Sienna,29175.3,4.4,Completed
311238,2,2018-01-08,Sienna,27594.72,4.0,Completed
311239,4,2018-01-14,Tacoma,23295.08,3.81,Completed
311240,20,2018-01-14,Highlander,48865.36,5.77,Completed
311241,7,2018-01-06,Corolla,20069.26,5.39,Completed
311242,7,2018-01-31,Camry,27931.51,5.39,Completed
311243,15,2018-01-17,Sienna,38278.71,4.86,Completed
311244,11,2018-01-10,Corolla,13981.55,4.16,Completed
311245,19,2018-01-29,Camry,25158.08,5.48,Completed
311246,4,2018-01-11,RAV4,21608.73,3.81,Completed
311247,6,2018-01-30,Camry,21631.81,3.86,Completed
311248,18,2018-01-08,Tundra,41526.76,5.68,Completed
311249,7,2018-01-16,Corolla,22646.93,5.39,Completed
311250,18,2018-01-28,Prius,25465.16,5.68,Completed
311251,2,2018-01-25,Sienna,30636.19,4.0,Completed
311252,15,2018-01-13,Tacoma,31306.68,4.86,Completed
311253,16,2018-01-18,Tundra,37633.3,6.06,Completed
311254,10,2018-01-13,Tundra,26491.12,4.88,Completed
311255,16,2018-01-15,Tundra,39250.06,6.06,Completed
311256,5,2018-01-03,Prius,18360.85,5.34,Completed
311257,20,2018-01-12,Tacoma,32452.91,5.77,Completed
311258,11,2018-01-25,Sienna,26185.94,4.16,Completed
311259,8,2018-01-17,Prius,23201.04,5.84,Completed
311260,14,2018-01-19,Camry,29217.7,5.1,Completed
311261,7,2018-01-15,Highlander,49994.65,5.39,Completed
311262,1,2018-01-30,Corolla,19003.74,5.24,Completed
311263,16,2018-01-23,Sienna,39525.81,6.06,Completed
311264,11,2018-01-04,Sienna,29275.43,4.16,Completed
311265,11,2018-01-05,Camry,20487.59,4.16,Completed
311266,4,2018-01-19,Sienna,27914.19,3.81,Completed
311267,10,2018-01-30,Tundra,29088.9,4.88,Completed
311268,7,2018-01-28,Camry,26776.49,5.39,Completed
311269,17,2018-01-29,Corolla,16220.26,4.51,Completed
311270,5,2018-01-13,Tundra,31244.5,5.34,Completed
311271,14,2018-01-23,Highlander,47266.45,5.1,Completed
311272,17,2018-01-29,Corolla,13915.02,4.51,Completed
311273,5,2018-01-03,Camry,26468.69,5.34,Completed
311274,4,2018-01-06,Sienna,27640.49,3.81,Completed
311275,16,2018-01-06,Camry,31603.37,6.06,Completed
311276,3,2018-01-16,Tundra,41262.22,5.69,Completed
311277,15,2018-01-13,Prius,22377.02,4.86,Completed
311278,9,2018-01-07,Tundra,27801.19,4.4,Completed
311279,5,2018-01-09,Highlander,40464.53,5.34,Completed
311280,18,2018-01-17,Tundra,38630.49,5.68,Completed
311281,14,2018-01-10,Tundra,34105.06,5.1,Completed
311282,18,2018-01-22,Prius,27966.64,5.68,Completed
311283,8,2018-01-26,Tacoma,32361.5,5.84,Completed
311284,11,2018-01-18,Prius,18776.9,4.16,Completed
311285,13,2018-01-24,RAV4,34221.83,5.61,Completed
311286,2,2018-01-18,Tundra,27530.69,4.0,Completed
311287,3,2018-01-19,Tundra,35871.46,5.69,Completed
311288,10,2018-01-01,Tacoma,22570.93,4.88,Completed
311289,7,2018-01-10,Prius,23364.82,5.39,Completed
311290,6,2018-01-04,Highlander,30953.8,3.86,Completed
311291,16,2018-01-10,Tundra,39384.97,6.06,Completed
311292,20,2018-01-04,RAV4,32060.21,5.77,Completed
311293,7,2018-01-07,Sienna,38720.4,5.39,Completed
311294,3,2018-01-31,RAV4,36648.66,5.69,Completed
311295,15,2018-01-05,RAV4,35466.31,4.86,Completed
311296,11,2018-01-12,Sienna,25146.72,4.16,Completed
311297,14,2018-01-17,Sienna,36741.82,5.1,Completed
311298,2,2018-01-30,Tacoma,23082.63,4.0,Completed
311299,7,2018-01-11,RAV4,31752.35,5.39,Completed
311300,20,2018-01-30,Corolla,21436.16,5.77,Completed
311301,9,2018-01-02,RAV4,25999.69,4.4,Completed
311302,13,2018-01-01,Camry,31303.29,5.61,Completed
311303,7,2018-01-13,Prius,23894.66,5.39,Completed
311304,6,2018-01-19,Highlander,34896.66,3.86,Completed
311305,20,2018-01-09,Camry,29562.12,5.77,Completed
311306,18,2018-01-14,Tundra,37850.78,5.68,Completed
311307,12,2018-01-21,Tundra,34666.23,5.65,Completed
311308,16,2018-01-24,Highlander,52604.4,6.06,Completed
311309,4,2018-01-02,Tundra,24891.97,3.81,Completed
311310,12,2018-01-23,Sienna,33533.59,5.65,Completed
311311,20,2018-01-04,RAV4,30778.63,5.77,Completed
311312,9,2018-01-10,Corolla,16711.15,4.4,Completed
311313,17,2018-01-04,Camry,21516.72,4.51,Completed
311314,4,2018-01-02,Corolla,13509.32,3.81,Completed
311315,14,2018-01-29,Highlander,41766.58,5.1,Completed
311316,1,2018-01-15,Highlander,42989.67,5.24,Completed
311317,11,2018-01-24,Highlander,32142.09,4.16,Completed
311318,6,2018-01-27,Sienna,27416.87,3.86,Completed
311319,12,2018-01-29,Sienna,37684.44,5.65,Completed
311320,10,2018-01-07,Tundra,27757.32,4.88,Completed
311321,14,2018-01-09,Prius,20887.15,5.1,Completed
311322,13,2018-01-26,Prius,26938.98,5.61,Completed
311323,9,2018-01-09,RAV4,26756.04,4.4,Completed
311324,12,2018-01-01,Sienna,38126.52,5.65,Completed
311325,11,2018-01-21,Sienna,27435.41,4.16,Completed
311326,3,2018-01-23,RAV4,37406.99,5.69,Completed
311327,16,2018-01-20,Tundra,36594.5,6.06,Completed
311328,10,2018-01-21,Prius,18712.28,4.88,Completed
311329,15,2018-01-08,Prius,26035.4,4.86,Completed
311330,15,2018-01-04,Sienna,38442.22,4.86,Completed
311331,3,2018-01-20,Prius,25888.0,5.69,Completed
311332,1,2018-01-31,Camry,22099.79,5.24,Completed
311333,4,2018-01-18,Prius,18193.37,3.81,Completed
311334,19,2018-01-18,Corolla,19616.42,5.48,Completed
311335,2,2018-01-07,Corolla,16861.98,4.0,Completed
311336,1,2018-01-09,Corolla,19051.78,5.24,Completed
311337,1,2018-01-12,Tundra,33025.5,5.24,Completed
311338,6,2018-01-27,Sienna,27640.29,3.86,Completed
311339,5,2018-01-07,Tundra,30705.04,5.34,Completed
311340,7,2018-01-12,Corolla,23526.38,5.39,Completed
311341,11,2018-01-20,RAV4,24458.68,4.16,Completed
311342,2,2018-01-24,Tacoma,23167.71,4.0,Completed
311343,19,2018-01-05,Camry,27461.55,5.48,Completed
311344,11,2018-01-07,Highlander,35438.08,4.16,Completed
311345,13,2018-01-21,Sienna,41319.84,5.61,Cancelled
311346,3,2018-01-23,Tacoma,34173.81,5.69,Completed
311347,9,2018-01-26,RAV4,26795.77,4.4,Completed
311348,10,2018-01-02,Tundra,29948.42,4.88,Completed
311349,15,2018-01-19,Prius,25963.99,4.86,Completed
311350,4,2018-01-04,Prius,17906.95,3.81,Completed
311351,4,2018-01-15,Highlander,34379.26,3.81,Completed
311352,15,2018-01-16,Highlander,48415.71,4.86,Completed
311353,11,2018-01-13,Corolla,14069.15,4.16,Completed
311354,5,2018-01-03,Highlander,39160.83,5.34,Completed
311355,20,2018-01-27,Tacoma,32263.82,5.77,Completed
311356,6,2018-01-28,Prius,18337.45,3.86,Completed
311357,10,2018-01-13,Tundra,29925.03,4.88,Completed
311358,5,2018-01-19,Tundra,32420.21,5.34,Completed
311359,13,2018-01-20,Sienna,40519.45,5.61,Completed
311360,11,2018-01-16,Sienna,25683.23,4.16,Completed
311361,20,2018-01-05,Tundra,38246.81,5.77,Completed
311362,4,2018-01-26,Highlander,34319.08,3.81,Completed
311363,13,2018-01-29,Tundra,40326.93,5.61,Completed
311364,20,2018-01-01,RAV4,37093.46,5.77,Completed
311365,7,2018-01-07,Tundra,37102.2,5.39,Completed
311366,8,2018-01-11,RAV4,35571.62,5.84,Completed
311367,1,2018-01-01,RAV4,27636.54,5.24,Completed
311368,16,2018-01-22,Tundra,36898.5,6.06,Completed
311369,1,2018-01-14,Camry,22783.37,5.24,Completed
311370,8,2018-01-21,Prius,25068.54,5.84,Completed
311371,13,2018-01-29,Prius,24989.6,5.61,Completed
311372,16,2018-01-31,Highlander,50290.67,6.06,Cancelled
311373,13,2018-01-02,Tacoma,34163.96,5.61,Completed
311374,16,2018-01-21,Sienna,34286.65,6.06,Completed
311375,18,2018-01-12,Highlander,49347.6,5.68,Completed
311376,16,2018-01-26,Tacoma,32102.29,6.06,Completed
311377,19,2018-01-30,RAV4,30819.6,5.48,Completed
311378,10,2018-01-11,Highlander,35526.31,4.88,Completed
311379,9,2018-01-26,Highlander,32779.53,4.4,Completed
311380,10,2018-01-11,Corolla,15066.98,4.88,Completed
311381,2,2018-01-22,RAV4,27012.27,4.0,Completed
311382,19,2018-01-10,Tacoma,25242.18,5.48,Completed
311383,13,2018-01-17,Highlander,47268.24,5.61,Completed
311384,9,2018-01-16,Camry,19194.72,4.4,Completed
311385,20,2018-01-26,RAV4,31030.25,5.77,Completed
311386,19,2018-01-17,Sienna,33794.44,5.48,Completed
311387,15,2018-01-26,Highlander,44895.87,4.86,Completed
311388,15,2018-01-13,Tacoma,30577.66,4.86,Completed
311389,8,2018-01-13,Sienna,38141.03,5.84,Completed
311390,15,2018-01-21,Prius,25392.61,4.86,Completed
311391,1,2018-01-26,Prius,19708.56,5.24,Completed
311392,11,2018-01-01,Corolla,15290.49,4.16,Completed
311393,14,2018-01-31,Prius,20747.49,5.1,Completed
311394,15,2018-01-24,Corolla,22397.71,4.86,Completed
311395,11,2018-01-29,Tacoma,22377.66,4.16,Completed
311396,3,2018-01-02,Prius,23247.49,5.69,Completed
311397,5,2018-01-25,RAV4,25769.27,5.34,Completed
311398,8,2018-01-07,Tundra,34563.86,5.84,Completed
311399,4,2018-01-30,Camry,18498.47,3.81,Completed
311400,14,2018-01-23,Prius,23231.26,5.1,Completed
311401,17,2018-01-18,Highlander,34098.54,4.51,Completed
311402,17,2018-01-16,RAV4,23891.41,4.51,Completed
311403,17,2018-01-15,RAV4,24232.7,4.51,Completed
311404,2,2018-01-01,Prius,17064.98,4.0,Completed
311405,18,2018-01-31,Corolla,24456.71,5.68,Completed
311406,6,2018-01-13,Prius,15329.09,3.86,Completed
311407,19,2018-01-11,Tacoma,26976.44,5.48,Completed
311408,15,2018-01-24,Tundra,33198.63,4.86,Completed
311409,1,2018-01-31,Camry,26150.27,5.24,Completed
311410,6,2018-01-14,Camry,20933.5,3.86,Completed
311411,10,2018-01-05,RAV4,23643.0,4.88,Completed
311412,1,2018-01-08,Camry,22061.13,5.24,Completed
311413,9,2018-01-27,RAV4,23560.34,4.4,Completed
311414,16,2018-01-19,Highlander,52230.89,6.06,Completed
311415,10,2018-01-07,Corolla,17151.5,4.88,Completed
311416,19,2018-01-04,Tacoma,27252.7,5.48,Completed
311417,7,2018-01-12,Camry,26389.87,5.39,Completed
311418,8,2018-01-05,Prius,21604.88,5.84,Completed
311419,16,2018-01-03,Camry,28864.47,6.06,Completed
311420,20,2018-01-06,Corolla,20348.61,5.77,Completed
311421,3,2018-01-28,Prius,25535.65,5.69,Completed
311422,10,2018-01-15,Sienna,26983.73,4.88,Completed
311423,3,2018-01-20,Highlander,51395.93,5.69,Completed
311424,8,2018-01-04,Tacoma,30463.45,5.84,Completed
311425,14,2018-01-09,Prius,21353.11,5.1,Completed
311426,5,2018-01-08,Camry,21976.98,5.34,Completed
311427,3,2018-01-27,Prius,22577.8,5.69,Completed
311428,15,2018-01-16,Tacoma,29689.33,4.86,Completed
311429,8,2018-01-13,Prius,23146.21,5.84,Completed
311430,18,2018-01-22,Tacoma,36618.84,5.68,Completed
311431,17,2018-01-13,Prius,16803.01,4.51,Completed
311432,8,2018-01-26,Corolla,20002.43,5.84,Completed
311433,9,2018-01-24,Tacoma,21572.76,4.4,Completed
311434,19,2018-01-15,Corolla,18723.74,5.48,Completed
311435,12,2018-01-17,RAV4,34637.78,5.65,Completed
311436,3,2018-01-31,Highlander,48003.58,5.69,Pending
311437,20,2018-01-15,Prius,24379.09,5.77,Completed
311438,20,2018-01-19,Camry,29588.42,5.77,Completed
311439,13,2018-01-26,Camry,30633.48,5.61,Completed
311440,5,2018-01-30,Corolla,16743.75,5.34,Pending
311441,12,2018-01-17,RAV4,33214.99,5.65,Completed
311442,10,2018-01-01,Corolla,15127.1,4.88,Completed
311443,14,2018-01-19,Tacoma,30997.65,5.1,Completed
311444,4,2018-01-27,Tacoma,19347.47,3.81,Completed
311445,6,2018-01-15,Tundra,25705.65,3.86,Completed
311446,19,2018-01-09,RAV4,26650.99,5.48,Completed
311447,8,2018-01-19,Highlander,46168.86,5.84,Completed
311448,2,2018-01-19,Tundra,25806.76,4.0,Completed
311449,14,2018-01-04,Prius,21387.88,5.1,Completed
311450,7,2018-01-07,Highlander,50756.56,5.39,Completed
311451,9,2018-01-06,Tacoma,21315.31,4.4,Completed
311452,9,2018-01-15,Tundra,25158.81,4.4,Completed
311453,11,2018-01-31,Corolla,15534.99,4.16,Completed
311454,16,2018-01-19,Tundra,38646.07,6.06,Completed
311455,11,2018-01-18,Sienna,29354.82,4.16,Completed
311456,6,2018-01-26,RAV4,22135.04,3.86,Completed
311457,17,2018-01-25,Sienna,25709.98,4.51,Completed
311458,19,2018-01-23,Prius,20396.23,5.48,Completed
311459,2,2018-01-11,Tacoma,21475.15,4.0,Completed
311460,10,2018-01-01,Highlander,32422.46,4.88,Completed
311461,1,2018-01-12,Camry,23514.35,5.24,Completed
311462,19,2018-01-14,Corolla,20096.94,5.48,Completed
311463,1,2018-01-10,Prius,19246.13,5.24,Completed
311464,7,2018-01-21,Prius,23864.21,5.39,Completed
311465,12,2018-01-18,RAV4,35474.48,5.65,Completed
311466,20,2018-01-25,Tacoma,30444.4,5.77,Completed
311467,18,2018-01-16,Prius,23365.78,5.68,Completed
311468,16,2018-01-26,Camry,30624.75,6.06,Completed
311469,16,2018-01-30,Prius,22621.0,6.06,Pending
311470,8,2018-01-01,Tacoma,32653.24,5.84,Completed
311471,10,2018-01-02,Sienna,28731.73,4.88,Completed
311472,1,2018-01-26,Corolla,18206.98,5.24,Completed
311473,9,2018-01-25,Prius,17762.35,4.4,Completed
311474,18,2018-01-24,Tacoma,35340.96,5.68,Completed
311475,12,2018-01-18,RAV4,32700.59,5.65,Completed
311476,9,2018-01-01,Prius,16795.54,4.4,Completed
311477,12,2018-01-05,Sienna,33213.25,5.65,Completed
311478,6,2018-01-29,Prius,18440.64,3.86,Completed
311479,18,2018-01-02,Corolla,21404.88,5.68,Completed
311480,7,2018-01-26,Tacoma,30584.1,5.39,Completed
311481,13,2018-01-12,Tacoma,31420.15,5.61,Completed
311482,18,2018-01-26,Sienna,38331.9,5.68,Completed
311483,6,2018-01-03,RAV4,22136.03,3.86,Completed
311484,18,2018-01-30,Tacoma,30707.97,5.68,Completed
311485,7,2018-01-31,Tacoma,29820.29,5.39,Completed
311486,11,2018-01-28,Highlander,31709.5,4.16,Completed
311487,14,2018-01-03,Highlander,45757.47,5.1,Completed
311488,14,2018-01-08,Tundra,34257.18,5.1,Completed
311489,2,2018-01-09,RAV4,24364.55,4.0,Completed
311490,5,2018-01-22,Sienna,30901.68,5.34,Completed
311491,2,2018-01-07,Camry,23984.93,4.0,Completed
311492,20,2018-01-11,Prius,25657.77,5.77,Completed
311493,11,2018-01-05,Corolla,14145.53,4.16,Completed
311494,12,2018-01-16,RAV4,35445.36,5.65,Completed
311495,14,2018-01-10,Tacoma,27151.28,5.1,Completed
311496,10,2018-01-15,Tundra,25897.78,4.88,Completed
311497,15,2018-01-05,Tacoma,30773.9,4.86,Completed
311498,16,2018-01-06,RAV4,32273.54,6.06,Completed
311499,16,2018-01-05,RAV4,33142.23,6.06,Completed
311500,13,2018-01-08,Highlander,48572.46,5.61,Completed
311501,19,2018-01-16,Prius,22888.87,5.48,Completed
311502,10,2018-01-19,Tacoma,25106.36,4.88,Completed
311503,16,2018-01-15,Sienna,41003.38,6.06,Completed
311504,3,2018-01-03,Sienna,38647.8,5.69,Completed
311505,11,2018-01-10,Camry,20401.48,4.16,Completed
311506,10,2018-01-18,Prius,16577.76,4.88,Completed
311507,4,2018-01-20,Camry,18648.8,3.81,Completed
311508,13,2018-01-25,Corolla,22962.17,5.61,Completed
311509,8,2018-01-21,Prius,23438.41,5.84,Completed
311510,15,2018-01-09,Tundra,33389.26,4.86,Completed
311511,8,2018-01-12,Camry,30911.77,5.84,Completed
311512,5,2018-01-20,Camry,23815.41,5.34,Completed
311513,20,2018-01-17,Sienna,40154.93,5.77,Completed
311514,20,2018-01-26,Corolla,23094.47,5.77,Completed
311515,7,2018-01-07,Highlander,51695.79,5.39,Completed
311516,7,2018-01-21,RAV4,35006.24,5.39,Completed
311517,16,2018-01-27,Sienna,37082.68,6.06,Completed
311518,13,2018-01-19,Sienna,35628.79,5.61,Completed
311519,13,2018-01-01,Camry,30627.07,5.61,Completed
311520,15,2018-01-23,Camry,27284.52,4.86,Completed
311521,6,2018-01-04,Corolla,13523.11,3.86,Completed
311522,9,2018-01-24,Sienna,29279.43,4.4,Completed
311523,18,2018-01-02,RAV4,36531.17,5.68,Completed
311524,5,2018-01-04,Camry,23948.77,5.34,Completed
311525,19,2018-01-17,RAV4,30515.89,5.48,Completed
311526,19,2018-01-14,Prius,20888.81,5.48,Completed
311527,4,2018-01-08,Camry,21236.97,3.81,Completed
311528,20,2018-01-17,Tacoma,32883.69,5.77,Completed
311529,11,2018-01-19,Tundra,27676.88,4.16,Completed
311530,4,2018-01-03,Tacoma,20235.24,3.81,Completed
311531,1,2018-01-13,Camry,23187.98,5.24,Completed
311532,14,2018-01-09,RAV4,29230.38,5.1,Completed
311533,16,2018-01-29,Corolla,21184.35,6.06,Completed
311534,13,2018-01-29,Tundra,39805.67,5.61,Completed
311535,4,2018-01-06,Camry,21780.81,3.81,Completed
311536,10,2018-01-31,Prius,19750.4,4.88,Completed
311537,16,2018-01-20,Tacoma,29463.96,6.06,Completed
311538,12,2018-01-07,Sienna,33484.4,5.65,Completed
311539,12,2018-01-01,Sienna,35638.56,5.65,Completed
311540,20,2018-01-14,Tundra,33636.21,5.77,Completed
311541,4,2018-01-05,Sienna,25734.15,3.81,Completed
311542,9,2018-01-13,RAV4,22606.07,4.4,Completed
311543,6,2018-01-31,RAV4,23288.99,3.86,Completed
311544,3,2018-01-12,Camry,29008.54,5.69,Completed
311545,14,2018-01-31,Prius,21071.38,5.1,Completed
311546,18,2018-01-14,Tundra,39112.69,5.68,Completed
311547,12,2018-01-29,RAV4,35310.98,5.65,Completed
311548,19,2018-01-29,Prius,22336.31,5.48,Completed
311549,19,2018-01-26,Tundra,29326.0,5.48,Completed
311550,20,2018-01-05,Tundra,40103.13,5.77,Completed
311551,6,2018-01-22,Sienna,26744.57,3.86,Completed
311552,18,2018-01-16,Prius,28028.89,5.68,Completed
311553,11,2018-01-17,Prius,18509.93,4.16,Completed
311554,3,2018-01-20,Prius,23236.27,5.69,Completed
311555,15,2018-01-15,Corolla,20318.49,4.86,Completed
311556,12,2018-01-11,Sienna,37086.98,5.65,Completed
311557,11,2018-01-07,Tundra,25723.45,4.16,Completed
311558,12,2018-01-07,Corolla,19662.45,5.65,Completed
311559,9,2018-01-25,Corolla,15985.53,4.4,Completed
311560,11,2018-01-12,Sienna,29030.82,4.16,Completed
311561,6,2018-01-31,Camry,19082.58,3.86,Completed
311562,16,2018-01-02,Camry,30763.66,6.06,Completed
311563,12,2018-01-15,Highlander,46752.23,5.65,Cancelled
311564,5,2018-01-08,Prius,19357.34,5.34,Completed
311565,5,2018-01-28,RAV4,30278.68,5.34,Completed
311566,1,2018-01-27,Prius,19651.3,5.24,Completed
311567,20,2018-01-14,RAV4,36596.44,5.77,Completed
311568,3,2018-01-24,Corolla,22781.15,5.69,Completed
311569,20,2018-01-28,Prius,22753.55,5.77,Completed
311570,11,2018-01-23,Tacoma,20538.01,4.16,Pending
311571,14,2018-01-18,Sienna,38298.21,5.1,Completed
311572,12,2018-01-24,Highlander,42725.14,5.65,Completed
311573,1,2018-01-19,Camry,22849.87,5.24,Completed
311574,6,2018-01-04,Tacoma,22174.16,3.86,Pending
311575,10,2018-01-31,Highlander,38179.31,4.88,Completed
311576,6,2018-01-26,Sienna,23615.79,3.86,Completed
311577,16,2018-01-28,Corolla,22484.75,6.06,Completed
311578,11,2018-01-29,Tacoma,21235.02,4.16,Pending
311579,19,2018-01-16,Tacoma,26588.69,5.48,Completed
311580,9,2018-01-26,Sienna,24370.87,4.4,Completed
311581,1,2018-01-31,Tacoma,26929.71,5.24,Completed
311582,6,2018-01-25,Corolla,16300.12,3.86,Completed
311583,16,2018-01-04,Camry,28911.49,6.06,Completed
311584,2,2018-01-04,Tundra,27843.34,4.0,Completed
311585,2,2018-01-22,Sienna,25576.7,4.0,Completed
311586,15,2018-01-04,Camry,29588.57,4.86,Completed
311587,14,2018-01-10,Prius,20645.73,5.1,Completed
311588,18,2018-01-18,Prius,28265.07,5.68,Completed
311589,19,2018-01-31,Tundra,35016.8,5.48,Completed
311590,11,2018-01-24,Camry,19404.41,4.16,Completed
311591,6,2018-01-29,Sienna,27113.12,3.86,Completed
311592,14,2018-01-16,RAV4,30548.92,5.1,Completed
311593,4,2018-01-30,Prius,16746.97,3.81,Completed
311594,7,2018-01-06,RAV4,34050.22,5.39,Completed
311595,2,2018-01-14,Camry,23026.71,4.0,Cancelled
311596,17,2018-01-03,RAV4,24568.34,4.51,Completed
311597,8,2018-01-13,Prius,21967.4,5.84,Completed
311598,16,2018-01-01,RAV4,34914.2,6.06,Completed
311599,9,2018-01-09,Tundra,26148.5,4.4,Completed
311600,7,2018-01-05,Sienna,34757.86,5.39,Completed
311601,14,2018-01-29,RAV4,29418.54,5.1,Completed
311602,5,2018-01-25,RAV4,26229.65,5.34,Cancelled
311603,17,2018-01-31,Prius,17966.17,4.51,Completed
311604,15,2018-01-31,Camry,29591.9,4.86,Completed
311605,11,2018-01-17,Tundra,27023.65,4.16,Completed
311606,2,2018-01-17,Prius,17650.19,4.0,Completed
311607,6,2018-01-29,Prius,17966.32,3.86,Completed
311608,19,2018-01-18,Tacoma,29735.16,5.48,Completed
311609,19,2018-01-06,Corolla,20127.99,5.48,Completed
311610,18,2018-01-29,Corolla,22182.97,5.68,Completed
311611,3,2018-01-05,Corolla,22909.95,5.69,Completed
311612,17,2018-01-01,Camry,19022.29,4.51,Completed
311613,14,2018-01-06,Highlander,46749.2,5.1,Completed
311614,17,2018-01-28,Tundra,23674.53,4.51,Completed
311615,18,2018-01-14,RAV4,37934.55,5.68,Completed
311616,8,2018-01-17,Tacoma,33463.94,5.84,Completed
311617,1,2018-01-27,Tundra,28116.56,5.24,Completed
311618,2,2018-01-12,Corolla,16437.07,4.0,Completed
311619,4,2018-01-06,Corolla,14564.15,3.81,Completed
311620,2,2018-01-14,Highlander,39243.33,4.0,Completed
311621,9,2018-01-10,Highlander,34889.29,4.4,Completed
311622,20,2018-01-16,Camry,28973.95,5.77,Completed
311623,16,2018-01-05,Highlander,44889.28,6.06,Completed
311624,6,2018-01-02,Sienna,24114.29,3.86,Completed
311625,15,2018-01-10,RAV4,34027.95,4.86,Completed
311626,1,2018-01-07,Prius,18995.05,5.24,Completed
311627,14,2018-01-13,Corolla,22059.16,5.1,Completed
311628,13,2018-01-10,Highlander,49770.45,5.61,Completed
311629,20,2018-01-19,Sienna,37848.33,5.77,Completed
311630,11,2018-01-04,Corolla,16900.5,4.16,Completed
311631,11,2018-01-07,Prius,18805.01,4.16,Completed
311632,2,2018-01-09,Sienna,30021.72,4.0,Completed
311633,16,2018-01-30,Corolla,23657.9,6.06,Completed
311634,10,2018-01-19,Corolla,14520.46,4.88,Completed
311635,12,2018-01-12,Camry,29717.38,5.65,Completed
311636,1,2018-01-05,RAV4,29917.25,5.24,Completed
311637,19,2018-01-13,Tacoma,29224.2,5.48,Completed
311638,3,2018-01-06,RAV4,33678.88,5.69,Completed
311639,3,2018-01-05,Sienna,34733.86,5.69,Completed
311640,5,2018-01-08,Sienna,33732.92,5.34,Completed
311641,20,2018-01-28,Sienna,37902.34,5.77,Completed
311642,4,2018-01-04,Prius,16965.2,3.81,Completed
311643,19,2018-01-25,Tacoma,29347.37,5.48,Completed
311644,8,2018-01-09,Corolla,20197.07,5.84,Completed
311645,16,2018-01-07,Tacoma,29177.72,6.06,Completed
311646,15,2018-01-22,Prius,22330.51,4.86,Completed
311647,3,2018-01-29,Prius,24822.37,5.69,Completed
311648,12,2018-01-17,Camry,28350.37,5.65,Completed
311649,20,2018-01-07,Tundra,34546.29,5.77,Completed
311650,8,2018-01-21,Tacoma,33989.83,5.84,Completed
311651,13,2018-01-26,RAV4,31860.45,5.61,Completed
311652,7,2018-01-26,Tundra,39851.96,5.39,Completed
311653,4,2018-01-27,Tacoma,23386.29,3.81,Completed
311654,14,2018-01-22,Tundra,33404.74,5.1,Completed
311655,3,2018-01-07,Camry,27581.23,5.69,Completed
311656,7,2018-01-06,Highlander,47314.53,5.39,Completed
311657,7,2018-01-26,Tacoma,29477.22,5.39,Completed
311658,17,2018-01-13,Tacoma,22053.16,4.51,Completed
311659,6,2018-01-10,Tacoma,23176.6,3.86,Completed
311660,10,2018-01-05,Tacoma,24650.06,4.88,Completed
311661,14,2018-01-07,Highlander,44340.82,5.1,Completed
311662,1,2018-01-07,Highlander,39580.24,5.24,Completed
311663,1,2018-01-24,Sienna,32736.65,5.24,Completed
311664,5,2018-01-14,Highlander,38669.27,5.34,Completed
311665,9,2018-01-12,Sienna,24021.7,4.4,Completed
311666,12,2018-01-05,Tacoma,31789.59,5.65,Completed
311667,18,2018-01-17,Tacoma,36372.66,5.68,Completed
311668,13,2018-01-25,Highlander,52603.97,5.61,Completed
311669,2,2018-01-21,Camry,21046.55,4.0,Completed
311670,19,2018-01-05,RAV4,27183.55,5.48,Completed
311671,18,2018-01-17,Camry,28198.18,5.68,Completed
311672,13,2018-01-10,Tacoma,34226.18,5.61,Completed
311673,2,2018-01-06,Prius,18725.46,4.0,Completed
311674,20,2018-01-10,Tundra,39448.51,5.77,Completed
311675,2,2018-01-12,Corolla,16278.25,4.0,Completed
311676,1,2018-01-04,Corolla,18114.3,5.24,Completed
311677,11,2018-01-26,Tacoma,21506.7,4.16,Completed
311678,9,2018-01-28,Sienna,28468.49,4.4,Completed
311679,20,2018-01-16,Highlander,43294.0,5.77,Completed
311680,6,2018-01-02,Highlander,35940.95,3.86,Completed
311681,9,2018-01-27,Camry,20443.11,4.4,Cancelled
311682,2,2018-01-11,Tundra,28057.33,4.0,Completed
311683,6,2018-01-27,Tundra,27754.6,3.86,Completed
311684,15,2018-01-05,Camry,27222.82,4.86,Completed
311685,18,2018-01-21,Tacoma,33885.62,5.68,Completed
311686,1,2018-01-29,Sienna,30966.35,5.24,Completed
311687,15,2018-01-16,Tacoma,27694.43,4.86,Completed
311688,1,2018-01-31,Tacoma,23792.11,5.24,Completed
311689,18,2018-01-22,Tundra,39783.5,5.68,Completed
311690,9,2018-01-10,Camry,18765.32,4.4,Pending
311691,4,2018-01-02,RAV4,22096.75,3.81,Completed
311692,20,2018-01-21,Prius,22868.4,5.77,Completed
311693,13,2018-01-28,Prius,22905.83,5.61,Completed
311694,3,2018-01-31,RAV4,31955.89,5.69,Completed
311695,20,2018-01-27,Tundra,37201.77,5.77,Completed
311696,3,2018-01-12,Tacoma,30489.76,5.69,Completed
311697,15,2018-01-23,Camry,25685.27,4.86,Completed
311698,1,2018-01-01,Sienna,28874.41,5.24,Completed
311699,15,2018-01-24,RAV4,35909.94,4.86,Completed
311700,15,2018-01-05,Camry,28452.96,4.86,Completed
311701,13,2018-01-01,RAV4,35320.25,5.61,Completed
311702,1,2018-01-11,Highlander,43123.23,5.24,Completed
311703,15,2018-01-01,Highlander,43239.57,4.86,Completed
311704,8,2018-01-29,Camry,31356.46,5.84,Completed
311705,3,2018-01-27,Tacoma,31243.85,5.69,Completed
311706,2,2018-01-18,Tundra,28656.45,4.0,Completed
311707,8,2018-01-28,Camry,26738.34,5.84,Completed
311708,3,2018-01-14,Tundra,42138.06,5.69,Completed
311709,2,2018-01-16,Tacoma,21589.6,4.0,Completed
311710,20,2018-01-10,Camry,30062.47,5.77,Completed
311711,2,2018-01-15,Tacoma,25017.97,4.0,Completed
311712,20,2018-01-10,Tacoma,29263.07,5.77,Completed
311713,16,2018-01-16,Tacoma,32624.79,6.06,Completed
311714,18,2018-01-02,Tundra,36030.16,5.68,Pending
311715,3,2018-01-09,Corolla,22352.96,5.69,Completed
311716,7,2018-01-23,RAV4,33896.52,5.39,Completed
311717,1,2018-01-03,Corolla,18344.1,5.24,Completed
311718,11,2018-01-15,Corolla,15746.45,4.16,Completed
311719,16,2018-01-25,Highlander,52468.93,6.06,Completed
311720,12,2018-01-18,Camry,25586.73,5.65,Completed
311721,18,2018-01-13,Tundra,36220.85,5.68,Completed
311722,20,2018-01-04,Tacoma,30540.84,5.77,Completed
311723,18,2018-01-02,Camry,31466.77,5.68,Completed
311724,17,2018-01-30,Highlander,32609.12,4.51,Completed
311725,6,2018-01-20,Sienna,27558.42,3.86,Completed
311726,7,2018-01-04,Tundra,37565.1,5.39,Completed
311727,17,2018-01-21,Sienna,26471.54,4.51,Completed
311728,17,2018-01-20,Corolla,13525.19,4.51,Completed
311729,12,2018-01-10,Corolla,18772.93,5.65,Cancelled
311730,8,2018-01-14,RAV4,36878.41,5.84,Completed
311731,15,2018-01-10,Tacoma,32047.81,4.86,Completed
311732,18,2018-01-08,RAV4,38030.2,5.68,Completed
311733,10,2018-01-27,Camry,20697.38,4.88,Completed
311734,6,2018-01-02,Highlander,36129.7,3.86,Completed
311735,1,2018-01-05,Corolla,16229.92,5.24,Completed
311736,10,2018-01-20,Corolla,16675.86,4.88,Completed
311737,1,2018-01-28,RAV4,30372.64,5.24,Pending
311738,1,2018-01-23,Camry,24723.4,5.24,Completed
311739,6,2018-01-23,RAV4,22876.49,3.86,Completed
311740,7,2018-01-04,Corolla,20877.24,5.39,Completed
311741,8,2018-01-23,Corolla,19369.79,5.84,Completed
311742,20,2018-01-19,Highlander,44955.68,5.77,Completed
311743,1,2018-01-09,Sienna,29283.72,5.24,Completed
311744,17,2018-01-20,Prius,17843.59,4.51,Completed
311745,4,2018-01-14,Camry,21371.21,3.81,Completed
311746,16,2018-01-02,Sienna,40754.85,6.06,Completed
311747,10,2018-01-03,Camry,21595.17,4.88,Completed
311748,9,2018-01-24,Sienna,24228.25,4.4,Completed
311749,16,2018-01-14,Prius,22456.98,6.06,Completed
311750,1,2018-01-14,Highlander,40556.41,5.24,Completed
311751,11,2018-01-18,Prius,16569.47,4.16,Completed
311752,10,2018-01-20,Prius,17369.46,4.88,Completed
311753,2,2018-01-24,RAV4,26291.23,4.0,Completed
311754,3,2018-01-03,Highlander,48383.47,5.69,Completed
311755,12,2018-01-29,Prius,24904.09,5.65,Completed
311756,20,2018-01-17,Highlander,48736.88,5.77,Completed
311757,11,2018-01-24,Corolla,15420.39,4.16,Completed
311758,5,2018-01-21,Prius,21593.88,5.34,Cancelled
311759,10,2018-01-14,Camry,20860.87,4.88,Completed
311760,18,2018-01-08,RAV4,35125.7,5.68,Completed
311761,20,2018-01-06,Highlander,43469.0,5.77,Completed
311762,1,2018-01-04,Camry,22445.43,5.24,Completed
311763,18,2018-01-28,Tacoma,34437.07,5.68,Completed
311764,4,2018-01-04,Tundra,23079.56,3.81,Completed
311765,12,2018-01-10,Corolla,21962.32,5.65,Completed
311766,17,2018-01-09,Tundra,25986.66,4.51,Cancelled
311767,15,2018-01-21,Tundra,34637.31,4.86,Completed
311768,20,2018-01-19,Highlander,49187.39,5.77,Completed
311769,16,2018-01-06,Prius,26168.36,6.06,Cancelled
311770,20,2018-01-16,RAV4,35360.83,5.77,Completed
311771,3,2018-01-25,Sienna,38457.15,5.69,Completed
311772,1,2018-01-09,Highlander,36362.74,5.24,Completed
311773,19,2018-01-20,Sienna,30219.52,5.48,Completed
311774,11,2018-01-27,Prius,16480.21,4.16,Completed
311775,17,2018-01-24,RAV4,22447.14,4.51,Completed
311776,3,2018-01-04,Prius,23490.48,5.69,Completed
311777,7,2018-01-16,Corolla,21213.35,5.39,Completed
311778,8,2018-01-04,Tundra,38183.82,5.84,Completed
311779,7,2018-01-20,Camry,29154.79,5.39,Completed
311780,1,2018-01-21,Prius,21755.58,5.24,Completed
311781,4,2018-01-12,Highlander,32836.37,3.81,Completed
311782,15,2018-01-09,Tundra,34042.8,4.86,Completed
311783,1,2018-01-21,Highlander,35579.82,5.24,Completed
311784,10,2018-01-06,Sienna,27323.31,4.88,Completed
311785,8,2018-01-08,Tundra,34994.15,5.84,Completed
311786,14,2018-01-26,Sienna,36729.92,5.1,Completed
311787,20,2018-01-12,Highlander,44991.56,5.77,Completed
311788,5,2018-01-19,Tundra,29404.28,5.34,Completed
311789,14,2018-01-01,Sienna,37096.46,5.1,Completed
311790,6,2018-01-15,Prius,17764.81,3.86,Completed
311791,9,2018-01-19,RAV4,26773.9,4.4,Completed
311792,19,2018-01-03,Tacoma,25409.96,5.48,Completed
311793,10,2018-01-15,Sienna,27915.92,4.88,Completed
311794,6,2018-01-12,Corolla,15933.92,3.86,Completed
311795,9,2018-01-21,Corolla,13851.68,4.4,Completed
311796,18,2018-01-19,Prius,27031.48,5.68,Completed
311797,20,2018-01-20,RAV4,36386.07,5.77,Completed
311798,9,2018-01-31,Camry,22776.27,4.4,Completed
311799,4,2018-01-18,Corolla,14128.07,3.81,Completed
311800,19,2018-01-05,RAV4,30462.95,5.48,Completed
311801,5,2018-01-12,Tacoma,26984.57,5.34,Completed
311802,3,2018-01-08,Tundra,38636.42,5.69,Completed
311803,20,2018-01-26,Corolla,19088.82,5.77,Completed
311804,6,2018-01-19,Tacoma,23792.68,3.86,Completed
311805,11,2018-01-28,Corolla,14919.73,4.16,Completed
311806,4,2018-01-25,Corolla,13168.22,3.81,Completed
311807,14,2018-01-31,Prius,23421.1,5.1,Completed
311808,18,2018-01-28,Corolla,23313.5,5.68,Completed
311809,20,2018-01-12,RAV4,33222.76,5.77,Completed
311810,14,2018-01-12,Highlander,41470.27,5.1,Completed
311811,2,2018-01-24,Tundra,26517.07,4.0,Completed
311812,18,2018-01-17,Tacoma,31784.79,5.68,Completed
311813,8,2018-01-09,Camry,30958.17,5.84,Completed
311814,11,2018-01-20,Prius,17842.73,4.16,Completed
311815,4,2018-01-09,Prius,16537.62,3.81,Completed
311816,14,2018-01-03,Camry,27194.16,5.1,Completed
311817,8,2018-01-10,Prius,25064.06,5.84,Completed
311818,20,2018-01-26,RAV4,31358.81,5.77,Completed
311819,7,2018-01-09,Camry,30970.31,5.39,Completed
311820,9,2018-01-06,Tundra,27479.48,4.4,Completed
311821,7,2018-01-30,Highlander,49778.44,5.39,Completed
311822,1,2018-01-08,Highlander,41633.39,5.24,Completed
311823,14,2018-01-08,Sienna,34129.12,5.1,Completed
311824,20,2018-01-20,Prius,22992.46,5.77,Completed
311825,7,2018-01-03,Prius,22531.24,5.39,Completed
311826,9,2018-01-10,Sienna,28201.27,4.4,Completed
311827,15,2018-01-17,Tacoma,33011.45,4.86,Completed
311828,1,2018-01-24,Tacoma,24514.18,5.24,Completed
311829,4,2018-01-22,Prius,17801.31,3.81,Completed
311830,19,2018-01-15,Prius,21500.22,5.48,Completed
311831,10,2018-01-15,Sienna,27411.18,4.88,Completed
311832,5,2018-01-26,Highlander,41040.52,5.34,Completed
311833,19,2018-01-07,Highlander,39174.96,5.48,Cancelled
311834,15,2018-01-02,RAV4,31466.02,4.86,Completed
311835,15,2018-01-07,Corolla,19860.73,4.86,Completed
311836,9,2018-01-24,RAV4,26098.63,4.4,Completed
311837,20,2018-01-24,Tundra,39806.12,5.77,Completed
311838,2,2018-01-24,Prius,19103.95,4.0,Completed
311839,10,2018-01-09,Tacoma,22157.18,4.88,Cancelled
311840,8,2018-01-14,Prius,25790.24,5.84,Completed
311841,14,2018-01-05,Tundra,32764.14,5.1,Completed
311842,18,2018-01-03,RAV4,39706.1,5.68,Completed
311843,18,2018-01-04,Highlander,49061.56,5.68,Completed
311844,19,2018-01-21,Camry,25470.06,5.48,Completed
311845,16,2018-01-20,Corolla,20681.26,6.06,Completed
311846,5,2018-01-28,Tundra,32803.39,5.34,Completed
311847,13,2018-01-11,RAV4,38359.92,5.61,Completed
311848,19,2018-01-01,Corolla,17575.53,5.48,Completed
311849,7,2018-01-14,Camry,27431.0,5.39,Completed
311850,19,2018-01-09,RAV4,29151.92,5.48,Completed
311851,3,2018-01-23,Camry,28314.99,5.69,Completed
311852,17,2018-01-07,Sienna,23808.09,4.51,Completed
311853,7,2018-01-08,Prius,25123.53,5.39,Completed
311854,5,2018-01-21,Tundra,33723.93,5.34,Completed
311855,14,2018-01-14,RAV4,33711.79,5.1,Completed
311856,13,2018-01-06,Camry,28442.88,5.61,Completed
311857,11,2018-01-02,Tacoma,21699.57,4.16,Completed
311858,15,2018-01-14,Prius,24339.5,4.86,Completed
311859,4,2018-01-04,Tacoma,19991.81,3.81,Completed
311860,2,2018-01-02,RAV4,26894.15,4.0,Completed
311861,4,2018-01-16,RAV4,24429.26,3.81,Completed
311862,7,2018-01-26,Corolla,23077.11,5.39,Completed
311863,4,2018-01-29,Tundra,27664.88,3.81,Completed
311864,13,2018-01-17,Highlander,48541.42,5.61,Completed
311865,14,2018-01-16,Prius,22364.18,5.1,Completed
311866,4,2018-01-09,Prius,16715.46,3.81,Completed
311867,8,2018-01-22,Corolla,20480.73,5.84,Completed
311868,5,2018-01-16,RAV4,26924.0,5.34,Completed
311869,10,2018-01-15,Tundra,26246.44,4.88,Completed
311870,8,2018-01-10,Camry,26228.89,5.84,Completed
311871,3,2018-01-08,RAV4,37924.5,5.69,Cancelled
311872,18,2018-01-25,Highlander,48540.53,5.68,Completed
311873,11,2018-01-10,RAV4,22722.3,4.16,Completed
311874,18,2018-01-18,Camry,30284.17,5.68,Completed
311875,14,2018-01-02,Tacoma,30100.19,5.1,Completed
311876,18,2018-01-12,Prius,26428.31,5.68,Completed
311877,15,2018-01-07,Sienna,35487.27,4.86,Completed
311878,3,2018-01-16,Corolla,19914.02,5.69,Completed
311879,4,2018-01-21,Corolla,14712.85,3.81,Completed
311880,18,2018-01-14,Highlander,46064.36,5.68,Completed
311881,8,2018-01-12,Tundra,39772.65,5.84,Completed
311882,10,2018-01-31,Tacoma,22067.86,4.88,Completed
311883,16,2018-01-11,Sienna,35641.81,6.06,Completed
311884,8,2018-01-13,RAV4,33615.8,5.84,Cancelled
311885,9,2018-01-28,Prius,18119.06,4.4,Pending
311886,20,2018-01-26,Tacoma,30166.33,5.77,Completed
311887,19,2018-01-21,RAV4,31537.13,5.48,Completed
311888,20,2018-01-05,Corolla,22050.38,5.77,Completed
311889,19,2018-01-06,Prius,21412.63,5.48,Completed
311890,18,2018-01-29,Tacoma,34116.49,5.68,Completed
311891,19,2018-01-01,Camry,23636.82,5.48,Completed
311892,19,2018-01-26,Tundra,31332.41,5.48,Completed
311893,18,2018-01-09,Prius,23791.07,5.68,Completed
311894,19,2018-01-19,RAV4,27296.34,5.48,Completed
311895,3,2018-01-13,Sienna,40163.23,5.69,Completed
311896,8,2018-01-26,Sienna,36368.57,5.84,Completed
311897,17,2018-01-09,Highlander,35977.63,4.51,Completed
311898,5,2018-01-31,RAV4,26524.1,5.34,Completed
311899,20,2018-01-14,Tundra,40000.8,5.77,Completed
311900,17,2018-01-08,Prius,16565.17,4.51,Completed
311901,7,2018-01-02,Corolla,20072.47,5.39,Completed
311902,4,2018-01-06,RAV4,21625.2,3.81,Completed
311903,10,2018-01-09,Tacoma,22991.38,4.88,Completed
311904,16,2018-01-08,Camry,31374.31,6.06,Completed
311905,13,2018-01-05,RAV4,37421.2,5.61,Completed
311906,12,2018-01-19,Camry,26923.85,5.65,Completed
311907,16,2018-01-27,Sienna,40999.43,6.06,Completed
311908,12,2018-01-02,Prius,23374.81,5.65,Completed
311909,12,2018-01-05,Highlander,49108.79,5.65,Completed
311910,19,2018-01-27,Tundra,30162.86,5.48,Completed
311911,1,2018-01-16,Sienna,27722.18,5.24,Completed
311912,20,2018-01-07,Highlander,51642.79,5.77,Completed
311913,3,2018-01-23,Camry,27333.0,5.69,Completed
311914,15,2018-01-30,Highlander,46792.36,4.86,Completed
311915,18,2018-01-26,Tacoma,36300.39,5.68,Completed
311916,15,2018-01-10,Prius,24566.92,4.86,Cancelled
311917,2,2018-01-26,Sienna,28141.71,4.0,Completed
311918,15,2018-01-26,Sienna,39176.34,4.86,Completed
311919,3,2018-01-11,Sienna,41720.36,5.69,Completed
311920,20,2018-01-02,Highlander,49467.76,5.77,Completed
311921,17,2018-01-31,RAV4,21476.63,4.51,Completed
311922,7,2018-01-09,Sienna,41005.35,5.39,Completed
311923,12,2018-01-26,Corolla,20881.58,5.65,Completed
311924,4,2018-01-12,Sienna,25863.67,3.81,Completed
311925,2,2018-01-24,Tacoma,24552.05,4.0,Completed
311926,3,2018-01-05,Camry,27177.71,5.69,Completed
311927,19,2018-01-16,Highlander,42867.11,5.48,Completed
311928,14,2018-01-28,Tundra,35084.89,5.1,Pending
311929,7,2018-01-04,Tundra,34649.48,5.39,Completed
311930,17,2018-01-13,RAV4,21537.36,4.51,Pending
311931,18,2018-01-28,Tundra,37487.5,5.68,Completed
311932,2,2018-01-09,Tundra,28210.23,4.0,Completed
311933,9,2018-01-14,Sienna,24131.84,4.4,Completed
311934,14,2018-01-01,RAV4,30596.13,5.1,Completed
311935,13,2018-01-14,Tundra,39247.71,5.61,Completed
311936,18,2018-01-07,Prius,24865.64,5.68,Completed
311937,10,2018-01-09,Tacoma,24240.75,4.88,Completed
311938,10,2018-01-18,Corolla,14478.05,4.88,Cancelled
311939,16,2018-01-22,Prius,25249.1,6.06,Completed
311940,7,2018-01-12,Prius,26060.53,5.39,Completed
311941,8,2018-01-27,RAV4,31039.39,5.84,Completed
311942,8,2018-01-05,Tundra,39570.62,5.84,Completed
311943,11,2018-01-29,Corolla,13972.77,4.16,Completed
311944,3,2018-01-20,RAV4,31550.75,5.69,Completed
311945,12,2018-01-21,Tacoma,32401.83,5.65,Completed
311946,17,2018-01-21,Corolla,15162.16,4.51,Completed
311947,10,2018-01-11,Corolla,15262.1,4.88,Completed
311948,1,2018-01-31,Tacoma,27879.09,5.24,Completed
311949,6,2018-01-22,Sienna,27962.5,3.86,Completed
311950,13,2018-01-22,Sienna,35957.53,5.61,Completed
311951,20,2018-01-05,Corolla,22390.53,5.77,Completed
311952,4,2018-01-19,Corolla,16019.22,3.81,Completed
311953,1,2018-01-31,Tacoma,23504.38,5.24,Completed
311954,17,2018-01-04,Sienna,24668.52,4.51,Completed
311955,16,2018-01-05,Tundra,37941.98,6.06,Completed
311956,17,2018-01-14,Sienna,23683.8,4.51,Completed
311957,11,2018-01-12,Tundra,25311.97,4.16,Completed
311958,15,2018-01-05,Camry,30022.74,4.86,Completed
311959,16,2018-01-25,Camry,28351.42,6.06,Completed
311960,19,2018-01-04,Tacoma,29637.52,5.48,Completed
311961,20,2018-01-22,Prius,22761.47,5.77,Completed
311962,9,2018-01-10,Camry,18997.25,4.4,Completed
311963,17,2018-01-01,Corolla,16006.58,4.51,Completed
311964,15,2018-01-05,Prius,25492.61,4.86,Completed
311965,18,2018-01-09,Sienna,39075.4,5.68,Completed
311966,1,2018-01-26,Corolla,17923.7,5.24,Completed
311967,16,2018-01-02,Camry,31978.6,6.06,Completed
311968,19,2018-01-29,Sienna,30626.24,5.48,Completed
311969,13,2018-01-01,Camry,29892.03,5.61,Completed
311970,9,2018-01-21,Highlander,36936.47,4.4,Completed
311971,18,2018-01-16,Highlander,54313.88,5.68,Completed
311972,9,2018-01-04,RAV4,24060.79,4.4,Completed
311973,1,2018-01-04,Corolla,15978.43,5.24,Completed
311974,15,2018-01-29,Tundra,33546.82,4.86,Completed
311975,6,2018-01-26,Sienna,28643.41,3.86,Completed
311976,18,2018-01-19,Corolla,23446.17,5.68,Completed
311977,10,2018-01-17,RAV4,26170.28,4.88,Completed
311978,19,2018-01-03,Highlander,44636.78,5.48,Completed
311979,2,2018-01-31,Tundra,25716.27,4.0,Completed
311980,13,2018-01-03,Tacoma,30111.39,5.61,Completed
311981,15,2018-01-16,Sienna,33217.14,4.86,Completed
311982,20,2018-01-23,Tundra,36162.33,5.77,Completed
311983,16,2018-01-31,Camry,30011.66,6.06,Pending
311984,10,2018-01-29,Corolla,15619.5,4.88,Completed
311985,6,2018-01-11,Prius,17206.48,3.86,Completed
311986,7,2018-01-07,Tundra,35058.84,5.39,Completed
311987,7,2018-01-21,Corolla,20589.45,5.39,Completed
311988,17,2018-01-12,Highlander,36019.33,4.51,Completed
311989,11,2018-01-09,Corolla,16489.65,4.16,Completed
311990,17,2018-01-29,Camry,19861.09,4.51,Pending
311991,9,2018-01-13,Camry,19441.48,4.4,Completed
311992,3,2018-01-01,Prius,25170.39,5.69,Completed
311993,2,2018-01-01,Prius,17825.73,4.0,Completed
311994,10,2018-01-18,Camry,20838.5,4.88,Completed
311995,13,2018-01-14,RAV4,32193.44,5.61,Completed
311996,13,2018-01-16,Tundra,40918.77,5.61,Completed
311997,2,2018-01-26,Corolla,15191.13,4.0,Completed
311998,15,2018-01-20,Camry,27085.51,4.86,Completed
311999,13,2018-01-13,Highlander,50031.41,5.61,Completed
312000,13,2018-01-25,Prius,26669.86,5.61,Completed
312001,3,2018-01-30,Highlander,46440.55,5.69,Completed
312002,17,2018-01-12,RAV4,23334.07,4.51,Completed
312003,6,2018-01-23,Tundra,25648.18,3.86,Completed
312004,15,2018-01-18,Sienna,37170.18,4.86,Completed
312005,16,2018-01-31,Camry,30653.56,6.06,Completed
312006,14,2018-01-17,Tacoma,29992.7,5.1,Completed
312007,7,2018-01-29,RAV4,32872.02,5.39,Cancelled
312008,8,2018-01-31,Highlander,46938.64,5.84,Completed
312009,11,2018-01-18,Highlander,37150.09,4.16,Completed
312010,2,2018-01-06,Highlander,36028.95,4.0,Completed
312011,17,2018-01-12,RAV4,24533.62,4.51,Completed
312012,20,2018-01-05,RAV4,37108.47,5.77,Completed
312013,8,2018-01-16,Tundra,37903.23,5.84,Completed
312014,6,2018-01-21,Corolla,14904.42,3.86,Completed
312015,13,2018-01-26,Tundra,36683.63,5.61,Completed
312016,14,2018-01-26,Sienna,38108.36,5.1,Completed
312017,18,2018-01-06,Highlander,49310.79,5.68,Completed
312018,11,2018-01-31,Sienna,27439.78,4.16,Completed
312019,18,2018-01-08,Camry,33761.59,5.68,Completed
312020,11,2018-01-31,Corolla,15280.7,4.16,Pending
312021,5,2018-01-02,Highlander,39057.32,5.34,Completed
312022,4,2018-01-25,Tacoma,22980.23,3.81,Completed
312023,18,2018-01-01,Corolla,24810.41,5.68,Completed
312024,19,2018-01-20,Prius,22890.91,5.48,Completed
312025,6,2018-01-22,RAV4,22708.27,3.86,Completed
312026,19,2018-01-02,RAV4,27139.16,5.48,Completed
312027,20,2018-01-24,Tundra,37276.45,5.77,Completed
312028,7,2018-01-14,Tacoma,32084.14,5.39,Completed
312029,19,2018-01-16,Tacoma,26630.4,5.48,Completed
312030,1,2018-01-11,Tundra,28944.05,5.24,Completed
312031,8,2018-01-29,Prius,23229.51,5.84,Completed
312032,6,2018-01-08,Corolla,16087.7,3.86,Completed
312033,20,2018-01-21,Corolla,19760.11,5.77,Completed
312034,17,2018-01-07,Corolla,14251.25,4.51,Completed
312035,11,2018-01-18,Prius,17360.82,4.16,Completed
312036,7,2018-01-17,RAV4,34222.68,5.39,Completed
312037,11,2018-01-30,Tacoma,21138.98,4.16,Completed
312038,10,2018-01-28,RAV4,25852.8,4.88,Completed
312039,12,2018-01-04,Sienna,34150.26,5.65,Completed
312040,3,2018-01-02,Tacoma,29974.22,5.69,Completed
312041,13,2018-01-21,Tacoma,30418.21,5.61,Completed
312042,18,2018-01-06,Sienna,38606.66,5.68,Completed
312043,12,2018-01-04,Sienna,37657.17,5.65,Completed
312044,14,2018-01-03,Prius,21955.47,5.1,Completed
312045,1,2018-01-19,Highlander,40768.55,5.24,Completed
312046,11,2018-01-23,Corolla,14049.37,4.16,Completed
312047,2,2018-01-27,Camry,21652.46,4.0,Completed
312048,10,2018-01-12,Tundra,28392.05,4.88,Pending
312049,19,2018-01-19,Tacoma,28428.49,5.48,Completed
312050,11,2018-01-11,Corolla,15791.35,4.16,Completed
312051,14,2018-01-23,Corolla,22084.85,5.1,Pending
312052,5,2018-01-21,Prius,19560.38,5.34,Completed
312053,20,2018-01-06,Corolla,19429.4,5.77,Completed
312054,6,2018-01-11,Sienna,28061.42,3.86,Completed
312055,13,2018-01-03,Camry,31926.72,5.61,Completed
312056,2,2018-01-16,Camry,20433.31,4.0,Completed
312057,3,2018-01-02,Corolla,20062.92,5.69,Completed
312058,3,2018-01-15,Tundra,34629.81,5.69,Completed
312059,19,2018-01-10,Corolla,16916.45,5.48,Completed
312060,16,2018-01-25,Prius,24776.41,6.06,Completed
312061,3,2018-01-31,Sienna,35691.89,5.69,Completed
312062,4,2018-01-26,RAV4,22874.49,3.81,Completed
312063,15,2018-01-27,Sienna,33696.67,4.86,Cancelled
312064,8,2018-01-30,Sienna,39585.46,5.84,Completed
312065,15,2018-01-07,RAV4,30909.12,4.86,Completed
312066,2,2018-01-20,Prius,18546.38,4.0,Completed
312067,12,2018-01-16,Tundra,39022.41,5.65,Completed
312068,8,2018-01-05,Tundra,40160.75,5.84,Completed
312069,16,2018-01-29,Corolla,20778.4,6.06,Completed
312070,13,2018-01-17,Prius,25014.98,5.61,Completed
312071,5,2018-01-13,Sienna,29715.37,5.34,Completed
312072,4,2018-01-11,Corolla,15738.95,3.81,Completed
312073,18,2018-01-21,Camry,30507.1,5.68,Completed
312074,15,2018-01-27,Highlander,48990.38,4.86,Completed
312075,9,2018-01-25,Prius,16311.34,4.4,Completed
312076,19,2018-01-16,Tundra,30819.66,5.48,Completed
312077,11,2018-01-23,Tundra,28401.01,4.16,Completed
312078,12,2018-01-17,RAV4,33520.15,5.65,Completed
312079,20,2018-01-24,Sienna,33666.19,5.77,Completed
312080,10,2018-01-20,Highlander,35087.16,4.88,Completed
312081,14,2018-01-04,Tacoma,27901.73,5.1,Completed
312082,16,2018-01-08,Prius,23904.4,6.06,Completed
312083,17,2018-01-11,Sienna,23476.2,4.51,Completed
312084,3,2018-01-12,Corolla,21222.04,5.69,Completed
312085,17,2018-01-31,Sienna,27823.62,4.51,Completed
312086,15,2018-01-27,Camry,30767.88,4.86,Completed
312087,6,2018-01-05,RAV4,24774.34,3.86,Completed
312088,7,2018-01-20,Tundra,34188.58,5.39,Completed
312089,19,2018-01-24,Tundra,34711.7,5.48,Completed
312090,12,2018-01-01,Camry,30499.28,5.65,Completed
312091,19,2018-01-18,Camry,25587.86,5.48,Completed
312092,13,2018-01-29,RAV4,37421.76,5.61,Completed
312093,12,2018-01-18,RAV4,32060.35,5.65,Completed
312094,20,2018-01-16,Sienna,34714.64,5.77,Completed
312095,1,2018-01-22,Camry,22788.41,5.24,Completed
312096,11,2018-01-16,Sienna,28521.97,4.16,Completed
312097,10,2018-01-08,Highlander,38156.8,4.88,Completed
312098,4,2018-01-31,Corolla,14928.74,3.81,Completed
312099,20,2018-01-04,Sienna,38611.4,5.77,Completed
312100,6,2018-01-06,Camry,19220.49,3.86,Completed
312101,8,2018-01-27,Highlander,43064.35,5.84,Completed
312102,2,2018-01-26,Highlander,33384.71,4.0,Completed
312103,4,2018-01-15,Highlander,30788.07,3.81,Completed
312104,20,2018-01-31,Prius,22997.17,5.77,Pending
312105,8,2018-01-19,Highlander,44152.4,5.84,Completed
312106,9,2018-01-24,RAV4,26034.06,4.4,Completed
312107,20,2018-01-27,Prius,24487.43,5.77,Completed
312108,16,2018-01-24,Camry,28795.7,6.06,Completed
312109,12,2018-01-30,Corolla,19063.1,5.65,Completed
312110,20,2018-01-07,Prius,24217.21,5.77,Completed
312111,18,2018-01-31,Tacoma,31889.36,5.68,Completed
312112,17,2018-01-22,Tundra,28413.64,4.51,Completed
312113,11,2018-01-08,RAV4,26764.46,4.16,Completed
312114,11,2018-01-17,Sienna,27391.47,4.16,Completed
312115,6,2018-01-11,Prius,16434.05,3.86,Completed
312116,9,2018-01-06,Camry,18833.54,4.4,Completed
312117,16,2018-01-26,Sienna,35189.08,6.06,Completed
312118,9,2018-01-23,Camry,21452.62,4.4,Completed
312119,3,2018-01-28,RAV4,35569.74,5.69,Pending
312120,13,2018-01-22,Highlander,48730.53,5.61,Completed
312121,8,2018-01-12,Sienna,36042.26,5.84,Completed
312122,1,2018-01-13,Tundra,30364.45,5.24,Completed
312123,7,2018-01-25,Tundra,39669.91,5.39,Completed
312124,10,2018-01-17,Sienna,28632.05,4.88,Completed
312125,3,2018-01-15,Sienna,34819.88,5.69,Completed
312126,6,2018-01-17,Highlander,31397.63,3.86,Completed
312127,14,2018-01-01,Sienna,36796.33,5.1,Completed
312128,4,2018-01-14,Tacoma,22902.45,3.81,Completed
312129,6,2018-01-18,Tundra,25164.93,3.86,Completed
312130,16,2018-01-01,RAV4,32814.76,6.06,Completed
312131,2,2018-01-17,Tundra,28161.03,4.0,Completed
312132,2,2018-01-13,Sienna,27967.1,4.0,Completed
312133,15,2018-01-17,Sienna,37227.63,4.86,Completed
312134,3,2018-01-10,Tacoma,30308.52,5.69,Completed
312135,15,2018-01-01,Corolla,21447.78,4.86,Completed
312136,10,2018-01-29,RAV4,26077.21,4.88,Completed
312137,9,2018-01-14,Tacoma,20496.6,4.4,Completed
312138,1,2018-01-03,Prius,18123.0,5.24,Completed
312139,10,2018-01-27,Sienna,27833.3,4.88,Completed
312140,14,2018-01-05,Tundra,31855.38,5.1,Completed
312141,4,2018-01-31,Sienna,23098.46,3.81,Pending
312142,15,2018-01-16,Tundra,39617.67,4.86,Completed
312143,13,2018-01-18,Prius,25193.77,5.61,Completed
312144,1,2018-01-22,Tundra,27995.6,5.24,Completed
312145,15,2018-01-30,Sienna,39276.57,4.86,Completed
312146,4,2018-01-11,Tacoma,21211.61,3.81,Completed
312147,4,2018-01-27,Highlander,30154.24,3.81,Completed
312148,12,2018-01-28,Camry,27323.54,5.65,Completed
312149,15,2018-01-28,Tundra,37495.67,4.86,Completed
312150,19,2018-01-17,Tacoma,24979.83,5.48,Completed
312151,3,2018-01-30,Tundra,38931.0,5.69,Completed
312152,12,2018-01-26,Tacoma,28486.46,5.65,Completed
312153,12,2018-01-22,Highlander,49765.98,5.65,Completed
312154,6,2018-01-02,Prius,18447.24,3.86,Completed
312155,13,2018-01-16,Sienna,38231.4,5.61,Completed
312156,4,2018-01-07,RAV4,24575.95,3.81,Completed
312157,15,2018-01-03,Corolla,20541.31,4.86,Completed
312158,9,2018-01-15,Tundra,26716.65,4.4,Completed
312159,6,2018-01-02,Corolla,15910.41,3.86,Completed
312160,12,2018-01-04,Tacoma,29135.15,5.65,Completed
312161,5,2018-01-29,Tacoma,24946.06,5.34,Completed
312162,15,2018-01-22,Tundra,34765.1,4.86,Completed
312163,14,2018-01-13,Corolla,21110.92,5.1,Completed
312164,12,2018-01-04,Tundra,37805.53,5.65,Completed
312165,7,2018-01-15,Camry,31855.4,5.39,Completed
312166,14,2018-01-19,Highlander,40453.52,5.1,Completed
312167,4,2018-01-11,Sienna,23293.2,3.81,Completed
312168,8,2018-01-11,Sienna,35649.58,5.84,Completed
312169,4,2018-01-12,RAV4,24505.16,3.81,Completed
312170,12,2018-01-20,Tacoma,28329.25,5.65,Completed
312171,18,2018-01-26,Tundra,42881.82,5.68,Completed
312172,13,2018-01-05,Tundra,42013.41,5.61,Completed
312173,12,2018-01-10,Highlander,50232.0,5.65,Completed
312174,2,2018-01-09,Tundra,29439.61,4.0,Completed
312175,19,2018-01-15,Highlander,39787.23,5.48,Completed
312176,8,2018-01-10,Tacoma,30359.63,5.84,Completed
312177,7,2018-01-01,Prius,25321.68,5.39,Completed
312178,8,2018-01-19,Camry,31473.0,5.84,Completed
312179,17,2018-01-22,Sienna,23818.73,4.51,Completed
312180,19,2018-01-12,Corolla,19813.04,5.48,Completed
312181,4,2018-01-08,Tacoma,23547.64,3.81,Completed
312182,15,2018-01-01,Corolla,21392.79,4.86,Completed
312183,13,2018-01-05,Corolla,22438.2,5.61,Completed
312184,13,2018-01-28,Highlander,47913.72,5.61,Completed
312185,3,2018-01-10,Prius,22766.94,5.69,Completed
312186,16,2018-01-09,Tacoma,31127.67,6.06,Completed
312187,20,2018-01-29,Corolla,19557.94,5.77,Completed
312188,11,2018-01-24,Prius,17177.94,4.16,Completed
312189,20,2018-01-12,Corolla,22914.21,5.77,Completed
312190,10,2018-01-28,Corolla,15770.34,4.88,Cancelled
312191,14,2018-01-28,Corolla,19636.47,5.1,Completed
312192,16,2018-01-05,RAV4,33463.02,6.06,Completed
312193,4,2018-01-11,Tacoma,23272.56,3.81,Pending
312194,15,2018-01-12,Prius,24426.85,4.86,Completed
312195,20,2018-01-26,RAV4,34564.99,5.77,Completed
312196,8,2018-01-16,Tundra,37118.15,5.84,Completed
312197,19,2018-01-24,Highlander,42512.73,5.48,Completed
312198,8,2018-01-01,Tundra,40158.36,5.84,Completed
312199,4,2018-01-17,Sienna,27298.33,3.81,Completed
312200,4,2018-01-26,Tundra,27112.68,3.81,Completed
312201,12,2018-01-17,Prius,23577.48,5.65,Completed
312202,20,2018-01-04,Highlander,48274.47,5.77,Completed
312203,11,2018-01-01,Tacoma,22503.44,4.16,Completed
312204,6,2018-01-06,Prius,16822.33,3.86,Completed
312205,16,2018-01-25,Tacoma,34733.83,6.06,Completed
312206,3,2018-01-23,Tundra,34782.56,5.69,Completed
312207,7,2018-01-31,RAV4,36454.79,5.39,Completed
312208,15,2018-01-18,Prius,23923.43,4.86,Completed
312209,9,2018-01-02,Highlander,36608.35,4.4,Completed
312210,6,2018-01-26,Highlander,36205.95,3.86,Completed
312211,6,2018-01-15,Tundra,27206.82,3.86,Completed
312212,5,2018-01-18,Tacoma,25255.05,5.34,Completed
312213,7,2018-01-22,Tundra,39093.98,5.39,Completed
312214,9,2018-01-07,RAV4,26337.69,4.4,Completed
312215,1,2018-01-17,RAV4,30847.38,5.24,Completed
312216,11,2018-01-31,Highlander,32810.64,4.16,Completed
312217,16,2018-01-21,Tundra,40215.56,6.06,Completed
312218,15,2018-01-30,Prius,24300.99,4.86,Completed
312219,9,2018-01-21,Tacoma,21464.37,4.4,Completed
312220,1,2018-01-27,Prius,18424.77,5.24,Completed
312221,9,2018-01-30,RAV4,22707.61,4.4,Completed
312222,19,2018-01-31,RAV4,27958.63,5.48,Completed
312223,8,2018-01-06,Corolla,21374.46,5.84,Completed
312224,6,2018-01-17,Highlander,32028.36,3.86,Completed
312225,11,2018-01-15,Camry,21105.75,4.16,Completed
312226,11,2018-01-20,Camry,19465.86,4.16,Completed
312227,3,2018-01-30,Camry,28959.22,5.69,Completed
312228,16,2018-01-23,Corolla,23742.84,6.06,Completed
312229,19,2018-01-26,Prius,21293.76,5.48,Completed
312230,2,2018-01-27,Highlander,36371.51,4.0,Completed
312231,8,2018-01-01,Corolla,23155.71,5.84,Completed
312232,3,2018-01-06,Tundra,39728.5,5.69,Cancelled
312233,16,2018-01-12,Sienna,39872.14,6.06,Completed
312234,12,2018-01-24,Sienna,39266.23,5.65,Completed
312235,14,2018-01-26,Sienna,33036.09,5.1,Completed
312236,20,2018-01-23,Highlander,44985.41,5.77,Pending
312237,7,2018-01-17,Sienna,35443.6,5.39,Completed
312238,19,2018-01-09,Camry,24973.54,5.48,Completed
312239,7,2018-01-21,Sienna,33803.55,5.39,Completed
312240,20,2018-01-19,Highlander,51766.35,5.77,Completed
312241,14,2018-01-08,RAV4,34122.11,5.1,Completed
312242,17,2018-01-23,Highlander,32723.34,4.51,Completed
312243,10,2018-01-26,Highlander,34823.39,4.88,Completed
312244,20,2018-01-21,Corolla,20048.64,5.77,Completed
312245,20,2018-01-17,Sienna,34052.19,5.77,Completed
312246,4,2018-01-09,Tundra,23346.86,3.81,Completed
312247,17,2018-01-08,Sienna,28108.55,4.51,Completed
312248,5,2018-01-10,Camry,24333.21,5.34,Completed
312249,12,2018-01-31,Prius,25509.37,5.65,Completed
312250,18,2018-01-29,Corolla,23096.84,5.68,Completed
312251,11,2018-01-16,Tacoma,22443.41,4.16,Pending
312252,9,2018-01-25,Prius,17181.51,4.4,Completed
312253,17,2018-01-29,RAV4,22379.62,4.51,Completed
312254,18,2018-01-13,Tundra,37461.43,5.68,Completed
312255,17,2018-01-15,Tundra,24508.33,4.51,Completed
312256,1,2018-01-13,Tacoma,28120.9,5.24,Completed
312257,1,2018-01-21,Highlander,37291.31,5.24,Cancelled
312258,4,2018-01-25,Tacoma,20715.28,3.81,Completed
312259,17,2018-01-24,Tacoma,19910.09,4.51,Cancelled
312260,9,2018-01-20,Camry,21970.17,4.4,Completed
312261,8,2018-01-18,RAV4,35945.51,5.84,Completed
312262,7,2018-01-21,Tacoma,30892.26,5.39,Completed
312263,13,2018-01-15,Prius,26229.45,5.61,Completed
312264,8,2018-01-27,Camry,26971.31,5.84,Completed
312265,11,2018-01-29,RAV4,25212.17,4.16,Completed
312266,20,2018-01-25,Tundra,37921.96,5.77,Cancelled
312267,16,2018-01-09,Corolla,21576.51,6.06,Completed
312268,19,2018-01-07,Corolla,20150.41,5.48,Completed
312269,12,2018-01-02,Corolla,21285.65,5.65,Completed
312270,3,2018-01-27,Tacoma,30180.82,5.69,Completed
312271,7,2018-01-21,Highlander,45603.91,5.39,Pending
312272,6,2018-01-09,Tundra,25257.73,3.86,Completed
312273,2,2018-01-14,Sienna,28151.33,4.0,Completed
312274,4,2018-01-02,Corolla,15828.76,3.81,Completed
312275,14,2018-01-30,Corolla,19605.87,5.1,Completed
312276,8,2018-01-30,Corolla,22030.67,5.84,Completed
312277,12,2018-01-29,RAV4,30031.36,5.65,Completed
312278,6,2018-01-02,Highlander,32646.24,3.86,Completed
312279,6,2018-01-16,Prius,17080.31,3.86,Completed
312280,20,2018-01-18,Corolla,19268.41,5.77,Completed
312281,20,2018-01-07,RAV4,32287.91,5.77,Completed
312282,19,2018-01-27,Highlander,41581.35,5.48,Completed
312283,20,2018-01-26,Corolla,20371.24,5.77,Completed
312284,13,2018-01-11,Highlander,47661.26,5.61,Completed
312285,17,2018-01-20,Tundra,27710.81,4.51,Completed
312286,8,2018-01-27,Prius,24870.48,5.84,Completed
312287,3,2018-01-02,Highlander,48814.96,5.69,Completed
312288,17,2018-01-20,Sienna,26617.16,4.51,Completed
312289,14,2018-01-14,Camry,27997.61,5.1,Completed
312290,16,2018-01-13,Corolla,21483.08,6.06,Completed
312291,14,2018-01-18,Highlander,46931.77,5.1,Completed
312292,16,2018-01-11,Tacoma,32479.66,6.06,Completed
312293,17,2018-01-23,RAV4,23870.7,4.51,Completed
312294,11,2018-01-02,Tacoma,21859.9,4.16,Completed
312295,4,2018-01-17,Tacoma,21977.0,3.81,Completed
312296,14,2018-01-07,Camry,29275.35,5.1,Completed
312297,19,2018-01-19,Highlander,38198.18,5.48,Completed
312298,18,2018-01-31,Camry,29429.31,5.68,Completed
312299,11,2018-01-22,Corolla,16523.02,4.16,Completed
312300,9,2018-01-14,Camry,21268.99,4.4,Completed
312301,13,2018-01-27,Highlander,48904.56,5.61,Completed
312302,18,2018-01-19,Camry,32113.13,5.68,Completed
312303,2,2018-01-05,Highlander,33617.9,4.0,Completed
312304,3,2018-01-17,Sienna,38321.56,5.69,Pending
312305,18,2018-01-13,Highlander,55204.1,5.68,Completed
312306,2,2018-01-04,Prius,20109.6,4.0,Completed
312307,7,2018-01-23,Sienna,38276.65,5.39,Completed
312308,9,2018-01-17,RAV4,25349.52,4.4,Completed
312309,9,2018-01-13,Corolla,15812.91,4.4,Completed
312310,6,2018-01-29,Sienna,27617.93,3.86,Completed
312311,20,2018-01-16,Prius,24611.93,5.77,Completed
312312,11,2018-01-26,Prius,17192.93,4.16,Completed
312313,11,2018-01-31,Tundra,25822.74,4.16,Completed
312314,20,2018-01-07,Tacoma,29939.56,5.77,Completed
312315,12,2018-01-15,Prius,24891.82,5.65,Completed
312316,13,2018-01-06,Camry,32210.88,5.61,Completed
312317,3,2018-01-21,Camry,28917.1,5.69,Completed
312318,10,2018-01-25,RAV4,23422.7,4.88,Completed
312319,3,2018-01-16,Tacoma,33345.63,5.69,Completed
312320,4,2018-01-02,Tundra,27327.18,3.81,Completed
312321,13,2018-01-12,Sienna,41051.73,5.61,Completed
312322,19,2018-01-03,Tundra,30475.93,5.48,Completed
312323,1,2018-01-27,Highlander,42149.67,5.24,Completed
312324,19,2018-01-08,Tundra,33190.56,5.48,Completed
312325,13,2018-01-11,Tundra,41528.78,5.61,Completed
312326,1,2018-01-21,Camry,23926.32,5.24,Completed
312327,12,2018-01-22,RAV4,32869.0,5.65,Completed
312328,14,2018-01-24,Prius,25170.17,5.1,Completed
312329,19,2018-01-07,Sienna,30671.94,5.48,Completed
312330,14,2018-01-11,Tacoma,29628.89,5.1,Completed
312331,10,2018-01-21,Sienna,29442.44,4.88,Completed
312332,6,2018-01-10,Tundra,28583.04,3.86,Completed
312333,3,2018-01-05,Corolla,20982.17,5.69,Completed
312334,13,2018-01-29,Prius,24659.42,5.61,Completed
312335,20,2018-01-24,Tundra,38833.93,5.77,Completed
312336,11,2018-01-04,Corolla,16422.57,4.16,Completed
312337,13,2018-01-03,Corolla,21430.28,5.61,Completed
312338,6,2018-01-11,Corolla,13960.47,3.86,Completed
312339,18,2018-01-05,Corolla,20772.05,5.68,Completed
312340,14,2018-01-26,RAV4,33955.15,5.1,Completed
312341,3,2018-01-01,Prius,27158.16,5.69,Completed
312342,4,2018-01-10,Prius,15559.6,3.81,Completed
312343,5,2018-01-11,RAV4,27066.49,5.34,Completed
312344,3,2018-01-21,Highlander,47650.67,5.69,Completed
312345,15,2018-01-19,RAV4,32783.57,4.86,Completed
312346,16,2018-01-21,Prius,26226.01,6.06,Pending
312347,16,2018-01-08,Camry,29163.4,6.06,Completed
312348,10,2018-01-29,Tacoma,23969.86,4.88,Completed
312349,15,2018-01-07,Highlander,42689.97,4.86,Completed
312350,2,2018-01-12,Tacoma,22974.67,4.0,Completed
312351,15,2018-01-09,Corolla,21410.57,4.86,Completed
312352,4,2018-01-07,RAV4,22829.9,3.81,Completed
312353,8,2018-01-06,Sienna,35690.99,5.84,Completed
312354,17,2018-01-08,RAV4,24270.9,4.51,Completed
312355,15,2018-01-11,Prius,24361.3,4.86,Completed
312356,10,2018-01-04,Corolla,14979.46,4.88,Completed
312357,8,2018-01-11,Camry,29328.25,5.84,Completed
312358,20,2018-01-03,RAV4,33546.62,5.77,Completed
312359,15,2018-01-19,Prius,24414.18,4.86,Completed
312360,17,2018-01-29,Highlander,31162.28,4.51,Completed
312361,18,2018-01-23,Prius,24935.28,5.68,Completed
312362,17,2018-01-31,Sienna,25616.0,4.51,Completed
312363,9,2018-01-22,Tacoma,21840.24,4.4,Completed
312364,1,2018-01-26,Camry,22598.49,5.24,Completed
312365,13,2018-01-04,Tundra,35501.82,5.61,Completed
312366,17,2018-01-25,Tundra,25425.08,4.51,Completed
312367,6,2018-01-17,Tundra,27456.49,3.86,Completed
312368,1,2018-01-22,Tundra,33419.23,5.24,Completed
312369,2,2018-01-22,Camry,20450.77,4.0,Completed
312370,5,2018-01-04,Corolla,16872.7,5.34,Completed
312371,10,2018-01-12,Tacoma,24916.14,4.88,Completed
312372,15,2018-01-10,Tacoma,32034.69,4.86,Completed
312373,4,2018-01-29,Sienna,25190.04,3.81,Completed
312374,12,2018-01-04,RAV4,36553.85,5.65,Completed
312375,19,2018-01-06,Prius,22633.57,5.48,Completed
312376,9,2018-01-22,Tundra,26860.79,4.4,Completed
312377,11,2018-01-25,RAV4,25797.96,4.16,Completed
312378,6,2018-01-26,Sienna,24384.33,3.86,Completed
312379,20,2018-01-29,Tundra,38155.0,5.77,Completed
312380,5,2018-01-15,Tundra,29226.68,5.34,Completed
312381,1,2018-01-25,Highlander,43045.37,5.24,Completed
312382,5,2018-01-23,Corolla,18179.33,5.34,Completed
312383,5,2018-01-23,Tacoma,25940.88,5.34,Completed
312384,2,2018-01-19,Sienna,29215.19,4.0,Completed
312385,9,2018-01-11,Highlander,32318.46,4.4,Completed
312386,2,2018-01-05,Camry,22150.1,4.0,Completed
312387,13,2018-01-23,Corolla,19812.01,5.61,Completed
312388,10,2018-01-27,Tundra,27195.06,4.88,Completed
312389,8,2018-01-30,Tundra,35220.49,5.84,Completed
312390,6,2018-01-24,Prius,18486.05,3.86,Completed
312391,17,2018-01-06,Highlander,35428.59,4.51,Completed
312392,11,2018-01-21,Camry,20188.26,4.16,Completed
312393,3,2018-01-28,Tacoma,32465.48,5.69,Completed
312394,10,2018-01-05,Tundra,28487.93,4.88,Completed
312395,13,2018-01-07,Highlander,46321.55,5.61,Completed
312396,6,2018-01-11,Tundra,27054.79,3.86,Completed
312397,7,2018-01-13,RAV4,31760.24,5.39,Completed
312398,5,2018-01-30,Tacoma,27303.19,5.34,Completed
312399,5,2018-01-15,Tundra,32090.56,5.34,Completed
312400,16,2018-01-14,Prius,23586.85,6.06,Completed
312401,15,2018-01-14,Tundra,36722.62,4.86,Completed
312402,13,2018-01-12,Corolla,22168.45,5.61,Completed
312403,10,2018-01-12,Prius,17566.5,4.88,Completed
312404,18,2018-01-27,Camry,32423.62,5.68,Completed
312405,2,2018-01-21,Prius,18860.9,4.0,Completed
312406,2,2018-01-27,Corolla,16522.24,4.0,Completed
312407,18,2018-01-27,Tundra,39860.7,5.68,Completed
312408,12,2018-01-07,Highlander,46286.8,5.65,Completed
312409,12,2018-01-09,Prius,22559.94,5.65,Completed
312410,10,2018-01-28,Camry,20101.37,4.88,Completed
312411,13,2018-01-29,Corolla,20408.66,5.61,Completed
312412,5,2018-01-30,RAV4,31245.18,5.34,Completed
312413,9,2018-01-18,Camry,20286.97,4.4,Completed
312414,20,2018-01-05,Tundra,38304.77,5.77,Completed
312415,16,2018-01-12,Tundra,39503.29,6.06,Completed
312416,9,2018-01-06,Camry,19129.35,4.4,Completed
312417,19,2018-01-16,Camry,27011.59,5.48,Completed
312418,16,2018-01-12,Highlander,47585.69,6.06,Completed
312419,9,2018-01-27,Prius,16287.02,4.4,Completed
312420,14,2018-01-22,Tundra,32646.66,5.1,Completed
312421,14,2018-01-04,Tundra,32217.12,5.1,Completed
312422,15,2018-01-26,RAV4,36078.49,4.86,Completed
312423,11,2018-01-22,Tundra,27349.78,4.16,Completed
312424,16,2018-01-27,Prius,25763.02,6.06,Completed
312425,3,2018-01-06,RAV4,35607.59,5.69,Completed
312426,14,2018-01-19,Sienna,35510.94,5.1,Completed
312427,7,2018-01-16,Sienna,39846.37,5.39,Completed
312428,14,2018-01-24,Corolla,21922.23,5.1,Completed
312429,19,2018-01-26,Tundra,34663.06,5.48,Completed
312430,14,2018-01-13,RAV4,32420.19,5.1,Completed
312431,2,2018-01-09,Camry,23286.41,4.0,Completed
312432,1,2018-01-23,Highlander,37584.91,5.24,Completed
312433,2,2018-01-28,Sienna,30177.79,4.0,Completed
312434,10,2018-01-26,Camry,22870.07,4.88,Completed
312435,14,2018-01-17,Prius,21441.78,5.1,Completed
312436,20,2018-01-19,Corolla,19795.11,5.77,Completed
312437,3,2018-01-29,Highlander,45202.0,5.69,Completed
312438,8,2018-01-03,RAV4,30798.52,5.84,Completed
312439,19,2018-01-27,Sienna,31995.4,5.48,Completed
312440,12,2018-01-13,Camry,27132.98,5.65,Completed
312441,18,2018-01-25,Sienna,40036.75,5.68,Completed
312442,18,2018-01-29,Tundra,38960.5,5.68,Completed
312443,2,2018-01-13,Tacoma,23050.73,4.0,Completed
312444,7,2018-01-26,Sienna,35980.04,5.39,Completed
312445,6,2018-01-19,Corolla,15549.53,3.86,Completed
312446,15,2018-01-21,Tacoma,32298.78,4.86,Cancelled
312447,17,2018-01-18,RAV4,24674.15,4.51,Completed
312448,19,2018-01-18,Tacoma,27932.73,5.48,Completed
312449,20,2018-01-13,Prius,22601.12,5.77,Completed
312450,11,2018-01-06,Sienna,28079.97,4.16,Completed
312451,13,2018-01-05,Sienna,37436.65,5.61,Completed
312452,13,2018-01-11,Camry,30420.7,5.61,Completed
312453,17,2018-01-01,Highlander,30339.89,4.51,Completed
312454,4,2018-01-24,Camry,20743.57,3.81,Completed
312455,17,2018-01-26,Tacoma,23733.03,4.51,Completed
312456,7,2018-01-16,Camry,29194.87,5.39,Completed
312457,17,2018-01-17,Sienna,28236.08,4.51,Completed
312458,7,2018-01-27,Tundra,37283.65,5.39,Completed
312459,14,2018-01-22,Highlander,43333.59,5.1,Completed
312460,14,2018-01-25,Camry,26456.2,5.1,Pending
312461,1,2018-01-27,RAV4,25720.74,5.24,Completed
312462,20,2018-01-09,Tundra,35225.53,5.77,Completed
312463,15,2018-01-20,Prius,24718.09,4.86,Completed
312464,6,2018-01-17,RAV4,25206.22,3.86,Completed
312465,14,2018-01-23,Sienna,35146.02,5.1,Completed
312466,11,2018-01-13,Sienna,28388.72,4.16,Completed
312467,10,2018-01-31,Highlander,32402.34,4.88,Completed
312468,20,2018-01-23,Tacoma,29004.1,5.77,Pending
312469,19,2018-01-16,Tundra,30937.1,5.48,Completed
312470,14,2018-01-22,Sienna,33966.79,5.1,Completed
312471,13,2018-01-23,RAV4,33194.11,5.61,Completed
312472,13,2018-01-21,RAV4,38217.26,5.61,Completed
312473,10,2018-01-12,Sienna,29537.42,4.88,Completed
312474,7,2018-01-04,Highlander,47433.96,5.39,Completed
312475,8,2018-01-01,Prius,25537.21,5.84,Completed
312476,8,2018-01-18,Camry,30305.87,5.84,Completed
312477,5,2018-01-12,Highlander,40091.89,5.34,Completed
312478,9,2018-01-19,Highlander,32826.46,4.4,Completed
312479,7,2018-01-27,Corolla,21855.7,5.39,Completed
312480,4,2018-01-17,RAV4,24780.69,3.81,Completed
312481,19,2018-01-28,Prius,20683.9,5.48,Completed
312482,14,2018-01-02,Prius,21421.81,5.1,Pending
312483,20,2018-01-30,Tacoma,32372.69,5.77,Completed
312484,19,2018-01-27,RAV4,31487.06,5.48,Completed
312485,16,2018-01-29,Highlander,45370.23,6.06,Completed
312486,8,2018-01-29,Camry,28405.14,5.84,Completed
312487,19,2018-01-19,RAV4,31420.08,5.48,Completed
312488,15,2018-01-19,Corolla,19018.1,4.86,Completed
312489,11,2018-01-06,Tundra,24469.72,4.16,Completed
312490,20,2018-01-14,Tundra,37259.99,5.77,Pending
312491,19,2018-01-31,Prius,19424.53,5.48,Completed
312492,15,2018-01-12,Tacoma,27690.81,4.86,Completed
312493,16,2018-01-30,Tundra,39929.82,6.06,Completed
312494,10,2018-01-16,Camry,21463.12,4.88,Completed
312495,8,2018-01-06,Prius,22024.86,5.84,Completed
312496,14,2018-01-30,RAV4,29616.7,5.1,Completed
312497,19,2018-01-22,Camry,25681.95,5.48,Completed
312498,18,2018-01-06,RAV4,34535.64,5.68,Completed
312499,12,2018-01-29,Tacoma,30863.6,5.65,Completed
312500,3,2018-01-20,Tacoma,35003.5,5.69,Completed
312501,12,2018-01-07,Tundra,38428.71,5.65,Completed
312502,19,2018-01-13,Prius,19811.41,5.48,Completed
312503,8,2018-01-27,Highlander,49850.46,5.84,Completed
312504,3,2018-01-07,Prius,25845.42,5.69,Completed
312505,15,2018-01-03,Tacoma,32081.93,4.86,Completed
312506,10,2018-01-16,Sienna,27630.59,4.88,Completed
312507,11,2018-01-06,Corolla,15716.64,4.16,Completed
312508,16,2018-01-16,Sienna,38926.86,6.06,Completed
312509,12,2018-01-03,Tundra,36341.4,5.65,Pending
312510,15,2018-01-06,Sienna,39601.05,4.86,Completed
312511,2,2018-01-12,Prius,18123.83,4.0,Completed
312512,15,2018-01-25,Tacoma,31694.93,4.86,Completed
312513,11,2018-01-11,Camry,22158.9,4.16,Completed
312514,8,2018-01-13,Prius,25709.67,5.84,Completed
312515,19,2018-01-03,Tundra,29360.55,5.48,Completed
312516,16,2018-01-01,Camry,29596.57,6.06,Completed
312517,17,2018-01-15,Highlander,30151.19,4.51,Completed
312518,13,2018-01-26,RAV4,35228.37,5.61,Completed
312519,9,2018-01-01,Camry,22340.53,4.4,Completed
312520,10,2018-01-08,Tundra,26335.13,4.88,Completed
312521,3,2018-01-03,RAV4,34963.65,5.69,Completed
312522,20,2018-01-05,Prius,21878.21,5.77,Completed
312523,17,2018-01-11,Camry,19481.1,4.51,Completed
312524,10,2018-01-11,Camry,22423.36,4.88,Completed
312525,18,2018-01-28,Sienna,40344.6,5.68,Completed
312526,14,2018-01-09,Sienna,35376.92,5.1,Completed
312527,13,2018-01-29,Highlander,51455.63,5.61,Completed
312528,13,2018-01-28,Sienna,40438.86,5.61,Completed
312529,10,2018-01-09,Corolla,15344.82,4.88,Completed
312530,20,2018-01-10,Tundra,35408.78,5.77,Completed
312531,9,2018-01-31,Corolla,16290.57,4.4,Completed
312532,4,2018-01-14,Sienna,26906.76,3.81,Completed
312533,12,2018-01-15,Sienna,36290.84,5.65,Completed
312534,11,2018-01-19,Camry,22837.41,4.16,Completed
312535,5,2018-01-28,Camry,25165.49,5.34,Completed
312536,4,2018-01-11,Tundra,27200.38,3.81,Completed
312537,6,2018-01-15,Prius,17912.54,3.86,Completed
312538,9,2018-01-12,RAV4,26628.04,4.4,Completed
312539,11,2018-01-01,Corolla,16491.82,4.16,Cancelled
312540,2,2018-01-05,Corolla,14684.99,4.0,Completed
312541,6,2018-01-09,Corolla,13693.59,3.86,Completed
312542,2,2018-01-24,Tacoma,24848.45,4.0,Completed
312543,5,2018-01-26,Tundra,33282.11,5.34,Completed
312544,15,2018-01-19,Tacoma,31219.17,4.86,Completed
312545,5,2018-01-10,Highlander,38524.87,5.34,Completed
312546,4,2018-01-24,Tundra,26811.5,3.81,Completed
312547,1,2018-01-26,Prius,20654.55,5.24,Completed
312548,7,2018-01-14,Tacoma,32868.88,5.39,Completed
312549,7,2018-01-30,Tundra,38545.67,5.39,Completed
312550,2,2018-01-03,Tundra,30180.85,4.0,Completed
312551,14,2018-01-23,Tundra,33243.65,5.1,Completed
312552,1,2018-01-29,RAV4,28432.14,5.24,Completed
312553,18,2018-01-20,RAV4,38912.46,5.68,Completed
312554,12,2018-01-17,Camry,27634.15,5.65,Cancelled
312555,8,2018-01-22,Tundra,35299.78,5.84,Completed
312556,11,2018-01-24,Sienna,29205.99,4.16,Completed
312557,12,2018-01-01,Corolla,22265.42,5.65,Completed
312558,17,2018-01-02,Tacoma,20621.55,4.51,Completed
312559,18,2018-01-08,Prius,26929.94,5.68,Cancelled
312560,6,2018-01-20,Corolla,16278.4,3.86,Completed
312561,7,2018-01-09,Tacoma,30392.05,5.39,Completed
312562,2,2018-01-08,Tundra,25761.48,4.0,Completed
312563,18,2018-01-29,Tundra,42984.08,5.68,Completed
312564,18,2018-01-26,Tundra,39296.53,5.68,Completed
312565,13,2018-01-30,Tacoma,29435.04,5.61,Completed
312566,1,2018-01-23,Tacoma,26302.2,5.24,Completed
312567,12,2018-01-15,Tacoma,31344.64,5.65,Completed
312568,3,2018-01-24,Highlander,53421.12,5.69,Completed
312569,4,2018-01-04,Camry,20783.24,3.81,Completed
312570,4,2018-01-13,Sienna,27151.39,3.81,Completed
312571,11,2018-01-12,Prius,16567.01,4.16,Completed
312572,2,2018-01-23,Corolla,15208.97,4.0,Completed
312573,14,2018-01-24,RAV4,31641.56,5.1,Completed
312574,6,2018-01-03,Tundra,24942.97,3.86,Completed
312575,8,2018-01-05,Prius,25652.64,5.84,Completed
312576,13,2018-01-29,Camry,32276.15,5.61,Completed
312577,6,2018-01-16,Highlander,32171.09,3.86,Completed
312578,5,2018-01-04,Corolla,19545.05,5.34,Completed
312579,9,2018-01-08,RAV4,24706.5,4.4,Completed
312580,3,2018-01-09,RAV4,34900.16,5.69,Completed
312581,16,2018-01-01,RAV4,35746.1,6.06,Completed
312582,2,2018-01-02,Prius,18587.37,4.0,Completed
312583,2,2018-01-24,Prius,18223.85,4.0,Completed
312584,12,2018-01-07,Tacoma,29271.34,5.65,Completed
312585,16,2018-01-27,RAV4,37015.86,6.06,Completed
312586,9,2018-01-18,Camry,21886.17,4.4,Completed
312587,19,2018-01-26,RAV4,27046.28,5.48,Completed
312588,2,2018-01-09,Highlander,38678.45,4.0,Completed
312589,10,2018-01-10,Camry,23586.84,4.88,Completed
312590,13,2018-01-22,RAV4,31670.63,5.61,Completed
312591,12,2018-01-30,Corolla,22724.69,5.65,Completed
312592,20,2018-01-14,Camry,29461.54,5.77,Completed
312593,15,2018-01-27,Highlander,49577.42,4.86,Completed
312594,14,2018-01-05,Highlander,48571.25,5.1,Completed
312595,15,2018-01-21,Tacoma,29802.75,4.86,Completed
312596,15,2018-01-03,Tundra,35963.81,4.86,Completed
312597,16,2018-01-21,Corolla,23753.1,6.06,Completed
312598,13,2018-01-08,Tacoma,30493.81,5.61,Completed
312599,20,2018-01-21,Corolla,21734.63,5.77,Completed
312600,9,2018-01-16,Sienna,27621.93,4.4,Completed
312601,12,2018-01-15,Sienna,35418.64,5.65,Completed
312602,12,2018-01-07,Camry,27680.9,5.65,Completed
312603,18,2018-01-02,Tundra,36542.12,5.68,Completed
312604,11,2018-01-07,Tacoma,24471.28,4.16,Completed
312605,6,2018-01-08,Tacoma,21622.46,3.86,Completed
312606,1,2018-01-30,Corolla,18478.37,5.24,Completed
312607,18,2018-01-12,Tacoma,35798.39,5.68,Pending
312608,8,2018-01-19,Prius,24181.29,5.84,Completed
312609,9,2018-01-05,Prius,16638.96,4.4,Completed
312610,2,2018-01-18,Camry,21997.58,4.0,Completed
312611,18,2018-01-09,Tacoma,34024.16,5.68,Completed
312612,8,2018-01-13,Highlander,45025.61,5.84,Completed
312613,13,2018-01-13,Prius,25044.69,5.61,Completed
312614,11,2018-01-18,Tundra,28274.19,4.16,Completed
312615,8,2018-01-23,Camry,29652.13,5.84,Completed
312616,4,2018-01-23,Camry,18792.64,3.81,Completed
312617,1,2018-01-24,RAV4,28651.9,5.24,Completed
312618,3,2018-01-06,Prius,26370.94,5.69,Completed
312619,9,2018-01-11,Corolla,15502.78,4.4,Completed
312620,16,2018-01-09,Highlander,51957.63,6.06,Completed
312621,12,2018-01-01,Tacoma,30795.5,5.65,Completed
312622,10,2018-01-22,Prius,17434.75,4.88,Completed
312623,8,2018-01-17,Tacoma,29519.21,5.84,Completed
312624,16,2018-01-13,Camry,27147.41,6.06,Completed
312625,8,2018-01-08,Tundra,38848.33,5.84,Completed
312626,19,2018-01-09,Corolla,19524.23,5.48,Completed
312627,8,2018-01-01,RAV4,30362.37,5.84,Completed
312628,3,2018-01-09,Camry,28166.02,5.69,Completed
312629,11,2018-01-27,Tundra,29549.31,4.16,Completed
312630,15,2018-01-30,Tacoma,28097.38,4.86,Completed
312631,3,2018-01-26,Prius,23679.95,5.69,Completed
312632,18,2018-01-24,RAV4,39271.95,5.68,Completed
312633,20,2018-01-24,Tundra,36144.04,5.77,Completed
312634,17,2018-01-25,Tacoma,23101.88,4.51,Completed
312635,12,2018-01-04,Corolla,20598.84,5.65,Completed
312636,9,2018-01-14,Highlander,30637.39,4.4,Completed
312637,15,2018-01-12,Tacoma,31090.49,4.86,Completed
312638,15,2018-01-30,Prius,23130.51,4.86,Completed
312639,19,2018-01-17,RAV4,28920.09,5.48,Completed
312640,17,2018-01-21,RAV4,24998.05,4.51,Completed
312641,19,2018-01-25,Corolla,19125.94,5.48,Completed
312642,9,2018-01-03,Corolla,16418.92,4.4,Completed
312643,1,2018-01-09,Tacoma,24735.47,5.24,Pending
312644,15,2018-01-24,Highlander,44001.26,4.86,Completed
312645,7,2018-01-02,Highlander,44351.89,5.39,Completed
312646,9,2018-01-26,Camry,19114.0,4.4,Completed
312647,17,2018-01-28,Sienna,24987.8,4.51,Completed
312648,4,2018-01-18,Prius,15286.78,3.81,Pending
312649,5,2018-01-07,Tundra,34205.88,5.34,Pending
312650,13,2018-01-06,Highlander,44633.29,5.61,Completed
312651,8,2018-01-08,Highlander,51261.89,5.84,Completed
312652,14,2018-01-31,Corolla,18869.71,5.1,Completed
312653,4,2018-01-26,RAV4,22393.04,3.81,Completed
312654,6,2018-01-30,Camry,22263.97,3.86,Completed
312655,11,2018-01-05,Corolla,16851.75,4.16,Completed
312656,18,2018-01-11,Highlander,48101.8,5.68,Completed
312657,13,2018-01-18,Tacoma,34297.28,5.61,Completed
312658,11,2018-01-13,Camry,22545.44,4.16,Completed
312659,12,2018-01-01,Prius,23572.66,5.65,Completed
312660,16,2018-01-28,Sienna,36630.09,6.06,Completed
312661,4,2018-01-25,Highlander,30059.78,3.81,Completed
312662,13,2018-01-31,Tacoma,31408.96,5.61,Completed
312663,15,2018-01-08,Sienna,35610.13,4.86,Completed
312664,13,2018-01-25,Prius,27241.27,5.61,Completed
312665,9,2018-01-30,Corolla,14679.04,4.4,Completed
312666,7,2018-01-05,Camry,31783.4,5.39,Pending
312667,1,2018-01-01,RAV4,27832.93,5.24,Completed
312668,17,2018-01-11,Highlander,33808.37,4.51,Completed
312669,14,2018-01-16,Prius,23602.14,5.1,Completed
312670,3,2018-01-05,Sienna,40155.29,5.69,Completed
312671,3,2018-01-03,RAV4,36620.27,5.69,Completed
312672,7,2018-01-26,Tundra,37837.95,5.39,Completed
312673,10,2018-01-09,Camry,19712.85,4.88,Completed
312674,18,2018-01-08,RAV4,36881.31,5.68,Pending
312675,5,2018-01-04,Sienna,31278.73,5.34,Completed
312676,2,2018-01-13,Highlander,35272.78,4.0,Completed
312677,15,2018-01-11,Highlander,45224.98,4.86,Completed
312678,9,2018-01-11,Corolla,13960.21,4.4,Completed
312679,14,2018-01-30,Corolla,18980.98,5.1,Completed
312680,3,2018-01-04,Tundra,37871.51,5.69,Completed
312681,14,2018-01-23,Prius,21739.85,5.1,Completed
312682,8,2018-01-06,Prius,23602.48,5.84,Completed
312683,9,2018-01-12,Sienna,28878.3,4.4,Completed
312684,1,2018-01-30,Sienna,32639.31,5.24,Completed
312685,8,2018-01-15,RAV4,33750.49,5.84,Completed
312686,6,2018-01-09,Corolla,14992.97,3.86,Completed
312687,12,2018-01-16,Highlander,50253.17,5.65,Completed
312688,11,2018-01-12,Camry,21832.45,4.16,Completed
312689,10,2018-01-27,Sienna,29954.91,4.88,Completed
312690,14,2018-01-16,Prius,21584.77,5.1,Cancelled
312691,10,2018-01-27,Camry,19968.24,4.88,Completed
312692,12,2018-01-14,Tundra,35127.49,5.65,Cancelled
312693,8,2018-01-03,Prius,25901.31,5.84,Completed
312694,15,2018-01-11,Highlander,43579.64,4.86,Completed
312695,5,2018-01-16,RAV4,26364.06,5.34,Completed
312696,6,2018-01-30,RAV4,23237.5,3.86,Completed
312697,11,2018-01-01,Tundra,24926.54,4.16,Completed
312698,12,2018-01-11,Highlander,46328.77,5.65,Completed
312699,7,2018-01-09,Tundra,39474.21,5.39,Completed
312700,4,2018-01-10,Tundra,27267.53,3.81,Completed
312701,14,2018-01-08,Camry,25660.22,5.1,Completed
312702,8,2018-01-26,RAV4,32946.77,5.84,Completed
312703,3,2018-01-11,Sienna,41341.61,5.69,Completed
312704,18,2018-01-19,Prius,26919.28,5.68,Completed
312705,4,2018-01-15,Corolla,15050.36,3.81,Completed
312706,8,2018-01-27,RAV4,35629.43,5.84,Completed
312707,8,2018-01-05,Tundra,33673.93,5.84,Pending
312708,9,2018-01-22,Camry,19445.18,4.4,Completed
312709,9,2018-01-01,Camry,20011.34,4.4,Completed
312710,3,2018-01-07,Corolla,22019.08,5.69,Completed
312711,8,2018-01-05,Prius,22977.19,5.84,Completed
312712,6,2018-01-16,Sienna,23689.33,3.86,Completed
312713,6,2018-01-03,Prius,15661.58,3.86,Completed
312714,14,2018-01-14,Sienna,35277.75,5.1,Completed
312715,16,2018-01-21,Prius,24937.83,6.06,Completed
312716,13,2018-01-19,Camry,31978.71,5.61,Completed
312717,8,2018-01-18,Sienna,35390.45,5.84,Completed
312718,10,2018-01-28,Tundra,28398.11,4.88,Pending
312719,12,2018-01-31,Highlander,47804.68,5.65,Completed
312720,6,2018-01-17,Corolla,13535.62,3.86,Pending
312721,13,2018-01-08,Corolla,23045.76,5.61,Completed
312722,2,2018-01-08,Highlander,36482.35,4.0,Completed
312723,12,2018-01-20,Tundra,39371.38,5.65,Completed
312724,5,2018-01-17,Tacoma,26543.95,5.34,Completed
312725,1,2018-01-14,Corolla,17622.99,5.24,Completed
312726,9,2018-01-19,Prius,16533.09,4.4,Completed
312727,2,2018-01-06,Camry,22013.61,4.0,Completed
312728,18,2018-01-31,Prius,28290.69,5.68,Completed
312729,3,2018-01-22,Corolla,22751.07,5.69,Completed
312730,14,2018-01-01,RAV4,33512.87,5.1,Completed
312731,10,2018-01-08,Camry,22450.69,4.88,Completed
312732,15,2018-01-22,Prius,22097.9,4.86,Completed
312733,6,2018-01-13,Prius,17790.2,3.86,Completed
312734,16,2018-01-16,Sienna,39280.52,6.06,Completed
312735,18,2018-01-04,Highlander,52847.48,5.68,Completed
312736,1,2018-01-09,Prius,21040.37,5.24,Completed
312737,14,2018-01-17,Camry,29135.24,5.1,Completed
312738,7,2018-01-31,Highlander,51482.88,5.39,Completed
312739,16,2018-01-05,RAV4,36250.07,6.06,Completed
312740,15,2018-01-04,Tacoma,31549.67,4.86,Completed
312741,5,2018-01-23,Tundra,32407.49,5.34,Completed
312742,11,2018-01-30,Tacoma,21798.41,4.16,Completed
312743,10,2018-01-16,RAV4,22991.74,4.88,Completed
312744,2,2018-01-26,Camry,21070.78,4.0,Completed
312745,7,2018-01-10,Prius,25177.78,5.39,Completed
312746,20,2018-01-29,Corolla,21081.85,5.77,Completed
312747,5,2018-01-17,RAV4,26457.51,5.34,Completed
312748,4,2018-01-08,Highlander,31114.52,3.81,Completed
312749,5,2018-01-11,Tacoma,23908.13,5.34,Completed
312750,7,2018-01-03,RAV4,36627.15,5.39,Completed
312751,20,2018-01-23,Tundra,36631.54,5.77,Completed
312752,19,2018-01-05,Tundra,32094.38,5.48,Completed
312753,9,2018-01-25,Sienna,25544.46,4.4,Completed
312754,13,2018-01-09,Tacoma,31132.09,5.61,Completed
312755,9,2018-01-18,Tundra,28069.67,4.4,Completed
312756,4,2018-01-10,Camry,21469.34,3.81,Completed
312757,13,2018-01-01,Camry,31580.93,5.61,Completed
312758,4,2018-01-18,Prius,17078.65,3.81,Completed
312759,10,2018-01-30,Camry,21909.28,4.88,Completed
312760,12,2018-01-04,Prius,23389.36,5.65,Completed
312761,5,2018-01-23,Corolla,17920.75,5.34,Completed
312762,16,2018-01-12,RAV4,31443.24,6.06,Completed
312763,13,2018-01-28,Highlander,53424.45,5.61,Completed
312764,13,2018-01-25,Corolla,21746.15,5.61,Completed
312765,6,2018-01-26,RAV4,24474.6,3.86,Completed
312766,19,2018-01-17,Tundra,34884.35,5.48,Completed
312767,20,2018-01-25,Tundra,33583.16,5.77,Completed
312768,20,2018-01-31,Tacoma,34073.64,5.77,Completed
312769,20,2018-01-04,Sienna,40289.78,5.77,Completed
312770,16,2018-01-29,Highlander,44594.06,6.06,Completed
312771,1,2018-01-01,Corolla,16000.99,5.24,Completed
312772,10,2018-01-24,Prius,18239.45,4.88,Completed
312773,18,2018-01-29,Highlander,52449.61,5.68,Completed
312774,6,2018-01-28,RAV4,24660.41,3.86,Completed
312775,8,2018-01-08,Camry,30800.65,5.84,Completed
312776,17,2018-01-11,Tacoma,23598.78,4.51,Completed
312777,3,2018-01-17,Corolla,21969.14,5.69,Completed
312778,7,2018-01-07,Sienna,34720.01,5.39,Completed
312779,5,2018-01-03,Prius,21824.21,5.34,Completed
312780,13,2018-01-02,Corolla,20333.23,5.61,Completed
312781,14,2018-01-29,RAV4,29818.94,5.1,Completed
312782,17,2018-01-03,Camry,20034.56,4.51,Completed
312783,16,2018-01-21,Highlander,47005.08,6.06,Pending
312784,18,2018-01-11,Prius,24071.93,5.68,Completed
312785,15,2018-01-10,RAV4,34970.91,4.86,Completed
312786,17,2018-01-22,Highlander,30249.47,4.51,Completed
312787,3,2018-01-24,Camry,31797.47,5.69,Completed
312788,10,2018-01-17,Corolla,16638.05,4.88,Completed
312789,7,2018-01-29,Sienna,37477.57,5.39,Completed
312790,9,2018-01-16,Tundra,27216.43,4.4,Completed
312791,18,2018-01-13,RAV4,39220.19,5.68,Completed
312792,10,2018-01-07,Camry,22922.05,4.88,Completed
312793,16,2018-01-02,Tundra,38146.22,6.06,Completed
312794,19,2018-01-26,Corolla,19067.27,5.48,Completed
312795,19,2018-01-18,Highlander,43956.12,5.48,Completed
312796,13,2018-01-24,Prius,26537.6,5.61,Completed
312797,14,2018-01-31,Sienna,33429.87,5.1,Cancelled
312798,20,2018-01-03,Tundra,36382.93,5.77,Completed
312799,13,2018-01-05,Tundra,39360.19,5.61,Completed
312800,5,2018-01-26,Highlander,38153.11,5.34,Completed
312801,13,2018-01-15,RAV4,33142.69,5.61,Completed
312802,5,2018-01-27,RAV4,31168.12,5.34,Completed
312803,4,2018-01-30,Prius,17835.81,3.81,Completed
312804,7,2018-01-26,Tacoma,29785.43,5.39,Completed
312805,17,2018-01-10,RAV4,25952.32,4.51,Completed
312806,4,2018-01-16,Sienna,26432.39,3.81,Completed
312807,4,2018-01-26,Tundra,26606.68,3.81,Completed
312808,1,2018-01-16,Corolla,19325.19,5.24,Completed
312809,19,2018-01-12,Sienna,34523.39,5.48,Completed
312810,2,2018-01-15,Prius,16964.72,4.0,Completed
312811,19,2018-01-24,Prius,22045.13,5.48,Completed
312812,7,2018-01-16,Sienna,39988.42,5.39,Completed
312813,6,2018-01-31,Corolla,14257.58,3.86,Completed
312814,19,2018-01-01,Highlander,40885.34,5.48,Completed
312815,7,2018-01-27,Tundra,39895.93,5.39,Completed
312816,19,2018-01-15,Camry,25353.64,5.48,Completed
312817,3,2018-01-13,Highlander,49210.23,5.69,Completed
312818,2,2018-01-24,Highlander,39074.52,4.0,Completed
312819,1,2018-01-01,Tacoma,25830.43,5.24,Completed
312820,2,2018-01-26,Tundra,30036.1,4.0,Completed
312821,16,2018-01-04,RAV4,35142.44,6.06,Completed
312822,7,2018-01-05,Corolla,22482.0,5.39,Completed
312823,2,2018-01-26,RAV4,23946.65,4.0,Completed
312824,17,2018-01-05,Camry,21362.01,4.51,Completed
312825,4,2018-01-05,Corolla,15686.48,3.81,Completed
312826,16,2018-01-20,Tacoma,34866.26,6.06,Completed
312827,20,2018-01-13,Highlander,45793.58,5.77,Completed
312828,4,2018-01-06,Prius,17192.42,3.81,Completed
312829,13,2018-01-04,Prius,22788.02,5.61,Completed
312830,13,2018-01-20,Sienna,34583.8,5.61,Completed
312831,5,2018-01-19,Camry,23114.24,5.34,Completed
312832,8,2018-01-17,Corolla,22283.25,5.84,Completed
312833,4,2018-01-12,Prius,15949.7,3.81,Completed
312834,12,2018-01-16,Corolla,21305.89,5.65,Completed
312835,17,2018-01-24,Prius,16066.74,4.51,Completed
312836,1,2018-01-09,Highlander,37344.65,5.24,Completed
312837,11,2018-01-24,Prius,16487.36,4.16,Completed
312838,7,2018-01-02,Tacoma,31127.63,5.39,Completed
312839,20,2018-01-09,RAV4,30965.28,5.77,Completed
312840,17,2018-01-13,Corolla,16070.03,4.51,Completed
312841,8,2018-01-13,Tacoma,29105.84,5.84,Completed
312842,3,2018-01-11,Camry,32453.69,5.69,Completed
312843,1,2018-01-17,Tundra,28971.81,5.24,Completed
312844,18,2018-01-12,Tacoma,31587.84,5.68,Completed
312845,9,2018-01-20,Prius,18304.08,4.4,Completed
312846,11,2018-01-18,Prius,16117.63,4.16,Completed
312847,3,2018-01-25,Corolla,24079.35,5.69,Completed
312848,3,2018-01-01,Camry,28530.59,5.69,Completed
312849,16,2018-01-05,Tacoma,32622.92,6.06,Completed
312850,20,2018-01-18,Tacoma,32994.21,5.77,Completed
312851,6,2018-01-22,Tundra,26734.44,3.86,Completed
312852,12,2018-01-17,Tundra,34098.29,5.65,Completed
312853,14,2018-01-20,Highlander,43677.26,5.1,Completed
312854,5,2018-01-31,Camry,23755.75,5.34,Completed
312855,8,2018-01-09,Tundra,36754.03,5.84,Completed
312856,13,2018-01-23,Sienna,39205.57,5.61,Completed
312857,12,2018-01-13,Highlander,47647.94,5.65,Cancelled
312858,17,2018-01-24,Corolla,13996.54,4.51,Pending
312859,12,2018-01-16,RAV4,32841.71,5.65,Pending
312860,8,2018-01-29,Tacoma,33403.11,5.84,Completed
312861,7,2018-01-26,RAV4,35075.62,5.39,Completed
312862,13,2018-01-08,Prius,27109.42,5.61,Completed
312863,17,2018-01-29,Tacoma,22404.9,4.51,Completed
312864,8,2018-01-02,Highlander,48535.27,5.84,Completed
312865,4,2018-01-23,RAV4,25211.83,3.81,Completed
312866,1,2018-01-15,Camry,25288.36,5.24,Completed
312867,6,2018-01-18,Camry,19476.12,3.86,Completed
312868,8,2018-01-12,Highlander,48462.6,5.84,Completed
312869,6,2018-01-22,Prius,16664.97,3.86,Completed
312870,7,2018-01-12,Sienna,35154.49,5.39,Completed
312871,4,2018-01-02,Tacoma,21636.54,3.81,Completed
312872,19,2018-01-13,Tundra,29652.74,5.48,Completed
312873,8,2018-01-26,Camry,28432.41,5.84,Completed
312874,16,2018-01-01,Prius,24959.96,6.06,Completed
312875,4,2018-01-08,Tundra,23905.42,3.81,Completed
312876,14,2018-01-18,Sienna,35863.8,5.1,Completed
312877,10,2018-01-27,Prius,16729.89,4.88,Completed
312878,7,2018-01-14,Corolla,19911.26,5.39,Completed
312879,7,2018-01-12,Corolla,20297.05,5.39,Completed
312880,7,2018-01-30,Camry,26360.43,5.39,Completed
312881,6,2018-01-24,Highlander,32875.25,3.86,Completed
312882,10,2018-01-16,Tundra,28088.3,4.88,Completed
312883,3,2018-01-01,Tacoma,33661.19,5.69,Completed
312884,12,2018-01-27,Corolla,18918.66,5.65,Completed
312885,10,2018-01-31,Highlander,33826.17,4.88,Completed
312886,20,2018-01-07,Tundra,33767.66,5.77,Completed
312887,8,2018-01-11,Corolla,21808.64,5.84,Completed
312888,17,2018-01-20,Sienna,24312.88,4.51,Completed
312889,7,2018-01-13,Prius,26780.73,5.39,Completed
312890,4,2018-01-04,Sienna,25518.35,3.81,Completed
312891,8,2018-01-20,RAV4,32954.51,5.84,Completed
312892,1,2018-01-06,Highlander,42023.94,5.24,Completed
312893,14,2018-01-27,Highlander,44354.57,5.1,Completed
312894,7,2018-01-01,Tundra,37968.45,5.39,Completed
312895,17,2018-01-12,Tundra,28006.21,4.51,Cancelled
312896,12,2018-01-02,Highlander,42067.65,5.65,Completed
312897,19,2018-01-17,Tacoma,24445.17,5.48,Completed
312898,10,2018-01-18,Highlander,38010.7,4.88,Completed
312899,17,2018-01-04,RAV4,24141.77,4.51,Completed
312900,12,2018-01-29,Prius,21981.62,5.65,Completed
312901,4,2018-01-12,Highlander,29269.9,3.81,Completed
312902,11,2018-01-31,RAV4,26848.59,4.16,Completed
312903,7,2018-01-06,Camry,31584.84,5.39,Completed
312904,1,2018-01-11,Highlander,37237.71,5.24,Completed
312905,5,2018-01-26,Tundra,33007.27,5.34,Completed
312906,9,2018-01-28,Corolla,14783.54,4.4,Completed
312907,19,2018-01-03,Sienna,33908.41,5.48,Completed
312908,10,2018-01-26,Sienna,25108.22,4.88,Pending
312909,9,2018-01-21,Sienna,24025.29,4.4,Completed
312910,1,2018-01-09,Corolla,16167.77,5.24,Completed
312911,17,2018-01-06,Camry,19369.59,4.51,Completed
312912,12,2018-01-04,Prius,21437.04,5.65,Completed
312913,19,2018-01-03,Sienna,34655.42,5.48,Completed
312914,2,2018-01-29,Corolla,14787.77,4.0,Completed
312915,15,2018-01-30,Highlander,45836.51,4.86,Completed
312916,17,2018-01-04,Tundra,25858.44,4.51,Completed
312917,18,2018-01-08,Tundra,40105.56,5.68,Completed
312918,9,2018-01-22,RAV4,26738.25,4.4,Completed
312919,6,2018-01-13,Prius,18386.64,3.86,Completed
312920,9,2018-01-06,Tundra,25129.84,4.4,Completed
312921,3,2018-01-20,Tundra,39004.69,5.69,Completed
312922,8,2018-01-23,Prius,24289.32,5.84,Completed
312923,15,2018-01-14,Camry,26268.81,4.86,Completed
312924,18,2018-01-08,Sienna,37285.31,5.68,Completed
312925,10,2018-01-28,Tacoma,24055.81,4.88,Completed
312926,6,2018-01-21,RAV4,23840.97,3.86,Completed
312927,10,2018-01-05,Tacoma,21918.9,4.88,Completed
312928,13,2018-01-26,Camry,27805.65,5.61,Completed
312929,18,2018-01-24,RAV4,37368.33,5.68,Completed
312930,19,2018-01-26,Tundra,30643.9,5.48,Completed
312931,18,2018-01-21,Highlander,55229.47,5.68,Completed
312932,8,2018-01-10,Sienna,39238.12,5.84,Completed
312933,13,2018-01-22,RAV4,33201.99,5.61,Completed
312934,19,2018-01-01,Prius,19043.42,5.48,Completed
312935,18,2018-01-25,Corolla,23780.9,5.68,Completed
312936,5,2018-01-04,Tundra,30254.75,5.34,Completed
312937,9,2018-01-13,Tundra,25774.52,4.4,Completed
312938,1,2018-01-29,Sienna,33229.86,5.24,Completed
312939,5,2018-01-02,Tacoma,28601.77,5.34,Completed
312940,4,2018-01-10,Sienna,26015.31,3.81,Completed
312941,7,2018-01-14,Corolla,22931.63,5.39,Completed
312942,11,2018-01-17,Prius,17243.28,4.16,Completed
312943,1,2018-01-16,Prius,19643.67,5.24,Completed
312944,19,2018-01-08,Corolla,17674.96,5.48,Completed
312945,10,2018-01-29,Sienna,24990.58,4.88,Completed
312946,13,2018-01-23,Corolla,21236.8,5.61,Completed
312947,3,2018-01-20,Highlander,48208.08,5.69,Completed
312948,18,2018-01-18,Camry,28548.5,5.68,Completed
312949,8,2018-01-13,Corolla,20148.22,5.84,Completed
312950,15,2018-01-31,Camry,26284.77,4.86,Completed
312951,18,2018-01-28,Corolla,21265.35,5.68,Completed
312952,17,2018-01-13,Tacoma,20507.37,4.51,Completed
312953,15,2018-01-18,Tundra,36516.22,4.86,Completed
312954,20,2018-01-07,Sienna,38869.68,5.77,Completed
312955,4,2018-01-26,RAV4,24576.53,3.81,Completed
312956,18,2018-01-20,RAV4,35076.16,5.68,Completed
312957,5,2018-01-11,Highlander,40455.24,5.34,Completed
312958,3,2018-01-03,Camry,29212.66,5.69,Completed
312959,10,2018-01-13,Tacoma,23673.55,4.88,Completed
312960,10,2018-01-26,Sienna,24905.34,4.88,Completed
312961,12,2018-01-06,Sienna,33668.82,5.65,Completed
312962,20,2018-01-21,Tacoma,32248.39,5.77,Completed
312963,15,2018-01-25,Sienna,33892.03,4.86,Completed
312964,14,2018-01-25,Highlander,47516.75,5.1,Completed
312965,15,2018-01-08,Sienna,37101.59,4.86,Completed
312966,16,2018-01-05,Tundra,34586.32,6.06,Completed
312967,9,2018-01-13,Tundra,25338.64,4.4,Completed
312968,6,2018-01-06,Prius,16864.78,3.86,Completed
312969,1,2018-01-01,RAV4,29121.69,5.24,Completed
312970,5,2018-01-24,RAV4,30281.69,5.34,Completed
312971,16,2018-01-31,Tundra,34129.06,6.06,Completed
312972,11,2018-01-25,RAV4,23747.18,4.16,Completed
312973,2,2018-01-01,Tundra,27096.63,4.0,Completed
312974,10,2018-01-16,Prius,17155.16,4.88,Completed
312975,6,2018-01-22,Prius,17571.36,3.86,Completed
312976,8,2018-01-07,Camry,26325.32,5.84,Completed
312977,16,2018-01-30,Camry,29610.39,6.06,Completed
312978,16,2018-01-03,Corolla,21692.78,6.06,Completed
312979,17,2018-01-08,RAV4,24262.3,4.51,Completed
312980,3,2018-01-27,Highlander,47948.01,5.69,Completed
312981,15,2018-01-02,Corolla,19338.6,4.86,Completed
312982,20,2018-01-22,Highlander,44665.64,5.77,Pending
312983,8,2018-01-12,Tacoma,30199.46,5.84,Completed
312984,8,2018-01-01,Corolla,21425.5,5.84,Pending
312985,17,2018-01-26,Camry,19150.15,4.51,Completed
312986,5,2018-01-31,Tacoma,25557.2,5.34,Completed
312987,9,2018-01-30,Highlander,37090.87,4.4,Completed
312988,5,2018-01-02,Camry,23664.66,5.34,Completed
312989,10,2018-01-04,Tundra,27013.62,4.88,Completed
312990,20,2018-01-10,Tacoma,32801.49,5.77,Completed
312991,1,2018-01-25,Highlander,36409.58,5.24,Completed
312992,7,2018-01-24,Tundra,35574.53,5.39,Completed
312993,3,2018-01-25,Highlander,46900.87,5.69,Completed
312994,9,2018-01-12,Tacoma,21284.92,4.4,Completed
312995,10,2018-01-05,Tundra,25483.24,4.88,Completed
312996,15,2018-01-04,Tacoma,28553.28,4.86,Completed
312997,6,2018-01-16,RAV4,24563.94,3.86,Completed
312998,8,2018-01-22,Tundra,34974.46,5.84,Completed
312999,7,2018-01-05,RAV4,36638.03,5.39,Completed
313000,3,2018-01-08,Tundra,36345.41,5.69,Completed
313001,11,2018-01-24,Highlander,37368.01,4.16,Completed
313002,16,2018-01-18,Prius,25381.56,6.06,Completed
313003,11,2018-01-30,Highlander,37276.96,4.16,Completed
313004,15,2018-01-24,Prius,25442.15,4.86,Completed
313005,13,2018-01-16,Tundra,35976.75,5.61,Completed
313006,6,2018-01-19,Corolla,14872.58,3.86,Completed
313007,20,2018-01-10,Sienna,37101.08,5.77,Completed
313008,16,2018-01-31,Sienna,39385.3,6.06,Completed
313009,13,2018-01-09,Corolla,22067.32,5.61,Completed
313010,1,2018-01-04,Highlander,41827.32,5.24,Completed
313011,1,2018-01-15,RAV4,25755.27,5.24,Completed
313012,1,2018-01-14,Tacoma,27313.4,5.24,Completed
313013,5,2018-01-03,Tacoma,25166.4,5.34,Completed
313014,10,2018-01-25,RAV4,23456.42,4.88,Completed
313015,15,2018-01-05,Prius,22062.3,4.86,Completed
313016,16,2018-01-15,Tundra,40397.31,6.06,Completed
313017,17,2018-01-06,Tacoma,22673.57,4.51,Completed
313018,11,2018-01-14,Sienna,29238.95,4.16,Completed
313019,16,2018-01-19,Sienna,34028.16,6.06,Completed
313020,17,2018-01-25,RAV4,22842.42,4.51,Completed
313021,6,2018-01-22,Tundra,26014.89,3.86,Completed
313022,17,2018-01-12,Camry,21524.78,4.51,Completed
313023,17,2018-01-05,Corolla,14567.87,4.51,Completed
313024,12,2018-01-31,Tacoma,29173.69,5.65,Pending
313025,6,2018-01-23,Tacoma,21618.83,3.86,Completed
313026,15,2018-01-06,Highlander,46604.05,4.86,Completed
313027,5,2018-01-28,Sienna,33232.04,5.34,Completed
313028,7,2018-01-05,Tacoma,34593.39,5.39,Completed
313029,10,2018-01-16,Camry,22889.06,4.88,Completed
313030,3,2018-01-29,Camry,31215.43,5.69,Completed
313031,5,2018-01-15,RAV4,28029.79,5.34,Completed
313032,14,2018-01-29,Highlander,43476.63,5.1,Completed
313033,9,2018-01-31,Tacoma,20688.83,4.4,Completed
313034,2,2018-01-06,Sienna,29650.9,4.0,Completed
313035,1,2018-01-13,Tacoma,23671.05,5.24,Completed
313036,15,2018-01-17,Tundra,33314.16,4.86,Completed
313037,12,2018-01-08,Prius,23908.76,5.65,Completed
313038,7,2018-01-08,Camry,31712.56,5.39,Completed
313039,10,2018-01-18,Prius,17155.7,4.88,Completed
313040,8,2018-01-26,Corolla,20621.43,5.84,Completed
313041,17,2018-01-22,Highlander,32472.09,4.51,Cancelled
313042,12,2018-01-11,Tacoma,28330.08,5.65,Completed
313043,17,2018-01-28,Prius,17880.36,4.51,Completed
313044,12,2018-01-19,Sienna,33988.68,5.65,Completed
313045,5,2018-01-23,Camry,22232.07,5.34,Completed
313046,2,2018-01-03,Camry,22527.44,4.0,Completed
313047,17,2018-01-09,RAV4,22547.03,4.51,Completed
313048,5,2018-01-04,Prius,18832.71,5.34,Pending
313049,18,2018-01-01,RAV4,33443.06,5.68,Completed
313050,17,2018-01-02,Corolla,16052.96,4.51,Completed
313051,10,2018-01-14,Corolla,16931.47,4.88,Completed
313052,12,2018-01-20,Tundra,33038.87,5.65,Completed
313053,20,2018-01-28,Prius,23241.51,5.77,Completed
313054,20,2018-01-10,Tundra,37766.53,5.77,Pending
313055,15,2018-01-21,Highlander,49659.87,4.86,Completed
313056,20,2018-01-20,Prius,25111.61,5.77,Completed
313057,15,2018-01-24,RAV4,34253.81,4.86,Completed
313058,2,2018-01-12,RAV4,24616.67,4.0,Completed
313059,5,2018-01-10,RAV4,28036.2,5.34,Completed
313060,7,2018-01-31,Tacoma,33708.85,5.39,Completed
313061,9,2018-01-15,Prius,16274.77,4.4,Pending
313062,8,2018-01-09,Sienna,37071.99,5.84,Completed
313063,12,2018-01-01,Prius,22877.98,5.65,Completed
313064,2,2018-01-04,RAV4,27403.35,4.0,Completed
313065,10,2018-01-23,Tundra,26508.92,4.88,Completed
313066,3,2018-01-31,Tundra,41290.17,5.69,Completed
313067,12,2018-01-05,Tacoma,28458.69,5.65,Completed
313068,4,2018-01-08,Tundra,26317.37,3.81,Completed
313069,9,2018-01-01,Tacoma,24722.08,4.4,Completed
313070,6,2018-01-05,Corolla,13701.02,3.86,Completed
313071,8,2018-01-11,Highlander,45634.69,5.84,Completed
313072,11,2018-01-01,Tacoma,24339.67,4.16,Completed
313073,17,2018-01-21,Tundra,23693.31,4.51,Completed
313074,17,2018-01-12,Highlander,33143.49,4.51,Completed
313075,4,2018-01-26,Sienna,25145.24,3.81,Completed
313076,12,2018-01-17,Tundra,38225.06,5.65,Completed
313077,18,2018-01-30,Tacoma,32951.34,5.68,Completed
313078,13,2018-01-04,RAV4,36281.73,5.61,Pending
313079,9,2018-01-09,Sienna,29318.91,4.4,Completed
313080,17,2018-01-14,Sienna,27796.33,4.51,Completed
313081,17,2018-01-01,Highlander,33465.77,4.51,Completed
313082,14,2018-01-11,Tacoma,30615.17,5.1,Completed
313083,17,2018-01-07,Tacoma,21920.9,4.51,Completed
313084,19,2018-01-04,Highlander,41292.17,5.48,Completed
313085,19,2018-01-24,Corolla,17996.08,5.48,Completed
313086,2,2018-01-04,Tacoma,23893.13,4.0,Completed
313087,14,2018-01-03,Tacoma,32135.01,5.1,Completed
313088,20,2018-01-03,Sienna,34387.97,5.77,Completed
313089,13,2018-01-07,Tundra,40051.13,5.61,Completed
313090,2,2018-01-27,Sienna,29888.91,4.0,Completed
313091,2,2018-01-05,Corolla,15223.51,4.0,Completed
313092,11,2018-01-07,Sienna,26207.54,4.16,Completed
313093,16,2018-01-01,Corolla,22608.99,6.06,Completed
313094,10,2018-01-01,Tundra,28563.41,4.88,Completed
313095,2,2018-01-01,Sienna,29099.25,4.0,Completed
313096,7,2018-01-23,Highlander,49124.88,5.39,Completed
313097,16,2018-01-22,Tundra,36803.2,6.06,Completed
313098,5,2018-01-28,Camry,26051.29,5.34,Completed
313099,20,2018-01-16,RAV4,32854.4,5.77,Completed
313100,12,2018-01-05,Prius,24613.93,5.65,Completed
313101,13,2018-01-02,Sienna,35742.09,5.61,Completed
313102,14,2018-01-13,Tundra,36419.66,5.1,Completed
313103,13,2018-01-26,RAV4,37683.21,5.61,Completed
313104,5,2018-01-20,Highlander,37684.87,5.34,Completed
313105,10,2018-01-05,Highlander,34494.31,4.88,Completed
313106,19,2018-01-05,Tundra,33135.87,5.48,Completed
313107,4,2018-01-17,Highlander,32609.09,3.81,Completed
313108,4,2018-01-05,RAV4,21071.13,3.81,Completed
313109,2,2018-01-15,Prius,19420.8,4.0,Pending
313110,16,2018-01-15,Camry,30808.46,6.06,Completed
313111,16,2018-01-12,Highlander,47320.14,6.06,Completed
313112,9,2018-01-19,Highlander,36592.75,4.4,Completed
313113,14,2018-01-08,Sienna,35075.86,5.1,Completed
313114,15,2018-01-05,Camry,30373.7,4.86,Completed
313115,11,2018-01-27,RAV4,24566.82,4.16,Completed
313116,17,2018-01-24,Tundra,23738.7,4.51,Completed
313117,9,2018-01-13,Sienna,26291.85,4.4,Completed
313118,4,2018-01-19,RAV4,22402.08,3.81,Completed
313119,16,2018-01-11,Tundra,38832.17,6.06,Cancelled
313120,4,2018-01-05,Corolla,13477.64,3.81,Completed
313121,9,2018-01-26,Tacoma,22078.89,4.4,Completed
313122,7,2018-01-21,Corolla,22578.61,5.39,Cancelled
313123,10,2018-01-26,RAV4,23101.2,4.88,Completed
313124,9,2018-01-16,Prius,18055.22,4.4,Completed
313125,12,2018-01-20,Tacoma,30391.63,5.65,Pending
313126,3,2018-01-09,Camry,27101.98,5.69,Completed
313127,9,2018-01-05,Highlander,32688.21,4.4,Completed
313128,12,2018-01-03,Sienna,38413.87,5.65,Completed
313129,12,2018-01-14,Sienna,38705.9,5.65,Completed
313130,6,2018-01-19,Prius,16505.85,3.86,Completed
313131,11,2018-01-26,Highlander,34531.0,4.16,Completed
313132,1,2018-01-30,Camry,24922.28,5.24,Completed
313133,3,2018-01-23,Tacoma,31916.29,5.69,Completed
313134,9,2018-01-14,RAV4,24927.83,4.4,Completed
313135,3,2018-01-26,Corolla,21028.71,5.69,Completed
313136,7,2018-01-28,RAV4,31575.01,5.39,Completed
313137,4,2018-01-22,RAV4,23649.3,3.81,Completed
313138,5,2018-01-05,Camry,25426.89,5.34,Completed
313139,17,2018-01-22,Prius,15467.15,4.51,Completed
313140,6,2018-01-12,Highlander,30249.83,3.86,Completed
313141,1,2018-01-30,Highlander,38439.52,5.24,Completed
313142,12,2018-01-08,Sienna,35566.49,5.65,Completed
313143,8,2018-01-03,Camry,28715.16,5.84,Completed
313144,5,2018-01-03,Corolla,17114.71,5.34,Completed
313145,15,2018-01-11,Highlander,48117.93,4.86,Completed
313146,5,2018-01-02,Highlander,42271.4,5.34,Completed
313147,12,2018-01-27,Highlander,48478.84,5.65,Completed
313148,8,2018-01-02,Sienna,39517.9,5.84,Completed
313149,13,2018-01-11,Camry,30819.99,5.61,Completed
313150,12,2018-01-23,Camry,27869.3,5.65,Completed
313151,8,2018-01-29,Prius,22077.35,5.84,Completed
313152,14,2018-01-04,Corolla,21731.45,5.1,Completed
313153,14,2018-01-07,Corolla,19784.79,5.1,Completed
313154,5,2018-01-29,Prius,19474.17,5.34,Completed
313155,5,2018-01-19,Camry,26332.27,5.34,Completed
313156,15,2018-01-24,Corolla,21539.38,4.86,Completed
313157,13,2018-01-26,Prius,22839.18,5.61,Completed
313158,19,2018-01-30,Tacoma,25207.56,5.48,Completed
313159,14,2018-01-21,Sienna,35684.75,5.1,Completed
313160,1,2018-01-19,Camry,23973.21,5.24,Completed
313161,17,2018-01-09,Prius,16302.98,4.51,Completed
313162,20,2018-01-03,Sienna,38179.14,5.77,Completed
313163,17,2018-01-05,Sienna,25624.91,4.51,Completed
313164,10,2018-01-10,Corolla,16457.9,4.88,Completed
313165,1,2018-01-11,Prius,18632.59,5.24,Completed
313166,5,2018-01-28,Corolla,18003.19,5.34,Completed
313167,3,2018-01-10,Prius,24586.23,5.69,Completed
313168,11,2018-01-08,Corolla,16131.66,4.16,Completed
313169,9,2018-01-14,Tundra,26517.66,4.4,Completed
313170,19,2018-01-03,Sienna,29817.13,5.48,Completed
313171,4,2018-01-23,Camry,20122.06,3.81,Completed
313172,20,2018-01-03,Tacoma,32147.2,5.77,Completed
313173,12,2018-01-10,Corolla,22372.7,5.65,Completed
313174,7,2018-01-23,RAV4,35061.62,5.39,Completed
313175,10,2018-01-16,Tundra,26536.41,4.88,Completed
313176,3,2018-01-14,Highlander,47700.78,5.69,Completed
313177,13,2018-01-28,Tacoma,32537.67,5.61,Completed
313178,15,2018-01-30,Tacoma,30804.96,4.86,Completed
313179,1,2018-01-20,Highlander,38566.88,5.24,Completed
313180,10,2018-01-03,Prius,19728.03,4.88,Completed
313181,20,2018-01-21,RAV4,32175.09,5.77,Completed
313182,18,2018-01-24,Tacoma,32122.18,5.68,Completed
313183,19,2018-01-01,Camry,24082.26,5.48,Completed
313184,15,2018-01-28,Sienna,37741.88,4.86,Completed
313185,16,2018-01-14,Highlander,52008.01,6.06,Completed
313186,16,2018-01-16,RAV4,36349.42,6.06,Completed
313187,19,2018-01-12,Tacoma,29435.25,5.48,Completed
313188,19,2018-01-04,RAV4,29550.24,5.48,Completed
313189,9,2018-01-26,Corolla,16590.33,4.4,Completed
313190,10,2018-01-07,Highlander,35756.48,4.88,Completed
313191,17,2018-01-17,Tacoma,20575.29,4.51,Completed
313192,3,2018-01-27,Prius,22821.89,5.69,Completed
313193,19,2018-01-17,RAV4,27182.5,5.48,Completed
313194,5,2018-01-13,Corolla,18223.13,5.34,Completed
313195,17,2018-01-26,Tundra,24521.02,4.51,Completed
313196,9,2018-01-13,Corolla,15517.84,4.4,Completed
313197,1,2018-01-06,Corolla,17914.74,5.24,Completed
313198,12,2018-01-26,RAV4,32012.97,5.65,Completed
313199,11,2018-01-22,Camry,22649.85,4.16,Completed
313200,10,2018-01-11,Tundra,27862.89,4.88,Completed
313201,16,2018-01-09,Sienna,38006.09,6.06,Completed
313202,11,2018-01-08,Highlander,33289.56,4.16,Completed
313203,17,2018-01-27,Prius,15264.27,4.51,Completed
313204,4,2018-01-10,Highlander,32171.63,3.81,Completed
313205,7,2018-01-29,RAV4,34774.09,5.39,Completed
313206,20,2018-01-05,Tundra,37888.06,5.77,Completed
313207,12,2018-01-26,Sienna,37425.96,5.65,Completed
313208,7,2018-01-24,Sienna,40540.41,5.39,Completed
313209,16,2018-01-27,Corolla,20832.25,6.06,Completed
313210,3,2018-01-22,Highlander,52418.19,5.69,Completed
313211,7,2018-01-15,Corolla,23177.54,5.39,Completed
313212,8,2018-01-27,Highlander,45444.79,5.84,Completed
313213,9,2018-01-03,Tacoma,24059.87,4.4,Completed
313214,14,2018-01-12,Highlander,42732.93,5.1,Completed
313215,9,2018-01-31,Tundra,26067.25,4.4,Pending
313216,11,2018-01-28,Prius,16519.91,4.16,Completed
313217,18,2018-01-16,Camry,31784.85,5.68,Completed
313218,19,2018-01-19,Camry,23551.5,5.48,Completed
313219,8,2018-01-03,RAV4,32688.79,5.84,Pending
313220,8,2018-01-12,Prius,23388.31,5.84,Completed
313221,16,2018-01-19,Camry,27951.94,6.06,Completed
313222,2,2018-01-26,Prius,18268.98,4.0,Completed
313223,5,2018-01-21,Camry,24099.62,5.34,Completed
313224,20,2018-01-26,Corolla,22245.71,5.77,Completed
313225,16,2018-01-18,Sienna,40773.43,6.06,Completed
313226,6,2018-01-18,RAV4,23628.63,3.86,Completed
313227,13,2018-01-26,Prius,26530.04,5.61,Completed
313228,1,2018-01-26,Highlander,39211.21,5.24,Completed
313229,2,2018-01-12,RAV4,24091.66,4.0,Cancelled
313230,5,2018-01-15,Camry,26345.79,5.34,Completed
313231,4,2018-01-14,Tundra,23316.83,3.81,Completed
313232,7,2018-01-15,Corolla,21725.68,5.39,Completed
313233,20,2018-01-24,Camry,26572.41,5.77,Completed
313234,15,2018-01-02,Prius,25372.88,4.86,Completed
313235,10,2018-01-02,Camry,23617.8,4.88,Completed
313236,16,2018-01-04,Corolla,22837.66,6.06,Completed
313237,18,2018-01-20,Prius,24730.27,5.68,Completed
313238,7,2018-01-01,Tundra,35419.02,5.39,Completed
313239,16,2018-01-17,Tacoma,32706.36,6.06,Completed
313240,2,2018-01-07,Tundra,31000.97,4.0,Completed
313241,2,2018-01-01,RAV4,23549.03,4.0,Completed
313242,9,2018-01-04,RAV4,23309.31,4.4,Completed
313243,18,2018-01-26,Camry,28889.26,5.68,Completed
313244,15,2018-01-24,Tundra,35973.75,4.86,Completed
313245,1,2018-01-01,Tacoma,23623.17,5.24,Completed
313246,11,2018-01-26,RAV4,26024.72,4.16,Completed
313247,2,2018-01-24,Sienna,30111.13,4.0,Completed
313248,19,2018-01-26,RAV4,26893.77,5.48,Completed
313249,20,2018-01-11,Sienna,39981.93,5.77,Completed
313250,14,2018-01-29,Sienna,33117.0,5.1,Completed
313251,18,2018-01-06,Tacoma,35280.1,5.68,Completed
313252,3,2018-01-14,Corolla,23084.83,5.69,Completed
313253,3,2018-01-30,Camry,29156.51,5.69,Completed
313254,6,2018-01-15,Camry,20178.88,3.86,Completed
313255,19,2018-01-29,Sienna,30326.95,5.48,Completed
313256,7,2018-01-06,Camry,28806.76,5.39,Completed
313257,4,2018-01-01,RAV4,22946.11,3.81,Completed
313258,12,2018-01-29,Sienna,36635.37,5.65,Completed
313259,6,2018-01-04,Corolla,14382.89,3.86,Completed
313260,10,2018-01-21,Prius,19065.03,4.88,Completed
313261,9,2018-01-07,Camry,21481.63,4.4,Cancelled
313262,3,2018-01-30,Highlander,51369.5,5.69,Completed
313263,19,2018-01-09,Tacoma,24789.91,5.48,Completed
313264,5,2018-01-29,Prius,20099.14,5.34,Completed
313265,5,2018-01-29,Prius,21028.81,5.34,Completed
313266,14,2018-01-14,Tundra,32735.84,5.1,Pending
313267,11,2018-01-03,Tundra,26227.16,4.16,Completed
313268,7,2018-01-07,Corolla,21339.01,5.39,Completed
313269,20,2018-01-29,Corolla,22016.49,5.77,Completed
313270,9,2018-01-03,Highlander,31720.37,4.4,Completed
313271,19,2018-01-05,Corolla,19134.0,5.48,Completed
313272,10,2018-01-31,Sienna,25638.4,4.88,Completed
313273,10,2018-01-22,Tacoma,23651.98,4.88,Completed
313274,17,2018-01-07,Prius,17619.65,4.51,Completed
313275,7,2018-01-05,Highlander,44517.65,5.39,Completed
313276,11,2018-01-24,Tacoma,22225.02,4.16,Completed
313277,9,2018-01-05,RAV4,23804.03,4.4,Pending
313278,4,2018-01-04,Camry,18822.5,3.81,Completed
313279,14,2018-01-28,Corolla,22009.22,5.1,Completed
313280,5,2018-01-10,Prius,20829.74,5.34,Completed
313281,3,2018-01-14,Highlander,52221.17,5.69,Pending
313282,3,2018-01-21,Sienna,38870.51,5.69,Completed
313283,8,2018-01-11,Tundra,39088.77,5.84,Completed
313284,19,2018-01-21,Camry,25309.83,5.48,Completed
313285,15,2018-01-02,Sienna,37296.93,4.86,Completed
313286,2,2018-01-23,Camry,22632.95,4.0,Completed
313287,20,2018-01-25,Corolla,21058.97,5.77,Completed
313288,20,2018-01-18,RAV4,34617.2,5.77,Completed
313289,14,2018-01-01,RAV4,35153.83,5.1,Completed
313290,3,2018-01-06,Tundra,38942.14,5.69,Completed
313291,12,2018-01-04,Corolla,22386.95,5.65,Completed
313292,15,2018-01-12,Tacoma,31828.94,4.86,Completed
313293,17,2018-01-19,Sienna,28341.49,4.51,Completed
313294,8,2018-01-30,RAV4,32132.84,5.84,Pending
313295,10,2018-01-05,RAV4,24570.6,4.88,Completed
313296,13,2018-01-30,Tundra,42121.52,5.61,Completed
313297,17,2018-01-20,Highlander,33662.03,4.51,Completed
313298,1,2018-01-11,Camry,24165.01,5.24,Completed
313299,18,2018-01-03,RAV4,36470.53,5.68,Completed
313300,16,2018-01-07,Camry,31720.15,6.06,Completed
313301,15,2018-01-17,RAV4,33413.36,4.86,Completed
313302,15,2018-01-11,Corolla,21005.2,4.86,Completed
313303,19,2018-01-09,Prius,19659.89,5.48,Completed
313304,16,2018-01-15,RAV4,31820.48,6.06,Completed
313305,16,2018-01-28,Highlander,43925.27,6.06,Completed
313306,9,2018-01-22,Prius,18068.67,4.4,Completed
313307,12,2018-01-22,Tacoma,33391.01,5.65,Completed
313308,16,2018-01-18,Tundra,37249.9,6.06,Completed
313309,12,2018-01-31,Prius,23288.22,5.65,Completed
313310,6,2018-01-18,Tundra,28170.95,3.86,Completed
313311,11,2018-01-04,Prius,18489.24,4.16,Completed
313312,18,2018-01-06,Highlander,48949.5,5.68,Completed
313313,13,2018-01-24,Tacoma,32534.62,5.61,Completed
313314,4,2018-01-30,Tacoma,19363.22,3.81,Completed
313315,4,2018-01-28,Corolla,15052.69,3.81,Completed
313316,5,2018-01-08,Prius,19250.1,5.34,Completed
313317,9,2018-01-10,Sienna,27053.65,4.4,Completed
313318,17,2018-01-06,Corolla,16080.22,4.51,Completed
313319,13,2018-01-08,Tacoma,31276.37,5.61,Completed
313320,4,2018-01-24,RAV4,21543.75,3.81,Completed
313321,18,2018-01-30,Sienna,39237.68,5.68,Completed
313322,12,2018-01-09,Highlander,46966.54,5.65,Completed
313323,16,2018-01-27,Tacoma,30956.79,6.06,Completed
313324,8,2018-01-06,Highlander,49930.0,5.84,Completed
313325,17,2018-01-19,Camry,19224.61,4.51,Completed
313326,9,2018-01-03,Sienna,25545.46,4.4,Completed
313327,15,2018-01-24,Highlander,44547.78,4.86,Completed
313328,1,2018-01-18,Tundra,29625.73,5.24,Completed
313329,2,2018-01-05,Sienna,26400.83,4.0,Completed
313330,14,2018-01-30,Camry,29450.2,5.1,Completed
313331,16,2018-01-03,Highlander,46106.23,6.06,Pending
313332,16,2018-01-31,RAV4,37161.02,6.06,Completed
313333,14,2018-01-16,Sienna,35533.45,5.1,Completed
313334,18,2018-01-21,Prius,23305.34,5.68,Completed
313335,17,2018-01-18,Camry,21451.02,4.51,Completed
313336,19,2018-01-21,Highlander,41686.13,5.48,Completed
313337,14,2018-01-24,Tundra,35151.26,5.1,Completed
313338,2,2018-01-19,RAV4,23236.01,4.0,Completed
313339,1,2018-01-04,RAV4,30837.7,5.24,Completed
313340,15,2018-01-07,Sienna,38377.54,4.86,Completed
313341,5,2018-01-22,Camry,22283.92,5.34,Completed
313342,7,2018-01-22,Sienna,34932.13,5.39,Completed
313343,16,2018-01-03,RAV4,34403.17,6.06,Completed
313344,4,2018-01-30,Highlander,32564.15,3.81,Completed
313345,19,2018-01-31,Corolla,18809.85,5.48,Completed
313346,6,2018-01-28,Highlander,33921.15,3.86,Completed
313347,7,2018-01-12,RAV4,33692.36,5.39,Completed
313348,3,2018-01-03,Corolla,22279.2,5.69,Completed
313349,16,2018-01-01,Sienna,38777.77,6.06,Completed
313350,10,2018-01-03,Tundra,27430.11,4.88,Completed
313351,13,2018-01-11,RAV4,35169.02,5.61,Completed
313352,14,2018-01-13,Tacoma,31113.83,5.1,Completed
313353,5,2018-01-31,Tundra,30411.63,5.34,Completed
313354,1,2018-01-10,RAV4,29173.17,5.24,Completed
313355,4,2018-01-13,Tacoma,20196.45,3.81,Completed
313356,14,2018-01-30,Prius,21820.8,5.1,Completed
313357,9,2018-01-29,Tundra,24113.93,4.4,Completed
313358,13,2018-01-02,RAV4,31689.77,5.61,Completed
313359,18,2018-01-13,Prius,27184.16,5.68,Completed
313360,12,2018-01-25,Prius,24006.06,5.65,Completed
313361,2,2018-01-18,Sienna,27092.86,4.0,Completed
313362,14,2018-01-16,Corolla,19819.98,5.1,Completed
313363,16,2018-01-24,Prius,25508.79,6.06,Completed
313364,14,2018-01-05,Corolla,20527.15,5.1,Cancelled
313365,18,2018-01-20,Corolla,23226.77,5.68,Completed
313366,14,2018-01-08,Tundra,33627.11,5.1,Completed
313367,13,2018-01-05,RAV4,33438.52,5.61,Completed
313368,2,2018-01-30,Tacoma,25977.2,4.0,Completed
313369,5,2018-01-20,Corolla,16598.0,5.34,Completed
313370,2,2018-01-10,Sienna,28654.28,4.0,Completed
313371,3,2018-01-29,Sienna,39981.87,5.69,Completed
313372,20,2018-01-05,Highlander,50553.3,5.77,Completed
313373,3,2018-01-24,Tacoma,33310.83,5.69,Completed
313374,9,2018-01-07,RAV4,26541.32,4.4,Completed
313375,2,2018-01-13,Sienna,29787.81,4.0,Completed
313376,15,2018-01-31,Highlander,47355.03,4.86,Completed
313377,12,2018-01-15,Tacoma,32212.6,5.65,Completed
313378,3,2018-01-23,Highlander,51093.66,5.69,Completed
313379,2,2018-01-06,Tacoma,24113.97,4.0,Completed
313380,14,2018-01-24,Prius,21585.95,5.1,Cancelled
313381,15,2018-01-15,RAV4,30156.51,4.86,Completed
313382,5,2018-01-20,Corolla,18785.69,5.34,Completed
313383,3,2018-01-28,Tundra,39769.36,5.69,Cancelled
313384,9,2018-01-12,Tundra,26255.54,4.4,Completed
313385,17,2018-01-04,Tacoma,20232.11,4.51,Completed
313386,3,2018-01-31,Camry,32808.88,5.69,Completed
313387,7,2018-01-13,Highlander,43836.1,5.39,Completed
313388,4,2018-01-06,RAV4,23613.49,3.81,Completed
313389,4,2018-01-22,Prius,15094.84,3.81,Completed
313390,7,2018-01-27,Tacoma,29374.01,5.39,Completed
313391,13,2018-01-14,Tacoma,32379.88,5.61,Completed
313392,8,2018-01-14,Tacoma,33192.02,5.84,Completed
313393,1,2018-01-31,Camry,23333.17,5.24,Completed
313394,8,2018-01-03,Camry,26436.38,5.84,Completed
313395,14,2018-01-26,Corolla,19071.35,5.1,Completed
313396,6,2018-01-14,Tundra,24677.12,3.86,Completed
313397,12,2018-01-01,Tacoma,32332.05,5.65,Completed
313398,4,2018-01-24,Camry,20561.59,3.81,Completed
313399,10,2018-01-02,Sienna,26833.06,4.88,Completed
313400,3,2018-01-08,Prius,25998.26,5.69,Completed
313401,18,2018-01-14,Tundra,42339.19,5.68,Completed
313402,19,2018-01-27,Tacoma,25845.83,5.48,Completed
313403,4,2018-01-17,Prius,17861.2,3.81,Completed
313404,6,2018-01-09,Corolla,16005.83,3.86,Completed
313405,3,2018-01-10,Camry,31091.6,5.69,Completed
313406,7,2018-01-20,RAV4,35750.39,5.39,Completed
313407,7,2018-01-03,Camry,26487.53,5.39,Completed
313408,10,2018-01-02,Corolla,16503.07,4.88,Completed
313409,20,2018-01-15,Highlander,42746.85,5.77,Completed
313410,1,2018-01-14,RAV4,27364.52,5.24,Completed
313411,9,2018-01-23,Corolla,16563.2,4.4,Completed
313412,4,2018-01-10,Prius,16607.08,3.81,Completed
313413,2,2018-01-11,Highlander,34342.06,4.0,Completed
313414,9,2018-01-01,RAV4,23908.47,4.4,Completed
313415,2,2018-01-01,Tundra,28354.09,4.0,Completed
313416,5,2018-01-08,Tundra,34325.5,5.34,Completed
313417,10,2018-01-20,Corolla,16774.06,4.88,Completed
313418,8,2018-01-08,Prius,21978.65,5.84,Completed
313419,11,2018-01-21,Tacoma,23828.61,4.16,Completed
313420,19,2018-01-27,RAV4,28764.14,5.48,Completed
313421,19,2018-01-19,Prius,22913.36,5.48,Completed
313422,6,2018-01-26,Tundra,24439.3,3.86,Completed
313423,6,2018-01-31,Tundra,25947.8,3.86,Completed
313424,12,2018-01-08,Tacoma,29380.55,5.65,Completed
313425,9,2018-01-19,Sienna,27173.7,4.4,Completed
313426,1,2018-01-07,RAV4,29036.46,5.24,Completed
313427,4,2018-01-12,Highlander,35427.57,3.81,Completed
313428,9,2018-01-21,Tacoma,20905.32,4.4,Completed
313429,18,2018-01-20,Highlander,46416.31,5.68,Pending
313430,13,2018-01-20,Tacoma,32903.06,5.61,Completed
313431,14,2018-01-28,Highlander,41865.22,5.1,Completed
313432,8,2018-01-19,Camry,29519.62,5.84,Completed
313433,5,2018-01-04,Tacoma,26371.65,5.34,Completed
313434,12,2018-01-25,Prius,21522.18,5.65,Completed
313435,8,2018-01-08,RAV4,33058.59,5.84,Pending
313436,3,2018-01-05,Sienna,40051.14,5.69,Completed
313437,3,2018-01-17,Sienna,35400.76,5.69,Completed
313438,19,2018-01-17,Highlander,38646.16,5.48,Completed
313439,11,2018-01-07,Tundra,28185.63,4.16,Completed
313440,15,2018-01-12,Corolla,19236.82,4.86,Completed
313441,17,2018-01-14,Tacoma,22620.3,4.51,Completed
313442,11,2018-01-01,Tundra,28952.94,4.16,Completed
313443,9,2018-01-14,Prius,17734.51,4.4,Completed
313444,1,2018-01-11,Highlander,35360.96,5.24,Cancelled
313445,8,2018-01-02,Camry,25981.81,5.84,Completed
313446,6,2018-01-18,RAV4,24268.54,3.86,Completed
313447,5,2018-01-01,Camry,23221.6,5.34,Completed
313448,4,2018-01-02,Camry,20114.12,3.81,Completed
313449,15,2018-01-27,Tundra,34315.68,4.86,Completed
313450,14,2018-01-16,Tundra,34598.65,5.1,Completed
313451,5,2018-01-07,Tacoma,26343.98,5.34,Completed
313452,16,2018-01-09,Prius,22799.84,6.06,Completed
313453,1,2018-01-31,Tundra,28947.69,5.24,Completed
313454,19,2018-01-29,Camry,27245.3,5.48,Completed
313455,2,2018-01-15,Prius,16781.83,4.0,Completed
313456,11,2018-01-28,Corolla,15636.78,4.16,Completed
313457,12,2018-01-10,Tacoma,30803.05,5.65,Completed
313458,4,2018-01-27,Camry,18849.53,3.81,Completed
313459,13,2018-01-18,Tacoma,30111.03,5.61,Pending
313460,4,2018-01-11,Tacoma,21237.31,3.81,Completed
313461,2,2018-01-15,Tacoma,22025.3,4.0,Completed
313462,7,2018-01-30,Sienna,39714.36,5.39,Completed
313463,8,2018-01-29,Camry,30656.66,5.84,Completed
313464,11,2018-01-13,Prius,19029.05,4.16,Completed
313465,20,2018-01-03,RAV4,30516.46,5.77,Completed
313466,13,2018-01-14,RAV4,37429.16,5.61,Completed
313467,15,2018-01-25,Prius,24714.16,4.86,Completed
313468,5,2018-01-20,Sienna,33980.33,5.34,Completed
313469,6,2018-01-03,Highlander,32805.7,3.86,Completed
313470,8,2018-01-04,Prius,22107.96,5.84,Cancelled
313471,5,2018-01-17,RAV4,26686.82,5.34,Completed
313472,10,2018-01-23,Corolla,16425.02,4.88,Completed
313473,5,2018-01-13,Sienna,33228.58,5.34,Completed
313474,6,2018-01-03,Sienna,26099.72,3.86,Completed
313475,12,2018-01-19,Tundra,33766.18,5.65,Completed
313476,5,2018-01-28,Highlander,36159.45,5.34,Completed
313477,6,2018-01-09,Tacoma,19935.11,3.86,Completed
313478,3,2018-01-26,Prius,23100.39,5.69,Completed
313479,15,2018-01-27,Prius,23363.88,4.86,Completed
313480,10,2018-01-28,Tundra,28323.61,4.88,Completed
313481,2,2018-01-22,RAV4,23862.44,4.0,Completed
313482,12,2018-01-11,Tundra,34275.72,5.65,Completed
313483,20,2018-01-16,Highlander,51406.58,5.77,Completed
313484,2,2018-01-18,Prius,18707.02,4.0,Completed
313485,2,2018-01-15,Tundra,28722.85,4.0,Pending
313486,8,2018-01-04,Highlander,42732.52,5.84,Completed
313487,16,2018-01-03,Corolla,20954.65,6.06,Completed
313488,14,2018-01-16,Highlander,41903.14,5.1,Completed
313489,18,2018-01-04,Tundra,42815.77,5.68,Completed
313490,5,2018-01-30,RAV4,30758.14,5.34,Completed
313491,19,2018-01-04,Highlander,44944.03,5.48,Completed
313492,2,2018-01-07,Corolla,14712.84,4.0,Completed
313493,1,2018-01-26,Corolla,16402.56,5.24,Completed
313494,3,2018-01-20,Tacoma,30011.75,5.69,Completed
313495,14,2018-01-14,Sienna,36503.49,5.1,Completed
313496,18,2018-01-21,Tundra,42646.16,5.68,Completed
313497,7,2018-01-01,Tundra,35060.36,5.39,Completed
313498,7,2018-01-19,Corolla,19529.12,5.39,Completed
313499,11,2018-01-14,Tacoma,23879.95,4.16,Completed
313500,11,2018-01-04,Tacoma,20841.73,4.16,Completed
313501,11,2018-01-01,Highlander,34236.15,4.16,Completed
313502,1,2018-01-24,Tundra,30722.33,5.24,Completed
313503,17,2018-01-11,Sienna,28348.31,4.51,Pending
313504,17,2018-01-29,Prius,15292.18,4.51,Completed
313505,4,2018-01-10,Sienna,27396.18,3.81,Completed
313506,6,2018-01-17,Sienna,24924.83,3.86,Completed
313507,20,2018-01-19,RAV4,30753.57,5.77,Completed
313508,2,2018-01-26,Highlander,37280.77,4.0,Completed
313509,12,2018-01-19,Camry,28152.85,5.65,Completed
313510,2,2018-01-17,Tundra,27969.43,4.0,Completed
313511,3,2018-01-09,Prius,25819.36,5.69,Completed
313512,13,2018-01-29,Prius,26962.3,5.61,Completed
313513,8,2018-01-04,Camry,26262.37,5.84,Completed
313514,2,2018-01-24,Prius,17446.72,4.0,Completed
313515,14,2018-01-23,Prius,24157.68,5.1,Completed
313516,5,2018-01-28,Prius,19856.62,5.34,Completed
313517,7,2018-01-27,Tundra,37285.54,5.39,Completed
313518,7,2018-01-27,RAV4,37449.79,5.39,Completed
313519,20,2018-01-31,Corolla,22372.82,5.77,Completed
313520,19,2018-01-31,Highlander,41723.41,5.48,Completed
313521,11,2018-01-14,Corolla,16456.0,4.16,Completed
313522,16,2018-01-22,Tundra,36309.1,6.06,Completed
313523,17,2018-01-25,Corolla,13795.38,4.51,Completed
313524,18,2018-01-05,Corolla,21283.69,5.68,Pending
313525,19,2018-01-27,Camry,24983.64,5.48,Completed
313526,15,2018-01-05,Tacoma,28707.11,4.86,Completed
313527,20,2018-01-07,Camry,28130.83,5.77,Completed
313528,5,2018-01-09,Prius,18793.24,5.34,Completed
313529,14,2018-01-09,Tundra,37971.45,5.1,Completed
313530,18,2018-01-30,Prius,25565.72,5.68,Completed
313531,2,2018-01-13,Highlander,35433.65,4.0,Completed
313532,7,2018-01-12,Corolla,20507.9,5.39,Completed
313533,20,2018-01-07,Prius,23803.87,5.77,Completed
313534,19,2018-01-22,Prius,19792.36,5.48,Cancelled
313535,5,2018-01-28,Tacoma,25973.55,5.34,Completed
313536,3,2018-01-31,Camry,28246.74,5.69,Completed
313537,15,2018-01-05,Tundra,39242.63,4.86,Cancelled
313538,18,2018-01-04,Sienna,39280.78,5.68,Completed
313539,17,2018-01-25,Corolla,14217.98,4.51,Completed
313540,17,2018-01-27,Tundra,26809.51,4.51,Completed
313541,9,2018-01-19,Sienna,29334.77,4.4,Completed
313542,5,2018-01-11,Prius,18363.04,5.34,Completed
313543,13,2018-01-13,RAV4,34393.81,5.61,Completed
313544,13,2018-01-26,Tacoma,35387.8,5.61,Completed
313545,12,2018-01-13,Sienna,34513.26,5.65,Completed
313546,19,2018-01-07,Camry,23856.99,5.48,Completed
313547,12,2018-01-19,Tacoma,27749.37,5.65,Completed
313548,19,2018-01-19,Sienna,30100.96,5.48,Completed
313549,17,2018-01-04,Corolla,15836.71,4.51,Completed
313550,15,2018-01-19,Highlander,42407.62,4.86,Completed
313551,20,2018-01-12,RAV4,32366.26,5.77,Completed
313552,18,2018-01-07,Camry,32782.98,5.68,Completed
313553,17,2018-01-22,Sienna,26902.79,4.51,Completed
313554,10,2018-01-08,Tacoma,24419.58,4.88,Completed
313555,18,2018-01-09,Tundra,38310.39,5.68,Completed
313556,1,2018-01-09,Prius,18021.99,5.24,Completed
313557,2,2018-01-11,Sienna,27709.83,4.0,Completed
313558,5,2018-01-15,Corolla,19028.03,5.34,Completed
313559,17,2018-01-02,Prius,18140.92,4.51,Completed
313560,3,2018-01-24,Camry,30670.57,5.69,Completed
313561,1,2018-01-22,Camry,24845.23,5.24,Completed
313562,4,2018-01-05,Highlander,31956.24,3.81,Completed
313563,18,2018-01-29,Tundra,38377.92,5.68,Completed
313564,8,2018-01-23,Tundra,39640.17,5.84,Completed
313565,17,2018-01-09,Camry,18799.37,4.51,Completed
313566,18,2018-01-29,Prius,28066.53,5.68,Completed
313567,2,2018-01-07,Camry,20897.11,4.0,Completed
313568,15,2018-01-29,Camry,30507.93,4.86,Completed
313569,3,2018-01-23,Sienna,36275.42,5.69,Completed
313570,14,2018-01-27,Corolla,20277.81,5.1,Completed
313571,17,2018-01-30,Tacoma,20351.66,4.51,Cancelled
313572,9,2018-01-27,Tacoma,24606.27,4.4,Completed
313573,3,2018-01-25,RAV4,31589.35,5.69,Completed
313574,16,2018-01-18,RAV4,33543.75,6.06,Completed
313575,18,2018-01-06,Tundra,40491.69,5.68,Completed
313576,18,2018-01-21,RAV4,39739.46,5.68,Completed
313577,11,2018-01-17,Sienna,28604.57,4.16,Completed
313578,5,2018-01-19,Tacoma,27286.31,5.34,Completed
313579,15,2018-01-16,Prius,24195.87,4.86,Completed
313580,12,2018-01-08,Tundra,33869.41,5.65,Pending
313581,5,2018-01-07,Tundra,29891.61,5.34,Completed
313582,16,2018-01-18,Highlander,52114.57,6.06,Completed
313583,18,2018-01-08,Corolla,22047.86,5.68,Completed
313584,16,2018-01-24,Highlander,49862.14,6.06,Completed
313585,4,2018-01-04,Prius,17894.99,3.81,Cancelled
313586,12,2018-01-26,Corolla,19834.72,5.65,Completed
313587,11,2018-01-08,RAV4,24838.68,4.16,Completed
313588,11,2018-01-13,Prius,16323.22,4.16,Completed
313589,5,2018-01-01,Tacoma,25414.21,5.34,Completed
313590,3,2018-01-24,Highlander,44737.95,5.69,Completed
313591,15,2018-01-15,RAV4,30721.55,4.86,Completed
313592,12,2018-01-17,RAV4,30693.75,5.65,Completed
313593,15,2018-01-14,RAV4,31367.9,4.86,Completed
313594,16,2018-01-08,Sienna,41233.08,6.06,Completed
313595,9,2018-01-28,Prius,17925.68,4.4,Completed
313596,5,2018-01-14,RAV4,30912.63,5.34,Completed
313597,5,2018-01-28,Camry,26640.72,5.34,Completed
313598,7,2018-01-06,Highlander,49531.09,5.39,Completed
313599,13,2018-01-20,Camry,32534.94,5.61,Completed
313600,3,2018-01-17,Tacoma,29851.46,5.69,Completed
313601,11,2018-01-09,Corolla,14743.95,4.16,Completed
313602,19,2018-01-28,Highlander,45031.32,5.48,Completed
313603,15,2018-01-22,Prius,25421.71,4.86,Completed
313604,7,2018-01-02,Prius,22823.17,5.39,Completed
313605,11,2018-01-11,Sienna,29004.68,4.16,Completed
313606,6,2018-01-18,Tacoma,21672.67,3.86,Completed
313607,6,2018-01-01,Sienna,28306.42,3.86,Completed
313608,3,2018-01-24,Tundra,39717.48,5.69,Completed
313609,10,2018-01-01,Tundra,29292.64,4.88,Completed
313610,19,2018-01-14,Corolla,17689.66,5.48,Completed
313611,4,2018-01-03,RAV4,22959.48,3.81,Completed
313612,2,2018-01-20,Sienna,27969.28,4.0,Completed
313613,1,2018-01-01,Prius,21325.24,5.24,Completed
313614,8,2018-01-18,Prius,23600.94,5.84,Completed
313615,19,2018-01-08,Tundra,29337.54,5.48,Completed
313616,13,2018-01-02,RAV4,35507.61,5.61,Completed
313617,14,2018-01-15,RAV4,32563.69,5.1,Completed
313618,7,2018-01-09,Tundra,40827.72,5.39,Completed
313619,1,2018-01-15,Sienna,31161.69,5.24,Cancelled
313620,19,2018-01-26,Sienna,31721.07,5.48,Completed
313621,18,2018-01-17,Tacoma,32062.15,5.68,Completed
313622,8,2018-01-23,Prius,23733.1,5.84,Completed
313623,15,2018-01-14,Prius,21914.68,4.86,Completed
313624,1,2018-01-05,Corolla,16009.21,5.24,Completed
313625,15,2018-01-26,Camry,29735.0,4.86,Completed
313626,12,2018-01-27,Prius,25873.32,5.65,Completed
313627,8,2018-01-11,Tundra,33187.44,5.84,Completed
313628,3,2018-01-14,Camry,31868.78,5.69,Completed
313629,12,2018-01-18,Tacoma,28216.94,5.65,Completed
313630,6,2018-01-27,Highlander,35489.7,3.86,Completed
313631,3,2018-01-09,Tundra,36038.45,5.69,Completed
313632,20,2018-01-09,Tacoma,29517.34,5.77,Completed
313633,16,2018-01-20,Tacoma,34769.22,6.06,Completed
313634,20,2018-01-18,Highlander,46975.14,5.77,Completed
313635,3,2018-01-10,RAV4,36144.07,5.69,Completed
313636,6,2018-01-24,Camry,20583.13,3.86,Completed
313637,3,2018-01-09,Tundra,39006.24,5.69,Completed
313638,12,2018-01-21,Highlander,47800.97,5.65,Completed
313639,5,2018-01-27,Tacoma,28665.46,5.34,Completed
313640,20,2018-01-12,RAV4,32613.25,5.77,Completed
313641,7,2018-01-22,Camry,28693.37,5.39,Completed
313642,7,2018-01-27,Tacoma,29048.97,5.39,Completed
313643,14,2018-01-04,Prius,23383.63,5.1,Completed
313644,1,2018-01-30,RAV4,29510.27,5.24,Completed
313645,1,2018-01-15,Highlander,42350.75,5.24,Completed
313646,13,2018-01-27,Tacoma,34874.41,5.61,Completed
313647,10,2018-01-05,Sienna,27336.9,4.88,Completed
313648,19,2018-01-24,Tundra,33071.16,5.48,Completed
313649,9,2018-01-29,Prius,17892.55,4.4,Completed
313650,9,2018-01-14,Highlander,33451.76,4.4,Completed
313651,5,2018-01-11,Corolla,16075.67,5.34,Completed
313652,19,2018-01-13,Camry,24539.93,5.48,Cancelled
313653,20,2018-01-05,Corolla,20851.53,5.77,Completed
313654,2,2018-01-18,Prius,17641.23,4.0,Completed
313655,5,2018-01-21,RAV4,29908.65,5.34,Completed
313656,17,2018-01-12,Tundra,27078.99,4.51,Completed
313657,15,2018-01-10,RAV4,35007.08,4.86,Completed
313658,4,2018-01-25,RAV4,22368.45,3.81,Completed
313659,2,2018-01-03,Tundra,27497.91,4.0,Completed
313660,1,2018-01-18,Corolla,17488.54,5.24,Pending
313661,10,2018-01-24,Prius,17560.9,4.88,Completed
313662,11,2018-01-16,Sienna,27006.27,4.16,Completed
313663,7,2018-01-22,RAV4,32904.01,5.39,Completed
313664,6,2018-01-19,Sienna,28616.62,3.86,Completed
313665,18,2018-01-30,Prius,26991.54,5.68,Completed
313666,18,2018-01-29,Sienna,39040.67,5.68,Completed
313667,13,2018-01-24,Tundra,38422.77,5.61,Completed
313668,19,2018-01-05,Corolla,16570.89,5.48,Completed
313669,10,2018-01-13,Corolla,16266.95,4.88,Completed
313670,14,2018-01-03,Corolla,21686.87,5.1,Completed
313671,12,2018-01-20,Camry,30982.51,5.65,Completed
313672,5,2018-01-26,Camry,25219.09,5.34,Completed
313673,3,2018-01-16,RAV4,35225.57,5.69,Completed
313674,12,2018-01-17,Sienna,36758.91,5.65,Completed
313675,17,2018-01-17,Corolla,15950.72,4.51,Completed
313676,7,2018-01-31,Corolla,21031.9,5.39,Completed
313677,11,2018-01-05,Tundra,24692.07,4.16,Completed
313678,8,2018-01-09,Sienna,37219.4,5.84,Completed
313679,20,2018-01-11,Tundra,38342.54,5.77,Completed
313680,4,2018-01-02,Prius,16921.76,3.81,Completed
313681,1,2018-01-19,Sienna,29123.96,5.24,Completed
313682,20,2018-01-19,Highlander,49970.73,5.77,Completed
313683,9,2018-01-03,Sienna,27511.0,4.4,Completed
313684,17,2018-01-15,Tacoma,22861.03,4.51,Completed
313685,1,2018-01-04,Highlander,41943.37,5.24,Completed
313686,10,2018-01-05,Sienna,26703.32,4.88,Completed
313687,10,2018-01-26,Corolla,17375.3,4.88,Completed
313688,3,2018-01-20,Corolla,23863.26,5.69,Completed
313689,4,2018-01-09,Prius,15062.3,3.81,Completed
313690,11,2018-01-02,Tundra,28807.78,4.16,Completed
313691,8,2018-01-31,Tacoma,33944.92,5.84,Completed
313692,14,2018-01-27,Tundra,35596.35,5.1,Completed
313693,3,2018-01-29,Tundra,41680.01,5.69,Completed
313694,17,2018-01-31,Prius,15870.03,4.51,Completed
313695,1,2018-01-16,Sienna,32862.23,5.24,Completed
313696,4,2018-01-08,RAV4,23666.76,3.81,Completed
313697,8,2018-01-18,Corolla,21272.55,5.84,Completed
313698,14,2018-01-23,Sienna,36384.59,5.1,Completed
313699,9,2018-01-11,Highlander,33337.84,4.4,Completed
313700,3,2018-01-02,RAV4,38060.45,5.69,Completed
313701,11,2018-01-06,RAV4,26758.22,4.16,Completed
313702,8,2018-01-17,Camry,27735.53,5.84,Completed
313703,11,2018-01-24,Camry,19747.32,4.16,Completed
313704,20,2018-01-05,Camry,30457.13,5.77,Completed
313705,3,2018-01-15,Camry,28691.86,5.69,Completed
313706,15,2018-01-17,RAV4,32645.39,4.86,Completed
313707,5,2018-01-03,Corolla,16691.08,5.34,Completed
313708,14,2018-01-08,Camry,26201.37,5.1,Completed
313709,1,2018-01-23,RAV4,26409.31,5.24,Completed
313710,11,2018-01-04,Corolla,14479.69,4.16,Completed
313711,18,2018-01-31,Camry,33653.91,5.68,Cancelled
313712,18,2018-01-04,Corolla,22738.03,5.68,Completed
313713,10,2018-01-05,Camry,21798.5,4.88,Completed
313714,1,2018-01-07,Sienna,31440.59,5.24,Completed
313715,8,2018-01-17,Corolla,19582.13,5.84,Pending
313716,14,2018-01-21,Tacoma,27431.93,5.1,Completed
313717,15,2018-01-04,Corolla,18780.45,4.86,Completed
313718,4,2018-01-19,Tundra,26073.27,3.81,Completed
313719,1,2018-01-21,Tacoma,23601.16,5.24,Completed
313720,12,2018-01-26,Tacoma,29083.9,5.65,Completed
313721,11,2018-01-15,Prius,17750.28,4.16,Completed
313722,14,2018-01-25,Camry,27130.88,5.1,Cancelled
313723,6,2018-01-10,RAV4,22796.9,3.86,Completed
313724,12,2018-01-24,Camry,28721.8,5.65,Completed
313725,9,2018-01-13,RAV4,23025.29,4.4,Completed
313726,17,2018-01-21,Tacoma,21300.31,4.51,Completed
313727,4,2018-01-27,RAV4,21312.07,3.81,Completed
313728,2,2018-01-08,Tundra,28563.63,4.0,Completed
313729,19,2018-01-13,Tundra,30253.5,5.48,Completed
313730,10,2018-01-02,Sienna,25834.15,4.88,Completed
313731,9,2018-01-25,Prius,17243.45,4.4,Completed
313732,5,2018-01-22,Highlander,36369.33,5.34,Completed
313733,18,2018-01-08,Camry,28994.69,5.68,Completed
313734,7,2018-01-16,RAV4,36892.77,5.39,Completed
313735,2,2018-01-11,Corolla,17360.57,4.0,Completed
313736,16,2018-01-27,RAV4,34280.19,6.06,Completed
313737,18,2018-01-01,Highlander,46210.51,5.68,Completed
313738,14,2018-01-22,RAV4,29840.27,5.1,Completed
313739,8,2018-01-16,Corolla,20751.07,5.84,Completed
313740,15,2018-01-06,RAV4,30769.8,4.86,Completed
313741,2,2018-01-18,Tacoma,25000.32,4.0,Completed
313742,16,2018-01-11,Prius,25719.86,6.06,Completed
313743,11,2018-01-29,Camry,21155.27,4.16,Completed
313744,10,2018-01-06,Highlander,32688.98,4.88,Completed
313745,3,2018-01-05,Corolla,21788.61,5.69,Completed
313746,11,2018-01-09,Highlander,31986.31,4.16,Pending
313747,17,2018-01-20,Tacoma,21019.66,4.51,Completed
313748,9,2018-01-27,Corolla,14173.05,4.4,Completed
313749,18,2018-01-30,Highlander,48983.79,5.68,Completed
313750,18,2018-01-10,RAV4,38163.63,5.68,Completed
313751,10,2018-01-31,Camry,23297.65,4.88,Completed
313752,15,2018-01-11,Highlander,44470.27,4.86,Completed
313753,14,2018-01-14,Prius,22618.64,5.1,Completed
313754,10,2018-01-21,Tacoma,23606.62,4.88,Completed
313755,14,2018-01-16,RAV4,30504.31,5.1,Completed
313756,9,2018-01-01,Prius,16975.98,4.4,Completed
313757,5,2018-01-16,Corolla,18053.53,5.34,Cancelled
313758,8,2018-01-20,Corolla,19830.1,5.84,Cancelled
313759,2,2018-01-01,Camry,21534.02,4.0,Completed
313760,2,2018-01-31,Prius,18401.11,4.0,Completed
313761,2,2018-01-23,RAV4,25089.85,4.0,Completed
313762,10,2018-01-07,Tacoma,24330.38,4.88,Completed
313763,5,2018-01-26,RAV4,26861.55,5.34,Completed
313764,8,2018-01-09,Camry,26770.49,5.84,Completed
313765,12,2018-01-01,Corolla,19600.78,5.65,Completed
313766,11,2018-01-03,RAV4,24671.65,4.16,Completed
313767,3,2018-01-02,Corolla,22445.82,5.69,Completed
313768,13,2018-01-26,Corolla,21145.87,5.61,Completed
313769,4,2018-01-03,Tundra,23792.4,3.81,Completed
313770,15,2018-01-31,Prius,25257.69,4.86,Completed
313771,10,2018-01-29,Highlander,34577.86,4.88,Completed
313772,3,2018-01-25,Prius,23355.6,5.69,Completed
313773,7,2018-01-10,Sienna,35135.73,5.39,Completed
313774,19,2018-01-24,Camry,26252.38,5.48,Completed
313775,8,2018-01-08,RAV4,36321.01,5.84,Completed
313776,20,2018-01-18,Corolla,22871.54,5.77,Completed
313777,20,2018-01-23,Corolla,21721.85,5.77,Completed
313778,18,2018-01-25,Corolla,23811.08,5.68,Completed
313779,1,2018-01-31,Prius,20134.34,5.24,Completed
313780,10,2018-01-01,Tundra,28006.38,4.88,Pending
313781,14,2018-01-20,Corolla,18192.61,5.1,Completed
313782,9,2018-01-01,RAV4,26563.43,4.4,Completed
313783,7,2018-01-18,Corolla,22052.46,5.39,Completed
313784,20,2018-01-15,Tacoma,32108.63,5.77,Completed
313785,16,2018-01-23,Corolla,21764.74,6.06,Completed
313786,8,2018-01-17,Camry,28893.98,5.84,Completed
313787,4,2018-01-03,Tundra,25907.89,3.81,Completed
313788,12,2018-01-19,Prius,25820.56,5.65,Completed
313789,14,2018-01-21,Corolla,20967.55,5.1,Completed
313790,13,2018-01-05,Corolla,22250.51,5.61,Completed
313791,7,2018-01-30,Tacoma,29489.94,5.39,Completed
313792,15,2018-01-01,Highlander,45893.48,4.86,Completed
313793,7,2018-01-13,RAV4,31103.5,5.39,Completed
313794,4,2018-01-18,Tundra,27338.52,3.81,Completed
313795,12,2018-01-01,Tundra,35899.08,5.65,Completed
313796,7,2018-01-28,Tacoma,29687.61,5.39,Completed
313797,20,2018-01-28,Tundra,34865.96,5.77,Completed
313798,8,2018-01-14,Tundra,35637.27,5.84,Completed
313799,7,2018-01-05,Prius,24153.77,5.39,Completed
313800,14,2018-01-04,Corolla,20740.16,5.1,Completed
313801,1,2018-01-11,Sienna,29706.82,5.24,Completed
313802,4,2018-01-08,Prius,17252.74,3.81,Completed
313803,4,2018-01-13,Highlander,33101.85,3.81,Completed
313804,15,2018-01-08,Highlander,48767.58,4.86,Completed
313805,6,2018-01-21,Highlander,35351.03,3.86,Completed
313806,16,2018-01-06,Camry,28544.51,6.06,Completed
313807,12,2018-01-11,Corolla,21805.93,5.65,Completed
313808,7,2018-01-27,RAV4,32677.22,5.39,Completed
313809,7,2018-01-27,Tacoma,34594.27,5.39,Completed
313810,2,2018-01-29,Tundra,30792.96,4.0,Completed
313811,20,2018-01-03,Tacoma,32883.95,5.77,Completed
313812,14,2018-01-19,Corolla,20600.24,5.1,Completed
313813,3,2018-01-01,Tundra,36981.26,5.69,Completed
313814,1,2018-01-12,Prius,21248.25,5.24,Completed
313815,9,2018-01-26,Prius,18869.86,4.4,Pending
313816,8,2018-01-16,RAV4,33414.35,5.84,Completed
313817,9,2018-01-29,RAV4,22566.73,4.4,Completed
313818,12,2018-01-14,Highlander,50241.58,5.65,Completed
313819,7,2018-01-23,Tundra,34865.2,5.39,Completed
313820,20,2018-01-05,Tacoma,28466.38,5.77,Completed
313821,19,2018-01-18,Camry,25417.72,5.48,Completed
313822,15,2018-01-01,Camry,26438.81,4.86,Completed
313823,3,2018-01-18,Tacoma,34254.62,5.69,Completed
313824,18,2018-01-12,Camry,32119.72,5.68,Completed
313825,16,2018-01-02,Sienna,34356.45,6.06,Completed
313826,6,2018-01-03,Tacoma,22300.81,3.86,Completed
313827,11,2018-01-02,RAV4,26245.5,4.16,Completed
313828,12,2018-01-14,Sienna,36839.86,5.65,Completed
313829,17,2018-01-03,Prius,15552.79,4.51,Completed
313830,10,2018-01-18,Camry,23420.68,4.88,Completed
313831,15,2018-01-13,Camry,26372.86,4.86,Completed
313832,5,2018-01-18,Prius,21352.16,5.34,Completed
313833,16,2018-01-29,RAV4,33655.53,6.06,Cancelled
313834,9,2018-01-09,Tacoma,23960.66,4.4,Completed
313835,1,2018-01-04,Tundra,30871.81,5.24,Completed
313836,6,2018-01-19,RAV4,23032.02,3.86,Completed
313837,15,2018-01-18,Corolla,19189.69,4.86,Completed
313838,13,2018-01-23,Sienna,36420.05,5.61,Completed
313839,4,2018-01-06,Corolla,14316.74,3.81,Completed
313840,8,2018-01-28,RAV4,34341.87,5.84,Completed
313841,8,2018-01-06,RAV4,35353.97,5.84,Completed
313842,2,2018-01-23,Tacoma,24935.59,4.0,Completed
313843,15,2018-01-25,RAV4,33805.28,4.86,Completed
313844,14,2018-01-25,Highlander,40540.63,5.1,Completed
313845,11,2018-01-23,Sienna,27110.33,4.16,Completed
313846,8,2018-01-12,Sienna,36360.65,5.84,Completed
313847,13,2018-01-01,Tacoma,33862.6,5.61,Completed
313848,2,2018-01-30,Corolla,16825.84,4.0,Completed
313849,5,2018-01-04,RAV4,29144.95,5.34,Completed
313850,2,2018-01-01,Tacoma,21789.3,4.0,Completed
313851,18,2018-01-10,RAV4,39414.64,5.68,Completed
313852,2,2018-01-23,Prius,19648.63,4.0,Completed
313853,16,2018-01-24,Camry,26652.94,6.06,Completed
313854,5,2018-01-04,RAV4,31157.46,5.34,Completed
313855,12,2018-01-04,Prius,23741.87,5.65,Completed
313856,20,2018-01-07,Sienna,37897.3,5.77,Completed
313857,7,2018-01-08,Tacoma,30427.26,5.39,Completed
313858,4,2018-01-20,Highlander,34364.06,3.81,Pending
313859,3,2018-01-04,Prius,23309.98,5.69,Completed
313860,2,2018-01-01,Prius,18548.15,4.0,Completed
313861,4,2018-01-21,Tacoma,19576.36,3.81,Completed
313862,7,2018-01-26,Highlander,46523.73,5.39,Completed
313863,8,2018-01-18,Camry,29143.49,5.84,Completed
313864,13,2018-01-03,Sienna,34732.32,5.61,Completed
313865,11,2018-01-25,Tacoma,21385.38,4.16,Completed
313866,7,2018-01-28,Tacoma,32998.18,5.39,Completed
313867,16,2018-01-29,Corolla,20391.38,6.06,Completed
313868,1,2018-01-15,Sienna,32237.31,5.24,Completed
313869,6,2018-01-18,Tacoma,22483.77,3.86,Completed
313870,6,2018-01-12,Tacoma,22856.69,3.86,Completed
313871,7,2018-01-14,Highlander,43606.3,5.39,Completed
313872,17,2018-01-19,Highlander,32846.81,4.51,Completed
313873,1,2018-01-04,Camry,21850.36,5.24,Completed
313874,18,2018-01-11,Prius,25187.74,5.68,Completed
313875,16,2018-01-09,Prius,26031.58,6.06,Completed
313876,16,2018-01-13,Tundra,35251.17,6.06,Completed
313877,9,2018-01-18,Camry,21230.63,4.4,Completed
313878,3,2018-01-29,Highlander,49875.69,5.69,Completed
313879,19,2018-01-13,Camry,27057.09,5.48,Completed
313880,20,2018-01-08,Corolla,21577.6,5.77,Completed
313881,15,2018-01-29,RAV4,33419.04,4.86,Completed
313882,11,2018-01-18,Sienna,27497.55,4.16,Completed
313883,16,2018-01-18,Sienna,37142.91,6.06,Completed
313884,9,2018-01-14,Tacoma,21289.07,4.4,Completed
313885,4,2018-01-04,Highlander,34013.79,3.81,Completed
313886,2,2018-01-23,RAV4,25511.18,4.0,Completed
313887,5,2018-01-27,Highlander,36673.41,5.34,Completed
313888,10,2018-01-29,Tundra,27837.45,4.88,Completed
313889,11,2018-01-31,RAV4,22947.39,4.16,Completed
313890,14,2018-01-29,Tundra,38463.95,5.1,Completed
313891,16,2018-01-02,Highlander,47103.58,6.06,Completed
313892,9,2018-01-04,Prius,15923.87,4.4,Completed
313893,6,2018-01-01,Camry,19950.43,3.86,Completed
313894,7,2018-01-28,Tundra,39113.42,5.39,Completed
313895,5,2018-01-13,Highlander,37831.25,5.34,Completed
313896,19,2018-01-08,Tundra,30919.33,5.48,Completed
313897,12,2018-01-18,Highlander,45254.98,5.65,Completed
313898,20,2018-01-10,Corolla,19096.88,5.77,Completed
313899,6,2018-01-16,Prius,15522.4,3.86,Completed
313900,17,2018-01-18,Corolla,15020.25,4.51,Completed
313901,19,2018-01-05,Tundra,30804.39,5.48,Completed
313902,16,2018-01-06,Tundra,38659.51,6.06,Completed
313903,12,2018-01-16,Camry,28787.29,5.65,Completed
313904,3,2018-01-12,Highlander,49653.08,5.69,Completed
313905,20,2018-01-04,Highlander,50239.21,5.77,Completed
313906,5,2018-01-07,Corolla,17465.53,5.34,Completed
313907,18,2018-01-03,Highlander,50676.35,5.68,Completed
313908,6,2018-01-15,Highlander,35889.04,3.86,Completed
313909,18,2018-01-21,RAV4,37236.4,5.68,Completed
313910,11,2018-01-24,Tacoma,23988.11,4.16,Completed
313911,4,2018-01-19,Camry,17898.52,3.81,Completed
313912,16,2018-01-27,Corolla,21607.26,6.06,Completed
313913,17,2018-01-17,RAV4,22127.68,4.51,Completed
313914,12,2018-01-15,Sienna,35934.82,5.65,Completed
313915,18,2018-01-26,Tacoma,35238.22,5.68,Completed
313916,6,2018-01-11,Corolla,13988.41,3.86,Completed
313917,17,2018-01-05,Highlander,30783.31,4.51,Completed
313918,4,2018-01-04,Sienna,26448.53,3.81,Completed
313919,11,2018-01-07,Highlander,31565.7,4.16,Completed
313920,8,2018-01-02,Tundra,40038.82,5.84,Cancelled
313921,20,2018-01-12,RAV4,34429.16,5.77,Completed
313922,17,2018-01-19,Tacoma,20572.9,4.51,Completed
313923,15,2018-01-14,Highlander,42857.8,4.86,Completed
313924,6,2018-01-24,RAV4,25203.6,3.86,Completed
313925,14,2018-01-01,Tacoma,31615.0,5.1,Completed
313926,13,2018-01-14,Highlander,45381.64,5.61,Completed
313927,10,2018-01-21,Prius,17188.16,4.88,Completed
313928,20,2018-01-28,Highlander,47565.64,5.77,Completed
313929,12,2018-01-30,Prius,24443.35,5.65,Completed
313930,1,2018-01-14,Camry,21912.62,5.24,Completed
313931,14,2018-01-23,Tacoma,32074.37,5.1,Completed
313932,5,2018-01-13,Corolla,18015.7,5.34,Completed
313933,19,2018-01-30,Prius,21803.88,5.48,Completed
313934,5,2018-01-15,RAV4,27170.86,5.34,Completed
313935,19,2018-01-31,Tundra,35371.99,5.48,Completed
313936,19,2018-01-10,RAV4,27677.46,5.48,Completed
313937,14,2018-01-02,Camry,25702.75,5.1,Completed
313938,16,2018-01-28,Tacoma,31179.67,6.06,Completed
313939,16,2018-01-18,RAV4,33703.14,6.06,Completed
313940,14,2018-01-31,RAV4,34934.87,5.1,Completed
313941,15,2018-01-04,Prius,23436.81,4.86,Completed
313942,20,2018-01-12,Tundra,34977.93,5.77,Completed
313943,11,2018-01-01,Prius,18770.23,4.16,Completed
313944,10,2018-01-01,Highlander,36415.25,4.88,Completed
313945,11,2018-01-21,Camry,20655.61,4.16,Completed
313946,7,2018-01-03,Corolla,21605.02,5.39,Completed
313947,16,2018-01-09,RAV4,31155.93,6.06,Completed
313948,4,2018-01-15,Corolla,13420.31,3.81,Completed
313949,3,2018-01-08,Camry,29161.94,5.69,Completed
313950,2,2018-01-02,Highlander,35101.19,4.0,Completed
313951,2,2018-01-01,Highlander,37684.71,4.0,Completed
313952,15,2018-01-08,RAV4,30102.68,4.86,Completed
313953,9,2018-01-30,Camry,20667.41,4.4,Completed
313954,20,2018-01-20,Sienna,36125.27,5.77,Completed
313955,6,2018-01-07,Highlander,33919.52,3.86,Completed
313956,1,2018-01-26,Camry,21713.28,5.24,Completed
313957,6,2018-01-13,Tundra,26004.41,3.86,Completed
313958,3,2018-01-16,Corolla,22641.31,5.69,Completed
313959,6,2018-01-23,Tundra,27234.72,3.86,Completed
313960,6,2018-01-12,Tacoma,20048.37,3.86,Completed
313961,3,2018-01-17,Tacoma,29535.35,5.69,Completed
313962,5,2018-01-28,Corolla,16300.31,5.34,Completed
313963,2,2018-01-02,Highlander,37648.89,4.0,Completed
313964,10,2018-01-23,Tundra,26694.1,4.88,Completed
313965,17,2018-01-19,Prius,15932.5,4.51,Completed
313966,13,2018-01-29,Corolla,21360.67,5.61,Completed
313967,10,2018-01-06,Tacoma,24171.53,4.88,Completed
313968,6,2018-01-22,Highlander,30470.76,3.86,Completed
313969,4,2018-01-12,Sienna,26115.57,3.81,Completed
313970,7,2018-01-05,Tacoma,30493.32,5.39,Completed
313971,17,2018-01-04,Sienna,25440.63,4.51,Completed
313972,17,2018-01-13,Camry,19343.77,4.51,Completed
313973,20,2018-01-11,Sienna,37515.54,5.77,Completed
313974,12,2018-01-01,Camry,29656.43,5.65,Completed
313975,19,2018-01-17,Sienna,32443.23,5.48,Pending
313976,17,2018-01-08,Corolla,14069.68,4.51,Completed
313977,1,2018-01-30,Tacoma,26660.74,5.24,Completed
313978,17,2018-01-23,Camry,19837.59,4.51,Completed
313979,12,2018-01-20,Highlander,48612.13,5.65,Completed
313980,12,2018-01-08,Corolla,20588.08,5.65,Completed
313981,19,2018-01-04,Tacoma,27737.59,5.48,Completed
313982,16,2018-01-02,Tundra,38910.02,6.06,Completed
313983,6,2018-01-31,Camry,20656.14,3.86,Completed
313984,7,2018-01-07,Sienna,39309.83,5.39,Completed
313985,1,2018-01-03,Corolla,18324.97,5.24,Completed
313986,2,2018-01-26,Highlander,32704.91,4.0,Completed
313987,11,2018-01-09,Highlander,35498.61,4.16,Completed
313988,8,2018-01-07,Tacoma,30019.49,5.84,Completed
313989,17,2018-01-16,Camry,18427.63,4.51,Completed
313990,20,2018-01-13,RAV4,35553.25,5.77,Completed
313991,11,2018-01-31,Tundra,28022.74,4.16,Completed
313992,15,2018-01-27,RAV4,30738.04,4.86,Completed
313993,18,2018-01-27,Sienna,41523.35,5.68,Completed
313994,6,2018-01-07,Corolla,14256.78,3.86,Completed
313995,10,2018-01-11,Tundra,29737.1,4.88,Completed
313996,15,2018-01-22,Camry,26388.74,4.86,Completed
313997,18,2018-01-05,Tundra,39243.43,5.68,Completed
313998,6,2018-01-17,Corolla,16247.59,3.86,Completed
313999,20,2018-01-23,Corolla,20921.09,5.77,Completed
314000,2,2018-01-12,Corolla,16839.06,4.0,Cancelled
314001,12,2018-01-30,Corolla,20262.76,5.65,Completed
314002,1,2018-01-24,Camry,25946.58,5.24,Completed
314003,18,2018-01-21,Tacoma,32150.6,5.68,Completed
314004,18,2018-01-06,RAV4,33292.62,5.68,Completed
314005,4,2018-01-23,Sienna,26753.54,3.81,Completed
314006,11,2018-01-23,Sienna,28330.87,4.16,Completed
314007,15,2018-01-14,Corolla,20757.14,4.86,Completed
314008,11,2018-01-25,Tacoma,22933.79,4.16,Completed
314009,15,2018-01-29,Sienna,37486.42,4.86,Completed
314010,17,2018-01-08,RAV4,22407.89,4.51,Completed
314011,6,2018-01-24,Camry,22255.74,3.86,Completed
314012,8,2018-01-28,Corolla,22774.85,5.84,Completed
314013,13,2018-01-30,Tundra,39572.49,5.61,Completed
314014,10,2018-01-04,Highlander,35027.22,4.88,Completed
314015,1,2018-01-20,RAV4,25692.8,5.24,Completed
314016,7,2018-01-19,Camry,27009.26,5.39,Pending
314017,12,2018-01-17,RAV4,33244.09,5.65,Completed
314018,16,2018-01-13,Tundra,35548.06,6.06,Completed
314019,8,2018-01-12,RAV4,32449.45,5.84,Completed
314020,12,2018-01-28,Tacoma,31726.04,5.65,Completed
314021,10,2018-01-11,Tundra,25957.37,4.88,Completed
314022,6,2018-01-16,Corolla,15926.43,3.86,Completed
314023,1,2018-01-19,Highlander,37493.01,5.24,Completed
314024,8,2018-01-09,Corolla,20557.33,5.84,Completed
314025,11,2018-01-22,Camry,22855.24,4.16,Cancelled
314026,19,2018-01-27,Sienna,30898.59,5.48,Completed
314027,5,2018-01-24,Highlander,36210.16,5.34,Completed
314028,5,2018-01-16,Sienna,30983.94,5.34,Completed
314029,12,2018-01-29,Corolla,20692.08,5.65,Completed
314030,11,2018-01-27,RAV4,26217.4,4.16,Completed
314031,20,2018-01-22,RAV4,34427.33,5.77,Completed
314032,19,2018-01-07,Highlander,43967.55,5.48,Completed
314033,15,2018-01-09,Tacoma,33046.24,4.86,Completed
314034,17,2018-01-13,Tacoma,23047.22,4.51,Completed
314035,16,2018-01-22,Prius,22685.38,6.06,Completed
314036,19,2018-01-28,Camry,24140.88,5.48,Completed
314037,20,2018-01-12,Corolla,20849.66,5.77,Completed
314038,9,2018-01-30,Sienna,26561.46,4.4,Completed
314039,17,2018-01-26,Corolla,14752.68,4.51,Completed
314040,17,2018-01-25,Sienna,28224.47,4.51,Completed
314041,6,2018-01-18,RAV4,22208.77,3.86,Completed
314042,1,2018-01-16,Tacoma,27562.8,5.24,Completed
314043,1,2018-01-16,Corolla,18271.2,5.24,Completed
314044,1,2018-01-23,Camry,22442.77,5.24,Completed
314045,15,2018-01-01,Camry,29143.86,4.86,Completed
314046,9,2018-01-12,RAV4,24455.01,4.4,Completed
314047,9,2018-01-06,Highlander,31528.33,4.4,Completed
314048,3,2018-01-14,Highlander,51429.2,5.69,Pending
314049,2,2018-01-27,Sienna,27790.88,4.0,Completed
314050,2,2018-01-31,Highlander,33561.31,4.0,Completed
314051,19,2018-01-05,Tacoma,29608.77,5.48,Completed
314052,12,2018-01-10,Prius,25013.76,5.65,Completed
314053,16,2018-01-21,Sienna,34288.11,6.06,Completed
314054,3,2018-01-08,Corolla,23326.0,5.69,Completed
314055,19,2018-01-17,Corolla,19224.2,5.48,Completed
314056,17,2018-01-24,Prius,15329.55,4.51,Completed
314057,4,2018-01-08,Prius,15929.82,3.81,Completed
314058,14,2018-01-01,Tacoma,31511.51,5.1,Completed
314059,4,2018-01-01,Highlander,31139.22,3.81,Completed
314060,20,2018-01-07,Tundra,36151.64,5.77,Pending
314061,18,2018-01-10,Tacoma,34146.1,5.68,Completed
314062,12,2018-01-10,Tacoma,32929.46,5.65,Completed
314063,2,2018-01-23,Camry,21346.04,4.0,Completed
314064,15,2018-01-19,Corolla,19189.04,4.86,Completed
314065,15,2018-01-17,Corolla,19628.8,4.86,Completed
314066,12,2018-01-09,Sienna,34978.66,5.65,Completed
314067,16,2018-01-11,Sienna,39974.32,6.06,Completed
314068,15,2018-01-30,Tacoma,30363.23,4.86,Completed
314069,13,2018-01-27,Prius,25370.95,5.61,Completed
314070,2,2018-01-15,Tacoma,22830.67,4.0,Completed
314071,14,2018-01-25,Tacoma,30416.58,5.1,Completed
314072,20,2018-01-03,Sienna,34721.6,5.77,Completed
314073,10,2018-01-25,RAV4,27276.92,4.88,Completed
314074,3,2018-01-13,Camry,27235.83,5.69,Cancelled
314075,3,2018-01-31,Camry,32803.91,5.69,Completed
314076,1,2018-01-08,Camry,22757.59,5.24,Completed
314077,13,2018-01-19,Tacoma,30123.8,5.61,Completed
314078,18,2018-01-02,Prius,23316.77,5.68,Completed
314079,2,2018-01-23,Prius,18805.45,4.0,Completed
314080,9,2018-01-12,Corolla,14508.82,4.4,Completed
314081,10,2018-01-08,Prius,17530.17,4.88,Completed
314082,7,2018-01-24,RAV4,35876.59,5.39,Completed
314083,8,2018-01-08,RAV4,30963.73,5.84,Completed
314084,18,2018-01-20,Tundra,36520.61,5.68,Completed
314085,6,2018-01-25,RAV4,21546.05,3.86,Completed
314086,3,2018-01-07,RAV4,32200.1,5.69,Completed
314087,8,2018-01-09,Sienna,36498.82,5.84,Completed
314088,8,2018-01-06,Camry,30624.8,5.84,Completed
314089,13,2018-01-21,Tundra,36695.11,5.61,Completed
314090,19,2018-01-23,Highlander,40556.4,5.48,Completed
314091,2,2018-01-29,Tacoma,25139.97,4.0,Completed
314092,15,2018-01-08,Camry,31207.44,4.86,Completed
314093,19,2018-01-31,RAV4,29735.98,5.48,Completed
314094,9,2018-01-05,Prius,18797.91,4.4,Completed
314095,12,2018-01-07,Sienna,39540.31,5.65,Completed
314096,4,2018-01-30,Camry,21439.25,3.81,Completed
314097,10,2018-01-30,RAV4,24307.73,4.88,Completed
314098,5,2018-01-29,Sienna,32794.1,5.34,Completed
314099,13,2018-01-22,Tundra,36699.15,5.61,Completed
314100,7,2018-01-06,Camry,32146.35,5.39,Completed
314101,20,2018-01-05,Highlander,43471.18,5.77,Completed
314102,9,2018-01-18,Camry,20003.97,4.4,Completed
314103,11,2018-01-05,Camry,22823.01,4.16,Pending
314104,11,2018-01-10,RAV4,25941.95,4.16,Completed
314105,15,2018-01-27,Sienna,39973.89,4.86,Pending
314106,1,2018-01-07,Sienna,29808.65,5.24,Completed
314107,6,2018-01-21,Tacoma,20438.13,3.86,Completed
314108,10,2018-01-25,Highlander,36921.41,4.88,Completed
314109,15,2018-01-10,RAV4,29927.94,4.86,Completed
314110,6,2018-01-07,Camry,20164.47,3.86,Completed
314111,20,2018-01-07,Corolla,22231.77,5.77,Pending
314112,14,2018-01-01,Tundra,37348.27,5.1,Completed
314113,17,2018-01-24,RAV4,25600.61,4.51,Completed
314114,4,2018-01-10,Prius,14914.86,3.81,Pending
314115,9,2018-01-14,Tacoma,20958.31,4.4,Completed
314116,19,2018-01-10,Tacoma,29339.32,5.48,Completed
314117,8,2018-01-20,Prius,22534.77,5.84,Completed
314118,9,2018-01-09,Highlander,35836.51,4.4,Completed
314119,13,2018-01-09,Corolla,23469.36,5.61,Completed
314120,10,2018-01-04,Tundra,30206.77,4.88,Completed
314121,11,2018-01-06,Sienna,25080.31,4.16,Completed
314122,7,2018-01-10,Sienna,33752.86,5.39,Completed
314123,2,2018-01-08,Sienna,29859.46,4.0,Cancelled
314124,9,2018-01-24,Camry,22319.98,4.4,Completed
314125,6,2018-01-23,Highlander,31994.44,3.86,Pending
314126,9,2018-01-26,Prius,17254.49,4.4,Completed
314127,17,2018-01-01,Prius,16814.5,4.51,Completed
314128,11,2018-01-12,Tacoma,22429.25,4.16,Completed
314129,3,2018-01-17,Highlander,52631.6,5.69,Completed
314130,8,2018-01-21,Tacoma,33386.45,5.84,Completed
314131,20,2018-01-29,Camry,29753.54,5.77,Completed
314132,18,2018-01-19,Tacoma,34898.93,5.68,Completed
314133,10,2018-01-26,Camry,23216.14,4.88,Completed
314134,3,2018-01-08,RAV4,36494.06,5.69,Cancelled
314135,10,2018-01-26,Camry,20107.64,4.88,Completed
314136,6,2018-01-24,Prius,16069.42,3.86,Completed
314137,15,2018-01-20,Prius,25145.23,4.86,Completed
314138,12,2018-01-21,Camry,26680.28,5.65,Completed
314139,7,2018-01-22,Sienna,33914.67,5.39,Completed
314140,5,2018-01-13,RAV4,28154.32,5.34,Completed
314141,10,2018-01-10,Tacoma,21216.06,4.88,Completed
314142,10,2018-01-01,Tacoma,21137.79,4.88,Completed
314143,20,2018-01-28,Tundra,35307.21,5.77,Completed
314144,16,2018-01-15,RAV4,32869.99,6.06,Completed
314145,18,2018-01-28,Camry,31592.97,5.68,Completed
314146,9,2018-01-01,Sienna,29030.55,4.4,Completed
314147,16,2018-01-21,Sienna,38412.58,6.06,Completed
314148,8,2018-01-28,Tacoma,31795.74,5.84,Completed
314149,11,2018-01-15,Highlander,36466.21,4.16,Completed
314150,12,2018-01-27,RAV4,31632.54,5.65,Completed
314151,6,2018-01-11,Tundra,24826.84,3.86,Completed
314152,1,2018-01-10,Sienna,33087.73,5.24,Completed
314153,10,2018-01-12,Sienna,29036.97,4.88,Completed
314154,2,2018-01-18,RAV4,24435.1,4.0,Completed
314155,2,2018-01-12,Highlander,36674.69,4.0,Completed
314156,3,2018-01-22,Highlander,50161.54,5.69,Completed
314157,19,2018-01-27,Tundra,29882.54,5.48,Completed
314158,20,2018-01-13,Tacoma,32758.2,5.77,Completed
314159,2,2018-01-25,Tacoma,24352.55,4.0,Completed
314160,18,2018-01-15,Tundra,43484.68,5.68,Cancelled
314161,18,2018-01-09,Tacoma,31574.63,5.68,Completed
314162,5,2018-01-13,RAV4,26337.28,5.34,Pending
314163,9,2018-01-21,RAV4,24817.99,4.4,Completed
314164,7,2018-01-14,RAV4,32716.14,5.39,Pending
314165,13,2018-01-16,Sienna,37707.12,5.61,Completed
314166,9,2018-01-11,Sienna,24917.99,4.4,Completed
314167,11,2018-01-05,Tacoma,24623.52,4.16,Completed
314168,10,2018-01-29,Tundra,27706.93,4.88,Completed
314169,12,2018-01-22,Sienna,39310.33,5.65,Completed
314170,9,2018-01-17,Tundra,28983.33,4.4,Completed
314171,8,2018-01-14,Sienna,38988.06,5.84,Completed
314172,1,2018-01-12,RAV4,29911.04,5.24,Completed
314173,9,2018-01-22,Tundra,24111.24,4.4,Completed
314174,9,2018-01-19,Tundra,27074.54,4.4,Completed
314175,9,2018-01-22,Prius,16923.76,4.4,Completed
314176,7,2018-01-06,RAV4,33250.38,5.39,Completed
314177,8,2018-01-10,RAV4,32323.08,5.84,Completed
314178,3,2018-01-22,Prius,26856.64,5.69,Completed
314179,18,2018-01-01,Camry,31723.37,5.68,Completed
314180,4,2018-01-10,RAV4,21083.29,3.81,Completed
314181,15,2018-01-14,Sienna,34372.55,4.86,Completed
314182,1,2018-01-10,Tundra,31952.78,5.24,Completed
314183,10,2018-01-22,Tundra,27250.78,4.88,Pending
314184,6,2018-01-03,Tundra,26294.67,3.86,Completed
314185,3,2018-01-25,Corolla,20417.38,5.69,Completed
314186,10,2018-01-16,Sienna,27377.28,4.88,Completed
314187,6,2018-01-06,Camry,20507.95,3.86,Completed
314188,18,2018-01-18,Camry,29243.84,5.68,Completed
314189,4,2018-01-22,Corolla,14048.89,3.81,Completed
314190,7,2018-01-29,Camry,28357.79,5.39,Completed
314191,13,2018-01-08,Tundra,36358.45,5.61,Completed
314192,9,2018-01-31,Tundra,24839.98,4.4,Completed
314193,12,2018-01-01,Tundra,36828.23,5.65,Completed
314194,9,2018-01-27,RAV4,22975.16,4.4,Completed
314195,18,2018-01-02,Sienna,41799.14,5.68,Completed
314196,8,2018-01-23,Tacoma,28105.78,5.84,Completed
314197,9,2018-01-06,RAV4,24837.79,4.4,Completed
314198,13,2018-01-22,Sienna,37475.88,5.61,Completed
314199,19,2018-01-19,Tacoma,25384.95,5.48,Completed
314200,12,2018-01-06,Tundra,37712.91,5.65,Completed
314201,10,2018-01-25,Tacoma,23052.08,4.88,Completed
314202,11,2018-01-05,Highlander,36699.48,4.16,Completed
314203,6,2018-01-10,Tacoma,22607.2,3.86,Completed
314204,18,2018-01-26,Corolla,22224.24,5.68,Completed
314205,10,2018-01-09,Prius,18825.44,4.88,Completed
314206,2,2018-01-28,RAV4,27759.71,4.0,Completed
314207,20,2018-01-15,Tundra,34308.78,5.77,Completed
314208,19,2018-01-17,Highlander,38202.19,5.48,Completed
314209,11,2018-01-27,Corolla,16337.6,4.16,Completed
314210,4,2018-01-08,Corolla,15966.91,3.81,Completed
314211,9,2018-01-07,Sienna,28479.84,4.4,Completed
314212,9,2018-01-15,RAV4,21967.08,4.4,Completed
314213,14,2018-01-10,Sienna,37377.48,5.1,Completed
314214,13,2018-01-23,RAV4,37268.98,5.61,Completed
314215,15,2018-01-12,Tundra,33384.67,4.86,Completed
314216,9,2018-01-03,Highlander,35089.4,4.4,Completed
314217,19,2018-01-14,Corolla,17809.3,5.48,Completed
314218,13,2018-01-05,Tacoma,31063.41,5.61,Completed
314219,12,2018-01-12,Tundra,34118.83,5.65,Completed
314220,3,2018-01-15,Tundra,39315.57,5.69,Completed
314221,3,2018-01-08,Highlander,45063.17,5.69,Completed
314222,11,2018-01-26,RAV4,25312.98,4.16,Completed
314223,8,2018-01-21,Tundra,37986.65,5.84,Completed
314224,1,2018-01-04,Highlander,35659.06,5.24,Completed
314225,15,2018-01-18,Prius,25359.5,4.86,Completed
314226,12,2018-01-04,RAV4,30277.62,5.65,Completed
314227,17,2018-01-14,Camry,18316.88,4.51,Completed
314228,7,2018-01-05,Corolla,22291.13,5.39,Completed
314229,17,2018-01-09,Sienna,25736.61,4.51,Completed
314230,17,2018-01-27,RAV4,24668.82,4.51,Completed
314231,17,2018-01-15,Corolla,15591.54,4.51,Completed
314232,2,2018-01-18,Camry,23070.41,4.0,Completed
314233,1,2018-01-22,Highlander,41041.02,5.24,Completed
314234,1,2018-01-04,Camry,24669.89,5.24,Completed
314235,18,2018-01-23,Corolla,22740.73,5.68,Pending
314236,6,2018-01-28,Sienna,25736.23,3.86,Completed
314237,18,2018-01-05,Highlander,50311.7,5.68,Completed
314238,15,2018-01-30,Tundra,36709.06,4.86,Completed
314239,11,2018-01-07,Sienna,28823.42,4.16,Completed
314240,4,2018-01-25,Tacoma,19343.65,3.81,Completed
314241,4,2018-01-03,Corolla,13654.53,3.81,Completed
314242,10,2018-01-02,Tacoma,22736.68,4.88,Completed
314243,18,2018-01-19,Highlander,46263.26,5.68,Completed
314244,14,2018-01-16,Prius,24031.63,5.1,Completed
314245,14,2018-01-04,Prius,21266.55,5.1,Completed
314246,12,2018-01-06,Tacoma,31273.61,5.65,Completed
314247,6,2018-01-05,Highlander,34300.04,3.86,Completed
314248,2,2018-01-24,RAV4,26965.46,4.0,Completed
314249,7,2018-01-07,Sienna,33832.69,5.39,Completed
314250,12,2018-01-31,Prius,23985.15,5.65,Completed
314251,8,2018-01-15,Prius,25012.72,5.84,Completed
314252,20,2018-01-27,Tundra,39714.0,5.77,Completed
314253,20,2018-01-31,Tundra,38668.4,5.77,Pending
314254,16,2018-01-20,Tacoma,29719.3,6.06,Completed
314255,19,2018-01-28,Sienna,31416.85,5.48,Cancelled
314256,10,2018-01-24,Sienna,28098.08,4.88,Completed
314257,15,2018-01-17,Tacoma,32595.03,4.86,Completed
314258,2,2018-01-04,Prius,18172.9,4.0,Completed
314259,15,2018-01-09,Highlander,43126.48,4.86,Completed
314260,10,2018-01-01,Prius,19631.53,4.88,Completed
314261,20,2018-01-02,RAV4,34060.8,5.77,Completed
314262,12,2018-01-25,Camry,28147.79,5.65,Completed
314263,2,2018-01-06,Prius,19857.41,4.0,Completed
314264,6,2018-01-09,RAV4,23006.09,3.86,Completed
314265,12,2018-01-20,Tacoma,28470.5,5.65,Completed
314266,4,2018-01-10,Tacoma,21857.87,3.81,Completed
314267,18,2018-01-27,RAV4,35994.7,5.68,Completed
314268,11,2018-01-18,Tacoma,21569.37,4.16,Completed
314269,7,2018-01-11,Camry,31900.26,5.39,Completed
314270,12,2018-01-30,Sienna,35642.22,5.65,Pending
314271,10,2018-01-11,RAV4,27442.87,4.88,Completed
314272,8,2018-01-14,Prius,23848.55,5.84,Completed
314273,7,2018-01-15,RAV4,35211.58,5.39,Completed
314274,15,2018-01-24,Tundra,36276.84,4.86,Completed
314275,3,2018-01-10,Tacoma,31020.09,5.69,Completed
314276,11,2018-01-23,Tacoma,24592.27,4.16,Completed
314277,8,2018-01-21,Tacoma,32941.71,5.84,Completed
314278,19,2018-01-03,Prius,19048.53,5.48,Completed
314279,19,2018-01-06,Tundra,30861.05,5.48,Completed
314280,1,2018-01-10,Highlander,41311.3,5.24,Completed
314281,10,2018-01-16,Highlander,33072.24,4.88,Completed
314282,5,2018-01-09,Highlander,42569.37,5.34,Completed
314283,2,2018-01-14,Corolla,15428.33,4.0,Cancelled
314284,8,2018-01-28,Sienna,35128.43,5.84,Completed
314285,1,2018-01-17,Camry,24121.28,5.24,Completed
314286,4,2018-01-21,Tacoma,22240.28,3.81,Completed
314287,17,2018-01-25,Sienna,25132.32,4.51,Pending
314288,17,2018-01-01,Corolla,15902.31,4.51,Completed
314289,6,2018-01-22,Tacoma,20998.12,3.86,Completed
314290,2,2018-01-09,Camry,20429.08,4.0,Completed
314291,16,2018-01-27,RAV4,32921.1,6.06,Completed
314292,4,2018-01-03,Sienna,26045.19,3.81,Completed
314293,15,2018-01-23,Highlander,42353.01,4.86,Completed
314294,13,2018-01-31,Corolla,22168.79,5.61,Completed
314295,11,2018-01-31,Corolla,15028.01,4.16,Completed
314296,4,2018-01-24,Sienna,25691.21,3.81,Completed
314297,7,2018-01-26,Tacoma,29885.13,5.39,Cancelled
314298,4,2018-01-25,Corolla,15483.56,3.81,Completed
314299,2,2018-01-12,Tacoma,21602.01,4.0,Completed
314300,2,2018-01-19,RAV4,27716.25,4.0,Completed
314301,7,2018-01-23,Tundra,36394.29,5.39,Completed
314302,4,2018-01-05,RAV4,24950.75,3.81,Completed
314303,16,2018-01-03,Tacoma,32916.28,6.06,Pending
314304,12,2018-01-16,Tacoma,32477.8,5.65,Completed
314305,16,2018-01-27,Sienna,36100.29,6.06,Completed
314306,18,2018-01-09,Prius,24497.92,5.68,Completed
314307,1,2018-01-25,Sienna,29564.14,5.24,Completed
314308,18,2018-01-30,Highlander,49349.73,5.68,Pending
314309,15,2018-01-01,Prius,23492.64,4.86,Completed
314310,10,2018-01-08,Camry,20875.18,4.88,Completed
314311,16,2018-01-30,Tundra,36720.24,6.06,Completed
314312,14,2018-01-18,Highlander,46598.69,5.1,Completed
314313,1,2018-01-07,Tacoma,23708.53,5.24,Completed
314314,15,2018-01-06,Corolla,21787.33,4.86,Completed
314315,16,2018-01-30,Sienna,40598.95,6.06,Completed
314316,14,2018-01-14,Tundra,37201.44,5.1,Completed
314317,5,2018-01-24,Camry,22139.03,5.34,Completed
314318,4,2018-01-31,Tundra,25705.77,3.81,Completed
314319,10,2018-01-24,Tacoma,23246.72,4.88,Pending
314320,8,2018-01-05,Sienna,38401.68,5.84,Completed
314321,15,2018-01-15,Corolla,19469.14,4.86,Completed
314322,9,2018-01-12,Tundra,27199.48,4.4,Completed
314323,10,2018-01-09,Tacoma,22916.31,4.88,Completed
314324,6,2018-01-30,Corolla,15464.67,3.86,Completed
314325,18,2018-01-30,Highlander,48299.05,5.68,Completed
314326,13,2018-01-07,Prius,23863.49,5.61,Completed
314327,10,2018-01-26,Camry,23343.84,4.88,Completed
314328,7,2018-01-31,Sienna,37976.61,5.39,Completed
314329,20,2018-01-21,Camry,28199.63,5.77,Completed
314330,18,2018-01-15,Camry,32925.03,5.68,Completed
314331,18,2018-01-29,Highlander,48813.78,5.68,Completed
314332,18,2018-01-01,Prius,28073.75,5.68,Completed
314333,12,2018-01-13,Prius,25597.58,5.65,Completed
314334,1,2018-01-03,Corolla,18237.46,5.24,Completed
314335,6,2018-01-23,RAV4,22858.5,3.86,Completed
314336,5,2018-01-17,Prius,19056.52,5.34,Completed
314337,8,2018-01-15,Tundra,33543.77,5.84,Completed
314338,3,2018-01-04,Corolla,22170.36,5.69,Completed
314339,1,2018-01-12,Corolla,15969.07,5.24,Completed
314340,18,2018-01-16,Tundra,36235.73,5.68,Completed
314341,15,2018-01-23,Sienna,38410.52,4.86,Completed
314342,11,2018-01-18,Camry,22575.14,4.16,Pending
314343,15,2018-01-04,Corolla,21514.84,4.86,Completed
314344,1,2018-01-22,Camry,25685.08,5.24,Completed
314345,6,2018-01-17,RAV4,25609.16,3.86,Completed
314346,6,2018-01-30,Sienna,24332.03,3.86,Completed
314347,4,2018-01-01,Camry,19480.48,3.81,Completed
314348,2,2018-01-23,RAV4,25761.54,4.0,Completed
314349,4,2018-01-30,Corolla,15021.79,3.81,Completed
314350,11,2018-01-30,Prius,17245.18,4.16,Completed
314351,14,2018-01-09,Corolla,19268.98,5.1,Completed
314352,8,2018-01-23,Camry,30403.26,5.84,Completed
314353,10,2018-01-03,Corolla,16353.9,4.88,Completed
314354,14,2018-01-02,Corolla,19676.39,5.1,Completed
314355,8,2018-01-22,Tundra,37338.7,5.84,Completed
314356,13,2018-01-01,Tacoma,34476.57,5.61,Completed
314357,5,2018-01-09,Highlander,42828.44,5.34,Completed
314358,4,2018-01-09,Prius,14998.86,3.81,Completed
314359,15,2018-01-01,Sienna,38062.8,4.86,Pending
314360,2,2018-01-24,RAV4,28041.16,4.0,Completed
314361,13,2018-01-21,Corolla,20201.68,5.61,Completed
314362,9,2018-01-25,Prius,19100.73,4.4,Completed
314363,18,2018-01-16,Prius,25594.66,5.68,Completed
314364,3,2018-01-14,Corolla,20451.33,5.69,Completed
314365,20,2018-01-25,Camry,28623.91,5.77,Completed
314366,19,2018-01-06,Tacoma,26403.17,5.48,Cancelled
314367,10,2018-01-05,Highlander,35728.18,4.88,Completed
314368,3,2018-01-16,Prius,26113.21,5.69,Completed
314369,9,2018-01-28,Highlander,34007.86,4.4,Completed
314370,5,2018-01-27,Tundra,30694.39,5.34,Completed
314371,14,2018-01-04,Camry,27334.68,5.1,Completed
314372,18,2018-01-25,Corolla,23140.7,5.68,Completed
314373,15,2018-01-17,RAV4,30578.21,4.86,Completed
314374,20,2018-01-20,Tacoma,29038.63,5.77,Completed
314375,10,2018-01-21,Prius,17010.88,4.88,Completed
314376,12,2018-01-14,Corolla,19329.33,5.65,Completed
314377,16,2018-01-05,Camry,31297.66,6.06,Completed
314378,20,2018-01-02,RAV4,36174.09,5.77,Completed
314379,14,2018-01-24,Camry,28653.62,5.1,Pending
314380,19,2018-01-28,Sienna,34826.73,5.48,Completed
314381,3,2018-01-10,Sienna,38808.44,5.69,Completed
314382,13,2018-01-08,Prius,22519.24,5.61,Cancelled
314383,10,2018-01-13,Prius,17585.59,4.88,Completed
314384,12,2018-01-09,Highlander,48654.99,5.65,Completed
314385,16,2018-01-16,Highlander,46478.49,6.06,Completed
314386,11,2018-01-07,Corolla,15065.21,4.16,Completed
314387,4,2018-01-29,Camry,21611.44,3.81,Completed
314388,20,2018-01-19,Tundra,35429.04,5.77,Completed
314389,6,2018-01-08,Prius,15917.75,3.86,Completed
314390,8,2018-01-13,Highlander,50963.35,5.84,Completed
314391,15,2018-01-09,Tacoma,28024.47,4.86,Completed
314392,18,2018-01-02,Tundra,40541.98,5.68,Completed
314393,13,2018-01-23,Tundra,35581.75,5.61,Completed
314394,13,2018-01-29,Camry,29197.69,5.61,Completed
314395,10,2018-01-15,Tacoma,21192.96,4.88,Completed
314396,2,2018-01-16,Tacoma,25335.92,4.0,Completed
314397,7,2018-01-22,Highlander,45153.45,5.39,Completed
314398,10,2018-01-29,Corolla,16348.7,4.88,Completed
314399,14,2018-01-08,Highlander,49141.56,5.1,Completed
314400,12,2018-01-17,RAV4,34378.27,5.65,Completed
314401,14,2018-01-21,Corolla,21161.63,5.1,Completed
314402,16,2018-01-20,Highlander,46594.31,6.06,Completed
314403,10,2018-01-26,Camry,19947.79,4.88,Completed
314404,20,2018-01-06,Tundra,37084.01,5.77,Completed
314405,3,2018-01-31,Tundra,37897.32,5.69,Completed
314406,1,2018-01-24,Corolla,16350.5,5.24,Completed
314407,14,2018-01-30,Highlander,45241.33,5.1,Completed
314408,2,2018-01-03,Tacoma,23570.1,4.0,Completed
314409,10,2018-01-06,Prius,16511.86,4.88,Completed
314410,3,2018-01-29,Camry,27444.25,5.69,Completed
314411,14,2018-01-16,RAV4,35186.83,5.1,Completed
314412,14,2018-01-23,Tacoma,31249.49,5.1,Completed
314413,3,2018-01-13,RAV4,32898.62,5.69,Completed
314414,2,2018-01-31,Corolla,15602.36,4.0,Completed
314415,3,2018-01-16,Tacoma,31505.23,5.69,Completed
314416,3,2018-01-25,Highlander,44908.08,5.69,Completed
314417,16,2018-01-23,Sienna,38724.19,6.06,Completed
314418,13,2018-01-24,Highlander,52534.01,5.61,Completed
314419,4,2018-01-10,Camry,21171.1,3.81,Completed
314420,8,2018-01-10,Sienna,35099.61,5.84,Completed
314421,1,2018-01-22,Highlander,37132.98,5.24,Completed
314422,4,2018-01-24,Corolla,14919.29,3.81,Completed
314423,10,2018-01-06,Tacoma,21607.1,4.88,Completed
314424,9,2018-01-21,Tacoma,21083.91,4.4,Completed
314425,14,2018-01-03,Corolla,19149.33,5.1,Completed
314426,6,2018-01-08,Corolla,14677.06,3.86,Completed
314427,2,2018-01-06,Camry,21603.86,4.0,Completed
314428,15,2018-01-31,Tacoma,28718.6,4.86,Completed
314429,9,2018-01-07,RAV4,25299.94,4.4,Completed
314430,17,2018-01-09,Sienna,25774.16,4.51,Completed
314431,6,2018-01-12,Corolla,16413.94,3.86,Completed
314432,20,2018-01-10,Highlander,49455.44,5.77,Completed
314433,3,2018-01-03,Prius,23099.81,5.69,Completed
314434,12,2018-01-22,Prius,25822.5,5.65,Completed
314435,5,2018-01-17,Corolla,16164.97,5.34,Completed
314436,16,2018-01-14,Corolla,20481.43,6.06,Completed
314437,4,2018-01-19,Prius,17441.11,3.81,Completed
314438,16,2018-01-26,Prius,23555.04,6.06,Completed
314439,1,2018-01-26,Tacoma,25966.5,5.24,Completed
314440,11,2018-01-29,Highlander,37287.71,4.16,Completed
314441,1,2018-01-19,Tacoma,27352.29,5.24,Completed
314442,13,2018-01-12,RAV4,33446.78,5.61,Cancelled
314443,13,2018-01-17,Camry,30602.95,5.61,Completed
314444,19,2018-01-29,Tundra,29966.74,5.48,Completed
314445,4,2018-01-19,RAV4,23880.99,3.81,Completed
314446,14,2018-01-28,RAV4,29043.42,5.1,Completed
314447,20,2018-01-02,Prius,22521.61,5.77,Completed
314448,5,2018-01-18,Prius,19336.88,5.34,Completed
314449,15,2018-01-09,Prius,22784.16,4.86,Completed
314450,19,2018-01-10,Sienna,30802.82,5.48,Completed
314451,16,2018-01-14,Tundra,35942.54,6.06,Completed
314452,19,2018-01-20,Highlander,44758.25,5.48,Completed
314453,3,2018-01-11,Prius,26950.07,5.69,Completed
314454,7,2018-01-20,Prius,23956.9,5.39,Completed
314455,15,2018-01-21,Corolla,22025.16,4.86,Cancelled
314456,8,2018-01-06,Highlander,44144.06,5.84,Completed
314457,11,2018-01-17,RAV4,25423.33,4.16,Completed
314458,2,2018-01-25,Tacoma,24171.33,4.0,Completed
314459,3,2018-01-12,Highlander,47050.78,5.69,Completed
314460,11,2018-01-24,RAV4,25350.92,4.16,Completed
314461,8,2018-01-12,Camry,31388.33,5.84,Completed
314462,13,2018-01-14,RAV4,35194.46,5.61,Completed
314463,9,2018-01-25,Prius,18123.01,4.4,Completed
314464,11,2018-01-30,Camry,19714.65,4.16,Completed
314465,20,2018-01-01,RAV4,35330.54,5.77,Completed
314466,4,2018-01-15,Prius,15509.13,3.81,Completed
314467,5,2018-01-13,Camry,25900.1,5.34,Completed
314468,17,2018-01-08,RAV4,25661.95,4.51,Cancelled
314469,18,2018-01-27,Sienna,42168.04,5.68,Completed
314470,4,2018-01-23,Camry,20658.95,3.81,Pending
314471,7,2018-01-03,Corolla,23014.88,5.39,Completed
314472,4,2018-01-15,Camry,18006.62,3.81,Completed
314473,1,2018-01-04,Highlander,36630.98,5.24,Completed
314474,11,2018-01-15,Tacoma,22293.18,4.16,Pending
314475,2,2018-01-07,Sienna,26345.48,4.0,Completed
314476,6,2018-01-11,Prius,16204.17,3.86,Cancelled
314477,1,2018-01-12,Camry,25920.71,5.24,Completed
314478,13,2018-01-31,Tundra,35880.62,5.61,Completed
314479,16,2018-01-11,Highlander,46984.1,6.06,Completed
314480,20,2018-01-03,Corolla,20592.2,5.77,Completed
314481,6,2018-01-05,Tundra,23817.06,3.86,Completed
314482,14,2018-01-14,RAV4,32628.03,5.1,Completed
314483,11,2018-01-12,Prius,16000.36,4.16,Completed
314484,6,2018-01-24,RAV4,24361.73,3.86,Completed
314485,17,2018-01-06,Tacoma,22514.79,4.51,Completed
314486,19,2018-01-16,Sienna,29588.78,5.48,Completed
314487,16,2018-01-02,Tundra,40521.17,6.06,Completed
314488,20,2018-01-07,Highlander,46436.4,5.77,Completed
314489,8,2018-01-16,Highlander,50948.94,5.84,Completed
314490,11,2018-01-16,Corolla,15421.21,4.16,Completed
314491,10,2018-01-16,Camry,23060.01,4.88,Completed
314492,1,2018-01-23,Highlander,40094.64,5.24,Completed
314493,20,2018-01-23,Highlander,45832.2,5.77,Completed
314494,19,2018-01-31,Sienna,32442.36,5.48,Completed
314495,12,2018-01-26,RAV4,32162.8,5.65,Completed
314496,19,2018-01-20,Camry,23774.96,5.48,Completed
314497,17,2018-01-03,Sienna,28110.83,4.51,Completed
314498,16,2018-01-20,Corolla,23614.37,6.06,Completed
314499,18,2018-01-22,Corolla,20516.81,5.68,Completed
314500,12,2018-01-29,Tacoma,30939.35,5.65,Completed
314501,12,2018-01-25,Tacoma,30053.03,5.65,Completed
314502,16,2018-01-14,Tacoma,31120.36,6.06,Completed
314503,7,2018-01-07,Corolla,21596.02,5.39,Completed
314504,14,2018-01-05,Camry,26197.36,5.1,Completed
314505,15,2018-01-14,Highlander,47486.49,4.86,Completed
314506,11,2018-01-23,Corolla,16492.33,4.16,Completed
314507,13,2018-01-04,Tacoma,33379.89,5.61,Completed
314508,4,2018-01-30,Sienna,26582.98,3.81,Completed
314509,16,2018-01-24,Sienna,35606.58,6.06,Completed
314510,10,2018-01-22,Camry,19953.94,4.88,Completed
314511,15,2018-01-03,Highlander,44879.69,4.86,Completed
314512,16,2018-01-16,Tundra,35113.68,6.06,Completed
314513,18,2018-01-21,Tundra,41742.45,5.68,Completed
314514,1,2018-01-27,Camry,23430.37,5.24,Completed
314515,1,2018-01-13,Tundra,29997.34,5.24,Pending
314516,1,2018-01-11,Tundra,30889.15,5.24,Completed
314517,8,2018-01-01,Sienna,35965.04,5.84,Completed
314518,13,2018-01-05,Camry,31561.71,5.61,Completed
314519,15,2018-01-21,Highlander,48795.02,4.86,Pending
314520,15,2018-01-24,Camry,25989.24,4.86,Completed
314521,16,2018-01-09,Highlander,48321.75,6.06,Completed
314522,18,2018-01-15,Tundra,40437.95,5.68,Completed
314523,1,2018-01-17,Prius,20599.66,5.24,Completed
314524,9,2018-01-10,Tacoma,22646.78,4.4,Completed
314525,11,2018-01-27,Camry,19888.38,4.16,Completed
314526,17,2018-01-07,Highlander,30949.22,4.51,Completed
314527,1,2018-01-10,Tacoma,28506.91,5.24,Completed
314528,13,2018-01-28,Highlander,46114.09,5.61,Completed
314529,19,2018-01-27,Prius,22479.77,5.48,Completed
314530,1,2018-01-10,Tacoma,25140.1,5.24,Completed
314531,2,2018-01-21,Sienna,27568.45,4.0,Pending
314532,17,2018-01-16,Prius,17642.42,4.51,Completed
314533,7,2018-01-27,Sienna,33814.25,5.39,Completed
314534,8,2018-01-19,Highlander,43725.27,5.84,Completed
314535,16,2018-01-07,Tundra,36076.39,6.06,Completed
314536,16,2018-01-14,Tundra,36375.76,6.06,Completed
314537,11,2018-01-14,Highlander,37013.08,4.16,Completed
314538,11,2018-01-30,Camry,22879.81,4.16,Completed
314539,2,2018-01-15,Tacoma,24761.65,4.0,Completed
314540,4,2018-01-14,Corolla,13714.7,3.81,Completed
314541,14,2018-01-24,RAV4,32113.52,5.1,Pending
314542,5,2018-01-11,Tacoma,27130.18,5.34,Completed
314543,6,2018-01-09,Highlander,35134.76,3.86,Completed
314544,10,2018-01-07,Camry,19803.08,4.88,Completed
314545,1,2018-01-18,Camry,22691.63,5.24,Completed
314546,4,2018-01-28,Highlander,32890.23,3.81,Completed
314547,12,2018-01-25,Prius,24808.9,5.65,Completed
314548,18,2018-01-05,Camry,31518.96,5.68,Completed
314549,10,2018-01-21,Tacoma,23074.06,4.88,Completed
314550,18,2018-01-15,Corolla,24471.56,5.68,Completed
314551,8,2018-01-09,Sienna,39840.74,5.84,Completed
314552,5,2018-01-31,Prius,20411.19,5.34,Completed
314553,20,2018-01-17,Highlander,51452.46,5.77,Completed
314554,13,2018-01-20,Camry,29452.23,5.61,Completed
314555,12,2018-01-12,Prius,25929.07,5.65,Completed
314556,16,2018-01-29,Highlander,49568.14,6.06,Completed
314557,9,2018-01-16,Sienna,25384.71,4.4,Completed
314558,9,2018-01-06,Tacoma,21151.72,4.4,Completed
314559,17,2018-01-12,Corolla,14562.19,4.51,Completed
314560,13,2018-01-03,Tundra,42015.19,5.61,Completed
314561,12,2018-01-05,Tacoma,31153.55,5.65,Completed
314562,18,2018-01-30,Corolla,21024.18,5.68,Completed
314563,5,2018-01-08,RAV4,25799.96,5.34,Completed
314564,20,2018-01-20,Tacoma,29550.52,5.77,Completed
314565,12,2018-01-08,Camry,30211.93,5.65,Completed
314566,11,2018-01-03,Camry,21793.53,4.16,Completed
314567,5,2018-01-29,Camry,24800.1,5.34,Completed
314568,8,2018-01-02,Prius,25398.24,5.84,Completed
314569,9,2018-01-01,Tundra,27817.28,4.4,Completed
314570,5,2018-01-30,Tundra,30473.62,5.34,Completed
314571,17,2018-01-14,Camry,20140.99,4.51,Completed
314572,11,2018-01-18,Tacoma,21345.28,4.16,Completed
314573,15,2018-01-20,RAV4,33029.36,4.86,Completed
314574,8,2018-01-27,Camry,28030.42,5.84,Completed
314575,8,2018-01-06,RAV4,32334.21,5.84,Completed
314576,8,2018-01-27,Highlander,49760.56,5.84,Completed
314577,16,2018-01-07,Prius,24315.84,6.06,Completed
314578,8,2018-01-30,Tundra,38304.43,5.84,Completed
314579,7,2018-01-06,Prius,26335.91,5.39,Completed
314580,17,2018-01-26,RAV4,22728.98,4.51,Completed
314581,13,2018-01-07,Highlander,47521.22,5.61,Completed
314582,1,2018-01-01,Corolla,17089.5,5.24,Completed
314583,16,2018-01-27,Tundra,37207.08,6.06,Completed
314584,8,2018-01-28,Camry,31053.48,5.84,Completed
314585,15,2018-01-24,RAV4,30933.05,4.86,Pending
314586,18,2018-01-28,Tacoma,32239.38,5.68,Completed
314587,19,2018-01-05,Corolla,16623.28,5.48,Completed
314588,1,2018-01-22,Camry,23811.56,5.24,Completed
314589,5,2018-01-31,Tundra,30154.93,5.34,Completed
314590,13,2018-01-26,Camry,27196.21,5.61,Completed
314591,20,2018-01-16,RAV4,33415.15,5.77,Completed
314592,5,2018-01-27,Highlander,38127.24,5.34,Completed
314593,5,2018-01-18,Tundra,33985.5,5.34,Completed
314594,14,2018-01-14,Tacoma,26819.7,5.1,Completed
314595,3,2018-01-16,RAV4,33051.64,5.69,Completed
314596,19,2018-01-16,RAV4,31185.1,5.48,Completed
314597,9,2018-01-25,RAV4,25138.36,4.4,Completed
314598,7,2018-01-19,Corolla,21865.83,5.39,Completed
314599,19,2018-01-21,Highlander,37412.8,5.48,Completed
314600,17,2018-01-06,Highlander,34556.77,4.51,Completed
314601,7,2018-01-09,Tacoma,33488.9,5.39,Completed
314602,11,2018-01-19,Tundra,24861.76,4.16,Completed
314603,11,2018-01-14,RAV4,26465.0,4.16,Completed
314604,16,2018-01-04,Corolla,23129.92,6.06,Completed
314605,16,2018-01-21,Sienna,35144.4,6.06,Completed
314606,14,2018-01-11,Highlander,40854.59,5.1,Completed
314607,3,2018-01-28,Corolla,20092.9,5.69,Completed
314608,14,2018-01-10,Camry,25965.44,5.1,Completed
314609,12,2018-01-03,RAV4,31490.7,5.65,Completed
314610,16,2018-01-14,RAV4,33849.93,6.06,Completed
314611,11,2018-01-28,Prius,18712.72,4.16,Completed
314612,18,2018-01-12,Camry,32865.18,5.68,Completed
314613,16,2018-01-12,RAV4,35701.4,6.06,Completed
314614,17,2018-01-24,Prius,17336.02,4.51,Cancelled
314615,6,2018-01-27,Tundra,24051.97,3.86,Completed
314616,3,2018-01-23,Highlander,44052.6,5.69,Completed
314617,17,2018-01-30,Sienna,25143.83,4.51,Completed
314618,16,2018-01-05,Sienna,41164.88,6.06,Completed
314619,7,2018-01-18,Highlander,50233.81,5.39,Completed
314620,6,2018-01-16,Tacoma,23825.5,3.86,Completed
314621,17,2018-01-22,Prius,18086.73,4.51,Completed
314622,14,2018-01-08,Highlander,44007.05,5.1,Completed
314623,19,2018-01-23,RAV4,26613.61,5.48,Completed
314624,15,2018-01-19,Highlander,48928.45,4.86,Pending
314625,6,2018-01-25,RAV4,21828.91,3.86,Pending
314626,14,2018-01-22,RAV4,30235.33,5.1,Completed
314627,16,2018-01-11,RAV4,32028.98,6.06,Completed
314628,6,2018-01-03,Camry,19062.78,3.86,Completed
314629,2,2018-01-28,Tundra,27101.67,4.0,Completed
314630,15,2018-01-09,Tundra,36679.87,4.86,Completed
314631,15,2018-01-10,Tundra,33408.42,4.86,Completed
314632,10,2018-01-20,Corolla,15046.57,4.88,Completed
314633,3,2018-01-26,Highlander,50374.62,5.69,Completed
314634,7,2018-01-06,Corolla,19557.02,5.39,Pending
314635,20,2018-01-20,Tundra,39950.32,5.77,Completed
314636,19,2018-01-23,Prius,20586.81,5.48,Completed
314637,2,2018-01-27,Highlander,34508.42,4.0,Completed
314638,9,2018-01-24,RAV4,24883.67,4.4,Completed
314639,8,2018-01-04,RAV4,34454.87,5.84,Completed
314640,14,2018-01-09,Prius,23673.56,5.1,Completed
314641,16,2018-01-29,Tacoma,34164.94,6.06,Completed
314642,2,2018-01-12,RAV4,23273.02,4.0,Completed
314643,11,2018-01-06,RAV4,22510.5,4.16,Completed
314644,18,2018-01-09,RAV4,39626.53,5.68,Completed
314645,3,2018-01-03,Corolla,19932.73,5.69,Completed
314646,6,2018-01-13,Tacoma,23653.83,3.86,Completed
314647,9,2018-01-15,Tundra,28142.92,4.4,Completed
314648,7,2018-01-11,Corolla,22444.49,5.39,Completed
314649,17,2018-01-06,Highlander,32500.25,4.51,Completed
314650,5,2018-01-05,Camry,25885.16,5.34,Completed
314651,7,2018-01-20,Prius,23477.29,5.39,Completed
314652,6,2018-01-09,Tacoma,23775.5,3.86,Cancelled
314653,8,2018-01-24,Sienna,38412.6,5.84,Completed
314654,1,2018-01-14,RAV4,29537.16,5.24,Completed
314655,13,2018-01-21,Camry,31019.61,5.61,Completed
314656,1,2018-01-28,Highlander,41864.07,5.24,Completed
314657,12,2018-01-19,RAV4,36437.57,5.65,Completed
314658,13,2018-01-29,Corolla,23689.01,5.61,Completed
314659,14,2018-01-26,RAV4,29373.36,5.1,Completed
314660,20,2018-01-25,Corolla,22488.17,5.77,Completed
314661,10,2018-01-13,Sienna,27752.65,4.88,Completed
314662,11,2018-01-18,Sienna,26067.34,4.16,Completed
314663,17,2018-01-28,Highlander,31248.1,4.51,Completed
314664,8,2018-01-05,RAV4,34310.29,5.84,Completed
314665,8,2018-01-16,Prius,22635.08,5.84,Completed
314666,1,2018-01-10,Tundra,29151.62,5.24,Completed
314667,12,2018-01-31,Prius,21740.95,5.65,Completed
314668,14,2018-01-12,RAV4,34263.21,5.1,Completed
314669,20,2018-01-22,RAV4,37157.76,5.77,Completed
314670,16,2018-01-20,Sienna,40350.66,6.06,Completed
314671,1,2018-01-08,Tundra,31921.15,5.24,Completed
314672,1,2018-01-24,Corolla,16347.16,5.24,Completed
314673,9,2018-01-29,Tacoma,24357.02,4.4,Completed
314674,2,2018-01-21,Tacoma,25428.66,4.0,Completed
314675,5,2018-01-28,Sienna,33940.88,5.34,Completed
314676,10,2018-01-05,Prius,16749.5,4.88,Completed
314677,20,2018-01-23,RAV4,36621.58,5.77,Completed
314678,16,2018-01-12,Prius,24371.61,6.06,Completed
314679,3,2018-01-11,Tundra,36196.12,5.69,Completed
314680,3,2018-01-18,Corolla,20038.7,5.69,Completed
314681,9,2018-01-02,Camry,20890.32,4.4,Completed
314682,7,2018-01-29,Camry,30124.82,5.39,Completed
314683,2,2018-01-22,Highlander,36268.31,4.0,Completed
314684,19,2018-01-08,Highlander,41464.57,5.48,Completed
314685,12,2018-01-02,Camry,26433.11,5.65,Completed
314686,15,2018-01-28,Corolla,19111.1,4.86,Completed
314687,2,2018-01-18,Highlander,36976.93,4.0,Completed
314688,8,2018-01-17,Camry,28010.09,5.84,Completed
314689,8,2018-01-26,Corolla,22309.74,5.84,Completed
314690,11,2018-01-30,Camry,20576.4,4.16,Completed
314691,4,2018-01-13,Highlander,30751.8,3.81,Completed
314692,11,2018-01-14,Tundra,24714.66,4.16,Completed
314693,1,2018-01-08,Tundra,31801.45,5.24,Completed
314694,12,2018-01-29,Tacoma,30519.34,5.65,Pending
314695,9,2018-01-19,RAV4,25773.63,4.4,Completed
314696,3,2018-01-04,Sienna,38390.45,5.69,Completed
314697,12,2018-01-14,Tundra,33007.21,5.65,Completed
314698,6,2018-01-23,Prius,18444.36,3.86,Completed
314699,18,2018-01-23,Camry,31842.17,5.68,Completed
314700,4,2018-01-16,Highlander,32551.96,3.81,Completed
314701,9,2018-01-20,Sienna,27023.98,4.4,Completed
314702,13,2018-01-03,Corolla,21173.43,5.61,Completed
314703,5,2018-01-01,Camry,24808.68,5.34,Completed
314704,7,2018-01-03,Prius,22140.4,5.39,Completed
314705,17,2018-01-13,Prius,17015.98,4.51,Completed
314706,19,2018-01-30,Prius,22747.99,5.48,Completed
314707,9,2018-01-14,Prius,16659.29,4.4,Completed
314708,18,2018-01-24,Prius,26189.83,5.68,Completed
314709,2,2018-01-07,Highlander,32542.37,4.0,Completed
314710,4,2018-01-18,Corolla,14614.37,3.81,Completed
314711,9,2018-01-07,Prius,17236.2,4.4,Completed
314712,19,2018-01-20,Tacoma,25762.27,5.48,Completed
314713,17,2018-01-11,Tundra,25229.97,4.51,Completed
314714,1,2018-01-19,Highlander,40958.55,5.24,Completed
314715,3,2018-01-31,Prius,24672.44,5.69,Completed
314716,17,2018-01-18,Highlander,34197.05,4.51,Completed
314717,5,2018-01-04,RAV4,29769.65,5.34,Completed
314718,10,2018-01-05,Camry,21623.57,4.88,Completed
314719,18,2018-01-28,Tacoma,34454.06,5.68,Completed
314720,12,2018-01-13,Prius,21620.93,5.65,Completed
314721,17,2018-01-30,Prius,15947.67,4.51,Completed
314722,19,2018-01-17,Camry,23369.65,5.48,Completed
314723,13,2018-01-20,Prius,24867.89,5.61,Completed
314724,7,2018-01-05,Prius,22857.69,5.39,Completed
314725,14,2018-01-18,RAV4,34917.07,5.1,Completed
314726,15,2018-01-29,Tacoma,33099.98,4.86,Completed
314727,17,2018-01-24,Tundra,27908.51,4.51,Completed
314728,6,2018-01-24,Highlander,36594.06,3.86,Completed
314729,5,2018-01-31,Tacoma,24749.45,5.34,Completed
314730,6,2018-01-22,Tundra,24319.07,3.86,Completed
314731,6,2018-01-01,RAV4,26015.01,3.86,Completed
314732,19,2018-01-16,Tundra,29077.03,5.48,Completed
314733,5,2018-01-29,Tacoma,26857.57,5.34,Completed
314734,19,2018-01-31,Tundra,34079.41,5.48,Completed
314735,18,2018-01-15,Highlander,55397.53,5.68,Completed
314736,18,2018-01-12,Tundra,38108.13,5.68,Cancelled
314737,13,2018-01-04,Tundra,39104.86,5.61,Completed
314738,20,2018-01-13,RAV4,34842.4,5.77,Completed
314739,11,2018-01-07,Sienna,27016.59,4.16,Completed
314740,18,2018-01-20,Sienna,41762.79,5.68,Completed
314741,9,2018-01-20,Sienna,24330.98,4.4,Completed
314742,1,2018-01-29,Highlander,37382.23,5.24,Completed
314743,10,2018-01-22,Prius,16998.47,4.88,Completed
314744,2,2018-01-26,Corolla,16008.01,4.0,Completed
314745,1,2018-01-09,RAV4,28475.48,5.24,Completed
314746,3,2018-01-23,Prius,25818.98,5.69,Completed
314747,3,2018-01-06,Tacoma,29537.98,5.69,Completed
314748,11,2018-01-30,RAV4,22953.47,4.16,Completed
314749,14,2018-01-24,Prius,24958.08,5.1,Completed
314750,8,2018-01-28,Highlander,48616.85,5.84,Completed
314751,12,2018-01-22,Camry,29451.55,5.65,Completed
314752,19,2018-01-25,Tundra,29133.91,5.48,Completed
314753,17,2018-01-02,Prius,17477.49,4.51,Completed
314754,9,2018-01-13,Prius,18445.48,4.4,Completed
314755,11,2018-01-31,Sienna,24674.23,4.16,Completed
314756,10,2018-01-20,Corolla,14939.79,4.88,Completed
314757,1,2018-01-02,Highlander,37981.7,5.24,Completed
314758,15,2018-01-19,Camry,29538.47,4.86,Completed
314759,19,2018-01-04,Corolla,20130.18,5.48,Completed
314760,13,2018-01-12,Camry,33005.92,5.61,Completed
314761,14,2018-01-30,Corolla,20885.31,5.1,Completed
314762,15,2018-01-09,Prius,25359.39,4.86,Completed
314763,11,2018-01-23,Highlander,33898.81,4.16,Completed
314764,20,2018-01-12,Corolla,19394.82,5.77,Completed
314765,12,2018-01-12,Highlander,48885.65,5.65,Completed
314766,5,2018-01-05,Highlander,36562.97,5.34,Completed
314767,7,2018-01-11,Camry,29813.93,5.39,Completed
314768,2,2018-01-27,Camry,21192.79,4.0,Completed
314769,1,2018-01-18,Camry,21962.4,5.24,Completed
314770,3,2018-01-04,Camry,30218.14,5.69,Completed
314771,3,2018-01-11,Tacoma,32636.77,5.69,Completed
314772,15,2018-01-22,Highlander,45802.88,4.86,Completed
314773,7,2018-01-21,Camry,30078.16,5.39,Completed
314774,7,2018-01-16,RAV4,34041.72,5.39,Completed
314775,2,2018-01-23,Camry,23871.48,4.0,Completed
314776,3,2018-01-17,Prius,27362.26,5.69,Completed
314777,12,2018-01-06,Camry,26156.84,5.65,Completed
314778,12,2018-01-20,Camry,25780.96,5.65,Completed
314779,10,2018-01-21,Tacoma,24394.97,4.88,Completed
314780,3,2018-01-15,Corolla,20484.13,5.69,Pending
314781,19,2018-01-20,Tundra,31222.28,5.48,Completed
314782,7,2018-01-07,Tundra,39306.8,5.39,Completed
314783,11,2018-01-03,RAV4,25658.46,4.16,Completed
314784,20,2018-01-27,Tacoma,33989.89,5.77,Completed
314785,19,2018-01-03,Prius,22341.76,5.48,Completed
314786,15,2018-01-01,Camry,26126.34,4.86,Completed
314787,5,2018-01-19,Highlander,43226.8,5.34,Completed
314788,7,2018-01-03,Tacoma,30765.53,5.39,Completed
314789,17,2018-01-27,Tundra,24203.85,4.51,Completed
314790,20,2018-01-19,Highlander,51394.25,5.77,Completed
314791,2,2018-01-03,Tacoma,24413.07,4.0,Completed
314792,8,2018-01-16,Corolla,19033.76,5.84,Completed
314793,6,2018-01-12,Corolla,13626.78,3.86,Completed
314794,3,2018-01-02,Tundra,39881.13,5.69,Completed
314795,8,2018-01-29,Prius,21702.16,5.84,Completed
314796,10,2018-01-25,Tacoma,21163.03,4.88,Completed
314797,18,2018-01-17,Highlander,50623.44,5.68,Completed
314798,11,2018-01-23,Camry,18960.06,4.16,Completed
314799,9,2018-01-30,Highlander,31648.32,4.4,Completed
314800,2,2018-01-19,Tacoma,21907.92,4.0,Completed
314801,2,2018-01-04,Camry,23561.6,4.0,Completed
314802,1,2018-01-17,Sienna,31914.36,5.24,Completed
314803,4,2018-01-25,Sienna,24556.56,3.81,Completed
314804,5,2018-01-13,Tundra,28251.41,5.34,Completed
314805,18,2018-01-15,Highlander,54702.28,5.68,Completed
314806,3,2018-01-27,Tacoma,33274.75,5.69,Completed
314807,16,2018-01-09,Tundra,40305.16,6.06,Completed
314808,17,2018-01-06,Sienna,25831.0,4.51,Completed
314809,5,2018-01-28,Highlander,38272.81,5.34,Completed
314810,14,2018-01-02,RAV4,31626.37,5.1,Completed
314811,4,2018-01-21,Tacoma,23347.78,3.81,Completed
314812,6,2018-01-26,Camry,21827.41,3.86,Completed
314813,13,2018-01-25,Tacoma,31515.93,5.61,Completed
314814,1,2018-01-25,RAV4,29236.51,5.24,Completed
314815,4,2018-01-02,Camry,20259.23,3.81,Completed
314816,14,2018-01-10,Tundra,36519.69,5.1,Completed
314817,5,2018-01-31,Tundra,30748.52,5.34,Completed
314818,14,2018-01-26,Corolla,20602.65,5.1,Completed
314819,9,2018-01-30,Sienna,25840.33,4.4,Completed
314820,13,2018-01-14,RAV4,35217.8,5.61,Completed
314821,20,2018-01-23,Camry,28558.68,5.77,Completed
314822,2,2018-01-01,RAV4,23646.38,4.0,Completed
314823,3,2018-01-27,RAV4,36354.84,5.69,Completed
314824,20,2018-01-18,Corolla,20536.6,5.77,Completed
314825,13,2018-01-06,RAV4,31961.98,5.61,Completed
314826,20,2018-01-18,Prius,23936.23,5.77,Completed
314827,8,2018-01-20,Sienna,34779.38,5.84,Completed
314828,11,2018-01-01,Prius,17489.75,4.16,Completed
314829,17,2018-01-23,Highlander,30826.37,4.51,Completed
314830,12,2018-01-14,Sienna,35858.61,5.65,Completed
314831,12,2018-01-10,RAV4,35909.0,5.65,Completed
314832,20,2018-01-11,Prius,23523.46,5.77,Completed
314833,15,2018-01-06,Tundra,35437.27,4.86,Completed
314834,13,2018-01-23,Camry,31024.42,5.61,Completed
314835,20,2018-01-09,RAV4,31947.96,5.77,Completed
314836,5,2018-01-14,Corolla,18748.11,5.34,Completed
314837,5,2018-01-08,Corolla,16431.34,5.34,Completed
314838,13,2018-01-22,Corolla,20700.05,5.61,Completed
314839,6,2018-01-14,Sienna,24909.59,3.86,Completed
314840,19,2018-01-19,RAV4,29499.75,5.48,Completed
314841,10,2018-01-23,Corolla,17165.24,4.88,Completed
314842,6,2018-01-22,RAV4,22519.92,3.86,Completed
314843,8,2018-01-02,RAV4,34496.71,5.84,Completed
314844,15,2018-01-06,Prius,23978.62,4.86,Completed
314845,3,2018-01-23,Prius,25417.35,5.69,Completed
314846,3,2018-01-28,Sienna,41900.36,5.69,Completed
314847,20,2018-01-30,Corolla,19818.75,5.77,Completed
314848,1,2018-01-31,Tacoma,25031.19,5.24,Completed
314849,12,2018-01-19,Corolla,18861.89,5.65,Completed
314850,9,2018-01-31,Prius,17957.16,4.4,Completed
314851,20,2018-01-09,RAV4,32289.5,5.77,Completed
314852,1,2018-01-31,Camry,25233.49,5.24,Completed
314853,2,2018-01-06,Sienna,30018.12,4.0,Completed
314854,10,2018-01-24,Tacoma,21724.66,4.88,Completed
314855,12,2018-01-22,Tacoma,33292.23,5.65,Completed
314856,18,2018-01-04,Sienna,36483.11,5.68,Completed
314857,18,2018-01-22,Sienna,39958.15,5.68,Completed
314858,20,2018-01-21,Prius,26070.4,5.77,Completed
314859,13,2018-01-17,Corolla,21453.27,5.61,Completed
314860,8,2018-01-26,Corolla,19010.15,5.84,Completed
314861,16,2018-01-18,Prius,24860.41,6.06,Completed
314862,17,2018-01-17,Tundra,27892.53,4.51,Completed
314863,17,2018-01-09,Tundra,23791.34,4.51,Completed
314864,2,2018-01-20,Corolla,17358.12,4.0,Completed
314865,3,2018-01-13,RAV4,31860.36,5.69,Completed
314866,9,2018-01-12,RAV4,23437.57,4.4,Completed
314867,2,2018-01-17,Prius,17352.22,4.0,Completed
314868,14,2018-01-25,Sienna,35400.79,5.1,Completed
314869,12,2018-01-18,Prius,25128.21,5.65,Completed
314870,17,2018-01-27,Highlander,30528.93,4.51,Completed
314871,16,2018-01-24,Camry,26940.69,6.06,Completed
314872,15,2018-01-04,Camry,26694.66,4.86,Completed
314873,5,2018-01-26,Camry,25728.45,5.34,Completed
314874,15,2018-01-14,Sienna,36772.54,4.86,Completed
314875,15,2018-01-11,Corolla,19049.71,4.86,Completed
314876,1,2018-01-04,Highlander,41008.51,5.24,Completed
314877,1,2018-01-09,Tundra,28675.59,5.24,Cancelled
314878,1,2018-01-23,Tacoma,24269.83,5.24,Completed
314879,12,2018-01-27,Corolla,19789.88,5.65,Completed
314880,7,2018-01-13,Corolla,21585.54,5.39,Completed
314881,7,2018-01-05,Sienna,39738.63,5.39,Completed
314882,9,2018-01-03,Camry,20195.57,4.4,Completed
314883,11,2018-01-02,RAV4,22736.83,4.16,Completed
314884,6,2018-01-29,Camry,19367.45,3.86,Completed
314885,10,2018-01-10,Tundra,26209.21,4.88,Completed
314886,20,2018-01-29,Corolla,22153.17,5.77,Completed
314887,4,2018-01-21,Tacoma,21822.76,3.81,Completed
314888,14,2018-01-09,Tacoma,28106.07,5.1,Completed
314889,11,2018-01-08,Tundra,27125.15,4.16,Completed
314890,12,2018-01-21,Camry,26147.73,5.65,Completed
314891,8,2018-01-23,Sienna,39677.13,5.84,Completed
314892,16,2018-01-05,RAV4,33082.26,6.06,Completed
314893,13,2018-01-10,RAV4,33884.01,5.61,Completed
314894,1,2018-01-08,RAV4,26281.11,5.24,Completed
314895,8,2018-01-10,Corolla,21930.21,5.84,Completed
314896,9,2018-01-17,RAV4,25920.52,4.4,Completed
314897,13,2018-01-05,Highlander,44553.21,5.61,Completed
314898,12,2018-01-10,Corolla,19586.17,5.65,Completed
314899,12,2018-01-25,Tundra,35665.28,5.65,Completed
314900,9,2018-01-24,Sienna,25290.74,4.4,Completed
314901,19,2018-01-11,Tacoma,27271.8,5.48,Completed
314902,15,2018-01-02,Prius,24311.06,4.86,Completed
314903,14,2018-01-16,Tundra,32621.65,5.1,Completed
314904,10,2018-01-21,Corolla,14416.26,4.88,Completed
314905,20,2018-01-14,Tacoma,29388.05,5.77,Completed
314906,6,2018-01-19,Tacoma,21407.83,3.86,Completed
314907,13,2018-01-26,Prius,26842.08,5.61,Completed
314908,4,2018-01-23,Prius,17367.18,3.81,Completed
314909,20,2018-01-04,Corolla,19328.58,5.77,Completed
314910,1,2018-01-16,Corolla,17642.24,5.24,Completed
314911,18,2018-01-29,Corolla,23362.07,5.68,Completed
314912,9,2018-01-11,Tundra,28197.62,4.4,Completed
314913,18,2018-01-28,Corolla,23456.93,5.68,Completed
314914,18,2018-01-23,Tundra,42834.28,5.68,Completed
314915,17,2018-01-28,RAV4,21530.56,4.51,Completed
314916,14,2018-01-23,RAV4,31616.1,5.1,Completed
314917,3,2018-01-17,RAV4,37540.01,5.69,Completed
314918,12,2018-01-09,Prius,22274.47,5.65,Completed
314919,16,2018-01-31,Prius,24777.67,6.06,Completed
314920,15,2018-01-30,Sienna,36166.3,4.86,Completed
314921,11,2018-01-27,Sienna,25528.85,4.16,Completed
314922,17,2018-01-24,Corolla,13465.87,4.51,Completed
314923,11,2018-01-20,Corolla,15499.34,4.16,Completed
314924,4,2018-01-05,Tundra,27321.17,3.81,Completed
314925,8,2018-01-02,Camry,27276.72,5.84,Completed
314926,5,2018-01-20,Prius,18794.89,5.34,Completed
314927,5,2018-01-23,Prius,20315.12,5.34,Completed
314928,9,2018-01-19,Prius,17102.57,4.4,Completed
314929,16,2018-01-02,RAV4,34915.32,6.06,Completed
314930,9,2018-01-01,Sienna,24688.13,4.4,Completed
314931,6,2018-01-08,Camry,18606.7,3.86,Completed
314932,18,2018-01-14,Highlander,52799.83,5.68,Completed
314933,5,2018-01-04,Camry,25159.49,5.34,Completed
314934,9,2018-01-05,Prius,17893.69,4.4,Completed
314935,20,2018-01-23,RAV4,30548.38,5.77,Completed
314936,10,2018-01-17,Highlander,33946.55,4.88,Completed
314937,11,2018-01-18,Corolla,16126.6,4.16,Completed
314938,7,2018-01-04,RAV4,34879.62,5.39,Completed
314939,14,2018-01-04,Tacoma,31392.78,5.1,Completed
314940,17,2018-01-22,Tacoma,22058.62,4.51,Completed
314941,5,2018-01-03,Highlander,39884.28,5.34,Completed
314942,15,2018-01-05,RAV4,30094.26,4.86,Cancelled
314943,6,2018-01-22,RAV4,23468.36,3.86,Completed
314944,12,2018-01-05,RAV4,30339.63,5.65,Pending
314945,18,2018-01-29,Corolla,21876.43,5.68,Completed
314946,10,2018-01-28,Prius,16990.77,4.88,Completed
314947,9,2018-01-08,Highlander,32823.35,4.4,Completed
314948,16,2018-01-19,RAV4,37211.34,6.06,Completed
314949,7,2018-01-29,Highlander,47766.53,5.39,Completed
314950,18,2018-01-15,Corolla,21211.56,5.68,Completed
314951,20,2018-01-01,Camry,28776.95,5.77,Completed
314952,7,2018-01-03,Tundra,37244.15,5.39,Completed
314953,5,2018-01-13,Tacoma,24292.62,5.34,Completed
314954,17,2018-01-04,Sienna,25095.13,4.51,Completed
314955,10,2018-01-01,Camry,23129.66,4.88,Completed
314956,5,2018-01-16,RAV4,26734.12,5.34,Completed
314957,1,2018-01-18,Prius,21344.31,5.24,Completed
314958,2,2018-01-12,Sienna,25984.65,4.0,Completed
314959,3,2018-01-16,Camry,30982.35,5.69,Completed
314960,14,2018-01-10,Highlander,46440.72,5.1,Completed
314961,2,2018-01-11,Camry,20689.53,4.0,Completed
314962,15,2018-01-25,Sienna,36105.34,4.86,Completed
314963,8,2018-01-04,Corolla,20496.69,5.84,Completed
314964,20,2018-01-20,Tundra,38948.42,5.77,Completed
314965,3,2018-01-28,Corolla,20638.17,5.69,Completed
314966,5,2018-01-21,Camry,26721.37,5.34,Completed
314967,8,2018-01-03,Corolla,20408.81,5.84,Completed
314968,13,2018-01-18,Tundra,37439.05,5.61,Completed
314969,4,2018-01-09,Tacoma,19580.09,3.81,Pending
314970,18,2018-01-12,Sienna,39644.97,5.68,Completed
314971,4,2018-01-14,RAV4,22517.5,3.81,Completed
314972,1,2018-01-10,Corolla,16507.45,5.24,Completed
314973,17,2018-01-20,Prius,16635.19,4.51,Completed
314974,18,2018-01-06,Sienna,41645.81,5.68,Completed
314975,9,2018-01-18,Prius,17237.61,4.4,Completed
314976,17,2018-01-16,Highlander,32294.85,4.51,Completed
314977,15,2018-01-12,Sienna,39573.86,4.86,Completed
314978,10,2018-01-09,RAV4,23835.08,4.88,Cancelled
314979,19,2018-01-23,Highlander,42032.78,5.48,Completed
314980,3,2018-01-09,Prius,24518.13,5.69,Cancelled
314981,12,2018-01-03,Tundra,33760.89,5.65,Completed
314982,14,2018-01-16,Tundra,36848.03,5.1,Completed
314983,12,2018-01-23,Tacoma,30326.14,5.65,Completed
314984,1,2018-01-07,Sienna,30841.25,5.24,Completed
314985,8,2018-01-07,Camry,27218.78,5.84,Completed
314986,6,2018-01-21,Tundra,24666.68,3.86,Completed
314987,17,2018-01-29,Sienna,26042.37,4.51,Completed
314988,16,2018-01-10,Tacoma,29433.1,6.06,Completed
314989,16,2018-01-13,Corolla,20169.56,6.06,Completed
314990,9,2018-01-24,Tacoma,24710.27,4.4,Pending
314991,12,2018-01-10,Sienna,35090.95,5.65,Completed
314992,11,2018-01-14,Camry,19523.82,4.16,Completed
314993,8,2018-01-16,Camry,30128.97,5.84,Completed
314994,11,2018-01-31,RAV4,23342.86,4.16,Completed
314995,20,2018-01-11,Tacoma,28113.83,5.77,Completed
314996,13,2018-01-13,Highlander,51966.52,5.61,Completed
314997,13,2018-01-20,Highlander,53323.74,5.61,Pending
314998,6,2018-01-16,Sienna,26978.88,3.86,Completed
314999,18,2018-01-08,RAV4,38053.15,5.68,Completed
315000,17,2018-01-07,Tundra,24632.71,4.51,Completed
315001,9,2018-01-06,Tundra,29084.65,4.4,Completed
315002,9,2018-01-03,Tundra,27246.55,4.4,Completed
315003,11,2018-01-30,Sienna,25068.8,4.16,Completed
315004,15,2018-01-21,Tacoma,29179.64,4.86,Completed
315005,17,2018-01-17,Sienna,25692.67,4.51,Completed
315006,4,2018-01-01,Camry,21498.8,3.81,Completed
315007,12,2018-01-06,Tundra,39833.75,5.65,Completed
315008,9,2018-01-20,Corolla,14094.68,4.4,Completed
315009,10,2018-01-21,Camry,20371.12,4.88,Completed
315010,18,2018-01-12,RAV4,34736.18,5.68,Completed
315011,11,2018-01-24,Corolla,15618.78,4.16,Completed
315012,6,2018-01-02,Camry,21122.57,3.86,Completed
315013,9,2018-01-21,Corolla,16655.43,4.4,Completed
315014,14,2018-01-19,Sienna,36256.23,5.1,Completed
315015,17,2018-01-15,Highlander,31800.75,4.51,Completed
315016,9,2018-01-09,Camry,19383.36,4.4,Completed
315017,7,2018-01-03,RAV4,36992.81,5.39,Completed
315018,20,2018-01-13,Camry,26504.76,5.77,Completed
315019,17,2018-01-26,Camry,18924.11,4.51,Completed
315020,20,2018-01-14,Corolla,22630.5,5.77,Completed
315021,18,2018-01-13,RAV4,35964.78,5.68,Completed
315022,10,2018-01-12,RAV4,25907.36,4.88,Completed
315023,14,2018-01-21,RAV4,30914.98,5.1,Completed
315024,15,2018-01-19,Corolla,21349.05,4.86,Completed
315025,14,2018-01-30,Tundra,36993.04,5.1,Completed
315026,5,2018-01-21,RAV4,27684.06,5.34,Completed
315027,19,2018-01-02,Highlander,44336.13,5.48,Completed
315028,3,2018-01-01,Tacoma,32582.02,5.69,Completed
315029,6,2018-01-08,Corolla,15322.45,3.86,Completed
315030,16,2018-01-24,Corolla,21864.46,6.06,Completed
315031,2,2018-01-16,Tacoma,22350.02,4.0,Completed
315032,6,2018-01-10,Corolla,14196.17,3.86,Completed
315033,17,2018-01-14,Prius,16262.54,4.51,Completed
315034,4,2018-01-02,Corolla,14603.16,3.81,Completed
315035,12,2018-01-25,Sienna,35127.36,5.65,Completed
315036,3,2018-01-10,RAV4,34808.06,5.69,Completed
315037,8,2018-01-22,Tacoma,29632.92,5.84,Completed
315038,5,2018-01-22,Camry,25292.54,5.34,Completed
315039,18,2018-01-18,Tundra,41942.72,5.68,Completed
315040,3,2018-01-31,Tundra,34873.49,5.69,Completed
315041,6,2018-01-26,Tundra,27120.03,3.86,Completed
315042,1,2018-01-23,RAV4,25844.69,5.24,Completed
315043,2,2018-01-10,Highlander,39218.25,4.0,Completed
315044,16,2018-01-01,RAV4,36026.18,6.06,Completed
315045,11,2018-01-17,Tundra,27843.37,4.16,Completed
315046,11,2018-01-06,Prius,17588.05,4.16,Completed
315047,5,2018-01-12,Sienna,32448.88,5.34,Completed
315048,15,2018-01-15,Highlander,42910.42,4.86,Completed
315049,1,2018-01-27,Tacoma,26605.34,5.24,Completed
315050,5,2018-01-24,Sienna,30310.14,5.34,Completed
315051,19,2018-01-06,Corolla,19217.11,5.48,Completed
315052,8,2018-01-19,Tacoma,32301.32,5.84,Completed
315053,16,2018-01-11,RAV4,35604.02,6.06,Completed
315054,8,2018-01-02,Corolla,20774.99,5.84,Completed
315055,16,2018-01-31,Tacoma,33613.54,6.06,Pending
315056,5,2018-01-12,Highlander,40692.52,5.34,Completed
315057,17,2018-01-06,Sienna,27207.67,4.51,Completed
315058,18,2018-01-09,Highlander,46895.01,5.68,Completed
315059,10,2018-01-27,Camry,21367.63,4.88,Completed
315060,5,2018-01-13,Tundra,29637.16,5.34,Completed
315061,3,2018-01-20,Sienna,39563.63,5.69,Completed
315062,20,2018-01-26,Tacoma,32392.38,5.77,Completed
315063,13,2018-01-21,Corolla,23994.49,5.61,Completed
315064,17,2018-01-12,RAV4,24981.88,4.51,Completed
315065,2,2018-01-11,RAV4,24431.11,4.0,Completed
315066,5,2018-01-27,Corolla,16301.55,5.34,Completed
315067,9,2018-01-26,Corolla,15468.34,4.4,Completed
315068,12,2018-01-19,Tundra,34517.8,5.65,Completed
315069,20,2018-01-11,Prius,24078.41,5.77,Completed
315070,7,2018-01-02,Camry,28751.8,5.39,Completed
315071,10,2018-01-16,Tacoma,25530.08,4.88,Completed
315072,13,2018-01-01,Camry,28162.8,5.61,Completed
315073,10,2018-01-23,Prius,17064.41,4.88,Completed
315074,18,2018-01-28,Corolla,23235.93,5.68,Completed
315075,4,2018-01-13,RAV4,22249.7,3.81,Completed
315076,18,2018-01-15,Tundra,41205.4,5.68,Completed
315077,9,2018-01-09,Corolla,16694.09,4.4,Completed
315078,11,2018-01-07,Corolla,15861.62,4.16,Completed
315079,11,2018-01-01,Highlander,33906.53,4.16,Completed
315080,18,2018-01-24,Tacoma,34032.87,5.68,Completed
315081,19,2018-01-18,Camry,25342.68,5.48,Completed
315082,7,2018-01-06,RAV4,32527.19,5.39,Completed
315083,6,2018-01-25,Sienna,25795.66,3.86,Completed
315084,13,2018-01-22,Highlander,49480.55,5.61,Completed
315085,12,2018-01-25,Corolla,19924.73,5.65,Completed
315086,12,2018-01-28,Highlander,48225.63,5.65,Completed
315087,3,2018-01-31,Tundra,40984.19,5.69,Completed
315088,3,2018-01-12,Camry,31452.05,5.69,Completed
315089,10,2018-01-29,Highlander,33747.93,4.88,Completed
315090,14,2018-01-29,Camry,26930.4,5.1,Completed
315091,17,2018-01-13,Tundra,24402.37,4.51,Completed
315092,18,2018-01-16,Sienna,39464.84,5.68,Completed
315093,17,2018-01-06,Sienna,24354.16,4.51,Completed
315094,2,2018-01-09,Corolla,17524.61,4.0,Completed
315095,16,2018-01-04,Tacoma,31206.38,6.06,Completed
315096,8,2018-01-13,Highlander,42762.29,5.84,Completed
315097,2,2018-01-07,RAV4,24677.61,4.0,Completed
315098,8,2018-01-23,Tacoma,28512.01,5.84,Completed
315099,19,2018-01-19,Corolla,17947.99,5.48,Completed
315100,11,2018-01-07,Prius,18773.16,4.16,Cancelled
315101,5,2018-01-17,Highlander,39231.18,5.34,Completed
315102,7,2018-01-04,RAV4,32081.29,5.39,Completed
315103,5,2018-01-16,Camry,24567.56,5.34,Completed
315104,5,2018-01-30,Sienna,32767.35,5.34,Completed
315105,3,2018-01-27,RAV4,37757.18,5.69,Completed
315106,13,2018-01-19,Tacoma,30188.09,5.61,Completed
315107,10,2018-01-03,RAV4,25121.19,4.88,Completed
315108,19,2018-01-23,Highlander,42590.76,5.48,Completed
315109,6,2018-01-20,Corolla,13460.97,3.86,Completed
315110,16,2018-01-16,Corolla,21007.04,6.06,Completed
315111,16,2018-01-21,Camry,31728.42,6.06,Completed
315112,19,2018-01-28,Sienna,32911.56,5.48,Completed
315113,8,2018-01-16,Tacoma,32717.0,5.84,Completed
315114,9,2018-01-16,Corolla,16569.48,4.4,Completed
315115,1,2018-01-09,Corolla,18683.0,5.24,Completed
315116,5,2018-01-12,Corolla,17768.44,5.34,Completed
315117,2,2018-01-15,Sienna,25655.09,4.0,Completed
315118,6,2018-01-09,Tacoma,19955.98,3.86,Completed
315119,9,2018-01-13,Sienna,28739.43,4.4,Completed
315120,5,2018-01-20,Corolla,16929.78,5.34,Completed
315121,19,2018-01-04,Highlander,37020.3,5.48,Completed
315122,10,2018-01-21,Highlander,32026.23,4.88,Completed
315123,17,2018-01-01,Prius,15777.52,4.51,Completed
315124,2,2018-01-05,Sienna,28655.01,4.0,Completed
315125,12,2018-01-16,Corolla,22432.14,5.65,Completed
315126,8,2018-01-20,Highlander,44950.63,5.84,Completed
315127,5,2018-01-24,Camry,24205.63,5.34,Completed
315128,8,2018-01-05,Camry,30343.31,5.84,Completed
315129,1,2018-01-03,Highlander,40931.29,5.24,Pending
315130,12,2018-01-01,Tacoma,27824.41,5.65,Completed
315131,16,2018-01-10,RAV4,33178.61,6.06,Completed
315132,5,2018-01-14,Camry,22506.78,5.34,Completed
315133,12,2018-01-22,RAV4,34941.88,5.65,Completed
315134,3,2018-01-20,Camry,28645.41,5.69,Completed
315135,4,2018-01-20,Tacoma,22001.48,3.81,Completed
315136,20,2018-01-14,Sienna,38151.95,5.77,Completed
315137,17,2018-01-01,Tundra,27301.66,4.51,Completed
315138,10,2018-01-04,Tacoma,23980.35,4.88,Completed
315139,5,2018-01-17,Tacoma,26686.77,5.34,Completed
315140,17,2018-01-02,RAV4,22730.92,4.51,Completed
315141,14,2018-01-17,Highlander,42604.11,5.1,Completed
315142,5,2018-01-01,RAV4,29283.16,5.34,Completed
315143,10,2018-01-19,Prius,19055.4,4.88,Completed
315144,11,2018-01-27,Tundra,24408.48,4.16,Completed
315145,15,2018-01-02,Tacoma,28606.41,4.86,Completed
315146,12,2018-01-22,Prius,24080.46,5.65,Completed
315147,18,2018-01-26,Camry,28528.23,5.68,Completed
315148,12,2018-01-13,Highlander,42784.33,5.65,Completed
315149,20,2018-01-30,Tundra,34523.09,5.77,Completed
315150,10,2018-01-10,Sienna,26469.35,4.88,Completed
315151,2,2018-01-28,Tacoma,22674.65,4.0,Completed
315152,7,2018-01-25,Tundra,35765.32,5.39,Completed
315153,9,2018-01-04,Sienna,25797.89,4.4,Completed
315154,12,2018-01-22,Corolla,20268.5,5.65,Completed
315155,8,2018-01-03,Corolla,20455.79,5.84,Completed
315156,20,2018-01-06,RAV4,36000.51,5.77,Completed
315157,2,2018-01-19,Camry,20812.15,4.0,Completed
315158,16,2018-01-11,Corolla,22150.24,6.06,Completed
315159,5,2018-01-01,Sienna,28979.58,5.34,Completed
315160,18,2018-01-12,Tacoma,36107.78,5.68,Completed
315161,9,2018-01-04,Tundra,25648.3,4.4,Completed
315162,16,2018-01-24,Tundra,37825.85,6.06,Completed
315163,11,2018-01-21,Tundra,25350.23,4.16,Completed
315164,11,2018-01-04,Sienna,26532.01,4.16,Completed
315165,3,2018-01-13,Tundra,35253.95,5.69,Completed
315166,18,2018-01-12,Prius,24797.26,5.68,Completed
315167,8,2018-01-21,Prius,22946.51,5.84,Completed
315168,8,2018-01-19,Highlander,47280.67,5.84,Completed
315169,11,2018-01-29,Prius,16156.79,4.16,Completed
315170,16,2018-01-02,Camry,29976.04,6.06,Completed
315171,13,2018-01-07,Camry,30688.88,5.61,Completed
315172,12,2018-01-03,Camry,27551.13,5.65,Completed
315173,18,2018-01-07,Corolla,20840.39,5.68,Completed
315174,20,2018-01-30,Tundra,35772.36,5.77,Completed
315175,14,2018-01-23,Corolla,20354.83,5.1,Completed
315176,19,2018-01-19,RAV4,31686.83,5.48,Completed
315177,16,2018-01-29,Tundra,35048.6,6.06,Completed
315178,12,2018-01-25,Prius,23692.75,5.65,Completed
315179,4,2018-01-14,Highlander,29243.92,3.81,Pending
315180,8,2018-01-29,Tundra,35553.39,5.84,Completed
315181,10,2018-01-31,RAV4,25628.73,4.88,Completed
315182,19,2018-01-30,Sienna,29749.57,5.48,Completed
315183,3,2018-01-14,Sienna,34762.87,5.69,Completed
315184,11,2018-01-18,Highlander,36960.34,4.16,Completed
315185,4,2018-01-29,Tundra,27977.89,3.81,Completed
315186,20,2018-01-12,Corolla,23103.36,5.77,Completed
315187,4,2018-01-01,Tacoma,22836.18,3.81,Completed
315188,1,2018-01-17,Corolla,19377.92,5.24,Completed
315189,17,2018-01-31,Highlander,31677.56,4.51,Completed
315190,2,2018-01-11,RAV4,25173.38,4.0,Completed
315191,1,2018-01-28,Highlander,41739.24,5.24,Completed
315192,5,2018-01-06,Corolla,17765.09,5.34,Completed
315193,16,2018-01-29,Tundra,37342.52,6.06,Completed
315194,1,2018-01-17,Prius,21703.28,5.24,Completed
315195,13,2018-01-13,Tacoma,32919.59,5.61,Completed
315196,6,2018-01-23,Sienna,27076.42,3.86,Completed
315197,3,2018-01-05,Tacoma,31445.96,5.69,Completed
315198,9,2018-01-02,Tundra,29000.33,4.4,Completed
315199,10,2018-01-14,Corolla,15459.42,4.88,Completed
315200,8,2018-01-12,Sienna,35482.58,5.84,Completed
315201,8,2018-01-24,Prius,23317.5,5.84,Pending
315202,19,2018-01-03,Tacoma,27398.82,5.48,Completed
315203,13,2018-01-12,Prius,27215.16,5.61,Completed
315204,7,2018-01-07,Tundra,33787.7,5.39,Completed
315205,13,2018-01-28,RAV4,35053.86,5.61,Completed
315206,2,2018-01-30,Highlander,34982.32,4.0,Completed
315207,17,2018-01-08,Sienna,23505.33,4.51,Completed
315208,13,2018-01-27,Camry,29768.47,5.61,Completed
315209,9,2018-01-31,Camry,20991.68,4.4,Completed
315210,12,2018-01-19,Prius,21726.93,5.65,Completed
315211,4,2018-01-20,Camry,20313.73,3.81,Completed
315212,9,2018-01-11,Sienna,25183.19,4.4,Completed
315213,6,2018-01-24,Tundra,24075.19,3.86,Completed
315214,7,2018-01-11,RAV4,33615.39,5.39,Completed
315215,16,2018-01-07,Prius,22826.33,6.06,Completed
315216,16,2018-01-11,Prius,23912.3,6.06,Pending
315217,1,2018-01-17,Camry,23432.85,5.24,Completed
315218,13,2018-01-04,Camry,28102.48,5.61,Completed
315219,19,2018-01-29,Camry,24747.9,5.48,Completed
315220,2,2018-01-15,Prius,18139.11,4.0,Completed
315221,5,2018-01-11,Tundra,31160.79,5.34,Completed
315222,17,2018-01-15,Sienna,27282.89,4.51,Completed
315223,5,2018-01-25,RAV4,29368.03,5.34,Pending
315224,16,2018-01-13,Sienna,38540.69,6.06,Completed
315225,6,2018-01-01,Prius,18477.83,3.86,Completed
315226,9,2018-01-08,Prius,18463.59,4.4,Completed
315227,13,2018-01-01,Corolla,21707.65,5.61,Completed
315228,13,2018-01-15,Highlander,50625.18,5.61,Completed
315229,4,2018-01-13,Camry,21746.74,3.81,Completed
315230,1,2018-01-16,Tacoma,25388.47,5.24,Completed
315231,13,2018-01-23,Tundra,36820.73,5.61,Completed
315232,17,2018-01-30,Sienna,25605.24,4.51,Completed
315233,9,2018-01-18,Highlander,36497.38,4.4,Completed
315234,8,2018-01-10,Tundra,33607.85,5.84,Completed
315235,11,2018-01-13,Tacoma,23430.51,4.16,Completed
315236,13,2018-01-14,Highlander,45826.41,5.61,Completed
315237,14,2018-01-07,Tacoma,31083.33,5.1,Completed
315238,3,2018-01-25,Tacoma,31756.86,5.69,Completed
315239,11,2018-01-17,Camry,21747.97,4.16,Completed
315240,4,2018-01-14,Corolla,15050.14,3.81,Completed
315241,18,2018-01-09,Sienna,41690.57,5.68,Completed
315242,7,2018-01-17,RAV4,30874.15,5.39,Completed
315243,3,2018-01-09,Corolla,23194.16,5.69,Completed
315244,4,2018-01-04,Tacoma,20896.66,3.81,Cancelled
315245,1,2018-01-09,Sienna,28749.61,5.24,Completed
315246,2,2018-01-21,RAV4,23909.3,4.0,Completed
315247,16,2018-01-17,Highlander,50466.74,6.06,Completed
315248,11,2018-01-13,Corolla,14449.43,4.16,Completed
315249,15,2018-01-24,Highlander,45834.38,4.86,Completed
315250,14,2018-01-30,Prius,20772.14,5.1,Completed
315251,14,2018-01-22,Tacoma,28542.31,5.1,Completed
315252,12,2018-01-12,Camry,25730.36,5.65,Completed
315253,7,2018-01-31,Tundra,34432.81,5.39,Completed
315254,20,2018-01-03,RAV4,36437.92,5.77,Completed
315255,2,2018-01-21,RAV4,23971.42,4.0,Completed
315256,2,2018-01-23,Sienna,30938.73,4.0,Pending
315257,5,2018-01-11,RAV4,29504.19,5.34,Completed
315258,10,2018-01-16,RAV4,26604.53,4.88,Completed
315259,4,2018-01-23,Tundra,27307.44,3.81,Completed
315260,15,2018-01-28,Prius,24821.77,4.86,Completed
315261,10,2018-01-19,Tundra,24980.2,4.88,Completed
315262,2,2018-01-31,RAV4,25642.75,4.0,Completed
315263,11,2018-01-31,Tacoma,24679.01,4.16,Completed
315264,15,2018-01-07,Tacoma,33298.94,4.86,Completed
315265,19,2018-01-18,Highlander,40751.62,5.48,Cancelled
315266,4,2018-01-18,Highlander,32173.61,3.81,Completed
315267,9,2018-01-30,Tacoma,21235.45,4.4,Completed
315268,1,2018-01-07,RAV4,26783.4,5.24,Completed
315269,8,2018-01-23,Prius,24461.72,5.84,Completed
315270,15,2018-01-20,Tundra,37458.63,4.86,Completed
315271,5,2018-01-28,Corolla,17615.06,5.34,Completed
315272,4,2018-01-29,RAV4,25152.35,3.81,Completed
315273,10,2018-01-13,Tacoma,22738.86,4.88,Completed
315274,18,2018-01-29,Tacoma,35036.32,5.68,Completed
315275,20,2018-01-10,Corolla,22162.95,5.77,Completed
315276,1,2018-01-13,Highlander,35782.82,5.24,Completed
315277,2,2018-01-01,Prius,16616.51,4.0,Completed
315278,15,2018-01-07,RAV4,34851.54,4.86,Completed
315279,14,2018-01-27,Tacoma,29516.46,5.1,Completed
315280,11,2018-01-09,Camry,20943.24,4.16,Completed
315281,20,2018-01-31,Tacoma,29672.04,5.77,Completed
315282,2,2018-01-02,Highlander,37536.91,4.0,Completed
315283,15,2018-01-13,RAV4,32806.48,4.86,Completed
315284,14,2018-01-11,Sienna,34841.83,5.1,Completed
315285,16,2018-01-27,Sienna,39321.4,6.06,Completed
315286,17,2018-01-27,Sienna,23800.58,4.51,Completed
315287,5,2018-01-30,RAV4,26263.84,5.34,Completed
315288,16,2018-01-11,Highlander,50441.79,6.06,Completed
315289,8,2018-01-11,Tacoma,28169.11,5.84,Completed
315290,3,2018-01-06,Prius,26510.55,5.69,Completed
315291,8,2018-01-22,RAV4,31207.45,5.84,Completed
315292,1,2018-01-05,Sienna,31451.56,5.24,Completed
315293,10,2018-01-17,Highlander,36913.77,4.88,Completed
315294,6,2018-01-29,Tundra,25099.25,3.86,Completed
315295,13,2018-01-27,Highlander,50053.19,5.61,Completed
315296,19,2018-01-05,Prius,21606.67,5.48,Completed
315297,10,2018-01-20,Tundra,26527.53,4.88,Completed
315298,2,2018-01-04,Sienna,25589.01,4.0,Completed
315299,7,2018-01-16,RAV4,36700.74,5.39,Completed
315300,10,2018-01-02,Tacoma,23749.46,4.88,Completed
315301,15,2018-01-03,RAV4,31765.88,4.86,Completed
315302,8,2018-01-12,Highlander,42985.42,5.84,Completed
315303,19,2018-01-31,Tacoma,26066.57,5.48,Completed
315304,16,2018-01-10,Sienna,36367.64,6.06,Completed
315305,9,2018-01-26,Camry,22627.39,4.4,Cancelled
315306,7,2018-01-29,RAV4,32684.45,5.39,Completed
315307,5,2018-01-23,Highlander,36611.49,5.34,Completed
315308,7,2018-01-20,Highlander,47924.91,5.39,Completed
315309,15,2018-01-20,Tundra,37507.47,4.86,Completed
315310,13,2018-01-07,Sienna,37166.67,5.61,Completed
315311,7,2018-01-09,Tundra,34231.21,5.39,Completed
315312,1,2018-01-15,Highlander,39770.09,5.24,Completed
315313,13,2018-01-18,RAV4,38240.03,5.61,Completed
315314,18,2018-01-04,Tundra,37364.44,5.68,Pending
315315,19,2018-01-27,Corolla,18183.74,5.48,Completed
315316,1,2018-01-03,Camry,23509.44,5.24,Completed
315317,3,2018-01-01,Corolla,21838.23,5.69,Completed
315318,6,2018-01-10,Tacoma,20032.36,3.86,Completed
315319,12,2018-01-23,Sienna,35138.65,5.65,Completed
315320,4,2018-01-23,Camry,19287.22,3.81,Completed
315321,5,2018-01-16,Sienna,30447.46,5.34,Pending
315322,4,2018-01-03,Prius,17520.95,3.81,Completed
315323,20,2018-01-19,Corolla,22388.38,5.77,Completed
315324,12,2018-01-13,Sienna,36944.6,5.65,Completed
315325,19,2018-01-24,Tundra,29802.0,5.48,Completed
315326,10,2018-01-09,Tacoma,24013.03,4.88,Completed
315327,14,2018-01-29,Sienna,36276.87,5.1,Completed
315328,10,2018-01-30,RAV4,23766.94,4.88,Completed
315329,9,2018-01-15,Prius,17780.94,4.4,Completed
315330,11,2018-01-19,Tundra,27071.28,4.16,Completed
315331,2,2018-01-28,Prius,19476.88,4.0,Completed
315332,16,2018-01-31,Corolla,20170.66,6.06,Completed
315333,19,2018-01-21,Sienna,34283.95,5.48,Completed
315334,1,2018-01-15,Corolla,16527.95,5.24,Completed
315335,10,2018-01-17,Sienna,26841.02,4.88,Completed
315336,6,2018-01-29,Corolla,14089.7,3.86,Completed
315337,3,2018-01-30,Tacoma,33434.72,5.69,Completed
315338,5,2018-01-07,RAV4,30493.23,5.34,Completed
315339,4,2018-01-27,Tacoma,22890.53,3.81,Completed
315340,18,2018-01-10,Corolla,21509.09,5.68,Completed
315341,18,2018-01-27,Highlander,55406.3,5.68,Completed
315342,15,2018-01-03,RAV4,30858.7,4.86,Completed
315343,17,2018-01-07,Prius,17250.63,4.51,Completed
315344,13,2018-01-15,Prius,26902.36,5.61,Completed
315345,13,2018-01-30,RAV4,33952.92,5.61,Completed
315346,17,2018-01-26,Highlander,34038.18,4.51,Completed
315347,9,2018-01-25,Highlander,33345.08,4.4,Completed
315348,15,2018-01-22,Corolla,22583.85,4.86,Pending
315349,4,2018-01-05,Sienna,24886.16,3.81,Completed
315350,11,2018-01-04,Sienna,27064.04,4.16,Completed
315351,18,2018-01-13,Highlander,51722.31,5.68,Completed
315352,12,2018-01-28,Camry,28052.61,5.65,Completed
315353,11,2018-01-01,Corolla,16712.4,4.16,Pending
315354,10,2018-01-07,Corolla,15420.95,4.88,Completed
315355,1,2018-01-01,RAV4,29010.17,5.24,Cancelled
315356,5,2018-01-09,Prius,20845.25,5.34,Cancelled
315357,10,2018-01-14,Tacoma,21960.1,4.88,Completed
315358,16,2018-01-15,Tundra,34459.81,6.06,Completed
315359,11,2018-01-16,Camry,21524.47,4.16,Completed
315360,17,2018-01-05,RAV4,25099.68,4.51,Completed
315361,1,2018-01-18,Tacoma,27066.38,5.24,Completed
315362,16,2018-01-17,Sienna,37453.0,6.06,Completed
315363,14,2018-01-17,RAV4,33147.55,5.1,Completed
315364,5,2018-01-16,Tundra,30496.84,5.34,Completed
315365,16,2018-01-08,Corolla,21399.64,6.06,Completed
315366,12,2018-01-08,Camry,30648.81,5.65,Completed
315367,14,2018-01-01,RAV4,31288.83,5.1,Completed
315368,16,2018-01-14,Tundra,39850.9,6.06,Completed
315369,8,2018-01-04,Corolla,22762.32,5.84,Completed
315370,9,2018-01-15,Corolla,15396.86,4.4,Completed
315371,9,2018-01-19,Corolla,13944.06,4.4,Completed
315372,20,2018-01-31,Highlander,45487.88,5.77,Completed
315373,16,2018-01-15,RAV4,32341.01,6.06,Completed
315374,2,2018-01-01,Corolla,17458.43,4.0,Completed
315375,8,2018-01-06,Corolla,19098.97,5.84,Completed
315376,13,2018-01-09,Highlander,45453.5,5.61,Completed
315377,1,2018-01-27,Tacoma,23955.24,5.24,Completed
315378,15,2018-01-08,Corolla,22906.89,4.86,Completed
315379,11,2018-01-30,Corolla,14333.57,4.16,Completed
315380,10,2018-01-14,Sienna,26469.94,4.88,Completed
315381,10,2018-01-16,Tacoma,22937.85,4.88,Completed
315382,18,2018-01-13,Camry,28634.92,5.68,Completed
315383,8,2018-01-12,Highlander,43522.2,5.84,Completed
315384,2,2018-01-19,Prius,16784.22,4.0,Completed
315385,8,2018-01-24,Camry,29135.19,5.84,Completed
315386,2,2018-01-02,Camry,21699.77,4.0,Completed
315387,5,2018-01-16,Sienna,28465.73,5.34,Completed
315388,2,2018-01-29,Corolla,14558.05,4.0,Completed
315389,9,2018-01-18,Highlander,31912.11,4.4,Completed
315390,4,2018-01-13,Highlander,30958.51,3.81,Completed
315391,3,2018-01-21,Tacoma,33587.8,5.69,Completed
315392,14,2018-01-13,Corolla,18824.32,5.1,Completed
315393,8,2018-01-21,RAV4,35141.32,5.84,Completed
315394,17,2018-01-31,Tundra,28016.9,4.51,Completed
315395,17,2018-01-05,Prius,16192.71,4.51,Completed
315396,18,2018-01-13,Corolla,22661.6,5.68,Completed
315397,1,2018-01-01,RAV4,28360.75,5.24,Completed
315398,12,2018-01-28,Prius,22154.92,5.65,Pending
315399,20,2018-01-02,Sienna,39540.64,5.77,Completed
315400,9,2018-01-18,Sienna,24173.28,4.4,Completed
315401,6,2018-01-29,Tacoma,23884.83,3.86,Completed
315402,11,2018-01-22,Tundra,29178.7,4.16,Completed
315403,2,2018-01-12,Tundra,28357.02,4.0,Completed
315404,11,2018-01-02,Sienna,25204.46,4.16,Completed
315405,8,2018-01-08,Prius,26016.54,5.84,Completed
315406,1,2018-01-15,Sienna,32077.45,5.24,Cancelled
315407,9,2018-01-08,Tundra,25226.33,4.4,Completed
315408,16,2018-01-18,Camry,30336.29,6.06,Completed
315409,20,2018-01-16,Tacoma,28152.12,5.77,Completed
315410,11,2018-01-05,Sienna,28281.68,4.16,Completed
315411,13,2018-01-19,Camry,27843.29,5.61,Completed
315412,5,2018-01-15,Highlander,36676.66,5.34,Completed
315413,10,2018-01-29,Prius,19606.83,4.88,Completed
315414,9,2018-01-28,Camry,22077.88,4.4,Completed
315415,1,2018-01-21,Sienna,30141.77,5.24,Completed
315416,6,2018-01-16,Sienna,24402.37,3.86,Completed
315417,6,2018-01-17,Tundra,25649.1,3.86,Completed
315418,11,2018-01-16,Tacoma,24765.26,4.16,Completed
315419,8,2018-01-26,Highlander,48088.27,5.84,Completed
315420,7,2018-01-27,Corolla,23022.74,5.39,Completed
315421,19,2018-01-13,Tundra,29160.4,5.48,Completed
315422,1,2018-01-05,Corolla,17651.47,5.24,Completed
315423,1,2018-01-12,Camry,24499.13,5.24,Completed
315424,2,2018-01-18,Tundra,27055.8,4.0,Pending
315425,14,2018-01-18,Tundra,35959.65,5.1,Completed
315426,17,2018-01-14,Camry,20800.38,4.51,Completed
315427,7,2018-01-01,Tundra,41013.63,5.39,Completed
315428,12,2018-01-04,Tacoma,32969.23,5.65,Completed
315429,8,2018-01-25,RAV4,34618.57,5.84,Completed
315430,11,2018-01-02,Sienna,24906.23,4.16,Completed
315431,12,2018-01-22,RAV4,34511.55,5.65,Completed
315432,6,2018-01-08,Prius,15934.52,3.86,Completed
315433,11,2018-01-04,Tundra,28040.5,4.16,Completed
315434,4,2018-01-06,RAV4,25227.78,3.81,Completed
315435,20,2018-01-25,Corolla,22981.58,5.77,Completed
315436,6,2018-01-20,Prius,15851.4,3.86,Cancelled
315437,1,2018-01-23,Camry,25171.84,5.24,Completed
315438,11,2018-01-19,RAV4,26157.99,4.16,Completed
315439,8,2018-01-23,Corolla,19366.93,5.84,Completed
315440,9,2018-01-18,Prius,18513.39,4.4,Completed
315441,15,2018-01-08,Sienna,37031.71,4.86,Completed
315442,14,2018-01-06,Sienna,36661.74,5.1,Completed
315443,20,2018-01-12,Camry,26220.25,5.77,Completed
315444,15,2018-01-08,Tundra,32846.1,4.86,Completed
315445,2,2018-01-22,RAV4,27546.29,4.0,Completed
315446,1,2018-01-14,Tundra,33427.37,5.24,Completed
315447,19,2018-01-26,Camry,23085.36,5.48,Completed
315448,13,2018-01-29,Camry,30416.53,5.61,Completed
315449,1,2018-01-09,Highlander,37834.52,5.24,Completed
315450,16,2018-01-28,Tundra,38207.25,6.06,Completed
315451,4,2018-01-29,Prius,15206.97,3.81,Completed
315452,19,2018-01-23,Camry,26775.99,5.48,Completed
315453,6,2018-01-21,Highlander,31074.05,3.86,Completed
315454,5,2018-01-13,Corolla,16534.31,5.34,Completed
315455,9,2018-01-06,Camry,20824.6,4.4,Completed
315456,14,2018-01-06,Sienna,36118.89,5.1,Completed
315457,12,2018-01-11,Tundra,34945.82,5.65,Completed
315458,5,2018-01-30,Camry,25579.45,5.34,Completed
315459,20,2018-01-22,Tacoma,30572.04,5.77,Completed
315460,12,2018-01-20,Camry,25696.17,5.65,Completed
315461,13,2018-01-20,Tundra,39345.57,5.61,Completed
315462,15,2018-01-08,Highlander,44353.45,4.86,Completed
315463,1,2018-01-30,Tacoma,26553.43,5.24,Completed
315464,15,2018-01-09,Highlander,47107.14,4.86,Completed
315465,15,2018-01-11,Sienna,34656.25,4.86,Completed
315466,14,2018-01-02,Tundra,36523.63,5.1,Completed
315467,17,2018-01-17,Corolla,15134.36,4.51,Completed
315468,6,2018-01-16,Camry,19430.8,3.86,Completed
315469,9,2018-01-04,Tundra,25304.31,4.4,Completed
315470,17,2018-01-20,Corolla,14009.72,4.51,Completed
315471,6,2018-01-24,Highlander,36306.53,3.86,Pending
315472,10,2018-01-01,Highlander,33835.09,4.88,Completed
315473,14,2018-01-07,Highlander,43978.3,5.1,Completed
315474,15,2018-01-07,Corolla,20107.02,4.86,Completed
315475,18,2018-01-20,Prius,25767.54,5.68,Completed
315476,12,2018-01-22,Corolla,19105.24,5.65,Completed
315477,11,2018-01-25,Tundra,28611.56,4.16,Completed
315478,20,2018-01-19,Tundra,40081.2,5.77,Completed
315479,19,2018-01-09,Tacoma,29596.65,5.48,Completed
315480,11,2018-01-16,Corolla,15711.3,4.16,Completed
315481,13,2018-01-19,Tacoma,32967.43,5.61,Completed
315482,17,2018-01-19,Prius,16536.02,4.51,Completed
315483,17,2018-01-28,Tacoma,23738.4,4.51,Completed
315484,19,2018-01-31,Tundra,32725.45,5.48,Completed
315485,8,2018-01-11,Prius,23733.9,5.84,Pending
315486,18,2018-01-18,Prius,24967.12,5.68,Completed
315487,6,2018-01-02,Tundra,27095.3,3.86,Completed
315488,5,2018-01-08,Highlander,40978.96,5.34,Completed
315489,20,2018-01-18,RAV4,30483.57,5.77,Completed
315490,7,2018-01-28,Camry,28236.65,5.39,Completed
315491,5,2018-01-19,Camry,25661.9,5.34,Completed
315492,1,2018-01-30,Corolla,19026.61,5.24,Completed
315493,15,2018-01-13,Tundra,37278.32,4.86,Completed
315494,1,2018-01-29,Corolla,18120.78,5.24,Completed
315495,3,2018-01-25,Tundra,35206.85,5.69,Pending
315496,11,2018-01-02,RAV4,26636.35,4.16,Completed
315497,17,2018-01-30,Highlander,30050.21,4.51,Completed
315498,19,2018-01-18,Tundra,30399.41,5.48,Completed
315499,19,2018-01-07,Tundra,34579.62,5.48,Completed
315500,16,2018-01-26,RAV4,35865.48,6.06,Cancelled
315501,14,2018-01-21,Sienna,36975.14,5.1,Completed
315502,8,2018-01-04,Tundra,33840.72,5.84,Completed
315503,2,2018-01-13,Highlander,32499.67,4.0,Completed
315504,16,2018-01-12,Tacoma,29261.23,6.06,Pending
315505,3,2018-01-07,Corolla,21514.87,5.69,Completed
315506,5,2018-01-10,Sienna,34128.69,5.34,Completed
315507,19,2018-01-05,Tacoma,26643.84,5.48,Completed
315508,10,2018-01-15,Highlander,32135.33,4.88,Completed
315509,18,2018-01-21,Tacoma,35251.12,5.68,Completed
315510,6,2018-01-04,RAV4,22257.22,3.86,Completed
315511,12,2018-01-08,Sienna,36662.95,5.65,Completed
315512,18,2018-01-12,Tacoma,35631.94,5.68,Completed
315513,5,2018-01-08,Corolla,18027.93,5.34,Completed
315514,11,2018-01-03,Tacoma,22432.19,4.16,Completed
315515,10,2018-01-26,RAV4,23370.17,4.88,Completed
315516,19,2018-01-06,Tundra,30025.76,5.48,Completed
315517,5,2018-01-27,Tacoma,26405.43,5.34,Completed
315518,12,2018-01-25,Sienna,33594.62,5.65,Completed
315519,6,2018-01-01,Highlander,34440.05,3.86,Completed
315520,13,2018-01-16,Prius,24126.44,5.61,Completed
315521,9,2018-01-09,Highlander,31640.11,4.4,Completed
315522,9,2018-01-31,Tundra,24409.88,4.4,Completed
315523,3,2018-01-01,Tundra,34787.66,5.69,Completed
315524,6,2018-01-01,Highlander,36045.79,3.86,Completed
315525,9,2018-01-05,Corolla,16007.96,4.4,Completed
315526,11,2018-01-01,Highlander,34555.69,4.16,Completed
315527,16,2018-01-13,RAV4,34286.39,6.06,Completed
315528,1,2018-01-19,Camry,22762.32,5.24,Completed
315529,3,2018-01-10,Tundra,38845.87,5.69,Completed
315530,16,2018-01-20,Sienna,36175.76,6.06,Completed
315531,4,2018-01-23,RAV4,22233.35,3.81,Completed
315532,9,2018-01-15,Tundra,24681.47,4.4,Completed
315533,16,2018-01-27,Tacoma,32738.56,6.06,Completed
315534,7,2018-01-16,Camry,28301.22,5.39,Completed
315535,17,2018-01-30,Tacoma,20390.9,4.51,Completed
315536,6,2018-01-02,Prius,18365.18,3.86,Completed
315537,15,2018-01-28,Highlander,43522.21,4.86,Completed
315538,3,2018-01-17,Sienna,36839.41,5.69,Completed
315539,15,2018-01-25,Tundra,37849.4,4.86,Completed
315540,8,2018-01-26,Prius,24726.16,5.84,Completed
315541,5,2018-01-02,RAV4,28674.69,5.34,Completed
315542,6,2018-01-14,RAV4,22928.99,3.86,Completed
315543,14,2018-01-22,Corolla,20161.18,5.1,Completed
315544,16,2018-01-05,Sienna,39384.86,6.06,Completed
315545,14,2018-01-23,Tundra,38354.64,5.1,Completed
315546,20,2018-01-20,Tundra,35804.14,5.77,Completed
315547,13,2018-01-18,Corolla,24166.54,5.61,Completed
315548,10,2018-01-30,Tacoma,25199.52,4.88,Completed
315549,17,2018-01-11,Corolla,14713.6,4.51,Completed
315550,12,2018-01-02,Tundra,39355.65,5.65,Completed
315551,8,2018-01-15,Camry,31004.23,5.84,Completed
315552,1,2018-01-11,Prius,18165.32,5.24,Completed
315553,10,2018-01-05,Prius,18023.06,4.88,Completed
315554,4,2018-01-21,Corolla,13852.47,3.81,Completed
315555,14,2018-01-08,Tundra,37101.75,5.1,Completed
315556,9,2018-01-07,Tundra,25710.45,4.4,Completed
315557,1,2018-01-18,Tacoma,27174.96,5.24,Completed
315558,3,2018-01-07,RAV4,34914.09,5.69,Completed
315559,8,2018-01-12,Sienna,36955.31,5.84,Completed
315560,12,2018-01-30,Camry,29936.74,5.65,Completed
315561,20,2018-01-24,Tacoma,31673.22,5.77,Completed
315562,2,2018-01-05,Tacoma,21752.02,4.0,Completed
315563,1,2018-01-24,Camry,23789.31,5.24,Completed
315564,5,2018-01-23,Corolla,17456.12,5.34,Completed
315565,6,2018-01-02,Tundra,23707.04,3.86,Completed
315566,14,2018-01-14,Prius,22930.16,5.1,Completed
315567,12,2018-01-10,Corolla,22394.58,5.65,Completed
315568,10,2018-01-07,Prius,18433.22,4.88,Completed
315569,13,2018-01-12,Highlander,47512.0,5.61,Completed
315570,15,2018-01-02,RAV4,34885.61,4.86,Pending
315571,5,2018-01-25,Camry,25774.07,5.34,Completed
315572,10,2018-01-10,Camry,23298.78,4.88,Completed
315573,20,2018-01-02,Tacoma,28639.01,5.77,Completed
315574,9,2018-01-01,Tundra,28682.62,4.4,Completed
315575,9,2018-01-27,RAV4,23402.54,4.4,Completed
315576,8,2018-01-15,Corolla,19895.81,5.84,Completed
315577,11,2018-01-31,Sienna,25987.77,4.16,Completed
315578,16,2018-01-28,Tacoma,34628.55,6.06,Completed
315579,14,2018-01-20,Camry,27813.17,5.1,Completed
315580,17,2018-01-15,Tundra,24273.8,4.51,Completed
315581,13,2018-01-18,Camry,32633.3,5.61,Completed
315582,16,2018-01-31,Prius,24732.13,6.06,Completed
315583,8,2018-01-24,RAV4,32943.9,5.84,Completed
315584,2,2018-01-20,RAV4,26106.6,4.0,Completed
315585,19,2018-01-21,Camry,23264.61,5.48,Completed
315586,16,2018-01-23,Highlander,50696.98,6.06,Completed
315587,13,2018-01-08,Camry,31229.77,5.61,Completed
315588,5,2018-01-15,RAV4,26576.54,5.34,Completed
315589,13,2018-01-06,Camry,31777.39,5.61,Completed
315590,18,2018-01-25,Highlander,52835.49,5.68,Completed
315591,1,2018-01-06,Camry,25937.58,5.24,Completed
315592,13,2018-01-23,Highlander,49963.13,5.61,Completed
315593,14,2018-01-01,Prius,21950.97,5.1,Completed
315594,17,2018-01-14,Highlander,33219.59,4.51,Completed
315595,12,2018-01-13,Tacoma,31852.51,5.65,Completed
315596,11,2018-01-31,Prius,17823.63,4.16,Completed
315597,7,2018-01-30,Corolla,20004.99,5.39,Completed
315598,11,2018-01-15,Highlander,31682.05,4.16,Completed
315599,5,2018-01-13,Sienna,31105.79,5.34,Completed
315600,3,2018-01-01,Highlander,51727.57,5.69,Completed
315601,10,2018-01-21,Prius,19278.4,4.88,Completed
315602,16,2018-01-20,Sienna,38064.65,6.06,Completed
315603,14,2018-01-07,Highlander,49020.12,5.1,Completed
315604,12,2018-01-22,RAV4,31267.3,5.65,Completed
315605,11,2018-01-02,Prius,18016.96,4.16,Completed
315606,13,2018-01-17,Corolla,22277.96,5.61,Completed
315607,20,2018-01-14,Camry,26178.07,5.77,Completed
315608,15,2018-01-23,Tundra,34946.01,4.86,Completed
315609,14,2018-01-27,Sienna,34321.76,5.1,Completed
315610,2,2018-01-01,RAV4,24441.5,4.0,Completed
315611,16,2018-01-10,Prius,23832.12,6.06,Completed
315612,3,2018-01-21,Sienna,38568.79,5.69,Completed
315613,9,2018-01-09,Sienna,27935.26,4.4,Completed
315614,16,2018-01-09,Sienna,37502.8,6.06,Completed
315615,10,2018-01-20,RAV4,22716.78,4.88,Completed
315616,16,2018-01-14,Highlander,46069.3,6.06,Completed
315617,2,2018-01-25,RAV4,27065.56,4.0,Completed
315618,18,2018-01-19,Sienna,43226.81,5.68,Completed
315619,13,2018-01-25,Prius,26608.13,5.61,Completed
315620,9,2018-01-24,Sienna,28678.17,4.4,Completed
315621,19,2018-01-23,Camry,25121.15,5.48,Completed
315622,10,2018-01-15,Camry,19870.69,4.88,Completed
315623,6,2018-01-25,Tacoma,24135.92,3.86,Completed
315624,10,2018-01-20,Prius,18998.61,4.88,Completed
315625,20,2018-01-18,Highlander,42912.18,5.77,Completed
315626,11,2018-01-29,RAV4,26184.35,4.16,Completed
315627,5,2018-01-31,Camry,25976.27,5.34,Completed
315628,17,2018-01-27,Corolla,15919.53,4.51,Completed
315629,4,2018-01-08,Highlander,33388.17,3.81,Completed
315630,14,2018-01-05,Prius,24166.13,5.1,Completed
315631,18,2018-01-29,Camry,28519.88,5.68,Completed
315632,4,2018-01-22,Sienna,26630.92,3.81,Completed
315633,10,2018-01-12,Highlander,35686.34,4.88,Completed
315634,20,2018-01-21,Highlander,49818.95,5.77,Completed
315635,19,2018-01-25,Prius,20466.36,5.48,Completed
315636,16,2018-01-28,Prius,26954.15,6.06,Completed
315637,10,2018-01-19,Tacoma,22074.33,4.88,Completed
315638,7,2018-01-15,RAV4,37095.25,5.39,Completed
315639,7,2018-01-16,Camry,30240.87,5.39,Completed
315640,18,2018-01-23,Sienna,43313.56,5.68,Completed
315641,1,2018-01-02,Corolla,18775.62,5.24,Completed
315642,12,2018-01-27,Prius,25252.99,5.65,Completed
315643,12,2018-01-02,Camry,26744.63,5.65,Completed
315644,3,2018-01-21,RAV4,31688.4,5.69,Completed
315645,6,2018-01-27,Tundra,26794.98,3.86,Completed
315646,16,2018-01-20,Tundra,34674.25,6.06,Completed
315647,11,2018-01-12,Corolla,16103.8,4.16,Completed
315648,18,2018-01-20,Tundra,37668.76,5.68,Completed
315649,17,2018-01-18,Sienna,26911.04,4.51,Completed
315650,13,2018-01-18,RAV4,33343.07,5.61,Completed
315651,6,2018-01-27,Camry,21171.47,3.86,Completed
315652,7,2018-01-09,Tacoma,33307.18,5.39,Pending
315653,1,2018-01-04,Corolla,18471.46,5.24,Completed
315654,20,2018-01-29,Corolla,22905.34,5.77,Completed
315655,11,2018-01-28,Tundra,28509.58,4.16,Completed
315656,19,2018-01-24,Sienna,33445.11,5.48,Completed
315657,11,2018-01-19,Prius,17066.61,4.16,Completed
315658,5,2018-01-08,RAV4,30645.53,5.34,Completed
315659,3,2018-01-24,Prius,25815.21,5.69,Completed
315660,4,2018-01-16,Highlander,29618.7,3.81,Completed
315661,12,2018-01-31,Sienna,34869.54,5.65,Completed
315662,1,2018-01-01,RAV4,26746.11,5.24,Completed
315663,8,2018-01-11,Highlander,49682.6,5.84,Completed
315664,7,2018-01-13,Highlander,49912.55,5.39,Completed
315665,7,2018-01-23,Tundra,37360.0,5.39,Cancelled
315666,13,2018-01-21,Corolla,24168.13,5.61,Completed
315667,4,2018-01-12,Tundra,27852.27,3.81,Completed
315668,3,2018-01-26,Tacoma,29350.96,5.69,Completed
315669,3,2018-01-01,Corolla,21072.98,5.69,Completed
315670,16,2018-01-01,Sienna,35849.69,6.06,Completed
315671,11,2018-01-04,Tacoma,24777.68,4.16,Completed
315672,11,2018-01-16,RAV4,24709.0,4.16,Completed
315673,6,2018-01-12,RAV4,25991.29,3.86,Completed
315674,15,2018-01-26,Tundra,33802.21,4.86,Completed
315675,1,2018-01-07,Corolla,16938.86,5.24,Completed
315676,20,2018-01-30,Sienna,33748.43,5.77,Completed
315677,17,2018-01-23,Highlander,34048.81,4.51,Completed
315678,9,2018-01-05,Corolla,14746.89,4.4,Completed
315679,3,2018-01-20,Tundra,39372.16,5.69,Completed
315680,9,2018-01-19,Prius,15855.41,4.4,Completed
315681,11,2018-01-30,Highlander,32756.77,4.16,Completed
315682,1,2018-01-21,Prius,18449.26,5.24,Completed
315683,1,2018-01-26,Prius,19244.76,5.24,Completed
315684,11,2018-01-26,Tundra,25132.63,4.16,Completed
315685,7,2018-01-01,Camry,31664.39,5.39,Completed
315686,18,2018-01-29,Prius,24508.46,5.68,Completed
315687,8,2018-01-26,Highlander,42397.02,5.84,Completed
315688,12,2018-01-30,Prius,23696.8,5.65,Completed
315689,5,2018-01-24,Prius,21914.8,5.34,Completed
315690,4,2018-01-14,Sienna,27851.92,3.81,Completed
315691,17,2018-01-10,Sienna,26046.3,4.51,Completed
315692,14,2018-01-12,Corolla,19255.25,5.1,Completed
315693,14,2018-01-14,Highlander,49268.85,5.1,Completed
315694,19,2018-01-06,Tundra,33083.76,5.48,Completed
315695,7,2018-01-10,Tacoma,29790.71,5.39,Completed
315696,15,2018-01-05,Camry,31032.58,4.86,Completed
315697,1,2018-01-31,Camry,26313.87,5.24,Completed
315698,4,2018-01-01,Sienna,27833.15,3.81,Completed
315699,18,2018-01-16,Tacoma,35455.48,5.68,Pending
315700,7,2018-01-18,Highlander,52507.3,5.39,Completed
315701,17,2018-01-07,Highlander,35970.89,4.51,Completed
315702,1,2018-01-12,Tacoma,25593.66,5.24,Completed
315703,3,2018-01-04,Camry,31044.03,5.69,Completed
315704,12,2018-01-11,Prius,24407.59,5.65,Completed
315705,18,2018-01-26,Sienna,42295.91,5.68,Completed
315706,4,2018-01-08,Camry,21552.28,3.81,Completed
315707,17,2018-01-11,Sienna,26189.84,4.51,Completed
315708,2,2018-01-30,Camry,22279.93,4.0,Completed
315709,1,2018-01-26,Prius,19020.89,5.24,Completed
315710,19,2018-01-22,Camry,23610.6,5.48,Completed
315711,8,2018-01-21,Tacoma,33939.54,5.84,Completed
315712,19,2018-01-03,Tundra,32102.17,5.48,Completed
315713,8,2018-01-11,Highlander,42876.82,5.84,Completed
315714,11,2018-01-15,Highlander,33780.06,4.16,Completed
315715,2,2018-01-27,RAV4,27929.72,4.0,Completed
315716,15,2018-01-24,Tundra,34353.57,4.86,Completed
315717,13,2018-01-13,Sienna,37124.66,5.61,Completed
315718,11,2018-01-25,RAV4,25465.53,4.16,Completed
315719,6,2018-01-01,Prius,15465.86,3.86,Pending
315720,3,2018-01-02,Corolla,22863.54,5.69,Completed
315721,2,2018-01-07,Highlander,34226.64,4.0,Completed
315722,1,2018-01-13,Tundra,30308.63,5.24,Completed
315723,12,2018-01-12,Tacoma,27827.83,5.65,Completed
315724,14,2018-01-05,Camry,25756.03,5.1,Completed
315725,4,2018-01-08,Sienna,24465.72,3.81,Completed
315726,18,2018-01-18,Prius,27925.84,5.68,Completed
315727,17,2018-01-02,Tacoma,20454.32,4.51,Completed
315728,4,2018-01-28,Prius,17289.04,3.81,Completed
315729,9,2018-01-03,Prius,18228.29,4.4,Completed
315730,3,2018-01-06,Highlander,50476.75,5.69,Completed
315731,5,2018-01-01,Prius,20761.11,5.34,Completed
315732,13,2018-01-09,Tundra,38606.29,5.61,Completed
315733,16,2018-01-08,Camry,28235.46,6.06,Completed
315734,18,2018-01-04,Camry,29102.46,5.68,Completed
315735,18,2018-01-26,Highlander,45883.29,5.68,Completed
315736,10,2018-01-30,RAV4,23160.9,4.88,Completed
315737,7,2018-01-05,Sienna,34675.21,5.39,Completed
315738,3,2018-01-04,Prius,26781.8,5.69,Completed
315739,18,2018-01-28,Camry,29768.02,5.68,Completed
315740,20,2018-01-18,Camry,29339.69,5.77,Completed
315741,18,2018-01-07,RAV4,35868.51,5.68,Completed
315742,11,2018-01-12,Tundra,27506.01,4.16,Completed
315743,19,2018-01-02,Tacoma,28367.07,5.48,Completed
315744,5,2018-01-31,Prius,21542.05,5.34,Completed
315745,9,2018-01-02,Sienna,27350.35,4.4,Completed
315746,15,2018-01-10,Corolla,22745.51,4.86,Completed
315747,6,2018-01-03,Tundra,24418.76,3.86,Completed
315748,2,2018-01-02,Tacoma,25870.57,4.0,Completed
315749,13,2018-01-01,Camry,29067.47,5.61,Completed
315750,17,2018-01-21,RAV4,24565.75,4.51,Completed
315751,2,2018-01-27,Prius,19953.08,4.0,Completed
315752,19,2018-01-29,Sienna,33519.94,5.48,Completed
315753,19,2018-01-28,Tundra,32934.1,5.48,Completed
315754,1,2018-01-21,Tundra,29563.36,5.24,Completed
315755,9,2018-01-03,Camry,19188.76,4.4,Completed
315756,15,2018-01-07,Tundra,34298.52,4.86,Completed
315757,11,2018-01-20,RAV4,23314.99,4.16,Completed
315758,14,2018-01-11,Prius,20882.48,5.1,Completed
315759,16,2018-01-11,Tundra,39053.1,6.06,Completed
315760,4,2018-01-01,Tundra,24502.64,3.81,Completed
315761,1,2018-01-23,Highlander,35609.38,5.24,Completed
315762,5,2018-01-21,Corolla,17510.88,5.34,Completed
315763,11,2018-01-24,Corolla,16513.47,4.16,Completed
315764,8,2018-01-11,Corolla,19394.8,5.84,Completed
315765,6,2018-01-18,Camry,20737.96,3.86,Completed
315766,1,2018-01-07,Tundra,31294.31,5.24,Completed
315767,13,2018-01-12,Camry,27715.59,5.61,Completed
315768,10,2018-01-28,Camry,19746.8,4.88,Completed
315769,19,2018-01-05,RAV4,30027.28,5.48,Completed
315770,18,2018-01-06,Highlander,50214.73,5.68,Completed
315771,15,2018-01-19,RAV4,33524.62,4.86,Completed
315772,8,2018-01-20,Tundra,35067.75,5.84,Completed
315773,10,2018-01-18,RAV4,26895.32,4.88,Completed
315774,3,2018-01-03,Sienna,36739.75,5.69,Completed
315775,8,2018-01-19,RAV4,32235.29,5.84,Completed
315776,4,2018-01-27,Tacoma,20096.21,3.81,Completed
315777,17,2018-01-24,Highlander,34566.6,4.51,Cancelled
315778,8,2018-01-18,Highlander,47778.35,5.84,Completed
315779,3,2018-01-16,Sienna,34676.17,5.69,Completed
315780,8,2018-01-05,Tacoma,29029.73,5.84,Completed
315781,14,2018-01-22,Corolla,21683.28,5.1,Completed
315782,18,2018-01-19,Tundra,36033.09,5.68,Completed
315783,15,2018-01-18,Sienna,39433.69,4.86,Completed
315784,12,2018-01-04,Sienna,34053.09,5.65,Completed
315785,3,2018-01-31,Camry,29757.97,5.69,Completed
315786,2,2018-01-27,Highlander,36932.66,4.0,Completed
315787,3,2018-01-17,Highlander,53044.27,5.69,Cancelled
315788,9,2018-01-07,Tundra,29161.45,4.4,Completed
315789,1,2018-01-15,Tundra,29432.52,5.24,Completed
315790,10,2018-01-18,Tacoma,24603.91,4.88,Completed
315791,15,2018-01-08,Camry,28001.2,4.86,Completed
315792,5,2018-01-05,Highlander,37336.92,5.34,Completed
315793,1,2018-01-30,Prius,18303.77,5.24,Completed
315794,2,2018-01-11,RAV4,26691.08,4.0,Completed
315795,20,2018-01-08,Tundra,34397.27,5.77,Pending
315796,15,2018-01-24,Tundra,36709.46,4.86,Completed
315797,20,2018-01-31,Prius,25072.81,5.77,Completed
315798,6,2018-01-29,RAV4,24808.05,3.86,Completed
315799,14,2018-01-03,RAV4,33647.76,5.1,Completed
315800,1,2018-01-10,Corolla,16739.54,5.24,Completed
315801,12,2018-01-02,Prius,22307.34,5.65,Cancelled
315802,20,2018-01-12,Highlander,45389.56,5.77,Completed
315803,11,2018-01-15,Highlander,35925.85,4.16,Completed
315804,1,2018-01-13,Prius,19389.09,5.24,Completed
315805,15,2018-01-08,RAV4,35787.12,4.86,Completed
315806,12,2018-01-23,RAV4,31270.78,5.65,Completed
315807,8,2018-01-22,Corolla,21372.57,5.84,Completed
315808,19,2018-01-23,Prius,21171.55,5.48,Completed
315809,20,2018-01-07,Camry,27158.78,5.77,Completed
315810,20,2018-01-11,Sienna,34461.24,5.77,Completed
315811,1,2018-01-09,RAV4,28583.5,5.24,Completed
315812,6,2018-01-20,Tundra,24003.3,3.86,Completed
315813,10,2018-01-07,RAV4,26269.53,4.88,Completed
315814,4,2018-01-13,Highlander,31414.79,3.81,Completed
315815,18,2018-01-27,Tacoma,35159.18,5.68,Completed
315816,11,2018-01-15,Prius,17614.1,4.16,Completed
315817,18,2018-01-04,Sienna,37183.43,5.68,Completed
315818,3,2018-01-21,Tacoma,35311.38,5.69,Completed
315819,18,2018-01-04,Sienna,41998.16,5.68,Completed
315820,20,2018-01-06,RAV4,33990.43,5.77,Completed
315821,12,2018-01-05,Camry,26883.91,5.65,Completed
315822,13,2018-01-18,Corolla,20685.6,5.61,Completed
315823,18,2018-01-18,Prius,24102.94,5.68,Completed
315824,7,2018-01-31,Sienna,36607.0,5.39,Completed
315825,1,2018-01-12,Tundra,31604.07,5.24,Completed
315826,18,2018-01-18,RAV4,37751.27,5.68,Completed
315827,14,2018-01-26,Prius,23156.54,5.1,Completed
315828,15,2018-01-04,RAV4,32729.78,4.86,Completed
315829,10,2018-01-06,RAV4,27548.31,4.88,Completed
315830,12,2018-01-20,Tacoma,29418.54,5.65,Completed
315831,2,2018-01-26,Tacoma,22129.28,4.0,Completed
315832,19,2018-01-13,Tacoma,29703.29,5.48,Completed
315833,4,2018-01-14,Tacoma,22870.95,3.81,Completed
315834,9,2018-01-04,Corolla,14616.09,4.4,Completed
315835,14,2018-01-15,Sienna,32570.25,5.1,Completed
315836,3,2018-01-14,Sienna,38360.55,5.69,Completed
315837,2,2018-01-08,Tundra,28984.24,4.0,Completed
315838,11,2018-01-24,Camry,22373.26,4.16,Completed
315839,5,2018-01-02,Tacoma,28233.46,5.34,Completed
315840,3,2018-01-28,Camry,27505.63,5.69,Completed
315841,2,2018-01-29,Highlander,32380.67,4.0,Completed
315842,13,2018-01-18,RAV4,37430.75,5.61,Cancelled
315843,1,2018-01-31,Sienna,33500.04,5.24,Completed
315844,12,2018-01-28,Highlander,48986.81,5.65,Completed
315845,11,2018-01-09,RAV4,23298.34,4.16,Completed
315846,10,2018-01-12,Corolla,15686.36,4.88,Completed
315847,16,2018-01-30,Sienna,39017.94,6.06,Completed
315848,4,2018-01-02,Tacoma,19773.58,3.81,Completed
315849,17,2018-01-15,Camry,20092.29,4.51,Completed
315850,4,2018-01-29,Tacoma,21366.37,3.81,Completed
315851,6,2018-01-07,Prius,16616.91,3.86,Completed
315852,18,2018-01-28,Tundra,37565.11,5.68,Completed
315853,20,2018-01-16,Camry,26337.96,5.77,Completed
315854,7,2018-01-08,Highlander,49708.29,5.39,Completed
315855,12,2018-01-06,Prius,23112.99,5.65,Completed
315856,15,2018-01-07,Tacoma,32439.54,4.86,Completed
315857,2,2018-01-22,RAV4,25023.92,4.0,Completed
315858,19,2018-01-27,Prius,20070.76,5.48,Completed
315859,8,2018-01-24,Corolla,22209.25,5.84,Completed
315860,12,2018-01-06,Tacoma,32347.04,5.65,Completed
315861,7,2018-01-30,Highlander,47714.35,5.39,Completed
315862,1,2018-01-01,Sienna,28321.43,5.24,Completed
315863,9,2018-01-18,Camry,20354.43,4.4,Completed
315864,3,2018-01-20,Prius,25039.61,5.69,Pending
315865,7,2018-01-15,Tacoma,33537.35,5.39,Completed
315866,4,2018-01-24,RAV4,20920.88,3.81,Completed
315867,14,2018-01-20,Tacoma,30200.25,5.1,Completed
315868,16,2018-01-02,Prius,23797.28,6.06,Completed
315869,16,2018-01-06,Tacoma,30230.58,6.06,Completed
315870,12,2018-01-27,Tacoma,28387.59,5.65,Completed
315871,10,2018-01-29,Tacoma,24090.16,4.88,Completed
315872,12,2018-01-16,Tacoma,28044.37,5.65,Completed
315873,20,2018-01-19,Prius,22396.71,5.77,Completed
315874,11,2018-01-09,RAV4,25834.81,4.16,Completed
315875,14,2018-01-28,Tacoma,27602.01,5.1,Completed
315876,13,2018-01-10,Highlander,52753.4,5.61,Completed
315877,16,2018-01-10,Tacoma,32640.09,6.06,Completed
315878,15,2018-01-25,Tundra,35267.23,4.86,Completed
315879,13,2018-01-29,RAV4,34884.72,5.61,Completed
315880,7,2018-01-01,Corolla,19538.42,5.39,Completed
315881,17,2018-01-09,Camry,19784.42,4.51,Completed
315882,5,2018-01-16,Prius,19901.91,5.34,Completed
315883,4,2018-01-14,Corolla,15061.03,3.81,Completed
315884,7,2018-01-15,Tacoma,29302.27,5.39,Completed
315885,4,2018-01-20,Sienna,23283.16,3.81,Completed
315886,16,2018-01-09,Corolla,23067.55,6.06,Cancelled
315887,19,2018-01-11,RAV4,29435.91,5.48,Completed
315888,2,2018-01-09,Corolla,16020.11,4.0,Completed
315889,16,2018-01-20,Sienna,35884.13,6.06,Completed
315890,9,2018-01-08,Sienna,25403.18,4.4,Completed
315891,7,2018-01-06,Sienna,39633.16,5.39,Completed
315892,9,2018-01-23,Sienna,28778.13,4.4,Completed
315893,3,2018-01-09,Prius,24469.72,5.69,Completed
315894,15,2018-01-29,Sienna,34246.56,4.86,Completed
315895,3,2018-01-15,RAV4,34604.67,5.69,Completed
315896,14,2018-01-15,Tacoma,27767.49,5.1,Completed
315897,8,2018-01-31,Highlander,44399.06,5.84,Completed
315898,3,2018-01-18,Tundra,36478.57,5.69,Completed
315899,9,2018-01-30,Corolla,16709.75,4.4,Completed
315900,20,2018-01-10,Camry,30809.29,5.77,Completed
315901,6,2018-01-19,Tacoma,22525.8,3.86,Completed
315902,18,2018-01-08,Tundra,37895.55,5.68,Completed
315903,3,2018-01-16,Camry,32049.51,5.69,Completed
315904,9,2018-01-21,Corolla,15523.02,4.4,Completed
315905,13,2018-01-19,Highlander,51375.79,5.61,Completed
315906,7,2018-01-18,Prius,22867.8,5.39,Completed
315907,8,2018-01-19,Tundra,35944.63,5.84,Completed
315908,4,2018-01-30,Sienna,26964.29,3.81,Completed
315909,5,2018-01-29,Prius,19855.34,5.34,Completed
315910,10,2018-01-10,RAV4,26389.82,4.88,Completed
315911,6,2018-01-07,Highlander,36021.53,3.86,Completed
315912,11,2018-01-02,Tacoma,20616.65,4.16,Completed
315913,19,2018-01-24,RAV4,29125.44,5.48,Completed
315914,18,2018-01-08,Tacoma,30209.59,5.68,Completed
315915,15,2018-01-17,Highlander,44596.71,4.86,Completed
315916,20,2018-01-26,Highlander,45003.1,5.77,Completed
315917,7,2018-01-14,Sienna,33832.34,5.39,Completed
315918,2,2018-01-10,Tundra,26423.55,4.0,Completed
315919,7,2018-01-14,Prius,25479.0,5.39,Completed
315920,14,2018-01-02,Prius,21781.79,5.1,Completed
315921,13,2018-01-14,Tacoma,30274.94,5.61,Completed
315922,13,2018-01-07,RAV4,37196.28,5.61,Completed
315923,10,2018-01-11,Corolla,16065.56,4.88,Completed
315924,10,2018-01-30,Prius,18010.59,4.88,Completed
315925,13,2018-01-27,Highlander,52961.36,5.61,Completed
315926,7,2018-01-05,Tundra,35173.12,5.39,Completed
315927,17,2018-01-21,Sienna,27228.23,4.51,Completed
315928,16,2018-01-30,Sienna,34497.09,6.06,Completed
315929,16,2018-01-15,Corolla,23253.49,6.06,Completed
315930,2,2018-01-15,Sienna,29088.09,4.0,Completed
315931,18,2018-01-06,Camry,34006.08,5.68,Completed
315932,14,2018-01-31,Camry,27888.31,5.1,Completed
315933,13,2018-01-25,Prius,25386.31,5.61,Completed
315934,14,2018-01-31,Camry,26306.09,5.1,Completed
315935,20,2018-01-11,Sienna,33623.9,5.77,Cancelled
315936,17,2018-01-31,Prius,15731.79,4.51,Completed
315937,14,2018-01-17,RAV4,31483.94,5.1,Completed
315938,16,2018-01-28,Corolla,19574.27,6.06,Completed
315939,20,2018-01-29,Prius,24219.34,5.77,Pending
315940,16,2018-01-12,Highlander,51328.94,6.06,Completed
315941,13,2018-01-02,Camry,31191.04,5.61,Completed
315942,19,2018-01-23,Highlander,45030.89,5.48,Completed
315943,2,2018-01-06,Prius,18984.03,4.0,Completed
315944,19,2018-01-30,Sienna,31465.63,5.48,Completed
315945,19,2018-01-09,Tacoma,25152.23,5.48,Completed
315946,18,2018-01-11,Corolla,22227.57,5.68,Completed
315947,13,2018-01-15,Corolla,21136.43,5.61,Completed
315948,18,2018-01-25,Sienna,41947.21,5.68,Completed
315949,7,2018-01-06,Prius,25078.83,5.39,Completed
315950,4,2018-01-12,RAV4,22144.72,3.81,Completed
315951,10,2018-01-02,RAV4,23893.46,4.88,Completed
315952,17,2018-01-14,Tundra,28070.01,4.51,Completed
315953,18,2018-01-20,Sienna,43191.34,5.68,Completed
315954,9,2018-01-15,Sienna,28038.29,4.4,Completed
315955,12,2018-01-01,Sienna,38298.3,5.65,Completed
315956,16,2018-01-13,Highlander,52827.9,6.06,Completed
315957,16,2018-01-09,RAV4,31061.49,6.06,Completed
315958,1,2018-01-11,RAV4,27768.73,5.24,Pending
315959,14,2018-01-09,Tundra,37441.28,5.1,Completed
315960,18,2018-01-30,Tundra,37132.43,5.68,Completed
315961,6,2018-01-16,Prius,17029.04,3.86,Completed
315962,14,2018-01-07,Tundra,32491.89,5.1,Completed
315963,20,2018-01-06,RAV4,32591.07,5.77,Completed
315964,15,2018-01-20,Camry,26329.27,4.86,Completed
315965,19,2018-01-06,Highlander,42478.34,5.48,Completed
315966,11,2018-01-25,Sienna,28024.68,4.16,Completed
315967,7,2018-01-13,Tundra,39074.8,5.39,Completed
315968,12,2018-01-15,Camry,28743.43,5.65,Completed
315969,18,2018-01-09,Camry,31389.38,5.68,Completed
315970,18,2018-01-30,RAV4,39140.29,5.68,Completed
315971,14,2018-01-13,Corolla,18571.4,5.1,Completed
315972,8,2018-01-03,Corolla,20920.61,5.84,Completed
315973,4,2018-01-27,Highlander,29492.67,3.81,Completed
315974,7,2018-01-24,Prius,24954.13,5.39,Completed
315975,15,2018-01-29,Prius,23210.19,4.86,Completed
315976,7,2018-01-23,RAV4,37305.79,5.39,Completed
315977,10,2018-01-27,Tacoma,21847.29,4.88,Completed
315978,8,2018-01-04,Tacoma,29828.49,5.84,Completed
315979,14,2018-01-28,Prius,21070.72,5.1,Completed
315980,14,2018-01-20,Tundra,36069.03,5.1,Completed
315981,3,2018-01-03,Tundra,34616.89,5.69,Completed
315982,12,2018-01-15,Tacoma,31106.14,5.65,Completed
315983,16,2018-01-16,Sienna,36739.85,6.06,Completed
315984,17,2018-01-12,Corolla,16101.17,4.51,Completed
315985,10,2018-01-08,Tacoma,22263.3,4.88,Completed
315986,13,2018-01-08,Corolla,23762.3,5.61,Completed
315987,10,2018-01-07,Camry,23349.9,4.88,Completed
315988,9,2018-01-27,RAV4,26285.31,4.4,Completed
315989,19,2018-01-20,RAV4,31608.24,5.48,Completed
315990,3,2018-01-18,Highlander,51276.98,5.69,Completed
315991,10,2018-01-15,Corolla,14798.46,4.88,Completed
315992,4,2018-01-18,Highlander,34355.09,3.81,Completed
315993,14,2018-01-09,Sienna,37535.81,5.1,Completed
315994,14,2018-01-16,RAV4,32520.34,5.1,Completed
315995,9,2018-01-01,Tundra,27661.0,4.4,Pending
315996,5,2018-01-13,Highlander,40057.5,5.34,Completed
315997,11,2018-01-20,Highlander,34640.93,4.16,Completed
315998,16,2018-01-24,Tacoma,30104.41,6.06,Pending
315999,18,2018-01-10,Camry,29170.65,5.68,Completed
316000,10,2018-01-05,Tundra,29617.66,4.88,Completed
316001,11,2018-01-17,Prius,19112.82,4.16,Completed
316002,7,2018-01-17,Tundra,35971.28,5.39,Completed
316003,1,2018-01-14,Prius,18559.23,5.24,Completed
316004,16,2018-01-20,Tacoma,29261.68,6.06,Pending
316005,15,2018-01-15,Sienna,34913.85,4.86,Completed
316006,3,2018-01-11,RAV4,37164.0,5.69,Completed
316007,18,2018-01-21,Camry,31919.66,5.68,Completed
316008,7,2018-01-05,Sienna,38919.09,5.39,Completed
316009,9,2018-01-13,Camry,20548.65,4.4,Completed
316010,12,2018-01-24,Prius,23742.2,5.65,Completed
316011,16,2018-01-02,Highlander,47531.84,6.06,Completed
316012,2,2018-01-09,Highlander,34770.26,4.0,Pending
316013,17,2018-01-30,Camry,20785.92,4.51,Completed
316014,15,2018-01-19,Highlander,43162.63,4.86,Completed
316015,19,2018-01-13,Tacoma,25818.29,5.48,Completed
316016,4,2018-01-04,Tundra,27950.91,3.81,Completed
316017,1,2018-01-29,Sienna,27762.95,5.24,Completed
316018,5,2018-01-27,Camry,22146.69,5.34,Completed
316019,2,2018-01-14,Corolla,14777.34,4.0,Completed
316020,14,2018-01-08,RAV4,33152.59,5.1,Completed
316021,14,2018-01-13,Tundra,32232.29,5.1,Completed
316022,10,2018-01-21,RAV4,23067.91,4.88,Completed
316023,4,2018-01-07,Tacoma,19642.01,3.81,Completed
316024,9,2018-01-06,Prius,18315.75,4.4,Completed
316025,7,2018-01-07,Tacoma,29281.84,5.39,Completed
316026,15,2018-01-21,Camry,25979.68,4.86,Completed
316027,16,2018-01-10,Highlander,49150.69,6.06,Completed
316028,16,2018-01-19,Highlander,43851.88,6.06,Completed
316029,2,2018-01-24,RAV4,23574.86,4.0,Completed
316030,2,2018-01-20,Highlander,36571.0,4.0,Completed
316031,12,2018-01-02,Camry,27551.04,5.65,Completed
316032,6,2018-01-23,Highlander,34481.08,3.86,Completed
316033,6,2018-01-07,Corolla,16267.68,3.86,Completed
316034,13,2018-01-23,Camry,28600.39,5.61,Completed
316035,17,2018-01-05,Tundra,26846.4,4.51,Completed
316036,2,2018-01-19,Tundra,31009.98,4.0,Completed
316037,8,2018-01-25,Sienna,34483.89,5.84,Completed
316038,14,2018-01-19,Camry,29525.64,5.1,Completed
316039,11,2018-01-31,Highlander,36621.25,4.16,Completed
316040,14,2018-01-03,Highlander,49055.94,5.1,Pending
316041,11,2018-01-07,Tundra,28253.96,4.16,Completed
316042,5,2018-01-24,Camry,23945.75,5.34,Completed
316043,9,2018-01-12,RAV4,24476.54,4.4,Completed
316044,6,2018-01-15,Prius,17100.93,3.86,Completed
316045,16,2018-01-20,Tundra,36049.25,6.06,Completed
316046,10,2018-01-22,Prius,17053.06,4.88,Completed
316047,5,2018-01-10,Camry,25892.5,5.34,Completed
316048,18,2018-01-08,Sienna,36628.22,5.68,Completed
316049,20,2018-01-11,Sienna,33742.21,5.77,Completed
316050,18,2018-01-29,Tundra,36620.88,5.68,Completed
316051,9,2018-01-02,Corolla,15708.46,4.4,Completed
316052,1,2018-01-05,Camry,25771.13,5.24,Completed
316053,6,2018-01-19,Prius,17831.37,3.86,Completed
316054,5,2018-01-11,Tacoma,25701.49,5.34,Completed
316055,1,2018-01-19,Corolla,15875.87,5.24,Completed
316056,12,2018-01-21,Corolla,18935.11,5.65,Completed
316057,9,2018-01-27,Tacoma,21375.2,4.4,Completed
316058,2,2018-01-22,Tundra,28273.31,4.0,Completed
316059,17,2018-01-08,Tundra,25645.6,4.51,Completed
316060,17,2018-01-09,Prius,15544.0,4.51,Completed
316061,2,2018-01-12,Sienna,27866.9,4.0,Completed
316062,5,2018-01-06,Tundra,32898.6,5.34,Completed
316063,19,2018-01-22,Tacoma,26457.96,5.48,Completed
316064,12,2018-01-17,Highlander,44837.01,5.65,Completed
316065,16,2018-01-20,Camry,30968.18,6.06,Completed
316066,14,2018-01-02,Sienna,33121.58,5.1,Completed
316067,10,2018-01-02,Tundra,29971.64,4.88,Completed
316068,5,2018-01-03,Tundra,29787.44,5.34,Pending
316069,1,2018-01-05,Corolla,18659.68,5.24,Completed
316070,20,2018-01-21,Tacoma,31000.33,5.77,Completed
316071,16,2018-01-22,Sienna,36344.69,6.06,Completed
316072,3,2018-01-05,Highlander,46788.0,5.69,Completed
316073,7,2018-01-25,Highlander,51702.07,5.39,Completed
316074,8,2018-01-25,RAV4,33200.49,5.84,Completed
316075,6,2018-01-09,Tundra,28008.01,3.86,Completed
316076,12,2018-01-15,Camry,25789.18,5.65,Completed
316077,9,2018-01-24,Prius,17045.72,4.4,Completed
316078,7,2018-01-18,Tundra,34410.32,5.39,Completed
316079,14,2018-01-17,Tacoma,29329.89,5.1,Completed
316080,13,2018-01-16,Highlander,52064.66,5.61,Completed
316081,13,2018-01-14,Sienna,35138.09,5.61,Completed
316082,8,2018-01-16,Camry,27942.19,5.84,Completed
316083,12,2018-01-26,Prius,23546.76,5.65,Completed
316084,4,2018-01-06,Tacoma,21418.81,3.81,Completed
316085,19,2018-01-10,Highlander,37957.52,5.48,Completed
316086,18,2018-01-23,Prius,28223.35,5.68,Completed
316087,16,2018-01-13,Corolla,22503.48,6.06,Completed
316088,12,2018-01-14,Camry,28714.87,5.65,Completed
316089,1,2018-01-03,Sienna,30552.84,5.24,Completed
316090,5,2018-01-29,Tundra,28886.17,5.34,Completed
316091,5,2018-01-21,Prius,19943.94,5.34,Completed
316092,19,2018-01-26,Camry,27237.02,5.48,Completed
316093,5,2018-01-05,Prius,18647.19,5.34,Completed
316094,10,2018-01-29,Tundra,28794.77,4.88,Completed
316095,9,2018-01-27,Camry,22211.89,4.4,Completed
316096,20,2018-01-23,Camry,27763.44,5.77,Completed
316097,13,2018-01-07,Tacoma,32319.29,5.61,Completed
316098,7,2018-01-06,RAV4,33887.24,5.39,Completed
316099,13,2018-01-01,Prius,23217.45,5.61,Completed
316100,2,2018-01-01,Corolla,17378.48,4.0,Completed
316101,9,2018-01-23,Prius,17887.76,4.4,Completed
316102,6,2018-01-23,Camry,21262.22,3.86,Completed
316103,6,2018-01-19,Corolla,15567.64,3.86,Completed
316104,15,2018-01-30,Corolla,20792.91,4.86,Cancelled
316105,3,2018-01-09,Tacoma,33346.7,5.69,Pending
316106,15,2018-01-20,Tundra,36593.69,4.86,Completed
316107,2,2018-01-25,Tacoma,23477.04,4.0,Completed
316108,5,2018-01-17,Corolla,17258.84,5.34,Completed
316109,1,2018-01-17,Corolla,16411.96,5.24,Completed
316110,1,2018-01-20,Corolla,18762.19,5.24,Completed
316111,3,2018-01-12,Tundra,37821.99,5.69,Completed
316112,18,2018-01-23,Tundra,38140.45,5.68,Completed
316113,10,2018-01-01,Tacoma,25503.84,4.88,Completed
316114,6,2018-01-25,Corolla,14979.49,3.86,Completed
316115,1,2018-01-26,Sienna,30893.95,5.24,Completed
316116,14,2018-01-11,Highlander,44214.93,5.1,Completed
316117,3,2018-01-14,RAV4,33502.23,5.69,Completed
316118,20,2018-01-31,Corolla,22281.54,5.77,Completed
316119,10,2018-01-16,Camry,23413.39,4.88,Completed
316120,6,2018-01-19,Camry,19373.17,3.86,Completed
316121,12,2018-01-09,Camry,26548.49,5.65,Completed
316122,11,2018-01-27,RAV4,23028.9,4.16,Completed
316123,12,2018-01-08,RAV4,30766.6,5.65,Completed
316124,17,2018-01-27,RAV4,21676.29,4.51,Completed
316125,18,2018-01-08,Highlander,45736.89,5.68,Completed
316126,2,2018-01-31,RAV4,27055.04,4.0,Completed
316127,15,2018-01-15,RAV4,30099.04,4.86,Completed
316128,8,2018-01-04,Tacoma,28022.32,5.84,Completed
316129,10,2018-01-30,RAV4,26198.78,4.88,Completed
316130,15,2018-01-24,Prius,22188.35,4.86,Completed
316131,17,2018-01-21,Camry,21424.5,4.51,Completed
316132,17,2018-01-25,Highlander,31993.44,4.51,Completed
316133,17,2018-01-31,Camry,18999.8,4.51,Completed
316134,7,2018-01-16,Prius,23903.17,5.39,Completed
316135,7,2018-01-31,Highlander,48322.63,5.39,Completed
316136,8,2018-01-27,Prius,22590.69,5.84,Completed
316137,10,2018-01-01,Camry,23046.11,4.88,Completed
316138,6,2018-01-11,Tacoma,23201.02,3.86,Completed
316139,15,2018-01-17,Prius,23314.3,4.86,Completed
316140,7,2018-01-24,Sienna,38883.46,5.39,Completed
316141,5,2018-01-02,Prius,20034.12,5.34,Completed
316142,1,2018-01-29,Corolla,18418.72,5.24,Completed
316143,4,2018-01-02,RAV4,24953.14,3.81,Completed
316144,14,2018-01-15,Camry,29713.06,5.1,Completed
316145,1,2018-01-14,Highlander,37902.71,5.24,Completed
316146,15,2018-01-14,Corolla,21612.05,4.86,Completed
316147,7,2018-01-01,Sienna,34061.45,5.39,Completed
316148,5,2018-01-15,Highlander,37483.26,5.34,Completed
316149,7,2018-01-25,RAV4,35277.56,5.39,Completed
316150,1,2018-01-09,Tacoma,23546.36,5.24,Completed
316151,4,2018-01-03,Tundra,23370.39,3.81,Completed
316152,12,2018-01-31,Tundra,32895.6,5.65,Completed
316153,13,2018-01-18,Tundra,41283.27,5.61,Cancelled
316154,3,2018-01-03,Sienna,37085.72,5.69,Completed
316155,14,2018-01-10,RAV4,31793.7,5.1,Completed
316156,8,2018-01-09,Tacoma,31115.44,5.84,Completed
316157,9,2018-01-08,Tundra,29149.02,4.4,Completed
316158,3,2018-01-12,Prius,23860.81,5.69,Completed
316159,8,2018-01-15,Prius,26092.82,5.84,Completed
316160,20,2018-01-24,Tundra,40288.72,5.77,Completed
316161,12,2018-01-07,Sienna,37097.22,5.65,Completed
316162,18,2018-01-06,Corolla,23119.97,5.68,Completed
316163,15,2018-01-28,RAV4,31554.67,4.86,Completed
316164,16,2018-01-25,Corolla,23044.09,6.06,Completed
316165,15,2018-01-07,Corolla,20672.56,4.86,Completed
316166,10,2018-01-24,Tacoma,24247.4,4.88,Completed
316167,5,2018-01-21,RAV4,30809.36,5.34,Completed
316168,4,2018-01-25,Highlander,33817.91,3.81,Completed
316169,6,2018-01-14,Highlander,32478.05,3.86,Completed
316170,20,2018-01-01,Sienna,34442.54,5.77,Completed
316171,8,2018-01-03,Corolla,20946.6,5.84,Completed
316172,15,2018-01-28,Camry,28440.21,4.86,Completed
316173,2,2018-01-04,Corolla,16391.69,4.0,Completed
316174,16,2018-01-30,Camry,31076.72,6.06,Completed
316175,6,2018-01-07,Camry,20486.68,3.86,Completed
316176,3,2018-01-02,Tacoma,34164.39,5.69,Completed
316177,19,2018-01-02,RAV4,31112.9,5.48,Completed
316178,9,2018-01-13,Tacoma,21082.0,4.4,Completed
316179,16,2018-01-26,Highlander,45358.98,6.06,Completed
316180,4,2018-01-08,Tacoma,19339.43,3.81,Completed
316181,11,2018-01-17,Sienna,29047.5,4.16,Completed
316182,13,2018-01-20,Camry,29679.83,5.61,Completed
316183,20,2018-01-20,Sienna,40556.94,5.77,Completed
316184,4,2018-01-08,Highlander,34111.08,3.81,Completed
316185,8,2018-01-10,Tacoma,32714.51,5.84,Completed
316186,8,2018-01-08,Highlander,49052.62,5.84,Completed
316187,19,2018-01-17,Corolla,17257.45,5.48,Completed
316188,16,2018-01-10,Highlander,47924.84,6.06,Completed
316189,5,2018-01-12,Tundra,28571.4,5.34,Completed
316190,12,2018-01-24,RAV4,32006.06,5.65,Completed
316191,18,2018-01-31,Highlander,53085.02,5.68,Completed
316192,4,2018-01-15,Sienna,26030.61,3.81,Completed
316193,13,2018-01-10,Prius,25929.18,5.61,Completed
316194,14,2018-01-17,Sienna,37459.76,5.1,Completed
316195,4,2018-01-02,Tacoma,22192.71,3.81,Completed
316196,16,2018-01-22,Prius,24711.02,6.06,Completed
316197,4,2018-01-06,RAV4,24161.96,3.81,Completed
316198,13,2018-01-01,RAV4,38594.17,5.61,Completed
316199,11,2018-01-09,Tacoma,24755.26,4.16,Completed
316200,4,2018-01-09,Highlander,34392.87,3.81,Completed
316201,13,2018-01-18,Corolla,21947.59,5.61,Pending
316202,8,2018-01-28,Sienna,40360.71,5.84,Completed
316203,9,2018-01-11,Tundra,28174.22,4.4,Completed
316204,17,2018-01-13,Highlander,31655.21,4.51,Completed
316205,12,2018-01-21,Tacoma,31706.39,5.65,Completed
316206,4,2018-01-03,Sienna,25308.88,3.81,Completed
316207,5,2018-01-04,Tacoma,24665.92,5.34,Completed
316208,7,2018-01-28,Tacoma,33626.26,5.39,Completed
316209,8,2018-01-09,Tacoma,32471.97,5.84,Completed
316210,16,2018-01-11,Tundra,40367.32,6.06,Completed
316211,20,2018-01-26,Prius,22968.46,5.77,Completed
316212,3,2018-01-31,Corolla,23735.16,5.69,Completed
316213,17,2018-01-30,Highlander,32365.01,4.51,Completed
316214,2,2018-01-03,RAV4,23738.07,4.0,Completed
316215,19,2018-01-25,RAV4,29056.84,5.48,Completed
316216,12,2018-01-08,Tacoma,31165.55,5.65,Completed
316217,14,2018-01-01,Camry,28848.33,5.1,Completed
316218,2,2018-01-14,Tacoma,25209.52,4.0,Completed
316219,2,2018-01-21,Highlander,32954.37,4.0,Completed
316220,18,2018-01-21,Prius,27415.38,5.68,Completed
316221,12,2018-01-02,Tacoma,31306.42,5.65,Completed
316222,5,2018-01-08,Prius,21342.8,5.34,Completed
316223,16,2018-01-08,Tundra,36518.33,6.06,Completed
316224,6,2018-01-14,Corolla,13973.27,3.86,Completed
316225,2,2018-01-16,Corolla,16628.01,4.0,Completed
316226,19,2018-01-03,Sienna,34160.15,5.48,Completed
316227,14,2018-01-12,Tacoma,31620.7,5.1,Completed
316228,12,2018-01-28,Corolla,19427.89,5.65,Cancelled
316229,2,2018-01-09,Corolla,14913.22,4.0,Completed
316230,16,2018-01-16,Corolla,21134.46,6.06,Completed
316231,12,2018-01-14,Prius,24269.35,5.65,Completed
316232,5,2018-01-27,Tacoma,26566.12,5.34,Completed
316233,14,2018-01-14,Tundra,35678.01,5.1,Completed
316234,6,2018-01-28,Tacoma,22751.86,3.86,Completed
316235,13,2018-01-08,RAV4,33351.64,5.61,Completed
316236,9,2018-01-01,Camry,19204.91,4.4,Completed
316237,14,2018-01-03,Prius,24555.44,5.1,Completed
316238,11,2018-01-04,Highlander,35172.86,4.16,Completed
316239,10,2018-01-31,Tacoma,23744.91,4.88,Cancelled
316240,10,2018-01-23,RAV4,27084.86,4.88,Completed
316241,4,2018-01-10,Camry,21795.44,3.81,Completed
316242,19,2018-01-07,Camry,25428.0,5.48,Completed
316243,7,2018-01-25,Highlander,47597.97,5.39,Completed
316244,14,2018-01-17,Camry,29763.48,5.1,Pending
316245,12,2018-01-16,Camry,29963.82,5.65,Completed
316246,3,2018-01-31,Sienna,41759.32,5.69,Pending
316247,9,2018-01-13,Tacoma,23219.41,4.4,Completed
316248,7,2018-01-04,Prius,26582.68,5.39,Completed
316249,20,2018-01-17,Prius,24398.57,5.77,Completed
316250,5,2018-01-05,Prius,22093.32,5.34,Completed
316251,20,2018-01-10,RAV4,30941.84,5.77,Completed
316252,3,2018-01-26,Highlander,45772.86,5.69,Completed
316253,12,2018-01-18,Tacoma,30334.64,5.65,Completed
316254,3,2018-01-10,Camry,32739.03,5.69,Completed
316255,14,2018-01-03,Camry,25976.76,5.1,Completed
316256,14,2018-01-10,Prius,22092.27,5.1,Completed
316257,12,2018-01-30,RAV4,32150.0,5.65,Completed
316258,15,2018-01-13,Camry,29119.53,4.86,Completed
316259,5,2018-01-08,RAV4,30445.19,5.34,Completed
316260,13,2018-01-29,Sienna,41068.35,5.61,Pending
316261,13,2018-01-19,RAV4,33225.15,5.61,Completed
316262,5,2018-01-27,Tacoma,25823.62,5.34,Completed
316263,13,2018-01-10,Corolla,23406.25,5.61,Completed
316264,2,2018-01-25,Prius,17232.45,4.0,Completed
316265,13,2018-01-15,Camry,27810.81,5.61,Completed
316266,4,2018-01-12,Camry,20281.64,3.81,Cancelled
316267,2,2018-01-25,Sienna,25950.92,4.0,Completed
316268,11,2018-01-23,Prius,16735.8,4.16,Completed
316269,4,2018-01-11,Corolla,13398.13,3.81,Completed
316270,1,2018-01-27,Tundra,32915.82,5.24,Completed
316271,11,2018-01-21,Camry,19290.43,4.16,Completed
316272,16,2018-01-15,Prius,26529.44,6.06,Completed
316273,1,2018-01-18,Corolla,16751.29,5.24,Completed
316274,19,2018-01-15,Camry,23599.29,5.48,Completed
316275,13,2018-01-15,Sienna,42068.59,5.61,Completed
316276,3,2018-01-29,Corolla,21556.99,5.69,Completed
316277,20,2018-01-07,Sienna,37711.46,5.77,Completed
316278,20,2018-01-08,Sienna,34658.2,5.77,Completed
316279,5,2018-01-26,Sienna,32289.24,5.34,Completed
316280,9,2018-01-02,Prius,17696.42,4.4,Completed
316281,17,2018-01-02,Tacoma,21962.72,4.51,Completed
316282,18,2018-01-15,Tundra,40349.55,5.68,Completed
316283,7,2018-01-25,Prius,25911.15,5.39,Completed
316284,13,2018-01-30,RAV4,32936.35,5.61,Completed
316285,10,2018-01-07,Prius,17067.98,4.88,Completed
316286,2,2018-01-22,Tundra,26318.84,4.0,Cancelled
316287,3,2018-01-20,Tacoma,34677.51,5.69,Completed
316288,1,2018-01-27,Camry,26341.62,5.24,Completed
316289,7,2018-01-13,Sienna,33902.92,5.39,Completed
316290,10,2018-01-03,RAV4,27728.4,4.88,Completed
316291,10,2018-01-27,Camry,23408.43,4.88,Completed
316292,1,2018-01-13,Tacoma,24777.61,5.24,Completed
316293,9,2018-01-07,Camry,20671.66,4.4,Completed
316294,10,2018-01-19,Highlander,37123.69,4.88,Completed
316295,13,2018-01-28,Camry,28016.16,5.61,Completed
316296,8,2018-01-15,Highlander,46005.91,5.84,Completed
316297,18,2018-01-31,Highlander,53598.28,5.68,Completed
316298,15,2018-01-12,Camry,25632.16,4.86,Completed
316299,8,2018-01-09,Corolla,20579.37,5.84,Completed
316300,10,2018-01-31,RAV4,24950.23,4.88,Completed
316301,7,2018-01-14,Corolla,20557.89,5.39,Completed
316302,11,2018-01-03,Highlander,34165.08,4.16,Completed
316303,5,2018-01-13,Tundra,33113.89,5.34,Completed
316304,4,2018-01-10,Highlander,30217.51,3.81,Completed
316305,14,2018-01-02,Tacoma,31169.34,5.1,Completed
316306,19,2018-01-02,Prius,22683.43,5.48,Completed
316307,1,2018-01-06,RAV4,27343.72,5.24,Completed
316308,1,2018-01-22,Highlander,40186.42,5.24,Completed
316309,5,2018-01-16,Corolla,18320.23,5.34,Completed
316310,12,2018-01-12,RAV4,33511.28,5.65,Completed
316311,7,2018-01-15,RAV4,37477.64,5.39,Completed
316312,18,2018-01-21,RAV4,39411.96,5.68,Completed
316313,20,2018-01-05,Tacoma,29197.76,5.77,Completed
316314,7,2018-01-06,Tundra,34971.2,5.39,Completed
316315,4,2018-01-08,Tundra,26337.65,3.81,Completed
316316,9,2018-01-22,Tacoma,21917.6,4.4,Completed
316317,16,2018-01-21,Sienna,38075.01,6.06,Completed
316318,2,2018-01-22,RAV4,26846.44,4.0,Completed
316319,16,2018-01-03,Corolla,22846.59,6.06,Completed
316320,2,2018-01-15,Prius,16787.93,4.0,Completed
316321,10,2018-01-24,Tundra,26182.48,4.88,Completed
316322,9,2018-01-20,Tacoma,21443.92,4.4,Completed
316323,14,2018-01-02,Tacoma,29864.2,5.1,Completed
316324,5,2018-01-27,Prius,18538.36,5.34,Completed
316325,18,2018-01-05,Highlander,48931.17,5.68,Completed
316326,18,2018-01-11,Tundra,40716.58,5.68,Completed
316327,8,2018-01-02,Highlander,50459.4,5.84,Completed
316328,19,2018-01-17,Tacoma,28289.84,5.48,Completed
316329,7,2018-01-19,Corolla,19642.03,5.39,Completed
316330,18,2018-01-26,Tacoma,34512.82,5.68,Completed
316331,1,2018-01-22,RAV4,27688.4,5.24,Completed
316332,5,2018-01-16,Sienna,29357.31,5.34,Completed
316333,4,2018-01-30,Corolla,13894.95,3.81,Completed
316334,19,2018-01-07,Corolla,19091.78,5.48,Completed
316335,13,2018-01-17,Corolla,22133.83,5.61,Completed
316336,20,2018-01-11,Tacoma,29703.13,5.77,Completed
316337,20,2018-01-15,Camry,29571.29,5.77,Completed
316338,17,2018-01-15,Tundra,23514.43,4.51,Completed
316339,12,2018-01-15,Tundra,37393.82,5.65,Completed
316340,10,2018-01-12,Tacoma,22864.24,4.88,Completed
316341,2,2018-01-09,Tundra,25778.36,4.0,Completed
316342,13,2018-01-04,Corolla,23788.03,5.61,Completed
316343,14,2018-01-26,RAV4,32042.79,5.1,Completed
316344,11,2018-01-27,Corolla,15701.23,4.16,Completed
316345,11,2018-01-06,Prius,16223.39,4.16,Completed
316346,2,2018-01-07,Highlander,35835.4,4.0,Completed
316347,9,2018-01-31,RAV4,23700.26,4.4,Completed
316348,12,2018-01-17,Tacoma,29658.06,5.65,Completed
316349,6,2018-01-31,Sienna,24404.46,3.86,Completed
316350,20,2018-01-13,Highlander,50936.08,5.77,Completed
316351,8,2018-01-02,Corolla,22255.69,5.84,Completed
316352,8,2018-01-01,Tundra,38849.11,5.84,Completed
316353,1,2018-01-27,Camry,22381.51,5.24,Completed
316354,5,2018-01-03,Tacoma,24963.08,5.34,Completed
316355,13,2018-01-10,Camry,28830.73,5.61,Completed
316356,16,2018-01-06,Sienna,37941.26,6.06,Completed
316357,16,2018-01-21,RAV4,36645.01,6.06,Completed
316358,8,2018-01-22,Tacoma,32000.09,5.84,Completed
316359,9,2018-01-08,Tacoma,21824.86,4.4,Completed
316360,6,2018-01-02,Corolla,14244.58,3.86,Completed
316361,12,2018-01-08,Tundra,35985.39,5.65,Completed
316362,9,2018-01-06,Camry,21951.45,4.4,Completed
316363,7,2018-01-31,Tacoma,29717.1,5.39,Completed
316364,1,2018-01-27,Sienna,33704.58,5.24,Completed
316365,18,2018-01-04,Prius,27758.48,5.68,Completed
316366,9,2018-01-15,Prius,17397.14,4.4,Completed
316367,13,2018-01-03,Corolla,21492.08,5.61,Completed
316368,15,2018-01-13,Tacoma,32466.15,4.86,Completed
316369,10,2018-01-22,Corolla,15997.88,4.88,Completed
316370,20,2018-01-04,Tundra,37040.2,5.77,Completed
316371,6,2018-01-30,Sienna,25027.97,3.86,Completed
316372,3,2018-01-16,Highlander,51594.93,5.69,Completed
316373,1,2018-01-31,Camry,22050.93,5.24,Completed
316374,17,2018-01-20,Prius,17312.42,4.51,Completed
316375,12,2018-01-19,Sienna,38742.34,5.65,Completed
316376,7,2018-01-12,Highlander,51259.06,5.39,Completed
316377,13,2018-01-22,Tacoma,29183.0,5.61,Completed
316378,14,2018-01-04,Tundra,33044.06,5.1,Completed
316379,4,2018-01-08,Tundra,28030.48,3.81,Completed
316380,3,2018-01-07,Camry,29644.59,5.69,Completed
316381,6,2018-01-02,Prius,16549.05,3.86,Completed
316382,3,2018-01-29,Sienna,36710.13,5.69,Completed
316383,6,2018-01-01,Corolla,14492.2,3.86,Completed
316384,17,2018-01-17,Prius,18234.17,4.51,Completed
316385,7,2018-01-30,Tundra,39412.28,5.39,Completed
316386,2,2018-01-09,Camry,22848.16,4.0,Completed
316387,3,2018-01-05,Tacoma,30789.63,5.69,Completed
316388,3,2018-01-28,Sienna,38352.01,5.69,Pending
316389,19,2018-01-23,Tacoma,27448.85,5.48,Completed
316390,13,2018-01-15,Sienna,39511.14,5.61,Completed
316391,9,2018-01-02,Camry,19139.52,4.4,Completed
316392,5,2018-01-14,Corolla,17006.88,5.34,Cancelled
316393,15,2018-01-07,RAV4,33353.97,4.86,Completed
316394,14,2018-01-22,Camry,26630.41,5.1,Completed
316395,15,2018-01-28,Tundra,37986.66,4.86,Pending
316396,11,2018-01-06,Camry,21829.25,4.16,Completed
316397,10,2018-01-07,Prius,17680.44,4.88,Cancelled
316398,2,2018-01-23,RAV4,24756.82,4.0,Completed
316399,10,2018-01-26,Corolla,14796.7,4.88,Completed
316400,16,2018-01-29,Prius,23430.32,6.06,Completed
316401,3,2018-01-02,Camry,32054.32,5.69,Completed
316402,11,2018-01-24,RAV4,24424.52,4.16,Completed
316403,17,2018-01-05,Prius,17240.15,4.51,Cancelled
316404,18,2018-01-04,Sienna,36918.8,5.68,Completed
316405,2,2018-01-11,Tacoma,21441.51,4.0,Completed
316406,17,2018-01-07,Sienna,27905.73,4.51,Completed
316407,5,2018-01-21,Highlander,42543.32,5.34,Completed
316408,14,2018-01-15,Sienna,33043.51,5.1,Completed
316409,15,2018-01-15,Prius,25678.8,4.86,Completed
316410,18,2018-01-18,Corolla,20822.42,5.68,Completed
316411,20,2018-01-20,RAV4,36193.34,5.77,Cancelled
316412,10,2018-01-13,Corolla,14630.31,4.88,Completed
316413,20,2018-01-08,Sienna,35079.54,5.77,Completed
316414,20,2018-01-09,Camry,27077.58,5.77,Completed
316415,6,2018-01-23,RAV4,25116.21,3.86,Completed
316416,1,2018-01-06,Sienna,31784.42,5.24,Completed
316417,6,2018-01-11,Prius,16456.64,3.86,Completed
316418,7,2018-01-12,Tundra,37792.16,5.39,Completed
316419,10,2018-01-21,Sienna,29351.43,4.88,Completed
316420,1,2018-01-21,Sienna,31316.26,5.24,Completed
316421,2,2018-01-05,Tacoma,21794.06,4.0,Completed
316422,17,2018-01-07,Tacoma,21583.06,4.51,Completed
316423,1,2018-01-31,Sienna,30013.59,5.24,Completed
316424,14,2018-01-02,Tundra,31777.48,5.1,Completed
316425,19,2018-01-10,Camry,27465.51,5.48,Pending
316426,20,2018-01-16,Highlander,45769.36,5.77,Completed
316427,5,2018-01-11,Sienna,29291.52,5.34,Completed
316428,3,2018-01-13,Sienna,36322.98,5.69,Completed
316429,3,2018-01-21,Camry,28256.39,5.69,Completed
316430,10,2018-01-20,Prius,19662.06,4.88,Completed
316431,1,2018-01-23,Tacoma,27284.74,5.24,Completed
316432,17,2018-01-16,Highlander,31954.94,4.51,Completed
316433,20,2018-01-21,Corolla,19762.11,5.77,Completed
316434,6,2018-01-12,RAV4,24197.72,3.86,Completed
316435,12,2018-01-20,Tundra,39182.31,5.65,Completed
316436,15,2018-01-22,Tacoma,28942.22,4.86,Completed
316437,4,2018-01-22,Tundra,23753.14,3.81,Completed
316438,12,2018-01-20,Corolla,19327.86,5.65,Completed
316439,5,2018-01-20,RAV4,28243.79,5.34,Pending
316440,9,2018-01-20,Highlander,36524.82,4.4,Completed
316441,12,2018-01-08,RAV4,33746.4,5.65,Completed
316442,8,2018-01-20,Prius,26268.09,5.84,Completed
316443,5,2018-01-15,Highlander,41433.77,5.34,Completed
316444,4,2018-01-06,Highlander,34143.31,3.81,Completed
316445,16,2018-01-13,Sienna,37050.14,6.06,Completed
316446,16,2018-01-20,Sienna,38486.57,6.06,Completed
316447,5,2018-01-20,RAV4,29640.81,5.34,Completed
316448,18,2018-01-31,Tacoma,33953.2,5.68,Completed
316449,10,2018-01-07,Prius,16840.02,4.88,Completed
316450,6,2018-01-22,Tacoma,20748.36,3.86,Completed
316451,17,2018-01-03,Tacoma,21378.34,4.51,Completed
316452,15,2018-01-18,RAV4,35971.77,4.86,Completed
316453,15,2018-01-14,Corolla,22721.38,4.86,Cancelled
316454,5,2018-01-24,RAV4,26794.24,5.34,Completed
316455,1,2018-01-09,RAV4,28338.45,5.24,Completed
316456,6,2018-01-26,Tacoma,23404.13,3.86,Completed
316457,9,2018-01-01,Sienna,28581.7,4.4,Completed
316458,1,2018-01-21,Tacoma,23810.37,5.24,Completed
316459,7,2018-01-12,Camry,29640.14,5.39,Completed
316460,2,2018-01-11,Corolla,16805.92,4.0,Completed
316461,8,2018-01-19,Tundra,38717.8,5.84,Completed
316462,10,2018-01-22,Sienna,29542.89,4.88,Completed
316463,17,2018-01-17,Prius,15796.3,4.51,Completed
316464,12,2018-01-08,Prius,23268.0,5.65,Completed
316465,4,2018-01-01,Tundra,27468.93,3.81,Completed
316466,17,2018-01-02,Tundra,25534.3,4.51,Completed
316467,3,2018-01-20,Camry,29035.57,5.69,Completed
316468,7,2018-01-22,Tundra,40404.34,5.39,Completed
316469,12,2018-01-04,Tacoma,31825.83,5.65,Completed
316470,14,2018-01-28,Sienna,38143.6,5.1,Completed
316471,3,2018-01-28,Tacoma,31917.51,5.69,Completed
316472,9,2018-01-28,Tacoma,24371.04,4.4,Completed
316473,10,2018-01-01,Tundra,30412.94,4.88,Completed
316474,10,2018-01-22,Sienna,27188.89,4.88,Completed
316475,9,2018-01-05,Tacoma,20323.08,4.4,Completed
316476,16,2018-01-15,Corolla,22526.2,6.06,Completed
316477,14,2018-01-21,Prius,23729.12,5.1,Completed
316478,14,2018-01-10,Prius,22522.89,5.1,Completed
316479,12,2018-01-17,Prius,22322.56,5.65,Completed
316480,10,2018-01-16,Corolla,16611.4,4.88,Completed
316481,4,2018-01-23,Highlander,30709.42,3.81,Completed
316482,10,2018-01-26,Corolla,15328.16,4.88,Completed
316483,13,2018-01-06,Camry,30362.17,5.61,Completed
316484,18,2018-01-13,RAV4,39737.44,5.68,Completed
316485,4,2018-01-12,Corolla,13501.08,3.81,Completed
316486,16,2018-01-15,Tundra,35094.69,6.06,Completed
316487,14,2018-01-31,Corolla,20529.43,5.1,Completed
316488,5,2018-01-24,Tacoma,27238.12,5.34,Completed
316489,4,2018-01-05,Tacoma,19686.23,3.81,Completed
316490,20,2018-01-17,Corolla,20417.02,5.77,Completed
316491,10,2018-01-12,Sienna,27739.41,4.88,Completed
316492,3,2018-01-03,Highlander,46117.72,5.69,Pending
316493,20,2018-01-16,RAV4,35521.28,5.77,Completed
316494,9,2018-01-04,Tacoma,22226.05,4.4,Completed
316495,7,2018-01-02,Tundra,38734.83,5.39,Completed
316496,20,2018-01-06,Corolla,22666.89,5.77,Completed
316497,8,2018-01-01,RAV4,31021.87,5.84,Completed
316498,8,2018-01-26,RAV4,31008.23,5.84,Completed
316499,13,2018-01-27,Prius,25135.98,5.61,Completed
316500,19,2018-01-10,Sienna,30637.91,5.48,Completed
316501,5,2018-01-06,Camry,25382.6,5.34,Completed
316502,4,2018-01-11,Prius,18048.32,3.81,Completed
316503,16,2018-01-06,Corolla,22791.16,6.06,Completed
316504,10,2018-01-11,Sienna,27586.28,4.88,Completed
316505,12,2018-01-07,Tacoma,30728.04,5.65,Completed
316506,9,2018-01-29,Highlander,30794.77,4.4,Completed
316507,16,2018-01-05,Camry,30676.9,6.06,Completed
316508,6,2018-01-26,Prius,16334.9,3.86,Completed
316509,19,2018-01-23,Sienna,34017.13,5.48,Completed
316510,20,2018-01-01,Camry,28714.44,5.77,Completed
316511,19,2018-01-25,Sienna,31615.26,5.48,Completed
316512,19,2018-01-29,Prius,22888.49,5.48,Completed
316513,10,2018-01-29,Tundra,29405.53,4.88,Completed
316514,9,2018-01-28,Prius,17553.43,4.4,Completed
316515,5,2018-01-27,Tundra,31658.83,5.34,Completed
316516,7,2018-01-25,Tundra,39192.54,5.39,Completed
316517,13,2018-01-25,Corolla,20822.9,5.61,Completed
316518,8,2018-01-24,Tacoma,31081.25,5.84,Completed
316519,9,2018-01-15,Highlander,30869.8,4.4,Completed
316520,1,2018-01-10,Tundra,29294.18,5.24,Completed
316521,16,2018-01-07,Prius,24798.36,6.06,Completed
316522,1,2018-01-08,Highlander,36032.01,5.24,Completed
316523,5,2018-01-15,Tundra,31390.18,5.34,Completed
316524,17,2018-01-14,RAV4,23358.33,4.51,Completed
316525,9,2018-01-11,Tacoma,21189.16,4.4,Completed
316526,20,2018-01-08,Highlander,44129.02,5.77,Completed
316527,17,2018-01-23,Corolla,15461.43,4.51,Completed
316528,1,2018-01-14,Corolla,17586.73,5.24,Completed
316529,13,2018-01-17,Tacoma,33630.33,5.61,Completed
316530,18,2018-01-05,Highlander,52389.78,5.68,Completed
316531,16,2018-01-28,Tacoma,32087.59,6.06,Completed
316532,18,2018-01-30,Sienna,43313.17,5.68,Pending
316533,11,2018-01-12,Tacoma,23391.76,4.16,Completed
316534,20,2018-01-15,Highlander,45117.76,5.77,Completed
316535,12,2018-01-27,Camry,29876.69,5.65,Completed
316536,9,2018-01-09,Highlander,34858.17,4.4,Completed
316537,20,2018-01-24,Tundra,39565.21,5.77,Completed
316538,9,2018-01-20,Camry,22058.78,4.4,Completed
316539,17,2018-01-20,Tundra,28347.71,4.51,Completed
316540,19,2018-01-09,Highlander,42485.29,5.48,Completed
316541,4,2018-01-02,Camry,18503.65,3.81,Completed
316542,10,2018-01-03,Tundra,28120.24,4.88,Completed
316543,14,2018-01-21,Sienna,37137.13,5.1,Cancelled
316544,13,2018-01-25,Corolla,21762.96,5.61,Completed
316545,11,2018-01-22,Prius,18265.45,4.16,Completed
316546,19,2018-01-18,Camry,26195.82,5.48,Completed
316547,9,2018-01-18,Prius,15835.62,4.4,Completed
316548,13,2018-01-05,Highlander,48263.1,5.61,Completed
316549,15,2018-01-18,Tacoma,28715.01,4.86,Completed
316550,1,2018-01-27,Corolla,18128.26,5.24,Completed
316551,3,2018-01-31,Tacoma,31825.55,5.69,Completed
316552,13,2018-01-16,Prius,23542.31,5.61,Cancelled
316553,4,2018-01-10,RAV4,21876.15,3.81,Completed
316554,17,2018-01-01,Camry,19792.0,4.51,Completed
316555,18,2018-01-23,Corolla,24187.07,5.68,Completed
316556,14,2018-01-17,Highlander,48435.86,5.1,Completed
316557,5,2018-01-22,RAV4,30034.75,5.34,Completed
316558,18,2018-01-12,Corolla,22534.07,5.68,Completed
316559,11,2018-01-22,Tacoma,21875.14,4.16,Completed
316560,9,2018-01-12,Camry,19447.02,4.4,Completed
316561,13,2018-01-25,Tacoma,34818.25,5.61,Completed
316562,20,2018-01-07,Highlander,42559.21,5.77,Completed
316563,1,2018-01-28,Corolla,18273.28,5.24,Completed
316564,1,2018-01-14,Highlander,41195.58,5.24,Completed
316565,18,2018-01-31,Corolla,21386.42,5.68,Completed
316566,1,2018-01-26,RAV4,27722.28,5.24,Completed
316567,5,2018-01-13,Tundra,32343.42,5.34,Completed
316568,11,2018-01-06,Corolla,14536.28,4.16,Completed
316569,5,2018-01-19,Tacoma,27472.07,5.34,Completed
316570,14,2018-01-02,Corolla,18881.72,5.1,Completed
316571,13,2018-01-13,Tundra,37294.77,5.61,Completed
316572,1,2018-01-28,Sienna,29822.14,5.24,Completed
316573,7,2018-01-15,Sienna,34732.67,5.39,Completed
316574,9,2018-01-24,Tacoma,21912.05,4.4,Completed
316575,6,2018-01-07,Tundra,27957.6,3.86,Completed
316576,12,2018-01-06,Sienna,33235.69,5.65,Completed
316577,16,2018-01-09,Corolla,23110.44,6.06,Cancelled
316578,5,2018-01-02,Sienna,31115.64,5.34,Completed
316579,5,2018-01-25,Corolla,19323.03,5.34,Pending
316580,4,2018-01-15,Tacoma,23046.84,3.81,Completed
316581,8,2018-01-18,Camry,31091.06,5.84,Completed
316582,18,2018-01-17,Camry,30250.58,5.68,Completed
316583,2,2018-01-09,Highlander,37932.81,4.0,Completed
316584,2,2018-01-20,RAV4,24325.45,4.0,Completed
316585,9,2018-01-03,RAV4,26330.35,4.4,Completed
316586,15,2018-01-13,Sienna,38655.54,4.86,Completed
316587,16,2018-01-03,Camry,29215.33,6.06,Completed
316588,10,2018-01-13,Corolla,15595.21,4.88,Completed
316589,20,2018-01-19,Highlander,48750.66,5.77,Completed
316590,6,2018-01-27,Highlander,32334.87,3.86,Completed
316591,17,2018-01-09,Corolla,13529.16,4.51,Completed
316592,7,2018-01-02,Tacoma,34636.76,5.39,Completed
316593,2,2018-01-17,Prius,17258.03,4.0,Completed
316594,1,2018-01-02,Tacoma,27318.38,5.24,Completed
316595,15,2018-01-22,Corolla,19201.71,4.86,Completed
316596,4,2018-01-23,Prius,15190.58,3.81,Completed
316597,19,2018-01-20,Sienna,34524.29,5.48,Completed
316598,9,2018-01-20,Highlander,36309.06,4.4,Completed
316599,4,2018-01-04,Highlander,33325.58,3.81,Completed
316600,1,2018-01-14,RAV4,27218.03,5.24,Pending
316601,16,2018-01-28,Corolla,23275.74,6.06,Completed
316602,3,2018-01-27,Sienna,36151.12,5.69,Completed
316603,17,2018-01-29,Prius,18292.02,4.51,Completed
316604,4,2018-01-11,Prius,17051.8,3.81,Completed
316605,10,2018-01-03,Camry,20421.5,4.88,Pending
316606,11,2018-01-09,Camry,20753.61,4.16,Completed
316607,12,2018-01-28,RAV4,31932.68,5.65,Completed
316608,9,2018-01-11,Highlander,34244.91,4.4,Completed
316609,17,2018-01-04,Prius,15631.26,4.51,Completed
316610,16,2018-01-20,Corolla,20975.59,6.06,Completed
316611,15,2018-01-26,Corolla,18862.28,4.86,Completed
316612,16,2018-01-24,Tacoma,33066.76,6.06,Completed
316613,8,2018-01-05,Corolla,19740.15,5.84,Completed
316614,1,2018-01-16,RAV4,26435.14,5.24,Completed
316615,14,2018-01-25,Prius,21400.96,5.1,Completed
316616,15,2018-01-21,Corolla,19586.51,4.86,Completed
316617,20,2018-01-10,Highlander,49252.72,5.77,Completed
316618,19,2018-01-08,Tundra,31475.61,5.48,Completed
316619,18,2018-01-18,Tacoma,31908.04,5.68,Completed
316620,3,2018-01-23,Sienna,40139.69,5.69,Completed
316621,13,2018-01-27,Sienna,40190.54,5.61,Completed
316622,9,2018-01-11,RAV4,25739.79,4.4,Completed
316623,12,2018-01-19,Corolla,20415.88,5.65,Completed
316624,10,2018-01-25,Corolla,14349.06,4.88,Completed
316625,10,2018-01-17,Camry,23548.06,4.88,Completed
316626,20,2018-01-05,RAV4,34675.52,5.77,Completed
316627,1,2018-01-28,Tundra,30055.18,5.24,Completed
316628,17,2018-01-13,Tundra,24961.36,4.51,Completed
316629,13,2018-01-07,Prius,23559.7,5.61,Completed
316630,5,2018-01-22,Camry,23081.59,5.34,Completed
316631,6,2018-01-23,RAV4,21762.53,3.86,Completed
316632,11,2018-01-28,Prius,18986.16,4.16,Completed
316633,2,2018-01-17,Corolla,16591.52,4.0,Completed
316634,20,2018-01-21,Corolla,22432.23,5.77,Pending
316635,5,2018-01-12,RAV4,29578.61,5.34,Completed
316636,7,2018-01-22,Tundra,35330.07,5.39,Completed
316637,8,2018-01-23,Corolla,19427.49,5.84,Completed
316638,6,2018-01-05,Camry,20314.02,3.86,Completed
316639,12,2018-01-16,Camry,30532.25,5.65,Completed
316640,17,2018-01-19,Prius,16462.2,4.51,Completed
316641,16,2018-01-10,Camry,30072.73,6.06,Completed
316642,7,2018-01-31,Sienna,36371.95,5.39,Completed
316643,11,2018-01-23,Prius,17336.87,4.16,Completed
316644,5,2018-01-27,Highlander,39896.69,5.34,Completed
316645,15,2018-01-25,Highlander,45933.21,4.86,Completed
316646,20,2018-01-17,Camry,26900.93,5.77,Completed
316647,12,2018-01-31,Prius,24458.85,5.65,Completed
316648,8,2018-01-15,Corolla,20506.81,5.84,Completed
316649,1,2018-01-10,Prius,21226.61,5.24,Completed
316650,4,2018-01-13,Tacoma,21063.59,3.81,Completed
316651,1,2018-01-26,RAV4,28784.05,5.24,Completed
316652,20,2018-01-22,Highlander,43198.05,5.77,Completed
316653,18,2018-01-18,Tacoma,33030.01,5.68,Completed
316654,8,2018-01-27,Sienna,36774.65,5.84,Completed
316655,12,2018-01-28,RAV4,35580.12,5.65,Completed
316656,7,2018-01-03,Tacoma,34586.29,5.39,Completed
316657,11,2018-01-04,Highlander,31764.16,4.16,Completed
316658,6,2018-01-25,Prius,17589.85,3.86,Completed
316659,11,2018-01-31,Tundra,27788.22,4.16,Completed
316660,15,2018-01-02,Sienna,39325.69,4.86,Completed
316661,17,2018-01-19,Highlander,30340.56,4.51,Completed
316662,3,2018-01-28,Highlander,50279.33,5.69,Completed
316663,7,2018-01-16,Highlander,48187.58,5.39,Completed
316664,1,2018-01-23,Highlander,41807.49,5.24,Completed
316665,12,2018-01-21,Sienna,35330.06,5.65,Completed
316666,10,2018-01-28,Highlander,36776.32,4.88,Completed
316667,11,2018-01-13,Highlander,33757.3,4.16,Completed
316668,2,2018-01-31,Camry,22658.9,4.0,Completed
316669,3,2018-01-10,Corolla,20395.54,5.69,Completed
316670,7,2018-01-07,Prius,22348.88,5.39,Completed
316671,18,2018-01-23,Corolla,22591.71,5.68,Completed
316672,8,2018-01-28,Tacoma,30217.56,5.84,Completed
316673,8,2018-01-28,Sienna,35473.68,5.84,Completed
316674,15,2018-01-22,Sienna,32843.21,4.86,Completed
316675,16,2018-01-15,Camry,30597.47,6.06,Completed
316676,9,2018-01-04,Prius,17019.77,4.4,Completed
316677,19,2018-01-12,Tundra,30971.06,5.48,Completed
316678,1,2018-01-18,RAV4,27376.31,5.24,Completed
316679,12,2018-01-30,Highlander,49122.43,5.65,Completed
316680,20,2018-01-15,Sienna,36260.75,5.77,Completed
316681,9,2018-01-06,Prius,18374.12,4.4,Completed
316682,18,2018-01-08,RAV4,39117.08,5.68,Completed
316683,18,2018-01-04,RAV4,36837.38,5.68,Completed
316684,4,2018-01-22,Tacoma,20132.52,3.81,Completed
316685,16,2018-01-17,Highlander,52375.08,6.06,Completed
316686,18,2018-01-13,Tacoma,30454.22,5.68,Completed
316687,7,2018-01-25,Highlander,48158.26,5.39,Completed
316688,18,2018-01-13,Camry,31972.61,5.68,Cancelled
316689,14,2018-01-06,Camry,26989.94,5.1,Completed
316690,12,2018-01-04,Camry,28714.99,5.65,Completed
316691,5,2018-01-18,Highlander,36400.47,5.34,Completed
316692,15,2018-01-27,RAV4,32621.19,4.86,Completed
316693,1,2018-01-03,RAV4,28610.4,5.24,Completed
316694,3,2018-01-16,Sienna,41963.37,5.69,Completed
316695,11,2018-01-04,Highlander,31403.07,4.16,Completed
316696,18,2018-01-05,Camry,31180.17,5.68,Completed
316697,13,2018-01-23,Sienna,40877.87,5.61,Completed
316698,1,2018-01-06,Corolla,18566.8,5.24,Completed
316699,11,2018-01-26,Camry,19894.4,4.16,Completed
316700,1,2018-01-25,Tacoma,27723.59,5.24,Completed
316701,19,2018-01-01,Camry,24136.12,5.48,Completed
316702,12,2018-01-28,Highlander,48470.79,5.65,Completed
316703,13,2018-01-27,Sienna,37043.53,5.61,Completed
316704,3,2018-01-05,Sienna,41092.14,5.69,Completed
316705,2,2018-01-17,Sienna,26933.15,4.0,Completed
316706,2,2018-01-17,Tacoma,23682.79,4.0,Completed
316707,8,2018-01-15,Prius,24458.95,5.84,Completed
316708,1,2018-01-14,Sienna,30393.86,5.24,Completed
316709,19,2018-01-11,Corolla,18699.63,5.48,Completed
316710,6,2018-01-24,Prius,17117.03,3.86,Completed
316711,12,2018-01-21,Sienna,37641.12,5.65,Completed
316712,7,2018-01-05,Highlander,51474.37,5.39,Completed
316713,16,2018-01-15,Camry,27667.38,6.06,Completed
316714,7,2018-01-07,Highlander,52081.76,5.39,Completed
316715,15,2018-01-16,Camry,25751.31,4.86,Completed
316716,7,2018-01-01,Tundra,40269.46,5.39,Completed
316717,12,2018-01-20,Highlander,49487.94,5.65,Completed
316718,3,2018-01-12,Highlander,45144.33,5.69,Completed
316719,19,2018-01-28,RAV4,28908.29,5.48,Completed
316720,20,2018-01-04,Tacoma,32736.27,5.77,Completed
316721,2,2018-01-22,Corolla,15944.88,4.0,Completed
316722,10,2018-01-16,Corolla,15867.66,4.88,Completed
316723,5,2018-01-26,Highlander,40201.85,5.34,Completed
316724,11,2018-01-07,Sienna,27800.72,4.16,Completed
316725,15,2018-01-26,Corolla,20053.58,4.86,Completed
316726,9,2018-01-08,Camry,18972.47,4.4,Completed
316727,17,2018-01-08,Sienna,27656.9,4.51,Completed
316728,2,2018-01-27,Camry,22571.5,4.0,Completed
316729,1,2018-01-02,Highlander,36834.01,5.24,Completed
316730,10,2018-01-10,Prius,16844.37,4.88,Completed
316731,5,2018-01-11,Camry,22916.32,5.34,Completed
316732,11,2018-01-31,Tacoma,22476.93,4.16,Completed
316733,15,2018-01-23,Corolla,19072.13,4.86,Completed
316734,19,2018-01-08,Sienna,31295.98,5.48,Completed
316735,9,2018-01-02,Sienna,27027.45,4.4,Completed
316736,8,2018-01-17,Corolla,22394.1,5.84,Completed
316737,10,2018-01-07,Corolla,14540.11,4.88,Completed
316738,2,2018-01-05,Tacoma,22421.97,4.0,Completed
316739,2,2018-01-10,Highlander,35008.73,4.0,Completed
316740,11,2018-01-31,Tundra,28585.76,4.16,Completed
316741,10,2018-01-01,Sienna,26616.77,4.88,Pending
316742,11,2018-01-25,Tundra,26731.0,4.16,Completed
316743,13,2018-01-01,Tacoma,29285.99,5.61,Completed
316744,10,2018-01-04,Sienna,30237.12,4.88,Completed
316745,17,2018-01-17,Tundra,24428.67,4.51,Completed
316746,17,2018-01-20,Tacoma,21480.11,4.51,Completed
316747,9,2018-01-13,Tundra,27955.93,4.4,Completed
316748,20,2018-01-15,Tacoma,29922.35,5.77,Completed
316749,9,2018-01-12,Prius,18118.88,4.4,Completed
316750,10,2018-01-07,Highlander,33931.29,4.88,Completed
316751,19,2018-01-13,Highlander,36887.89,5.48,Completed
316752,10,2018-01-08,RAV4,24870.55,4.88,Completed
316753,15,2018-01-17,Prius,25473.59,4.86,Completed
316754,20,2018-01-09,Camry,31275.59,5.77,Completed
316755,4,2018-01-16,Camry,18255.01,3.81,Completed
316756,16,2018-01-19,Tundra,36540.92,6.06,Completed
316757,14,2018-01-15,Highlander,47379.51,5.1,Completed
316758,8,2018-01-19,Camry,27988.6,5.84,Completed
316759,8,2018-01-20,Sienna,36709.13,5.84,Pending
316760,1,2018-01-18,RAV4,28154.52,5.24,Completed
316761,2,2018-01-02,Tacoma,21914.34,4.0,Completed
316762,6,2018-01-11,Camry,21173.1,3.86,Completed
316763,12,2018-01-10,Camry,27511.44,5.65,Completed
316764,2,2018-01-19,RAV4,23675.15,4.0,Completed
316765,16,2018-01-25,Highlander,49066.77,6.06,Completed
316766,1,2018-01-14,Highlander,40827.55,5.24,Completed
316767,19,2018-01-26,Sienna,30218.51,5.48,Completed
316768,3,2018-01-24,RAV4,36359.49,5.69,Completed
316769,6,2018-01-17,Tundra,27705.02,3.86,Completed
316770,11,2018-01-20,Highlander,35829.48,4.16,Completed
316771,1,2018-01-13,RAV4,27785.32,5.24,Completed
316772,9,2018-01-27,Tacoma,22361.97,4.4,Completed
316773,15,2018-01-05,Camry,28095.87,4.86,Completed
316774,18,2018-01-19,Highlander,53067.43,5.68,Completed
316775,11,2018-01-19,Sienna,27670.21,4.16,Completed
316776,12,2018-01-21,RAV4,33731.6,5.65,Completed
316777,3,2018-01-25,RAV4,35925.39,5.69,Completed
316778,9,2018-01-29,Prius,17212.59,4.4,Completed
316779,6,2018-01-18,Tundra,24733.01,3.86,Completed
316780,7,2018-01-31,Corolla,22244.01,5.39,Completed
316781,13,2018-01-18,RAV4,38334.7,5.61,Completed
316782,1,2018-01-10,Corolla,18648.82,5.24,Completed
316783,2,2018-01-16,Camry,20270.53,4.0,Completed
316784,7,2018-01-04,Tundra,34651.26,5.39,Completed
316785,4,2018-01-18,Prius,15170.45,3.81,Completed
316786,13,2018-01-19,Tundra,35814.57,5.61,Completed
316787,6,2018-01-29,Corolla,15664.33,3.86,Completed
316788,7,2018-01-07,Tundra,39503.58,5.39,Completed
316789,10,2018-01-23,Tundra,28502.09,4.88,Completed
316790,5,2018-01-20,Sienna,30437.93,5.34,Completed
316791,20,2018-01-15,Tundra,35070.83,5.77,Completed
316792,16,2018-01-13,Tacoma,31390.51,6.06,Completed
316793,14,2018-01-03,Camry,24991.76,5.1,Pending
316794,17,2018-01-25,Highlander,32840.32,4.51,Completed
316795,14,2018-01-30,RAV4,30042.3,5.1,Completed
316796,8,2018-01-14,Corolla,21077.92,5.84,Completed
316797,10,2018-01-13,Camry,20455.59,4.88,Completed
316798,14,2018-01-14,Highlander,45850.87,5.1,Completed
316799,1,2018-01-23,Prius,20111.6,5.24,Pending
316800,5,2018-01-02,RAV4,28838.11,5.34,Completed
316801,17,2018-01-15,Tundra,23606.63,4.51,Completed
316802,19,2018-01-22,RAV4,30457.17,5.48,Completed
316803,3,2018-01-19,Tundra,38938.59,5.69,Completed
316804,8,2018-01-08,Corolla,18991.31,5.84,Completed
316805,12,2018-01-18,Prius,22532.05,5.65,Completed
316806,15,2018-01-23,Tundra,39197.17,4.86,Completed
316807,8,2018-01-21,Highlander,43475.2,5.84,Completed
316808,5,2018-01-11,Tundra,28884.97,5.34,Completed
316809,20,2018-01-01,Prius,25826.38,5.77,Completed
316810,11,2018-01-09,Prius,18541.74,4.16,Completed
316811,12,2018-01-17,RAV4,34508.15,5.65,Completed
316812,12,2018-01-06,RAV4,33608.63,5.65,Completed
316813,10,2018-01-05,Highlander,35162.54,4.88,Completed
316814,7,2018-01-27,Highlander,50482.4,5.39,Completed
316815,20,2018-01-04,RAV4,33655.89,5.77,Completed
316816,6,2018-01-14,Camry,20632.77,3.86,Completed
316817,19,2018-01-20,Tacoma,24498.57,5.48,Completed
316818,2,2018-01-11,Corolla,14586.27,4.0,Completed
316819,6,2018-01-31,Corolla,14921.5,3.86,Completed
316820,15,2018-01-13,RAV4,33255.65,4.86,Completed
316821,7,2018-01-19,Camry,31720.46,5.39,Completed
316822,3,2018-01-27,RAV4,31747.23,5.69,Completed
316823,13,2018-01-06,Prius,27172.55,5.61,Completed
316824,10,2018-01-13,Camry,23088.57,4.88,Completed
316825,12,2018-01-01,Highlander,50794.14,5.65,Completed
316826,12,2018-01-09,Tacoma,32788.88,5.65,Completed
316827,17,2018-01-20,Sienna,28170.0,4.51,Completed
316828,19,2018-01-19,RAV4,28078.88,5.48,Completed
316829,10,2018-01-14,Highlander,35377.22,4.88,Completed
316830,16,2018-01-28,RAV4,37139.52,6.06,Completed
316831,5,2018-01-23,Prius,19396.53,5.34,Completed
316832,12,2018-01-14,Highlander,50605.21,5.65,Completed
316833,3,2018-01-22,Tacoma,31461.69,5.69,Completed
316834,15,2018-01-25,Camry,29882.81,4.86,Completed
316835,3,2018-01-22,Corolla,23078.69,5.69,Completed
316836,20,2018-01-18,Highlander,49283.94,5.77,Completed
316837,15,2018-01-28,Corolla,19613.78,4.86,Completed
316838,10,2018-01-27,Sienna,25207.3,4.88,Completed
316839,4,2018-01-04,Tundra,23711.3,3.81,Completed
316840,17,2018-01-17,Prius,18011.21,4.51,Completed
316841,9,2018-01-31,Sienna,28249.1,4.4,Completed
316842,13,2018-01-09,Highlander,49880.92,5.61,Completed
316843,14,2018-01-13,Tacoma,30858.28,5.1,Completed
316844,15,2018-01-07,Prius,24581.3,4.86,Completed
316845,9,2018-01-30,Camry,22655.14,4.4,Completed
316846,11,2018-01-10,RAV4,23240.65,4.16,Completed
316847,18,2018-01-26,RAV4,38618.53,5.68,Completed
316848,15,2018-01-01,Corolla,20174.41,4.86,Completed
316849,2,2018-01-30,RAV4,24777.64,4.0,Completed
316850,17,2018-01-06,Prius,16804.67,4.51,Completed
316851,19,2018-01-28,Sienna,33641.53,5.48,Completed
316852,12,2018-01-02,Sienna,38323.44,5.65,Cancelled
316853,13,2018-01-09,Camry,32964.0,5.61,Completed
316854,17,2018-01-01,Tacoma,21871.97,4.51,Completed
316855,1,2018-01-19,Sienna,30057.81,5.24,Completed
316856,5,2018-01-15,Prius,19392.67,5.34,Completed
316857,20,2018-01-01,RAV4,36574.44,5.77,Completed
316858,5,2018-01-08,Tacoma,25446.6,5.34,Completed
316859,19,2018-01-25,Tacoma,24718.74,5.48,Completed
316860,10,2018-01-13,RAV4,24860.31,4.88,Completed
316861,14,2018-01-14,Corolla,21260.75,5.1,Completed
316862,2,2018-01-29,Highlander,34649.16,4.0,Completed
316863,9,2018-01-27,Tacoma,20483.38,4.4,Completed
316864,1,2018-01-22,Camry,24638.96,5.24,Completed
316865,13,2018-01-20,Corolla,22886.01,5.61,Completed
316866,4,2018-01-30,Highlander,33330.13,3.81,Completed
316867,7,2018-01-26,Highlander,43666.45,5.39,Completed
316868,12,2018-01-19,Prius,22628.58,5.65,Completed
316869,18,2018-01-20,Camry,33067.98,5.68,Completed
316870,20,2018-01-19,Tundra,36323.3,5.77,Completed
316871,13,2018-01-07,Corolla,21128.42,5.61,Completed
316872,19,2018-01-12,Camry,23858.69,5.48,Completed
316873,7,2018-01-24,Tundra,39123.93,5.39,Completed
316874,13,2018-01-14,Tundra,36542.69,5.61,Completed
316875,2,2018-01-31,Sienna,25521.41,4.0,Completed
316876,4,2018-01-15,Tundra,26228.49,3.81,Completed
316877,11,2018-01-19,Tacoma,21016.38,4.16,Completed
316878,12,2018-01-13,Tacoma,28448.57,5.65,Completed
316879,19,2018-01-29,Prius,21417.73,5.48,Completed
316880,3,2018-01-21,Tacoma,32527.52,5.69,Completed
316881,10,2018-01-21,Tacoma,22820.59,4.88,Completed
316882,20,2018-01-07,Tundra,37492.86,5.77,Completed
316883,12,2018-01-15,Camry,27660.26,5.65,Completed
316884,8,2018-01-12,Prius,24264.73,5.84,Completed
316885,7,2018-01-22,Sienna,34460.92,5.39,Completed
316886,12,2018-01-05,Tundra,38597.68,5.65,Completed
316887,7,2018-01-15,Tacoma,33446.1,5.39,Completed
316888,4,2018-01-21,Prius,17281.06,3.81,Completed
316889,20,2018-01-07,Tundra,37832.9,5.77,Completed
316890,12,2018-01-22,Prius,22675.84,5.65,Completed
316891,15,2018-01-20,RAV4,35382.38,4.86,Completed
316892,19,2018-01-11,RAV4,28665.1,5.48,Completed
316893,13,2018-01-13,Prius,26925.89,5.61,Completed
316894,2,2018-01-25,Prius,19120.9,4.0,Completed
316895,15,2018-01-13,Corolla,20556.67,4.86,Completed
316896,18,2018-01-18,Corolla,24445.23,5.68,Completed
316897,10,2018-01-11,Highlander,32392.39,4.88,Completed
316898,16,2018-01-29,RAV4,31443.21,6.06,Completed
316899,13,2018-01-28,Tacoma,32193.69,5.61,Pending
316900,3,2018-01-01,RAV4,37521.76,5.69,Completed
316901,3,2018-01-03,Sienna,37697.73,5.69,Completed
316902,10,2018-01-19,RAV4,24454.14,4.88,Completed
316903,20,2018-01-02,Camry,29080.56,5.77,Completed
316904,20,2018-01-18,Sienna,33436.03,5.77,Completed
316905,10,2018-01-28,Highlander,32158.11,4.88,Completed
316906,9,2018-01-15,Sienna,27480.8,4.4,Pending
316907,9,2018-01-04,Corolla,14391.2,4.4,Completed
316908,14,2018-01-08,Tundra,32038.3,5.1,Completed
316909,1,2018-01-27,Corolla,17058.03,5.24,Completed
316910,9,2018-01-25,RAV4,22496.7,4.4,Completed
316911,19,2018-01-13,Sienna,31600.7,5.48,Completed
316912,8,2018-01-31,Highlander,45900.58,5.84,Completed
316913,8,2018-01-12,Tundra,38334.63,5.84,Completed
316914,2,2018-01-30,Tundra,29451.21,4.0,Completed
316915,3,2018-01-26,RAV4,36778.97,5.69,Completed
316916,9,2018-01-10,Highlander,36055.42,4.4,Completed
316917,18,2018-01-15,Highlander,50718.99,5.68,Completed
316918,4,2018-01-17,Tacoma,23381.89,3.81,Completed
316919,11,2018-01-22,Sienna,28322.45,4.16,Completed
316920,7,2018-01-05,Tundra,41043.35,5.39,Completed
316921,19,2018-01-23,Tacoma,26531.72,5.48,Completed
316922,19,2018-01-08,Corolla,20192.7,5.48,Completed
316923,15,2018-01-20,Tundra,35183.31,4.86,Completed
316924,7,2018-01-20,Camry,28717.36,5.39,Completed
316925,4,2018-01-19,Prius,15322.88,3.81,Completed
316926,17,2018-01-30,Prius,16845.39,4.51,Completed
316927,10,2018-01-11,RAV4,23622.45,4.88,Completed
316928,1,2018-01-04,Corolla,16409.46,5.24,Completed
316929,16,2018-01-27,Highlander,47480.94,6.06,Completed
316930,12,2018-01-02,RAV4,32105.97,5.65,Completed
316931,10,2018-01-29,Highlander,36536.52,4.88,Completed
316932,13,2018-01-21,Highlander,48233.64,5.61,Completed
316933,13,2018-01-31,Highlander,48911.36,5.61,Completed
316934,10,2018-01-12,Corolla,17185.9,4.88,Completed
316935,7,2018-01-08,Prius,22542.01,5.39,Completed
316936,11,2018-01-18,Prius,18418.34,4.16,Completed
316937,1,2018-01-08,Camry,23510.14,5.24,Completed
316938,5,2018-01-10,Prius,22059.82,5.34,Completed
316939,18,2018-01-08,Prius,26686.22,5.68,Completed
316940,18,2018-01-10,Prius,27495.6,5.68,Completed
316941,13,2018-01-19,Camry,31197.03,5.61,Completed
316942,19,2018-01-22,Tacoma,24462.41,5.48,Completed
316943,15,2018-01-11,Sienna,38135.75,4.86,Completed
316944,13,2018-01-13,Corolla,21401.03,5.61,Completed
316945,4,2018-01-26,RAV4,24223.83,3.81,Completed
316946,18,2018-01-03,Prius,26279.43,5.68,Completed
316947,12,2018-01-13,RAV4,31216.34,5.65,Completed
316948,14,2018-01-13,Tacoma,29926.55,5.1,Completed
316949,12,2018-01-28,RAV4,35066.21,5.65,Pending
316950,7,2018-01-04,Prius,25837.25,5.39,Completed
316951,20,2018-01-13,Camry,28818.31,5.77,Completed
316952,12,2018-01-18,Tundra,37938.53,5.65,Completed
316953,7,2018-01-02,Sienna,36010.46,5.39,Completed
316954,12,2018-01-14,Tundra,39935.91,5.65,Completed
316955,8,2018-01-14,Highlander,43123.46,5.84,Completed
316956,15,2018-01-31,Tacoma,32558.46,4.86,Completed
316957,10,2018-01-03,Prius,18574.01,4.88,Completed
316958,16,2018-01-07,Sienna,36663.16,6.06,Completed
316959,2,2018-01-08,Camry,22651.09,4.0,Completed
316960,19,2018-01-08,Sienna,32894.72,5.48,Completed
316961,5,2018-01-28,Camry,24704.21,5.34,Completed
316962,18,2018-01-17,Sienna,35934.98,5.68,Completed
316963,11,2018-01-05,Prius,17854.36,4.16,Completed
316964,9,2018-01-22,Corolla,16306.38,4.4,Completed
316965,17,2018-01-22,Corolla,15539.17,4.51,Completed
316966,19,2018-01-06,RAV4,30793.82,5.48,Completed
316967,9,2018-01-22,Corolla,14996.84,4.4,Completed
316968,19,2018-01-18,Tacoma,27391.84,5.48,Completed
316969,19,2018-01-25,Camry,22730.24,5.48,Completed
316970,9,2018-01-31,Prius,16802.28,4.4,Completed
316971,13,2018-01-14,Highlander,46441.18,5.61,Completed
316972,3,2018-01-30,Corolla,19907.29,5.69,Completed
316973,12,2018-01-30,Sienna,33647.84,5.65,Completed
316974,10,2018-01-27,RAV4,26715.04,4.88,Completed
316975,4,2018-01-10,RAV4,22041.27,3.81,Completed
316976,4,2018-01-05,Sienna,25951.42,3.81,Completed
316977,19,2018-01-26,Tundra,34278.95,5.48,Completed
316978,19,2018-01-06,Prius,19765.6,5.48,Completed
316979,5,2018-01-28,Tacoma,26302.82,5.34,Completed
316980,4,2018-01-06,Tacoma,23499.69,3.81,Completed
316981,8,2018-01-19,Sienna,34124.03,5.84,Completed
316982,4,2018-01-02,Prius,17160.4,3.81,Completed
316983,9,2018-01-29,Tacoma,24011.1,4.4,Completed
316984,16,2018-01-28,Highlander,52645.36,6.06,Completed
316985,2,2018-01-29,Prius,19026.09,4.0,Completed
316986,20,2018-01-27,Prius,21953.4,5.77,Completed
316987,14,2018-01-29,RAV4,32221.72,5.1,Completed
316988,11,2018-01-14,Corolla,15266.95,4.16,Completed
316989,13,2018-01-17,Tacoma,31643.09,5.61,Completed
316990,18,2018-01-08,Sienna,39502.18,5.68,Completed
316991,12,2018-01-17,Camry,26576.08,5.65,Completed
316992,11,2018-01-29,Tundra,26949.11,4.16,Completed
316993,11,2018-01-23,Sienna,24616.56,4.16,Cancelled
316994,19,2018-01-09,RAV4,29893.63,5.48,Completed
316995,12,2018-01-31,Camry,29293.57,5.65,Completed
316996,2,2018-01-09,Camry,20801.58,4.0,Completed
316997,4,2018-01-12,Camry,21053.32,3.81,Completed
316998,13,2018-01-25,Corolla,22222.76,5.61,Completed
316999,4,2018-01-10,Corolla,14966.95,3.81,Completed
317000,2,2018-01-17,Corolla,17080.79,4.0,Completed
317001,17,2018-01-09,Camry,20740.62,4.51,Completed
317002,1,2018-01-26,Highlander,40841.36,5.24,Completed
317003,4,2018-01-02,Tundra,24891.96,3.81,Completed
317004,5,2018-01-28,Sienna,33747.7,5.34,Completed
317005,4,2018-01-06,Sienna,26725.69,3.81,Completed
317006,3,2018-01-13,Tacoma,30581.11,5.69,Completed
317007,18,2018-01-30,Tacoma,31785.71,5.68,Completed
317008,17,2018-01-01,Tacoma,22919.21,4.51,Completed
317009,1,2018-01-25,Tundra,28120.91,5.24,Completed
317010,14,2018-01-06,Camry,28183.54,5.1,Completed
317011,4,2018-01-23,Highlander,29803.13,3.81,Completed
317012,18,2018-01-20,Prius,25741.91,5.68,Completed
317013,20,2018-01-23,Highlander,50006.57,5.77,Completed
317014,6,2018-01-30,Tacoma,20552.4,3.86,Completed
317015,6,2018-01-12,Highlander,31297.21,3.86,Completed
317016,1,2018-01-19,Sienna,29949.3,5.24,Completed
317017,19,2018-01-25,Prius,22565.54,5.48,Completed
317018,3,2018-01-10,Camry,30295.64,5.69,Pending
317019,8,2018-01-19,Tundra,39505.63,5.84,Completed
317020,12,2018-01-12,Tundra,34410.26,5.65,Completed
317021,6,2018-01-02,Camry,19963.5,3.86,Cancelled
317022,9,2018-01-17,Corolla,14639.99,4.4,Completed
317023,19,2018-01-05,Camry,22661.27,5.48,Completed
317024,20,2018-01-12,Camry,27927.55,5.77,Completed
317025,10,2018-01-23,Highlander,36571.21,4.88,Completed
317026,3,2018-01-17,Corolla,23862.31,5.69,Completed
317027,15,2018-01-18,Camry,26643.76,4.86,Completed
317028,19,2018-01-18,RAV4,30186.8,5.48,Completed
317029,9,2018-01-18,Corolla,15399.18,4.4,Completed
317030,11,2018-01-22,Tacoma,21044.85,4.16,Completed
317031,8,2018-01-12,Tacoma,33960.1,5.84,Completed
317032,13,2018-01-30,Corolla,20680.67,5.61,Completed
317033,15,2018-01-22,Tundra,37060.3,4.86,Completed
317034,4,2018-01-17,Camry,20171.02,3.81,Completed
317035,11,2018-01-20,Sienna,24286.63,4.16,Completed
317036,6,2018-01-25,RAV4,25477.33,3.86,Completed
317037,16,2018-01-17,RAV4,35347.14,6.06,Completed
317038,3,2018-01-18,Corolla,20795.05,5.69,Completed
317039,7,2018-01-03,Highlander,43475.07,5.39,Completed
317040,11,2018-01-16,Camry,19915.66,4.16,Completed
317041,18,2018-01-22,RAV4,37769.63,5.68,Completed
317042,7,2018-01-06,Corolla,19440.95,5.39,Completed
317043,4,2018-01-30,Highlander,30395.86,3.81,Completed
317044,6,2018-01-31,Tundra,23564.66,3.86,Completed
317045,19,2018-01-06,Camry,27383.58,5.48,Completed
317046,4,2018-01-11,Tacoma,21344.33,3.81,Completed
317047,16,2018-01-25,Highlander,47606.76,6.06,Completed
317048,11,2018-01-21,Camry,22664.06,4.16,Completed
317049,15,2018-01-07,Camry,28142.9,4.86,Completed
317050,3,2018-01-31,Tacoma,33496.86,5.69,Completed
317051,5,2018-01-13,Corolla,16984.16,5.34,Completed
317052,18,2018-01-07,RAV4,33744.87,5.68,Completed
317053,5,2018-01-13,Corolla,19398.78,5.34,Completed
317054,9,2018-01-13,Tundra,27793.49,4.4,Completed
317055,18,2018-01-20,Tacoma,36482.3,5.68,Completed
317056,13,2018-01-27,Camry,27730.23,5.61,Completed
317057,2,2018-01-05,Tacoma,25917.99,4.0,Completed
317058,5,2018-01-11,Prius,19869.2,5.34,Completed
317059,7,2018-01-11,RAV4,37529.76,5.39,Completed
317060,11,2018-01-06,Highlander,34252.93,4.16,Pending
317061,16,2018-01-08,Tacoma,32166.27,6.06,Completed
317062,6,2018-01-07,Corolla,14084.13,3.86,Completed
317063,17,2018-01-21,Tacoma,21803.01,4.51,Completed
317064,15,2018-01-03,Prius,25263.02,4.86,Completed
317065,11,2018-01-02,RAV4,22532.35,4.16,Completed
317066,2,2018-01-16,Corolla,15980.78,4.0,Cancelled
317067,14,2018-01-02,Highlander,43304.7,5.1,Completed
317068,8,2018-01-04,Tacoma,28979.66,5.84,Completed
317069,7,2018-01-20,Corolla,19580.27,5.39,Completed
317070,3,2018-01-20,Camry,28773.02,5.69,Completed
317071,18,2018-01-01,Highlander,46500.35,5.68,Completed
317072,15,2018-01-21,Highlander,45109.68,4.86,Completed
317073,8,2018-01-21,Tacoma,32295.12,5.84,Completed
317074,18,2018-01-26,Prius,23857.69,5.68,Completed
317075,12,2018-01-03,Tacoma,31754.66,5.65,Completed
317076,11,2018-01-10,Corolla,14758.05,4.16,Completed
317077,12,2018-01-23,Corolla,19888.65,5.65,Completed
317078,19,2018-01-21,Tundra,30091.95,5.48,Completed
317079,2,2018-01-07,Tacoma,24913.0,4.0,Completed
317080,2,2018-01-09,Highlander,33138.78,4.0,Completed
317081,2,2018-01-29,RAV4,23510.26,4.0,Completed
317082,11,2018-01-02,Sienna,26809.84,4.16,Completed
317083,4,2018-01-29,Tundra,23021.64,3.81,Completed
317084,4,2018-01-28,Tundra,23495.61,3.81,Completed
317085,8,2018-01-08,RAV4,35114.95,5.84,Completed
317086,8,2018-01-19,Tundra,36964.34,5.84,Completed
317087,15,2018-01-12,Tundra,38756.15,4.86,Completed
317088,8,2018-01-31,RAV4,31077.94,5.84,Completed
317089,11,2018-01-23,Prius,15782.3,4.16,Completed
317090,3,2018-01-29,Corolla,22717.49,5.69,Completed
317091,2,2018-01-28,RAV4,28108.95,4.0,Completed
317092,2,2018-01-01,Prius,19900.65,4.0,Completed
317093,11,2018-01-22,Tundra,27947.81,4.16,Completed
317094,1,2018-01-17,Prius,18651.55,5.24,Completed
317095,2,2018-01-15,Sienna,30524.16,4.0,Completed
317096,13,2018-01-13,Tacoma,34451.36,5.61,Completed
317097,19,2018-01-01,RAV4,29689.22,5.48,Completed
317098,16,2018-01-01,Tundra,36733.22,6.06,Completed
317099,1,2018-01-02,RAV4,27784.71,5.24,Completed
317100,16,2018-01-05,Highlander,45427.16,6.06,Completed
317101,10,2018-01-18,Highlander,36702.88,4.88,Completed
317102,14,2018-01-30,Sienna,37835.13,5.1,Completed
317103,7,2018-01-01,RAV4,31644.85,5.39,Completed
317104,1,2018-01-09,Sienna,32289.35,5.24,Completed
317105,4,2018-01-20,Tacoma,23294.89,3.81,Completed
317106,3,2018-01-31,Camry,27807.53,5.69,Completed
317107,11,2018-01-20,Corolla,16403.07,4.16,Completed
317108,17,2018-01-03,Highlander,35423.75,4.51,Completed
317109,9,2018-01-30,RAV4,24292.49,4.4,Completed
317110,10,2018-01-22,Sienna,30128.52,4.88,Completed
317111,5,2018-01-04,Corolla,17150.23,5.34,Completed
317112,19,2018-01-05,Camry,24766.17,5.48,Completed
317113,19,2018-01-25,Tacoma,29674.22,5.48,Completed
317114,4,2018-01-11,RAV4,21804.85,3.81,Completed
317115,9,2018-01-14,Camry,21015.63,4.4,Completed
317116,1,2018-01-23,Camry,22849.16,5.24,Pending
317117,7,2018-01-03,Tacoma,32143.02,5.39,Completed
317118,7,2018-01-01,Tundra,36295.31,5.39,Completed
317119,10,2018-01-19,Tundra,29016.6,4.88,Completed
317120,2,2018-01-23,Prius,20113.95,4.0,Completed
317121,11,2018-01-28,Tundra,26554.12,4.16,Completed
317122,6,2018-01-02,Corolla,13799.59,3.86,Completed
317123,2,2018-01-18,RAV4,25750.23,4.0,Completed
317124,18,2018-01-30,Sienna,38766.52,5.68,Completed
317125,7,2018-01-07,Camry,28153.89,5.39,Completed
317126,11,2018-01-21,Tundra,28372.48,4.16,Pending
317127,13,2018-01-25,Tacoma,31075.03,5.61,Completed
317128,12,2018-01-14,Tacoma,33123.26,5.65,Completed
317129,20,2018-01-28,Camry,29652.41,5.77,Completed
317130,15,2018-01-22,Corolla,20479.86,4.86,Completed
317131,10,2018-01-21,Corolla,16254.06,4.88,Completed
317132,3,2018-01-06,Sienna,39189.76,5.69,Completed
317133,15,2018-01-04,Sienna,32869.02,4.86,Completed
317134,8,2018-01-06,Tundra,33253.34,5.84,Completed
317135,9,2018-01-21,RAV4,26156.54,4.4,Completed
317136,20,2018-01-17,Tundra,40741.02,5.77,Completed
317137,9,2018-01-16,Sienna,28311.19,4.4,Completed
317138,20,2018-01-03,Sienna,37017.48,5.77,Completed
317139,8,2018-01-15,RAV4,30505.25,5.84,Completed
317140,7,2018-01-13,RAV4,37511.7,5.39,Completed
317141,13,2018-01-10,Tundra,42117.75,5.61,Completed
317142,9,2018-01-08,Corolla,16597.89,4.4,Completed
317143,12,2018-01-13,Highlander,45363.01,5.65,Completed
317144,15,2018-01-31,Prius,21956.63,4.86,Completed
317145,12,2018-01-31,Camry,31265.4,5.65,Completed
317146,14,2018-01-14,Prius,25177.18,5.1,Completed
317147,20,2018-01-07,Highlander,47578.36,5.77,Completed
317148,10,2018-01-15,Highlander,31985.48,4.88,Completed
317149,11,2018-01-11,RAV4,22229.76,4.16,Completed
317150,9,2018-01-21,Highlander,31816.53,4.4,Completed
317151,16,2018-01-13,Sienna,34876.91,6.06,Completed
317152,17,2018-01-01,Corolla,15068.75,4.51,Completed
317153,7,2018-01-13,Tundra,37245.77,5.39,Completed
317154,6,2018-01-19,Sienna,26877.58,3.86,Completed
317155,16,2018-01-01,Sienna,35340.52,6.06,Completed
317156,9,2018-01-08,Highlander,31158.73,4.4,Completed
317157,8,2018-01-20,Tacoma,32815.05,5.84,Completed
317158,11,2018-01-24,Camry,19355.07,4.16,Completed
317159,10,2018-01-19,Prius,19643.13,4.88,Completed
317160,11,2018-01-14,Tundra,24703.37,4.16,Completed
317161,15,2018-01-26,Tundra,34146.32,4.86,Completed
317162,1,2018-01-09,Tacoma,25278.49,5.24,Completed
317163,12,2018-01-01,Tacoma,30913.15,5.65,Completed
317164,11,2018-01-11,Camry,22827.84,4.16,Completed
317165,1,2018-01-29,Corolla,17903.42,5.24,Completed
317166,4,2018-01-12,Tacoma,21323.82,3.81,Completed
317167,6,2018-01-29,Camry,20024.19,3.86,Completed
317168,5,2018-01-19,Tacoma,25464.2,5.34,Completed
317169,17,2018-01-21,Tacoma,21564.83,4.51,Completed
317170,17,2018-01-11,Tundra,27873.89,4.51,Completed
317171,1,2018-01-24,Corolla,15938.56,5.24,Completed
317172,10,2018-01-13,Sienna,29730.84,4.88,Completed
317173,11,2018-01-14,Prius,18035.6,4.16,Completed
317174,20,2018-01-11,Highlander,48170.76,5.77,Completed
317175,9,2018-01-26,Corolla,14020.96,4.4,Completed
317176,16,2018-01-17,Sienna,36517.46,6.06,Completed
317177,2,2018-01-02,Tacoma,22009.36,4.0,Completed
317178,20,2018-01-31,Tundra,37963.24,5.77,Completed
317179,9,2018-01-09,Tacoma,22609.76,4.4,Pending
317180,10,2018-01-02,Prius,16579.5,4.88,Completed
317181,5,2018-01-09,Tundra,33557.35,5.34,Completed
317182,14,2018-01-28,Highlander,41147.47,5.1,Completed
317183,9,2018-01-08,Corolla,16782.06,4.4,Completed
317184,16,2018-01-03,Tacoma,30987.4,6.06,Completed
317185,2,2018-01-11,Tacoma,23888.17,4.0,Completed
317186,15,2018-01-25,Tundra,35910.95,4.86,Completed
317187,5,2018-01-25,Camry,22485.22,5.34,Pending
317188,12,2018-01-25,Prius,24796.86,5.65,Completed
317189,18,2018-01-20,Tacoma,33442.89,5.68,Completed
317190,1,2018-01-26,Tacoma,23678.77,5.24,Completed
317191,15,2018-01-02,Tacoma,33013.32,4.86,Completed
317192,5,2018-01-17,Sienna,32256.68,5.34,Completed
317193,16,2018-01-31,Tundra,39083.51,6.06,Completed
317194,16,2018-01-19,Corolla,21625.51,6.06,Completed
317195,2,2018-01-18,Camry,21720.74,4.0,Cancelled
317196,14,2018-01-19,RAV4,32261.27,5.1,Completed
317197,13,2018-01-01,Highlander,49585.37,5.61,Completed
317198,14,2018-01-18,Highlander,46288.3,5.1,Completed
317199,12,2018-01-27,Highlander,46548.89,5.65,Completed
317200,2,2018-01-07,Camry,23389.85,4.0,Completed
317201,18,2018-01-23,Prius,27693.64,5.68,Completed
317202,14,2018-01-28,Prius,24010.73,5.1,Completed
317203,8,2018-01-12,Corolla,22271.47,5.84,Completed
317204,2,2018-01-30,Prius,17712.46,4.0,Completed
317205,13,2018-01-08,Prius,26875.99,5.61,Completed
317206,12,2018-01-30,Tacoma,32743.69,5.65,Completed
317207,11,2018-01-14,Sienna,27941.55,4.16,Completed
317208,11,2018-01-23,Tundra,28295.25,4.16,Completed
317209,19,2018-01-19,RAV4,30303.64,5.48,Completed
317210,14,2018-01-10,Tacoma,28498.85,5.1,Completed
317211,3,2018-01-10,Corolla,24011.45,5.69,Completed
317212,19,2018-01-08,Camry,27301.54,5.48,Completed
317213,9,2018-01-25,Prius,17765.01,4.4,Completed
317214,17,2018-01-14,Tundra,26774.21,4.51,Completed
317215,16,2018-01-23,Corolla,22093.95,6.06,Completed
317216,19,2018-01-02,Camry,22822.36,5.48,Completed
317217,20,2018-01-23,Corolla,23223.39,5.77,Completed
317218,17,2018-01-26,Corolla,15307.7,4.51,Completed
317219,19,2018-01-18,Highlander,43017.31,5.48,Completed
317220,2,2018-01-09,Tundra,27960.56,4.0,Completed
317221,14,2018-01-16,Highlander,42028.49,5.1,Completed
317222,5,2018-01-30,Highlander,38304.01,5.34,Completed
317223,5,2018-01-02,Tundra,29230.3,5.34,Completed
317224,14,2018-01-27,Tundra,32405.76,5.1,Completed
317225,11,2018-01-02,Sienna,27166.4,4.16,Completed
317226,8,2018-01-13,Prius,22148.82,5.84,Completed
317227,17,2018-01-26,Highlander,29975.46,4.51,Completed
317228,18,2018-01-10,RAV4,37108.21,5.68,Completed
317229,12,2018-01-16,Prius,21497.48,5.65,Completed
317230,12,2018-01-25,Tundra,36120.13,5.65,Completed
317231,5,2018-01-12,RAV4,27773.23,5.34,Completed
317232,2,2018-01-16,Prius,19544.29,4.0,Completed
317233,8,2018-01-30,RAV4,31136.56,5.84,Completed
317234,7,2018-01-17,Prius,26599.59,5.39,Completed
317235,14,2018-01-07,Prius,21142.15,5.1,Completed
317236,17,2018-01-27,Tundra,24797.4,4.51,Completed
317237,6,2018-01-11,RAV4,21785.52,3.86,Completed
317238,4,2018-01-21,Highlander,32642.12,3.81,Completed
317239,3,2018-01-28,Highlander,47875.59,5.69,Completed
317240,18,2018-01-23,Highlander,48918.99,5.68,Completed
317241,16,2018-01-25,Tacoma,33359.07,6.06,Completed
317242,2,2018-01-21,Highlander,34065.75,4.0,Completed
317243,20,2018-01-06,Sienna,34980.87,5.77,Cancelled
317244,17,2018-01-15,Corolla,13770.1,4.51,Completed
317245,18,2018-01-15,Prius,24699.16,5.68,Completed
317246,18,2018-01-31,Sienna,37257.31,5.68,Completed
317247,15,2018-01-28,Tacoma,29752.72,4.86,Completed
317248,6,2018-01-27,Tundra,25536.03,3.86,Completed
317249,10,2018-01-18,Corolla,16508.47,4.88,Completed
317250,18,2018-01-24,Camry,30420.71,5.68,Completed
317251,12,2018-01-12,Corolla,20007.66,5.65,Completed
317252,19,2018-01-11,Tundra,31349.7,5.48,Completed
317253,2,2018-01-10,Tacoma,22590.51,4.0,Completed
317254,14,2018-01-06,Tundra,36990.66,5.1,Completed
317255,4,2018-01-28,Tacoma,21621.92,3.81,Completed
317256,5,2018-01-28,Corolla,17430.64,5.34,Completed
317257,18,2018-01-25,Prius,27965.33,5.68,Completed
317258,1,2018-01-12,Corolla,15946.09,5.24,Completed
317259,17,2018-01-09,Highlander,33649.96,4.51,Completed
317260,9,2018-01-19,Tacoma,23326.08,4.4,Completed
317261,15,2018-01-07,Tundra,37198.81,4.86,Completed
317262,16,2018-01-13,Highlander,49998.02,6.06,Completed
317263,5,2018-01-26,Highlander,42390.45,5.34,Completed
317264,4,2018-01-18,Corolla,14167.54,3.81,Completed
317265,18,2018-01-13,Prius,26668.47,5.68,Completed
317266,20,2018-01-26,Tundra,37146.09,5.77,Completed
317267,16,2018-01-09,Tundra,39993.08,6.06,Completed
317268,13,2018-01-11,Prius,24341.24,5.61,Completed
317269,11,2018-01-18,Tacoma,21340.5,4.16,Completed
317270,12,2018-01-19,Corolla,20042.31,5.65,Completed
317271,16,2018-01-05,Highlander,46902.37,6.06,Completed
317272,12,2018-01-31,Tundra,34077.55,5.65,Completed
317273,9,2018-01-29,Camry,19649.6,4.4,Completed
317274,8,2018-01-27,Corolla,21225.64,5.84,Completed
317275,20,2018-01-24,Sienna,37939.95,5.77,Completed
317276,19,2018-01-14,Camry,25815.74,5.48,Completed
317277,5,2018-01-22,Camry,25059.58,5.34,Completed
317278,11,2018-01-02,Corolla,16163.55,4.16,Completed
317279,4,2018-01-16,RAV4,25248.26,3.81,Completed
317280,15,2018-01-20,Tundra,39990.27,4.86,Completed
317281,18,2018-01-01,Corolla,21568.7,5.68,Completed
317282,5,2018-01-27,Tundra,28848.48,5.34,Completed
317283,9,2018-01-28,Corolla,14060.96,4.4,Cancelled
317284,20,2018-01-30,Sienna,37204.11,5.77,Completed
