sale_id,sale_rep_id,sale_date,car_model,sale_amount,commission_pct,sale_status
817972,9,2024-09-28,Highlander,47449.88,4.4,Completed
817973,1,2024-09-01,Camry,35672.44,5.24,Completed
817974,11,2024-09-11,Camry,26675.38,4.16,Completed
817975,7,2024-09-15,Sienna,54094.91,5.39,Pending
817976,10,2024-09-17,Camry,30688.88,4.88,Completed
817977,13,2024-09-12,Sienna,55818.46,5.61,Completed
817978,12,2024-09-11,Camry,36846.36,5.65,Completed
817979,18,2024-09-19,Highlander,67144.5,5.68,Completed
817980,13,2024-09-10,Prius,31042.17,5.61,Completed
817981,14,2024-09-09,Sienna,47172.37,5.1,Completed
817982,19,2024-09-09,Corolla,23268.53,5.48,Completed
817983,5,2024-09-24,Tacoma,37507.14,5.34,Completed
817984,20,2024-09-08,Camry,40388.59,5.77,Completed
817985,17,2024-09-23,Prius,23973.75,4.51,Completed
817986,17,2024-09-10,Prius,21911.94,4.51,Completed
817987,4,2024-09-08,Highlander,42450.91,3.81,Completed
817988,19,2024-09-28,Tundra,44561.47,5.48,Completed
817989,17,2024-09-23,Camry,24976.81,4.51,Completed
817990,6,2024-09-11,Highlander,49034.87,3.86,Completed
817991,10,2024-09-08,Highlander,46911.55,4.88,Completed
817992,20,2024-09-12,Tundra,49541.71,5.77,Completed
817993,17,2024-09-15,Corolla,21709.27,4.51,Completed
817994,20,2024-09-28,Highlander,64975.19,5.77,Completed
817995,14,2024-09-02,Tundra,46449.83,5.1,Completed
817996,10,2024-09-12,Sienna,35492.3,4.88,Completed
817997,18,2024-09-17,Camry,44266.54,5.68,Completed
817998,5,2024-09-04,Sienna,38660.58,5.34,Completed
817999,11,2024-09-17,Prius,21534.23,4.16,Completed
818000,4,2024-09-05,Corolla,19757.59,3.81,Completed
818001,4,2024-09-06,Corolla,20256.74,3.81,Completed
818002,7,2024-09-21,Highlander,67035.91,5.39,Completed
818003,1,2024-09-14,Highlander,51234.47,5.24,Completed
818004,13,2024-09-14,Tundra,55732.97,5.61,Completed
818005,14,2024-09-13,Camry,40964.72,5.1,Completed
818006,5,2024-09-04,Tacoma,39184.57,5.34,Cancelled
818007,9,2024-09-24,Sienna,34335.46,4.4,Completed
818008,9,2024-09-13,RAV4,35825.0,4.4,Completed
818009,14,2024-09-27,Corolla,27913.32,5.1,Completed
818010,3,2024-09-12,Tacoma,47062.39,5.69,Completed
818011,13,2024-09-15,Corolla,31966.47,5.61,Completed
818012,20,2024-09-29,Prius,31588.22,5.77,Completed
818013,18,2024-09-03,Highlander,63886.18,5.68,Completed
818014,2,2024-09-30,Sienna,39513.97,4.0,Completed
818015,6,2024-09-30,RAV4,33075.96,3.86,Completed
818016,15,2024-09-27,Tundra,54390.93,4.86,Completed
818017,14,2024-09-25,Camry,35077.93,5.1,Completed
818018,20,2024-09-18,Prius,35832.39,5.77,Completed
818019,14,2024-09-26,Corolla,26377.79,5.1,Completed
818020,15,2024-09-19,Tacoma,45292.72,4.86,Completed
818021,13,2024-09-13,Tundra,53993.62,5.61,Completed
818022,2,2024-09-14,Prius,27316.49,4.0,Completed
818023,14,2024-09-21,Highlander,61461.88,5.1,Completed
818024,5,2024-09-30,Corolla,25382.44,5.34,Completed
818025,20,2024-09-21,Highlander,68665.8,5.77,Completed
818026,20,2024-09-10,RAV4,46720.55,5.77,Cancelled
818027,2,2024-09-29,Highlander,49179.66,4.0,Completed
818028,11,2024-09-01,Tundra,38402.13,4.16,Completed
818029,14,2024-09-06,Tacoma,44469.52,5.1,Completed
818030,19,2024-09-15,Camry,34018.82,5.48,Pending
818031,15,2024-09-19,Sienna,51102.23,4.86,Completed
818032,5,2024-09-06,Camry,32635.45,5.34,Completed
818033,18,2024-09-13,Tundra,54213.83,5.68,Completed
818034,5,2024-09-09,Camry,29922.63,5.34,Completed
818035,7,2024-09-07,Prius,35840.65,5.39,Completed
818036,15,2024-09-28,Highlander,57538.77,4.86,Completed
818037,6,2024-09-13,Tundra,37433.48,3.86,Completed
818038,14,2024-09-04,Highlander,66510.72,5.1,Completed
818039,18,2024-09-18,Highlander,68225.5,5.68,Completed
818040,6,2024-09-22,Tundra,34893.43,3.86,Completed
818041,14,2024-09-05,Tacoma,44091.9,5.1,Completed
818042,12,2024-09-22,Sienna,53680.6,5.65,Completed
818043,16,2024-09-01,Corolla,30433.16,6.06,Completed
818044,19,2024-09-23,Tundra,43016.18,5.48,Completed
818045,7,2024-09-16,Corolla,27795.3,5.39,Completed
818046,9,2024-09-22,Tundra,35806.69,4.4,Completed
818047,12,2024-09-15,Camry,38049.64,5.65,Completed
818048,11,2024-09-27,Corolla,19444.89,4.16,Completed
818049,18,2024-09-22,Corolla,28895.96,5.68,Cancelled
818050,4,2024-09-17,Highlander,42988.28,3.81,Completed
818051,18,2024-09-12,Tacoma,46822.28,5.68,Completed
818052,20,2024-09-12,Sienna,50399.81,5.77,Completed
818053,16,2024-09-04,RAV4,50341.88,6.06,Completed
818054,5,2024-09-26,RAV4,35667.13,5.34,Completed
818055,9,2024-09-20,Camry,30042.18,4.4,Completed
818056,1,2024-09-02,Tacoma,38717.37,5.24,Completed
818057,6,2024-09-08,Prius,22437.27,3.86,Completed
818058,10,2024-09-17,Highlander,44950.75,4.88,Completed
818059,3,2024-09-14,Tundra,50505.96,5.69,Completed
818060,7,2024-09-16,Sienna,55029.03,5.39,Completed
818061,14,2024-09-13,Prius,32719.65,5.1,Completed
818062,13,2024-09-21,Tacoma,45765.24,5.61,Completed
818063,10,2024-09-30,Corolla,20755.72,4.88,Completed
818064,14,2024-09-30,Highlander,65282.41,5.1,Completed
818065,13,2024-09-23,Corolla,31946.04,5.61,Completed
818066,20,2024-09-13,Tundra,47013.23,5.77,Completed
818067,16,2024-09-22,Camry,41544.66,6.06,Completed
818068,18,2024-09-29,Tacoma,48377.53,5.68,Completed
818069,15,2024-09-18,Tundra,46270.35,4.86,Cancelled
818070,2,2024-09-23,Tundra,41052.36,4.0,Completed
818071,2,2024-09-12,Sienna,40983.79,4.0,Completed
818072,16,2024-09-04,Corolla,28946.16,6.06,Completed
818073,19,2024-09-11,Tundra,39979.99,5.48,Completed
818074,2,2024-09-10,Tacoma,30291.1,4.0,Completed
818075,18,2024-09-10,Sienna,55082.89,5.68,Completed
818076,11,2024-09-13,RAV4,30317.23,4.16,Completed
818077,4,2024-09-15,Corolla,18944.1,3.81,Completed
818078,12,2024-09-28,Sienna,45250.64,5.65,Completed
818079,9,2024-09-09,Tacoma,33726.08,4.4,Completed
818080,16,2024-09-25,RAV4,48102.92,6.06,Completed
818081,1,2024-09-13,Tundra,39586.8,5.24,Completed
818082,13,2024-09-20,Prius,33621.5,5.61,Completed
818083,15,2024-09-10,Corolla,25626.32,4.86,Completed
818084,8,2024-09-26,Camry,37030.08,5.84,Completed
818085,15,2024-09-28,Tacoma,44217.69,4.86,Completed
818086,18,2024-09-27,Sienna,54176.55,5.68,Completed
818087,6,2024-09-26,Tundra,35934.86,3.86,Completed
818088,1,2024-09-18,Tundra,44661.26,5.24,Completed
818089,2,2024-09-10,Tacoma,31098.47,4.0,Completed
818090,1,2024-09-05,RAV4,35828.31,5.24,Completed
818091,8,2024-09-27,Camry,35404.09,5.84,Completed
818092,8,2024-09-09,Tacoma,41278.42,5.84,Completed
818093,9,2024-09-12,Camry,29593.96,4.4,Completed
818094,8,2024-09-11,Tundra,46556.42,5.84,Completed
818095,11,2024-09-01,RAV4,34216.61,4.16,Completed
818096,18,2024-09-04,Camry,42713.44,5.68,Completed
818097,2,2024-09-09,Sienna,41005.84,4.0,Completed
818098,16,2024-09-22,Corolla,28170.98,6.06,Completed
818099,17,2024-09-23,Camry,29346.37,4.51,Completed
818100,15,2024-09-02,Camry,40080.55,4.86,Cancelled
818101,7,2024-09-17,Corolla,27595.0,5.39,Completed
818102,15,2024-09-19,Tundra,50224.65,4.86,Completed
818103,10,2024-09-13,Tundra,39418.71,4.88,Completed
818104,19,2024-09-28,Highlander,59906.77,5.48,Pending
818105,14,2024-09-28,Tundra,44349.61,5.1,Completed
818106,4,2024-09-02,RAV4,33392.0,3.81,Completed
818107,2,2024-09-24,Highlander,53046.12,4.0,Completed
818108,18,2024-09-20,Tacoma,41379.79,5.68,Completed
818109,18,2024-09-15,Prius,32130.03,5.68,Completed
818110,10,2024-09-04,Corolla,22144.28,4.88,Completed
818111,11,2024-09-03,Sienna,40072.88,4.16,Completed
818112,14,2024-09-01,Corolla,28163.74,5.1,Completed
818113,14,2024-09-17,Prius,34103.8,5.1,Completed
818114,16,2024-09-22,Camry,44131.48,6.06,Completed
818115,9,2024-09-08,Tundra,38307.87,4.4,Completed
818116,9,2024-09-21,Corolla,20101.13,4.4,Completed
818117,4,2024-09-26,Prius,23391.42,3.81,Completed
818118,3,2024-09-09,RAV4,44462.99,5.69,Completed
818119,15,2024-09-13,Sienna,45533.44,4.86,Completed
818120,1,2024-09-06,Corolla,26313.91,5.24,Completed
818121,1,2024-09-15,Highlander,56175.55,5.24,Completed
818122,15,2024-09-11,RAV4,44464.66,4.86,Completed
818123,10,2024-09-13,Tacoma,30877.82,4.88,Pending
818124,4,2024-09-04,Prius,24438.12,3.81,Completed
818125,19,2024-09-04,RAV4,40048.77,5.48,Completed
818126,19,2024-09-08,Highlander,53928.48,5.48,Completed
818127,14,2024-09-27,Prius,29192.6,5.1,Completed
818128,2,2024-09-18,Corolla,20226.31,4.0,Completed
818129,6,2024-09-10,Prius,20897.15,3.86,Completed
818130,5,2024-09-02,Prius,29686.08,5.34,Completed
818131,3,2024-09-29,Tacoma,46162.56,5.69,Completed
818132,6,2024-09-10,Sienna,33713.12,3.86,Completed
818133,11,2024-09-17,Corolla,22780.95,4.16,Completed
818134,17,2024-09-27,Tundra,34084.25,4.51,Completed
818135,8,2024-09-08,Camry,38479.68,5.84,Completed
818136,10,2024-09-18,Highlander,44599.22,4.88,Completed
818137,4,2024-09-23,Tundra,31945.97,3.81,Completed
818138,3,2024-09-08,RAV4,50691.06,5.69,Completed
818139,16,2024-09-07,Prius,33212.89,6.06,Completed
818140,7,2024-09-08,Prius,34472.99,5.39,Completed
818141,6,2024-09-01,Corolla,20517.62,3.86,Completed
818142,1,2024-09-23,Sienna,38134.61,5.24,Completed
818143,20,2024-09-10,Corolla,28459.66,5.77,Completed
818144,9,2024-09-20,Tacoma,32159.89,4.4,Completed
818145,4,2024-09-09,Tundra,37572.55,3.81,Completed
818146,11,2024-09-21,Corolla,21012.46,4.16,Completed
818147,1,2024-09-05,Prius,27737.4,5.24,Completed
818148,9,2024-09-30,Tundra,32966.0,4.4,Completed
818149,6,2024-09-06,Corolla,21881.9,3.86,Completed
818150,16,2024-09-21,Corolla,30076.78,6.06,Completed
818151,19,2024-09-13,Prius,29036.62,5.48,Completed
818152,10,2024-09-24,Tacoma,31744.9,4.88,Completed
818153,4,2024-09-10,Camry,27296.93,3.81,Completed
818154,6,2024-09-22,Highlander,48224.42,3.86,Completed
818155,3,2024-09-30,Prius,34551.05,5.69,Completed
818156,14,2024-09-26,Tundra,45794.64,5.1,Cancelled
818157,14,2024-09-24,Highlander,65428.14,5.1,Pending
818158,17,2024-09-23,Camry,28995.0,4.51,Completed
818159,10,2024-09-02,Corolla,23293.02,4.88,Completed
818160,9,2024-09-20,Prius,22500.53,4.4,Completed
818161,14,2024-09-15,Corolla,25742.48,5.1,Completed
818162,17,2024-09-03,Prius,24213.46,4.51,Completed
818163,16,2024-09-27,Corolla,26848.94,6.06,Completed
818164,17,2024-09-30,Tacoma,27822.76,4.51,Completed
818165,5,2024-09-17,Tacoma,37616.28,5.34,Completed
818166,13,2024-09-26,Tacoma,46309.0,5.61,Completed
818167,7,2024-09-28,RAV4,48344.88,5.39,Completed
818168,18,2024-09-21,Highlander,66131.19,5.68,Completed
818169,19,2024-09-21,Corolla,22808.44,5.48,Completed
818170,20,2024-09-06,Corolla,28124.71,5.77,Completed
818171,11,2024-09-27,Sienna,34011.44,4.16,Completed
818172,9,2024-09-25,Highlander,49859.65,4.4,Completed
818173,9,2024-09-03,Highlander,44027.22,4.4,Completed
818174,13,2024-09-13,Prius,31759.61,5.61,Completed
818175,13,2024-09-01,Camry,41186.1,5.61,Completed
818176,7,2024-09-09,Highlander,66243.24,5.39,Completed
818177,5,2024-09-12,RAV4,37930.44,5.34,Completed
818178,9,2024-09-19,Prius,25584.32,4.4,Completed
818179,13,2024-09-30,Camry,38977.08,5.61,Completed
818180,17,2024-09-20,Tacoma,32724.37,4.51,Completed
818181,10,2024-09-24,Camry,28279.0,4.88,Completed
818182,18,2024-09-26,RAV4,46631.01,5.68,Completed
818183,17,2024-09-05,Prius,23852.55,4.51,Completed
818184,7,2024-09-21,Tundra,52897.53,5.39,Completed
818185,1,2024-09-07,Highlander,57396.86,5.24,Completed
818186,10,2024-09-30,Camry,28727.65,4.88,Completed
818187,5,2024-09-07,Prius,25572.23,5.34,Completed
818188,15,2024-09-30,Sienna,52414.16,4.86,Completed
818189,17,2024-09-29,Camry,25200.52,4.51,Completed
818190,1,2024-09-11,Camry,30898.54,5.24,Completed
818191,20,2024-09-15,Corolla,28777.3,5.77,Completed
818192,2,2024-09-29,Tundra,35552.8,4.0,Completed
818193,2,2024-09-05,Corolla,22843.49,4.0,Completed
818194,7,2024-09-21,Tacoma,40858.05,5.39,Completed
818195,11,2024-09-17,Tacoma,30412.34,4.16,Completed
818196,14,2024-09-27,Corolla,27734.21,5.1,Completed
818197,18,2024-09-07,Tacoma,44661.92,5.68,Completed
818198,13,2024-09-01,Tundra,49962.88,5.61,Completed
818199,17,2024-09-26,Prius,25066.85,4.51,Completed
818200,13,2024-09-24,Corolla,29199.13,5.61,Completed
818201,3,2024-09-30,Corolla,27449.19,5.69,Completed
818202,18,2024-09-04,Highlander,68183.82,5.68,Completed
818203,4,2024-09-03,Highlander,48414.83,3.81,Completed
818204,5,2024-09-19,Tacoma,39316.41,5.34,Completed
818205,19,2024-09-20,Camry,37322.54,5.48,Completed
818206,14,2024-09-18,Corolla,28681.78,5.1,Completed
818207,13,2024-09-05,Camry,43757.96,5.61,Completed
818208,2,2024-09-16,Tundra,37129.34,4.0,Completed
818209,11,2024-09-15,Corolla,20098.11,4.16,Completed
818210,11,2024-09-06,Sienna,37585.07,4.16,Completed
818211,14,2024-09-25,Corolla,26150.99,5.1,Cancelled
818212,19,2024-09-20,Sienna,40508.42,5.48,Completed
818213,18,2024-09-19,Highlander,70073.34,5.68,Completed
818214,6,2024-09-13,Camry,25774.42,3.86,Completed
818215,3,2024-09-12,Tacoma,39910.23,5.69,Completed
818216,7,2024-09-14,Corolla,30592.25,5.39,Completed
818217,7,2024-09-11,Tacoma,45042.66,5.39,Completed
818218,18,2024-09-07,Camry,44988.52,5.68,Completed
818219,18,2024-09-12,Tacoma,41216.33,5.68,Completed
818220,5,2024-09-25,Highlander,54320.23,5.34,Completed
818221,10,2024-09-29,Sienna,36729.43,4.88,Completed
818222,17,2024-09-17,Sienna,34468.28,4.51,Completed
818223,11,2024-09-14,Tundra,34381.32,4.16,Completed
818224,9,2024-09-02,Sienna,38449.02,4.4,Completed
818225,12,2024-09-27,Tacoma,39686.46,5.65,Completed
818226,11,2024-09-02,RAV4,33895.21,4.16,Completed
818227,7,2024-09-28,Corolla,31498.89,5.39,Completed
818228,19,2024-09-11,Corolla,23162.17,5.48,Completed
818229,14,2024-09-30,Camry,36166.53,5.1,Completed
818230,20,2024-09-27,Camry,40918.29,5.77,Completed
818231,19,2024-09-30,Highlander,50942.43,5.48,Completed
818232,8,2024-09-18,Tundra,46533.74,5.84,Completed
818233,8,2024-09-10,Tacoma,41885.01,5.84,Completed
818234,1,2024-09-02,Tacoma,35163.61,5.24,Completed
818235,14,2024-09-20,Tacoma,43623.99,5.1,Completed
818236,7,2024-09-04,Camry,42446.17,5.39,Completed
818237,10,2024-09-20,RAV4,31113.27,4.88,Completed
818238,11,2024-09-01,Sienna,36096.73,4.16,Completed
818239,1,2024-09-09,Highlander,49158.06,5.24,Completed
818240,17,2024-09-03,Sienna,35509.58,4.51,Completed
818241,20,2024-09-17,Sienna,51614.79,5.77,Completed
818242,2,2024-09-19,Camry,30215.07,4.0,Completed
818243,18,2024-09-05,Tundra,54093.05,5.68,Completed
818244,18,2024-09-04,RAV4,51318.09,5.68,Completed
818245,8,2024-09-09,Tacoma,43215.44,5.84,Completed
818246,3,2024-09-20,Highlander,61956.2,5.69,Completed
818247,4,2024-09-25,Corolla,21175.03,3.81,Completed
818248,17,2024-09-20,Prius,23871.0,4.51,Completed
818249,16,2024-09-29,Corolla,28213.78,6.06,Pending
818250,5,2024-09-28,RAV4,40794.62,5.34,Completed
818251,12,2024-09-07,Prius,33217.7,5.65,Completed
818252,12,2024-09-11,RAV4,42989.21,5.65,Completed
818253,8,2024-09-19,Prius,32519.31,5.84,Completed
818254,9,2024-09-08,Prius,22728.09,4.4,Completed
818255,1,2024-09-23,Corolla,25928.28,5.24,Completed
818256,16,2024-09-25,Prius,32684.98,6.06,Completed
818257,19,2024-09-15,Tacoma,39039.65,5.48,Completed
818258,20,2024-09-14,Corolla,28393.45,5.77,Completed
818259,20,2024-09-17,Corolla,31371.24,5.77,Completed
818260,12,2024-09-30,Highlander,68055.31,5.65,Completed
818261,4,2024-09-07,Prius,22555.08,3.81,Completed
818262,1,2024-09-09,Prius,28066.75,5.24,Completed
818263,11,2024-09-25,Prius,25632.56,4.16,Completed
818264,7,2024-09-28,Sienna,48798.71,5.39,Completed
818265,14,2024-09-27,Camry,37258.14,5.1,Completed
818266,14,2024-09-23,Highlander,63512.79,5.1,Completed
818267,11,2024-09-29,Prius,21592.29,4.16,Completed
818268,9,2024-09-04,Corolla,19026.02,4.4,Completed
818269,2,2024-09-01,Prius,24581.71,4.0,Pending
818270,11,2024-09-26,Prius,24630.28,4.16,Completed
818271,2,2024-09-26,Corolla,21150.2,4.0,Completed
818272,19,2024-09-17,Sienna,47150.96,5.48,Completed
818273,18,2024-09-01,Tacoma,48800.97,5.68,Completed
818274,15,2024-09-11,Corolla,31232.85,4.86,Completed
818275,4,2024-09-01,Tundra,36632.85,3.81,Completed
818276,6,2024-09-14,Corolla,19788.28,3.86,Completed
818277,9,2024-09-17,Prius,24432.6,4.4,Completed
818278,11,2024-09-19,Corolla,19874.96,4.16,Completed
818279,3,2024-09-09,Camry,42681.84,5.69,Completed
818280,8,2024-09-11,Prius,33102.85,5.84,Completed
818281,8,2024-09-03,Highlander,67403.06,5.84,Completed
818282,10,2024-09-09,RAV4,31592.95,4.88,Completed
818283,2,2024-09-01,Tundra,37939.94,4.0,Completed
818284,20,2024-09-02,Sienna,53025.91,5.77,Completed
818285,12,2024-09-01,RAV4,43291.75,5.65,Completed
818286,5,2024-09-30,Tacoma,33451.22,5.34,Completed
818287,6,2024-09-04,RAV4,31792.82,3.86,Completed
818288,14,2024-09-09,Prius,32146.44,5.1,Completed
818289,12,2024-09-09,Camry,38502.39,5.65,Completed
818290,20,2024-09-03,Corolla,30399.32,5.77,Completed
818291,10,2024-09-06,RAV4,34495.52,4.88,Completed
818292,5,2024-09-13,Tundra,42691.79,5.34,Completed
818293,17,2024-09-12,Highlander,46773.71,4.51,Completed
818294,8,2024-09-15,Sienna,47178.75,5.84,Completed
818295,12,2024-09-01,Corolla,31017.58,5.65,Completed
818296,19,2024-09-14,Highlander,54975.0,5.48,Completed
818297,17,2024-09-09,Prius,22988.52,4.51,Completed
818298,4,2024-09-12,Prius,21867.9,3.81,Completed
818299,7,2024-09-04,Tundra,46597.94,5.39,Completed
818300,17,2024-09-04,Sienna,36019.94,4.51,Completed
818301,13,2024-09-17,Prius,31702.06,5.61,Cancelled
818302,12,2024-09-04,RAV4,48488.24,5.65,Completed
818303,12,2024-09-26,Tundra,45843.14,5.65,Completed
818304,15,2024-09-12,RAV4,43961.28,4.86,Completed
818305,19,2024-09-21,Corolla,23544.89,5.48,Completed
818306,19,2024-09-17,Corolla,26633.94,5.48,Completed
818307,20,2024-09-20,Highlander,62551.96,5.77,Completed
818308,13,2024-09-12,Sienna,57593.7,5.61,Completed
818309,12,2024-09-22,RAV4,41236.29,5.65,Completed
818310,12,2024-09-15,Sienna,48136.37,5.65,Completed
818311,14,2024-09-29,Tacoma,40070.44,5.1,Completed
818312,1,2024-09-08,Corolla,25290.93,5.24,Completed
818313,17,2024-09-05,Tacoma,28563.88,4.51,Completed
818314,16,2024-09-24,RAV4,50022.21,6.06,Completed
818315,20,2024-09-24,RAV4,42012.54,5.77,Completed
818316,18,2024-09-18,RAV4,45698.64,5.68,Completed
818317,8,2024-09-04,Prius,34213.99,5.84,Completed
818318,2,2024-09-29,RAV4,32620.83,4.0,Completed
818319,10,2024-09-14,Corolla,20254.59,4.88,Completed
818320,3,2024-09-26,Prius,34462.48,5.69,Completed
818321,2,2024-09-28,Prius,25713.58,4.0,Completed
818322,17,2024-09-25,Corolla,18304.45,4.51,Completed
818323,8,2024-09-13,Tundra,45795.53,5.84,Completed
818324,9,2024-09-07,Sienna,37078.82,4.4,Completed
818325,20,2024-09-06,RAV4,46364.64,5.77,Completed
818326,8,2024-09-25,Tundra,46140.29,5.84,Completed
818327,10,2024-09-29,Tacoma,30521.32,4.88,Completed
818328,4,2024-09-18,Tundra,33065.75,3.81,Cancelled
818329,13,2024-09-03,RAV4,45711.75,5.61,Completed
818330,11,2024-09-13,Prius,22801.57,4.16,Completed
818331,9,2024-09-06,Highlander,45551.11,4.4,Completed
818332,17,2024-09-16,Camry,27669.51,4.51,Completed
818333,18,2024-09-29,Highlander,75158.66,5.68,Completed
818334,13,2024-09-06,Camry,43016.32,5.61,Completed
818335,7,2024-09-26,Tundra,47246.59,5.39,Completed
818336,19,2024-09-20,Camry,35052.71,5.48,Completed
818337,9,2024-09-20,Tacoma,31759.59,4.4,Cancelled
818338,19,2024-09-19,RAV4,36387.23,5.48,Completed
818339,3,2024-09-15,Camry,38267.6,5.69,Completed
818340,6,2024-09-16,Sienna,32779.85,3.86,Completed
818341,7,2024-09-16,Tacoma,44204.94,5.39,Completed
818342,6,2024-09-30,Tacoma,30502.82,3.86,Completed
818343,13,2024-09-27,Corolla,28789.85,5.61,Completed
818344,16,2024-09-14,Prius,36557.95,6.06,Completed
818345,16,2024-09-23,Prius,35407.34,6.06,Completed
818346,1,2024-09-28,Corolla,22094.27,5.24,Completed
818347,16,2024-09-11,Highlander,65150.96,6.06,Completed
818348,13,2024-09-07,RAV4,44492.47,5.61,Completed
818349,13,2024-09-23,RAV4,49729.29,5.61,Completed
818350,13,2024-09-03,Corolla,31450.22,5.61,Completed
818351,12,2024-09-26,Corolla,26613.55,5.65,Completed
818352,13,2024-09-30,Highlander,67651.59,5.61,Completed
818353,15,2024-09-05,RAV4,43655.32,4.86,Completed
818354,12,2024-09-19,Highlander,58067.71,5.65,Completed
818355,17,2024-09-15,Highlander,45634.76,4.51,Completed
818356,7,2024-09-22,Sienna,50031.88,5.39,Completed
818357,20,2024-09-05,Corolla,26148.29,5.77,Completed
818358,15,2024-09-05,Highlander,60206.15,4.86,Completed
818359,12,2024-09-20,Tacoma,45570.06,5.65,Completed
818360,5,2024-09-19,Camry,32693.1,5.34,Completed
818361,5,2024-09-15,Sienna,45571.72,5.34,Completed
818362,4,2024-09-19,RAV4,31641.34,3.81,Completed
818363,10,2024-09-04,RAV4,35626.93,4.88,Completed
818364,8,2024-09-28,Sienna,49369.31,5.84,Completed
818365,4,2024-09-29,Sienna,31649.71,3.81,Completed
818366,2,2024-09-07,Prius,22916.35,4.0,Completed
818367,6,2024-09-27,Tacoma,30908.04,3.86,Completed
818368,12,2024-09-27,Sienna,49326.53,5.65,Completed
818369,7,2024-09-13,Camry,41891.0,5.39,Completed
818370,7,2024-09-22,Sienna,49905.53,5.39,Completed
818371,4,2024-09-27,Prius,20830.71,3.81,Completed
818372,2,2024-09-15,Highlander,49271.34,4.0,Completed
818373,16,2024-09-14,Prius,34933.57,6.06,Completed
818374,6,2024-09-05,Corolla,18597.15,3.86,Completed
818375,17,2024-09-28,Corolla,19941.03,4.51,Completed
818376,2,2024-09-13,Tacoma,33470.67,4.0,Completed
818377,12,2024-09-23,Corolla,30022.11,5.65,Completed
818378,17,2024-09-18,Tundra,38779.16,4.51,Completed
818379,15,2024-09-04,RAV4,45672.41,4.86,Completed
818380,12,2024-09-19,Tacoma,40327.8,5.65,Completed
818381,13,2024-09-20,Prius,34258.16,5.61,Completed
818382,15,2024-09-02,Sienna,49494.17,4.86,Completed
818383,2,2024-09-01,Highlander,46572.85,4.0,Completed
818384,7,2024-09-02,Highlander,59235.51,5.39,Completed
818385,7,2024-09-25,Tundra,46235.42,5.39,Completed
818386,8,2024-09-05,Sienna,45834.03,5.84,Completed
818387,17,2024-09-20,Sienna,34834.47,4.51,Completed
818388,9,2024-09-20,Camry,30729.84,4.4,Completed
818389,8,2024-09-07,RAV4,48684.17,5.84,Completed
818390,14,2024-09-06,Corolla,27786.21,5.1,Completed
818391,20,2024-09-19,Tacoma,45590.88,5.77,Completed
818392,1,2024-09-05,Prius,26802.14,5.24,Completed
818393,8,2024-09-29,Corolla,29303.96,5.84,Completed
818394,12,2024-09-18,Corolla,25843.22,5.65,Completed
818395,6,2024-09-30,Corolla,21725.43,3.86,Completed
818396,3,2024-09-16,Highlander,68911.89,5.69,Completed
818397,10,2024-09-04,Tacoma,34403.25,4.88,Completed
818398,16,2024-09-16,Highlander,63784.85,6.06,Completed
818399,11,2024-09-14,Sienna,39861.65,4.16,Completed
818400,1,2024-09-04,Prius,25891.03,5.24,Completed
818401,3,2024-09-27,Tundra,47519.02,5.69,Completed
818402,15,2024-09-13,RAV4,42179.22,4.86,Completed
818403,8,2024-09-22,Prius,30717.74,5.84,Completed
818404,18,2024-09-17,RAV4,45291.59,5.68,Completed
818405,11,2024-09-20,Tundra,37476.47,4.16,Completed
818406,2,2024-09-09,Highlander,45114.24,4.0,Completed
818407,19,2024-09-23,Tundra,43893.4,5.48,Completed
818408,1,2024-09-05,Prius,27583.85,5.24,Completed
818409,11,2024-09-21,Tacoma,31108.2,4.16,Completed
818410,12,2024-09-03,Tacoma,42282.53,5.65,Completed
818411,9,2024-09-14,Prius,24093.2,4.4,Completed
818412,4,2024-09-15,Sienna,36633.36,3.81,Completed
818413,13,2024-09-03,Tundra,56166.9,5.61,Completed
818414,5,2024-09-29,Sienna,42300.81,5.34,Completed
818415,5,2024-09-22,Tacoma,37884.31,5.34,Completed
818416,14,2024-09-28,Corolla,26978.7,5.1,Completed
818417,12,2024-09-26,Highlander,64455.08,5.65,Completed
818418,7,2024-09-18,Tundra,50578.15,5.39,Completed
818419,19,2024-09-04,Highlander,55706.63,5.48,Completed
818420,17,2024-09-12,Prius,23794.89,4.51,Completed
818421,17,2024-09-29,Camry,27588.48,4.51,Completed
818422,20,2024-09-22,RAV4,43924.45,5.77,Completed
818423,3,2024-09-02,Highlander,68709.18,5.69,Completed
818424,2,2024-09-12,Sienna,35799.42,4.0,Completed
818425,13,2024-09-10,RAV4,51481.66,5.61,Completed
818426,17,2024-09-18,Corolla,19952.35,4.51,Completed
818427,7,2024-09-21,Corolla,26699.95,5.39,Completed
818428,15,2024-09-04,Tacoma,45009.0,4.86,Completed
818429,16,2024-09-04,Tacoma,45872.41,6.06,Completed
818430,2,2024-09-22,Sienna,35368.55,4.0,Completed
818431,19,2024-09-18,RAV4,43914.16,5.48,Completed
818432,14,2024-09-16,Tundra,50980.21,5.1,Completed
818433,6,2024-09-23,Sienna,37649.14,3.86,Completed
818434,7,2024-09-11,Sienna,55360.65,5.39,Completed
818435,16,2024-09-30,RAV4,44423.72,6.06,Completed
818436,19,2024-09-23,Camry,36767.69,5.48,Completed
818437,7,2024-09-10,Highlander,68721.34,5.39,Completed
818438,13,2024-09-21,Corolla,32913.52,5.61,Completed
818439,3,2024-09-10,RAV4,46878.48,5.69,Completed
818440,17,2024-09-23,Prius,24314.44,4.51,Completed
818441,11,2024-09-23,Sienna,37008.46,4.16,Completed
818442,15,2024-09-17,Prius,29373.21,4.86,Completed
818443,8,2024-09-25,Tundra,47351.07,5.84,Completed
818444,7,2024-09-24,Corolla,26615.22,5.39,Completed
818445,20,2024-09-28,Sienna,53727.32,5.77,Completed
818446,4,2024-09-09,Highlander,44348.28,3.81,Completed
818447,4,2024-09-22,Tundra,32308.41,3.81,Completed
818448,13,2024-09-29,Corolla,28419.76,5.61,Completed
818449,8,2024-09-01,Camry,37252.83,5.84,Completed
818450,12,2024-09-20,Prius,29355.57,5.65,Completed
818451,17,2024-09-04,Sienna,31880.72,4.51,Completed
818452,20,2024-09-23,RAV4,42366.86,5.77,Completed
818453,1,2024-09-28,Highlander,49640.54,5.24,Completed
818454,2,2024-09-22,Tundra,36203.79,4.0,Completed
818455,17,2024-09-25,Prius,25082.28,4.51,Completed
818456,1,2024-09-25,Prius,25590.18,5.24,Completed
818457,1,2024-09-11,Highlander,54449.29,5.24,Completed
818458,17,2024-09-01,Highlander,47777.16,4.51,Completed
818459,1,2024-09-04,Prius,26490.06,5.24,Completed
818460,17,2024-09-17,Corolla,21310.9,4.51,Completed
818461,20,2024-09-13,Tundra,49635.57,5.77,Completed
818462,5,2024-09-17,Tacoma,37324.19,5.34,Completed
818463,12,2024-09-02,Camry,35552.51,5.65,Completed
818464,2,2024-09-17,Corolla,23973.55,4.0,Completed
818465,16,2024-09-22,Sienna,50725.25,6.06,Completed
818466,17,2024-09-20,Tacoma,30703.86,4.51,Completed
818467,8,2024-09-26,Highlander,64520.02,5.84,Completed
818468,15,2024-09-01,Tacoma,41638.35,4.86,Completed
818469,3,2024-09-11,Tacoma,41426.14,5.69,Completed
818470,15,2024-09-28,Corolla,28334.88,4.86,Completed
818471,8,2024-09-14,Tundra,50878.89,5.84,Completed
818472,16,2024-09-12,Camry,43184.12,6.06,Completed
818473,1,2024-09-18,Tundra,42652.71,5.24,Completed
818474,4,2024-09-02,Tundra,34778.52,3.81,Completed
818475,17,2024-09-22,RAV4,29696.34,4.51,Completed
818476,18,2024-09-30,Corolla,30280.97,5.68,Completed
818477,3,2024-09-30,Tacoma,47042.95,5.69,Completed
818478,19,2024-09-12,Tacoma,40224.98,5.48,Completed
818479,15,2024-09-25,Prius,31359.26,4.86,Completed
818480,8,2024-09-20,Sienna,47875.13,5.84,Completed
818481,5,2024-09-20,Camry,30796.43,5.34,Completed
818482,3,2024-09-03,Corolla,30803.51,5.69,Completed
818483,8,2024-09-23,Corolla,26350.64,5.84,Completed
818484,7,2024-09-16,Prius,33739.61,5.39,Completed
818485,18,2024-09-16,Camry,39340.15,5.68,Completed
818486,14,2024-09-01,RAV4,47911.06,5.1,Completed
818487,13,2024-09-18,Camry,40905.59,5.61,Completed
818488,2,2024-09-15,Highlander,51423.36,4.0,Completed
818489,13,2024-09-02,Prius,35325.91,5.61,Completed
818490,9,2024-09-16,Prius,23988.93,4.4,Completed
818491,6,2024-09-20,RAV4,35691.33,3.86,Completed
818492,17,2024-09-02,Corolla,22020.47,4.51,Completed
818493,7,2024-09-04,Camry,41818.23,5.39,Cancelled
818494,2,2024-09-22,Tundra,35077.34,4.0,Completed
818495,16,2024-09-02,Tacoma,46925.93,6.06,Completed
818496,6,2024-09-25,Tundra,36320.05,3.86,Completed
818497,18,2024-09-28,Sienna,54862.37,5.68,Completed
818498,1,2024-09-23,Tacoma,37716.89,5.24,Completed
818499,1,2024-09-11,Tundra,41094.57,5.24,Pending
818500,13,2024-09-10,RAV4,50770.09,5.61,Completed
818501,5,2024-09-23,Corolla,23211.56,5.34,Completed
818502,1,2024-09-06,Corolla,25164.51,5.24,Completed
818503,12,2024-09-13,Prius,29561.95,5.65,Completed
818504,9,2024-09-30,Sienna,37962.49,4.4,Completed
818505,10,2024-09-27,RAV4,32947.32,4.88,Completed
818506,18,2024-09-13,Corolla,32431.4,5.68,Completed
818507,5,2024-09-17,Tundra,39672.48,5.34,Completed
818508,6,2024-09-08,Highlander,46047.01,3.86,Completed
818509,4,2024-09-27,Camry,29418.28,3.81,Completed
818510,5,2024-09-10,Prius,29365.52,5.34,Pending
818511,19,2024-09-19,Prius,25831.73,5.48,Completed
818512,13,2024-09-08,Highlander,69041.76,5.61,Completed
818513,10,2024-09-18,RAV4,33320.75,4.88,Completed
818514,1,2024-09-12,Tacoma,35623.22,5.24,Completed
818515,5,2024-09-06,Sienna,46002.42,5.34,Completed
818516,18,2024-09-20,Corolla,29342.19,5.68,Completed
818517,4,2024-09-24,Tundra,33229.44,3.81,Completed
818518,16,2024-09-01,Sienna,53781.04,6.06,Completed
818519,1,2024-09-20,Tundra,41684.27,5.24,Completed
818520,20,2024-09-25,Tacoma,46344.13,5.77,Completed
818521,2,2024-09-18,RAV4,35266.33,4.0,Pending
818522,7,2024-09-10,Sienna,47010.01,5.39,Completed
818523,20,2024-09-19,Corolla,26134.35,5.77,Completed
818524,11,2024-09-16,Sienna,34816.79,4.16,Completed
818525,9,2024-09-03,Camry,27880.07,4.4,Completed
818526,7,2024-09-19,Corolla,27351.11,5.39,Completed
818527,7,2024-09-27,Sienna,46146.38,5.39,Completed
818528,3,2024-09-05,RAV4,52087.86,5.69,Completed
818529,10,2024-09-05,Highlander,48858.29,4.88,Completed
818530,6,2024-09-19,Tacoma,31879.47,3.86,Completed
818531,20,2024-09-13,Highlander,62502.63,5.77,Completed
818532,12,2024-09-04,Camry,37973.03,5.65,Completed
818533,9,2024-09-16,Tundra,36235.72,4.4,Completed
818534,6,2024-09-21,Camry,28801.66,3.86,Completed
818535,2,2024-09-27,Tundra,38021.45,4.0,Completed
818536,5,2024-09-10,RAV4,38235.66,5.34,Completed
818537,10,2024-09-27,Tundra,40984.79,4.88,Completed
818538,20,2024-09-28,Camry,37080.4,5.77,Completed
818539,8,2024-09-05,Sienna,46178.56,5.84,Completed
818540,3,2024-09-23,Camry,38995.23,5.69,Completed
818541,20,2024-09-07,Highlander,67476.49,5.77,Completed
818542,16,2024-09-27,Camry,40094.77,6.06,Completed
818543,17,2024-09-27,Sienna,32289.46,4.51,Completed
818544,18,2024-09-11,RAV4,49748.69,5.68,Completed
818545,5,2024-09-07,Sienna,40129.65,5.34,Pending
818546,8,2024-09-23,Corolla,27877.16,5.84,Completed
818547,14,2024-09-19,Camry,39495.18,5.1,Completed
818548,20,2024-09-11,Prius,36077.3,5.77,Completed
818549,5,2024-09-25,Tacoma,33355.18,5.34,Cancelled
818550,4,2024-09-29,Prius,20593.73,3.81,Completed
818551,19,2024-09-14,Highlander,54788.25,5.48,Completed
818552,9,2024-09-22,Tacoma,28848.13,4.4,Completed
818553,4,2024-09-22,Corolla,20696.51,3.81,Completed
818554,16,2024-09-15,RAV4,51332.61,6.06,Completed
818555,5,2024-09-06,Sienna,42378.8,5.34,Completed
818556,3,2024-09-25,Corolla,27038.2,5.69,Completed
818557,19,2024-09-05,Highlander,56244.08,5.48,Completed
818558,16,2024-09-26,Tacoma,39322.74,6.06,Completed
818559,4,2024-09-26,Highlander,40434.91,3.81,Completed
818560,13,2024-09-30,Corolla,27067.83,5.61,Completed
818561,9,2024-09-21,Camry,27636.76,4.4,Completed
818562,12,2024-09-21,Prius,35261.14,5.65,Completed
818563,1,2024-09-18,Corolla,23039.82,5.24,Completed
818564,2,2024-09-26,Corolla,21886.46,4.0,Completed
818565,17,2024-09-25,Highlander,49367.98,4.51,Completed
818566,2,2024-09-22,Tacoma,29243.8,4.0,Completed
818567,20,2024-09-15,Tundra,52560.74,5.77,Completed
818568,10,2024-09-21,Tacoma,33986.78,4.88,Completed
818569,15,2024-09-19,Sienna,54227.16,4.86,Completed
818570,16,2024-09-29,Tundra,56680.52,6.06,Completed
818571,10,2024-09-22,Prius,24830.33,4.88,Completed
818572,11,2024-09-05,Corolla,21743.97,4.16,Completed
818573,3,2024-09-24,Prius,36558.41,5.69,Completed
818574,9,2024-09-13,Corolla,19553.58,4.4,Completed
818575,3,2024-09-06,Tundra,55539.89,5.69,Completed
818576,18,2024-09-22,Tacoma,44601.62,5.68,Completed
818577,7,2024-09-16,Corolla,30303.18,5.39,Completed
818578,5,2024-09-15,Corolla,24349.93,5.34,Completed
818579,15,2024-09-23,Highlander,64062.62,4.86,Completed
818580,19,2024-09-20,Camry,31383.42,5.48,Cancelled
818581,10,2024-09-19,RAV4,35632.37,4.88,Completed
818582,17,2024-09-15,Prius,23128.82,4.51,Completed
818583,13,2024-09-03,Corolla,30136.59,5.61,Completed
818584,2,2024-09-21,Corolla,22322.29,4.0,Completed
818585,8,2024-09-08,Sienna,48449.16,5.84,Pending
818586,7,2024-09-04,Tacoma,45597.75,5.39,Completed
818587,12,2024-09-21,Tacoma,38257.13,5.65,Completed
818588,4,2024-09-25,Tacoma,28234.33,3.81,Completed
818589,5,2024-09-09,Camry,32626.17,5.34,Completed
818590,9,2024-09-26,Prius,26026.94,4.4,Completed
818591,7,2024-09-19,Highlander,71477.09,5.39,Completed
818592,6,2024-09-18,Tacoma,29570.84,3.86,Completed
818593,14,2024-09-05,Tacoma,41135.62,5.1,Completed
818594,2,2024-09-05,RAV4,38591.75,4.0,Completed
818595,19,2024-09-19,Highlander,55369.62,5.48,Completed
818596,16,2024-09-20,Tundra,49505.98,6.06,Completed
818597,19,2024-09-11,Tacoma,39561.07,5.48,Completed
818598,17,2024-09-08,Tundra,38021.0,4.51,Completed
818599,15,2024-09-23,Sienna,51260.85,4.86,Completed
818600,4,2024-09-29,Corolla,20093.15,3.81,Completed
818601,14,2024-09-16,Corolla,27547.24,5.1,Pending
818602,7,2024-09-17,RAV4,44778.37,5.39,Completed
818603,10,2024-09-12,Camry,30423.91,4.88,Completed
818604,17,2024-09-07,Highlander,47078.66,4.51,Pending
818605,4,2024-09-29,Camry,28680.79,3.81,Completed
818606,18,2024-09-20,Camry,44824.8,5.68,Completed
818607,15,2024-09-09,Tundra,54359.73,4.86,Completed
818608,16,2024-09-19,Corolla,30944.52,6.06,Completed
818609,5,2024-09-29,Tundra,44158.87,5.34,Completed
818610,20,2024-09-17,Corolla,29877.14,5.77,Completed
818611,4,2024-09-29,Corolla,19021.71,3.81,Completed
818612,14,2024-09-27,Tundra,48837.18,5.1,Cancelled
818613,13,2024-09-03,Tacoma,47720.41,5.61,Completed
818614,5,2024-09-09,Camry,32423.25,5.34,Pending
818615,12,2024-09-14,Tacoma,44692.8,5.65,Completed
818616,12,2024-09-18,Tundra,45486.98,5.65,Completed
818617,2,2024-09-15,Corolla,21504.77,4.0,Completed
818618,5,2024-09-19,Sienna,40162.0,5.34,Completed
818619,5,2024-09-03,Prius,29028.17,5.34,Pending
818620,8,2024-09-17,Prius,31556.4,5.84,Completed
818621,2,2024-09-29,Camry,32883.73,4.0,Completed
818622,11,2024-09-22,Highlander,47563.45,4.16,Completed
818623,5,2024-09-10,Highlander,55643.87,5.34,Completed
818624,15,2024-09-06,Corolla,27504.71,4.86,Completed
818625,6,2024-09-27,Tundra,36986.53,3.86,Completed
818626,6,2024-09-16,Tundra,33411.02,3.86,Completed
818627,6,2024-09-05,Highlander,47231.81,3.86,Completed
818628,2,2024-09-03,Tundra,38415.34,4.0,Completed
818629,2,2024-09-21,Highlander,48277.93,4.0,Completed
818630,18,2024-09-02,Camry,43488.15,5.68,Completed
818631,13,2024-09-18,Camry,42197.64,5.61,Completed
818632,16,2024-09-22,Tacoma,39394.25,6.06,Completed
818633,19,2024-09-10,RAV4,40899.66,5.48,Completed
818634,6,2024-09-21,RAV4,33977.01,3.86,Completed
818635,7,2024-09-02,Prius,32832.98,5.39,Completed
818636,17,2024-09-05,Corolla,20605.12,4.51,Completed
818637,17,2024-09-12,Highlander,46653.74,4.51,Completed
818638,19,2024-09-18,Tacoma,34831.45,5.48,Completed
818639,4,2024-09-13,Tacoma,31603.54,3.81,Cancelled
818640,15,2024-09-11,RAV4,48573.23,4.86,Completed
818641,18,2024-09-09,Tacoma,41235.09,5.68,Completed
818642,20,2024-09-13,Highlander,68509.03,5.77,Completed
818643,15,2024-09-27,Highlander,69282.3,4.86,Completed
818644,5,2024-09-04,Highlander,49406.86,5.34,Completed
818645,6,2024-09-12,Tundra,35244.63,3.86,Completed
818646,6,2024-09-26,Highlander,45083.54,3.86,Completed
818647,17,2024-09-08,Highlander,45816.96,4.51,Completed
818648,15,2024-09-21,Prius,31411.07,4.86,Completed
818649,8,2024-09-26,RAV4,49510.46,5.84,Completed
818650,12,2024-09-15,Corolla,27127.53,5.65,Completed
818651,18,2024-09-02,Highlander,73699.81,5.68,Completed
818652,2,2024-09-10,Tundra,40433.4,4.0,Completed
818653,15,2024-09-09,Prius,29632.06,4.86,Completed
818654,16,2024-09-06,Tacoma,39651.43,6.06,Completed
818655,6,2024-09-16,Camry,27769.61,3.86,Completed
818656,20,2024-09-12,Tundra,52781.65,5.77,Completed
818657,4,2024-09-29,RAV4,30778.52,3.81,Completed
818658,9,2024-09-04,Tundra,39647.14,4.4,Completed
818659,8,2024-09-19,Corolla,26455.45,5.84,Completed
818660,2,2024-09-04,Camry,32616.08,4.0,Completed
818661,12,2024-09-18,Highlander,60247.16,5.65,Completed
818662,12,2024-09-02,Highlander,68074.1,5.65,Completed
818663,13,2024-09-23,Tundra,50197.34,5.61,Completed
818664,8,2024-09-17,RAV4,49017.66,5.84,Completed
818665,11,2024-09-26,Sienna,34611.83,4.16,Completed
818666,9,2024-09-21,Tacoma,30703.54,4.4,Completed
818667,14,2024-09-10,RAV4,40077.01,5.1,Completed
818668,20,2024-09-17,Prius,33429.03,5.77,Completed
818669,11,2024-09-08,Tacoma,29977.33,4.16,Completed
818670,8,2024-09-30,Prius,30099.48,5.84,Completed
818671,14,2024-09-05,Sienna,45763.63,5.1,Completed
818672,5,2024-09-22,Tacoma,34764.64,5.34,Completed
818673,11,2024-09-30,Tundra,33318.12,4.16,Completed
818674,15,2024-09-19,Camry,36694.31,4.86,Completed
818675,16,2024-09-07,Tundra,49005.56,6.06,Completed
818676,13,2024-09-15,Prius,32090.66,5.61,Pending
818677,19,2024-09-28,Prius,29812.97,5.48,Completed
818678,18,2024-09-04,Tacoma,47996.57,5.68,Completed
818679,2,2024-09-22,Sienna,35018.6,4.0,Completed
818680,13,2024-09-22,Highlander,60886.48,5.61,Completed
818681,12,2024-09-01,Camry,40050.59,5.65,Completed
818682,1,2024-09-25,Camry,35706.57,5.24,Completed
818683,12,2024-09-30,Sienna,53866.51,5.65,Completed
818684,6,2024-09-23,Highlander,41901.01,3.86,Cancelled
818685,20,2024-09-09,Camry,37846.44,5.77,Completed
818686,7,2024-09-02,RAV4,50576.04,5.39,Completed
818687,6,2024-09-27,Prius,21072.47,3.86,Completed
818688,6,2024-09-07,Tundra,38154.98,3.86,Pending
818689,7,2024-09-25,Sienna,46957.01,5.39,Completed
818690,5,2024-09-11,Sienna,41691.36,5.34,Completed
818691,13,2024-09-20,Highlander,71563.66,5.61,Completed
818692,14,2024-09-17,Camry,39740.14,5.1,Completed
818693,18,2024-09-14,Corolla,28194.49,5.68,Completed
818694,2,2024-09-06,Corolla,20412.04,4.0,Completed
818695,12,2024-09-26,Tacoma,41672.84,5.65,Completed
818696,17,2024-09-07,Camry,29582.02,4.51,Completed
818697,16,2024-09-09,Sienna,49062.29,6.06,Completed
818698,8,2024-09-12,Camry,38078.23,5.84,Pending
818699,19,2024-09-24,Corolla,26833.16,5.48,Completed
818700,20,2024-09-21,Sienna,55321.26,5.77,Completed
818701,9,2024-09-07,Sienna,35166.57,4.4,Completed
818702,15,2024-09-07,Highlander,62265.68,4.86,Completed
818703,16,2024-09-14,Corolla,31046.98,6.06,Completed
818704,3,2024-09-28,Tacoma,46176.35,5.69,Completed
818705,11,2024-09-06,Prius,23660.49,4.16,Completed
818706,7,2024-09-01,Tacoma,41409.59,5.39,Completed
818707,8,2024-09-03,Tundra,51040.98,5.84,Completed
818708,7,2024-09-04,Sienna,52817.67,5.39,Completed
818709,4,2024-09-27,Prius,21133.1,3.81,Completed
818710,3,2024-09-24,Corolla,29898.32,5.69,Completed
818711,11,2024-09-21,Highlander,45676.2,4.16,Completed
818712,18,2024-09-19,Sienna,48957.33,5.68,Completed
818713,6,2024-09-17,Highlander,43447.92,3.86,Completed
818714,7,2024-09-02,Prius,30462.59,5.39,Completed
818715,14,2024-09-07,Corolla,28290.87,5.1,Completed
818716,13,2024-09-22,Highlander,63731.53,5.61,Completed
818717,19,2024-09-06,Tundra,48133.84,5.48,Completed
818718,13,2024-09-07,Camry,36941.95,5.61,Completed
818719,2,2024-09-10,RAV4,33431.41,4.0,Completed
818720,19,2024-09-03,Highlander,59355.43,5.48,Completed
818721,2,2024-09-13,Tundra,36635.94,4.0,Completed
818722,12,2024-09-12,Camry,37607.08,5.65,Completed
818723,11,2024-09-26,RAV4,33425.7,4.16,Completed
818724,17,2024-09-26,Prius,24765.59,4.51,Completed
818725,2,2024-09-13,Prius,23713.53,4.0,Completed
818726,13,2024-09-22,Sienna,54895.73,5.61,Completed
818727,7,2024-09-23,Tacoma,44480.71,5.39,Completed
818728,10,2024-09-20,Prius,26318.9,4.88,Completed
818729,4,2024-09-21,RAV4,31080.63,3.81,Completed
818730,20,2024-09-08,Sienna,52424.1,5.77,Completed
818731,9,2024-09-08,Tacoma,31985.11,4.4,Completed
818732,6,2024-09-16,Prius,21495.6,3.86,Completed
818733,2,2024-09-08,Prius,23747.24,4.0,Completed
818734,18,2024-09-12,Tacoma,42907.97,5.68,Completed
818735,4,2024-09-01,Corolla,18068.19,3.81,Completed
818736,6,2024-09-23,Highlander,43212.71,3.86,Completed
818737,16,2024-09-10,Tundra,54469.15,6.06,Completed
818738,1,2024-09-18,Sienna,39229.0,5.24,Completed
818739,4,2024-09-04,Tundra,32856.58,3.81,Completed
818740,11,2024-09-12,Sienna,39217.89,4.16,Completed
818741,12,2024-09-29,Sienna,50203.88,5.65,Completed
818742,1,2024-09-28,Tundra,40245.24,5.24,Pending
818743,4,2024-09-21,Camry,27554.63,3.81,Completed
818744,9,2024-09-05,Sienna,38448.59,4.4,Completed
818745,12,2024-09-15,RAV4,45444.92,5.65,Completed
818746,1,2024-09-22,Prius,26016.72,5.24,Completed
818747,3,2024-09-22,Tacoma,44638.72,5.69,Completed
818748,8,2024-09-10,Corolla,31010.56,5.84,Completed
818749,19,2024-09-07,Tundra,47087.65,5.48,Completed
818750,15,2024-09-29,RAV4,49467.6,4.86,Completed
818751,18,2024-09-01,Tacoma,49669.82,5.68,Completed
818752,18,2024-09-15,Tundra,52873.88,5.68,Pending
818753,18,2024-09-25,RAV4,49631.8,5.68,Completed
818754,19,2024-09-12,Camry,32599.33,5.48,Completed
818755,6,2024-09-09,Corolla,19567.76,3.86,Completed
818756,14,2024-09-01,RAV4,41519.34,5.1,Completed
818757,12,2024-09-02,Camry,39053.42,5.65,Completed
818758,10,2024-09-27,Sienna,40511.8,4.88,Completed
818759,14,2024-09-14,RAV4,48133.64,5.1,Completed
818760,4,2024-09-16,Highlander,40216.14,3.81,Completed
818761,1,2024-09-29,Sienna,43766.74,5.24,Completed
818762,5,2024-09-22,Highlander,53658.3,5.34,Completed
818763,18,2024-09-27,Tundra,57120.14,5.68,Completed
818764,18,2024-09-20,Tacoma,46149.9,5.68,Completed
818765,15,2024-09-13,Highlander,58814.64,4.86,Completed
818766,9,2024-09-29,RAV4,34014.68,4.4,Completed
818767,20,2024-09-10,RAV4,48571.43,5.77,Completed
818768,17,2024-09-28,Highlander,42404.79,4.51,Completed
818769,11,2024-09-27,Camry,27111.86,4.16,Completed
818770,17,2024-09-14,Highlander,49101.3,4.51,Completed
818771,17,2024-09-10,Prius,24185.72,4.51,Completed
818772,3,2024-09-01,Tacoma,45512.97,5.69,Completed
818773,7,2024-09-26,Corolla,31773.17,5.39,Completed
818774,13,2024-09-26,Highlander,68590.61,5.61,Completed
818775,13,2024-09-10,Prius,37491.29,5.61,Completed
818776,8,2024-09-29,RAV4,42612.19,5.84,Completed
818777,7,2024-09-09,Tundra,53463.63,5.39,Completed
818778,8,2024-09-24,RAV4,43693.45,5.84,Completed
818779,20,2024-09-14,Prius,31675.4,5.77,Completed
818780,6,2024-09-16,RAV4,33189.21,3.86,Completed
818781,17,2024-09-17,Tundra,35722.55,4.51,Completed
818782,16,2024-09-08,RAV4,45706.52,6.06,Pending
818783,6,2024-09-16,Tundra,34457.27,3.86,Completed
818784,20,2024-09-16,Corolla,29282.32,5.77,Completed
818785,18,2024-09-27,RAV4,51471.54,5.68,Completed
818786,16,2024-09-17,Camry,40811.18,6.06,Completed
818787,10,2024-09-14,Camry,30170.24,4.88,Completed
818788,1,2024-09-04,Tundra,41032.07,5.24,Completed
818789,7,2024-09-27,Tundra,49493.38,5.39,Completed
818790,17,2024-09-17,Tundra,34873.08,4.51,Completed
818791,12,2024-09-25,Sienna,53645.18,5.65,Completed
818792,15,2024-09-19,Corolla,27701.52,4.86,Completed
818793,13,2024-09-21,Corolla,27726.21,5.61,Completed
818794,14,2024-09-10,Tacoma,43254.22,5.1,Completed
818795,16,2024-09-14,Camry,41417.12,6.06,Cancelled
818796,20,2024-09-19,RAV4,47689.09,5.77,Completed
818797,19,2024-09-22,Tundra,42863.69,5.48,Completed
818798,9,2024-09-12,Sienna,39335.4,4.4,Completed
818799,1,2024-09-13,Sienna,42556.87,5.24,Completed
818800,13,2024-09-23,RAV4,47824.38,5.61,Completed
818801,4,2024-09-29,Prius,20952.82,3.81,Completed
818802,18,2024-09-12,Tacoma,49750.09,5.68,Completed
818803,14,2024-09-13,Tundra,52391.68,5.1,Completed
818804,10,2024-09-15,Highlander,48506.84,4.88,Completed
818805,14,2024-09-27,Camry,35338.47,5.1,Completed
818806,7,2024-09-11,Tacoma,42547.39,5.39,Completed
818807,14,2024-09-07,Camry,36642.73,5.1,Completed
818808,10,2024-09-17,Highlander,49511.72,4.88,Completed
818809,8,2024-09-04,Tundra,47143.21,5.84,Completed
818810,19,2024-09-25,Tundra,41448.18,5.48,Completed
818811,1,2024-09-23,Tundra,38943.56,5.24,Cancelled
818812,9,2024-09-28,Prius,22657.19,4.4,Completed
818813,9,2024-09-06,Tacoma,32430.84,4.4,Completed
818814,7,2024-09-09,Sienna,54792.83,5.39,Completed
818815,12,2024-09-15,Tundra,47851.18,5.65,Completed
818816,7,2024-09-16,Camry,43579.46,5.39,Completed
818817,9,2024-09-08,Sienna,37881.02,4.4,Pending
818818,13,2024-09-08,Tacoma,44013.64,5.61,Completed
818819,7,2024-09-29,Camry,39787.32,5.39,Completed
818820,1,2024-09-22,Prius,28897.71,5.24,Completed
818821,6,2024-09-04,Sienna,34627.04,3.86,Completed
818822,14,2024-09-17,Sienna,49660.49,5.1,Completed
818823,2,2024-09-08,Corolla,22119.56,4.0,Completed
818824,6,2024-09-20,Tundra,35113.98,3.86,Completed
818825,12,2024-09-10,Corolla,31032.97,5.65,Completed
818826,1,2024-09-08,Highlander,49875.91,5.24,Completed
818827,6,2024-09-10,Camry,29463.28,3.86,Completed
818828,13,2024-09-29,Tundra,57281.45,5.61,Completed
818829,8,2024-09-16,Sienna,45216.76,5.84,Completed
818830,1,2024-09-03,Prius,29265.7,5.24,Completed
818831,4,2024-09-28,Sienna,37581.53,3.81,Completed
818832,17,2024-09-15,RAV4,33927.15,4.51,Cancelled
818833,9,2024-09-13,Tacoma,32014.76,4.4,Completed
818834,18,2024-09-08,Highlander,70961.34,5.68,Completed
818835,13,2024-09-13,Corolla,30129.08,5.61,Completed
818836,13,2024-09-05,Tacoma,47654.81,5.61,Completed
818837,20,2024-09-20,Corolla,30154.54,5.77,Completed
818838,12,2024-09-19,Highlander,67475.58,5.65,Completed
818839,4,2024-09-01,Highlander,46048.36,3.81,Completed
818840,1,2024-09-14,RAV4,42122.67,5.24,Completed
818841,3,2024-09-29,Sienna,50020.02,5.69,Completed
818842,11,2024-09-28,Corolla,22639.97,4.16,Completed
818843,15,2024-09-02,RAV4,43014.99,4.86,Completed
818844,2,2024-09-30,Tundra,41308.14,4.0,Completed
818845,19,2024-09-20,Highlander,56134.95,5.48,Completed
818846,10,2024-09-09,Highlander,50841.04,4.88,Completed
818847,5,2024-09-06,Sienna,44448.95,5.34,Completed
818848,17,2024-09-20,Tundra,34059.28,4.51,Completed
818849,15,2024-09-12,Tacoma,38317.48,4.86,Completed
818850,12,2024-09-07,Prius,31266.53,5.65,Completed
818851,16,2024-09-03,Corolla,27359.02,6.06,Completed
818852,15,2024-09-11,Highlander,64325.8,4.86,Completed
818853,4,2024-09-16,Corolla,19245.02,3.81,Completed
818854,14,2024-09-23,Camry,35897.42,5.1,Completed
818855,13,2024-09-01,Prius,36272.74,5.61,Completed
818856,19,2024-09-11,RAV4,43560.21,5.48,Completed
818857,2,2024-09-20,Tacoma,35429.89,4.0,Completed
818858,5,2024-09-18,RAV4,36362.71,5.34,Completed
818859,18,2024-09-18,Prius,37561.8,5.68,Completed
818860,12,2024-09-20,Highlander,57273.69,5.65,Completed
818861,20,2024-09-25,RAV4,44350.72,5.77,Completed
818862,17,2024-09-16,Highlander,42798.3,4.51,Completed
818863,11,2024-09-10,Sienna,37689.62,4.16,Completed
818864,15,2024-09-30,Highlander,57423.25,4.86,Completed
818865,4,2024-09-09,Camry,27362.81,3.81,Completed
818866,1,2024-09-30,Corolla,23044.38,5.24,Completed
818867,14,2024-09-25,Tacoma,40615.32,5.1,Completed
818868,13,2024-09-29,Tacoma,45304.42,5.61,Completed
818869,8,2024-09-24,Camry,40989.92,5.84,Completed
818870,16,2024-09-09,RAV4,50739.05,6.06,Completed
818871,1,2024-09-03,Highlander,54516.96,5.24,Completed
818872,3,2024-09-23,Tacoma,42173.48,5.69,Completed
818873,9,2024-09-18,Tundra,33832.38,4.4,Completed
818874,20,2024-09-26,Corolla,26292.63,5.77,Completed
818875,3,2024-09-20,Camry,42222.22,5.69,Completed
818876,17,2024-09-18,Camry,29691.62,4.51,Completed
818877,16,2024-09-17,Sienna,49429.64,6.06,Completed
818878,5,2024-09-08,Highlander,51747.64,5.34,Completed
818879,11,2024-09-29,Prius,23975.07,4.16,Completed
818880,16,2024-09-20,Corolla,29644.6,6.06,Completed
818881,13,2024-09-23,Tacoma,48313.42,5.61,Completed
818882,8,2024-09-13,Sienna,50454.56,5.84,Completed
818883,7,2024-09-28,Highlander,69050.58,5.39,Completed
818884,13,2024-09-01,Tacoma,41423.43,5.61,Pending
818885,20,2024-09-19,Highlander,64633.28,5.77,Completed
818886,10,2024-09-29,Camry,28077.27,4.88,Completed
818887,19,2024-09-21,Camry,33870.55,5.48,Completed
818888,5,2024-09-29,Corolla,25019.86,5.34,Completed
818889,4,2024-09-16,Sienna,37510.4,3.81,Completed
818890,20,2024-09-06,Tacoma,43573.52,5.77,Completed
818891,4,2024-09-11,Sienna,36463.64,3.81,Completed
818892,13,2024-09-07,Tacoma,44801.0,5.61,Completed
818893,13,2024-09-04,Prius,34260.91,5.61,Completed
818894,10,2024-09-25,Corolla,21209.24,4.88,Completed
818895,7,2024-09-18,Tundra,47574.85,5.39,Completed
818896,6,2024-09-25,Sienna,35484.99,3.86,Completed
818897,7,2024-09-07,Sienna,55340.99,5.39,Completed
818898,1,2024-09-13,Corolla,22199.1,5.24,Completed
818899,12,2024-09-03,Tacoma,45948.59,5.65,Completed
818900,19,2024-09-30,Tundra,42983.0,5.48,Completed
818901,7,2024-09-08,Corolla,27040.23,5.39,Completed
818902,5,2024-09-06,Camry,31990.01,5.34,Completed
818903,9,2024-09-02,RAV4,36020.96,4.4,Completed
818904,6,2024-09-18,Highlander,46238.76,3.86,Completed
818905,12,2024-09-09,Tundra,51533.5,5.65,Completed
818906,13,2024-09-22,Camry,40207.77,5.61,Completed
818907,8,2024-09-09,Highlander,62470.72,5.84,Completed
818908,4,2024-09-14,Sienna,36515.04,3.81,Completed
818909,9,2024-09-25,Sienna,39263.24,4.4,Completed
818910,11,2024-09-14,Sienna,36849.21,4.16,Completed
818911,9,2024-09-03,Corolla,19560.46,4.4,Completed
818912,10,2024-09-19,Highlander,48481.53,4.88,Completed
818913,2,2024-09-08,Sienna,39829.39,4.0,Completed
818914,11,2024-09-21,Tundra,36630.27,4.16,Cancelled
818915,8,2024-09-01,Camry,38854.86,5.84,Completed
818916,12,2024-09-25,Prius,31825.49,5.65,Completed
818917,10,2024-09-16,Tacoma,31367.85,4.88,Completed
818918,9,2024-09-22,RAV4,32658.67,4.4,Completed
818919,9,2024-09-25,Prius,21644.59,4.4,Completed
818920,14,2024-09-06,RAV4,39642.44,5.1,Completed
818921,1,2024-09-20,Tacoma,36330.43,5.24,Completed
818922,9,2024-09-29,Corolla,21414.91,4.4,Completed
818923,16,2024-09-07,Highlander,71050.54,6.06,Completed
818924,6,2024-09-28,Prius,22374.48,3.86,Completed
818925,17,2024-09-18,RAV4,30392.25,4.51,Completed
818926,17,2024-09-25,Corolla,18795.75,4.51,Completed
818927,15,2024-09-14,Tacoma,42328.32,4.86,Completed
818928,15,2024-09-15,Tacoma,42490.93,4.86,Completed
818929,5,2024-09-28,Sienna,39227.99,5.34,Completed
818930,11,2024-09-09,RAV4,30526.52,4.16,Completed
818931,20,2024-09-15,Tundra,52530.58,5.77,Cancelled
818932,16,2024-09-02,Sienna,55714.89,6.06,Completed
818933,9,2024-09-17,Sienna,38433.71,4.4,Completed
818934,19,2024-09-16,Highlander,52579.0,5.48,Completed
818935,12,2024-09-22,Camry,42288.28,5.65,Completed
818936,18,2024-09-16,Prius,33534.48,5.68,Completed
818937,5,2024-09-13,Sienna,46088.87,5.34,Completed
818938,7,2024-09-28,RAV4,46061.12,5.39,Completed
818939,7,2024-09-28,RAV4,46227.33,5.39,Completed
818940,18,2024-09-30,Prius,35341.52,5.68,Completed
818941,18,2024-09-17,Tundra,54232.81,5.68,Completed
818942,9,2024-09-28,Camry,28556.02,4.4,Completed
818943,6,2024-09-25,Highlander,43762.22,3.86,Completed
818944,16,2024-09-17,Tundra,47645.57,6.06,Completed
818945,2,2024-09-15,Tacoma,34758.58,4.0,Completed
818946,11,2024-09-02,Highlander,46966.95,4.16,Pending
818947,2,2024-09-23,Tacoma,30749.05,4.0,Completed
818948,5,2024-09-19,Sienna,38722.24,5.34,Completed
818949,18,2024-09-27,Highlander,68347.42,5.68,Completed
818950,1,2024-09-07,Prius,25081.9,5.24,Completed
818951,3,2024-09-14,Tacoma,45479.46,5.69,Completed
818952,3,2024-09-22,RAV4,48206.2,5.69,Completed
818953,14,2024-09-22,Prius,31836.3,5.1,Completed
818954,10,2024-09-01,Prius,23912.8,4.88,Completed
818955,15,2024-09-24,Camry,35252.45,4.86,Completed
818956,13,2024-09-08,Corolla,27567.81,5.61,Completed
818957,9,2024-09-12,Prius,22844.03,4.4,Completed
818958,12,2024-09-13,Tacoma,37718.75,5.65,Completed
818959,20,2024-09-27,RAV4,46638.24,5.77,Completed
818960,7,2024-09-04,Tundra,54761.9,5.39,Completed
818961,8,2024-09-24,Prius,35084.46,5.84,Completed
818962,15,2024-09-23,Tacoma,38130.16,4.86,Completed
818963,12,2024-09-09,Corolla,28001.97,5.65,Completed
818964,14,2024-09-29,Tacoma,38762.3,5.1,Completed
818965,12,2024-09-02,Highlander,64295.54,5.65,Completed
818966,9,2024-09-03,Sienna,39888.02,4.4,Completed
818967,2,2024-09-25,Highlander,52379.37,4.0,Completed
818968,2,2024-09-26,Tacoma,35462.85,4.0,Completed
818969,10,2024-09-20,Highlander,47958.0,4.88,Completed
818970,8,2024-09-09,RAV4,41963.52,5.84,Completed
818971,19,2024-09-10,Tundra,45476.63,5.48,Completed
818972,10,2024-09-28,RAV4,37388.86,4.88,Completed
818973,4,2024-09-07,Sienna,37953.47,3.81,Completed
818974,5,2024-09-05,Camry,35108.99,5.34,Completed
818975,11,2024-09-03,Corolla,20987.69,4.16,Completed
818976,9,2024-09-29,Tundra,36976.82,4.4,Completed
818977,9,2024-09-27,Sienna,39442.98,4.4,Completed
818978,11,2024-09-17,Corolla,21057.33,4.16,Completed
818979,4,2024-09-05,Prius,23967.02,3.81,Completed
818980,6,2024-09-22,Camry,27576.61,3.86,Completed
818981,1,2024-09-05,Sienna,42928.22,5.24,Completed
818982,20,2024-09-14,Corolla,28399.06,5.77,Completed
818983,6,2024-09-06,Corolla,19500.31,3.86,Completed
818984,18,2024-09-27,Sienna,56004.21,5.68,Completed
818985,12,2024-09-07,Corolla,26038.45,5.65,Completed
818986,8,2024-09-07,Tundra,48485.92,5.84,Completed
818987,16,2024-09-28,Corolla,26666.69,6.06,Completed
818988,15,2024-09-07,Highlander,57105.43,4.86,Completed
818989,16,2024-09-19,Sienna,52521.55,6.06,Completed
818990,2,2024-09-06,RAV4,33857.13,4.0,Completed
818991,19,2024-09-08,Tundra,41402.13,5.48,Completed
818992,10,2024-09-20,Highlander,49839.29,4.88,Completed
818993,17,2024-09-13,Tacoma,29404.21,4.51,Completed
818994,2,2024-09-23,Sienna,40008.12,4.0,Completed
818995,9,2024-09-04,Highlander,50470.74,4.4,Completed
818996,19,2024-09-19,Prius,26553.59,5.48,Completed
818997,3,2024-09-17,Tacoma,46648.72,5.69,Completed
818998,2,2024-09-14,Tundra,38189.17,4.0,Pending
818999,10,2024-09-20,Camry,31508.23,4.88,Completed
819000,16,2024-09-17,Prius,33719.98,6.06,Completed
819001,17,2024-09-07,Highlander,43685.35,4.51,Completed
819002,15,2024-09-13,Tacoma,42332.65,4.86,Completed
819003,16,2024-09-18,Highlander,59521.57,6.06,Completed
819004,14,2024-09-14,Prius,32662.89,5.1,Completed
819005,17,2024-09-21,Corolla,18885.46,4.51,Completed
819006,20,2024-09-19,Corolla,31129.0,5.77,Completed
819007,17,2024-09-21,Tacoma,32369.17,4.51,Completed
819008,6,2024-09-01,Prius,24398.52,3.86,Completed
819009,6,2024-09-05,Tundra,36591.34,3.86,Completed
819010,17,2024-09-11,Tacoma,29264.59,4.51,Completed
819011,6,2024-09-09,Highlander,42651.72,3.86,Completed
819012,14,2024-09-03,Tundra,45043.03,5.1,Completed
819013,14,2024-09-24,Tacoma,40139.83,5.1,Completed
819014,7,2024-09-10,RAV4,48291.0,5.39,Completed
819015,18,2024-09-26,Tacoma,46322.95,5.68,Completed
819016,14,2024-09-16,Camry,37457.0,5.1,Completed
819017,18,2024-09-16,Sienna,59296.64,5.68,Completed
819018,16,2024-09-09,Highlander,71760.8,6.06,Completed
819019,2,2024-09-18,Prius,26666.63,4.0,Completed
819020,14,2024-09-13,RAV4,40886.1,5.1,Completed
819021,8,2024-09-30,Sienna,53939.37,5.84,Completed
819022,12,2024-09-04,Tundra,51255.39,5.65,Completed
819023,10,2024-09-01,Highlander,49069.37,4.88,Completed
819024,20,2024-09-07,Sienna,47671.93,5.77,Completed
819025,8,2024-09-10,Sienna,51354.47,5.84,Completed
819026,16,2024-09-05,Highlander,67617.27,6.06,Completed
819027,16,2024-09-30,Corolla,26951.49,6.06,Completed
819028,16,2024-09-06,Prius,36751.62,6.06,Completed
819029,6,2024-09-10,Sienna,34883.81,3.86,Completed
819030,12,2024-09-29,Tundra,49781.85,5.65,Completed
819031,4,2024-09-02,Highlander,40109.31,3.81,Completed
819032,18,2024-09-18,Tundra,58421.52,5.68,Completed
819033,2,2024-09-26,Tacoma,31797.11,4.0,Completed
819034,3,2024-09-22,Highlander,61468.99,5.69,Completed
819035,11,2024-09-04,Sienna,34192.04,4.16,Completed
819036,10,2024-09-11,Camry,27551.4,4.88,Completed
819037,20,2024-09-23,RAV4,42906.34,5.77,Cancelled
819038,9,2024-09-03,Sienna,37302.72,4.4,Completed
819039,2,2024-09-20,Highlander,46868.88,4.0,Pending
819040,9,2024-09-18,RAV4,32633.72,4.4,Completed
819041,5,2024-09-18,Corolla,24299.22,5.34,Completed
819042,18,2024-09-06,RAV4,46695.76,5.68,Completed
819043,14,2024-09-09,Camry,38346.8,5.1,Completed
819044,16,2024-09-25,Sienna,51970.2,6.06,Completed
819045,4,2024-09-05,Sienna,35156.86,3.81,Completed
819046,13,2024-09-11,Camry,39784.47,5.61,Completed
819047,11,2024-09-12,Corolla,22150.52,4.16,Completed
819048,2,2024-09-11,Highlander,45939.66,4.0,Completed
819049,8,2024-09-14,Sienna,45738.72,5.84,Completed
819050,10,2024-09-09,Highlander,50983.98,4.88,Completed
819051,8,2024-09-09,Tacoma,38890.13,5.84,Completed
819052,18,2024-09-09,Tacoma,44988.53,5.68,Completed
819053,5,2024-09-13,Camry,33364.17,5.34,Completed
819054,18,2024-09-26,Sienna,57943.89,5.68,Completed
819055,5,2024-09-18,RAV4,35914.1,5.34,Completed
819056,20,2024-09-23,RAV4,46878.34,5.77,Completed
819057,17,2024-09-18,Prius,22691.51,4.51,Completed
819058,4,2024-09-18,RAV4,30425.0,3.81,Completed
819059,12,2024-09-16,Highlander,68444.89,5.65,Completed
819060,20,2024-09-10,Tundra,54106.62,5.77,Completed
819061,14,2024-09-07,Prius,29504.12,5.1,Completed
819062,13,2024-09-09,RAV4,50531.96,5.61,Completed
819063,12,2024-09-20,Tacoma,37777.81,5.65,Cancelled
819064,12,2024-09-03,Tundra,47207.04,5.65,Completed
819065,8,2024-09-30,RAV4,45168.19,5.84,Completed
819066,5,2024-09-27,Prius,30250.36,5.34,Completed
819067,5,2024-09-15,Tundra,39273.39,5.34,Completed
819068,18,2024-09-05,Tacoma,45966.15,5.68,Completed
819069,19,2024-09-29,Prius,31032.48,5.48,Completed
819070,13,2024-09-30,Tacoma,46821.12,5.61,Completed
819071,4,2024-09-23,Highlander,46677.41,3.81,Completed
819072,20,2024-09-06,Sienna,45895.39,5.77,Completed
819073,11,2024-09-26,Tacoma,32794.46,4.16,Completed
819074,13,2024-09-22,RAV4,47783.76,5.61,Completed
819075,12,2024-09-30,Sienna,53895.74,5.65,Completed
819076,17,2024-09-20,Tundra,32306.48,4.51,Completed
819077,19,2024-09-27,Tundra,43869.76,5.48,Completed
819078,9,2024-09-05,RAV4,33622.32,4.4,Completed
819079,18,2024-09-27,Prius,35232.78,5.68,Completed
819080,9,2024-09-26,Tacoma,32180.85,4.4,Completed
819081,7,2024-09-06,Tacoma,39210.99,5.39,Completed
819082,12,2024-09-11,Corolla,27026.98,5.65,Completed
819083,5,2024-09-06,RAV4,36213.52,5.34,Completed
819084,14,2024-09-13,Prius,32943.99,5.1,Completed
819085,9,2024-09-02,Sienna,37058.68,4.4,Completed
819086,2,2024-09-10,Sienna,38912.96,4.0,Completed
819087,20,2024-09-25,Sienna,54120.38,5.77,Completed
819088,18,2024-09-11,Tacoma,41487.17,5.68,Completed
819089,4,2024-09-17,Tundra,37586.67,3.81,Completed
819090,19,2024-09-22,Sienna,42094.19,5.48,Completed
819091,19,2024-09-28,Highlander,58466.36,5.48,Completed
819092,16,2024-09-13,RAV4,51083.82,6.06,Completed
819093,4,2024-09-29,RAV4,32285.33,3.81,Completed
819094,13,2024-09-09,Prius,33721.02,5.61,Completed
819095,7,2024-09-08,Prius,30219.64,5.39,Completed
819096,4,2024-09-19,Prius,21188.22,3.81,Completed
819097,4,2024-09-27,Sienna,31380.43,3.81,Completed
819098,3,2024-09-29,Camry,38331.72,5.69,Completed
819099,18,2024-09-26,Sienna,56343.04,5.68,Completed
819100,7,2024-09-13,RAV4,46434.77,5.39,Completed
819101,11,2024-09-05,RAV4,32321.6,4.16,Completed
819102,17,2024-09-30,Sienna,32877.53,4.51,Completed
819103,2,2024-09-20,Camry,29508.55,4.0,Completed
819104,16,2024-09-15,Highlander,60606.48,6.06,Completed
819105,3,2024-09-20,Highlander,72524.85,5.69,Completed
819106,16,2024-09-02,Camry,43972.26,6.06,Completed
819107,7,2024-09-06,Prius,36272.31,5.39,Completed
819108,2,2024-09-17,Sienna,41439.07,4.0,Completed
819109,14,2024-09-18,Tundra,51994.54,5.1,Completed
819110,17,2024-09-29,Highlander,43214.24,4.51,Completed
819111,8,2024-09-04,Highlander,57804.96,5.84,Completed
819112,1,2024-09-26,Highlander,57118.54,5.24,Completed
819113,5,2024-09-27,Corolla,22690.38,5.34,Completed
819114,15,2024-09-10,Highlander,62930.61,4.86,Completed
819115,16,2024-09-09,Prius,36370.58,6.06,Completed
819116,10,2024-09-20,Tacoma,32720.99,4.88,Completed
819117,6,2024-09-05,Sienna,35041.42,3.86,Completed
819118,20,2024-09-22,Tundra,55124.71,5.77,Completed
819119,2,2024-09-25,Highlander,47147.45,4.0,Completed
819120,11,2024-09-16,Tacoma,31677.85,4.16,Completed
819121,14,2024-09-30,Corolla,25201.78,5.1,Completed
819122,11,2024-09-30,RAV4,34101.91,4.16,Completed
819123,6,2024-09-27,Camry,30424.25,3.86,Completed
819124,5,2024-09-15,Corolla,22278.66,5.34,Completed
819125,4,2024-09-26,Prius,21763.83,3.81,Completed
819126,13,2024-09-18,Sienna,53039.96,5.61,Completed
819127,15,2024-09-28,Prius,33929.0,4.86,Completed
819128,10,2024-09-15,Tundra,37663.67,4.88,Completed
819129,11,2024-09-08,RAV4,34195.23,4.16,Completed
819130,12,2024-09-29,Tundra,53358.88,5.65,Completed
819131,7,2024-09-10,Tundra,52082.62,5.39,Completed
819132,1,2024-09-01,Highlander,57500.73,5.24,Cancelled
819133,13,2024-09-08,Tundra,48718.34,5.61,Completed
819134,2,2024-09-08,RAV4,37611.46,4.0,Completed
819135,17,2024-09-19,Prius,23314.62,4.51,Completed
819136,17,2024-09-21,Camry,29183.74,4.51,Completed
819137,10,2024-09-18,RAV4,32754.22,4.88,Completed
819138,15,2024-09-26,Sienna,49495.12,4.86,Pending
819139,4,2024-09-01,Sienna,37261.2,3.81,Completed
819140,5,2024-09-27,RAV4,42355.37,5.34,Pending
819141,5,2024-09-13,Tundra,44886.14,5.34,Completed
819142,19,2024-09-23,Highlander,50938.64,5.48,Completed
819143,20,2024-09-13,Tacoma,39474.68,5.77,Completed
819144,8,2024-09-27,Highlander,67133.15,5.84,Cancelled
819145,2,2024-09-15,Corolla,20560.33,4.0,Completed
819146,8,2024-09-06,Tundra,54459.33,5.84,Completed
819147,19,2024-09-08,Tacoma,37435.65,5.48,Completed
819148,15,2024-09-21,Sienna,54504.51,4.86,Completed
819149,19,2024-09-08,Tundra,41891.2,5.48,Completed
819150,10,2024-09-11,Corolla,19812.26,4.88,Completed
819151,10,2024-09-18,RAV4,36502.59,4.88,Completed
819152,10,2024-09-19,Prius,26728.66,4.88,Completed
819153,11,2024-09-10,Corolla,21415.05,4.16,Completed
819154,8,2024-09-14,RAV4,41440.4,5.84,Completed
819155,15,2024-09-04,Corolla,27238.28,4.86,Completed
819156,16,2024-09-14,Tundra,52003.73,6.06,Completed
819157,18,2024-09-08,Highlander,69440.2,5.68,Completed
819158,11,2024-09-06,Prius,22957.26,4.16,Completed
819159,9,2024-09-17,Sienna,39174.38,4.4,Completed
819160,5,2024-09-23,Tacoma,37659.9,5.34,Completed
819161,1,2024-09-26,Tacoma,35767.09,5.24,Completed
819162,10,2024-09-12,Sienna,35942.53,4.88,Completed
819163,15,2024-09-22,Tacoma,40239.32,4.86,Completed
819164,7,2024-09-07,Highlander,64457.71,5.39,Completed
819165,20,2024-09-09,Highlander,61468.72,5.77,Completed
819166,18,2024-09-16,Sienna,49956.46,5.68,Cancelled
819167,5,2024-09-22,RAV4,38577.87,5.34,Completed
819168,16,2024-09-11,Camry,43204.75,6.06,Completed
819169,11,2024-09-11,Corolla,21619.21,4.16,Cancelled
819170,15,2024-09-01,Tundra,48823.03,4.86,Completed
819171,9,2024-09-17,Camry,27074.86,4.4,Completed
819172,11,2024-09-26,Prius,25084.04,4.16,Cancelled
819173,9,2024-09-03,RAV4,34078.68,4.4,Completed
819174,2,2024-09-20,Highlander,52175.51,4.0,Completed
819175,15,2024-09-13,Corolla,28187.38,4.86,Completed
819176,15,2024-09-03,RAV4,45210.41,4.86,Completed
819177,7,2024-09-29,Highlander,66721.52,5.39,Completed
819178,20,2024-09-17,Tacoma,39732.85,5.77,Completed
819179,8,2024-09-29,Camry,36419.25,5.84,Completed
819180,11,2024-09-13,Prius,25598.42,4.16,Completed
819181,9,2024-09-05,Camry,28420.62,4.4,Completed
819182,8,2024-09-03,Tundra,50321.66,5.84,Completed
819183,9,2024-09-03,Corolla,19262.61,4.4,Completed
819184,10,2024-09-13,Tundra,40211.69,4.88,Completed
819185,17,2024-09-07,Prius,24426.15,4.51,Completed
819186,8,2024-09-14,Prius,34431.11,5.84,Completed
819187,3,2024-09-18,Tacoma,48038.98,5.69,Completed
819188,15,2024-09-14,Tacoma,38278.22,4.86,Completed
819189,9,2024-09-03,Tundra,37803.58,4.4,Completed
819190,19,2024-09-20,Highlander,53979.95,5.48,Completed
819191,14,2024-09-26,Camry,37753.83,5.1,Completed
819192,6,2024-09-13,Camry,25571.11,3.86,Completed
819193,14,2024-09-30,Highlander,56378.01,5.1,Completed
819194,18,2024-09-28,RAV4,51992.5,5.68,Completed
819195,5,2024-09-06,RAV4,39143.12,5.34,Completed
819196,18,2024-09-20,RAV4,49522.32,5.68,Completed
819197,9,2024-09-10,Highlander,50636.85,4.4,Completed
819198,1,2024-09-16,Corolla,25802.84,5.24,Completed
819199,10,2024-09-01,RAV4,31929.71,4.88,Completed
819200,3,2024-09-13,Sienna,51380.2,5.69,Completed
819201,1,2024-09-26,Prius,26106.88,5.24,Completed
819202,17,2024-09-13,Prius,24913.8,4.51,Completed
819203,12,2024-09-27,Tundra,52871.08,5.65,Completed
819204,9,2024-09-28,Tundra,37813.59,4.4,Completed
819205,16,2024-09-22,RAV4,43281.4,6.06,Completed
819206,14,2024-09-13,RAV4,42518.54,5.1,Completed
819207,12,2024-09-13,Tacoma,41313.11,5.65,Completed
819208,12,2024-09-09,Tundra,45565.54,5.65,Completed
819209,2,2024-09-24,Camry,28415.25,4.0,Completed
819210,14,2024-09-07,Highlander,61561.18,5.1,Completed
819211,20,2024-09-22,Corolla,30632.5,5.77,Completed
819212,12,2024-09-23,Camry,38483.19,5.65,Completed
819213,6,2024-09-12,Sienna,32021.34,3.86,Completed
819214,4,2024-09-08,Prius,20602.4,3.81,Cancelled
819215,8,2024-09-29,Tacoma,40461.4,5.84,Completed
819216,4,2024-09-18,Corolla,18834.02,3.81,Completed
819217,10,2024-09-29,Highlander,45144.27,4.88,Completed
819218,16,2024-09-04,Corolla,27258.08,6.06,Cancelled
819219,2,2024-09-26,Camry,29199.16,4.0,Completed
819220,1,2024-09-15,Camry,30248.65,5.24,Completed
819221,4,2024-09-25,Prius,21954.31,3.81,Pending
819222,15,2024-09-19,Camry,36114.04,4.86,Completed
819223,4,2024-09-05,Highlander,43659.47,3.81,Completed
819224,4,2024-09-15,Camry,25315.18,3.81,Completed
819225,18,2024-09-18,Camry,44266.6,5.68,Cancelled
819226,1,2024-09-04,Camry,29508.82,5.24,Completed
819227,6,2024-09-20,Corolla,21616.67,3.86,Completed
819228,16,2024-09-14,Camry,42197.43,6.06,Completed
819229,16,2024-09-01,Camry,38601.87,6.06,Completed
819230,17,2024-09-21,Tundra,38085.43,4.51,Completed
819231,18,2024-09-14,Highlander,67574.14,5.68,Completed
819232,9,2024-09-07,Highlander,42408.04,4.4,Completed
819233,15,2024-09-06,Corolla,30224.87,4.86,Completed
819234,3,2024-09-10,Highlander,63744.3,5.69,Completed
819235,2,2024-09-26,Camry,29761.74,4.0,Completed
819236,6,2024-09-01,Prius,24634.2,3.86,Cancelled
819237,6,2024-09-25,Camry,27776.56,3.86,Pending
819238,6,2024-09-10,Tundra,32408.9,3.86,Completed
819239,18,2024-09-20,Camry,42415.04,5.68,Completed
819240,14,2024-09-19,Highlander,61753.27,5.1,Completed
819241,4,2024-09-20,Prius,24783.14,3.81,Completed
819242,7,2024-09-30,Camry,42241.44,5.39,Completed
819243,1,2024-09-17,RAV4,35499.42,5.24,Completed
819244,18,2024-09-02,Tundra,56896.22,5.68,Completed
819245,10,2024-09-05,RAV4,33722.13,4.88,Completed
819246,4,2024-09-28,Highlander,44630.34,3.81,Completed
819247,19,2024-09-11,Sienna,40648.5,5.48,Completed
819248,10,2024-09-19,Sienna,37205.52,4.88,Completed
819249,5,2024-09-30,Highlander,54946.39,5.34,Completed
819250,3,2024-09-09,Camry,36726.84,5.69,Completed
819251,3,2024-09-30,Tacoma,42083.54,5.69,Completed
819252,4,2024-09-25,Sienna,37730.45,3.81,Completed
819253,5,2024-09-04,Sienna,43470.03,5.34,Completed
819254,9,2024-09-19,Sienna,35579.63,4.4,Completed
819255,5,2024-09-12,Tacoma,36727.86,5.34,Completed
819256,5,2024-09-27,Tacoma,34339.5,5.34,Completed
819257,5,2024-09-14,Tundra,39490.49,5.34,Completed
819258,1,2024-09-02,Corolla,23787.37,5.24,Completed
819259,13,2024-09-28,Sienna,49817.52,5.61,Completed
819260,18,2024-09-16,Corolla,32240.02,5.68,Completed
819261,10,2024-09-02,Sienna,40134.55,4.88,Completed
819262,7,2024-09-26,Corolla,31297.49,5.39,Completed
819263,5,2024-09-04,Highlander,48949.31,5.34,Completed
819264,3,2024-09-18,Sienna,47547.28,5.69,Completed
819265,4,2024-09-06,Highlander,45654.22,3.81,Completed
819266,19,2024-09-29,Tacoma,37434.24,5.48,Completed
819267,19,2024-09-02,Highlander,60685.23,5.48,Completed
819268,5,2024-09-03,Camry,34096.63,5.34,Completed
819269,5,2024-09-08,Corolla,26525.04,5.34,Completed
819270,1,2024-09-07,RAV4,41159.29,5.24,Completed
819271,20,2024-09-15,Camry,38187.56,5.77,Completed
819272,3,2024-09-15,Highlander,61324.56,5.69,Completed
819273,17,2024-09-06,Corolla,19225.94,4.51,Completed
819274,5,2024-09-10,Prius,25183.56,5.34,Completed
819275,3,2024-09-19,Camry,41568.48,5.69,Completed
819276,14,2024-09-24,Tundra,47511.67,5.1,Completed
819277,12,2024-09-17,Corolla,28122.21,5.65,Completed
819278,17,2024-09-16,Tundra,37823.35,4.51,Completed
819279,16,2024-09-03,Corolla,31858.95,6.06,Completed
819280,1,2024-09-20,Tundra,41155.86,5.24,Completed
819281,20,2024-09-18,Highlander,62104.58,5.77,Completed
819282,2,2024-09-20,Tacoma,31284.77,4.0,Completed
819283,13,2024-09-23,Highlander,62988.03,5.61,Completed
819284,19,2024-09-06,Tundra,43539.37,5.48,Completed
819285,10,2024-09-21,Tacoma,33439.6,4.88,Completed
819286,7,2024-09-02,Tundra,49682.22,5.39,Completed
819287,7,2024-09-06,Tundra,47503.47,5.39,Completed
819288,20,2024-09-24,Tacoma,44045.94,5.77,Completed
819289,20,2024-09-20,RAV4,48030.76,5.77,Completed
819290,19,2024-09-30,Tundra,41326.22,5.48,Completed
819291,4,2024-09-16,Tundra,35537.11,3.81,Completed
819292,6,2024-09-08,Camry,28165.81,3.86,Completed
819293,17,2024-09-18,Sienna,34855.59,4.51,Completed
819294,17,2024-09-24,Corolla,20528.88,4.51,Completed
819295,18,2024-09-22,Camry,43183.28,5.68,Completed
819296,18,2024-09-13,Tacoma,48908.26,5.68,Completed
819297,9,2024-09-08,Corolla,18767.36,4.4,Completed
819298,12,2024-09-23,Tundra,49658.03,5.65,Completed
819299,8,2024-09-04,Sienna,50923.63,5.84,Completed
819300,12,2024-09-27,Camry,38993.45,5.65,Completed
819301,7,2024-09-23,Prius,34023.25,5.39,Completed
819302,7,2024-09-23,Tundra,49286.19,5.39,Completed
819303,13,2024-09-21,RAV4,47605.92,5.61,Completed
819304,14,2024-09-06,Tundra,43489.01,5.1,Completed
819305,4,2024-09-19,RAV4,29224.52,3.81,Completed
819306,3,2024-09-12,Highlander,60342.89,5.69,Completed
819307,4,2024-09-07,Tundra,37299.94,3.81,Completed
819308,2,2024-09-13,Tundra,34762.07,4.0,Completed
819309,10,2024-09-25,Sienna,39083.53,4.88,Completed
819310,19,2024-09-01,Tundra,43412.38,5.48,Completed
819311,14,2024-09-01,Camry,37556.36,5.1,Completed
819312,4,2024-09-10,Highlander,42800.21,3.81,Completed
819313,10,2024-09-13,Prius,25009.8,4.88,Completed
819314,17,2024-09-27,Highlander,43136.61,4.51,Completed
819315,11,2024-09-01,Corolla,22654.82,4.16,Completed
819316,18,2024-09-01,RAV4,44919.87,5.68,Completed
819317,4,2024-09-14,Tundra,33664.3,3.81,Completed
819318,15,2024-09-02,Tacoma,37833.74,4.86,Completed
819319,4,2024-09-02,Corolla,20853.37,3.81,Completed
819320,2,2024-09-05,Sienna,35522.55,4.0,Completed
819321,16,2024-09-02,Tacoma,39986.12,6.06,Completed
819322,14,2024-09-09,Tundra,49705.27,5.1,Completed
819323,10,2024-09-12,Tundra,40888.91,4.88,Completed
819324,2,2024-09-12,Camry,28803.06,4.0,Completed
819325,10,2024-09-12,Tundra,39059.43,4.88,Completed
819326,16,2024-09-19,Prius,33595.2,6.06,Completed
819327,20,2024-09-23,Corolla,26261.87,5.77,Completed
819328,7,2024-09-06,Tundra,46353.09,5.39,Completed
819329,4,2024-09-26,RAV4,31644.71,3.81,Completed
819330,16,2024-09-03,Highlander,69516.1,6.06,Completed
819331,16,2024-09-23,Tacoma,47208.18,6.06,Completed
819332,15,2024-09-20,Camry,37313.69,4.86,Completed
819333,2,2024-09-22,Tacoma,29784.83,4.0,Completed
819334,12,2024-09-18,Tundra,52204.4,5.65,Completed
819335,6,2024-09-05,Tundra,34215.13,3.86,Completed
819336,5,2024-09-20,Corolla,25963.06,5.34,Completed
819337,6,2024-09-03,Corolla,21103.35,3.86,Completed
819338,16,2024-09-09,Tundra,51412.91,6.06,Completed
819339,13,2024-09-11,Highlander,66467.24,5.61,Completed
819340,11,2024-09-23,Corolla,21843.09,4.16,Completed
819341,15,2024-09-16,Tacoma,40576.2,4.86,Completed
819342,3,2024-09-25,Highlander,60694.72,5.69,Completed
819343,7,2024-09-30,Tundra,54596.16,5.39,Completed
819344,4,2024-09-02,Highlander,46194.37,3.81,Completed
819345,19,2024-09-25,Corolla,24272.17,5.48,Completed
819346,16,2024-09-07,Highlander,70190.89,6.06,Completed
819347,18,2024-09-27,Tacoma,45320.03,5.68,Completed
819348,3,2024-09-07,Prius,32577.62,5.69,Completed
819349,14,2024-09-19,Sienna,49991.92,5.1,Completed
819350,18,2024-09-21,Highlander,66663.12,5.68,Completed
819351,19,2024-09-15,Corolla,25480.12,5.48,Pending
819352,2,2024-09-30,RAV4,32739.03,4.0,Completed
819353,3,2024-09-17,Prius,34066.49,5.69,Completed
819354,6,2024-09-26,Sienna,36453.03,3.86,Completed
819355,9,2024-09-15,Sienna,38760.06,4.4,Completed
819356,17,2024-09-08,Highlander,48110.59,4.51,Completed
819357,16,2024-09-29,Tundra,52110.5,6.06,Completed
819358,11,2024-09-28,Highlander,44174.31,4.16,Completed
819359,8,2024-09-03,Prius,34717.84,5.84,Completed
819360,11,2024-09-05,RAV4,35072.12,4.16,Completed
819361,8,2024-09-12,Tundra,48260.07,5.84,Completed
819362,9,2024-09-26,Tacoma,29902.69,4.4,Completed
819363,17,2024-09-06,RAV4,34504.81,4.51,Completed
819364,1,2024-09-24,Camry,33705.53,5.24,Completed
819365,7,2024-09-21,Prius,30405.93,5.39,Completed
819366,7,2024-09-30,Prius,31531.46,5.39,Completed
819367,15,2024-09-23,Sienna,52018.47,4.86,Completed
819368,4,2024-09-07,Tundra,35053.7,3.81,Completed
819369,5,2024-09-03,Tacoma,38590.52,5.34,Completed
819370,18,2024-09-07,Tacoma,43336.56,5.68,Completed
819371,9,2024-09-09,Camry,29894.33,4.4,Completed
819372,4,2024-09-11,Camry,27313.45,3.81,Completed
819373,15,2024-09-14,Sienna,53196.42,4.86,Completed
819374,5,2024-09-25,Corolla,23303.24,5.34,Completed
819375,17,2024-09-08,Sienna,37811.73,4.51,Completed
819376,1,2024-09-22,Tacoma,34718.98,5.24,Completed
819377,10,2024-09-21,Corolla,20642.5,4.88,Pending
819378,14,2024-09-26,Prius,29718.43,5.1,Completed
819379,17,2024-09-26,Sienna,38402.55,4.51,Completed
819380,7,2024-09-30,RAV4,44988.23,5.39,Completed
819381,4,2024-09-20,Camry,25913.82,3.81,Cancelled
819382,16,2024-09-17,Highlander,59489.23,6.06,Pending
819383,8,2024-09-20,Corolla,29876.57,5.84,Completed
819384,12,2024-09-13,Tacoma,40438.04,5.65,Completed
819385,18,2024-09-29,Camry,44631.3,5.68,Completed
819386,13,2024-09-11,Sienna,48571.64,5.61,Completed
819387,16,2024-09-22,Tundra,49493.3,6.06,Completed
819388,14,2024-09-12,Prius,32756.53,5.1,Completed
819389,17,2024-09-03,Prius,22222.99,4.51,Completed
819390,13,2024-09-01,Sienna,49850.42,5.61,Completed
819391,19,2024-09-15,RAV4,38412.23,5.48,Completed
819392,4,2024-09-20,Tundra,32534.09,3.81,Completed
819393,8,2024-09-28,Sienna,52940.38,5.84,Completed
819394,17,2024-09-08,RAV4,30528.86,4.51,Completed
819395,2,2024-09-07,RAV4,34548.29,4.0,Completed
819396,15,2024-09-04,Tundra,49119.28,4.86,Cancelled
819397,11,2024-09-03,Prius,23108.68,4.16,Completed
819398,3,2024-09-25,Tacoma,42762.74,5.69,Completed
819399,19,2024-09-02,Highlander,51053.6,5.48,Completed
819400,20,2024-09-19,Tundra,52666.79,5.77,Completed
819401,12,2024-09-24,Corolla,28085.32,5.65,Completed
819402,11,2024-09-11,Corolla,19860.58,4.16,Completed
819403,6,2024-09-09,Tundra,34083.17,3.86,Completed
819404,2,2024-09-10,Tundra,38179.59,4.0,Completed
819405,14,2024-09-06,RAV4,42448.54,5.1,Completed
819406,20,2024-09-17,Corolla,30333.84,5.77,Completed
819407,8,2024-09-11,Tacoma,45704.9,5.84,Completed
819408,19,2024-09-19,Tacoma,38213.47,5.48,Completed
819409,5,2024-09-14,Highlander,56526.86,5.34,Completed
819410,11,2024-09-25,Corolla,19527.92,4.16,Completed
819411,11,2024-09-14,Camry,30512.77,4.16,Completed
819412,8,2024-09-15,Tacoma,44322.62,5.84,Completed
819413,6,2024-09-11,Highlander,44839.58,3.86,Completed
819414,18,2024-09-22,Tacoma,49762.36,5.68,Completed
819415,2,2024-09-29,Sienna,41719.56,4.0,Completed
819416,7,2024-09-22,Sienna,46090.3,5.39,Cancelled
819417,15,2024-09-08,Camry,40105.64,4.86,Completed
819418,16,2024-09-26,Corolla,29876.75,6.06,Completed
819419,11,2024-09-28,Sienna,38719.35,4.16,Completed
819420,17,2024-09-02,Camry,25956.9,4.51,Pending
819421,16,2024-09-13,Tacoma,42540.23,6.06,Completed
819422,16,2024-09-28,Tundra,52551.72,6.06,Completed
819423,17,2024-09-22,Sienna,34996.12,4.51,Completed
819424,10,2024-09-23,RAV4,31395.92,4.88,Completed
819425,7,2024-09-24,Highlander,61098.09,5.39,Completed
819426,19,2024-09-17,Tundra,44491.49,5.48,Cancelled
819427,20,2024-09-29,Corolla,27375.31,5.77,Completed
819428,13,2024-09-18,Tundra,52414.31,5.61,Completed
819429,10,2024-09-16,Camry,27026.6,4.88,Completed
819430,9,2024-09-20,Sienna,33144.0,4.4,Completed
819431,17,2024-09-16,Camry,26143.24,4.51,Completed
819432,8,2024-09-17,Tundra,48646.7,5.84,Completed
819433,7,2024-09-07,Corolla,27747.38,5.39,Completed
819434,15,2024-09-08,Sienna,50286.76,4.86,Completed
819435,4,2024-09-30,Corolla,18530.73,3.81,Completed
819436,15,2024-09-23,Highlander,61738.21,4.86,Completed
819437,17,2024-09-05,Sienna,32670.27,4.51,Completed
819438,14,2024-09-13,Corolla,26435.53,5.1,Completed
819439,15,2024-09-20,Corolla,30808.65,4.86,Completed
819440,4,2024-09-09,Tundra,34218.19,3.81,Completed
819441,2,2024-09-11,RAV4,37769.78,4.0,Completed
819442,16,2024-09-23,Sienna,52241.24,6.06,Completed
819443,13,2024-09-19,Camry,44048.34,5.61,Completed
819444,15,2024-09-23,Prius,31226.98,4.86,Completed
819445,3,2024-09-09,Prius,30821.73,5.69,Completed
819446,4,2024-09-20,Tacoma,31492.88,3.81,Completed
819447,15,2024-09-26,Camry,37116.15,4.86,Completed
819448,2,2024-09-13,Corolla,19889.37,4.0,Completed
819449,12,2024-09-10,Camry,35288.0,5.65,Completed
819450,10,2024-09-15,Camry,28305.59,4.88,Completed
819451,13,2024-09-12,Tacoma,42807.11,5.61,Completed
819452,4,2024-09-22,Corolla,20320.85,3.81,Completed
819453,10,2024-09-07,Highlander,48932.7,4.88,Completed
819454,7,2024-09-05,Sienna,47287.94,5.39,Completed
819455,6,2024-09-27,Camry,29677.97,3.86,Completed
819456,9,2024-09-24,Tundra,39352.51,4.4,Completed
819457,12,2024-09-08,Prius,32485.29,5.65,Completed
819458,17,2024-09-06,Prius,21137.16,4.51,Completed
819459,11,2024-09-24,RAV4,33609.52,4.16,Completed
819460,13,2024-09-21,Sienna,48719.63,5.61,Completed
819461,2,2024-09-01,Highlander,46642.28,4.0,Completed
819462,3,2024-09-17,Corolla,31976.83,5.69,Completed
819463,6,2024-09-28,Corolla,20929.79,3.86,Completed
819464,9,2024-09-16,Corolla,18754.79,4.4,Completed
819465,18,2024-09-07,RAV4,47268.94,5.68,Completed
819466,6,2024-09-23,RAV4,35455.13,3.86,Completed
819467,11,2024-09-17,RAV4,30597.52,4.16,Completed
819468,2,2024-09-21,Prius,25730.89,4.0,Completed
819469,6,2024-09-02,Camry,27301.66,3.86,Completed
819470,14,2024-09-02,RAV4,46299.51,5.1,Completed
819471,4,2024-09-22,Sienna,34475.72,3.81,Completed
819472,15,2024-09-17,RAV4,43680.07,4.86,Pending
819473,17,2024-09-28,Highlander,49000.86,4.51,Completed
819474,20,2024-09-15,Corolla,30482.95,5.77,Completed
819475,19,2024-09-24,Highlander,55957.25,5.48,Completed
819476,12,2024-09-14,Camry,39508.31,5.65,Completed
819477,2,2024-09-18,Highlander,52441.17,4.0,Completed
819478,5,2024-09-16,Sienna,41395.49,5.34,Completed
819479,12,2024-09-20,Corolla,30934.4,5.65,Completed
819480,20,2024-09-01,Tundra,51424.51,5.77,Completed
819481,20,2024-09-10,Prius,34017.4,5.77,Completed
819482,9,2024-09-02,Camry,31026.19,4.4,Completed
819483,17,2024-09-30,Tacoma,29943.65,4.51,Cancelled
819484,3,2024-09-08,Highlander,72628.45,5.69,Completed
819485,14,2024-09-17,Prius,30801.95,5.1,Completed
819486,15,2024-09-15,RAV4,46519.91,4.86,Completed
819487,19,2024-09-27,Tundra,42837.36,5.48,Completed
819488,11,2024-09-26,Tacoma,29265.72,4.16,Completed
819489,10,2024-09-12,Sienna,38485.97,4.88,Completed
819490,5,2024-09-04,Prius,28209.58,5.34,Completed
819491,17,2024-09-10,Camry,29663.7,4.51,Completed
819492,14,2024-09-20,Highlander,60767.96,5.1,Completed
819493,12,2024-09-04,Prius,31209.72,5.65,Completed
819494,18,2024-09-21,Corolla,30947.26,5.68,Completed
819495,6,2024-09-11,Prius,22290.88,3.86,Completed
819496,18,2024-09-01,Tundra,59231.71,5.68,Completed
819497,1,2024-09-26,Tacoma,32481.6,5.24,Completed
819498,13,2024-09-04,RAV4,47443.74,5.61,Completed
819499,2,2024-09-08,Highlander,46191.3,4.0,Completed
819500,19,2024-09-06,Sienna,47167.73,5.48,Completed
819501,10,2024-09-19,RAV4,36214.86,4.88,Completed
819502,9,2024-09-28,Tacoma,28139.51,4.4,Completed
819503,6,2024-09-29,Highlander,44602.38,3.86,Completed
819504,19,2024-09-27,Corolla,26821.9,5.48,Completed
819505,3,2024-09-18,Tacoma,41941.42,5.69,Completed
819506,17,2024-09-04,Sienna,36376.64,4.51,Completed
819507,3,2024-09-25,RAV4,49829.61,5.69,Completed
819508,8,2024-09-01,RAV4,47900.58,5.84,Completed
819509,11,2024-09-27,RAV4,31644.02,4.16,Cancelled
819510,17,2024-09-18,Tacoma,28488.44,4.51,Completed
819511,1,2024-09-30,Corolla,25309.51,5.24,Completed
819512,9,2024-09-05,Prius,21985.37,4.4,Completed
819513,8,2024-09-11,Tundra,49184.61,5.84,Completed
819514,20,2024-09-25,Camry,43245.69,5.77,Completed
819515,9,2024-09-26,Tundra,35773.37,4.4,Completed
819516,18,2024-09-22,Highlander,62880.22,5.68,Completed
819517,7,2024-09-27,Tacoma,39775.88,5.39,Completed
819518,13,2024-09-06,Prius,31500.79,5.61,Completed
819519,4,2024-09-10,Highlander,39862.67,3.81,Completed
819520,15,2024-09-25,RAV4,44964.05,4.86,Completed
819521,17,2024-09-25,RAV4,30352.12,4.51,Completed
819522,8,2024-09-11,Camry,41183.96,5.84,Completed
819523,17,2024-09-05,Prius,22245.16,4.51,Completed
819524,18,2024-09-25,Prius,36625.26,5.68,Completed
819525,4,2024-09-18,Camry,26251.72,3.81,Completed
819526,1,2024-09-10,Tacoma,37145.64,5.24,Completed
819527,16,2024-09-02,Highlander,64479.79,6.06,Completed
819528,13,2024-09-19,Camry,44842.91,5.61,Completed
819529,10,2024-09-12,RAV4,34716.22,4.88,Completed
819530,4,2024-09-09,Sienna,34186.53,3.81,Completed
819531,12,2024-09-27,Sienna,45022.85,5.65,Completed
819532,20,2024-09-27,Sienna,48419.81,5.77,Completed
819533,3,2024-09-11,Camry,41449.91,5.69,Completed
819534,2,2024-09-23,Sienna,38665.49,4.0,Completed
819535,6,2024-09-07,Tacoma,30538.67,3.86,Completed
819536,18,2024-09-16,Corolla,31978.63,5.68,Completed
819537,7,2024-09-26,Highlander,61659.51,5.39,Completed
819538,9,2024-09-16,Sienna,39949.39,4.4,Completed
819539,3,2024-09-04,Tacoma,40860.89,5.69,Pending
819540,5,2024-09-20,Sienna,46089.3,5.34,Completed
819541,10,2024-09-08,Tacoma,32147.5,4.88,Completed
819542,3,2024-09-18,Tacoma,43561.04,5.69,Completed
819543,1,2024-09-29,Tacoma,36879.86,5.24,Completed
819544,9,2024-09-28,RAV4,30007.75,4.4,Completed
819545,18,2024-09-15,Highlander,75382.97,5.68,Completed
819546,18,2024-09-14,Camry,38452.48,5.68,Completed
819547,15,2024-09-28,Tundra,53910.83,4.86,Completed
819548,16,2024-09-15,Prius,35210.12,6.06,Completed
819549,5,2024-09-09,Tacoma,34364.48,5.34,Completed
819550,5,2024-09-09,Prius,29999.04,5.34,Completed
819551,13,2024-09-02,Highlander,67790.89,5.61,Completed
819552,4,2024-09-06,RAV4,30508.39,3.81,Completed
819553,6,2024-09-06,Highlander,44159.61,3.86,Completed
819554,18,2024-09-20,Corolla,30617.19,5.68,Completed
819555,13,2024-09-26,Prius,32945.52,5.61,Completed
819556,18,2024-09-18,Corolla,31626.03,5.68,Completed
819557,19,2024-09-18,Tundra,44593.62,5.48,Completed
819558,17,2024-09-15,RAV4,31127.19,4.51,Completed
819559,14,2024-09-23,Tacoma,39796.48,5.1,Completed
819560,17,2024-09-08,Sienna,35141.78,4.51,Completed
819561,12,2024-09-06,Tacoma,38046.38,5.65,Completed
819562,17,2024-09-26,Camry,29290.77,4.51,Completed
819563,9,2024-09-08,Sienna,39921.1,4.4,Completed
819564,10,2024-09-15,Highlander,47768.93,4.88,Completed
819565,18,2024-09-21,Highlander,63125.71,5.68,Completed
819566,4,2024-09-11,RAV4,33216.09,3.81,Completed
819567,15,2024-09-27,Sienna,50958.59,4.86,Completed
819568,18,2024-09-14,Prius,37705.69,5.68,Completed
819569,18,2024-09-13,RAV4,44854.82,5.68,Completed
819570,4,2024-09-20,Corolla,21615.15,3.81,Completed
819571,9,2024-09-10,Tacoma,29560.98,4.4,Completed
819572,3,2024-09-17,Corolla,28810.55,5.69,Completed
819573,14,2024-09-07,Highlander,65599.81,5.1,Completed
819574,9,2024-09-07,RAV4,33386.46,4.4,Completed
819575,14,2024-09-10,Tacoma,42961.34,5.1,Completed
819576,19,2024-09-15,Prius,28759.12,5.48,Completed
819577,4,2024-09-23,Tacoma,31103.69,3.81,Completed
819578,1,2024-09-10,Corolla,24691.28,5.24,Completed
819579,20,2024-09-05,Sienna,49557.42,5.77,Completed
819580,12,2024-09-18,RAV4,46018.88,5.65,Completed
819581,12,2024-09-06,Camry,37649.09,5.65,Completed
819582,3,2024-09-24,Tundra,52666.71,5.69,Completed
819583,3,2024-09-30,Camry,42794.38,5.69,Completed
819584,18,2024-09-28,RAV4,47701.52,5.68,Completed
819585,3,2024-09-23,Prius,37356.02,5.69,Pending
819586,20,2024-09-15,Camry,37840.71,5.77,Completed
819587,5,2024-09-21,Camry,34284.31,5.34,Completed
819588,13,2024-09-24,RAV4,49667.47,5.61,Completed
819589,12,2024-09-25,Tundra,51903.7,5.65,Completed
819590,7,2024-09-27,Camry,39008.74,5.39,Completed
819591,11,2024-09-25,Corolla,20518.38,4.16,Completed
819592,20,2024-09-12,Highlander,69358.79,5.77,Completed
819593,10,2024-09-24,Sienna,37476.12,4.88,Completed
819594,5,2024-09-18,Corolla,22254.82,5.34,Completed
819595,1,2024-09-26,RAV4,39495.15,5.24,Completed
819596,5,2024-09-05,Tacoma,34824.89,5.34,Completed
819597,15,2024-09-10,Prius,29404.03,4.86,Completed
819598,5,2024-09-27,Highlander,57927.91,5.34,Completed
819599,2,2024-09-16,Camry,30827.5,4.0,Completed
819600,19,2024-09-21,Tacoma,38184.84,5.48,Completed
819601,13,2024-09-01,Tacoma,45315.87,5.61,Completed
819602,2,2024-09-01,Tacoma,35422.96,4.0,Completed
819603,17,2024-09-26,Camry,28924.46,4.51,Completed
819604,3,2024-09-12,Camry,44309.38,5.69,Completed
819605,15,2024-09-28,Prius,34061.78,4.86,Completed
819606,17,2024-09-13,Highlander,46726.03,4.51,Completed
819607,14,2024-09-21,Highlander,55787.88,5.1,Completed
819608,8,2024-09-25,Corolla,31053.31,5.84,Completed
819609,1,2024-09-25,Corolla,22301.21,5.24,Completed
819610,11,2024-09-13,Corolla,22089.94,4.16,Completed
819611,15,2024-09-20,Prius,33651.78,4.86,Completed
819612,2,2024-09-26,Tundra,38725.89,4.0,Completed
819613,19,2024-09-18,RAV4,37868.21,5.48,Completed
819614,6,2024-09-25,Sienna,34776.54,3.86,Completed
819615,7,2024-09-27,Tundra,52675.85,5.39,Completed
819616,8,2024-09-18,Sienna,52477.79,5.84,Completed
819617,3,2024-09-23,Camry,42283.15,5.69,Completed
819618,7,2024-09-10,Tacoma,38751.15,5.39,Completed
819619,17,2024-09-27,RAV4,35082.71,4.51,Completed
819620,15,2024-09-30,Corolla,26300.02,4.86,Completed
819621,10,2024-09-18,Camry,30604.23,4.88,Completed
819622,19,2024-09-21,Tundra,42251.38,5.48,Completed
819623,7,2024-09-06,Camry,37560.76,5.39,Completed
819624,3,2024-09-13,RAV4,45349.06,5.69,Completed
819625,7,2024-09-24,Prius,30042.33,5.39,Cancelled
819626,18,2024-09-09,Sienna,56990.63,5.68,Completed
819627,20,2024-09-21,Tundra,46993.07,5.77,Completed
819628,1,2024-09-29,Tundra,44149.5,5.24,Completed
819629,1,2024-09-21,Corolla,26239.01,5.24,Completed
819630,20,2024-09-06,Prius,30148.31,5.77,Completed
819631,18,2024-09-16,Highlander,62517.58,5.68,Completed
819632,20,2024-09-01,RAV4,48864.22,5.77,Completed
819633,19,2024-09-15,Tacoma,34429.81,5.48,Completed
819634,1,2024-09-21,Corolla,25616.62,5.24,Completed
819635,8,2024-09-29,Highlander,67930.3,5.84,Completed
819636,18,2024-09-19,Sienna,53667.67,5.68,Completed
819637,6,2024-09-01,Tacoma,32463.95,3.86,Completed
819638,18,2024-09-12,Tundra,56838.76,5.68,Completed
819639,10,2024-09-05,Sienna,33889.58,4.88,Completed
819640,9,2024-09-04,Corolla,21707.01,4.4,Completed
819641,13,2024-09-21,Corolla,28990.53,5.61,Completed
819642,8,2024-09-05,Highlander,57725.44,5.84,Completed
819643,4,2024-09-18,Tacoma,27179.24,3.81,Completed
819644,3,2024-09-07,Corolla,26921.8,5.69,Completed
819645,5,2024-09-06,RAV4,37698.62,5.34,Cancelled
819646,1,2024-09-30,Tacoma,37534.84,5.24,Completed
819647,11,2024-09-17,Tacoma,28380.45,4.16,Completed
819648,12,2024-09-25,Tundra,47163.06,5.65,Completed
819649,14,2024-09-16,RAV4,40340.81,5.1,Completed
819650,10,2024-09-12,Camry,28513.55,4.88,Completed
819651,6,2024-09-11,RAV4,34836.56,3.86,Completed
819652,7,2024-09-24,Tacoma,45199.68,5.39,Completed
819653,4,2024-09-19,Sienna,36867.25,3.81,Pending
819654,10,2024-09-27,Prius,26061.53,4.88,Completed
819655,18,2024-09-14,Tundra,56058.53,5.68,Completed
819656,14,2024-09-07,Tacoma,41041.21,5.1,Completed
819657,12,2024-09-21,Camry,41684.6,5.65,Completed
819658,18,2024-09-19,Sienna,56291.04,5.68,Completed
819659,6,2024-09-29,Prius,24356.45,3.86,Completed
819660,2,2024-09-21,Sienna,40649.34,4.0,Completed
819661,7,2024-09-05,Tacoma,40648.1,5.39,Completed
819662,19,2024-09-29,Sienna,46441.02,5.48,Completed
819663,18,2024-09-01,Camry,45512.16,5.68,Completed
819664,10,2024-09-17,Camry,29952.99,4.88,Completed
819665,7,2024-09-26,Camry,38410.58,5.39,Completed
819666,6,2024-09-01,Highlander,45286.44,3.86,Completed
819667,6,2024-09-24,Camry,26211.49,3.86,Completed
819668,9,2024-09-28,Sienna,39036.99,4.4,Completed
819669,10,2024-09-04,Sienna,38588.81,4.88,Completed
819670,14,2024-09-25,Highlander,55777.92,5.1,Completed
819671,8,2024-09-09,Tacoma,39391.15,5.84,Completed
819672,5,2024-09-10,Tundra,46573.06,5.34,Completed
819673,17,2024-09-23,Tundra,37636.96,4.51,Completed
819674,8,2024-09-09,Camry,42999.32,5.84,Pending
819675,5,2024-09-16,Sienna,39367.28,5.34,Completed
819676,20,2024-09-02,Corolla,30721.54,5.77,Completed
819677,16,2024-09-28,Tacoma,43288.81,6.06,Completed
819678,17,2024-09-24,Camry,28563.69,4.51,Completed
819679,11,2024-09-25,Corolla,21239.38,4.16,Completed
819680,7,2024-09-16,Highlander,67625.41,5.39,Completed
819681,16,2024-09-01,Tundra,49683.72,6.06,Completed
819682,8,2024-09-02,RAV4,49246.02,5.84,Completed
819683,5,2024-09-28,Sienna,42051.02,5.34,Completed
819684,5,2024-09-26,Camry,34324.42,5.34,Pending
819685,6,2024-09-27,Camry,27057.82,3.86,Completed
819686,20,2024-09-24,Camry,39035.14,5.77,Completed
819687,13,2024-09-15,Tacoma,42940.5,5.61,Completed
819688,13,2024-09-02,Tundra,57130.48,5.61,Completed
819689,11,2024-09-09,Camry,27202.76,4.16,Pending
819690,13,2024-09-23,RAV4,49221.82,5.61,Completed
819691,2,2024-09-05,Tacoma,32918.31,4.0,Completed
819692,5,2024-09-21,RAV4,38038.86,5.34,Pending
819693,4,2024-09-01,RAV4,32272.37,3.81,Completed
819694,6,2024-09-13,Sienna,37175.49,3.86,Completed
819695,4,2024-09-07,RAV4,34677.29,3.81,Completed
819696,11,2024-09-29,Tacoma,30136.78,4.16,Completed
819697,12,2024-09-26,Tacoma,39244.15,5.65,Completed
819698,18,2024-09-11,Camry,42528.24,5.68,Completed
819699,15,2024-09-09,Corolla,30492.57,4.86,Completed
819700,4,2024-09-21,Sienna,33699.22,3.81,Completed
819701,19,2024-09-09,Tundra,41778.67,5.48,Completed
819702,3,2024-09-02,Tacoma,47559.52,5.69,Completed
819703,5,2024-09-20,Tundra,41915.85,5.34,Completed
819704,2,2024-09-21,Highlander,52050.06,4.0,Completed
819705,17,2024-09-27,Tacoma,27241.22,4.51,Completed
819706,1,2024-09-19,Sienna,41743.59,5.24,Completed
819707,19,2024-09-30,Highlander,57579.59,5.48,Completed
819708,14,2024-09-08,Sienna,44997.4,5.1,Completed
819709,1,2024-09-09,Prius,26767.92,5.24,Completed
819710,11,2024-09-19,Sienna,34756.23,4.16,Completed
819711,12,2024-09-09,Corolla,30577.83,5.65,Completed
819712,20,2024-09-13,Prius,29621.91,5.77,Completed
819713,5,2024-09-19,Tundra,44312.29,5.34,Completed
819714,5,2024-09-29,Tundra,39680.54,5.34,Completed
819715,13,2024-09-30,Highlander,66241.98,5.61,Completed
819716,14,2024-09-10,Highlander,59581.16,5.1,Completed
819717,2,2024-09-16,RAV4,35474.91,4.0,Completed
819718,20,2024-09-08,Tacoma,45701.94,5.77,Completed
819719,20,2024-09-27,Tundra,51117.32,5.77,Completed
819720,10,2024-09-02,Sienna,37772.31,4.88,Completed
819721,7,2024-09-18,RAV4,42449.57,5.39,Completed
819722,19,2024-09-02,Camry,36455.99,5.48,Completed
819723,5,2024-09-27,Corolla,24999.64,5.34,Completed
819724,8,2024-09-18,Corolla,26799.93,5.84,Completed
819725,5,2024-09-28,Highlander,56980.68,5.34,Completed
819726,3,2024-09-05,Tundra,53107.79,5.69,Completed
819727,17,2024-09-11,RAV4,35136.93,4.51,Completed
819728,17,2024-09-29,Prius,24686.5,4.51,Completed
819729,17,2024-09-26,RAV4,31332.04,4.51,Completed
819730,5,2024-09-04,Sienna,39273.34,5.34,Completed
819731,14,2024-09-26,Sienna,48518.91,5.1,Completed
819732,19,2024-09-10,Sienna,41421.07,5.48,Completed
819733,20,2024-09-22,Tundra,52260.81,5.77,Completed
819734,7,2024-09-26,Camry,41764.44,5.39,Completed
819735,2,2024-09-15,Sienna,35780.24,4.0,Completed
819736,12,2024-09-22,Tacoma,42978.78,5.65,Completed
819737,16,2024-09-03,Camry,39334.16,6.06,Completed
819738,13,2024-09-08,Sienna,56020.99,5.61,Completed
819739,5,2024-09-19,Prius,25217.48,5.34,Completed
819740,14,2024-09-23,Highlander,57590.52,5.1,Completed
819741,4,2024-09-23,Highlander,45216.04,3.81,Completed
819742,3,2024-09-12,Corolla,28416.59,5.69,Completed
819743,15,2024-09-11,Sienna,50461.26,4.86,Pending
819744,16,2024-09-30,Sienna,54382.3,6.06,Completed
819745,18,2024-09-16,Camry,42361.74,5.68,Completed
819746,17,2024-09-27,Corolla,20309.8,4.51,Completed
819747,8,2024-09-10,RAV4,41300.9,5.84,Completed
819748,1,2024-09-16,RAV4,36178.05,5.24,Completed
819749,18,2024-09-26,RAV4,44826.52,5.68,Completed
819750,14,2024-09-12,Tacoma,43731.95,5.1,Completed
819751,10,2024-09-02,Prius,25444.32,4.88,Completed
819752,12,2024-09-01,Camry,40601.38,5.65,Completed
819753,1,2024-09-25,Tundra,44602.85,5.24,Completed
819754,14,2024-09-12,Tundra,48260.15,5.1,Completed
819755,8,2024-09-13,Tundra,46202.27,5.84,Completed
819756,20,2024-09-12,Camry,41099.83,5.77,Completed
819757,14,2024-09-24,RAV4,39843.23,5.1,Completed
819758,8,2024-09-01,Tacoma,42399.07,5.84,Completed
819759,6,2024-09-23,Sienna,33496.42,3.86,Completed
819760,19,2024-09-03,Sienna,39688.34,5.48,Completed
819761,16,2024-09-30,Corolla,26878.27,6.06,Completed
819762,19,2024-09-03,Sienna,43352.92,5.48,Completed
819763,11,2024-09-18,Highlander,42823.87,4.16,Completed
819764,1,2024-09-07,Tacoma,34497.07,5.24,Completed
819765,6,2024-09-14,Corolla,19061.48,3.86,Cancelled
819766,15,2024-09-23,Tundra,49704.28,4.86,Cancelled
819767,18,2024-09-04,Sienna,51192.86,5.68,Completed
819768,6,2024-09-04,Prius,21118.98,3.86,Completed
819769,11,2024-09-15,Corolla,22013.2,4.16,Completed
819770,11,2024-09-20,Prius,21764.15,4.16,Completed
819771,4,2024-09-14,Highlander,48447.09,3.81,Completed
819772,19,2024-09-01,Sienna,42512.77,5.48,Completed
819773,16,2024-09-11,Prius,32873.2,6.06,Completed
819774,3,2024-09-25,Tundra,56474.92,5.69,Completed
819775,2,2024-09-22,Corolla,22644.6,4.0,Completed
819776,9,2024-09-30,Prius,24182.7,4.4,Completed
819777,4,2024-09-28,Highlander,45240.7,3.81,Completed
819778,19,2024-09-29,Tundra,47036.32,5.48,Completed
819779,10,2024-09-24,Tundra,38904.21,4.88,Completed
819780,2,2024-09-19,Tundra,38959.3,4.0,Completed
819781,8,2024-09-13,Corolla,29781.86,5.84,Completed
819782,1,2024-09-20,Sienna,40516.02,5.24,Completed
819783,6,2024-09-06,Prius,24940.97,3.86,Completed
819784,9,2024-09-06,Sienna,35371.58,4.4,Completed
819785,3,2024-09-12,Tacoma,40115.59,5.69,Completed
819786,11,2024-09-12,Tacoma,34058.02,4.16,Completed
819787,7,2024-09-29,Highlander,64852.49,5.39,Completed
819788,3,2024-09-22,Tundra,54872.98,5.69,Completed
819789,15,2024-09-19,Highlander,68777.66,4.86,Completed
819790,6,2024-09-16,Sienna,32016.47,3.86,Completed
819791,8,2024-09-17,Corolla,30116.62,5.84,Completed
819792,2,2024-09-21,Camry,28192.35,4.0,Completed
819793,3,2024-09-05,Corolla,30794.62,5.69,Completed
819794,12,2024-09-28,Tacoma,39373.74,5.65,Pending
819795,5,2024-09-15,RAV4,39603.02,5.34,Completed
819796,18,2024-09-15,Tundra,49090.21,5.68,Completed
819797,14,2024-09-19,Highlander,58963.02,5.1,Pending
819798,20,2024-09-03,Prius,35700.86,5.77,Completed
819799,20,2024-09-18,Tundra,53091.38,5.77,Completed
819800,18,2024-09-26,Tundra,52062.71,5.68,Completed
819801,18,2024-09-04,Camry,40473.93,5.68,Completed
819802,20,2024-09-02,Camry,41854.67,5.77,Completed
819803,12,2024-09-05,Prius,33024.76,5.65,Completed
819804,10,2024-09-04,Tacoma,31014.33,4.88,Completed
819805,2,2024-09-16,Camry,27504.99,4.0,Completed
819806,8,2024-09-16,Prius,34839.63,5.84,Completed
819807,9,2024-09-10,RAV4,36320.98,4.4,Completed
819808,8,2024-09-22,Prius,34930.74,5.84,Completed
819809,15,2024-09-13,Prius,31072.4,4.86,Completed
819810,8,2024-09-24,Prius,30851.7,5.84,Completed
819811,11,2024-09-02,Highlander,45650.91,4.16,Completed
819812,5,2024-09-23,Tundra,46754.67,5.34,Completed
819813,11,2024-09-02,Prius,24532.74,4.16,Completed
819814,16,2024-09-21,RAV4,42357.01,6.06,Completed
819815,1,2024-09-22,Prius,25540.67,5.24,Completed
819816,7,2024-09-30,Corolla,27615.89,5.39,Completed
819817,16,2024-09-21,Prius,34415.4,6.06,Completed
819818,7,2024-09-03,Corolla,27780.83,5.39,Completed
819819,2,2024-09-24,RAV4,37644.83,4.0,Completed
819820,17,2024-09-16,Prius,24271.34,4.51,Completed
819821,10,2024-09-16,Tundra,34412.05,4.88,Completed
819822,18,2024-09-22,Tundra,53559.28,5.68,Cancelled
819823,19,2024-09-17,Prius,26404.73,5.48,Completed
819824,9,2024-09-12,Camry,26149.02,4.4,Completed
819825,9,2024-09-22,Sienna,32843.88,4.4,Completed
819826,1,2024-09-28,RAV4,41231.75,5.24,Completed
819827,7,2024-09-07,Prius,30467.22,5.39,Completed
819828,2,2024-09-11,RAV4,31773.33,4.0,Pending
819829,3,2024-09-20,Sienna,55838.01,5.69,Completed
819830,14,2024-09-25,Camry,40842.56,5.1,Completed
819831,9,2024-09-27,RAV4,30010.74,4.4,Completed
819832,3,2024-09-11,Sienna,48985.64,5.69,Completed
819833,19,2024-09-06,Highlander,52561.89,5.48,Completed
819834,9,2024-09-11,Prius,22753.65,4.4,Completed
819835,8,2024-09-02,Corolla,29528.62,5.84,Completed
819836,2,2024-09-02,Sienna,40172.72,4.0,Completed
819837,14,2024-09-30,Camry,40636.32,5.1,Completed
819838,2,2024-09-03,RAV4,37821.33,4.0,Completed
819839,6,2024-09-04,Prius,21963.39,3.86,Completed
819840,18,2024-09-15,Sienna,53069.44,5.68,Completed
819841,19,2024-09-29,RAV4,41940.72,5.48,Completed
819842,12,2024-09-02,Tacoma,45303.63,5.65,Completed
819843,2,2024-09-19,Tacoma,30912.13,4.0,Completed
819844,2,2024-09-12,Tundra,38948.03,4.0,Completed
819845,8,2024-09-30,Tundra,54639.21,5.84,Completed
819846,18,2024-09-18,Sienna,56564.34,5.68,Completed
819847,11,2024-09-19,Sienna,38400.38,4.16,Completed
819848,6,2024-09-09,Prius,24683.51,3.86,Completed
819849,4,2024-09-15,Camry,27542.78,3.81,Completed
819850,9,2024-09-17,Tundra,39421.58,4.4,Completed
819851,18,2024-09-17,Prius,37273.77,5.68,Completed
819852,20,2024-09-16,Prius,34218.99,5.77,Completed
819853,9,2024-09-04,Corolla,19366.5,4.4,Completed
819854,18,2024-09-08,Tundra,53788.05,5.68,Completed
819855,2,2024-09-22,Sienna,41439.79,4.0,Completed
819856,7,2024-09-17,Corolla,28283.77,5.39,Completed
819857,1,2024-09-24,Corolla,23080.39,5.24,Completed
819858,3,2024-09-25,RAV4,43493.52,5.69,Completed
819859,13,2024-09-22,Highlander,62649.02,5.61,Completed
819860,7,2024-09-25,Corolla,28513.9,5.39,Completed
819861,3,2024-09-05,Prius,34253.66,5.69,Completed
819862,9,2024-09-26,Corolla,20350.66,4.4,Completed
819863,12,2024-09-12,Prius,30774.31,5.65,Completed
819864,1,2024-09-12,Highlander,48468.89,5.24,Completed
819865,1,2024-09-06,Highlander,53694.21,5.24,Completed
819866,16,2024-09-07,Corolla,29280.03,6.06,Completed
819867,14,2024-09-10,Tacoma,41972.02,5.1,Completed
819868,15,2024-09-23,Highlander,66632.49,4.86,Completed
819869,12,2024-09-27,Highlander,64312.42,5.65,Completed
819870,4,2024-09-25,Prius,24346.51,3.81,Completed
819871,19,2024-09-22,Sienna,45127.05,5.48,Completed
819872,11,2024-09-08,Prius,25061.3,4.16,Completed
819873,8,2024-09-16,Tundra,54371.4,5.84,Completed
819874,1,2024-09-23,Tacoma,38127.89,5.24,Cancelled
819875,2,2024-09-03,Tacoma,30969.13,4.0,Completed
819876,15,2024-09-19,RAV4,49226.14,4.86,Completed
819877,2,2024-09-09,Prius,25139.52,4.0,Completed
819878,15,2024-09-25,Tundra,52139.59,4.86,Completed
819879,10,2024-09-29,Prius,26428.99,4.88,Completed
819880,4,2024-09-12,Tacoma,31025.52,3.81,Completed
819881,8,2024-09-26,Tundra,46370.75,5.84,Completed
819882,16,2024-09-30,Corolla,31633.3,6.06,Completed
819883,18,2024-09-10,Corolla,30380.2,5.68,Completed
819884,15,2024-09-24,Camry,39768.68,4.86,Completed
819885,17,2024-09-01,Tacoma,28397.16,4.51,Completed
819886,9,2024-09-24,Camry,27527.88,4.4,Completed
819887,18,2024-09-05,Tacoma,43264.59,5.68,Completed
819888,4,2024-09-17,Tundra,34115.66,3.81,Completed
819889,6,2024-09-21,RAV4,30953.61,3.86,Completed
819890,17,2024-09-17,RAV4,33214.33,4.51,Completed
819891,14,2024-09-15,RAV4,43272.22,5.1,Completed
819892,12,2024-09-02,Corolla,30506.74,5.65,Completed
819893,15,2024-09-05,Camry,36382.96,4.86,Completed
819894,9,2024-09-04,Camry,26719.13,4.4,Completed
819895,17,2024-09-08,Corolla,18289.57,4.51,Completed
819896,3,2024-09-08,Camry,44177.04,5.69,Completed
819897,14,2024-09-08,Prius,28781.48,5.1,Completed
819898,20,2024-09-06,Corolla,30444.47,5.77,Completed
819899,5,2024-09-10,Highlander,55258.8,5.34,Completed
819900,18,2024-09-17,Prius,34739.37,5.68,Completed
819901,8,2024-09-08,Highlander,62474.39,5.84,Completed
819902,14,2024-09-19,Corolla,28485.58,5.1,Completed
819903,17,2024-09-14,RAV4,33074.4,4.51,Completed
819904,20,2024-09-22,Highlander,65214.67,5.77,Completed
819905,13,2024-09-30,Sienna,53028.87,5.61,Completed
819906,13,2024-09-26,Highlander,70661.3,5.61,Completed
819907,2,2024-09-12,RAV4,32808.12,4.0,Completed
819908,18,2024-09-21,Highlander,74091.94,5.68,Completed
819909,4,2024-09-24,Corolla,20743.85,3.81,Completed
819910,19,2024-09-20,Camry,34927.74,5.48,Completed
819911,6,2024-09-04,Corolla,22201.1,3.86,Completed
819912,15,2024-09-07,Prius,34214.75,4.86,Completed
819913,7,2024-09-16,RAV4,42000.74,5.39,Completed
819914,6,2024-09-13,Corolla,19038.7,3.86,Completed
819915,5,2024-09-04,RAV4,37659.02,5.34,Completed
819916,5,2024-09-12,Corolla,23856.21,5.34,Completed
819917,16,2024-09-28,Sienna,49740.04,6.06,Completed
819918,13,2024-09-18,RAV4,52145.36,5.61,Completed
819919,8,2024-09-30,Prius,29574.77,5.84,Completed
819920,20,2024-09-29,Sienna,53119.62,5.77,Completed
819921,3,2024-09-30,Camry,43744.39,5.69,Completed
819922,12,2024-09-04,Sienna,46267.49,5.65,Completed
819923,5,2024-09-30,Sienna,40002.85,5.34,Completed
819924,11,2024-09-09,Tacoma,31392.88,4.16,Completed
819925,2,2024-09-22,Tundra,37348.52,4.0,Completed
819926,4,2024-09-30,Sienna,32714.6,3.81,Completed
819927,12,2024-09-03,Camry,42107.62,5.65,Completed
819928,7,2024-09-02,RAV4,43528.36,5.39,Completed
819929,19,2024-09-19,Sienna,40738.52,5.48,Completed
819930,16,2024-09-26,Sienna,52298.24,6.06,Completed
819931,20,2024-09-30,Sienna,50077.68,5.77,Completed
819932,4,2024-09-18,Sienna,36885.42,3.81,Completed
819933,3,2024-09-23,RAV4,52120.65,5.69,Completed
819934,8,2024-09-21,Camry,35528.16,5.84,Completed
819935,15,2024-09-02,Sienna,51952.93,4.86,Completed
819936,3,2024-09-02,Sienna,48998.25,5.69,Completed
819937,14,2024-09-22,RAV4,47640.31,5.1,Completed
819938,1,2024-09-20,RAV4,39095.55,5.24,Completed
819939,17,2024-09-23,RAV4,29792.77,4.51,Completed
819940,14,2024-09-22,Tacoma,37162.3,5.1,Completed
819941,14,2024-09-08,Highlander,56481.3,5.1,Completed
819942,8,2024-09-29,Corolla,29283.12,5.84,Completed
819943,12,2024-09-21,Camry,37630.12,5.65,Completed
819944,5,2024-09-06,Camry,34064.08,5.34,Completed
819945,16,2024-09-17,Tacoma,43305.34,6.06,Completed
819946,2,2024-09-13,Highlander,52777.52,4.0,Completed
819947,4,2024-09-20,Sienna,32328.57,3.81,Completed
819948,2,2024-09-14,Highlander,45558.1,4.0,Completed
819949,13,2024-09-27,Camry,40030.99,5.61,Completed
819950,8,2024-09-13,Prius,35420.36,5.84,Completed
819951,11,2024-09-26,Camry,30956.55,4.16,Completed
819952,19,2024-09-08,Tacoma,33513.16,5.48,Completed
819953,16,2024-09-04,Tundra,50188.52,6.06,Completed
819954,14,2024-09-15,Highlander,60257.35,5.1,Completed
819955,11,2024-09-18,RAV4,35335.69,4.16,Completed
819956,9,2024-09-06,Corolla,19887.02,4.4,Completed
819957,16,2024-09-04,RAV4,45144.43,6.06,Completed
819958,9,2024-09-20,RAV4,30024.54,4.4,Completed
819959,2,2024-09-21,Highlander,50367.27,4.0,Completed
819960,5,2024-09-20,Sienna,39858.89,5.34,Completed
819961,12,2024-09-26,Sienna,47462.96,5.65,Completed
819962,10,2024-09-05,Corolla,21698.31,4.88,Completed
819963,12,2024-09-06,Prius,34487.75,5.65,Completed
819964,19,2024-09-15,Tundra,41216.53,5.48,Completed
819965,15,2024-09-30,Sienna,50609.99,4.86,Completed
819966,20,2024-09-23,Highlander,60986.12,5.77,Completed
819967,9,2024-09-30,Camry,28907.18,4.4,Completed
819968,3,2024-09-30,Prius,35527.71,5.69,Completed
819969,17,2024-09-16,Prius,24805.59,4.51,Completed
819970,20,2024-09-05,Tundra,46303.72,5.77,Completed
819971,6,2024-09-08,Corolla,20671.33,3.86,Completed
819972,17,2024-09-07,Corolla,22108.12,4.51,Completed
819973,14,2024-09-08,Prius,31670.49,5.1,Completed
819974,16,2024-09-17,Highlander,72029.35,6.06,Completed
819975,15,2024-09-12,RAV4,47363.55,4.86,Completed
819976,8,2024-09-24,Tundra,54069.92,5.84,Completed
819977,8,2024-09-14,Highlander,64687.36,5.84,Completed
819978,4,2024-09-11,Sienna,33469.03,3.81,Completed
819979,2,2024-09-20,Corolla,22920.7,4.0,Completed
819980,13,2024-09-26,Prius,34223.32,5.61,Completed
819981,19,2024-09-04,Highlander,51697.46,5.48,Completed
819982,2,2024-09-15,Sienna,42166.46,4.0,Completed
819983,4,2024-09-28,Tundra,32557.27,3.81,Completed
819984,12,2024-09-08,Tacoma,39658.74,5.65,Completed
819985,10,2024-09-21,Prius,24961.63,4.88,Completed
819986,9,2024-09-12,Highlander,47582.9,4.4,Completed
819987,17,2024-09-04,Prius,21289.14,4.51,Completed
819988,7,2024-09-11,Corolla,30669.94,5.39,Completed
819989,19,2024-09-28,Highlander,56471.42,5.48,Completed
819990,14,2024-09-29,Sienna,44795.31,5.1,Completed
819991,16,2024-09-22,Tundra,50588.52,6.06,Completed
819992,17,2024-09-17,Tundra,37039.73,4.51,Completed
819993,16,2024-09-25,Tundra,56492.95,6.06,Completed
819994,4,2024-09-19,Corolla,18196.12,3.81,Completed
819995,18,2024-09-27,Tundra,49152.25,5.68,Completed
819996,16,2024-09-11,Tundra,54162.81,6.06,Completed
819997,20,2024-09-26,Tundra,48402.09,5.77,Completed
819998,12,2024-09-19,Sienna,51974.21,5.65,Completed
819999,10,2024-09-07,Highlander,48045.25,4.88,Completed
820000,16,2024-09-30,Sienna,46630.88,6.06,Completed
820001,1,2024-09-08,Highlander,57299.72,5.24,Completed
820002,6,2024-09-10,Sienna,33633.75,3.86,Completed
820003,4,2024-09-27,Corolla,18177.16,3.81,Completed
820004,2,2024-09-25,Prius,25309.28,4.0,Completed
820005,2,2024-09-02,Tacoma,32755.67,4.0,Completed
820006,11,2024-09-12,Tacoma,32555.9,4.16,Completed
820007,14,2024-09-23,Highlander,61010.27,5.1,Completed
820008,19,2024-09-13,RAV4,36102.56,5.48,Completed
820009,16,2024-09-30,Highlander,67946.21,6.06,Completed
820010,2,2024-09-17,RAV4,32908.84,4.0,Completed
820011,20,2024-09-23,Tacoma,39637.11,5.77,Pending
820012,2,2024-09-14,Highlander,47081.86,4.0,Completed
820013,13,2024-09-04,Prius,36484.62,5.61,Completed
820014,17,2024-09-23,RAV4,34449.31,4.51,Completed
820015,15,2024-09-21,RAV4,42456.61,4.86,Completed
820016,17,2024-09-08,RAV4,31033.27,4.51,Completed
820017,3,2024-09-18,Camry,43639.72,5.69,Completed
820018,16,2024-09-30,Sienna,49374.62,6.06,Completed
820019,3,2024-09-04,Corolla,29562.52,5.69,Completed
820020,18,2024-09-24,RAV4,50948.83,5.68,Completed
820021,13,2024-09-26,Tundra,52595.63,5.61,Completed
820022,14,2024-09-12,Corolla,29912.19,5.1,Completed
820023,5,2024-09-15,Camry,34796.46,5.34,Completed
820024,5,2024-09-29,Tundra,42784.16,5.34,Completed
820025,18,2024-09-14,Corolla,33558.23,5.68,Completed
820026,12,2024-09-06,Prius,30550.36,5.65,Completed
820027,1,2024-09-13,Tundra,38485.12,5.24,Completed
820028,3,2024-09-08,Tundra,52731.18,5.69,Completed
820029,16,2024-09-07,Highlander,63725.0,6.06,Completed
820030,1,2024-09-27,Sienna,43742.21,5.24,Completed
820031,10,2024-09-25,Camry,30979.13,4.88,Completed
820032,12,2024-09-15,Prius,35230.71,5.65,Completed
820033,5,2024-09-11,Sienna,43392.5,5.34,Pending
820034,1,2024-09-17,Corolla,25130.62,5.24,Completed
820035,14,2024-09-01,Prius,30446.38,5.1,Completed
820036,10,2024-09-16,Tacoma,33424.14,4.88,Completed
820037,4,2024-09-16,RAV4,33654.96,3.81,Completed
820038,5,2024-09-23,Tundra,42717.9,5.34,Completed
820039,3,2024-09-11,Camry,38487.55,5.69,Completed
820040,8,2024-09-10,Highlander,65469.89,5.84,Completed
820041,11,2024-09-30,RAV4,31046.63,4.16,Completed
820042,12,2024-09-11,Camry,36336.65,5.65,Completed
820043,14,2024-09-20,Tacoma,41534.31,5.1,Completed
820044,5,2024-09-23,Prius,27938.42,5.34,Completed
820045,6,2024-09-08,RAV4,34960.43,3.86,Completed
820046,9,2024-09-13,RAV4,35151.14,4.4,Completed
820047,9,2024-09-29,Camry,27252.88,4.4,Completed
820048,13,2024-09-09,RAV4,46626.1,5.61,Completed
820049,14,2024-09-24,Tundra,52611.59,5.1,Completed
820050,12,2024-09-01,Camry,38630.22,5.65,Completed
820051,2,2024-09-12,Sienna,36712.26,4.0,Completed
820052,3,2024-09-26,Highlander,62521.31,5.69,Completed
820053,6,2024-09-12,Sienna,38266.71,3.86,Completed
820054,16,2024-09-15,Camry,36267.32,6.06,Completed
820055,8,2024-09-25,RAV4,44733.09,5.84,Completed
820056,5,2024-09-04,Highlander,56711.01,5.34,Completed
820057,18,2024-09-05,RAV4,51627.79,5.68,Completed
820058,2,2024-09-04,RAV4,38239.44,4.0,Completed
820059,13,2024-09-16,Tundra,56435.7,5.61,Completed
820060,1,2024-09-12,Corolla,23783.85,5.24,Completed
820061,14,2024-09-14,Prius,30795.77,5.1,Completed
820062,7,2024-09-03,Tacoma,41188.14,5.39,Completed
820063,16,2024-09-21,Prius,35809.16,6.06,Completed
820064,3,2024-09-04,Corolla,32574.34,5.69,Cancelled
820065,15,2024-09-28,Sienna,54211.49,4.86,Completed
820066,9,2024-09-02,Highlander,45780.54,4.4,Completed
820067,12,2024-09-03,Tacoma,38065.06,5.65,Completed
820068,11,2024-09-29,Camry,26075.76,4.16,Completed
820069,15,2024-09-24,Sienna,52720.56,4.86,Completed
820070,10,2024-09-22,RAV4,37426.97,4.88,Completed
820071,12,2024-09-06,Tacoma,39515.61,5.65,Completed
820072,5,2024-09-22,Camry,32804.25,5.34,Completed
820073,11,2024-09-02,Tundra,35999.26,4.16,Completed
820074,6,2024-09-16,Camry,29816.49,3.86,Completed
820075,9,2024-09-22,Corolla,21715.72,4.4,Completed
820076,3,2024-09-12,Sienna,53013.84,5.69,Completed
820077,2,2024-09-22,Camry,31509.51,4.0,Completed
820078,3,2024-09-04,Corolla,27527.06,5.69,Completed
820079,14,2024-09-21,Corolla,27069.78,5.1,Completed
820080,19,2024-09-25,RAV4,43612.02,5.48,Cancelled
820081,13,2024-09-23,RAV4,43138.29,5.61,Completed
820082,17,2024-09-23,RAV4,29251.72,4.51,Completed
820083,6,2024-09-12,Highlander,44670.1,3.86,Completed
820084,2,2024-09-20,Tundra,35864.94,4.0,Completed
820085,14,2024-09-03,Sienna,47726.36,5.1,Completed
820086,8,2024-09-06,Tacoma,42189.29,5.84,Completed
820087,7,2024-09-12,Prius,31802.13,5.39,Completed
820088,9,2024-09-18,Highlander,41816.81,4.4,Completed
820089,7,2024-09-29,RAV4,43957.84,5.39,Completed
820090,10,2024-09-22,Camry,27681.14,4.88,Completed
820091,7,2024-09-19,Tacoma,40499.12,5.39,Completed
820092,16,2024-09-27,Camry,39983.52,6.06,Completed
820093,18,2024-09-29,Corolla,31998.68,5.68,Completed
820094,1,2024-09-29,Camry,32772.79,5.24,Completed
820095,14,2024-09-01,Tacoma,37637.9,5.1,Completed
820096,17,2024-09-08,Corolla,18458.08,4.51,Completed
820097,5,2024-09-30,Camry,31319.38,5.34,Completed
820098,18,2024-09-01,Camry,38450.87,5.68,Completed
820099,20,2024-09-10,Prius,32840.68,5.77,Completed
820100,7,2024-09-14,Sienna,49209.45,5.39,Completed
820101,14,2024-09-18,Highlander,61921.43,5.1,Completed
820102,14,2024-09-15,Sienna,47240.69,5.1,Completed
820103,13,2024-09-28,Corolla,32795.92,5.61,Completed
820104,12,2024-09-02,Sienna,49519.87,5.65,Completed
820105,9,2024-09-27,Highlander,50500.77,4.4,Completed
820106,9,2024-09-26,Corolla,21833.87,4.4,Completed
820107,19,2024-09-25,Highlander,60550.16,5.48,Completed
820108,17,2024-09-30,Tundra,33906.66,4.51,Completed
820109,19,2024-09-17,Prius,30518.39,5.48,Completed
820110,7,2024-09-05,Tacoma,47002.72,5.39,Completed
820111,15,2024-09-05,Tacoma,42512.47,4.86,Completed
820112,4,2024-09-29,Tundra,37370.7,3.81,Completed
820113,15,2024-09-30,Sienna,52224.6,4.86,Completed
820114,9,2024-09-18,RAV4,35681.5,4.4,Completed
820115,17,2024-09-29,Camry,25693.46,4.51,Completed
820116,1,2024-09-29,RAV4,41033.85,5.24,Completed
820117,5,2024-09-28,Sienna,44512.37,5.34,Completed
820118,19,2024-09-18,Tacoma,40290.86,5.48,Completed
820119,2,2024-09-17,RAV4,31937.84,4.0,Completed
820120,13,2024-09-14,Highlander,65579.87,5.61,Completed
820121,11,2024-09-28,Tundra,33787.12,4.16,Pending
820122,18,2024-09-17,Prius,33930.2,5.68,Completed
820123,16,2024-09-20,Highlander,65641.83,6.06,Completed
820124,15,2024-09-15,Prius,33586.58,4.86,Completed
820125,14,2024-09-01,Tacoma,39115.4,5.1,Completed
820126,12,2024-09-29,Tacoma,39897.27,5.65,Completed
820127,7,2024-09-06,Corolla,28694.03,5.39,Completed
820128,17,2024-09-22,Sienna,38417.81,4.51,Completed
820129,16,2024-09-24,Prius,32816.43,6.06,Completed
820130,1,2024-09-01,Tundra,40320.89,5.24,Completed
820131,12,2024-09-21,RAV4,47256.11,5.65,Completed
820132,17,2024-09-22,Tundra,31914.96,4.51,Completed
820133,8,2024-09-10,Camry,35442.66,5.84,Completed
820134,7,2024-09-23,Tundra,51357.39,5.39,Completed
820135,6,2024-09-24,Tundra,34244.3,3.86,Completed
820136,2,2024-09-19,Tacoma,33408.66,4.0,Completed
820137,5,2024-09-30,Corolla,24722.26,5.34,Completed
820138,4,2024-09-17,Prius,23544.75,3.81,Completed
820139,7,2024-09-09,Tundra,46337.13,5.39,Completed
820140,1,2024-09-12,RAV4,35026.35,5.24,Completed
820141,8,2024-09-26,Prius,30410.88,5.84,Completed
820142,16,2024-09-07,Prius,35228.17,6.06,Completed
820143,12,2024-09-15,Sienna,52112.35,5.65,Completed
820144,9,2024-09-27,RAV4,35352.58,4.4,Completed
820145,1,2024-09-02,Tacoma,34740.35,5.24,Completed
820146,1,2024-09-23,Highlander,56866.08,5.24,Completed
820147,15,2024-09-21,Sienna,45366.02,4.86,Completed
820148,13,2024-09-15,Tundra,53609.8,5.61,Completed
820149,17,2024-09-12,Sienna,35058.72,4.51,Completed
820150,7,2024-09-30,Corolla,28556.33,5.39,Completed
820151,12,2024-09-15,Sienna,52815.11,5.65,Completed
820152,14,2024-09-05,Camry,37200.52,5.1,Completed
820153,19,2024-09-25,Tacoma,33449.54,5.48,Completed
820154,2,2024-09-10,RAV4,36352.39,4.0,Completed
820155,18,2024-09-12,Prius,36579.32,5.68,Completed
820156,5,2024-09-27,RAV4,40369.9,5.34,Completed
820157,2,2024-09-21,Tundra,38018.5,4.0,Completed
820158,16,2024-09-23,Tacoma,39881.24,6.06,Completed
820159,12,2024-09-20,Corolla,28762.05,5.65,Completed
820160,5,2024-09-21,RAV4,37730.83,5.34,Completed
820161,1,2024-09-30,Camry,32624.3,5.24,Completed
820162,2,2024-09-21,Tacoma,35381.9,4.0,Completed
820163,10,2024-09-27,Sienna,40939.33,4.88,Completed
820164,3,2024-09-16,RAV4,49772.69,5.69,Completed
820165,8,2024-09-07,Tundra,45775.74,5.84,Completed
820166,6,2024-09-03,Camry,30348.61,3.86,Completed
820167,17,2024-09-26,Prius,20990.95,4.51,Completed
820168,4,2024-09-14,Corolla,19649.03,3.81,Completed
820169,19,2024-09-19,Prius,30338.41,5.48,Completed
820170,4,2024-09-21,Corolla,18027.0,3.81,Completed
820171,12,2024-09-21,RAV4,44428.8,5.65,Completed
820172,4,2024-09-27,Camry,29474.51,3.81,Completed
820173,20,2024-09-08,RAV4,45184.85,5.77,Completed
820174,11,2024-09-22,Corolla,19723.6,4.16,Completed
820175,19,2024-09-16,Highlander,55666.14,5.48,Completed
820176,4,2024-09-05,Prius,22064.69,3.81,Completed
820177,5,2024-09-20,Sienna,38618.42,5.34,Completed
820178,19,2024-09-15,Tundra,44762.32,5.48,Completed
820179,15,2024-09-25,Tundra,50399.63,4.86,Completed
820180,12,2024-09-22,Sienna,53281.05,5.65,Completed
820181,12,2024-09-24,Prius,30179.25,5.65,Completed
820182,7,2024-09-19,RAV4,46221.89,5.39,Completed
820183,11,2024-09-04,Highlander,46535.62,4.16,Pending
820184,18,2024-09-25,Tundra,54137.68,5.68,Completed
820185,1,2024-09-05,Corolla,23652.58,5.24,Completed
820186,15,2024-09-11,Prius,33966.27,4.86,Completed
820187,20,2024-09-27,RAV4,47330.43,5.77,Completed
820188,18,2024-09-03,Highlander,63821.03,5.68,Completed
820189,5,2024-09-19,Prius,28800.4,5.34,Completed
820190,15,2024-09-08,Corolla,26861.7,4.86,Completed
820191,11,2024-09-11,Camry,30463.73,4.16,Completed
820192,3,2024-09-28,Camry,39426.19,5.69,Completed
820193,12,2024-09-25,Prius,33084.23,5.65,Completed
820194,19,2024-09-13,Highlander,51351.53,5.48,Completed
820195,2,2024-09-15,Highlander,46319.82,4.0,Cancelled
820196,3,2024-09-07,Camry,43056.88,5.69,Completed
820197,1,2024-09-21,Sienna,43831.21,5.24,Completed
820198,17,2024-09-24,Camry,27389.97,4.51,Completed
820199,12,2024-09-19,Tundra,51304.19,5.65,Completed
820200,5,2024-09-15,Tundra,44380.81,5.34,Completed
820201,15,2024-09-16,Highlander,67668.04,4.86,Completed
820202,20,2024-09-08,Tacoma,43936.63,5.77,Completed
820203,6,2024-09-14,Sienna,37523.11,3.86,Completed
820204,11,2024-09-16,Camry,29859.36,4.16,Completed
820205,19,2024-09-18,Camry,35147.77,5.48,Completed
820206,9,2024-09-16,Camry,30547.05,4.4,Completed
820207,9,2024-09-27,Prius,23856.65,4.4,Completed
820208,5,2024-09-28,Corolla,24159.42,5.34,Completed
820209,19,2024-09-01,Sienna,47417.64,5.48,Completed
820210,3,2024-09-15,Sienna,53597.72,5.69,Completed
820211,5,2024-09-24,Tundra,38529.34,5.34,Completed
820212,2,2024-09-28,Tundra,36584.89,4.0,Completed
820213,3,2024-09-19,Camry,40741.01,5.69,Completed
820214,12,2024-09-22,Prius,31740.47,5.65,Completed
820215,14,2024-09-12,Sienna,45315.17,5.1,Completed
820216,17,2024-09-22,Prius,23391.68,4.51,Completed
820217,11,2024-09-02,Corolla,20033.85,4.16,Cancelled
820218,7,2024-09-24,Corolla,29603.65,5.39,Pending
820219,18,2024-09-08,RAV4,48858.06,5.68,Completed
820220,16,2024-09-21,Tundra,55292.17,6.06,Completed
820221,2,2024-09-28,Prius,26513.81,4.0,Completed
820222,8,2024-09-20,Tundra,46359.51,5.84,Completed
820223,2,2024-09-09,Highlander,46098.6,4.0,Completed
820224,16,2024-09-27,Prius,36585.18,6.06,Completed
820225,2,2024-09-17,Sienna,35308.1,4.0,Completed
820226,16,2024-09-23,Tacoma,39212.38,6.06,Completed
820227,6,2024-09-20,Prius,23528.51,3.86,Completed
820228,15,2024-09-02,Prius,34651.32,4.86,Completed
820229,6,2024-09-14,Corolla,21998.71,3.86,Completed
820230,12,2024-09-25,Prius,31929.07,5.65,Completed
820231,19,2024-09-30,Highlander,53695.45,5.48,Completed
820232,6,2024-09-10,RAV4,34987.55,3.86,Completed
820233,3,2024-09-03,Tacoma,44902.72,5.69,Completed
820234,11,2024-09-04,Tacoma,29316.41,4.16,Completed
820235,16,2024-09-03,Sienna,53087.17,6.06,Completed
820236,20,2024-09-29,Corolla,28845.8,5.77,Completed
820237,1,2024-09-11,Camry,30151.7,5.24,Completed
820238,8,2024-09-22,Tundra,53464.84,5.84,Completed
820239,3,2024-09-20,Corolla,32696.78,5.69,Completed
820240,13,2024-09-01,RAV4,44387.03,5.61,Completed
820241,19,2024-09-04,Tacoma,34683.55,5.48,Completed
820242,12,2024-09-14,RAV4,42191.59,5.65,Completed
820243,3,2024-09-01,Sienna,56336.99,5.69,Completed
820244,1,2024-09-24,Sienna,40327.45,5.24,Completed
820245,12,2024-09-04,Corolla,30061.62,5.65,Completed
820246,6,2024-09-02,Tundra,35514.61,3.86,Completed
820247,8,2024-09-05,Tacoma,43968.98,5.84,Completed
820248,20,2024-09-07,RAV4,45136.54,5.77,Completed
820249,19,2024-09-11,Prius,27389.69,5.48,Completed
820250,18,2024-09-12,Tundra,56342.53,5.68,Completed
820251,15,2024-09-10,Sienna,50602.17,4.86,Completed
820252,1,2024-09-02,Corolla,21966.06,5.24,Completed
820253,7,2024-09-18,Prius,31421.53,5.39,Completed
820254,19,2024-09-29,Highlander,57136.42,5.48,Completed
820255,2,2024-09-03,Sienna,40296.47,4.0,Completed
820256,5,2024-09-18,Corolla,23675.37,5.34,Completed
820257,16,2024-09-30,Corolla,28607.9,6.06,Completed
820258,7,2024-09-16,Highlander,64149.31,5.39,Completed
820259,6,2024-09-10,Corolla,22132.51,3.86,Completed
820260,16,2024-09-06,Highlander,61645.36,6.06,Completed
820261,2,2024-09-13,Corolla,20657.42,4.0,Completed
820262,11,2024-09-21,Highlander,43566.39,4.16,Completed
820263,15,2024-09-30,Corolla,30051.07,4.86,Completed
820264,5,2024-09-25,Highlander,51337.82,5.34,Completed
820265,16,2024-09-29,Tacoma,45717.87,6.06,Completed
820266,8,2024-09-24,Sienna,53852.85,5.84,Completed
820267,1,2024-09-24,Highlander,55807.84,5.24,Completed
820268,8,2024-09-17,Corolla,29880.95,5.84,Completed
820269,5,2024-09-19,Prius,25824.59,5.34,Completed
820270,16,2024-09-20,Highlander,71705.8,6.06,Completed
820271,2,2024-09-01,Tundra,34848.9,4.0,Completed
820272,18,2024-09-04,Camry,43483.87,5.68,Completed
820273,10,2024-09-29,Highlander,44501.53,4.88,Completed
820274,7,2024-09-07,Prius,32907.5,5.39,Completed
820275,8,2024-09-16,Tacoma,40502.51,5.84,Completed
820276,11,2024-09-25,Highlander,44598.94,4.16,Completed
820277,4,2024-09-01,Sienna,37937.37,3.81,Completed
820278,19,2024-09-14,Highlander,53224.4,5.48,Completed
820279,1,2024-09-11,Highlander,50994.87,5.24,Completed
820280,4,2024-09-15,Sienna,34233.87,3.81,Completed
820281,8,2024-09-11,RAV4,42445.29,5.84,Completed
820282,7,2024-09-08,RAV4,51045.01,5.39,Completed
820283,15,2024-09-27,Prius,32520.54,4.86,Completed
820284,13,2024-09-15,Prius,31062.34,5.61,Completed
820285,2,2024-09-29,Tundra,36258.31,4.0,Completed
820286,8,2024-09-03,Corolla,27220.96,5.84,Completed
820287,4,2024-09-27,Camry,29538.24,3.81,Completed
820288,17,2024-09-22,Highlander,43413.21,4.51,Completed
820289,5,2024-09-03,Highlander,49290.31,5.34,Completed
820290,14,2024-09-20,Tacoma,36625.21,5.1,Completed
820291,15,2024-09-17,Prius,29721.27,4.86,Completed
820292,4,2024-09-11,RAV4,29852.25,3.81,Completed
820293,10,2024-09-02,Tundra,38515.55,4.88,Completed
820294,14,2024-09-26,RAV4,46895.88,5.1,Completed
820295,14,2024-09-12,RAV4,44157.78,5.1,Completed
820296,2,2024-09-04,RAV4,34461.58,4.0,Completed
820297,19,2024-09-24,Corolla,23240.0,5.48,Completed
820298,9,2024-09-08,Corolla,21960.7,4.4,Completed
820299,13,2024-09-21,Sienna,52638.61,5.61,Completed
820300,2,2024-09-20,Prius,27372.15,4.0,Completed
820301,1,2024-09-26,Corolla,26311.51,5.24,Completed
820302,20,2024-09-28,RAV4,45403.19,5.77,Completed
820303,5,2024-09-29,Corolla,23873.58,5.34,Completed
820304,14,2024-09-08,Corolla,28723.62,5.1,Completed
820305,2,2024-09-19,Sienna,39058.77,4.0,Completed
820306,6,2024-09-06,Camry,28048.38,3.86,Completed
820307,7,2024-09-23,Prius,36268.8,5.39,Completed
820308,16,2024-09-13,Prius,32267.69,6.06,Completed
820309,14,2024-09-03,RAV4,41463.55,5.1,Completed
820310,16,2024-09-30,Prius,33579.51,6.06,Completed
820311,12,2024-09-15,Corolla,27987.72,5.65,Completed
820312,3,2024-09-12,Tundra,51377.74,5.69,Completed
820313,15,2024-09-25,RAV4,43390.3,4.86,Completed
820314,19,2024-09-21,Prius,31137.42,5.48,Completed
820315,5,2024-09-21,Tacoma,38735.98,5.34,Completed
820316,20,2024-09-03,Highlander,66698.6,5.77,Completed
820317,8,2024-09-21,Camry,38204.39,5.84,Completed
820318,18,2024-09-21,Tundra,54102.08,5.68,Completed
820319,6,2024-09-29,Tacoma,30135.55,3.86,Completed
820320,3,2024-09-02,Highlander,68490.02,5.69,Completed
820321,2,2024-09-03,RAV4,36278.26,4.0,Completed
820322,19,2024-09-03,RAV4,37838.11,5.48,Completed
820323,19,2024-09-06,Tundra,41402.51,5.48,Completed
820324,3,2024-09-03,Sienna,47653.25,5.69,Completed
820325,10,2024-09-26,RAV4,32644.1,4.88,Completed
820326,4,2024-09-05,Tundra,37130.29,3.81,Completed
820327,2,2024-09-13,Highlander,47383.3,4.0,Completed
820328,20,2024-09-07,Tundra,52856.85,5.77,Completed
820329,8,2024-09-17,Corolla,29006.79,5.84,Completed
820330,7,2024-09-26,Sienna,53207.75,5.39,Completed
820331,3,2024-09-17,Prius,32499.98,5.69,Completed
820332,11,2024-09-27,Tacoma,32653.28,4.16,Completed
820333,13,2024-09-11,Corolla,30726.06,5.61,Completed
820334,7,2024-09-24,RAV4,46206.04,5.39,Completed
820335,13,2024-09-01,Camry,37796.97,5.61,Completed
820336,4,2024-09-28,Camry,25701.44,3.81,Completed
820337,18,2024-09-23,Highlander,69807.3,5.68,Completed
820338,6,2024-09-22,Highlander,41615.87,3.86,Completed
820339,5,2024-09-13,Prius,25244.19,5.34,Completed
820340,18,2024-09-23,Corolla,31387.55,5.68,Completed
820341,16,2024-09-15,Sienna,48702.64,6.06,Cancelled
820342,17,2024-09-13,RAV4,30449.82,4.51,Completed
820343,7,2024-09-09,RAV4,43651.9,5.39,Completed
820344,16,2024-09-24,Highlander,69398.7,6.06,Pending
820345,11,2024-09-30,Tacoma,28493.66,4.16,Completed
820346,8,2024-09-08,Tacoma,43625.94,5.84,Completed
820347,15,2024-09-12,Prius,31381.6,4.86,Completed
820348,6,2024-09-27,Highlander,41095.69,3.86,Completed
820349,4,2024-09-17,Sienna,33763.71,3.81,Completed
820350,1,2024-09-28,Sienna,39333.39,5.24,Completed
820351,11,2024-09-07,Sienna,36888.99,4.16,Completed
820352,4,2024-09-07,Sienna,36727.05,3.81,Completed
820353,12,2024-09-23,RAV4,48323.45,5.65,Completed
820354,7,2024-09-11,Camry,41976.08,5.39,Completed
820355,20,2024-09-17,Tundra,53690.03,5.77,Completed
820356,11,2024-09-21,Corolla,21359.48,4.16,Completed
820357,13,2024-09-28,Tacoma,40896.51,5.61,Completed
820358,19,2024-09-01,RAV4,42456.76,5.48,Completed
820359,17,2024-09-12,Corolla,19019.7,4.51,Completed
820360,7,2024-09-21,Tundra,54828.83,5.39,Completed
820361,2,2024-09-23,Corolla,21281.93,4.0,Completed
820362,17,2024-09-07,Highlander,46425.67,4.51,Completed
820363,12,2024-09-27,RAV4,41945.36,5.65,Completed
820364,3,2024-09-01,Prius,31705.54,5.69,Completed
820365,14,2024-09-03,Corolla,27816.44,5.1,Completed
820366,8,2024-09-13,Corolla,31084.21,5.84,Completed
820367,5,2024-09-16,Camry,32369.95,5.34,Completed
820368,19,2024-09-02,Camry,35050.37,5.48,Completed
820369,4,2024-09-25,Sienna,35825.45,3.81,Completed
820370,3,2024-09-21,Highlander,68276.83,5.69,Completed
820371,6,2024-09-22,Sienna,33886.4,3.86,Completed
820372,9,2024-09-03,RAV4,34049.13,4.4,Completed
820373,12,2024-09-06,Tacoma,46018.56,5.65,Completed
820374,18,2024-09-30,Prius,35899.03,5.68,Completed
820375,5,2024-09-03,RAV4,37673.11,5.34,Completed
820376,8,2024-09-15,Sienna,54297.09,5.84,Completed
820377,6,2024-09-27,Highlander,42763.55,3.86,Completed
820378,4,2024-09-19,Camry,24576.18,3.81,Completed
820379,3,2024-09-03,Camry,44777.71,5.69,Completed
820380,10,2024-09-04,RAV4,35099.42,4.88,Completed
820381,18,2024-09-27,RAV4,47358.24,5.68,Completed
820382,20,2024-09-10,Camry,36594.78,5.77,Completed
820383,12,2024-09-04,Tundra,54447.71,5.65,Completed
820384,7,2024-09-25,RAV4,42928.35,5.39,Completed
820385,13,2024-09-19,Prius,32282.93,5.61,Completed
820386,4,2024-09-05,Corolla,19987.13,3.81,Completed
820387,9,2024-09-21,Tundra,35250.13,4.4,Cancelled
820388,11,2024-09-05,Camry,28008.39,4.16,Completed
820389,18,2024-09-06,Tundra,50666.57,5.68,Completed
820390,11,2024-09-26,Highlander,48261.53,4.16,Completed
820391,4,2024-09-30,Tundra,35203.05,3.81,Completed
820392,15,2024-09-04,Tundra,47684.46,4.86,Completed
820393,15,2024-09-22,Tacoma,44859.04,4.86,Pending
820394,17,2024-09-16,Prius,21598.03,4.51,Completed
820395,4,2024-09-20,Prius,23473.77,3.81,Completed
820396,6,2024-09-15,Sienna,37128.96,3.86,Pending
820397,18,2024-09-20,RAV4,52463.75,5.68,Completed
820398,16,2024-09-11,Highlander,71604.63,6.06,Completed
820399,13,2024-09-22,Prius,31676.21,5.61,Completed
820400,8,2024-09-18,Corolla,31334.36,5.84,Completed
820401,18,2024-09-08,Sienna,49918.65,5.68,Completed
820402,17,2024-09-04,Sienna,34373.08,4.51,Completed
820403,12,2024-09-23,Corolla,31075.96,5.65,Completed
820404,15,2024-09-21,Sienna,49349.49,4.86,Completed
820405,5,2024-09-05,Sienna,43633.55,5.34,Completed
820406,17,2024-09-19,Tundra,34857.68,4.51,Completed
820407,19,2024-09-17,Sienna,44652.39,5.48,Completed
820408,17,2024-09-18,Tundra,37058.78,4.51,Completed
820409,12,2024-09-13,Camry,41416.7,5.65,Completed
820410,10,2024-09-17,Corolla,21655.82,4.88,Completed
820411,11,2024-09-08,Corolla,22729.28,4.16,Completed
820412,16,2024-09-07,RAV4,51378.93,6.06,Completed
820413,2,2024-09-02,Highlander,49154.35,4.0,Completed
820414,8,2024-09-24,Camry,41594.65,5.84,Completed
820415,11,2024-09-14,Highlander,50588.83,4.16,Pending
820416,15,2024-09-27,RAV4,49705.49,4.86,Completed
820417,11,2024-09-30,Sienna,37737.2,4.16,Completed
820418,17,2024-09-12,Sienna,35693.6,4.51,Completed
820419,9,2024-09-23,Camry,29753.73,4.4,Completed
820420,12,2024-09-16,Corolla,30060.12,5.65,Completed
820421,16,2024-09-05,RAV4,46089.59,6.06,Completed
820422,13,2024-09-04,Corolla,32436.87,5.61,Completed
820423,9,2024-09-19,Tacoma,29516.98,4.4,Completed
820424,2,2024-09-21,Tundra,36324.06,4.0,Completed
820425,13,2024-09-19,RAV4,45174.38,5.61,Completed
820426,9,2024-09-15,Highlander,45341.85,4.4,Completed
820427,8,2024-09-21,Tundra,45298.98,5.84,Completed
820428,11,2024-09-18,Tacoma,30423.13,4.16,Completed
820429,17,2024-09-20,RAV4,29455.68,4.51,Completed
820430,12,2024-09-04,Tacoma,39146.35,5.65,Completed
820431,8,2024-09-18,Tacoma,43157.47,5.84,Completed
820432,7,2024-09-09,RAV4,46291.83,5.39,Completed
820433,14,2024-09-03,Camry,39087.26,5.1,Completed
820434,5,2024-09-07,Highlander,55771.76,5.34,Completed
820435,11,2024-09-20,Prius,23728.49,4.16,Completed
820436,1,2024-09-22,Highlander,51970.93,5.24,Completed
820437,14,2024-09-28,RAV4,41077.07,5.1,Completed
820438,15,2024-09-24,Camry,35197.29,4.86,Completed
820439,4,2024-09-09,Corolla,21840.06,3.81,Completed
820440,13,2024-09-07,Prius,34976.28,5.61,Completed
820441,12,2024-09-29,Tundra,46649.09,5.65,Completed
820442,18,2024-09-27,RAV4,51823.39,5.68,Completed
820443,16,2024-09-28,Tacoma,41662.29,6.06,Completed
820444,11,2024-09-20,Corolla,20226.82,4.16,Completed
820445,18,2024-09-24,Camry,45223.42,5.68,Completed
820446,15,2024-09-27,Highlander,65729.01,4.86,Completed
820447,3,2024-09-09,Prius,33124.09,5.69,Completed
820448,19,2024-09-17,Sienna,42786.48,5.48,Completed
820449,6,2024-09-14,Prius,24665.8,3.86,Completed
820450,14,2024-09-28,RAV4,39595.9,5.1,Completed
820451,16,2024-09-27,RAV4,47352.41,6.06,Completed
820452,14,2024-09-28,RAV4,45906.19,5.1,Completed
820453,19,2024-09-23,Tacoma,38677.97,5.48,Completed
820454,14,2024-09-16,Corolla,29012.82,5.1,Completed
820455,16,2024-09-08,Prius,31500.74,6.06,Completed
820456,15,2024-09-05,RAV4,43218.73,4.86,Completed
820457,12,2024-09-05,Highlander,59358.28,5.65,Completed
820458,12,2024-09-19,Corolla,29905.91,5.65,Completed
820459,16,2024-09-10,Corolla,28908.15,6.06,Completed
820460,18,2024-09-19,Camry,42774.19,5.68,Completed
820461,19,2024-09-07,Tacoma,36533.33,5.48,Completed
820462,20,2024-09-29,Sienna,45626.66,5.77,Completed
820463,3,2024-09-17,Tacoma,40130.85,5.69,Completed
820464,2,2024-09-17,Highlander,53526.14,4.0,Completed
820465,4,2024-09-05,Prius,24121.81,3.81,Completed
820466,18,2024-09-27,Tundra,55707.91,5.68,Completed
820467,9,2024-09-21,Prius,21828.24,4.4,Completed
820468,7,2024-09-26,RAV4,42427.67,5.39,Completed
820469,13,2024-09-20,Sienna,56674.09,5.61,Completed
820470,19,2024-09-22,Sienna,44470.44,5.48,Completed
820471,8,2024-09-06,RAV4,43895.31,5.84,Completed
820472,18,2024-09-20,RAV4,51934.6,5.68,Completed
820473,8,2024-09-16,RAV4,43844.3,5.84,Completed
820474,17,2024-09-13,Highlander,46956.81,4.51,Completed
820475,10,2024-09-23,Highlander,46783.57,4.88,Completed
820476,8,2024-09-20,Highlander,63518.44,5.84,Completed
820477,14,2024-09-21,Tacoma,40356.07,5.1,Completed
820478,13,2024-09-03,Sienna,51055.52,5.61,Completed
820479,2,2024-09-17,RAV4,32758.41,4.0,Completed
820480,13,2024-09-19,Sienna,50012.07,5.61,Pending
820481,19,2024-09-23,Prius,28031.25,5.48,Completed
820482,13,2024-09-28,Corolla,32382.7,5.61,Completed
820483,6,2024-09-29,RAV4,34534.9,3.86,Completed
820484,9,2024-09-08,Corolla,21349.96,4.4,Cancelled
820485,7,2024-09-07,Tacoma,41227.4,5.39,Completed
820486,16,2024-09-28,Camry,43064.02,6.06,Completed
820487,1,2024-09-09,Prius,28430.36,5.24,Completed
820488,14,2024-09-23,Tacoma,43648.47,5.1,Completed
820489,17,2024-09-29,Camry,25768.18,4.51,Completed
820490,10,2024-09-04,Tundra,39905.61,4.88,Completed
820491,14,2024-09-20,Tundra,47461.73,5.1,Completed
820492,18,2024-09-12,Camry,45208.57,5.68,Completed
820493,14,2024-09-09,Highlander,55186.01,5.1,Completed
820494,14,2024-09-22,Camry,39284.1,5.1,Completed
820495,7,2024-09-15,Highlander,60612.57,5.39,Completed
820496,16,2024-09-30,Tundra,53646.46,6.06,Completed
820497,17,2024-09-29,Camry,28733.73,4.51,Completed
820498,6,2024-09-14,Prius,23209.64,3.86,Completed
820499,1,2024-09-22,Prius,25243.27,5.24,Completed
820500,20,2024-09-07,Prius,33757.95,5.77,Completed
820501,18,2024-09-26,RAV4,45639.48,5.68,Completed
820502,1,2024-09-22,Camry,32989.96,5.24,Completed
820503,15,2024-09-30,Prius,30205.78,4.86,Completed
820504,9,2024-09-26,Tacoma,31908.51,4.4,Completed
820505,14,2024-09-03,Prius,31256.31,5.1,Completed
820506,11,2024-09-24,Camry,27072.89,4.16,Completed
820507,2,2024-09-26,Highlander,47432.83,4.0,Completed
820508,9,2024-09-23,Tacoma,30273.32,4.4,Completed
820509,1,2024-09-05,Tacoma,36208.68,5.24,Completed
820510,1,2024-09-15,Camry,32947.85,5.24,Completed
820511,5,2024-09-29,Highlander,50044.73,5.34,Completed
820512,15,2024-09-23,Tacoma,45029.78,4.86,Completed
820513,14,2024-09-23,Highlander,56601.47,5.1,Completed
820514,5,2024-09-11,Corolla,23533.38,5.34,Cancelled
820515,5,2024-09-11,Corolla,22881.47,5.34,Completed
820516,15,2024-09-28,Highlander,63552.22,4.86,Completed
820517,16,2024-09-19,Sienna,48823.79,6.06,Completed
820518,16,2024-09-20,Corolla,29239.55,6.06,Completed
820519,9,2024-09-15,Tacoma,31280.68,4.4,Completed
820520,20,2024-09-10,Corolla,28920.16,5.77,Completed
820521,14,2024-09-12,Camry,33797.58,5.1,Completed
820522,3,2024-09-22,Prius,37088.73,5.69,Completed
820523,17,2024-09-10,Tundra,33947.76,4.51,Completed
820524,18,2024-09-10,RAV4,44937.36,5.68,Completed
820525,1,2024-09-24,Camry,33200.26,5.24,Completed
820526,12,2024-09-02,Sienna,52491.65,5.65,Completed
820527,15,2024-09-22,Sienna,46870.37,4.86,Completed
820528,3,2024-09-06,Highlander,70428.19,5.69,Completed
820529,5,2024-09-22,Camry,36224.79,5.34,Completed
820530,2,2024-09-05,Sienna,41816.39,4.0,Completed
820531,1,2024-09-06,Sienna,42789.65,5.24,Completed
820532,5,2024-09-21,Highlander,49366.94,5.34,Completed
820533,9,2024-09-27,Corolla,19506.2,4.4,Cancelled
820534,9,2024-09-28,Sienna,36058.1,4.4,Completed
820535,8,2024-09-09,Tundra,52749.53,5.84,Completed
820536,7,2024-09-22,Tundra,50938.47,5.39,Completed
820537,18,2024-09-23,Corolla,29337.72,5.68,Completed
820538,2,2024-09-16,Camry,27277.64,4.0,Completed
820539,13,2024-09-25,Prius,32853.06,5.61,Pending
820540,20,2024-09-30,Sienna,50411.51,5.77,Completed
820541,9,2024-09-13,Corolla,19899.1,4.4,Completed
820542,15,2024-09-07,RAV4,47895.59,4.86,Completed
820543,7,2024-09-13,Sienna,55273.59,5.39,Completed
820544,11,2024-09-07,Tundra,35244.31,4.16,Completed
820545,2,2024-09-28,Prius,23091.84,4.0,Completed
820546,17,2024-09-02,Camry,25802.27,4.51,Completed
820547,4,2024-09-02,Tacoma,29309.61,3.81,Completed
820548,14,2024-09-21,Highlander,65013.63,5.1,Completed
820549,3,2024-09-16,Camry,44473.0,5.69,Completed
820550,15,2024-09-04,Corolla,28922.53,4.86,Completed
820551,4,2024-09-03,Tacoma,32051.23,3.81,Completed
820552,5,2024-09-03,Corolla,25511.39,5.34,Completed
820553,10,2024-09-11,Camry,30202.6,4.88,Completed
820554,1,2024-09-29,Tacoma,36089.18,5.24,Completed
820555,1,2024-09-14,Prius,26481.65,5.24,Completed
820556,3,2024-09-13,Tundra,50632.78,5.69,Pending
820557,20,2024-09-24,Tacoma,45729.97,5.77,Completed
820558,17,2024-09-30,RAV4,34106.9,4.51,Completed
820559,15,2024-09-12,Highlander,66601.01,4.86,Completed
820560,18,2024-09-02,Tundra,56955.69,5.68,Completed
820561,13,2024-09-30,Tacoma,40370.19,5.61,Completed
820562,17,2024-09-19,Tundra,33961.29,4.51,Completed
820563,2,2024-09-01,Tacoma,34983.62,4.0,Completed
820564,7,2024-09-27,RAV4,47394.62,5.39,Completed
820565,9,2024-09-17,Highlander,48886.41,4.4,Completed
820566,4,2024-09-24,Corolla,21005.25,3.81,Completed
820567,6,2024-09-28,RAV4,31675.45,3.86,Completed
820568,2,2024-09-08,Camry,27459.97,4.0,Completed
820569,6,2024-09-11,Tundra,39093.96,3.86,Completed
820570,16,2024-09-10,Highlander,64864.86,6.06,Completed
820571,7,2024-09-18,RAV4,43910.11,5.39,Completed
820572,13,2024-09-02,Tacoma,46510.03,5.61,Completed
820573,9,2024-09-13,Tacoma,29933.15,4.4,Completed
820574,4,2024-09-29,Tundra,33682.96,3.81,Completed
820575,15,2024-09-22,Highlander,69514.32,4.86,Completed
820576,1,2024-09-25,Prius,29563.16,5.24,Completed
820577,12,2024-09-16,Tacoma,45724.08,5.65,Completed
820578,18,2024-09-27,RAV4,52068.73,5.68,Completed
820579,1,2024-09-18,Prius,28329.27,5.24,Completed
820580,17,2024-09-07,Sienna,32301.55,4.51,Completed
820581,9,2024-09-17,Tundra,35137.76,4.4,Completed
820582,15,2024-09-02,RAV4,43009.61,4.86,Completed
820583,1,2024-09-08,Sienna,43994.35,5.24,Completed
820584,10,2024-09-01,Corolla,20050.91,4.88,Completed
820585,6,2024-09-28,Corolla,20659.92,3.86,Completed
820586,3,2024-09-26,Corolla,30511.3,5.69,Completed
820587,20,2024-09-03,Tacoma,45716.05,5.77,Cancelled
820588,4,2024-09-28,RAV4,31141.32,3.81,Completed
820589,15,2024-09-15,Corolla,27637.51,4.86,Completed
820590,4,2024-09-30,RAV4,33484.59,3.81,Completed
820591,15,2024-09-13,Camry,37212.48,4.86,Completed
820592,15,2024-09-01,Camry,36220.1,4.86,Completed
820593,9,2024-09-03,Prius,23224.37,4.4,Completed
820594,18,2024-09-04,Highlander,63338.44,5.68,Completed
820595,7,2024-09-20,Camry,38537.65,5.39,Cancelled
820596,16,2024-09-16,Tacoma,41496.47,6.06,Completed
820597,6,2024-09-30,Sienna,32216.78,3.86,Completed
820598,5,2024-09-05,Sienna,42363.18,5.34,Completed
820599,6,2024-09-19,Tacoma,28726.38,3.86,Completed
820600,8,2024-09-04,Tundra,47692.62,5.84,Completed
820601,2,2024-09-03,Corolla,22620.86,4.0,Completed
820602,14,2024-09-29,RAV4,46206.19,5.1,Completed
820603,7,2024-09-05,Tundra,51676.43,5.39,Completed
820604,16,2024-09-12,Highlander,62434.6,6.06,Completed
820605,20,2024-09-12,Sienna,52028.93,5.77,Completed
820606,18,2024-09-10,Tacoma,46359.14,5.68,Completed
820607,15,2024-09-29,Sienna,53711.25,4.86,Completed
820608,18,2024-09-19,Sienna,52096.12,5.68,Completed
820609,6,2024-09-21,Prius,21953.92,3.86,Completed
820610,10,2024-09-06,Sienna,37360.96,4.88,Completed
820611,13,2024-09-13,RAV4,44454.62,5.61,Completed
820612,11,2024-09-07,Corolla,20114.5,4.16,Completed
820613,7,2024-09-09,Prius,35716.91,5.39,Completed
820614,20,2024-09-24,Camry,43099.5,5.77,Completed
820615,5,2024-09-06,Camry,31322.92,5.34,Completed
820616,14,2024-09-15,Tacoma,42466.28,5.1,Completed
820617,7,2024-09-19,Camry,41225.2,5.39,Pending
820618,2,2024-09-24,Highlander,52882.65,4.0,Completed
820619,4,2024-09-14,Corolla,20090.54,3.81,Completed
820620,2,2024-09-03,Highlander,44089.75,4.0,Completed
820621,10,2024-09-25,Camry,28501.32,4.88,Completed
820622,8,2024-09-11,Prius,32052.9,5.84,Completed
820623,14,2024-09-01,Camry,36469.88,5.1,Completed
820624,12,2024-09-23,RAV4,44651.85,5.65,Pending
820625,16,2024-09-27,Prius,33802.06,6.06,Completed
820626,11,2024-09-26,Sienna,36195.2,4.16,Completed
820627,19,2024-09-13,Highlander,51030.55,5.48,Completed
820628,3,2024-09-03,Corolla,32430.47,5.69,Completed
820629,7,2024-09-17,Prius,32141.17,5.39,Cancelled
820630,1,2024-09-05,Highlander,56216.65,5.24,Completed
820631,2,2024-09-21,RAV4,38549.47,4.0,Completed
820632,7,2024-09-02,Sienna,47902.41,5.39,Completed
820633,7,2024-09-02,RAV4,42286.79,5.39,Completed
820634,18,2024-09-01,Prius,31804.88,5.68,Completed
820635,15,2024-09-06,Tundra,46087.57,4.86,Completed
820636,20,2024-09-01,Sienna,53476.38,5.77,Completed
820637,20,2024-09-10,RAV4,43284.78,5.77,Completed
820638,15,2024-09-22,Prius,35058.71,4.86,Pending
820639,7,2024-09-15,Tacoma,43278.96,5.39,Completed
820640,5,2024-09-10,Corolla,26676.97,5.34,Completed
820641,6,2024-09-21,Sienna,35804.58,3.86,Completed
820642,12,2024-09-15,Sienna,50346.51,5.65,Completed
820643,15,2024-09-21,Tundra,46724.49,4.86,Pending
820644,14,2024-09-13,Sienna,47927.23,5.1,Completed
820645,20,2024-09-29,Tundra,51195.69,5.77,Completed
820646,15,2024-09-12,Highlander,59612.05,4.86,Completed
820647,9,2024-09-22,Sienna,33983.25,4.4,Completed
820648,14,2024-09-01,Tacoma,42021.72,5.1,Pending
820649,3,2024-09-08,Camry,43178.87,5.69,Completed
820650,4,2024-09-21,Sienna,31466.22,3.81,Completed
820651,11,2024-09-30,Corolla,18951.99,4.16,Pending
820652,1,2024-09-16,Sienna,39705.08,5.24,Completed
820653,18,2024-09-06,RAV4,50730.07,5.68,Completed
820654,9,2024-09-14,Tacoma,33616.06,4.4,Completed
820655,19,2024-09-27,Camry,32403.96,5.48,Completed
820656,1,2024-09-30,Camry,32572.68,5.24,Completed
820657,3,2024-09-17,Corolla,31244.15,5.69,Completed
820658,18,2024-09-15,RAV4,49141.15,5.68,Completed
820659,6,2024-09-25,Prius,25053.17,3.86,Completed
820660,4,2024-09-08,Tundra,37195.84,3.81,Completed
820661,19,2024-09-08,Camry,32434.14,5.48,Completed
820662,10,2024-09-15,Tundra,36101.26,4.88,Completed
820663,16,2024-09-26,Prius,32903.3,6.06,Completed
820664,7,2024-09-25,Tundra,49462.49,5.39,Completed
820665,7,2024-09-05,Highlander,69518.57,5.39,Completed
820666,7,2024-09-18,Sienna,49402.88,5.39,Completed
820667,7,2024-09-25,Camry,41184.69,5.39,Completed
820668,2,2024-09-29,Corolla,19817.02,4.0,Completed
820669,14,2024-09-23,Tacoma,41769.54,5.1,Completed
820670,3,2024-09-22,Camry,38221.68,5.69,Completed
820671,1,2024-09-03,Highlander,48288.76,5.24,Completed
820672,10,2024-09-22,Tundra,34904.49,4.88,Completed
820673,15,2024-09-21,Corolla,28304.21,4.86,Completed
820674,12,2024-09-30,Sienna,48349.56,5.65,Completed
820675,13,2024-09-01,Sienna,48548.4,5.61,Completed
820676,15,2024-09-02,Tacoma,44463.66,4.86,Completed
820677,18,2024-09-26,Camry,43981.21,5.68,Completed
820678,19,2024-09-19,Highlander,54989.17,5.48,Completed
820679,18,2024-09-28,RAV4,53270.2,5.68,Completed
820680,1,2024-09-06,Sienna,40249.28,5.24,Completed
820681,12,2024-09-12,Corolla,27177.02,5.65,Completed
820682,6,2024-09-05,RAV4,32586.12,3.86,Completed
820683,9,2024-09-25,Camry,27449.14,4.4,Completed
820684,11,2024-09-04,Tundra,33568.1,4.16,Completed
820685,5,2024-09-11,Sienna,43196.94,5.34,Completed
820686,3,2024-09-22,Tundra,48346.92,5.69,Completed
820687,1,2024-09-14,Corolla,23036.05,5.24,Completed
820688,18,2024-09-08,Tundra,53378.27,5.68,Completed
820689,12,2024-09-11,Sienna,47276.52,5.65,Completed
820690,7,2024-09-08,Highlander,70657.14,5.39,Completed
820691,20,2024-09-22,Corolla,31389.68,5.77,Pending
820692,14,2024-09-03,Camry,37089.94,5.1,Completed
820693,12,2024-09-19,Corolla,30442.24,5.65,Completed
820694,3,2024-09-01,Tacoma,46189.32,5.69,Completed
820695,3,2024-09-10,Corolla,32581.68,5.69,Completed
820696,12,2024-09-26,Prius,29736.21,5.65,Completed
820697,5,2024-09-02,RAV4,42236.63,5.34,Completed
820698,6,2024-09-12,Tundra,38084.39,3.86,Completed
820699,12,2024-09-28,Sienna,52890.53,5.65,Completed
820700,2,2024-09-08,Camry,27049.85,4.0,Completed
820701,18,2024-09-09,Prius,33794.38,5.68,Completed
820702,20,2024-09-06,RAV4,47759.35,5.77,Completed
820703,14,2024-09-16,RAV4,45006.23,5.1,Completed
820704,12,2024-09-03,Tundra,50481.26,5.65,Completed
820705,9,2024-09-26,Prius,23722.01,4.4,Completed
820706,10,2024-09-26,Tundra,40101.29,4.88,Completed
820707,15,2024-09-20,RAV4,44824.11,4.86,Completed
820708,19,2024-09-03,Sienna,45218.05,5.48,Pending
820709,19,2024-09-14,Camry,31378.67,5.48,Pending
820710,7,2024-09-03,Highlander,65762.01,5.39,Completed
820711,16,2024-09-01,Highlander,64944.76,6.06,Completed
820712,7,2024-09-19,Camry,40294.53,5.39,Pending
820713,14,2024-09-12,Tacoma,43284.15,5.1,Completed
820714,20,2024-09-02,Camry,36717.67,5.77,Completed
820715,7,2024-09-16,Prius,36272.16,5.39,Completed
820716,8,2024-09-22,Tundra,46870.17,5.84,Completed
820717,7,2024-09-22,Camry,43479.24,5.39,Pending
820718,10,2024-09-08,Sienna,35587.3,4.88,Completed
820719,5,2024-09-14,Tundra,38897.25,5.34,Completed
820720,5,2024-09-19,Corolla,25821.8,5.34,Completed
820721,6,2024-09-23,Prius,22315.88,3.86,Completed
820722,2,2024-09-14,Corolla,20009.95,4.0,Completed
820723,17,2024-09-01,Corolla,18222.85,4.51,Completed
820724,17,2024-09-22,Camry,28334.48,4.51,Completed
820725,17,2024-09-21,Sienna,34887.61,4.51,Pending
820726,9,2024-09-27,Sienna,36032.56,4.4,Completed
820727,1,2024-09-06,Tacoma,36971.33,5.24,Completed
820728,11,2024-09-07,Corolla,21616.91,4.16,Completed
820729,11,2024-09-10,Prius,24911.6,4.16,Completed
820730,11,2024-09-21,Corolla,21003.17,4.16,Completed
820731,10,2024-09-25,Tacoma,28739.02,4.88,Completed
820732,11,2024-09-19,Tundra,35272.15,4.16,Pending
820733,19,2024-09-19,Camry,32381.86,5.48,Completed
820734,20,2024-09-23,Corolla,27572.11,5.77,Completed
820735,9,2024-09-10,Corolla,22604.88,4.4,Completed
820736,9,2024-09-17,Prius,21488.67,4.4,Completed
820737,20,2024-09-12,RAV4,46367.84,5.77,Completed
820738,4,2024-09-28,Camry,26066.1,3.81,Completed
820739,2,2024-09-04,Prius,27217.29,4.0,Completed
820740,18,2024-09-16,Prius,36671.61,5.68,Completed
820741,3,2024-09-29,Tacoma,42541.62,5.69,Completed
820742,3,2024-09-12,Corolla,31045.59,5.69,Completed
820743,13,2024-09-29,Highlander,60296.57,5.61,Completed
820744,9,2024-09-08,Prius,23412.22,4.4,Completed
820745,1,2024-09-21,Tacoma,37820.93,5.24,Completed
820746,1,2024-09-27,Tacoma,37517.02,5.24,Completed
820747,7,2024-09-10,Highlander,71204.29,5.39,Completed
820748,19,2024-09-22,Corolla,23356.14,5.48,Completed
820749,1,2024-09-03,Corolla,25557.73,5.24,Completed
820750,14,2024-09-26,RAV4,47954.94,5.1,Completed
820751,9,2024-09-19,Highlander,49838.57,4.4,Completed
820752,9,2024-09-03,Camry,30612.88,4.4,Completed
820753,1,2024-09-14,Highlander,51561.3,5.24,Cancelled
820754,2,2024-09-13,Highlander,45439.03,4.0,Completed
820755,10,2024-09-02,Sienna,36781.88,4.88,Completed
820756,2,2024-09-28,RAV4,37503.93,4.0,Completed
820757,7,2024-09-14,RAV4,43325.71,5.39,Completed
820758,4,2024-09-29,Camry,24752.54,3.81,Completed
820759,1,2024-09-06,Camry,34180.59,5.24,Completed
820760,16,2024-09-09,Highlander,70434.34,6.06,Completed
820761,19,2024-09-21,RAV4,39292.67,5.48,Completed
820762,20,2024-09-22,Tacoma,45814.88,5.77,Completed
820763,3,2024-09-17,Prius,33885.36,5.69,Completed
820764,13,2024-09-23,Prius,37249.89,5.61,Completed
820765,20,2024-09-22,Prius,33751.07,5.77,Completed
820766,19,2024-09-19,Highlander,59632.31,5.48,Completed
820767,19,2024-09-25,Highlander,54086.68,5.48,Completed
820768,11,2024-09-05,Tacoma,33606.0,4.16,Completed
820769,3,2024-09-15,Corolla,30259.17,5.69,Completed
820770,6,2024-09-02,Highlander,43230.47,3.86,Completed
820771,19,2024-09-06,Camry,37035.58,5.48,Completed
820772,7,2024-09-20,Sienna,46872.01,5.39,Completed
820773,7,2024-09-01,Prius,33661.49,5.39,Completed
820774,6,2024-09-07,Highlander,48136.11,3.86,Completed
820775,2,2024-09-02,Sienna,35814.31,4.0,Completed
820776,8,2024-09-12,Corolla,27421.86,5.84,Completed
820777,17,2024-09-29,RAV4,34000.71,4.51,Completed
820778,11,2024-09-06,Highlander,49067.02,4.16,Completed
820779,7,2024-09-04,Camry,39612.23,5.39,Completed
820780,20,2024-09-02,Tundra,49533.71,5.77,Completed
820781,4,2024-09-06,Prius,21238.92,3.81,Completed
820782,20,2024-09-04,Highlander,57989.55,5.77,Completed
820783,9,2024-09-02,Highlander,49394.05,4.4,Completed
820784,8,2024-09-18,Prius,33099.74,5.84,Completed
820785,10,2024-09-25,Highlander,52115.42,4.88,Completed
820786,9,2024-09-02,Highlander,49892.18,4.4,Completed
820787,5,2024-09-01,Sienna,40978.51,5.34,Completed
820788,9,2024-09-14,Corolla,18786.52,4.4,Completed
820789,1,2024-09-29,Tundra,46213.52,5.24,Completed
820790,9,2024-09-07,Camry,29515.61,4.4,Completed
820791,17,2024-09-01,Tundra,38269.11,4.51,Completed
820792,11,2024-09-14,Tundra,39012.2,4.16,Completed
820793,18,2024-09-24,Camry,42308.45,5.68,Completed
820794,6,2024-09-08,Tundra,36768.67,3.86,Completed
820795,15,2024-09-27,Tundra,53914.14,4.86,Completed
820796,11,2024-09-08,Prius,22317.75,4.16,Completed
820797,4,2024-09-15,Corolla,21766.16,3.81,Completed
820798,11,2024-09-11,Tacoma,30327.53,4.16,Completed
820799,4,2024-09-13,Prius,23015.41,3.81,Completed
820800,13,2024-09-25,Tundra,51942.4,5.61,Completed
820801,3,2024-09-01,Tacoma,46497.97,5.69,Completed
820802,9,2024-09-04,RAV4,32581.16,4.4,Completed
820803,6,2024-09-17,Prius,23398.77,3.86,Completed
820804,2,2024-09-30,Sienna,38765.84,4.0,Cancelled
820805,12,2024-09-19,RAV4,44057.97,5.65,Completed
820806,12,2024-09-21,Sienna,46913.17,5.65,Completed
820807,14,2024-09-04,RAV4,42157.92,5.1,Cancelled
820808,6,2024-09-16,Sienna,35025.98,3.86,Completed
820809,2,2024-09-16,Highlander,50966.96,4.0,Completed
820810,12,2024-09-13,Tacoma,38712.55,5.65,Completed
820811,2,2024-09-09,Camry,32406.39,4.0,Completed
820812,3,2024-09-22,Sienna,56840.81,5.69,Completed
820813,19,2024-09-30,Camry,37475.02,5.48,Completed
820814,10,2024-09-15,RAV4,35375.99,4.88,Completed
820815,10,2024-09-30,Highlander,51461.51,4.88,Completed
820816,9,2024-09-16,Tacoma,28775.54,4.4,Completed
820817,16,2024-09-02,Camry,41168.4,6.06,Completed
820818,19,2024-09-12,RAV4,40472.39,5.48,Completed
820819,20,2024-09-19,Highlander,60624.22,5.77,Completed
820820,1,2024-09-22,RAV4,41884.38,5.24,Completed
820821,2,2024-09-14,Camry,28242.99,4.0,Completed
820822,8,2024-09-12,Tacoma,43169.81,5.84,Completed
820823,15,2024-09-09,Prius,33408.07,4.86,Completed
820824,5,2024-09-05,RAV4,35086.49,5.34,Completed
820825,10,2024-09-04,Tacoma,32582.0,4.88,Completed
820826,13,2024-09-20,Highlander,61183.28,5.61,Completed
820827,8,2024-09-21,Highlander,67488.86,5.84,Completed
820828,5,2024-09-26,Sienna,44819.17,5.34,Completed
820829,4,2024-09-19,Highlander,48599.66,3.81,Completed
820830,1,2024-09-24,Sienna,38932.01,5.24,Completed
820831,13,2024-09-11,Highlander,72785.77,5.61,Completed
820832,5,2024-09-21,Highlander,55084.42,5.34,Completed
820833,20,2024-09-13,Corolla,26306.93,5.77,Completed
820834,12,2024-09-05,RAV4,43201.63,5.65,Completed
820835,20,2024-09-14,Highlander,63918.91,5.77,Completed
820836,16,2024-09-21,Corolla,31070.41,6.06,Completed
820837,10,2024-09-11,Tundra,40957.96,4.88,Completed
820838,7,2024-09-26,Prius,32223.52,5.39,Completed
820839,15,2024-09-21,Highlander,59703.11,4.86,Completed
820840,5,2024-09-06,Tacoma,38442.39,5.34,Completed
820841,10,2024-09-24,Tundra,41406.14,4.88,Completed
820842,3,2024-09-04,Corolla,27866.54,5.69,Completed
820843,10,2024-09-30,Sienna,34848.27,4.88,Completed
820844,19,2024-09-04,Camry,30884.52,5.48,Completed
820845,6,2024-09-22,Corolla,19098.54,3.86,Completed
820846,20,2024-09-04,RAV4,47649.72,5.77,Completed
820847,9,2024-09-26,RAV4,31705.95,4.4,Completed
820848,10,2024-09-10,Tundra,40500.39,4.88,Completed
820849,1,2024-09-28,Tundra,41732.5,5.24,Pending
820850,8,2024-09-04,Camry,38633.81,5.84,Completed
820851,8,2024-09-14,Camry,38912.99,5.84,Completed
820852,5,2024-09-29,RAV4,35136.31,5.34,Completed
820853,10,2024-09-01,Tacoma,30783.52,4.88,Completed
820854,9,2024-09-06,Prius,22710.91,4.4,Completed
820855,8,2024-09-16,Tacoma,41005.44,5.84,Completed
820856,19,2024-09-20,Prius,29963.18,5.48,Completed
820857,8,2024-09-12,Tundra,53928.38,5.84,Completed
820858,16,2024-09-19,Prius,32959.74,6.06,Completed
820859,4,2024-09-06,Prius,24148.99,3.81,Completed
820860,20,2024-09-20,RAV4,44394.68,5.77,Completed
820861,2,2024-09-20,Tacoma,32034.87,4.0,Completed
820862,11,2024-09-29,Highlander,42547.33,4.16,Completed
820863,3,2024-09-16,Highlander,68918.88,5.69,Completed
820864,20,2024-09-10,RAV4,46856.28,5.77,Pending
820865,11,2024-09-04,Tacoma,33513.34,4.16,Completed
820866,20,2024-09-26,Highlander,68424.53,5.77,Completed
820867,9,2024-09-14,Corolla,20420.27,4.4,Completed
820868,13,2024-09-15,Tacoma,43868.47,5.61,Completed
820869,9,2024-09-21,Prius,23921.46,4.4,Completed
820870,14,2024-09-19,Highlander,64972.46,5.1,Completed
820871,11,2024-09-12,RAV4,34095.4,4.16,Completed
820872,6,2024-09-11,Prius,23779.34,3.86,Completed
820873,11,2024-09-17,RAV4,31683.02,4.16,Completed
820874,15,2024-09-03,Highlander,57245.45,4.86,Completed
820875,6,2024-09-16,Highlander,46089.51,3.86,Completed
820876,1,2024-09-28,Sienna,44308.31,5.24,Completed
820877,4,2024-09-03,Prius,20672.69,3.81,Completed
820878,15,2024-09-23,Corolla,30363.0,4.86,Completed
820879,17,2024-09-25,Camry,25771.77,4.51,Completed
820880,4,2024-09-12,Sienna,33983.15,3.81,Completed
820881,15,2024-09-20,Sienna,48953.68,4.86,Completed
820882,9,2024-09-15,Tacoma,30024.32,4.4,Completed
820883,1,2024-09-15,Tacoma,35036.72,5.24,Completed
820884,9,2024-09-26,Camry,25780.05,4.4,Completed
820885,19,2024-09-19,Highlander,56172.18,5.48,Completed
820886,7,2024-09-01,Camry,36637.32,5.39,Completed
820887,3,2024-09-23,Camry,39293.19,5.69,Completed
820888,18,2024-09-15,RAV4,50411.89,5.68,Completed
820889,19,2024-09-25,Tundra,44604.03,5.48,Completed
820890,6,2024-09-12,Tacoma,32663.79,3.86,Completed
820891,3,2024-09-11,Prius,33664.04,5.69,Completed
820892,11,2024-09-09,Camry,31309.97,4.16,Completed
820893,2,2024-09-07,Tundra,36692.24,4.0,Pending
820894,8,2024-09-28,RAV4,45441.66,5.84,Completed
820895,12,2024-09-24,Tundra,49268.15,5.65,Completed
820896,3,2024-09-08,Highlander,68408.73,5.69,Completed
820897,7,2024-09-27,Corolla,28777.37,5.39,Completed
820898,2,2024-09-21,Corolla,19969.81,4.0,Completed
820899,19,2024-09-28,Tacoma,33244.19,5.48,Completed
820900,2,2024-09-24,Highlander,52853.05,4.0,Cancelled
820901,4,2024-09-21,Prius,21631.33,3.81,Completed
820902,7,2024-09-05,Tacoma,46517.99,5.39,Cancelled
820903,11,2024-09-02,Prius,24375.51,4.16,Completed
820904,19,2024-09-20,RAV4,41628.87,5.48,Completed
820905,16,2024-09-08,Highlander,70168.74,6.06,Completed
820906,5,2024-09-09,Corolla,26244.68,5.34,Completed
820907,12,2024-09-25,Camry,36677.55,5.65,Completed
820908,19,2024-09-25,Sienna,42516.89,5.48,Completed
820909,17,2024-09-06,RAV4,32616.05,4.51,Completed
820910,2,2024-09-16,Sienna,38831.0,4.0,Completed
820911,11,2024-09-21,Tundra,33867.35,4.16,Completed
820912,12,2024-09-20,Sienna,47658.8,5.65,Completed
820913,19,2024-09-19,Sienna,39582.8,5.48,Completed
820914,7,2024-09-11,RAV4,46781.57,5.39,Completed
820915,7,2024-09-10,Camry,42867.47,5.39,Completed
820916,19,2024-09-10,Tundra,46519.88,5.48,Completed
820917,2,2024-09-05,Sienna,36260.26,4.0,Completed
820918,13,2024-09-11,Tacoma,43609.28,5.61,Completed
820919,1,2024-09-29,RAV4,38177.64,5.24,Completed
820920,3,2024-09-06,Highlander,72430.85,5.69,Completed
820921,11,2024-09-18,RAV4,34134.61,4.16,Completed
820922,1,2024-09-18,Corolla,22266.72,5.24,Completed
820923,7,2024-09-11,Corolla,27705.03,5.39,Completed
820924,19,2024-09-02,Sienna,44488.87,5.48,Completed
820925,17,2024-09-26,Camry,27578.47,4.51,Completed
820926,10,2024-09-22,Sienna,39269.01,4.88,Completed
820927,9,2024-09-03,Tundra,36289.32,4.4,Completed
820928,11,2024-09-21,Tacoma,32543.65,4.16,Completed
820929,5,2024-09-07,Prius,28346.68,5.34,Completed
820930,2,2024-09-13,Prius,23884.71,4.0,Completed
820931,15,2024-09-08,Tacoma,42361.92,4.86,Completed
820932,4,2024-09-30,RAV4,32526.67,3.81,Completed
820933,13,2024-09-02,Tundra,48896.49,5.61,Completed
820934,5,2024-09-12,Highlander,53637.19,5.34,Completed
820935,5,2024-09-30,Prius,25210.44,5.34,Completed
820936,4,2024-09-22,Tacoma,29319.1,3.81,Completed
820937,13,2024-09-26,Camry,44146.39,5.61,Completed
820938,16,2024-09-14,Prius,33075.99,6.06,Completed
820939,17,2024-09-17,RAV4,34825.58,4.51,Completed
820940,11,2024-09-02,Corolla,19220.81,4.16,Completed
820941,14,2024-09-06,Camry,40758.2,5.1,Completed
820942,1,2024-09-13,Corolla,24736.04,5.24,Completed
820943,8,2024-09-29,Tundra,53732.09,5.84,Completed
820944,20,2024-09-26,Camry,43334.28,5.77,Completed
820945,5,2024-09-13,Corolla,24424.25,5.34,Completed
820946,13,2024-09-01,Tacoma,42955.31,5.61,Completed
820947,11,2024-09-26,Tundra,36419.91,4.16,Completed
820948,15,2024-09-13,Tacoma,43431.59,4.86,Completed
820949,13,2024-09-23,Sienna,55689.41,5.61,Completed
820950,15,2024-09-20,Tundra,48215.55,4.86,Completed
820951,6,2024-09-18,RAV4,32558.46,3.86,Cancelled
820952,4,2024-09-23,Highlander,45853.89,3.81,Completed
820953,10,2024-09-11,Sienna,34794.74,4.88,Completed
820954,19,2024-09-01,Prius,29806.46,5.48,Completed
820955,9,2024-09-11,Corolla,20811.53,4.4,Completed
820956,1,2024-09-02,Tacoma,37323.9,5.24,Completed
820957,7,2024-09-12,Camry,36527.57,5.39,Completed
820958,8,2024-09-30,Corolla,27409.37,5.84,Completed
820959,10,2024-09-20,RAV4,36533.14,4.88,Completed
820960,9,2024-09-05,Highlander,47191.19,4.4,Completed
820961,8,2024-09-19,Tacoma,42048.01,5.84,Completed
820962,2,2024-09-10,RAV4,35198.45,4.0,Completed
820963,20,2024-09-09,RAV4,45790.92,5.77,Completed
820964,20,2024-09-20,Highlander,64249.96,5.77,Completed
820965,14,2024-09-24,Corolla,26119.33,5.1,Completed
820966,4,2024-09-15,Corolla,20613.78,3.81,Completed
820967,3,2024-09-15,Highlander,67063.94,5.69,Completed
820968,7,2024-09-19,Camry,37725.45,5.39,Completed
820969,6,2024-09-05,Camry,28370.63,3.86,Completed
820970,17,2024-09-07,Highlander,44956.96,4.51,Completed
820971,10,2024-09-17,Tundra,40749.41,4.88,Completed
820972,12,2024-09-05,Highlander,57056.37,5.65,Completed
820973,18,2024-09-03,Tacoma,46028.08,5.68,Completed
820974,14,2024-09-12,RAV4,45359.88,5.1,Completed
820975,6,2024-09-11,RAV4,31378.11,3.86,Completed
820976,20,2024-09-24,Highlander,64219.23,5.77,Completed
820977,11,2024-09-02,Tacoma,30541.67,4.16,Completed
820978,12,2024-09-21,RAV4,41657.77,5.65,Completed
820979,15,2024-09-23,Prius,32658.86,4.86,Completed
820980,12,2024-09-15,Tundra,47659.15,5.65,Completed
820981,3,2024-09-06,Sienna,52299.07,5.69,Completed
820982,17,2024-09-17,Tundra,35042.7,4.51,Cancelled
820983,15,2024-09-01,Tundra,51302.0,4.86,Completed
820984,7,2024-09-10,Camry,36968.11,5.39,Completed
820985,18,2024-09-18,RAV4,49080.6,5.68,Completed
820986,1,2024-09-06,Highlander,58067.16,5.24,Completed
820987,14,2024-09-24,Corolla,28584.41,5.1,Completed
820988,14,2024-09-01,Highlander,58747.84,5.1,Completed
820989,10,2024-09-27,Tundra,38477.85,4.88,Completed
820990,3,2024-09-19,Corolla,27010.34,5.69,Completed
820991,17,2024-09-16,Tundra,37311.04,4.51,Completed
820992,9,2024-09-14,Sienna,34795.68,4.4,Completed
820993,9,2024-09-26,Corolla,21718.25,4.4,Completed
820994,3,2024-09-24,Tacoma,39928.73,5.69,Completed
820995,14,2024-09-12,Camry,33856.66,5.1,Completed
820996,6,2024-09-05,Prius,23398.11,3.86,Completed
820997,6,2024-09-20,Highlander,41390.42,3.86,Completed
820998,13,2024-09-19,Camry,44608.46,5.61,Completed
820999,3,2024-09-09,Camry,38889.72,5.69,Completed
821000,1,2024-09-28,Camry,30030.15,5.24,Completed
821001,20,2024-09-03,Camry,39746.71,5.77,Completed
821002,6,2024-09-20,RAV4,32221.94,3.86,Completed
821003,9,2024-09-04,Tacoma,32991.44,4.4,Completed
821004,6,2024-09-06,Sienna,32707.11,3.86,Completed
821005,1,2024-09-28,Corolla,22112.54,5.24,Completed
821006,19,2024-09-08,Sienna,44083.26,5.48,Completed
821007,5,2024-09-29,Tacoma,36793.73,5.34,Completed
821008,17,2024-09-27,Highlander,41494.9,4.51,Completed
821009,8,2024-09-20,Prius,34492.47,5.84,Completed
821010,19,2024-09-09,RAV4,41818.41,5.48,Completed
821011,9,2024-09-18,Tacoma,32610.52,4.4,Completed
821012,20,2024-09-09,Tundra,53436.16,5.77,Completed
821013,20,2024-09-20,Highlander,60727.78,5.77,Completed
821014,5,2024-09-04,Camry,32718.71,5.34,Completed
821015,7,2024-09-01,Sienna,50338.86,5.39,Completed
821016,15,2024-09-21,Prius,34989.24,4.86,Completed
821017,3,2024-09-16,RAV4,43706.17,5.69,Completed
821018,12,2024-09-28,Tacoma,44591.13,5.65,Completed
821019,18,2024-09-19,Sienna,48847.07,5.68,Completed
821020,4,2024-09-14,Sienna,32891.06,3.81,Completed
821021,11,2024-09-22,Tacoma,30879.73,4.16,Completed
821022,12,2024-09-28,Tundra,45660.76,5.65,Completed
821023,6,2024-09-06,Camry,26584.21,3.86,Completed
821024,17,2024-09-21,Prius,21955.68,4.51,Completed
821025,17,2024-09-28,Sienna,34850.19,4.51,Completed
821026,6,2024-09-08,Highlander,48210.63,3.86,Completed
821027,5,2024-09-04,Prius,27675.81,5.34,Completed
821028,11,2024-09-22,Camry,29831.99,4.16,Completed
821029,15,2024-09-02,Tundra,46122.47,4.86,Pending
821030,2,2024-09-10,Highlander,50203.34,4.0,Completed
821031,5,2024-09-12,Tacoma,36584.13,5.34,Completed
821032,14,2024-09-07,Tacoma,43472.71,5.1,Completed
821033,19,2024-09-30,Corolla,23804.03,5.48,Completed
821034,19,2024-09-20,RAV4,43190.58,5.48,Completed
821035,1,2024-09-30,Tacoma,35194.94,5.24,Pending
821036,1,2024-09-18,RAV4,36399.55,5.24,Cancelled
821037,11,2024-09-22,Tundra,37200.49,4.16,Completed
821038,4,2024-09-17,Camry,28002.32,3.81,Completed
821039,12,2024-09-20,Corolla,28587.7,5.65,Completed
821040,6,2024-09-25,Tacoma,28578.01,3.86,Completed
821041,15,2024-09-26,Tacoma,40380.7,4.86,Completed
821042,7,2024-09-12,Prius,35473.57,5.39,Completed
821043,16,2024-09-12,Tundra,54858.97,6.06,Completed
821044,10,2024-09-05,Tundra,40307.71,4.88,Completed
821045,8,2024-09-14,RAV4,44919.89,5.84,Completed
821046,14,2024-09-28,Tacoma,37550.79,5.1,Completed
821047,6,2024-09-04,Prius,25265.24,3.86,Completed
821048,1,2024-09-29,Highlander,54472.47,5.24,Completed
821049,11,2024-09-11,Highlander,50338.6,4.16,Completed
821050,17,2024-09-08,Highlander,47408.83,4.51,Completed
821051,13,2024-09-20,Tacoma,43431.88,5.61,Completed
821052,2,2024-09-20,Camry,28507.44,4.0,Completed
821053,6,2024-09-02,Highlander,41568.87,3.86,Completed
821054,11,2024-09-04,Tundra,33369.12,4.16,Completed
821055,13,2024-09-22,Tacoma,40771.32,5.61,Completed
821056,14,2024-09-21,Highlander,58454.85,5.1,Completed
821057,8,2024-09-10,Camry,41804.46,5.84,Completed
821058,14,2024-09-13,Prius,31111.73,5.1,Completed
821059,17,2024-09-12,Highlander,46722.79,4.51,Completed
821060,5,2024-09-26,Tundra,43423.73,5.34,Completed
821061,4,2024-09-14,Sienna,37751.4,3.81,Completed
821062,11,2024-09-16,Camry,30973.96,4.16,Pending
821063,16,2024-09-13,Prius,35045.29,6.06,Completed
821064,16,2024-09-06,Camry,40625.83,6.06,Pending
821065,13,2024-09-09,Corolla,31322.15,5.61,Completed
821066,12,2024-09-11,Prius,33559.53,5.65,Pending
821067,14,2024-09-11,RAV4,46998.45,5.1,Completed
821068,19,2024-09-01,Camry,31735.24,5.48,Completed
821069,8,2024-09-21,Tundra,54168.27,5.84,Completed
821070,10,2024-09-03,Sienna,34540.13,4.88,Completed
821071,13,2024-09-09,Tacoma,43425.59,5.61,Completed
821072,11,2024-09-20,Corolla,22722.37,4.16,Completed
821073,14,2024-09-29,Tundra,47156.57,5.1,Cancelled
821074,5,2024-09-24,RAV4,37293.68,5.34,Completed
821075,12,2024-09-09,Sienna,51970.36,5.65,Completed
821076,8,2024-09-19,Highlander,59582.47,5.84,Completed
821077,8,2024-09-08,Corolla,30238.6,5.84,Completed
821078,17,2024-09-01,Tacoma,28265.8,4.51,Completed
821079,3,2024-09-07,RAV4,46138.07,5.69,Completed
821080,19,2024-09-12,Tacoma,36423.42,5.48,Completed
821081,5,2024-09-14,Prius,26626.98,5.34,Completed
821082,20,2024-09-30,Prius,33353.52,5.77,Completed
821083,4,2024-09-26,Highlander,47794.96,3.81,Completed
821084,14,2024-09-20,Sienna,46611.55,5.1,Completed
821085,12,2024-09-11,Camry,36709.08,5.65,Completed
821086,19,2024-09-02,RAV4,40677.28,5.48,Completed
821087,17,2024-09-03,Tundra,32885.05,4.51,Completed
821088,19,2024-09-10,Camry,36553.69,5.48,Completed
821089,6,2024-09-25,Highlander,44883.26,3.86,Completed
821090,9,2024-09-17,Sienna,37533.4,4.4,Completed
821091,7,2024-09-22,Tacoma,42275.56,5.39,Completed
821092,6,2024-09-06,Highlander,41433.61,3.86,Completed
821093,4,2024-09-23,Tacoma,28531.66,3.81,Completed
821094,6,2024-09-13,Camry,25833.5,3.86,Completed
821095,1,2024-09-27,Tacoma,33245.62,5.24,Completed
821096,18,2024-09-13,Corolla,30002.83,5.68,Completed
821097,4,2024-09-25,Corolla,20363.2,3.81,Completed
821098,5,2024-09-18,Corolla,24772.84,5.34,Completed
821099,5,2024-09-03,Tundra,43151.0,5.34,Completed
821100,7,2024-09-25,Tundra,46491.24,5.39,Completed
821101,11,2024-09-26,Highlander,47361.79,4.16,Completed
821102,16,2024-09-20,Prius,35951.32,6.06,Completed
821103,11,2024-09-17,Prius,21841.43,4.16,Completed
821104,19,2024-09-23,Sienna,45589.46,5.48,Completed
821105,16,2024-09-12,Corolla,28466.09,6.06,Completed
821106,10,2024-09-23,Tundra,38243.15,4.88,Completed
821107,11,2024-09-29,Highlander,46335.52,4.16,Completed
821108,10,2024-09-05,RAV4,31916.7,4.88,Completed
821109,14,2024-09-13,Prius,34136.62,5.1,Completed
821110,12,2024-09-11,Camry,39969.34,5.65,Completed
821111,14,2024-09-04,Tundra,48331.37,5.1,Completed
821112,14,2024-09-24,Sienna,47712.51,5.1,Completed
821113,4,2024-09-21,Camry,24891.89,3.81,Completed
821114,4,2024-09-06,Prius,22112.67,3.81,Completed
821115,13,2024-09-26,Tundra,48415.77,5.61,Completed
821116,9,2024-09-23,Prius,25598.16,4.4,Completed
821117,12,2024-09-29,Highlander,65197.12,5.65,Completed
821118,16,2024-09-07,Corolla,28872.09,6.06,Completed
821119,14,2024-09-03,Camry,38099.86,5.1,Completed
821120,5,2024-09-29,Sienna,40876.23,5.34,Completed
821121,11,2024-09-26,Sienna,37812.3,4.16,Completed
821122,12,2024-09-07,Highlander,66590.14,5.65,Completed
821123,10,2024-09-08,Tacoma,30478.54,4.88,Completed
821124,4,2024-09-17,Corolla,20533.89,3.81,Completed
821125,9,2024-09-09,RAV4,32830.58,4.4,Pending
821126,19,2024-09-05,Tacoma,36010.97,5.48,Completed
821127,2,2024-09-10,Highlander,48630.64,4.0,Completed
821128,16,2024-09-26,Tacoma,41747.55,6.06,Completed
821129,2,2024-09-05,RAV4,37510.23,4.0,Completed
821130,9,2024-09-01,Corolla,19723.73,4.4,Completed
821131,10,2024-09-10,RAV4,33044.85,4.88,Completed
821132,8,2024-09-25,Highlander,67902.39,5.84,Completed
821133,12,2024-09-05,RAV4,42569.32,5.65,Completed
821134,14,2024-09-22,Highlander,56550.25,5.1,Completed
821135,20,2024-09-21,RAV4,42319.59,5.77,Completed
821136,5,2024-09-22,Camry,34358.28,5.34,Pending
821137,11,2024-09-22,RAV4,35257.34,4.16,Completed
821138,16,2024-09-08,RAV4,47823.85,6.06,Completed
821139,18,2024-09-21,Highlander,66938.61,5.68,Cancelled
821140,3,2024-09-03,Tundra,55930.36,5.69,Completed
821141,3,2024-09-07,Highlander,67217.36,5.69,Completed
821142,16,2024-09-14,Camry,42676.05,6.06,Completed
821143,10,2024-09-20,Highlander,43801.73,4.88,Completed
821144,16,2024-09-06,Camry,43476.9,6.06,Completed
821145,3,2024-09-21,Prius,33016.9,5.69,Completed
821146,17,2024-09-21,Tundra,37234.51,4.51,Completed
821147,10,2024-09-19,Sienna,34165.27,4.88,Completed
821148,11,2024-09-15,Tundra,33446.13,4.16,Completed
821149,15,2024-09-12,Highlander,57323.18,4.86,Completed
821150,20,2024-09-28,RAV4,44016.38,5.77,Completed
821151,12,2024-09-24,RAV4,43680.71,5.65,Completed
821152,19,2024-09-08,Sienna,48075.37,5.48,Completed
821153,14,2024-09-16,Sienna,48393.01,5.1,Completed
821154,18,2024-09-08,Corolla,32388.79,5.68,Completed
821155,17,2024-09-06,Tundra,36192.61,4.51,Completed
821156,8,2024-09-14,Highlander,62120.7,5.84,Completed
821157,6,2024-09-06,Sienna,34091.57,3.86,Completed
821158,6,2024-09-09,Tacoma,27703.82,3.86,Completed
821159,19,2024-09-09,Tacoma,38522.47,5.48,Completed
821160,5,2024-09-19,Highlander,51610.61,5.34,Completed
821161,15,2024-09-21,Prius,30898.03,4.86,Completed
821162,4,2024-09-03,Sienna,37640.9,3.81,Completed
821163,14,2024-09-06,Tundra,52176.23,5.1,Completed
821164,4,2024-09-14,Corolla,19525.6,3.81,Completed
821165,14,2024-09-09,RAV4,41040.21,5.1,Completed
821166,20,2024-09-28,Tundra,54279.12,5.77,Completed
821167,19,2024-09-29,Tacoma,35669.26,5.48,Completed
821168,3,2024-09-18,Tacoma,42013.0,5.69,Completed
821169,10,2024-09-08,Tundra,36156.85,4.88,Completed
821170,18,2024-09-12,RAV4,48373.02,5.68,Completed
821171,11,2024-09-10,Prius,24797.39,4.16,Completed
821172,6,2024-09-21,Sienna,33490.52,3.86,Completed
821173,5,2024-09-29,RAV4,41834.87,5.34,Completed
821174,11,2024-09-25,Tacoma,32009.1,4.16,Completed
821175,9,2024-09-12,Tacoma,30220.6,4.4,Completed
821176,9,2024-09-08,Corolla,19182.04,4.4,Completed
821177,3,2024-09-24,Tacoma,44505.03,5.69,Completed
821178,4,2024-09-07,RAV4,33371.44,3.81,Completed
821179,17,2024-09-22,Camry,30262.99,4.51,Completed
821180,2,2024-09-24,Tundra,37015.87,4.0,Completed
821181,13,2024-09-24,RAV4,49561.91,5.61,Completed
821182,6,2024-09-06,RAV4,35598.08,3.86,Completed
821183,11,2024-09-21,Tundra,36377.64,4.16,Completed
821184,2,2024-09-23,Sienna,34954.01,4.0,Completed
821185,7,2024-09-20,Camry,40005.45,5.39,Completed
821186,17,2024-09-12,RAV4,30184.52,4.51,Completed
821187,3,2024-09-26,Corolla,28594.75,5.69,Completed
821188,19,2024-09-18,Highlander,54869.89,5.48,Completed
821189,19,2024-09-06,Corolla,26260.0,5.48,Completed
821190,6,2024-09-03,Camry,27935.97,3.86,Completed
821191,17,2024-09-09,Tundra,31999.5,4.51,Completed
821192,18,2024-09-10,Tacoma,47165.0,5.68,Completed
821193,1,2024-09-27,RAV4,38120.72,5.24,Completed
821194,3,2024-09-24,Camry,43486.68,5.69,Completed
821195,7,2024-09-18,Sienna,46792.87,5.39,Completed
821196,13,2024-09-16,Sienna,51881.79,5.61,Completed
821197,18,2024-09-21,Camry,42155.85,5.68,Completed
821198,15,2024-09-04,Corolla,30846.14,4.86,Completed
821199,12,2024-09-14,Sienna,46550.56,5.65,Completed
821200,7,2024-09-10,Corolla,30240.29,5.39,Completed
821201,16,2024-09-28,Tacoma,44107.66,6.06,Completed
821202,11,2024-09-23,RAV4,36896.57,4.16,Completed
821203,6,2024-09-01,Sienna,38223.76,3.86,Completed
821204,2,2024-09-19,Tundra,37579.54,4.0,Completed
821205,12,2024-09-11,Tundra,50857.26,5.65,Completed
821206,10,2024-09-09,Prius,25946.82,4.88,Completed
821207,3,2024-09-16,Highlander,60628.92,5.69,Completed
821208,20,2024-09-01,RAV4,41651.91,5.77,Completed
821209,10,2024-09-27,Corolla,21326.0,4.88,Completed
821210,12,2024-09-14,Prius,29807.7,5.65,Completed
821211,6,2024-09-19,Highlander,45815.21,3.86,Completed
821212,11,2024-09-29,RAV4,32465.9,4.16,Completed
821213,17,2024-09-10,Corolla,21013.45,4.51,Completed
821214,14,2024-09-13,Prius,31178.56,5.1,Completed
821215,7,2024-09-23,Highlander,64107.46,5.39,Completed
821216,8,2024-09-24,Tundra,49378.36,5.84,Completed
821217,16,2024-09-20,Highlander,64127.43,6.06,Completed
821218,13,2024-09-24,Sienna,48061.71,5.61,Completed
821219,12,2024-09-28,Sienna,46748.94,5.65,Completed
821220,3,2024-09-21,Tundra,52928.86,5.69,Completed
821221,15,2024-09-27,Tundra,53297.63,4.86,Completed
821222,1,2024-09-24,Sienna,44510.97,5.24,Completed
821223,15,2024-09-23,Prius,33952.3,4.86,Completed
821224,14,2024-09-27,Camry,34454.67,5.1,Completed
821225,2,2024-09-15,Camry,30720.86,4.0,Completed
821226,3,2024-09-24,Highlander,63005.57,5.69,Completed
821227,1,2024-09-24,Sienna,42372.64,5.24,Completed
821228,8,2024-09-20,Tacoma,42818.92,5.84,Cancelled
821229,3,2024-09-26,RAV4,49477.67,5.69,Completed
821230,19,2024-09-10,Corolla,25419.39,5.48,Completed
821231,12,2024-09-01,Corolla,30668.2,5.65,Completed
821232,12,2024-09-16,Highlander,60764.38,5.65,Completed
821233,15,2024-09-13,Sienna,44678.38,4.86,Completed
821234,20,2024-09-01,Tacoma,39272.77,5.77,Completed
821235,20,2024-09-14,Corolla,30918.68,5.77,Completed
821236,16,2024-09-30,RAV4,43103.42,6.06,Completed
821237,10,2024-09-05,Highlander,50536.97,4.88,Completed
821238,15,2024-09-08,Highlander,68522.09,4.86,Completed
821239,19,2024-09-09,Tundra,44233.42,5.48,Completed
821240,17,2024-09-21,Prius,22148.86,4.51,Completed
821241,1,2024-09-17,Corolla,24892.72,5.24,Completed
821242,15,2024-09-24,Tundra,45839.87,4.86,Completed
821243,6,2024-09-28,RAV4,34266.22,3.86,Pending
821244,18,2024-09-12,Camry,45212.56,5.68,Completed
821245,10,2024-09-02,Sienna,37047.44,4.88,Completed
821246,14,2024-09-04,Highlander,59499.88,5.1,Cancelled
821247,12,2024-09-20,Sienna,45353.94,5.65,Completed
821248,14,2024-09-21,RAV4,42245.7,5.1,Completed
821249,17,2024-09-11,Tundra,36373.71,4.51,Completed
821250,6,2024-09-11,RAV4,29579.59,3.86,Completed
821251,10,2024-09-13,Camry,31691.17,4.88,Completed
821252,11,2024-09-14,Camry,31001.45,4.16,Completed
821253,20,2024-09-08,Camry,39088.38,5.77,Completed
821254,6,2024-09-01,Sienna,35669.08,3.86,Completed
821255,11,2024-09-16,Prius,22453.46,4.16,Completed
821256,3,2024-09-27,Camry,41345.88,5.69,Completed
821257,3,2024-09-11,Corolla,30339.23,5.69,Completed
821258,8,2024-09-01,Highlander,65750.87,5.84,Completed
821259,8,2024-09-16,Prius,31273.36,5.84,Completed
821260,8,2024-09-12,Highlander,66063.32,5.84,Completed
821261,19,2024-09-13,Prius,28666.42,5.48,Completed
821262,9,2024-09-06,Prius,22555.49,4.4,Completed
821263,17,2024-09-09,Highlander,46779.6,4.51,Completed
821264,5,2024-09-28,Sienna,42979.48,5.34,Completed
821265,10,2024-09-06,Corolla,20033.32,4.88,Completed
821266,1,2024-09-10,Sienna,43250.23,5.24,Completed
821267,10,2024-09-14,RAV4,31425.37,4.88,Completed
821268,7,2024-09-18,Tundra,49486.78,5.39,Completed
821269,16,2024-09-09,Camry,38857.38,6.06,Completed
821270,1,2024-09-25,Sienna,41668.0,5.24,Completed
821271,5,2024-09-07,Sienna,42438.23,5.34,Completed
821272,6,2024-09-20,Tacoma,31545.58,3.86,Completed
821273,3,2024-09-26,RAV4,44947.86,5.69,Completed
821274,16,2024-09-01,Tundra,53382.66,6.06,Completed
821275,3,2024-09-01,Corolla,32200.12,5.69,Completed
821276,16,2024-09-18,Sienna,47463.96,6.06,Completed
821277,14,2024-09-27,RAV4,43733.65,5.1,Completed
821278,16,2024-09-30,Tacoma,46562.05,6.06,Completed
821279,19,2024-09-20,Highlander,55162.46,5.48,Completed
821280,1,2024-09-29,RAV4,41939.72,5.24,Completed
821281,16,2024-09-03,Sienna,48144.19,6.06,Completed
821282,18,2024-09-24,Tundra,58333.42,5.68,Pending
821283,9,2024-09-28,Camry,31063.54,4.4,Completed
821284,14,2024-09-20,Corolla,28336.74,5.1,Completed
821285,16,2024-09-26,Tacoma,44433.48,6.06,Completed
821286,4,2024-09-06,Corolla,18776.84,3.81,Completed
821287,18,2024-09-10,Corolla,33663.49,5.68,Completed
821288,1,2024-09-05,Corolla,26322.15,5.24,Completed
821289,13,2024-09-05,Sienna,52649.4,5.61,Completed
821290,19,2024-09-30,Camry,34159.38,5.48,Completed
821291,3,2024-09-14,Sienna,53976.35,5.69,Completed
821292,16,2024-09-30,Tundra,55276.63,6.06,Completed
821293,8,2024-09-10,Sienna,52118.77,5.84,Completed
821294,16,2024-09-04,Tundra,49439.0,6.06,Completed
821295,15,2024-09-13,Tacoma,40126.63,4.86,Completed
821296,9,2024-09-27,RAV4,30293.83,4.4,Completed
821297,10,2024-09-08,Tundra,38719.66,4.88,Completed
821298,16,2024-09-03,Corolla,29541.4,6.06,Completed
821299,2,2024-09-27,Tacoma,35237.92,4.0,Completed
821300,3,2024-09-19,Sienna,52630.8,5.69,Completed
821301,14,2024-09-17,RAV4,47664.11,5.1,Completed
821302,1,2024-09-20,Corolla,22887.39,5.24,Completed
821303,2,2024-09-12,RAV4,36318.34,4.0,Completed
821304,13,2024-09-04,Prius,35187.12,5.61,Completed
821305,2,2024-09-28,Highlander,53453.29,4.0,Completed
821306,17,2024-09-24,Corolla,20759.39,4.51,Completed
821307,4,2024-09-01,Tundra,32208.29,3.81,Completed
821308,7,2024-09-09,Sienna,51777.92,5.39,Completed
821309,3,2024-09-11,RAV4,50484.92,5.69,Completed
821310,1,2024-09-15,Highlander,55190.46,5.24,Completed
821311,17,2024-09-27,RAV4,31624.34,4.51,Completed
821312,19,2024-09-18,Tundra,48108.33,5.48,Completed
821313,4,2024-09-14,RAV4,29744.92,3.81,Completed
821314,20,2024-09-09,Tacoma,38832.51,5.77,Completed
821315,7,2024-09-26,Highlander,67346.04,5.39,Completed
821316,20,2024-09-10,RAV4,43828.33,5.77,Completed
821317,4,2024-09-03,Highlander,40245.2,3.81,Completed
821318,2,2024-09-24,Corolla,22889.79,4.0,Completed
821319,15,2024-09-26,Sienna,45556.62,4.86,Completed
821320,5,2024-09-28,Prius,26657.76,5.34,Completed
821321,20,2024-09-14,Tacoma,39194.95,5.77,Completed
821322,13,2024-09-13,Tundra,53982.08,5.61,Completed
821323,12,2024-09-10,Tundra,52307.02,5.65,Completed
821324,7,2024-09-13,RAV4,51281.77,5.39,Completed
821325,1,2024-09-20,Highlander,49963.05,5.24,Completed
821326,7,2024-09-06,Camry,41667.96,5.39,Completed
821327,7,2024-09-14,Camry,40764.54,5.39,Completed
821328,16,2024-09-18,Corolla,30582.0,6.06,Completed
821329,4,2024-09-03,Highlander,46266.81,3.81,Completed
821330,16,2024-09-03,Prius,31751.29,6.06,Completed
821331,9,2024-09-14,Tundra,38544.04,4.4,Completed
821332,9,2024-09-23,Camry,27021.84,4.4,Completed
821333,4,2024-09-08,Prius,24645.56,3.81,Completed
821334,15,2024-09-27,Camry,38560.37,4.86,Completed
821335,9,2024-09-19,Highlander,50483.18,4.4,Completed
821336,9,2024-09-08,Highlander,42016.87,4.4,Completed
821337,16,2024-09-08,Corolla,30335.58,6.06,Completed
821338,16,2024-09-05,Sienna,53169.11,6.06,Completed
821339,9,2024-09-30,Sienna,34988.95,4.4,Completed
821340,20,2024-09-26,Tacoma,46102.8,5.77,Completed
821341,6,2024-09-08,Highlander,47077.21,3.86,Completed
821342,17,2024-09-17,Tundra,38245.37,4.51,Completed
821343,13,2024-09-13,Sienna,55826.07,5.61,Completed
821344,14,2024-09-16,Highlander,55804.96,5.1,Completed
821345,4,2024-09-24,Highlander,46061.48,3.81,Completed
821346,2,2024-09-14,Prius,24721.11,4.0,Pending
821347,3,2024-09-27,Prius,37117.09,5.69,Completed
821348,12,2024-09-30,Camry,41061.62,5.65,Completed
821349,13,2024-09-11,Corolla,32288.66,5.61,Completed
821350,20,2024-09-24,Camry,37046.57,5.77,Completed
821351,5,2024-09-05,Tundra,46283.88,5.34,Completed
821352,10,2024-09-15,Prius,25046.0,4.88,Completed
821353,2,2024-09-27,Corolla,21888.64,4.0,Completed
821354,10,2024-09-16,Camry,30537.23,4.88,Completed
821355,4,2024-09-08,Prius,20762.76,3.81,Completed
821356,1,2024-09-14,Camry,29915.24,5.24,Completed
821357,8,2024-09-08,Sienna,46969.46,5.84,Completed
821358,17,2024-09-20,Camry,26026.3,4.51,Completed
821359,9,2024-09-11,Corolla,20167.86,4.4,Completed
821360,19,2024-09-15,Camry,36494.58,5.48,Completed
821361,9,2024-09-05,Prius,25141.05,4.4,Pending
821362,17,2024-09-05,Sienna,35002.51,4.51,Completed
821363,5,2024-09-08,Corolla,26463.08,5.34,Completed
821364,18,2024-09-28,Tundra,59247.7,5.68,Completed
821365,7,2024-09-13,Camry,35987.53,5.39,Completed
821366,16,2024-09-11,Corolla,29534.05,6.06,Completed
821367,14,2024-09-27,Sienna,47526.56,5.1,Completed
821368,7,2024-09-30,Sienna,46214.51,5.39,Completed
821369,15,2024-09-15,RAV4,43366.2,4.86,Completed
821370,14,2024-09-17,RAV4,47855.69,5.1,Completed
821371,2,2024-09-22,Corolla,23589.72,4.0,Completed
821372,10,2024-09-01,Sienna,39888.77,4.88,Completed
821373,6,2024-09-24,Tacoma,29544.41,3.86,Completed
821374,12,2024-09-01,RAV4,47625.23,5.65,Completed
821375,10,2024-09-20,Tacoma,32102.66,4.88,Completed
821376,19,2024-09-30,RAV4,40402.54,5.48,Completed
821377,20,2024-09-30,Tundra,54235.47,5.77,Completed
821378,3,2024-09-23,Sienna,54517.38,5.69,Completed
821379,4,2024-09-10,Highlander,42707.45,3.81,Completed
821380,19,2024-09-02,Highlander,57329.02,5.48,Completed
821381,15,2024-09-18,Tundra,47214.48,4.86,Completed
821382,12,2024-09-15,Prius,34659.33,5.65,Completed
821383,19,2024-09-28,Highlander,57466.62,5.48,Completed
821384,5,2024-09-13,RAV4,37465.59,5.34,Completed
821385,11,2024-09-27,Tacoma,32971.76,4.16,Completed
821386,19,2024-09-02,Prius,30268.53,5.48,Completed
821387,10,2024-09-20,Prius,23431.83,4.88,Completed
821388,3,2024-09-30,Prius,34345.45,5.69,Completed
821389,6,2024-09-24,Prius,21976.68,3.86,Completed
821390,19,2024-09-17,Camry,34198.75,5.48,Completed
821391,7,2024-09-01,Prius,32410.35,5.39,Completed
821392,15,2024-09-01,RAV4,49474.17,4.86,Completed
821393,10,2024-09-06,RAV4,33622.05,4.88,Completed
821394,3,2024-09-25,Highlander,72131.29,5.69,Completed
821395,18,2024-09-21,RAV4,51469.73,5.68,Completed
821396,20,2024-09-11,Tundra,46370.21,5.77,Completed
821397,10,2024-09-11,Sienna,35208.06,4.88,Completed
821398,5,2024-09-04,Camry,30465.58,5.34,Completed
821399,13,2024-09-25,Highlander,64320.11,5.61,Completed
821400,9,2024-09-10,Camry,26924.95,4.4,Pending
821401,16,2024-09-26,Camry,36270.23,6.06,Cancelled
821402,7,2024-09-01,Highlander,65832.91,5.39,Cancelled
821403,8,2024-09-19,Prius,33172.07,5.84,Completed
821404,3,2024-09-23,Camry,40793.88,5.69,Completed
821405,9,2024-09-18,Corolla,22106.31,4.4,Completed
821406,6,2024-09-05,Camry,28741.95,3.86,Completed
821407,19,2024-09-06,Tacoma,37971.02,5.48,Completed
821408,4,2024-09-10,Tacoma,30482.12,3.81,Completed
821409,20,2024-09-10,Prius,31366.58,5.77,Completed
821410,2,2024-09-11,Corolla,23553.34,4.0,Completed
821411,3,2024-09-22,Sienna,53012.51,5.69,Completed
821412,18,2024-09-18,Tacoma,43677.88,5.68,Pending
821413,4,2024-09-25,RAV4,34733.53,3.81,Completed
821414,17,2024-09-11,Highlander,40881.02,4.51,Completed
821415,19,2024-09-24,Tundra,48093.4,5.48,Completed
821416,4,2024-09-28,Tacoma,30736.74,3.81,Completed
821417,19,2024-09-21,RAV4,41275.15,5.48,Completed
821418,11,2024-09-24,Highlander,48253.93,4.16,Completed
821419,7,2024-09-09,Tundra,46096.54,5.39,Completed
821420,12,2024-09-03,Tundra,49461.54,5.65,Pending
821421,8,2024-09-29,RAV4,43745.46,5.84,Completed
821422,1,2024-09-16,Corolla,23752.4,5.24,Completed
821423,1,2024-09-12,Camry,33795.42,5.24,Cancelled
821424,2,2024-09-10,Camry,32792.21,4.0,Completed
821425,2,2024-09-08,RAV4,33009.93,4.0,Completed
821426,13,2024-09-22,Tundra,49903.39,5.61,Completed
821427,11,2024-09-20,Prius,25241.76,4.16,Completed
821428,17,2024-09-08,Tacoma,30526.64,4.51,Completed
821429,5,2024-09-17,Tundra,44790.65,5.34,Completed
821430,4,2024-09-04,Prius,22532.24,3.81,Completed
821431,5,2024-09-23,Corolla,26513.59,5.34,Completed
821432,14,2024-09-30,Tacoma,43723.74,5.1,Completed
821433,14,2024-09-01,Corolla,25917.76,5.1,Completed
821434,3,2024-09-19,Corolla,31166.61,5.69,Completed
821435,5,2024-09-03,Camry,32610.71,5.34,Completed
821436,10,2024-09-22,Sienna,40766.47,4.88,Completed
821437,13,2024-09-23,Tundra,54620.18,5.61,Completed
821438,8,2024-09-05,RAV4,45759.44,5.84,Completed
821439,3,2024-09-30,Prius,32860.89,5.69,Completed
821440,9,2024-09-26,Prius,22700.94,4.4,Completed
821441,17,2024-09-19,Highlander,41514.16,4.51,Completed
821442,2,2024-09-22,Camry,32401.93,4.0,Completed
821443,5,2024-09-27,RAV4,38531.45,5.34,Completed
821444,20,2024-09-21,Tacoma,44362.61,5.77,Completed
821445,20,2024-09-24,Corolla,30974.21,5.77,Completed
821446,8,2024-09-14,Tacoma,44144.3,5.84,Completed
821447,17,2024-09-08,Highlander,42985.15,4.51,Completed
821448,17,2024-09-21,Tacoma,27319.99,4.51,Completed
821449,1,2024-09-22,Tacoma,33041.65,5.24,Completed
821450,11,2024-09-08,Highlander,51461.38,4.16,Completed
821451,16,2024-09-08,Tundra,46845.7,6.06,Completed
821452,17,2024-09-17,Tacoma,29940.43,4.51,Completed
821453,11,2024-09-19,Highlander,49764.36,4.16,Completed
821454,20,2024-09-18,Camry,40560.31,5.77,Completed
821455,20,2024-09-11,Tundra,47683.39,5.77,Completed
821456,14,2024-09-10,Prius,28325.76,5.1,Completed
821457,20,2024-09-16,Corolla,30093.9,5.77,Completed
821458,8,2024-09-10,Tacoma,42333.73,5.84,Completed
821459,18,2024-09-06,Corolla,33785.8,5.68,Completed
821460,6,2024-09-26,Tundra,37392.77,3.86,Completed
821461,13,2024-09-17,Corolla,29501.87,5.61,Completed
821462,16,2024-09-11,Corolla,26779.54,6.06,Completed
821463,8,2024-09-30,RAV4,41715.03,5.84,Completed
821464,4,2024-09-11,Corolla,20874.66,3.81,Completed
821465,12,2024-09-25,Sienna,50879.95,5.65,Completed
821466,9,2024-09-24,Highlander,47424.88,4.4,Completed
821467,17,2024-09-08,Highlander,46795.8,4.51,Completed
821468,11,2024-09-16,Sienna,39340.49,4.16,Completed
821469,14,2024-09-10,Camry,37684.45,5.1,Completed
821470,5,2024-09-26,Prius,26418.14,5.34,Completed
821471,19,2024-09-10,Tacoma,36684.86,5.48,Completed
821472,20,2024-09-03,Tacoma,41081.27,5.77,Completed
821473,17,2024-09-02,Sienna,36317.5,4.51,Completed
821474,6,2024-09-26,Prius,23100.27,3.86,Completed
821475,8,2024-09-25,Tundra,46141.32,5.84,Completed
821476,6,2024-09-28,Highlander,45381.35,3.86,Completed
821477,1,2024-09-24,Prius,29000.75,5.24,Pending
821478,20,2024-09-27,Tundra,51710.02,5.77,Pending
821479,8,2024-09-14,Corolla,29903.17,5.84,Completed
821480,15,2024-09-13,Corolla,30117.94,4.86,Completed
821481,14,2024-09-14,Prius,28681.82,5.1,Completed
821482,8,2024-09-26,Highlander,63088.57,5.84,Completed
821483,5,2024-09-26,Sienna,39973.91,5.34,Completed
821484,11,2024-09-11,Sienna,34834.97,4.16,Completed
821485,19,2024-09-01,Corolla,22951.18,5.48,Completed
821486,18,2024-09-07,RAV4,51169.48,5.68,Completed
821487,6,2024-09-29,Tacoma,31736.53,3.86,Completed
821488,19,2024-09-01,Tundra,42346.09,5.48,Completed
821489,1,2024-09-28,Tacoma,32332.05,5.24,Completed
821490,12,2024-09-16,Highlander,58440.33,5.65,Completed
821491,18,2024-09-14,Corolla,32672.79,5.68,Completed
821492,1,2024-09-09,Tacoma,35400.28,5.24,Cancelled
821493,6,2024-09-08,Tacoma,29457.01,3.86,Completed
821494,13,2024-09-01,Prius,32896.26,5.61,Completed
821495,5,2024-09-28,Corolla,23133.37,5.34,Completed
821496,3,2024-09-27,Camry,39660.05,5.69,Completed
821497,17,2024-09-13,Corolla,19184.11,4.51,Completed
821498,13,2024-09-30,Prius,31938.36,5.61,Completed
821499,4,2024-09-02,Corolla,21267.61,3.81,Completed
821500,6,2024-09-14,Prius,21232.94,3.86,Completed
821501,7,2024-09-29,Tundra,54091.47,5.39,Completed
821502,2,2024-09-15,Prius,25496.54,4.0,Completed
821503,13,2024-09-30,Tacoma,40355.29,5.61,Completed
821504,1,2024-09-29,Sienna,45436.33,5.24,Completed
821505,10,2024-09-11,Corolla,19717.43,4.88,Completed
821506,8,2024-09-01,Corolla,30006.1,5.84,Completed
821507,17,2024-09-27,Corolla,21392.76,4.51,Completed
821508,1,2024-09-15,Tundra,42806.4,5.24,Completed
821509,12,2024-09-07,Camry,37025.85,5.65,Completed
821510,19,2024-09-06,Highlander,58914.41,5.48,Completed
821511,5,2024-09-25,RAV4,36672.31,5.34,Completed
821512,13,2024-09-25,Sienna,53971.51,5.61,Completed
821513,18,2024-09-02,Tundra,55416.35,5.68,Completed
821514,12,2024-09-07,Tacoma,41670.08,5.65,Completed
821515,6,2024-09-21,Tundra,38726.31,3.86,Completed
821516,8,2024-09-21,Highlander,69524.91,5.84,Completed
821517,13,2024-09-10,Tacoma,39986.53,5.61,Completed
821518,18,2024-09-06,Prius,37263.3,5.68,Completed
821519,3,2024-09-27,Prius,34006.12,5.69,Completed
821520,11,2024-09-05,Sienna,36572.55,4.16,Completed
821521,2,2024-09-27,Prius,23728.76,4.0,Completed
821522,1,2024-09-04,Prius,25416.04,5.24,Completed
821523,14,2024-09-15,Corolla,27040.68,5.1,Completed
821524,20,2024-09-08,Tundra,49955.7,5.77,Completed
821525,10,2024-09-14,Prius,25665.75,4.88,Completed
821526,11,2024-09-10,Corolla,19189.92,4.16,Completed
821527,10,2024-09-17,RAV4,36670.15,4.88,Completed
821528,18,2024-09-02,Tacoma,48632.85,5.68,Completed
821529,20,2024-09-13,Tacoma,42839.36,5.77,Completed
821530,2,2024-09-15,Prius,26191.54,4.0,Completed
821531,10,2024-09-28,Camry,28393.12,4.88,Completed
821532,20,2024-09-15,Tundra,47476.12,5.77,Completed
821533,17,2024-09-29,Camry,28665.94,4.51,Completed
821534,9,2024-09-05,Camry,29564.46,4.4,Completed
821535,13,2024-09-19,Prius,32146.57,5.61,Completed
821536,12,2024-09-14,Tacoma,40358.28,5.65,Completed
821537,8,2024-09-27,Prius,30739.74,5.84,Completed
821538,3,2024-09-09,Highlander,61523.6,5.69,Completed
821539,9,2024-09-02,RAV4,30633.99,4.4,Completed
821540,2,2024-09-28,Camry,29379.13,4.0,Completed
821541,16,2024-09-11,Corolla,29945.18,6.06,Completed
821542,10,2024-09-21,Camry,32084.22,4.88,Completed
821543,9,2024-09-07,Camry,27546.14,4.4,Completed
821544,19,2024-09-26,Tacoma,39048.39,5.48,Completed
821545,7,2024-09-07,Tacoma,46210.61,5.39,Completed
821546,8,2024-09-15,Tundra,51981.54,5.84,Completed
821547,18,2024-09-08,Camry,42603.32,5.68,Completed
821548,9,2024-09-02,Tundra,38702.16,4.4,Completed
821549,6,2024-09-18,Highlander,47023.03,3.86,Completed
821550,19,2024-09-24,Corolla,22805.63,5.48,Completed
821551,6,2024-09-27,Sienna,34540.82,3.86,Completed
821552,1,2024-09-22,Sienna,41167.13,5.24,Completed
821553,5,2024-09-11,Highlander,56282.65,5.34,Completed
821554,1,2024-09-24,RAV4,37039.78,5.24,Completed
821555,4,2024-09-26,RAV4,32714.0,3.81,Completed
821556,9,2024-09-10,Highlander,45890.09,4.4,Completed
821557,18,2024-09-14,Tacoma,42186.29,5.68,Completed
821558,18,2024-09-07,Tundra,49087.58,5.68,Completed
821559,18,2024-09-16,Highlander,68920.18,5.68,Completed
821560,14,2024-09-10,Tacoma,37827.52,5.1,Completed
821561,14,2024-09-12,Tundra,48984.04,5.1,Completed
821562,2,2024-09-25,Camry,31938.6,4.0,Completed
821563,14,2024-09-21,Tundra,47046.93,5.1,Completed
821564,12,2024-09-01,Tundra,51761.4,5.65,Completed
821565,8,2024-09-03,Corolla,30176.53,5.84,Completed
821566,5,2024-09-21,RAV4,35585.23,5.34,Completed
821567,16,2024-09-19,Tacoma,45545.81,6.06,Completed
821568,10,2024-09-01,Camry,27647.41,4.88,Completed
821569,9,2024-09-18,Corolla,22746.41,4.4,Completed
821570,8,2024-09-25,Prius,29916.12,5.84,Completed
821571,15,2024-09-30,Highlander,60597.58,4.86,Completed
821572,5,2024-09-23,Sienna,45706.22,5.34,Completed
821573,3,2024-09-01,Sienna,52779.31,5.69,Completed
821574,18,2024-09-17,Corolla,32623.32,5.68,Completed
821575,17,2024-09-20,Sienna,34096.32,4.51,Completed
821576,1,2024-09-21,RAV4,40204.21,5.24,Completed
821577,19,2024-09-08,Highlander,54005.77,5.48,Completed
821578,14,2024-09-30,RAV4,46850.85,5.1,Completed
821579,5,2024-09-17,Corolla,24288.32,5.34,Completed
821580,2,2024-09-20,Prius,22533.23,4.0,Completed
821581,17,2024-09-26,Tacoma,32136.75,4.51,Completed
821582,2,2024-09-25,Tacoma,32439.04,4.0,Completed
821583,9,2024-09-19,Prius,25975.65,4.4,Completed
821584,16,2024-09-27,Highlander,66993.89,6.06,Completed
821585,4,2024-09-24,Tundra,32609.36,3.81,Completed
821586,12,2024-09-26,Camry,40665.56,5.65,Completed
821587,3,2024-09-01,Tundra,52096.94,5.69,Completed
821588,4,2024-09-18,Tacoma,28159.36,3.81,Completed
821589,15,2024-09-23,Prius,33739.44,4.86,Completed
821590,2,2024-09-02,Tundra,36650.28,4.0,Completed
821591,10,2024-09-23,Tacoma,34465.86,4.88,Completed
821592,8,2024-09-11,Corolla,26660.6,5.84,Completed
821593,12,2024-09-17,Tacoma,40290.2,5.65,Completed
821594,15,2024-09-30,Camry,39267.43,4.86,Completed
821595,20,2024-09-27,Highlander,66178.41,5.77,Completed
821596,12,2024-09-26,Prius,30697.07,5.65,Completed
821597,4,2024-09-02,RAV4,29346.2,3.81,Completed
821598,19,2024-09-04,Camry,34543.76,5.48,Completed
821599,16,2024-09-17,RAV4,42740.72,6.06,Completed
821600,12,2024-09-15,Camry,36083.34,5.65,Completed
821601,12,2024-09-01,Sienna,48039.77,5.65,Completed
821602,20,2024-09-14,Prius,35911.72,5.77,Completed
821603,1,2024-09-24,Tacoma,34382.2,5.24,Completed
821604,1,2024-09-28,Sienna,38650.17,5.24,Completed
821605,19,2024-09-09,Corolla,23280.33,5.48,Completed
821606,8,2024-09-05,RAV4,47896.5,5.84,Completed
821607,4,2024-09-11,RAV4,34144.79,3.81,Cancelled
821608,1,2024-09-08,Tacoma,33384.31,5.24,Completed
821609,12,2024-09-27,Tundra,46472.93,5.65,Completed
821610,15,2024-09-09,Sienna,53349.92,4.86,Completed
821611,13,2024-09-10,Tundra,52977.78,5.61,Completed
821612,6,2024-09-15,Sienna,32707.26,3.86,Completed
821613,8,2024-09-24,Camry,42919.68,5.84,Completed
821614,16,2024-09-01,Sienna,51819.85,6.06,Completed
821615,6,2024-09-15,Highlander,46252.11,3.86,Completed
821616,8,2024-09-07,Corolla,29323.26,5.84,Completed
821617,3,2024-09-19,Corolla,31438.79,5.69,Completed
821618,18,2024-09-26,Camry,45756.54,5.68,Completed
821619,2,2024-09-10,Tacoma,35443.64,4.0,Completed
821620,10,2024-09-05,Camry,27070.61,4.88,Completed
821621,7,2024-09-12,Tundra,50694.33,5.39,Completed
821622,17,2024-09-14,Tacoma,28754.14,4.51,Completed
821623,8,2024-09-30,RAV4,41441.09,5.84,Completed
821624,19,2024-09-12,Sienna,45767.38,5.48,Completed
821625,9,2024-09-24,Sienna,35699.25,4.4,Completed
821626,14,2024-09-14,Tundra,45846.03,5.1,Completed
821627,7,2024-09-12,Highlander,61624.68,5.39,Completed
821628,7,2024-09-15,Camry,37205.03,5.39,Completed
821629,19,2024-09-16,RAV4,36801.32,5.48,Completed
821630,15,2024-09-22,Tundra,50688.31,4.86,Cancelled
821631,15,2024-09-27,Camry,38965.66,4.86,Completed
821632,9,2024-09-21,Tacoma,30904.22,4.4,Completed
821633,5,2024-09-10,Corolla,25414.47,5.34,Completed
821634,15,2024-09-03,Tundra,51010.93,4.86,Completed
821635,7,2024-09-07,Tacoma,44885.29,5.39,Completed
821636,20,2024-09-14,Tacoma,46044.41,5.77,Completed
821637,10,2024-09-09,Sienna,34772.93,4.88,Completed
821638,2,2024-09-02,Highlander,53779.73,4.0,Completed
821639,11,2024-09-13,Prius,21838.57,4.16,Completed
821640,5,2024-09-15,Corolla,23517.71,5.34,Completed
821641,11,2024-09-24,Sienna,35884.52,4.16,Completed
821642,7,2024-09-03,Tacoma,40933.63,5.39,Completed
821643,16,2024-09-20,Tundra,49647.08,6.06,Completed
821644,7,2024-09-29,Sienna,50216.15,5.39,Completed
821645,6,2024-09-15,Prius,23238.83,3.86,Completed
821646,6,2024-09-29,Prius,21592.11,3.86,Completed
821647,7,2024-09-21,Tacoma,47035.29,5.39,Completed
821648,2,2024-09-09,Corolla,22528.35,4.0,Completed
821649,5,2024-09-18,Corolla,25922.51,5.34,Completed
821650,6,2024-09-14,Tacoma,31714.76,3.86,Completed
821651,8,2024-09-13,Tundra,54839.81,5.84,Completed
821652,1,2024-09-14,Prius,26894.4,5.24,Completed
821653,5,2024-09-19,RAV4,37918.16,5.34,Completed
821654,5,2024-09-05,Sienna,39947.9,5.34,Completed
821655,19,2024-09-21,Corolla,23290.75,5.48,Completed
821656,16,2024-09-18,Sienna,48054.19,6.06,Completed
821657,20,2024-09-02,Corolla,28232.17,5.77,Completed
821658,6,2024-09-23,Camry,26278.78,3.86,Completed
821659,15,2024-09-30,RAV4,47337.38,4.86,Completed
821660,20,2024-09-23,Tundra,54412.83,5.77,Completed
821661,3,2024-09-13,Prius,33536.74,5.69,Completed
821662,13,2024-09-30,Camry,41743.83,5.61,Completed
821663,6,2024-09-12,Sienna,32485.34,3.86,Completed
821664,11,2024-09-12,Camry,27731.64,4.16,Completed
821665,12,2024-09-03,Camry,39778.4,5.65,Completed
821666,9,2024-09-10,Camry,25753.3,4.4,Completed
821667,17,2024-09-08,Highlander,43760.33,4.51,Completed
821668,18,2024-09-06,Tundra,55618.38,5.68,Completed
821669,9,2024-09-26,Prius,22457.32,4.4,Completed
821670,18,2024-09-24,Tundra,53083.71,5.68,Completed
821671,11,2024-09-30,RAV4,35620.67,4.16,Completed
821672,10,2024-09-27,RAV4,32578.34,4.88,Completed
821673,8,2024-09-08,Camry,38583.57,5.84,Completed
821674,16,2024-09-19,Tacoma,45596.63,6.06,Completed
821675,17,2024-09-13,Highlander,44536.19,4.51,Completed
821676,17,2024-09-19,Camry,27029.8,4.51,Completed
821677,18,2024-09-10,Sienna,49787.97,5.68,Completed
821678,17,2024-09-14,Corolla,18512.5,4.51,Completed
821679,12,2024-09-14,Tundra,47050.58,5.65,Completed
821680,5,2024-09-27,Highlander,48966.23,5.34,Completed
821681,1,2024-09-21,Highlander,48221.43,5.24,Completed
821682,12,2024-09-26,RAV4,43741.04,5.65,Completed
821683,9,2024-09-18,RAV4,32058.82,4.4,Completed
821684,3,2024-09-11,RAV4,49774.75,5.69,Completed
821685,14,2024-09-18,Tacoma,39637.89,5.1,Completed
821686,19,2024-09-03,Prius,26645.37,5.48,Completed
821687,2,2024-09-11,Highlander,44795.29,4.0,Completed
821688,7,2024-09-14,Highlander,58852.99,5.39,Completed
821689,20,2024-09-05,Sienna,47855.1,5.77,Completed
821690,6,2024-09-07,Camry,28925.75,3.86,Completed
821691,10,2024-09-07,Prius,22850.94,4.88,Completed
821692,12,2024-09-25,Prius,31413.32,5.65,Completed
821693,7,2024-09-02,Camry,38052.92,5.39,Completed
821694,5,2024-09-01,Tundra,41922.25,5.34,Completed
821695,8,2024-09-02,Highlander,64474.87,5.84,Completed
821696,20,2024-09-01,Sienna,49591.39,5.77,Cancelled
821697,3,2024-09-02,RAV4,46915.59,5.69,Completed
821698,2,2024-09-13,RAV4,35588.5,4.0,Completed
821699,3,2024-09-06,Tundra,51680.44,5.69,Completed
821700,19,2024-09-02,Highlander,60970.47,5.48,Pending
821701,6,2024-09-03,Tundra,32202.75,3.86,Completed
821702,17,2024-09-11,Tundra,36618.58,4.51,Completed
821703,1,2024-09-24,Corolla,21909.89,5.24,Completed
821704,14,2024-09-18,Highlander,61582.94,5.1,Completed
821705,12,2024-09-21,Camry,36643.94,5.65,Completed
821706,10,2024-09-06,Highlander,43208.38,4.88,Completed
821707,17,2024-09-08,Highlander,46242.56,4.51,Completed
821708,4,2024-09-07,Tundra,36358.79,3.81,Completed
821709,4,2024-09-14,Prius,22511.44,3.81,Completed
821710,14,2024-09-30,Corolla,26956.4,5.1,Completed
821711,4,2024-09-19,Camry,27633.37,3.81,Completed
821712,16,2024-09-08,Tacoma,46946.95,6.06,Completed
821713,6,2024-09-03,Tundra,33858.54,3.86,Completed
821714,1,2024-09-19,Sienna,41609.85,5.24,Completed
821715,19,2024-09-26,Tundra,44167.04,5.48,Completed
821716,9,2024-09-23,Highlander,45315.68,4.4,Completed
821717,12,2024-09-24,Highlander,59207.99,5.65,Completed
821718,1,2024-09-04,Camry,35462.91,5.24,Completed
821719,3,2024-09-22,Tundra,53466.98,5.69,Completed
821720,4,2024-09-04,Highlander,45232.34,3.81,Completed
821721,10,2024-09-15,RAV4,36569.7,4.88,Completed
821722,17,2024-09-09,Tacoma,31091.9,4.51,Completed
821723,11,2024-09-18,Camry,27111.49,4.16,Completed
821724,16,2024-09-13,RAV4,45035.09,6.06,Completed
821725,11,2024-09-07,Corolla,22869.7,4.16,Completed
821726,7,2024-09-24,Tacoma,42768.2,5.39,Completed
821727,3,2024-09-01,Highlander,65280.9,5.69,Completed
821728,17,2024-09-26,Sienna,34882.36,4.51,Completed
821729,2,2024-09-22,Prius,24314.48,4.0,Completed
821730,3,2024-09-05,Tacoma,41723.82,5.69,Completed
821731,10,2024-09-29,RAV4,34223.92,4.88,Completed
821732,15,2024-09-05,Corolla,26604.85,4.86,Completed
821733,19,2024-09-24,Sienna,41960.87,5.48,Completed
821734,19,2024-09-11,RAV4,36779.5,5.48,Completed
821735,14,2024-09-20,Highlander,63004.96,5.1,Pending
821736,16,2024-09-11,Tacoma,40609.21,6.06,Completed
821737,10,2024-09-12,Tundra,35826.07,4.88,Pending
821738,16,2024-09-23,RAV4,50646.58,6.06,Completed
821739,20,2024-09-23,Highlander,70612.31,5.77,Completed
821740,7,2024-09-24,Prius,35183.04,5.39,Completed
821741,7,2024-09-07,Prius,31476.87,5.39,Completed
821742,6,2024-09-02,Tundra,34050.18,3.86,Completed
821743,3,2024-09-24,Corolla,29393.21,5.69,Completed
821744,11,2024-09-12,RAV4,33385.14,4.16,Completed
821745,14,2024-09-24,RAV4,39955.29,5.1,Completed
821746,12,2024-09-16,Highlander,63504.43,5.65,Completed
821747,16,2024-09-10,Corolla,30902.35,6.06,Completed
821748,19,2024-09-17,Sienna,47740.41,5.48,Completed
821749,5,2024-09-22,Highlander,57032.77,5.34,Completed
821750,5,2024-09-24,Corolla,23407.06,5.34,Completed
821751,11,2024-09-22,RAV4,30799.76,4.16,Completed
821752,20,2024-09-06,Sienna,49925.09,5.77,Pending
821753,11,2024-09-12,Tundra,37675.0,4.16,Completed
821754,6,2024-09-25,Camry,28391.8,3.86,Completed
821755,3,2024-09-16,Sienna,47208.57,5.69,Completed
821756,7,2024-09-08,RAV4,47391.98,5.39,Completed
821757,17,2024-09-18,Prius,25229.38,4.51,Completed
821758,4,2024-09-14,Highlander,44905.94,3.81,Completed
821759,20,2024-09-24,Camry,39811.96,5.77,Completed
821760,10,2024-09-09,Corolla,22780.57,4.88,Completed
821761,7,2024-09-01,Tacoma,40094.83,5.39,Completed
821762,16,2024-09-29,RAV4,45523.97,6.06,Completed
821763,8,2024-09-07,Prius,30757.5,5.84,Completed
821764,8,2024-09-08,Sienna,53025.19,5.84,Completed
821765,11,2024-09-25,Camry,27004.72,4.16,Completed
821766,2,2024-09-11,Camry,31127.64,4.0,Completed
821767,11,2024-09-11,Tundra,38682.56,4.16,Completed
821768,11,2024-09-28,Tacoma,32441.93,4.16,Completed
821769,10,2024-09-06,Sienna,38940.32,4.88,Completed
821770,6,2024-09-24,Prius,22240.32,3.86,Completed
821771,18,2024-09-03,Corolla,32654.36,5.68,Completed
821772,2,2024-09-29,Highlander,47483.03,4.0,Completed
821773,15,2024-09-30,Highlander,61193.67,4.86,Completed
821774,11,2024-09-13,Highlander,49279.62,4.16,Completed
821775,3,2024-09-30,Corolla,31115.46,5.69,Completed
821776,7,2024-09-15,Tundra,49088.64,5.39,Completed
821777,8,2024-09-20,Tundra,53566.97,5.84,Completed
821778,5,2024-09-01,Highlander,56679.54,5.34,Completed
821779,3,2024-09-27,RAV4,51579.89,5.69,Completed
821780,6,2024-09-20,Camry,30175.88,3.86,Completed
821781,12,2024-09-08,Prius,30596.57,5.65,Completed
821782,1,2024-09-02,RAV4,38839.84,5.24,Completed
821783,9,2024-09-21,RAV4,31548.42,4.4,Completed
821784,9,2024-09-27,Highlander,48681.43,4.4,Completed
821785,1,2024-09-30,Tundra,41071.74,5.24,Completed
821786,12,2024-09-14,Camry,41517.34,5.65,Completed
821787,6,2024-09-08,Corolla,20951.76,3.86,Completed
821788,2,2024-09-19,Corolla,22527.93,4.0,Completed
821789,11,2024-09-05,RAV4,30926.74,4.16,Completed
821790,12,2024-09-11,Camry,40331.94,5.65,Completed
821791,8,2024-09-21,Tundra,46437.23,5.84,Completed
821792,2,2024-09-07,RAV4,33106.48,4.0,Completed
821793,4,2024-09-26,Corolla,18550.06,3.81,Completed
821794,14,2024-09-02,Camry,35078.97,5.1,Completed
821795,8,2024-09-10,Sienna,54544.18,5.84,Completed
821796,1,2024-09-07,Camry,33900.94,5.24,Completed
821797,8,2024-09-11,Prius,30283.23,5.84,Completed
821798,12,2024-09-07,Tundra,51503.1,5.65,Completed
821799,17,2024-09-10,Camry,29053.44,4.51,Completed
821800,15,2024-09-27,Tundra,50977.94,4.86,Pending
821801,4,2024-09-13,Prius,22125.84,3.81,Completed
821802,12,2024-09-04,Tacoma,45351.66,5.65,Completed
821803,11,2024-09-20,Tundra,36770.9,4.16,Completed
821804,17,2024-09-22,Sienna,33168.65,4.51,Completed
821805,2,2024-09-09,Prius,26454.5,4.0,Completed
821806,5,2024-09-07,Tacoma,34783.23,5.34,Completed
821807,18,2024-09-13,Camry,38677.16,5.68,Completed
821808,15,2024-09-06,Highlander,69328.25,4.86,Completed
821809,4,2024-09-10,Camry,27457.45,3.81,Completed
821810,5,2024-09-07,Camry,30368.59,5.34,Completed
821811,7,2024-09-19,Tundra,56012.28,5.39,Completed
821812,20,2024-09-20,Highlander,64589.96,5.77,Completed
821813,15,2024-09-06,Tundra,54173.6,4.86,Completed
821814,8,2024-09-04,Corolla,29763.15,5.84,Completed
821815,13,2024-09-22,Tacoma,44327.14,5.61,Completed
821816,7,2024-09-23,Tacoma,44376.05,5.39,Completed
821817,7,2024-09-04,Sienna,51674.35,5.39,Completed
821818,16,2024-09-23,Tundra,52356.37,6.06,Completed
821819,19,2024-09-22,Tundra,40463.29,5.48,Completed
821820,4,2024-09-30,Highlander,44359.85,3.81,Completed
821821,15,2024-09-03,Camry,39024.57,4.86,Completed
821822,3,2024-09-01,Camry,37605.09,5.69,Completed
821823,5,2024-09-18,Corolla,23511.61,5.34,Completed
821824,12,2024-09-07,Camry,36347.29,5.65,Completed
821825,9,2024-09-04,Tundra,38634.61,4.4,Completed
821826,11,2024-09-07,Prius,25531.12,4.16,Completed
821827,16,2024-09-20,Tundra,52261.48,6.06,Completed
821828,12,2024-09-27,Camry,38505.42,5.65,Completed
821829,2,2024-09-20,Tundra,41183.8,4.0,Completed
821830,4,2024-09-29,Sienna,32776.88,3.81,Completed
821831,17,2024-09-07,Sienna,38654.96,4.51,Completed
821832,7,2024-09-30,RAV4,50524.64,5.39,Completed
821833,6,2024-09-10,Corolla,19525.69,3.86,Completed
821834,18,2024-09-01,Tundra,50571.57,5.68,Completed
821835,11,2024-09-10,RAV4,31648.17,4.16,Completed
821836,1,2024-09-04,Tacoma,38213.18,5.24,Completed
821837,9,2024-09-01,Sienna,37136.7,4.4,Completed
821838,3,2024-09-03,RAV4,52216.2,5.69,Completed
821839,13,2024-09-30,RAV4,51768.23,5.61,Completed
821840,12,2024-09-09,RAV4,44289.64,5.65,Completed
821841,16,2024-09-01,Tundra,56121.6,6.06,Completed
821842,14,2024-09-03,Highlander,66786.61,5.1,Completed
821843,12,2024-09-27,RAV4,41088.74,5.65,Completed
821844,16,2024-09-08,Tacoma,47138.97,6.06,Completed
821845,15,2024-09-17,Highlander,66876.47,4.86,Completed
821846,4,2024-09-17,Sienna,33755.6,3.81,Completed
821847,1,2024-09-11,Camry,34062.1,5.24,Completed
821848,11,2024-09-28,Sienna,36074.11,4.16,Completed
821849,2,2024-09-01,Tundra,36883.41,4.0,Completed
821850,19,2024-09-22,Camry,35081.41,5.48,Completed
821851,16,2024-09-01,Tacoma,43845.77,6.06,Cancelled
821852,12,2024-09-17,Camry,40700.45,5.65,Completed
821853,14,2024-09-15,Corolla,25312.94,5.1,Completed
821854,10,2024-09-11,Sienna,34504.59,4.88,Completed
821855,15,2024-09-26,Prius,30128.78,4.86,Completed
821856,17,2024-09-16,Prius,25171.2,4.51,Completed
821857,13,2024-09-26,RAV4,46782.12,5.61,Completed
821858,20,2024-09-05,Tacoma,40882.04,5.77,Completed
821859,10,2024-09-02,Sienna,34016.4,4.88,Completed
821860,4,2024-09-28,Tundra,34308.25,3.81,Completed
821861,19,2024-09-23,Tacoma,39709.32,5.48,Completed
821862,2,2024-09-21,Corolla,20220.55,4.0,Completed
821863,10,2024-09-27,Camry,29334.38,4.88,Completed
821864,7,2024-09-19,Highlander,60993.22,5.39,Completed
821865,17,2024-09-23,Tacoma,30284.99,4.51,Completed
821866,15,2024-09-24,Prius,29207.1,4.86,Completed
821867,5,2024-09-27,Highlander,51417.73,5.34,Completed
821868,5,2024-09-06,Tacoma,33556.7,5.34,Completed
821869,12,2024-09-04,Camry,38661.26,5.65,Completed
821870,4,2024-09-17,Tacoma,31376.26,3.81,Completed
821871,2,2024-09-26,Tacoma,32198.55,4.0,Completed
821872,4,2024-09-03,Highlander,45213.33,3.81,Completed
821873,6,2024-09-23,Tundra,34520.37,3.86,Completed
821874,17,2024-09-11,Highlander,43721.23,4.51,Pending
821875,17,2024-09-12,Sienna,37425.1,4.51,Completed
821876,3,2024-09-20,Corolla,31474.06,5.69,Completed
821877,3,2024-09-24,Sienna,55129.22,5.69,Pending
821878,3,2024-09-28,Highlander,61618.69,5.69,Completed
821879,16,2024-09-09,Tacoma,42388.12,6.06,Completed
821880,10,2024-09-12,Highlander,46386.65,4.88,Completed
821881,20,2024-09-16,Highlander,67446.07,5.77,Completed
821882,2,2024-09-26,Camry,32739.86,4.0,Completed
821883,8,2024-09-29,Corolla,29966.45,5.84,Completed
821884,1,2024-09-15,Tundra,43588.36,5.24,Completed
821885,20,2024-09-15,Corolla,27233.59,5.77,Completed
821886,2,2024-09-26,Prius,23420.41,4.0,Completed
821887,7,2024-09-13,Camry,38629.38,5.39,Completed
821888,12,2024-09-10,Tacoma,41293.43,5.65,Cancelled
821889,19,2024-09-19,Highlander,53826.49,5.48,Completed
821890,16,2024-09-07,Sienna,48649.19,6.06,Completed
821891,1,2024-09-10,Camry,32186.77,5.24,Completed
821892,7,2024-09-12,Sienna,55066.81,5.39,Completed
821893,18,2024-09-24,Highlander,71608.13,5.68,Completed
821894,9,2024-09-24,Corolla,20632.17,4.4,Completed
821895,11,2024-09-29,Tacoma,30441.36,4.16,Completed
821896,20,2024-09-18,Prius,32196.03,5.77,Completed
821897,14,2024-09-29,Prius,28534.32,5.1,Completed
821898,10,2024-09-04,Prius,24506.67,4.88,Completed
821899,10,2024-09-27,Sienna,37297.3,4.88,Completed
821900,1,2024-09-05,Highlander,54166.17,5.24,Completed
821901,9,2024-09-19,Highlander,44346.33,4.4,Completed
821902,7,2024-09-17,Camry,38882.21,5.39,Completed
821903,5,2024-09-05,Prius,28405.27,5.34,Completed
821904,20,2024-09-30,Highlander,67211.47,5.77,Completed
821905,7,2024-09-04,RAV4,47342.74,5.39,Completed
821906,10,2024-09-21,Tacoma,30157.93,4.88,Completed
821907,15,2024-09-19,Highlander,65959.59,4.86,Completed
821908,18,2024-09-22,Tacoma,43548.79,5.68,Completed
821909,14,2024-09-10,Tundra,51375.77,5.1,Completed
821910,11,2024-09-14,Sienna,33504.04,4.16,Completed
821911,11,2024-09-17,Tacoma,32740.05,4.16,Completed
821912,17,2024-09-03,Sienna,38383.41,4.51,Completed
821913,19,2024-09-08,Highlander,50764.35,5.48,Completed
821914,3,2024-09-09,Tundra,55845.34,5.69,Completed
821915,19,2024-09-05,RAV4,42927.04,5.48,Completed
821916,16,2024-09-06,Tundra,54108.59,6.06,Completed
821917,20,2024-09-13,Highlander,66833.3,5.77,Completed
821918,20,2024-09-06,Tundra,51059.84,5.77,Completed
821919,7,2024-09-08,Camry,36159.18,5.39,Completed
821920,20,2024-09-12,Highlander,65417.25,5.77,Completed
821921,14,2024-09-30,Prius,30862.38,5.1,Completed
821922,5,2024-09-11,Prius,29703.44,5.34,Completed
821923,10,2024-09-02,Corolla,19396.86,4.88,Completed
821924,13,2024-09-19,Tundra,54654.73,5.61,Completed
821925,18,2024-09-21,Camry,42584.24,5.68,Completed
821926,11,2024-09-20,Tacoma,30288.25,4.16,Completed
821927,18,2024-09-22,RAV4,48393.64,5.68,Completed
821928,4,2024-09-26,Tundra,34468.82,3.81,Completed
821929,11,2024-09-05,Highlander,50390.59,4.16,Completed
821930,12,2024-09-09,Corolla,27055.37,5.65,Pending
821931,11,2024-09-05,Tundra,38474.15,4.16,Completed
821932,8,2024-09-26,Camry,36168.61,5.84,Completed
821933,13,2024-09-20,RAV4,46245.15,5.61,Completed
821934,2,2024-09-28,Tacoma,33318.35,4.0,Completed
821935,18,2024-09-08,Tacoma,45564.18,5.68,Completed
821936,8,2024-09-02,Sienna,47036.75,5.84,Completed
821937,19,2024-09-02,Highlander,52278.41,5.48,Completed
821938,19,2024-09-26,Highlander,57797.26,5.48,Completed
821939,4,2024-09-17,Highlander,43516.19,3.81,Completed
821940,5,2024-09-08,Camry,36115.81,5.34,Completed
821941,11,2024-09-01,Tacoma,32695.48,4.16,Completed
821942,12,2024-09-26,RAV4,42273.2,5.65,Completed
821943,5,2024-09-19,Corolla,26507.93,5.34,Completed
821944,4,2024-09-03,Tundra,34430.38,3.81,Completed
821945,3,2024-09-08,Camry,43529.11,5.69,Completed
821946,6,2024-09-02,Camry,26820.37,3.86,Completed
821947,15,2024-09-19,Tundra,53183.35,4.86,Completed
821948,17,2024-09-08,Tacoma,29658.31,4.51,Completed
821949,12,2024-09-16,Tundra,50366.98,5.65,Completed
821950,9,2024-09-11,Highlander,45204.98,4.4,Completed
821951,13,2024-09-05,Sienna,51709.25,5.61,Completed
821952,6,2024-09-11,Camry,28355.61,3.86,Completed
821953,14,2024-09-03,Corolla,29272.32,5.1,Completed
821954,20,2024-09-26,Corolla,31620.14,5.77,Completed
821955,18,2024-09-21,Highlander,64631.57,5.68,Completed
821956,2,2024-09-14,Corolla,23233.27,4.0,Completed
821957,2,2024-09-05,Camry,32754.33,4.0,Completed
821958,5,2024-09-22,Sienna,41566.08,5.34,Completed
821959,15,2024-09-19,Prius,34593.52,4.86,Completed
821960,7,2024-09-20,Sienna,54044.6,5.39,Completed
821961,1,2024-09-12,Camry,35652.71,5.24,Completed
821962,12,2024-09-22,Tundra,53750.05,5.65,Completed
821963,11,2024-09-01,Camry,27041.71,4.16,Completed
821964,13,2024-09-24,Tundra,53709.09,5.61,Completed
821965,10,2024-09-21,Prius,26487.56,4.88,Completed
821966,17,2024-09-24,Corolla,18535.87,4.51,Completed
821967,18,2024-09-06,Camry,45779.07,5.68,Completed
821968,2,2024-09-26,Sienna,34931.53,4.0,Completed
821969,2,2024-09-04,Corolla,20773.85,4.0,Completed
821970,5,2024-09-18,Corolla,25250.49,5.34,Completed
821971,19,2024-09-20,Camry,36489.29,5.48,Completed
821972,7,2024-09-25,Highlander,61783.0,5.39,Completed
821973,17,2024-09-23,Tundra,34927.49,4.51,Completed
821974,10,2024-09-21,Camry,28031.06,4.88,Completed
821975,8,2024-09-15,Camry,37272.65,5.84,Completed
821976,4,2024-09-10,Tundra,34029.51,3.81,Completed
821977,18,2024-09-21,Camry,39261.37,5.68,Completed
821978,8,2024-09-11,Tacoma,43283.92,5.84,Completed
821979,8,2024-09-17,Highlander,70025.89,5.84,Completed
821980,13,2024-09-28,Prius,34777.86,5.61,Completed
821981,16,2024-09-29,Highlander,61656.36,6.06,Completed
821982,17,2024-09-01,Tundra,35824.49,4.51,Completed
821983,11,2024-09-18,RAV4,31743.25,4.16,Completed
821984,7,2024-09-09,Camry,41320.63,5.39,Completed
821985,20,2024-09-15,Tacoma,39924.66,5.77,Completed
821986,16,2024-09-23,Tacoma,47436.96,6.06,Completed
821987,10,2024-09-27,Tacoma,31014.84,4.88,Completed
821988,1,2024-09-18,Corolla,26214.73,5.24,Completed
821989,1,2024-09-24,Highlander,52018.79,5.24,Completed
821990,4,2024-09-01,Tundra,36002.22,3.81,Completed
821991,18,2024-09-05,Prius,35295.18,5.68,Completed
821992,18,2024-09-11,Camry,40353.82,5.68,Completed
821993,11,2024-09-13,Corolla,21202.12,4.16,Completed
821994,1,2024-09-25,Sienna,43796.89,5.24,Completed
821995,10,2024-09-01,Highlander,44104.58,4.88,Completed
821996,6,2024-09-23,Corolla,19920.47,3.86,Completed
821997,12,2024-09-20,Camry,35470.05,5.65,Completed
821998,7,2024-09-16,Sienna,46646.79,5.39,Completed
821999,10,2024-09-14,Tundra,37887.9,4.88,Completed
822000,20,2024-09-15,RAV4,49192.69,5.77,Completed
822001,19,2024-09-11,Sienna,41428.72,5.48,Completed
822002,11,2024-09-03,Tundra,39801.32,4.16,Completed
822003,8,2024-09-10,Prius,31075.66,5.84,Completed
822004,2,2024-09-26,Tundra,36388.9,4.0,Completed
822005,20,2024-09-19,Tundra,47949.9,5.77,Completed
822006,5,2024-09-24,Highlander,59274.32,5.34,Completed
822007,1,2024-09-01,Highlander,54600.5,5.24,Completed
822008,8,2024-09-15,Tundra,48397.64,5.84,Completed
822009,14,2024-09-06,Tundra,48450.98,5.1,Completed
822010,19,2024-09-24,Corolla,25012.6,5.48,Completed
822011,11,2024-09-27,Prius,21754.04,4.16,Completed
822012,3,2024-09-24,Highlander,66109.64,5.69,Completed
822013,13,2024-09-29,Corolla,31496.15,5.61,Completed
822014,10,2024-09-05,Sienna,35743.94,4.88,Completed
822015,18,2024-09-04,Camry,46392.83,5.68,Completed
822016,1,2024-09-16,RAV4,40345.33,5.24,Pending
822017,16,2024-09-24,Highlander,70968.01,6.06,Completed
822018,15,2024-09-26,RAV4,43620.2,4.86,Completed
822019,14,2024-09-14,Tacoma,38905.37,5.1,Completed
822020,7,2024-09-10,Sienna,51799.96,5.39,Completed
822021,1,2024-09-11,Tacoma,32567.24,5.24,Completed
822022,11,2024-09-22,Highlander,45837.03,4.16,Completed
822023,18,2024-09-11,RAV4,45652.09,5.68,Completed
822024,9,2024-09-06,Tacoma,28523.95,4.4,Completed
822025,2,2024-09-15,Sienna,35507.55,4.0,Completed
822026,11,2024-09-18,Tundra,35870.39,4.16,Completed
822027,16,2024-09-19,Tacoma,41949.02,6.06,Pending
822028,11,2024-09-23,Corolla,23005.2,4.16,Completed
822029,7,2024-09-03,RAV4,43698.9,5.39,Completed
822030,15,2024-09-06,Camry,37215.29,4.86,Completed
822031,3,2024-09-06,Tundra,52715.96,5.69,Completed
822032,14,2024-09-02,Corolla,25833.43,5.1,Completed
822033,10,2024-09-09,Sienna,38107.4,4.88,Completed
822034,1,2024-09-15,Corolla,22678.68,5.24,Completed
822035,14,2024-09-08,Highlander,65657.06,5.1,Completed
822036,18,2024-09-18,Prius,37681.98,5.68,Completed
822037,19,2024-09-26,Corolla,23854.69,5.48,Completed
822038,12,2024-09-07,Tacoma,41033.73,5.65,Completed
822039,15,2024-09-11,Tacoma,43505.58,4.86,Completed
822040,19,2024-09-05,Tacoma,35567.95,5.48,Completed
822041,17,2024-09-05,Prius,21793.34,4.51,Completed
822042,20,2024-09-10,Sienna,47287.54,5.77,Completed
822043,8,2024-09-15,RAV4,42987.84,5.84,Completed
822044,8,2024-09-19,Prius,31406.46,5.84,Completed
822045,15,2024-09-11,Tundra,50701.01,4.86,Completed
822046,13,2024-09-05,Prius,32446.08,5.61,Completed
822047,6,2024-09-02,Tundra,33889.45,3.86,Completed
822048,1,2024-09-24,Tacoma,35001.37,5.24,Completed
822049,5,2024-09-01,Sienna,41662.71,5.34,Completed
822050,13,2024-09-02,Sienna,51260.32,5.61,Completed
822051,18,2024-09-30,Tundra,48927.94,5.68,Completed
822052,15,2024-09-10,RAV4,47074.8,4.86,Completed
822053,12,2024-09-08,Highlander,66306.66,5.65,Completed
822054,11,2024-09-10,Tundra,39001.85,4.16,Completed
822055,13,2024-09-28,Tacoma,48489.29,5.61,Completed
822056,14,2024-09-10,Sienna,46842.97,5.1,Completed
822057,1,2024-09-20,Sienna,40542.37,5.24,Pending
822058,17,2024-09-03,Sienna,34138.49,4.51,Completed
822059,12,2024-09-05,Camry,37588.47,5.65,Completed
822060,16,2024-09-06,Camry,41414.94,6.06,Completed
822061,17,2024-09-21,Camry,28023.43,4.51,Completed
822062,15,2024-09-01,Highlander,64250.31,4.86,Completed
822063,4,2024-09-04,Highlander,44035.79,3.81,Completed
822064,1,2024-09-20,Corolla,24065.41,5.24,Completed
822065,16,2024-09-15,Tundra,56460.3,6.06,Completed
822066,6,2024-09-25,Camry,26722.47,3.86,Completed
822067,7,2024-09-17,Tundra,49308.94,5.39,Completed
822068,9,2024-09-22,Tacoma,29477.19,4.4,Completed
822069,15,2024-09-02,Prius,33056.4,4.86,Completed
822070,18,2024-09-29,Corolla,28492.77,5.68,Cancelled
822071,17,2024-09-11,Tacoma,32354.38,4.51,Completed
822072,14,2024-09-15,Highlander,64558.83,5.1,Completed
822073,3,2024-09-18,Sienna,50655.44,5.69,Completed
822074,13,2024-09-14,Highlander,73202.2,5.61,Completed
822075,8,2024-09-27,Sienna,47959.56,5.84,Completed
822076,1,2024-09-01,Corolla,21664.35,5.24,Completed
822077,13,2024-09-20,Highlander,69711.15,5.61,Completed
822078,16,2024-09-01,Camry,38166.27,6.06,Completed
822079,20,2024-09-18,Tundra,48111.43,5.77,Completed
822080,4,2024-09-27,Tundra,37307.97,3.81,Completed
822081,1,2024-09-20,Camry,32158.37,5.24,Completed
822082,19,2024-09-22,Corolla,25793.87,5.48,Completed
822083,8,2024-09-02,Camry,37890.69,5.84,Completed
822084,9,2024-09-20,Tundra,37439.76,4.4,Completed
822085,3,2024-09-17,Prius,33398.56,5.69,Completed
822086,20,2024-09-26,RAV4,47519.95,5.77,Completed
822087,16,2024-09-29,Corolla,30815.59,6.06,Completed
822088,10,2024-09-25,Sienna,34599.34,4.88,Completed
822089,1,2024-09-19,Camry,36029.55,5.24,Completed
822090,11,2024-09-29,Corolla,21694.7,4.16,Completed
822091,1,2024-09-19,Tacoma,34316.7,5.24,Completed
822092,9,2024-09-14,RAV4,32102.64,4.4,Completed
822093,4,2024-09-24,Corolla,18713.56,3.81,Completed
822094,5,2024-09-09,Camry,31476.76,5.34,Completed
822095,10,2024-09-20,Tundra,34633.99,4.88,Completed
822096,12,2024-09-19,Tundra,54260.08,5.65,Completed
822097,9,2024-09-02,Corolla,19354.3,4.4,Completed
822098,6,2024-09-14,Prius,22060.09,3.86,Completed
822099,20,2024-09-07,RAV4,43185.42,5.77,Completed
822100,1,2024-09-20,Corolla,25438.31,5.24,Completed
822101,16,2024-09-13,Prius,35223.22,6.06,Completed
822102,9,2024-09-15,RAV4,32166.52,4.4,Completed
822103,4,2024-09-25,Tundra,35213.77,3.81,Completed
822104,16,2024-09-19,Camry,41093.65,6.06,Completed
822105,7,2024-09-26,Camry,38870.84,5.39,Completed
822106,15,2024-09-18,Highlander,62450.25,4.86,Completed
822107,4,2024-09-20,Corolla,19508.1,3.81,Completed
822108,12,2024-09-26,Camry,38867.92,5.65,Completed
822109,7,2024-09-06,Camry,41885.09,5.39,Completed
822110,10,2024-09-13,Sienna,35614.59,4.88,Completed
822111,1,2024-09-27,Highlander,58663.84,5.24,Completed
822112,9,2024-09-22,Sienna,38211.88,4.4,Completed
822113,15,2024-09-04,Tundra,47706.25,4.86,Completed
822114,20,2024-09-27,Prius,29731.4,5.77,Completed
822115,12,2024-09-21,Camry,36464.39,5.65,Completed
822116,19,2024-09-10,Corolla,25279.55,5.48,Completed
822117,17,2024-09-24,Camry,26997.49,4.51,Completed
822118,4,2024-09-10,Camry,25312.87,3.81,Completed
822119,6,2024-09-12,Highlander,42434.62,3.86,Completed
822120,6,2024-09-01,Corolla,19066.53,3.86,Completed
822121,16,2024-09-14,Tundra,54722.8,6.06,Completed
822122,3,2024-09-04,Prius,31364.46,5.69,Completed
822123,18,2024-09-16,Corolla,31649.15,5.68,Completed
822124,9,2024-09-24,Tacoma,30520.69,4.4,Completed
822125,19,2024-09-24,Sienna,43338.16,5.48,Completed
822126,2,2024-09-30,Tundra,38408.5,4.0,Cancelled
822127,3,2024-09-12,RAV4,48785.6,5.69,Completed
822128,13,2024-09-05,Highlander,66279.54,5.61,Completed
822129,18,2024-09-15,Sienna,48830.37,5.68,Completed
822130,14,2024-09-21,Camry,38546.46,5.1,Completed
822131,5,2024-09-25,Corolla,24828.53,5.34,Completed
822132,18,2024-09-18,Highlander,63996.85,5.68,Completed
822133,16,2024-09-25,RAV4,45246.45,6.06,Completed
822134,18,2024-09-21,Corolla,32935.48,5.68,Completed
822135,16,2024-09-22,Camry,43418.09,6.06,Cancelled
822136,20,2024-09-23,Corolla,26404.89,5.77,Completed
822137,4,2024-09-24,RAV4,31851.99,3.81,Completed
822138,6,2024-09-26,Tundra,38795.89,3.86,Completed
822139,5,2024-09-16,Tacoma,38127.65,5.34,Completed
822140,16,2024-09-23,Sienna,53417.73,6.06,Completed
822141,6,2024-09-04,Camry,25640.86,3.86,Completed
822142,11,2024-09-11,Tacoma,32698.1,4.16,Completed
822143,13,2024-09-03,RAV4,48387.79,5.61,Completed
822144,1,2024-09-02,Prius,29066.22,5.24,Completed
822145,5,2024-09-25,RAV4,36074.21,5.34,Completed
822146,11,2024-09-22,Prius,21851.27,4.16,Completed
822147,14,2024-09-25,Highlander,58762.21,5.1,Completed
822148,19,2024-09-24,Corolla,26473.94,5.48,Completed
822149,1,2024-09-17,Highlander,51095.75,5.24,Completed
822150,9,2024-09-13,Camry,28404.81,4.4,Completed
822151,12,2024-09-09,Camry,37249.03,5.65,Completed
822152,11,2024-09-24,Camry,30829.42,4.16,Completed
822153,10,2024-09-28,Highlander,45778.54,4.88,Completed
822154,12,2024-09-07,Camry,37192.89,5.65,Completed
822155,1,2024-09-03,Camry,30634.31,5.24,Completed
822156,11,2024-09-26,Corolla,21104.6,4.16,Completed
822157,1,2024-09-25,Corolla,21675.49,5.24,Completed
822158,2,2024-09-05,Highlander,47797.76,4.0,Pending
822159,19,2024-09-13,Highlander,60232.27,5.48,Completed
822160,16,2024-09-22,Tundra,55290.04,6.06,Completed
822161,4,2024-09-28,Camry,27745.57,3.81,Completed
822162,3,2024-09-05,Camry,43216.12,5.69,Completed
822163,20,2024-09-03,Camry,36585.53,5.77,Completed
822164,16,2024-09-06,Highlander,59197.49,6.06,Completed
822165,18,2024-09-15,Tundra,56080.99,5.68,Pending
822166,20,2024-09-08,RAV4,50577.96,5.77,Completed
822167,3,2024-09-20,Sienna,49766.03,5.69,Completed
822168,3,2024-09-16,Sienna,57222.09,5.69,Completed
822169,12,2024-09-05,RAV4,41593.05,5.65,Completed
822170,4,2024-09-20,Sienna,35666.59,3.81,Completed
822171,11,2024-09-30,RAV4,31934.42,4.16,Completed
822172,10,2024-09-26,Prius,25805.87,4.88,Completed
822173,14,2024-09-01,Tundra,49417.6,5.1,Completed
822174,1,2024-09-03,Tacoma,35637.87,5.24,Completed
822175,18,2024-09-06,Prius,35205.77,5.68,Completed
822176,10,2024-09-06,Corolla,21455.49,4.88,Completed
822177,9,2024-09-13,Sienna,37342.6,4.4,Completed
822178,15,2024-09-08,Highlander,65700.9,4.86,Completed
822179,19,2024-09-25,Corolla,23782.55,5.48,Completed
822180,3,2024-09-17,Prius,34805.06,5.69,Completed
822181,10,2024-09-04,Highlander,43507.64,4.88,Completed
822182,10,2024-09-09,Tundra,40918.69,4.88,Completed
822183,12,2024-09-29,Tundra,53966.1,5.65,Completed
822184,15,2024-09-04,Tundra,54149.33,4.86,Completed
822185,12,2024-09-06,Highlander,68106.15,5.65,Completed
822186,14,2024-09-21,Tundra,46820.5,5.1,Completed
822187,10,2024-09-13,Prius,24518.75,4.88,Completed
822188,12,2024-09-03,Tacoma,43688.79,5.65,Completed
822189,11,2024-09-30,Camry,29313.42,4.16,Completed
822190,6,2024-09-14,RAV4,30283.85,3.86,Completed
822191,17,2024-09-21,Corolla,19495.46,4.51,Completed
822192,16,2024-09-28,Prius,31285.85,6.06,Completed
822193,10,2024-09-03,Tundra,38375.31,4.88,Completed
822194,7,2024-09-16,Tacoma,42964.04,5.39,Completed
822195,5,2024-09-22,Corolla,24667.85,5.34,Completed
822196,4,2024-09-17,Highlander,44237.1,3.81,Completed
822197,19,2024-09-26,Highlander,51103.31,5.48,Completed
822198,16,2024-09-21,Tundra,55212.78,6.06,Completed
822199,15,2024-09-09,Corolla,28851.5,4.86,Completed
822200,3,2024-09-17,Prius,35299.26,5.69,Completed
822201,5,2024-09-26,Camry,31787.01,5.34,Completed
822202,2,2024-09-06,Sienna,35694.57,4.0,Completed
822203,2,2024-09-27,Camry,28124.48,4.0,Completed
822204,7,2024-09-23,Highlander,71292.75,5.39,Completed
822205,5,2024-09-27,Prius,28002.06,5.34,Completed
822206,1,2024-09-01,Tacoma,35718.5,5.24,Completed
822207,15,2024-09-04,Prius,30349.48,4.86,Completed
822208,11,2024-09-02,Tacoma,27933.78,4.16,Completed
822209,5,2024-09-05,Tacoma,36879.27,5.34,Completed
822210,11,2024-09-08,Highlander,47554.47,4.16,Completed
822211,6,2024-09-05,Tundra,34404.16,3.86,Completed
822212,18,2024-09-15,Corolla,32959.54,5.68,Completed
822213,13,2024-09-13,Highlander,72015.04,5.61,Completed
822214,6,2024-09-21,Tacoma,32307.27,3.86,Completed
822215,18,2024-09-28,Tacoma,41002.22,5.68,Completed
822216,6,2024-09-26,RAV4,34146.96,3.86,Completed
822217,6,2024-09-26,Highlander,44135.3,3.86,Completed
822218,15,2024-09-01,RAV4,41274.74,4.86,Completed
822219,4,2024-09-06,RAV4,31413.99,3.81,Completed
822220,19,2024-09-06,Prius,25646.21,5.48,Completed
822221,1,2024-09-14,RAV4,35035.51,5.24,Completed
822222,8,2024-09-08,Corolla,27544.81,5.84,Completed
822223,12,2024-09-11,RAV4,44460.14,5.65,Completed
822224,2,2024-09-02,RAV4,34009.75,4.0,Completed
822225,20,2024-09-04,Camry,37610.96,5.77,Completed
822226,20,2024-09-13,Camry,37406.05,5.77,Completed
822227,18,2024-09-24,Prius,36185.1,5.68,Completed
822228,7,2024-09-03,Camry,41868.16,5.39,Completed
822229,17,2024-09-14,Sienna,38465.54,4.51,Completed
822230,12,2024-09-20,Tacoma,44789.91,5.65,Completed
822231,16,2024-09-30,Highlander,65842.8,6.06,Completed
822232,7,2024-09-09,RAV4,42452.65,5.39,Completed
822233,20,2024-09-22,Tacoma,39475.2,5.77,Completed
822234,4,2024-09-14,Camry,28745.27,3.81,Completed
822235,19,2024-09-06,Highlander,55313.18,5.48,Completed
822236,17,2024-09-18,Camry,25170.68,4.51,Completed
822237,6,2024-09-26,RAV4,33368.9,3.86,Completed
822238,4,2024-09-29,Camry,29337.49,3.81,Completed
822239,12,2024-09-15,Highlander,68639.65,5.65,Completed
822240,20,2024-09-15,Highlander,68817.57,5.77,Completed
822241,11,2024-09-22,Tacoma,31436.77,4.16,Completed
822242,8,2024-09-02,Sienna,45177.11,5.84,Completed
822243,8,2024-09-30,Camry,42085.02,5.84,Completed
822244,9,2024-09-06,Camry,29749.49,4.4,Completed
822245,5,2024-09-17,Tundra,39506.96,5.34,Completed
822246,4,2024-09-19,Prius,20985.36,3.81,Completed
822247,18,2024-09-18,Camry,43562.39,5.68,Completed
822248,15,2024-09-24,Sienna,48153.39,4.86,Completed
822249,20,2024-09-01,Corolla,29873.77,5.77,Completed
822250,17,2024-09-09,Highlander,48596.19,4.51,Completed
822251,3,2024-09-03,Highlander,61543.07,5.69,Completed
822252,5,2024-09-07,Tundra,42179.74,5.34,Completed
822253,6,2024-09-23,Tacoma,32797.4,3.86,Completed
822254,20,2024-09-08,Corolla,31509.81,5.77,Completed
822255,8,2024-09-25,Corolla,28181.37,5.84,Completed
822256,11,2024-09-21,Tundra,33150.48,4.16,Completed
822257,5,2024-09-24,Tacoma,39165.2,5.34,Completed
822258,13,2024-09-16,Highlander,67732.95,5.61,Completed
822259,5,2024-09-11,Sienna,45123.7,5.34,Completed
822260,16,2024-09-01,Camry,36943.87,6.06,Completed
822261,4,2024-09-24,Prius,22221.3,3.81,Completed
822262,15,2024-09-12,Corolla,28313.14,4.86,Completed
822263,18,2024-09-04,Tacoma,48845.44,5.68,Completed
822264,5,2024-09-20,Prius,28242.31,5.34,Completed
822265,12,2024-09-02,Tundra,48695.48,5.65,Completed
822266,9,2024-09-12,Tundra,32849.12,4.4,Completed
822267,13,2024-09-10,Highlander,61595.83,5.61,Completed
822268,16,2024-09-05,Tundra,47343.28,6.06,Completed
822269,10,2024-09-19,Tacoma,34464.01,4.88,Completed
822270,14,2024-09-30,Tacoma,37413.26,5.1,Completed
822271,7,2024-09-15,Prius,32710.29,5.39,Completed
822272,17,2024-09-22,Camry,25045.51,4.51,Completed
822273,2,2024-09-16,Highlander,51963.85,4.0,Completed
822274,1,2024-09-29,Highlander,49053.92,5.24,Completed
822275,17,2024-09-24,Sienna,32684.03,4.51,Completed
822276,2,2024-09-09,Corolla,20216.28,4.0,Completed
822277,20,2024-09-20,Sienna,47741.8,5.77,Completed
822278,19,2024-09-21,Tundra,40814.93,5.48,Completed
822279,19,2024-09-09,Tacoma,34342.16,5.48,Completed
822280,6,2024-09-27,Sienna,35076.7,3.86,Pending
822281,3,2024-09-21,Sienna,49116.77,5.69,Completed
822282,15,2024-09-29,Tacoma,40545.0,4.86,Completed
822283,13,2024-09-30,Camry,43989.26,5.61,Completed
822284,11,2024-09-28,Prius,24339.92,4.16,Completed
822285,18,2024-09-18,Camry,41631.85,5.68,Completed
822286,19,2024-09-22,Tundra,46400.97,5.48,Completed
822287,15,2024-09-26,Tacoma,45662.15,4.86,Completed
822288,5,2024-09-04,Prius,26175.53,5.34,Completed
822289,2,2024-09-20,Camry,32617.95,4.0,Completed
822290,1,2024-09-29,Sienna,42162.9,5.24,Completed
822291,8,2024-09-08,Sienna,51857.89,5.84,Completed
822292,20,2024-09-17,Sienna,54513.95,5.77,Completed
822293,19,2024-09-23,RAV4,40580.45,5.48,Completed
822294,4,2024-09-10,Sienna,33514.64,3.81,Completed
822295,14,2024-09-29,Tundra,46887.54,5.1,Completed
822296,9,2024-09-21,Sienna,35338.96,4.4,Completed
822297,10,2024-09-17,Prius,23954.37,4.88,Completed
822298,12,2024-09-29,Tundra,45500.82,5.65,Completed
822299,4,2024-09-13,Corolla,18762.1,3.81,Completed
822300,1,2024-09-07,Camry,32740.67,5.24,Completed
822301,12,2024-09-30,Tacoma,40702.08,5.65,Completed
822302,14,2024-09-18,Corolla,26227.04,5.1,Completed
822303,18,2024-09-29,Corolla,32378.59,5.68,Completed
822304,9,2024-09-15,Sienna,35314.95,4.4,Completed
822305,10,2024-09-19,Tacoma,29589.4,4.88,Completed
822306,15,2024-09-05,Tacoma,45977.7,4.86,Completed
822307,13,2024-09-15,RAV4,45379.36,5.61,Completed
822308,8,2024-09-20,Corolla,28099.52,5.84,Completed
822309,16,2024-09-30,Tacoma,42872.35,6.06,Completed
822310,5,2024-09-06,Camry,34639.24,5.34,Completed
822311,12,2024-09-08,Highlander,60564.53,5.65,Completed
822312,19,2024-09-29,Camry,33008.55,5.48,Pending
822313,1,2024-09-18,Corolla,24563.25,5.24,Completed
822314,17,2024-09-25,Prius,23593.72,4.51,Pending
822315,6,2024-09-29,RAV4,34247.1,3.86,Completed
822316,8,2024-09-10,Tundra,54462.23,5.84,Completed
822317,2,2024-09-15,Tacoma,31630.11,4.0,Completed
822318,14,2024-09-07,Highlander,60545.74,5.1,Completed
822319,10,2024-09-12,Camry,31928.88,4.88,Completed
822320,16,2024-09-17,Prius,34573.17,6.06,Completed
822321,13,2024-09-19,Tacoma,45286.41,5.61,Completed
822322,1,2024-09-29,Camry,30027.37,5.24,Completed
822323,12,2024-09-04,Tundra,47659.14,5.65,Completed
822324,1,2024-09-12,Sienna,45865.91,5.24,Completed
822325,4,2024-09-14,Highlander,41977.94,3.81,Completed
822326,13,2024-09-04,Highlander,68013.87,5.61,Completed
822327,9,2024-09-28,Camry,28466.35,4.4,Completed
822328,2,2024-09-14,Corolla,23434.4,4.0,Completed
822329,10,2024-09-01,Tundra,39099.55,4.88,Completed
822330,6,2024-09-18,Tacoma,28750.97,3.86,Completed
822331,1,2024-09-10,Highlander,48312.8,5.24,Completed
822332,5,2024-09-03,Corolla,24591.79,5.34,Completed
822333,10,2024-09-03,Corolla,22923.91,4.88,Completed
822334,2,2024-09-17,Highlander,45086.34,4.0,Completed
822335,14,2024-09-10,Tacoma,38164.62,5.1,Completed
822336,11,2024-09-09,Camry,31065.31,4.16,Completed
822337,1,2024-09-22,Prius,25853.04,5.24,Completed
822338,9,2024-09-09,Camry,26510.15,4.4,Completed
822339,4,2024-09-27,Tacoma,30925.93,3.81,Completed
822340,10,2024-09-03,Highlander,51957.73,4.88,Pending
822341,9,2024-09-24,Tundra,38334.25,4.4,Completed
822342,20,2024-09-20,Highlander,70130.18,5.77,Completed
822343,8,2024-09-30,Sienna,52189.91,5.84,Completed
822344,8,2024-09-18,Sienna,52663.37,5.84,Completed
822345,14,2024-09-02,Prius,33812.12,5.1,Completed
822346,17,2024-09-09,RAV4,32718.12,4.51,Completed
822347,5,2024-09-18,Tacoma,37101.85,5.34,Pending
822348,9,2024-09-10,Highlander,50179.51,4.4,Completed
822349,6,2024-09-11,Sienna,34509.87,3.86,Completed
822350,16,2024-09-30,Sienna,50435.53,6.06,Completed
822351,1,2024-09-28,Tacoma,36012.19,5.24,Completed
822352,18,2024-09-18,Camry,41343.54,5.68,Completed
822353,14,2024-09-11,Highlander,60834.85,5.1,Completed
822354,17,2024-09-29,Sienna,37749.29,4.51,Completed
822355,8,2024-09-21,RAV4,46708.56,5.84,Completed
822356,14,2024-09-30,Camry,36418.07,5.1,Completed
822357,15,2024-09-04,Camry,39098.64,4.86,Completed
822358,13,2024-09-01,Camry,44663.33,5.61,Completed
822359,2,2024-09-06,Tacoma,35492.45,4.0,Completed
822360,15,2024-09-03,RAV4,49808.54,4.86,Completed
822361,12,2024-09-20,Camry,35059.12,5.65,Completed
822362,14,2024-09-03,Tundra,45885.91,5.1,Completed
822363,1,2024-09-25,Tundra,38737.43,5.24,Completed
822364,11,2024-09-16,RAV4,36103.72,4.16,Completed
822365,5,2024-09-24,Highlander,52262.71,5.34,Completed
822366,11,2024-09-09,Tundra,35749.22,4.16,Completed
822367,13,2024-09-26,Highlander,72535.88,5.61,Completed
822368,1,2024-09-14,Tacoma,32645.39,5.24,Completed
822369,5,2024-09-13,Tacoma,34713.32,5.34,Completed
822370,1,2024-09-24,Tundra,42765.51,5.24,Completed
822371,17,2024-09-25,Tundra,35749.94,4.51,Completed
822372,14,2024-09-05,Tacoma,44169.61,5.1,Completed
822373,2,2024-09-24,Highlander,47795.09,4.0,Completed
822374,19,2024-09-22,Corolla,25258.67,5.48,Completed
822375,5,2024-09-01,Corolla,24681.65,5.34,Completed
822376,17,2024-09-07,Corolla,21007.71,4.51,Completed
822377,8,2024-09-14,Corolla,31418.21,5.84,Completed
822378,19,2024-09-30,Sienna,45063.68,5.48,Completed
822379,6,2024-09-05,RAV4,30053.86,3.86,Completed
822380,10,2024-09-01,Camry,31857.42,4.88,Completed
822381,2,2024-09-22,Prius,24896.18,4.0,Completed
822382,11,2024-09-11,Sienna,37247.34,4.16,Completed
822383,18,2024-09-03,Camry,42983.36,5.68,Pending
822384,1,2024-09-01,Tundra,42763.95,5.24,Completed
822385,9,2024-09-15,Prius,21643.25,4.4,Completed
822386,2,2024-09-16,RAV4,34269.24,4.0,Completed
822387,12,2024-09-04,RAV4,46831.12,5.65,Completed
822388,1,2024-09-10,Highlander,51042.93,5.24,Cancelled
822389,16,2024-09-01,RAV4,44602.0,6.06,Completed
822390,3,2024-09-22,Prius,36717.09,5.69,Completed
822391,10,2024-09-14,Tundra,37779.59,4.88,Completed
822392,7,2024-09-16,Tundra,46075.6,5.39,Completed
822393,17,2024-09-15,Highlander,41292.26,4.51,Pending
822394,4,2024-09-16,RAV4,28662.39,3.81,Completed
822395,15,2024-09-08,Highlander,57759.99,4.86,Completed
822396,18,2024-09-04,Sienna,55265.48,5.68,Completed
822397,20,2024-09-04,Sienna,51906.51,5.77,Completed
822398,17,2024-09-25,Tundra,37252.13,4.51,Completed
822399,15,2024-09-11,Corolla,25907.32,4.86,Completed
822400,14,2024-09-16,RAV4,39785.78,5.1,Completed
822401,3,2024-09-15,RAV4,50192.99,5.69,Completed
822402,7,2024-09-26,Camry,40552.01,5.39,Completed
822403,9,2024-09-10,Corolla,19676.61,4.4,Completed
822404,7,2024-09-16,Camry,37434.34,5.39,Completed
822405,5,2024-09-13,RAV4,37677.13,5.34,Completed
822406,11,2024-09-23,Corolla,19031.48,4.16,Completed
822407,9,2024-09-24,Sienna,35541.24,4.4,Completed
822408,12,2024-09-26,Corolla,30093.12,5.65,Completed
822409,19,2024-09-06,Prius,30247.65,5.48,Completed
822410,9,2024-09-19,Highlander,49892.74,4.4,Completed
822411,3,2024-09-04,RAV4,44299.49,5.69,Pending
822412,15,2024-09-21,Tundra,50240.71,4.86,Completed
822413,4,2024-09-09,Highlander,40812.0,3.81,Completed
822414,13,2024-09-21,Corolla,31275.39,5.61,Completed
822415,6,2024-09-27,Sienna,34829.05,3.86,Completed
822416,20,2024-09-11,Tundra,45669.78,5.77,Completed
822417,1,2024-09-22,RAV4,37193.27,5.24,Completed
822418,3,2024-09-09,Prius,36634.1,5.69,Completed
822419,6,2024-09-07,Tacoma,30851.05,3.86,Completed
822420,13,2024-09-07,Corolla,27011.63,5.61,Completed
822421,18,2024-09-08,Highlander,72903.22,5.68,Completed
822422,20,2024-09-05,Sienna,50699.23,5.77,Completed
822423,2,2024-09-08,RAV4,36353.46,4.0,Completed
822424,6,2024-09-08,Tacoma,28737.48,3.86,Completed
822425,6,2024-09-17,Highlander,46697.48,3.86,Pending
822426,17,2024-09-26,Tacoma,31262.42,4.51,Completed
822427,11,2024-09-01,Prius,25808.05,4.16,Completed
822428,10,2024-09-16,Camry,30286.74,4.88,Completed
822429,1,2024-09-15,Tundra,41452.61,5.24,Completed
822430,8,2024-09-16,Prius,29692.63,5.84,Completed
822431,4,2024-09-07,RAV4,33499.55,3.81,Completed
822432,7,2024-09-23,Camry,38215.8,5.39,Completed
822433,9,2024-09-26,Prius,21782.71,4.4,Completed
822434,20,2024-09-14,Sienna,52718.97,5.77,Completed
822435,1,2024-09-24,Tacoma,33620.63,5.24,Completed
822436,8,2024-09-20,Sienna,53595.53,5.84,Completed
822437,10,2024-09-17,RAV4,37715.18,4.88,Pending
822438,7,2024-09-08,Sienna,53036.47,5.39,Completed
822439,6,2024-09-25,Camry,30208.53,3.86,Completed
822440,1,2024-09-25,Highlander,55252.24,5.24,Completed
822441,8,2024-09-09,Tundra,54975.61,5.84,Completed
822442,5,2024-09-23,Tacoma,34452.13,5.34,Completed
822443,16,2024-09-03,Highlander,59846.92,6.06,Completed
822444,12,2024-09-11,Sienna,49921.05,5.65,Completed
822445,9,2024-09-26,Highlander,47850.96,4.4,Completed
822446,8,2024-09-17,Corolla,26689.52,5.84,Completed
822447,5,2024-09-24,Highlander,57320.69,5.34,Completed
822448,6,2024-09-16,Camry,28089.79,3.86,Completed
822449,20,2024-09-18,Highlander,65194.08,5.77,Completed
822450,2,2024-09-22,Sienna,40382.73,4.0,Completed
822451,19,2024-09-18,Sienna,40312.02,5.48,Completed
822452,5,2024-09-30,Highlander,54089.29,5.34,Completed
822453,15,2024-09-15,RAV4,44881.07,4.86,Completed
822454,7,2024-09-06,Sienna,54608.54,5.39,Completed
822455,19,2024-09-16,Prius,30174.72,5.48,Completed
822456,3,2024-09-28,RAV4,49155.49,5.69,Completed
822457,9,2024-09-06,Camry,27762.95,4.4,Completed
822458,1,2024-09-21,Highlander,53471.87,5.24,Completed
822459,3,2024-09-15,Highlander,62602.17,5.69,Completed
822460,9,2024-09-10,Prius,25847.93,4.4,Completed
822461,2,2024-09-15,RAV4,35405.1,4.0,Completed
822462,18,2024-09-19,Camry,45562.65,5.68,Completed
822463,16,2024-09-17,Corolla,27657.4,6.06,Completed
822464,17,2024-09-17,Tundra,37178.27,4.51,Completed
822465,18,2024-09-29,Highlander,62088.05,5.68,Completed
822466,8,2024-09-11,Tacoma,39682.98,5.84,Completed
822467,4,2024-09-01,Sienna,33939.89,3.81,Completed
822468,18,2024-09-17,Highlander,66060.96,5.68,Completed
822469,5,2024-09-16,Corolla,23203.36,5.34,Completed
822470,17,2024-09-07,Prius,24047.3,4.51,Completed
822471,12,2024-09-30,Corolla,27816.53,5.65,Completed
822472,3,2024-09-17,Highlander,65463.77,5.69,Completed
822473,11,2024-09-11,Sienna,39423.44,4.16,Completed
822474,15,2024-09-23,Tacoma,41443.95,4.86,Completed
822475,2,2024-09-27,Tundra,36908.96,4.0,Completed
822476,18,2024-09-22,Prius,35443.39,5.68,Completed
822477,17,2024-09-10,Prius,20805.33,4.51,Completed
822478,19,2024-09-08,Sienna,40453.95,5.48,Completed
822479,11,2024-09-26,Tundra,34300.61,4.16,Completed
822480,1,2024-09-09,Highlander,49388.07,5.24,Completed
822481,11,2024-09-01,Corolla,20671.02,4.16,Completed
822482,14,2024-09-15,RAV4,41718.26,5.1,Completed
822483,3,2024-09-18,Sienna,47916.27,5.69,Completed
822484,13,2024-09-14,Prius,32161.45,5.61,Completed
822485,16,2024-09-17,RAV4,43643.55,6.06,Pending
822486,7,2024-09-20,Highlander,67799.2,5.39,Completed
822487,16,2024-09-08,Highlander,59589.97,6.06,Completed
822488,8,2024-09-16,Corolla,30546.41,5.84,Completed
822489,10,2024-09-18,RAV4,31362.92,4.88,Completed
822490,3,2024-09-01,Sienna,50649.33,5.69,Completed
822491,12,2024-09-20,Corolla,29161.05,5.65,Completed
822492,5,2024-09-14,Prius,30352.87,5.34,Completed
822493,4,2024-09-10,Highlander,47703.22,3.81,Completed
822494,15,2024-09-03,Highlander,64966.82,4.86,Completed
822495,14,2024-09-07,RAV4,43930.37,5.1,Pending
822496,13,2024-09-25,Camry,38756.32,5.61,Completed
822497,9,2024-09-27,Tacoma,27822.91,4.4,Completed
822498,4,2024-09-29,Corolla,21363.73,3.81,Completed
822499,4,2024-09-23,Prius,24173.9,3.81,Cancelled
822500,12,2024-09-28,RAV4,46386.43,5.65,Completed
822501,12,2024-09-13,Tacoma,40329.86,5.65,Completed
822502,12,2024-09-03,Sienna,48929.97,5.65,Completed
822503,19,2024-09-18,Tundra,47587.74,5.48,Completed
822504,13,2024-09-23,Corolla,27760.31,5.61,Completed
822505,13,2024-09-02,Highlander,71660.35,5.61,Completed
822506,1,2024-09-10,Tacoma,37235.34,5.24,Completed
822507,19,2024-09-11,RAV4,40831.95,5.48,Completed
822508,10,2024-09-02,Tacoma,34365.87,4.88,Completed
822509,5,2024-09-16,Corolla,25706.66,5.34,Completed
822510,2,2024-09-03,Prius,24104.49,4.0,Completed
822511,12,2024-09-04,RAV4,49337.85,5.65,Completed
822512,5,2024-09-21,Highlander,49044.53,5.34,Completed
822513,17,2024-09-24,Sienna,35455.42,4.51,Completed
822514,13,2024-09-19,Sienna,55190.44,5.61,Completed
822515,14,2024-09-18,RAV4,42852.5,5.1,Completed
822516,1,2024-09-03,Tundra,46119.45,5.24,Completed
822517,8,2024-09-03,Highlander,65466.27,5.84,Completed
822518,3,2024-09-22,Prius,35977.01,5.69,Completed
822519,9,2024-09-02,Corolla,20469.14,4.4,Completed
822520,20,2024-09-16,Prius,32321.85,5.77,Completed
822521,20,2024-09-16,Camry,42361.18,5.77,Completed
822522,7,2024-09-20,RAV4,48092.64,5.39,Completed
822523,3,2024-09-15,Camry,39721.88,5.69,Completed
822524,16,2024-09-05,Tundra,48312.6,6.06,Completed
822525,4,2024-09-20,Sienna,32001.08,3.81,Completed
822526,10,2024-09-11,Tacoma,32312.1,4.88,Completed
822527,20,2024-09-21,Highlander,65177.34,5.77,Completed
822528,17,2024-09-24,Camry,27902.18,4.51,Completed
822529,7,2024-09-02,Camry,37933.08,5.39,Completed
822530,11,2024-09-02,RAV4,36475.34,4.16,Completed
822531,16,2024-09-28,Camry,37576.51,6.06,Completed
822532,7,2024-09-08,Sienna,49500.84,5.39,Completed
822533,6,2024-09-12,Highlander,47145.94,3.86,Completed
822534,7,2024-09-19,Tundra,46228.93,5.39,Completed
822535,15,2024-09-09,RAV4,49624.43,4.86,Completed
822536,5,2024-09-23,Tacoma,33320.12,5.34,Completed
822537,5,2024-09-14,RAV4,40634.75,5.34,Completed
822538,5,2024-09-24,Prius,29316.62,5.34,Completed
822539,20,2024-09-17,Tundra,54010.71,5.77,Completed
822540,8,2024-09-09,RAV4,48796.49,5.84,Completed
822541,10,2024-09-29,Camry,31532.4,4.88,Completed
822542,9,2024-09-25,Sienna,35227.89,4.4,Completed
822543,4,2024-09-10,RAV4,31732.75,3.81,Completed
822544,20,2024-09-04,Sienna,47872.34,5.77,Completed
822545,17,2024-09-27,Tacoma,28669.28,4.51,Completed
822546,15,2024-09-14,Sienna,51722.78,4.86,Completed
822547,1,2024-09-13,Highlander,52457.48,5.24,Completed
822548,4,2024-09-28,Camry,25599.11,3.81,Completed
822549,10,2024-09-01,Camry,30450.64,4.88,Pending
822550,6,2024-09-09,Sienna,38789.61,3.86,Completed
822551,17,2024-09-05,Prius,22290.96,4.51,Completed
822552,1,2024-09-29,Tundra,40479.1,5.24,Completed
822553,15,2024-09-04,Highlander,60931.32,4.86,Completed
822554,1,2024-09-09,Highlander,53613.48,5.24,Completed
822555,10,2024-09-04,RAV4,34212.98,4.88,Completed
822556,6,2024-09-11,Camry,27186.96,3.86,Completed
822557,10,2024-09-24,Camry,31454.76,4.88,Completed
822558,17,2024-09-15,RAV4,30638.48,4.51,Completed
822559,1,2024-09-23,Sienna,38032.41,5.24,Completed
822560,11,2024-09-26,Tundra,39784.08,4.16,Completed
822561,6,2024-09-30,Tundra,34251.53,3.86,Completed
822562,16,2024-09-14,Prius,31145.57,6.06,Completed
822563,10,2024-09-02,Corolla,22553.92,4.88,Completed
822564,11,2024-09-05,RAV4,36523.89,4.16,Completed
822565,8,2024-09-04,Sienna,49752.11,5.84,Completed
822566,7,2024-09-22,RAV4,50209.02,5.39,Completed
822567,13,2024-09-07,Camry,39223.25,5.61,Completed
822568,9,2024-09-02,Sienna,35706.13,4.4,Completed
822569,9,2024-09-03,Tundra,35710.84,4.4,Completed
822570,17,2024-09-16,Tundra,34167.16,4.51,Completed
822571,7,2024-09-16,Highlander,62618.87,5.39,Completed
822572,1,2024-09-23,RAV4,41556.34,5.24,Completed
822573,8,2024-09-13,Camry,39576.78,5.84,Completed
822574,14,2024-09-05,Camry,38236.06,5.1,Completed
822575,11,2024-09-12,Sienna,34554.9,4.16,Completed
822576,14,2024-09-21,Prius,31917.05,5.1,Completed
822577,10,2024-09-20,Camry,30582.34,4.88,Completed
822578,18,2024-09-19,Tacoma,41624.7,5.68,Completed
822579,2,2024-09-16,Corolla,23925.04,4.0,Completed
822580,1,2024-09-13,Tacoma,32224.85,5.24,Cancelled
822581,2,2024-09-25,Camry,29276.77,4.0,Completed
822582,15,2024-09-30,Tundra,50442.84,4.86,Completed
822583,17,2024-09-18,Tacoma,27996.17,4.51,Completed
822584,11,2024-09-07,Sienna,39233.67,4.16,Completed
822585,1,2024-09-26,Corolla,25494.6,5.24,Completed
822586,19,2024-09-04,Tundra,40117.67,5.48,Completed
822587,10,2024-09-30,Prius,26210.49,4.88,Completed
822588,13,2024-09-24,Sienna,53223.6,5.61,Completed
822589,4,2024-09-15,RAV4,32306.13,3.81,Completed
822590,20,2024-09-15,Tundra,48903.08,5.77,Completed
822591,12,2024-09-09,Camry,36981.96,5.65,Completed
822592,10,2024-09-24,Camry,27213.54,4.88,Completed
822593,16,2024-09-12,RAV4,42961.76,6.06,Completed
822594,4,2024-09-21,Corolla,18105.25,3.81,Completed
822595,18,2024-09-27,Tundra,49405.85,5.68,Completed
822596,11,2024-09-13,Highlander,48604.26,4.16,Completed
822597,16,2024-09-27,Camry,39825.61,6.06,Completed
822598,20,2024-09-08,Sienna,50948.66,5.77,Cancelled
822599,11,2024-09-22,Prius,24313.81,4.16,Completed
822600,15,2024-09-03,Prius,32469.2,4.86,Completed
822601,1,2024-09-26,Tacoma,37400.44,5.24,Completed
822602,14,2024-09-23,Sienna,45424.84,5.1,Completed
822603,17,2024-09-26,Tundra,34845.29,4.51,Completed
822604,13,2024-09-29,Highlander,65225.83,5.61,Completed
822605,18,2024-09-11,Prius,35597.72,5.68,Completed
822606,6,2024-09-02,Corolla,18661.77,3.86,Completed
822607,11,2024-09-12,Prius,23261.86,4.16,Completed
822608,14,2024-09-21,Corolla,29736.68,5.1,Completed
822609,14,2024-09-01,Tacoma,42874.95,5.1,Completed
822610,5,2024-09-20,Tundra,42823.32,5.34,Completed
822611,18,2024-09-02,Sienna,54327.03,5.68,Completed
822612,17,2024-09-19,Sienna,31858.26,4.51,Completed
822613,4,2024-09-28,Tacoma,31590.28,3.81,Completed
822614,16,2024-09-02,Tacoma,42315.45,6.06,Completed
822615,1,2024-09-02,Prius,26408.39,5.24,Completed
822616,6,2024-09-15,Tacoma,30572.87,3.86,Completed
822617,18,2024-09-22,Camry,40656.11,5.68,Completed
822618,10,2024-09-17,Camry,32135.44,4.88,Completed
822619,9,2024-09-29,Camry,29439.14,4.4,Completed
822620,19,2024-09-13,Tundra,45101.17,5.48,Completed
822621,14,2024-09-29,Corolla,25781.13,5.1,Completed
822622,7,2024-09-02,Camry,40364.21,5.39,Completed
822623,5,2024-09-23,Prius,27892.55,5.34,Completed
822624,4,2024-09-13,Camry,27696.02,3.81,Completed
822625,7,2024-09-10,Camry,42601.13,5.39,Completed
822626,3,2024-09-30,RAV4,52240.37,5.69,Pending
822627,13,2024-09-09,Highlander,70678.91,5.61,Completed
822628,13,2024-09-14,Tacoma,43809.18,5.61,Completed
822629,6,2024-09-14,Tundra,32268.77,3.86,Completed
822630,18,2024-09-25,Tacoma,43463.19,5.68,Completed
822631,17,2024-09-10,Sienna,32603.08,4.51,Completed
822632,5,2024-09-05,RAV4,39245.34,5.34,Completed
822633,11,2024-09-28,RAV4,33621.59,4.16,Completed
822634,4,2024-09-06,Highlander,44108.62,3.81,Completed
822635,10,2024-09-14,Prius,24081.57,4.88,Completed
822636,16,2024-09-22,RAV4,48480.69,6.06,Completed
822637,4,2024-09-10,Highlander,44222.76,3.81,Completed
822638,6,2024-09-15,Corolla,18489.47,3.86,Completed
822639,13,2024-09-15,Corolla,31908.25,5.61,Completed
822640,8,2024-09-11,Camry,39135.3,5.84,Completed
822641,13,2024-09-22,Tundra,54664.31,5.61,Completed
822642,17,2024-09-09,Camry,29794.63,4.51,Completed
822643,19,2024-09-23,Highlander,56062.15,5.48,Completed
822644,8,2024-09-11,Tundra,49076.14,5.84,Completed
822645,14,2024-09-11,Sienna,44184.77,5.1,Completed
822646,7,2024-09-01,Sienna,50540.38,5.39,Completed
822647,12,2024-09-08,Tacoma,43595.33,5.65,Completed
822648,5,2024-09-18,Sienna,39080.73,5.34,Completed
822649,9,2024-09-26,Tundra,35544.05,4.4,Completed
822650,8,2024-09-06,Tacoma,44125.69,5.84,Completed
822651,4,2024-09-19,Corolla,19669.97,3.81,Completed
822652,3,2024-09-10,Sienna,56391.25,5.69,Completed
822653,20,2024-09-23,Tundra,48037.33,5.77,Completed
822654,15,2024-09-05,Tacoma,37926.7,4.86,Completed
822655,3,2024-09-25,Highlander,68970.78,5.69,Completed
822656,3,2024-09-21,Prius,33128.95,5.69,Completed
822657,13,2024-09-04,Tacoma,42306.6,5.61,Completed
822658,17,2024-09-12,Camry,28515.72,4.51,Completed
822659,9,2024-09-13,Corolla,18959.71,4.4,Completed
822660,3,2024-09-25,Camry,41071.88,5.69,Completed
822661,12,2024-09-02,Highlander,68419.27,5.65,Completed
822662,9,2024-09-11,Corolla,21954.67,4.4,Completed
822663,20,2024-09-04,Highlander,61861.44,5.77,Completed
822664,19,2024-09-06,Camry,36525.18,5.48,Completed
822665,11,2024-09-01,Tacoma,28674.11,4.16,Completed
822666,18,2024-09-02,Prius,36167.07,5.68,Completed
822667,6,2024-09-24,Tacoma,27728.69,3.86,Completed
822668,14,2024-09-09,Prius,32483.56,5.1,Completed
822669,3,2024-09-10,Prius,33304.84,5.69,Completed
822670,1,2024-09-28,Tundra,43555.21,5.24,Completed
822671,13,2024-09-15,Tundra,55080.83,5.61,Completed
822672,1,2024-09-29,Prius,29902.74,5.24,Completed
822673,13,2024-09-08,Camry,37510.79,5.61,Completed
822674,6,2024-09-23,Highlander,43370.2,3.86,Pending
822675,9,2024-09-24,Sienna,34743.8,4.4,Completed
822676,4,2024-09-04,Tundra,32652.2,3.81,Completed
822677,2,2024-09-07,Tundra,37020.48,4.0,Completed
822678,9,2024-09-01,Tacoma,33557.54,4.4,Completed
822679,14,2024-09-16,Prius,28798.54,5.1,Completed
822680,11,2024-09-22,Highlander,47785.4,4.16,Completed
822681,20,2024-09-22,Camry,37212.55,5.77,Completed
822682,1,2024-09-09,Prius,27381.06,5.24,Completed
822683,20,2024-09-05,Prius,30330.85,5.77,Cancelled
822684,4,2024-09-11,Corolla,20300.91,3.81,Completed
822685,5,2024-09-06,Camry,35447.39,5.34,Completed
822686,15,2024-09-20,Tundra,47870.32,4.86,Completed
822687,5,2024-09-08,Tacoma,38302.7,5.34,Completed
822688,9,2024-09-24,Tacoma,31884.88,4.4,Completed
822689,5,2024-09-02,Corolla,25445.88,5.34,Completed
822690,13,2024-09-24,Tacoma,45196.62,5.61,Completed
822691,12,2024-09-12,Tacoma,43932.83,5.65,Completed
822692,4,2024-09-22,Tacoma,26622.5,3.81,Completed
822693,13,2024-09-03,Tundra,56881.46,5.61,Completed
822694,16,2024-09-22,Prius,35040.11,6.06,Completed
822695,19,2024-09-26,Corolla,25202.24,5.48,Completed
822696,18,2024-09-05,Highlander,69452.47,5.68,Completed
822697,14,2024-09-27,Corolla,26271.33,5.1,Completed
822698,11,2024-09-05,Prius,23814.06,4.16,Completed
822699,20,2024-09-07,RAV4,48661.56,5.77,Completed
822700,16,2024-09-19,Prius,35616.77,6.06,Completed
822701,20,2024-09-29,Camry,39145.46,5.77,Completed
822702,16,2024-09-20,Highlander,63610.39,6.06,Completed
822703,8,2024-09-16,Highlander,69836.89,5.84,Completed
822704,2,2024-09-22,Prius,24085.46,4.0,Completed
822705,11,2024-09-22,Prius,25167.37,4.16,Completed
822706,5,2024-09-10,Sienna,45072.01,5.34,Completed
822707,3,2024-09-30,RAV4,44709.34,5.69,Pending
822708,10,2024-09-14,Tundra,41009.38,4.88,Pending
822709,17,2024-09-23,Highlander,48670.55,4.51,Completed
822710,5,2024-09-29,Corolla,22587.54,5.34,Completed
822711,16,2024-09-28,Sienna,49298.0,6.06,Completed
822712,11,2024-09-28,RAV4,32210.7,4.16,Completed
822713,14,2024-09-22,Prius,30138.32,5.1,Completed
822714,18,2024-09-25,Corolla,32521.31,5.68,Completed
822715,15,2024-09-21,Camry,40507.1,4.86,Completed
822716,15,2024-09-27,Prius,31439.34,4.86,Completed
822717,14,2024-09-08,Tundra,44629.9,5.1,Completed
822718,1,2024-09-05,Camry,33230.26,5.24,Completed
822719,4,2024-09-04,Camry,29223.19,3.81,Pending
822720,1,2024-09-05,Camry,33235.45,5.24,Completed
822721,17,2024-09-09,Sienna,37745.14,4.51,Pending
822722,8,2024-09-03,Corolla,26369.89,5.84,Completed
822723,1,2024-09-11,Corolla,25401.27,5.24,Completed
822724,13,2024-09-28,Highlander,63750.89,5.61,Completed
822725,7,2024-09-21,Highlander,69429.04,5.39,Completed
822726,14,2024-09-09,RAV4,47001.72,5.1,Completed
822727,12,2024-09-20,Prius,30243.39,5.65,Completed
822728,12,2024-09-29,Tundra,49322.32,5.65,Completed
822729,13,2024-09-10,Prius,34770.73,5.61,Completed
822730,2,2024-09-24,Prius,24866.1,4.0,Completed
822731,11,2024-09-18,Tacoma,30097.54,4.16,Completed
822732,13,2024-09-22,Prius,35752.89,5.61,Completed
822733,17,2024-09-24,Tacoma,29890.24,4.51,Completed
822734,14,2024-09-12,Tacoma,38916.45,5.1,Completed
822735,10,2024-09-15,Sienna,35342.87,4.88,Completed
822736,3,2024-09-29,Highlander,71110.23,5.69,Completed
822737,2,2024-09-18,Highlander,51414.96,4.0,Completed
822738,4,2024-09-16,Corolla,18049.51,3.81,Completed
822739,1,2024-09-22,Corolla,25092.72,5.24,Completed
822740,14,2024-09-07,Tacoma,38796.13,5.1,Pending
822741,20,2024-09-25,Camry,37889.06,5.77,Completed
822742,7,2024-09-21,Highlander,70453.31,5.39,Completed
822743,14,2024-09-07,Tundra,44227.09,5.1,Completed
822744,20,2024-09-05,Prius,29751.59,5.77,Completed
822745,8,2024-09-08,Tacoma,43824.93,5.84,Completed
822746,11,2024-09-09,Highlander,45567.89,4.16,Cancelled
822747,10,2024-09-26,Tundra,34024.22,4.88,Completed
822748,18,2024-09-20,Prius,34566.02,5.68,Completed
822749,13,2024-09-03,Highlander,70093.42,5.61,Completed
822750,16,2024-09-16,Tundra,52727.23,6.06,Completed
822751,12,2024-09-11,Sienna,50213.27,5.65,Completed
822752,9,2024-09-12,Tundra,38428.37,4.4,Completed
822753,17,2024-09-27,Tundra,34273.59,4.51,Completed
822754,14,2024-09-15,RAV4,44608.69,5.1,Completed
822755,20,2024-09-05,Tundra,51306.82,5.77,Completed
822756,6,2024-09-22,RAV4,33889.43,3.86,Completed
822757,6,2024-09-25,Camry,26894.48,3.86,Completed
822758,5,2024-09-27,Corolla,25699.15,5.34,Completed
822759,9,2024-09-05,Prius,21552.29,4.4,Completed
822760,18,2024-09-09,RAV4,51018.47,5.68,Completed
822761,4,2024-09-01,Camry,28473.41,3.81,Completed
822762,12,2024-09-07,RAV4,46490.6,5.65,Completed
822763,1,2024-09-07,Tundra,44905.24,5.24,Completed
822764,8,2024-09-16,Prius,34281.8,5.84,Completed
822765,2,2024-09-11,Sienna,41429.99,4.0,Completed
822766,13,2024-09-10,Camry,37455.49,5.61,Completed
822767,1,2024-09-12,RAV4,36171.82,5.24,Completed
822768,2,2024-09-05,Camry,29105.53,4.0,Completed
822769,12,2024-09-01,Corolla,30544.67,5.65,Completed
822770,7,2024-09-28,Sienna,54872.72,5.39,Completed
822771,18,2024-09-29,RAV4,54265.5,5.68,Completed
822772,4,2024-09-15,Corolla,21279.95,3.81,Completed
822773,9,2024-09-14,Camry,30570.11,4.4,Completed
822774,6,2024-09-11,Camry,28840.78,3.86,Completed
822775,7,2024-09-29,Sienna,50076.18,5.39,Completed
822776,19,2024-09-29,Tundra,46726.36,5.48,Completed
822777,18,2024-09-15,Sienna,53800.87,5.68,Completed
822778,12,2024-09-29,Sienna,53411.66,5.65,Completed
822779,11,2024-09-08,Camry,26839.5,4.16,Cancelled
822780,17,2024-09-24,RAV4,34129.04,4.51,Pending
822781,4,2024-09-27,Corolla,20472.51,3.81,Completed
822782,6,2024-09-05,Corolla,22163.28,3.86,Completed
822783,8,2024-09-07,Corolla,27432.22,5.84,Completed
822784,8,2024-09-07,Prius,31228.16,5.84,Completed
822785,7,2024-09-21,RAV4,49852.98,5.39,Completed
822786,16,2024-09-14,Highlander,68756.98,6.06,Completed
822787,2,2024-09-09,Tundra,42069.85,4.0,Completed
822788,8,2024-09-02,RAV4,49740.56,5.84,Completed
822789,9,2024-09-20,RAV4,34693.0,4.4,Completed
822790,3,2024-09-29,Sienna,48675.75,5.69,Completed
822791,17,2024-09-22,Tacoma,27670.95,4.51,Completed
822792,5,2024-09-14,Camry,34353.37,5.34,Completed
822793,2,2024-09-09,RAV4,37250.59,4.0,Completed
822794,17,2024-09-18,RAV4,30601.73,4.51,Completed
822795,13,2024-09-08,Tacoma,47522.45,5.61,Completed
822796,5,2024-09-06,Sienna,46052.51,5.34,Completed
822797,9,2024-09-16,Corolla,18976.78,4.4,Completed
822798,17,2024-09-12,Prius,25111.05,4.51,Completed
822799,14,2024-09-06,Tundra,52869.19,5.1,Completed
822800,20,2024-09-08,Camry,42520.0,5.77,Completed
822801,20,2024-09-08,Camry,39035.91,5.77,Completed
822802,4,2024-09-01,Tacoma,27136.79,3.81,Completed
822803,19,2024-09-06,Corolla,27446.55,5.48,Completed
822804,19,2024-09-26,Tacoma,39030.39,5.48,Completed
822805,13,2024-09-11,Tundra,52358.81,5.61,Completed
822806,13,2024-09-24,Prius,34460.52,5.61,Completed
822807,20,2024-09-02,Prius,33045.73,5.77,Cancelled
822808,12,2024-09-01,Tacoma,45249.66,5.65,Completed
822809,10,2024-09-26,Corolla,20038.53,4.88,Completed
822810,19,2024-09-27,Sienna,46242.87,5.48,Completed
822811,15,2024-09-17,Sienna,47453.18,4.86,Completed
822812,4,2024-09-17,Prius,20791.41,3.81,Completed
822813,15,2024-09-23,Prius,33387.14,4.86,Completed
822814,18,2024-09-15,Sienna,52958.38,5.68,Completed
822815,10,2024-09-23,Camry,29769.36,4.88,Completed
822816,2,2024-09-08,Tacoma,30808.8,4.0,Completed
822817,13,2024-09-28,Camry,44742.87,5.61,Completed
822818,7,2024-09-21,Tacoma,39908.05,5.39,Completed
822819,11,2024-09-21,Prius,23160.37,4.16,Completed
822820,16,2024-09-04,RAV4,48847.47,6.06,Completed
822821,13,2024-09-22,Tacoma,43799.17,5.61,Completed
822822,4,2024-09-27,Tundra,35129.68,3.81,Completed
822823,2,2024-09-26,Highlander,48033.13,4.0,Completed
822824,19,2024-09-18,Prius,25895.21,5.48,Completed
822825,11,2024-09-19,Sienna,38209.35,4.16,Completed
822826,3,2024-09-24,Tundra,54394.68,5.69,Completed
822827,19,2024-09-26,Tundra,43743.53,5.48,Completed
822828,5,2024-09-05,Camry,34498.55,5.34,Completed
822829,1,2024-09-17,RAV4,35919.67,5.24,Completed
822830,13,2024-09-05,Tundra,52579.63,5.61,Completed
822831,20,2024-09-01,Corolla,26472.91,5.77,Completed
822832,13,2024-09-25,Tundra,48801.67,5.61,Completed
822833,13,2024-09-22,Tacoma,44138.13,5.61,Completed
822834,6,2024-09-30,Highlander,48568.69,3.86,Completed
822835,6,2024-09-25,Highlander,42997.15,3.86,Completed
822836,6,2024-09-09,Tundra,35972.37,3.86,Completed
822837,3,2024-09-11,Sienna,47047.11,5.69,Completed
822838,19,2024-09-10,Tundra,42491.11,5.48,Pending
822839,8,2024-09-16,Prius,30524.76,5.84,Completed
822840,4,2024-09-11,Corolla,21769.82,3.81,Completed
822841,19,2024-09-11,Prius,27757.13,5.48,Completed
822842,13,2024-09-18,Corolla,31835.3,5.61,Completed
822843,12,2024-09-08,Corolla,30993.13,5.65,Completed
822844,13,2024-09-16,Tundra,52166.58,5.61,Completed
822845,8,2024-09-11,Camry,41854.72,5.84,Completed
822846,19,2024-09-10,Sienna,44599.79,5.48,Completed
822847,18,2024-09-17,RAV4,51896.52,5.68,Completed
822848,18,2024-09-21,Sienna,50499.19,5.68,Completed
822849,20,2024-09-18,Sienna,53570.83,5.77,Completed
822850,11,2024-09-04,Corolla,22310.31,4.16,Completed
822851,12,2024-09-06,RAV4,48830.39,5.65,Completed
822852,20,2024-09-24,Corolla,28471.47,5.77,Completed
822853,4,2024-09-02,Corolla,18145.38,3.81,Completed
822854,7,2024-09-22,RAV4,49388.73,5.39,Pending
822855,18,2024-09-13,Prius,34642.03,5.68,Completed
822856,11,2024-09-17,RAV4,36332.22,4.16,Completed
822857,13,2024-09-11,Corolla,28992.1,5.61,Completed
822858,1,2024-09-16,Tundra,43652.19,5.24,Completed
822859,17,2024-09-29,Sienna,35133.26,4.51,Completed
822860,1,2024-09-14,Prius,29232.97,5.24,Completed
822861,10,2024-09-12,Corolla,20783.4,4.88,Completed
822862,15,2024-09-10,RAV4,46793.54,4.86,Completed
822863,20,2024-09-03,Sienna,49368.09,5.77,Completed
822864,11,2024-09-19,RAV4,34611.99,4.16,Completed
822865,7,2024-09-10,Prius,30513.41,5.39,Completed
822866,6,2024-09-17,Highlander,47098.41,3.86,Completed
822867,6,2024-09-16,RAV4,31487.79,3.86,Completed
822868,2,2024-09-06,Camry,27645.97,4.0,Completed
822869,19,2024-09-28,Sienna,43859.35,5.48,Completed
822870,15,2024-09-04,Prius,35276.51,4.86,Completed
822871,5,2024-09-16,Highlander,55054.49,5.34,Completed
822872,12,2024-09-12,Highlander,67050.79,5.65,Completed
822873,10,2024-09-16,Camry,29201.42,4.88,Completed
822874,14,2024-09-21,Sienna,44610.93,5.1,Completed
822875,17,2024-09-06,Sienna,32572.21,4.51,Completed
822876,7,2024-09-15,Tundra,46630.95,5.39,Completed
822877,8,2024-09-02,Corolla,27952.61,5.84,Cancelled
822878,15,2024-09-02,Sienna,46017.0,4.86,Completed
822879,6,2024-09-26,Tundra,32569.64,3.86,Completed
822880,11,2024-09-27,Tundra,37682.22,4.16,Completed
822881,18,2024-09-22,Sienna,58163.85,5.68,Completed
822882,8,2024-09-05,Tundra,52835.53,5.84,Completed
822883,8,2024-09-08,Tundra,49295.87,5.84,Completed
822884,11,2024-09-22,Camry,28260.08,4.16,Completed
822885,9,2024-09-07,RAV4,31667.96,4.4,Completed
822886,15,2024-09-11,Tacoma,43787.06,4.86,Completed
822887,4,2024-09-20,Tacoma,28704.98,3.81,Completed
822888,4,2024-09-21,Highlander,42864.58,3.81,Completed
822889,10,2024-09-13,Tacoma,29836.92,4.88,Completed
822890,1,2024-09-30,Highlander,50269.25,5.24,Completed
822891,9,2024-09-29,Corolla,22432.57,4.4,Completed
822892,6,2024-09-04,RAV4,31176.73,3.86,Completed
822893,8,2024-09-02,Camry,36565.03,5.84,Completed
822894,19,2024-09-06,Tacoma,37538.28,5.48,Completed
822895,15,2024-09-01,Tundra,54637.61,4.86,Completed
822896,3,2024-09-01,RAV4,45130.01,5.69,Completed
822897,18,2024-09-27,Tundra,55259.86,5.68,Completed
822898,9,2024-09-25,Sienna,37426.8,4.4,Completed
822899,1,2024-09-09,Tundra,39387.24,5.24,Completed
822900,20,2024-09-28,Prius,33378.15,5.77,Completed
822901,12,2024-09-24,RAV4,44962.87,5.65,Completed
822902,16,2024-09-23,Tundra,54495.3,6.06,Completed
822903,3,2024-09-01,Camry,40123.65,5.69,Completed
822904,10,2024-09-13,Prius,26740.39,4.88,Completed
822905,4,2024-09-27,Tacoma,31321.83,3.81,Completed
822906,3,2024-09-30,Sienna,50190.11,5.69,Completed
822907,1,2024-09-24,Camry,33285.39,5.24,Completed
822908,16,2024-09-29,Corolla,27488.43,6.06,Completed
822909,10,2024-09-11,Camry,30512.21,4.88,Completed
822910,11,2024-09-04,Tundra,39246.52,4.16,Completed
822911,20,2024-09-25,Tundra,49507.35,5.77,Completed
822912,14,2024-09-19,Corolla,28514.78,5.1,Completed
822913,19,2024-09-28,Corolla,24090.37,5.48,Completed
822914,20,2024-09-14,Highlander,59382.87,5.77,Completed
822915,16,2024-09-05,Highlander,68222.27,6.06,Completed
822916,1,2024-09-02,Corolla,24449.5,5.24,Completed
822917,9,2024-09-17,RAV4,30911.97,4.4,Completed
822918,3,2024-09-24,Sienna,49643.81,5.69,Completed
822919,4,2024-09-24,Sienna,34075.92,3.81,Completed
822920,8,2024-09-04,Prius,31688.12,5.84,Completed
822921,9,2024-09-19,Camry,29680.42,4.4,Completed
822922,5,2024-09-06,Prius,29767.78,5.34,Completed
822923,2,2024-09-10,Tundra,34681.62,4.0,Cancelled
822924,1,2024-09-23,Tacoma,32628.53,5.24,Completed
822925,19,2024-09-09,Tacoma,40148.86,5.48,Completed
822926,18,2024-09-06,Camry,40548.82,5.68,Completed
822927,2,2024-09-30,Camry,27590.94,4.0,Completed
822928,16,2024-09-05,RAV4,43416.34,6.06,Completed
822929,13,2024-09-01,Prius,34409.58,5.61,Completed
822930,20,2024-09-06,Highlander,58734.74,5.77,Completed
822931,16,2024-09-08,Tundra,53899.14,6.06,Pending
822932,9,2024-09-03,Prius,21622.4,4.4,Completed
822933,16,2024-09-07,RAV4,42395.11,6.06,Completed
822934,12,2024-09-26,RAV4,49519.33,5.65,Completed
822935,8,2024-09-02,Sienna,45186.35,5.84,Cancelled
822936,9,2024-09-11,Sienna,36007.0,4.4,Completed
822937,12,2024-09-12,Tundra,50658.64,5.65,Completed
822938,19,2024-09-11,Prius,25958.8,5.48,Completed
822939,15,2024-09-11,Tundra,44737.08,4.86,Completed
822940,16,2024-09-07,Prius,33863.7,6.06,Completed
822941,1,2024-09-10,Sienna,39842.98,5.24,Completed
822942,11,2024-09-11,Sienna,34596.42,4.16,Completed
822943,5,2024-09-23,Sienna,42300.75,5.34,Completed
822944,12,2024-09-04,Highlander,59476.18,5.65,Completed
822945,1,2024-09-03,Sienna,41445.04,5.24,Completed
822946,16,2024-09-16,Camry,42341.73,6.06,Completed
822947,3,2024-09-22,Camry,38351.98,5.69,Completed
822948,11,2024-09-23,Camry,29528.67,4.16,Completed
822949,13,2024-09-26,Highlander,70113.19,5.61,Completed
822950,14,2024-09-07,Camry,35086.39,5.1,Completed
822951,3,2024-09-09,Prius,33833.32,5.69,Completed
822952,15,2024-09-12,Tundra,46532.73,4.86,Completed
822953,8,2024-09-24,Highlander,59721.74,5.84,Completed
822954,8,2024-09-19,Sienna,45491.54,5.84,Completed
822955,18,2024-09-08,Camry,40527.15,5.68,Completed
822956,20,2024-09-26,Tacoma,42384.39,5.77,Completed
822957,4,2024-09-07,Camry,27363.42,3.81,Completed
822958,12,2024-09-21,Tundra,48786.9,5.65,Completed
822959,12,2024-09-18,RAV4,46803.66,5.65,Completed
822960,15,2024-09-04,Tundra,44908.24,4.86,Completed
822961,6,2024-09-07,Highlander,49858.07,3.86,Completed
822962,8,2024-09-29,Sienna,50017.39,5.84,Completed
822963,2,2024-09-18,Sienna,37276.39,4.0,Completed
822964,4,2024-09-08,Sienna,35187.66,3.81,Completed
822965,15,2024-09-17,Prius,33751.68,4.86,Completed
822966,4,2024-09-27,Tundra,31838.16,3.81,Completed
822967,4,2024-09-26,Tacoma,31741.85,3.81,Completed
822968,13,2024-09-10,Corolla,30555.73,5.61,Completed
822969,5,2024-09-21,Tundra,39508.93,5.34,Completed
822970,12,2024-09-21,Sienna,49302.6,5.65,Completed
822971,1,2024-09-24,RAV4,35674.75,5.24,Completed
822972,5,2024-09-06,Prius,27725.11,5.34,Pending
822973,8,2024-09-15,Camry,40426.23,5.84,Completed
822974,4,2024-09-03,Corolla,21676.8,3.81,Completed
822975,7,2024-09-18,Tacoma,46118.66,5.39,Pending
822976,19,2024-09-18,Camry,37260.47,5.48,Completed
822977,8,2024-09-30,Tundra,51552.42,5.84,Completed
822978,2,2024-09-05,Tundra,40751.07,4.0,Completed
822979,19,2024-09-21,RAV4,40935.0,5.48,Completed
822980,19,2024-09-10,RAV4,39855.48,5.48,Completed
822981,7,2024-09-22,Corolla,28793.26,5.39,Completed
822982,9,2024-09-01,Tundra,34949.03,4.4,Completed
822983,2,2024-09-16,Highlander,44581.91,4.0,Completed
822984,8,2024-09-11,Prius,35624.22,5.84,Completed
822985,20,2024-09-22,Highlander,65344.8,5.77,Completed
822986,3,2024-09-02,Prius,33132.72,5.69,Completed
822987,7,2024-09-29,Camry,39222.7,5.39,Completed
822988,20,2024-09-20,Tundra,55295.52,5.77,Pending
822989,18,2024-09-01,Sienna,53026.5,5.68,Completed
822990,15,2024-09-15,Prius,34482.24,4.86,Completed
822991,1,2024-09-20,Sienna,39072.69,5.24,Completed
822992,6,2024-09-03,Sienna,38885.64,3.86,Completed
822993,20,2024-09-12,Corolla,30864.11,5.77,Pending
822994,13,2024-09-28,RAV4,47685.06,5.61,Completed
822995,1,2024-09-12,Highlander,53980.73,5.24,Completed
822996,1,2024-09-24,Sienna,45774.4,5.24,Cancelled
822997,8,2024-09-02,Corolla,26027.21,5.84,Completed
822998,14,2024-09-03,Tacoma,38340.33,5.1,Completed
822999,2,2024-09-18,Highlander,48851.96,4.0,Completed
823000,20,2024-09-14,Highlander,60959.84,5.77,Completed
823001,15,2024-09-04,Camry,35908.49,4.86,Completed
823002,16,2024-09-19,Corolla,27601.91,6.06,Completed
823003,2,2024-09-26,Highlander,47641.69,4.0,Completed
823004,12,2024-09-03,Tundra,51886.43,5.65,Completed
823005,13,2024-09-18,Camry,44340.62,5.61,Completed
823006,3,2024-09-02,Tacoma,45401.53,5.69,Completed
823007,10,2024-09-08,Camry,27808.47,4.88,Completed
823008,13,2024-09-15,Prius,37111.52,5.61,Completed
823009,14,2024-09-05,Prius,32623.52,5.1,Completed
823010,14,2024-09-09,Tundra,51085.06,5.1,Completed
823011,2,2024-09-29,Prius,24067.58,4.0,Completed
823012,14,2024-09-20,Corolla,25602.5,5.1,Pending
823013,4,2024-09-26,Tacoma,27155.08,3.81,Completed
823014,2,2024-09-22,Prius,26597.12,4.0,Completed
823015,7,2024-09-11,Sienna,47381.12,5.39,Completed
823016,15,2024-09-09,Prius,30153.39,4.86,Completed
823017,2,2024-09-13,Sienna,40554.85,4.0,Completed
823018,10,2024-09-08,Camry,29481.95,4.88,Completed
823019,2,2024-09-09,Sienna,41506.26,4.0,Completed
823020,3,2024-09-18,Highlander,67142.86,5.69,Completed
823021,18,2024-09-28,Camry,40867.2,5.68,Completed
823022,13,2024-09-03,RAV4,51234.56,5.61,Completed
823023,19,2024-09-29,RAV4,39879.77,5.48,Completed
823024,13,2024-09-22,Prius,31070.48,5.61,Completed
823025,18,2024-09-07,Highlander,66870.96,5.68,Completed
823026,7,2024-09-19,Highlander,71343.06,5.39,Completed
823027,5,2024-09-23,Highlander,51953.61,5.34,Completed
823028,14,2024-09-19,Tacoma,40902.11,5.1,Completed
823029,15,2024-09-29,Prius,34541.49,4.86,Completed
823030,3,2024-09-05,Tundra,48219.69,5.69,Completed
823031,2,2024-09-09,RAV4,34840.71,4.0,Completed
823032,8,2024-09-30,Sienna,45724.53,5.84,Completed
823033,3,2024-09-15,Sienna,47154.61,5.69,Completed
823034,18,2024-09-11,Sienna,55859.34,5.68,Completed
823035,16,2024-09-13,Highlander,61207.64,6.06,Completed
823036,15,2024-09-27,Camry,42033.88,4.86,Completed
823037,14,2024-09-23,Prius,28706.83,5.1,Completed
823038,13,2024-09-04,Camry,41213.33,5.61,Completed
823039,20,2024-09-05,Corolla,30688.47,5.77,Pending
823040,6,2024-09-19,Corolla,19702.82,3.86,Completed
823041,7,2024-09-15,Prius,36331.39,5.39,Completed
823042,5,2024-09-23,Tundra,41153.55,5.34,Completed
823043,4,2024-09-29,RAV4,34074.69,3.81,Completed
823044,4,2024-09-02,Prius,24284.88,3.81,Completed
823045,1,2024-09-11,Tundra,45182.16,5.24,Completed
823046,19,2024-09-27,Highlander,54893.33,5.48,Completed
823047,3,2024-09-03,Sienna,48900.07,5.69,Completed
823048,5,2024-09-28,Prius,25198.51,5.34,Completed
823049,17,2024-09-25,Sienna,34855.55,4.51,Completed
823050,2,2024-09-08,RAV4,38134.74,4.0,Completed
823051,11,2024-09-04,Sienna,40351.12,4.16,Completed
823052,11,2024-09-08,Highlander,48445.02,4.16,Pending
823053,4,2024-09-25,Tacoma,31235.87,3.81,Completed
823054,20,2024-09-10,Tundra,46611.17,5.77,Completed
823055,8,2024-09-01,Highlander,60343.83,5.84,Completed
823056,19,2024-09-27,RAV4,39835.87,5.48,Completed
823057,10,2024-09-15,RAV4,32571.19,4.88,Completed
823058,2,2024-09-24,Corolla,20586.22,4.0,Completed
823059,17,2024-09-02,Tacoma,26949.71,4.51,Completed
823060,3,2024-09-14,Camry,40974.24,5.69,Completed
823061,9,2024-09-07,Camry,29575.0,4.4,Completed
823062,7,2024-09-29,RAV4,51140.76,5.39,Completed
823063,6,2024-09-14,Tundra,32599.39,3.86,Completed
823064,5,2024-09-03,Tacoma,35394.49,5.34,Completed
823065,20,2024-09-15,Tundra,50825.57,5.77,Completed
823066,16,2024-09-08,Sienna,54269.71,6.06,Completed
823067,15,2024-09-03,Prius,35436.35,4.86,Completed
823068,5,2024-09-18,Sienna,41382.35,5.34,Completed
823069,9,2024-09-01,Highlander,50614.92,4.4,Completed
823070,8,2024-09-23,Prius,32538.28,5.84,Completed
823071,4,2024-09-06,Tundra,37773.06,3.81,Completed
823072,9,2024-09-07,Tundra,34712.71,4.4,Completed
823073,16,2024-09-12,Tundra,46499.35,6.06,Completed
823074,6,2024-09-23,RAV4,33527.03,3.86,Completed
823075,16,2024-09-29,Sienna,55552.03,6.06,Completed
823076,17,2024-09-10,Highlander,40773.93,4.51,Completed
823077,9,2024-09-23,Highlander,50526.06,4.4,Completed
823078,17,2024-09-26,Corolla,19095.15,4.51,Completed
823079,17,2024-09-12,Corolla,21917.13,4.51,Completed
823080,9,2024-09-01,Sienna,34255.71,4.4,Completed
823081,17,2024-09-04,Tacoma,27782.16,4.51,Completed
823082,13,2024-09-09,Tundra,50949.54,5.61,Completed
823083,16,2024-09-13,Corolla,30231.34,6.06,Completed
823084,8,2024-09-30,Tundra,53755.81,5.84,Completed
823085,4,2024-09-15,Tundra,31500.34,3.81,Cancelled
823086,18,2024-09-20,Prius,34915.63,5.68,Completed
823087,13,2024-09-09,Corolla,32242.08,5.61,Completed
823088,19,2024-09-27,RAV4,36768.77,5.48,Completed
823089,18,2024-09-23,RAV4,47869.79,5.68,Completed
823090,7,2024-09-13,Highlander,58798.82,5.39,Completed
823091,13,2024-09-26,Sienna,50180.12,5.61,Completed
823092,9,2024-09-08,Prius,22367.8,4.4,Completed
823093,17,2024-09-29,RAV4,29802.15,4.51,Completed
823094,11,2024-09-05,Sienna,34745.55,4.16,Completed
823095,15,2024-09-05,Highlander,62913.1,4.86,Completed
823096,16,2024-09-20,Sienna,48509.27,6.06,Completed
823097,10,2024-09-06,Tundra,37605.36,4.88,Completed
823098,3,2024-09-23,Sienna,53023.67,5.69,Completed
823099,13,2024-09-01,RAV4,46857.0,5.61,Completed
823100,16,2024-09-20,Sienna,53316.83,6.06,Completed
823101,17,2024-09-16,RAV4,34545.03,4.51,Completed
823102,2,2024-09-03,Corolla,21677.77,4.0,Completed
823103,18,2024-09-15,Camry,39200.39,5.68,Completed
823104,9,2024-09-15,Tacoma,31896.04,4.4,Completed
823105,9,2024-09-26,Corolla,21207.35,4.4,Completed
823106,17,2024-09-18,Corolla,22040.55,4.51,Completed
823107,8,2024-09-09,Corolla,26768.17,5.84,Completed
823108,15,2024-09-23,Tundra,49520.68,4.86,Completed
823109,1,2024-09-20,Tacoma,33029.28,5.24,Completed
823110,6,2024-09-20,RAV4,33308.07,3.86,Completed
823111,20,2024-09-16,Sienna,54618.6,5.77,Completed
823112,5,2024-09-12,Sienna,41457.34,5.34,Completed
823113,7,2024-09-24,Tacoma,43950.28,5.39,Completed
823114,14,2024-09-21,Camry,36813.22,5.1,Completed
823115,7,2024-09-11,Corolla,27676.51,5.39,Completed
823116,3,2024-09-19,Prius,31473.46,5.69,Completed
823117,4,2024-09-27,Tacoma,31001.9,3.81,Completed
823118,12,2024-09-23,Tacoma,45987.03,5.65,Completed
823119,7,2024-09-24,Camry,43792.79,5.39,Completed
823120,10,2024-09-21,Tundra,40890.76,4.88,Completed
823121,17,2024-09-11,Tundra,33667.68,4.51,Completed
823122,13,2024-09-23,Tundra,49790.94,5.61,Completed
823123,16,2024-09-28,Prius,30825.48,6.06,Completed
823124,18,2024-09-25,RAV4,46863.13,5.68,Completed
823125,6,2024-09-04,Corolla,21745.86,3.86,Completed
823126,19,2024-09-23,Prius,28445.79,5.48,Completed
823127,2,2024-09-25,Corolla,20110.16,4.0,Completed
823128,10,2024-09-20,Highlander,45998.12,4.88,Completed
823129,6,2024-09-23,Camry,30028.32,3.86,Pending
823130,2,2024-09-13,Highlander,47358.51,4.0,Completed
823131,1,2024-09-26,Tacoma,37945.29,5.24,Completed
823132,16,2024-09-10,RAV4,43256.43,6.06,Completed
823133,10,2024-09-18,Corolla,21221.24,4.88,Completed
823134,9,2024-09-20,Camry,29439.52,4.4,Completed
823135,17,2024-09-16,Tacoma,29460.09,4.51,Completed
823136,1,2024-09-05,Prius,26096.84,5.24,Completed
823137,13,2024-09-12,Sienna,56116.73,5.61,Completed
823138,8,2024-09-05,RAV4,49269.74,5.84,Completed
823139,13,2024-09-19,Tacoma,46653.23,5.61,Completed
823140,17,2024-09-26,Corolla,19393.17,4.51,Completed
823141,5,2024-09-15,Tundra,39429.33,5.34,Completed
823142,3,2024-09-19,RAV4,43714.71,5.69,Completed
823143,3,2024-09-21,RAV4,50806.08,5.69,Completed
823144,12,2024-09-18,Corolla,26018.67,5.65,Completed
823145,14,2024-09-28,Corolla,27758.23,5.1,Completed
823146,5,2024-09-13,Camry,36243.3,5.34,Completed
823147,16,2024-09-03,Sienna,52404.19,6.06,Completed
823148,19,2024-09-30,RAV4,41114.22,5.48,Completed
823149,14,2024-09-17,Tacoma,38223.61,5.1,Completed
823150,2,2024-09-15,Tacoma,31069.84,4.0,Completed
823151,4,2024-09-11,Camry,29579.33,3.81,Completed
823152,2,2024-09-26,Corolla,21513.34,4.0,Completed
823153,4,2024-09-11,Corolla,19821.64,3.81,Completed
823154,7,2024-09-05,RAV4,44352.23,5.39,Completed
823155,19,2024-09-16,Camry,34329.36,5.48,Completed
823156,1,2024-09-04,Highlander,58263.4,5.24,Completed
823157,1,2024-09-19,Prius,28222.54,5.24,Completed
823158,8,2024-09-17,RAV4,41712.5,5.84,Completed
823159,3,2024-09-29,Sienna,51074.39,5.69,Completed
823160,2,2024-09-10,Camry,30196.33,4.0,Completed
823161,10,2024-09-10,Tacoma,33524.42,4.88,Completed
823162,15,2024-09-12,Highlander,69059.32,4.86,Cancelled
823163,11,2024-09-14,Tundra,36913.03,4.16,Completed
823164,15,2024-09-12,Sienna,50689.06,4.86,Completed
823165,4,2024-09-14,Corolla,20324.75,3.81,Completed
823166,9,2024-09-12,Corolla,21662.36,4.4,Completed
823167,4,2024-09-22,RAV4,28816.9,3.81,Completed
823168,2,2024-09-03,Camry,30240.8,4.0,Completed
823169,10,2024-09-03,Corolla,20087.67,4.88,Completed
823170,11,2024-09-10,Corolla,21042.79,4.16,Completed
823171,5,2024-09-15,Tundra,43367.23,5.34,Completed
823172,12,2024-09-29,Prius,33241.19,5.65,Completed
823173,3,2024-09-23,Corolla,27648.74,5.69,Completed
823174,14,2024-09-18,Camry,40231.17,5.1,Completed
823175,14,2024-09-01,Corolla,27368.38,5.1,Completed
823176,2,2024-09-18,Tundra,35544.57,4.0,Completed
823177,9,2024-09-29,Corolla,21637.91,4.4,Completed
823178,5,2024-09-24,Corolla,22989.17,5.34,Completed
823179,8,2024-09-30,Prius,31093.68,5.84,Completed
823180,13,2024-09-08,Highlander,73419.71,5.61,Completed
823181,9,2024-09-11,Tacoma,33584.26,4.4,Completed
823182,19,2024-09-29,Tacoma,39487.89,5.48,Completed
823183,13,2024-09-16,Tacoma,43842.07,5.61,Completed
823184,15,2024-09-01,Tundra,48224.72,4.86,Cancelled
823185,19,2024-09-07,Tundra,43671.62,5.48,Pending
823186,4,2024-09-20,Highlander,42613.01,3.81,Completed
823187,15,2024-09-04,Corolla,27841.81,4.86,Completed
823188,16,2024-09-12,RAV4,46407.72,6.06,Completed
823189,20,2024-09-10,RAV4,44023.17,5.77,Completed
823190,12,2024-09-08,Highlander,65523.06,5.65,Completed
823191,4,2024-09-07,Highlander,44821.12,3.81,Completed
823192,3,2024-09-06,Highlander,69598.99,5.69,Completed
823193,2,2024-09-27,Sienna,37980.84,4.0,Completed
823194,5,2024-09-19,Prius,25081.04,5.34,Completed
823195,13,2024-09-27,Prius,35785.1,5.61,Completed
823196,19,2024-09-14,Prius,27834.01,5.48,Completed
823197,7,2024-09-03,Highlander,66026.37,5.39,Completed
823198,18,2024-09-06,RAV4,50856.14,5.68,Pending
823199,5,2024-09-20,Tundra,44962.13,5.34,Completed
823200,3,2024-09-12,Tundra,55885.56,5.69,Completed
823201,14,2024-09-28,Corolla,28660.71,5.1,Completed
823202,9,2024-09-27,Corolla,19026.41,4.4,Completed
823203,5,2024-09-18,Tundra,40783.07,5.34,Completed
823204,2,2024-09-01,Tacoma,32707.03,4.0,Completed
823205,17,2024-09-05,Tundra,37086.15,4.51,Cancelled
823206,12,2024-09-15,Highlander,64942.69,5.65,Completed
823207,17,2024-09-29,Camry,27188.32,4.51,Completed
823208,13,2024-09-02,Highlander,65159.57,5.61,Completed
823209,18,2024-09-15,Highlander,73124.65,5.68,Completed
823210,13,2024-09-05,Highlander,63951.23,5.61,Completed
823211,9,2024-09-08,Tacoma,32431.09,4.4,Completed
823212,3,2024-09-23,RAV4,47927.21,5.69,Completed
823213,5,2024-09-18,Tundra,40129.72,5.34,Completed
823214,2,2024-09-08,Tacoma,35177.0,4.0,Completed
823215,3,2024-09-13,Corolla,27995.9,5.69,Completed
823216,9,2024-09-21,Tundra,33995.07,4.4,Completed
823217,9,2024-09-10,Tacoma,27994.27,4.4,Pending
823218,17,2024-09-16,Prius,21426.89,4.51,Pending
823219,5,2024-09-09,Prius,25318.69,5.34,Completed
823220,15,2024-09-29,Tundra,49634.74,4.86,Completed
823221,10,2024-09-03,Tacoma,31186.83,4.88,Completed
823222,10,2024-09-20,Sienna,36520.34,4.88,Completed
823223,11,2024-09-26,Corolla,19548.21,4.16,Completed
823224,10,2024-09-03,Corolla,23363.08,4.88,Completed
823225,12,2024-09-25,Tacoma,38432.25,5.65,Completed
823226,3,2024-09-18,Tundra,54094.25,5.69,Completed
823227,10,2024-09-03,Highlander,51625.08,4.88,Completed
823228,7,2024-09-06,Camry,37256.8,5.39,Completed
823229,5,2024-09-03,Tacoma,37490.69,5.34,Completed
823230,19,2024-09-04,Camry,37338.05,5.48,Completed
823231,1,2024-09-11,Tacoma,38533.94,5.24,Completed
823232,9,2024-09-11,Corolla,18890.71,4.4,Completed
823233,13,2024-09-19,Highlander,68203.92,5.61,Completed
823234,20,2024-09-27,Tacoma,43713.93,5.77,Completed
823235,7,2024-09-04,Highlander,69739.61,5.39,Completed
823236,13,2024-09-02,Tacoma,43014.93,5.61,Completed
823237,3,2024-09-11,Prius,36122.92,5.69,Completed
823238,6,2024-09-17,Tacoma,31573.78,3.86,Completed
823239,5,2024-09-26,Prius,27883.87,5.34,Completed
823240,20,2024-09-16,Highlander,68100.29,5.77,Completed
823241,11,2024-09-11,Camry,29942.37,4.16,Completed
823242,15,2024-09-04,Prius,34031.43,4.86,Completed
823243,2,2024-09-19,Corolla,22417.68,4.0,Completed
823244,2,2024-09-24,Corolla,23846.49,4.0,Completed
823245,10,2024-09-18,RAV4,37762.15,4.88,Completed
823246,15,2024-09-22,RAV4,49443.45,4.86,Completed
823247,11,2024-09-06,Corolla,20913.45,4.16,Completed
823248,14,2024-09-26,Sienna,51922.32,5.1,Completed
823249,8,2024-09-17,Camry,36853.66,5.84,Completed
823250,15,2024-09-17,Corolla,29418.79,4.86,Completed
823251,18,2024-09-06,Prius,38563.06,5.68,Completed
823252,12,2024-09-08,Highlander,65070.53,5.65,Completed
823253,2,2024-09-27,Sienna,39242.31,4.0,Completed
823254,6,2024-09-03,Tacoma,27140.35,3.86,Completed
823255,14,2024-09-23,Sienna,46152.88,5.1,Completed
823256,15,2024-09-30,Sienna,52792.06,4.86,Completed
823257,6,2024-09-07,Sienna,35458.86,3.86,Completed
823258,8,2024-09-05,Highlander,63073.91,5.84,Completed
823259,20,2024-09-17,Tundra,45607.69,5.77,Completed
823260,6,2024-09-19,Tacoma,30629.55,3.86,Completed
823261,3,2024-09-10,Tundra,56379.92,5.69,Completed
823262,2,2024-09-08,Sienna,41929.44,4.0,Completed
823263,9,2024-09-04,Corolla,20946.84,4.4,Completed
823264,6,2024-09-30,Prius,24292.44,3.86,Completed
823265,4,2024-09-20,Tacoma,26965.1,3.81,Completed
823266,18,2024-09-12,Tacoma,44156.13,5.68,Completed
823267,7,2024-09-06,Prius,36144.71,5.39,Completed
823268,16,2024-09-19,Highlander,66547.61,6.06,Completed
823269,3,2024-09-27,Tacoma,46493.71,5.69,Completed
823270,7,2024-09-16,Sienna,55917.43,5.39,Completed
823271,4,2024-09-26,Corolla,18102.22,3.81,Completed
823272,7,2024-09-19,Camry,43474.9,5.39,Completed
823273,18,2024-09-15,Sienna,57491.85,5.68,Completed
823274,14,2024-09-13,Sienna,46004.33,5.1,Completed
823275,7,2024-09-20,Tundra,54409.74,5.39,Completed
823276,10,2024-09-17,Sienna,36601.65,4.88,Pending
823277,4,2024-09-26,Tacoma,27587.35,3.81,Completed
823278,14,2024-09-14,Highlander,56908.31,5.1,Completed
823279,8,2024-09-06,Tacoma,38826.94,5.84,Completed
823280,5,2024-09-11,Highlander,56347.38,5.34,Completed
823281,15,2024-09-29,Prius,30514.04,4.86,Completed
823282,8,2024-09-10,Camry,37087.37,5.84,Completed
823283,9,2024-09-27,Sienna,39125.0,4.4,Completed
823284,18,2024-09-25,Tacoma,47743.96,5.68,Completed
823285,18,2024-09-22,RAV4,48413.91,5.68,Completed
823286,10,2024-09-27,Sienna,34053.69,4.88,Completed
823287,14,2024-09-02,Sienna,44041.02,5.1,Completed
823288,12,2024-09-30,Tacoma,42417.56,5.65,Completed
823289,10,2024-09-12,Tacoma,31626.92,4.88,Completed
823290,15,2024-09-09,RAV4,47966.05,4.86,Cancelled
823291,1,2024-09-18,Camry,29820.93,5.24,Completed
823292,1,2024-09-26,Corolla,23626.48,5.24,Completed
823293,5,2024-09-19,Highlander,59220.06,5.34,Completed
823294,17,2024-09-03,Corolla,18236.04,4.51,Pending
823295,14,2024-09-22,Corolla,25944.4,5.1,Completed
823296,15,2024-09-03,Tundra,53724.0,4.86,Completed
823297,5,2024-09-29,Tacoma,34336.22,5.34,Pending
823298,18,2024-09-19,Camry,44240.62,5.68,Completed
823299,14,2024-09-09,RAV4,44583.42,5.1,Completed
823300,12,2024-09-19,Prius,32207.58,5.65,Completed
823301,15,2024-09-14,Camry,39461.57,4.86,Completed
823302,4,2024-09-21,Camry,25299.87,3.81,Completed
823303,11,2024-09-07,Prius,25348.54,4.16,Completed
823304,17,2024-09-05,Tacoma,26859.66,4.51,Completed
823305,16,2024-09-12,Corolla,29336.81,6.06,Completed
823306,11,2024-09-04,Corolla,22967.94,4.16,Completed
823307,7,2024-09-21,Corolla,30449.44,5.39,Completed
823308,11,2024-09-01,RAV4,33603.83,4.16,Completed
823309,17,2024-09-19,Tacoma,29557.55,4.51,Completed
823310,20,2024-09-18,Tundra,47491.23,5.77,Completed
823311,2,2024-09-17,Sienna,38212.26,4.0,Completed
823312,16,2024-09-26,Tundra,53001.79,6.06,Completed
823313,12,2024-09-12,Tundra,46496.23,5.65,Completed
823314,6,2024-09-06,Tacoma,28969.65,3.86,Completed
823315,12,2024-09-24,Camry,37366.69,5.65,Completed
823316,15,2024-09-17,Corolla,28852.93,4.86,Completed
823317,5,2024-09-16,Corolla,24959.53,5.34,Completed
823318,6,2024-09-14,Tacoma,27834.93,3.86,Completed
823319,12,2024-09-24,Camry,37888.22,5.65,Completed
823320,13,2024-09-02,Sienna,53795.02,5.61,Completed
823321,16,2024-09-11,Highlander,63861.65,6.06,Completed
823322,6,2024-09-23,Tacoma,30321.78,3.86,Completed
823323,3,2024-09-21,Tundra,56486.52,5.69,Completed
823324,5,2024-09-20,Prius,26318.94,5.34,Completed
823325,20,2024-09-25,Tacoma,41445.47,5.77,Cancelled
823326,7,2024-09-22,Tacoma,41161.24,5.39,Completed
823327,12,2024-09-28,RAV4,42712.41,5.65,Completed
823328,8,2024-09-07,RAV4,45479.0,5.84,Completed
823329,10,2024-09-07,Tundra,36432.8,4.88,Completed
823330,4,2024-09-23,Tundra,35485.14,3.81,Completed
823331,20,2024-09-17,Sienna,53607.12,5.77,Completed
823332,1,2024-09-12,Tundra,43447.68,5.24,Cancelled
823333,1,2024-09-16,Tundra,40790.39,5.24,Completed
823334,7,2024-09-04,RAV4,50795.1,5.39,Completed
823335,16,2024-09-30,Tundra,51221.59,6.06,Completed
823336,16,2024-09-12,Highlander,69549.38,6.06,Completed
823337,6,2024-09-29,Camry,28231.99,3.86,Completed
823338,12,2024-09-24,Sienna,49914.41,5.65,Completed
823339,14,2024-09-06,Sienna,44793.57,5.1,Completed
823340,1,2024-09-24,Corolla,25951.31,5.24,Completed
823341,14,2024-09-14,Highlander,65367.78,5.1,Completed
823342,12,2024-09-08,Prius,31355.56,5.65,Cancelled
823343,6,2024-09-30,RAV4,30771.53,3.86,Completed
823344,6,2024-09-23,Sienna,37867.36,3.86,Completed
823345,3,2024-09-26,Prius,34162.55,5.69,Completed
823346,8,2024-09-26,RAV4,45998.56,5.84,Completed
823347,3,2024-09-07,Tundra,55657.67,5.69,Completed
823348,9,2024-09-20,Prius,23310.82,4.4,Completed
823349,10,2024-09-23,Camry,31567.45,4.88,Completed
823350,6,2024-09-27,Prius,22806.42,3.86,Completed
823351,3,2024-09-15,Sienna,47464.52,5.69,Completed
823352,16,2024-09-03,Corolla,30459.39,6.06,Completed
823353,10,2024-09-27,Prius,24179.76,4.88,Completed
823354,3,2024-09-18,Highlander,64268.81,5.69,Completed
823355,4,2024-09-20,Tacoma,28511.13,3.81,Completed
823356,11,2024-09-13,RAV4,34995.39,4.16,Completed
823357,8,2024-09-17,Prius,31844.44,5.84,Completed
823358,20,2024-09-25,Sienna,47395.66,5.77,Completed
823359,15,2024-09-15,RAV4,42945.89,4.86,Completed
823360,12,2024-09-08,Sienna,44975.75,5.65,Completed
823361,19,2024-09-18,RAV4,40677.58,5.48,Completed
823362,15,2024-09-04,Tundra,46403.24,4.86,Completed
823363,1,2024-09-27,Corolla,21756.16,5.24,Completed
823364,14,2024-09-20,RAV4,44049.12,5.1,Completed
823365,9,2024-09-19,Prius,24157.26,4.4,Completed
823366,11,2024-09-28,Sienna,38413.22,4.16,Completed
823367,2,2024-09-04,Prius,24502.78,4.0,Completed
823368,9,2024-09-27,Corolla,21969.27,4.4,Completed
823369,7,2024-09-15,Tacoma,46098.0,5.39,Completed
823370,15,2024-09-18,RAV4,41040.47,4.86,Completed
823371,5,2024-09-17,Tacoma,33082.86,5.34,Completed
823372,7,2024-09-22,Corolla,31687.18,5.39,Completed
823373,13,2024-09-22,Tundra,50862.33,5.61,Pending
823374,6,2024-09-28,Corolla,21839.06,3.86,Completed
823375,16,2024-09-19,RAV4,48943.43,6.06,Completed
823376,9,2024-09-05,RAV4,34090.42,4.4,Completed
823377,11,2024-09-15,Camry,29006.47,4.16,Completed
823378,7,2024-09-03,Highlander,71453.2,5.39,Completed
823379,13,2024-09-15,Highlander,65871.13,5.61,Completed
823380,15,2024-09-13,Camry,36538.1,4.86,Completed
823381,14,2024-09-15,Camry,37339.77,5.1,Completed
823382,11,2024-09-23,Corolla,19589.21,4.16,Completed
823383,20,2024-09-13,Corolla,28330.17,5.77,Completed
823384,13,2024-09-28,Camry,42993.57,5.61,Completed
823385,9,2024-09-07,Sienna,36597.95,4.4,Completed
823386,8,2024-09-19,Camry,42266.06,5.84,Completed
823387,17,2024-09-17,Corolla,18367.36,4.51,Completed
823388,8,2024-09-06,Tacoma,42619.28,5.84,Completed
823389,4,2024-09-11,Prius,21709.31,3.81,Completed
823390,2,2024-09-19,RAV4,36111.66,4.0,Completed
823391,16,2024-09-27,Tacoma,45527.26,6.06,Completed
823392,16,2024-09-30,Tacoma,40333.15,6.06,Completed
823393,11,2024-09-10,Corolla,21129.17,4.16,Completed
823394,18,2024-09-18,Corolla,33660.61,5.68,Completed
823395,3,2024-09-23,Camry,38533.07,5.69,Completed
823396,14,2024-09-29,Highlander,65206.41,5.1,Completed
823397,7,2024-09-02,Prius,33451.08,5.39,Completed
823398,17,2024-09-14,Camry,25672.25,4.51,Completed
823399,13,2024-09-30,RAV4,45357.74,5.61,Completed
823400,20,2024-09-24,Camry,41935.53,5.77,Completed
823401,17,2024-09-02,RAV4,33660.09,4.51,Completed
823402,3,2024-09-01,Prius,37081.14,5.69,Completed
823403,19,2024-09-16,Camry,36576.28,5.48,Completed
823404,7,2024-09-29,Tacoma,47308.2,5.39,Completed
823405,7,2024-09-06,Sienna,49143.06,5.39,Cancelled
823406,8,2024-09-12,Highlander,61709.63,5.84,Completed
823407,2,2024-09-18,Tundra,41463.77,4.0,Completed
823408,14,2024-09-14,Camry,40703.76,5.1,Completed
823409,4,2024-09-09,Sienna,32445.92,3.81,Cancelled
823410,17,2024-09-10,Sienna,33899.87,4.51,Completed
823411,8,2024-09-28,Corolla,30489.88,5.84,Completed
823412,3,2024-09-24,RAV4,52204.58,5.69,Completed
823413,8,2024-09-01,Prius,31003.88,5.84,Completed
823414,5,2024-09-04,Camry,36395.5,5.34,Completed
823415,14,2024-09-17,Corolla,27457.37,5.1,Completed
823416,13,2024-09-23,Camry,39922.38,5.61,Completed
823417,5,2024-09-24,Tacoma,33699.06,5.34,Completed
823418,12,2024-09-12,Corolla,29007.38,5.65,Completed
823419,6,2024-09-26,Sienna,32726.4,3.86,Completed
823420,18,2024-09-01,Camry,42266.18,5.68,Pending
823421,14,2024-09-23,Sienna,50865.28,5.1,Completed
823422,13,2024-09-23,Corolla,27056.54,5.61,Completed
823423,13,2024-09-07,Tundra,53554.06,5.61,Completed
823424,3,2024-09-03,Highlander,65807.0,5.69,Pending
823425,9,2024-09-23,Camry,26423.87,4.4,Completed
823426,12,2024-09-25,Camry,38599.14,5.65,Completed
823427,5,2024-09-13,Tundra,39963.08,5.34,Completed
823428,8,2024-09-13,RAV4,43295.55,5.84,Completed
823429,2,2024-09-03,Prius,25864.48,4.0,Completed
823430,8,2024-09-21,Tundra,51177.94,5.84,Pending
823431,3,2024-09-08,Camry,40185.91,5.69,Completed
823432,2,2024-09-12,Tacoma,34844.53,4.0,Completed
823433,3,2024-09-27,RAV4,50863.08,5.69,Completed
823434,14,2024-09-15,Highlander,55347.98,5.1,Completed
823435,2,2024-09-17,Prius,26165.21,4.0,Completed
823436,15,2024-09-27,Highlander,64523.23,4.86,Completed
823437,13,2024-09-23,Tundra,55205.53,5.61,Completed
823438,17,2024-09-03,Sienna,33753.63,4.51,Pending
823439,18,2024-09-03,Tundra,56561.6,5.68,Completed
823440,6,2024-09-18,Tundra,33773.12,3.86,Completed
823441,3,2024-09-12,Camry,40213.88,5.69,Completed
823442,2,2024-09-18,Highlander,47408.92,4.0,Pending
823443,10,2024-09-25,Tacoma,28621.43,4.88,Completed
823444,6,2024-09-21,Corolla,21602.35,3.86,Completed
823445,11,2024-09-01,Corolla,19515.36,4.16,Completed
823446,20,2024-09-04,Prius,33231.83,5.77,Completed
823447,8,2024-09-28,Sienna,49360.2,5.84,Completed
823448,1,2024-09-05,Tundra,42423.96,5.24,Completed
823449,2,2024-09-24,Tacoma,29267.3,4.0,Completed
823450,19,2024-09-30,Tacoma,34633.01,5.48,Completed
823451,10,2024-09-18,Sienna,34225.42,4.88,Completed
823452,16,2024-09-19,RAV4,47603.76,6.06,Completed
823453,1,2024-09-04,Prius,27293.01,5.24,Completed
823454,19,2024-09-03,RAV4,39038.83,5.48,Completed
823455,16,2024-09-22,RAV4,43104.93,6.06,Completed
823456,18,2024-09-03,Sienna,48979.61,5.68,Completed
823457,4,2024-09-18,Tundra,37021.44,3.81,Completed
823458,17,2024-09-03,Tacoma,30531.36,4.51,Completed
823459,4,2024-09-05,Prius,24694.78,3.81,Completed
823460,19,2024-09-03,Tundra,44177.32,5.48,Completed
823461,20,2024-09-20,Prius,31669.05,5.77,Completed
823462,14,2024-09-13,Prius,30544.67,5.1,Completed
823463,4,2024-09-10,Camry,26775.93,3.81,Completed
823464,4,2024-09-08,Sienna,37806.52,3.81,Completed
823465,7,2024-09-27,Tacoma,40081.16,5.39,Completed
823466,2,2024-09-26,Corolla,20584.53,4.0,Completed
823467,20,2024-09-07,Prius,33679.28,5.77,Completed
823468,7,2024-09-04,Tundra,48798.65,5.39,Completed
823469,5,2024-09-27,Sienna,46167.99,5.34,Completed
823470,1,2024-09-05,Prius,25088.28,5.24,Completed
823471,12,2024-09-28,RAV4,41000.82,5.65,Completed
823472,4,2024-09-23,RAV4,29346.77,3.81,Completed
823473,14,2024-09-06,Prius,30772.77,5.1,Completed
823474,13,2024-09-05,Tundra,49349.81,5.61,Completed
823475,14,2024-09-12,Tundra,50564.79,5.1,Cancelled
823476,3,2024-09-03,Sienna,51410.98,5.69,Completed
823477,4,2024-09-08,Sienna,35155.69,3.81,Pending
823478,19,2024-09-30,Tacoma,35934.98,5.48,Completed
823479,15,2024-09-30,Tacoma,40981.94,4.86,Completed
823480,3,2024-09-29,Tacoma,48173.35,5.69,Completed
823481,16,2024-09-28,Prius,33233.8,6.06,Completed
823482,2,2024-09-07,Highlander,46729.18,4.0,Completed
823483,20,2024-09-05,Camry,38292.25,5.77,Completed
823484,12,2024-09-26,RAV4,44348.86,5.65,Completed
823485,14,2024-09-04,Camry,40520.23,5.1,Completed
823486,19,2024-09-07,Camry,34383.87,5.48,Completed
823487,7,2024-09-27,Corolla,29676.11,5.39,Completed
823488,11,2024-09-19,Camry,28200.8,4.16,Completed
823489,8,2024-09-22,RAV4,45104.1,5.84,Pending
823490,18,2024-09-09,RAV4,51979.85,5.68,Completed
823491,20,2024-09-16,Prius,33260.4,5.77,Completed
823492,12,2024-09-15,Highlander,63452.12,5.65,Completed
823493,1,2024-09-23,Tacoma,35679.47,5.24,Completed
823494,20,2024-09-10,Highlander,63404.69,5.77,Completed
823495,17,2024-09-29,Tundra,32321.98,4.51,Completed
823496,1,2024-09-16,Tacoma,35627.39,5.24,Completed
823497,18,2024-09-09,Corolla,31969.87,5.68,Completed
823498,11,2024-09-11,Tacoma,31497.47,4.16,Completed
823499,6,2024-09-20,RAV4,29989.48,3.86,Completed
823500,12,2024-09-22,Highlander,68523.26,5.65,Completed
823501,8,2024-09-10,Tundra,52432.0,5.84,Completed
823502,8,2024-09-26,Corolla,30359.77,5.84,Completed
823503,4,2024-09-04,Tacoma,30926.59,3.81,Completed
823504,7,2024-09-06,Highlander,59449.85,5.39,Completed
823505,6,2024-09-04,Sienna,38796.78,3.86,Completed
823506,3,2024-09-02,RAV4,49511.32,5.69,Completed
823507,12,2024-09-23,Corolla,28055.68,5.65,Completed
823508,12,2024-09-11,Tacoma,38847.66,5.65,Completed
823509,8,2024-09-26,Tacoma,38361.69,5.84,Completed
823510,2,2024-09-07,Highlander,52508.02,4.0,Completed
823511,2,2024-09-25,Sienna,41710.44,4.0,Completed
823512,14,2024-09-09,Corolla,29961.9,5.1,Completed
823513,20,2024-09-02,RAV4,47847.42,5.77,Completed
823514,19,2024-09-27,Corolla,27117.98,5.48,Completed
823515,15,2024-09-28,Corolla,26184.39,4.86,Completed
823516,13,2024-09-02,Camry,42618.06,5.61,Completed
823517,6,2024-09-30,Corolla,19858.32,3.86,Completed
823518,19,2024-09-06,Tundra,42787.22,5.48,Pending
823519,5,2024-09-30,Sienna,44646.17,5.34,Completed
823520,10,2024-09-09,Highlander,48404.61,4.88,Completed
823521,17,2024-09-19,Camry,29512.8,4.51,Completed
823522,19,2024-09-07,Corolla,23281.98,5.48,Cancelled
823523,13,2024-09-16,Tacoma,41341.18,5.61,Pending
823524,15,2024-09-20,Prius,34575.35,4.86,Completed
823525,2,2024-09-07,Tacoma,32819.8,4.0,Completed
823526,4,2024-09-02,Highlander,40428.86,3.81,Completed
823527,3,2024-09-15,Tacoma,48105.28,5.69,Completed
823528,19,2024-09-03,Tacoma,39964.57,5.48,Completed
823529,6,2024-09-30,Sienna,34970.42,3.86,Completed
823530,10,2024-09-06,Prius,24527.58,4.88,Completed
823531,15,2024-09-15,Highlander,64965.56,4.86,Completed
823532,14,2024-09-12,Prius,29220.0,5.1,Completed
823533,6,2024-09-13,Camry,28164.16,3.86,Completed
823534,11,2024-09-27,Corolla,19766.14,4.16,Completed
823535,7,2024-09-12,Prius,32566.44,5.39,Completed
823536,11,2024-09-02,Tacoma,33567.1,4.16,Completed
823537,14,2024-09-25,Tundra,50370.9,5.1,Completed
823538,19,2024-09-24,Camry,31711.93,5.48,Completed
823539,6,2024-09-01,Tundra,34063.49,3.86,Completed
823540,6,2024-09-20,Corolla,19518.45,3.86,Completed
823541,16,2024-09-10,Tacoma,46301.86,6.06,Completed
823542,13,2024-09-15,Highlander,62015.13,5.61,Completed
823543,8,2024-09-12,RAV4,48871.32,5.84,Completed
823544,3,2024-09-07,RAV4,50733.33,5.69,Completed
823545,16,2024-09-01,RAV4,43639.76,6.06,Completed
823546,5,2024-09-07,Tacoma,38357.6,5.34,Completed
823547,11,2024-09-14,Tacoma,33907.55,4.16,Completed
823548,4,2024-09-28,Camry,25404.75,3.81,Completed
823549,12,2024-09-29,RAV4,45769.32,5.65,Completed
823550,16,2024-09-09,Camry,38868.86,6.06,Completed
823551,6,2024-09-04,Tundra,37001.77,3.86,Completed
823552,1,2024-09-10,Highlander,52960.25,5.24,Completed
823553,6,2024-09-30,Camry,28397.31,3.86,Completed
823554,13,2024-09-08,Tundra,49575.57,5.61,Completed
823555,7,2024-09-21,Camry,36771.27,5.39,Completed
823556,12,2024-09-23,Tundra,51063.76,5.65,Completed
823557,3,2024-09-25,Highlander,60773.34,5.69,Completed
823558,15,2024-09-25,Camry,37803.01,4.86,Completed
823559,6,2024-09-07,Prius,24145.49,3.86,Completed
823560,13,2024-09-28,Corolla,27246.73,5.61,Completed
823561,11,2024-09-13,Tundra,36072.86,4.16,Completed
823562,3,2024-09-19,Highlander,67577.7,5.69,Completed
823563,13,2024-09-17,Tundra,48295.61,5.61,Completed
823564,20,2024-09-11,Camry,36816.28,5.77,Completed
823565,10,2024-09-08,Camry,29677.81,4.88,Completed
823566,15,2024-09-03,Tundra,48757.6,4.86,Completed
823567,7,2024-09-10,RAV4,47230.56,5.39,Pending
823568,18,2024-09-20,Camry,41423.98,5.68,Completed
823569,13,2024-09-28,RAV4,49206.74,5.61,Completed
823570,10,2024-09-17,Camry,31897.94,4.88,Completed
823571,18,2024-09-30,Corolla,31549.79,5.68,Completed
823572,14,2024-09-14,Sienna,51529.14,5.1,Completed
823573,9,2024-09-03,Sienna,38796.3,4.4,Completed
823574,18,2024-09-27,Corolla,32958.91,5.68,Completed
823575,15,2024-09-15,Tundra,45051.38,4.86,Completed
823576,17,2024-09-06,RAV4,31739.64,4.51,Completed
823577,17,2024-09-13,Sienna,32990.43,4.51,Completed
823578,3,2024-09-03,Highlander,64574.43,5.69,Completed
823579,6,2024-09-24,Sienna,34950.3,3.86,Completed
823580,2,2024-09-10,Sienna,38244.8,4.0,Completed
823581,11,2024-09-14,Corolla,20941.73,4.16,Completed
823582,17,2024-09-15,Camry,29625.27,4.51,Completed
823583,18,2024-09-26,Camry,40532.9,5.68,Completed
823584,7,2024-09-01,Prius,36302.93,5.39,Completed
823585,7,2024-09-12,Camry,43141.73,5.39,Completed
823586,17,2024-09-25,RAV4,29661.99,4.51,Completed
823587,20,2024-09-08,Tundra,47599.27,5.77,Completed
823588,18,2024-09-26,Prius,34082.02,5.68,Completed
823589,13,2024-09-07,Tacoma,40434.82,5.61,Completed
823590,20,2024-09-28,Camry,38640.89,5.77,Completed
823591,7,2024-09-04,Highlander,64852.63,5.39,Completed
823592,16,2024-09-29,Highlander,69436.2,6.06,Completed
823593,19,2024-09-19,RAV4,36499.7,5.48,Completed
823594,14,2024-09-23,Tacoma,39726.49,5.1,Completed
823595,2,2024-09-07,RAV4,32451.2,4.0,Completed
823596,12,2024-09-20,Sienna,52098.18,5.65,Completed
823597,8,2024-09-05,Corolla,29702.04,5.84,Completed
823598,19,2024-09-14,RAV4,37485.16,5.48,Completed
823599,8,2024-09-10,Prius,33114.66,5.84,Completed
823600,7,2024-09-24,Corolla,31850.21,5.39,Completed
823601,9,2024-09-06,Corolla,20615.38,4.4,Completed
823602,20,2024-09-09,Corolla,28794.32,5.77,Completed
823603,19,2024-09-02,Corolla,23333.6,5.48,Completed
823604,1,2024-09-18,Corolla,26197.35,5.24,Completed
823605,9,2024-09-09,Camry,29748.39,4.4,Completed
823606,6,2024-09-28,Prius,21149.88,3.86,Completed
823607,16,2024-09-02,RAV4,49608.51,6.06,Pending
823608,19,2024-09-02,Sienna,40989.12,5.48,Completed
823609,12,2024-09-08,Prius,34830.62,5.65,Cancelled
823610,15,2024-09-14,Camry,36446.39,4.86,Completed
823611,5,2024-09-13,Camry,36464.89,5.34,Completed
823612,1,2024-09-27,Highlander,50567.81,5.24,Completed
823613,10,2024-09-26,Highlander,49855.37,4.88,Completed
823614,19,2024-09-20,Tundra,40464.34,5.48,Completed
823615,10,2024-09-12,Camry,29304.07,4.88,Completed
823616,9,2024-09-10,Tacoma,32347.33,4.4,Completed
823617,10,2024-09-15,Highlander,52297.27,4.88,Completed
823618,13,2024-09-19,RAV4,43946.93,5.61,Completed
823619,15,2024-09-15,RAV4,47731.06,4.86,Completed
823620,1,2024-09-10,Corolla,24655.15,5.24,Completed
823621,11,2024-09-16,Tundra,35705.97,4.16,Completed
823622,6,2024-09-21,RAV4,31959.83,3.86,Completed
823623,9,2024-09-05,Prius,22484.61,4.4,Completed
823624,14,2024-09-19,Sienna,52380.85,5.1,Completed
823625,20,2024-09-18,Highlander,58292.85,5.77,Completed
823626,12,2024-09-08,Prius,33735.85,5.65,Completed
823627,13,2024-09-24,Corolla,29884.98,5.61,Completed
823628,5,2024-09-17,RAV4,39572.24,5.34,Completed
823629,18,2024-09-14,Highlander,71330.04,5.68,Completed
823630,1,2024-09-21,Highlander,50615.84,5.24,Completed
823631,9,2024-09-27,Corolla,21038.53,4.4,Completed
823632,1,2024-09-18,Tundra,41885.2,5.24,Completed
823633,12,2024-09-07,RAV4,47257.93,5.65,Completed
823634,11,2024-09-15,Corolla,20515.61,4.16,Completed
823635,18,2024-09-09,RAV4,49431.81,5.68,Completed
823636,19,2024-09-07,Tacoma,35906.12,5.48,Completed
823637,8,2024-09-25,Prius,33959.02,5.84,Completed
823638,17,2024-09-15,Camry,25956.38,4.51,Completed
823639,7,2024-09-03,Sienna,49856.76,5.39,Completed
823640,19,2024-09-03,Corolla,24258.64,5.48,Completed
823641,1,2024-09-29,Prius,28708.94,5.24,Completed
823642,18,2024-09-14,Sienna,58656.48,5.68,Completed
823643,7,2024-09-08,Highlander,63636.88,5.39,Completed
823644,16,2024-09-05,Sienna,52785.51,6.06,Completed
823645,1,2024-09-15,Sienna,38203.1,5.24,Completed
823646,6,2024-09-01,Sienna,33826.17,3.86,Completed
823647,14,2024-09-22,Camry,39172.54,5.1,Completed
823648,14,2024-09-12,Corolla,29747.59,5.1,Cancelled
823649,12,2024-09-03,Highlander,68844.01,5.65,Completed
823650,9,2024-09-19,RAV4,34219.68,4.4,Completed
823651,10,2024-09-14,Corolla,22996.09,4.88,Completed
823652,12,2024-09-22,Sienna,52612.02,5.65,Completed
823653,6,2024-09-13,Corolla,20133.73,3.86,Completed
823654,9,2024-09-17,Tacoma,31867.61,4.4,Completed
823655,12,2024-09-07,Tacoma,40011.34,5.65,Completed
823656,11,2024-09-17,Sienna,39963.13,4.16,Completed
823657,8,2024-09-17,RAV4,42355.85,5.84,Completed
823658,9,2024-09-10,Tundra,38372.7,4.4,Pending
823659,2,2024-09-23,Tacoma,31716.13,4.0,Completed
823660,6,2024-09-30,Sienna,38748.55,3.86,Completed
823661,19,2024-09-11,Prius,27065.63,5.48,Completed
823662,6,2024-09-18,Tacoma,27975.01,3.86,Completed
823663,2,2024-09-30,Corolla,20348.99,4.0,Completed
823664,1,2024-09-24,Highlander,56781.3,5.24,Completed
823665,8,2024-09-09,Corolla,29776.76,5.84,Completed
823666,11,2024-09-24,Corolla,21727.46,4.16,Completed
823667,6,2024-09-25,Highlander,44452.96,3.86,Completed
823668,10,2024-09-28,RAV4,36966.2,4.88,Completed
823669,17,2024-09-11,Tacoma,29780.21,4.51,Completed
823670,4,2024-09-22,Sienna,37645.11,3.81,Completed
823671,3,2024-09-09,Corolla,31908.82,5.69,Completed
823672,4,2024-09-11,Prius,22901.97,3.81,Completed
823673,7,2024-09-07,RAV4,46491.07,5.39,Completed
823674,20,2024-09-30,Prius,35108.69,5.77,Completed
823675,20,2024-09-17,Sienna,48262.45,5.77,Completed
823676,18,2024-09-22,Tacoma,49619.31,5.68,Completed
823677,15,2024-09-22,Prius,30265.26,4.86,Completed
823678,1,2024-09-20,Camry,35115.29,5.24,Completed
823679,6,2024-09-26,RAV4,33011.63,3.86,Completed
823680,16,2024-09-12,Tacoma,39356.11,6.06,Completed
823681,13,2024-09-12,Tundra,50249.9,5.61,Completed
823682,18,2024-09-27,Camry,38856.88,5.68,Completed
823683,18,2024-09-07,Corolla,33269.73,5.68,Completed
823684,9,2024-09-08,Highlander,43595.12,4.4,Completed
823685,13,2024-09-28,Highlander,68586.44,5.61,Completed
823686,14,2024-09-22,Tacoma,41121.48,5.1,Completed
823687,3,2024-09-19,RAV4,50194.61,5.69,Completed
823688,10,2024-09-07,Tundra,38801.8,4.88,Completed
823689,8,2024-09-16,Tacoma,45108.81,5.84,Completed
823690,1,2024-09-01,Sienna,42212.53,5.24,Completed
823691,8,2024-09-30,Prius,30695.37,5.84,Completed
823692,12,2024-09-18,Camry,35350.95,5.65,Completed
823693,14,2024-09-30,Sienna,45834.95,5.1,Completed
823694,7,2024-09-26,Tacoma,47189.41,5.39,Completed
823695,18,2024-09-11,Camry,38406.66,5.68,Completed
823696,3,2024-09-26,Highlander,68494.48,5.69,Cancelled
823697,5,2024-09-04,Tundra,46575.06,5.34,Completed
823698,5,2024-09-22,Sienna,42447.26,5.34,Completed
823699,18,2024-09-28,Tacoma,43694.19,5.68,Completed
823700,4,2024-09-23,Prius,21403.1,3.81,Completed
823701,7,2024-09-27,Sienna,53007.27,5.39,Completed
823702,14,2024-09-02,Highlander,63011.7,5.1,Completed
823703,5,2024-09-04,Sienna,46504.54,5.34,Completed
823704,12,2024-09-13,RAV4,45333.94,5.65,Completed
823705,7,2024-09-26,Camry,38165.8,5.39,Completed
823706,12,2024-09-02,Highlander,65671.35,5.65,Completed
823707,4,2024-09-10,Corolla,20765.47,3.81,Completed
823708,2,2024-09-22,Camry,30874.49,4.0,Completed
823709,13,2024-09-29,Tacoma,46017.33,5.61,Completed
823710,11,2024-09-18,RAV4,33875.8,4.16,Completed
823711,16,2024-09-15,Prius,32087.72,6.06,Completed
823712,7,2024-09-11,Camry,38868.26,5.39,Completed
823713,2,2024-09-12,Camry,29792.75,4.0,Completed
823714,12,2024-09-24,Sienna,49653.13,5.65,Completed
823715,2,2024-09-26,Corolla,20882.75,4.0,Completed
823716,17,2024-09-30,Camry,29594.93,4.51,Completed
823717,19,2024-09-20,Corolla,26227.58,5.48,Completed
823718,11,2024-09-28,Corolla,19811.7,4.16,Completed
823719,14,2024-09-14,Tundra,50103.69,5.1,Completed
823720,7,2024-09-18,RAV4,46170.27,5.39,Completed
823721,9,2024-09-22,Highlander,49496.36,4.4,Completed
823722,8,2024-09-02,Prius,32809.03,5.84,Pending
823723,11,2024-09-10,Corolla,20829.3,4.16,Completed
823724,1,2024-09-10,Tacoma,36995.42,5.24,Completed
823725,16,2024-09-11,Tacoma,42720.68,6.06,Completed
823726,7,2024-09-02,Prius,33030.01,5.39,Completed
823727,8,2024-09-06,Corolla,30394.19,5.84,Completed
823728,8,2024-09-20,Sienna,51301.8,5.84,Completed
823729,17,2024-09-17,Sienna,37359.38,4.51,Pending
823730,1,2024-09-20,Tacoma,36751.03,5.24,Completed
823731,1,2024-09-01,RAV4,38220.44,5.24,Completed
823732,6,2024-09-03,Prius,25210.1,3.86,Completed
823733,7,2024-09-19,Prius,31559.99,5.39,Completed
823734,4,2024-09-01,Tacoma,28346.22,3.81,Completed
823735,19,2024-09-17,Tundra,47653.24,5.48,Completed
823736,10,2024-09-30,Tundra,38551.18,4.88,Completed
823737,16,2024-09-29,Sienna,46338.05,6.06,Completed
823738,2,2024-09-18,Corolla,23324.95,4.0,Completed
823739,20,2024-09-21,Prius,35139.89,5.77,Completed
823740,8,2024-09-19,Corolla,25904.82,5.84,Completed
823741,3,2024-09-13,Highlander,60925.37,5.69,Completed
823742,13,2024-09-27,Prius,37453.23,5.61,Pending
823743,17,2024-09-10,RAV4,31270.78,4.51,Completed
823744,9,2024-09-09,Highlander,44185.38,4.4,Cancelled
823745,16,2024-09-19,Tacoma,42970.55,6.06,Completed
823746,16,2024-09-29,Sienna,50589.22,6.06,Completed
823747,20,2024-09-24,Corolla,26975.15,5.77,Completed
823748,20,2024-09-11,Prius,32016.8,5.77,Completed
823749,11,2024-09-18,Highlander,50192.5,4.16,Completed
823750,3,2024-09-10,Tundra,53040.61,5.69,Completed
823751,13,2024-09-19,Camry,37739.08,5.61,Completed
823752,12,2024-09-01,Tundra,48949.36,5.65,Completed
823753,1,2024-09-28,Prius,28893.97,5.24,Completed
823754,16,2024-09-22,Prius,30550.47,6.06,Completed
823755,14,2024-09-05,Tundra,43542.69,5.1,Completed
823756,4,2024-09-10,Sienna,38069.47,3.81,Completed
823757,20,2024-09-10,Tacoma,38935.52,5.77,Completed
823758,12,2024-09-13,Highlander,64788.53,5.65,Cancelled
823759,8,2024-09-15,Tacoma,39680.73,5.84,Completed
823760,4,2024-09-01,Prius,23084.44,3.81,Completed
823761,15,2024-09-06,Tundra,48670.49,4.86,Completed
823762,10,2024-09-01,Tundra,35739.72,4.88,Completed
823763,14,2024-09-22,Camry,35300.71,5.1,Completed
823764,16,2024-09-07,Corolla,27650.38,6.06,Completed
823765,4,2024-09-10,Corolla,19112.06,3.81,Completed
823766,12,2024-09-06,Camry,36428.13,5.65,Completed
823767,9,2024-09-19,Prius,23780.7,4.4,Completed
823768,11,2024-09-12,Corolla,22599.16,4.16,Completed
823769,3,2024-09-11,Tundra,55904.45,5.69,Completed
823770,17,2024-09-09,Sienna,32657.66,4.51,Completed
823771,12,2024-09-22,Tundra,49620.89,5.65,Completed
823772,5,2024-09-19,Tundra,40362.99,5.34,Completed
823773,4,2024-09-18,Highlander,41083.74,3.81,Completed
823774,14,2024-09-21,Tundra,52165.03,5.1,Completed
823775,17,2024-09-13,Tacoma,29155.16,4.51,Completed
823776,1,2024-09-02,Tundra,41751.69,5.24,Completed
823777,11,2024-09-25,Tacoma,32789.94,4.16,Completed
823778,2,2024-09-03,Camry,31401.71,4.0,Completed
823779,12,2024-09-02,Sienna,47280.83,5.65,Completed
823780,13,2024-09-13,Sienna,57440.72,5.61,Completed
823781,18,2024-09-04,RAV4,46608.37,5.68,Completed
823782,8,2024-09-30,Sienna,46423.03,5.84,Completed
823783,7,2024-09-14,Highlander,71595.01,5.39,Completed
823784,8,2024-09-07,Highlander,68519.99,5.84,Completed
823785,10,2024-09-17,Prius,22900.05,4.88,Completed
823786,16,2024-09-24,Sienna,53859.0,6.06,Completed
823787,11,2024-09-18,Tacoma,28592.59,4.16,Completed
823788,10,2024-09-26,Sienna,39211.55,4.88,Pending
823789,15,2024-09-09,Tundra,53196.14,4.86,Completed
823790,20,2024-09-05,Camry,37243.45,5.77,Pending
823791,12,2024-09-05,Camry,41695.21,5.65,Completed
823792,18,2024-09-11,RAV4,48049.11,5.68,Completed
823793,3,2024-09-10,Highlander,66861.53,5.69,Completed
823794,4,2024-09-27,Highlander,45760.86,3.81,Completed
823795,18,2024-09-17,Prius,34934.96,5.68,Completed
823796,6,2024-09-17,Tundra,38002.38,3.86,Completed
823797,2,2024-09-25,Tacoma,33930.72,4.0,Completed
823798,8,2024-09-25,RAV4,47678.29,5.84,Completed
823799,20,2024-09-25,Camry,37935.01,5.77,Completed
823800,7,2024-09-09,Sienna,48974.42,5.39,Completed
823801,14,2024-09-02,Corolla,28620.74,5.1,Completed
823802,11,2024-09-23,RAV4,33232.02,4.16,Completed
823803,9,2024-09-06,Corolla,20076.25,4.4,Completed
823804,11,2024-09-01,Tundra,37031.56,4.16,Completed
823805,2,2024-09-13,Highlander,53072.32,4.0,Completed
823806,3,2024-09-09,Highlander,68364.35,5.69,Completed
823807,2,2024-09-22,Prius,24904.53,4.0,Completed
823808,20,2024-09-24,Highlander,70076.31,5.77,Completed
823809,1,2024-09-20,Tundra,41353.79,5.24,Completed
823810,7,2024-09-16,Tacoma,43849.8,5.39,Pending
823811,11,2024-09-17,Tundra,34768.54,4.16,Completed
823812,14,2024-09-19,Tundra,51259.12,5.1,Completed
823813,10,2024-09-02,Sienna,34087.32,4.88,Completed
823814,3,2024-09-19,Corolla,27363.3,5.69,Completed
823815,4,2024-09-08,Tacoma,27984.49,3.81,Completed
823816,1,2024-09-21,Corolla,25248.45,5.24,Completed
823817,13,2024-09-24,Tacoma,44337.28,5.61,Completed
823818,20,2024-09-06,RAV4,47170.24,5.77,Completed
823819,1,2024-09-16,Tacoma,32058.19,5.24,Completed
823820,17,2024-09-12,Camry,29877.2,4.51,Completed
823821,6,2024-09-07,Camry,28218.92,3.86,Completed
823822,10,2024-09-03,Camry,27343.19,4.88,Completed
823823,17,2024-09-07,Camry,29820.13,4.51,Completed
823824,1,2024-09-28,Highlander,51703.02,5.24,Completed
823825,17,2024-09-22,Corolla,22093.93,4.51,Completed
823826,16,2024-09-06,Camry,39560.33,6.06,Cancelled
823827,9,2024-09-28,Highlander,44500.1,4.4,Completed
823828,19,2024-09-27,Sienna,45410.14,5.48,Completed
823829,5,2024-09-24,Highlander,49457.95,5.34,Completed
823830,5,2024-09-23,Highlander,54565.96,5.34,Completed
823831,10,2024-09-28,Camry,31765.87,4.88,Completed
823832,4,2024-09-19,Prius,24459.29,3.81,Completed
823833,15,2024-09-05,Prius,33876.05,4.86,Completed
823834,8,2024-09-16,Camry,41622.22,5.84,Completed
823835,9,2024-09-17,Sienna,33464.4,4.4,Completed
823836,7,2024-09-22,Prius,33055.24,5.39,Completed
823837,3,2024-09-27,Camry,38196.23,5.69,Completed
823838,15,2024-09-04,RAV4,47169.1,4.86,Completed
823839,5,2024-09-19,Tacoma,35410.44,5.34,Completed
823840,13,2024-09-29,Tacoma,42232.37,5.61,Cancelled
823841,20,2024-09-19,Highlander,62748.07,5.77,Completed
823842,6,2024-09-30,Highlander,48413.59,3.86,Completed
823843,17,2024-09-26,Tacoma,32290.97,4.51,Completed
823844,11,2024-09-14,RAV4,30250.23,4.16,Completed
823845,7,2024-09-04,Highlander,68248.44,5.39,Completed
823846,9,2024-09-28,Tundra,36797.76,4.4,Completed
823847,13,2024-09-10,Sienna,56780.73,5.61,Completed
823848,4,2024-09-05,RAV4,32625.74,3.81,Completed
823849,5,2024-09-11,RAV4,40695.38,5.34,Completed
823850,2,2024-09-15,Sienna,40724.84,4.0,Completed
823851,5,2024-09-14,Tundra,42634.43,5.34,Completed
823852,6,2024-09-11,Tacoma,27908.78,3.86,Completed
823853,7,2024-09-29,Camry,38473.72,5.39,Completed
823854,18,2024-09-06,Prius,31678.52,5.68,Completed
823855,2,2024-09-12,Corolla,20356.39,4.0,Completed
823856,12,2024-09-22,Corolla,30952.1,5.65,Completed
823857,4,2024-09-09,Sienna,35774.04,3.81,Completed
823858,7,2024-09-01,RAV4,44749.65,5.39,Cancelled
823859,8,2024-09-25,Highlander,67024.09,5.84,Completed
823860,17,2024-09-13,RAV4,29386.83,4.51,Completed
823861,18,2024-09-27,RAV4,45235.23,5.68,Completed
823862,15,2024-09-22,Tacoma,38604.57,4.86,Completed
823863,15,2024-09-03,Tundra,54138.76,4.86,Completed
823864,14,2024-09-16,Camry,39598.28,5.1,Pending
823865,10,2024-09-12,RAV4,37684.13,4.88,Completed
823866,2,2024-09-06,RAV4,34741.58,4.0,Completed
823867,6,2024-09-08,Sienna,38068.79,3.86,Completed
823868,17,2024-09-18,Sienna,38209.33,4.51,Completed
823869,8,2024-09-09,RAV4,50389.45,5.84,Completed
823870,4,2024-09-08,Corolla,19092.95,3.81,Completed
823871,4,2024-09-17,Corolla,19099.88,3.81,Completed
823872,1,2024-09-19,Tundra,40914.87,5.24,Completed
823873,1,2024-09-01,Prius,24655.79,5.24,Completed
823874,20,2024-09-07,RAV4,50376.68,5.77,Completed
823875,20,2024-09-23,RAV4,46291.57,5.77,Completed
823876,18,2024-09-27,Tundra,51780.66,5.68,Completed
823877,17,2024-09-12,Highlander,43847.65,4.51,Completed
823878,16,2024-09-12,Sienna,56086.19,6.06,Completed
823879,1,2024-09-16,Prius,25875.61,5.24,Pending
823880,14,2024-09-15,Corolla,26889.67,5.1,Completed
823881,11,2024-09-03,Corolla,20005.22,4.16,Completed
823882,12,2024-09-17,RAV4,42791.66,5.65,Completed
823883,4,2024-09-27,RAV4,32048.44,3.81,Completed
823884,12,2024-09-08,Camry,39310.95,5.65,Cancelled
823885,16,2024-09-22,Prius,36004.59,6.06,Completed
823886,4,2024-09-26,Tacoma,28133.99,3.81,Completed
823887,6,2024-09-07,Prius,24567.46,3.86,Completed
823888,13,2024-09-04,Corolla,31078.37,5.61,Completed
823889,8,2024-09-25,Corolla,31504.27,5.84,Completed
823890,5,2024-09-21,Prius,25350.57,5.34,Completed
823891,14,2024-09-13,Corolla,28869.43,5.1,Completed
823892,15,2024-09-25,Prius,29132.27,4.86,Completed
823893,2,2024-09-16,Tundra,41239.81,4.0,Completed
823894,8,2024-09-04,Tundra,54107.49,5.84,Completed
823895,19,2024-09-10,Camry,31295.2,5.48,Pending
823896,13,2024-09-19,Camry,41688.31,5.61,Completed
823897,6,2024-09-19,Highlander,41240.82,3.86,Completed
823898,17,2024-09-03,Tacoma,27969.21,4.51,Completed
823899,1,2024-09-12,Sienna,38188.36,5.24,Completed
823900,6,2024-09-13,RAV4,35286.61,3.86,Completed
823901,18,2024-09-24,Prius,34425.12,5.68,Pending
823902,5,2024-09-10,Tacoma,35291.67,5.34,Completed
823903,19,2024-09-01,Prius,27146.29,5.48,Completed
823904,14,2024-09-22,Tundra,49139.38,5.1,Completed
823905,4,2024-09-08,RAV4,34555.95,3.81,Cancelled
823906,2,2024-09-25,RAV4,34016.88,4.0,Completed
823907,2,2024-09-03,Prius,26438.5,4.0,Completed
823908,11,2024-09-12,Camry,25829.64,4.16,Completed
823909,1,2024-09-14,Corolla,25938.91,5.24,Completed
823910,12,2024-09-29,Prius,33220.71,5.65,Completed
823911,11,2024-09-06,Corolla,22785.74,4.16,Completed
823912,16,2024-09-13,Highlander,60559.21,6.06,Completed
823913,1,2024-09-02,RAV4,35801.01,5.24,Completed
823914,10,2024-09-28,RAV4,33468.06,4.88,Pending
823915,4,2024-09-04,Tacoma,30505.73,3.81,Completed
823916,4,2024-09-09,Tacoma,27787.84,3.81,Completed
823917,6,2024-09-03,Corolla,20504.91,3.86,Completed
823918,10,2024-09-18,Tundra,41298.89,4.88,Completed
823919,11,2024-09-28,RAV4,30536.05,4.16,Completed
823920,3,2024-09-06,RAV4,45325.07,5.69,Completed
823921,3,2024-09-02,RAV4,46410.43,5.69,Completed
823922,7,2024-09-21,Sienna,54124.32,5.39,Completed
823923,15,2024-09-02,Camry,38952.26,4.86,Completed
823924,14,2024-09-28,Tacoma,39847.05,5.1,Completed
823925,13,2024-09-06,Tacoma,44799.66,5.61,Completed
823926,8,2024-09-14,Camry,40357.39,5.84,Completed
823927,4,2024-09-01,RAV4,30494.91,3.81,Completed
823928,12,2024-09-30,Tacoma,45096.41,5.65,Completed
823929,19,2024-09-05,Camry,34259.4,5.48,Completed
823930,10,2024-09-11,Camry,31294.02,4.88,Completed
823931,18,2024-09-16,RAV4,51297.7,5.68,Completed
823932,11,2024-09-19,Sienna,35383.29,4.16,Completed
823933,4,2024-09-27,RAV4,30391.26,3.81,Completed
823934,16,2024-09-04,Sienna,56382.82,6.06,Completed
823935,1,2024-09-23,Camry,35662.22,5.24,Completed
823936,5,2024-09-12,Highlander,51310.09,5.34,Completed
823937,16,2024-09-23,Highlander,69738.97,6.06,Completed
823938,6,2024-09-05,Sienna,33036.95,3.86,Completed
823939,12,2024-09-03,Corolla,25737.98,5.65,Pending
823940,18,2024-09-27,Sienna,52099.87,5.68,Completed
823941,9,2024-09-28,Highlander,41818.41,4.4,Completed
823942,16,2024-09-28,Tundra,48818.84,6.06,Completed
823943,11,2024-09-09,Sienna,37535.7,4.16,Completed
823944,7,2024-09-07,Sienna,48344.13,5.39,Completed
823945,18,2024-09-19,Camry,40959.06,5.68,Completed
823946,5,2024-09-14,Tundra,44358.64,5.34,Completed
823947,3,2024-09-26,Tacoma,40828.58,5.69,Completed
823948,19,2024-09-10,Camry,35483.02,5.48,Completed
823949,13,2024-09-04,Tundra,54910.7,5.61,Completed
823950,5,2024-09-23,RAV4,38488.32,5.34,Completed
823951,16,2024-09-15,Tundra,46985.33,6.06,Completed
823952,17,2024-09-05,Highlander,44085.67,4.51,Completed
823953,5,2024-09-02,Corolla,26149.27,5.34,Completed
823954,3,2024-09-08,Corolla,30159.69,5.69,Completed
823955,20,2024-09-25,Corolla,27378.56,5.77,Pending
823956,18,2024-09-17,Highlander,69175.02,5.68,Completed
823957,19,2024-09-03,Tundra,47378.17,5.48,Completed
823958,20,2024-09-19,RAV4,42003.06,5.77,Completed
823959,1,2024-09-11,Tacoma,38544.97,5.24,Completed
823960,14,2024-09-11,Corolla,30152.38,5.1,Completed
823961,8,2024-09-11,Tundra,49263.95,5.84,Completed
823962,6,2024-09-27,Tacoma,27373.97,3.86,Completed
823963,3,2024-09-28,Sienna,56662.31,5.69,Completed
823964,20,2024-09-14,Corolla,30503.72,5.77,Completed
823965,5,2024-09-05,Tundra,46590.98,5.34,Completed
823966,12,2024-09-24,Prius,35465.48,5.65,Completed
823967,10,2024-09-07,Highlander,52202.57,4.88,Completed
823968,7,2024-09-03,Prius,34937.67,5.39,Completed
823969,18,2024-09-29,Corolla,33246.14,5.68,Pending
823970,17,2024-09-30,RAV4,32668.38,4.51,Completed
823971,11,2024-09-06,Tundra,34003.74,4.16,Completed
823972,15,2024-09-25,Highlander,67736.06,4.86,Completed
823973,1,2024-09-22,Tacoma,32986.87,5.24,Completed
823974,1,2024-09-03,Highlander,50174.36,5.24,Completed
823975,8,2024-09-30,RAV4,46390.65,5.84,Completed
823976,11,2024-09-06,RAV4,36598.7,4.16,Completed
823977,15,2024-09-15,Tundra,53482.41,4.86,Completed
823978,2,2024-09-17,Tacoma,34966.27,4.0,Completed
823979,6,2024-09-24,Sienna,32291.29,3.86,Completed
823980,3,2024-09-24,Corolla,31964.76,5.69,Completed
823981,16,2024-09-07,Sienna,47897.63,6.06,Completed
823982,19,2024-09-17,Sienna,43072.53,5.48,Completed
823983,18,2024-09-27,Sienna,51485.22,5.68,Completed
823984,16,2024-09-26,Tundra,51920.55,6.06,Completed
823985,12,2024-09-18,Highlander,67945.42,5.65,Completed
823986,19,2024-09-16,Sienna,39908.67,5.48,Completed
823987,5,2024-09-13,Camry,31592.32,5.34,Cancelled
823988,12,2024-09-27,Tundra,52585.16,5.65,Completed
823989,10,2024-09-03,RAV4,35701.26,4.88,Completed
823990,18,2024-09-03,RAV4,50817.62,5.68,Completed
823991,20,2024-09-17,Tundra,55183.83,5.77,Completed
823992,9,2024-09-12,Corolla,20064.04,4.4,Completed
823993,19,2024-09-14,RAV4,43057.96,5.48,Completed
823994,17,2024-09-07,Prius,20930.8,4.51,Completed
823995,19,2024-09-17,Highlander,57741.91,5.48,Pending
823996,14,2024-09-27,Highlander,56686.9,5.1,Completed
823997,6,2024-09-06,RAV4,33221.47,3.86,Completed
823998,20,2024-09-03,Tundra,50445.95,5.77,Completed
823999,4,2024-09-11,Prius,23667.91,3.81,Completed
824000,15,2024-09-12,Tundra,51200.0,4.86,Completed
824001,18,2024-09-21,Tacoma,48334.17,5.68,Completed
824002,1,2024-09-15,RAV4,37710.48,5.24,Completed
824003,2,2024-09-20,Corolla,23249.5,4.0,Pending
824004,4,2024-09-22,Tacoma,31247.79,3.81,Cancelled
824005,7,2024-09-10,RAV4,48933.21,5.39,Completed
824006,3,2024-09-20,Corolla,28296.27,5.69,Completed
824007,20,2024-09-17,Camry,36110.55,5.77,Completed
824008,11,2024-09-07,RAV4,34571.34,4.16,Completed
824009,3,2024-09-15,Highlander,62989.24,5.69,Completed
824010,9,2024-09-10,Prius,21802.23,4.4,Completed
824011,7,2024-09-15,Highlander,69916.59,5.39,Completed
824012,7,2024-09-24,Camry,39534.3,5.39,Completed
824013,19,2024-09-29,Camry,34853.31,5.48,Completed
824014,9,2024-09-27,Prius,25645.6,4.4,Completed
824015,12,2024-09-05,Corolla,30873.27,5.65,Completed
824016,16,2024-09-17,Prius,31275.21,6.06,Completed
824017,16,2024-09-20,Corolla,28178.15,6.06,Cancelled
824018,16,2024-09-27,Camry,39387.93,6.06,Completed
824019,19,2024-09-16,Prius,28240.36,5.48,Completed
824020,18,2024-09-19,Sienna,53467.81,5.68,Completed
824021,12,2024-09-27,Tundra,53832.29,5.65,Completed
824022,15,2024-09-03,RAV4,43638.62,4.86,Completed
824023,12,2024-09-14,Corolla,27528.8,5.65,Completed
824024,12,2024-09-08,Tundra,54022.23,5.65,Completed
824025,15,2024-09-27,Tundra,53299.57,4.86,Completed
824026,4,2024-09-05,RAV4,34609.26,3.81,Pending
824027,15,2024-09-09,Sienna,51888.56,4.86,Completed
824028,9,2024-09-26,Camry,29011.02,4.4,Completed
824029,8,2024-09-17,Tacoma,40751.18,5.84,Completed
824030,3,2024-09-30,Prius,35625.78,5.69,Completed
824031,7,2024-09-16,Corolla,30602.82,5.39,Completed
824032,17,2024-09-12,Corolla,19015.56,4.51,Completed
824033,6,2024-09-26,Camry,28068.06,3.86,Completed
824034,15,2024-09-27,Camry,39036.03,4.86,Completed
824035,1,2024-09-15,Tacoma,32302.17,5.24,Completed
824036,3,2024-09-13,Corolla,27989.68,5.69,Completed
824037,8,2024-09-06,Camry,42203.01,5.84,Completed
824038,17,2024-09-08,Tacoma,28081.98,4.51,Completed
824039,16,2024-09-07,Highlander,70842.05,6.06,Completed
824040,5,2024-09-14,Highlander,58861.24,5.34,Pending
824041,11,2024-09-13,Camry,29026.42,4.16,Completed
824042,6,2024-09-27,Prius,25334.09,3.86,Completed
824043,3,2024-09-12,Camry,38783.54,5.69,Completed
824044,7,2024-09-25,Tundra,48076.08,5.39,Completed
824045,6,2024-09-04,Tundra,34500.6,3.86,Completed
824046,16,2024-09-01,Camry,39764.49,6.06,Completed
824047,13,2024-09-19,Highlander,63866.74,5.61,Completed
824048,18,2024-09-12,Corolla,28124.77,5.68,Completed
824049,7,2024-09-27,Camry,39717.59,5.39,Completed
824050,13,2024-09-29,Corolla,29122.92,5.61,Completed
824051,2,2024-09-30,Prius,26629.67,4.0,Completed
824052,19,2024-09-21,Camry,34047.41,5.48,Completed
824053,1,2024-09-06,RAV4,40156.57,5.24,Completed
824054,4,2024-09-30,RAV4,29628.77,3.81,Completed
824055,4,2024-09-10,Sienna,37712.07,3.81,Completed
824056,13,2024-09-20,Corolla,30295.74,5.61,Completed
824057,15,2024-09-30,RAV4,47817.75,4.86,Completed
824058,16,2024-09-14,RAV4,43461.46,6.06,Completed
824059,2,2024-09-02,Corolla,20120.84,4.0,Completed
824060,11,2024-09-03,Corolla,20009.07,4.16,Completed
824061,20,2024-09-16,Tacoma,41821.76,5.77,Completed
824062,2,2024-09-25,Sienna,40646.96,4.0,Completed
824063,5,2024-09-01,RAV4,39780.95,5.34,Completed
824064,15,2024-09-13,Camry,42100.86,4.86,Completed
824065,9,2024-09-12,Camry,29849.11,4.4,Completed
824066,7,2024-09-05,Sienna,48578.56,5.39,Completed
824067,9,2024-09-20,Tacoma,32762.85,4.4,Completed
824068,18,2024-09-07,RAV4,51516.37,5.68,Completed
824069,3,2024-09-20,RAV4,44812.01,5.69,Completed
824070,18,2024-09-19,Tundra,53255.45,5.68,Completed
824071,18,2024-09-22,Highlander,68207.89,5.68,Completed
824072,19,2024-09-17,RAV4,39028.05,5.48,Completed
824073,4,2024-09-30,Tacoma,30623.06,3.81,Completed
824074,12,2024-09-19,Highlander,61845.7,5.65,Completed
824075,3,2024-09-03,RAV4,44224.3,5.69,Completed
824076,20,2024-09-24,Sienna,53910.94,5.77,Completed
824077,18,2024-09-05,Camry,45841.01,5.68,Completed
824078,18,2024-09-16,Tundra,55990.29,5.68,Completed
824079,10,2024-09-28,RAV4,36398.39,4.88,Completed
824080,18,2024-09-28,Highlander,70996.33,5.68,Completed
824081,4,2024-09-05,Camry,27198.08,3.81,Completed
824082,8,2024-09-16,Corolla,28008.08,5.84,Completed
824083,4,2024-09-04,Tacoma,28681.87,3.81,Completed
824084,14,2024-09-29,RAV4,48196.98,5.1,Completed
824085,5,2024-09-16,Prius,29074.22,5.34,Cancelled
824086,14,2024-09-14,RAV4,41499.99,5.1,Completed
824087,6,2024-09-12,Tacoma,28604.9,3.86,Completed
824088,19,2024-09-17,Camry,34350.42,5.48,Completed
824089,20,2024-09-05,RAV4,47217.93,5.77,Completed
824090,18,2024-09-24,Prius,33960.57,5.68,Completed
824091,9,2024-09-06,Tacoma,28925.62,4.4,Completed
824092,3,2024-09-29,Sienna,55834.62,5.69,Completed
824093,17,2024-09-03,Tacoma,28167.75,4.51,Completed
824094,15,2024-09-04,Tacoma,45750.44,4.86,Completed
824095,19,2024-09-03,RAV4,39393.48,5.48,Completed
824096,13,2024-09-22,Tundra,52651.26,5.61,Completed
824097,15,2024-09-29,RAV4,46499.76,4.86,Completed
824098,19,2024-09-09,Corolla,23354.51,5.48,Completed
824099,20,2024-09-28,RAV4,50385.94,5.77,Completed
824100,8,2024-09-21,Camry,40977.48,5.84,Completed
824101,15,2024-09-21,Sienna,44780.69,4.86,Completed
824102,15,2024-09-04,Sienna,48921.16,4.86,Completed
824103,2,2024-09-23,Camry,30827.24,4.0,Completed
824104,8,2024-09-11,Highlander,68484.54,5.84,Completed
824105,14,2024-09-08,Highlander,55149.4,5.1,Completed
824106,10,2024-09-13,Sienna,38904.26,4.88,Completed
824107,13,2024-09-28,Camry,40101.28,5.61,Completed
824108,4,2024-09-10,Prius,23329.39,3.81,Completed
824109,6,2024-09-09,Tundra,32971.7,3.86,Completed
824110,19,2024-09-16,Tundra,40291.28,5.48,Completed
824111,3,2024-09-03,Tundra,51665.09,5.69,Cancelled
824112,2,2024-09-11,Tacoma,30646.23,4.0,Completed
824113,18,2024-09-23,Prius,37650.59,5.68,Completed
824114,13,2024-09-19,Tundra,51536.03,5.61,Completed
824115,6,2024-09-16,Tundra,37104.13,3.86,Completed
824116,19,2024-09-03,Corolla,24856.48,5.48,Completed
824117,12,2024-09-26,Tacoma,45106.54,5.65,Completed
824118,16,2024-09-03,Sienna,51339.0,6.06,Completed
824119,12,2024-09-09,Prius,30048.4,5.65,Completed
824120,18,2024-09-12,Tundra,52438.96,5.68,Completed
824121,1,2024-09-20,Camry,33133.98,5.24,Completed
824122,3,2024-09-28,Prius,35607.25,5.69,Completed
824123,15,2024-09-04,Camry,41546.64,4.86,Completed
824124,3,2024-09-23,Highlander,68205.9,5.69,Completed
824125,15,2024-09-06,Sienna,53045.7,4.86,Completed
824126,13,2024-09-13,Tacoma,40556.32,5.61,Completed
824127,5,2024-09-04,Prius,27730.85,5.34,Completed
824128,10,2024-09-11,Prius,25706.18,4.88,Completed
824129,6,2024-09-17,Sienna,34632.42,3.86,Completed
824130,13,2024-09-26,Corolla,27602.2,5.61,Completed
824131,5,2024-09-04,Camry,32222.63,5.34,Completed
824132,10,2024-09-26,Corolla,20850.11,4.88,Completed
824133,10,2024-09-06,Highlander,47095.91,4.88,Completed
824134,3,2024-09-12,Sienna,49101.54,5.69,Completed
824135,20,2024-09-26,Sienna,49239.16,5.77,Completed
824136,13,2024-09-19,Sienna,56062.25,5.61,Completed
824137,11,2024-09-02,Corolla,23035.84,4.16,Completed
824138,9,2024-09-22,Camry,27547.59,4.4,Completed
824139,3,2024-09-19,Camry,39484.26,5.69,Completed
824140,14,2024-09-21,Highlander,64484.41,5.1,Completed
824141,20,2024-09-07,RAV4,45358.97,5.77,Completed
824142,13,2024-09-14,Camry,40004.83,5.61,Completed
824143,13,2024-09-02,Prius,32652.15,5.61,Completed
824144,17,2024-09-10,Sienna,35551.16,4.51,Completed
824145,11,2024-09-06,RAV4,34223.3,4.16,Completed
824146,11,2024-09-14,Tacoma,30938.42,4.16,Completed
824147,5,2024-09-01,Sienna,39053.03,5.34,Completed
824148,17,2024-09-12,Tacoma,30427.7,4.51,Completed
824149,15,2024-09-11,RAV4,42910.95,4.86,Completed
824150,9,2024-09-10,Sienna,34563.67,4.4,Cancelled
824151,6,2024-09-18,Tundra,38097.6,3.86,Completed
824152,14,2024-09-11,Sienna,43424.02,5.1,Completed
824153,15,2024-09-05,Camry,41462.38,4.86,Completed
824154,5,2024-09-21,Sienna,43232.7,5.34,Completed
824155,4,2024-09-04,Tundra,36472.54,3.81,Pending
824156,4,2024-09-15,Tacoma,26967.36,3.81,Completed
824157,1,2024-09-05,Sienna,43058.99,5.24,Completed
824158,5,2024-09-30,Corolla,24391.65,5.34,Completed
824159,8,2024-09-21,RAV4,44050.8,5.84,Completed
824160,15,2024-09-01,Corolla,30198.62,4.86,Completed
824161,14,2024-09-06,Prius,32764.98,5.1,Completed
824162,6,2024-09-20,Tacoma,27989.38,3.86,Completed
824163,13,2024-09-18,Sienna,56290.79,5.61,Completed
824164,12,2024-09-27,Highlander,67922.21,5.65,Completed
824165,5,2024-09-17,Prius,29873.72,5.34,Completed
824166,11,2024-09-08,Camry,26466.26,4.16,Completed
824167,2,2024-09-04,Sienna,37386.83,4.0,Completed
824168,15,2024-09-25,Camry,42453.91,4.86,Completed
824169,9,2024-09-14,Prius,21539.13,4.4,Completed
824170,5,2024-09-28,Sienna,42430.75,5.34,Completed
824171,1,2024-09-22,Highlander,56073.5,5.24,Completed
824172,6,2024-09-11,Tacoma,27449.65,3.86,Completed
824173,13,2024-09-07,Prius,35306.78,5.61,Completed
824174,2,2024-09-22,Highlander,45688.41,4.0,Completed
824175,16,2024-09-13,Prius,33857.84,6.06,Completed
824176,13,2024-09-24,Tundra,53130.91,5.61,Completed
824177,7,2024-09-02,Highlander,62784.96,5.39,Completed
824178,8,2024-09-12,Camry,42454.5,5.84,Completed
824179,1,2024-09-23,Sienna,41771.19,5.24,Completed
824180,15,2024-09-13,Highlander,66364.47,4.86,Completed
824181,7,2024-09-12,Sienna,48867.51,5.39,Cancelled
824182,1,2024-09-05,Sienna,44530.44,5.24,Completed
824183,8,2024-09-07,Prius,32186.46,5.84,Completed
824184,19,2024-09-19,Sienna,44447.66,5.48,Completed
824185,7,2024-09-14,Sienna,48286.45,5.39,Completed
824186,1,2024-09-09,Tacoma,33213.81,5.24,Completed
824187,2,2024-09-25,Sienna,37058.34,4.0,Completed
824188,1,2024-09-14,Highlander,49001.86,5.24,Completed
824189,17,2024-09-14,Camry,26165.78,4.51,Completed
824190,3,2024-09-20,Tacoma,44606.15,5.69,Completed
824191,14,2024-09-25,Camry,35075.44,5.1,Completed
824192,11,2024-09-12,Camry,28559.71,4.16,Completed
824193,7,2024-09-13,RAV4,43608.52,5.39,Completed
824194,1,2024-09-21,Corolla,25468.73,5.24,Completed
824195,12,2024-09-18,Corolla,29558.34,5.65,Pending
824196,15,2024-09-17,Tundra,45355.46,4.86,Pending
824197,15,2024-09-09,Sienna,52767.26,4.86,Completed
824198,15,2024-09-07,Sienna,49108.42,4.86,Completed
824199,8,2024-09-09,Corolla,28824.62,5.84,Completed
824200,1,2024-09-30,Tacoma,36038.07,5.24,Completed
824201,11,2024-09-18,RAV4,30645.56,4.16,Completed
824202,16,2024-09-26,Corolla,31553.21,6.06,Pending
824203,11,2024-09-08,Prius,23844.1,4.16,Completed
824204,9,2024-09-11,Tundra,33735.91,4.4,Completed
824205,4,2024-09-13,Camry,26217.9,3.81,Completed
824206,14,2024-09-25,Tundra,48527.71,5.1,Completed
824207,2,2024-09-03,Tundra,36649.25,4.0,Completed
824208,17,2024-09-01,Sienna,38279.16,4.51,Completed
824209,11,2024-09-13,Tacoma,28385.8,4.16,Completed
824210,5,2024-09-20,Tundra,44319.91,5.34,Completed
824211,3,2024-09-26,Camry,43004.49,5.69,Completed
824212,10,2024-09-08,Tacoma,29704.41,4.88,Completed
824213,6,2024-09-01,Corolla,19413.29,3.86,Completed
824214,16,2024-09-15,Corolla,27528.75,6.06,Completed
824215,15,2024-09-07,Camry,35430.0,4.86,Completed
824216,9,2024-09-17,Tundra,39300.63,4.4,Completed
824217,17,2024-09-26,Camry,25151.89,4.51,Completed
824218,19,2024-09-10,RAV4,42173.17,5.48,Completed
824219,13,2024-09-17,Corolla,27934.46,5.61,Completed
824220,18,2024-09-01,Tacoma,43337.5,5.68,Pending
824221,10,2024-09-20,Highlander,48567.34,4.88,Completed
824222,4,2024-09-12,Sienna,36164.14,3.81,Completed
824223,8,2024-09-21,Corolla,27884.19,5.84,Completed
824224,7,2024-09-02,RAV4,44220.82,5.39,Completed
824225,10,2024-09-28,Corolla,21671.69,4.88,Completed
824226,15,2024-09-29,Corolla,30627.58,4.86,Completed
824227,10,2024-09-12,Tacoma,32915.45,4.88,Completed
824228,17,2024-09-22,Corolla,19805.74,4.51,Completed
824229,3,2024-09-02,Highlander,68394.22,5.69,Completed
824230,17,2024-09-26,Camry,25043.56,4.51,Completed
824231,4,2024-09-21,Camry,26527.69,3.81,Completed
824232,19,2024-09-20,RAV4,42710.43,5.48,Completed
824233,18,2024-09-04,Camry,38725.53,5.68,Completed
824234,12,2024-09-11,Sienna,49864.78,5.65,Completed
824235,9,2024-09-18,Camry,31246.01,4.4,Completed
824236,3,2024-09-23,Corolla,30541.82,5.69,Completed
824237,14,2024-09-12,Corolla,30238.1,5.1,Completed
824238,14,2024-09-08,Highlander,58859.01,5.1,Completed
824239,17,2024-09-10,Highlander,41768.86,4.51,Completed
824240,10,2024-09-11,Camry,27521.43,4.88,Completed
824241,17,2024-09-11,Corolla,20946.73,4.51,Completed
824242,3,2024-09-06,Corolla,31466.25,5.69,Completed
824243,1,2024-09-27,Highlander,50221.57,5.24,Completed
824244,5,2024-09-06,Corolla,22326.18,5.34,Completed
824245,19,2024-09-19,Camry,31666.73,5.48,Completed
824246,9,2024-09-24,Tacoma,32975.02,4.4,Completed
824247,7,2024-09-07,Highlander,64951.35,5.39,Completed
824248,10,2024-09-29,Highlander,43906.79,4.88,Pending
824249,19,2024-09-23,Tacoma,35336.63,5.48,Completed
824250,7,2024-09-25,Corolla,31844.34,5.39,Completed
824251,10,2024-09-24,Highlander,51260.37,4.88,Completed
824252,14,2024-09-26,Prius,33233.91,5.1,Completed
824253,19,2024-09-15,Corolla,23239.78,5.48,Completed
824254,5,2024-09-24,RAV4,39299.04,5.34,Completed
824255,12,2024-09-22,Corolla,28999.91,5.65,Completed
824256,15,2024-09-21,Prius,30293.67,4.86,Completed
824257,9,2024-09-07,RAV4,34089.1,4.4,Completed
824258,17,2024-09-20,Camry,28786.09,4.51,Completed
824259,5,2024-09-02,RAV4,41410.32,5.34,Completed
824260,15,2024-09-18,Tundra,50686.82,4.86,Completed
824261,6,2024-09-24,Tacoma,27907.29,3.86,Completed
824262,8,2024-09-14,Highlander,60601.52,5.84,Completed
824263,11,2024-09-10,Tacoma,31662.16,4.16,Completed
824264,5,2024-09-11,Highlander,53614.13,5.34,Completed
824265,20,2024-09-29,Tacoma,42459.57,5.77,Completed
824266,9,2024-09-30,Sienna,38552.07,4.4,Completed
824267,10,2024-09-04,Prius,26341.14,4.88,Completed
824268,6,2024-09-02,Sienna,35354.2,3.86,Completed
824269,16,2024-09-10,RAV4,45383.62,6.06,Completed
824270,8,2024-09-09,Tacoma,44457.73,5.84,Completed
824271,5,2024-09-26,Tundra,39697.23,5.34,Completed
824272,14,2024-09-16,Corolla,29736.82,5.1,Completed
824273,20,2024-09-27,Highlander,67965.04,5.77,Completed
824274,5,2024-09-22,Tacoma,36515.96,5.34,Completed
824275,15,2024-09-30,Highlander,61943.58,4.86,Cancelled
824276,14,2024-09-23,RAV4,47019.52,5.1,Completed
824277,17,2024-09-20,Highlander,41710.73,4.51,Completed
824278,14,2024-09-03,Prius,28594.69,5.1,Completed
824279,13,2024-09-23,Highlander,68330.58,5.61,Completed
824280,12,2024-09-02,Highlander,66589.96,5.65,Completed
824281,5,2024-09-06,Tundra,45407.18,5.34,Completed
824282,19,2024-09-26,Tundra,42440.63,5.48,Completed
824283,10,2024-09-20,Camry,32047.54,4.88,Completed
824284,19,2024-09-19,Corolla,26967.96,5.48,Completed
824285,11,2024-09-08,RAV4,31531.9,4.16,Completed
824286,10,2024-09-15,Tacoma,28968.66,4.88,Completed
824287,2,2024-09-27,Corolla,23753.9,4.0,Cancelled
824288,6,2024-09-13,Tundra,37184.66,3.86,Cancelled
824289,6,2024-09-14,Prius,22221.45,3.86,Completed
824290,10,2024-09-13,Tundra,37349.84,4.88,Completed
824291,11,2024-09-17,Corolla,19218.45,4.16,Completed
824292,4,2024-09-03,Sienna,32879.67,3.81,Completed
824293,4,2024-09-25,Highlander,42007.65,3.81,Completed
824294,16,2024-09-05,Tundra,55681.73,6.06,Completed
824295,2,2024-09-03,Corolla,21808.66,4.0,Completed
824296,11,2024-09-02,Tundra,34023.78,4.16,Completed
824297,14,2024-09-11,RAV4,43024.87,5.1,Completed
824298,8,2024-09-22,Tacoma,42174.77,5.84,Completed
824299,7,2024-09-21,Highlander,61742.78,5.39,Completed
824300,16,2024-09-13,Sienna,49449.89,6.06,Completed
824301,2,2024-09-21,Sienna,39093.42,4.0,Completed
824302,19,2024-09-26,Tacoma,37498.48,5.48,Completed
824303,20,2024-09-10,Camry,39790.44,5.77,Completed
824304,11,2024-09-18,Sienna,33793.08,4.16,Completed
824305,8,2024-09-08,RAV4,45706.36,5.84,Completed
824306,20,2024-09-05,Camry,38220.01,5.77,Completed
824307,4,2024-09-26,Tacoma,31871.33,3.81,Completed
824308,7,2024-09-30,Sienna,55632.93,5.39,Completed
824309,4,2024-09-29,Highlander,45387.23,3.81,Completed
824310,4,2024-09-16,Camry,29756.16,3.81,Completed
824311,2,2024-09-30,Highlander,50705.23,4.0,Completed
824312,4,2024-09-10,Camry,28035.99,3.81,Completed
824313,1,2024-09-06,Highlander,54392.6,5.24,Completed
824314,19,2024-09-05,Corolla,24194.49,5.48,Completed
824315,3,2024-09-26,Tacoma,47128.22,5.69,Completed
824316,19,2024-09-13,Tacoma,37282.2,5.48,Completed
824317,9,2024-09-30,Tacoma,30338.31,4.4,Completed
824318,1,2024-09-30,Tundra,39587.68,5.24,Completed
824319,6,2024-09-25,RAV4,30887.17,3.86,Completed
824320,2,2024-09-06,Sienna,36722.51,4.0,Completed
824321,5,2024-09-05,Tundra,43193.02,5.34,Completed
824322,11,2024-09-11,Camry,30356.36,4.16,Completed
824323,6,2024-09-05,Prius,21783.63,3.86,Completed
824324,4,2024-09-15,Tundra,34735.52,3.81,Completed
824325,10,2024-09-04,Camry,29433.59,4.88,Completed
824326,18,2024-09-23,RAV4,49365.66,5.68,Completed
824327,7,2024-09-15,Corolla,27120.48,5.39,Completed
824328,4,2024-09-18,Prius,24560.5,3.81,Completed
824329,16,2024-09-14,Corolla,29279.11,6.06,Completed
824330,8,2024-09-10,Sienna,52719.39,5.84,Completed
824331,14,2024-09-10,Prius,30120.08,5.1,Completed
824332,18,2024-09-08,Corolla,34004.75,5.68,Pending
824333,14,2024-09-29,Camry,35380.82,5.1,Completed
824334,15,2024-09-13,Tundra,47787.37,4.86,Completed
824335,8,2024-09-07,Corolla,28926.33,5.84,Completed
824336,18,2024-09-10,Camry,46169.16,5.68,Completed
824337,3,2024-09-11,Highlander,65272.4,5.69,Completed
824338,20,2024-09-04,Sienna,49087.29,5.77,Completed
824339,15,2024-09-15,Sienna,48077.98,4.86,Completed
824340,13,2024-09-04,Highlander,64104.81,5.61,Completed
824341,13,2024-09-09,Corolla,30949.39,5.61,Completed
824342,10,2024-09-01,Highlander,43855.7,4.88,Completed
824343,9,2024-09-08,Tundra,39408.15,4.4,Completed
824344,14,2024-09-27,Tundra,48203.5,5.1,Completed
824345,14,2024-09-30,Sienna,47973.11,5.1,Completed
824346,3,2024-09-10,Sienna,56263.54,5.69,Completed
824347,8,2024-09-12,RAV4,41930.16,5.84,Completed
824348,13,2024-09-10,RAV4,43980.22,5.61,Completed
824349,3,2024-09-04,Sienna,50671.26,5.69,Completed
824350,12,2024-09-06,Sienna,47848.8,5.65,Completed
824351,6,2024-09-29,RAV4,33369.0,3.86,Completed
824352,18,2024-09-17,Tacoma,41399.99,5.68,Completed
824353,15,2024-09-20,Tacoma,40103.96,4.86,Completed
824354,10,2024-09-22,Corolla,20387.53,4.88,Completed
824355,3,2024-09-27,Highlander,70065.94,5.69,Completed
824356,14,2024-09-28,RAV4,44627.32,5.1,Completed
824357,19,2024-09-05,Sienna,45350.86,5.48,Completed
824358,11,2024-09-29,Tundra,39206.26,4.16,Completed
824359,11,2024-09-24,Tacoma,28128.96,4.16,Completed
824360,8,2024-09-01,Camry,36959.32,5.84,Completed
824361,17,2024-09-13,Highlander,44635.71,4.51,Completed
824362,5,2024-09-29,Sienna,46237.96,5.34,Completed
824363,7,2024-09-24,Camry,41348.56,5.39,Completed
824364,3,2024-09-01,Highlander,68652.56,5.69,Completed
824365,7,2024-09-29,Camry,39497.58,5.39,Completed
824366,20,2024-09-15,Tundra,45869.61,5.77,Completed
824367,1,2024-09-25,Prius,28544.61,5.24,Completed
824368,11,2024-09-29,Sienna,40303.64,4.16,Completed
824369,16,2024-09-18,Highlander,67188.68,6.06,Completed
824370,6,2024-09-28,Prius,21172.26,3.86,Completed
824371,13,2024-09-06,Sienna,53697.26,5.61,Completed
824372,9,2024-09-03,Corolla,22739.32,4.4,Completed
824373,6,2024-09-05,Highlander,44861.47,3.86,Cancelled
824374,4,2024-09-11,Tundra,36031.14,3.81,Completed
824375,10,2024-09-15,Corolla,20669.64,4.88,Completed
824376,10,2024-09-21,Sienna,39371.96,4.88,Completed
824377,18,2024-09-13,Prius,36984.02,5.68,Completed
824378,6,2024-09-14,Camry,27653.39,3.86,Completed
824379,5,2024-09-07,Tacoma,38299.94,5.34,Completed
824380,13,2024-09-07,Prius,34941.64,5.61,Completed
824381,2,2024-09-26,Tacoma,35451.61,4.0,Completed
824382,2,2024-09-14,RAV4,32488.53,4.0,Completed
824383,3,2024-09-29,Corolla,29763.47,5.69,Completed
824384,3,2024-09-05,Corolla,30341.05,5.69,Completed
824385,5,2024-09-19,RAV4,38400.13,5.34,Completed
824386,8,2024-09-01,Prius,30864.18,5.84,Completed
824387,6,2024-09-27,Highlander,44504.33,3.86,Completed
824388,20,2024-09-11,Sienna,46469.18,5.77,Completed
824389,14,2024-09-08,Tacoma,41342.16,5.1,Completed
824390,5,2024-09-08,Tundra,44412.54,5.34,Completed
824391,5,2024-09-19,Camry,33681.5,5.34,Completed
824392,4,2024-09-18,Camry,24831.17,3.81,Completed
824393,5,2024-09-04,Tacoma,32679.91,5.34,Completed
824394,9,2024-09-12,Corolla,18852.27,4.4,Completed
824395,15,2024-09-30,RAV4,42388.53,4.86,Completed
824396,12,2024-09-02,Corolla,30793.69,5.65,Completed
824397,4,2024-09-21,Tacoma,28122.44,3.81,Completed
824398,11,2024-09-07,Tundra,36608.48,4.16,Completed
824399,19,2024-09-09,Sienna,45412.95,5.48,Completed
824400,1,2024-09-02,Corolla,24267.0,5.24,Completed
824401,12,2024-09-15,Prius,34550.29,5.65,Completed
824402,7,2024-09-24,Tacoma,42255.46,5.39,Completed
824403,16,2024-09-04,Corolla,26583.13,6.06,Completed
824404,1,2024-09-22,Tacoma,38606.83,5.24,Completed
824405,18,2024-09-10,Tacoma,45976.73,5.68,Completed
824406,20,2024-09-17,Tacoma,44267.2,5.77,Completed
824407,6,2024-09-17,Prius,21622.91,3.86,Completed
824408,7,2024-09-07,Tacoma,43033.57,5.39,Completed
824409,16,2024-09-24,RAV4,42678.91,6.06,Completed
824410,9,2024-09-06,RAV4,34937.56,4.4,Completed
824411,7,2024-09-28,Camry,40009.57,5.39,Completed
824412,4,2024-09-17,Prius,23051.34,3.81,Completed
824413,18,2024-09-05,Tundra,58800.88,5.68,Completed
824414,7,2024-09-25,Corolla,27131.21,5.39,Completed
824415,6,2024-09-04,Sienna,38760.47,3.86,Completed
824416,14,2024-09-07,RAV4,41411.93,5.1,Completed
824417,12,2024-09-22,Sienna,49482.93,5.65,Completed
824418,14,2024-09-26,Camry,35079.23,5.1,Completed
824419,14,2024-09-19,Camry,36994.16,5.1,Completed
824420,16,2024-09-15,Corolla,30967.67,6.06,Completed
824421,6,2024-09-10,Camry,30236.3,3.86,Completed
824422,8,2024-09-06,Sienna,50838.5,5.84,Completed
824423,3,2024-09-23,RAV4,48839.58,5.69,Completed
824424,14,2024-09-05,Tundra,45798.27,5.1,Completed
824425,10,2024-09-11,Tundra,37992.77,4.88,Completed
824426,6,2024-09-11,Highlander,48757.1,3.86,Completed
824427,13,2024-09-12,Camry,38956.51,5.61,Completed
824428,11,2024-09-17,Camry,25942.17,4.16,Completed
824429,16,2024-09-21,Tacoma,40329.97,6.06,Completed
824430,7,2024-09-25,Corolla,28827.07,5.39,Completed
824431,4,2024-09-24,Corolla,20064.09,3.81,Completed
824432,19,2024-09-12,Sienna,41059.72,5.48,Completed
824433,16,2024-09-04,Tacoma,41111.79,6.06,Completed
824434,3,2024-09-03,Corolla,28648.6,5.69,Completed
824435,19,2024-09-17,Tacoma,35060.59,5.48,Completed
824436,14,2024-09-27,Highlander,56497.93,5.1,Completed
824437,10,2024-09-08,Sienna,34657.31,4.88,Completed
824438,12,2024-09-11,Tacoma,38688.31,5.65,Completed
824439,3,2024-09-27,Prius,34071.62,5.69,Completed
824440,12,2024-09-20,RAV4,41045.73,5.65,Completed
824441,10,2024-09-26,Camry,31605.41,4.88,Completed
824442,2,2024-09-10,Corolla,22439.44,4.0,Completed
824443,2,2024-09-03,Sienna,38291.62,4.0,Completed
824444,19,2024-09-16,Tundra,45480.77,5.48,Completed
824445,20,2024-09-11,Highlander,60456.09,5.77,Completed
824446,16,2024-09-22,Prius,35589.63,6.06,Completed
824447,15,2024-09-10,Prius,29440.64,4.86,Completed
824448,10,2024-09-26,Sienna,40566.08,4.88,Completed
824449,9,2024-09-28,Highlander,49322.12,4.4,Completed
824450,3,2024-09-23,RAV4,44623.75,5.69,Completed
824451,11,2024-09-30,Camry,30341.79,4.16,Completed
824452,18,2024-09-09,RAV4,45604.28,5.68,Completed
824453,3,2024-09-22,Tacoma,40993.23,5.69,Completed
824454,5,2024-09-22,Sienna,38410.83,5.34,Completed
824455,9,2024-09-25,Tacoma,31572.65,4.4,Completed
824456,6,2024-09-19,RAV4,29557.82,3.86,Completed
824457,4,2024-09-23,Camry,24879.85,3.81,Cancelled
824458,15,2024-09-07,Corolla,28147.83,4.86,Completed
824459,19,2024-09-11,Tundra,39975.01,5.48,Completed
824460,13,2024-09-01,Corolla,30592.17,5.61,Completed
824461,13,2024-09-18,Sienna,53358.84,5.61,Completed
824462,11,2024-09-15,Prius,26136.8,4.16,Completed
824463,9,2024-09-02,RAV4,31208.4,4.4,Completed
824464,14,2024-09-28,Sienna,52086.1,5.1,Completed
824465,11,2024-09-10,Highlander,49036.68,4.16,Completed
824466,8,2024-09-04,Highlander,67109.9,5.84,Completed
824467,9,2024-09-23,Prius,24207.38,4.4,Cancelled
824468,7,2024-09-01,RAV4,42533.29,5.39,Completed
824469,5,2024-09-21,Prius,28326.26,5.34,Completed
824470,14,2024-09-27,Tundra,44681.89,5.1,Completed
824471,16,2024-09-05,Tundra,47255.17,6.06,Completed
824472,15,2024-09-29,Prius,34214.98,4.86,Completed
824473,4,2024-09-22,Highlander,41810.74,3.81,Completed
824474,5,2024-09-08,Prius,27080.49,5.34,Pending
824475,8,2024-09-29,Tacoma,40363.68,5.84,Completed
824476,16,2024-09-17,Tacoma,45399.89,6.06,Completed
824477,11,2024-09-10,Prius,21614.9,4.16,Completed
824478,15,2024-09-02,Corolla,27890.37,4.86,Completed
824479,19,2024-09-10,Corolla,22861.21,5.48,Pending
824480,18,2024-09-06,Tundra,57278.41,5.68,Completed
824481,12,2024-09-16,Camry,42332.66,5.65,Completed
824482,14,2024-09-10,Prius,33597.81,5.1,Completed
824483,15,2024-09-19,Tacoma,38758.62,4.86,Completed
824484,17,2024-09-05,Tacoma,31391.62,4.51,Completed
824485,13,2024-09-24,Tundra,47991.9,5.61,Completed
824486,5,2024-09-16,RAV4,37165.4,5.34,Completed
824487,4,2024-09-16,Prius,22363.64,3.81,Completed
824488,18,2024-09-14,Highlander,68911.58,5.68,Completed
824489,6,2024-09-12,Sienna,34409.74,3.86,Completed
824490,14,2024-09-07,Highlander,67222.37,5.1,Completed
824491,10,2024-09-10,RAV4,34807.12,4.88,Cancelled
824492,14,2024-09-29,Highlander,55211.04,5.1,Completed
824493,13,2024-09-24,RAV4,43221.57,5.61,Completed
824494,4,2024-09-16,Sienna,33927.66,3.81,Completed
824495,4,2024-09-30,Sienna,32240.16,3.81,Completed
824496,2,2024-09-18,Sienna,41787.26,4.0,Completed
824497,20,2024-09-13,Highlander,66157.66,5.77,Cancelled
824498,4,2024-09-17,Prius,22715.31,3.81,Completed
824499,18,2024-09-02,Highlander,62798.0,5.68,Completed
824500,2,2024-09-30,Tacoma,34594.81,4.0,Completed
824501,1,2024-09-12,Corolla,23422.91,5.24,Pending
824502,12,2024-09-16,Highlander,60988.54,5.65,Completed
824503,18,2024-09-18,RAV4,47808.66,5.68,Completed
824504,15,2024-09-14,Highlander,61635.74,4.86,Completed
824505,6,2024-09-08,Prius,24812.77,3.86,Pending
824506,6,2024-09-19,Prius,21361.57,3.86,Completed
824507,10,2024-09-17,RAV4,33724.49,4.88,Completed
824508,3,2024-09-28,Tacoma,45657.93,5.69,Completed
824509,7,2024-09-24,Highlander,60238.75,5.39,Completed
824510,18,2024-09-19,RAV4,51974.32,5.68,Completed
824511,1,2024-09-23,Tundra,44580.37,5.24,Completed
824512,3,2024-09-15,Tundra,53586.73,5.69,Completed
824513,7,2024-09-12,Corolla,30884.82,5.39,Completed
824514,19,2024-09-11,Corolla,26197.43,5.48,Completed
824515,16,2024-09-23,Camry,40697.32,6.06,Completed
824516,9,2024-09-19,Camry,30216.85,4.4,Completed
824517,9,2024-09-12,RAV4,31427.22,4.4,Completed
824518,15,2024-09-14,Corolla,30390.12,4.86,Completed
824519,12,2024-09-19,Corolla,28806.94,5.65,Completed
824520,14,2024-09-18,Tacoma,41107.49,5.1,Cancelled
824521,11,2024-09-04,Highlander,43394.79,4.16,Completed
824522,1,2024-09-07,RAV4,38981.14,5.24,Completed
824523,1,2024-09-06,Corolla,23574.31,5.24,Completed
824524,10,2024-09-04,Tundra,37812.07,4.88,Completed
824525,15,2024-09-15,Tacoma,39203.89,4.86,Completed
824526,6,2024-09-02,Tacoma,30393.46,3.86,Completed
824527,19,2024-09-19,Tundra,46764.47,5.48,Completed
824528,1,2024-09-01,Highlander,56516.09,5.24,Completed
824529,17,2024-09-18,Tacoma,32417.0,4.51,Completed
824530,15,2024-09-28,RAV4,45719.45,4.86,Completed
824531,10,2024-09-03,Tacoma,32932.5,4.88,Completed
824532,7,2024-09-11,Tacoma,47102.73,5.39,Completed
824533,9,2024-09-06,Prius,25707.72,4.4,Completed
824534,7,2024-09-25,Prius,31605.27,5.39,Completed
824535,18,2024-09-30,Tacoma,45151.03,5.68,Completed
824536,4,2024-09-25,RAV4,30765.82,3.81,Completed
824537,12,2024-09-02,Highlander,60198.24,5.65,Completed
824538,2,2024-09-06,Tacoma,35057.75,4.0,Completed
824539,12,2024-09-01,Camry,37178.33,5.65,Completed
824540,8,2024-09-30,RAV4,44374.27,5.84,Completed
824541,5,2024-09-11,RAV4,35493.77,5.34,Completed
824542,8,2024-09-06,Sienna,52974.06,5.84,Completed
824543,2,2024-09-10,Highlander,53274.41,4.0,Completed
824544,17,2024-09-01,RAV4,32315.01,4.51,Completed
824545,17,2024-09-04,Highlander,41938.48,4.51,Completed
824546,3,2024-09-23,Tundra,47397.96,5.69,Completed
824547,6,2024-09-23,Sienna,35892.51,3.86,Completed
824548,19,2024-09-23,Tundra,40251.87,5.48,Completed
824549,17,2024-09-28,RAV4,34484.76,4.51,Completed
824550,6,2024-09-11,Camry,26854.7,3.86,Completed
824551,11,2024-09-11,Corolla,21689.7,4.16,Completed
824552,18,2024-09-08,Camry,41508.0,5.68,Completed
824553,19,2024-09-02,Highlander,52263.44,5.48,Completed
824554,6,2024-09-23,Camry,28668.95,3.86,Completed
824555,1,2024-09-20,Tacoma,35274.28,5.24,Completed
824556,11,2024-09-24,Sienna,34495.55,4.16,Completed
824557,17,2024-09-03,RAV4,34439.09,4.51,Completed
824558,7,2024-09-03,Prius,33132.04,5.39,Completed
824559,2,2024-09-16,Tundra,36428.2,4.0,Completed
824560,17,2024-09-14,Sienna,35870.97,4.51,Completed
824561,19,2024-09-14,RAV4,42137.57,5.48,Completed
824562,2,2024-09-12,RAV4,35874.34,4.0,Completed
824563,7,2024-09-13,Corolla,28139.12,5.39,Completed
824564,13,2024-09-16,Tundra,48459.94,5.61,Completed
824565,3,2024-09-04,Prius,34663.82,5.69,Completed
824566,10,2024-09-15,Corolla,22284.65,4.88,Completed
824567,5,2024-09-23,Camry,32753.86,5.34,Completed
824568,13,2024-09-03,Sienna,54021.04,5.61,Completed
824569,7,2024-09-29,Prius,33115.6,5.39,Completed
824570,11,2024-09-11,RAV4,31017.26,4.16,Completed
824571,13,2024-09-06,Highlander,69312.11,5.61,Completed
824572,11,2024-09-02,Corolla,21587.52,4.16,Completed
824573,14,2024-09-11,Sienna,48109.86,5.1,Completed
824574,19,2024-09-28,Highlander,56276.8,5.48,Completed
824575,5,2024-09-15,Prius,27344.24,5.34,Completed
824576,16,2024-09-15,Tundra,52674.79,6.06,Completed
824577,12,2024-09-15,Tacoma,42597.91,5.65,Completed
824578,19,2024-09-23,Highlander,61412.1,5.48,Completed
824579,7,2024-09-29,Sienna,52156.63,5.39,Completed
824580,19,2024-09-24,Tacoma,39930.48,5.48,Completed
824581,11,2024-09-01,Corolla,20495.57,4.16,Completed
824582,9,2024-09-20,Sienna,39477.97,4.4,Completed
824583,7,2024-09-29,Corolla,29036.0,5.39,Completed
824584,6,2024-09-11,Corolla,21874.81,3.86,Completed
824585,20,2024-09-25,RAV4,45637.89,5.77,Completed
824586,2,2024-09-20,Camry,32776.56,4.0,Completed
824587,5,2024-09-11,Highlander,50845.39,5.34,Completed
824588,12,2024-09-02,Camry,42540.05,5.65,Completed
824589,18,2024-09-14,RAV4,47020.02,5.68,Completed
824590,13,2024-09-17,Tundra,50509.41,5.61,Completed
824591,5,2024-09-02,Prius,25467.83,5.34,Completed
824592,14,2024-09-14,Tacoma,36635.29,5.1,Completed
824593,10,2024-09-26,Camry,31769.65,4.88,Completed
824594,3,2024-09-15,Highlander,69389.25,5.69,Completed
824595,3,2024-09-19,Tacoma,46032.95,5.69,Completed
824596,20,2024-09-21,Sienna,47659.3,5.77,Completed
824597,16,2024-09-02,Tundra,50749.62,6.06,Completed
824598,5,2024-09-20,Corolla,25416.1,5.34,Completed
824599,13,2024-09-06,Highlander,71303.39,5.61,Completed
824600,15,2024-09-25,Prius,29699.03,4.86,Completed
824601,5,2024-09-20,RAV4,35109.07,5.34,Completed
824602,1,2024-09-21,Corolla,23036.41,5.24,Completed
824603,5,2024-09-08,RAV4,36582.53,5.34,Completed
824604,7,2024-09-15,Prius,30900.63,5.39,Completed
824605,9,2024-09-16,Prius,24738.79,4.4,Completed
824606,20,2024-09-12,Highlander,64609.11,5.77,Cancelled
824607,20,2024-09-11,Sienna,52113.04,5.77,Completed
824608,7,2024-09-06,RAV4,49062.39,5.39,Completed
824609,4,2024-09-27,Corolla,21164.82,3.81,Completed
824610,8,2024-09-10,Tundra,53324.71,5.84,Completed
824611,13,2024-09-05,Highlander,68403.07,5.61,Completed
824612,17,2024-09-30,Corolla,21950.09,4.51,Completed
824613,12,2024-09-07,Corolla,30887.76,5.65,Completed
824614,3,2024-09-08,Sienna,53347.4,5.69,Completed
824615,5,2024-09-24,Corolla,22748.01,5.34,Completed
824616,13,2024-09-08,Sienna,49484.82,5.61,Completed
824617,12,2024-09-02,Highlander,66154.13,5.65,Completed
824618,5,2024-09-01,Highlander,48933.47,5.34,Completed
824619,12,2024-09-17,Camry,36800.76,5.65,Completed
824620,2,2024-09-21,Prius,27407.06,4.0,Completed
824621,9,2024-09-14,Prius,21312.41,4.4,Completed
824622,11,2024-09-04,Sienna,36589.16,4.16,Completed
824623,19,2024-09-08,Tacoma,39172.0,5.48,Completed
824624,18,2024-09-14,Camry,38963.02,5.68,Completed
824625,2,2024-09-30,Tacoma,31172.7,4.0,Completed
824626,6,2024-09-26,Tundra,34857.13,3.86,Completed
824627,17,2024-09-06,Camry,26969.37,4.51,Completed
824628,4,2024-09-10,Tacoma,28468.83,3.81,Pending
824629,11,2024-09-11,Tundra,34130.66,4.16,Completed
824630,18,2024-09-22,Tundra,48781.18,5.68,Completed
824631,17,2024-09-20,Camry,28749.86,4.51,Pending
824632,16,2024-09-07,Camry,36244.7,6.06,Completed
824633,18,2024-09-22,RAV4,46329.66,5.68,Completed
824634,5,2024-09-23,Tacoma,36157.39,5.34,Completed
824635,15,2024-09-07,Prius,30992.57,4.86,Completed
824636,10,2024-09-03,Prius,24079.17,4.88,Completed
824637,5,2024-09-30,Highlander,53096.65,5.34,Completed
824638,18,2024-09-02,Sienna,51201.35,5.68,Completed
824639,12,2024-09-30,Tacoma,44031.47,5.65,Completed
824640,12,2024-09-30,Camry,35059.9,5.65,Completed
824641,7,2024-09-08,Tacoma,41017.2,5.39,Completed
824642,13,2024-09-09,Prius,30909.75,5.61,Completed
824643,20,2024-09-23,Corolla,28239.56,5.77,Completed
824644,16,2024-09-30,Prius,34051.09,6.06,Completed
824645,6,2024-09-27,Camry,27840.35,3.86,Completed
824646,17,2024-09-26,Highlander,45099.0,4.51,Completed
824647,1,2024-09-30,Highlander,50370.77,5.24,Completed
824648,10,2024-09-17,Prius,24620.97,4.88,Completed
824649,1,2024-09-26,Highlander,50574.54,5.24,Completed
824650,18,2024-09-18,Camry,40135.95,5.68,Completed
824651,20,2024-09-09,Camry,41347.25,5.77,Completed
824652,12,2024-09-21,Camry,36073.82,5.65,Completed
824653,14,2024-09-22,Tacoma,36645.52,5.1,Completed
824654,6,2024-09-27,RAV4,34641.68,3.86,Completed
824655,8,2024-09-05,Sienna,49424.63,5.84,Completed
824656,8,2024-09-11,Sienna,52699.19,5.84,Completed
824657,18,2024-09-05,Camry,41588.61,5.68,Completed
824658,16,2024-09-09,Camry,42171.36,6.06,Completed
824659,11,2024-09-30,Highlander,49246.74,4.16,Completed
824660,15,2024-09-14,Corolla,27282.85,4.86,Completed
824661,2,2024-09-10,RAV4,36090.2,4.0,Completed
824662,15,2024-09-11,Corolla,29779.03,4.86,Completed
824663,9,2024-09-26,Prius,21680.99,4.4,Completed
824664,16,2024-09-14,Tacoma,42199.21,6.06,Completed
824665,13,2024-09-05,Camry,37912.74,5.61,Completed
824666,12,2024-09-22,RAV4,49807.16,5.65,Completed
824667,19,2024-09-02,Camry,32180.86,5.48,Completed
824668,5,2024-09-18,Tacoma,36169.87,5.34,Completed
824669,14,2024-09-24,RAV4,42106.06,5.1,Completed
824670,15,2024-09-04,Highlander,59274.53,4.86,Completed
824671,4,2024-09-10,Tacoma,26680.3,3.81,Completed
824672,3,2024-09-04,Sienna,50594.76,5.69,Completed
824673,7,2024-09-09,Sienna,52547.6,5.39,Completed
824674,3,2024-09-16,Tacoma,46039.95,5.69,Completed
824675,13,2024-09-26,Corolla,28900.6,5.61,Completed
824676,2,2024-09-18,Corolla,20571.37,4.0,Completed
824677,9,2024-09-14,RAV4,33543.27,4.4,Completed
824678,17,2024-09-28,Camry,30062.54,4.51,Completed
824679,19,2024-09-20,Sienna,47277.13,5.48,Completed
824680,12,2024-09-30,Camry,36213.36,5.65,Completed
824681,18,2024-09-11,Tacoma,49638.51,5.68,Completed
824682,15,2024-09-08,Prius,35318.91,4.86,Completed
824683,13,2024-09-13,Camry,38522.06,5.61,Completed
824684,3,2024-09-12,Camry,38798.86,5.69,Completed
824685,8,2024-09-01,Tundra,49512.46,5.84,Completed
824686,13,2024-09-11,Highlander,60760.11,5.61,Completed
824687,7,2024-09-27,Camry,42802.6,5.39,Completed
824688,14,2024-09-28,Tundra,44865.86,5.1,Completed
824689,19,2024-09-14,Corolla,25086.99,5.48,Pending
824690,15,2024-09-23,Tundra,52181.92,4.86,Completed
824691,1,2024-09-13,Corolla,24579.52,5.24,Completed
824692,12,2024-09-19,RAV4,49734.68,5.65,Completed
824693,6,2024-09-04,Sienna,32144.6,3.86,Completed
824694,18,2024-09-11,Sienna,49870.37,5.68,Completed
824695,13,2024-09-23,Camry,40751.85,5.61,Completed
824696,1,2024-09-22,Tacoma,36473.96,5.24,Completed
824697,14,2024-09-17,Highlander,66048.44,5.1,Completed
824698,14,2024-09-13,Tacoma,44111.6,5.1,Completed
824699,19,2024-09-08,Highlander,56866.56,5.48,Completed
824700,9,2024-09-22,RAV4,30962.08,4.4,Completed
824701,3,2024-09-30,Prius,34504.18,5.69,Completed
824702,1,2024-09-08,RAV4,36965.08,5.24,Completed
824703,20,2024-09-03,Sienna,53807.47,5.77,Completed
824704,1,2024-09-28,Camry,32364.91,5.24,Completed
824705,11,2024-09-18,Camry,27615.31,4.16,Completed
824706,6,2024-09-02,Camry,28478.3,3.86,Completed
824707,7,2024-09-09,Sienna,55192.03,5.39,Completed
824708,15,2024-09-05,Prius,34769.83,4.86,Completed
824709,8,2024-09-04,RAV4,42112.11,5.84,Pending
824710,18,2024-09-06,Prius,33987.14,5.68,Completed
824711,17,2024-09-24,Sienna,32169.2,4.51,Completed
824712,3,2024-09-07,Prius,31513.54,5.69,Completed
824713,14,2024-09-14,Sienna,48480.99,5.1,Completed
824714,15,2024-09-27,Camry,36893.57,4.86,Completed
824715,9,2024-09-02,Sienna,36548.86,4.4,Completed
824716,14,2024-09-26,Camry,36560.45,5.1,Completed
824717,1,2024-09-12,Tundra,40564.02,5.24,Completed
824718,9,2024-09-10,RAV4,33580.58,4.4,Completed
824719,16,2024-09-18,RAV4,45486.28,6.06,Completed
824720,5,2024-09-19,RAV4,40341.05,5.34,Completed
824721,1,2024-09-22,Corolla,26024.02,5.24,Completed
824722,2,2024-09-11,Tundra,37580.08,4.0,Completed
824723,11,2024-09-29,Prius,25332.91,4.16,Completed
824724,7,2024-09-05,Highlander,61759.43,5.39,Completed
824725,12,2024-09-19,Corolla,26598.76,5.65,Completed
824726,14,2024-09-28,Tacoma,40982.12,5.1,Pending
824727,3,2024-09-04,Corolla,30321.79,5.69,Completed
824728,4,2024-09-13,Tundra,32859.38,3.81,Completed
824729,17,2024-09-17,Corolla,18680.52,4.51,Completed
824730,2,2024-09-19,RAV4,35043.28,4.0,Completed
824731,7,2024-09-12,Tacoma,41891.95,5.39,Completed
824732,5,2024-09-11,Sienna,42260.28,5.34,Completed
824733,17,2024-09-08,RAV4,33899.81,4.51,Completed
824734,10,2024-09-03,Tacoma,31489.59,4.88,Completed
824735,14,2024-09-05,RAV4,39968.63,5.1,Completed
824736,3,2024-09-01,RAV4,50007.52,5.69,Completed
824737,12,2024-09-13,Tacoma,42682.59,5.65,Completed
824738,6,2024-09-17,Tacoma,31699.76,3.86,Completed
824739,5,2024-09-07,Corolla,23964.4,5.34,Completed
824740,18,2024-09-24,Corolla,30309.02,5.68,Completed
824741,8,2024-09-29,Tundra,46398.07,5.84,Completed
824742,19,2024-09-02,Tacoma,35282.43,5.48,Completed
824743,7,2024-09-22,RAV4,50160.25,5.39,Completed
824744,19,2024-09-23,RAV4,43339.08,5.48,Completed
824745,17,2024-09-16,Prius,24148.86,4.51,Completed
824746,14,2024-09-07,Highlander,63155.11,5.1,Completed
824747,6,2024-09-27,Tacoma,32519.55,3.86,Completed
824748,7,2024-09-23,Corolla,29130.32,5.39,Completed
824749,18,2024-09-28,Tundra,58760.35,5.68,Completed
824750,1,2024-09-17,Corolla,23948.03,5.24,Completed
824751,8,2024-09-30,Sienna,46823.59,5.84,Completed
824752,14,2024-09-03,Sienna,44531.83,5.1,Completed
824753,7,2024-09-24,Corolla,26590.55,5.39,Completed
824754,9,2024-09-23,Prius,25992.65,4.4,Completed
824755,5,2024-09-26,Tacoma,37707.4,5.34,Completed
824756,13,2024-09-02,Sienna,49159.66,5.61,Completed
824757,12,2024-09-06,Tacoma,40915.12,5.65,Completed
824758,20,2024-09-23,Highlander,59139.32,5.77,Completed
824759,20,2024-09-02,Sienna,54146.49,5.77,Completed
824760,7,2024-09-10,Corolla,32097.06,5.39,Completed
824761,1,2024-09-13,Sienna,41057.1,5.24,Completed
824762,13,2024-09-20,Camry,37701.53,5.61,Completed
824763,7,2024-09-03,Tundra,56248.06,5.39,Completed
824764,12,2024-09-04,Sienna,49743.78,5.65,Pending
824765,16,2024-09-02,Sienna,49892.84,6.06,Completed
824766,15,2024-09-26,Prius,33419.06,4.86,Completed
824767,7,2024-09-19,Tundra,50975.13,5.39,Completed
824768,6,2024-09-15,Corolla,21452.69,3.86,Completed
824769,18,2024-09-03,Prius,36275.74,5.68,Pending
824770,4,2024-09-29,Tundra,32556.81,3.81,Completed
824771,2,2024-09-03,Tacoma,30374.87,4.0,Completed
824772,9,2024-09-26,Tacoma,29283.98,4.4,Completed
824773,5,2024-09-06,Camry,33539.99,5.34,Pending
824774,10,2024-09-02,Corolla,21012.87,4.88,Completed
824775,5,2024-09-06,Highlander,52417.85,5.34,Completed
824776,9,2024-09-27,Sienna,37488.3,4.4,Completed
824777,17,2024-09-13,RAV4,33009.74,4.51,Completed
824778,16,2024-09-23,Sienna,56300.33,6.06,Completed
824779,10,2024-09-19,RAV4,35516.66,4.88,Completed
824780,10,2024-09-07,Camry,30138.76,4.88,Completed
824781,17,2024-09-11,Camry,30297.37,4.51,Completed
824782,8,2024-09-23,Corolla,31502.46,5.84,Completed
824783,1,2024-09-18,Tundra,44169.01,5.24,Completed
824784,15,2024-09-25,Prius,33743.97,4.86,Completed
824785,16,2024-09-09,Camry,40618.78,6.06,Completed
824786,1,2024-09-18,Tacoma,33531.62,5.24,Completed
824787,15,2024-09-04,Tundra,47932.74,4.86,Completed
824788,14,2024-09-01,RAV4,39550.96,5.1,Completed
824789,11,2024-09-18,Tacoma,30047.67,4.16,Completed
824790,8,2024-09-08,Highlander,59898.77,5.84,Completed
824791,7,2024-09-26,Corolla,31889.06,5.39,Completed
824792,14,2024-09-22,Corolla,29965.32,5.1,Completed
824793,19,2024-09-05,Camry,36578.39,5.48,Completed
824794,7,2024-09-30,RAV4,49954.25,5.39,Completed
824795,14,2024-09-27,Sienna,51269.48,5.1,Completed
824796,18,2024-09-26,Camry,38005.94,5.68,Completed
824797,4,2024-09-06,Highlander,42338.48,3.81,Completed
824798,10,2024-09-21,Sienna,35433.75,4.88,Completed
824799,19,2024-09-28,Highlander,56737.92,5.48,Completed
824800,12,2024-09-10,Corolla,28366.99,5.65,Completed
824801,6,2024-09-06,Prius,24183.18,3.86,Completed
824802,3,2024-09-30,RAV4,43563.6,5.69,Completed
824803,18,2024-09-13,Tacoma,41851.28,5.68,Completed
824804,16,2024-09-22,Highlander,59788.48,6.06,Completed
824805,11,2024-09-20,Corolla,22263.28,4.16,Completed
824806,4,2024-09-10,Highlander,44793.88,3.81,Completed
824807,6,2024-09-08,Tacoma,29309.95,3.86,Completed
824808,13,2024-09-17,Highlander,70708.88,5.61,Completed
824809,5,2024-09-05,Tacoma,38887.99,5.34,Completed
824810,18,2024-09-17,Corolla,30628.58,5.68,Completed
824811,2,2024-09-14,Sienna,40248.88,4.0,Completed
824812,4,2024-09-11,Tacoma,30293.41,3.81,Completed
824813,20,2024-09-23,Tacoma,38383.57,5.77,Completed
824814,20,2024-09-19,Corolla,26360.35,5.77,Completed
824815,11,2024-09-15,Tacoma,32518.84,4.16,Completed
824816,10,2024-09-21,Sienna,33921.05,4.88,Completed
824817,14,2024-09-27,Tacoma,41633.62,5.1,Completed
824818,4,2024-09-02,Sienna,37984.25,3.81,Completed
824819,18,2024-09-22,Tacoma,43168.14,5.68,Completed
824820,2,2024-09-13,Sienna,37009.3,4.0,Completed
824821,7,2024-09-06,Highlander,68348.21,5.39,Completed
824822,8,2024-09-21,Prius,34408.48,5.84,Completed
824823,15,2024-09-01,Highlander,65973.85,4.86,Completed
824824,9,2024-09-09,Sienna,39630.1,4.4,Completed
824825,11,2024-09-05,Tundra,37324.91,4.16,Pending
824826,2,2024-09-09,Tundra,35568.7,4.0,Completed
824827,20,2024-09-02,Camry,39598.09,5.77,Cancelled
824828,14,2024-09-20,Highlander,61618.31,5.1,Completed
824829,15,2024-09-13,Camry,38777.35,4.86,Completed
824830,10,2024-09-08,Tundra,40257.59,4.88,Completed
824831,19,2024-09-15,Camry,35300.37,5.48,Completed
824832,12,2024-09-12,Tundra,49186.5,5.65,Completed
824833,8,2024-09-28,RAV4,45026.18,5.84,Completed
824834,16,2024-09-26,Corolla,28014.25,6.06,Completed
824835,3,2024-09-21,Highlander,70806.34,5.69,Pending
824836,6,2024-09-27,Tundra,36002.32,3.86,Completed
824837,18,2024-09-23,Tundra,57180.2,5.68,Completed
824838,15,2024-09-30,Prius,35203.39,4.86,Completed
824839,3,2024-09-06,Tundra,48982.96,5.69,Completed
824840,19,2024-09-02,Prius,27441.32,5.48,Completed
824841,3,2024-09-24,Sienna,55236.96,5.69,Completed
824842,19,2024-09-09,Camry,31310.13,5.48,Cancelled
824843,7,2024-09-16,RAV4,43953.51,5.39,Completed
824844,13,2024-09-09,Camry,41604.28,5.61,Completed
824845,7,2024-09-11,RAV4,42408.56,5.39,Completed
824846,4,2024-09-26,Corolla,20437.68,3.81,Completed
824847,1,2024-09-14,Tacoma,36904.23,5.24,Completed
824848,10,2024-09-09,Sienna,40129.06,4.88,Completed
824849,1,2024-09-21,Corolla,25489.05,5.24,Completed
824850,11,2024-09-19,RAV4,36515.15,4.16,Completed
824851,11,2024-09-21,RAV4,32701.89,4.16,Completed
824852,12,2024-09-26,Prius,30425.87,5.65,Completed
824853,6,2024-09-24,Sienna,33504.52,3.86,Pending
824854,11,2024-09-16,Prius,25266.32,4.16,Completed
824855,13,2024-09-05,Sienna,49687.79,5.61,Completed
824856,11,2024-09-05,Sienna,38876.87,4.16,Completed
824857,18,2024-09-25,Camry,44171.58,5.68,Completed
824858,7,2024-09-26,Highlander,63755.18,5.39,Completed
824859,14,2024-09-06,Tacoma,42238.32,5.1,Completed
824860,5,2024-09-12,Tundra,40677.66,5.34,Completed
824861,11,2024-09-10,Camry,28098.16,4.16,Completed
824862,2,2024-09-07,Tundra,41897.4,4.0,Completed
824863,19,2024-09-19,Tundra,47805.19,5.48,Completed
824864,10,2024-09-17,Tacoma,31274.61,4.88,Completed
824865,10,2024-09-21,Tacoma,28895.08,4.88,Completed
824866,12,2024-09-06,Camry,37210.66,5.65,Completed
824867,13,2024-09-05,Camry,42490.38,5.61,Completed
824868,7,2024-09-12,Corolla,27137.57,5.39,Completed
824869,19,2024-09-06,Sienna,39955.87,5.48,Completed
824870,12,2024-09-21,Sienna,50926.21,5.65,Completed
824871,10,2024-09-13,Tundra,37494.73,4.88,Completed
824872,2,2024-09-22,Sienna,36051.18,4.0,Completed
824873,19,2024-09-09,RAV4,36856.3,5.48,Completed
824874,16,2024-09-19,Tacoma,47041.39,6.06,Completed
824875,11,2024-09-24,RAV4,33255.59,4.16,Completed
824876,15,2024-09-16,Tacoma,39712.62,4.86,Completed
824877,1,2024-09-23,Corolla,24302.88,5.24,Completed
824878,1,2024-09-24,Camry,35909.62,5.24,Completed
824879,2,2024-09-13,Camry,29810.1,4.0,Completed
824880,8,2024-09-29,Sienna,46744.74,5.84,Completed
824881,11,2024-09-05,Tundra,37332.05,4.16,Completed
824882,1,2024-09-09,Corolla,22742.74,5.24,Completed
824883,15,2024-09-16,Prius,33022.16,4.86,Completed
824884,4,2024-09-21,RAV4,28669.65,3.81,Completed
824885,6,2024-09-21,Tundra,32471.56,3.86,Completed
824886,7,2024-09-08,RAV4,43715.02,5.39,Completed
824887,5,2024-09-20,Sienna,40030.77,5.34,Completed
824888,5,2024-09-17,Tacoma,38245.02,5.34,Completed
824889,6,2024-09-13,Tundra,33129.92,3.86,Completed
824890,7,2024-09-15,Corolla,28454.88,5.39,Completed
824891,20,2024-09-27,Tundra,52606.46,5.77,Completed
824892,4,2024-09-01,Camry,27987.39,3.81,Completed
824893,5,2024-09-19,RAV4,42531.28,5.34,Completed
824894,13,2024-09-21,RAV4,48632.26,5.61,Completed
824895,5,2024-09-06,Tacoma,37162.05,5.34,Completed
824896,8,2024-09-29,Sienna,46641.87,5.84,Completed
824897,18,2024-09-15,Highlander,73542.12,5.68,Completed
824898,14,2024-09-07,Highlander,66508.87,5.1,Completed
824899,18,2024-09-11,Prius,33891.94,5.68,Completed
824900,10,2024-09-23,Tacoma,31038.53,4.88,Completed
824901,15,2024-09-16,Prius,34048.29,4.86,Completed
824902,6,2024-09-07,RAV4,35030.63,3.86,Completed
824903,19,2024-09-19,Sienna,40008.72,5.48,Completed
824904,6,2024-09-23,Corolla,21364.48,3.86,Completed
824905,7,2024-09-29,Tacoma,45522.06,5.39,Completed
824906,12,2024-09-09,Camry,35242.05,5.65,Completed
824907,11,2024-09-20,Corolla,21661.73,4.16,Completed
824908,15,2024-09-21,RAV4,49637.41,4.86,Completed
824909,20,2024-09-24,Highlander,68409.11,5.77,Completed
824910,17,2024-09-10,RAV4,33208.12,4.51,Completed
824911,18,2024-09-07,Corolla,32242.54,5.68,Completed
824912,3,2024-09-27,Camry,42214.35,5.69,Completed
824913,1,2024-09-11,Prius,27375.42,5.24,Completed
824914,2,2024-09-25,Tacoma,32470.74,4.0,Completed
824915,20,2024-09-14,Tundra,47764.84,5.77,Completed
824916,3,2024-09-15,Highlander,64635.73,5.69,Completed
824917,1,2024-09-08,Tundra,41015.99,5.24,Completed
824918,3,2024-09-01,RAV4,48303.75,5.69,Completed
824919,14,2024-09-17,Tacoma,44442.19,5.1,Completed
824920,16,2024-09-29,Tacoma,46501.98,6.06,Completed
824921,9,2024-09-28,Highlander,45822.39,4.4,Pending
824922,7,2024-09-05,Sienna,50449.81,5.39,Completed
824923,14,2024-09-29,RAV4,43176.96,5.1,Completed
824924,1,2024-09-22,Highlander,53486.34,5.24,Completed
824925,20,2024-09-27,Sienna,51621.32,5.77,Completed
824926,16,2024-09-15,Sienna,50073.61,6.06,Completed
824927,13,2024-09-07,Highlander,64790.7,5.61,Completed
824928,4,2024-09-12,Tacoma,31455.25,3.81,Completed
824929,6,2024-09-01,Highlander,48942.56,3.86,Completed
824930,11,2024-09-30,Highlander,42891.85,4.16,Completed
824931,18,2024-09-10,Tacoma,45480.45,5.68,Completed
824932,5,2024-09-25,Corolla,25106.4,5.34,Completed
824933,9,2024-09-23,Corolla,20138.54,4.4,Completed
824934,4,2024-09-22,Corolla,21305.07,3.81,Completed
824935,8,2024-09-24,RAV4,43470.38,5.84,Completed
824936,6,2024-09-08,Corolla,20688.23,3.86,Completed
824937,18,2024-09-14,Tundra,52922.52,5.68,Completed
824938,6,2024-09-16,Tundra,32294.44,3.86,Completed
824939,7,2024-09-18,RAV4,43050.7,5.39,Completed
824940,1,2024-09-18,Corolla,25982.08,5.24,Completed
824941,9,2024-09-21,Sienna,36020.63,4.4,Completed
824942,3,2024-09-02,RAV4,48520.29,5.69,Completed
824943,18,2024-09-03,Camry,39118.38,5.68,Completed
824944,1,2024-09-25,Camry,32947.38,5.24,Cancelled
824945,1,2024-09-09,Corolla,25153.73,5.24,Completed
824946,4,2024-09-11,Tundra,32887.79,3.81,Completed
824947,12,2024-09-03,Sienna,52360.25,5.65,Completed
824948,19,2024-09-24,Tacoma,37214.42,5.48,Completed
824949,20,2024-09-30,Corolla,30424.89,5.77,Completed
824950,3,2024-09-12,Tacoma,42372.14,5.69,Completed
824951,20,2024-09-20,Highlander,67427.62,5.77,Completed
824952,7,2024-09-20,Prius,32588.82,5.39,Pending
824953,1,2024-09-27,Sienna,44855.46,5.24,Completed
824954,20,2024-09-10,Highlander,65365.96,5.77,Completed
824955,4,2024-09-05,Tacoma,29299.76,3.81,Completed
824956,18,2024-09-21,Highlander,68633.87,5.68,Completed
824957,7,2024-09-05,Camry,37358.53,5.39,Completed
824958,1,2024-09-01,Highlander,51453.2,5.24,Completed
824959,5,2024-09-09,Prius,26341.35,5.34,Completed
824960,10,2024-09-15,RAV4,36994.04,4.88,Completed
824961,15,2024-09-28,Prius,29649.44,4.86,Completed
824962,16,2024-09-26,Corolla,27509.96,6.06,Completed
824963,12,2024-09-05,Corolla,29527.89,5.65,Completed
824964,7,2024-09-13,Corolla,26581.44,5.39,Completed
824965,16,2024-09-07,Corolla,32275.37,6.06,Completed
824966,7,2024-09-08,Camry,43029.18,5.39,Completed
824967,20,2024-09-19,RAV4,47466.78,5.77,Pending
824968,15,2024-09-03,Camry,38911.93,4.86,Completed
824969,3,2024-09-23,Sienna,52608.43,5.69,Completed
824970,2,2024-09-10,Highlander,51627.47,4.0,Completed
824971,9,2024-09-14,Corolla,20109.55,4.4,Completed
824972,6,2024-09-05,Camry,25198.65,3.86,Cancelled
824973,9,2024-09-12,Corolla,18893.03,4.4,Completed
824974,16,2024-09-20,Camry,43054.83,6.06,Completed
824975,17,2024-09-15,Tacoma,28726.56,4.51,Completed
824976,20,2024-09-10,Prius,30888.49,5.77,Completed
824977,15,2024-09-05,Tundra,48358.03,4.86,Completed
824978,13,2024-09-20,Tacoma,47385.41,5.61,Completed
824979,16,2024-09-02,Tundra,47416.15,6.06,Completed
824980,20,2024-09-25,Tacoma,45456.88,5.77,Completed
824981,14,2024-09-30,Camry,35183.67,5.1,Completed
824982,12,2024-09-19,Camry,37972.95,5.65,Completed
824983,8,2024-09-25,Prius,35158.94,5.84,Completed
824984,9,2024-09-12,Corolla,21979.09,4.4,Completed
824985,9,2024-09-28,Camry,31121.65,4.4,Completed
824986,16,2024-09-18,Corolla,31776.75,6.06,Completed
824987,3,2024-09-13,RAV4,51340.35,5.69,Completed
824988,13,2024-09-21,Corolla,31841.63,5.61,Completed
824989,11,2024-09-19,Tundra,37479.02,4.16,Cancelled
824990,13,2024-09-06,Prius,33798.91,5.61,Completed
824991,17,2024-09-01,Corolla,18813.83,4.51,Completed
824992,1,2024-09-06,Tundra,43633.87,5.24,Completed
824993,14,2024-09-23,Camry,39315.66,5.1,Completed
824994,10,2024-09-11,Prius,26605.76,4.88,Completed
824995,7,2024-09-17,Corolla,31123.39,5.39,Completed
824996,18,2024-09-16,Tundra,53242.31,5.68,Completed
824997,6,2024-09-04,Highlander,48846.97,3.86,Completed
824998,19,2024-09-22,Camry,34874.94,5.48,Completed
824999,14,2024-09-02,Prius,33961.02,5.1,Pending
825000,1,2024-09-23,Corolla,21741.8,5.24,Completed
825001,20,2024-09-19,Corolla,26220.5,5.77,Completed
825002,6,2024-09-24,Sienna,38751.23,3.86,Completed
825003,3,2024-09-12,Camry,41808.13,5.69,Completed
825004,3,2024-09-27,Prius,31386.73,5.69,Completed
825005,18,2024-09-25,Tundra,52583.42,5.68,Completed
825006,7,2024-09-14,Tacoma,46076.35,5.39,Completed
825007,18,2024-09-07,RAV4,47288.02,5.68,Completed
825008,12,2024-09-02,Sienna,47373.45,5.65,Completed
825009,15,2024-09-27,Corolla,26393.84,4.86,Pending
825010,11,2024-09-06,Prius,24830.63,4.16,Completed
825011,13,2024-09-27,Highlander,66580.88,5.61,Completed
825012,8,2024-09-04,Sienna,52194.67,5.84,Completed
825013,20,2024-09-02,Prius,34802.91,5.77,Completed
825014,3,2024-09-28,Sienna,48674.0,5.69,Completed
825015,7,2024-09-15,Tacoma,43075.81,5.39,Completed
825016,16,2024-09-07,Prius,35306.85,6.06,Completed
825017,3,2024-09-23,Highlander,62822.57,5.69,Completed
825018,4,2024-09-29,Highlander,47775.39,3.81,Completed
825019,10,2024-09-30,Prius,26354.12,4.88,Completed
825020,17,2024-09-13,Highlander,44498.67,4.51,Completed
825021,11,2024-09-07,Sienna,37843.22,4.16,Completed
825022,14,2024-09-19,Tundra,52530.21,5.1,Completed
825023,16,2024-09-11,Prius,32837.61,6.06,Completed
825024,16,2024-09-30,Sienna,56047.68,6.06,Completed
825025,10,2024-09-15,Prius,26494.01,4.88,Completed
825026,9,2024-09-03,RAV4,33663.81,4.4,Pending
825027,2,2024-09-07,Prius,27472.96,4.0,Completed
825028,17,2024-09-20,RAV4,34136.3,4.51,Completed
825029,11,2024-09-02,Tundra,39652.13,4.16,Completed
825030,4,2024-09-23,Tundra,31368.06,3.81,Completed
825031,15,2024-09-29,Sienna,46885.62,4.86,Pending
825032,7,2024-09-27,Corolla,30539.2,5.39,Completed
825033,6,2024-09-12,Tundra,37871.12,3.86,Completed
825034,12,2024-09-23,RAV4,44549.74,5.65,Completed
825035,9,2024-09-06,Prius,23286.29,4.4,Completed
825036,10,2024-09-15,Camry,28243.81,4.88,Completed
825037,5,2024-09-04,Sienna,39440.9,5.34,Completed
825038,3,2024-09-24,Prius,31654.26,5.69,Completed
825039,11,2024-09-10,Camry,30972.15,4.16,Completed
825040,4,2024-09-08,Tacoma,26668.52,3.81,Completed
825041,5,2024-09-11,Highlander,50957.83,5.34,Pending
825042,1,2024-09-26,Tacoma,38659.58,5.24,Completed
825043,6,2024-09-06,Prius,24631.32,3.86,Completed
825044,11,2024-09-18,Camry,29110.14,4.16,Completed
825045,7,2024-09-10,Tundra,53681.83,5.39,Completed
825046,15,2024-09-06,Highlander,66598.03,4.86,Completed
825047,10,2024-09-09,RAV4,34364.2,4.88,Completed
825048,16,2024-09-28,Highlander,63407.5,6.06,Completed
825049,4,2024-09-06,Tacoma,26619.64,3.81,Completed
825050,12,2024-09-10,Corolla,26503.95,5.65,Completed
825051,6,2024-09-14,Prius,22004.5,3.86,Completed
825052,13,2024-09-24,Sienna,57190.21,5.61,Completed
825053,20,2024-09-27,RAV4,43315.74,5.77,Completed
825054,5,2024-09-19,Sienna,42650.24,5.34,Completed
825055,16,2024-09-13,RAV4,45904.05,6.06,Completed
825056,18,2024-09-14,Highlander,65780.7,5.68,Completed
825057,9,2024-09-21,Prius,25168.35,4.4,Cancelled
825058,9,2024-09-07,Sienna,34072.79,4.4,Completed
825059,16,2024-09-30,Prius,32373.79,6.06,Completed
825060,11,2024-09-10,Highlander,48122.69,4.16,Completed
825061,4,2024-09-16,Corolla,19748.44,3.81,Completed
825062,13,2024-09-19,Sienna,51782.32,5.61,Completed
825063,9,2024-09-28,Tacoma,28425.79,4.4,Completed
825064,18,2024-09-04,Tacoma,48670.85,5.68,Completed
825065,18,2024-09-08,RAV4,46220.59,5.68,Cancelled
825066,9,2024-09-08,Sienna,39217.64,4.4,Completed
825067,20,2024-09-11,Camry,39502.17,5.77,Completed
825068,9,2024-09-26,Camry,29902.71,4.4,Completed
825069,17,2024-09-26,Highlander,45167.36,4.51,Completed
825070,1,2024-09-27,Tacoma,37541.19,5.24,Completed
825071,5,2024-09-06,Prius,29142.25,5.34,Completed
825072,13,2024-09-04,RAV4,51045.49,5.61,Completed
825073,11,2024-09-19,Tundra,36960.85,4.16,Completed
825074,7,2024-09-18,Tundra,55364.1,5.39,Completed
825075,3,2024-09-27,Corolla,27871.11,5.69,Completed
825076,4,2024-09-09,Tundra,37230.27,3.81,Completed
825077,16,2024-09-01,Prius,36709.68,6.06,Completed
825078,19,2024-09-03,Corolla,25214.04,5.48,Completed
825079,15,2024-09-16,RAV4,47711.9,4.86,Completed
825080,17,2024-09-03,Tundra,34021.02,4.51,Completed
825081,7,2024-09-04,Tundra,52355.17,5.39,Completed
825082,8,2024-09-18,Camry,42952.54,5.84,Completed
825083,17,2024-09-03,Highlander,46183.47,4.51,Completed
825084,3,2024-09-27,Highlander,63699.89,5.69,Completed
825085,17,2024-09-03,Prius,21493.86,4.51,Completed
825086,18,2024-09-11,Tundra,54366.73,5.68,Completed
825087,19,2024-09-04,RAV4,38347.92,5.48,Completed
825088,6,2024-09-25,RAV4,30918.15,3.86,Completed
825089,7,2024-09-12,Sienna,53129.08,5.39,Completed
825090,10,2024-09-28,Corolla,23082.92,4.88,Cancelled
825091,15,2024-09-24,Sienna,52432.97,4.86,Completed
825092,18,2024-09-04,Highlander,66523.02,5.68,Completed
825093,4,2024-09-26,Prius,23936.3,3.81,Completed
825094,20,2024-09-02,Highlander,59897.4,5.77,Completed
825095,11,2024-09-06,Prius,23693.35,4.16,Completed
825096,20,2024-09-28,Tacoma,41603.83,5.77,Completed
825097,16,2024-09-23,Tundra,54173.25,6.06,Completed
825098,11,2024-09-25,Highlander,49864.75,4.16,Completed
825099,10,2024-09-10,Camry,30495.5,4.88,Completed
825100,20,2024-09-05,Camry,37518.9,5.77,Completed
825101,14,2024-09-06,Tacoma,37245.04,5.1,Completed
825102,3,2024-09-03,Camry,38014.35,5.69,Completed
825103,11,2024-09-04,Sienna,37540.01,4.16,Completed
825104,13,2024-09-02,Sienna,50678.77,5.61,Completed
825105,14,2024-09-23,Tacoma,38820.75,5.1,Completed
825106,10,2024-09-15,Prius,24219.41,4.88,Completed
825107,4,2024-09-22,Highlander,47514.05,3.81,Completed
825108,16,2024-09-04,Sienna,54479.88,6.06,Completed
825109,2,2024-09-18,RAV4,38144.66,4.0,Completed
825110,4,2024-09-19,Corolla,17966.71,3.81,Completed
825111,11,2024-09-17,RAV4,30602.29,4.16,Completed
825112,14,2024-09-03,Prius,31818.19,5.1,Completed
825113,3,2024-09-26,Tundra,53744.79,5.69,Completed
825114,11,2024-09-16,Prius,24137.46,4.16,Completed
825115,17,2024-09-16,Camry,27886.54,4.51,Completed
825116,7,2024-09-08,Camry,41166.74,5.39,Completed
825117,10,2024-09-19,Corolla,23684.69,4.88,Completed
825118,10,2024-09-25,Prius,22651.31,4.88,Completed
825119,12,2024-09-01,Tundra,53791.52,5.65,Completed
825120,3,2024-09-10,Tundra,48554.01,5.69,Completed
825121,14,2024-09-29,Tundra,52806.64,5.1,Completed
825122,17,2024-09-02,RAV4,35108.76,4.51,Completed
825123,15,2024-09-19,RAV4,46280.76,4.86,Completed
825124,2,2024-09-02,Sienna,38766.66,4.0,Completed
825125,1,2024-09-21,Tacoma,37600.67,5.24,Pending
825126,17,2024-09-28,Corolla,20301.78,4.51,Completed
825127,14,2024-09-26,Camry,36585.36,5.1,Completed
825128,13,2024-09-25,Corolla,28062.79,5.61,Completed
825129,4,2024-09-15,Tacoma,26365.28,3.81,Completed
825130,5,2024-09-03,Tacoma,38111.61,5.34,Completed
825131,12,2024-09-28,Tundra,53654.91,5.65,Completed
825132,15,2024-09-07,Highlander,68239.73,4.86,Completed
825133,11,2024-09-25,Sienna,35548.71,4.16,Completed
825134,2,2024-09-29,Tacoma,31950.44,4.0,Completed
825135,8,2024-09-04,Tacoma,38505.37,5.84,Completed
825136,10,2024-09-04,Highlander,51777.77,4.88,Completed
825137,3,2024-09-09,Prius,33995.07,5.69,Completed
825138,20,2024-09-07,RAV4,45008.2,5.77,Completed
825139,14,2024-09-24,Highlander,60639.17,5.1,Completed
825140,11,2024-09-13,Corolla,20764.92,4.16,Completed
825141,13,2024-09-25,RAV4,47852.17,5.61,Completed
825142,3,2024-09-20,Camry,40891.85,5.69,Completed
825143,5,2024-09-01,Highlander,49478.99,5.34,Completed
825144,2,2024-09-10,RAV4,34273.02,4.0,Completed
825145,5,2024-09-13,Sienna,46500.22,5.34,Completed
825146,20,2024-09-29,Camry,41925.81,5.77,Completed
825147,4,2024-09-25,Tundra,32751.89,3.81,Completed
825148,16,2024-09-25,Tacoma,43134.19,6.06,Completed
825149,17,2024-09-10,Highlander,42757.11,4.51,Completed
825150,19,2024-09-07,Prius,30102.96,5.48,Completed
825151,12,2024-09-13,RAV4,43570.37,5.65,Completed
825152,9,2024-09-06,Prius,21845.9,4.4,Completed
825153,1,2024-09-29,Highlander,54418.55,5.24,Completed
825154,12,2024-09-07,Camry,38997.46,5.65,Pending
825155,15,2024-09-03,RAV4,45254.3,4.86,Completed
825156,19,2024-09-10,Corolla,24155.81,5.48,Completed
825157,20,2024-09-17,RAV4,43962.6,5.77,Completed
825158,1,2024-09-26,Sienna,44056.47,5.24,Completed
825159,15,2024-09-14,Tundra,46689.64,4.86,Completed
825160,20,2024-09-06,Tundra,51836.9,5.77,Completed
825161,3,2024-09-10,Tacoma,47815.63,5.69,Completed
825162,15,2024-09-26,Tundra,51867.27,4.86,Completed
825163,20,2024-09-28,Camry,39255.22,5.77,Completed
825164,3,2024-09-25,Prius,35342.94,5.69,Completed
825165,7,2024-09-17,Tundra,54918.08,5.39,Completed
825166,6,2024-09-24,Sienna,38256.27,3.86,Completed
825167,13,2024-09-22,Tundra,56504.24,5.61,Completed
825168,4,2024-09-14,Tacoma,31962.44,3.81,Completed
825169,3,2024-09-28,Highlander,63776.48,5.69,Completed
825170,13,2024-09-20,Corolla,30946.23,5.61,Completed
825171,12,2024-09-05,Highlander,59042.64,5.65,Completed
825172,7,2024-09-23,Sienna,49985.75,5.39,Completed
825173,9,2024-09-21,Sienna,39455.53,4.4,Completed
825174,2,2024-09-08,Corolla,23592.58,4.0,Completed
825175,19,2024-09-22,Tacoma,36372.04,5.48,Completed
825176,7,2024-09-03,Prius,34606.29,5.39,Completed
825177,15,2024-09-15,Sienna,47452.78,4.86,Completed
825178,9,2024-09-13,Tundra,37600.52,4.4,Completed
825179,16,2024-09-25,Sienna,51860.33,6.06,Completed
825180,20,2024-09-16,Highlander,58974.38,5.77,Completed
825181,14,2024-09-24,Tacoma,43612.66,5.1,Completed
825182,7,2024-09-23,Camry,39031.38,5.39,Completed
825183,14,2024-09-17,Camry,40234.32,5.1,Completed
825184,19,2024-09-13,Camry,33965.89,5.48,Completed
825185,16,2024-09-27,Sienna,50890.72,6.06,Completed
825186,18,2024-09-17,Sienna,59266.95,5.68,Completed
825187,7,2024-09-13,Corolla,28059.59,5.39,Pending
825188,9,2024-09-05,Camry,29755.9,4.4,Completed
825189,14,2024-09-25,Corolla,27945.81,5.1,Completed
825190,14,2024-09-13,Tacoma,38767.57,5.1,Completed
825191,6,2024-09-03,Highlander,49317.02,3.86,Completed
825192,3,2024-09-21,Sienna,52055.23,5.69,Completed
825193,10,2024-09-01,Camry,30871.34,4.88,Completed
825194,4,2024-09-13,Prius,21226.46,3.81,Completed
825195,5,2024-09-14,Sienna,41052.19,5.34,Completed
825196,17,2024-09-15,Camry,26087.29,4.51,Completed
825197,2,2024-09-09,Corolla,21925.21,4.0,Completed
825198,12,2024-09-27,Tacoma,43432.06,5.65,Completed
825199,9,2024-09-06,Highlander,44146.66,4.4,Completed
825200,19,2024-09-10,Corolla,22984.68,5.48,Completed
825201,3,2024-09-24,RAV4,50373.12,5.69,Completed
825202,14,2024-09-04,Sienna,47273.24,5.1,Completed
825203,7,2024-09-25,Corolla,27154.93,5.39,Completed
825204,11,2024-09-15,Prius,24729.16,4.16,Completed
825205,2,2024-09-21,Corolla,20929.52,4.0,Completed
825206,2,2024-09-29,Sienna,35067.46,4.0,Completed
825207,15,2024-09-17,Tacoma,43830.65,4.86,Completed
825208,18,2024-09-23,Highlander,71826.85,5.68,Completed
825209,7,2024-09-03,Prius,30211.56,5.39,Completed
825210,8,2024-09-14,Camry,36013.08,5.84,Cancelled
825211,2,2024-09-11,Highlander,50044.29,4.0,Completed
825212,17,2024-09-03,Prius,23707.94,4.51,Completed
825213,10,2024-09-30,RAV4,36286.02,4.88,Completed
825214,12,2024-09-21,Highlander,65411.93,5.65,Completed
825215,11,2024-09-02,Camry,26272.21,4.16,Completed
825216,3,2024-09-04,Prius,34307.33,5.69,Completed
825217,19,2024-09-09,Corolla,24018.05,5.48,Completed
825218,3,2024-09-17,RAV4,44233.73,5.69,Completed
825219,2,2024-09-16,Sienna,37609.83,4.0,Completed
825220,12,2024-09-23,Prius,29197.51,5.65,Completed
825221,4,2024-09-18,Highlander,42306.07,3.81,Completed
825222,1,2024-09-24,Camry,35368.04,5.24,Completed
825223,7,2024-09-10,Camry,36624.35,5.39,Completed
825224,15,2024-09-27,Corolla,28413.73,4.86,Completed
825225,4,2024-09-01,Tacoma,29417.85,3.81,Completed
825226,3,2024-09-30,Tundra,52981.44,5.69,Completed
825227,1,2024-09-03,Tundra,45419.33,5.24,Completed
825228,20,2024-09-18,Prius,30237.26,5.77,Completed
825229,2,2024-09-25,RAV4,31763.34,4.0,Completed
825230,17,2024-09-19,RAV4,35010.52,4.51,Completed
825231,17,2024-09-18,Corolla,18191.8,4.51,Completed
825232,12,2024-09-04,Camry,35898.23,5.65,Completed
825233,11,2024-09-22,Camry,30184.51,4.16,Completed
825234,16,2024-09-21,Prius,33594.91,6.06,Completed
825235,20,2024-09-13,Camry,36402.16,5.77,Completed
825236,14,2024-09-29,Highlander,64033.25,5.1,Completed
825237,17,2024-09-08,RAV4,30018.6,4.51,Completed
825238,15,2024-09-13,Tundra,52900.91,4.86,Completed
825239,4,2024-09-02,Camry,26858.28,3.81,Completed
825240,6,2024-09-28,Highlander,40907.69,3.86,Completed
825241,16,2024-09-12,Tundra,54264.8,6.06,Completed
825242,9,2024-09-26,Tundra,38095.59,4.4,Completed
825243,20,2024-09-22,Sienna,48285.91,5.77,Completed
825244,14,2024-09-28,Highlander,57250.7,5.1,Completed
825245,7,2024-09-17,Tundra,46386.37,5.39,Completed
825246,19,2024-09-08,RAV4,42752.71,5.48,Completed
825247,13,2024-09-15,Sienna,49246.17,5.61,Completed
825248,2,2024-09-05,Corolla,21113.56,4.0,Completed
825249,5,2024-09-03,Tundra,40299.67,5.34,Completed
825250,5,2024-09-03,Tundra,43882.38,5.34,Completed
825251,10,2024-09-28,RAV4,33383.18,4.88,Completed
825252,13,2024-09-27,Prius,31616.42,5.61,Completed
825253,15,2024-09-18,Sienna,51062.52,4.86,Completed
825254,6,2024-09-30,Prius,24107.29,3.86,Completed
825255,17,2024-09-27,RAV4,35415.55,4.51,Completed
825256,20,2024-09-29,Camry,37625.1,5.77,Completed
825257,19,2024-09-18,Sienna,46770.48,5.48,Completed
825258,9,2024-09-02,Tundra,40068.6,4.4,Completed
825259,11,2024-09-09,Highlander,45312.2,4.16,Completed
825260,6,2024-09-24,Tundra,32984.62,3.86,Completed
825261,4,2024-09-15,RAV4,30749.67,3.81,Completed
825262,19,2024-09-21,Camry,34467.03,5.48,Completed
825263,4,2024-09-04,Corolla,20146.87,3.81,Completed
825264,3,2024-09-04,Sienna,53637.89,5.69,Completed
825265,9,2024-09-01,Tundra,39814.25,4.4,Completed
825266,15,2024-09-17,Prius,33022.45,4.86,Completed
825267,8,2024-09-27,Prius,30762.96,5.84,Completed
825268,11,2024-09-17,Corolla,22538.37,4.16,Completed
825269,9,2024-09-06,Camry,28839.63,4.4,Completed
825270,1,2024-09-30,Corolla,24258.15,5.24,Completed
825271,4,2024-09-24,Prius,23996.5,3.81,Completed
825272,12,2024-09-27,Camry,38797.45,5.65,Completed
825273,10,2024-09-28,Camry,32036.57,4.88,Completed
825274,16,2024-09-12,Tacoma,40997.21,6.06,Completed
825275,17,2024-09-13,Tacoma,31956.34,4.51,Completed
825276,1,2024-09-17,Sienna,42795.67,5.24,Completed
825277,1,2024-09-25,RAV4,39304.01,5.24,Completed
825278,16,2024-09-06,Camry,42940.84,6.06,Completed
825279,5,2024-09-28,Corolla,24901.88,5.34,Completed
825280,11,2024-09-03,Highlander,50144.82,4.16,Completed
825281,17,2024-09-14,Camry,28049.6,4.51,Completed
825282,18,2024-09-27,Tundra,49282.94,5.68,Completed
825283,12,2024-09-22,Prius,31259.33,5.65,Completed
825284,7,2024-09-09,Highlander,59507.32,5.39,Completed
825285,10,2024-09-22,Prius,25537.67,4.88,Completed
825286,3,2024-09-27,Sienna,55485.02,5.69,Completed
825287,16,2024-09-06,Sienna,48839.65,6.06,Completed
825288,8,2024-09-11,RAV4,41947.59,5.84,Completed
825289,12,2024-09-07,RAV4,47704.1,5.65,Completed
825290,13,2024-09-11,RAV4,46666.83,5.61,Completed
825291,7,2024-09-11,Highlander,60596.14,5.39,Completed
825292,10,2024-09-26,Sienna,34758.42,4.88,Completed
825293,6,2024-09-02,Tacoma,32657.38,3.86,Completed
825294,13,2024-09-12,Corolla,27402.12,5.61,Completed
825295,15,2024-09-23,Camry,36767.07,4.86,Completed
825296,17,2024-09-07,Prius,23396.57,4.51,Completed
825297,13,2024-09-27,Tundra,54027.14,5.61,Completed
825298,12,2024-09-04,Tacoma,44255.26,5.65,Completed
825299,2,2024-09-05,RAV4,36300.98,4.0,Completed
825300,16,2024-09-24,Highlander,61324.81,6.06,Completed
825301,8,2024-09-03,Prius,33306.37,5.84,Completed
825302,5,2024-09-02,Prius,26837.08,5.34,Completed
825303,1,2024-09-12,RAV4,37757.11,5.24,Completed
825304,6,2024-09-14,Sienna,33415.19,3.86,Completed
825305,13,2024-09-13,RAV4,44359.68,5.61,Completed
825306,4,2024-09-02,Sienna,36748.28,3.81,Completed
825307,16,2024-09-09,Sienna,47099.45,6.06,Completed
825308,15,2024-09-04,Tundra,47115.31,4.86,Completed
825309,12,2024-09-25,Camry,37405.76,5.65,Completed
825310,8,2024-09-11,Highlander,65412.58,5.84,Completed
825311,8,2024-09-04,Tundra,46974.06,5.84,Completed
825312,17,2024-09-21,Camry,25995.53,4.51,Completed
825313,2,2024-09-21,Camry,27294.59,4.0,Cancelled
825314,19,2024-09-12,Sienna,47761.6,5.48,Completed
825315,19,2024-09-11,Tacoma,33272.22,5.48,Completed
825316,3,2024-09-26,Tundra,53644.43,5.69,Completed
825317,20,2024-09-21,Corolla,31518.93,5.77,Completed
825318,12,2024-09-22,Camry,37828.31,5.65,Completed
825319,8,2024-09-11,RAV4,44095.06,5.84,Completed
825320,18,2024-09-25,Sienna,49430.64,5.68,Completed
825321,9,2024-09-15,Sienna,35974.97,4.4,Completed
825322,3,2024-09-16,RAV4,43025.66,5.69,Completed
825323,16,2024-09-09,RAV4,50325.57,6.06,Completed
825324,11,2024-09-19,Prius,23326.06,4.16,Completed
825325,18,2024-09-24,Tacoma,50034.59,5.68,Completed
825326,17,2024-09-08,Highlander,46363.88,4.51,Completed
825327,10,2024-09-06,Corolla,20378.75,4.88,Completed
825328,3,2024-09-13,Prius,34725.78,5.69,Completed
825329,12,2024-09-15,Corolla,26820.89,5.65,Completed
825330,12,2024-09-18,Corolla,26794.71,5.65,Completed
825331,3,2024-09-08,Camry,43626.37,5.69,Completed
825332,9,2024-09-19,Corolla,20736.15,4.4,Completed
825333,20,2024-09-22,Sienna,46027.86,5.77,Completed
825334,8,2024-09-25,Prius,34694.08,5.84,Completed
825335,13,2024-09-24,Highlander,62627.71,5.61,Completed
825336,13,2024-09-20,Highlander,71129.53,5.61,Completed
825337,3,2024-09-10,RAV4,52249.66,5.69,Completed
825338,7,2024-09-09,Highlander,58774.42,5.39,Completed
825339,8,2024-09-27,Camry,35986.54,5.84,Completed
825340,7,2024-09-07,Highlander,64839.11,5.39,Completed
825341,20,2024-09-02,Corolla,31305.12,5.77,Completed
825342,4,2024-09-10,RAV4,33115.23,3.81,Completed
825343,11,2024-09-29,Tundra,39266.28,4.16,Completed
825344,11,2024-09-08,Highlander,48504.04,4.16,Completed
825345,15,2024-09-25,Highlander,63352.39,4.86,Completed
825346,5,2024-09-10,Highlander,54427.28,5.34,Completed
825347,19,2024-09-12,Tundra,43470.18,5.48,Completed
825348,11,2024-09-08,Corolla,22687.35,4.16,Completed
825349,2,2024-09-09,Corolla,22509.95,4.0,Completed
825350,5,2024-09-29,Sienna,42293.6,5.34,Completed
825351,2,2024-09-09,Tacoma,29628.4,4.0,Completed
825352,4,2024-09-12,Corolla,21256.06,3.81,Completed
825353,16,2024-09-17,Camry,38873.14,6.06,Completed
825354,10,2024-09-16,Camry,30204.35,4.88,Completed
825355,9,2024-09-20,Tundra,39407.96,4.4,Completed
825356,17,2024-09-07,Tacoma,31963.18,4.51,Completed
825357,17,2024-09-12,Tacoma,28883.86,4.51,Completed
825358,15,2024-09-25,Tacoma,42987.22,4.86,Completed
825359,10,2024-09-14,Corolla,23318.13,4.88,Completed
825360,1,2024-09-07,Highlander,53839.45,5.24,Completed
825361,20,2024-09-16,Camry,38670.96,5.77,Completed
825362,8,2024-09-21,Prius,35287.23,5.84,Completed
825363,4,2024-09-21,Sienna,36498.73,3.81,Completed
825364,17,2024-09-13,Prius,23630.42,4.51,Completed
825365,18,2024-09-11,Highlander,72379.55,5.68,Completed
825366,3,2024-09-11,Corolla,28246.69,5.69,Completed
825367,9,2024-09-04,Prius,21311.14,4.4,Completed
825368,8,2024-09-16,Tacoma,39819.48,5.84,Completed
825369,7,2024-09-08,Tundra,46305.08,5.39,Completed
825370,4,2024-09-14,Tundra,37770.55,3.81,Completed
825371,16,2024-09-27,Tundra,55518.98,6.06,Completed
825372,14,2024-09-24,RAV4,44013.16,5.1,Completed
825373,6,2024-09-14,Sienna,33371.63,3.86,Completed
825374,7,2024-09-12,Corolla,28362.78,5.39,Completed
825375,17,2024-09-03,Sienna,38629.14,4.51,Completed
825376,5,2024-09-05,Sienna,46241.3,5.34,Completed
825377,2,2024-09-12,Corolla,24175.77,4.0,Completed
825378,9,2024-09-12,Tacoma,32509.32,4.4,Completed
825379,10,2024-09-27,Highlander,48675.54,4.88,Completed
825380,1,2024-09-21,RAV4,39210.47,5.24,Completed
825381,15,2024-09-16,Tacoma,38401.5,4.86,Completed
825382,11,2024-09-04,Highlander,47962.18,4.16,Completed
825383,8,2024-09-27,Corolla,27332.47,5.84,Completed
825384,2,2024-09-21,Tacoma,34133.24,4.0,Completed
825385,2,2024-09-03,Sienna,34932.15,4.0,Completed
825386,4,2024-09-27,Sienna,32174.19,3.81,Completed
825387,16,2024-09-05,Corolla,31836.1,6.06,Completed
825388,4,2024-09-26,Camry,24449.8,3.81,Completed
825389,3,2024-09-30,Highlander,69176.77,5.69,Pending
825390,20,2024-09-09,Sienna,52996.64,5.77,Completed
825391,18,2024-09-28,Highlander,66574.71,5.68,Completed
825392,12,2024-09-11,Sienna,46624.82,5.65,Completed
825393,18,2024-09-08,Sienna,49389.06,5.68,Completed
825394,20,2024-09-04,Tundra,55122.65,5.77,Completed
825395,2,2024-09-28,Sienna,40732.45,4.0,Completed
825396,13,2024-09-24,Tundra,54452.82,5.61,Completed
825397,10,2024-09-07,Highlander,45983.5,4.88,Completed
825398,7,2024-09-03,Corolla,29826.63,5.39,Completed
825399,13,2024-09-18,RAV4,44256.09,5.61,Completed
825400,20,2024-09-24,Prius,31516.96,5.77,Completed
825401,2,2024-09-15,Prius,23882.61,4.0,Completed
825402,12,2024-09-30,Prius,29510.04,5.65,Completed
825403,10,2024-09-19,Corolla,21790.34,4.88,Completed
825404,18,2024-09-08,Corolla,33389.44,5.68,Completed
825405,12,2024-09-09,Highlander,65308.37,5.65,Completed
825406,14,2024-09-20,Tacoma,40340.06,5.1,Completed
825407,8,2024-09-04,RAV4,47521.04,5.84,Completed
825408,16,2024-09-06,Prius,33563.75,6.06,Completed
825409,9,2024-09-26,RAV4,29951.7,4.4,Completed
825410,3,2024-09-14,Camry,44005.62,5.69,Completed
825411,20,2024-09-26,Sienna,53678.94,5.77,Completed
825412,15,2024-09-28,Sienna,45745.38,4.86,Completed
825413,3,2024-09-17,RAV4,50755.44,5.69,Cancelled
825414,18,2024-09-27,RAV4,45236.48,5.68,Completed
825415,18,2024-09-23,Corolla,32480.86,5.68,Completed
825416,10,2024-09-08,Sienna,34644.18,4.88,Completed
825417,6,2024-09-22,RAV4,35141.12,3.86,Completed
825418,8,2024-09-10,Highlander,57786.74,5.84,Completed
825419,6,2024-09-14,Prius,24439.25,3.86,Completed
825420,9,2024-09-27,RAV4,35802.15,4.4,Completed
825421,17,2024-09-01,RAV4,31204.62,4.51,Completed
825422,9,2024-09-26,Prius,21540.89,4.4,Completed
825423,16,2024-09-01,Tundra,51687.36,6.06,Completed
825424,14,2024-09-10,Camry,34889.98,5.1,Completed
825425,4,2024-09-06,RAV4,32452.1,3.81,Completed
825426,14,2024-09-21,Highlander,61382.6,5.1,Completed
825427,11,2024-09-13,Sienna,36814.34,4.16,Pending
825428,11,2024-09-07,Highlander,47413.06,4.16,Completed
825429,12,2024-09-09,Sienna,46990.36,5.65,Completed
825430,10,2024-09-22,Tundra,35693.46,4.88,Completed
825431,15,2024-09-11,Sienna,48739.07,4.86,Completed
825432,4,2024-09-13,Highlander,43780.54,3.81,Completed
825433,17,2024-09-26,RAV4,32398.78,4.51,Completed
825434,19,2024-09-25,Sienna,47509.24,5.48,Pending
825435,3,2024-09-12,Prius,37329.51,5.69,Completed
825436,15,2024-09-20,Sienna,50824.64,4.86,Completed
825437,12,2024-09-26,Camry,36838.14,5.65,Completed
825438,6,2024-09-13,Tacoma,31312.65,3.86,Completed
825439,9,2024-09-15,Prius,25419.24,4.4,Completed
825440,11,2024-09-24,Camry,27521.23,4.16,Completed
825441,14,2024-09-03,Highlander,59742.25,5.1,Completed
825442,3,2024-09-20,Tundra,47367.1,5.69,Completed
825443,8,2024-09-09,Sienna,45349.01,5.84,Completed
825444,18,2024-09-29,Prius,32880.25,5.68,Completed
825445,15,2024-09-23,Sienna,49773.53,4.86,Completed
825446,3,2024-09-22,Highlander,64725.42,5.69,Completed
825447,12,2024-09-05,RAV4,48705.74,5.65,Completed
825448,6,2024-09-08,Sienna,33539.26,3.86,Completed
825449,12,2024-09-07,Highlander,66177.29,5.65,Completed
825450,19,2024-09-05,Corolla,22567.76,5.48,Completed
825451,8,2024-09-24,Camry,42590.38,5.84,Completed
825452,6,2024-09-22,Corolla,21095.83,3.86,Completed
825453,7,2024-09-16,Sienna,52117.31,5.39,Completed
825454,6,2024-09-26,Corolla,19358.45,3.86,Completed
825455,9,2024-09-05,Corolla,20461.74,4.4,Completed
825456,5,2024-09-14,RAV4,35751.58,5.34,Completed
825457,4,2024-09-30,Tundra,33558.19,3.81,Completed
825458,9,2024-09-29,Camry,27667.67,4.4,Pending
825459,13,2024-09-07,RAV4,46109.45,5.61,Cancelled
825460,6,2024-09-23,Prius,25121.96,3.86,Cancelled
825461,9,2024-09-05,Corolla,22384.88,4.4,Completed
825462,2,2024-09-06,Highlander,46419.16,4.0,Completed
825463,2,2024-09-21,Camry,29713.79,4.0,Completed
825464,16,2024-09-13,RAV4,44890.44,6.06,Completed
825465,7,2024-09-27,Camry,39931.2,5.39,Completed
825466,7,2024-09-25,Corolla,28345.69,5.39,Completed
825467,6,2024-09-12,Corolla,20825.86,3.86,Completed
825468,16,2024-09-25,Highlander,63720.78,6.06,Completed
825469,9,2024-09-11,Highlander,43551.58,4.4,Completed
825470,11,2024-09-18,Highlander,50221.7,4.16,Completed
825471,5,2024-09-03,Corolla,22968.79,5.34,Completed
825472,18,2024-09-08,Camry,42203.95,5.68,Completed
825473,5,2024-09-13,Sienna,41072.41,5.34,Cancelled
825474,6,2024-09-29,Tundra,36867.99,3.86,Completed
825475,6,2024-09-16,Tacoma,31537.35,3.86,Completed
825476,15,2024-09-09,Sienna,53130.74,4.86,Completed
825477,11,2024-09-17,Sienna,38951.14,4.16,Completed
825478,7,2024-09-24,Corolla,29884.66,5.39,Completed
825479,9,2024-09-04,Prius,21558.24,4.4,Cancelled
825480,16,2024-09-18,Tundra,49580.57,6.06,Completed
825481,3,2024-09-14,Corolla,28629.85,5.69,Completed
825482,10,2024-09-08,Tacoma,28669.28,4.88,Completed
825483,7,2024-09-08,Highlander,61427.37,5.39,Completed
825484,10,2024-09-05,Tundra,38361.62,4.88,Completed
825485,19,2024-09-16,Corolla,24682.69,5.48,Completed
825486,18,2024-09-22,Tundra,58456.29,5.68,Completed
825487,5,2024-09-29,RAV4,37102.73,5.34,Completed
825488,15,2024-09-08,Camry,36105.86,4.86,Completed
825489,11,2024-09-13,Highlander,47034.15,4.16,Completed
825490,16,2024-09-26,RAV4,47187.84,6.06,Completed
825491,20,2024-09-07,Tundra,50447.72,5.77,Completed
825492,13,2024-09-08,RAV4,51047.72,5.61,Completed
825493,1,2024-09-02,Camry,31352.76,5.24,Completed
825494,8,2024-09-18,Tundra,46209.46,5.84,Completed
825495,6,2024-09-29,Prius,21389.7,3.86,Completed
825496,20,2024-09-28,Tundra,55168.31,5.77,Completed
825497,3,2024-09-07,Sienna,54423.57,5.69,Completed
825498,18,2024-09-20,Tacoma,48278.31,5.68,Completed
825499,12,2024-09-07,Corolla,31027.11,5.65,Completed
825500,8,2024-09-14,Corolla,28365.36,5.84,Completed
825501,2,2024-09-15,Sienna,36266.37,4.0,Completed
825502,15,2024-09-09,Corolla,26731.54,4.86,Completed
825503,11,2024-09-16,Corolla,22003.21,4.16,Completed
825504,10,2024-09-17,RAV4,36324.23,4.88,Completed
825505,1,2024-09-04,Camry,33812.7,5.24,Completed
825506,9,2024-09-06,Tacoma,28358.68,4.4,Completed
825507,16,2024-09-07,Highlander,71297.89,6.06,Completed
825508,2,2024-09-12,Sienna,38048.62,4.0,Completed
825509,18,2024-09-10,Prius,36763.42,5.68,Completed
825510,9,2024-09-02,Prius,23538.89,4.4,Completed
825511,9,2024-09-18,Tundra,38225.51,4.4,Completed
825512,18,2024-09-28,Tundra,50730.53,5.68,Completed
825513,11,2024-09-17,RAV4,32304.9,4.16,Completed
825514,6,2024-09-17,Tundra,34331.56,3.86,Completed
825515,18,2024-09-15,Sienna,55483.08,5.68,Completed
825516,15,2024-09-09,Camry,35609.09,4.86,Completed
825517,9,2024-09-26,Tundra,35471.68,4.4,Completed
825518,16,2024-09-19,Camry,37569.53,6.06,Completed
825519,13,2024-09-23,Sienna,47528.72,5.61,Completed
825520,10,2024-09-03,Tundra,38771.8,4.88,Completed
825521,13,2024-09-02,Sienna,56824.89,5.61,Completed
825522,9,2024-09-18,Highlander,48846.93,4.4,Completed
825523,5,2024-09-18,Sienna,42446.44,5.34,Completed
825524,3,2024-09-01,Highlander,72950.35,5.69,Completed
825525,7,2024-09-16,Tacoma,40233.28,5.39,Completed
825526,15,2024-09-19,RAV4,43641.23,4.86,Completed
825527,6,2024-09-03,Tundra,37100.25,3.86,Pending
825528,9,2024-09-18,Corolla,19966.02,4.4,Completed
825529,17,2024-09-06,Sienna,36233.6,4.51,Completed
825530,16,2024-09-04,Highlander,66697.73,6.06,Completed
825531,2,2024-09-13,Corolla,22274.44,4.0,Completed
825532,3,2024-09-17,Prius,37269.34,5.69,Completed
825533,2,2024-09-01,Sienna,35049.0,4.0,Completed
825534,14,2024-09-30,Camry,36023.36,5.1,Completed
825535,3,2024-09-19,Tacoma,47305.17,5.69,Completed
825536,8,2024-09-19,Highlander,57767.07,5.84,Completed
825537,14,2024-09-03,Sienna,51038.61,5.1,Completed
825538,2,2024-09-01,Prius,23126.7,4.0,Completed
825539,20,2024-09-16,Camry,40649.61,5.77,Completed
825540,9,2024-09-04,Highlander,44102.68,4.4,Completed
825541,16,2024-09-24,Prius,36797.68,6.06,Completed
825542,20,2024-09-05,Sienna,49676.21,5.77,Completed
825543,20,2024-09-15,RAV4,43282.12,5.77,Completed
825544,17,2024-09-04,Corolla,20504.95,4.51,Completed
825545,10,2024-09-11,Highlander,50969.71,4.88,Completed
825546,6,2024-09-24,Camry,25933.83,3.86,Completed
825547,3,2024-09-09,Prius,36783.03,5.69,Completed
825548,8,2024-09-24,Prius,31097.4,5.84,Completed
825549,10,2024-09-15,Highlander,51736.17,4.88,Completed
825550,12,2024-09-02,Camry,37431.88,5.65,Completed
825551,14,2024-09-18,Corolla,27512.79,5.1,Completed
825552,6,2024-09-19,Sienna,33502.91,3.86,Completed
825553,13,2024-09-30,RAV4,44213.85,5.61,Completed
825554,17,2024-09-23,Tundra,36875.82,4.51,Completed
825555,13,2024-09-06,Highlander,67465.49,5.61,Completed
825556,3,2024-09-09,Prius,34028.76,5.69,Completed
825557,5,2024-09-19,RAV4,39021.55,5.34,Completed
825558,17,2024-09-15,RAV4,29156.56,4.51,Completed
825559,1,2024-09-09,Tacoma,34257.34,5.24,Completed
825560,2,2024-09-15,Tacoma,30278.95,4.0,Completed
825561,17,2024-09-14,Camry,28964.63,4.51,Completed
825562,18,2024-09-11,RAV4,53948.93,5.68,Completed
825563,14,2024-09-01,RAV4,45280.42,5.1,Completed
825564,12,2024-09-09,Highlander,57164.74,5.65,Completed
825565,13,2024-09-30,Prius,34451.09,5.61,Completed
825566,19,2024-09-16,Sienna,47776.97,5.48,Completed
825567,17,2024-09-17,RAV4,32161.17,4.51,Completed
825568,7,2024-09-23,Tacoma,41730.92,5.39,Completed
825569,18,2024-09-09,Tundra,57854.99,5.68,Completed
825570,11,2024-09-14,Highlander,50718.94,4.16,Completed
825571,17,2024-09-22,Corolla,19207.77,4.51,Completed
825572,10,2024-09-30,Corolla,21673.86,4.88,Completed
825573,1,2024-09-18,Sienna,39031.4,5.24,Completed
825574,1,2024-09-17,Tacoma,33516.34,5.24,Completed
825575,10,2024-09-12,Tacoma,29184.56,4.88,Completed
825576,16,2024-09-28,Corolla,30642.06,6.06,Completed
825577,4,2024-09-28,Tundra,33099.92,3.81,Completed
825578,14,2024-09-06,RAV4,41113.3,5.1,Completed
825579,3,2024-09-16,Highlander,67600.19,5.69,Completed
825580,1,2024-09-12,Prius,26593.57,5.24,Completed
825581,6,2024-09-18,Highlander,45947.78,3.86,Completed
825582,19,2024-09-28,Tundra,47719.1,5.48,Completed
825583,16,2024-09-19,Corolla,29819.39,6.06,Completed
825584,2,2024-09-25,Corolla,23959.92,4.0,Completed
825585,3,2024-09-15,RAV4,45268.18,5.69,Completed
825586,10,2024-09-10,RAV4,33386.35,4.88,Completed
825587,1,2024-09-06,Corolla,23940.68,5.24,Completed
825588,10,2024-09-19,Prius,23295.98,4.88,Completed
825589,3,2024-09-04,Sienna,56996.87,5.69,Completed
825590,20,2024-09-28,RAV4,43018.52,5.77,Completed
825591,20,2024-09-04,Sienna,55157.81,5.77,Completed
825592,17,2024-09-18,Highlander,46356.78,4.51,Completed
825593,3,2024-09-20,RAV4,45048.73,5.69,Completed
825594,14,2024-09-30,Tacoma,37089.82,5.1,Completed
825595,14,2024-09-13,Tacoma,42344.21,5.1,Completed
825596,4,2024-09-12,Tacoma,27705.79,3.81,Completed
825597,13,2024-09-21,Highlander,66984.17,5.61,Completed
825598,19,2024-09-17,Tacoma,35157.21,5.48,Completed
825599,2,2024-09-21,Tundra,35904.13,4.0,Completed
825600,5,2024-09-18,Tundra,45142.26,5.34,Completed
825601,12,2024-09-01,Sienna,49257.07,5.65,Completed
825602,18,2024-09-09,Tundra,56358.06,5.68,Completed
825603,16,2024-09-22,Sienna,56233.79,6.06,Completed
825604,20,2024-09-01,Prius,31533.15,5.77,Completed
825605,17,2024-09-18,Highlander,42955.72,4.51,Completed
825606,15,2024-09-08,Tacoma,39474.86,4.86,Completed
825607,2,2024-09-19,Corolla,19818.68,4.0,Completed
825608,5,2024-09-29,RAV4,35806.82,5.34,Completed
825609,18,2024-09-28,Corolla,30134.05,5.68,Completed
825610,11,2024-09-25,Prius,22273.6,4.16,Completed
825611,13,2024-09-21,Sienna,47679.53,5.61,Completed
825612,1,2024-09-08,RAV4,40146.57,5.24,Completed
825613,16,2024-09-24,Tundra,55215.03,6.06,Completed
825614,12,2024-09-26,Camry,37955.1,5.65,Completed
825615,5,2024-09-06,Tacoma,36115.44,5.34,Completed
825616,6,2024-09-05,Tacoma,30404.97,3.86,Completed
825617,13,2024-09-19,Tacoma,47164.19,5.61,Completed
825618,12,2024-09-24,Corolla,27198.71,5.65,Completed
825619,2,2024-09-08,Prius,23088.0,4.0,Completed
825620,16,2024-09-30,Corolla,29417.87,6.06,Completed
825621,15,2024-09-21,RAV4,44284.04,4.86,Completed
825622,19,2024-09-06,RAV4,40241.98,5.48,Completed
825623,4,2024-09-28,Tundra,34556.08,3.81,Completed
825624,6,2024-09-25,Camry,25582.38,3.86,Pending
825625,20,2024-09-23,Camry,42058.18,5.77,Completed
825626,19,2024-09-25,Highlander,59602.81,5.48,Completed
825627,7,2024-09-20,Tundra,53007.52,5.39,Completed
825628,9,2024-09-13,Tacoma,31739.09,4.4,Completed
825629,5,2024-09-29,Camry,36112.95,5.34,Completed
825630,11,2024-09-21,Corolla,19842.25,4.16,Completed
825631,17,2024-09-07,Highlander,49383.9,4.51,Completed
825632,8,2024-09-12,Prius,32774.94,5.84,Completed
825633,13,2024-09-10,Sienna,48742.64,5.61,Completed
825634,18,2024-09-10,Camry,41390.42,5.68,Completed
825635,12,2024-09-21,Camry,39191.44,5.65,Completed
825636,20,2024-09-04,RAV4,44602.62,5.77,Pending
825637,11,2024-09-06,Camry,26210.96,4.16,Completed
825638,9,2024-09-18,Camry,26459.21,4.4,Completed
825639,15,2024-09-04,Tundra,50088.91,4.86,Completed
825640,5,2024-09-05,Highlander,57634.6,5.34,Completed
825641,19,2024-09-27,Sienna,45701.61,5.48,Cancelled
825642,17,2024-09-13,RAV4,31276.12,4.51,Completed
825643,20,2024-09-18,Camry,37808.19,5.77,Completed
825644,5,2024-09-24,Tacoma,34902.76,5.34,Completed
825645,18,2024-09-10,Camry,45922.13,5.68,Completed
825646,3,2024-09-26,Sienna,52370.53,5.69,Completed
825647,1,2024-09-19,Tundra,40480.01,5.24,Completed
825648,9,2024-09-21,Prius,25488.12,4.4,Completed
825649,1,2024-09-29,Highlander,55674.59,5.24,Completed
825650,11,2024-09-23,Highlander,47097.82,4.16,Completed
825651,15,2024-09-05,RAV4,44975.85,4.86,Completed
825652,3,2024-09-24,Sienna,49224.96,5.69,Completed
825653,14,2024-09-12,Corolla,27252.79,5.1,Completed
825654,13,2024-09-18,Prius,34545.0,5.61,Completed
825655,12,2024-09-24,Tundra,50652.01,5.65,Completed
825656,15,2024-09-24,Tacoma,42912.54,4.86,Completed
825657,18,2024-09-26,Corolla,33758.03,5.68,Completed
825658,16,2024-09-25,Tundra,50650.43,6.06,Completed
825659,13,2024-09-21,Camry,39456.38,5.61,Completed
825660,14,2024-09-03,Highlander,56725.12,5.1,Completed
825661,5,2024-09-14,Prius,28624.41,5.34,Completed
825662,12,2024-09-06,RAV4,46236.39,5.65,Completed
825663,7,2024-09-09,RAV4,51207.9,5.39,Completed
825664,3,2024-09-30,Camry,44436.15,5.69,Completed
825665,4,2024-09-11,Tacoma,30421.43,3.81,Completed
825666,4,2024-09-11,Sienna,33662.23,3.81,Completed
825667,7,2024-09-27,Corolla,31178.06,5.39,Completed
825668,5,2024-09-02,Tundra,40820.75,5.34,Cancelled
825669,12,2024-09-20,Sienna,47919.72,5.65,Completed
825670,16,2024-09-12,Highlander,61509.66,6.06,Completed
825671,6,2024-09-03,Sienna,32138.37,3.86,Completed
825672,4,2024-09-12,Corolla,19833.21,3.81,Completed
825673,5,2024-09-09,RAV4,42414.18,5.34,Completed
825674,1,2024-09-19,Corolla,21660.79,5.24,Completed
825675,16,2024-09-19,Highlander,64730.82,6.06,Completed
825676,17,2024-09-06,Highlander,42972.19,4.51,Completed
825677,6,2024-09-18,Prius,23910.69,3.86,Completed
825678,11,2024-09-11,Prius,23586.17,4.16,Completed
825679,14,2024-09-22,Highlander,57044.34,5.1,Completed
825680,3,2024-09-05,RAV4,51687.4,5.69,Completed
825681,17,2024-09-06,Sienna,33185.41,4.51,Completed
825682,2,2024-09-13,Highlander,50670.25,4.0,Completed
825683,11,2024-09-20,Tundra,40259.83,4.16,Completed
825684,8,2024-09-19,Corolla,28160.57,5.84,Pending
825685,6,2024-09-12,Tacoma,28078.55,3.86,Cancelled
825686,7,2024-09-14,Tacoma,46113.91,5.39,Completed
825687,1,2024-09-15,Highlander,52032.96,5.24,Completed
825688,12,2024-09-25,RAV4,48465.45,5.65,Completed
825689,20,2024-09-09,Corolla,27065.13,5.77,Completed
825690,20,2024-09-24,Corolla,29312.63,5.77,Completed
825691,2,2024-09-22,RAV4,35374.51,4.0,Completed
825692,19,2024-09-21,Sienna,43474.59,5.48,Completed
825693,12,2024-09-25,RAV4,41309.19,5.65,Completed
825694,2,2024-09-21,Camry,27686.46,4.0,Completed
825695,1,2024-09-23,Highlander,51386.9,5.24,Completed
825696,17,2024-09-12,Prius,23296.81,4.51,Completed
825697,3,2024-09-15,Prius,33641.57,5.69,Completed
825698,16,2024-09-30,Highlander,69663.68,6.06,Completed
825699,7,2024-09-10,Highlander,59810.86,5.39,Completed
825700,11,2024-09-19,Tundra,34299.25,4.16,Completed
825701,7,2024-09-19,Prius,33009.15,5.39,Completed
825702,7,2024-09-06,Tacoma,45150.19,5.39,Completed
825703,20,2024-09-11,Corolla,31156.44,5.77,Completed
825704,6,2024-09-23,Sienna,36085.37,3.86,Completed
825705,8,2024-09-13,Tacoma,45326.0,5.84,Completed
825706,4,2024-09-24,RAV4,33358.26,3.81,Completed
825707,7,2024-09-04,Sienna,46833.12,5.39,Completed
825708,19,2024-09-30,Tundra,41407.58,5.48,Completed
825709,20,2024-09-19,Highlander,69461.39,5.77,Completed
825710,9,2024-09-03,Sienna,35629.76,4.4,Completed
825711,15,2024-09-19,Corolla,27796.09,4.86,Completed
825712,15,2024-09-30,Highlander,62429.3,4.86,Completed
825713,3,2024-09-29,RAV4,52131.48,5.69,Completed
825714,16,2024-09-30,Tacoma,45037.08,6.06,Completed
825715,15,2024-09-13,Highlander,61653.58,4.86,Completed
825716,9,2024-09-01,Camry,31133.64,4.4,Completed
825717,17,2024-09-28,Prius,21463.95,4.51,Pending
825718,12,2024-09-13,Tacoma,44880.79,5.65,Completed
825719,13,2024-09-01,Highlander,62365.89,5.61,Completed
825720,16,2024-09-17,Highlander,62945.35,6.06,Completed
825721,8,2024-09-13,Prius,31874.46,5.84,Completed
825722,16,2024-09-13,Prius,34579.5,6.06,Completed
825723,20,2024-09-18,Highlander,70787.19,5.77,Completed
825724,4,2024-09-16,Tacoma,31349.56,3.81,Completed
825725,20,2024-09-11,Tacoma,45350.07,5.77,Completed
825726,12,2024-09-30,Prius,33180.15,5.65,Completed
825727,1,2024-09-05,Corolla,25463.97,5.24,Completed
825728,17,2024-09-02,Prius,21749.48,4.51,Completed
825729,14,2024-09-23,Corolla,25802.74,5.1,Cancelled
825730,8,2024-09-11,Prius,30351.66,5.84,Completed
825731,20,2024-09-11,Camry,38667.1,5.77,Completed
825732,13,2024-09-01,Tacoma,41150.42,5.61,Completed
825733,8,2024-09-07,Tacoma,42990.51,5.84,Completed
825734,17,2024-09-13,Prius,23195.03,4.51,Completed
825735,10,2024-09-19,Prius,26805.28,4.88,Completed
825736,4,2024-09-22,Tundra,35305.31,3.81,Completed
825737,11,2024-09-08,Sienna,33664.63,4.16,Completed
825738,14,2024-09-04,RAV4,43302.31,5.1,Completed
825739,12,2024-09-01,Tundra,48972.07,5.65,Completed
825740,4,2024-09-27,Highlander,40108.85,3.81,Completed
825741,17,2024-09-28,Highlander,44475.66,4.51,Completed
825742,5,2024-09-01,Sienna,39052.77,5.34,Completed
825743,19,2024-09-30,Sienna,46074.92,5.48,Completed
825744,20,2024-09-03,Tundra,45706.38,5.77,Completed
825745,9,2024-09-19,Tundra,38473.29,4.4,Completed
825746,15,2024-09-11,Camry,41899.4,4.86,Completed
825747,11,2024-09-12,Camry,30539.68,4.16,Pending
825748,11,2024-09-26,RAV4,32686.39,4.16,Completed
825749,15,2024-09-26,Corolla,26832.78,4.86,Completed
825750,1,2024-09-16,Tacoma,35358.09,5.24,Completed
825751,4,2024-09-12,Tacoma,29424.73,3.81,Completed
825752,12,2024-09-21,Tundra,51473.41,5.65,Completed
825753,9,2024-09-10,Tundra,37726.7,4.4,Completed
825754,12,2024-09-26,Sienna,53018.83,5.65,Completed
825755,9,2024-09-05,RAV4,32736.16,4.4,Completed
825756,8,2024-09-01,Tundra,47386.36,5.84,Completed
825757,20,2024-09-05,Highlander,62602.01,5.77,Completed
825758,20,2024-09-12,Corolla,30518.32,5.77,Completed
825759,3,2024-09-01,Tacoma,43507.29,5.69,Completed
825760,10,2024-09-28,Tundra,40574.31,4.88,Completed
825761,19,2024-09-16,Tacoma,37202.82,5.48,Completed
825762,8,2024-09-20,Tacoma,44730.88,5.84,Completed
825763,8,2024-09-28,Highlander,57642.39,5.84,Completed
825764,19,2024-09-06,RAV4,39004.72,5.48,Completed
825765,4,2024-09-30,Camry,24819.32,3.81,Completed
825766,3,2024-09-29,Tacoma,42303.3,5.69,Completed
825767,10,2024-09-17,Tacoma,34510.76,4.88,Completed
825768,2,2024-09-30,Highlander,49736.15,4.0,Completed
825769,8,2024-09-06,Tacoma,40596.3,5.84,Completed
825770,4,2024-09-13,RAV4,30102.89,3.81,Completed
825771,4,2024-09-29,Corolla,18405.67,3.81,Completed
825772,7,2024-09-09,Camry,41962.24,5.39,Completed
825773,6,2024-09-22,Corolla,20233.47,3.86,Completed
825774,14,2024-09-21,Corolla,27477.85,5.1,Completed
825775,19,2024-09-26,Highlander,59793.72,5.48,Completed
825776,11,2024-09-03,Prius,24282.82,4.16,Completed
825777,17,2024-09-12,Tundra,34061.98,4.51,Completed
825778,9,2024-09-05,Corolla,19577.53,4.4,Completed
825779,8,2024-09-23,Camry,41128.53,5.84,Completed
825780,11,2024-09-09,Sienna,38108.43,4.16,Completed
825781,4,2024-09-01,RAV4,30142.54,3.81,Completed
825782,5,2024-09-11,Highlander,49454.27,5.34,Completed
825783,14,2024-09-27,Highlander,64703.88,5.1,Completed
825784,13,2024-09-14,Camry,41131.05,5.61,Completed
825785,9,2024-09-10,Prius,25673.02,4.4,Completed
825786,1,2024-09-16,Sienna,37918.99,5.24,Completed
825787,16,2024-09-22,Sienna,47883.23,6.06,Completed
825788,3,2024-09-11,Tacoma,43643.43,5.69,Completed
825789,14,2024-09-27,Corolla,27708.82,5.1,Completed
825790,1,2024-09-14,Camry,31521.55,5.24,Completed
825791,11,2024-09-21,RAV4,31032.53,4.16,Completed
825792,4,2024-09-21,Corolla,19026.87,3.81,Completed
825793,8,2024-09-02,Tundra,48988.94,5.84,Completed
825794,9,2024-09-23,Highlander,48439.58,4.4,Completed
