sale_id,sale_rep_id,sale_date,car_model,sale_amount,commission_pct,sale_status
732116,8,2023-07-02,RAV4,46896.63,5.84,Completed
732117,17,2023-07-21,Corolla,19910.9,4.51,Completed
732118,4,2023-07-23,Tundra,39068.23,3.81,Completed
732119,5,2023-07-11,Camry,31534.65,5.34,Completed
732120,20,2023-07-14,Prius,36635.5,5.77,Completed
732121,17,2023-07-28,RAV4,33594.89,4.51,Completed
732122,12,2023-07-14,RAV4,52198.52,5.65,Completed
732123,3,2023-07-16,Camry,44475.03,5.69,Pending
732124,7,2023-07-25,Corolla,31543.87,5.39,Completed
732125,17,2023-07-08,Tundra,34918.17,4.51,Completed
732126,1,2023-07-06,RAV4,38554.21,5.24,Completed
732127,2,2023-07-07,RAV4,38164.62,4.0,Completed
732128,18,2023-07-27,Tundra,54458.0,5.68,Completed
732129,19,2023-07-15,Sienna,42095.11,5.48,Completed
732130,17,2023-07-11,Prius,24400.3,4.51,Completed
732131,18,2023-07-16,Tacoma,48147.89,5.68,Completed
732132,4,2023-07-03,Prius,24887.63,3.81,Completed
732133,11,2023-07-01,Tundra,39421.61,4.16,Completed
732134,10,2023-07-23,Sienna,37179.37,4.88,Completed
732135,20,2023-07-01,Highlander,69396.56,5.77,Completed
732136,15,2023-07-22,Highlander,70738.72,4.86,Completed
732137,12,2023-07-31,RAV4,44883.6,5.65,Completed
732138,12,2023-07-14,Tundra,50910.44,5.65,Completed
732139,13,2023-07-18,Sienna,52303.3,5.61,Completed
732140,9,2023-07-05,Prius,22692.27,4.4,Completed
732141,13,2023-07-09,Corolla,31284.28,5.61,Completed
732142,6,2023-07-05,RAV4,33008.2,3.86,Completed
732143,3,2023-07-02,RAV4,53340.26,5.69,Completed
732144,14,2023-07-10,Corolla,27552.67,5.1,Cancelled
732145,14,2023-07-12,Camry,42727.55,5.1,Completed
732146,1,2023-07-26,Highlander,56223.14,5.24,Completed
732147,9,2023-07-25,Sienna,34633.77,4.4,Completed
732148,10,2023-07-04,Highlander,51254.67,4.88,Completed
732149,11,2023-07-02,Highlander,47181.57,4.16,Completed
732150,7,2023-07-04,Tacoma,48036.16,5.39,Completed
732151,10,2023-07-12,Sienna,39639.58,4.88,Completed
732152,5,2023-07-12,Tacoma,36369.08,5.34,Completed
732153,1,2023-07-31,RAV4,40245.24,5.24,Completed
732154,20,2023-07-18,Prius,32581.18,5.77,Completed
732155,18,2023-07-28,RAV4,52382.93,5.68,Completed
732156,13,2023-07-14,Sienna,57379.06,5.61,Completed
732157,7,2023-07-16,Prius,33621.23,5.39,Completed
732158,20,2023-07-28,Prius,32926.95,5.77,Completed
732159,7,2023-07-12,Prius,35012.18,5.39,Completed
732160,9,2023-07-02,Camry,31530.14,4.4,Completed
732161,6,2023-07-11,Tacoma,32323.13,3.86,Completed
732162,1,2023-07-01,Camry,37607.87,5.24,Completed
732163,8,2023-07-05,Corolla,30783.7,5.84,Completed
732164,18,2023-07-12,RAV4,52098.9,5.68,Completed
732165,19,2023-07-26,Highlander,58870.68,5.48,Completed
732166,1,2023-07-02,Corolla,26023.54,5.24,Completed
732167,9,2023-07-30,Tacoma,34647.43,4.4,Completed
732168,20,2023-07-18,Tacoma,48019.18,5.77,Completed
732169,8,2023-07-03,Highlander,64209.09,5.84,Completed
732170,5,2023-07-23,Corolla,28119.2,5.34,Completed
732171,11,2023-07-09,Tacoma,30211.96,4.16,Completed
732172,10,2023-07-08,Corolla,21784.1,4.88,Completed
732173,12,2023-07-17,Prius,33823.03,5.65,Completed
732174,11,2023-07-08,Sienna,37917.7,4.16,Completed
732175,17,2023-07-16,Highlander,45330.92,4.51,Completed
732176,20,2023-07-19,RAV4,48036.39,5.77,Completed
732177,11,2023-07-15,RAV4,35837.69,4.16,Completed
732178,9,2023-07-20,Camry,31774.26,4.4,Completed
732179,9,2023-07-31,Corolla,21661.76,4.4,Cancelled
732180,20,2023-07-28,Tundra,57332.98,5.77,Completed
732181,13,2023-07-20,Tacoma,45159.95,5.61,Completed
732182,15,2023-07-17,Camry,44779.15,4.86,Completed
732183,8,2023-07-30,Corolla,29419.44,5.84,Completed
732184,20,2023-07-24,Highlander,62640.39,5.77,Completed
732185,18,2023-07-02,Highlander,66225.97,5.68,Completed
732186,8,2023-07-18,Corolla,31271.97,5.84,Completed
732187,17,2023-07-26,Prius,24072.07,4.51,Completed
732188,12,2023-07-08,RAV4,44329.36,5.65,Completed
732189,11,2023-07-14,Sienna,35551.43,4.16,Completed
732190,15,2023-07-16,Sienna,53829.32,4.86,Completed
732191,8,2023-07-03,Corolla,32861.94,5.84,Completed
732192,17,2023-07-22,Sienna,40537.57,4.51,Completed
732193,10,2023-07-26,Sienna,41711.12,4.88,Completed
732194,9,2023-07-01,Corolla,23560.73,4.4,Pending
732195,11,2023-07-12,Tundra,38483.65,4.16,Completed
732196,19,2023-07-26,Corolla,24694.78,5.48,Completed
732197,5,2023-07-05,Prius,26928.56,5.34,Completed
732198,4,2023-07-30,Corolla,22360.05,3.81,Completed
732199,18,2023-07-27,Prius,39095.1,5.68,Completed
732200,8,2023-07-11,Tacoma,44421.43,5.84,Completed
732201,4,2023-07-08,Corolla,22510.89,3.81,Completed
732202,19,2023-07-08,Tacoma,35400.23,5.48,Completed
732203,10,2023-07-27,Sienna,40274.61,4.88,Completed
732204,14,2023-07-17,RAV4,43491.05,5.1,Completed
732205,8,2023-07-02,Tacoma,47125.62,5.84,Completed
732206,19,2023-07-21,RAV4,44936.78,5.48,Completed
732207,9,2023-07-30,Tacoma,32255.11,4.4,Completed
732208,2,2023-07-20,Corolla,22162.02,4.0,Completed
732209,2,2023-07-27,Tundra,40941.38,4.0,Completed
732210,8,2023-07-31,RAV4,49185.67,5.84,Completed
732211,20,2023-07-26,Tacoma,42391.77,5.77,Completed
732212,1,2023-07-10,Prius,31315.9,5.24,Completed
732213,13,2023-07-01,Prius,37905.62,5.61,Completed
732214,18,2023-07-14,Sienna,57653.22,5.68,Completed
732215,5,2023-07-21,Highlander,54873.18,5.34,Completed
732216,13,2023-07-17,Camry,44066.49,5.61,Completed
732217,15,2023-07-10,Prius,32558.3,4.86,Completed
732218,13,2023-07-13,RAV4,49577.34,5.61,Completed
732219,9,2023-07-25,Tundra,36257.18,4.4,Completed
732220,17,2023-07-07,Sienna,34282.16,4.51,Completed
732221,19,2023-07-14,Corolla,26939.72,5.48,Completed
732222,16,2023-07-24,Corolla,30794.14,6.06,Pending
732223,3,2023-07-02,Prius,36379.31,5.69,Completed
732224,8,2023-07-11,Highlander,69356.15,5.84,Pending
732225,10,2023-07-16,Highlander,49720.64,4.88,Completed
732226,10,2023-07-01,Highlander,50256.46,4.88,Completed
732227,17,2023-07-06,Camry,26858.22,4.51,Completed
732228,14,2023-07-22,Corolla,29174.92,5.1,Completed
732229,12,2023-07-28,RAV4,43895.41,5.65,Completed
732230,1,2023-07-10,Prius,27532.3,5.24,Completed
732231,13,2023-07-28,Camry,39416.85,5.61,Completed
732232,17,2023-07-20,Tacoma,34071.44,4.51,Completed
732233,3,2023-07-30,Corolla,32803.59,5.69,Completed
732234,5,2023-07-16,Camry,36687.3,5.34,Completed
732235,5,2023-07-30,Corolla,25770.61,5.34,Completed
732236,13,2023-07-27,Camry,46935.66,5.61,Completed
732237,11,2023-07-17,Corolla,23392.37,4.16,Completed
732238,1,2023-07-08,Prius,30076.26,5.24,Completed
732239,10,2023-07-24,RAV4,36380.17,4.88,Completed
732240,7,2023-07-28,Prius,36390.09,5.39,Completed
732241,16,2023-07-11,RAV4,53107.84,6.06,Completed
732242,14,2023-07-01,Tacoma,39205.53,5.1,Completed
732243,11,2023-07-12,Tacoma,33792.0,4.16,Completed
732244,15,2023-07-20,Corolla,32658.01,4.86,Completed
732245,11,2023-07-06,Camry,31042.05,4.16,Completed
732246,17,2023-07-15,Tundra,38661.71,4.51,Completed
732247,19,2023-07-03,Prius,29059.22,5.48,Pending
732248,19,2023-07-05,Corolla,27634.72,5.48,Completed
732249,10,2023-07-16,Corolla,24100.57,4.88,Completed
732250,12,2023-07-18,Corolla,29669.38,5.65,Completed
732251,15,2023-07-25,Sienna,52080.36,4.86,Completed
732252,11,2023-07-04,Sienna,35657.48,4.16,Completed
732253,3,2023-07-22,Camry,44529.73,5.69,Completed
732254,7,2023-07-02,Corolla,32657.64,5.39,Pending
732255,10,2023-07-04,Tacoma,33399.11,4.88,Completed
732256,10,2023-07-26,Sienna,39272.23,4.88,Completed
732257,11,2023-07-23,Highlander,45065.34,4.16,Completed
732258,8,2023-07-18,Tundra,52862.08,5.84,Completed
732259,15,2023-07-21,Highlander,63571.49,4.86,Completed
732260,4,2023-07-06,Camry,25737.52,3.81,Completed
732261,5,2023-07-26,Corolla,25783.17,5.34,Completed
732262,8,2023-07-09,Prius,35184.41,5.84,Completed
732263,5,2023-07-30,Highlander,53926.2,5.34,Completed
732264,1,2023-07-04,RAV4,43603.21,5.24,Completed
732265,15,2023-07-31,RAV4,49306.62,4.86,Completed
732266,8,2023-07-21,Highlander,70359.68,5.84,Completed
732267,2,2023-07-14,Tacoma,34932.53,4.0,Completed
732268,11,2023-07-08,Camry,30605.54,4.16,Completed
732269,6,2023-07-13,Tacoma,33850.58,3.86,Completed
732270,17,2023-07-15,Corolla,23197.06,4.51,Completed
732271,15,2023-07-30,Sienna,54856.46,4.86,Completed
732272,7,2023-07-10,Tundra,54324.99,5.39,Completed
732273,19,2023-07-03,Camry,33292.59,5.48,Completed
732274,18,2023-07-10,Prius,40645.25,5.68,Completed
732275,14,2023-07-06,Highlander,61333.83,5.1,Completed
732276,12,2023-07-23,Tundra,54008.07,5.65,Cancelled
732277,5,2023-07-18,Camry,32625.2,5.34,Completed
732278,20,2023-07-08,RAV4,51946.55,5.77,Completed
732279,19,2023-07-20,Highlander,63252.45,5.48,Completed
732280,2,2023-07-13,Corolla,21925.95,4.0,Completed
732281,8,2023-07-15,Tacoma,48133.84,5.84,Completed
732282,13,2023-07-05,Corolla,31550.5,5.61,Completed
732283,9,2023-07-14,RAV4,36619.57,4.4,Completed
732284,13,2023-07-24,Sienna,53874.28,5.61,Completed
732285,2,2023-07-07,Tundra,44507.18,4.0,Completed
732286,14,2023-07-17,Camry,43136.59,5.1,Completed
732287,17,2023-07-02,Prius,25269.26,4.51,Completed
732288,4,2023-07-10,Corolla,21796.9,3.81,Completed
732289,11,2023-07-19,Highlander,54029.66,4.16,Completed
732290,1,2023-07-13,RAV4,37684.16,5.24,Completed
732291,7,2023-07-28,Tacoma,41471.62,5.39,Completed
732292,18,2023-07-05,Prius,39565.73,5.68,Completed
732293,9,2023-07-20,Camry,31330.48,4.4,Cancelled
732294,12,2023-07-13,Camry,40243.95,5.65,Completed
732295,5,2023-07-17,Tundra,45987.9,5.34,Completed
732296,2,2023-07-13,Tacoma,32202.97,4.0,Completed
732297,12,2023-07-09,Tundra,54150.9,5.65,Completed
732298,20,2023-07-15,RAV4,44058.11,5.77,Completed
732299,7,2023-07-15,Tundra,51680.34,5.39,Completed
732300,1,2023-07-09,Prius,26682.53,5.24,Completed
732301,14,2023-07-28,Camry,37369.53,5.1,Completed
732302,8,2023-07-12,Highlander,70451.3,5.84,Completed
732303,4,2023-07-12,Corolla,21706.75,3.81,Completed
732304,7,2023-07-31,Prius,35614.36,5.39,Completed
732305,1,2023-07-24,Tundra,47285.72,5.24,Completed
732306,1,2023-07-14,Tacoma,35033.05,5.24,Completed
732307,3,2023-07-15,Corolla,34060.84,5.69,Completed
732308,3,2023-07-24,RAV4,53540.89,5.69,Completed
732309,14,2023-07-12,Tundra,47287.12,5.1,Completed
732310,2,2023-07-26,Sienna,43009.55,4.0,Completed
732311,16,2023-07-09,Camry,40483.37,6.06,Completed
732312,14,2023-07-03,Camry,41061.68,5.1,Completed
732313,20,2023-07-10,Tundra,52002.99,5.77,Completed
732314,10,2023-07-09,RAV4,32722.09,4.88,Completed
732315,19,2023-07-23,Camry,37007.87,5.48,Completed
732316,14,2023-07-17,Sienna,46473.69,5.1,Completed
732317,4,2023-07-22,Corolla,20548.36,3.81,Completed
732318,19,2023-07-17,Sienna,43259.14,5.48,Completed
732319,5,2023-07-28,Sienna,43661.78,5.34,Completed
732320,19,2023-07-31,Camry,39190.1,5.48,Completed
732321,14,2023-07-05,Tundra,55397.69,5.1,Completed
732322,5,2023-07-12,Sienna,48759.69,5.34,Completed
732323,1,2023-07-29,Sienna,43194.84,5.24,Completed
732324,14,2023-07-20,Tundra,52734.11,5.1,Completed
732325,7,2023-07-18,Prius,35520.88,5.39,Completed
732326,16,2023-07-16,Sienna,59075.93,6.06,Completed
732327,10,2023-07-27,Camry,28668.97,4.88,Completed
732328,14,2023-07-08,Tacoma,43955.82,5.1,Completed
732329,14,2023-07-16,Tacoma,39409.1,5.1,Completed
732330,1,2023-07-05,Corolla,25370.83,5.24,Completed
732331,3,2023-07-29,Highlander,67192.05,5.69,Completed
732332,14,2023-07-16,Prius,34675.89,5.1,Completed
732333,19,2023-07-29,Highlander,55742.41,5.48,Completed
732334,1,2023-07-05,Highlander,58877.42,5.24,Completed
732335,7,2023-07-03,Tundra,56066.28,5.39,Completed
732336,19,2023-07-01,Prius,28853.75,5.48,Completed
732337,17,2023-07-28,Corolla,23155.78,4.51,Completed
732338,13,2023-07-23,Tundra,54136.02,5.61,Completed
732339,8,2023-07-07,Sienna,57223.33,5.84,Completed
732340,3,2023-07-06,Prius,33383.06,5.69,Completed
732341,5,2023-07-28,RAV4,43351.67,5.34,Completed
732342,10,2023-07-25,Tundra,42352.96,4.88,Completed
732343,14,2023-07-01,Tacoma,45562.32,5.1,Completed
732344,17,2023-07-29,Tacoma,32429.18,4.51,Completed
732345,17,2023-07-29,Corolla,20901.01,4.51,Completed
732346,5,2023-07-12,Tundra,47266.58,5.34,Completed
732347,17,2023-07-08,RAV4,31605.1,4.51,Completed
732348,6,2023-07-18,Tacoma,34156.81,3.86,Completed
732349,10,2023-07-05,RAV4,36654.2,4.88,Completed
732350,19,2023-07-13,Prius,27011.78,5.48,Completed
732351,20,2023-07-13,Tundra,58402.9,5.77,Cancelled
732352,18,2023-07-24,Tundra,61055.15,5.68,Completed
732353,15,2023-07-14,Corolla,29504.11,4.86,Completed
732354,20,2023-07-05,RAV4,43912.32,5.77,Pending
732355,18,2023-07-22,Corolla,34273.05,5.68,Completed
732356,15,2023-07-10,Tacoma,44832.8,4.86,Completed
732357,10,2023-07-29,Tundra,42852.15,4.88,Completed
732358,1,2023-07-21,Prius,27369.54,5.24,Completed
732359,17,2023-07-25,Tacoma,32004.84,4.51,Completed
732360,12,2023-07-29,Highlander,72355.39,5.65,Completed
732361,13,2023-07-15,Corolla,32996.59,5.61,Completed
732362,17,2023-07-01,Corolla,19160.81,4.51,Completed
732363,19,2023-07-04,Corolla,26988.54,5.48,Completed
732364,3,2023-07-20,RAV4,53027.7,5.69,Completed
732365,16,2023-07-23,Camry,40487.58,6.06,Completed
732366,2,2023-07-20,Corolla,22351.15,4.0,Completed
732367,11,2023-07-19,Prius,27434.32,4.16,Completed
732368,1,2023-07-10,Camry,37843.89,5.24,Completed
732369,4,2023-07-16,Highlander,48217.22,3.81,Pending
732370,13,2023-07-17,Tundra,50808.81,5.61,Completed
732371,4,2023-07-12,Tacoma,29125.51,3.81,Completed
732372,18,2023-07-03,Sienna,62282.23,5.68,Completed
732373,19,2023-07-20,RAV4,41713.11,5.48,Completed
732374,1,2023-07-29,Highlander,59543.12,5.24,Completed
732375,20,2023-07-28,Camry,44171.05,5.77,Completed
732376,5,2023-07-25,Corolla,27835.92,5.34,Completed
732377,6,2023-07-02,Highlander,47552.24,3.86,Completed
732378,14,2023-07-04,Camry,42163.36,5.1,Completed
732379,4,2023-07-27,Prius,22788.69,3.81,Completed
732380,10,2023-07-14,Tundra,42975.03,4.88,Completed
732381,19,2023-07-16,Highlander,60594.9,5.48,Completed
732382,4,2023-07-28,Tundra,39640.16,3.81,Pending
732383,9,2023-07-27,Prius,25355.31,4.4,Completed
732384,19,2023-07-24,RAV4,45005.08,5.48,Completed
732385,17,2023-07-20,RAV4,34497.66,4.51,Completed
732386,11,2023-07-29,Prius,23573.57,4.16,Completed
732387,12,2023-07-01,Highlander,63364.5,5.65,Completed
732388,13,2023-07-25,RAV4,54969.12,5.61,Completed
732389,19,2023-07-30,Camry,37670.82,5.48,Completed
732390,2,2023-07-11,Camry,33045.77,4.0,Completed
732391,4,2023-07-29,Highlander,46335.11,3.81,Completed
732392,19,2023-07-13,Highlander,63697.5,5.48,Completed
732393,16,2023-07-23,Sienna,57154.31,6.06,Completed
732394,18,2023-07-30,Corolla,32536.96,5.68,Completed
732395,2,2023-07-28,Sienna,40511.64,4.0,Completed
732396,5,2023-07-29,Camry,35286.08,5.34,Completed
732397,20,2023-07-25,Tundra,48090.03,5.77,Completed
732398,12,2023-07-07,RAV4,43324.44,5.65,Completed
732399,19,2023-07-24,RAV4,43594.84,5.48,Completed
732400,20,2023-07-21,Highlander,66914.86,5.77,Completed
732401,17,2023-07-07,Tacoma,29317.45,4.51,Completed
732402,4,2023-07-21,Sienna,38383.98,3.81,Completed
732403,6,2023-07-22,Tacoma,33071.2,3.86,Completed
732404,9,2023-07-31,Tacoma,34913.12,4.4,Completed
732405,2,2023-07-27,Tundra,39597.82,4.0,Completed
732406,9,2023-07-08,RAV4,32143.6,4.4,Cancelled
732407,5,2023-07-03,Highlander,56107.7,5.34,Completed
732408,1,2023-07-22,Sienna,47651.62,5.24,Completed
732409,9,2023-07-18,RAV4,32387.66,4.4,Completed
732410,19,2023-07-18,Prius,29963.77,5.48,Completed
732411,20,2023-07-28,Prius,35569.03,5.77,Completed
732412,1,2023-07-02,Prius,27289.13,5.24,Completed
732413,13,2023-07-18,Prius,35766.67,5.61,Completed
732414,4,2023-07-12,Camry,28831.43,3.81,Completed
732415,17,2023-07-01,Highlander,46700.71,4.51,Completed
732416,17,2023-07-03,Highlander,46798.35,4.51,Completed
732417,18,2023-07-11,Corolla,30600.73,5.68,Completed
732418,10,2023-07-07,Tundra,42067.23,4.88,Completed
732419,7,2023-07-10,Prius,32782.69,5.39,Completed
732420,7,2023-07-02,Sienna,48938.4,5.39,Cancelled
732421,11,2023-07-17,Highlander,50515.24,4.16,Completed
732422,16,2023-07-30,Prius,31994.64,6.06,Completed
732423,1,2023-07-31,Corolla,23412.48,5.24,Completed
732424,4,2023-07-04,Highlander,45231.4,3.81,Pending
732425,18,2023-07-17,Camry,41806.71,5.68,Completed
732426,17,2023-07-22,Prius,25755.52,4.51,Completed
732427,17,2023-07-22,Camry,30210.97,4.51,Completed
732428,4,2023-07-06,Camry,30862.27,3.81,Cancelled
732429,3,2023-07-19,Corolla,33319.13,5.69,Cancelled
732430,15,2023-07-15,Highlander,69845.19,4.86,Completed
732431,18,2023-07-02,Corolla,33699.68,5.68,Completed
732432,11,2023-07-08,Tacoma,35128.66,4.16,Completed
732433,15,2023-07-26,Tacoma,48081.41,4.86,Completed
732434,20,2023-07-30,Tacoma,42502.63,5.77,Completed
732435,11,2023-07-28,Prius,23158.57,4.16,Completed
732436,3,2023-07-20,Sienna,60169.87,5.69,Completed
732437,8,2023-07-30,Camry,45047.24,5.84,Completed
732438,13,2023-07-10,Tundra,54488.38,5.61,Completed
732439,16,2023-07-09,RAV4,47575.17,6.06,Completed
732440,2,2023-07-03,Sienna,39918.63,4.0,Completed
732441,12,2023-07-11,Camry,42913.52,5.65,Completed
732442,16,2023-07-10,Prius,32683.24,6.06,Completed
732443,6,2023-07-05,Tundra,38450.08,3.86,Completed
732444,4,2023-07-31,RAV4,31887.65,3.81,Completed
732445,14,2023-07-01,Corolla,28098.7,5.1,Completed
732446,2,2023-07-07,Corolla,23828.82,4.0,Completed
732447,17,2023-07-10,Highlander,46182.39,4.51,Completed
732448,4,2023-07-24,Tundra,38767.47,3.81,Completed
732449,5,2023-07-26,Corolla,27086.39,5.34,Completed
732450,8,2023-07-22,Sienna,53450.26,5.84,Completed
732451,12,2023-07-18,Sienna,48253.76,5.65,Completed
732452,12,2023-07-25,Corolla,32028.04,5.65,Completed
732453,16,2023-07-22,Tacoma,49476.64,6.06,Completed
732454,7,2023-07-24,Tundra,56569.26,5.39,Completed
732455,5,2023-07-31,Camry,38323.25,5.34,Completed
732456,5,2023-07-25,Corolla,25553.47,5.34,Cancelled
732457,9,2023-07-29,Highlander,44315.28,4.4,Completed
732458,1,2023-07-03,RAV4,42532.93,5.24,Completed
732459,14,2023-07-18,Corolla,26580.28,5.1,Cancelled
732460,1,2023-07-29,Prius,30093.94,5.24,Completed
732461,20,2023-07-25,Corolla,31018.81,5.77,Completed
732462,16,2023-07-25,Tundra,58203.35,6.06,Completed
732463,6,2023-07-27,Corolla,19685.51,3.86,Completed
732464,1,2023-07-15,Tundra,40666.81,5.24,Completed
732465,5,2023-07-17,Tacoma,39183.42,5.34,Completed
732466,13,2023-07-03,Camry,42462.63,5.61,Completed
732467,15,2023-07-24,RAV4,42940.58,4.86,Completed
732468,16,2023-07-17,Camry,38382.82,6.06,Completed
732469,8,2023-07-21,Tacoma,45594.0,5.84,Completed
732470,16,2023-07-07,Highlander,65174.89,6.06,Completed
732471,19,2023-07-09,Prius,30450.01,5.48,Completed
732472,10,2023-07-03,RAV4,36272.25,4.88,Completed
732473,7,2023-07-21,Prius,32499.45,5.39,Completed
732474,9,2023-07-30,Corolla,21454.52,4.4,Completed
732475,5,2023-07-05,Highlander,60833.99,5.34,Completed
732476,9,2023-07-24,Corolla,22933.92,4.4,Completed
732477,6,2023-07-25,Tundra,40191.66,3.86,Completed
732478,10,2023-07-15,Prius,26917.06,4.88,Completed
732479,4,2023-07-20,RAV4,36374.87,3.81,Cancelled
732480,12,2023-07-12,Tacoma,45073.87,5.65,Completed
732481,9,2023-07-28,Sienna,38961.61,4.4,Completed
732482,18,2023-07-01,Camry,43761.16,5.68,Completed
732483,14,2023-07-30,RAV4,42638.82,5.1,Completed
732484,9,2023-07-27,RAV4,33072.08,4.4,Completed
732485,15,2023-07-10,Highlander,71685.66,4.86,Completed
732486,9,2023-07-13,Sienna,40608.06,4.4,Pending
732487,8,2023-07-20,Camry,37598.55,5.84,Completed
732488,6,2023-07-02,Corolla,22273.86,3.86,Completed
732489,16,2023-07-11,RAV4,52306.4,6.06,Completed
732490,8,2023-07-12,Highlander,72947.15,5.84,Cancelled
732491,7,2023-07-06,Tundra,55928.9,5.39,Completed
732492,2,2023-07-24,RAV4,39274.55,4.0,Completed
732493,8,2023-07-19,RAV4,52759.97,5.84,Completed
732494,11,2023-07-05,Camry,31904.86,4.16,Completed
732495,13,2023-07-21,Prius,33976.0,5.61,Completed
732496,6,2023-07-22,Corolla,20721.22,3.86,Completed
732497,11,2023-07-16,Camry,31355.08,4.16,Completed
732498,7,2023-07-18,Tundra,52602.42,5.39,Completed
732499,10,2023-07-27,Tacoma,35162.55,4.88,Completed
732500,4,2023-07-23,Corolla,18892.41,3.81,Completed
732501,11,2023-07-01,RAV4,36448.32,4.16,Completed
732502,7,2023-07-06,Tacoma,44449.77,5.39,Completed
732503,3,2023-07-18,Camry,40566.44,5.69,Completed
732504,3,2023-07-11,Camry,42979.28,5.69,Completed
732505,3,2023-07-02,Camry,40895.09,5.69,Completed
732506,12,2023-07-23,Prius,37135.3,5.65,Completed
732507,18,2023-07-10,Tundra,56148.49,5.68,Completed
732508,12,2023-07-22,Corolla,31078.37,5.65,Completed
732509,18,2023-07-19,Tundra,62414.05,5.68,Completed
732510,11,2023-07-21,Tacoma,29415.68,4.16,Completed
732511,6,2023-07-04,Camry,30304.58,3.86,Pending
732512,6,2023-07-19,Prius,25708.86,3.86,Completed
732513,14,2023-07-07,Camry,36103.77,5.1,Completed
732514,11,2023-07-24,Tundra,41783.0,4.16,Completed
732515,14,2023-07-10,Highlander,63096.67,5.1,Completed
732516,10,2023-07-27,Tundra,39595.97,4.88,Completed
732517,18,2023-07-21,Camry,45018.33,5.68,Completed
732518,19,2023-07-09,Sienna,44801.94,5.48,Completed
732519,16,2023-07-17,Camry,38408.85,6.06,Completed
732520,2,2023-07-25,Prius,28435.57,4.0,Completed
732521,2,2023-07-14,Corolla,23791.57,4.0,Completed
732522,15,2023-07-30,Sienna,54090.46,4.86,Completed
732523,2,2023-07-14,Highlander,50131.23,4.0,Completed
732524,7,2023-07-24,Highlander,67327.8,5.39,Completed
732525,15,2023-07-14,Prius,36746.38,4.86,Completed
732526,2,2023-07-14,Tundra,43342.94,4.0,Completed
732527,3,2023-07-20,Corolla,29177.92,5.69,Completed
732528,6,2023-07-29,Corolla,19812.05,3.86,Completed
732529,4,2023-07-31,Tundra,34783.62,3.81,Completed
732530,20,2023-07-04,Highlander,63675.83,5.77,Completed
732531,11,2023-07-26,RAV4,32617.94,4.16,Completed
732532,16,2023-07-02,Tundra,52208.72,6.06,Completed
732533,16,2023-07-03,Tacoma,45706.39,6.06,Completed
732534,6,2023-07-14,RAV4,37364.76,3.86,Completed
732535,19,2023-07-31,RAV4,38929.5,5.48,Pending
732536,12,2023-07-06,Corolla,28007.62,5.65,Completed
732537,9,2023-07-03,Camry,31394.93,4.4,Completed
732538,8,2023-07-01,Corolla,32813.84,5.84,Completed
732539,19,2023-07-23,Tacoma,42626.49,5.48,Completed
732540,1,2023-07-18,Highlander,52280.21,5.24,Cancelled
732541,7,2023-07-22,Highlander,65167.36,5.39,Completed
732542,15,2023-07-09,Highlander,65871.24,4.86,Completed
732543,11,2023-07-05,Corolla,23593.89,4.16,Completed
732544,8,2023-07-15,Camry,42292.14,5.84,Completed
732545,19,2023-07-22,RAV4,44014.08,5.48,Completed
732546,14,2023-07-23,Prius,32531.2,5.1,Completed
732547,13,2023-07-30,Prius,33217.13,5.61,Completed
732548,9,2023-07-02,Highlander,51389.75,4.4,Completed
732549,7,2023-07-11,Tundra,54661.72,5.39,Completed
732550,10,2023-07-18,Tacoma,31391.08,4.88,Completed
732551,20,2023-07-01,Sienna,55461.87,5.77,Completed
732552,9,2023-07-21,Prius,26526.17,4.4,Completed
732553,9,2023-07-15,Camry,29565.79,4.4,Completed
732554,3,2023-07-29,Sienna,50250.14,5.69,Completed
732555,7,2023-07-27,RAV4,47252.92,5.39,Completed
732556,9,2023-07-11,Tacoma,34361.94,4.4,Completed
732557,18,2023-07-07,Tacoma,49641.96,5.68,Completed
732558,19,2023-07-22,Tacoma,35281.29,5.48,Completed
732559,5,2023-07-16,Tundra,48374.67,5.34,Completed
732560,20,2023-07-29,Sienna,54752.85,5.77,Completed
732561,9,2023-07-30,Tacoma,34802.63,4.4,Completed
732562,17,2023-07-05,Tundra,38051.8,4.51,Completed
732563,2,2023-07-06,Highlander,49287.89,4.0,Completed
732564,13,2023-07-07,Tacoma,49851.28,5.61,Completed
732565,18,2023-07-04,Prius,39467.84,5.68,Pending
732566,4,2023-07-09,RAV4,30858.21,3.81,Completed
732567,7,2023-07-10,RAV4,46657.83,5.39,Completed
732568,13,2023-07-29,Sienna,55053.67,5.61,Completed
732569,15,2023-07-13,Camry,42920.17,4.86,Completed
732570,8,2023-07-31,Camry,38817.7,5.84,Completed
732571,14,2023-07-25,Tundra,54879.77,5.1,Completed
732572,7,2023-07-11,Sienna,59018.0,5.39,Completed
732573,14,2023-07-20,Sienna,47379.79,5.1,Completed
732574,7,2023-07-09,Corolla,31234.13,5.39,Completed
732575,9,2023-07-13,Corolla,23919.56,4.4,Completed
732576,9,2023-07-17,RAV4,35115.87,4.4,Completed
732577,20,2023-07-23,Prius,34229.41,5.77,Completed
732578,3,2023-07-16,RAV4,55181.79,5.69,Completed
732579,10,2023-07-07,RAV4,33223.22,4.88,Completed
732580,15,2023-07-23,Camry,38569.91,4.86,Completed
732581,9,2023-07-03,Tacoma,29909.12,4.4,Completed
732582,1,2023-07-30,Tundra,42680.4,5.24,Completed
732583,9,2023-07-29,Corolla,22585.62,4.4,Completed
732584,8,2023-07-10,Tundra,51545.09,5.84,Completed
732585,9,2023-07-19,Sienna,37727.02,4.4,Completed
732586,17,2023-07-11,Highlander,51635.28,4.51,Completed
732587,2,2023-07-02,Highlander,48092.48,4.0,Completed
732588,6,2023-07-04,Sienna,34094.38,3.86,Completed
732589,19,2023-07-16,Tundra,46925.98,5.48,Completed
732590,18,2023-07-29,Camry,47355.9,5.68,Completed
732591,4,2023-07-16,Sienna,37312.61,3.81,Completed
732592,13,2023-07-04,Sienna,55780.18,5.61,Completed
732593,17,2023-07-31,Tacoma,29583.68,4.51,Completed
732594,14,2023-07-07,Prius,36012.08,5.1,Completed
732595,20,2023-07-04,Camry,43404.96,5.77,Pending
732596,14,2023-07-25,Tacoma,43186.0,5.1,Completed
732597,11,2023-07-08,Highlander,52658.58,4.16,Completed
732598,5,2023-07-24,Prius,27906.87,5.34,Completed
732599,4,2023-07-13,Highlander,44838.47,3.81,Cancelled
732600,10,2023-07-04,Camry,29403.86,4.88,Completed
732601,12,2023-07-23,Sienna,48595.11,5.65,Completed
732602,6,2023-07-31,Tacoma,31944.98,3.86,Completed
732603,12,2023-07-27,Tundra,53730.93,5.65,Completed
732604,19,2023-07-13,Sienna,41488.05,5.48,Pending
732605,7,2023-07-18,Highlander,72573.75,5.39,Completed
732606,20,2023-07-07,Prius,32838.83,5.77,Completed
732607,10,2023-07-28,Highlander,50913.89,4.88,Completed
732608,13,2023-07-12,Tacoma,47804.65,5.61,Completed
732609,1,2023-07-02,Sienna,48376.15,5.24,Completed
732610,11,2023-07-12,Corolla,23660.92,4.16,Completed
732611,15,2023-07-19,Prius,33271.14,4.86,Completed
732612,19,2023-07-22,Prius,28042.24,5.48,Completed
732613,8,2023-07-19,Tacoma,40633.5,5.84,Completed
732614,20,2023-07-20,Prius,35887.31,5.77,Completed
732615,2,2023-07-31,RAV4,38304.25,4.0,Completed
732616,1,2023-07-10,Corolla,24589.35,5.24,Completed
732617,17,2023-07-14,Camry,26120.35,4.51,Completed
732618,14,2023-07-29,Corolla,28309.87,5.1,Completed
732619,5,2023-07-20,Camry,37758.66,5.34,Cancelled
732620,20,2023-07-10,Corolla,28905.36,5.77,Completed
732621,19,2023-07-21,Highlander,63392.08,5.48,Completed
732622,17,2023-07-19,Camry,26249.94,4.51,Completed
732623,8,2023-07-09,Camry,44345.15,5.84,Completed
732624,19,2023-07-17,RAV4,44495.06,5.48,Completed
732625,8,2023-07-21,Tacoma,45184.97,5.84,Completed
732626,17,2023-07-18,Highlander,50594.95,4.51,Completed
732627,16,2023-07-29,RAV4,44800.57,6.06,Completed
732628,10,2023-07-15,Camry,30991.76,4.88,Pending
732629,5,2023-07-08,Highlander,54843.38,5.34,Completed
732630,5,2023-07-31,Highlander,61068.91,5.34,Completed
732631,14,2023-07-01,Corolla,30376.75,5.1,Completed
732632,18,2023-07-27,Prius,40543.96,5.68,Completed
732633,1,2023-07-28,Sienna,43562.06,5.24,Completed
732634,10,2023-07-08,Corolla,21202.34,4.88,Completed
732635,3,2023-07-11,Camry,42637.7,5.69,Completed
732636,12,2023-07-18,Camry,42700.21,5.65,Completed
732637,18,2023-07-06,Camry,42876.85,5.68,Completed
732638,17,2023-07-31,RAV4,36432.68,4.51,Completed
732639,20,2023-07-14,Prius,31597.17,5.77,Completed
732640,5,2023-07-07,Camry,31620.52,5.34,Completed
732641,13,2023-07-11,Highlander,64905.05,5.61,Completed
732642,20,2023-07-11,RAV4,53002.33,5.77,Completed
732643,18,2023-07-18,RAV4,52823.17,5.68,Cancelled
732644,11,2023-07-10,Camry,28531.62,4.16,Completed
732645,17,2023-07-03,Prius,24320.23,4.51,Completed
732646,18,2023-07-22,Corolla,32900.26,5.68,Completed
732647,14,2023-07-14,Highlander,60961.61,5.1,Completed
732648,20,2023-07-24,Tacoma,48898.03,5.77,Completed
732649,16,2023-07-21,Sienna,56205.39,6.06,Completed
732650,19,2023-07-01,Corolla,26186.69,5.48,Completed
732651,13,2023-07-31,Tacoma,42503.39,5.61,Completed
732652,1,2023-07-08,Sienna,45353.0,5.24,Completed
732653,14,2023-07-14,Highlander,62958.85,5.1,Completed
732654,4,2023-07-29,Camry,27359.18,3.81,Completed
732655,17,2023-07-27,Prius,23457.81,4.51,Completed
732656,4,2023-07-30,Corolla,20691.56,3.81,Completed
732657,4,2023-07-09,Camry,28724.18,3.81,Cancelled
732658,7,2023-07-14,Prius,35509.72,5.39,Completed
732659,18,2023-07-28,Corolla,35384.23,5.68,Completed
732660,16,2023-07-20,Corolla,32455.67,6.06,Completed
732661,1,2023-07-17,Corolla,23846.95,5.24,Completed
732662,11,2023-07-30,Corolla,20823.47,4.16,Completed
732663,17,2023-07-10,Tundra,39127.79,4.51,Completed
732664,14,2023-07-19,Tundra,54065.08,5.1,Completed
732665,13,2023-07-27,RAV4,55361.49,5.61,Completed
732666,5,2023-07-15,Prius,28457.73,5.34,Completed
732667,20,2023-07-22,RAV4,52826.27,5.77,Completed
732668,17,2023-07-02,Tundra,38369.68,4.51,Completed
732669,11,2023-07-21,Sienna,35654.53,4.16,Completed
732670,16,2023-07-09,RAV4,48423.25,6.06,Completed
732671,17,2023-07-12,Corolla,20283.8,4.51,Completed
732672,3,2023-07-09,Highlander,68250.25,5.69,Completed
732673,9,2023-07-29,Camry,27325.52,4.4,Completed
732674,3,2023-07-21,Sienna,57385.5,5.69,Completed
732675,6,2023-07-30,Prius,22167.67,3.86,Completed
732676,11,2023-07-31,Tundra,42425.99,4.16,Completed
732677,11,2023-07-14,Tundra,38044.01,4.16,Completed
732678,12,2023-07-11,Tacoma,44503.89,5.65,Completed
732679,13,2023-07-16,RAV4,51956.43,5.61,Completed
732680,14,2023-07-11,Prius,35645.2,5.1,Completed
732681,15,2023-07-20,Tacoma,48114.49,4.86,Completed
732682,11,2023-07-25,Prius,27218.14,4.16,Completed
732683,13,2023-07-30,Camry,45846.85,5.61,Completed
732684,2,2023-07-22,RAV4,35967.23,4.0,Completed
732685,20,2023-07-03,RAV4,46840.49,5.77,Completed
732686,14,2023-07-05,RAV4,42271.33,5.1,Completed
732687,20,2023-07-30,Tacoma,41419.46,5.77,Completed
732688,3,2023-07-08,Highlander,74375.7,5.69,Completed
732689,1,2023-07-27,Prius,28987.42,5.24,Completed
732690,16,2023-07-09,RAV4,52215.25,6.06,Completed
732691,5,2023-07-11,RAV4,41301.72,5.34,Completed
732692,1,2023-07-26,Sienna,48118.19,5.24,Completed
732693,12,2023-07-31,RAV4,51335.96,5.65,Cancelled
732694,19,2023-07-23,Corolla,25443.38,5.48,Completed
732695,6,2023-07-21,Prius,25591.87,3.86,Completed
732696,15,2023-07-02,Prius,34715.77,4.86,Completed
732697,11,2023-07-11,Highlander,47136.4,4.16,Completed
732698,13,2023-07-20,RAV4,54433.16,5.61,Completed
732699,4,2023-07-08,Sienna,36957.63,3.81,Completed
732700,10,2023-07-21,Tacoma,33438.89,4.88,Completed
732701,11,2023-07-21,Highlander,45926.39,4.16,Completed
732702,17,2023-07-27,Corolla,23358.74,4.51,Completed
732703,16,2023-07-14,Corolla,32665.07,6.06,Completed
732704,1,2023-07-04,Highlander,50820.18,5.24,Completed
732705,15,2023-07-31,Corolla,32244.23,4.86,Cancelled
732706,4,2023-07-02,RAV4,31547.53,3.81,Completed
732707,14,2023-07-31,Prius,35629.39,5.1,Completed
732708,8,2023-07-09,Highlander,65206.71,5.84,Completed
732709,14,2023-07-04,Corolla,26684.05,5.1,Completed
732710,4,2023-07-09,Tundra,35917.91,3.81,Completed
732711,11,2023-07-12,Tacoma,30638.72,4.16,Completed
732712,16,2023-07-02,Prius,38176.19,6.06,Completed
732713,4,2023-07-20,Sienna,35841.22,3.81,Completed
732714,19,2023-07-03,Sienna,45981.46,5.48,Completed
732715,11,2023-07-08,Prius,23371.77,4.16,Completed
732716,3,2023-07-09,Corolla,31626.83,5.69,Completed
732717,11,2023-07-11,Tundra,42014.38,4.16,Completed
732718,14,2023-07-31,Tacoma,45895.51,5.1,Cancelled
732719,7,2023-07-15,Prius,36687.57,5.39,Completed
732720,4,2023-07-23,Camry,29469.03,3.81,Completed
732721,8,2023-07-19,Camry,42912.83,5.84,Completed
732722,10,2023-07-26,Camry,27969.4,4.88,Completed
732723,9,2023-07-09,Tacoma,34119.72,4.4,Completed
732724,16,2023-07-07,Camry,40834.4,6.06,Completed
732725,19,2023-07-22,Tundra,44468.09,5.48,Completed
732726,5,2023-07-05,Tundra,44379.39,5.34,Completed
732727,17,2023-07-12,RAV4,32659.39,4.51,Completed
732728,17,2023-07-14,RAV4,31554.65,4.51,Completed
732729,9,2023-07-24,Camry,28382.27,4.4,Completed
732730,14,2023-07-16,Tundra,47541.21,5.1,Completed
732731,8,2023-07-16,Tundra,49982.4,5.84,Completed
732732,1,2023-07-27,Sienna,42628.75,5.24,Completed
732733,9,2023-07-28,Tundra,35028.02,4.4,Completed
732734,18,2023-07-09,Tacoma,50132.74,5.68,Completed
732735,20,2023-07-02,Corolla,32150.99,5.77,Completed
732736,8,2023-07-23,Camry,39582.04,5.84,Completed
732737,17,2023-07-31,Camry,30345.14,4.51,Completed
732738,12,2023-07-04,RAV4,49883.46,5.65,Completed
732739,6,2023-07-14,Highlander,49875.82,3.86,Completed
732740,7,2023-07-28,Prius,36017.68,5.39,Completed
732741,7,2023-07-22,Highlander,63897.03,5.39,Completed
732742,2,2023-07-05,Tacoma,34388.16,4.0,Completed
732743,16,2023-07-14,Tundra,58905.97,6.06,Completed
732744,8,2023-07-06,RAV4,47640.04,5.84,Completed
732745,13,2023-07-17,Tacoma,47544.11,5.61,Completed
732746,20,2023-07-02,Corolla,31807.18,5.77,Completed
732747,16,2023-07-29,Tacoma,43894.42,6.06,Completed
732748,18,2023-07-07,Camry,47150.77,5.68,Completed
732749,20,2023-07-04,Prius,32196.78,5.77,Completed
732750,20,2023-07-01,RAV4,50636.01,5.77,Completed
732751,1,2023-07-24,Corolla,27143.69,5.24,Completed
732752,12,2023-07-08,Highlander,66317.03,5.65,Completed
732753,6,2023-07-27,Camry,29381.5,3.86,Completed
732754,18,2023-07-28,Prius,33781.21,5.68,Completed
732755,17,2023-07-23,Highlander,43925.44,4.51,Completed
732756,10,2023-07-12,Highlander,53723.96,4.88,Completed
732757,5,2023-07-17,Corolla,23490.83,5.34,Completed
732758,7,2023-07-29,Tacoma,45564.39,5.39,Completed
732759,19,2023-07-16,Tundra,44712.85,5.48,Completed
732760,10,2023-07-22,Sienna,38315.25,4.88,Completed
732761,19,2023-07-06,Tacoma,40625.45,5.48,Completed
732762,4,2023-07-31,Corolla,21295.16,3.81,Completed
732763,5,2023-07-09,Highlander,54055.24,5.34,Completed
732764,16,2023-07-30,Tacoma,44691.23,6.06,Completed
732765,19,2023-07-25,Corolla,27661.02,5.48,Completed
732766,8,2023-07-03,Tundra,50478.28,5.84,Completed
732767,3,2023-07-13,Tacoma,49805.92,5.69,Completed
732768,12,2023-07-07,Prius,30594.52,5.65,Completed
732769,20,2023-07-11,Tundra,53249.55,5.77,Completed
732770,4,2023-07-13,Highlander,48144.07,3.81,Completed
732771,9,2023-07-09,RAV4,36679.35,4.4,Completed
732772,9,2023-07-07,Tacoma,33417.93,4.4,Completed
732773,19,2023-07-10,Corolla,27420.16,5.48,Completed
732774,10,2023-07-29,Camry,33487.33,4.88,Completed
732775,16,2023-07-22,Highlander,71609.27,6.06,Completed
732776,19,2023-07-24,RAV4,45807.7,5.48,Completed
732777,6,2023-07-04,Tundra,40101.63,3.86,Completed
732778,15,2023-07-15,Tacoma,46596.84,4.86,Completed
732779,9,2023-07-28,Corolla,19988.81,4.4,Cancelled
732780,16,2023-07-03,Tacoma,47872.09,6.06,Completed
732781,5,2023-07-19,Camry,35007.18,5.34,Completed
732782,20,2023-07-05,Corolla,28643.96,5.77,Completed
732783,12,2023-07-01,Corolla,31255.07,5.65,Completed
732784,1,2023-07-31,Tacoma,36113.29,5.24,Cancelled
732785,9,2023-07-14,Sienna,35761.23,4.4,Completed
732786,18,2023-07-28,Tacoma,44194.6,5.68,Completed
732787,17,2023-07-04,Camry,27331.76,4.51,Completed
732788,11,2023-07-14,Corolla,22493.34,4.16,Completed
732789,14,2023-07-11,Sienna,50657.01,5.1,Completed
732790,7,2023-07-14,Sienna,52221.51,5.39,Completed
732791,2,2023-07-11,Tundra,40190.49,4.0,Completed
732792,11,2023-07-20,Sienna,37005.03,4.16,Completed
732793,13,2023-07-01,RAV4,51169.03,5.61,Completed
732794,9,2023-07-31,Highlander,51451.79,4.4,Completed
732795,14,2023-07-06,Sienna,46763.63,5.1,Completed
732796,19,2023-07-31,Camry,32771.76,5.48,Completed
732797,9,2023-07-06,Camry,27493.84,4.4,Completed
732798,2,2023-07-28,Highlander,46552.93,4.0,Completed
732799,19,2023-07-30,Tundra,48155.3,5.48,Completed
732800,3,2023-07-19,Prius,35529.7,5.69,Completed
732801,1,2023-07-02,Tundra,47950.19,5.24,Completed
732802,14,2023-07-08,Tacoma,40091.59,5.1,Completed
732803,10,2023-07-24,Highlander,52178.19,4.88,Completed
732804,3,2023-07-09,Tundra,58718.56,5.69,Pending
732805,2,2023-07-20,Camry,34500.77,4.0,Completed
732806,18,2023-07-05,Prius,34875.17,5.68,Completed
732807,12,2023-07-26,Prius,31313.73,5.65,Completed
732808,16,2023-07-31,Sienna,56002.14,6.06,Completed
732809,19,2023-07-19,Corolla,25302.16,5.48,Completed
732810,10,2023-07-01,Tundra,43235.48,4.88,Completed
732811,6,2023-07-22,Tacoma,32163.44,3.86,Completed
732812,20,2023-07-30,Highlander,66781.96,5.77,Completed
732813,7,2023-07-23,Highlander,66051.08,5.39,Completed
732814,15,2023-07-04,Prius,36717.08,4.86,Pending
732815,15,2023-07-08,Corolla,28321.19,4.86,Pending
732816,13,2023-07-26,Tundra,54165.63,5.61,Completed
732817,12,2023-07-24,Highlander,67115.18,5.65,Pending
732818,11,2023-07-19,Camry,31811.83,4.16,Completed
732819,5,2023-07-23,Tacoma,34978.11,5.34,Pending
732820,18,2023-07-30,Tacoma,46194.51,5.68,Completed
732821,13,2023-07-09,Tacoma,50736.29,5.61,Completed
732822,18,2023-07-24,Camry,45694.53,5.68,Completed
732823,9,2023-07-31,Sienna,36975.54,4.4,Completed
732824,5,2023-07-14,Corolla,27033.71,5.34,Completed
732825,1,2023-07-24,RAV4,36793.26,5.24,Completed
732826,7,2023-07-26,Camry,45793.22,5.39,Completed
732827,19,2023-07-21,RAV4,44729.28,5.48,Completed
732828,13,2023-07-30,Camry,41033.92,5.61,Completed
732829,16,2023-07-06,Sienna,48730.34,6.06,Completed
732830,1,2023-07-26,Tacoma,38718.96,5.24,Completed
732831,19,2023-07-19,Highlander,59083.96,5.48,Pending
732832,16,2023-07-01,RAV4,47485.11,6.06,Completed
732833,13,2023-07-06,Sienna,60078.92,5.61,Pending
732834,1,2023-07-26,RAV4,39885.87,5.24,Completed
732835,3,2023-07-13,Prius,37517.78,5.69,Completed
732836,20,2023-07-18,Corolla,33333.79,5.77,Completed
732837,11,2023-07-24,Sienna,41400.87,4.16,Completed
732838,1,2023-07-07,RAV4,38578.46,5.24,Completed
732839,7,2023-07-21,Highlander,70477.67,5.39,Pending
732840,16,2023-07-07,Tundra,50031.39,6.06,Completed
732841,11,2023-07-12,RAV4,34872.93,4.16,Completed
732842,20,2023-07-12,Camry,39362.6,5.77,Completed
732843,16,2023-07-01,Sienna,51748.35,6.06,Completed
732844,17,2023-07-01,Camry,30048.55,4.51,Completed
732845,16,2023-07-08,Tacoma,49447.1,6.06,Cancelled
732846,13,2023-07-01,Sienna,50593.03,5.61,Completed
732847,12,2023-07-19,Prius,32286.66,5.65,Completed
732848,2,2023-07-18,Sienna,39825.36,4.0,Completed
732849,9,2023-07-31,Tundra,38083.36,4.4,Completed
732850,4,2023-07-22,Prius,25541.7,3.81,Completed
732851,5,2023-07-06,Tundra,47345.57,5.34,Completed
732852,11,2023-07-04,Corolla,24172.72,4.16,Completed
732853,17,2023-07-07,Highlander,50372.15,4.51,Completed
732854,6,2023-07-02,RAV4,35537.91,3.86,Completed
732855,2,2023-07-31,Prius,25156.66,4.0,Cancelled
732856,10,2023-07-07,RAV4,36462.12,4.88,Completed
732857,3,2023-07-24,Tundra,58333.56,5.69,Completed
732858,5,2023-07-17,Prius,28823.41,5.34,Completed
732859,1,2023-07-26,Corolla,23300.02,5.24,Completed
732860,18,2023-07-06,Highlander,65952.78,5.68,Pending
732861,2,2023-07-28,Prius,26440.8,4.0,Completed
732862,13,2023-07-06,Tundra,50022.86,5.61,Completed
732863,7,2023-07-19,RAV4,45587.73,5.39,Completed
732864,19,2023-07-31,RAV4,41338.0,5.48,Completed
732865,4,2023-07-31,Prius,22375.25,3.81,Completed
732866,13,2023-07-29,Highlander,76317.39,5.61,Completed
732867,17,2023-07-09,Prius,22929.67,4.51,Pending
732868,15,2023-07-05,Tundra,53339.97,4.86,Completed
732869,11,2023-07-21,Tundra,38364.73,4.16,Completed
732870,16,2023-07-13,Camry,41129.68,6.06,Completed
732871,3,2023-07-17,RAV4,48847.89,5.69,Completed
732872,10,2023-07-31,Sienna,42249.72,4.88,Completed
732873,14,2023-07-27,Sienna,47562.36,5.1,Completed
732874,2,2023-07-10,Tacoma,31866.04,4.0,Completed
732875,10,2023-07-22,Highlander,54767.12,4.88,Completed
732876,12,2023-07-13,Prius,32589.63,5.65,Completed
732877,20,2023-07-29,Sienna,50188.08,5.77,Completed
732878,20,2023-07-25,Corolla,33332.47,5.77,Completed
732879,10,2023-07-05,Camry,33949.46,4.88,Completed
732880,7,2023-07-12,Highlander,72279.5,5.39,Completed
732881,10,2023-07-25,RAV4,39557.01,4.88,Completed
732882,3,2023-07-31,Prius,36407.1,5.69,Completed
732883,11,2023-07-17,Tacoma,34303.65,4.16,Cancelled
732884,9,2023-07-11,Highlander,47466.02,4.4,Completed
732885,10,2023-07-08,Highlander,55532.73,4.88,Completed
732886,3,2023-07-27,Prius,37559.04,5.69,Completed
732887,18,2023-07-20,Tacoma,47505.37,5.68,Completed
732888,15,2023-07-26,Tundra,47721.9,4.86,Completed
732889,8,2023-07-05,Prius,37218.63,5.84,Completed
732890,9,2023-07-30,Camry,27509.29,4.4,Completed
732891,14,2023-07-25,Corolla,27743.49,5.1,Completed
732892,8,2023-07-13,Tundra,48007.95,5.84,Completed
732893,15,2023-07-14,Highlander,65961.65,4.86,Completed
732894,10,2023-07-07,Sienna,43504.15,4.88,Completed
732895,13,2023-07-07,Camry,42235.47,5.61,Completed
732896,9,2023-07-15,Camry,27038.05,4.4,Completed
732897,3,2023-07-30,Tacoma,50052.59,5.69,Completed
732898,19,2023-07-09,Highlander,62316.53,5.48,Completed
732899,2,2023-07-16,RAV4,39841.47,4.0,Completed
732900,4,2023-07-15,RAV4,31687.34,3.81,Completed
732901,11,2023-07-24,Tacoma,34799.58,4.16,Completed
732902,3,2023-07-23,Corolla,32101.78,5.69,Completed
732903,7,2023-07-27,Prius,33869.16,5.39,Completed
732904,17,2023-07-21,Tundra,37884.38,4.51,Completed
732905,19,2023-07-20,Sienna,48889.51,5.48,Completed
732906,8,2023-07-07,Tundra,48900.82,5.84,Completed
732907,2,2023-07-11,RAV4,36763.47,4.0,Completed
732908,13,2023-07-30,RAV4,51573.9,5.61,Completed
732909,11,2023-07-24,RAV4,34340.63,4.16,Completed
732910,1,2023-07-22,Tacoma,40427.83,5.24,Completed
732911,5,2023-07-12,RAV4,39264.32,5.34,Completed
732912,10,2023-07-20,Tacoma,35987.54,4.88,Completed
732913,6,2023-07-12,Camry,27335.4,3.86,Completed
732914,15,2023-07-22,Highlander,69149.7,4.86,Completed
732915,9,2023-07-23,Prius,23335.55,4.4,Completed
732916,18,2023-07-06,Tundra,51978.69,5.68,Completed
732917,8,2023-07-16,Corolla,32154.9,5.84,Completed
732918,7,2023-07-15,Camry,45454.92,5.39,Completed
732919,8,2023-07-09,RAV4,52242.0,5.84,Completed
732920,13,2023-07-01,Tacoma,45801.64,5.61,Completed
732921,8,2023-07-14,Sienna,55748.11,5.84,Completed
732922,19,2023-07-30,RAV4,40225.45,5.48,Completed
732923,17,2023-07-28,Highlander,48794.78,4.51,Completed
732924,8,2023-07-18,Camry,42589.29,5.84,Completed
732925,5,2023-07-21,Camry,33044.25,5.34,Completed
732926,10,2023-07-17,Sienna,38651.11,4.88,Completed
732927,5,2023-07-11,RAV4,39617.7,5.34,Completed
732928,17,2023-07-11,Camry,28871.07,4.51,Completed
732929,17,2023-07-08,Camry,30845.95,4.51,Completed
732930,5,2023-07-17,Sienna,45972.83,5.34,Completed
732931,13,2023-07-15,Tundra,50022.94,5.61,Completed
732932,8,2023-07-22,Tundra,57746.51,5.84,Completed
732933,17,2023-07-14,Tundra,39747.86,4.51,Completed
732934,1,2023-07-21,Tundra,40371.57,5.24,Completed
732935,16,2023-07-23,Corolla,30283.33,6.06,Completed
732936,15,2023-07-05,Camry,41723.05,4.86,Completed
732937,18,2023-07-17,Tacoma,45310.9,5.68,Completed
732938,3,2023-07-29,Tundra,54290.77,5.69,Completed
732939,7,2023-07-03,Tundra,54643.46,5.39,Completed
732940,2,2023-07-16,Corolla,22857.29,4.0,Completed
732941,3,2023-07-31,Tundra,60190.45,5.69,Completed
732942,10,2023-07-15,Corolla,24925.36,4.88,Completed
732943,1,2023-07-12,Corolla,24532.63,5.24,Completed
732944,7,2023-07-04,Camry,43640.57,5.39,Completed
732945,9,2023-07-03,Camry,27835.38,4.4,Completed
732946,19,2023-07-23,Tundra,50687.51,5.48,Completed
732947,2,2023-07-27,Prius,27556.64,4.0,Completed
732948,2,2023-07-05,Highlander,51884.05,4.0,Completed
732949,13,2023-07-03,Prius,38014.32,5.61,Completed
732950,3,2023-07-17,Highlander,70678.93,5.69,Completed
732951,16,2023-07-01,Highlander,71450.75,6.06,Completed
732952,14,2023-07-16,RAV4,42565.77,5.1,Completed
732953,18,2023-07-26,Prius,39902.75,5.68,Completed
732954,3,2023-07-27,Camry,41282.58,5.69,Completed
732955,14,2023-07-28,Tundra,45849.53,5.1,Completed
732956,14,2023-07-23,Corolla,27406.23,5.1,Completed
732957,17,2023-07-20,Highlander,43707.18,4.51,Completed
732958,15,2023-07-16,Corolla,32290.3,4.86,Completed
732959,19,2023-07-26,Highlander,53533.84,5.48,Completed
732960,19,2023-07-28,Camry,38927.56,5.48,Completed
732961,5,2023-07-13,Prius,30482.69,5.34,Completed
732962,6,2023-07-27,Tundra,39668.07,3.86,Completed
732963,15,2023-07-21,Highlander,62744.81,4.86,Completed
732964,1,2023-07-06,Corolla,27122.26,5.24,Completed
732965,10,2023-07-11,Tacoma,35150.79,4.88,Completed
732966,14,2023-07-07,Sienna,51357.43,5.1,Completed
732967,11,2023-07-22,Prius,26094.61,4.16,Completed
732968,13,2023-07-20,Tundra,57042.33,5.61,Completed
732969,12,2023-07-20,Prius,31915.46,5.65,Completed
732970,20,2023-07-10,Prius,34102.39,5.77,Completed
732971,13,2023-07-05,Sienna,54318.64,5.61,Completed
732972,16,2023-07-13,Corolla,33968.52,6.06,Completed
732973,14,2023-07-17,Prius,30693.16,5.1,Completed
732974,3,2023-07-29,Tundra,60209.34,5.69,Completed
732975,8,2023-07-01,Highlander,67155.59,5.84,Cancelled
732976,9,2023-07-04,RAV4,34947.89,4.4,Completed
732977,17,2023-07-19,Corolla,19194.21,4.51,Completed
732978,15,2023-07-28,Corolla,29148.36,4.86,Completed
732979,4,2023-07-20,Tacoma,33484.44,3.81,Completed
732980,14,2023-07-19,Camry,35824.3,5.1,Completed
732981,14,2023-07-18,Tundra,53155.26,5.1,Completed
732982,9,2023-07-19,Highlander,44223.49,4.4,Completed
732983,8,2023-07-02,Camry,39589.34,5.84,Completed
732984,10,2023-07-02,Corolla,23106.24,4.88,Completed
732985,16,2023-07-31,Corolla,33668.91,6.06,Completed
732986,5,2023-07-31,Tacoma,39946.15,5.34,Completed
732987,15,2023-07-07,Sienna,56616.25,4.86,Completed
732988,19,2023-07-10,RAV4,42270.2,5.48,Completed
732989,11,2023-07-14,Tacoma,33730.06,4.16,Completed
732990,10,2023-07-02,Sienna,41902.75,4.88,Completed
732991,7,2023-07-18,RAV4,53841.6,5.39,Completed
732992,8,2023-07-02,Tundra,56823.37,5.84,Completed
732993,1,2023-07-15,Prius,30932.8,5.24,Completed
732994,8,2023-07-26,Highlander,60709.16,5.84,Completed
732995,18,2023-07-21,Camry,47240.36,5.68,Completed
732996,6,2023-07-14,Highlander,44314.07,3.86,Completed
732997,3,2023-07-20,Corolla,29227.44,5.69,Completed
732998,2,2023-07-14,Camry,29351.76,4.0,Completed
732999,2,2023-07-05,Sienna,38612.52,4.0,Completed
733000,14,2023-07-08,Tacoma,38783.29,5.1,Completed
733001,1,2023-07-04,Tundra,41714.59,5.24,Completed
733002,5,2023-07-09,Prius,30375.53,5.34,Completed
733003,16,2023-07-31,Sienna,55365.17,6.06,Completed
733004,7,2023-07-24,Highlander,68970.95,5.39,Completed
733005,1,2023-07-03,Sienna,45991.54,5.24,Completed
733006,19,2023-07-21,Camry,37225.1,5.48,Completed
733007,9,2023-07-15,Highlander,52731.55,4.4,Completed
733008,3,2023-07-07,Highlander,67043.38,5.69,Completed
733009,9,2023-07-28,Tundra,40292.01,4.4,Completed
733010,1,2023-07-18,Corolla,25085.44,5.24,Completed
733011,4,2023-07-02,Highlander,47588.54,3.81,Completed
733012,9,2023-07-22,Corolla,22629.46,4.4,Completed
733013,17,2023-07-08,Sienna,34240.62,4.51,Completed
733014,9,2023-07-22,Highlander,51742.45,4.4,Completed
733015,1,2023-07-24,Tacoma,40807.79,5.24,Completed
733016,1,2023-07-26,Corolla,24675.21,5.24,Completed
733017,13,2023-07-08,RAV4,48715.5,5.61,Completed
733018,15,2023-07-02,Tacoma,40760.01,4.86,Pending
733019,13,2023-07-28,Tacoma,51103.84,5.61,Completed
733020,19,2023-07-17,Corolla,26206.82,5.48,Completed
733021,4,2023-07-05,Sienna,38666.71,3.81,Completed
733022,20,2023-07-08,Prius,36863.82,5.77,Completed
733023,4,2023-07-10,RAV4,34927.07,3.81,Completed
733024,17,2023-07-30,Camry,28786.34,4.51,Completed
733025,19,2023-07-22,RAV4,45787.13,5.48,Completed
733026,3,2023-07-21,Tacoma,49392.63,5.69,Pending
733027,20,2023-07-20,Tundra,50486.99,5.77,Completed
733028,1,2023-07-15,Corolla,24022.04,5.24,Completed
733029,3,2023-07-13,Tacoma,42396.27,5.69,Completed
733030,20,2023-07-27,Highlander,73661.63,5.77,Completed
733031,14,2023-07-19,Sienna,54954.58,5.1,Completed
733032,17,2023-07-12,Sienna,40307.06,4.51,Completed
733033,5,2023-07-13,Tacoma,41491.35,5.34,Completed
733034,2,2023-07-20,Prius,26155.78,4.0,Completed
733035,16,2023-07-22,Prius,38199.08,6.06,Completed
733036,14,2023-07-15,Prius,30754.69,5.1,Completed
733037,9,2023-07-24,Corolla,20885.87,4.4,Completed
733038,15,2023-07-06,Corolla,31779.77,4.86,Completed
733039,5,2023-07-10,Highlander,56519.9,5.34,Completed
733040,15,2023-07-15,RAV4,47802.84,4.86,Completed
733041,7,2023-07-07,Highlander,62798.98,5.39,Completed
733042,9,2023-07-26,Camry,30550.11,4.4,Completed
733043,20,2023-07-11,Corolla,29457.37,5.77,Completed
733044,10,2023-07-08,Tundra,36132.1,4.88,Completed
733045,14,2023-07-13,Prius,35505.56,5.1,Completed
733046,10,2023-07-13,Prius,23545.68,4.88,Completed
733047,14,2023-07-31,Tundra,53153.96,5.1,Completed
733048,16,2023-07-22,Camry,39514.86,6.06,Pending
733049,12,2023-07-18,Highlander,73119.83,5.65,Completed
733050,1,2023-07-02,RAV4,39378.92,5.24,Completed
733051,17,2023-07-30,Camry,26214.05,4.51,Completed
733052,20,2023-07-06,RAV4,47798.14,5.77,Completed
733053,11,2023-07-08,Highlander,49434.78,4.16,Completed
733054,16,2023-07-21,Corolla,32301.99,6.06,Completed
733055,19,2023-07-20,Tacoma,38379.19,5.48,Completed
733056,6,2023-07-15,RAV4,34345.18,3.86,Completed
733057,12,2023-07-23,Prius,33009.12,5.65,Completed
733058,13,2023-07-15,Tundra,60738.04,5.61,Completed
733059,16,2023-07-29,Highlander,66018.66,6.06,Completed
733060,18,2023-07-27,Tundra,54509.6,5.68,Completed
733061,14,2023-07-31,Tundra,46459.56,5.1,Completed
733062,19,2023-07-22,Corolla,28040.9,5.48,Completed
733063,12,2023-07-18,Prius,34330.99,5.65,Completed
733064,4,2023-07-21,Camry,29990.02,3.81,Completed
733065,18,2023-07-21,Corolla,35546.88,5.68,Completed
733066,8,2023-07-30,Highlander,62468.47,5.84,Completed
733067,4,2023-07-03,Corolla,21446.79,3.81,Completed
733068,17,2023-07-13,RAV4,36182.88,4.51,Completed
733069,7,2023-07-05,Camry,37861.23,5.39,Completed
733070,4,2023-07-27,Tundra,36828.01,3.81,Completed
733071,2,2023-07-27,Tacoma,30783.91,4.0,Completed
733072,14,2023-07-28,Highlander,62602.53,5.1,Completed
733073,5,2023-07-27,Prius,30741.02,5.34,Completed
733074,17,2023-07-25,Highlander,46397.52,4.51,Completed
733075,17,2023-07-24,Tacoma,30979.64,4.51,Completed
733076,17,2023-07-02,Camry,28704.02,4.51,Completed
733077,18,2023-07-24,RAV4,55424.6,5.68,Completed
733078,8,2023-07-12,Prius,35571.44,5.84,Completed
733079,11,2023-07-07,Sienna,40640.84,4.16,Completed
733080,14,2023-07-30,Tacoma,40949.31,5.1,Completed
733081,12,2023-07-07,Camry,42745.48,5.65,Completed
733082,6,2023-07-24,Camry,29317.19,3.86,Completed
733083,5,2023-07-29,Sienna,46884.84,5.34,Completed
733084,7,2023-07-21,Camry,39313.24,5.39,Completed
733085,11,2023-07-27,Tacoma,35009.65,4.16,Completed
733086,15,2023-07-19,Sienna,55747.01,4.86,Completed
733087,9,2023-07-29,Sienna,40904.39,4.4,Completed
733088,20,2023-07-16,Corolla,32349.05,5.77,Completed
733089,2,2023-07-28,RAV4,38890.74,4.0,Completed
733090,8,2023-07-15,Sienna,54996.66,5.84,Completed
733091,10,2023-07-17,Prius,27939.86,4.88,Completed
733092,12,2023-07-13,Highlander,69129.65,5.65,Completed
733093,16,2023-07-06,RAV4,52337.76,6.06,Completed
733094,8,2023-07-10,Corolla,33217.58,5.84,Completed
733095,20,2023-07-07,Camry,42766.97,5.77,Completed
733096,9,2023-07-04,Tundra,34942.09,4.4,Completed
733097,15,2023-07-06,Highlander,64079.36,4.86,Completed
733098,1,2023-07-02,Tundra,42855.16,5.24,Completed
733099,13,2023-07-04,Camry,41006.88,5.61,Completed
733100,12,2023-07-14,Highlander,70589.45,5.65,Completed
733101,5,2023-07-18,Highlander,58015.01,5.34,Completed
733102,13,2023-07-01,Prius,38247.55,5.61,Completed
733103,18,2023-07-10,Prius,36839.81,5.68,Completed
733104,3,2023-07-05,Sienna,55251.37,5.69,Completed
733105,10,2023-07-04,Sienna,42589.93,4.88,Completed
733106,4,2023-07-31,Prius,24472.09,3.81,Completed
733107,4,2023-07-17,RAV4,32992.96,3.81,Completed
733108,3,2023-07-29,Tacoma,50493.2,5.69,Completed
733109,1,2023-07-30,Tundra,43603.36,5.24,Completed
733110,3,2023-07-02,Prius,34965.35,5.69,Completed
733111,19,2023-07-04,Highlander,56277.96,5.48,Completed
733112,20,2023-07-29,Prius,33866.79,5.77,Completed
733113,14,2023-07-03,Corolla,30957.09,5.1,Completed
733114,10,2023-07-28,Prius,24891.89,4.88,Completed
733115,15,2023-07-08,Tundra,49814.61,4.86,Completed
733116,1,2023-07-08,Camry,33787.3,5.24,Completed
733117,2,2023-07-13,Highlander,50532.31,4.0,Completed
733118,17,2023-07-05,Tundra,36688.01,4.51,Completed
733119,8,2023-07-31,RAV4,51939.84,5.84,Completed
733120,11,2023-07-23,Sienna,42334.79,4.16,Completed
733121,9,2023-07-03,Corolla,22063.16,4.4,Completed
733122,13,2023-07-12,Highlander,69180.99,5.61,Completed
733123,18,2023-07-28,Tacoma,43977.85,5.68,Completed
733124,12,2023-07-12,Highlander,65392.73,5.65,Completed
733125,17,2023-07-03,RAV4,32822.69,4.51,Completed
733126,13,2023-07-29,Highlander,67187.58,5.61,Completed
733127,5,2023-07-21,Prius,30890.78,5.34,Completed
733128,6,2023-07-06,Highlander,51683.5,3.86,Completed
733129,5,2023-07-25,RAV4,40289.94,5.34,Completed
733130,19,2023-07-29,RAV4,39743.27,5.48,Completed
733131,19,2023-07-29,Corolla,27493.87,5.48,Completed
733132,15,2023-07-09,Camry,39011.86,4.86,Completed
733133,3,2023-07-13,Tacoma,43854.62,5.69,Completed
733134,12,2023-07-27,Tacoma,40321.72,5.65,Completed
733135,9,2023-07-24,Tundra,35156.95,4.4,Completed
733136,14,2023-07-01,Tundra,47784.12,5.1,Completed
733137,3,2023-07-17,RAV4,48742.52,5.69,Completed
733138,20,2023-07-19,Tundra,58318.61,5.77,Completed
733139,20,2023-07-14,Tacoma,40648.93,5.77,Completed
733140,1,2023-07-10,Tundra,43145.39,5.24,Completed
733141,16,2023-07-09,Corolla,32385.93,6.06,Completed
733142,4,2023-07-07,Highlander,44773.5,3.81,Completed
733143,2,2023-07-26,RAV4,33439.08,4.0,Completed
733144,12,2023-07-20,RAV4,52158.28,5.65,Completed
733145,16,2023-07-15,Prius,35295.69,6.06,Completed
733146,13,2023-07-30,Camry,40218.87,5.61,Completed
733147,8,2023-07-14,Tundra,47647.03,5.84,Completed
733148,1,2023-07-28,Corolla,25695.78,5.24,Completed
733149,14,2023-07-02,Sienna,49194.28,5.1,Completed
733150,7,2023-07-29,Corolla,31229.76,5.39,Completed
733151,19,2023-07-31,RAV4,43960.35,5.48,Completed
733152,18,2023-07-14,Sienna,52194.58,5.68,Pending
733153,17,2023-07-10,Prius,22537.84,4.51,Completed
733154,19,2023-07-05,Corolla,24942.36,5.48,Cancelled
733155,18,2023-07-08,Highlander,74755.24,5.68,Completed
733156,4,2023-07-06,Sienna,38394.92,3.81,Completed
733157,6,2023-07-03,Camry,32112.87,3.86,Completed
733158,16,2023-07-28,Prius,35363.96,6.06,Completed
733159,14,2023-07-26,Corolla,26838.62,5.1,Completed
733160,7,2023-07-25,Sienna,50778.06,5.39,Completed
733161,7,2023-07-21,Corolla,28210.01,5.39,Completed
733162,20,2023-07-15,RAV4,43815.6,5.77,Completed
733163,6,2023-07-15,Corolla,21500.83,3.86,Completed
733164,1,2023-07-27,Camry,33253.78,5.24,Completed
733165,19,2023-07-27,Tacoma,36023.39,5.48,Completed
733166,18,2023-07-07,RAV4,55991.04,5.68,Completed
733167,14,2023-07-20,Highlander,60413.84,5.1,Completed
733168,4,2023-07-13,Corolla,19069.77,3.81,Completed
733169,19,2023-07-03,Tacoma,42041.17,5.48,Completed
733170,14,2023-07-13,Highlander,64586.27,5.1,Completed
733171,19,2023-07-07,RAV4,44081.66,5.48,Completed
733172,9,2023-07-07,Tundra,39229.26,4.4,Completed
733173,1,2023-07-16,Sienna,39746.64,5.24,Completed
733174,8,2023-07-25,Tacoma,44936.39,5.84,Completed
733175,4,2023-07-21,Camry,26845.83,3.81,Cancelled
733176,4,2023-07-11,Tacoma,29219.78,3.81,Completed
733177,8,2023-07-15,Corolla,33109.96,5.84,Completed
733178,7,2023-07-03,Prius,33804.3,5.39,Completed
733179,4,2023-07-02,Corolla,20999.47,3.81,Completed
733180,4,2023-07-24,Prius,25480.46,3.81,Completed
733181,1,2023-07-03,Sienna,43514.58,5.24,Completed
733182,9,2023-07-03,RAV4,36704.1,4.4,Completed
733183,2,2023-07-05,RAV4,34913.51,4.0,Completed
733184,8,2023-07-11,Highlander,68357.23,5.84,Completed
733185,10,2023-07-27,Highlander,45703.72,4.88,Completed
733186,12,2023-07-25,Prius,35841.04,5.65,Completed
733187,19,2023-07-16,Corolla,25619.79,5.48,Completed
733188,7,2023-07-22,RAV4,47773.77,5.39,Completed
733189,13,2023-07-16,RAV4,53002.45,5.61,Completed
733190,10,2023-07-01,Tacoma,31025.26,4.88,Completed
733191,1,2023-07-03,Corolla,23176.26,5.24,Completed
733192,16,2023-07-16,RAV4,49158.53,6.06,Completed
733193,7,2023-07-28,Highlander,74717.28,5.39,Cancelled
733194,14,2023-07-14,Sienna,53120.59,5.1,Completed
733195,20,2023-07-25,RAV4,50744.5,5.77,Completed
733196,20,2023-07-02,Corolla,27428.09,5.77,Completed
733197,13,2023-07-16,RAV4,49100.04,5.61,Completed
733198,7,2023-07-18,Tacoma,45963.87,5.39,Completed
733199,13,2023-07-10,RAV4,48722.59,5.61,Completed
733200,3,2023-07-12,Sienna,51212.52,5.69,Completed
733201,4,2023-07-08,Highlander,50224.08,3.81,Completed
733202,11,2023-07-02,RAV4,35709.06,4.16,Completed
733203,18,2023-07-15,Corolla,30888.66,5.68,Completed
733204,15,2023-07-03,RAV4,44217.66,4.86,Completed
733205,3,2023-07-29,Corolla,33597.83,5.69,Completed
733206,16,2023-07-25,Camry,38257.68,6.06,Completed
733207,16,2023-07-09,Highlander,75767.41,6.06,Completed
733208,19,2023-07-23,Camry,34691.58,5.48,Completed
733209,18,2023-07-01,Tundra,54197.84,5.68,Completed
733210,20,2023-07-03,Corolla,29603.06,5.77,Pending
733211,2,2023-07-31,Prius,28600.88,4.0,Completed
733212,11,2023-07-20,Tundra,36232.46,4.16,Pending
733213,13,2023-07-24,Corolla,28872.68,5.61,Completed
733214,14,2023-07-12,Tacoma,41410.78,5.1,Completed
733215,10,2023-07-03,Sienna,40964.64,4.88,Completed
733216,15,2023-07-04,Tacoma,44856.33,4.86,Completed
733217,9,2023-07-22,Prius,22900.26,4.4,Completed
733218,20,2023-07-17,Tundra,53288.27,5.77,Completed
733219,17,2023-07-02,Prius,22164.66,4.51,Completed
733220,18,2023-07-31,Corolla,30311.34,5.68,Completed
733221,18,2023-07-19,Highlander,69930.16,5.68,Completed
733222,14,2023-07-12,Prius,34132.88,5.1,Completed
733223,10,2023-07-23,Tundra,36601.17,4.88,Completed
733224,4,2023-07-13,Sienna,33400.76,3.81,Completed
733225,2,2023-07-23,Highlander,54482.09,4.0,Completed
733226,13,2023-07-04,Highlander,69130.1,5.61,Completed
733227,2,2023-07-07,Highlander,52223.33,4.0,Completed
733228,9,2023-07-28,Highlander,45326.96,4.4,Completed
733229,10,2023-07-22,Corolla,22861.64,4.88,Completed
733230,10,2023-07-28,Tacoma,32943.76,4.88,Completed
733231,2,2023-07-03,RAV4,38888.17,4.0,Completed
733232,10,2023-07-09,Camry,29431.32,4.88,Completed
733233,12,2023-07-24,RAV4,50957.97,5.65,Completed
733234,12,2023-07-25,Tundra,52689.21,5.65,Completed
733235,17,2023-07-08,Tacoma,31291.99,4.51,Completed
733236,3,2023-07-27,Corolla,30753.41,5.69,Completed
733237,16,2023-07-30,Corolla,28754.45,6.06,Completed
733238,9,2023-07-12,Tundra,36855.37,4.4,Completed
733239,15,2023-07-29,Highlander,72044.5,4.86,Completed
733240,2,2023-07-15,Camry,34610.9,4.0,Pending
733241,7,2023-07-30,Corolla,29548.43,5.39,Completed
733242,1,2023-07-07,Sienna,42147.8,5.24,Completed
733243,5,2023-07-11,Camry,35648.38,5.34,Completed
733244,14,2023-07-28,Highlander,67324.12,5.1,Completed
733245,3,2023-07-20,Corolla,31698.94,5.69,Completed
733246,6,2023-07-03,Prius,22558.1,3.86,Completed
733247,6,2023-07-08,Highlander,50387.55,3.86,Completed
733248,4,2023-07-17,Corolla,21376.4,3.81,Completed
733249,3,2023-07-28,Camry,44611.06,5.69,Completed
733250,4,2023-07-13,Prius,25397.63,3.81,Completed
733251,6,2023-07-01,Camry,29331.03,3.86,Completed
733252,8,2023-07-04,Tacoma,47424.14,5.84,Completed
733253,7,2023-07-22,Corolla,33049.06,5.39,Completed
733254,6,2023-07-12,Sienna,40670.7,3.86,Completed
733255,8,2023-07-02,Tacoma,46471.48,5.84,Completed
733256,11,2023-07-10,Highlander,52086.56,4.16,Completed
733257,5,2023-07-07,Camry,37056.69,5.34,Completed
733258,18,2023-07-05,Tundra,60771.76,5.68,Completed
733259,19,2023-07-11,Camry,37050.13,5.48,Completed
733260,20,2023-07-07,RAV4,53022.48,5.77,Completed
733261,6,2023-07-29,Camry,29188.49,3.86,Completed
733262,12,2023-07-08,RAV4,50886.12,5.65,Completed
733263,3,2023-07-25,Sienna,56452.38,5.69,Completed
733264,6,2023-07-25,RAV4,32098.74,3.86,Completed
733265,14,2023-07-31,Camry,37498.23,5.1,Completed
733266,7,2023-07-24,Tacoma,43415.82,5.39,Completed
733267,4,2023-07-21,Prius,22076.18,3.81,Completed
733268,8,2023-07-23,Tundra,53615.54,5.84,Completed
733269,6,2023-07-01,Tacoma,34596.97,3.86,Completed
733270,3,2023-07-16,Highlander,76929.17,5.69,Completed
733271,13,2023-07-10,Prius,39077.77,5.61,Completed
733272,1,2023-07-15,Tacoma,39246.49,5.24,Cancelled
733273,12,2023-07-14,Prius,36065.21,5.65,Completed
733274,16,2023-07-06,Sienna,51013.98,6.06,Completed
733275,10,2023-07-29,Prius,23947.2,4.88,Completed
733276,2,2023-07-31,Tundra,39951.14,4.0,Completed
733277,11,2023-07-08,Prius,27163.84,4.16,Completed
733278,7,2023-07-27,Prius,36089.49,5.39,Completed
733279,17,2023-07-11,Sienna,37596.58,4.51,Completed
733280,3,2023-07-17,Camry,46762.11,5.69,Completed
733281,5,2023-07-28,Camry,33829.3,5.34,Completed
733282,12,2023-07-30,RAV4,47770.58,5.65,Completed
733283,9,2023-07-13,Prius,22540.94,4.4,Completed
733284,13,2023-07-06,Sienna,53522.32,5.61,Completed
733285,5,2023-07-31,Camry,36005.08,5.34,Completed
733286,13,2023-07-24,RAV4,53315.52,5.61,Completed
733287,16,2023-07-16,RAV4,51397.65,6.06,Completed
733288,8,2023-07-24,Tacoma,46324.08,5.84,Completed
733289,2,2023-07-05,Tundra,37576.58,4.0,Completed
733290,17,2023-07-18,Highlander,42967.01,4.51,Completed
733291,8,2023-07-11,Prius,31469.43,5.84,Completed
733292,3,2023-07-18,RAV4,50703.92,5.69,Completed
733293,14,2023-07-14,Highlander,63635.83,5.1,Completed
733294,14,2023-07-26,Camry,41102.7,5.1,Completed
733295,1,2023-07-27,Prius,31567.23,5.24,Completed
733296,17,2023-07-20,Tacoma,28912.74,4.51,Completed
733297,9,2023-07-20,Camry,27912.1,4.4,Completed
733298,13,2023-07-27,Prius,38767.48,5.61,Completed
733299,6,2023-07-26,Highlander,47250.39,3.86,Completed
733300,7,2023-07-25,Corolla,28570.74,5.39,Completed
733301,9,2023-07-05,Tacoma,31185.07,4.4,Completed
733302,3,2023-07-13,Highlander,75906.72,5.69,Completed
733303,19,2023-07-13,RAV4,39739.2,5.48,Pending
733304,4,2023-07-16,Tundra,33732.48,3.81,Completed
733305,12,2023-07-20,Tacoma,43788.64,5.65,Completed
733306,3,2023-07-15,Tacoma,48229.55,5.69,Completed
733307,3,2023-07-07,Camry,46928.19,5.69,Completed
733308,12,2023-07-07,Prius,34265.3,5.65,Completed
733309,9,2023-07-28,Camry,28655.52,4.4,Completed
733310,10,2023-07-26,RAV4,39095.36,4.88,Completed
733311,9,2023-07-18,RAV4,36398.16,4.4,Cancelled
733312,9,2023-07-28,Camry,31526.41,4.4,Completed
733313,12,2023-07-23,Camry,42815.61,5.65,Completed
733314,8,2023-07-11,Prius,33587.35,5.84,Completed
733315,11,2023-07-21,Highlander,50059.83,4.16,Completed
733316,11,2023-07-19,RAV4,31841.87,4.16,Completed
733317,3,2023-07-16,Prius,36642.64,5.69,Completed
733318,14,2023-07-26,Prius,30820.29,5.1,Completed
733319,1,2023-07-02,Sienna,42561.03,5.24,Completed
733320,2,2023-07-15,Tundra,38824.9,4.0,Completed
733321,2,2023-07-21,Sienna,41497.89,4.0,Completed
733322,15,2023-07-16,Tundra,52265.53,4.86,Completed
733323,15,2023-07-23,Highlander,65096.27,4.86,Completed
733324,16,2023-07-25,Prius,32556.13,6.06,Completed
733325,4,2023-07-06,Tundra,37094.19,3.81,Completed
733326,7,2023-07-11,Highlander,74243.94,5.39,Completed
733327,7,2023-07-20,Prius,38117.8,5.39,Completed
733328,17,2023-07-24,Tacoma,32192.33,4.51,Completed
733329,6,2023-07-04,Tacoma,32334.42,3.86,Completed
733330,5,2023-07-09,RAV4,37887.9,5.34,Completed
733331,20,2023-07-22,Highlander,65549.09,5.77,Completed
733332,9,2023-07-08,Corolla,24108.04,4.4,Completed
733333,16,2023-07-10,Sienna,49804.52,6.06,Completed
733334,3,2023-07-01,Tundra,54113.61,5.69,Completed
733335,6,2023-07-06,Camry,30211.41,3.86,Pending
733336,15,2023-07-15,RAV4,45750.37,4.86,Completed
733337,16,2023-07-28,Corolla,29077.48,6.06,Completed
733338,14,2023-07-22,Prius,32239.81,5.1,Completed
733339,10,2023-07-22,Highlander,55402.16,4.88,Completed
733340,13,2023-07-15,RAV4,49010.66,5.61,Cancelled
733341,5,2023-07-30,Prius,28605.76,5.34,Completed
733342,6,2023-07-07,Sienna,36999.81,3.86,Completed
733343,5,2023-07-20,RAV4,40993.03,5.34,Completed
733344,16,2023-07-24,Highlander,72398.46,6.06,Completed
733345,3,2023-07-02,RAV4,46216.9,5.69,Cancelled
733346,3,2023-07-27,Sienna,58969.87,5.69,Completed
733347,10,2023-07-19,Tacoma,35716.77,4.88,Completed
733348,10,2023-07-25,Prius,26000.98,4.88,Completed
733349,17,2023-07-24,RAV4,33310.38,4.51,Completed
733350,10,2023-07-16,Sienna,39265.81,4.88,Completed
733351,13,2023-07-06,Corolla,32871.69,5.61,Completed
733352,5,2023-07-25,Sienna,45941.55,5.34,Pending
733353,12,2023-07-23,RAV4,46602.75,5.65,Completed
733354,9,2023-07-30,Prius,25771.25,4.4,Completed
733355,1,2023-07-14,Highlander,61824.33,5.24,Pending
733356,19,2023-07-07,Highlander,63280.83,5.48,Completed
733357,13,2023-07-16,RAV4,54351.31,5.61,Completed
733358,3,2023-07-17,Corolla,33603.48,5.69,Completed
733359,13,2023-07-31,Camry,40750.3,5.61,Completed
733360,6,2023-07-14,Prius,24327.71,3.86,Completed
733361,13,2023-07-02,Tundra,53852.6,5.61,Completed
733362,13,2023-07-15,Sienna,55718.25,5.61,Completed
733363,6,2023-07-16,Camry,27752.61,3.86,Completed
733364,11,2023-07-28,Highlander,53419.66,4.16,Completed
733365,3,2023-07-21,Highlander,64685.18,5.69,Completed
733366,6,2023-07-04,Highlander,47562.0,3.86,Completed
733367,17,2023-07-27,Tacoma,28520.75,4.51,Completed
733368,8,2023-07-18,Prius,34157.29,5.84,Completed
733369,17,2023-07-30,Tacoma,30592.03,4.51,Completed
733370,19,2023-07-02,Tundra,48627.81,5.48,Completed
733371,3,2023-07-07,Highlander,67843.05,5.69,Completed
733372,2,2023-07-30,Sienna,42509.46,4.0,Completed
733373,9,2023-07-22,Camry,28840.57,4.4,Completed
733374,12,2023-07-30,Sienna,49626.06,5.65,Completed
733375,8,2023-07-12,Prius,31788.82,5.84,Completed
733376,18,2023-07-20,Sienna,55509.93,5.68,Completed
733377,20,2023-07-11,Sienna,56346.93,5.77,Completed
733378,8,2023-07-26,Corolla,32885.74,5.84,Completed
733379,17,2023-07-26,Corolla,19252.25,4.51,Completed
733380,14,2023-07-08,Camry,37180.23,5.1,Completed
733381,20,2023-07-28,Sienna,48197.38,5.77,Completed
733382,5,2023-07-11,Highlander,53599.82,5.34,Completed
733383,20,2023-07-21,Tacoma,41233.06,5.77,Completed
733384,6,2023-07-03,Sienna,39426.62,3.86,Pending
733385,2,2023-07-25,Highlander,54936.18,4.0,Completed
733386,11,2023-07-03,Camry,30092.88,4.16,Completed
733387,5,2023-07-09,Camry,31932.77,5.34,Completed
733388,17,2023-07-06,Prius,26163.7,4.51,Completed
733389,8,2023-07-06,Corolla,30063.63,5.84,Completed
733390,17,2023-07-20,Corolla,19159.21,4.51,Completed
733391,14,2023-07-21,Camry,41807.33,5.1,Cancelled
733392,5,2023-07-25,Camry,31763.06,5.34,Completed
733393,3,2023-07-12,Camry,46997.32,5.69,Completed
733394,16,2023-07-27,Corolla,31189.15,6.06,Completed
733395,18,2023-07-05,Camry,44447.45,5.68,Completed
733396,5,2023-07-30,Corolla,24946.21,5.34,Completed
733397,15,2023-07-11,Tacoma,42329.04,4.86,Completed
733398,10,2023-07-11,Sienna,42285.1,4.88,Completed
733399,18,2023-07-08,Tundra,56934.41,5.68,Completed
733400,7,2023-07-31,Tacoma,44114.99,5.39,Completed
733401,17,2023-07-07,Tundra,34084.64,4.51,Completed
733402,6,2023-07-31,Sienna,36873.1,3.86,Completed
733403,11,2023-07-01,Prius,26691.78,4.16,Completed
733404,5,2023-07-23,Highlander,51976.7,5.34,Completed
733405,20,2023-07-05,Prius,33109.75,5.77,Completed
733406,2,2023-07-23,Camry,32719.39,4.0,Pending
733407,2,2023-07-25,Camry,33559.94,4.0,Completed
733408,9,2023-07-16,Tacoma,29745.45,4.4,Completed
733409,16,2023-07-13,Tundra,48992.03,6.06,Completed
733410,2,2023-07-11,Camry,32173.27,4.0,Completed
733411,4,2023-07-22,Prius,22294.02,3.81,Completed
733412,13,2023-07-29,RAV4,50922.16,5.61,Completed
733413,19,2023-07-17,RAV4,39125.68,5.48,Completed
733414,5,2023-07-05,Sienna,46812.56,5.34,Completed
733415,6,2023-07-05,Tacoma,34329.18,3.86,Completed
733416,15,2023-07-04,RAV4,43358.01,4.86,Completed
733417,4,2023-07-23,Prius,23421.75,3.81,Completed
733418,5,2023-07-16,Sienna,45931.75,5.34,Completed
733419,14,2023-07-25,Prius,32143.89,5.1,Completed
733420,16,2023-07-16,Highlander,69362.64,6.06,Completed
733421,8,2023-07-31,Tundra,49480.22,5.84,Completed
733422,1,2023-07-14,Prius,27437.98,5.24,Completed
733423,18,2023-07-12,Corolla,32262.6,5.68,Completed
733424,13,2023-07-16,Corolla,29133.44,5.61,Completed
733425,13,2023-07-27,Prius,38575.1,5.61,Completed
733426,10,2023-07-31,Highlander,51459.74,4.88,Pending
733427,19,2023-07-26,RAV4,39513.66,5.48,Completed
733428,15,2023-07-29,Highlander,63906.55,4.86,Completed
733429,3,2023-07-19,Sienna,49882.82,5.69,Completed
733430,5,2023-07-08,Tacoma,40084.19,5.34,Completed
733431,13,2023-07-13,RAV4,54125.91,5.61,Completed
733432,12,2023-07-26,Sienna,54200.09,5.65,Pending
733433,16,2023-07-15,Sienna,51104.98,6.06,Completed
733434,2,2023-07-11,Tacoma,34752.61,4.0,Completed
733435,20,2023-07-10,Prius,35091.19,5.77,Completed
733436,16,2023-07-22,Tacoma,45060.38,6.06,Completed
733437,10,2023-07-01,Tundra,41707.37,4.88,Completed
733438,16,2023-07-23,Highlander,69392.69,6.06,Completed
733439,2,2023-07-23,Sienna,38106.1,4.0,Completed
733440,20,2023-07-22,Sienna,50610.42,5.77,Completed
733441,18,2023-07-07,Tacoma,45357.62,5.68,Completed
733442,14,2023-07-13,Camry,43194.23,5.1,Completed
733443,12,2023-07-31,Prius,34917.77,5.65,Completed
733444,8,2023-07-04,Highlander,67248.25,5.84,Completed
733445,9,2023-07-07,Tacoma,30754.2,4.4,Completed
733446,11,2023-07-30,Tacoma,31750.19,4.16,Completed
733447,17,2023-07-14,Prius,26222.81,4.51,Completed
733448,20,2023-07-16,RAV4,44843.1,5.77,Completed
733449,18,2023-07-11,Tacoma,48734.65,5.68,Completed
733450,5,2023-07-23,Corolla,26108.01,5.34,Completed
733451,17,2023-07-13,Prius,25294.45,4.51,Completed
733452,15,2023-07-25,Camry,37723.49,4.86,Completed
733453,3,2023-07-22,Camry,46811.32,5.69,Completed
733454,18,2023-07-17,Prius,35041.79,5.68,Completed
733455,8,2023-07-19,RAV4,51432.43,5.84,Completed
733456,19,2023-07-27,Corolla,24481.34,5.48,Completed
733457,13,2023-07-05,Sienna,50997.26,5.61,Completed
733458,4,2023-07-14,Corolla,21446.23,3.81,Completed
733459,1,2023-07-07,Prius,27001.65,5.24,Completed
733460,14,2023-07-08,Camry,35979.15,5.1,Completed
733461,2,2023-07-24,Tundra,39009.66,4.0,Completed
733462,3,2023-07-30,RAV4,51850.93,5.69,Completed
733463,7,2023-07-18,Prius,32135.5,5.39,Completed
733464,13,2023-07-17,Tundra,50425.7,5.61,Pending
733465,11,2023-07-17,Sienna,38114.77,4.16,Completed
733466,4,2023-07-07,Highlander,45657.31,3.81,Completed
733467,19,2023-07-17,Camry,37423.41,5.48,Completed
733468,4,2023-07-30,RAV4,35045.53,3.81,Completed
733469,6,2023-07-14,Prius,23921.91,3.86,Completed
733470,6,2023-07-23,Camry,30040.83,3.86,Completed
733471,6,2023-07-04,Tacoma,30002.81,3.86,Completed
733472,18,2023-07-27,Tacoma,43680.76,5.68,Pending
733473,5,2023-07-05,Sienna,48881.72,5.34,Completed
733474,18,2023-07-14,Highlander,65397.63,5.68,Completed
733475,6,2023-07-10,Camry,29354.5,3.86,Completed
733476,20,2023-07-06,Corolla,30829.97,5.77,Cancelled
733477,3,2023-07-16,Prius,37987.68,5.69,Completed
733478,14,2023-07-05,RAV4,47447.99,5.1,Completed
733479,17,2023-07-30,Tundra,37793.97,4.51,Completed
733480,19,2023-07-10,Sienna,47259.47,5.48,Completed
733481,8,2023-07-20,Highlander,64731.47,5.84,Completed
733482,3,2023-07-16,Highlander,67798.78,5.69,Completed
733483,16,2023-07-24,Tundra,53845.52,6.06,Completed
733484,20,2023-07-12,Corolla,31401.74,5.77,Completed
733485,2,2023-07-13,Prius,27198.41,4.0,Completed
733486,16,2023-07-19,Camry,42260.89,6.06,Completed
733487,7,2023-07-14,Camry,45872.92,5.39,Completed
733488,4,2023-07-03,RAV4,36362.64,3.81,Completed
733489,5,2023-07-05,Camry,37620.41,5.34,Completed
733490,8,2023-07-09,Tacoma,46428.35,5.84,Completed
733491,1,2023-07-20,Sienna,46810.4,5.24,Completed
733492,8,2023-07-16,Highlander,63288.98,5.84,Completed
733493,7,2023-07-18,Highlander,62042.99,5.39,Completed
733494,20,2023-07-22,Sienna,53366.19,5.77,Completed
733495,7,2023-07-04,Highlander,73458.96,5.39,Completed
733496,10,2023-07-09,Corolla,21856.41,4.88,Completed
733497,10,2023-07-31,Tundra,42608.72,4.88,Completed
733498,10,2023-07-28,Camry,32699.88,4.88,Completed
733499,20,2023-07-08,Prius,35334.87,5.77,Completed
733500,11,2023-07-29,Camry,31961.99,4.16,Completed
733501,8,2023-07-14,Camry,38320.03,5.84,Completed
733502,8,2023-07-10,Tacoma,46962.05,5.84,Completed
733503,9,2023-07-18,Sienna,35754.87,4.4,Completed
733504,12,2023-07-26,Tundra,54666.6,5.65,Completed
733505,17,2023-07-18,Tacoma,31306.23,4.51,Completed
733506,12,2023-07-25,Tacoma,47675.41,5.65,Completed
733507,5,2023-07-15,Sienna,40641.4,5.34,Completed
733508,16,2023-07-14,RAV4,45993.63,6.06,Completed
733509,5,2023-07-20,Sienna,41786.13,5.34,Completed
733510,12,2023-07-05,RAV4,48248.3,5.65,Completed
733511,8,2023-07-07,Tacoma,46852.12,5.84,Completed
733512,11,2023-07-30,Highlander,54142.92,4.16,Completed
733513,1,2023-07-25,Corolla,26068.07,5.24,Completed
733514,15,2023-07-17,Tundra,48722.47,4.86,Completed
733515,17,2023-07-21,Tacoma,34357.69,4.51,Completed
733516,15,2023-07-12,Tundra,47264.19,4.86,Completed
733517,20,2023-07-27,Highlander,72607.53,5.77,Completed
733518,6,2023-07-08,Camry,27825.14,3.86,Pending
733519,20,2023-07-31,RAV4,45577.33,5.77,Completed
733520,15,2023-07-28,Tundra,57424.27,4.86,Completed
733521,10,2023-07-13,Highlander,52471.08,4.88,Completed
733522,7,2023-07-12,Tundra,53654.76,5.39,Completed
733523,16,2023-07-28,Tundra,55387.84,6.06,Completed
733524,1,2023-07-05,Tundra,41065.48,5.24,Completed
733525,20,2023-07-30,Tacoma,45898.63,5.77,Completed
733526,9,2023-07-07,Prius,23512.68,4.4,Completed
733527,3,2023-07-19,Sienna,58985.2,5.69,Completed
733528,13,2023-07-06,Prius,36123.04,5.61,Completed
733529,2,2023-07-31,Tundra,36810.59,4.0,Completed
733530,13,2023-07-26,Highlander,67131.76,5.61,Completed
733531,5,2023-07-11,Tundra,45792.54,5.34,Cancelled
733532,15,2023-07-05,Highlander,59914.87,4.86,Completed
733533,15,2023-07-04,Sienna,56963.62,4.86,Completed
733534,11,2023-07-08,Tacoma,34064.43,4.16,Completed
733535,18,2023-07-15,RAV4,51782.16,5.68,Completed
733536,13,2023-07-08,Tacoma,45991.08,5.61,Completed
733537,10,2023-07-23,Prius,24581.06,4.88,Completed
733538,13,2023-07-31,Tundra,56583.27,5.61,Completed
733539,14,2023-07-20,Tundra,46058.84,5.1,Completed
733540,16,2023-07-05,RAV4,53675.17,6.06,Completed
733541,20,2023-07-02,Corolla,28090.96,5.77,Completed
733542,10,2023-07-20,Corolla,23628.21,4.88,Completed
733543,8,2023-07-22,Tundra,48743.68,5.84,Completed
733544,20,2023-07-05,Tundra,57653.52,5.77,Completed
733545,20,2023-07-15,Tundra,53711.96,5.77,Completed
733546,11,2023-07-11,Sienna,36252.72,4.16,Completed
733547,13,2023-07-15,Corolla,33693.04,5.61,Completed
733548,5,2023-07-04,Corolla,25616.86,5.34,Completed
733549,2,2023-07-01,Corolla,25387.14,4.0,Completed
733550,12,2023-07-20,Sienna,51636.12,5.65,Completed
733551,12,2023-07-02,RAV4,49963.96,5.65,Completed
733552,12,2023-07-30,Tundra,55061.27,5.65,Completed
733553,5,2023-07-03,Prius,31770.87,5.34,Completed
733554,2,2023-07-05,Tundra,39313.95,4.0,Completed
733555,4,2023-07-13,Tundra,38141.37,3.81,Completed
733556,17,2023-07-06,RAV4,33599.75,4.51,Completed
733557,4,2023-07-09,Prius,24936.84,3.81,Completed
733558,9,2023-07-29,Camry,27410.56,4.4,Completed
733559,3,2023-07-20,Corolla,31397.07,5.69,Completed
733560,1,2023-07-16,Sienna,40786.39,5.24,Pending
733561,17,2023-07-15,Prius,25824.53,4.51,Completed
733562,14,2023-07-23,Highlander,64714.12,5.1,Completed
733563,20,2023-07-03,Tundra,50745.21,5.77,Pending
733564,13,2023-07-11,Highlander,67552.09,5.61,Completed
733565,16,2023-07-31,Corolla,31371.25,6.06,Completed
733566,18,2023-07-02,Prius,34371.68,5.68,Completed
733567,14,2023-07-04,Highlander,60310.91,5.1,Completed
733568,7,2023-07-12,Tundra,50508.16,5.39,Completed
733569,18,2023-07-06,Camry,44527.84,5.68,Completed
733570,8,2023-07-01,Camry,37351.66,5.84,Completed
733571,11,2023-07-19,Corolla,21797.77,4.16,Completed
733572,3,2023-07-31,Tacoma,43999.62,5.69,Completed
733573,6,2023-07-05,Prius,26169.07,3.86,Completed
733574,19,2023-07-06,Corolla,27689.87,5.48,Completed
733575,20,2023-07-13,RAV4,50570.51,5.77,Completed
733576,16,2023-07-21,Tundra,55571.2,6.06,Completed
733577,1,2023-07-07,Camry,31411.22,5.24,Cancelled
733578,18,2023-07-10,Tacoma,52576.27,5.68,Completed
733579,14,2023-07-31,Highlander,63655.75,5.1,Completed
733580,16,2023-07-14,Sienna,59375.16,6.06,Pending
733581,7,2023-07-24,Tundra,56628.58,5.39,Completed
733582,7,2023-07-15,Tacoma,42864.32,5.39,Completed
733583,18,2023-07-22,Sienna,53852.05,5.68,Completed
733584,6,2023-07-06,RAV4,36834.97,3.86,Completed
733585,15,2023-07-20,Prius,36683.36,4.86,Completed
733586,13,2023-07-27,Tacoma,42155.87,5.61,Completed
733587,7,2023-07-12,Tacoma,42688.09,5.39,Pending
733588,8,2023-07-19,Tacoma,48551.98,5.84,Completed
733589,8,2023-07-07,Highlander,69266.26,5.84,Completed
733590,1,2023-07-05,Corolla,22935.05,5.24,Completed
733591,16,2023-07-14,Prius,32136.7,6.06,Completed
733592,6,2023-07-09,Tundra,38657.78,3.86,Completed
733593,19,2023-07-19,Corolla,26697.15,5.48,Completed
733594,10,2023-07-01,Tundra,43112.87,4.88,Completed
733595,14,2023-07-21,Tacoma,44338.15,5.1,Completed
733596,11,2023-07-22,Prius,23298.3,4.16,Completed
733597,3,2023-07-16,Corolla,33310.66,5.69,Completed
733598,11,2023-07-20,Prius,25199.05,4.16,Completed
733599,5,2023-07-02,Camry,36968.82,5.34,Completed
733600,9,2023-07-11,Corolla,20234.26,4.4,Completed
733601,5,2023-07-15,Highlander,57242.8,5.34,Completed
733602,14,2023-07-03,Sienna,52953.38,5.1,Completed
733603,4,2023-07-08,Tundra,35815.79,3.81,Completed
733604,17,2023-07-07,Sienna,38369.3,4.51,Completed
733605,6,2023-07-30,Camry,28343.29,3.86,Completed
733606,12,2023-07-26,Tundra,57332.54,5.65,Completed
733607,10,2023-07-01,Corolla,21630.45,4.88,Completed
733608,19,2023-07-19,RAV4,41436.79,5.48,Completed
733609,17,2023-07-19,Prius,21958.43,4.51,Completed
733610,14,2023-07-12,RAV4,46983.53,5.1,Completed
733611,5,2023-07-12,Camry,36801.15,5.34,Completed
733612,16,2023-07-17,RAV4,51092.53,6.06,Completed
733613,8,2023-07-07,RAV4,52809.74,5.84,Completed
733614,10,2023-07-04,Corolla,24803.26,4.88,Completed
733615,4,2023-07-01,Highlander,46343.1,3.81,Completed
733616,15,2023-07-25,RAV4,45528.93,4.86,Completed
733617,1,2023-07-24,Tacoma,35736.73,5.24,Completed
733618,15,2023-07-09,Highlander,66936.17,4.86,Completed
733619,20,2023-07-29,Sienna,48226.67,5.77,Completed
733620,4,2023-07-08,Highlander,42101.44,3.81,Completed
733621,14,2023-07-28,Corolla,26882.06,5.1,Completed
733622,3,2023-07-30,Tacoma,43565.79,5.69,Completed
733623,18,2023-07-26,Camry,40445.43,5.68,Completed
733624,4,2023-07-01,Camry,26442.76,3.81,Completed
733625,8,2023-07-11,Sienna,49360.77,5.84,Completed
733626,1,2023-07-19,RAV4,37164.09,5.24,Completed
733627,17,2023-07-14,Prius,22398.7,4.51,Completed
733628,3,2023-07-10,RAV4,51770.59,5.69,Completed
733629,15,2023-07-30,Prius,30674.91,4.86,Completed
733630,9,2023-07-30,Tacoma,31653.77,4.4,Completed
733631,13,2023-07-01,Tacoma,41995.65,5.61,Completed
733632,18,2023-07-03,Prius,39825.21,5.68,Completed
733633,16,2023-07-11,RAV4,47110.48,6.06,Pending
733634,4,2023-07-20,Tundra,36162.62,3.81,Completed
733635,3,2023-07-25,Camry,44873.2,5.69,Completed
733636,18,2023-07-27,Tacoma,44729.18,5.68,Completed
733637,20,2023-07-27,Highlander,63808.74,5.77,Pending
733638,11,2023-07-04,Prius,27361.12,4.16,Pending
733639,2,2023-07-19,RAV4,34007.96,4.0,Completed
733640,10,2023-07-20,Highlander,46532.03,4.88,Completed
733641,3,2023-07-27,Sienna,53180.98,5.69,Completed
733642,11,2023-07-08,Highlander,48684.34,4.16,Completed
733643,17,2023-07-14,Sienna,34395.87,4.51,Completed
733644,6,2023-07-31,Tacoma,31357.9,3.86,Completed
733645,17,2023-07-07,Tacoma,29932.61,4.51,Completed
733646,1,2023-07-14,Highlander,59850.56,5.24,Completed
733647,3,2023-07-23,Camry,45279.01,5.69,Completed
733648,17,2023-07-30,Sienna,36976.29,4.51,Completed
733649,3,2023-07-07,Corolla,33585.51,5.69,Completed
733650,14,2023-07-11,Camry,39322.5,5.1,Completed
733651,1,2023-07-26,Highlander,60397.41,5.24,Completed
733652,17,2023-07-04,Tacoma,28314.4,4.51,Completed
733653,1,2023-07-30,Highlander,60818.43,5.24,Completed
733654,15,2023-07-30,Highlander,67253.06,4.86,Completed
733655,14,2023-07-29,RAV4,45438.64,5.1,Completed
733656,20,2023-07-06,Highlander,66882.25,5.77,Completed
733657,15,2023-07-11,Corolla,28039.46,4.86,Completed
733658,8,2023-07-13,Sienna,51330.15,5.84,Completed
733659,10,2023-07-15,Prius,23337.12,4.88,Completed
733660,14,2023-07-17,Tundra,53035.53,5.1,Completed
733661,6,2023-07-19,Camry,32110.04,3.86,Completed
733662,7,2023-07-27,Tundra,50938.12,5.39,Completed
733663,4,2023-07-28,Tacoma,33744.26,3.81,Cancelled
733664,8,2023-07-08,Corolla,31577.85,5.84,Completed
733665,6,2023-07-19,Sienna,34626.06,3.86,Completed
733666,3,2023-07-14,Sienna,55021.71,5.69,Pending
733667,16,2023-07-19,Tacoma,43165.61,6.06,Completed
733668,19,2023-07-26,Prius,29783.25,5.48,Completed
733669,6,2023-07-16,RAV4,36351.69,3.86,Completed
733670,19,2023-07-13,Tundra,48455.04,5.48,Completed
733671,16,2023-07-15,Sienna,49776.64,6.06,Completed
733672,17,2023-07-10,Tacoma,33509.91,4.51,Completed
733673,12,2023-07-21,Tacoma,45319.18,5.65,Completed
733674,14,2023-07-14,Highlander,59544.94,5.1,Cancelled
733675,9,2023-07-31,Corolla,24036.85,4.4,Completed
733676,16,2023-07-12,Highlander,74060.46,6.06,Cancelled
733677,5,2023-07-20,RAV4,41092.61,5.34,Pending
733678,10,2023-07-05,RAV4,34130.0,4.88,Completed
733679,4,2023-07-29,Camry,28288.98,3.81,Completed
733680,18,2023-07-11,Corolla,32098.67,5.68,Completed
733681,2,2023-07-17,Corolla,22372.18,4.0,Completed
733682,13,2023-07-27,Tundra,50054.22,5.61,Completed
733683,17,2023-07-15,Highlander,45400.65,4.51,Completed
733684,18,2023-07-11,Tundra,57919.42,5.68,Completed
733685,3,2023-07-11,Prius,32397.23,5.69,Completed
733686,18,2023-07-10,Highlander,70785.84,5.68,Completed
733687,7,2023-07-29,Camry,42920.05,5.39,Completed
733688,1,2023-07-17,Highlander,61687.8,5.24,Cancelled
733689,3,2023-07-12,Tundra,51640.73,5.69,Completed
733690,13,2023-07-27,Prius,36856.23,5.61,Completed
733691,9,2023-07-26,Sienna,35395.4,4.4,Completed
733692,11,2023-07-04,Tacoma,32627.67,4.16,Completed
733693,10,2023-07-13,Tacoma,32118.76,4.88,Completed
733694,4,2023-07-19,Sienna,35099.87,3.81,Completed
733695,8,2023-07-13,Sienna,49366.83,5.84,Completed
733696,17,2023-07-08,Prius,22137.61,4.51,Completed
733697,13,2023-07-28,RAV4,48887.16,5.61,Completed
733698,20,2023-07-16,RAV4,49087.38,5.77,Completed
733699,20,2023-07-20,Tundra,53732.92,5.77,Completed
733700,17,2023-07-20,Prius,24400.67,4.51,Completed
733701,11,2023-07-13,Tacoma,33040.73,4.16,Completed
733702,7,2023-07-16,Corolla,30462.5,5.39,Completed
733703,12,2023-07-02,Tundra,47603.16,5.65,Completed
733704,15,2023-07-22,RAV4,52153.72,4.86,Completed
733705,19,2023-07-10,Sienna,41859.05,5.48,Completed
733706,7,2023-07-04,Highlander,71309.02,5.39,Completed
733707,12,2023-07-21,Camry,42680.12,5.65,Completed
733708,8,2023-07-06,Tundra,55509.03,5.84,Completed
733709,4,2023-07-17,Tacoma,33591.18,3.81,Pending
733710,17,2023-07-19,Sienna,34690.84,4.51,Completed
733711,1,2023-07-26,RAV4,42445.74,5.24,Completed
733712,5,2023-07-06,Prius,29065.93,5.34,Completed
733713,2,2023-07-04,Tundra,38930.87,4.0,Completed
733714,18,2023-07-19,Corolla,34390.03,5.68,Completed
733715,5,2023-07-09,Sienna,40914.12,5.34,Completed
733716,16,2023-07-21,Sienna,56501.02,6.06,Completed
733717,3,2023-07-01,Sienna,57915.56,5.69,Completed
733718,19,2023-07-11,Corolla,26298.85,5.48,Completed
733719,4,2023-07-24,Prius,23075.98,3.81,Completed
733720,6,2023-07-07,Corolla,23509.48,3.86,Completed
733721,10,2023-07-29,Camry,33937.91,4.88,Completed
733722,3,2023-07-31,RAV4,52996.49,5.69,Completed
733723,14,2023-07-12,Prius,31849.23,5.1,Completed
733724,19,2023-07-14,Camry,34495.94,5.48,Completed
733725,6,2023-07-10,Corolla,23039.66,3.86,Completed
733726,2,2023-07-20,Tacoma,30800.61,4.0,Completed
733727,8,2023-07-28,Sienna,47952.43,5.84,Completed
733728,12,2023-07-09,Sienna,54362.52,5.65,Completed
733729,16,2023-07-27,Tundra,50160.24,6.06,Completed
733730,4,2023-07-18,Tundra,35473.3,3.81,Pending
733731,14,2023-07-09,Tacoma,41305.03,5.1,Completed
733732,15,2023-07-20,Highlander,69121.15,4.86,Completed
733733,7,2023-07-12,Camry,38534.44,5.39,Cancelled
733734,12,2023-07-10,Highlander,70592.14,5.65,Completed
733735,13,2023-07-19,RAV4,51587.73,5.61,Completed
733736,14,2023-07-14,Prius,35389.53,5.1,Completed
733737,8,2023-07-01,Prius,35934.91,5.84,Completed
733738,16,2023-07-03,Tundra,50091.1,6.06,Completed
733739,4,2023-07-28,RAV4,32949.43,3.81,Completed
733740,9,2023-07-15,Sienna,34796.23,4.4,Completed
733741,14,2023-07-21,Highlander,67815.63,5.1,Completed
733742,18,2023-07-14,Camry,43102.49,5.68,Completed
733743,3,2023-07-16,Sienna,60271.01,5.69,Completed
733744,12,2023-07-25,Prius,31595.44,5.65,Completed
733745,11,2023-07-22,Tundra,37282.18,4.16,Completed
733746,9,2023-07-13,RAV4,34376.15,4.4,Completed
733747,14,2023-07-15,Camry,41654.77,5.1,Completed
733748,14,2023-07-17,Tacoma,42823.13,5.1,Completed
733749,20,2023-07-23,Camry,37702.58,5.77,Cancelled
733750,14,2023-07-03,Corolla,26625.15,5.1,Completed
733751,14,2023-07-23,Corolla,30949.29,5.1,Completed
733752,15,2023-07-12,Camry,37402.04,4.86,Completed
733753,6,2023-07-20,Prius,25509.77,3.86,Completed
733754,1,2023-07-09,Corolla,26458.44,5.24,Completed
733755,10,2023-07-02,Tacoma,32352.89,4.88,Completed
733756,6,2023-07-24,Camry,29030.88,3.86,Completed
733757,9,2023-07-02,Camry,27028.15,4.4,Completed
733758,1,2023-07-31,Sienna,46427.85,5.24,Completed
733759,10,2023-07-05,Corolla,20923.55,4.88,Completed
733760,14,2023-07-16,Corolla,27475.75,5.1,Completed
733761,13,2023-07-01,Sienna,59361.74,5.61,Pending
733762,14,2023-07-18,Camry,35679.73,5.1,Completed
733763,12,2023-07-20,Tundra,51233.7,5.65,Completed
733764,17,2023-07-23,Prius,22268.35,4.51,Completed
733765,18,2023-07-20,Tacoma,51354.09,5.68,Completed
733766,9,2023-07-02,RAV4,32129.83,4.4,Completed
733767,18,2023-07-21,Corolla,30108.33,5.68,Completed
733768,12,2023-07-17,RAV4,48238.27,5.65,Completed
733769,10,2023-07-01,Highlander,54108.04,4.88,Completed
733770,18,2023-07-09,Tundra,62063.61,5.68,Completed
733771,15,2023-07-31,Tacoma,44516.07,4.86,Completed
733772,2,2023-07-21,Prius,25822.83,4.0,Completed
733773,7,2023-07-12,Highlander,62422.16,5.39,Completed
733774,9,2023-07-26,Corolla,22898.45,4.4,Completed
733775,10,2023-07-22,Tundra,43031.58,4.88,Completed
733776,6,2023-07-14,Tacoma,31407.14,3.86,Completed
733777,2,2023-07-01,Camry,32585.13,4.0,Completed
733778,10,2023-07-08,Sienna,37698.34,4.88,Completed
733779,12,2023-07-28,RAV4,51592.74,5.65,Completed
733780,8,2023-07-01,Camry,42185.1,5.84,Completed
733781,12,2023-07-17,Tacoma,41941.29,5.65,Completed
733782,6,2023-07-25,Highlander,47205.48,3.86,Completed
733783,10,2023-07-01,Sienna,41706.99,4.88,Completed
733784,11,2023-07-13,Camry,30905.87,4.16,Completed
733785,15,2023-07-19,Tacoma,47632.52,4.86,Completed
733786,14,2023-07-03,Tacoma,45227.46,5.1,Completed
733787,6,2023-07-13,Highlander,49401.7,3.86,Completed
733788,12,2023-07-21,Sienna,51674.51,5.65,Completed
733789,2,2023-07-10,Highlander,54946.1,4.0,Completed
733790,10,2023-07-29,Corolla,23999.35,4.88,Completed
733791,17,2023-07-13,Tundra,34522.71,4.51,Completed
733792,1,2023-07-13,Corolla,23530.75,5.24,Completed
733793,4,2023-07-07,Highlander,42360.32,3.81,Completed
733794,20,2023-07-19,Tundra,57175.93,5.77,Completed
733795,20,2023-07-06,Prius,33865.64,5.77,Completed
733796,13,2023-07-27,Highlander,63278.97,5.61,Completed
733797,8,2023-07-07,Tundra,48530.05,5.84,Completed
733798,1,2023-07-17,Corolla,23576.87,5.24,Completed
733799,14,2023-07-29,Tundra,51994.84,5.1,Pending
733800,11,2023-07-05,Sienna,41274.22,4.16,Completed
733801,10,2023-07-07,Sienna,37865.64,4.88,Completed
733802,15,2023-07-16,Tacoma,45776.22,4.86,Completed
733803,12,2023-07-15,RAV4,52328.08,5.65,Pending
733804,8,2023-07-01,Highlander,67369.71,5.84,Completed
733805,13,2023-07-07,Camry,43024.31,5.61,Pending
733806,17,2023-07-16,Tundra,37810.42,4.51,Completed
733807,3,2023-07-11,Tundra,51690.43,5.69,Completed
733808,11,2023-07-25,Corolla,22192.83,4.16,Pending
733809,2,2023-07-04,Tacoma,37064.17,4.0,Completed
733810,19,2023-07-23,Sienna,46427.01,5.48,Completed
733811,14,2023-07-17,Highlander,70317.41,5.1,Completed
733812,10,2023-07-10,Corolla,24336.17,4.88,Completed
733813,17,2023-07-23,RAV4,30529.89,4.51,Completed
733814,7,2023-07-27,Sienna,49831.27,5.39,Completed
733815,5,2023-07-23,Tundra,40544.91,5.34,Completed
733816,19,2023-07-18,Camry,36942.88,5.48,Completed
733817,16,2023-07-17,Corolla,29392.02,6.06,Completed
733818,11,2023-07-25,Tacoma,35571.41,4.16,Completed
733819,13,2023-07-02,Sienna,49832.96,5.61,Completed
733820,16,2023-07-16,Tundra,59492.8,6.06,Completed
733821,7,2023-07-04,Tundra,52975.37,5.39,Completed
733822,5,2023-07-26,Prius,27543.31,5.34,Completed
733823,2,2023-07-18,Sienna,36715.43,4.0,Completed
733824,12,2023-07-12,Prius,32811.15,5.65,Completed
733825,16,2023-07-04,Sienna,54053.67,6.06,Completed
733826,19,2023-07-02,Corolla,26801.04,5.48,Completed
733827,17,2023-07-02,Tundra,37856.58,4.51,Completed
733828,16,2023-07-20,Camry,45052.28,6.06,Completed
733829,20,2023-07-03,Camry,43360.19,5.77,Completed
733830,11,2023-07-29,Corolla,21041.77,4.16,Pending
733831,2,2023-07-22,Tundra,43955.32,4.0,Completed
733832,9,2023-07-18,Prius,25046.76,4.4,Completed
733833,11,2023-07-04,Camry,32214.98,4.16,Completed
733834,19,2023-07-23,Camry,34647.56,5.48,Completed
733835,6,2023-07-09,Tundra,37266.63,3.86,Completed
733836,19,2023-07-10,Camry,33463.48,5.48,Completed
733837,19,2023-07-30,RAV4,38162.85,5.48,Completed
733838,8,2023-07-09,Tundra,57895.19,5.84,Completed
733839,2,2023-07-05,Corolla,20828.58,4.0,Completed
733840,19,2023-07-14,Tundra,42558.1,5.48,Completed
733841,4,2023-07-01,Camry,28487.97,3.81,Completed
733842,10,2023-07-19,Camry,29634.02,4.88,Completed
733843,16,2023-07-21,Sienna,54258.25,6.06,Completed
733844,18,2023-07-20,Sienna,51595.81,5.68,Completed
733845,20,2023-07-20,Highlander,66594.68,5.77,Completed
733846,13,2023-07-27,Tundra,55983.4,5.61,Completed
733847,15,2023-07-29,Prius,32122.29,4.86,Completed
733848,15,2023-07-03,Corolla,28338.1,4.86,Completed
733849,17,2023-07-03,Sienna,39230.73,4.51,Completed
733850,8,2023-07-20,Tundra,49064.42,5.84,Completed
733851,5,2023-07-15,RAV4,39811.24,5.34,Completed
733852,8,2023-07-07,Camry,44368.86,5.84,Completed
733853,9,2023-07-29,Camry,32858.64,4.4,Completed
733854,12,2023-07-08,Tundra,56272.32,5.65,Completed
733855,17,2023-07-25,Highlander,50029.84,4.51,Completed
733856,8,2023-07-11,Corolla,32865.82,5.84,Completed
733857,2,2023-07-02,Tacoma,37275.69,4.0,Completed
733858,12,2023-07-31,Camry,38536.75,5.65,Completed
733859,7,2023-07-20,Highlander,74733.64,5.39,Completed
733860,5,2023-07-24,Corolla,27753.32,5.34,Completed
733861,16,2023-07-22,Prius,34939.34,6.06,Completed
733862,20,2023-07-01,Prius,31254.94,5.77,Completed
733863,8,2023-07-17,Prius,35727.92,5.84,Completed
733864,19,2023-07-09,Sienna,49927.5,5.48,Completed
733865,3,2023-07-31,Sienna,50222.49,5.69,Completed
733866,16,2023-07-17,Highlander,66868.0,6.06,Completed
733867,4,2023-07-27,Camry,26372.11,3.81,Completed
733868,18,2023-07-27,RAV4,53541.07,5.68,Completed
733869,17,2023-07-18,Prius,24757.51,4.51,Completed
733870,7,2023-07-24,Tacoma,49266.72,5.39,Completed
733871,19,2023-07-17,Camry,35394.53,5.48,Completed
733872,1,2023-07-03,Camry,37065.79,5.24,Completed
733873,17,2023-07-14,Camry,28504.55,4.51,Completed
733874,9,2023-07-08,Camry,27341.46,4.4,Completed
733875,14,2023-07-28,Highlander,69596.38,5.1,Completed
733876,17,2023-07-23,RAV4,32843.65,4.51,Completed
733877,15,2023-07-10,Sienna,51057.93,4.86,Completed
733878,8,2023-07-03,Camry,38993.97,5.84,Completed
733879,3,2023-07-22,Highlander,65394.59,5.69,Completed
733880,1,2023-07-04,Tacoma,34197.08,5.24,Completed
733881,19,2023-07-01,Sienna,42370.48,5.48,Completed
733882,10,2023-07-01,RAV4,38340.36,4.88,Completed
733883,12,2023-07-02,Camry,39709.55,5.65,Completed
733884,10,2023-07-24,Corolla,24646.46,4.88,Completed
733885,10,2023-07-24,Prius,26344.66,4.88,Completed
733886,14,2023-07-10,Tacoma,45972.98,5.1,Completed
733887,4,2023-07-12,Tundra,33145.57,3.81,Completed
733888,17,2023-07-03,RAV4,33339.61,4.51,Cancelled
733889,13,2023-07-17,Corolla,33115.45,5.61,Completed
733890,20,2023-07-31,Prius,33507.56,5.77,Completed
733891,11,2023-07-21,Corolla,21659.71,4.16,Completed
733892,12,2023-07-03,Corolla,27610.76,5.65,Completed
733893,17,2023-07-06,Corolla,19952.73,4.51,Completed
733894,14,2023-07-26,Corolla,26912.86,5.1,Completed
733895,13,2023-07-07,Sienna,58354.04,5.61,Completed
733896,19,2023-07-31,RAV4,39666.29,5.48,Completed
733897,3,2023-07-27,Tundra,54252.77,5.69,Completed
733898,20,2023-07-19,Corolla,30064.56,5.77,Completed
733899,1,2023-07-25,Camry,33622.14,5.24,Completed
733900,12,2023-07-14,RAV4,43117.42,5.65,Completed
733901,1,2023-07-07,Corolla,27596.21,5.24,Cancelled
733902,3,2023-07-24,Highlander,75804.09,5.69,Completed
733903,4,2023-07-30,Corolla,20506.73,3.81,Completed
733904,5,2023-07-24,RAV4,38097.15,5.34,Completed
733905,17,2023-07-22,Tacoma,33264.37,4.51,Completed
733906,11,2023-07-02,Highlander,47477.37,4.16,Completed
733907,15,2023-07-21,Sienna,47756.37,4.86,Completed
733908,20,2023-07-05,Sienna,54201.99,5.77,Completed
733909,6,2023-07-11,Corolla,22570.39,3.86,Completed
733910,1,2023-07-13,RAV4,41249.12,5.24,Completed
733911,15,2023-07-07,Corolla,31177.78,4.86,Completed
733912,12,2023-07-25,Tundra,50096.96,5.65,Completed
733913,11,2023-07-26,Tacoma,33245.35,4.16,Completed
733914,20,2023-07-18,RAV4,52279.33,5.77,Completed
733915,2,2023-07-30,RAV4,37099.26,4.0,Completed
733916,5,2023-07-27,Highlander,60309.55,5.34,Completed
733917,20,2023-07-12,Corolla,31606.29,5.77,Completed
733918,15,2023-07-04,Corolla,28011.89,4.86,Completed
733919,5,2023-07-12,Corolla,25024.79,5.34,Completed
733920,9,2023-07-10,Tacoma,35342.94,4.4,Completed
733921,11,2023-07-30,Camry,28028.59,4.16,Completed
733922,20,2023-07-14,RAV4,51798.79,5.77,Completed
733923,18,2023-07-12,Tundra,58132.58,5.68,Completed
733924,1,2023-07-19,RAV4,44120.31,5.24,Completed
733925,15,2023-07-07,Corolla,28303.04,4.86,Completed
733926,15,2023-07-25,Corolla,28022.3,4.86,Completed
733927,16,2023-07-01,Tacoma,41237.94,6.06,Completed
733928,15,2023-07-15,Corolla,29672.02,4.86,Completed
733929,17,2023-07-30,Tundra,40305.91,4.51,Completed
733930,11,2023-07-18,Highlander,52855.6,4.16,Completed
733931,2,2023-07-03,Camry,31925.6,4.0,Completed
733932,1,2023-07-09,Tundra,43157.34,5.24,Completed
733933,20,2023-07-18,Tundra,49842.41,5.77,Completed
733934,4,2023-07-26,Camry,30943.62,3.81,Completed
733935,8,2023-07-05,Prius,33431.43,5.84,Completed
733936,19,2023-07-17,Sienna,48039.83,5.48,Completed
733937,11,2023-07-07,Highlander,49019.38,4.16,Completed
733938,8,2023-07-29,Tundra,48784.64,5.84,Completed
733939,12,2023-07-19,Sienna,48746.29,5.65,Completed
733940,15,2023-07-06,Tundra,54432.13,4.86,Completed
733941,6,2023-07-15,Highlander,45202.58,3.86,Completed
733942,10,2023-07-04,Tacoma,32001.23,4.88,Completed
733943,18,2023-07-09,Sienna,57831.49,5.68,Completed
733944,18,2023-07-08,Camry,45616.89,5.68,Completed
733945,20,2023-07-07,Corolla,32385.64,5.77,Completed
733946,11,2023-07-19,Tundra,40491.9,4.16,Completed
733947,18,2023-07-21,Tacoma,50039.05,5.68,Completed
733948,5,2023-07-21,RAV4,37120.55,5.34,Completed
733949,3,2023-07-05,Prius,33549.82,5.69,Completed
733950,4,2023-07-14,Tundra,33966.18,3.81,Completed
733951,8,2023-07-10,RAV4,43920.8,5.84,Completed
733952,20,2023-07-30,Prius,36395.82,5.77,Completed
733953,19,2023-07-30,Camry,38128.53,5.48,Completed
733954,16,2023-07-11,Tacoma,48687.15,6.06,Completed
733955,2,2023-07-17,Camry,32417.1,4.0,Completed
733956,14,2023-07-19,Sienna,45448.1,5.1,Completed
733957,7,2023-07-26,Sienna,57024.25,5.39,Completed
733958,18,2023-07-04,Corolla,34784.74,5.68,Completed
733959,13,2023-07-26,Tacoma,46868.86,5.61,Completed
733960,8,2023-07-26,Sienna,51912.5,5.84,Completed
733961,3,2023-07-26,Sienna,56720.1,5.69,Completed
733962,5,2023-07-23,Corolla,23627.56,5.34,Completed
733963,12,2023-07-31,RAV4,47815.31,5.65,Completed
733964,16,2023-07-23,Tundra,50911.99,6.06,Completed
733965,20,2023-07-12,Prius,32781.21,5.77,Completed
733966,6,2023-07-23,Sienna,39407.35,3.86,Completed
733967,10,2023-07-22,Prius,23649.12,4.88,Completed
733968,16,2023-07-26,Tundra,51829.36,6.06,Completed
733969,10,2023-07-12,Corolla,24324.7,4.88,Completed
733970,7,2023-07-19,Corolla,29140.41,5.39,Completed
733971,9,2023-07-16,Sienna,37882.55,4.4,Completed
733972,20,2023-07-07,Sienna,52064.09,5.77,Completed
733973,15,2023-07-23,Camry,39090.07,4.86,Completed
733974,16,2023-07-27,Sienna,54100.16,6.06,Completed
733975,19,2023-07-09,RAV4,41465.33,5.48,Completed
733976,10,2023-07-12,Highlander,47235.64,4.88,Completed
733977,6,2023-07-17,RAV4,37298.94,3.86,Completed
733978,6,2023-07-18,Camry,28045.52,3.86,Completed
733979,16,2023-07-13,Sienna,56643.26,6.06,Completed
733980,18,2023-07-07,Highlander,74556.85,5.68,Pending
733981,12,2023-07-05,RAV4,44114.73,5.65,Completed
733982,9,2023-07-25,Camry,29880.64,4.4,Completed
733983,13,2023-07-13,Highlander,71702.66,5.61,Completed
733984,12,2023-07-23,Sienna,52757.26,5.65,Completed
733985,5,2023-07-08,Highlander,60661.06,5.34,Completed
733986,19,2023-07-19,Camry,34825.4,5.48,Completed
733987,10,2023-07-13,Tundra,40350.87,4.88,Completed
733988,20,2023-07-29,Highlander,66704.8,5.77,Completed
733989,9,2023-07-27,Highlander,47137.77,4.4,Completed
733990,19,2023-07-15,Tundra,49145.31,5.48,Completed
733991,9,2023-07-28,Highlander,44061.36,4.4,Completed
733992,16,2023-07-02,Sienna,49875.06,6.06,Completed
733993,18,2023-07-29,Sienna,54479.26,5.68,Completed
733994,20,2023-07-14,Highlander,72940.57,5.77,Completed
733995,4,2023-07-29,Sienna,39767.63,3.81,Completed
733996,19,2023-07-08,Prius,28826.96,5.48,Completed
733997,1,2023-07-06,Tacoma,40857.85,5.24,Pending
733998,5,2023-07-01,Corolla,24316.0,5.34,Completed
733999,2,2023-07-07,RAV4,37705.17,4.0,Completed
734000,16,2023-07-24,Tundra,59501.38,6.06,Completed
734001,4,2023-07-27,Camry,30771.6,3.81,Completed
734002,1,2023-07-05,RAV4,43505.65,5.24,Completed
734003,3,2023-07-07,Tundra,50325.18,5.69,Completed
734004,3,2023-07-14,Corolla,29508.46,5.69,Completed
734005,6,2023-07-22,Prius,22620.59,3.86,Completed
734006,1,2023-07-29,Highlander,51518.97,5.24,Completed
734007,7,2023-07-29,Prius,34097.09,5.39,Completed
734008,12,2023-07-21,Tacoma,45553.45,5.65,Completed
734009,13,2023-07-23,RAV4,46808.53,5.61,Completed
734010,14,2023-07-05,RAV4,42192.58,5.1,Completed
734011,8,2023-07-27,Tacoma,40385.9,5.84,Completed
734012,14,2023-07-20,Prius,33517.77,5.1,Completed
734013,9,2023-07-11,Prius,25236.27,4.4,Completed
734014,2,2023-07-09,Corolla,21267.66,4.0,Completed
734015,7,2023-07-09,Corolla,30640.95,5.39,Completed
734016,6,2023-07-18,Camry,31807.5,3.86,Completed
734017,10,2023-07-30,Tundra,39081.36,4.88,Completed
734018,12,2023-07-28,Prius,36731.61,5.65,Completed
734019,15,2023-07-24,Corolla,28297.05,4.86,Completed
734020,17,2023-07-15,Corolla,20182.59,4.51,Completed
734021,11,2023-07-21,Tundra,38432.51,4.16,Completed
734022,3,2023-07-22,Camry,42392.19,5.69,Completed
734023,4,2023-07-05,RAV4,34255.6,3.81,Pending
734024,14,2023-07-19,Corolla,30732.8,5.1,Completed
734025,1,2023-07-21,Tundra,43427.55,5.24,Completed
734026,10,2023-07-26,Prius,25086.26,4.88,Completed
734027,10,2023-07-01,Corolla,23813.89,4.88,Completed
734028,9,2023-07-16,Prius,27133.12,4.4,Completed
734029,18,2023-07-12,Camry,48798.9,5.68,Completed
734030,1,2023-07-30,Tundra,43846.53,5.24,Completed
734031,17,2023-07-11,Corolla,19817.16,4.51,Completed
734032,4,2023-07-18,Prius,22589.19,3.81,Completed
734033,8,2023-07-13,RAV4,47691.85,5.84,Completed
734034,7,2023-07-15,Tacoma,41359.49,5.39,Completed
734035,5,2023-07-13,Corolla,24517.66,5.34,Completed
734036,1,2023-07-09,Prius,30900.79,5.24,Completed
734037,15,2023-07-21,Highlander,62066.53,4.86,Completed
734038,17,2023-07-04,Corolla,19227.33,4.51,Completed
734039,14,2023-07-11,Corolla,27699.45,5.1,Completed
734040,18,2023-07-03,Tundra,59656.99,5.68,Completed
734041,12,2023-07-05,Tundra,48302.01,5.65,Completed
734042,2,2023-07-06,Highlander,51900.8,4.0,Completed
734043,15,2023-07-05,Corolla,26927.11,4.86,Completed
734044,7,2023-07-29,Highlander,64894.11,5.39,Completed
734045,16,2023-07-06,Highlander,63787.42,6.06,Completed
734046,5,2023-07-08,Camry,38024.15,5.34,Completed
734047,16,2023-07-05,Tundra,54699.57,6.06,Completed
734048,19,2023-07-29,Highlander,62472.55,5.48,Completed
734049,17,2023-07-18,RAV4,30735.35,4.51,Completed
734050,8,2023-07-11,Camry,39850.18,5.84,Completed
734051,19,2023-07-17,Tundra,48642.37,5.48,Completed
734052,13,2023-07-31,Tundra,56891.42,5.61,Completed
734053,16,2023-07-09,RAV4,54424.92,6.06,Completed
734054,12,2023-07-08,Camry,42084.48,5.65,Completed
734055,19,2023-07-07,RAV4,38684.93,5.48,Completed
734056,19,2023-07-17,Corolla,28799.83,5.48,Completed
734057,14,2023-07-10,Sienna,54322.59,5.1,Completed
734058,15,2023-07-11,Camry,43817.09,4.86,Completed
734059,11,2023-07-27,RAV4,32573.5,4.16,Completed
734060,5,2023-07-07,Prius,27752.51,5.34,Completed
734061,8,2023-07-03,Tacoma,40236.37,5.84,Completed
734062,7,2023-07-26,Highlander,67647.14,5.39,Completed
734063,9,2023-07-12,Tacoma,31890.4,4.4,Completed
734064,6,2023-07-09,Corolla,20854.07,3.86,Completed
734065,18,2023-07-12,Prius,35057.24,5.68,Completed
734066,9,2023-07-15,RAV4,32212.6,4.4,Completed
734067,1,2023-07-05,RAV4,42732.55,5.24,Completed
734068,10,2023-07-31,Sienna,40181.61,4.88,Completed
734069,1,2023-07-19,Highlander,61792.18,5.24,Completed
734070,11,2023-07-28,Tacoma,29875.61,4.16,Completed
734071,9,2023-07-04,Tundra,39677.48,4.4,Completed
734072,16,2023-07-09,Prius,35202.77,6.06,Completed
734073,3,2023-07-21,Prius,32289.78,5.69,Completed
734074,7,2023-07-29,Camry,39961.35,5.39,Completed
734075,6,2023-07-08,Highlander,43014.93,3.86,Completed
734076,19,2023-07-17,Tundra,44777.12,5.48,Completed
734077,8,2023-07-03,Sienna,49727.88,5.84,Completed
734078,20,2023-07-20,Corolla,32796.76,5.77,Completed
734079,7,2023-07-18,RAV4,52873.05,5.39,Completed
734080,17,2023-07-25,Highlander,50180.47,4.51,Completed
734081,4,2023-07-08,Tacoma,30908.48,3.81,Completed
734082,5,2023-07-28,Sienna,45784.12,5.34,Completed
734083,15,2023-07-30,Highlander,71813.18,4.86,Completed
734084,8,2023-07-23,Prius,34241.21,5.84,Cancelled
734085,9,2023-07-28,Prius,23459.74,4.4,Completed
734086,9,2023-07-31,Tundra,36213.08,4.4,Completed
734087,3,2023-07-15,Tundra,57608.54,5.69,Completed
734088,12,2023-07-21,Prius,36081.91,5.65,Completed
734089,2,2023-07-18,RAV4,38525.18,4.0,Completed
734090,12,2023-07-02,Tundra,50329.83,5.65,Completed
734091,14,2023-07-23,Tundra,53643.75,5.1,Completed
734092,3,2023-07-23,RAV4,51730.54,5.69,Completed
734093,9,2023-07-28,Highlander,46189.86,4.4,Completed
734094,19,2023-07-03,RAV4,38965.55,5.48,Completed
734095,17,2023-07-17,Corolla,20068.04,4.51,Completed
734096,19,2023-07-03,Corolla,25787.84,5.48,Completed
734097,14,2023-07-20,Tacoma,40717.65,5.1,Completed
734098,11,2023-07-03,Tacoma,30382.94,4.16,Completed
734099,20,2023-07-09,Highlander,73427.63,5.77,Pending
734100,13,2023-07-21,Highlander,73901.8,5.61,Completed
734101,10,2023-07-24,Highlander,52913.68,4.88,Completed
734102,12,2023-07-11,Tundra,49534.42,5.65,Completed
734103,12,2023-07-25,Sienna,55150.92,5.65,Completed
734104,10,2023-07-27,Sienna,38502.7,4.88,Completed
734105,6,2023-07-10,Camry,27529.05,3.86,Completed
734106,19,2023-07-13,Corolla,28032.3,5.48,Completed
734107,13,2023-07-07,Camry,44948.07,5.61,Completed
734108,3,2023-07-26,Tundra,49861.13,5.69,Completed
734109,3,2023-07-08,Tacoma,45328.46,5.69,Completed
734110,8,2023-07-18,Highlander,64135.21,5.84,Completed
734111,16,2023-07-27,Tacoma,42279.61,6.06,Completed
734112,19,2023-07-30,Tacoma,37173.07,5.48,Completed
734113,1,2023-07-25,Sienna,45237.53,5.24,Completed
734114,11,2023-07-02,Tundra,37001.02,4.16,Completed
734115,20,2023-07-17,Corolla,33415.09,5.77,Completed
734116,14,2023-07-05,Prius,35742.22,5.1,Completed
734117,19,2023-07-10,Prius,31033.59,5.48,Completed
734118,3,2023-07-27,Tundra,54492.76,5.69,Completed
734119,12,2023-07-24,RAV4,51951.27,5.65,Pending
734120,20,2023-07-24,Corolla,30844.08,5.77,Completed
734121,2,2023-07-31,Tacoma,35620.65,4.0,Completed
734122,7,2023-07-11,Tundra,55579.01,5.39,Completed
734123,6,2023-07-23,Tacoma,31224.87,3.86,Completed
734124,19,2023-07-17,RAV4,42950.76,5.48,Completed
734125,19,2023-07-28,Tundra,48450.53,5.48,Completed
734126,1,2023-07-23,Sienna,43884.41,5.24,Completed
734127,5,2023-07-17,Prius,26501.73,5.34,Completed
734128,4,2023-07-17,Highlander,48890.24,3.81,Completed
734129,8,2023-07-18,Camry,42157.87,5.84,Cancelled
734130,4,2023-07-24,Sienna,37265.31,3.81,Completed
734131,3,2023-07-03,Tacoma,47883.06,5.69,Completed
734132,10,2023-07-04,RAV4,37976.49,4.88,Completed
734133,7,2023-07-08,Prius,35492.96,5.39,Completed
734134,16,2023-07-26,Prius,32982.85,6.06,Completed
734135,1,2023-07-13,RAV4,40674.03,5.24,Completed
734136,4,2023-07-31,Tacoma,33563.35,3.81,Completed
734137,3,2023-07-26,Corolla,33878.51,5.69,Completed
734138,15,2023-07-21,Tacoma,43772.38,4.86,Completed
734139,8,2023-07-18,Tacoma,42543.85,5.84,Completed
734140,8,2023-07-03,RAV4,52505.03,5.84,Completed
734141,6,2023-07-13,Highlander,50450.76,3.86,Completed
734142,14,2023-07-10,RAV4,46888.28,5.1,Completed
734143,13,2023-07-28,Prius,39053.1,5.61,Completed
734144,10,2023-07-05,Tacoma,36620.45,4.88,Completed
734145,7,2023-07-05,RAV4,45655.75,5.39,Completed
734146,7,2023-07-06,RAV4,48680.51,5.39,Completed
734147,16,2023-07-22,Tacoma,41920.49,6.06,Completed
734148,5,2023-07-29,Prius,27853.52,5.34,Completed
734149,13,2023-07-04,RAV4,46519.52,5.61,Completed
734150,10,2023-07-17,Sienna,38421.29,4.88,Completed
734151,18,2023-07-17,RAV4,53194.14,5.68,Completed
734152,6,2023-07-24,Prius,24244.12,3.86,Completed
734153,17,2023-07-29,Tundra,35595.26,4.51,Completed
734154,14,2023-07-06,RAV4,45856.15,5.1,Completed
734155,3,2023-07-27,RAV4,49274.37,5.69,Completed
734156,2,2023-07-17,RAV4,34997.34,4.0,Completed
734157,1,2023-07-22,Tacoma,33512.52,5.24,Completed
734158,5,2023-07-24,Highlander,56404.91,5.34,Completed
734159,19,2023-07-30,RAV4,39319.12,5.48,Completed
734160,17,2023-07-31,Camry,26734.02,4.51,Completed
734161,2,2023-07-31,Corolla,24330.81,4.0,Completed
734162,6,2023-07-21,Corolla,20618.39,3.86,Completed
734163,11,2023-07-27,Corolla,23761.88,4.16,Completed
734164,8,2023-07-08,Corolla,30849.08,5.84,Completed
734165,8,2023-07-20,Sienna,47826.56,5.84,Completed
734166,18,2023-07-01,Prius,35735.76,5.68,Completed
734167,2,2023-07-11,Highlander,54362.95,4.0,Completed
734168,15,2023-07-27,Sienna,55025.44,4.86,Completed
734169,8,2023-07-09,Highlander,67377.9,5.84,Completed
734170,6,2023-07-15,Camry,31733.01,3.86,Completed
734171,19,2023-07-10,Tacoma,37163.29,5.48,Completed
734172,15,2023-07-18,Sienna,56947.34,4.86,Pending
734173,2,2023-07-20,Sienna,42782.62,4.0,Completed
734174,10,2023-07-15,Sienna,40320.83,4.88,Completed
734175,16,2023-07-16,Corolla,29965.18,6.06,Completed
734176,8,2023-07-21,Camry,37259.29,5.84,Completed
734177,20,2023-07-16,Highlander,73130.33,5.77,Completed
734178,1,2023-07-11,Tacoma,38885.85,5.24,Completed
734179,11,2023-07-08,Sienna,38774.58,4.16,Completed
734180,11,2023-07-26,Sienna,42455.16,4.16,Completed
734181,6,2023-07-11,Tacoma,29008.92,3.86,Completed
734182,14,2023-07-14,Tacoma,44283.3,5.1,Completed
734183,20,2023-07-17,Tundra,48534.94,5.77,Completed
734184,5,2023-07-03,Highlander,53754.92,5.34,Completed
734185,11,2023-07-03,Sienna,39277.75,4.16,Completed
734186,13,2023-07-07,Sienna,57538.63,5.61,Completed
734187,2,2023-07-14,RAV4,33822.74,4.0,Completed
734188,9,2023-07-30,Camry,30147.45,4.4,Completed
734189,18,2023-07-13,Camry,44506.39,5.68,Completed
734190,8,2023-07-13,Corolla,27497.06,5.84,Completed
734191,5,2023-07-29,Tacoma,37475.6,5.34,Completed
734192,17,2023-07-26,RAV4,32116.39,4.51,Completed
734193,2,2023-07-20,Highlander,48320.66,4.0,Completed
734194,1,2023-07-26,Tundra,46288.24,5.24,Completed
734195,5,2023-07-28,Highlander,51513.7,5.34,Completed
734196,6,2023-07-06,Corolla,22532.6,3.86,Completed
734197,15,2023-07-26,Tacoma,47800.59,4.86,Completed
734198,11,2023-07-11,Corolla,22339.24,4.16,Completed
734199,15,2023-07-24,Prius,34260.04,4.86,Completed
734200,13,2023-07-27,Sienna,53492.66,5.61,Completed
734201,9,2023-07-15,RAV4,36584.94,4.4,Completed
734202,14,2023-07-22,Sienna,50746.52,5.1,Completed
734203,4,2023-07-10,Prius,22434.06,3.81,Completed
734204,7,2023-07-29,Corolla,32348.59,5.39,Completed
734205,9,2023-07-26,Highlander,46424.38,4.4,Completed
734206,10,2023-07-23,Corolla,22120.88,4.88,Completed
734207,12,2023-07-25,Corolla,27079.75,5.65,Completed
734208,9,2023-07-08,Prius,26230.71,4.4,Cancelled
734209,19,2023-07-14,Prius,27352.87,5.48,Completed
734210,7,2023-07-13,Sienna,51480.72,5.39,Completed
734211,13,2023-07-30,Corolla,31492.34,5.61,Completed
734212,12,2023-07-30,Sienna,55897.83,5.65,Completed
734213,5,2023-07-27,Corolla,27863.87,5.34,Completed
734214,2,2023-07-23,Prius,26142.21,4.0,Completed
734215,16,2023-07-04,Tundra,58737.55,6.06,Completed
734216,18,2023-07-21,Camry,45028.0,5.68,Completed
734217,10,2023-07-01,Prius,27056.43,4.88,Completed
734218,5,2023-07-01,Tacoma,35347.97,5.34,Completed
734219,4,2023-07-13,RAV4,34929.25,3.81,Completed
734220,3,2023-07-17,Highlander,63801.21,5.69,Completed
734221,6,2023-07-11,Sienna,40794.18,3.86,Completed
734222,2,2023-07-26,Tacoma,33981.68,4.0,Completed
734223,15,2023-07-08,Prius,34501.1,4.86,Completed
734224,2,2023-07-18,Corolla,21617.54,4.0,Completed
734225,4,2023-07-05,RAV4,32730.32,3.81,Completed
734226,14,2023-07-20,Tacoma,44824.18,5.1,Completed
734227,20,2023-07-04,Prius,36633.66,5.77,Completed
734228,17,2023-07-06,Camry,27025.86,4.51,Completed
734229,11,2023-07-03,RAV4,36506.96,4.16,Completed
734230,13,2023-07-06,Corolla,29830.01,5.61,Completed
734231,20,2023-07-07,Tacoma,46719.95,5.77,Completed
734232,3,2023-07-29,Tacoma,44572.47,5.69,Completed
734233,9,2023-07-12,Tundra,40422.12,4.4,Completed
734234,3,2023-07-10,Camry,42420.23,5.69,Completed
734235,17,2023-07-12,Corolla,20216.44,4.51,Completed
734236,9,2023-07-28,Camry,31241.01,4.4,Completed
734237,9,2023-07-01,Tacoma,29754.76,4.4,Completed
734238,19,2023-07-25,Tacoma,39114.89,5.48,Completed
734239,12,2023-07-03,Highlander,65927.09,5.65,Completed
734240,4,2023-07-25,Prius,21695.54,3.81,Completed
734241,18,2023-07-07,Tacoma,43876.19,5.68,Completed
734242,7,2023-07-02,Prius,34173.13,5.39,Completed
734243,1,2023-07-07,Camry,32697.68,5.24,Completed
734244,6,2023-07-22,Corolla,20368.81,3.86,Completed
734245,10,2023-07-24,Camry,31026.62,4.88,Completed
734246,18,2023-07-13,Highlander,67244.68,5.68,Completed
734247,15,2023-07-23,Prius,37280.59,4.86,Completed
734248,12,2023-07-26,Camry,43324.11,5.65,Completed
734249,6,2023-07-18,Tacoma,30513.66,3.86,Completed
734250,19,2023-07-25,Camry,36595.05,5.48,Completed
734251,13,2023-07-14,Camry,46087.35,5.61,Completed
734252,14,2023-07-15,Highlander,66788.93,5.1,Completed
734253,4,2023-07-16,Corolla,19425.31,3.81,Completed
734254,6,2023-07-17,Corolla,22282.95,3.86,Cancelled
734255,4,2023-07-11,Corolla,21120.65,3.81,Pending
734256,6,2023-07-28,Corolla,20403.4,3.86,Completed
734257,14,2023-07-10,Tundra,46651.62,5.1,Completed
734258,7,2023-07-21,Highlander,65519.95,5.39,Completed
734259,3,2023-07-10,Highlander,72712.45,5.69,Completed
734260,13,2023-07-10,Sienna,57474.38,5.61,Completed
734261,8,2023-07-04,Prius,37355.39,5.84,Completed
734262,8,2023-07-08,Tundra,50187.68,5.84,Pending
734263,16,2023-07-17,Tacoma,42524.28,6.06,Completed
734264,16,2023-07-24,Sienna,52973.87,6.06,Completed
734265,19,2023-07-27,Sienna,44848.44,5.48,Completed
734266,10,2023-07-21,Tundra,39466.28,4.88,Completed
734267,3,2023-07-22,RAV4,48535.07,5.69,Completed
734268,5,2023-07-07,Sienna,46725.58,5.34,Completed
734269,5,2023-07-06,Tundra,44811.68,5.34,Completed
734270,15,2023-07-15,Prius,33431.46,4.86,Completed
734271,9,2023-07-01,RAV4,33150.38,4.4,Completed
734272,8,2023-07-04,RAV4,47115.77,5.84,Completed
734273,1,2023-07-29,Prius,31164.55,5.24,Completed
734274,8,2023-07-30,RAV4,52713.0,5.84,Completed
734275,5,2023-07-18,Camry,35305.33,5.34,Completed
734276,20,2023-07-22,Corolla,27377.16,5.77,Completed
734277,12,2023-07-10,Tundra,48694.4,5.65,Completed
734278,4,2023-07-19,Camry,26389.36,3.81,Completed
734279,1,2023-07-21,Corolla,25752.74,5.24,Completed
734280,13,2023-07-22,Camry,44743.12,5.61,Completed
734281,18,2023-07-09,Prius,36480.51,5.68,Completed
734282,18,2023-07-31,Sienna,51788.0,5.68,Completed
734283,19,2023-07-01,Prius,30865.07,5.48,Completed
734284,13,2023-07-24,RAV4,45962.49,5.61,Completed
734285,8,2023-07-04,Highlander,70005.07,5.84,Completed
734286,4,2023-07-26,Prius,22900.13,3.81,Completed
734287,5,2023-07-29,Tundra,41538.22,5.34,Completed
734288,9,2023-07-03,Tundra,39431.71,4.4,Completed
734289,18,2023-07-10,Tacoma,43388.27,5.68,Completed
734290,10,2023-07-15,Sienna,39605.32,4.88,Completed
734291,19,2023-07-01,Corolla,23845.91,5.48,Completed
734292,9,2023-07-22,Tundra,40813.2,4.4,Completed
734293,10,2023-07-13,Tundra,40468.96,4.88,Completed
734294,6,2023-07-09,Tundra,41139.71,3.86,Completed
734295,13,2023-07-29,Highlander,70531.74,5.61,Completed
734296,11,2023-07-19,RAV4,35900.51,4.16,Completed
734297,19,2023-07-01,Camry,36776.9,5.48,Completed
734298,1,2023-07-05,RAV4,42059.97,5.24,Completed
734299,6,2023-07-13,Tundra,38960.59,3.86,Completed
734300,4,2023-07-26,RAV4,30146.69,3.81,Completed
734301,10,2023-07-28,Highlander,51930.85,4.88,Completed
734302,17,2023-07-29,Corolla,22683.03,4.51,Cancelled
734303,19,2023-07-04,Tacoma,42681.12,5.48,Completed
734304,6,2023-07-29,Corolla,21508.76,3.86,Completed
734305,5,2023-07-16,Highlander,53828.52,5.34,Pending
734306,5,2023-07-20,Highlander,51449.69,5.34,Completed
734307,3,2023-07-10,Prius,38336.63,5.69,Completed
734308,9,2023-07-29,Highlander,47670.7,4.4,Completed
734309,15,2023-07-12,Corolla,30240.47,4.86,Completed
734310,11,2023-07-31,Sienna,38609.17,4.16,Completed
734311,9,2023-07-27,Tundra,39004.05,4.4,Completed
734312,18,2023-07-27,Prius,38964.34,5.68,Completed
734313,6,2023-07-19,Highlander,43501.45,3.86,Completed
734314,20,2023-07-22,Camry,41370.99,5.77,Completed
734315,7,2023-07-22,Tacoma,45418.33,5.39,Completed
734316,11,2023-07-29,Tacoma,34657.71,4.16,Completed
734317,17,2023-07-15,Tacoma,28757.9,4.51,Completed
734318,4,2023-07-17,Prius,24485.77,3.81,Completed
734319,11,2023-07-07,RAV4,33326.17,4.16,Completed
734320,17,2023-07-17,RAV4,31217.6,4.51,Completed
734321,20,2023-07-03,Corolla,27630.21,5.77,Completed
734322,8,2023-07-10,Highlander,62445.64,5.84,Completed
734323,12,2023-07-12,Tundra,54179.94,5.65,Completed
734324,19,2023-07-15,RAV4,44424.61,5.48,Completed
734325,16,2023-07-18,Tacoma,49472.24,6.06,Completed
734326,1,2023-07-06,Tacoma,36644.04,5.24,Completed
734327,9,2023-07-04,Corolla,21073.65,4.4,Completed
734328,1,2023-07-18,Highlander,55855.62,5.24,Completed
734329,14,2023-07-02,Prius,29990.91,5.1,Completed
734330,2,2023-07-26,Camry,32607.25,4.0,Completed
734331,17,2023-07-18,Prius,22483.91,4.51,Completed
734332,9,2023-07-04,Tundra,39701.61,4.4,Completed
734333,14,2023-07-17,Tacoma,46090.5,5.1,Completed
734334,9,2023-07-19,Tacoma,32817.66,4.4,Completed
734335,8,2023-07-29,Corolla,27404.61,5.84,Completed
734336,13,2023-07-31,Prius,34573.23,5.61,Pending
734337,13,2023-07-26,Tundra,50804.29,5.61,Completed
734338,20,2023-07-23,Highlander,62593.9,5.77,Completed
734339,20,2023-07-11,Corolla,31255.03,5.77,Completed
734340,1,2023-07-15,Camry,35348.2,5.24,Completed
734341,9,2023-07-19,Tundra,37535.53,4.4,Cancelled
734342,7,2023-07-06,Corolla,29996.65,5.39,Pending
734343,11,2023-07-12,RAV4,32062.17,4.16,Completed
734344,11,2023-07-13,Sienna,37612.75,4.16,Completed
734345,17,2023-07-12,Prius,26355.26,4.51,Completed
734346,19,2023-07-01,Highlander,58198.42,5.48,Completed
734347,12,2023-07-29,Tundra,56414.99,5.65,Completed
734348,18,2023-07-24,Corolla,32822.86,5.68,Completed
734349,12,2023-07-25,Corolla,30449.03,5.65,Completed
734350,13,2023-07-13,Prius,35690.59,5.61,Completed
734351,1,2023-07-09,Corolla,23808.05,5.24,Completed
734352,11,2023-07-21,Camry,29660.88,4.16,Completed
734353,7,2023-07-13,Camry,40066.1,5.39,Completed
734354,13,2023-07-03,RAV4,45804.16,5.61,Completed
734355,6,2023-07-10,Highlander,46808.21,3.86,Completed
734356,13,2023-07-15,Prius,33298.74,5.61,Completed
734357,12,2023-07-02,Camry,44798.68,5.65,Completed
734358,1,2023-07-31,Corolla,26100.12,5.24,Completed
734359,14,2023-07-02,RAV4,44122.37,5.1,Completed
734360,12,2023-07-05,Tacoma,47583.32,5.65,Cancelled
734361,3,2023-07-28,Corolla,31780.4,5.69,Pending
734362,19,2023-07-01,Highlander,54375.96,5.48,Completed
734363,1,2023-07-23,Highlander,60864.08,5.24,Completed
734364,16,2023-07-29,Sienna,59239.34,6.06,Completed
734365,6,2023-07-04,RAV4,32620.99,3.86,Completed
734366,2,2023-07-26,Corolla,21020.17,4.0,Completed
734367,9,2023-07-16,Highlander,51943.67,4.4,Completed
734368,20,2023-07-02,Camry,43142.2,5.77,Completed
734369,16,2023-07-23,Tacoma,42347.24,6.06,Completed
734370,8,2023-07-09,Sienna,53746.93,5.84,Cancelled
734371,6,2023-07-13,Camry,27944.76,3.86,Completed
734372,18,2023-07-31,RAV4,53392.71,5.68,Completed
734373,12,2023-07-27,RAV4,49597.06,5.65,Completed
734374,8,2023-07-13,Sienna,48553.17,5.84,Completed
734375,17,2023-07-26,Camry,28157.96,4.51,Completed
734376,1,2023-07-24,Tacoma,38496.57,5.24,Completed
734377,13,2023-07-05,Tundra,51920.29,5.61,Completed
734378,3,2023-07-02,Sienna,51725.07,5.69,Completed
734379,17,2023-07-19,Tundra,36964.17,4.51,Completed
734380,20,2023-07-25,Tundra,48250.62,5.77,Completed
734381,12,2023-07-31,Camry,41470.94,5.65,Completed
734382,1,2023-07-30,Corolla,25540.79,5.24,Cancelled
734383,11,2023-07-04,Sienna,35153.65,4.16,Completed
734384,7,2023-07-03,Tundra,58468.76,5.39,Cancelled
734385,15,2023-07-14,Tacoma,47921.06,4.86,Completed
734386,5,2023-07-14,Tundra,47954.36,5.34,Completed
734387,6,2023-07-19,RAV4,33626.31,3.86,Completed
734388,18,2023-07-13,Corolla,31065.73,5.68,Completed
734389,16,2023-07-16,Highlander,69225.89,6.06,Pending
734390,9,2023-07-04,RAV4,36460.11,4.4,Completed
734391,4,2023-07-09,Tundra,34690.52,3.81,Completed
734392,10,2023-07-20,Prius,26902.71,4.88,Completed
734393,9,2023-07-12,RAV4,32950.57,4.4,Completed
734394,10,2023-07-16,Camry,31560.6,4.88,Completed
734395,5,2023-07-17,Corolla,27220.11,5.34,Cancelled
734396,11,2023-07-07,Camry,28239.52,4.16,Completed
734397,20,2023-07-08,Corolla,32331.76,5.77,Completed
734398,1,2023-07-18,Tundra,43967.96,5.24,Completed
734399,2,2023-07-07,Corolla,21338.84,4.0,Completed
734400,5,2023-07-05,Corolla,27348.47,5.34,Completed
734401,17,2023-07-08,RAV4,34776.74,4.51,Completed
734402,3,2023-07-09,Sienna,53724.95,5.69,Completed
734403,18,2023-07-18,Prius,35468.24,5.68,Completed
734404,2,2023-07-28,Camry,34502.25,4.0,Completed
734405,16,2023-07-10,Highlander,70756.34,6.06,Completed
734406,3,2023-07-02,Corolla,30510.74,5.69,Completed
734407,7,2023-07-12,Corolla,31602.51,5.39,Completed
734408,8,2023-07-09,Highlander,69982.26,5.84,Completed
734409,18,2023-07-18,Tacoma,43944.03,5.68,Completed
734410,13,2023-07-02,RAV4,47863.08,5.61,Completed
734411,18,2023-07-18,Tundra,51341.53,5.68,Completed
734412,9,2023-07-21,RAV4,37575.31,4.4,Completed
734413,2,2023-07-03,Highlander,49897.0,4.0,Completed
734414,7,2023-07-06,Tundra,52695.49,5.39,Completed
734415,11,2023-07-12,Camry,33089.28,4.16,Completed
734416,4,2023-07-12,Corolla,22366.89,3.81,Completed
734417,6,2023-07-14,Corolla,21878.41,3.86,Completed
734418,2,2023-07-02,Camry,31383.76,4.0,Completed
734419,6,2023-07-02,Corolla,21601.99,3.86,Completed
734420,10,2023-07-10,RAV4,39173.44,4.88,Completed
734421,8,2023-07-12,Camry,39755.35,5.84,Completed
734422,9,2023-07-29,Highlander,46866.12,4.4,Completed
734423,8,2023-07-03,RAV4,52973.68,5.84,Completed
734424,10,2023-07-17,Sienna,35714.14,4.88,Completed
734425,19,2023-07-15,Tundra,42650.51,5.48,Completed
734426,5,2023-07-07,Camry,33965.7,5.34,Completed
734427,20,2023-07-17,Tacoma,47713.07,5.77,Completed
734428,11,2023-07-15,RAV4,36502.34,4.16,Completed
734429,4,2023-07-16,RAV4,35531.05,3.81,Completed
734430,19,2023-07-10,RAV4,39915.32,5.48,Completed
734431,8,2023-07-08,Sienna,49133.34,5.84,Completed
734432,17,2023-07-05,RAV4,34827.56,4.51,Completed
734433,15,2023-07-18,Prius,34284.3,4.86,Completed
734434,5,2023-07-06,Corolla,24188.09,5.34,Completed
734435,19,2023-07-30,Prius,31048.8,5.48,Completed
734436,17,2023-07-30,RAV4,34521.05,4.51,Completed
734437,9,2023-07-04,RAV4,32349.62,4.4,Completed
734438,9,2023-07-07,Tacoma,34146.25,4.4,Completed
734439,1,2023-07-04,Highlander,51091.16,5.24,Completed
734440,4,2023-07-21,Tacoma,33336.51,3.81,Completed
734441,10,2023-07-15,Tundra,36929.34,4.88,Completed
734442,15,2023-07-06,Tundra,55049.3,4.86,Completed
734443,10,2023-07-02,Sienna,43351.46,4.88,Completed
734444,3,2023-07-26,Prius,34349.29,5.69,Completed
734445,15,2023-07-21,Highlander,63126.04,4.86,Completed
734446,16,2023-07-11,Corolla,32559.97,6.06,Completed
734447,4,2023-07-05,Highlander,48061.71,3.81,Completed
734448,1,2023-07-22,Tundra,44534.5,5.24,Completed
734449,7,2023-07-08,Tacoma,46322.49,5.39,Completed
734450,18,2023-07-28,Tundra,51394.9,5.68,Completed
734451,9,2023-07-19,Sienna,39086.09,4.4,Completed
734452,20,2023-07-18,Prius,36150.18,5.77,Completed
734453,10,2023-07-12,Tacoma,30339.69,4.88,Completed
734454,18,2023-07-20,Sienna,54855.8,5.68,Completed
734455,4,2023-07-17,Camry,26367.08,3.81,Completed
734456,11,2023-07-12,Sienna,39671.68,4.16,Completed
734457,11,2023-07-09,Highlander,48023.12,4.16,Completed
734458,12,2023-07-30,RAV4,47752.06,5.65,Completed
734459,7,2023-07-30,Prius,32756.3,5.39,Completed
734460,18,2023-07-25,Prius,38009.46,5.68,Completed
734461,12,2023-07-07,Tacoma,46710.19,5.65,Completed
734462,11,2023-07-26,Prius,26540.75,4.16,Completed
734463,3,2023-07-24,Corolla,30915.42,5.69,Completed
734464,9,2023-07-17,Tundra,36026.68,4.4,Completed
734465,13,2023-07-29,Tundra,52356.38,5.61,Pending
734466,1,2023-07-12,Tacoma,36515.84,5.24,Completed
734467,11,2023-07-04,Tacoma,33593.21,4.16,Completed
734468,11,2023-07-11,Prius,25528.63,4.16,Completed
734469,10,2023-07-10,Corolla,20597.16,4.88,Completed
734470,11,2023-07-13,Tacoma,31582.38,4.16,Completed
734471,20,2023-07-09,Highlander,71163.1,5.77,Completed
734472,10,2023-07-10,Sienna,41386.61,4.88,Completed
734473,18,2023-07-01,Prius,35292.18,5.68,Completed
734474,15,2023-07-30,Tundra,57001.74,4.86,Completed
734475,11,2023-07-12,Camry,29127.32,4.16,Completed
734476,15,2023-07-17,Tundra,53856.8,4.86,Completed
734477,9,2023-07-09,Tacoma,34175.58,4.4,Completed
734478,18,2023-07-14,Prius,34429.85,5.68,Completed
734479,14,2023-07-27,Highlander,66848.27,5.1,Completed
734480,14,2023-07-17,Prius,33978.27,5.1,Completed
734481,9,2023-07-22,Highlander,47108.31,4.4,Completed
734482,16,2023-07-05,Highlander,74108.26,6.06,Completed
734483,6,2023-07-21,Tundra,40734.66,3.86,Completed
734484,15,2023-07-23,Prius,33361.21,4.86,Completed
734485,6,2023-07-16,Corolla,20204.35,3.86,Completed
734486,9,2023-07-25,Tacoma,30803.63,4.4,Completed
734487,17,2023-07-03,Tundra,34434.87,4.51,Completed
734488,13,2023-07-17,Corolla,33376.34,5.61,Completed
734489,7,2023-07-24,Tundra,56436.73,5.39,Completed
734490,9,2023-07-13,Corolla,23293.04,4.4,Completed
734491,8,2023-07-08,Highlander,71063.47,5.84,Completed
734492,20,2023-07-17,Sienna,55270.98,5.77,Completed
734493,11,2023-07-22,Highlander,48601.03,4.16,Completed
734494,5,2023-07-12,Corolla,27093.15,5.34,Completed
734495,20,2023-07-21,Tundra,49785.7,5.77,Completed
734496,4,2023-07-04,Tacoma,33283.42,3.81,Completed
734497,13,2023-07-11,Tacoma,41923.84,5.61,Completed
734498,7,2023-07-05,Tundra,49794.73,5.39,Completed
734499,18,2023-07-24,Tacoma,52474.76,5.68,Completed
734500,10,2023-07-07,Tacoma,31258.5,4.88,Completed
734501,4,2023-07-28,RAV4,34125.83,3.81,Completed
734502,9,2023-07-29,Tacoma,33059.84,4.4,Cancelled
734503,4,2023-07-21,Prius,25435.76,3.81,Completed
734504,15,2023-07-14,RAV4,45931.62,4.86,Completed
734505,17,2023-07-27,Prius,24878.82,4.51,Completed
734506,14,2023-07-01,Sienna,46106.11,5.1,Completed
734507,8,2023-07-03,Sienna,55408.26,5.84,Completed
734508,7,2023-07-08,Tacoma,45113.91,5.39,Completed
734509,10,2023-07-16,Corolla,20707.41,4.88,Completed
734510,8,2023-07-31,Corolla,32203.3,5.84,Completed
734511,2,2023-07-22,Tacoma,35794.63,4.0,Completed
734512,13,2023-07-28,Corolla,33800.7,5.61,Completed
734513,7,2023-07-25,Corolla,32104.69,5.39,Completed
734514,4,2023-07-06,Tacoma,31831.13,3.81,Completed
734515,12,2023-07-04,Tundra,54267.34,5.65,Completed
734516,9,2023-07-29,Camry,32672.76,4.4,Completed
734517,12,2023-07-27,Tundra,48334.15,5.65,Completed
734518,12,2023-07-08,Sienna,47255.17,5.65,Completed
734519,4,2023-07-13,Highlander,46616.79,3.81,Completed
734520,6,2023-07-23,Prius,24945.79,3.86,Completed
734521,8,2023-07-19,Tacoma,40972.82,5.84,Completed
734522,12,2023-07-15,Highlander,70336.67,5.65,Completed
734523,20,2023-07-06,Camry,39445.82,5.77,Completed
734524,17,2023-07-30,Prius,22327.64,4.51,Completed
734525,10,2023-07-19,Prius,25640.18,4.88,Completed
734526,12,2023-07-25,Tacoma,44099.21,5.65,Completed
734527,5,2023-07-20,RAV4,40994.67,5.34,Completed
734528,16,2023-07-01,Tacoma,47110.24,6.06,Completed
734529,3,2023-07-25,Tundra,57866.29,5.69,Completed
734530,16,2023-07-19,Sienna,56665.25,6.06,Completed
734531,17,2023-07-03,Tacoma,29610.67,4.51,Completed
734532,15,2023-07-11,Highlander,71336.44,4.86,Completed
734533,5,2023-07-21,Tacoma,40516.12,5.34,Completed
734534,19,2023-07-12,Tacoma,37133.06,5.48,Completed
734535,9,2023-07-02,Tundra,39923.82,4.4,Completed
734536,8,2023-07-15,Sienna,54091.9,5.84,Completed
734537,11,2023-07-12,Tacoma,34837.41,4.16,Completed
734538,9,2023-07-05,Camry,28213.73,4.4,Completed
734539,7,2023-07-22,Sienna,50723.23,5.39,Completed
734540,9,2023-07-09,Corolla,22631.17,4.4,Completed
734541,3,2023-07-03,Tundra,54250.22,5.69,Completed
734542,8,2023-07-17,Sienna,56352.86,5.84,Completed
734543,17,2023-07-15,Tundra,36937.41,4.51,Completed
734544,4,2023-07-13,Corolla,20782.27,3.81,Completed
734545,10,2023-07-26,Tundra,40307.73,4.88,Completed
734546,13,2023-07-27,Camry,39047.45,5.61,Completed
734547,3,2023-07-06,RAV4,50349.17,5.69,Completed
734548,7,2023-07-01,Tundra,57686.11,5.39,Completed
734549,5,2023-07-23,Corolla,27623.96,5.34,Completed
734550,18,2023-07-05,Prius,36394.31,5.68,Completed
734551,17,2023-07-15,Sienna,36784.26,4.51,Completed
734552,2,2023-07-13,Tundra,40563.12,4.0,Pending
734553,5,2023-07-08,RAV4,44018.87,5.34,Completed
734554,16,2023-07-24,Tacoma,44443.18,6.06,Completed
734555,9,2023-07-26,Tundra,40247.4,4.4,Completed
734556,11,2023-07-10,Camry,29748.26,4.16,Completed
734557,18,2023-07-24,Tundra,53191.29,5.68,Completed
734558,2,2023-07-28,Camry,30212.11,4.0,Completed
734559,14,2023-07-02,Sienna,48808.43,5.1,Completed
734560,10,2023-07-30,RAV4,35947.13,4.88,Completed
734561,14,2023-07-24,Tundra,46177.4,5.1,Completed
734562,11,2023-07-24,Corolla,21421.09,4.16,Completed
734563,16,2023-07-18,Camry,42997.36,6.06,Completed
734564,12,2023-07-09,Highlander,72276.53,5.65,Completed
734565,13,2023-07-26,Tacoma,49459.13,5.61,Pending
734566,7,2023-07-29,RAV4,53406.72,5.39,Completed
734567,18,2023-07-02,Highlander,77615.86,5.68,Completed
734568,5,2023-07-31,Camry,34007.82,5.34,Completed
734569,11,2023-07-23,Corolla,23623.62,4.16,Completed
734570,17,2023-07-08,Camry,31063.59,4.51,Completed
734571,15,2023-07-23,Sienna,47441.62,4.86,Completed
734572,20,2023-07-09,Camry,41289.3,5.77,Completed
734573,18,2023-07-03,Prius,34614.86,5.68,Completed
734574,6,2023-07-17,Tacoma,29408.32,3.86,Completed
734575,10,2023-07-30,Tacoma,36085.72,4.88,Completed
734576,11,2023-07-05,Tacoma,33403.51,4.16,Completed
734577,8,2023-07-07,Corolla,31562.43,5.84,Completed
734578,13,2023-07-07,Corolla,31756.89,5.61,Completed
734579,19,2023-07-05,RAV4,38902.32,5.48,Completed
734580,17,2023-07-14,Tundra,37868.88,4.51,Completed
734581,12,2023-07-25,Sienna,50042.86,5.65,Completed
734582,8,2023-07-20,Tundra,58045.36,5.84,Completed
734583,12,2023-07-18,Sienna,50275.88,5.65,Completed
734584,1,2023-07-29,RAV4,37965.04,5.24,Completed
734585,2,2023-07-21,Sienna,39431.84,4.0,Completed
734586,2,2023-07-03,RAV4,35726.23,4.0,Completed
734587,2,2023-07-29,Corolla,20905.19,4.0,Completed
734588,4,2023-07-29,Tundra,33156.12,3.81,Completed
734589,19,2023-07-26,Camry,38208.46,5.48,Pending
734590,15,2023-07-22,Highlander,63380.48,4.86,Completed
734591,12,2023-07-24,Tacoma,46372.64,5.65,Completed
734592,9,2023-07-18,RAV4,37153.27,4.4,Completed
734593,20,2023-07-17,Corolla,29504.18,5.77,Completed
734594,14,2023-07-06,Camry,36200.99,5.1,Completed
734595,6,2023-07-29,Tacoma,32394.72,3.86,Completed
734596,7,2023-07-20,Highlander,71281.5,5.39,Completed
734597,13,2023-07-19,Tundra,53135.67,5.61,Completed
734598,4,2023-07-30,Highlander,49120.28,3.81,Completed
734599,11,2023-07-07,Sienna,40609.2,4.16,Completed
734600,9,2023-07-02,Corolla,22952.8,4.4,Completed
734601,19,2023-07-07,Tacoma,41113.18,5.48,Completed
734602,16,2023-07-29,Tundra,52102.96,6.06,Completed
734603,5,2023-07-07,Sienna,45473.54,5.34,Completed
734604,19,2023-07-01,RAV4,43798.48,5.48,Completed
734605,11,2023-07-07,Sienna,42035.43,4.16,Completed
734606,18,2023-07-08,Highlander,66641.79,5.68,Completed
734607,20,2023-07-18,Camry,44874.86,5.77,Completed
734608,14,2023-07-24,Prius,29937.35,5.1,Completed
734609,10,2023-07-15,Corolla,22104.24,4.88,Completed
734610,9,2023-07-19,Prius,23617.68,4.4,Completed
734611,1,2023-07-15,Tundra,48057.51,5.24,Completed
734612,10,2023-07-15,Tacoma,36606.02,4.88,Completed
734613,15,2023-07-07,Tundra,48647.41,4.86,Completed
734614,11,2023-07-16,Highlander,45106.9,4.16,Completed
734615,20,2023-07-23,RAV4,50253.5,5.77,Completed
734616,1,2023-07-15,Sienna,46241.81,5.24,Completed
734617,14,2023-07-28,Camry,42164.35,5.1,Completed
734618,4,2023-07-20,Sienna,36668.54,3.81,Completed
734619,19,2023-07-14,Corolla,28009.71,5.48,Completed
734620,2,2023-07-13,Tacoma,33391.09,4.0,Completed
734621,12,2023-07-08,Corolla,27865.99,5.65,Completed
734622,16,2023-07-22,Highlander,67788.84,6.06,Completed
734623,5,2023-07-20,Camry,33778.34,5.34,Completed
734624,4,2023-07-29,Highlander,44586.9,3.81,Completed
734625,8,2023-07-14,Prius,37667.25,5.84,Completed
734626,18,2023-07-29,Tacoma,47960.82,5.68,Completed
734627,4,2023-07-05,Sienna,39955.94,3.81,Completed
734628,7,2023-07-31,Prius,33392.07,5.39,Completed
734629,1,2023-07-15,Camry,35217.35,5.24,Completed
734630,18,2023-07-19,Camry,41048.9,5.68,Completed
734631,17,2023-07-25,Corolla,22009.31,4.51,Completed
734632,4,2023-07-15,Tundra,34853.38,3.81,Completed
734633,18,2023-07-24,RAV4,52840.21,5.68,Cancelled
734634,13,2023-07-14,Tacoma,50253.47,5.61,Completed
734635,15,2023-07-27,Prius,31083.42,4.86,Completed
734636,9,2023-07-09,Prius,25565.47,4.4,Completed
734637,3,2023-07-06,Camry,39088.72,5.69,Completed
734638,9,2023-07-22,Corolla,21360.99,4.4,Completed
734639,20,2023-07-12,Highlander,61184.11,5.77,Completed
734640,11,2023-07-30,Camry,29351.4,4.16,Completed
734641,14,2023-07-10,Tundra,46570.68,5.1,Completed
734642,14,2023-07-31,Tundra,54350.22,5.1,Completed
734643,11,2023-07-08,RAV4,35100.54,4.16,Completed
734644,19,2023-07-14,Camry,39237.04,5.48,Completed
734645,18,2023-07-10,Highlander,75214.56,5.68,Pending
734646,17,2023-07-14,Highlander,48950.18,4.51,Completed
734647,13,2023-07-20,Sienna,55755.37,5.61,Completed
734648,15,2023-07-22,Tacoma,39599.64,4.86,Completed
734649,14,2023-07-26,Sienna,54092.72,5.1,Completed
734650,15,2023-07-05,RAV4,43466.93,4.86,Pending
734651,15,2023-07-11,Tundra,55276.04,4.86,Completed
734652,14,2023-07-08,Camry,43187.9,5.1,Completed
734653,10,2023-07-22,Camry,29929.7,4.88,Completed
734654,19,2023-07-23,RAV4,40866.31,5.48,Completed
734655,1,2023-07-11,Camry,37711.21,5.24,Completed
734656,6,2023-07-10,Highlander,48301.44,3.86,Completed
734657,2,2023-07-10,Highlander,54788.68,4.0,Completed
734658,8,2023-07-31,Sienna,55837.78,5.84,Completed
734659,15,2023-07-28,Tundra,51105.37,4.86,Completed
734660,4,2023-07-15,Corolla,19385.79,3.81,Cancelled
734661,6,2023-07-14,Prius,23374.56,3.86,Completed
734662,5,2023-07-03,RAV4,38209.16,5.34,Completed
734663,11,2023-07-20,Prius,23698.33,4.16,Completed
734664,2,2023-07-18,RAV4,34182.38,4.0,Completed
734665,7,2023-07-23,Prius,35785.89,5.39,Completed
734666,10,2023-07-30,Tacoma,33174.56,4.88,Completed
734667,3,2023-07-20,Sienna,57691.79,5.69,Completed
734668,15,2023-07-26,Tundra,51419.98,4.86,Completed
734669,14,2023-07-06,RAV4,49277.11,5.1,Completed
734670,14,2023-07-01,Camry,35662.3,5.1,Completed
734671,9,2023-07-19,Corolla,21062.59,4.4,Completed
734672,11,2023-07-13,Tacoma,32153.16,4.16,Completed
734673,13,2023-07-25,Tundra,51450.6,5.61,Completed
734674,2,2023-07-08,Prius,25372.93,4.0,Completed
734675,15,2023-07-02,Highlander,62214.46,4.86,Completed
734676,10,2023-07-18,Camry,28612.94,4.88,Completed
734677,5,2023-07-18,Camry,33794.29,5.34,Completed
734678,15,2023-07-30,Tacoma,42208.48,4.86,Completed
734679,10,2023-07-12,Tacoma,31627.59,4.88,Pending
734680,13,2023-07-24,Camry,39322.26,5.61,Completed
734681,15,2023-07-11,Sienna,53470.63,4.86,Completed
734682,20,2023-07-07,RAV4,51325.83,5.77,Completed
734683,15,2023-07-06,Highlander,71399.48,4.86,Completed
734684,1,2023-07-23,RAV4,38710.15,5.24,Completed
734685,14,2023-07-20,RAV4,41544.38,5.1,Completed
734686,13,2023-07-27,Sienna,50012.13,5.61,Completed
734687,17,2023-07-19,RAV4,36566.06,4.51,Completed
734688,15,2023-07-26,Prius,36099.69,4.86,Completed
734689,10,2023-07-03,RAV4,34457.59,4.88,Completed
734690,14,2023-07-24,RAV4,48044.52,5.1,Completed
734691,3,2023-07-06,Corolla,34475.47,5.69,Completed
734692,6,2023-07-06,Sienna,40395.82,3.86,Completed
734693,7,2023-07-28,Camry,41730.92,5.39,Completed
734694,11,2023-07-27,Sienna,35623.51,4.16,Completed
734695,18,2023-07-31,Tundra,60817.71,5.68,Completed
734696,11,2023-07-20,RAV4,34656.5,4.16,Completed
734697,6,2023-07-04,Camry,30901.95,3.86,Cancelled
734698,11,2023-07-27,Highlander,47901.83,4.16,Completed
734699,12,2023-07-03,Sienna,53007.63,5.65,Completed
734700,3,2023-07-19,RAV4,46321.77,5.69,Completed
734701,8,2023-07-08,RAV4,52193.83,5.84,Completed
734702,16,2023-07-17,Corolla,28479.08,6.06,Completed
734703,12,2023-07-18,Camry,39293.06,5.65,Pending
734704,9,2023-07-29,Tundra,36917.81,4.4,Completed
734705,11,2023-07-12,Highlander,46034.97,4.16,Completed
734706,6,2023-07-16,Tacoma,34229.09,3.86,Completed
734707,10,2023-07-06,Corolla,22472.59,4.88,Completed
734708,8,2023-07-09,Tacoma,47525.51,5.84,Pending
734709,14,2023-07-24,Highlander,68610.22,5.1,Completed
734710,14,2023-07-25,Camry,39952.39,5.1,Pending
734711,18,2023-07-23,Highlander,76238.96,5.68,Completed
734712,16,2023-07-26,Camry,42015.84,6.06,Completed
734713,12,2023-07-26,Sienna,52550.11,5.65,Completed
734714,3,2023-07-10,Prius,32968.19,5.69,Completed
734715,7,2023-07-18,Camry,40806.3,5.39,Completed
734716,12,2023-07-03,Tundra,48157.22,5.65,Completed
734717,3,2023-07-05,Tacoma,48568.75,5.69,Completed
734718,9,2023-07-15,Highlander,53237.22,4.4,Completed
734719,17,2023-07-13,Sienna,37254.53,4.51,Completed
734720,2,2023-07-14,Prius,28816.35,4.0,Completed
734721,18,2023-07-29,Tundra,53231.36,5.68,Completed
734722,15,2023-07-08,Highlander,68122.95,4.86,Completed
734723,6,2023-07-10,Tundra,37611.43,3.86,Completed
734724,13,2023-07-03,Tacoma,42306.64,5.61,Completed
734725,12,2023-07-02,Tacoma,42514.62,5.65,Completed
734726,13,2023-07-31,Sienna,49583.17,5.61,Completed
734727,4,2023-07-28,Camry,30604.67,3.81,Cancelled
734728,18,2023-07-21,Tundra,56947.91,5.68,Completed
734729,1,2023-07-31,Tundra,47988.05,5.24,Completed
734730,3,2023-07-21,RAV4,47575.78,5.69,Completed
734731,4,2023-07-21,Tundra,38806.21,3.81,Completed
734732,7,2023-07-20,Highlander,62497.25,5.39,Completed
734733,10,2023-07-28,Sienna,35913.01,4.88,Completed
734734,12,2023-07-20,Highlander,72067.03,5.65,Completed
734735,14,2023-07-13,Prius,34527.85,5.1,Completed
734736,5,2023-07-23,Highlander,61128.39,5.34,Completed
734737,1,2023-07-29,Corolla,22803.84,5.24,Completed
734738,1,2023-07-11,Camry,33208.65,5.24,Completed
734739,6,2023-07-02,Sienna,39235.69,3.86,Completed
734740,11,2023-07-09,Tacoma,30039.04,4.16,Completed
734741,19,2023-07-19,Highlander,57285.32,5.48,Completed
734742,16,2023-07-10,Tacoma,45131.43,6.06,Completed
734743,4,2023-07-17,Tacoma,30642.0,3.81,Completed
734744,19,2023-07-04,Camry,32949.55,5.48,Completed
734745,4,2023-07-01,Prius,22095.95,3.81,Completed
734746,1,2023-07-06,Sienna,48429.22,5.24,Completed
734747,17,2023-07-22,Camry,26330.18,4.51,Completed
734748,3,2023-07-20,Tacoma,45811.4,5.69,Completed
734749,18,2023-07-21,Sienna,60495.55,5.68,Completed
734750,15,2023-07-29,Prius,32945.05,4.86,Completed
734751,18,2023-07-15,Tacoma,50095.73,5.68,Completed
734752,11,2023-07-01,Corolla,22365.89,4.16,Completed
734753,18,2023-07-11,Camry,42805.46,5.68,Completed
734754,9,2023-07-19,Tacoma,33349.29,4.4,Cancelled
734755,4,2023-07-29,Highlander,42285.98,3.81,Completed
734756,19,2023-07-29,RAV4,44695.77,5.48,Completed
734757,15,2023-07-10,Sienna,55567.07,4.86,Completed
734758,16,2023-07-11,Highlander,72451.2,6.06,Completed
734759,15,2023-07-02,Corolla,30078.8,4.86,Completed
734760,11,2023-07-04,RAV4,36424.46,4.16,Completed
734761,12,2023-07-21,RAV4,46625.37,5.65,Completed
734762,20,2023-07-24,RAV4,48755.01,5.77,Completed
734763,19,2023-07-23,Highlander,58733.64,5.48,Completed
734764,20,2023-07-20,Sienna,51135.74,5.77,Completed
734765,19,2023-07-05,Highlander,61389.96,5.48,Completed
734766,3,2023-07-28,Camry,43117.54,5.69,Completed
734767,20,2023-07-16,Tundra,51718.95,5.77,Completed
734768,10,2023-07-23,RAV4,37517.91,4.88,Completed
734769,7,2023-07-04,Prius,35831.54,5.39,Completed
734770,19,2023-07-17,RAV4,44736.22,5.48,Completed
734771,15,2023-07-31,Sienna,48916.53,4.86,Completed
734772,5,2023-07-22,Tacoma,38927.87,5.34,Completed
734773,19,2023-07-23,Corolla,26980.63,5.48,Completed
734774,18,2023-07-20,Tundra,54973.55,5.68,Completed
734775,7,2023-07-15,Corolla,31515.65,5.39,Completed
734776,15,2023-07-10,Prius,35110.02,4.86,Completed
734777,18,2023-07-15,Highlander,75081.23,5.68,Completed
734778,17,2023-07-28,Prius,23212.58,4.51,Completed
734779,9,2023-07-06,Camry,30718.07,4.4,Completed
734780,17,2023-07-27,RAV4,37009.99,4.51,Completed
734781,20,2023-07-14,RAV4,51867.66,5.77,Completed
734782,8,2023-07-10,Tacoma,42334.54,5.84,Completed
734783,9,2023-07-07,Tacoma,32744.65,4.4,Completed
734784,8,2023-07-08,RAV4,50570.56,5.84,Completed
734785,10,2023-07-16,Prius,27883.88,4.88,Completed
734786,1,2023-07-21,RAV4,41285.73,5.24,Completed
734787,13,2023-07-13,Camry,43168.34,5.61,Completed
734788,15,2023-07-18,Tacoma,44955.43,4.86,Completed
734789,11,2023-07-19,Tacoma,34804.0,4.16,Completed
734790,1,2023-07-20,Highlander,50903.26,5.24,Completed
734791,11,2023-07-16,Camry,27814.3,4.16,Completed
734792,11,2023-07-02,Highlander,51374.11,4.16,Completed
734793,15,2023-07-16,Prius,31387.86,4.86,Completed
734794,17,2023-07-18,Tacoma,29454.52,4.51,Completed
734795,13,2023-07-06,Prius,33525.81,5.61,Completed
734796,5,2023-07-29,Camry,36693.98,5.34,Completed
734797,12,2023-07-29,Tundra,54882.35,5.65,Completed
734798,11,2023-07-27,Corolla,23341.93,4.16,Completed
734799,14,2023-07-28,Prius,31581.48,5.1,Completed
734800,18,2023-07-16,Prius,38887.22,5.68,Completed
734801,1,2023-07-06,Highlander,56097.18,5.24,Completed
734802,20,2023-07-13,Highlander,72957.61,5.77,Completed
734803,20,2023-07-23,Corolla,32277.24,5.77,Completed
734804,11,2023-07-24,Highlander,48576.55,4.16,Completed
734805,20,2023-07-04,Highlander,65274.39,5.77,Completed
734806,15,2023-07-16,Prius,36393.64,4.86,Completed
734807,9,2023-07-08,Prius,24791.17,4.4,Completed
734808,9,2023-07-11,Tundra,35281.27,4.4,Completed
734809,20,2023-07-24,Corolla,30009.31,5.77,Pending
734810,10,2023-07-27,RAV4,33181.74,4.88,Completed
734811,3,2023-07-06,Prius,37263.84,5.69,Completed
734812,8,2023-07-09,Prius,36144.1,5.84,Completed
734813,2,2023-07-02,RAV4,33483.73,4.0,Completed
734814,8,2023-07-11,Prius,35940.67,5.84,Completed
734815,18,2023-07-08,Sienna,54910.19,5.68,Completed
734816,12,2023-07-31,RAV4,45164.1,5.65,Completed
734817,10,2023-07-25,RAV4,38818.07,4.88,Completed
734818,13,2023-07-12,Highlander,76312.44,5.61,Completed
734819,19,2023-07-26,RAV4,38166.55,5.48,Completed
734820,17,2023-07-12,Highlander,47922.08,4.51,Completed
734821,10,2023-07-04,Tundra,41878.45,4.88,Completed
734822,18,2023-07-07,Tundra,60599.01,5.68,Completed
734823,17,2023-07-15,Prius,22414.4,4.51,Completed
734824,20,2023-07-04,Camry,37802.97,5.77,Completed
734825,19,2023-07-02,Tacoma,40668.42,5.48,Completed
734826,15,2023-07-02,Sienna,52933.83,4.86,Completed
734827,13,2023-07-05,Prius,36236.0,5.61,Pending
734828,1,2023-07-17,Tundra,41714.97,5.24,Completed
734829,12,2023-07-15,Corolla,27629.66,5.65,Completed
734830,6,2023-07-19,Corolla,20079.05,3.86,Completed
734831,1,2023-07-07,Tundra,45562.42,5.24,Completed
734832,18,2023-07-16,Highlander,68906.3,5.68,Completed
734833,5,2023-07-21,Sienna,48680.91,5.34,Completed
734834,16,2023-07-01,Camry,40679.72,6.06,Completed
734835,6,2023-07-20,Sienna,35520.71,3.86,Completed
734836,7,2023-07-14,Tacoma,47171.72,5.39,Completed
734837,10,2023-07-28,Sienna,37922.63,4.88,Completed
734838,6,2023-07-28,RAV4,37597.8,3.86,Completed
734839,1,2023-07-02,Highlander,59802.02,5.24,Cancelled
734840,4,2023-07-16,Corolla,19878.05,3.81,Completed
734841,1,2023-07-31,Sienna,43281.33,5.24,Completed
734842,7,2023-07-16,Corolla,30657.12,5.39,Completed
734843,10,2023-07-27,Corolla,24308.28,4.88,Completed
734844,10,2023-07-31,Sienna,39217.74,4.88,Completed
734845,10,2023-07-29,Sienna,41055.3,4.88,Completed
734846,8,2023-07-12,Corolla,28629.49,5.84,Completed
734847,9,2023-07-31,Prius,23561.71,4.4,Completed
734848,16,2023-07-10,Corolla,27913.97,6.06,Completed
734849,14,2023-07-25,Tacoma,41600.93,5.1,Cancelled
734850,20,2023-07-15,Corolla,32045.48,5.77,Completed
734851,12,2023-07-17,Highlander,60087.42,5.65,Completed
734852,5,2023-07-13,Tacoma,40657.32,5.34,Completed
734853,4,2023-07-25,Camry,26470.46,3.81,Completed
734854,12,2023-07-22,Tundra,52490.55,5.65,Completed
734855,20,2023-07-05,Tacoma,42309.18,5.77,Completed
734856,15,2023-07-09,Corolla,30761.09,4.86,Completed
734857,2,2023-07-30,Tacoma,32011.23,4.0,Completed
734858,8,2023-07-03,Highlander,63717.23,5.84,Completed
734859,1,2023-07-24,Tacoma,36507.07,5.24,Completed
734860,5,2023-07-20,Sienna,46635.32,5.34,Completed
734861,3,2023-07-04,Camry,43827.71,5.69,Completed
734862,17,2023-07-26,Corolla,20513.14,4.51,Completed
734863,4,2023-07-11,RAV4,33386.1,3.81,Completed
734864,10,2023-07-02,Camry,33968.84,4.88,Completed
734865,6,2023-07-17,Corolla,21430.55,3.86,Completed
734866,2,2023-07-29,Highlander,52583.18,4.0,Pending
734867,10,2023-07-31,Sienna,37189.77,4.88,Completed
734868,3,2023-07-22,RAV4,53825.97,5.69,Completed
734869,18,2023-07-27,Tundra,52095.73,5.68,Completed
734870,9,2023-07-08,Prius,27107.76,4.4,Completed
734871,16,2023-07-17,Camry,44159.73,6.06,Completed
734872,10,2023-07-10,Tacoma,32121.9,4.88,Completed
734873,19,2023-07-08,Tacoma,37684.42,5.48,Completed
734874,9,2023-07-27,RAV4,37213.14,4.4,Completed
734875,2,2023-07-10,Tacoma,33610.78,4.0,Completed
734876,20,2023-07-30,Tacoma,45645.48,5.77,Completed
734877,9,2023-07-12,Camry,27140.61,4.4,Completed
734878,12,2023-07-02,RAV4,47900.65,5.65,Completed
734879,11,2023-07-17,Prius,24178.17,4.16,Completed
734880,20,2023-07-26,RAV4,52805.53,5.77,Completed
734881,17,2023-07-16,Camry,28287.21,4.51,Completed
734882,18,2023-07-25,Tundra,58997.65,5.68,Completed
734883,6,2023-07-18,RAV4,33589.25,3.86,Pending
734884,11,2023-07-18,Tacoma,29508.47,4.16,Completed
734885,5,2023-07-19,Tundra,40757.75,5.34,Completed
734886,4,2023-07-25,Prius,22275.68,3.81,Completed
734887,6,2023-07-14,Prius,26057.01,3.86,Completed
734888,19,2023-07-07,Highlander,58702.13,5.48,Completed
734889,13,2023-07-15,Tundra,56137.19,5.61,Cancelled
734890,4,2023-07-27,Camry,30388.59,3.81,Completed
734891,2,2023-07-27,Prius,24327.75,4.0,Completed
734892,15,2023-07-01,Sienna,55402.7,4.86,Completed
734893,12,2023-07-30,Prius,36197.1,5.65,Completed
734894,17,2023-07-22,Tundra,37376.13,4.51,Completed
734895,19,2023-07-16,Tundra,41889.75,5.48,Completed
734896,8,2023-07-12,Sienna,56605.5,5.84,Completed
734897,12,2023-07-17,Tacoma,43769.69,5.65,Completed
734898,8,2023-07-03,Tacoma,44555.13,5.84,Completed
734899,18,2023-07-20,RAV4,52796.9,5.68,Pending
734900,9,2023-07-13,Tacoma,29834.29,4.4,Completed
734901,16,2023-07-08,Prius,32690.01,6.06,Completed
734902,11,2023-07-03,Camry,29508.55,4.16,Completed
734903,12,2023-07-25,Sienna,54139.36,5.65,Completed
734904,17,2023-07-07,Tundra,37116.84,4.51,Completed
734905,18,2023-07-06,RAV4,50019.0,5.68,Completed
734906,16,2023-07-09,Tundra,54158.79,6.06,Completed
734907,4,2023-07-28,Tundra,35670.39,3.81,Completed
734908,11,2023-07-10,Highlander,47420.51,4.16,Completed
734909,3,2023-07-18,Camry,46315.97,5.69,Completed
734910,14,2023-07-06,Tundra,53672.19,5.1,Completed
734911,6,2023-07-16,Prius,25693.08,3.86,Completed
734912,8,2023-07-26,Highlander,70244.04,5.84,Completed
734913,12,2023-07-01,Tundra,47130.32,5.65,Completed
734914,15,2023-07-26,Highlander,63717.46,4.86,Completed
734915,13,2023-07-20,RAV4,55182.41,5.61,Completed
734916,8,2023-07-03,Tundra,57362.96,5.84,Completed
734917,20,2023-07-07,Sienna,49631.08,5.77,Completed
734918,1,2023-07-12,Sienna,46615.32,5.24,Completed
734919,20,2023-07-30,Highlander,70359.0,5.77,Completed
734920,5,2023-07-18,Tacoma,39225.38,5.34,Completed
734921,4,2023-07-17,Corolla,22002.13,3.81,Completed
734922,11,2023-07-24,Corolla,21924.01,4.16,Completed
734923,15,2023-07-30,Highlander,64029.97,4.86,Completed
734924,8,2023-07-29,Corolla,27412.34,5.84,Completed
734925,17,2023-07-21,RAV4,33100.84,4.51,Completed
734926,2,2023-07-30,Prius,28492.45,4.0,Completed
734927,10,2023-07-04,Sienna,40138.88,4.88,Completed
734928,13,2023-07-06,Sienna,56846.74,5.61,Completed
734929,18,2023-07-10,Highlander,76474.4,5.68,Completed
734930,2,2023-07-25,Sienna,37583.33,4.0,Completed
734931,9,2023-07-10,Tundra,34945.33,4.4,Completed
734932,19,2023-07-11,Prius,27167.05,5.48,Completed
734933,5,2023-07-28,Tundra,41578.67,5.34,Completed
734934,9,2023-07-17,Camry,30499.59,4.4,Completed
734935,13,2023-07-30,Tundra,54689.72,5.61,Completed
734936,15,2023-07-10,Tundra,48413.07,4.86,Completed
734937,12,2023-07-11,Prius,37361.54,5.65,Completed
734938,6,2023-07-07,RAV4,37414.09,3.86,Completed
734939,10,2023-07-14,Prius,27522.14,4.88,Completed
734940,2,2023-07-08,Prius,25832.37,4.0,Completed
734941,19,2023-07-22,Camry,36841.37,5.48,Completed
734942,7,2023-07-02,Tacoma,48247.92,5.39,Completed
734943,9,2023-07-03,Camry,29424.71,4.4,Completed
734944,15,2023-07-27,Highlander,70455.04,4.86,Completed
734945,17,2023-07-06,Tundra,37691.93,4.51,Completed
734946,17,2023-07-12,Camry,26178.98,4.51,Completed
734947,8,2023-07-06,Tundra,53043.19,5.84,Completed
734948,8,2023-07-31,Tacoma,41716.69,5.84,Completed
734949,5,2023-07-08,Highlander,57804.37,5.34,Completed
734950,6,2023-07-13,Tacoma,31301.19,3.86,Completed
734951,11,2023-07-16,RAV4,37892.31,4.16,Completed
734952,10,2023-07-29,Highlander,46575.58,4.88,Completed
734953,18,2023-07-14,Tacoma,44938.96,5.68,Completed
734954,18,2023-07-14,Corolla,29390.47,5.68,Completed
734955,20,2023-07-12,Camry,40730.59,5.77,Completed
734956,9,2023-07-03,RAV4,34872.84,4.4,Completed
734957,18,2023-07-09,RAV4,54397.77,5.68,Pending
734958,16,2023-07-29,RAV4,46334.0,6.06,Completed
734959,4,2023-07-16,RAV4,36142.29,3.81,Completed
734960,7,2023-07-30,Camry,40267.03,5.39,Completed
734961,9,2023-07-12,Tacoma,35211.81,4.4,Completed
734962,11,2023-07-26,Prius,26699.3,4.16,Completed
734963,14,2023-07-08,Prius,31132.35,5.1,Completed
734964,7,2023-07-31,RAV4,53048.6,5.39,Completed
734965,16,2023-07-09,Tacoma,42032.48,6.06,Completed
734966,12,2023-07-05,Tundra,51522.61,5.65,Completed
734967,3,2023-07-12,RAV4,53148.0,5.69,Completed
734968,16,2023-07-25,Tundra,58164.25,6.06,Completed
734969,13,2023-07-06,Corolla,33542.39,5.61,Completed
734970,16,2023-07-23,RAV4,46402.68,6.06,Completed
734971,8,2023-07-23,Camry,42146.07,5.84,Completed
734972,5,2023-07-30,Corolla,26792.94,5.34,Completed
734973,4,2023-07-10,Tacoma,32047.03,3.81,Completed
734974,4,2023-07-04,Camry,29881.79,3.81,Completed
734975,16,2023-07-03,RAV4,51032.74,6.06,Completed
734976,20,2023-07-26,Corolla,31256.59,5.77,Completed
734977,18,2023-07-01,Tundra,53046.71,5.68,Completed
734978,11,2023-07-12,Highlander,52478.31,4.16,Completed
734979,2,2023-07-25,RAV4,34056.29,4.0,Completed
734980,17,2023-07-21,Sienna,36926.1,4.51,Completed
734981,2,2023-07-13,Corolla,23559.88,4.0,Completed
734982,3,2023-07-13,Prius,32925.8,5.69,Completed
734983,7,2023-07-05,Sienna,48576.61,5.39,Completed
734984,16,2023-07-01,RAV4,48586.42,6.06,Completed
734985,4,2023-07-25,Camry,30614.58,3.81,Completed
734986,7,2023-07-15,Tundra,51768.69,5.39,Completed
734987,12,2023-07-02,Highlander,67953.98,5.65,Completed
734988,16,2023-07-15,Tundra,49555.15,6.06,Completed
734989,6,2023-07-07,Highlander,44811.48,3.86,Completed
734990,19,2023-07-07,Camry,32434.23,5.48,Completed
734991,7,2023-07-12,Sienna,53056.18,5.39,Completed
734992,8,2023-07-14,Prius,32064.04,5.84,Completed
734993,17,2023-07-08,Tacoma,33957.15,4.51,Completed
734994,5,2023-07-10,Tundra,44612.92,5.34,Pending
734995,5,2023-07-24,RAV4,44575.98,5.34,Completed
734996,4,2023-07-15,Corolla,22712.38,3.81,Completed
734997,8,2023-07-23,RAV4,51733.8,5.84,Completed
734998,14,2023-07-02,Tacoma,40750.47,5.1,Completed
734999,16,2023-07-13,Tacoma,44658.52,6.06,Completed
735000,5,2023-07-18,Corolla,24814.28,5.34,Completed
735001,12,2023-07-24,RAV4,50114.18,5.65,Completed
735002,10,2023-07-29,Tundra,41074.99,4.88,Pending
735003,18,2023-07-28,Tacoma,47412.95,5.68,Pending
735004,2,2023-07-15,RAV4,35474.56,4.0,Completed
735005,10,2023-07-31,Corolla,24682.42,4.88,Pending
735006,5,2023-07-28,Sienna,47693.42,5.34,Completed
735007,14,2023-07-17,Sienna,45537.68,5.1,Completed
735008,13,2023-07-18,RAV4,50440.5,5.61,Completed
735009,7,2023-07-28,Corolla,29199.34,5.39,Completed
735010,15,2023-07-29,Highlander,67602.03,4.86,Completed
735011,17,2023-07-21,Tundra,33760.0,4.51,Completed
735012,12,2023-07-25,Sienna,52441.29,5.65,Pending
735013,9,2023-07-20,Camry,32710.7,4.4,Completed
735014,5,2023-07-04,RAV4,39813.17,5.34,Completed
735015,20,2023-07-07,Sienna,57767.49,5.77,Completed
735016,4,2023-07-07,Corolla,19461.18,3.81,Completed
735017,12,2023-07-26,Corolla,31989.6,5.65,Completed
735018,18,2023-07-07,Tacoma,45266.42,5.68,Completed
735019,20,2023-07-18,Tacoma,47026.32,5.77,Completed
735020,12,2023-07-30,Tundra,55538.52,5.65,Completed
735021,20,2023-07-22,Prius,36228.58,5.77,Completed
735022,3,2023-07-20,Tundra,49709.51,5.69,Completed
735023,5,2023-07-11,Tacoma,35247.64,5.34,Completed
735024,5,2023-07-14,Sienna,45661.08,5.34,Pending
735025,19,2023-07-30,RAV4,39761.44,5.48,Completed
735026,13,2023-07-01,Prius,36171.22,5.61,Completed
735027,14,2023-07-30,Sienna,46380.78,5.1,Completed
735028,19,2023-07-30,Tacoma,38349.0,5.48,Completed
735029,8,2023-07-02,Tacoma,44419.93,5.84,Completed
735030,15,2023-07-01,Camry,39622.22,4.86,Completed
735031,15,2023-07-20,Corolla,31595.77,4.86,Completed
735032,15,2023-07-07,Tacoma,46370.03,4.86,Completed
735033,18,2023-07-10,Tacoma,47536.56,5.68,Completed
735034,18,2023-07-02,Corolla,34552.65,5.68,Completed
735035,9,2023-07-21,Tacoma,35280.37,4.4,Completed
735036,20,2023-07-13,Sienna,49717.83,5.77,Completed
735037,2,2023-07-24,Prius,26983.05,4.0,Completed
735038,16,2023-07-22,Tacoma,48905.15,6.06,Completed
735039,9,2023-07-08,Tundra,37263.96,4.4,Completed
735040,18,2023-07-29,Sienna,56009.71,5.68,Completed
735041,16,2023-07-29,Corolla,30796.66,6.06,Completed
735042,9,2023-07-07,Tacoma,30732.54,4.4,Completed
735043,17,2023-07-24,Tundra,37975.24,4.51,Completed
735044,19,2023-07-25,Highlander,55889.32,5.48,Completed
735045,13,2023-07-05,RAV4,51086.41,5.61,Completed
735046,13,2023-07-14,Highlander,69305.53,5.61,Completed
735047,17,2023-07-12,Highlander,43249.16,4.51,Pending
735048,4,2023-07-01,Sienna,38147.6,3.81,Completed
735049,4,2023-07-31,Camry,30936.5,3.81,Completed
735050,19,2023-07-19,Highlander,54899.84,5.48,Completed
735051,17,2023-07-05,Camry,28485.04,4.51,Completed
735052,2,2023-07-02,Corolla,24643.16,4.0,Completed
735053,12,2023-07-16,Sienna,56404.67,5.65,Completed
735054,2,2023-07-08,Tacoma,33504.16,4.0,Completed
735055,6,2023-07-18,Sienna,39667.77,3.86,Completed
735056,13,2023-07-01,Sienna,55780.55,5.61,Completed
735057,4,2023-07-24,Highlander,44634.13,3.81,Completed
735058,16,2023-07-03,Tacoma,49214.55,6.06,Completed
735059,15,2023-07-15,RAV4,49615.66,4.86,Completed
735060,12,2023-07-14,Tacoma,42942.22,5.65,Completed
735061,6,2023-07-23,Prius,23653.8,3.86,Completed
735062,3,2023-07-22,Highlander,76056.21,5.69,Completed
735063,17,2023-07-08,Tundra,35481.4,4.51,Completed
735064,20,2023-07-24,Camry,39602.0,5.77,Completed
735065,10,2023-07-23,Camry,33502.95,4.88,Completed
735066,20,2023-07-19,Tundra,54523.65,5.77,Completed
735067,2,2023-07-28,Camry,31267.25,4.0,Completed
735068,16,2023-07-31,Camry,45290.01,6.06,Completed
735069,1,2023-07-25,Highlander,60276.35,5.24,Completed
735070,19,2023-07-13,Prius,28099.62,5.48,Completed
735071,18,2023-07-03,Tacoma,46164.95,5.68,Completed
735072,12,2023-07-08,Highlander,63575.09,5.65,Completed
735073,2,2023-07-02,Tacoma,34415.93,4.0,Completed
735074,15,2023-07-24,Corolla,30721.17,4.86,Completed
735075,9,2023-07-25,Corolla,23302.36,4.4,Completed
735076,10,2023-07-30,Camry,29687.06,4.88,Completed
735077,12,2023-07-09,Sienna,56653.01,5.65,Completed
735078,9,2023-07-14,Tacoma,32063.75,4.4,Completed
735079,11,2023-07-19,Highlander,51674.08,4.16,Completed
735080,2,2023-07-12,Camry,33721.28,4.0,Completed
735081,1,2023-07-17,Corolla,26882.73,5.24,Cancelled
735082,11,2023-07-23,Prius,25609.71,4.16,Completed
735083,6,2023-07-20,Highlander,45784.76,3.86,Completed
735084,10,2023-07-20,Prius,27088.11,4.88,Completed
735085,7,2023-07-28,Tacoma,47167.95,5.39,Completed
735086,10,2023-07-07,RAV4,39417.86,4.88,Completed
735087,9,2023-07-02,RAV4,37431.24,4.4,Completed
735088,13,2023-07-15,Tundra,50073.51,5.61,Completed
735089,18,2023-07-12,Corolla,31678.03,5.68,Completed
735090,2,2023-07-21,Prius,26114.88,4.0,Completed
735091,15,2023-07-08,Tacoma,43085.71,4.86,Completed
735092,6,2023-07-17,Sienna,35269.29,3.86,Completed
735093,2,2023-07-22,Highlander,54912.39,4.0,Completed
735094,5,2023-07-03,Prius,30924.98,5.34,Pending
735095,14,2023-07-23,RAV4,44063.21,5.1,Completed
735096,16,2023-07-21,Corolla,28574.01,6.06,Completed
735097,17,2023-07-22,RAV4,31483.58,4.51,Completed
735098,7,2023-07-17,Highlander,72823.52,5.39,Completed
735099,18,2023-07-17,Prius,35282.41,5.68,Completed
735100,19,2023-07-02,RAV4,40963.48,5.48,Completed
735101,1,2023-07-04,RAV4,39417.84,5.24,Completed
735102,14,2023-07-07,Highlander,61233.72,5.1,Completed
735103,18,2023-07-25,Camry,40842.95,5.68,Completed
735104,19,2023-07-12,Sienna,43415.35,5.48,Completed
735105,6,2023-07-02,Camry,27913.06,3.86,Completed
735106,13,2023-07-21,Highlander,74391.58,5.61,Completed
735107,2,2023-07-03,Sienna,39219.0,4.0,Completed
735108,12,2023-07-27,Tundra,48074.8,5.65,Completed
735109,15,2023-07-24,Corolla,31786.37,4.86,Completed
735110,8,2023-07-01,Camry,41034.73,5.84,Completed
735111,20,2023-07-22,Highlander,68203.02,5.77,Completed
735112,19,2023-07-04,Sienna,42274.18,5.48,Completed
735113,19,2023-07-22,RAV4,43850.75,5.48,Completed
735114,13,2023-07-30,Tacoma,44400.61,5.61,Completed
735115,7,2023-07-10,Corolla,29877.16,5.39,Completed
735116,3,2023-07-23,Tundra,54283.62,5.69,Cancelled
735117,20,2023-07-08,Corolla,27419.77,5.77,Completed
735118,1,2023-07-24,Corolla,26481.34,5.24,Completed
735119,17,2023-07-17,Corolla,19672.12,4.51,Completed
735120,3,2023-07-06,Prius,36354.51,5.69,Completed
735121,16,2023-07-09,Camry,42063.46,6.06,Completed
735122,17,2023-07-11,Sienna,35957.31,4.51,Completed
735123,6,2023-07-04,Camry,32024.25,3.86,Completed
735124,6,2023-07-11,Highlander,48420.15,3.86,Completed
735125,18,2023-07-30,Tundra,52054.4,5.68,Cancelled
735126,10,2023-07-08,Highlander,46964.95,4.88,Completed
735127,14,2023-07-14,Tacoma,39172.94,5.1,Completed
735128,15,2023-07-19,Tacoma,47411.0,4.86,Completed
735129,8,2023-07-30,RAV4,52659.5,5.84,Completed
735130,10,2023-07-08,RAV4,33151.51,4.88,Completed
735131,17,2023-07-30,Prius,22085.61,4.51,Completed
735132,18,2023-07-23,RAV4,50632.59,5.68,Completed
735133,9,2023-07-11,RAV4,37584.11,4.4,Completed
735134,1,2023-07-26,Prius,28094.59,5.24,Completed
735135,6,2023-07-03,Camry,31516.16,3.86,Completed
735136,11,2023-07-24,Tacoma,34223.14,4.16,Completed
735137,1,2023-07-16,RAV4,41852.7,5.24,Pending
735138,7,2023-07-12,Tundra,58889.18,5.39,Completed
735139,1,2023-07-23,RAV4,39671.91,5.24,Completed
735140,16,2023-07-09,RAV4,49601.08,6.06,Completed
735141,3,2023-07-23,Tundra,58071.54,5.69,Completed
735142,11,2023-07-15,Corolla,22687.09,4.16,Completed
735143,9,2023-07-10,Prius,25458.46,4.4,Pending
735144,15,2023-07-04,Tundra,47689.47,4.86,Completed
735145,6,2023-07-19,Camry,29992.0,3.86,Completed
735146,9,2023-07-09,Prius,25106.18,4.4,Completed
735147,15,2023-07-24,Highlander,62056.96,4.86,Completed
735148,13,2023-07-19,Prius,35132.64,5.61,Completed
735149,20,2023-07-26,Tundra,52894.18,5.77,Completed
735150,11,2023-07-03,Highlander,44587.72,4.16,Completed
735151,13,2023-07-05,Sienna,58314.7,5.61,Completed
735152,11,2023-07-08,Sienna,41983.81,4.16,Cancelled
735153,10,2023-07-21,Highlander,52690.2,4.88,Completed
735154,9,2023-07-18,RAV4,31634.83,4.4,Pending
735155,6,2023-07-02,Corolla,20495.16,3.86,Completed
735156,16,2023-07-01,Prius,37610.11,6.06,Completed
735157,14,2023-07-18,Prius,31692.28,5.1,Completed
735158,13,2023-07-16,Tacoma,48114.83,5.61,Completed
735159,19,2023-07-17,Sienna,46779.51,5.48,Completed
735160,9,2023-07-28,RAV4,35341.9,4.4,Completed
735161,8,2023-07-04,Corolla,27458.24,5.84,Completed
735162,3,2023-07-04,Prius,38396.6,5.69,Completed
735163,14,2023-07-07,Tacoma,39801.65,5.1,Completed
735164,18,2023-07-13,Camry,43264.42,5.68,Completed
735165,11,2023-07-28,Tacoma,32296.04,4.16,Completed
735166,17,2023-07-31,Corolla,20553.31,4.51,Completed
735167,1,2023-07-23,Sienna,43888.76,5.24,Completed
735168,17,2023-07-25,Highlander,50391.95,4.51,Completed
735169,6,2023-07-04,Camry,29205.28,3.86,Completed
735170,20,2023-07-14,Highlander,74406.74,5.77,Completed
735171,11,2023-07-18,Highlander,49649.92,4.16,Completed
735172,14,2023-07-27,Corolla,29156.8,5.1,Completed
735173,3,2023-07-08,Tacoma,44388.37,5.69,Completed
735174,9,2023-07-11,Tundra,36225.82,4.4,Completed
735175,8,2023-07-02,Prius,37150.47,5.84,Completed
735176,10,2023-07-07,RAV4,35892.3,4.88,Completed
735177,19,2023-07-06,Sienna,41760.83,5.48,Completed
735178,10,2023-07-22,Highlander,51398.47,4.88,Completed
735179,16,2023-07-02,Corolla,30041.47,6.06,Completed
735180,8,2023-07-06,Highlander,64479.38,5.84,Completed
735181,12,2023-07-15,Corolla,32829.99,5.65,Completed
735182,9,2023-07-13,RAV4,32795.47,4.4,Completed
735183,8,2023-07-21,RAV4,46464.79,5.84,Completed
735184,8,2023-07-07,Sienna,56703.15,5.84,Completed
735185,12,2023-07-02,Camry,38628.82,5.65,Completed
735186,8,2023-07-15,Tacoma,46798.68,5.84,Completed
735187,10,2023-07-24,Sienna,37064.94,4.88,Completed
735188,12,2023-07-08,Tacoma,45743.64,5.65,Completed
735189,12,2023-07-29,Prius,36772.87,5.65,Completed
735190,9,2023-07-30,RAV4,34239.75,4.4,Completed
735191,11,2023-07-28,Corolla,23095.56,4.16,Completed
735192,12,2023-07-27,Camry,39375.92,5.65,Completed
735193,14,2023-07-20,Camry,41407.84,5.1,Pending
735194,10,2023-07-20,Tacoma,35811.44,4.88,Completed
735195,14,2023-07-30,Sienna,52481.19,5.1,Completed
735196,8,2023-07-02,Highlander,72034.46,5.84,Completed
735197,12,2023-07-14,Highlander,63393.89,5.65,Completed
735198,4,2023-07-02,RAV4,30697.3,3.81,Completed
735199,4,2023-07-28,Tundra,38586.03,3.81,Completed
735200,12,2023-07-16,Highlander,71748.48,5.65,Completed
735201,6,2023-07-16,Tacoma,28996.0,3.86,Completed
735202,8,2023-07-29,RAV4,51373.2,5.84,Completed
735203,20,2023-07-31,Tundra,54168.7,5.77,Completed
735204,2,2023-07-13,Camry,31496.62,4.0,Completed
735205,10,2023-07-17,Tacoma,32711.69,4.88,Completed
735206,4,2023-07-19,Sienna,35882.93,3.81,Completed
735207,5,2023-07-11,Tacoma,38138.12,5.34,Completed
735208,8,2023-07-14,Highlander,73582.33,5.84,Completed
735209,19,2023-07-28,Camry,36474.62,5.48,Completed
735210,6,2023-07-11,Corolla,23110.65,3.86,Completed
735211,15,2023-07-06,Corolla,27322.36,4.86,Completed
735212,3,2023-07-31,RAV4,53140.78,5.69,Completed
735213,13,2023-07-29,Prius,38756.1,5.61,Completed
735214,7,2023-07-03,Tundra,50611.35,5.39,Completed
735215,14,2023-07-05,Camry,37715.72,5.1,Completed
735216,8,2023-07-07,Sienna,57097.79,5.84,Completed
735217,14,2023-07-06,Highlander,66649.68,5.1,Completed
735218,4,2023-07-16,Corolla,22552.71,3.81,Completed
735219,20,2023-07-28,Camry,42654.52,5.77,Completed
735220,4,2023-07-29,Sienna,35780.27,3.81,Completed
735221,19,2023-07-11,Highlander,53620.14,5.48,Pending
735222,13,2023-07-29,RAV4,45930.95,5.61,Completed
735223,11,2023-07-17,Corolla,21309.15,4.16,Completed
735224,3,2023-07-27,Tacoma,42633.62,5.69,Completed
735225,16,2023-07-26,Camry,43091.04,6.06,Completed
735226,6,2023-07-28,Prius,26346.25,3.86,Completed
735227,7,2023-07-14,Tundra,50684.62,5.39,Completed
735228,2,2023-07-16,Camry,33009.46,4.0,Completed
735229,9,2023-07-07,Tundra,41931.21,4.4,Completed
735230,18,2023-07-03,Tacoma,51951.2,5.68,Completed
735231,9,2023-07-05,Prius,24923.63,4.4,Completed
735232,8,2023-07-24,RAV4,52292.89,5.84,Completed
735233,11,2023-07-27,Tacoma,29373.59,4.16,Completed
735234,3,2023-07-18,Corolla,28841.13,5.69,Completed
735235,7,2023-07-29,Highlander,70870.56,5.39,Completed
735236,2,2023-07-17,RAV4,33388.02,4.0,Completed
735237,14,2023-07-22,Corolla,28269.27,5.1,Completed
735238,14,2023-07-04,Camry,39461.42,5.1,Completed
735239,1,2023-07-14,Prius,27476.36,5.24,Completed
735240,11,2023-07-04,RAV4,34769.4,4.16,Completed
735241,6,2023-07-25,Sienna,35226.65,3.86,Completed
735242,12,2023-07-20,Prius,31314.9,5.65,Completed
735243,4,2023-07-15,Corolla,21098.48,3.81,Completed
735244,17,2023-07-22,RAV4,35275.07,4.51,Completed
735245,7,2023-07-14,Sienna,58191.08,5.39,Completed
735246,16,2023-07-11,Sienna,51449.23,6.06,Completed
735247,9,2023-07-25,Highlander,47637.01,4.4,Completed
735248,4,2023-07-03,Highlander,49171.8,3.81,Completed
735249,7,2023-07-20,Sienna,54402.78,5.39,Completed
735250,3,2023-07-22,Sienna,53144.01,5.69,Completed
735251,16,2023-07-31,Tundra,56195.55,6.06,Completed
735252,20,2023-07-21,RAV4,51364.81,5.77,Completed
735253,10,2023-07-09,Highlander,48411.46,4.88,Completed
735254,19,2023-07-16,Sienna,46492.26,5.48,Completed
735255,15,2023-07-29,Corolla,30092.55,4.86,Pending
735256,5,2023-07-22,Tundra,44308.56,5.34,Completed
735257,9,2023-07-31,Tacoma,31109.77,4.4,Completed
735258,11,2023-07-15,Prius,23438.38,4.16,Completed
735259,9,2023-07-12,Camry,27488.21,4.4,Completed
735260,15,2023-07-02,Tundra,47557.03,4.86,Completed
735261,10,2023-07-16,Tundra,40989.97,4.88,Completed
735262,8,2023-07-08,Prius,36909.39,5.84,Completed
735263,11,2023-07-06,Camry,31233.78,4.16,Completed
735264,14,2023-07-01,Sienna,46407.95,5.1,Completed
735265,1,2023-07-16,Camry,32278.28,5.24,Completed
735266,5,2023-07-20,Camry,33853.1,5.34,Completed
735267,5,2023-07-03,Tundra,43274.08,5.34,Completed
735268,6,2023-07-18,Tacoma,30239.31,3.86,Cancelled
735269,2,2023-07-17,Tundra,41091.45,4.0,Completed
735270,18,2023-07-21,Camry,42181.93,5.68,Completed
735271,9,2023-07-03,Highlander,44561.03,4.4,Completed
735272,11,2023-07-03,Highlander,47148.22,4.16,Completed
735273,15,2023-07-18,Highlander,69700.8,4.86,Completed
735274,1,2023-07-28,RAV4,40537.58,5.24,Completed
735275,4,2023-07-23,Prius,21848.07,3.81,Completed
735276,10,2023-07-31,Prius,28320.01,4.88,Completed
735277,7,2023-07-06,Tacoma,49591.18,5.39,Completed
735278,11,2023-07-22,Prius,26581.46,4.16,Completed
735279,18,2023-07-08,RAV4,56848.1,5.68,Completed
735280,14,2023-07-14,Tundra,49599.18,5.1,Completed
735281,2,2023-07-08,Prius,26964.1,4.0,Completed
735282,17,2023-07-31,RAV4,34703.49,4.51,Completed
735283,11,2023-07-21,Sienna,37849.94,4.16,Completed
735284,3,2023-07-30,Highlander,70690.15,5.69,Completed
735285,20,2023-07-08,Corolla,32452.88,5.77,Completed
735286,13,2023-07-20,Corolla,29940.89,5.61,Completed
735287,1,2023-07-09,Highlander,55735.48,5.24,Completed
735288,9,2023-07-09,RAV4,35477.47,4.4,Completed
735289,4,2023-07-01,Corolla,20492.61,3.81,Completed
735290,6,2023-07-08,Tundra,39826.19,3.86,Completed
735291,18,2023-07-10,RAV4,51348.34,5.68,Completed
735292,10,2023-07-02,Highlander,52931.66,4.88,Completed
735293,20,2023-07-19,Prius,33008.09,5.77,Completed
735294,10,2023-07-21,Camry,30522.81,4.88,Completed
735295,14,2023-07-11,Prius,34945.54,5.1,Completed
735296,5,2023-07-02,Camry,33264.37,5.34,Completed
735297,14,2023-07-03,Prius,35130.13,5.1,Completed
735298,12,2023-07-13,Corolla,30854.25,5.65,Completed
735299,5,2023-07-06,RAV4,41448.2,5.34,Completed
735300,5,2023-07-26,Tundra,42345.3,5.34,Completed
735301,11,2023-07-22,Sienna,36593.93,4.16,Completed
735302,15,2023-07-07,RAV4,46753.21,4.86,Completed
735303,5,2023-07-18,Tacoma,38612.1,5.34,Pending
735304,13,2023-07-01,RAV4,45984.44,5.61,Completed
735305,8,2023-07-10,Corolla,31033.25,5.84,Completed
735306,14,2023-07-31,Tacoma,41142.11,5.1,Completed
735307,4,2023-07-25,Tacoma,31299.68,3.81,Completed
735308,14,2023-07-30,Sienna,49858.59,5.1,Completed
735309,8,2023-07-20,Sienna,54888.26,5.84,Completed
735310,7,2023-07-04,Camry,39270.01,5.39,Completed
735311,13,2023-07-09,RAV4,48461.77,5.61,Completed
735312,9,2023-07-12,Corolla,22037.11,4.4,Completed
735313,7,2023-07-20,Highlander,62156.0,5.39,Completed
735314,20,2023-07-23,Sienna,55240.48,5.77,Completed
735315,11,2023-07-28,Tacoma,32422.97,4.16,Completed
735316,2,2023-07-02,Prius,27891.31,4.0,Completed
735317,15,2023-07-28,Tacoma,46750.7,4.86,Completed
735318,8,2023-07-23,Camry,44121.36,5.84,Completed
735319,7,2023-07-11,Camry,43049.96,5.39,Pending
735320,17,2023-07-01,Sienna,37554.89,4.51,Completed
735321,17,2023-07-06,Prius,25634.13,4.51,Completed
735322,13,2023-07-10,Prius,39050.76,5.61,Completed
735323,9,2023-07-06,Tundra,36167.25,4.4,Completed
735324,3,2023-07-28,RAV4,53797.94,5.69,Completed
735325,13,2023-07-31,RAV4,49781.73,5.61,Completed
735326,4,2023-07-07,Prius,24058.61,3.81,Completed
735327,16,2023-07-25,Highlander,66725.88,6.06,Completed
735328,20,2023-07-12,Camry,38018.0,5.77,Completed
735329,1,2023-07-22,Sienna,44842.0,5.24,Completed
735330,17,2023-07-29,Prius,22651.19,4.51,Completed
735331,12,2023-07-18,Highlander,63330.38,5.65,Completed
735332,2,2023-07-10,Tacoma,34476.81,4.0,Completed
735333,11,2023-07-27,Tundra,36942.78,4.16,Completed
735334,14,2023-07-17,Tundra,52033.09,5.1,Completed
735335,7,2023-07-20,Tacoma,41907.57,5.39,Completed
735336,14,2023-07-11,Tundra,54827.16,5.1,Completed
735337,4,2023-07-31,Corolla,20450.15,3.81,Completed
735338,6,2023-07-09,Highlander,44677.46,3.86,Completed
735339,9,2023-07-20,Tundra,40771.56,4.4,Completed
735340,1,2023-07-03,Tundra,40338.67,5.24,Completed
735341,9,2023-07-01,RAV4,35599.11,4.4,Cancelled
735342,13,2023-07-10,Prius,36108.11,5.61,Completed
735343,14,2023-07-12,Highlander,64812.23,5.1,Completed
735344,16,2023-07-10,RAV4,47511.86,6.06,Completed
735345,2,2023-07-20,Corolla,22588.35,4.0,Completed
735346,17,2023-07-06,RAV4,30884.5,4.51,Completed
735347,14,2023-07-25,Tacoma,40108.6,5.1,Completed
735348,18,2023-07-11,Camry,47870.41,5.68,Completed
735349,10,2023-07-29,Corolla,21216.88,4.88,Completed
735350,18,2023-07-18,RAV4,53319.49,5.68,Completed
735351,14,2023-07-10,Tacoma,45327.92,5.1,Completed
735352,12,2023-07-21,Prius,30601.73,5.65,Completed
735353,3,2023-07-28,RAV4,47126.69,5.69,Completed
735354,2,2023-07-31,Tundra,38633.59,4.0,Completed
735355,8,2023-07-23,Corolla,32894.05,5.84,Completed
735356,2,2023-07-10,Prius,24235.46,4.0,Completed
735357,13,2023-07-31,Camry,42327.28,5.61,Completed
735358,17,2023-07-22,Corolla,20080.73,4.51,Completed
735359,2,2023-07-24,Tacoma,35532.69,4.0,Completed
735360,11,2023-07-20,Sienna,37858.8,4.16,Completed
735361,5,2023-07-16,Highlander,60891.1,5.34,Completed
735362,5,2023-07-13,RAV4,44642.66,5.34,Completed
735363,17,2023-07-08,Prius,23780.87,4.51,Completed
735364,6,2023-07-07,Sienna,38715.34,3.86,Completed
735365,14,2023-07-04,Prius,34243.04,5.1,Completed
735366,16,2023-07-12,Corolla,31160.24,6.06,Completed
735367,3,2023-07-12,Prius,35700.28,5.69,Completed
735368,7,2023-07-28,Prius,31621.59,5.39,Completed
735369,2,2023-07-20,Corolla,21579.9,4.0,Pending
735370,20,2023-07-26,RAV4,43662.51,5.77,Completed
735371,19,2023-07-28,Tacoma,38835.19,5.48,Completed
735372,12,2023-07-23,Sienna,49047.21,5.65,Pending
735373,7,2023-07-25,Corolla,29969.33,5.39,Completed
735374,1,2023-07-21,Tacoma,40610.12,5.24,Completed
735375,19,2023-07-20,RAV4,43883.73,5.48,Completed
735376,14,2023-07-30,Tundra,45910.72,5.1,Completed
735377,1,2023-07-17,Prius,30939.25,5.24,Completed
735378,12,2023-07-07,Sienna,50603.49,5.65,Completed
735379,10,2023-07-18,RAV4,34650.77,4.88,Completed
735380,8,2023-07-28,Corolla,32556.14,5.84,Pending
735381,2,2023-07-24,Sienna,37568.61,4.0,Completed
735382,8,2023-07-31,Tundra,55165.73,5.84,Completed
735383,2,2023-07-05,Tacoma,36553.16,4.0,Completed
735384,20,2023-07-10,Sienna,48712.81,5.77,Completed
735385,4,2023-07-23,Corolla,22118.12,3.81,Completed
735386,18,2023-07-28,Tacoma,50936.9,5.68,Completed
735387,12,2023-07-18,Corolla,28241.9,5.65,Completed
735388,20,2023-07-12,Corolla,29207.43,5.77,Pending
735389,2,2023-07-30,Tacoma,33408.71,4.0,Completed
735390,14,2023-07-06,Camry,41225.34,5.1,Completed
735391,6,2023-07-20,Corolla,21913.12,3.86,Completed
735392,17,2023-07-02,RAV4,33748.4,4.51,Completed
735393,19,2023-07-03,Camry,32842.33,5.48,Pending
735394,8,2023-07-07,Camry,42516.84,5.84,Completed
735395,13,2023-07-23,Tacoma,49096.96,5.61,Completed
735396,5,2023-07-08,Tacoma,41078.97,5.34,Completed
735397,13,2023-07-02,RAV4,49843.59,5.61,Completed
735398,6,2023-07-19,Prius,24558.02,3.86,Completed
735399,1,2023-07-08,Tundra,46695.46,5.24,Completed
735400,10,2023-07-01,Tacoma,32288.11,4.88,Completed
735401,20,2023-07-14,RAV4,50090.63,5.77,Completed
735402,7,2023-07-29,Corolla,30388.25,5.39,Completed
735403,16,2023-07-24,Tundra,56739.18,6.06,Completed
735404,5,2023-07-09,Prius,30452.71,5.34,Completed
735405,16,2023-07-22,Tacoma,46275.15,6.06,Completed
735406,6,2023-07-27,Highlander,45035.93,3.86,Completed
735407,4,2023-07-20,Corolla,22384.33,3.81,Completed
735408,9,2023-07-22,Tundra,38372.94,4.4,Completed
735409,14,2023-07-03,Camry,38159.01,5.1,Completed
735410,6,2023-07-03,Tacoma,29214.74,3.86,Completed
735411,4,2023-07-27,Corolla,19448.59,3.81,Completed
735412,4,2023-07-28,Corolla,19245.1,3.81,Completed
735413,19,2023-07-17,RAV4,38960.02,5.48,Completed
735414,19,2023-07-01,Sienna,42728.32,5.48,Completed
735415,1,2023-07-29,Tundra,43496.87,5.24,Completed
735416,8,2023-07-10,Camry,38777.92,5.84,Completed
735417,9,2023-07-24,Sienna,36060.92,4.4,Completed
735418,2,2023-07-29,Sienna,43119.24,4.0,Completed
735419,12,2023-07-16,Sienna,56347.71,5.65,Completed
735420,2,2023-07-24,Sienna,41848.08,4.0,Completed
735421,13,2023-07-21,Highlander,66145.14,5.61,Completed
735422,20,2023-07-21,Camry,39122.44,5.77,Completed
735423,19,2023-07-23,Tacoma,36236.83,5.48,Completed
735424,11,2023-07-23,Prius,24737.79,4.16,Completed
735425,7,2023-07-03,Highlander,65383.78,5.39,Completed
735426,7,2023-07-21,Tundra,56588.7,5.39,Completed
735427,12,2023-07-02,Sienna,56555.92,5.65,Completed
735428,6,2023-07-23,RAV4,31418.9,3.86,Completed
735429,13,2023-07-12,Tundra,53828.05,5.61,Completed
735430,1,2023-07-01,Camry,36745.18,5.24,Completed
735431,19,2023-07-03,Sienna,46699.44,5.48,Completed
735432,3,2023-07-23,Sienna,53004.32,5.69,Completed
735433,11,2023-07-08,Sienna,39082.16,4.16,Completed
735434,13,2023-07-24,Sienna,57353.01,5.61,Completed
735435,15,2023-07-16,Sienna,47762.14,4.86,Completed
735436,16,2023-07-05,Tacoma,45007.84,6.06,Completed
735437,13,2023-07-30,Prius,34434.1,5.61,Completed
735438,14,2023-07-07,RAV4,45717.23,5.1,Completed
735439,12,2023-07-17,Highlander,61307.47,5.65,Completed
735440,8,2023-07-27,Corolla,31909.11,5.84,Completed
735441,5,2023-07-27,Sienna,44953.23,5.34,Pending
735442,16,2023-07-01,Tundra,56269.32,6.06,Completed
735443,3,2023-07-06,Corolla,30653.1,5.69,Completed
735444,18,2023-07-07,Tundra,55421.45,5.68,Completed
735445,9,2023-07-16,Tacoma,31407.85,4.4,Completed
735446,8,2023-07-16,Tundra,51901.63,5.84,Completed
735447,16,2023-07-31,Prius,33142.57,6.06,Completed
735448,17,2023-07-20,Tacoma,28205.54,4.51,Completed
735449,19,2023-07-20,Tundra,48255.31,5.48,Completed
735450,7,2023-07-13,Camry,38703.19,5.39,Completed
735451,11,2023-07-25,Tundra,40517.48,4.16,Completed
735452,5,2023-07-05,Corolla,27407.9,5.34,Completed
735453,5,2023-07-24,Tundra,41509.0,5.34,Completed
735454,2,2023-07-09,Corolla,21302.38,4.0,Completed
735455,6,2023-07-13,RAV4,32001.5,3.86,Cancelled
735456,7,2023-07-09,Tundra,54986.65,5.39,Completed
735457,3,2023-07-14,RAV4,50253.13,5.69,Completed
735458,6,2023-07-18,Tacoma,31200.72,3.86,Completed
735459,17,2023-07-03,Tundra,34349.91,4.51,Completed
735460,5,2023-07-01,Sienna,44400.61,5.34,Completed
735461,17,2023-07-10,Camry,31059.42,4.51,Completed
735462,5,2023-07-26,Prius,31739.6,5.34,Completed
735463,6,2023-07-07,Highlander,48309.16,3.86,Completed
735464,11,2023-07-03,Tacoma,34142.18,4.16,Completed
735465,8,2023-07-30,RAV4,50536.37,5.84,Completed
735466,20,2023-07-16,Camry,38050.18,5.77,Completed
735467,19,2023-07-05,RAV4,42786.85,5.48,Completed
735468,14,2023-07-02,RAV4,43736.22,5.1,Completed
735469,8,2023-07-09,Prius,32037.84,5.84,Completed
735470,8,2023-07-16,Highlander,66299.55,5.84,Completed
735471,19,2023-07-20,Corolla,28529.58,5.48,Cancelled
735472,2,2023-07-21,RAV4,38382.45,4.0,Completed
735473,2,2023-07-09,Prius,26757.18,4.0,Completed
735474,13,2023-07-15,Highlander,67943.68,5.61,Completed
735475,3,2023-07-19,Tundra,57746.99,5.69,Completed
735476,18,2023-07-11,Camry,45803.2,5.68,Completed
735477,13,2023-07-27,Highlander,69895.13,5.61,Completed
735478,20,2023-07-29,Corolla,28845.62,5.77,Completed
735479,1,2023-07-02,Corolla,23512.86,5.24,Completed
735480,17,2023-07-23,Tacoma,29023.64,4.51,Completed
735481,12,2023-07-03,Corolla,28352.93,5.65,Completed
735482,9,2023-07-05,RAV4,34238.84,4.4,Completed
735483,1,2023-07-11,Tacoma,34480.42,5.24,Completed
735484,17,2023-07-26,Highlander,49885.82,4.51,Completed
735485,19,2023-07-02,RAV4,41773.57,5.48,Completed
735486,10,2023-07-03,Corolla,22344.87,4.88,Completed
735487,6,2023-07-07,Corolla,22079.3,3.86,Completed
735488,15,2023-07-17,Sienna,48294.97,4.86,Completed
735489,2,2023-07-15,Prius,23733.87,4.0,Completed
735490,11,2023-07-05,Prius,23268.09,4.16,Completed
735491,6,2023-07-07,Tundra,36215.12,3.86,Completed
735492,16,2023-07-03,Corolla,34103.18,6.06,Pending
735493,10,2023-07-25,Highlander,55279.75,4.88,Pending
735494,9,2023-07-21,Corolla,22330.92,4.4,Completed
735495,14,2023-07-17,Prius,34974.79,5.1,Completed
735496,4,2023-07-27,Tundra,37310.05,3.81,Completed
735497,1,2023-07-22,Corolla,23730.69,5.24,Completed
735498,2,2023-07-02,Tundra,40031.89,4.0,Completed
735499,9,2023-07-24,Sienna,40127.32,4.4,Completed
735500,16,2023-07-21,Tundra,56426.1,6.06,Completed
735501,6,2023-07-14,Camry,27928.24,3.86,Completed
735502,7,2023-07-13,Tundra,49531.57,5.39,Completed
735503,4,2023-07-04,Sienna,34882.09,3.81,Completed
735504,17,2023-07-21,Corolla,22771.03,4.51,Completed
735505,5,2023-07-28,Tundra,45515.09,5.34,Completed
735506,11,2023-07-28,Camry,30301.82,4.16,Completed
735507,13,2023-07-15,Prius,35445.6,5.61,Completed
735508,17,2023-07-08,Prius,23444.21,4.51,Completed
735509,9,2023-07-25,Corolla,22556.53,4.4,Completed
735510,3,2023-07-25,Corolla,29054.76,5.69,Completed
735511,13,2023-07-26,Sienna,53176.7,5.61,Completed
735512,4,2023-07-12,Tacoma,31180.77,3.81,Completed
735513,15,2023-07-19,Camry,41550.7,4.86,Completed
735514,14,2023-07-29,Prius,33092.27,5.1,Completed
735515,12,2023-07-05,RAV4,48324.76,5.65,Completed
735516,3,2023-07-16,RAV4,50061.01,5.69,Completed
735517,2,2023-07-29,Sienna,37822.79,4.0,Completed
735518,3,2023-07-09,Sienna,56377.81,5.69,Completed
735519,5,2023-07-03,RAV4,42113.08,5.34,Completed
735520,9,2023-07-09,Sienna,38364.03,4.4,Completed
735521,12,2023-07-17,Sienna,53223.06,5.65,Completed
735522,9,2023-07-07,RAV4,37965.14,4.4,Completed
735523,7,2023-07-21,Tundra,49679.0,5.39,Completed
735524,16,2023-07-24,RAV4,50608.48,6.06,Completed
735525,5,2023-07-22,Highlander,61052.82,5.34,Completed
735526,5,2023-07-04,Tacoma,38321.7,5.34,Completed
735527,5,2023-07-13,Corolla,27152.14,5.34,Completed
735528,3,2023-07-22,Tacoma,48751.46,5.69,Completed
735529,14,2023-07-29,Sienna,52320.33,5.1,Completed
735530,17,2023-07-01,Tundra,36097.33,4.51,Completed
735531,8,2023-07-06,Corolla,27648.69,5.84,Cancelled
735532,3,2023-07-27,Tundra,56635.66,5.69,Completed
735533,13,2023-07-14,Sienna,56048.03,5.61,Completed
735534,7,2023-07-21,Sienna,48556.35,5.39,Completed
735535,2,2023-07-08,Highlander,47627.01,4.0,Completed
735536,13,2023-07-26,Sienna,53269.7,5.61,Completed
735537,6,2023-07-12,Sienna,39757.13,3.86,Completed
735538,6,2023-07-06,RAV4,31592.33,3.86,Completed
735539,14,2023-07-07,RAV4,44141.99,5.1,Completed
735540,3,2023-07-19,Tacoma,46834.54,5.69,Completed
735541,19,2023-07-11,Highlander,55267.21,5.48,Completed
735542,6,2023-07-31,Tacoma,33173.05,3.86,Completed
735543,14,2023-07-13,Highlander,69932.64,5.1,Completed
735544,13,2023-07-26,RAV4,48769.49,5.61,Completed
735545,7,2023-07-28,Camry,37729.53,5.39,Completed
735546,19,2023-07-10,Camry,37567.76,5.48,Completed
735547,7,2023-07-28,Tacoma,46326.7,5.39,Completed
735548,18,2023-07-30,Tundra,54204.53,5.68,Completed
735549,20,2023-07-26,Corolla,32505.49,5.77,Completed
735550,14,2023-07-07,Corolla,30737.9,5.1,Completed
735551,16,2023-07-26,Camry,41059.28,6.06,Completed
735552,1,2023-07-22,Highlander,51299.6,5.24,Completed
735553,15,2023-07-23,Tundra,48476.21,4.86,Completed
735554,15,2023-07-31,Prius,36959.01,4.86,Completed
735555,12,2023-07-08,Camry,39752.16,5.65,Completed
735556,11,2023-07-29,Tacoma,35817.92,4.16,Completed
735557,10,2023-07-18,Prius,27194.2,4.88,Completed
735558,3,2023-07-16,Prius,38818.99,5.69,Completed
735559,11,2023-07-06,RAV4,33508.82,4.16,Completed
735560,7,2023-07-18,Sienna,51991.33,5.39,Completed
735561,2,2023-07-06,Tacoma,36236.18,4.0,Completed
735562,16,2023-07-23,RAV4,45659.61,6.06,Completed
735563,15,2023-07-22,Tacoma,40114.91,4.86,Completed
735564,20,2023-07-12,Tacoma,47553.41,5.77,Completed
735565,13,2023-07-30,Sienna,59436.59,5.61,Pending
735566,11,2023-07-05,Camry,31894.49,4.16,Completed
735567,6,2023-07-31,Corolla,21414.41,3.86,Completed
735568,13,2023-07-16,Corolla,34263.91,5.61,Completed
735569,17,2023-07-05,Camry,29659.87,4.51,Completed
735570,9,2023-07-14,Tundra,40068.34,4.4,Completed
735571,18,2023-07-25,Camry,45837.88,5.68,Completed
735572,2,2023-07-09,Prius,28338.65,4.0,Completed
735573,11,2023-07-23,Corolla,21246.99,4.16,Completed
735574,13,2023-07-18,Prius,34473.02,5.61,Completed
735575,3,2023-07-19,Tundra,60381.58,5.69,Cancelled
735576,11,2023-07-28,Highlander,47008.62,4.16,Completed
735577,4,2023-07-18,Camry,27584.69,3.81,Completed
735578,20,2023-07-24,Tacoma,46537.68,5.77,Completed
735579,10,2023-07-28,Camry,32919.8,4.88,Completed
735580,15,2023-07-15,Highlander,70189.2,4.86,Completed
735581,10,2023-07-11,Corolla,20860.17,4.88,Completed
735582,15,2023-07-01,Sienna,50000.13,4.86,Completed
735583,16,2023-07-05,Tundra,50926.05,6.06,Completed
735584,4,2023-07-02,Prius,23369.22,3.81,Completed
735585,17,2023-07-10,Prius,24316.59,4.51,Completed
735586,8,2023-07-15,Highlander,69059.55,5.84,Completed
735587,14,2023-07-25,Tundra,49064.33,5.1,Completed
735588,4,2023-07-21,Highlander,43528.72,3.81,Completed
735589,11,2023-07-12,RAV4,36553.79,4.16,Completed
735590,5,2023-07-30,Tundra,46885.39,5.34,Completed
735591,9,2023-07-24,Tundra,38608.42,4.4,Cancelled
735592,17,2023-07-02,Sienna,36389.75,4.51,Completed
735593,4,2023-07-10,Tacoma,27763.94,3.81,Completed
735594,1,2023-07-27,Tundra,44939.45,5.24,Completed
735595,12,2023-07-23,RAV4,43244.01,5.65,Completed
735596,9,2023-07-27,Corolla,23629.13,4.4,Completed
735597,7,2023-07-23,RAV4,53797.59,5.39,Completed
735598,6,2023-07-21,Corolla,22773.71,3.86,Completed
735599,4,2023-07-28,Sienna,38102.28,3.81,Completed
735600,13,2023-07-27,Tundra,54176.66,5.61,Completed
735601,13,2023-07-03,Prius,36735.16,5.61,Completed
735602,15,2023-07-12,Corolla,27644.86,4.86,Completed
735603,11,2023-07-07,Camry,31626.58,4.16,Completed
735604,2,2023-07-28,Tundra,36898.15,4.0,Cancelled
735605,20,2023-07-15,Prius,32469.89,5.77,Completed
735606,8,2023-07-20,Tacoma,42369.05,5.84,Completed
735607,12,2023-07-06,Prius,30896.94,5.65,Completed
735608,4,2023-07-22,RAV4,34456.67,3.81,Completed
735609,19,2023-07-02,Tacoma,35196.24,5.48,Pending
735610,19,2023-07-28,RAV4,41800.32,5.48,Completed
735611,11,2023-07-23,Tacoma,30877.49,4.16,Completed
735612,10,2023-07-21,Sienna,42127.79,4.88,Completed
735613,13,2023-07-21,Corolla,34305.84,5.61,Completed
735614,14,2023-07-12,Corolla,31403.65,5.1,Completed
735615,7,2023-07-16,RAV4,49545.86,5.39,Completed
735616,2,2023-07-27,Tundra,37636.43,4.0,Completed
735617,5,2023-07-17,Camry,33140.57,5.34,Completed
735618,20,2023-07-24,Prius,33248.43,5.77,Completed
735619,11,2023-07-13,RAV4,32730.79,4.16,Completed
735620,1,2023-07-07,Highlander,58469.02,5.24,Completed
735621,11,2023-07-01,Prius,22924.72,4.16,Completed
735622,11,2023-07-09,Prius,24704.06,4.16,Completed
735623,12,2023-07-18,Sienna,49690.3,5.65,Completed
735624,20,2023-07-22,Tundra,53615.1,5.77,Completed
735625,3,2023-07-09,Highlander,66217.79,5.69,Completed
735626,16,2023-07-28,Tundra,49036.82,6.06,Completed
735627,17,2023-07-28,Tundra,34256.65,4.51,Completed
735628,11,2023-07-02,Corolla,22167.68,4.16,Completed
735629,2,2023-07-17,Sienna,42076.1,4.0,Completed
735630,9,2023-07-30,Camry,28252.29,4.4,Completed
735631,9,2023-07-05,Tacoma,34680.89,4.4,Pending
735632,16,2023-07-01,Tacoma,42594.34,6.06,Completed
735633,9,2023-07-15,Corolla,23984.25,4.4,Completed
735634,17,2023-07-05,RAV4,30621.94,4.51,Completed
735635,7,2023-07-25,RAV4,46529.12,5.39,Completed
735636,13,2023-07-17,RAV4,48560.19,5.61,Completed
735637,11,2023-07-13,Camry,28001.46,4.16,Completed
735638,7,2023-07-23,Prius,33349.8,5.39,Completed
735639,12,2023-07-18,Prius,31899.88,5.65,Completed
735640,18,2023-07-11,Highlander,67099.7,5.68,Completed
735641,15,2023-07-08,Camry,37093.92,4.86,Completed
735642,12,2023-07-27,Corolla,29030.81,5.65,Completed
735643,13,2023-07-13,RAV4,49106.58,5.61,Completed
735644,2,2023-07-28,Corolla,21897.51,4.0,Completed
735645,10,2023-07-28,Tundra,40439.68,4.88,Completed
735646,6,2023-07-09,Highlander,45428.37,3.86,Completed
735647,3,2023-07-21,Tacoma,49626.0,5.69,Completed
735648,15,2023-07-22,Sienna,55174.41,4.86,Completed
735649,2,2023-07-14,RAV4,37280.51,4.0,Completed
735650,7,2023-07-16,Tacoma,48919.41,5.39,Completed
735651,7,2023-07-03,Tundra,49166.07,5.39,Completed
735652,16,2023-07-29,Tacoma,43312.31,6.06,Completed
735653,5,2023-07-19,RAV4,40376.48,5.34,Completed
735654,3,2023-07-03,RAV4,52052.4,5.69,Completed
735655,15,2023-07-03,Highlander,71859.43,4.86,Completed
735656,10,2023-07-02,Prius,23802.62,4.88,Completed
735657,10,2023-07-02,Corolla,22556.25,4.88,Completed
735658,12,2023-07-16,Tundra,47288.31,5.65,Completed
735659,5,2023-07-04,Tundra,42003.45,5.34,Completed
735660,18,2023-07-15,Sienna,55711.09,5.68,Pending
735661,14,2023-07-02,Tacoma,40623.19,5.1,Pending
735662,8,2023-07-11,Corolla,31760.52,5.84,Completed
735663,4,2023-07-20,Highlander,47809.83,3.81,Completed
735664,4,2023-07-04,RAV4,31351.56,3.81,Completed
735665,14,2023-07-12,Camry,42280.11,5.1,Completed
735666,6,2023-07-05,Camry,27587.43,3.86,Completed
735667,6,2023-07-08,Sienna,38137.71,3.86,Completed
735668,11,2023-07-07,Tacoma,34667.77,4.16,Completed
735669,17,2023-07-31,Tacoma,30333.28,4.51,Completed
735670,2,2023-07-23,Camry,30923.98,4.0,Completed
735671,10,2023-07-23,Camry,33469.51,4.88,Completed
735672,2,2023-07-24,Prius,27283.46,4.0,Completed
735673,1,2023-07-28,Corolla,25759.92,5.24,Completed
735674,7,2023-07-31,Corolla,32087.92,5.39,Completed
735675,13,2023-07-28,Corolla,30501.02,5.61,Completed
735676,11,2023-07-02,Highlander,51751.71,4.16,Completed
735677,15,2023-07-01,Tacoma,47774.28,4.86,Completed
735678,17,2023-07-19,Prius,21952.35,4.51,Completed
735679,8,2023-07-12,Tacoma,40196.42,5.84,Completed
735680,4,2023-07-22,Sienna,36242.66,3.81,Completed
735681,19,2023-07-25,RAV4,41424.86,5.48,Cancelled
735682,4,2023-07-16,Prius,25929.75,3.81,Completed
735683,17,2023-07-12,Highlander,51568.5,4.51,Completed
735684,5,2023-07-19,Camry,36714.81,5.34,Completed
735685,19,2023-07-03,Sienna,47651.1,5.48,Completed
735686,14,2023-07-18,Corolla,27287.33,5.1,Completed
735687,7,2023-07-11,Tacoma,42473.22,5.39,Completed
735688,18,2023-07-05,Corolla,35196.36,5.68,Completed
735689,10,2023-07-30,Highlander,53743.29,4.88,Completed
735690,16,2023-07-31,Highlander,71110.15,6.06,Completed
735691,13,2023-07-15,Sienna,53823.57,5.61,Completed
735692,2,2023-07-21,Sienna,42728.1,4.0,Completed
735693,14,2023-07-04,Sienna,47227.56,5.1,Completed
735694,5,2023-07-08,Camry,36106.09,5.34,Completed
735695,1,2023-07-24,Camry,37091.36,5.24,Completed
735696,3,2023-07-07,Tundra,52002.16,5.69,Completed
735697,1,2023-07-15,Highlander,54084.17,5.24,Completed
735698,11,2023-07-09,RAV4,33629.53,4.16,Completed
735699,9,2023-07-06,Tacoma,30312.89,4.4,Completed
735700,17,2023-07-12,Corolla,20807.7,4.51,Completed
735701,6,2023-07-03,Highlander,50898.11,3.86,Completed
735702,3,2023-07-13,Tundra,56312.99,5.69,Completed
735703,11,2023-07-25,Sienna,38102.44,4.16,Completed
735704,11,2023-07-11,Highlander,52714.01,4.16,Completed
735705,14,2023-07-14,Prius,31468.06,5.1,Completed
735706,10,2023-07-25,Camry,31856.67,4.88,Completed
735707,6,2023-07-30,Corolla,21061.14,3.86,Completed
735708,8,2023-07-10,Tacoma,40758.72,5.84,Completed
735709,17,2023-07-17,Tundra,33813.11,4.51,Completed
735710,1,2023-07-20,Prius,31364.92,5.24,Completed
735711,17,2023-07-08,Sienna,38356.57,4.51,Completed
735712,17,2023-07-15,RAV4,34660.25,4.51,Completed
735713,8,2023-07-20,Tundra,57783.13,5.84,Completed
735714,10,2023-07-13,Camry,28687.19,4.88,Completed
735715,11,2023-07-15,Sienna,35922.53,4.16,Completed
735716,20,2023-07-11,Camry,39237.36,5.77,Completed
735717,14,2023-07-13,Tundra,53129.77,5.1,Completed
735718,5,2023-07-04,Tacoma,38910.12,5.34,Pending
735719,17,2023-07-01,Camry,31147.09,4.51,Completed
735720,6,2023-07-17,Tundra,39781.0,3.86,Completed
735721,14,2023-07-30,Corolla,27526.34,5.1,Completed
735722,9,2023-07-06,Highlander,47970.85,4.4,Completed
735723,5,2023-07-13,Tundra,48132.35,5.34,Completed
735724,1,2023-07-20,Tundra,47169.45,5.24,Completed
735725,6,2023-07-27,RAV4,33563.95,3.86,Completed
735726,8,2023-07-09,Corolla,27991.29,5.84,Completed
735727,19,2023-07-02,RAV4,42970.25,5.48,Completed
735728,17,2023-07-13,Prius,22187.97,4.51,Completed
735729,6,2023-07-13,Camry,28287.93,3.86,Completed
735730,20,2023-07-18,Sienna,57453.01,5.77,Completed
735731,18,2023-07-21,Prius,39251.72,5.68,Completed
735732,12,2023-07-22,Tundra,48520.5,5.65,Completed
735733,1,2023-07-07,Corolla,25161.59,5.24,Completed
735734,6,2023-07-13,Sienna,38945.71,3.86,Completed
735735,3,2023-07-23,RAV4,52299.56,5.69,Completed
735736,8,2023-07-03,Corolla,30608.2,5.84,Completed
735737,15,2023-07-07,Sienna,53815.55,4.86,Completed
735738,19,2023-07-25,Tacoma,40039.56,5.48,Completed
735739,16,2023-07-27,Prius,33415.19,6.06,Completed
735740,4,2023-07-12,Prius,24766.04,3.81,Completed
735741,14,2023-07-18,Corolla,27187.77,5.1,Completed
735742,19,2023-07-09,Prius,29835.04,5.48,Completed
735743,20,2023-07-21,Prius,37142.59,5.77,Completed
735744,15,2023-07-29,Camry,43098.7,4.86,Completed
735745,10,2023-07-04,Highlander,51541.18,4.88,Completed
735746,18,2023-07-18,Corolla,35115.75,5.68,Cancelled
735747,3,2023-07-11,RAV4,50206.71,5.69,Completed
735748,3,2023-07-09,Tacoma,42214.63,5.69,Completed
735749,18,2023-07-02,Prius,38435.83,5.68,Completed
735750,6,2023-07-13,Tundra,36404.85,3.86,Completed
735751,9,2023-07-21,Corolla,20639.13,4.4,Completed
735752,7,2023-07-08,RAV4,44367.92,5.39,Completed
735753,15,2023-07-03,Highlander,71766.4,4.86,Completed
735754,8,2023-07-22,Camry,37744.68,5.84,Completed
735755,16,2023-07-06,Tundra,49978.28,6.06,Completed
735756,10,2023-07-24,Tundra,41686.09,4.88,Completed
735757,6,2023-07-15,Prius,26153.6,3.86,Cancelled
735758,13,2023-07-20,Camry,39006.74,5.61,Completed
735759,16,2023-07-03,Prius,35675.05,6.06,Completed
735760,19,2023-07-26,Camry,35379.01,5.48,Completed
735761,11,2023-07-20,Tacoma,34595.79,4.16,Completed
735762,2,2023-07-19,RAV4,36382.87,4.0,Completed
735763,14,2023-07-14,Highlander,65646.88,5.1,Completed
735764,18,2023-07-17,Prius,36530.81,5.68,Completed
735765,14,2023-07-03,Sienna,52794.38,5.1,Completed
735766,6,2023-07-10,Tacoma,28566.89,3.86,Completed
735767,4,2023-07-09,Tundra,37113.35,3.81,Completed
735768,5,2023-07-27,Tundra,48512.88,5.34,Completed
735769,11,2023-07-30,Sienna,39051.2,4.16,Completed
735770,20,2023-07-08,RAV4,45677.76,5.77,Completed
735771,3,2023-07-15,Camry,45872.19,5.69,Completed
735772,1,2023-07-05,Tacoma,33830.05,5.24,Completed
735773,18,2023-07-06,Tacoma,48971.36,5.68,Completed
735774,2,2023-07-13,Sienna,37656.77,4.0,Completed
735775,13,2023-07-26,Sienna,58399.67,5.61,Completed
735776,14,2023-07-06,Corolla,27156.63,5.1,Completed
735777,15,2023-07-07,RAV4,51174.89,4.86,Completed
735778,17,2023-07-03,Tundra,39400.21,4.51,Completed
735779,8,2023-07-07,Camry,37519.77,5.84,Completed
735780,16,2023-07-25,Tacoma,49269.81,6.06,Completed
735781,4,2023-07-25,Highlander,44822.44,3.81,Completed
735782,15,2023-07-29,Camry,43865.45,4.86,Completed
735783,17,2023-07-18,Camry,30099.74,4.51,Completed
735784,2,2023-07-15,Corolla,23284.06,4.0,Completed
735785,14,2023-07-27,Prius,35095.58,5.1,Completed
735786,16,2023-07-12,Sienna,56905.33,6.06,Completed
735787,6,2023-07-10,Prius,21982.63,3.86,Completed
735788,2,2023-07-09,Tundra,40763.86,4.0,Completed
735789,19,2023-07-20,RAV4,38449.76,5.48,Completed
735790,13,2023-07-03,Camry,43978.37,5.61,Completed
735791,5,2023-07-14,RAV4,37566.33,5.34,Completed
735792,20,2023-07-31,Camry,37391.96,5.77,Completed
735793,1,2023-07-03,Tacoma,38521.29,5.24,Completed
735794,19,2023-07-01,Corolla,24758.76,5.48,Completed
735795,13,2023-07-03,Highlander,75687.38,5.61,Completed
735796,10,2023-07-14,Sienna,39560.44,4.88,Completed
735797,17,2023-07-24,Tundra,40817.46,4.51,Completed
735798,11,2023-07-11,Corolla,23388.95,4.16,Completed
735799,16,2023-07-29,RAV4,53151.8,6.06,Completed
735800,9,2023-07-17,Corolla,21529.53,4.4,Completed
735801,6,2023-07-23,Prius,26003.75,3.86,Completed
735802,4,2023-07-22,Corolla,22240.71,3.81,Completed
735803,9,2023-07-10,Corolla,20996.5,4.4,Completed
735804,1,2023-07-09,Camry,35148.05,5.24,Completed
735805,9,2023-07-10,RAV4,37436.72,4.4,Completed
735806,7,2023-07-24,Tacoma,42549.02,5.39,Completed
735807,2,2023-07-13,RAV4,39090.54,4.0,Completed
735808,14,2023-07-17,Camry,39283.93,5.1,Completed
735809,19,2023-07-14,Sienna,45270.35,5.48,Completed
735810,14,2023-07-19,Tacoma,43229.47,5.1,Completed
735811,5,2023-07-28,RAV4,42617.7,5.34,Completed
735812,18,2023-07-15,Camry,40624.49,5.68,Completed
735813,18,2023-07-25,Sienna,55322.35,5.68,Completed
735814,19,2023-07-01,Sienna,46428.82,5.48,Completed
735815,16,2023-07-22,Tundra,54767.74,6.06,Completed
735816,19,2023-07-09,Prius,26973.51,5.48,Completed
735817,17,2023-07-12,RAV4,33678.06,4.51,Completed
735818,4,2023-07-27,Tundra,40079.71,3.81,Completed
735819,3,2023-07-05,Camry,41907.88,5.69,Completed
735820,1,2023-07-17,Corolla,22969.46,5.24,Pending
735821,13,2023-07-02,Highlander,69760.48,5.61,Completed
735822,19,2023-07-03,Corolla,26814.41,5.48,Completed
735823,14,2023-07-12,Highlander,61224.68,5.1,Completed
735824,14,2023-07-03,Tacoma,44719.04,5.1,Completed
735825,16,2023-07-05,Highlander,71252.9,6.06,Completed
735826,15,2023-07-12,RAV4,46927.65,4.86,Completed
735827,9,2023-07-11,Sienna,41859.84,4.4,Completed
735828,9,2023-07-11,Highlander,49273.1,4.4,Completed
735829,17,2023-07-03,RAV4,33651.23,4.51,Completed
735830,19,2023-07-14,Prius,32576.23,5.48,Completed
735831,8,2023-07-12,Tacoma,47185.75,5.84,Completed
735832,13,2023-07-14,Highlander,64026.43,5.61,Completed
735833,12,2023-07-18,Sienna,53780.66,5.65,Completed
735834,9,2023-07-21,Tacoma,35274.41,4.4,Completed
735835,12,2023-07-15,Tundra,53161.69,5.65,Completed
735836,7,2023-07-02,Sienna,58097.02,5.39,Pending
735837,2,2023-07-05,Corolla,23339.26,4.0,Completed
735838,20,2023-07-01,Highlander,72603.85,5.77,Completed
735839,10,2023-07-22,Tacoma,35536.43,4.88,Completed
735840,7,2023-07-19,RAV4,47174.62,5.39,Completed
735841,16,2023-07-28,Corolla,29185.14,6.06,Completed
735842,11,2023-07-03,Highlander,44693.67,4.16,Completed
735843,20,2023-07-13,Tundra,48941.49,5.77,Completed
735844,1,2023-07-29,Corolla,26230.8,5.24,Completed
735845,14,2023-07-03,Tundra,49363.59,5.1,Completed
735846,11,2023-07-13,Sienna,40487.15,4.16,Completed
735847,5,2023-07-04,Tundra,45066.38,5.34,Completed
735848,19,2023-07-06,Highlander,55301.49,5.48,Completed
735849,8,2023-07-16,Highlander,69537.59,5.84,Completed
735850,17,2023-07-10,Corolla,21438.48,4.51,Completed
735851,20,2023-07-25,Prius,37459.67,5.77,Completed
735852,13,2023-07-10,Tundra,59342.74,5.61,Completed
735853,18,2023-07-21,Corolla,31701.99,5.68,Completed
735854,12,2023-07-09,Prius,35379.51,5.65,Completed
735855,20,2023-07-15,Camry,41764.28,5.77,Completed
735856,3,2023-07-08,Tundra,50673.88,5.69,Completed
735857,2,2023-07-26,RAV4,40481.86,4.0,Completed
735858,2,2023-07-12,Highlander,48188.35,4.0,Completed
735859,2,2023-07-31,Tundra,40133.28,4.0,Completed
735860,15,2023-07-25,Prius,32478.8,4.86,Completed
735861,4,2023-07-27,Tundra,37596.43,3.81,Completed
735862,16,2023-07-02,Prius,34601.82,6.06,Completed
735863,12,2023-07-04,Tundra,51437.77,5.65,Pending
735864,20,2023-07-13,Tundra,54951.47,5.77,Completed
735865,20,2023-07-24,Camry,39851.65,5.77,Pending
735866,7,2023-07-17,Prius,36189.72,5.39,Completed
735867,3,2023-07-16,Corolla,32515.29,5.69,Completed
735868,4,2023-07-19,Prius,23601.77,3.81,Completed
735869,14,2023-07-30,Sienna,52563.94,5.1,Completed
735870,1,2023-07-16,Sienna,41727.81,5.24,Completed
735871,6,2023-07-05,Prius,24404.4,3.86,Completed
735872,5,2023-07-27,Camry,37250.1,5.34,Completed
735873,19,2023-07-05,Prius,32047.79,5.48,Completed
735874,11,2023-07-20,Camry,30883.77,4.16,Completed
735875,10,2023-07-06,RAV4,36325.71,4.88,Completed
735876,12,2023-07-14,Sienna,55143.19,5.65,Completed
735877,17,2023-07-22,Camry,29485.79,4.51,Completed
735878,15,2023-07-07,RAV4,44410.27,4.86,Completed
735879,6,2023-07-09,Camry,27859.16,3.86,Completed
735880,16,2023-07-07,Tacoma,47822.92,6.06,Completed
735881,20,2023-07-03,Sienna,57235.2,5.77,Cancelled
735882,9,2023-07-09,Tacoma,32280.02,4.4,Completed
735883,2,2023-07-13,Tacoma,34023.96,4.0,Completed
735884,12,2023-07-13,Highlander,60867.99,5.65,Completed
735885,1,2023-07-17,Tacoma,39348.64,5.24,Completed
735886,13,2023-07-04,Sienna,50625.97,5.61,Completed
735887,13,2023-07-30,Tundra,52758.6,5.61,Completed
735888,11,2023-07-24,Highlander,47815.98,4.16,Completed
735889,12,2023-07-10,RAV4,46250.68,5.65,Completed
735890,1,2023-07-31,Corolla,26439.0,5.24,Completed
735891,1,2023-07-27,Camry,33062.4,5.24,Completed
735892,9,2023-07-18,Tacoma,31720.98,4.4,Completed
735893,12,2023-07-13,Tundra,47893.96,5.65,Completed
735894,19,2023-07-20,Tacoma,36210.11,5.48,Completed
735895,2,2023-07-26,RAV4,38788.51,4.0,Completed
735896,16,2023-07-05,Camry,45920.41,6.06,Completed
735897,20,2023-07-07,Highlander,70201.43,5.77,Completed
735898,17,2023-07-14,Tacoma,31107.0,4.51,Completed
735899,4,2023-07-06,Sienna,37200.11,3.81,Cancelled
735900,2,2023-07-29,Tacoma,37221.63,4.0,Pending
735901,13,2023-07-12,Sienna,59033.06,5.61,Completed
735902,20,2023-07-27,RAV4,47400.57,5.77,Completed
735903,13,2023-07-17,Tacoma,48289.83,5.61,Completed
735904,10,2023-07-19,Highlander,49912.73,4.88,Completed
735905,13,2023-07-18,Tacoma,44911.13,5.61,Completed
735906,11,2023-07-29,Camry,28730.65,4.16,Completed
735907,17,2023-07-15,RAV4,35265.9,4.51,Completed
735908,19,2023-07-31,Tundra,46498.54,5.48,Completed
735909,10,2023-07-03,RAV4,39422.43,4.88,Completed
735910,6,2023-07-25,Prius,23879.84,3.86,Completed
735911,3,2023-07-26,Sienna,50261.22,5.69,Cancelled
735912,10,2023-07-26,Tundra,43294.54,4.88,Completed
735913,9,2023-07-24,Tundra,35831.25,4.4,Completed
735914,8,2023-07-07,Tacoma,40905.78,5.84,Completed
735915,4,2023-07-01,Camry,30173.26,3.81,Completed
735916,16,2023-07-27,Highlander,68900.37,6.06,Completed
735917,11,2023-07-27,Tundra,36081.79,4.16,Completed
735918,14,2023-07-23,Sienna,53617.94,5.1,Completed
735919,7,2023-07-22,RAV4,52159.44,5.39,Completed
735920,10,2023-07-23,Sienna,38914.4,4.88,Completed
735921,5,2023-07-12,Sienna,48986.63,5.34,Completed
735922,15,2023-07-20,Highlander,73074.61,4.86,Completed
735923,16,2023-07-02,RAV4,51674.93,6.06,Cancelled
735924,17,2023-07-20,Sienna,40530.92,4.51,Completed
735925,8,2023-07-08,Camry,42532.02,5.84,Completed
735926,10,2023-07-23,Corolla,24266.67,4.88,Completed
735927,20,2023-07-31,Prius,37206.88,5.77,Completed
735928,20,2023-07-15,Tacoma,42555.32,5.77,Completed
735929,19,2023-07-04,Tacoma,35821.99,5.48,Completed
735930,6,2023-07-07,RAV4,36868.41,3.86,Completed
735931,14,2023-07-14,Prius,31682.95,5.1,Completed
735932,19,2023-07-02,Prius,29350.43,5.48,Completed
735933,13,2023-07-28,Prius,32462.01,5.61,Pending
735934,7,2023-07-24,Highlander,64263.86,5.39,Completed
735935,11,2023-07-23,Tundra,39491.87,4.16,Completed
735936,13,2023-07-25,Prius,37177.81,5.61,Completed
735937,19,2023-07-10,RAV4,43234.92,5.48,Completed
735938,3,2023-07-13,RAV4,51824.74,5.69,Completed
735939,13,2023-07-02,RAV4,46150.1,5.61,Completed
735940,2,2023-07-11,Camry,34265.9,4.0,Completed
735941,4,2023-07-23,Tacoma,30877.53,3.81,Completed
735942,6,2023-07-02,Tundra,36913.23,3.86,Completed
735943,13,2023-07-15,Tundra,53105.33,5.61,Completed
735944,19,2023-07-19,Camry,38083.33,5.48,Completed
735945,20,2023-07-22,Tacoma,45079.74,5.77,Completed
735946,19,2023-07-22,Corolla,28160.6,5.48,Completed
735947,17,2023-07-08,Tacoma,33847.36,4.51,Completed
735948,14,2023-07-18,Highlander,61516.62,5.1,Completed
735949,1,2023-07-24,Tundra,45737.3,5.24,Completed
735950,5,2023-07-02,Highlander,56339.49,5.34,Pending
735951,18,2023-07-25,Corolla,32080.68,5.68,Completed
735952,19,2023-07-09,Sienna,50226.65,5.48,Completed
735953,10,2023-07-13,Tacoma,34636.8,4.88,Completed
735954,13,2023-07-25,Corolla,29279.78,5.61,Completed
735955,8,2023-07-08,Tundra,52642.0,5.84,Completed
735956,5,2023-07-30,Prius,31365.32,5.34,Pending
735957,2,2023-07-28,Camry,34370.05,4.0,Completed
735958,14,2023-07-17,Tundra,53413.49,5.1,Cancelled
735959,1,2023-07-19,Tundra,40021.61,5.24,Cancelled
735960,4,2023-07-06,Tundra,37409.25,3.81,Completed
735961,10,2023-07-30,Corolla,22539.15,4.88,Completed
735962,12,2023-07-07,Prius,32991.79,5.65,Completed
735963,18,2023-07-11,Camry,41191.39,5.68,Completed
735964,11,2023-07-15,RAV4,35669.69,4.16,Completed
735965,14,2023-07-21,Tundra,49177.93,5.1,Completed
735966,2,2023-07-31,Sienna,43851.85,4.0,Completed
735967,6,2023-07-20,Highlander,51929.24,3.86,Completed
735968,19,2023-07-21,Sienna,46920.67,5.48,Completed
735969,6,2023-07-12,Tacoma,28510.21,3.86,Completed
735970,4,2023-07-21,Camry,26538.44,3.81,Completed
735971,14,2023-07-01,Camry,39193.04,5.1,Completed
735972,13,2023-07-17,Sienna,60268.03,5.61,Completed
735973,20,2023-07-01,Corolla,33386.85,5.77,Completed
735974,4,2023-07-06,Sienna,37850.64,3.81,Completed
735975,18,2023-07-16,Camry,42796.69,5.68,Completed
735976,16,2023-07-13,Sienna,59384.88,6.06,Completed
735977,18,2023-07-18,Sienna,58781.14,5.68,Completed
735978,4,2023-07-10,Camry,29851.03,3.81,Completed
735979,15,2023-07-13,Tacoma,40923.04,4.86,Completed
735980,11,2023-07-16,Highlander,46268.75,4.16,Completed
735981,18,2023-07-15,RAV4,53281.88,5.68,Completed
735982,18,2023-07-30,Sienna,52463.23,5.68,Completed
735983,1,2023-07-01,RAV4,40837.46,5.24,Completed
735984,20,2023-07-13,Prius,36212.12,5.77,Completed
735985,6,2023-07-29,Corolla,23120.6,3.86,Completed
735986,11,2023-07-19,Tundra,41633.69,4.16,Completed
735987,13,2023-07-04,Sienna,54582.16,5.61,Completed
735988,3,2023-07-03,Tundra,58353.13,5.69,Completed
735989,4,2023-07-29,RAV4,36627.89,3.81,Completed
735990,6,2023-07-29,RAV4,34670.88,3.86,Completed
735991,11,2023-07-16,Highlander,45595.14,4.16,Completed
735992,18,2023-07-25,RAV4,48659.35,5.68,Completed
735993,14,2023-07-12,Prius,30935.49,5.1,Completed
735994,9,2023-07-21,Prius,23603.69,4.4,Completed
735995,8,2023-07-22,Prius,36620.09,5.84,Completed
735996,13,2023-07-20,RAV4,49941.81,5.61,Completed
735997,18,2023-07-08,RAV4,56854.57,5.68,Completed
735998,11,2023-07-26,Prius,25280.8,4.16,Completed
735999,17,2023-07-22,Corolla,21286.73,4.51,Completed
736000,7,2023-07-12,Corolla,29751.01,5.39,Completed
736001,2,2023-07-23,Prius,25588.78,4.0,Completed
736002,13,2023-07-07,Highlander,73550.07,5.61,Completed
736003,5,2023-07-14,Prius,30553.68,5.34,Completed
736004,18,2023-07-17,Highlander,65494.57,5.68,Completed
736005,6,2023-07-10,Tundra,36313.48,3.86,Completed
736006,2,2023-07-19,Tundra,42284.43,4.0,Completed
736007,6,2023-07-22,Highlander,51855.09,3.86,Completed
736008,13,2023-07-05,Prius,33326.97,5.61,Completed
736009,4,2023-07-24,RAV4,31092.2,3.81,Completed
736010,16,2023-07-24,Tacoma,41243.05,6.06,Completed
736011,9,2023-07-07,RAV4,34241.12,4.4,Completed
736012,7,2023-07-13,Sienna,55752.58,5.39,Completed
736013,11,2023-07-04,Highlander,49314.27,4.16,Completed
736014,4,2023-07-24,Tundra,37060.31,3.81,Pending
736015,8,2023-07-07,Prius,32962.8,5.84,Completed
736016,17,2023-07-07,Highlander,50139.23,4.51,Completed
736017,17,2023-07-29,Tundra,39256.97,4.51,Completed
736018,7,2023-07-16,Highlander,67220.82,5.39,Completed
736019,20,2023-07-18,Tundra,51666.39,5.77,Completed
736020,12,2023-07-27,Tundra,50126.27,5.65,Completed
736021,7,2023-07-02,Corolla,33426.9,5.39,Completed
736022,1,2023-07-19,Prius,27113.04,5.24,Completed
736023,8,2023-07-12,Sienna,53674.38,5.84,Completed
736024,18,2023-07-31,Tundra,61444.09,5.68,Completed
736025,11,2023-07-11,Tacoma,31532.35,4.16,Completed
736026,5,2023-07-06,Prius,28821.92,5.34,Completed
736027,4,2023-07-10,Camry,26086.32,3.81,Completed
736028,15,2023-07-28,RAV4,50770.37,4.86,Completed
736029,16,2023-07-07,Corolla,31566.52,6.06,Completed
736030,4,2023-07-17,Sienna,34300.41,3.81,Completed
736031,16,2023-07-09,Corolla,33368.58,6.06,Completed
736032,15,2023-07-23,RAV4,46275.08,4.86,Completed
736033,1,2023-07-20,Prius,29003.61,5.24,Completed
736034,9,2023-07-30,Prius,26991.93,4.4,Completed
736035,15,2023-07-19,Tacoma,45782.29,4.86,Completed
736036,7,2023-07-02,Sienna,54223.4,5.39,Completed
736037,7,2023-07-30,RAV4,52565.24,5.39,Completed
736038,15,2023-07-29,Camry,40189.88,4.86,Completed
736039,6,2023-07-25,Tundra,37151.1,3.86,Completed
736040,5,2023-07-31,Camry,31689.95,5.34,Completed
736041,19,2023-07-24,Sienna,42876.79,5.48,Completed
736042,1,2023-07-09,Highlander,56108.3,5.24,Completed
736043,18,2023-07-28,RAV4,50626.66,5.68,Completed
736044,2,2023-07-21,Prius,27705.12,4.0,Completed
736045,20,2023-07-02,Sienna,53870.54,5.77,Completed
736046,9,2023-07-20,Sienna,38501.11,4.4,Completed
736047,1,2023-07-13,Tacoma,40706.09,5.24,Cancelled
736048,12,2023-07-23,Tacoma,41386.22,5.65,Completed
736049,6,2023-07-13,Tacoma,32921.66,3.86,Completed
736050,12,2023-07-18,Tacoma,46761.42,5.65,Completed
736051,11,2023-07-01,Tundra,40307.56,4.16,Completed
736052,7,2023-07-10,Prius,31529.91,5.39,Completed
736053,4,2023-07-07,Tacoma,33128.08,3.81,Completed
736054,7,2023-07-27,Sienna,55231.43,5.39,Completed
736055,18,2023-07-29,RAV4,49413.91,5.68,Completed
736056,13,2023-07-27,Prius,33533.45,5.61,Completed
736057,19,2023-07-12,Tacoma,42536.07,5.48,Completed
736058,12,2023-07-12,Sienna,47270.0,5.65,Completed
736059,20,2023-07-31,Prius,31498.33,5.77,Completed
736060,11,2023-07-20,Tacoma,33993.74,4.16,Completed
736061,14,2023-07-24,Prius,33020.72,5.1,Completed
736062,17,2023-07-26,Tacoma,28996.15,4.51,Completed
736063,2,2023-07-29,Tundra,37142.3,4.0,Completed
736064,20,2023-07-22,Highlander,66167.73,5.77,Completed
736065,14,2023-07-25,Tacoma,40159.84,5.1,Completed
736066,17,2023-07-27,Sienna,34323.77,4.51,Completed
736067,9,2023-07-31,Prius,25494.99,4.4,Completed
736068,13,2023-07-12,Tacoma,50723.08,5.61,Completed
736069,7,2023-07-09,Highlander,73273.82,5.39,Completed
736070,5,2023-07-28,Highlander,61897.01,5.34,Completed
736071,7,2023-07-19,Highlander,68596.01,5.39,Completed
736072,15,2023-07-10,Camry,38465.79,4.86,Completed
736073,2,2023-07-10,Corolla,22347.13,4.0,Completed
736074,2,2023-07-13,Sienna,42447.22,4.0,Completed
736075,19,2023-07-21,Tacoma,37897.0,5.48,Completed
736076,7,2023-07-22,Highlander,66108.18,5.39,Completed
736077,13,2023-07-19,Corolla,34462.51,5.61,Completed
736078,5,2023-07-24,Tundra,49270.11,5.34,Completed
736079,1,2023-07-15,Corolla,23535.55,5.24,Completed
736080,6,2023-07-14,RAV4,36280.82,3.86,Completed
736081,15,2023-07-17,RAV4,43503.95,4.86,Completed
736082,14,2023-07-29,Sienna,51861.49,5.1,Completed
736083,1,2023-07-17,Corolla,27607.77,5.24,Completed
736084,8,2023-07-28,Corolla,28498.6,5.84,Completed
736085,6,2023-07-17,Corolla,19917.94,3.86,Completed
736086,17,2023-07-20,Sienna,37925.55,4.51,Completed
736087,13,2023-07-22,Tacoma,48228.14,5.61,Completed
736088,10,2023-07-01,Tacoma,31912.0,4.88,Completed
736089,2,2023-07-01,Sienna,40122.7,4.0,Completed
736090,11,2023-07-18,Tacoma,30608.67,4.16,Completed
736091,4,2023-07-15,Highlander,48274.58,3.81,Completed
736092,3,2023-07-07,RAV4,52095.02,5.69,Completed
736093,7,2023-07-05,Camry,41365.3,5.39,Completed
736094,8,2023-07-20,Sienna,57607.41,5.84,Completed
736095,14,2023-07-19,Prius,34163.28,5.1,Completed
736096,9,2023-07-22,Sienna,35342.96,4.4,Completed
736097,17,2023-07-13,RAV4,33723.43,4.51,Completed
736098,19,2023-07-28,Camry,35344.29,5.48,Completed
736099,1,2023-07-28,Tacoma,37445.62,5.24,Completed
736100,14,2023-07-03,Sienna,48779.57,5.1,Completed
736101,11,2023-07-28,Camry,27591.62,4.16,Pending
736102,5,2023-07-16,Corolla,24759.42,5.34,Completed
736103,1,2023-07-24,Tundra,44505.93,5.24,Completed
736104,15,2023-07-14,Tundra,56233.68,4.86,Completed
736105,14,2023-07-12,RAV4,45339.48,5.1,Completed
736106,6,2023-07-16,Prius,25927.02,3.86,Completed
736107,11,2023-07-06,Sienna,42172.29,4.16,Completed
736108,18,2023-07-20,Tundra,52824.25,5.68,Completed
736109,19,2023-07-22,Tundra,45785.68,5.48,Completed
736110,9,2023-07-19,Camry,30693.02,4.4,Completed
736111,12,2023-07-19,RAV4,50815.55,5.65,Completed
736112,8,2023-07-18,Tacoma,40444.99,5.84,Completed
736113,19,2023-07-21,RAV4,42118.57,5.48,Completed
736114,2,2023-07-14,Tacoma,32403.45,4.0,Completed
736115,19,2023-07-05,Corolla,28783.02,5.48,Completed
736116,17,2023-07-26,RAV4,31327.32,4.51,Completed
736117,20,2023-07-07,Corolla,28683.76,5.77,Completed
736118,20,2023-07-07,RAV4,44543.84,5.77,Completed
736119,19,2023-07-19,RAV4,43137.02,5.48,Completed
736120,9,2023-07-10,Camry,31421.54,4.4,Completed
736121,11,2023-07-25,Prius,27103.01,4.16,Completed
736122,12,2023-07-25,Prius,31947.65,5.65,Completed
736123,16,2023-07-06,Highlander,74323.57,6.06,Completed
736124,4,2023-07-08,RAV4,30180.34,3.81,Completed
736125,19,2023-07-18,RAV4,42029.9,5.48,Completed
736126,1,2023-07-24,RAV4,40792.86,5.24,Completed
736127,7,2023-07-24,Corolla,29350.14,5.39,Completed
736128,6,2023-07-09,RAV4,34008.67,3.86,Completed
736129,9,2023-07-25,Corolla,22706.12,4.4,Completed
736130,14,2023-07-09,Camry,42753.12,5.1,Completed
736131,18,2023-07-27,Tundra,57192.09,5.68,Completed
736132,3,2023-07-09,Highlander,69916.37,5.69,Completed
736133,1,2023-07-28,Tacoma,34576.48,5.24,Completed
736134,18,2023-07-04,Sienna,52031.75,5.68,Completed
736135,8,2023-07-21,RAV4,48655.93,5.84,Completed
736136,20,2023-07-29,Highlander,67615.74,5.77,Completed
736137,18,2023-07-11,Camry,47967.57,5.68,Completed
736138,4,2023-07-10,Tundra,35133.46,3.81,Completed
736139,7,2023-07-15,Highlander,65983.93,5.39,Completed
736140,16,2023-07-23,Sienna,49982.73,6.06,Completed
736141,5,2023-07-09,Camry,32031.79,5.34,Completed
736142,4,2023-07-28,RAV4,30220.33,3.81,Completed
736143,17,2023-07-03,Corolla,22768.93,4.51,Completed
736144,17,2023-07-17,RAV4,35911.92,4.51,Completed
736145,7,2023-07-07,RAV4,49118.11,5.39,Completed
736146,15,2023-07-27,Tacoma,40066.9,4.86,Completed
736147,19,2023-07-06,Camry,36794.88,5.48,Completed
736148,9,2023-07-13,Sienna,40715.98,4.4,Completed
736149,15,2023-07-25,RAV4,48120.38,4.86,Completed
736150,8,2023-07-24,Prius,32177.51,5.84,Pending
736151,20,2023-07-12,Highlander,72898.67,5.77,Completed
736152,3,2023-07-13,Sienna,55583.04,5.69,Completed
736153,18,2023-07-11,Camry,47065.69,5.68,Completed
736154,2,2023-07-25,Prius,26828.34,4.0,Completed
736155,2,2023-07-28,Sienna,40773.52,4.0,Completed
736156,9,2023-07-23,RAV4,33252.49,4.4,Completed
736157,19,2023-07-08,Camry,38865.3,5.48,Completed
736158,18,2023-07-27,Prius,34869.54,5.68,Completed
736159,4,2023-07-08,Tacoma,31602.79,3.81,Completed
736160,7,2023-07-26,Sienna,57912.68,5.39,Completed
736161,10,2023-07-18,Camry,33573.23,4.88,Completed
736162,8,2023-07-13,RAV4,48939.03,5.84,Completed
736163,18,2023-07-13,Prius,38953.03,5.68,Completed
736164,10,2023-07-30,Highlander,46543.4,4.88,Completed
736165,17,2023-07-29,RAV4,37020.77,4.51,Completed
736166,1,2023-07-12,RAV4,37721.94,5.24,Completed
736167,12,2023-07-11,Sienna,55600.8,5.65,Completed
736168,20,2023-07-02,Tundra,53757.3,5.77,Completed
736169,11,2023-07-17,Sienna,41195.23,4.16,Completed
736170,6,2023-07-17,Tundra,34309.29,3.86,Completed
736171,20,2023-07-06,Prius,33637.81,5.77,Completed
736172,7,2023-07-05,RAV4,48267.31,5.39,Completed
736173,20,2023-07-09,Tacoma,45638.86,5.77,Completed
736174,10,2023-07-18,Prius,27007.79,4.88,Completed
736175,17,2023-07-29,RAV4,30739.23,4.51,Completed
736176,7,2023-07-24,RAV4,53596.28,5.39,Completed
736177,2,2023-07-09,Tacoma,31519.84,4.0,Completed
736178,1,2023-07-14,RAV4,42245.43,5.24,Completed
736179,19,2023-07-16,RAV4,44754.02,5.48,Completed
736180,13,2023-07-15,Highlander,76593.0,5.61,Completed
736181,20,2023-07-01,Prius,37288.52,5.77,Completed
736182,7,2023-07-27,Tundra,56904.94,5.39,Completed
736183,15,2023-07-19,Tacoma,46739.25,4.86,Completed
736184,15,2023-07-16,Camry,43746.08,4.86,Completed
736185,20,2023-07-25,Corolla,30022.2,5.77,Completed
736186,2,2023-07-10,Tundra,37924.12,4.0,Completed
736187,15,2023-07-22,Tundra,48053.74,4.86,Completed
736188,15,2023-07-16,Prius,32089.83,4.86,Completed
736189,2,2023-07-03,Tacoma,35739.5,4.0,Completed
736190,13,2023-07-29,Camry,42680.43,5.61,Cancelled
736191,15,2023-07-06,Highlander,70428.87,4.86,Completed
736192,13,2023-07-01,Corolla,28960.12,5.61,Completed
736193,19,2023-07-21,Highlander,53106.31,5.48,Completed
736194,1,2023-07-23,RAV4,38579.65,5.24,Completed
736195,18,2023-07-25,Tundra,58388.24,5.68,Completed
736196,1,2023-07-16,Highlander,51641.31,5.24,Completed
736197,9,2023-07-27,Highlander,45284.39,4.4,Completed
736198,4,2023-07-10,Sienna,36455.21,3.81,Completed
736199,7,2023-07-18,RAV4,45755.25,5.39,Completed
736200,17,2023-07-01,Prius,25532.7,4.51,Completed
736201,14,2023-07-21,Corolla,29804.65,5.1,Completed
736202,17,2023-07-21,Prius,23734.7,4.51,Completed
736203,15,2023-07-15,Prius,34159.94,4.86,Completed
736204,12,2023-07-03,Corolla,30879.24,5.65,Completed
736205,1,2023-07-30,Tacoma,33872.56,5.24,Completed
736206,17,2023-07-10,Prius,26415.5,4.51,Completed
736207,2,2023-07-18,Highlander,48305.72,4.0,Completed
736208,1,2023-07-01,Prius,29606.71,5.24,Completed
736209,16,2023-07-06,Camry,42161.69,6.06,Completed
736210,10,2023-07-19,RAV4,34685.29,4.88,Completed
736211,17,2023-07-29,Camry,30078.19,4.51,Completed
736212,6,2023-07-28,Corolla,20245.59,3.86,Pending
736213,12,2023-07-16,Prius,36475.23,5.65,Completed
736214,18,2023-07-25,Tundra,57502.75,5.68,Completed
736215,8,2023-07-15,Highlander,69988.88,5.84,Completed
736216,19,2023-07-12,RAV4,40090.17,5.48,Completed
736217,1,2023-07-11,Tundra,40800.41,5.24,Completed
736218,8,2023-07-26,Highlander,66559.63,5.84,Completed
736219,14,2023-07-22,Tacoma,42832.07,5.1,Completed
736220,20,2023-07-07,Prius,37352.6,5.77,Completed
736221,15,2023-07-05,Tundra,52307.5,4.86,Completed
736222,20,2023-07-22,RAV4,45503.02,5.77,Completed
736223,11,2023-07-05,Tacoma,31533.21,4.16,Completed
736224,5,2023-07-03,Tacoma,36235.74,5.34,Completed
736225,14,2023-07-05,Tacoma,43750.17,5.1,Completed
736226,2,2023-07-26,Sienna,43614.59,4.0,Completed
736227,11,2023-07-02,Tacoma,31411.55,4.16,Completed
736228,18,2023-07-11,Tundra,52689.15,5.68,Completed
736229,11,2023-07-05,RAV4,33511.3,4.16,Completed
736230,5,2023-07-28,Tacoma,40370.56,5.34,Completed
736231,12,2023-07-14,Tacoma,44434.67,5.65,Completed
736232,9,2023-07-16,Tundra,41494.26,4.4,Completed
736233,17,2023-07-29,Tacoma,30516.49,4.51,Completed
736234,2,2023-07-19,Sienna,41910.4,4.0,Completed
736235,16,2023-07-06,Tacoma,48366.85,6.06,Completed
736236,2,2023-07-01,Camry,34505.43,4.0,Completed
736237,15,2023-07-07,Corolla,29726.85,4.86,Completed
736238,3,2023-07-01,Camry,41798.72,5.69,Completed
736239,6,2023-07-24,Camry,31645.16,3.86,Completed
736240,2,2023-07-01,Highlander,54109.22,4.0,Completed
736241,2,2023-07-18,Tacoma,35445.3,4.0,Completed
736242,13,2023-07-29,Sienna,59163.52,5.61,Completed
736243,19,2023-07-19,RAV4,37972.15,5.48,Completed
736244,9,2023-07-22,RAV4,32101.76,4.4,Completed
736245,11,2023-07-03,Highlander,48596.69,4.16,Completed
736246,10,2023-07-12,Corolla,24753.39,4.88,Completed
736247,14,2023-07-30,Tundra,47300.87,5.1,Completed
736248,14,2023-07-24,Tacoma,42173.47,5.1,Completed
736249,8,2023-07-20,Corolla,29673.95,5.84,Completed
736250,11,2023-07-09,Camry,29416.31,4.16,Completed
736251,3,2023-07-09,Tacoma,44222.21,5.69,Completed
736252,4,2023-07-10,Tundra,36688.07,3.81,Completed
736253,6,2023-07-12,Corolla,22371.53,3.86,Completed
736254,6,2023-07-08,Camry,31403.98,3.86,Completed
736255,15,2023-07-27,Prius,34971.55,4.86,Pending
736256,13,2023-07-13,Sienna,51685.45,5.61,Completed
736257,13,2023-07-02,Prius,34707.84,5.61,Completed
736258,20,2023-07-30,Highlander,67448.3,5.77,Completed
736259,4,2023-07-28,Tacoma,28525.89,3.81,Completed
736260,2,2023-07-05,RAV4,35950.54,4.0,Completed
736261,17,2023-07-14,Tundra,39203.46,4.51,Completed
736262,18,2023-07-01,Highlander,75630.5,5.68,Completed
736263,7,2023-07-31,Corolla,27756.4,5.39,Completed
736264,15,2023-07-28,Corolla,27218.92,4.86,Completed
736265,2,2023-07-16,RAV4,36631.32,4.0,Completed
736266,3,2023-07-05,Highlander,76349.12,5.69,Completed
736267,20,2023-07-23,Tacoma,42935.71,5.77,Completed
736268,2,2023-07-11,Prius,26704.4,4.0,Completed
736269,13,2023-07-21,Tundra,57853.26,5.61,Completed
736270,15,2023-07-13,Corolla,31356.86,4.86,Pending
736271,10,2023-07-02,Tacoma,31117.75,4.88,Completed
736272,2,2023-07-30,Sienna,36434.49,4.0,Completed
736273,12,2023-07-07,Sienna,52187.28,5.65,Completed
736274,18,2023-07-30,Tundra,60660.57,5.68,Completed
736275,8,2023-07-01,Tundra,56562.67,5.84,Completed
736276,7,2023-07-24,Highlander,67466.1,5.39,Completed
736277,9,2023-07-16,Tacoma,34183.89,4.4,Cancelled
736278,15,2023-07-25,RAV4,51859.24,4.86,Completed
736279,11,2023-07-03,Corolla,20821.92,4.16,Completed
736280,9,2023-07-12,Highlander,51355.53,4.4,Pending
736281,9,2023-07-10,Highlander,50199.49,4.4,Completed
736282,9,2023-07-07,Tacoma,34800.53,4.4,Completed
736283,20,2023-07-10,Camry,45366.34,5.77,Completed
736284,10,2023-07-21,Prius,23709.35,4.88,Completed
736285,12,2023-07-20,Camry,38603.04,5.65,Completed
736286,18,2023-07-22,Corolla,33235.13,5.68,Completed
736287,19,2023-07-14,Prius,32395.44,5.48,Completed
736288,11,2023-07-11,Tundra,36484.55,4.16,Completed
736289,20,2023-07-27,Sienna,50223.83,5.77,Completed
736290,12,2023-07-09,Tacoma,46184.29,5.65,Completed
736291,4,2023-07-25,Tacoma,29004.6,3.81,Completed
736292,13,2023-07-19,RAV4,47558.48,5.61,Completed
736293,19,2023-07-17,Highlander,60715.1,5.48,Completed
736294,5,2023-07-23,Corolla,24861.05,5.34,Completed
736295,7,2023-07-22,Tacoma,46182.59,5.39,Completed
736296,2,2023-07-22,Camry,29666.02,4.0,Completed
736297,7,2023-07-05,Tundra,57792.65,5.39,Completed
736298,20,2023-07-21,Prius,32484.81,5.77,Completed
736299,13,2023-07-14,Corolla,33441.62,5.61,Cancelled
736300,12,2023-07-13,Corolla,28169.15,5.65,Completed
736301,1,2023-07-23,Highlander,59689.43,5.24,Completed
736302,2,2023-07-17,Highlander,56338.5,4.0,Completed
736303,14,2023-07-23,Tundra,47478.45,5.1,Completed
736304,2,2023-07-15,Highlander,55427.3,4.0,Completed
736305,1,2023-07-20,Corolla,24971.94,5.24,Completed
736306,3,2023-07-23,RAV4,49705.42,5.69,Completed
736307,14,2023-07-03,RAV4,46449.47,5.1,Completed
736308,1,2023-07-08,Sienna,42477.65,5.24,Completed
736309,2,2023-07-29,Corolla,23200.65,4.0,Completed
736310,20,2023-07-24,Tacoma,47769.78,5.77,Completed
736311,14,2023-07-17,Corolla,26171.47,5.1,Completed
736312,13,2023-07-25,Highlander,63962.43,5.61,Pending
736313,4,2023-07-14,Tundra,34268.18,3.81,Completed
736314,17,2023-07-08,Camry,27588.61,4.51,Completed
736315,3,2023-07-08,Tacoma,44846.79,5.69,Completed
736316,9,2023-07-22,Tundra,38646.32,4.4,Completed
736317,2,2023-07-04,Tundra,43487.78,4.0,Completed
736318,17,2023-07-19,Prius,21817.92,4.51,Completed
736319,7,2023-07-13,Tundra,55553.43,5.39,Completed
736320,2,2023-07-02,Camry,29332.3,4.0,Completed
736321,6,2023-07-26,Tundra,36580.35,3.86,Completed
736322,14,2023-07-11,Corolla,28063.65,5.1,Completed
736323,1,2023-07-11,Camry,31981.18,5.24,Completed
736324,5,2023-07-27,Highlander,61916.15,5.34,Completed
736325,14,2023-07-30,Tacoma,39282.84,5.1,Completed
736326,4,2023-07-15,Camry,30461.88,3.81,Completed
736327,10,2023-07-20,Corolla,21366.98,4.88,Completed
736328,12,2023-07-02,Camry,42654.2,5.65,Completed
736329,13,2023-07-05,Sienna,50972.21,5.61,Completed
736330,11,2023-07-27,Tundra,37942.14,4.16,Completed
736331,12,2023-07-26,Highlander,65515.39,5.65,Completed
736332,17,2023-07-21,Camry,27614.42,4.51,Completed
736333,4,2023-07-25,Highlander,46676.6,3.81,Completed
736334,5,2023-07-23,Tundra,44664.96,5.34,Completed
736335,12,2023-07-08,Tundra,47739.99,5.65,Pending
736336,13,2023-07-26,Prius,33437.38,5.61,Completed
736337,19,2023-07-19,Tacoma,35767.53,5.48,Completed
736338,6,2023-07-09,Corolla,20994.43,3.86,Pending
736339,2,2023-07-11,Tundra,42759.47,4.0,Completed
736340,11,2023-07-20,Prius,24108.17,4.16,Completed
736341,6,2023-07-16,Prius,25056.51,3.86,Cancelled
736342,15,2023-07-31,Tacoma,43549.82,4.86,Completed
736343,11,2023-07-29,RAV4,35298.25,4.16,Completed
736344,2,2023-07-26,Camry,29784.07,4.0,Completed
736345,16,2023-07-22,Corolla,32431.03,6.06,Cancelled
736346,7,2023-07-23,Sienna,58093.17,5.39,Pending
736347,13,2023-07-15,Tundra,58988.17,5.61,Completed
736348,17,2023-07-16,Tacoma,33386.09,4.51,Completed
736349,8,2023-07-14,Highlander,71325.77,5.84,Completed
736350,10,2023-07-20,Sienna,39719.81,4.88,Completed
736351,17,2023-07-01,Tacoma,32628.47,4.51,Completed
736352,1,2023-07-31,Sienna,44487.23,5.24,Completed
736353,12,2023-07-11,Prius,33195.21,5.65,Cancelled
736354,3,2023-07-16,Corolla,30928.72,5.69,Completed
736355,2,2023-07-02,Corolla,24421.29,4.0,Completed
736356,10,2023-07-24,Sienna,36138.34,4.88,Completed
736357,3,2023-07-14,Tundra,53243.34,5.69,Completed
736358,7,2023-07-03,Tundra,53711.0,5.39,Completed
736359,4,2023-07-07,Tundra,39758.87,3.81,Completed
736360,19,2023-07-22,Tundra,42504.62,5.48,Completed
736361,17,2023-07-26,Highlander,46923.25,4.51,Completed
736362,9,2023-07-29,Corolla,24037.92,4.4,Completed
736363,11,2023-07-18,Camry,31611.31,4.16,Completed
736364,4,2023-07-31,Tundra,39274.8,3.81,Cancelled
736365,7,2023-07-02,Tundra,53143.01,5.39,Completed
736366,9,2023-07-07,Tundra,39996.59,4.4,Completed
736367,5,2023-07-11,Corolla,25487.67,5.34,Completed
736368,8,2023-07-04,RAV4,47628.71,5.84,Completed
736369,7,2023-07-19,Highlander,73857.96,5.39,Completed
736370,5,2023-07-05,Corolla,23948.46,5.34,Completed
736371,9,2023-07-24,Corolla,20021.8,4.4,Completed
736372,2,2023-07-18,Highlander,47702.67,4.0,Completed
736373,15,2023-07-26,Sienna,54851.1,4.86,Completed
736374,3,2023-07-20,Tundra,50991.37,5.69,Completed
736375,7,2023-07-19,Highlander,73154.44,5.39,Completed
736376,15,2023-07-24,Highlander,64674.91,4.86,Completed
736377,1,2023-07-19,Tundra,41679.95,5.24,Completed
736378,17,2023-07-01,Corolla,22081.3,4.51,Completed
736379,17,2023-07-15,Tundra,35851.49,4.51,Completed
736380,4,2023-07-24,Highlander,48084.51,3.81,Completed
736381,7,2023-07-18,RAV4,49946.58,5.39,Completed
736382,19,2023-07-31,Tacoma,39947.58,5.48,Completed
736383,5,2023-07-03,Tacoma,37220.65,5.34,Completed
736384,15,2023-07-31,Corolla,31612.09,4.86,Completed
736385,16,2023-07-18,RAV4,48162.46,6.06,Completed
736386,15,2023-07-05,Sienna,51705.55,4.86,Completed
736387,9,2023-07-25,Highlander,44088.15,4.4,Completed
736388,13,2023-07-23,Prius,34358.17,5.61,Completed
736389,8,2023-07-10,Corolla,27584.39,5.84,Completed
736390,11,2023-07-20,RAV4,32625.56,4.16,Completed
736391,20,2023-07-10,Camry,40988.75,5.77,Completed
736392,20,2023-07-01,Camry,42995.5,5.77,Completed
736393,16,2023-07-02,Sienna,48722.91,6.06,Completed
736394,15,2023-07-26,Tundra,50733.72,4.86,Completed
736395,1,2023-07-23,Sienna,47347.68,5.24,Completed
736396,6,2023-07-29,Prius,22529.09,3.86,Completed
736397,14,2023-07-27,RAV4,50131.98,5.1,Completed
736398,8,2023-07-11,RAV4,46877.16,5.84,Completed
736399,7,2023-07-07,Sienna,55336.75,5.39,Completed
736400,19,2023-07-26,Corolla,25762.27,5.48,Completed
736401,15,2023-07-11,Tundra,47535.23,4.86,Completed
736402,15,2023-07-10,Camry,43557.93,4.86,Completed
736403,7,2023-07-04,Prius,36954.88,5.39,Completed
736404,1,2023-07-17,Tundra,41877.69,5.24,Completed
736405,3,2023-07-15,Prius,35291.88,5.69,Completed
736406,10,2023-07-27,Tundra,37205.71,4.88,Completed
736407,1,2023-07-19,Corolla,27532.31,5.24,Pending
736408,16,2023-07-05,Camry,42124.73,6.06,Completed
736409,18,2023-07-25,Camry,47230.36,5.68,Completed
736410,8,2023-07-18,RAV4,48466.16,5.84,Completed
736411,5,2023-07-30,Tacoma,39973.91,5.34,Completed
736412,8,2023-07-26,Tundra,50720.79,5.84,Completed
736413,5,2023-07-18,Prius,27822.68,5.34,Completed
736414,19,2023-07-04,Prius,27059.31,5.48,Completed
736415,4,2023-07-13,Corolla,21932.0,3.81,Completed
736416,4,2023-07-25,RAV4,36230.01,3.81,Completed
736417,20,2023-07-17,RAV4,46883.18,5.77,Completed
736418,15,2023-07-22,Tacoma,45442.25,4.86,Completed
736419,15,2023-07-21,Corolla,29634.77,4.86,Completed
736420,4,2023-07-08,Sienna,39778.61,3.81,Completed
736421,3,2023-07-14,RAV4,46996.37,5.69,Completed
736422,14,2023-07-12,Prius,35132.92,5.1,Completed
736423,17,2023-07-24,Sienna,37330.2,4.51,Completed
736424,12,2023-07-08,Prius,36677.65,5.65,Cancelled
736425,14,2023-07-23,Prius,35710.9,5.1,Completed
736426,5,2023-07-15,Highlander,60794.25,5.34,Completed
736427,16,2023-07-09,Tundra,57972.47,6.06,Completed
736428,12,2023-07-05,Highlander,65539.74,5.65,Completed
736429,4,2023-07-18,Highlander,47810.51,3.81,Completed
736430,13,2023-07-25,Highlander,71258.95,5.61,Completed
736431,18,2023-07-28,Tacoma,43441.06,5.68,Completed
736432,12,2023-07-19,Tacoma,40997.94,5.65,Completed
736433,2,2023-07-28,Prius,27810.07,4.0,Completed
736434,11,2023-07-20,Sienna,38792.13,4.16,Completed
736435,19,2023-07-26,Tacoma,35666.5,5.48,Completed
736436,10,2023-07-25,Tacoma,36263.68,4.88,Completed
736437,15,2023-07-25,Tundra,54009.1,4.86,Completed
736438,14,2023-07-19,Corolla,31037.48,5.1,Completed
736439,20,2023-07-07,Camry,37351.85,5.77,Completed
736440,12,2023-07-16,Tacoma,40966.56,5.65,Completed
736441,10,2023-07-13,RAV4,37446.19,4.88,Completed
736442,1,2023-07-17,Prius,31041.34,5.24,Completed
736443,20,2023-07-03,Tundra,57692.08,5.77,Completed
736444,4,2023-07-16,Corolla,20408.35,3.81,Completed
736445,5,2023-07-20,Sienna,45423.05,5.34,Completed
736446,9,2023-07-02,Highlander,44520.62,4.4,Completed
736447,11,2023-07-31,Corolla,23163.68,4.16,Pending
736448,5,2023-07-02,RAV4,37000.53,5.34,Completed
736449,1,2023-07-07,RAV4,37461.16,5.24,Completed
736450,7,2023-07-02,Sienna,58586.12,5.39,Completed
736451,3,2023-07-12,Prius,38316.75,5.69,Completed
736452,14,2023-07-22,Tundra,51618.97,5.1,Completed
736453,6,2023-07-22,Sienna,34169.64,3.86,Completed
736454,14,2023-07-11,Prius,34648.62,5.1,Completed
736455,13,2023-07-05,RAV4,53603.9,5.61,Completed
736456,10,2023-07-18,Corolla,24143.34,4.88,Completed
736457,18,2023-07-07,Sienna,58826.64,5.68,Completed
736458,10,2023-07-22,Highlander,48433.08,4.88,Completed
736459,7,2023-07-14,Highlander,73662.14,5.39,Completed
736460,18,2023-07-01,Corolla,29886.23,5.68,Completed
736461,6,2023-07-16,Camry,26870.82,3.86,Completed
736462,17,2023-07-13,Tundra,33775.42,4.51,Completed
736463,7,2023-07-26,Camry,38519.71,5.39,Completed
736464,11,2023-07-16,Tundra,42168.6,4.16,Completed
736465,16,2023-07-13,RAV4,45065.7,6.06,Completed
736466,5,2023-07-20,RAV4,41827.36,5.34,Completed
736467,17,2023-07-04,Highlander,51986.43,4.51,Completed
736468,9,2023-07-15,Sienna,35232.06,4.4,Completed
736469,19,2023-07-17,Tundra,43575.68,5.48,Completed
736470,2,2023-07-26,Tacoma,34429.67,4.0,Completed
736471,16,2023-07-01,Tundra,51348.13,6.06,Completed
736472,20,2023-07-12,Prius,33773.28,5.77,Completed
736473,11,2023-07-05,Highlander,48565.39,4.16,Completed
736474,4,2023-07-15,Tundra,39181.04,3.81,Completed
736475,13,2023-07-21,RAV4,54623.8,5.61,Completed
736476,4,2023-07-02,RAV4,30708.11,3.81,Completed
736477,5,2023-07-23,Tacoma,38841.22,5.34,Completed
736478,14,2023-07-15,Tacoma,46052.95,5.1,Completed
736479,4,2023-07-05,Corolla,21820.99,3.81,Completed
736480,16,2023-07-05,Camry,38415.54,6.06,Completed
736481,10,2023-07-13,Sienna,42441.64,4.88,Completed
736482,6,2023-07-01,RAV4,33777.93,3.86,Completed
736483,14,2023-07-29,Camry,37890.94,5.1,Completed
736484,6,2023-07-14,Highlander,51441.58,3.86,Completed
736485,18,2023-07-06,Sienna,54906.63,5.68,Completed
736486,10,2023-07-29,Sienna,39878.07,4.88,Cancelled
736487,7,2023-07-04,Tacoma,42936.78,5.39,Completed
736488,17,2023-07-11,Corolla,23323.53,4.51,Completed
736489,12,2023-07-19,Tacoma,41265.59,5.65,Completed
736490,2,2023-07-15,Tundra,41998.4,4.0,Completed
736491,8,2023-07-26,Sienna,51240.89,5.84,Completed
736492,7,2023-07-23,Tacoma,44624.82,5.39,Completed
736493,1,2023-07-24,RAV4,36593.59,5.24,Completed
736494,8,2023-07-15,Corolla,32835.0,5.84,Completed
736495,20,2023-07-29,RAV4,51989.88,5.77,Completed
736496,14,2023-07-07,Tacoma,46255.26,5.1,Completed
736497,11,2023-07-08,Tacoma,29464.37,4.16,Completed
736498,3,2023-07-01,Camry,42022.18,5.69,Completed
736499,19,2023-07-13,Prius,32767.65,5.48,Completed
736500,7,2023-07-23,Tundra,56419.6,5.39,Completed
736501,3,2023-07-26,Camry,45996.02,5.69,Completed
736502,5,2023-07-29,Tundra,46684.01,5.34,Completed
736503,18,2023-07-12,Corolla,32274.36,5.68,Completed
736504,18,2023-07-27,Tundra,58150.05,5.68,Cancelled
736505,15,2023-07-21,Tacoma,46093.45,4.86,Completed
736506,4,2023-07-24,Camry,28304.02,3.81,Completed
736507,12,2023-07-10,Tundra,49960.99,5.65,Completed
736508,13,2023-07-31,RAV4,52275.56,5.61,Completed
736509,8,2023-07-16,RAV4,50255.59,5.84,Completed
736510,8,2023-07-27,Tundra,49450.06,5.84,Completed
736511,2,2023-07-09,Highlander,56093.23,4.0,Pending
736512,12,2023-07-10,Tacoma,41343.29,5.65,Completed
736513,20,2023-07-26,Tacoma,45708.68,5.77,Completed
736514,11,2023-07-27,Tundra,39334.59,4.16,Completed
736515,1,2023-07-05,Sienna,46823.3,5.24,Completed
736516,17,2023-07-25,Camry,30569.42,4.51,Completed
736517,14,2023-07-13,Prius,34352.54,5.1,Completed
736518,6,2023-07-25,Prius,26767.03,3.86,Pending
736519,18,2023-07-26,Highlander,77631.13,5.68,Completed
736520,14,2023-07-30,Sienna,52326.31,5.1,Completed
736521,13,2023-07-27,RAV4,47728.26,5.61,Completed
736522,4,2023-07-03,Sienna,34607.77,3.81,Completed
736523,20,2023-07-16,Highlander,66802.41,5.77,Completed
736524,9,2023-07-08,Sienna,41259.72,4.4,Completed
736525,16,2023-07-22,Camry,39625.83,6.06,Completed
736526,20,2023-07-22,Tundra,56435.49,5.77,Pending
736527,3,2023-07-19,Camry,44607.14,5.69,Completed
736528,11,2023-07-11,Camry,29600.18,4.16,Completed
736529,4,2023-07-19,Highlander,43668.31,3.81,Pending
736530,11,2023-07-14,Camry,27418.7,4.16,Completed
736531,5,2023-07-31,Sienna,46950.74,5.34,Completed
736532,9,2023-07-15,Corolla,20820.84,4.4,Completed
736533,1,2023-07-18,Sienna,47201.55,5.24,Completed
736534,7,2023-07-20,Corolla,28708.64,5.39,Completed
736535,9,2023-07-17,Sienna,36792.92,4.4,Completed
736536,7,2023-07-31,Corolla,30466.96,5.39,Completed
736537,10,2023-07-21,Tundra,39897.86,4.88,Completed
736538,16,2023-07-15,RAV4,45431.89,6.06,Completed
736539,19,2023-07-17,Prius,31482.33,5.48,Completed
736540,15,2023-07-13,Prius,34420.62,4.86,Completed
736541,14,2023-07-22,Prius,31023.15,5.1,Completed
736542,1,2023-07-31,Sienna,46877.65,5.24,Completed
736543,11,2023-07-24,Camry,28264.63,4.16,Completed
736544,19,2023-07-08,Corolla,24016.62,5.48,Completed
736545,14,2023-07-29,Tundra,49998.8,5.1,Pending
736546,2,2023-07-22,Corolla,20974.84,4.0,Completed
736547,5,2023-07-31,Highlander,55541.86,5.34,Completed
736548,7,2023-07-13,Corolla,32480.71,5.39,Completed
736549,20,2023-07-29,Sienna,56260.67,5.77,Completed
736550,13,2023-07-31,Prius,34336.42,5.61,Completed
736551,4,2023-07-06,Tacoma,32432.58,3.81,Completed
736552,19,2023-07-08,Highlander,60983.41,5.48,Completed
736553,11,2023-07-17,Tundra,39389.25,4.16,Completed
736554,10,2023-07-20,Tacoma,35149.31,4.88,Completed
736555,16,2023-07-09,Tacoma,45847.53,6.06,Completed
736556,13,2023-07-05,Tacoma,45927.68,5.61,Completed
736557,15,2023-07-08,RAV4,43645.58,4.86,Completed
736558,19,2023-07-14,RAV4,41823.33,5.48,Completed
736559,18,2023-07-24,Prius,33885.71,5.68,Completed
736560,8,2023-07-13,Camry,43528.05,5.84,Completed
736561,5,2023-07-17,Corolla,26203.28,5.34,Completed
736562,7,2023-07-08,Tacoma,48050.27,5.39,Completed
736563,4,2023-07-28,Tacoma,28245.11,3.81,Completed
736564,14,2023-07-09,Highlander,58839.23,5.1,Completed
736565,16,2023-07-16,Tundra,50539.28,6.06,Completed
736566,14,2023-07-30,Camry,40780.58,5.1,Completed
736567,15,2023-07-11,Sienna,50453.34,4.86,Completed
736568,10,2023-07-30,Tacoma,30693.81,4.88,Completed
736569,14,2023-07-25,Corolla,27964.01,5.1,Completed
736570,12,2023-07-22,Sienna,52082.75,5.65,Completed
736571,17,2023-07-24,Corolla,20854.44,4.51,Completed
736572,1,2023-07-23,Highlander,61091.71,5.24,Completed
736573,11,2023-07-30,Tacoma,30270.05,4.16,Completed
736574,2,2023-07-02,RAV4,38659.37,4.0,Completed
736575,8,2023-07-22,Corolla,28370.34,5.84,Completed
736576,7,2023-07-28,Corolla,33399.4,5.39,Completed
736577,6,2023-07-26,Sienna,35165.11,3.86,Cancelled
736578,18,2023-07-27,Prius,38960.91,5.68,Completed
736579,12,2023-07-12,RAV4,45888.73,5.65,Completed
736580,1,2023-07-06,Highlander,59678.61,5.24,Cancelled
736581,5,2023-07-20,RAV4,40947.86,5.34,Completed
736582,6,2023-07-27,Corolla,21068.28,3.86,Completed
736583,10,2023-07-11,Tundra,36207.21,4.88,Completed
736584,20,2023-07-15,Highlander,68974.91,5.77,Completed
736585,3,2023-07-12,Corolla,30060.28,5.69,Completed
736586,11,2023-07-05,Prius,23437.86,4.16,Completed
736587,8,2023-07-25,Tundra,55240.8,5.84,Completed
736588,19,2023-07-13,Sienna,46881.09,5.48,Completed
736589,13,2023-07-09,Tundra,51883.52,5.61,Completed
736590,8,2023-07-05,Highlander,68067.38,5.84,Completed
736591,11,2023-07-13,Prius,27163.94,4.16,Completed
736592,20,2023-07-10,Highlander,63308.32,5.77,Completed
736593,4,2023-07-29,Tacoma,33594.69,3.81,Completed
736594,6,2023-07-31,Prius,22227.53,3.86,Completed
736595,20,2023-07-02,Tacoma,40394.65,5.77,Completed
736596,2,2023-07-12,Highlander,49700.55,4.0,Cancelled
736597,16,2023-07-19,Highlander,64218.15,6.06,Completed
736598,15,2023-07-14,Sienna,49145.47,4.86,Cancelled
736599,12,2023-07-12,Highlander,63890.87,5.65,Completed
736600,19,2023-07-11,Camry,37737.48,5.48,Completed
736601,13,2023-07-09,Highlander,65797.75,5.61,Pending
736602,16,2023-07-25,Tacoma,42117.39,6.06,Completed
736603,10,2023-07-19,Tundra,38431.49,4.88,Completed
736604,4,2023-07-01,Highlander,42269.06,3.81,Completed
736605,17,2023-07-17,Sienna,33731.47,4.51,Completed
736606,16,2023-07-17,Camry,41898.01,6.06,Completed
736607,13,2023-07-25,Tacoma,49929.09,5.61,Completed
736608,8,2023-07-18,Camry,37730.94,5.84,Completed
736609,1,2023-07-05,Camry,34101.26,5.24,Completed
736610,18,2023-07-12,Prius,34595.87,5.68,Completed
736611,20,2023-07-15,Tundra,50503.28,5.77,Completed
736612,5,2023-07-27,Highlander,56556.79,5.34,Completed
736613,6,2023-07-06,RAV4,31171.66,3.86,Completed
736614,9,2023-07-28,Tundra,41791.63,4.4,Completed
736615,5,2023-07-26,RAV4,37516.85,5.34,Completed
736616,6,2023-07-06,Tundra,39137.07,3.86,Completed
736617,4,2023-07-24,Tundra,34808.95,3.81,Completed
736618,13,2023-07-23,RAV4,50724.8,5.61,Completed
736619,1,2023-07-01,Highlander,51122.84,5.24,Completed
736620,15,2023-07-14,Tacoma,44871.77,4.86,Completed
736621,13,2023-07-30,Tundra,59699.32,5.61,Completed
736622,15,2023-07-20,Sienna,55276.74,4.86,Completed
736623,8,2023-07-17,Sienna,53583.12,5.84,Completed
736624,10,2023-07-23,RAV4,33584.61,4.88,Completed
736625,20,2023-07-05,Camry,43890.37,5.77,Completed
736626,14,2023-07-22,Tundra,49485.47,5.1,Completed
736627,15,2023-07-04,Tundra,49585.7,4.86,Completed
736628,14,2023-07-05,Tundra,46925.48,5.1,Completed
736629,1,2023-07-03,Prius,27405.77,5.24,Completed
736630,20,2023-07-05,Corolla,31263.19,5.77,Completed
736631,10,2023-07-11,Tacoma,34174.12,4.88,Pending
736632,2,2023-07-22,Tundra,42417.76,4.0,Pending
736633,11,2023-07-02,Tundra,37294.46,4.16,Completed
736634,10,2023-07-20,Tacoma,31925.57,4.88,Completed
736635,1,2023-07-25,Prius,26541.7,5.24,Completed
736636,16,2023-07-17,Highlander,74834.87,6.06,Completed
736637,8,2023-07-11,Tundra,55885.18,5.84,Completed
736638,4,2023-07-23,RAV4,33849.57,3.81,Completed
736639,19,2023-07-07,Prius,32666.48,5.48,Completed
736640,4,2023-07-04,Camry,26342.96,3.81,Completed
736641,14,2023-07-24,Highlander,59698.55,5.1,Completed
736642,7,2023-07-18,Sienna,51861.98,5.39,Completed
736643,16,2023-07-22,Corolla,33168.15,6.06,Completed
736644,10,2023-07-02,RAV4,37906.28,4.88,Completed
736645,10,2023-07-31,Highlander,49655.59,4.88,Completed
736646,20,2023-07-13,Corolla,30178.48,5.77,Completed
736647,6,2023-07-05,Prius,23252.13,3.86,Completed
736648,12,2023-07-25,Corolla,29164.26,5.65,Completed
736649,16,2023-07-09,Prius,37815.49,6.06,Completed
736650,9,2023-07-06,Corolla,23164.09,4.4,Completed
736651,4,2023-07-06,Highlander,48698.08,3.81,Completed
736652,6,2023-07-07,Prius,21992.5,3.86,Completed
736653,13,2023-07-28,Tundra,57809.11,5.61,Completed
736654,2,2023-07-07,Tacoma,34362.7,4.0,Completed
736655,13,2023-07-26,Sienna,58108.84,5.61,Completed
736656,9,2023-07-16,RAV4,36834.19,4.4,Completed
736657,15,2023-07-08,Corolla,27093.7,4.86,Completed
736658,8,2023-07-27,Corolla,32322.68,5.84,Completed
736659,15,2023-07-25,Prius,36247.92,4.86,Completed
736660,7,2023-07-11,Prius,31724.23,5.39,Completed
736661,2,2023-07-14,Tundra,41957.13,4.0,Completed
736662,4,2023-07-05,Corolla,22451.54,3.81,Completed
736663,19,2023-07-17,RAV4,44081.6,5.48,Completed
736664,1,2023-07-14,Prius,27541.23,5.24,Completed
736665,1,2023-07-01,Prius,26061.17,5.24,Completed
736666,10,2023-07-20,Prius,27330.54,4.88,Completed
736667,4,2023-07-03,Sienna,36378.98,3.81,Completed
736668,14,2023-07-31,Tacoma,44765.41,5.1,Completed
736669,5,2023-07-12,Highlander,58596.05,5.34,Completed
736670,18,2023-07-20,Corolla,33293.26,5.68,Completed
736671,14,2023-07-05,RAV4,49102.12,5.1,Completed
736672,3,2023-07-14,Prius,34770.86,5.69,Completed
736673,20,2023-07-13,Highlander,66137.42,5.77,Pending
736674,16,2023-07-16,Sienna,53461.92,6.06,Completed
736675,3,2023-07-08,Sienna,56822.47,5.69,Completed
736676,3,2023-07-18,Camry,45921.33,5.69,Completed
736677,12,2023-07-22,Camry,43852.4,5.65,Completed
736678,11,2023-07-29,Corolla,23651.79,4.16,Completed
736679,14,2023-07-11,Corolla,30346.56,5.1,Completed
736680,6,2023-07-25,Corolla,21082.05,3.86,Completed
736681,14,2023-07-25,Sienna,45737.18,5.1,Completed
736682,3,2023-07-07,Tundra,51308.02,5.69,Completed
736683,6,2023-07-02,Prius,24648.73,3.86,Completed
736684,2,2023-07-11,Corolla,23034.61,4.0,Completed
736685,3,2023-07-27,Highlander,63338.5,5.69,Completed
736686,20,2023-07-05,Corolla,28882.05,5.77,Completed
736687,8,2023-07-19,Prius,31711.22,5.84,Completed
736688,16,2023-07-14,RAV4,48827.28,6.06,Completed
736689,19,2023-07-29,Corolla,26131.98,5.48,Cancelled
736690,18,2023-07-07,Highlander,70241.83,5.68,Completed
736691,6,2023-07-16,Tundra,41175.18,3.86,Completed
736692,8,2023-07-08,Corolla,27628.42,5.84,Completed
736693,4,2023-07-05,Highlander,47727.88,3.81,Completed
736694,19,2023-07-27,RAV4,40013.89,5.48,Completed
736695,18,2023-07-10,Corolla,31376.7,5.68,Completed
736696,13,2023-07-28,Prius,32593.43,5.61,Completed
736697,11,2023-07-27,Highlander,53857.98,4.16,Completed
736698,4,2023-07-13,RAV4,34684.93,3.81,Completed
736699,14,2023-07-11,Corolla,31656.05,5.1,Completed
736700,10,2023-07-23,Sienna,41306.07,4.88,Completed
736701,10,2023-07-02,Tacoma,36413.73,4.88,Completed
736702,5,2023-07-27,Prius,26884.84,5.34,Completed
736703,12,2023-07-17,Corolla,31401.22,5.65,Completed
736704,18,2023-07-08,Corolla,32003.19,5.68,Completed
736705,6,2023-07-06,RAV4,32558.98,3.86,Completed
736706,3,2023-07-10,Corolla,33595.89,5.69,Completed
736707,6,2023-07-27,Prius,22898.05,3.86,Completed
736708,6,2023-07-15,Tundra,37860.41,3.86,Completed
736709,16,2023-07-16,Tundra,55033.96,6.06,Completed
736710,20,2023-07-11,Prius,31766.21,5.77,Completed
736711,4,2023-07-01,Tacoma,28635.26,3.81,Completed
736712,19,2023-07-13,RAV4,43006.54,5.48,Completed
736713,19,2023-07-29,Tundra,48163.69,5.48,Completed
736714,18,2023-07-06,Prius,37342.65,5.68,Completed
736715,6,2023-07-06,Tacoma,29316.07,3.86,Completed
736716,8,2023-07-25,Tacoma,46693.94,5.84,Completed
736717,8,2023-07-12,Tacoma,48024.91,5.84,Completed
736718,12,2023-07-08,Prius,32172.23,5.65,Completed
736719,9,2023-07-25,Tundra,41889.09,4.4,Completed
736720,4,2023-07-08,Corolla,18991.91,3.81,Completed
736721,6,2023-07-09,Corolla,22668.5,3.86,Completed
736722,7,2023-07-26,Tundra,55560.1,5.39,Completed
736723,14,2023-07-20,Highlander,59597.67,5.1,Completed
736724,18,2023-07-02,Camry,48093.54,5.68,Completed
736725,2,2023-07-21,Sienna,42299.73,4.0,Completed
736726,12,2023-07-02,RAV4,43257.92,5.65,Pending
736727,20,2023-07-04,Corolla,31249.92,5.77,Completed
736728,17,2023-07-12,RAV4,33389.86,4.51,Completed
736729,7,2023-07-15,RAV4,44350.08,5.39,Completed
736730,17,2023-07-12,Tacoma,30077.59,4.51,Completed
736731,10,2023-07-18,Highlander,48149.92,4.88,Completed
736732,5,2023-07-22,Tundra,44188.23,5.34,Completed
736733,8,2023-07-09,Camry,41394.26,5.84,Pending
736734,17,2023-07-04,Sienna,39373.96,4.51,Completed
736735,4,2023-07-14,Corolla,21488.62,3.81,Completed
736736,18,2023-07-12,Tundra,53227.11,5.68,Completed
736737,14,2023-07-25,Sienna,49959.25,5.1,Completed
736738,5,2023-07-01,Sienna,48357.21,5.34,Completed
736739,20,2023-07-20,Corolla,31595.67,5.77,Completed
736740,9,2023-07-28,Tacoma,30170.94,4.4,Completed
736741,18,2023-07-09,Tacoma,45416.33,5.68,Completed
736742,10,2023-07-19,Highlander,54519.06,4.88,Completed
736743,2,2023-07-30,Tacoma,34383.63,4.0,Completed
736744,2,2023-07-03,RAV4,36598.16,4.0,Completed
736745,16,2023-07-15,Sienna,53487.87,6.06,Cancelled
736746,1,2023-07-23,Highlander,57800.69,5.24,Completed
736747,14,2023-07-12,Prius,29824.14,5.1,Completed
736748,7,2023-07-11,Corolla,31030.06,5.39,Completed
736749,13,2023-07-12,RAV4,46301.19,5.61,Completed
736750,9,2023-07-01,Camry,31603.67,4.4,Completed
736751,19,2023-07-14,Sienna,41604.99,5.48,Pending
736752,20,2023-07-23,Tundra,51552.67,5.77,Completed
736753,11,2023-07-27,Prius,27444.54,4.16,Completed
736754,18,2023-07-04,RAV4,55965.46,5.68,Completed
736755,3,2023-07-31,Tundra,57571.92,5.69,Completed
736756,1,2023-07-08,RAV4,40817.1,5.24,Completed
736757,9,2023-07-19,Camry,31185.35,4.4,Completed
736758,10,2023-07-12,Tacoma,33153.76,4.88,Completed
736759,4,2023-07-11,Sienna,38976.91,3.81,Completed
736760,8,2023-07-09,Sienna,52085.69,5.84,Completed
736761,13,2023-07-27,Highlander,67264.43,5.61,Completed
736762,19,2023-07-01,Highlander,59534.07,5.48,Completed
736763,3,2023-07-20,Tundra,52011.33,5.69,Completed
736764,8,2023-07-25,RAV4,52145.04,5.84,Completed
736765,11,2023-07-02,Tundra,42046.74,4.16,Completed
736766,9,2023-07-13,Tundra,41454.21,4.4,Completed
736767,19,2023-07-08,Camry,33766.68,5.48,Pending
736768,16,2023-07-12,Sienna,54245.85,6.06,Completed
736769,8,2023-07-05,Prius,35999.1,5.84,Completed
736770,4,2023-07-04,Camry,31064.78,3.81,Cancelled
736771,17,2023-07-30,Prius,25172.8,4.51,Completed
736772,3,2023-07-09,Tundra,59873.02,5.69,Completed
736773,16,2023-07-21,Highlander,67198.33,6.06,Completed
736774,6,2023-07-14,Highlander,51886.92,3.86,Completed
736775,4,2023-07-21,Sienna,35122.9,3.81,Completed
736776,19,2023-07-30,RAV4,43643.1,5.48,Completed
736777,10,2023-07-22,Corolla,23530.35,4.88,Completed
736778,11,2023-07-25,Tacoma,34523.72,4.16,Completed
736779,8,2023-07-14,Prius,35476.23,5.84,Completed
736780,9,2023-07-14,Camry,29298.07,4.4,Completed
736781,16,2023-07-12,Corolla,28860.89,6.06,Completed
736782,10,2023-07-29,Camry,31012.15,4.88,Completed
736783,2,2023-07-05,Highlander,48565.77,4.0,Cancelled
736784,3,2023-07-21,Highlander,64225.73,5.69,Completed
736785,18,2023-07-04,Sienna,57731.98,5.68,Completed
736786,12,2023-07-05,Tacoma,44936.96,5.65,Completed
736787,5,2023-07-01,Tundra,42746.0,5.34,Pending
736788,20,2023-07-01,Tacoma,43944.17,5.77,Completed
736789,7,2023-07-01,Prius,37617.76,5.39,Completed
736790,16,2023-07-03,Prius,32945.55,6.06,Cancelled
736791,3,2023-07-24,Corolla,32489.14,5.69,Completed
736792,5,2023-07-01,Prius,27422.67,5.34,Cancelled
736793,2,2023-07-01,Sienna,40821.16,4.0,Completed
736794,18,2023-07-03,Corolla,31770.42,5.68,Completed
736795,1,2023-07-14,Prius,29646.83,5.24,Completed
736796,18,2023-07-11,Camry,43670.84,5.68,Completed
736797,10,2023-07-05,Camry,29928.47,4.88,Completed
736798,8,2023-07-05,Prius,33853.88,5.84,Completed
736799,18,2023-07-31,Camry,44693.2,5.68,Completed
736800,15,2023-07-26,Corolla,32542.13,4.86,Completed
736801,15,2023-07-31,Prius,36966.88,4.86,Completed
736802,9,2023-07-18,Highlander,52458.07,4.4,Completed
736803,19,2023-07-09,Sienna,48951.82,5.48,Completed
736804,6,2023-07-11,Camry,26608.86,3.86,Completed
736805,20,2023-07-23,RAV4,44439.23,5.77,Completed
736806,11,2023-07-03,Prius,25549.99,4.16,Completed
736807,9,2023-07-25,Camry,29999.87,4.4,Completed
736808,19,2023-07-06,Camry,33254.51,5.48,Completed
736809,11,2023-07-04,Highlander,49321.26,4.16,Completed
736810,16,2023-07-26,Corolla,30123.2,6.06,Completed
736811,1,2023-07-29,Camry,35102.57,5.24,Completed
736812,6,2023-07-25,Highlander,51501.2,3.86,Completed
736813,15,2023-07-30,Sienna,54480.23,4.86,Completed
736814,19,2023-07-22,Corolla,25488.55,5.48,Completed
736815,5,2023-07-15,Highlander,60415.23,5.34,Completed
736816,16,2023-07-08,Highlander,70190.52,6.06,Completed
736817,4,2023-07-09,Corolla,22038.11,3.81,Completed
736818,16,2023-07-17,Tundra,51374.75,6.06,Completed
736819,19,2023-07-18,RAV4,41324.76,5.48,Completed
736820,15,2023-07-04,Prius,32354.46,4.86,Completed
736821,1,2023-07-20,Corolla,27386.87,5.24,Completed
736822,3,2023-07-01,Highlander,66186.91,5.69,Completed
736823,20,2023-07-04,Camry,38354.59,5.77,Pending
736824,17,2023-07-09,Highlander,47026.07,4.51,Completed
736825,17,2023-07-16,Corolla,22257.95,4.51,Completed
736826,11,2023-07-27,Camry,27908.57,4.16,Completed
736827,17,2023-07-03,Tundra,40239.12,4.51,Completed
736828,6,2023-07-30,Highlander,52045.99,3.86,Completed
736829,20,2023-07-02,Prius,37005.78,5.77,Completed
736830,4,2023-07-19,Corolla,22274.89,3.81,Pending
736831,1,2023-07-06,Camry,36797.31,5.24,Completed
736832,6,2023-07-16,Highlander,47103.78,3.86,Completed
736833,17,2023-07-12,Camry,29874.41,4.51,Completed
736834,6,2023-07-12,RAV4,35865.09,3.86,Completed
736835,4,2023-07-29,Highlander,47623.11,3.81,Completed
736836,5,2023-07-03,Camry,31745.39,5.34,Cancelled
736837,1,2023-07-21,Camry,34935.43,5.24,Completed
736838,14,2023-07-18,Sienna,50205.57,5.1,Completed
736839,6,2023-07-10,Tundra,39434.46,3.86,Completed
736840,17,2023-07-08,Sienna,34561.74,4.51,Completed
736841,16,2023-07-20,Prius,32131.12,6.06,Completed
736842,5,2023-07-08,Tundra,46408.79,5.34,Completed
736843,10,2023-07-23,Prius,23863.48,4.88,Completed
736844,1,2023-07-18,RAV4,36369.49,5.24,Completed
736845,16,2023-07-20,Camry,39416.38,6.06,Completed
736846,13,2023-07-29,Corolla,30058.07,5.61,Completed
736847,10,2023-07-02,RAV4,34684.85,4.88,Completed
736848,20,2023-07-12,Tacoma,43831.66,5.77,Completed
736849,3,2023-07-16,Tundra,57478.37,5.69,Completed
736850,8,2023-07-08,Sienna,47905.6,5.84,Completed
736851,3,2023-07-25,RAV4,49259.68,5.69,Completed
736852,3,2023-07-09,Tundra,51506.98,5.69,Completed
736853,5,2023-07-07,Tundra,46554.12,5.34,Completed
736854,20,2023-07-22,Corolla,30735.12,5.77,Completed
736855,13,2023-07-27,Tacoma,43698.86,5.61,Completed
736856,19,2023-07-09,RAV4,41764.05,5.48,Completed
736857,16,2023-07-02,Sienna,56669.11,6.06,Completed
736858,1,2023-07-14,Sienna,41857.45,5.24,Pending
736859,15,2023-07-22,Tacoma,45135.67,4.86,Completed
736860,5,2023-07-07,Highlander,51900.62,5.34,Completed
736861,12,2023-07-26,RAV4,51356.97,5.65,Completed
736862,14,2023-07-24,Highlander,69786.57,5.1,Completed
736863,10,2023-07-15,Tacoma,33710.61,4.88,Completed
736864,1,2023-07-19,Sienna,44702.46,5.24,Completed
736865,6,2023-07-29,Tacoma,31081.87,3.86,Completed
736866,4,2023-07-17,Highlander,44659.89,3.81,Completed
736867,3,2023-07-30,Sienna,58308.81,5.69,Completed
736868,1,2023-07-27,Camry,37681.33,5.24,Completed
736869,18,2023-07-08,Camry,41515.05,5.68,Completed
736870,10,2023-07-03,Tundra,39462.58,4.88,Completed
736871,1,2023-07-14,Highlander,61222.71,5.24,Completed
736872,6,2023-07-02,RAV4,31837.63,3.86,Completed
736873,15,2023-07-28,RAV4,48330.46,4.86,Completed
736874,7,2023-07-13,Camry,41751.2,5.39,Completed
736875,5,2023-07-30,Tacoma,36979.03,5.34,Completed
736876,4,2023-07-15,Sienna,38944.52,3.81,Completed
736877,9,2023-07-05,Tundra,35249.03,4.4,Completed
736878,17,2023-07-20,Tundra,34866.24,4.51,Completed
736879,8,2023-07-26,Tundra,53540.35,5.84,Completed
736880,3,2023-07-21,Corolla,32128.65,5.69,Completed
736881,1,2023-07-23,Highlander,53844.21,5.24,Completed
736882,2,2023-07-23,Prius,28326.41,4.0,Completed
736883,3,2023-07-07,RAV4,48583.96,5.69,Completed
736884,20,2023-07-31,RAV4,43823.02,5.77,Completed
736885,18,2023-07-03,Corolla,29884.62,5.68,Completed
736886,2,2023-07-04,Tacoma,35953.44,4.0,Completed
736887,9,2023-07-21,Corolla,20778.5,4.4,Completed
736888,3,2023-07-07,Tacoma,43559.99,5.69,Completed
736889,5,2023-07-28,Camry,34262.72,5.34,Completed
736890,8,2023-07-06,Corolla,27485.82,5.84,Completed
736891,1,2023-07-06,Tacoma,38826.5,5.24,Completed
736892,8,2023-07-13,Camry,43799.45,5.84,Completed
736893,16,2023-07-21,Prius,34829.21,6.06,Completed
736894,11,2023-07-24,RAV4,35025.11,4.16,Completed
736895,1,2023-07-15,Camry,36804.43,5.24,Pending
736896,2,2023-07-09,Tacoma,34242.53,4.0,Completed
736897,11,2023-07-13,RAV4,32047.31,4.16,Completed
736898,11,2023-07-29,Corolla,20021.66,4.16,Completed
736899,9,2023-07-22,Corolla,21446.65,4.4,Completed
736900,13,2023-07-03,Camry,45375.55,5.61,Completed
736901,16,2023-07-26,Corolla,29436.01,6.06,Completed
736902,16,2023-07-19,Tacoma,49702.2,6.06,Completed
736903,13,2023-07-16,Camry,41553.11,5.61,Completed
736904,12,2023-07-05,Camry,44590.97,5.65,Completed
736905,2,2023-07-14,Sienna,36767.74,4.0,Completed
736906,1,2023-07-31,Tundra,40271.11,5.24,Completed
736907,14,2023-07-13,Prius,32252.84,5.1,Completed
736908,20,2023-07-04,Prius,37058.37,5.77,Completed
736909,18,2023-07-05,Camry,48390.32,5.68,Completed
736910,1,2023-07-23,Prius,27110.66,5.24,Completed
736911,6,2023-07-09,Sienna,38936.91,3.86,Completed
736912,14,2023-07-24,Camry,42888.73,5.1,Completed
736913,6,2023-07-18,Prius,23329.77,3.86,Completed
736914,15,2023-07-17,Prius,37131.44,4.86,Completed
736915,19,2023-07-01,Corolla,28018.25,5.48,Completed
736916,3,2023-07-25,Highlander,70144.83,5.69,Completed
736917,5,2023-07-29,Sienna,41256.84,5.34,Completed
736918,17,2023-07-10,Tacoma,29294.96,4.51,Completed
736919,10,2023-07-02,Highlander,53833.58,4.88,Completed
736920,2,2023-07-26,RAV4,35115.29,4.0,Completed
736921,3,2023-07-08,Tundra,52200.71,5.69,Completed
736922,16,2023-07-03,Sienna,57842.03,6.06,Completed
736923,12,2023-07-20,Tacoma,40929.5,5.65,Completed
736924,10,2023-07-07,Tundra,39711.46,4.88,Completed
736925,8,2023-07-11,Highlander,61441.3,5.84,Completed
736926,6,2023-07-29,Tundra,36009.43,3.86,Completed
736927,7,2023-07-16,Prius,36580.04,5.39,Completed
736928,16,2023-07-16,RAV4,47262.61,6.06,Completed
736929,16,2023-07-11,RAV4,48791.95,6.06,Completed
736930,14,2023-07-20,Highlander,67260.83,5.1,Completed
736931,7,2023-07-10,Corolla,28123.23,5.39,Completed
736932,7,2023-07-13,Highlander,71812.27,5.39,Completed
736933,12,2023-07-07,Camry,43708.61,5.65,Completed
736934,3,2023-07-24,Corolla,28858.29,5.69,Cancelled
736935,15,2023-07-31,Highlander,62704.58,4.86,Completed
736936,19,2023-07-15,Camry,32594.16,5.48,Completed
736937,4,2023-07-11,Tundra,39075.04,3.81,Cancelled
736938,1,2023-07-29,Camry,32965.14,5.24,Completed
736939,18,2023-07-23,Tacoma,49410.93,5.68,Completed
736940,16,2023-07-21,Tacoma,42071.98,6.06,Cancelled
736941,9,2023-07-05,Camry,27221.1,4.4,Completed
736942,7,2023-07-18,RAV4,52790.14,5.39,Completed
736943,18,2023-07-22,Tacoma,48446.58,5.68,Completed
736944,2,2023-07-31,Corolla,21986.06,4.0,Completed
736945,19,2023-07-30,Sienna,44420.8,5.48,Completed
736946,1,2023-07-06,Prius,30263.01,5.24,Completed
736947,11,2023-07-06,Tundra,39356.45,4.16,Completed
736948,19,2023-07-13,Camry,35321.48,5.48,Completed
736949,4,2023-07-26,Prius,25640.66,3.81,Completed
736950,12,2023-07-29,Tacoma,43973.76,5.65,Completed
736951,2,2023-07-13,Corolla,22957.57,4.0,Completed
736952,2,2023-07-24,Prius,28150.83,4.0,Completed
736953,8,2023-07-10,Prius,36373.41,5.84,Completed
736954,4,2023-07-09,Prius,21558.72,3.81,Completed
736955,5,2023-07-20,Camry,34718.12,5.34,Completed
736956,10,2023-07-03,Tundra,42827.69,4.88,Completed
736957,5,2023-07-09,Corolla,26975.63,5.34,Completed
736958,19,2023-07-08,Tacoma,41382.06,5.48,Completed
736959,8,2023-07-30,Corolla,27590.53,5.84,Completed
736960,19,2023-07-14,Camry,38277.34,5.48,Completed
736961,6,2023-07-04,Tacoma,31787.03,3.86,Completed
736962,2,2023-07-07,Sienna,43151.14,4.0,Completed
736963,4,2023-07-20,Tacoma,29576.18,3.81,Completed
736964,20,2023-07-16,Tacoma,46537.4,5.77,Completed
736965,13,2023-07-05,Tacoma,45004.67,5.61,Cancelled
736966,1,2023-07-21,Tundra,47707.75,5.24,Completed
736967,11,2023-07-13,Tundra,37776.4,4.16,Completed
736968,14,2023-07-21,Camry,43097.8,5.1,Completed
736969,11,2023-07-19,RAV4,33570.91,4.16,Completed
736970,19,2023-07-01,Camry,39205.58,5.48,Completed
736971,15,2023-07-01,Prius,35492.91,4.86,Completed
736972,20,2023-07-28,Prius,33512.63,5.77,Completed
736973,2,2023-07-03,Tacoma,34340.8,4.0,Completed
736974,9,2023-07-28,Tacoma,29138.82,4.4,Completed
736975,3,2023-07-04,Camry,44275.65,5.69,Completed
736976,7,2023-07-27,Camry,44731.29,5.39,Completed
736977,18,2023-07-20,RAV4,52359.32,5.68,Completed
736978,7,2023-07-24,Tacoma,46508.55,5.39,Completed
736979,15,2023-07-06,Camry,41606.05,4.86,Completed
736980,13,2023-07-22,Camry,44356.4,5.61,Completed
736981,20,2023-07-12,Prius,37110.85,5.77,Completed
736982,8,2023-07-13,Tacoma,48361.82,5.84,Completed
736983,11,2023-07-13,RAV4,37636.89,4.16,Completed
736984,7,2023-07-15,Prius,35239.26,5.39,Completed
736985,13,2023-07-20,Highlander,75774.52,5.61,Completed
736986,18,2023-07-01,Prius,35032.97,5.68,Completed
736987,5,2023-07-10,Highlander,51806.64,5.34,Completed
736988,4,2023-07-26,Prius,21652.97,3.81,Completed
736989,12,2023-07-28,Sienna,54466.69,5.65,Cancelled
736990,9,2023-07-27,Tundra,34996.24,4.4,Completed
736991,18,2023-07-11,Camry,45439.84,5.68,Completed
736992,6,2023-07-23,Corolla,19962.53,3.86,Completed
736993,9,2023-07-06,Prius,27214.16,4.4,Completed
736994,19,2023-07-20,Camry,37765.2,5.48,Cancelled
736995,11,2023-07-16,Tacoma,31293.71,4.16,Completed
736996,1,2023-07-13,Corolla,24352.54,5.24,Completed
736997,9,2023-07-17,Sienna,37130.88,4.4,Completed
736998,20,2023-07-15,Camry,39686.92,5.77,Pending
736999,1,2023-07-09,RAV4,37362.08,5.24,Completed
737000,19,2023-07-13,Corolla,24802.35,5.48,Completed
737001,4,2023-07-23,Tundra,39680.68,3.81,Completed
737002,7,2023-07-21,Tacoma,48267.33,5.39,Completed
737003,12,2023-07-19,Prius,36220.51,5.65,Completed
737004,8,2023-07-06,Sienna,53063.25,5.84,Completed
737005,17,2023-07-17,RAV4,37177.87,4.51,Completed
737006,5,2023-07-25,Tacoma,40540.06,5.34,Completed
737007,17,2023-07-14,Tacoma,29064.63,4.51,Completed
737008,2,2023-07-31,Sienna,42020.01,4.0,Completed
737009,20,2023-07-30,Prius,35558.15,5.77,Completed
737010,7,2023-07-20,Corolla,33431.29,5.39,Completed
737011,6,2023-07-13,Prius,25567.24,3.86,Pending
737012,5,2023-07-11,Tacoma,38161.13,5.34,Completed
737013,5,2023-07-29,Highlander,54535.39,5.34,Completed
737014,9,2023-07-14,Corolla,19898.24,4.4,Completed
737015,13,2023-07-26,Corolla,29842.29,5.61,Completed
737016,9,2023-07-01,Tundra,36246.63,4.4,Completed
737017,11,2023-07-19,RAV4,31870.82,4.16,Completed
737018,12,2023-07-10,Camry,39610.14,5.65,Completed
737019,19,2023-07-11,Corolla,24732.51,5.48,Completed
737020,4,2023-07-09,Camry,30568.5,3.81,Completed
737021,8,2023-07-26,Sienna,52238.07,5.84,Completed
737022,2,2023-07-28,Corolla,21336.78,4.0,Completed
737023,13,2023-07-26,Tundra,54918.37,5.61,Completed
737024,6,2023-07-29,Tacoma,33356.51,3.86,Completed
737025,14,2023-07-10,Tundra,54367.82,5.1,Completed
737026,19,2023-07-23,RAV4,39388.39,5.48,Completed
737027,11,2023-07-18,Camry,28547.38,4.16,Cancelled
737028,14,2023-07-03,Tundra,53464.47,5.1,Completed
737029,11,2023-07-12,Tundra,42266.52,4.16,Completed
737030,17,2023-07-23,RAV4,35468.0,4.51,Completed
737031,5,2023-07-20,Sienna,44299.32,5.34,Completed
737032,1,2023-07-22,Corolla,25791.07,5.24,Completed
737033,15,2023-07-24,Highlander,60256.49,4.86,Completed
737034,1,2023-07-03,Camry,37730.21,5.24,Completed
737035,12,2023-07-26,Corolla,28846.79,5.65,Completed
737036,4,2023-07-16,Prius,24677.04,3.81,Completed
737037,15,2023-07-24,Sienna,51069.89,4.86,Completed
737038,20,2023-07-01,Highlander,69942.77,5.77,Completed
737039,8,2023-07-27,Corolla,32698.72,5.84,Completed
737040,9,2023-07-14,Camry,30243.02,4.4,Cancelled
737041,17,2023-07-25,RAV4,34162.94,4.51,Completed
737042,1,2023-07-01,Tundra,40781.12,5.24,Completed
737043,16,2023-07-18,Sienna,50410.56,6.06,Completed
737044,15,2023-07-01,Sienna,49441.32,4.86,Completed
737045,1,2023-07-05,Camry,31589.79,5.24,Completed
737046,12,2023-07-12,Corolla,27042.39,5.65,Completed
737047,14,2023-07-25,Prius,36099.62,5.1,Completed
737048,15,2023-07-26,Prius,35676.7,4.86,Completed
737049,6,2023-07-19,Tacoma,31508.02,3.86,Completed
737050,6,2023-07-31,Tacoma,30673.0,3.86,Completed
737051,19,2023-07-22,Tundra,45203.27,5.48,Completed
737052,20,2023-07-27,Corolla,29346.98,5.77,Completed
737053,16,2023-07-29,Prius,35179.98,6.06,Completed
737054,10,2023-07-25,Tundra,39438.01,4.88,Completed
737055,15,2023-07-25,Highlander,65224.92,4.86,Completed
737056,2,2023-07-28,RAV4,39697.52,4.0,Completed
737057,18,2023-07-20,Highlander,65990.53,5.68,Completed
737058,14,2023-07-30,Camry,40644.1,5.1,Completed
737059,19,2023-07-09,Highlander,59320.21,5.48,Cancelled
737060,9,2023-07-02,Prius,25946.37,4.4,Completed
737061,11,2023-07-12,Corolla,19940.02,4.16,Completed
737062,11,2023-07-15,Corolla,22224.2,4.16,Completed
737063,4,2023-07-12,Prius,21857.4,3.81,Completed
737064,17,2023-07-18,Sienna,35564.24,4.51,Completed
737065,3,2023-07-26,Camry,42154.83,5.69,Completed
737066,20,2023-07-20,Prius,32601.87,5.77,Completed
737067,12,2023-07-21,Prius,36832.92,5.65,Completed
737068,12,2023-07-03,Corolla,27868.65,5.65,Completed
737069,18,2023-07-08,RAV4,51468.05,5.68,Completed
737070,13,2023-07-21,Corolla,32198.44,5.61,Completed
737071,19,2023-07-07,RAV4,45972.87,5.48,Completed
737072,17,2023-07-23,Tacoma,32005.09,4.51,Completed
737073,3,2023-07-11,Tundra,52047.38,5.69,Completed
737074,2,2023-07-31,Highlander,48030.29,4.0,Pending
737075,5,2023-07-02,Camry,32388.15,5.34,Completed
737076,4,2023-07-27,Tacoma,32126.73,3.81,Completed
737077,16,2023-07-12,Highlander,70942.89,6.06,Completed
737078,5,2023-07-15,Camry,36570.78,5.34,Completed
737079,19,2023-07-24,RAV4,40795.7,5.48,Completed
737080,18,2023-07-27,Highlander,75275.99,5.68,Completed
737081,6,2023-07-04,Prius,24185.68,3.86,Completed
737082,1,2023-07-31,Sienna,45738.4,5.24,Completed
737083,1,2023-07-24,Sienna,39933.96,5.24,Completed
737084,15,2023-07-10,Camry,37445.39,4.86,Completed
737085,5,2023-07-12,Prius,27899.65,5.34,Completed
737086,19,2023-07-24,Tacoma,40764.61,5.48,Pending
737087,18,2023-07-10,Tundra,60492.27,5.68,Completed
737088,20,2023-07-01,Prius,36180.58,5.77,Cancelled
737089,9,2023-07-17,Camry,31251.08,4.4,Completed
737090,11,2023-07-24,Corolla,22272.73,4.16,Completed
737091,15,2023-07-26,Sienna,51813.25,4.86,Completed
737092,19,2023-07-04,Camry,38423.18,5.48,Completed
737093,17,2023-07-24,Highlander,43718.89,4.51,Completed
737094,7,2023-07-29,RAV4,49850.68,5.39,Completed
737095,12,2023-07-17,Tundra,52030.19,5.65,Completed
737096,4,2023-07-06,Camry,29606.35,3.81,Cancelled
737097,6,2023-07-07,RAV4,37496.11,3.86,Completed
737098,12,2023-07-19,Prius,34367.48,5.65,Completed
737099,11,2023-07-19,Camry,29734.07,4.16,Cancelled
737100,16,2023-07-26,Tundra,59687.79,6.06,Completed
737101,10,2023-07-28,Sienna,38675.69,4.88,Completed
737102,3,2023-07-02,Prius,35154.09,5.69,Completed
737103,16,2023-07-16,Sienna,57291.91,6.06,Completed
737104,2,2023-07-21,Tacoma,32111.37,4.0,Completed
737105,18,2023-07-27,Sienna,61716.37,5.68,Completed
737106,3,2023-07-10,Tundra,54907.15,5.69,Completed
737107,2,2023-07-19,RAV4,34445.41,4.0,Completed
737108,13,2023-07-26,RAV4,46052.85,5.61,Completed
737109,6,2023-07-12,RAV4,35290.72,3.86,Completed
737110,6,2023-07-26,RAV4,32797.66,3.86,Completed
737111,20,2023-07-26,Prius,37455.6,5.77,Completed
737112,12,2023-07-13,Sienna,51836.7,5.65,Completed
737113,17,2023-07-19,Tundra,33832.98,4.51,Completed
737114,16,2023-07-01,Prius,35642.72,6.06,Completed
737115,13,2023-07-21,Highlander,76756.87,5.61,Completed
737116,14,2023-07-19,Prius,33884.08,5.1,Completed
737117,20,2023-07-27,Highlander,65993.78,5.77,Pending
737118,20,2023-07-24,Tundra,51956.74,5.77,Completed
737119,7,2023-07-11,Sienna,55217.29,5.39,Completed
737120,10,2023-07-01,Camry,32211.83,4.88,Completed
737121,16,2023-07-14,Corolla,30309.88,6.06,Completed
737122,20,2023-07-05,Highlander,68024.44,5.77,Completed
737123,2,2023-07-20,Tundra,38281.6,4.0,Completed
737124,1,2023-07-14,RAV4,43720.48,5.24,Completed
737125,9,2023-07-02,Highlander,48298.55,4.4,Completed
737126,17,2023-07-02,Camry,27162.65,4.51,Completed
737127,19,2023-07-06,RAV4,41433.12,5.48,Completed
737128,1,2023-07-02,RAV4,43185.11,5.24,Completed
737129,1,2023-07-30,Sienna,42557.33,5.24,Completed
737130,12,2023-07-31,Camry,40059.19,5.65,Completed
737131,15,2023-07-24,Tundra,51987.22,4.86,Completed
737132,17,2023-07-25,Sienna,35002.06,4.51,Completed
737133,5,2023-07-17,Prius,30560.6,5.34,Completed
737134,13,2023-07-28,Corolla,34702.76,5.61,Completed
737135,20,2023-07-29,Prius,32002.65,5.77,Completed
737136,7,2023-07-11,Camry,43276.87,5.39,Completed
737137,14,2023-07-27,Prius,34717.3,5.1,Completed
737138,8,2023-07-22,Prius,34270.17,5.84,Completed
737139,6,2023-07-10,Sienna,40164.22,3.86,Completed
737140,20,2023-07-01,RAV4,53151.6,5.77,Completed
737141,11,2023-07-06,Highlander,51999.19,4.16,Completed
737142,13,2023-07-08,Corolla,28490.17,5.61,Completed
737143,2,2023-07-11,Highlander,48576.32,4.0,Completed
737144,3,2023-07-25,Prius,38745.31,5.69,Completed
737145,19,2023-07-20,Tundra,49455.24,5.48,Completed
737146,16,2023-07-24,RAV4,46302.64,6.06,Completed
737147,1,2023-07-08,Tundra,40891.15,5.24,Completed
737148,13,2023-07-29,Sienna,59216.57,5.61,Completed
737149,20,2023-07-03,Corolla,31274.4,5.77,Completed
737150,16,2023-07-12,Prius,32326.42,6.06,Completed
737151,11,2023-07-18,Sienna,39139.02,4.16,Completed
737152,13,2023-07-27,RAV4,46708.06,5.61,Completed
737153,11,2023-07-12,Camry,27672.9,4.16,Completed
737154,19,2023-07-16,RAV4,38963.85,5.48,Completed
737155,19,2023-07-14,Tacoma,39578.96,5.48,Cancelled
737156,16,2023-07-07,Sienna,54739.02,6.06,Completed
737157,18,2023-07-11,Corolla,34573.32,5.68,Completed
737158,7,2023-07-19,RAV4,52218.73,5.39,Completed
737159,4,2023-07-11,RAV4,30434.19,3.81,Cancelled
737160,7,2023-07-25,RAV4,47379.54,5.39,Completed
737161,9,2023-07-04,Tundra,40453.72,4.4,Completed
737162,18,2023-07-07,Sienna,57588.25,5.68,Completed
737163,2,2023-07-31,RAV4,35695.54,4.0,Completed
737164,9,2023-07-06,Corolla,23315.27,4.4,Completed
737165,14,2023-07-25,Prius,34739.58,5.1,Completed
737166,17,2023-07-17,Tacoma,33582.99,4.51,Completed
737167,16,2023-07-31,Prius,34778.24,6.06,Completed
737168,5,2023-07-18,Sienna,44895.15,5.34,Completed
737169,12,2023-07-22,Highlander,72612.46,5.65,Completed
737170,15,2023-07-23,Sienna,50451.8,4.86,Completed
737171,3,2023-07-27,RAV4,48570.98,5.69,Completed
737172,20,2023-07-24,Tacoma,47755.34,5.77,Completed
737173,7,2023-07-13,Camry,40910.21,5.39,Cancelled
737174,5,2023-07-04,Camry,33958.87,5.34,Completed
737175,2,2023-07-05,Tacoma,33502.02,4.0,Completed
737176,7,2023-07-02,Prius,36463.17,5.39,Cancelled
737177,16,2023-07-15,Tundra,54811.74,6.06,Cancelled
737178,1,2023-07-08,Prius,30090.87,5.24,Completed
737179,9,2023-07-30,Tacoma,34305.74,4.4,Completed
737180,3,2023-07-04,Camry,44133.53,5.69,Completed
737181,1,2023-07-10,Sienna,40905.11,5.24,Completed
737182,16,2023-07-16,Highlander,71785.01,6.06,Completed
737183,8,2023-07-16,Tacoma,41727.84,5.84,Completed
737184,11,2023-07-30,Camry,32078.39,4.16,Completed
737185,13,2023-07-16,Camry,41298.23,5.61,Completed
737186,13,2023-07-14,RAV4,55389.86,5.61,Completed
737187,17,2023-07-21,Highlander,49950.17,4.51,Completed
737188,20,2023-07-21,RAV4,44621.64,5.77,Completed
737189,3,2023-07-24,Camry,41745.46,5.69,Completed
737190,7,2023-07-20,Tundra,58809.98,5.39,Completed
737191,3,2023-07-19,Camry,41997.74,5.69,Completed
737192,16,2023-07-17,Prius,33048.46,6.06,Completed
737193,3,2023-07-07,Sienna,59298.41,5.69,Completed
737194,3,2023-07-08,Tundra,54102.5,5.69,Completed
737195,9,2023-07-31,Camry,32813.5,4.4,Completed
737196,15,2023-07-08,Camry,40451.63,4.86,Completed
737197,3,2023-07-02,Highlander,75246.25,5.69,Completed
737198,20,2023-07-14,RAV4,49172.9,5.77,Completed
737199,18,2023-07-01,RAV4,56853.48,5.68,Completed
737200,17,2023-07-04,Highlander,47993.75,4.51,Completed
737201,20,2023-07-05,Highlander,62021.08,5.77,Completed
737202,4,2023-07-14,Corolla,20674.46,3.81,Cancelled
737203,3,2023-07-24,Tundra,52113.7,5.69,Completed
737204,20,2023-07-14,Highlander,73187.33,5.77,Completed
737205,10,2023-07-28,Camry,32674.79,4.88,Completed
737206,2,2023-07-19,Prius,28348.45,4.0,Completed
737207,8,2023-07-04,Highlander,70256.64,5.84,Completed
737208,3,2023-07-22,RAV4,55187.49,5.69,Completed
737209,12,2023-07-01,Prius,35222.91,5.65,Completed
737210,3,2023-07-14,RAV4,53330.07,5.69,Completed
737211,20,2023-07-31,Highlander,66453.86,5.77,Completed
737212,7,2023-07-31,Camry,38825.87,5.39,Completed
737213,16,2023-07-02,Camry,40513.08,6.06,Completed
737214,6,2023-07-16,Corolla,20115.94,3.86,Completed
737215,13,2023-07-30,Tundra,55092.46,5.61,Completed
737216,1,2023-07-20,Sienna,46710.56,5.24,Pending
737217,15,2023-07-18,RAV4,46993.0,4.86,Completed
737218,16,2023-07-29,Camry,44684.86,6.06,Completed
737219,17,2023-07-18,Corolla,20391.76,4.51,Completed
737220,8,2023-07-08,Highlander,64264.96,5.84,Completed
737221,13,2023-07-16,RAV4,53416.45,5.61,Completed
737222,20,2023-07-10,Sienna,52038.32,5.77,Completed
737223,14,2023-07-27,Prius,30796.19,5.1,Completed
737224,20,2023-07-23,Tacoma,43628.4,5.77,Completed
737225,13,2023-07-29,Tundra,56250.65,5.61,Completed
737226,6,2023-07-23,RAV4,33192.63,3.86,Completed
737227,20,2023-07-29,Corolla,28149.73,5.77,Completed
737228,3,2023-07-25,Corolla,33646.62,5.69,Completed
737229,7,2023-07-17,Prius,33139.84,5.39,Completed
737230,17,2023-07-25,Corolla,22841.83,4.51,Completed
737231,9,2023-07-14,Corolla,24010.19,4.4,Completed
737232,13,2023-07-05,Corolla,30176.09,5.61,Completed
737233,5,2023-07-18,Camry,38378.39,5.34,Completed
737234,2,2023-07-10,RAV4,39762.22,4.0,Completed
737235,6,2023-07-05,Camry,26603.22,3.86,Completed
737236,14,2023-07-27,Camry,40807.43,5.1,Completed
737237,15,2023-07-29,Tundra,55552.89,4.86,Completed
737238,11,2023-07-22,Tundra,35945.96,4.16,Completed
737239,4,2023-07-24,Sienna,39777.06,3.81,Completed
737240,11,2023-07-30,RAV4,32965.34,4.16,Pending
737241,4,2023-07-10,Tacoma,30487.65,3.81,Completed
737242,16,2023-07-30,Tacoma,42696.12,6.06,Completed
737243,11,2023-07-03,Corolla,23246.79,4.16,Completed
737244,5,2023-07-19,Highlander,56426.8,5.34,Completed
737245,5,2023-07-30,Sienna,45885.45,5.34,Completed
737246,13,2023-07-19,Camry,43138.24,5.61,Completed
737247,18,2023-07-09,Sienna,61732.06,5.68,Completed
737248,4,2023-07-16,Sienna,35528.53,3.81,Pending
737249,19,2023-07-28,RAV4,38485.71,5.48,Completed
737250,12,2023-07-29,Highlander,63160.82,5.65,Completed
737251,3,2023-07-27,Tacoma,48880.41,5.69,Completed
737252,2,2023-07-12,Camry,31340.77,4.0,Completed
737253,2,2023-07-31,Tundra,43256.13,4.0,Completed
737254,18,2023-07-24,Prius,38186.84,5.68,Completed
737255,13,2023-07-27,Tundra,54528.96,5.61,Completed
737256,3,2023-07-24,Tundra,54969.06,5.69,Completed
737257,8,2023-07-17,Tacoma,42143.61,5.84,Completed
737258,19,2023-07-14,Tundra,42696.51,5.48,Pending
737259,5,2023-07-17,RAV4,39190.05,5.34,Completed
737260,12,2023-07-23,Prius,31478.51,5.65,Completed
737261,15,2023-07-08,Prius,34637.6,4.86,Completed
737262,10,2023-07-10,RAV4,37293.27,4.88,Completed
737263,9,2023-07-03,Highlander,51268.69,4.4,Completed
737264,3,2023-07-13,Sienna,54473.52,5.69,Completed
737265,3,2023-07-19,RAV4,52857.52,5.69,Completed
737266,3,2023-07-07,Highlander,64882.02,5.69,Pending
737267,16,2023-07-16,RAV4,44838.86,6.06,Completed
737268,19,2023-07-16,RAV4,40284.68,5.48,Completed
737269,10,2023-07-22,Prius,25989.27,4.88,Completed
737270,2,2023-07-28,RAV4,33378.41,4.0,Completed
737271,7,2023-07-10,Corolla,32362.46,5.39,Completed
737272,19,2023-07-13,RAV4,45436.48,5.48,Completed
737273,20,2023-07-02,Sienna,55700.8,5.77,Completed
737274,6,2023-07-28,Corolla,23342.71,3.86,Completed
737275,13,2023-07-03,Corolla,33180.61,5.61,Completed
737276,14,2023-07-15,RAV4,42853.84,5.1,Completed
737277,20,2023-07-24,Camry,45315.94,5.77,Completed
737278,14,2023-07-27,Corolla,27049.86,5.1,Completed
737279,3,2023-07-29,Tacoma,48074.31,5.69,Completed
737280,2,2023-07-30,Prius,27522.14,4.0,Completed
737281,4,2023-07-05,RAV4,33703.69,3.81,Completed
737282,1,2023-07-01,Tacoma,39410.59,5.24,Completed
737283,9,2023-07-10,Tundra,38125.87,4.4,Completed
737284,14,2023-07-30,Sienna,52330.37,5.1,Completed
737285,12,2023-07-27,Highlander,66672.7,5.65,Completed
737286,20,2023-07-06,RAV4,48094.68,5.77,Completed
737287,3,2023-07-16,Tundra,58276.61,5.69,Completed
737288,11,2023-07-06,Corolla,21311.15,4.16,Completed
737289,8,2023-07-22,Highlander,66440.75,5.84,Completed
737290,16,2023-07-17,RAV4,49069.39,6.06,Completed
737291,11,2023-07-09,Highlander,49385.54,4.16,Completed
737292,13,2023-07-10,Tacoma,46832.54,5.61,Completed
737293,10,2023-07-12,Tacoma,34067.69,4.88,Completed
737294,1,2023-07-06,RAV4,41498.18,5.24,Completed
737295,5,2023-07-03,Tundra,44452.63,5.34,Completed
737296,12,2023-07-08,Corolla,29039.43,5.65,Completed
737297,2,2023-07-29,Corolla,22508.68,4.0,Completed
737298,7,2023-07-02,Highlander,67306.54,5.39,Completed
737299,13,2023-07-31,Tacoma,46604.41,5.61,Completed
737300,17,2023-07-04,Corolla,19894.36,4.51,Completed
737301,12,2023-07-20,Sienna,51539.85,5.65,Completed
737302,18,2023-07-06,Camry,46912.39,5.68,Completed
737303,7,2023-07-07,Camry,43255.13,5.39,Completed
737304,2,2023-07-06,Sienna,41611.56,4.0,Completed
737305,1,2023-07-17,Corolla,26845.06,5.24,Completed
737306,16,2023-07-17,Prius,32917.21,6.06,Completed
737307,2,2023-07-04,Sienna,36826.43,4.0,Completed
737308,19,2023-07-04,Prius,29164.65,5.48,Completed
737309,11,2023-07-28,Prius,23536.05,4.16,Completed
737310,16,2023-07-22,RAV4,52596.48,6.06,Completed
737311,20,2023-07-16,Highlander,74468.76,5.77,Completed
737312,2,2023-07-15,Prius,26360.29,4.0,Completed
737313,2,2023-07-31,Prius,27476.18,4.0,Completed
737314,15,2023-07-25,Sienna,54942.97,4.86,Cancelled
737315,18,2023-07-07,Sienna,55369.05,5.68,Completed
737316,5,2023-07-01,Highlander,61308.36,5.34,Completed
737317,5,2023-07-20,Tacoma,38225.22,5.34,Completed
737318,14,2023-07-09,Tundra,50771.99,5.1,Completed
737319,6,2023-07-26,Camry,31183.49,3.86,Completed
737320,4,2023-07-31,Highlander,49119.71,3.81,Completed
737321,11,2023-07-28,Tundra,40273.4,4.16,Completed
737322,4,2023-07-05,Corolla,21138.75,3.81,Completed
737323,9,2023-07-12,Tacoma,29650.14,4.4,Completed
737324,12,2023-07-15,Corolla,30325.7,5.65,Completed
737325,9,2023-07-10,Tacoma,32541.53,4.4,Completed
737326,3,2023-07-29,Camry,38795.63,5.69,Completed
737327,20,2023-07-25,Highlander,68838.94,5.77,Completed
737328,8,2023-07-26,Prius,32102.27,5.84,Completed
737329,4,2023-07-16,Corolla,21806.34,3.81,Completed
737330,10,2023-07-03,Highlander,51806.2,4.88,Completed
737331,12,2023-07-18,Prius,34520.38,5.65,Completed
737332,11,2023-07-16,RAV4,33937.69,4.16,Completed
737333,17,2023-07-30,RAV4,37230.0,4.51,Completed
737334,5,2023-07-20,Tundra,48191.88,5.34,Completed
737335,12,2023-07-17,RAV4,46768.85,5.65,Completed
737336,14,2023-07-20,Sienna,54877.61,5.1,Completed
737337,14,2023-07-20,Prius,31644.21,5.1,Completed
737338,5,2023-07-28,Camry,33856.9,5.34,Completed
737339,18,2023-07-29,Corolla,33210.22,5.68,Completed
737340,8,2023-07-16,Tundra,52152.03,5.84,Completed
737341,5,2023-07-10,Tundra,43824.22,5.34,Completed
737342,20,2023-07-30,Corolla,29929.5,5.77,Completed
737343,11,2023-07-20,Corolla,21725.15,4.16,Completed
737344,12,2023-07-27,Prius,30723.31,5.65,Completed
737345,18,2023-07-27,Prius,36555.28,5.68,Completed
737346,15,2023-07-23,Sienna,51267.42,4.86,Pending
737347,9,2023-07-25,Prius,24060.22,4.4,Completed
737348,10,2023-07-07,Corolla,20970.39,4.88,Completed
737349,6,2023-07-29,Tacoma,32726.66,3.86,Completed
737350,15,2023-07-11,Highlander,67186.56,4.86,Completed
737351,20,2023-07-01,Highlander,67547.46,5.77,Completed
737352,18,2023-07-20,Highlander,71411.82,5.68,Completed
737353,10,2023-07-31,Corolla,24758.65,4.88,Completed
737354,7,2023-07-13,Corolla,28972.67,5.39,Completed
737355,4,2023-07-04,Camry,28168.87,3.81,Completed
737356,14,2023-07-22,Tacoma,42436.27,5.1,Pending
737357,2,2023-07-05,Tacoma,36384.08,4.0,Completed
737358,3,2023-07-02,Camry,44984.28,5.69,Completed
737359,10,2023-07-01,Tundra,36142.93,4.88,Completed
737360,20,2023-07-16,Tacoma,47593.4,5.77,Completed
737361,6,2023-07-08,Tundra,40858.27,3.86,Completed
737362,4,2023-07-26,RAV4,35020.65,3.81,Completed
737363,4,2023-07-23,Highlander,44313.18,3.81,Completed
737364,3,2023-07-10,Camry,43397.16,5.69,Completed
737365,8,2023-07-09,Sienna,52189.95,5.84,Completed
737366,18,2023-07-02,Camry,44850.88,5.68,Pending
737367,12,2023-07-18,Tundra,47470.1,5.65,Completed
737368,4,2023-07-09,Sienna,36587.49,3.81,Completed
737369,2,2023-07-06,Sienna,42802.19,4.0,Completed
737370,13,2023-07-05,Prius,34535.34,5.61,Completed
737371,1,2023-07-11,Camry,35826.85,5.24,Completed
737372,13,2023-07-20,Corolla,28484.04,5.61,Completed
737373,7,2023-07-08,Corolla,30546.4,5.39,Completed
737374,19,2023-07-22,RAV4,38274.51,5.48,Completed
737375,19,2023-07-12,Highlander,64567.78,5.48,Completed
737376,9,2023-07-05,Tundra,38217.91,4.4,Completed
737377,1,2023-07-08,Highlander,55340.49,5.24,Completed
737378,19,2023-07-14,Prius,27617.54,5.48,Completed
737379,18,2023-07-12,Tundra,55620.94,5.68,Completed
737380,2,2023-07-11,RAV4,39665.34,4.0,Completed
737381,20,2023-07-22,Prius,35499.9,5.77,Completed
737382,11,2023-07-15,Camry,27436.12,4.16,Completed
737383,11,2023-07-22,Sienna,38608.64,4.16,Completed
737384,18,2023-07-23,RAV4,55723.18,5.68,Completed
737385,17,2023-07-18,Highlander,45702.17,4.51,Completed
737386,7,2023-07-06,Tacoma,41544.99,5.39,Completed
737387,20,2023-07-30,Tacoma,46287.37,5.77,Pending
737388,3,2023-07-07,RAV4,53876.92,5.69,Completed
737389,19,2023-07-01,Tundra,46310.91,5.48,Pending
737390,17,2023-07-16,Corolla,20266.31,4.51,Completed
737391,20,2023-07-27,Camry,40972.68,5.77,Completed
737392,8,2023-07-25,Highlander,62212.8,5.84,Completed
737393,4,2023-07-07,Tundra,33596.49,3.81,Cancelled
737394,6,2023-07-06,Tundra,38378.84,3.86,Completed
737395,13,2023-07-15,Tacoma,44780.44,5.61,Completed
737396,1,2023-07-15,Tacoma,34540.05,5.24,Completed
737397,8,2023-07-14,Camry,40789.42,5.84,Completed
737398,13,2023-07-24,RAV4,46899.53,5.61,Completed
737399,15,2023-07-28,Tundra,52688.11,4.86,Completed
737400,4,2023-07-18,Highlander,50582.36,3.81,Completed
737401,5,2023-07-29,Sienna,41216.21,5.34,Completed
737402,17,2023-07-11,Sienna,36800.18,4.51,Completed
737403,1,2023-07-05,Tacoma,33763.4,5.24,Completed
737404,11,2023-07-12,Camry,32523.76,4.16,Completed
737405,8,2023-07-13,Highlander,66591.34,5.84,Completed
737406,10,2023-07-10,Corolla,22166.13,4.88,Completed
737407,14,2023-07-04,Camry,38872.36,5.1,Pending
737408,6,2023-07-28,Tundra,37430.02,3.86,Completed
737409,18,2023-07-14,RAV4,56805.65,5.68,Completed
737410,19,2023-07-22,Prius,29643.02,5.48,Completed
737411,11,2023-07-03,Camry,31518.15,4.16,Completed
737412,2,2023-07-26,RAV4,33844.1,4.0,Completed
737413,10,2023-07-29,Prius,23592.45,4.88,Completed
737414,9,2023-07-20,Sienna,41241.82,4.4,Completed
737415,11,2023-07-21,Tundra,36748.05,4.16,Completed
737416,11,2023-07-18,RAV4,36348.26,4.16,Completed
737417,4,2023-07-03,Highlander,43676.38,3.81,Completed
737418,13,2023-07-04,Prius,33830.18,5.61,Completed
737419,11,2023-07-14,RAV4,38638.92,4.16,Completed
737420,8,2023-07-13,RAV4,47101.41,5.84,Completed
737421,13,2023-07-08,Prius,36993.82,5.61,Pending
737422,20,2023-07-11,Camry,42794.31,5.77,Completed
737423,5,2023-07-10,Tundra,45962.54,5.34,Completed
737424,5,2023-07-16,Sienna,48665.52,5.34,Completed
737425,10,2023-07-26,Highlander,51797.78,4.88,Completed
737426,8,2023-07-16,Tundra,55744.94,5.84,Completed
737427,6,2023-07-19,Corolla,22663.44,3.86,Completed
737428,9,2023-07-17,Prius,26125.03,4.4,Completed
737429,4,2023-07-27,Corolla,20599.7,3.81,Completed
737430,7,2023-07-20,RAV4,44417.74,5.39,Completed
737431,9,2023-07-07,RAV4,38292.76,4.4,Completed
737432,1,2023-07-23,Camry,37274.56,5.24,Completed
737433,7,2023-07-11,Tundra,48444.38,5.39,Completed
737434,4,2023-07-27,Corolla,19841.42,3.81,Cancelled
737435,12,2023-07-19,Tundra,51043.53,5.65,Completed
737436,3,2023-07-19,Sienna,58090.9,5.69,Completed
737437,13,2023-07-18,Sienna,58419.56,5.61,Completed
737438,10,2023-07-04,Prius,25036.3,4.88,Completed
737439,20,2023-07-19,RAV4,43731.24,5.77,Completed
737440,15,2023-07-22,RAV4,42992.45,4.86,Completed
737441,13,2023-07-27,Tacoma,42270.92,5.61,Completed
737442,15,2023-07-20,Tacoma,41193.19,4.86,Completed
737443,9,2023-07-08,Tacoma,33875.29,4.4,Completed
737444,18,2023-07-06,Tundra,60747.95,5.68,Completed
737445,20,2023-07-30,Tundra,53567.54,5.77,Completed
737446,6,2023-07-20,Highlander,44470.82,3.86,Completed
737447,2,2023-07-12,Camry,29485.18,4.0,Completed
737448,15,2023-07-09,RAV4,46822.66,4.86,Completed
737449,18,2023-07-10,Corolla,32406.66,5.68,Completed
737450,3,2023-07-20,Sienna,54454.67,5.69,Completed
737451,6,2023-07-04,Tacoma,31577.93,3.86,Completed
737452,4,2023-07-16,Tundra,33194.75,3.81,Completed
737453,15,2023-07-07,Corolla,29857.05,4.86,Completed
737454,9,2023-07-18,Tacoma,33201.13,4.4,Completed
737455,15,2023-07-03,Camry,42974.14,4.86,Completed
737456,11,2023-07-14,Highlander,46202.47,4.16,Completed
737457,15,2023-07-08,Prius,34074.33,4.86,Completed
737458,11,2023-07-21,Prius,22983.45,4.16,Completed
737459,10,2023-07-14,Tacoma,32641.98,4.88,Completed
737460,16,2023-07-30,Corolla,33530.69,6.06,Completed
737461,9,2023-07-06,Corolla,22309.49,4.4,Completed
737462,2,2023-07-24,Camry,29851.46,4.0,Completed
737463,7,2023-07-22,Camry,40429.5,5.39,Completed
737464,11,2023-07-14,Tundra,37816.8,4.16,Completed
737465,7,2023-07-21,Camry,39995.27,5.39,Completed
737466,14,2023-07-24,Tacoma,45073.83,5.1,Completed
737467,7,2023-07-18,Highlander,71730.87,5.39,Completed
737468,20,2023-07-23,Tundra,54653.31,5.77,Completed
737469,1,2023-07-25,RAV4,42713.05,5.24,Completed
737470,4,2023-07-15,Corolla,19457.62,3.81,Completed
737471,3,2023-07-16,Highlander,74518.19,5.69,Pending
737472,14,2023-07-28,Highlander,64879.1,5.1,Completed
737473,1,2023-07-12,Corolla,24686.7,5.24,Completed
737474,17,2023-07-29,Tacoma,29099.56,4.51,Completed
737475,18,2023-07-15,RAV4,47637.55,5.68,Completed
737476,3,2023-07-17,Highlander,76545.1,5.69,Completed
737477,9,2023-07-26,Sienna,38909.72,4.4,Completed
737478,20,2023-07-16,RAV4,52182.46,5.77,Completed
737479,3,2023-07-11,Corolla,33981.97,5.69,Completed
737480,5,2023-07-11,Corolla,24442.19,5.34,Completed
737481,20,2023-07-13,RAV4,44812.84,5.77,Completed
737482,1,2023-07-25,Prius,26654.89,5.24,Completed
737483,16,2023-07-22,Tundra,55916.06,6.06,Completed
737484,14,2023-07-02,RAV4,48272.68,5.1,Completed
737485,16,2023-07-05,Corolla,32460.18,6.06,Completed
737486,15,2023-07-29,RAV4,45944.02,4.86,Completed
737487,3,2023-07-01,Tacoma,48896.01,5.69,Completed
737488,1,2023-07-27,Tundra,39925.82,5.24,Completed
737489,13,2023-07-31,RAV4,48366.95,5.61,Completed
737490,19,2023-07-08,Tundra,49419.35,5.48,Completed
737491,14,2023-07-16,Tacoma,39512.87,5.1,Completed
737492,13,2023-07-21,Highlander,68806.69,5.61,Completed
737493,15,2023-07-31,Corolla,28913.41,4.86,Completed
737494,5,2023-07-29,Corolla,24474.62,5.34,Completed
737495,20,2023-07-02,Sienna,52648.87,5.77,Completed
737496,13,2023-07-16,Camry,42227.45,5.61,Completed
737497,18,2023-07-10,Prius,38914.89,5.68,Completed
737498,20,2023-07-12,RAV4,48544.12,5.77,Completed
737499,17,2023-07-19,Tacoma,32870.53,4.51,Completed
737500,17,2023-07-25,Prius,23791.29,4.51,Completed
737501,13,2023-07-26,Camry,40246.55,5.61,Completed
737502,14,2023-07-23,Tacoma,44405.83,5.1,Completed
737503,8,2023-07-10,Highlander,62656.26,5.84,Completed
737504,15,2023-07-02,Tacoma,42223.56,4.86,Completed
737505,10,2023-07-14,Tundra,37256.97,4.88,Completed
737506,7,2023-07-26,Tacoma,44256.25,5.39,Completed
737507,6,2023-07-06,Highlander,46309.02,3.86,Completed
737508,11,2023-07-25,Prius,26217.39,4.16,Completed
737509,16,2023-07-22,RAV4,44606.7,6.06,Completed
737510,7,2023-07-10,Tundra,53743.72,5.39,Completed
737511,1,2023-07-04,Tundra,43239.51,5.24,Completed
737512,14,2023-07-02,Camry,42515.68,5.1,Completed
737513,7,2023-07-25,RAV4,51260.49,5.39,Completed
737514,20,2023-07-25,Prius,36562.52,5.77,Completed
737515,19,2023-07-15,Camry,37321.12,5.48,Completed
737516,12,2023-07-15,Highlander,72078.65,5.65,Completed
737517,6,2023-07-18,Highlander,45616.84,3.86,Completed
737518,12,2023-07-11,Corolla,32168.54,5.65,Cancelled
737519,6,2023-07-03,RAV4,34457.7,3.86,Completed
737520,19,2023-07-06,Corolla,23949.74,5.48,Completed
737521,4,2023-07-15,Camry,29070.0,3.81,Completed
737522,4,2023-07-30,Tacoma,32255.7,3.81,Completed
737523,9,2023-07-22,Tundra,35778.96,4.4,Completed
737524,16,2023-07-03,Tundra,52687.69,6.06,Completed
737525,9,2023-07-26,Sienna,39176.33,4.4,Completed
737526,9,2023-07-07,Camry,31841.13,4.4,Completed
737527,15,2023-07-18,Sienna,47379.31,4.86,Completed
737528,15,2023-07-29,Corolla,30110.63,4.86,Completed
737529,5,2023-07-16,Camry,37225.22,5.34,Completed
737530,16,2023-07-20,Tacoma,48291.36,6.06,Completed
737531,10,2023-07-22,Tacoma,34387.51,4.88,Completed
737532,5,2023-07-27,Sienna,43100.84,5.34,Completed
737533,1,2023-07-19,Camry,34702.81,5.24,Completed
737534,18,2023-07-12,Corolla,31075.85,5.68,Completed
737535,4,2023-07-28,Sienna,32878.43,3.81,Completed
737536,7,2023-07-29,Corolla,30497.2,5.39,Completed
737537,20,2023-07-03,Sienna,48797.59,5.77,Completed
737538,12,2023-07-21,Tundra,50477.39,5.65,Completed
737539,7,2023-07-05,Corolla,28627.41,5.39,Completed
737540,19,2023-07-17,Camry,37695.26,5.48,Completed
737541,9,2023-07-05,Tundra,37856.21,4.4,Completed
737542,19,2023-07-19,Tacoma,41285.14,5.48,Completed
737543,9,2023-07-09,Camry,32754.74,4.4,Completed
737544,2,2023-07-29,Camry,31059.41,4.0,Completed
737545,15,2023-07-23,Prius,35404.48,4.86,Completed
737546,9,2023-07-28,Prius,26326.64,4.4,Completed
737547,19,2023-07-16,Tundra,49133.74,5.48,Completed
737548,1,2023-07-28,Prius,31354.85,5.24,Completed
737549,10,2023-07-21,Sienna,40133.22,4.88,Completed
737550,16,2023-07-17,Sienna,58971.4,6.06,Completed
737551,17,2023-07-30,Sienna,39698.93,4.51,Completed
737552,8,2023-07-08,Sienna,54763.02,5.84,Completed
737553,15,2023-07-06,Highlander,65384.39,4.86,Completed
737554,10,2023-07-08,RAV4,37204.21,4.88,Completed
737555,20,2023-07-09,Tacoma,45503.5,5.77,Completed
737556,7,2023-07-11,Highlander,68473.43,5.39,Completed
737557,6,2023-07-21,RAV4,32604.08,3.86,Completed
737558,4,2023-07-06,Highlander,48893.93,3.81,Completed
737559,14,2023-07-19,Sienna,55187.72,5.1,Completed
737560,20,2023-07-04,Highlander,72339.7,5.77,Completed
737561,7,2023-07-09,Highlander,62761.32,5.39,Completed
737562,20,2023-07-12,Highlander,70199.09,5.77,Completed
737563,11,2023-07-02,Camry,30648.75,4.16,Completed
737564,5,2023-07-27,Sienna,40465.1,5.34,Completed
737565,12,2023-07-01,Highlander,65259.52,5.65,Completed
737566,17,2023-07-19,RAV4,35336.16,4.51,Completed
737567,20,2023-07-16,Camry,41247.59,5.77,Completed
737568,16,2023-07-27,Tacoma,46833.88,6.06,Completed
737569,6,2023-07-15,Tacoma,30190.2,3.86,Completed
737570,16,2023-07-02,Tacoma,44993.03,6.06,Completed
737571,14,2023-07-14,Sienna,50628.88,5.1,Completed
737572,6,2023-07-17,RAV4,31316.8,3.86,Completed
737573,6,2023-07-22,Camry,31709.12,3.86,Completed
737574,13,2023-07-21,Sienna,53071.33,5.61,Completed
737575,19,2023-07-18,RAV4,40964.6,5.48,Completed
737576,12,2023-07-02,Prius,32589.23,5.65,Completed
737577,20,2023-07-19,Sienna,55867.21,5.77,Completed
737578,9,2023-07-27,RAV4,33263.58,4.4,Completed
737579,17,2023-07-11,Prius,24409.65,4.51,Completed
737580,3,2023-07-15,Tacoma,43597.62,5.69,Completed
737581,16,2023-07-23,Highlander,63730.85,6.06,Completed
737582,10,2023-07-18,Highlander,47670.09,4.88,Pending
737583,8,2023-07-14,Prius,37102.52,5.84,Completed
737584,5,2023-07-30,RAV4,40371.7,5.34,Completed
737585,6,2023-07-11,Tundra,35930.67,3.86,Completed
737586,14,2023-07-17,Tundra,47695.23,5.1,Completed
737587,10,2023-07-08,RAV4,34743.22,4.88,Completed
737588,10,2023-07-19,Camry,32343.88,4.88,Pending
737589,10,2023-07-03,Tundra,37552.57,4.88,Completed
737590,4,2023-07-24,Prius,25504.29,3.81,Completed
737591,7,2023-07-02,Tacoma,43631.63,5.39,Completed
737592,13,2023-07-07,Corolla,34470.93,5.61,Pending
737593,14,2023-07-23,Tundra,49938.34,5.1,Completed
737594,1,2023-07-14,Corolla,27363.1,5.24,Completed
737595,5,2023-07-28,Highlander,61237.71,5.34,Completed
737596,5,2023-07-16,RAV4,42132.85,5.34,Completed
737597,19,2023-07-05,Highlander,59870.09,5.48,Completed
737598,16,2023-07-14,Prius,32182.18,6.06,Completed
737599,2,2023-07-10,Camry,29651.59,4.0,Completed
737600,9,2023-07-25,Tacoma,29283.67,4.4,Completed
737601,8,2023-07-04,Prius,35810.74,5.84,Completed
737602,13,2023-07-12,Corolla,28682.87,5.61,Completed
737603,14,2023-07-18,Sienna,50769.68,5.1,Completed
737604,18,2023-07-07,Tacoma,49352.48,5.68,Completed
737605,9,2023-07-11,Prius,26470.37,4.4,Completed
737606,12,2023-07-07,Tundra,47293.43,5.65,Completed
737607,18,2023-07-30,Corolla,31347.9,5.68,Completed
737608,3,2023-07-14,Tundra,50662.19,5.69,Completed
737609,3,2023-07-28,Tundra,49866.08,5.69,Completed
737610,7,2023-07-02,Camry,45744.9,5.39,Completed
737611,2,2023-07-20,Tacoma,35193.86,4.0,Completed
737612,1,2023-07-24,Tundra,46177.01,5.24,Completed
737613,6,2023-07-05,Tacoma,28588.37,3.86,Completed
737614,15,2023-07-15,Tundra,48965.24,4.86,Completed
737615,16,2023-07-21,RAV4,49552.77,6.06,Completed
737616,12,2023-07-20,Prius,34209.47,5.65,Completed
737617,13,2023-07-27,Camry,46377.94,5.61,Completed
737618,4,2023-07-24,Sienna,36623.66,3.81,Completed
737619,12,2023-07-30,Sienna,55544.99,5.65,Completed
737620,17,2023-07-10,Sienna,40463.04,4.51,Completed
737621,9,2023-07-29,Corolla,21394.09,4.4,Completed
737622,20,2023-07-29,Sienna,54698.18,5.77,Completed
737623,6,2023-07-06,Prius,22790.53,3.86,Completed
737624,8,2023-07-23,Camry,40431.09,5.84,Completed
737625,17,2023-07-30,Tacoma,31480.05,4.51,Completed
737626,9,2023-07-03,Prius,26209.61,4.4,Completed
737627,9,2023-07-25,Camry,30050.06,4.4,Completed
737628,12,2023-07-25,RAV4,51318.11,5.65,Completed
737629,12,2023-07-02,RAV4,47847.15,5.65,Completed
737630,8,2023-07-06,Tacoma,43681.96,5.84,Completed
737631,13,2023-07-21,RAV4,46162.43,5.61,Completed
737632,2,2023-07-20,Corolla,24469.34,4.0,Completed
737633,19,2023-07-06,Camry,35118.04,5.48,Completed
737634,12,2023-07-18,Corolla,29997.67,5.65,Completed
737635,15,2023-07-08,Corolla,29741.1,4.86,Completed
737636,20,2023-07-22,Prius,37024.49,5.77,Completed
737637,9,2023-07-11,Prius,25203.04,4.4,Completed
737638,9,2023-07-24,Prius,25332.89,4.4,Completed
737639,9,2023-07-11,Sienna,41183.0,4.4,Completed
737640,1,2023-07-13,RAV4,43637.93,5.24,Completed
737641,19,2023-07-31,Camry,36392.37,5.48,Completed
737642,7,2023-07-14,Prius,32350.29,5.39,Completed
737643,11,2023-07-07,Prius,27474.9,4.16,Pending
737644,3,2023-07-20,Tacoma,49713.15,5.69,Completed
737645,9,2023-07-30,Sienna,38747.65,4.4,Completed
737646,15,2023-07-29,Prius,33845.84,4.86,Completed
737647,7,2023-07-19,Highlander,73136.66,5.39,Completed
737648,11,2023-07-11,RAV4,36369.69,4.16,Completed
737649,5,2023-07-03,Prius,29720.55,5.34,Completed
737650,18,2023-07-19,Corolla,30499.37,5.68,Completed
737651,19,2023-07-01,Corolla,28210.75,5.48,Completed
737652,17,2023-07-11,Tacoma,32987.62,4.51,Completed
737653,8,2023-07-04,Corolla,31770.8,5.84,Completed
737654,6,2023-07-04,Highlander,46616.15,3.86,Completed
737655,11,2023-07-14,Corolla,23685.66,4.16,Completed
737656,12,2023-07-12,Corolla,27131.21,5.65,Completed
737657,1,2023-07-14,Tundra,44761.0,5.24,Completed
737658,13,2023-07-15,Prius,37685.45,5.61,Completed
737659,8,2023-07-13,Highlander,60618.76,5.84,Completed
737660,5,2023-07-01,Camry,32295.11,5.34,Completed
737661,13,2023-07-19,Sienna,55421.34,5.61,Completed
737662,5,2023-07-08,RAV4,39618.11,5.34,Completed
737663,12,2023-07-10,Tacoma,40374.97,5.65,Completed
737664,10,2023-07-29,Corolla,21551.21,4.88,Completed
737665,5,2023-07-06,RAV4,37438.27,5.34,Completed
737666,18,2023-07-15,RAV4,55401.88,5.68,Completed
737667,19,2023-07-28,Highlander,61025.85,5.48,Completed
737668,19,2023-07-13,Highlander,56034.84,5.48,Completed
737669,11,2023-07-05,Camry,31275.71,4.16,Completed
737670,8,2023-07-04,Prius,33675.24,5.84,Completed
737671,3,2023-07-17,RAV4,54992.99,5.69,Completed
737672,14,2023-07-16,Camry,37508.83,5.1,Completed
737673,8,2023-07-25,Sienna,48688.23,5.84,Completed
737674,8,2023-07-25,Camry,45079.53,5.84,Completed
737675,5,2023-07-05,Tacoma,40186.77,5.34,Completed
737676,6,2023-07-21,RAV4,32813.8,3.86,Completed
737677,14,2023-07-14,Corolla,31462.91,5.1,Completed
737678,2,2023-07-10,Prius,24369.49,4.0,Completed
737679,20,2023-07-22,Sienna,52172.08,5.77,Completed
737680,11,2023-07-08,Tundra,38538.17,4.16,Completed
737681,8,2023-07-04,Tacoma,42208.32,5.84,Completed
737682,2,2023-07-09,Tundra,44525.3,4.0,Completed
737683,12,2023-07-25,Sienna,53723.15,5.65,Completed
737684,5,2023-07-31,Camry,32661.59,5.34,Completed
737685,1,2023-07-09,Corolla,23762.43,5.24,Cancelled
737686,11,2023-07-15,Corolla,21086.0,4.16,Completed
737687,14,2023-07-23,Highlander,62611.78,5.1,Completed
737688,2,2023-07-12,Prius,24962.0,4.0,Completed
737689,16,2023-07-21,Tacoma,49761.64,6.06,Completed
737690,9,2023-07-30,Corolla,23729.57,4.4,Completed
737691,10,2023-07-16,Sienna,37013.98,4.88,Completed
737692,9,2023-07-25,Corolla,22891.59,4.4,Completed
737693,9,2023-07-18,Sienna,35461.55,4.4,Completed
737694,3,2023-07-22,Prius,36079.46,5.69,Completed
737695,5,2023-07-13,Highlander,60360.12,5.34,Completed
737696,17,2023-07-02,Sienna,37079.44,4.51,Completed
737697,3,2023-07-11,Tacoma,42365.9,5.69,Completed
737698,13,2023-07-12,Sienna,55180.64,5.61,Completed
737699,8,2023-07-14,Sienna,53945.44,5.84,Completed
737700,11,2023-07-13,Tacoma,31964.17,4.16,Completed
737701,14,2023-07-11,RAV4,45097.12,5.1,Completed
737702,17,2023-07-26,Prius,22746.32,4.51,Completed
737703,14,2023-07-28,Prius,33670.15,5.1,Completed
737704,10,2023-07-27,Tacoma,34093.74,4.88,Completed
737705,9,2023-07-18,Tundra,35419.35,4.4,Completed
737706,9,2023-07-05,Sienna,34947.53,4.4,Completed
737707,18,2023-07-30,Sienna,55718.08,5.68,Completed
737708,6,2023-07-15,Camry,28175.52,3.86,Completed
737709,9,2023-07-12,Highlander,52133.75,4.4,Completed
737710,14,2023-07-24,Prius,30797.01,5.1,Completed
737711,16,2023-07-07,Corolla,32293.46,6.06,Completed
737712,19,2023-07-27,Prius,31788.43,5.48,Completed
737713,4,2023-07-05,Highlander,47812.81,3.81,Completed
737714,11,2023-07-03,Tacoma,35006.4,4.16,Completed
737715,7,2023-07-01,RAV4,45498.73,5.39,Completed
737716,20,2023-07-06,Tacoma,48805.15,5.77,Completed
737717,17,2023-07-13,Highlander,45028.62,4.51,Completed
737718,14,2023-07-08,Camry,41353.27,5.1,Completed
737719,6,2023-07-24,RAV4,35075.66,3.86,Completed
737720,12,2023-07-13,Sienna,53009.73,5.65,Completed
737721,10,2023-07-29,Tacoma,36410.93,4.88,Completed
737722,4,2023-07-26,Camry,30790.52,3.81,Pending
737723,3,2023-07-29,Tacoma,42729.74,5.69,Completed
737724,1,2023-07-22,Tacoma,38679.37,5.24,Completed
737725,14,2023-07-10,Corolla,31374.22,5.1,Completed
737726,8,2023-07-03,Corolla,27266.84,5.84,Completed
737727,20,2023-07-04,Corolla,31852.43,5.77,Pending
737728,14,2023-07-24,Sienna,54830.41,5.1,Completed
737729,17,2023-07-12,Prius,21811.75,4.51,Completed
737730,12,2023-07-13,Tundra,52166.88,5.65,Completed
737731,3,2023-07-26,Camry,41268.23,5.69,Completed
737732,12,2023-07-28,Highlander,61952.69,5.65,Completed
737733,10,2023-07-14,Sienna,42004.75,4.88,Completed
737734,4,2023-07-23,Tundra,33934.73,3.81,Completed
737735,5,2023-07-31,Prius,31918.35,5.34,Completed
737736,4,2023-07-23,Camry,26693.56,3.81,Completed
737737,13,2023-07-28,Camry,41642.61,5.61,Completed
737738,10,2023-07-22,Prius,24271.07,4.88,Completed
737739,6,2023-07-29,RAV4,35535.13,3.86,Completed
737740,5,2023-07-10,Corolla,26143.6,5.34,Completed
737741,8,2023-07-25,Tacoma,45749.76,5.84,Completed
737742,2,2023-07-25,Camry,29429.31,4.0,Completed
737743,16,2023-07-27,Prius,36592.6,6.06,Completed
737744,12,2023-07-07,Highlander,71307.92,5.65,Completed
737745,18,2023-07-17,RAV4,53540.9,5.68,Completed
737746,16,2023-07-26,RAV4,47126.06,6.06,Completed
737747,8,2023-07-24,Corolla,29394.63,5.84,Completed
737748,8,2023-07-11,Tundra,49281.96,5.84,Completed
737749,1,2023-07-27,RAV4,39603.18,5.24,Completed
737750,12,2023-07-16,Prius,34716.85,5.65,Completed
737751,15,2023-07-13,Tacoma,40461.02,4.86,Completed
737752,10,2023-07-31,Camry,30218.32,4.88,Completed
737753,18,2023-07-01,Tacoma,45183.94,5.68,Completed
737754,12,2023-07-22,Highlander,61102.62,5.65,Completed
737755,15,2023-07-08,Sienna,53741.62,4.86,Completed
737756,14,2023-07-28,Highlander,68688.71,5.1,Completed
737757,5,2023-07-03,Prius,30240.15,5.34,Completed
737758,5,2023-07-09,RAV4,37651.08,5.34,Completed
737759,20,2023-07-07,Corolla,31204.24,5.77,Pending
737760,9,2023-07-04,Tacoma,32289.12,4.4,Completed
737761,11,2023-07-29,Camry,30900.59,4.16,Completed
737762,15,2023-07-03,Tundra,56721.33,4.86,Completed
737763,17,2023-07-15,Prius,25029.78,4.51,Completed
