sale_id,sale_rep_id,sale_date,car_model,sale_amount,commission_pct,sale_status
283257,6,2017-09-04,Sienna,33753.28,3.86,Completed
283258,20,2017-09-08,RAV4,44130.01,5.77,Completed
283259,14,2017-09-29,Prius,30017.85,5.1,Completed
283260,2,2017-09-27,Camry,32657.75,4.0,Completed
283261,13,2017-09-25,Camry,38370.53,5.61,Completed
283262,11,2017-09-30,Sienna,34455.83,4.16,Completed
283263,10,2017-09-05,Prius,25441.83,4.88,Completed
283264,19,2017-09-09,Sienna,44869.04,5.48,Completed
283265,12,2017-09-29,Sienna,45671.33,5.65,Completed
283266,16,2017-09-04,Prius,32332.82,6.06,Completed
283267,5,2017-09-07,Camry,31436.91,5.34,Completed
283268,17,2017-09-20,Prius,23752.81,4.51,Completed
283269,20,2017-09-01,Highlander,63118.36,5.77,Completed
283270,14,2017-09-22,RAV4,43517.52,5.1,Completed
283271,3,2017-09-23,Tundra,55804.98,5.69,Completed
283272,5,2017-09-26,Tundra,45932.76,5.34,Completed
283273,1,2017-09-21,Prius,29813.33,5.24,Completed
283274,8,2017-09-05,RAV4,49837.25,5.84,Completed
283275,12,2017-09-15,Highlander,67398.43,5.65,Completed
283276,12,2017-09-30,Highlander,58397.78,5.65,Completed
283277,4,2017-09-21,Tundra,37680.23,3.81,Completed
283278,5,2017-09-18,Tacoma,35895.28,5.34,Completed
283279,3,2017-09-08,Camry,42933.19,5.69,Completed
283280,15,2017-09-20,Camry,35492.52,4.86,Completed
283281,15,2017-09-08,Prius,30329.97,4.86,Completed
283282,16,2017-09-13,Tundra,55638.36,6.06,Completed
283283,6,2017-09-10,Highlander,44869.73,3.86,Completed
283284,7,2017-09-11,RAV4,49153.71,5.39,Completed
283285,9,2017-09-23,Tundra,34732.53,4.4,Completed
283286,5,2017-09-11,Tacoma,35768.41,5.34,Completed
283287,16,2017-09-05,Highlander,71580.67,6.06,Completed
283288,9,2017-09-15,Camry,26524.28,4.4,Completed
283289,14,2017-09-17,Camry,35100.57,5.1,Completed
283290,4,2017-09-22,Camry,25211.31,3.81,Completed
283291,11,2017-09-04,Highlander,45978.63,4.16,Completed
283292,19,2017-09-23,RAV4,41971.1,5.48,Completed
283293,8,2017-09-17,Corolla,28720.25,5.84,Completed
283294,9,2017-09-27,Prius,24664.15,4.4,Completed
283295,18,2017-09-28,RAV4,53969.28,5.68,Completed
283296,6,2017-09-13,Sienna,32135.04,3.86,Completed
283297,18,2017-09-27,RAV4,44811.17,5.68,Completed
283298,19,2017-09-07,Camry,30772.79,5.48,Completed
283299,14,2017-09-29,RAV4,39722.26,5.1,Completed
283300,20,2017-09-03,Corolla,26401.37,5.77,Completed
283301,12,2017-09-28,Tacoma,44961.97,5.65,Completed
283302,14,2017-09-01,Tundra,45989.31,5.1,Completed
283303,18,2017-09-06,Tacoma,45397.82,5.68,Completed
283304,18,2017-09-20,Sienna,57454.4,5.68,Completed
283305,6,2017-09-20,Camry,29158.24,3.86,Completed
283306,5,2017-09-07,Camry,34236.06,5.34,Pending
283307,16,2017-09-21,Corolla,27620.11,6.06,Completed
283308,11,2017-09-05,Corolla,19997.48,4.16,Completed
283309,13,2017-09-02,Camry,44427.17,5.61,Completed
283310,4,2017-09-05,Prius,24804.66,3.81,Completed
283311,6,2017-09-11,Sienna,36827.06,3.86,Completed
283312,13,2017-09-14,Prius,32677.99,5.61,Completed
283313,4,2017-09-13,Corolla,18938.25,3.81,Completed
283314,2,2017-09-09,Tundra,41696.43,4.0,Pending
283315,9,2017-09-25,Prius,23292.07,4.4,Completed
283316,4,2017-09-10,Camry,24382.41,3.81,Completed
283317,9,2017-09-02,RAV4,35702.75,4.4,Completed
283318,3,2017-09-14,Sienna,49356.64,5.69,Completed
283319,15,2017-09-12,Prius,34635.44,4.86,Completed
283320,14,2017-09-17,Sienna,44500.24,5.1,Completed
283321,8,2017-09-01,Corolla,30473.52,5.84,Completed
283322,1,2017-09-22,Corolla,26197.76,5.24,Completed
283323,1,2017-09-22,Prius,28844.44,5.24,Completed
283324,11,2017-09-20,Tundra,35228.2,4.16,Completed
283325,20,2017-09-17,Sienna,51151.19,5.77,Completed
283326,3,2017-09-20,Prius,35857.07,5.69,Completed
283327,10,2017-09-03,Prius,24827.3,4.88,Completed
283328,16,2017-09-18,Sienna,46576.44,6.06,Completed
283329,9,2017-09-24,RAV4,30295.57,4.4,Completed
283330,14,2017-09-19,Tundra,48832.03,5.1,Pending
283331,5,2017-09-09,Highlander,58833.19,5.34,Completed
283332,3,2017-09-30,Corolla,32870.95,5.69,Completed
283333,17,2017-09-30,Camry,30253.3,4.51,Completed
283334,9,2017-09-09,Camry,29571.89,4.4,Completed
283335,3,2017-09-10,Prius,35865.97,5.69,Completed
283336,13,2017-09-13,Tacoma,44672.68,5.61,Completed
283337,17,2017-09-17,Tacoma,29123.7,4.51,Completed
283338,8,2017-09-17,Tundra,48060.15,5.84,Completed
283339,3,2017-09-24,Sienna,55245.13,5.69,Completed
283340,9,2017-09-25,Prius,22976.9,4.4,Completed
283341,3,2017-09-20,Tacoma,44905.96,5.69,Completed
283342,14,2017-09-30,Sienna,50002.66,5.1,Completed
283343,13,2017-09-24,Sienna,53579.39,5.61,Completed
283344,8,2017-09-10,RAV4,44371.08,5.84,Completed
283345,5,2017-09-23,Corolla,23939.0,5.34,Completed
283346,3,2017-09-20,Corolla,29923.3,5.69,Completed
283347,3,2017-09-07,RAV4,46359.05,5.69,Completed
283348,9,2017-09-02,Tundra,38468.44,4.4,Completed
283349,14,2017-09-10,Tundra,49800.03,5.1,Completed
283350,15,2017-09-26,Camry,41792.29,4.86,Completed
283351,7,2017-09-21,Prius,33591.25,5.39,Completed
283352,9,2017-09-07,Corolla,19687.55,4.4,Completed
283353,20,2017-09-08,RAV4,46846.29,5.77,Completed
283354,8,2017-09-05,RAV4,42168.52,5.84,Completed
283355,12,2017-09-03,Highlander,64372.2,5.65,Completed
283356,17,2017-09-04,Tundra,38308.65,4.51,Completed
283357,16,2017-09-09,Prius,31357.05,6.06,Completed
283358,16,2017-09-29,Tacoma,41371.98,6.06,Cancelled
283359,6,2017-09-25,Sienna,34989.41,3.86,Completed
283360,15,2017-09-16,Sienna,45099.97,4.86,Completed
283361,2,2017-09-27,Corolla,20635.89,4.0,Completed
283362,12,2017-09-28,Tundra,49208.21,5.65,Completed
283363,20,2017-09-29,Corolla,27814.91,5.77,Completed
283364,18,2017-09-19,Sienna,58062.54,5.68,Completed
283365,4,2017-09-12,Prius,22257.28,3.81,Completed
283366,4,2017-09-21,Highlander,41837.68,3.81,Completed
283367,1,2017-09-25,Camry,35538.97,5.24,Completed
283368,3,2017-09-02,Highlander,69160.16,5.69,Completed
283369,13,2017-09-30,Sienna,56354.56,5.61,Cancelled
283370,10,2017-09-10,Camry,26737.3,4.88,Completed
283371,15,2017-09-02,Corolla,26715.23,4.86,Completed
283372,18,2017-09-22,Sienna,51015.59,5.68,Completed
283373,4,2017-09-01,Highlander,40610.32,3.81,Completed
283374,12,2017-09-05,Tacoma,40320.0,5.65,Completed
283375,13,2017-09-09,Corolla,32754.49,5.61,Completed
283376,2,2017-09-04,Sienna,40033.46,4.0,Completed
283377,2,2017-09-13,Highlander,50362.23,4.0,Completed
283378,12,2017-09-21,Highlander,57101.67,5.65,Completed
283379,1,2017-09-18,Prius,26853.29,5.24,Completed
283380,8,2017-09-18,Camry,37658.59,5.84,Completed
283381,12,2017-09-27,RAV4,46784.53,5.65,Completed
283382,18,2017-09-08,RAV4,45243.8,5.68,Completed
283383,8,2017-09-23,RAV4,48588.37,5.84,Completed
283384,1,2017-09-16,RAV4,35783.05,5.24,Completed
283385,5,2017-09-25,RAV4,39968.34,5.34,Completed
283386,13,2017-09-13,Corolla,29434.88,5.61,Completed
283387,14,2017-09-13,RAV4,41084.94,5.1,Completed
283388,18,2017-09-26,RAV4,54255.46,5.68,Completed
283389,17,2017-09-23,Tacoma,27444.6,4.51,Cancelled
283390,12,2017-09-11,Sienna,49314.9,5.65,Completed
283391,11,2017-09-08,Tacoma,29320.32,4.16,Completed
283392,6,2017-09-09,Sienna,38710.35,3.86,Completed
283393,7,2017-09-11,Sienna,52345.36,5.39,Completed
283394,14,2017-09-21,Tacoma,43985.73,5.1,Completed
283395,9,2017-09-26,Sienna,37301.55,4.4,Completed
283396,2,2017-09-25,Tacoma,33610.42,4.0,Completed
283397,18,2017-09-10,Tacoma,46833.26,5.68,Completed
283398,13,2017-09-11,Camry,40655.36,5.61,Completed
283399,19,2017-09-07,Corolla,24633.3,5.48,Completed
283400,6,2017-09-17,RAV4,33533.64,3.86,Completed
283401,18,2017-09-11,Sienna,57936.93,5.68,Completed
283402,18,2017-09-23,Camry,46358.51,5.68,Completed
283403,7,2017-09-12,RAV4,46954.41,5.39,Completed
283404,5,2017-09-04,Highlander,54972.71,5.34,Cancelled
283405,13,2017-09-02,Sienna,50556.6,5.61,Completed
283406,5,2017-09-09,Tacoma,37494.29,5.34,Completed
283407,13,2017-09-22,Corolla,31222.0,5.61,Completed
283408,2,2017-09-28,Sienna,41727.43,4.0,Completed
283409,4,2017-09-11,Tundra,31652.11,3.81,Completed
283410,17,2017-09-01,Prius,22950.14,4.51,Completed
283411,1,2017-09-21,Tundra,37909.62,5.24,Completed
283412,17,2017-09-24,Tundra,38650.91,4.51,Completed
283413,6,2017-09-10,Highlander,41830.98,3.86,Completed
283414,7,2017-09-24,Sienna,55887.37,5.39,Completed
283415,15,2017-09-22,Camry,37924.19,4.86,Completed
283416,1,2017-09-16,Highlander,51535.67,5.24,Completed
283417,18,2017-09-12,Camry,39576.6,5.68,Completed
283418,2,2017-09-09,Sienna,41623.59,4.0,Completed
283419,14,2017-09-14,Prius,29764.52,5.1,Completed
283420,10,2017-09-23,Prius,26144.06,4.88,Completed
283421,16,2017-09-19,Highlander,69829.93,6.06,Completed
283422,13,2017-09-29,Tacoma,45576.88,5.61,Completed
283423,18,2017-09-13,Corolla,27851.06,5.68,Completed
283424,8,2017-09-14,Camry,38625.51,5.84,Completed
283425,10,2017-09-18,Tundra,38511.96,4.88,Completed
283426,15,2017-09-20,RAV4,43238.99,4.86,Completed
283427,9,2017-09-07,Sienna,35518.83,4.4,Completed
283428,8,2017-09-19,Camry,35464.34,5.84,Completed
283429,8,2017-09-11,Corolla,28592.61,5.84,Completed
283430,8,2017-09-07,Corolla,29380.3,5.84,Completed
283431,11,2017-09-09,RAV4,33790.67,4.16,Completed
283432,14,2017-09-14,Tacoma,37092.33,5.1,Completed
283433,7,2017-09-19,Prius,34868.13,5.39,Completed
283434,6,2017-09-11,Highlander,44877.5,3.86,Completed
283435,18,2017-09-15,Camry,46086.57,5.68,Completed
283436,17,2017-09-20,Corolla,19873.21,4.51,Completed
283437,2,2017-09-05,Highlander,46875.97,4.0,Completed
283438,18,2017-09-10,Highlander,67163.54,5.68,Completed
283439,16,2017-09-23,RAV4,44556.62,6.06,Completed
283440,5,2017-09-10,Tacoma,37243.39,5.34,Completed
283441,7,2017-09-11,Corolla,31892.57,5.39,Completed
283442,13,2017-09-19,Camry,38686.55,5.61,Completed
283443,16,2017-09-27,Sienna,56073.68,6.06,Completed
283444,2,2017-09-19,RAV4,32220.15,4.0,Completed
283445,8,2017-09-08,Tundra,46732.29,5.84,Completed
283446,2,2017-09-17,Highlander,52132.44,4.0,Completed
283447,2,2017-09-17,Corolla,20854.72,4.0,Completed
283448,19,2017-09-03,Highlander,50375.3,5.48,Completed
283449,1,2017-09-15,Corolla,25747.28,5.24,Completed
283450,13,2017-09-27,Corolla,28270.21,5.61,Completed
283451,13,2017-09-23,Prius,34270.26,5.61,Completed
283452,14,2017-09-16,Prius,31751.25,5.1,Completed
283453,16,2017-09-24,Corolla,30834.44,6.06,Completed
283454,8,2017-09-04,Highlander,58309.24,5.84,Completed
283455,16,2017-09-29,Camry,41308.16,6.06,Completed
283456,3,2017-09-04,Prius,31503.9,5.69,Completed
283457,10,2017-09-18,Camry,31647.43,4.88,Pending
283458,11,2017-09-09,RAV4,30425.64,4.16,Completed
283459,8,2017-09-07,Tundra,53379.9,5.84,Completed
283460,20,2017-09-29,Corolla,26610.89,5.77,Completed
283461,18,2017-09-29,Highlander,75541.43,5.68,Completed
283462,2,2017-09-05,Corolla,24124.72,4.0,Completed
283463,7,2017-09-20,Tundra,56222.23,5.39,Completed
283464,16,2017-09-12,Camry,36285.67,6.06,Completed
283465,12,2017-09-22,Camry,39362.17,5.65,Completed
283466,13,2017-09-03,Camry,43650.17,5.61,Completed
283467,5,2017-09-20,Highlander,49085.23,5.34,Completed
283468,9,2017-09-28,Corolla,18799.44,4.4,Completed
283469,13,2017-09-30,Highlander,60193.81,5.61,Completed
283470,11,2017-09-20,Camry,31148.69,4.16,Pending
283471,3,2017-09-29,Camry,37303.56,5.69,Completed
283472,9,2017-09-23,RAV4,33507.82,4.4,Completed
283473,6,2017-09-14,Tacoma,27280.18,3.86,Completed
283474,20,2017-09-19,RAV4,43498.32,5.77,Completed
283475,6,2017-09-12,Tundra,38585.04,3.86,Completed
283476,15,2017-09-26,Prius,32532.65,4.86,Completed
283477,18,2017-09-03,Tundra,56406.48,5.68,Completed
283478,5,2017-09-27,Sienna,41444.62,5.34,Completed
283479,15,2017-09-18,Prius,30436.91,4.86,Completed
283480,4,2017-09-13,Tacoma,28824.64,3.81,Completed
283481,2,2017-09-15,Sienna,35191.03,4.0,Completed
283482,8,2017-09-29,Camry,40664.7,5.84,Completed
283483,9,2017-09-24,RAV4,36274.22,4.4,Completed
283484,17,2017-09-02,Tacoma,32199.96,4.51,Completed
283485,6,2017-09-30,Corolla,20281.09,3.86,Completed
283486,2,2017-09-02,RAV4,34024.37,4.0,Completed
283487,20,2017-09-04,Sienna,47862.25,5.77,Completed
283488,12,2017-09-19,RAV4,45108.25,5.65,Completed
283489,15,2017-09-26,RAV4,45877.43,4.86,Completed
283490,10,2017-09-06,Prius,23042.56,4.88,Completed
283491,13,2017-09-08,Corolla,27462.47,5.61,Completed
283492,12,2017-09-24,Corolla,27249.7,5.65,Completed
283493,2,2017-09-15,Highlander,46680.74,4.0,Completed
283494,13,2017-09-14,Highlander,67316.47,5.61,Completed
283495,1,2017-09-30,Camry,31617.57,5.24,Completed
283496,20,2017-09-20,Tundra,51559.24,5.77,Completed
283497,16,2017-09-22,Corolla,31907.75,6.06,Completed
283498,1,2017-09-10,Sienna,38792.67,5.24,Completed
283499,17,2017-09-07,Sienna,33056.65,4.51,Completed
283500,12,2017-09-17,Highlander,63946.15,5.65,Completed
283501,11,2017-09-22,Tundra,39761.04,4.16,Completed
283502,5,2017-09-26,Sienna,44025.32,5.34,Completed
283503,12,2017-09-03,Sienna,54067.99,5.65,Completed
283504,20,2017-09-06,Corolla,28366.61,5.77,Completed
283505,18,2017-09-27,Prius,32123.59,5.68,Completed
283506,2,2017-09-08,Corolla,20547.43,4.0,Completed
283507,9,2017-09-15,Highlander,42326.74,4.4,Completed
283508,15,2017-09-23,Tacoma,37740.93,4.86,Completed
283509,13,2017-09-14,Tacoma,45749.77,5.61,Completed
283510,12,2017-09-06,Prius,31456.5,5.65,Completed
283511,1,2017-09-04,Corolla,26102.49,5.24,Completed
283512,4,2017-09-22,Tundra,36702.34,3.81,Completed
283513,1,2017-09-13,RAV4,35550.82,5.24,Completed
283514,19,2017-09-25,Corolla,23139.76,5.48,Completed
283515,5,2017-09-11,Prius,27710.15,5.34,Completed
283516,17,2017-09-28,Corolla,20954.18,4.51,Completed
283517,16,2017-09-05,Sienna,55214.58,6.06,Completed
283518,7,2017-09-26,Camry,36151.07,5.39,Completed
283519,7,2017-09-10,Sienna,51991.0,5.39,Completed
283520,16,2017-09-10,Camry,40105.9,6.06,Completed
283521,18,2017-09-22,Prius,34473.29,5.68,Completed
283522,16,2017-09-09,Corolla,31341.46,6.06,Completed
283523,19,2017-09-15,Sienna,46352.79,5.48,Completed
283524,13,2017-09-30,RAV4,48133.71,5.61,Completed
283525,4,2017-09-03,Corolla,21382.68,3.81,Completed
283526,14,2017-09-29,Sienna,52115.37,5.1,Completed
283527,18,2017-09-27,RAV4,47542.76,5.68,Completed
283528,9,2017-09-24,RAV4,33871.26,4.4,Completed
283529,12,2017-09-24,RAV4,43472.71,5.65,Completed
283530,13,2017-09-25,Tundra,48701.89,5.61,Completed
283531,16,2017-09-19,Tundra,48293.3,6.06,Completed
283532,17,2017-09-16,Tacoma,28503.12,4.51,Completed
283533,19,2017-09-18,Corolla,25909.63,5.48,Completed
283534,19,2017-09-21,Highlander,53885.32,5.48,Completed
283535,3,2017-09-07,Highlander,70452.49,5.69,Completed
283536,7,2017-09-09,Prius,30496.37,5.39,Completed
283537,12,2017-09-20,Tacoma,42211.47,5.65,Completed
283538,9,2017-09-25,Camry,25663.36,4.4,Completed
283539,16,2017-09-06,Tundra,56486.85,6.06,Completed
283540,1,2017-09-28,Tacoma,37205.48,5.24,Completed
283541,4,2017-09-06,RAV4,31383.25,3.81,Completed
283542,11,2017-09-06,Highlander,43070.49,4.16,Completed
283543,7,2017-09-14,Camry,42752.01,5.39,Completed
283544,19,2017-09-29,Sienna,43399.56,5.48,Completed
283545,4,2017-09-29,Corolla,18333.02,3.81,Completed
283546,6,2017-09-24,Sienna,37517.95,3.86,Completed
283547,12,2017-09-23,Sienna,47737.59,5.65,Completed
283548,14,2017-09-13,Prius,30978.38,5.1,Completed
283549,11,2017-09-27,Corolla,21835.88,4.16,Completed
283550,6,2017-09-22,Corolla,21784.09,3.86,Completed
283551,5,2017-09-11,Tundra,38670.48,5.34,Completed
283552,13,2017-09-01,Camry,42655.51,5.61,Completed
283553,12,2017-09-05,Camry,37966.04,5.65,Completed
283554,15,2017-09-28,Prius,32942.3,4.86,Completed
283555,5,2017-09-27,Prius,26672.68,5.34,Completed
283556,2,2017-09-06,Camry,30523.76,4.0,Completed
283557,13,2017-09-24,Sienna,53290.84,5.61,Completed
283558,1,2017-09-27,RAV4,35390.43,5.24,Completed
283559,7,2017-09-07,Camry,43685.76,5.39,Completed
283560,10,2017-09-20,Tundra,37754.95,4.88,Pending
283561,7,2017-09-26,Tundra,50081.69,5.39,Completed
283562,13,2017-09-14,Tundra,53561.05,5.61,Completed
283563,3,2017-09-29,Corolla,30093.89,5.69,Completed
283564,9,2017-09-29,Tundra,39787.06,4.4,Completed
283565,10,2017-09-08,Camry,28331.42,4.88,Completed
283566,7,2017-09-22,Corolla,31013.06,5.39,Completed
283567,18,2017-09-02,Tundra,54156.45,5.68,Completed
283568,20,2017-09-01,Sienna,53523.76,5.77,Completed
283569,19,2017-09-05,Highlander,58612.16,5.48,Completed
283570,9,2017-09-04,Camry,31203.47,4.4,Completed
283571,16,2017-09-27,Tundra,51245.68,6.06,Completed
283572,1,2017-09-18,Tundra,39693.94,5.24,Completed
283573,9,2017-09-17,Prius,24924.61,4.4,Completed
283574,2,2017-09-09,Tundra,41921.66,4.0,Completed
283575,20,2017-09-16,Tundra,54119.78,5.77,Completed
283576,10,2017-09-13,Corolla,19701.94,4.88,Completed
283577,16,2017-09-18,Corolla,28084.74,6.06,Completed
283578,3,2017-09-22,Corolla,30234.36,5.69,Completed
283579,10,2017-09-20,Prius,23033.63,4.88,Completed
283580,9,2017-09-09,Corolla,18917.99,4.4,Completed
283581,17,2017-09-24,Tacoma,27016.59,4.51,Completed
283582,8,2017-09-30,Tundra,49690.49,5.84,Pending
283583,20,2017-09-03,RAV4,45245.06,5.77,Completed
283584,18,2017-09-15,Corolla,30748.53,5.68,Completed
283585,2,2017-09-03,RAV4,37476.19,4.0,Completed
283586,13,2017-09-25,Prius,30711.27,5.61,Completed
283587,4,2017-09-03,Corolla,18941.16,3.81,Cancelled
283588,5,2017-09-27,Corolla,23808.39,5.34,Completed
283589,17,2017-09-19,Corolla,21587.19,4.51,Completed
283590,3,2017-09-16,Camry,38488.97,5.69,Completed
283591,8,2017-09-26,Highlander,69651.62,5.84,Pending
283592,10,2017-09-10,Tundra,36568.59,4.88,Completed
283593,15,2017-09-27,Highlander,67353.52,4.86,Completed
283594,20,2017-09-20,Prius,30229.14,5.77,Completed
283595,20,2017-09-02,Camry,40293.41,5.77,Completed
283596,18,2017-09-21,Corolla,31312.35,5.68,Completed
283597,4,2017-09-27,Tacoma,30796.32,3.81,Completed
283598,3,2017-09-06,Corolla,30371.81,5.69,Completed
283599,9,2017-09-17,Corolla,19255.11,4.4,Completed
283600,16,2017-09-10,Tacoma,40766.69,6.06,Completed
283601,16,2017-09-01,Sienna,53866.81,6.06,Completed
283602,6,2017-09-29,Tacoma,29973.48,3.86,Completed
283603,20,2017-09-17,Prius,31776.69,5.77,Completed
283604,10,2017-09-08,Tundra,38888.36,4.88,Completed
283605,19,2017-09-10,Sienna,40913.98,5.48,Completed
283606,11,2017-09-25,Tacoma,32918.16,4.16,Completed
283607,9,2017-09-03,Corolla,22906.62,4.4,Completed
283608,13,2017-09-16,RAV4,49021.38,5.61,Completed
283609,7,2017-09-17,Corolla,29288.66,5.39,Completed
283610,4,2017-09-08,Highlander,42063.3,3.81,Completed
283611,19,2017-09-06,Corolla,26915.04,5.48,Completed
283612,8,2017-09-27,Tundra,52643.11,5.84,Completed
283613,3,2017-09-10,Prius,31802.76,5.69,Completed
283614,18,2017-09-04,Prius,34807.43,5.68,Completed
283615,20,2017-09-22,Sienna,49695.46,5.77,Completed
283616,2,2017-09-04,Tacoma,29497.87,4.0,Completed
283617,3,2017-09-27,Camry,41124.78,5.69,Completed
283618,5,2017-09-19,Tundra,38614.58,5.34,Completed
283619,11,2017-09-25,Tundra,37562.14,4.16,Completed
283620,9,2017-09-22,Prius,25397.31,4.4,Completed
283621,18,2017-09-25,Tundra,52450.01,5.68,Completed
283622,2,2017-09-03,Prius,24368.31,4.0,Completed
283623,7,2017-09-04,Tacoma,40866.31,5.39,Completed
283624,2,2017-09-07,Tacoma,32155.18,4.0,Completed
283625,9,2017-09-29,Tundra,38323.85,4.4,Completed
283626,10,2017-09-08,Camry,31135.32,4.88,Completed
283627,1,2017-09-28,Sienna,44163.49,5.24,Completed
283628,20,2017-09-27,Prius,29806.57,5.77,Completed
283629,17,2017-09-04,Prius,24516.89,4.51,Completed
283630,11,2017-09-11,Corolla,21777.63,4.16,Completed
283631,11,2017-09-05,RAV4,31905.42,4.16,Completed
283632,7,2017-09-07,Sienna,52803.77,5.39,Completed
283633,19,2017-09-18,Tundra,40110.64,5.48,Cancelled
283634,7,2017-09-03,Tacoma,44827.84,5.39,Completed
283635,4,2017-09-15,Prius,22259.48,3.81,Completed
283636,13,2017-09-02,Camry,43832.26,5.61,Completed
283637,15,2017-09-14,Corolla,30527.45,4.86,Completed
283638,16,2017-09-04,RAV4,46182.65,6.06,Completed
283639,12,2017-09-05,RAV4,45391.86,5.65,Completed
283640,4,2017-09-11,Tacoma,30932.03,3.81,Completed
283641,20,2017-09-11,Highlander,61041.02,5.77,Completed
283642,14,2017-09-19,Prius,28812.24,5.1,Completed
283643,3,2017-09-16,Tacoma,40280.29,5.69,Completed
283644,14,2017-09-09,Tundra,46067.06,5.1,Completed
283645,15,2017-09-10,Tacoma,40907.02,4.86,Completed
283646,7,2017-09-12,Prius,32225.24,5.39,Completed
283647,17,2017-09-03,Tundra,38227.84,4.51,Pending
283648,5,2017-09-28,Sienna,39152.44,5.34,Completed
283649,6,2017-09-05,Corolla,19431.99,3.86,Completed
283650,9,2017-09-18,Tacoma,30591.03,4.4,Completed
283651,5,2017-09-20,Highlander,54867.88,5.34,Completed
283652,18,2017-09-21,RAV4,48561.21,5.68,Completed
283653,7,2017-09-10,Highlander,63695.8,5.39,Completed
283654,16,2017-09-13,Camry,40730.47,6.06,Completed
283655,20,2017-09-26,Corolla,28289.81,5.77,Completed
283656,12,2017-09-20,Tacoma,43518.21,5.65,Completed
283657,6,2017-09-21,Tacoma,32060.2,3.86,Pending
283658,5,2017-09-10,Tundra,41353.15,5.34,Completed
283659,11,2017-09-09,RAV4,30817.26,4.16,Completed
283660,6,2017-09-14,Tundra,38367.22,3.86,Completed
283661,19,2017-09-10,Corolla,25243.51,5.48,Completed
283662,7,2017-09-07,Tundra,54314.98,5.39,Completed
283663,15,2017-09-16,Sienna,48309.43,4.86,Completed
283664,10,2017-09-20,Highlander,46499.7,4.88,Completed
283665,10,2017-09-10,Sienna,39144.59,4.88,Completed
283666,11,2017-09-08,Camry,27605.39,4.16,Completed
283667,9,2017-09-07,RAV4,30876.72,4.4,Completed
283668,3,2017-09-05,RAV4,48368.82,5.69,Completed
283669,14,2017-09-03,Prius,33551.85,5.1,Completed
283670,12,2017-09-21,Highlander,57799.78,5.65,Completed
283671,4,2017-09-29,Sienna,35363.32,3.81,Completed
283672,11,2017-09-14,Tundra,35525.88,4.16,Completed
283673,4,2017-09-18,Tundra,33372.72,3.81,Completed
283674,7,2017-09-30,Tacoma,40087.69,5.39,Completed
283675,18,2017-09-22,Highlander,75696.49,5.68,Completed
283676,4,2017-09-28,Tacoma,28430.05,3.81,Completed
283677,10,2017-09-16,Tundra,36188.65,4.88,Completed
283678,10,2017-09-24,RAV4,32464.41,4.88,Completed
283679,15,2017-09-23,Sienna,52310.23,4.86,Completed
283680,5,2017-09-19,Corolla,21917.46,5.34,Completed
283681,15,2017-09-05,Sienna,53052.81,4.86,Completed
283682,18,2017-09-30,Camry,39368.74,5.68,Completed
283683,20,2017-09-28,Tundra,47700.23,5.77,Completed
283684,11,2017-09-26,Corolla,22416.06,4.16,Completed
283685,20,2017-09-10,Prius,31864.32,5.77,Completed
283686,17,2017-09-25,Prius,24116.32,4.51,Completed
283687,14,2017-09-14,Tundra,44538.63,5.1,Completed
283688,11,2017-09-23,Tundra,39330.07,4.16,Completed
283689,10,2017-09-05,Tundra,36486.03,4.88,Completed
283690,16,2017-09-05,Prius,34978.26,6.06,Completed
283691,5,2017-09-24,Tacoma,37438.07,5.34,Completed
283692,9,2017-09-19,Sienna,35172.21,4.4,Completed
283693,10,2017-09-19,Tundra,35377.13,4.88,Completed
283694,14,2017-09-11,Camry,35749.46,5.1,Completed
283695,11,2017-09-14,Highlander,50568.24,4.16,Completed
283696,20,2017-09-29,Sienna,49698.92,5.77,Completed
283697,15,2017-09-29,Camry,40530.12,4.86,Completed
283698,19,2017-09-08,Tacoma,35432.34,5.48,Completed
283699,7,2017-09-11,Corolla,28818.45,5.39,Completed
283700,3,2017-09-05,Corolla,26915.79,5.69,Completed
283701,7,2017-09-14,Camry,41925.18,5.39,Completed
283702,10,2017-09-13,Sienna,38345.8,4.88,Completed
283703,11,2017-09-05,Prius,22252.72,4.16,Completed
283704,17,2017-09-12,Prius,22131.98,4.51,Completed
283705,4,2017-09-22,Camry,28230.34,3.81,Completed
283706,2,2017-09-30,Highlander,45194.83,4.0,Completed
283707,15,2017-09-05,Highlander,67692.94,4.86,Completed
283708,1,2017-09-27,Highlander,49012.97,5.24,Completed
283709,20,2017-09-14,Tundra,47543.94,5.77,Completed
283710,18,2017-09-16,Tacoma,41961.54,5.68,Completed
283711,8,2017-09-15,Prius,33815.09,5.84,Completed
283712,18,2017-09-07,Tacoma,48267.7,5.68,Completed
283713,8,2017-09-23,Prius,30268.47,5.84,Completed
283714,20,2017-09-18,Tacoma,46732.86,5.77,Completed
283715,5,2017-09-21,Tacoma,37660.86,5.34,Completed
283716,9,2017-09-26,Highlander,44716.83,4.4,Completed
283717,14,2017-09-06,Prius,29978.42,5.1,Completed
283718,12,2017-09-20,Tundra,53758.04,5.65,Completed
283719,15,2017-09-03,Sienna,49320.31,4.86,Completed
283720,18,2017-09-18,Camry,42493.42,5.68,Completed
283721,13,2017-09-10,Prius,36689.4,5.61,Completed
283722,8,2017-09-18,Tacoma,40022.26,5.84,Completed
283723,6,2017-09-17,Tundra,37725.27,3.86,Completed
283724,19,2017-09-23,Camry,31358.35,5.48,Completed
283725,17,2017-09-25,Tundra,32016.43,4.51,Completed
283726,7,2017-09-26,Camry,42285.71,5.39,Pending
283727,19,2017-09-22,Tacoma,34501.62,5.48,Pending
283728,3,2017-09-29,Tacoma,42805.19,5.69,Cancelled
283729,1,2017-09-26,Prius,27604.94,5.24,Completed
283730,8,2017-09-28,Tacoma,40604.37,5.84,Completed
283731,5,2017-09-14,RAV4,40170.67,5.34,Completed
283732,19,2017-09-19,Highlander,51339.2,5.48,Completed
283733,8,2017-09-19,Prius,30427.38,5.84,Completed
283734,16,2017-09-01,Prius,35623.19,6.06,Completed
283735,1,2017-09-16,Highlander,50090.9,5.24,Completed
283736,19,2017-09-01,Highlander,58278.8,5.48,Completed
283737,12,2017-09-19,RAV4,43986.48,5.65,Completed
283738,11,2017-09-11,RAV4,31058.28,4.16,Completed
283739,10,2017-09-04,Camry,27012.02,4.88,Completed
283740,11,2017-09-07,Sienna,38375.23,4.16,Completed
283741,14,2017-09-06,Prius,33960.56,5.1,Completed
283742,12,2017-09-22,Prius,30869.17,5.65,Completed
283743,15,2017-09-05,Tacoma,41721.04,4.86,Completed
283744,16,2017-09-26,Tundra,54083.6,6.06,Completed
283745,5,2017-09-19,Corolla,24941.67,5.34,Completed
283746,20,2017-09-05,Prius,34376.37,5.77,Cancelled
283747,19,2017-09-30,Highlander,57005.63,5.48,Completed
283748,18,2017-09-21,Tundra,56075.91,5.68,Completed
283749,8,2017-09-10,Prius,31290.49,5.84,Completed
283750,4,2017-09-18,Camry,27850.44,3.81,Completed
283751,9,2017-09-01,Corolla,22900.65,4.4,Completed
283752,13,2017-09-13,Sienna,53334.25,5.61,Completed
283753,20,2017-09-07,Highlander,62142.41,5.77,Completed
283754,12,2017-09-13,RAV4,41427.69,5.65,Completed
283755,2,2017-09-09,Highlander,52374.57,4.0,Completed
283756,6,2017-09-26,RAV4,30732.43,3.86,Completed
283757,2,2017-09-27,Prius,27342.31,4.0,Completed
283758,9,2017-09-13,Highlander,43662.53,4.4,Completed
283759,1,2017-09-22,Highlander,56232.52,5.24,Completed
283760,20,2017-09-15,Tacoma,44147.87,5.77,Completed
283761,6,2017-09-23,Corolla,22372.75,3.86,Completed
283762,6,2017-09-21,Tundra,33099.65,3.86,Completed
283763,12,2017-09-13,Tundra,53572.82,5.65,Completed
283764,2,2017-09-21,Corolla,23630.7,4.0,Completed
283765,15,2017-09-18,Tundra,48835.82,4.86,Completed
283766,7,2017-09-27,Camry,38222.3,5.39,Completed
283767,8,2017-09-07,Prius,31695.9,5.84,Completed
283768,8,2017-09-26,Corolla,29554.21,5.84,Pending
283769,20,2017-09-06,Tundra,54294.32,5.77,Completed
283770,9,2017-09-06,Sienna,34273.86,4.4,Completed
283771,9,2017-09-14,Highlander,45256.66,4.4,Pending
283772,1,2017-09-19,RAV4,36530.59,5.24,Completed
283773,7,2017-09-15,Corolla,27977.81,5.39,Completed
283774,13,2017-09-11,Corolla,28228.49,5.61,Completed
283775,19,2017-09-26,Corolla,22900.89,5.48,Completed
283776,1,2017-09-23,Sienna,45998.22,5.24,Completed
283777,5,2017-09-01,Highlander,59511.19,5.34,Completed
283778,17,2017-09-06,Corolla,20633.11,4.51,Completed
283779,5,2017-09-08,Highlander,56808.99,5.34,Completed
283780,4,2017-09-10,Corolla,20617.24,3.81,Completed
283781,10,2017-09-16,Highlander,51863.81,4.88,Completed
283782,5,2017-09-15,Tacoma,38953.76,5.34,Completed
283783,2,2017-09-06,Sienna,36452.27,4.0,Completed
283784,6,2017-09-02,Corolla,21282.49,3.86,Completed
283785,20,2017-09-24,Highlander,61616.47,5.77,Completed
283786,13,2017-09-19,Prius,31801.43,5.61,Completed
283787,16,2017-09-26,Sienna,48378.7,6.06,Completed
283788,5,2017-09-14,Tundra,44359.19,5.34,Completed
283789,14,2017-09-23,Camry,35552.1,5.1,Completed
283790,5,2017-09-12,Tacoma,34702.84,5.34,Completed
283791,6,2017-09-21,Corolla,19596.55,3.86,Completed
283792,11,2017-09-19,Sienna,33740.83,4.16,Completed
283793,2,2017-09-29,Sienna,40483.2,4.0,Completed
283794,11,2017-09-19,Sienna,38594.53,4.16,Completed
283795,18,2017-09-24,Tundra,50523.2,5.68,Completed
283796,7,2017-09-26,Sienna,47863.83,5.39,Completed
283797,13,2017-09-25,Prius,34303.88,5.61,Completed
283798,8,2017-09-06,Sienna,46324.29,5.84,Completed
283799,9,2017-09-20,Sienna,36307.12,4.4,Completed
283800,11,2017-09-21,Tundra,33577.54,4.16,Completed
283801,1,2017-09-20,Highlander,50858.07,5.24,Completed
283802,19,2017-09-03,Tacoma,34621.29,5.48,Completed
283803,15,2017-09-18,Tundra,48761.52,4.86,Completed
283804,19,2017-09-07,Sienna,43705.5,5.48,Completed
283805,10,2017-09-13,Tundra,39141.73,4.88,Completed
283806,18,2017-09-15,Prius,34697.48,5.68,Completed
283807,20,2017-09-11,Camry,36663.66,5.77,Completed
283808,5,2017-09-03,Prius,29103.13,5.34,Completed
283809,8,2017-09-01,Camry,42974.94,5.84,Completed
283810,1,2017-09-12,Sienna,38777.21,5.24,Completed
283811,18,2017-09-11,Corolla,29569.48,5.68,Completed
283812,18,2017-09-05,Sienna,59060.7,5.68,Completed
283813,4,2017-09-17,Highlander,41779.8,3.81,Completed
283814,10,2017-09-26,RAV4,33506.47,4.88,Completed
283815,13,2017-09-25,Tacoma,43020.84,5.61,Completed
283816,3,2017-09-22,Tacoma,40755.51,5.69,Cancelled
283817,4,2017-09-27,Highlander,45361.7,3.81,Completed
283818,4,2017-09-12,Tacoma,26887.66,3.81,Completed
283819,9,2017-09-13,Camry,26647.18,4.4,Completed
283820,10,2017-09-08,Sienna,39953.63,4.88,Completed
283821,19,2017-09-12,Prius,30839.82,5.48,Completed
283822,10,2017-09-11,Sienna,37039.75,4.88,Completed
283823,17,2017-09-20,Sienna,33112.14,4.51,Completed
283824,15,2017-09-06,Highlander,62511.52,4.86,Completed
283825,10,2017-09-01,Tundra,37342.68,4.88,Completed
283826,12,2017-09-27,Sienna,53761.79,5.65,Completed
283827,9,2017-09-05,Camry,29989.34,4.4,Completed
283828,8,2017-09-19,Prius,35611.95,5.84,Completed
283829,17,2017-09-17,Tacoma,26856.66,4.51,Completed
283830,20,2017-09-22,Tundra,52692.53,5.77,Completed
283831,7,2017-09-20,Corolla,31054.14,5.39,Completed
283832,13,2017-09-07,Camry,44963.45,5.61,Cancelled
283833,2,2017-09-14,Tundra,40978.95,4.0,Completed
283834,19,2017-09-16,RAV4,36345.32,5.48,Completed
283835,3,2017-09-03,Corolla,28600.18,5.69,Completed
283836,8,2017-09-30,Prius,35577.5,5.84,Completed
283837,17,2017-09-12,Highlander,41653.59,4.51,Completed
283838,3,2017-09-25,Camry,39502.69,5.69,Completed
283839,16,2017-09-23,Tacoma,45138.0,6.06,Completed
283840,13,2017-09-10,RAV4,45543.53,5.61,Completed
283841,5,2017-09-04,Corolla,24802.54,5.34,Completed
283842,6,2017-09-29,Camry,27586.22,3.86,Completed
283843,2,2017-09-22,Prius,26824.14,4.0,Completed
283844,15,2017-09-24,Tundra,53016.97,4.86,Completed
283845,18,2017-09-15,Highlander,64072.66,5.68,Completed
283846,1,2017-09-22,Sienna,39110.87,5.24,Completed
283847,13,2017-09-29,Tundra,54884.83,5.61,Completed
283848,12,2017-09-04,RAV4,45286.65,5.65,Completed
283849,6,2017-09-04,Sienna,36204.01,3.86,Completed
283850,9,2017-09-18,RAV4,30013.87,4.4,Completed
283851,3,2017-09-04,Highlander,65229.55,5.69,Completed
283852,9,2017-09-27,Tacoma,31203.13,4.4,Completed
283853,6,2017-09-17,RAV4,35469.55,3.86,Completed
283854,1,2017-09-02,Tacoma,38046.61,5.24,Completed
283855,1,2017-09-29,Corolla,22400.86,5.24,Completed
283856,20,2017-09-04,Tacoma,41146.46,5.77,Completed
283857,10,2017-09-26,Highlander,45873.01,4.88,Completed
283858,10,2017-09-05,RAV4,35365.92,4.88,Completed
283859,4,2017-09-28,Sienna,34268.1,3.81,Completed
283860,6,2017-09-05,Corolla,22084.44,3.86,Completed
283861,3,2017-09-06,Highlander,59976.22,5.69,Completed
283862,4,2017-09-29,Camry,27413.74,3.81,Completed
283863,1,2017-09-28,Highlander,49528.42,5.24,Completed
283864,16,2017-09-03,Tundra,51625.94,6.06,Completed
283865,6,2017-09-20,Sienna,34710.01,3.86,Completed
283866,10,2017-09-12,Sienna,38280.92,4.88,Completed
283867,18,2017-09-02,Prius,33243.65,5.68,Pending
283868,20,2017-09-10,Tundra,52478.32,5.77,Completed
283869,14,2017-09-23,Highlander,64139.89,5.1,Completed
283870,15,2017-09-02,Camry,39986.41,4.86,Completed
283871,2,2017-09-06,RAV4,37916.99,4.0,Completed
283872,12,2017-09-18,Prius,29210.25,5.65,Completed
283873,1,2017-09-11,Highlander,53366.03,5.24,Completed
283874,12,2017-09-20,Tacoma,39105.85,5.65,Completed
283875,13,2017-09-22,Sienna,55278.99,5.61,Completed
283876,20,2017-09-03,Tacoma,44922.01,5.77,Completed
283877,10,2017-09-28,Sienna,40323.46,4.88,Completed
283878,14,2017-09-28,Highlander,58981.98,5.1,Completed
283879,8,2017-09-18,RAV4,44870.64,5.84,Completed
283880,14,2017-09-04,Tacoma,38401.37,5.1,Completed
283881,19,2017-09-01,Corolla,26310.54,5.48,Completed
283882,12,2017-09-28,Highlander,69573.09,5.65,Completed
283883,13,2017-09-07,Camry,41167.48,5.61,Completed
283884,16,2017-09-26,RAV4,51089.15,6.06,Completed
283885,2,2017-09-12,Tacoma,29705.45,4.0,Completed
283886,16,2017-09-23,Prius,31819.54,6.06,Completed
283887,13,2017-09-23,Tundra,49204.64,5.61,Completed
283888,6,2017-09-13,Tundra,35817.94,3.86,Completed
283889,7,2017-09-26,RAV4,48539.01,5.39,Completed
283890,3,2017-09-19,Sienna,51779.33,5.69,Completed
283891,11,2017-09-19,Prius,23091.42,4.16,Completed
283892,3,2017-09-01,Sienna,47038.52,5.69,Completed
283893,18,2017-09-16,Sienna,51538.89,5.68,Completed
283894,8,2017-09-16,Prius,31565.22,5.84,Completed
283895,10,2017-09-02,Tundra,40322.27,4.88,Completed
283896,3,2017-09-15,Corolla,29974.09,5.69,Completed
283897,16,2017-09-03,RAV4,46799.19,6.06,Completed
283898,6,2017-09-18,Camry,30415.97,3.86,Completed
283899,3,2017-09-26,Prius,31915.48,5.69,Completed
283900,8,2017-09-09,Prius,31765.43,5.84,Completed
283901,14,2017-09-24,Tacoma,41847.39,5.1,Completed
283902,15,2017-09-18,Corolla,26297.76,4.86,Completed
283903,5,2017-09-25,RAV4,40947.85,5.34,Completed
283904,10,2017-09-15,Tundra,39197.84,4.88,Completed
283905,15,2017-09-06,Highlander,61909.12,4.86,Completed
283906,20,2017-09-01,Tacoma,42013.82,5.77,Completed
283907,6,2017-09-28,Sienna,37754.27,3.86,Completed
283908,12,2017-09-23,Corolla,27501.72,5.65,Completed
283909,9,2017-09-17,Tundra,37197.19,4.4,Completed
283910,7,2017-09-12,Tundra,50630.05,5.39,Completed
283911,20,2017-09-03,Corolla,28138.7,5.77,Completed
283912,12,2017-09-05,Prius,33731.9,5.65,Completed
283913,15,2017-09-11,Tundra,44829.81,4.86,Completed
283914,13,2017-09-07,Camry,41362.07,5.61,Completed
283915,13,2017-09-17,Tundra,54809.89,5.61,Completed
283916,18,2017-09-19,Camry,46083.37,5.68,Completed
283917,3,2017-09-26,Camry,37322.09,5.69,Completed
283918,4,2017-09-15,Highlander,47106.02,3.81,Completed
283919,3,2017-09-29,Camry,37454.19,5.69,Completed
283920,7,2017-09-28,Tundra,55559.3,5.39,Completed
283921,6,2017-09-04,Prius,25345.72,3.86,Cancelled
283922,6,2017-09-20,Camry,26495.01,3.86,Completed
283923,2,2017-09-23,Tacoma,30220.93,4.0,Completed
283924,4,2017-09-25,Tundra,35844.82,3.81,Completed
283925,1,2017-09-21,Sienna,44012.48,5.24,Cancelled
283926,16,2017-09-29,Tacoma,40953.58,6.06,Completed
283927,6,2017-09-29,Prius,22996.08,3.86,Completed
283928,8,2017-09-14,Sienna,45369.91,5.84,Completed
283929,5,2017-09-25,Camry,36430.45,5.34,Completed
283930,18,2017-09-12,Prius,34285.46,5.68,Completed
283931,4,2017-09-22,Tundra,36726.46,3.81,Completed
283932,19,2017-09-07,Prius,28140.47,5.48,Completed
283933,13,2017-09-05,Camry,39411.93,5.61,Completed
283934,11,2017-09-29,Tundra,35213.12,4.16,Completed
283935,2,2017-09-22,RAV4,33235.13,4.0,Completed
283936,12,2017-09-03,Corolla,29502.34,5.65,Completed
283937,14,2017-09-12,Tundra,45327.65,5.1,Completed
283938,14,2017-09-09,Tacoma,43910.89,5.1,Completed
283939,12,2017-09-06,RAV4,41256.98,5.65,Completed
283940,10,2017-09-21,Camry,32228.52,4.88,Completed
283941,18,2017-09-18,Camry,40248.63,5.68,Completed
283942,1,2017-09-24,Highlander,51034.32,5.24,Completed
283943,3,2017-09-17,Prius,32332.53,5.69,Completed
283944,7,2017-09-17,Corolla,32093.72,5.39,Completed
283945,9,2017-09-02,RAV4,33320.98,4.4,Completed
283946,9,2017-09-25,Tundra,37656.65,4.4,Completed
283947,5,2017-09-27,Tacoma,36986.15,5.34,Completed
283948,12,2017-09-05,Corolla,27529.91,5.65,Completed
283949,12,2017-09-24,Tacoma,40396.61,5.65,Completed
283950,8,2017-09-23,Prius,31056.6,5.84,Completed
283951,7,2017-09-02,Highlander,66936.25,5.39,Completed
283952,20,2017-09-28,Highlander,60336.03,5.77,Completed
283953,2,2017-09-23,Camry,27683.51,4.0,Cancelled
283954,16,2017-09-24,RAV4,49563.03,6.06,Completed
283955,11,2017-09-16,Tundra,38726.31,4.16,Completed
283956,18,2017-09-24,Sienna,49676.89,5.68,Completed
283957,9,2017-09-23,RAV4,34438.86,4.4,Completed
283958,1,2017-09-16,Highlander,55151.61,5.24,Completed
283959,9,2017-09-10,Tundra,37519.1,4.4,Completed
283960,11,2017-09-24,Highlander,46530.48,4.16,Completed
283961,12,2017-09-09,Highlander,62775.12,5.65,Completed
283962,6,2017-09-22,RAV4,30619.71,3.86,Completed
283963,5,2017-09-09,Camry,31974.6,5.34,Completed
283964,12,2017-09-16,Prius,33164.44,5.65,Completed
283965,18,2017-09-21,Corolla,31667.05,5.68,Completed
283966,15,2017-09-01,Corolla,26153.0,4.86,Completed
283967,16,2017-09-08,RAV4,45201.48,6.06,Completed
283968,1,2017-09-22,Tacoma,32330.46,5.24,Completed
283969,9,2017-09-20,Prius,21930.46,4.4,Completed
283970,6,2017-09-29,Camry,29726.21,3.86,Completed
283971,16,2017-09-07,Prius,33675.81,6.06,Completed
283972,14,2017-09-20,Tacoma,41151.69,5.1,Completed
283973,1,2017-09-05,Tundra,40609.3,5.24,Completed
283974,13,2017-09-30,Tundra,48367.91,5.61,Completed
283975,3,2017-09-09,Corolla,26986.41,5.69,Completed
283976,20,2017-09-25,Prius,30316.17,5.77,Completed
283977,1,2017-09-23,Tacoma,35786.21,5.24,Completed
283978,11,2017-09-12,Sienna,34279.41,4.16,Completed
283979,18,2017-09-03,Sienna,56883.97,5.68,Completed
283980,17,2017-09-25,Prius,22117.06,4.51,Completed
283981,17,2017-09-10,Tundra,38294.3,4.51,Completed
283982,13,2017-09-13,RAV4,45162.08,5.61,Completed
283983,11,2017-09-07,Camry,31278.52,4.16,Completed
283984,4,2017-09-24,Tundra,35720.59,3.81,Completed
283985,20,2017-09-19,Camry,42397.09,5.77,Cancelled
283986,16,2017-09-29,Highlander,69112.46,6.06,Completed
283987,5,2017-09-07,Tundra,43381.72,5.34,Completed
283988,9,2017-09-10,Camry,28338.47,4.4,Completed
283989,19,2017-09-07,Tacoma,38609.7,5.48,Completed
283990,9,2017-09-05,RAV4,35218.23,4.4,Completed
283991,8,2017-09-27,Highlander,65151.65,5.84,Completed
283992,8,2017-09-19,Corolla,30159.7,5.84,Completed
283993,14,2017-09-16,Highlander,56102.76,5.1,Completed
283994,17,2017-09-22,Sienna,36880.39,4.51,Completed
283995,12,2017-09-22,RAV4,43458.4,5.65,Completed
283996,12,2017-09-04,RAV4,47142.91,5.65,Completed
283997,14,2017-09-21,Highlander,61952.11,5.1,Completed
283998,15,2017-09-17,Prius,32041.37,4.86,Completed
283999,14,2017-09-26,Prius,29125.0,5.1,Completed
284000,19,2017-09-04,Tacoma,35597.86,5.48,Completed
284001,14,2017-09-23,Sienna,44589.45,5.1,Completed
284002,20,2017-09-22,Tacoma,44631.52,5.77,Completed
284003,18,2017-09-05,Highlander,73807.1,5.68,Completed
284004,8,2017-09-01,Tundra,54234.78,5.84,Completed
284005,8,2017-09-29,Sienna,54706.1,5.84,Completed
284006,16,2017-09-30,Corolla,26953.65,6.06,Completed
284007,16,2017-09-09,Tundra,55707.06,6.06,Completed
284008,2,2017-09-22,Camry,28527.26,4.0,Completed
284009,13,2017-09-21,Highlander,72875.05,5.61,Completed
284010,12,2017-09-14,RAV4,43510.83,5.65,Completed
284011,7,2017-09-25,Prius,30535.89,5.39,Completed
284012,18,2017-09-13,RAV4,51182.79,5.68,Completed
284013,2,2017-09-05,Tundra,36152.36,4.0,Completed
284014,13,2017-09-26,Highlander,64918.81,5.61,Completed
284015,4,2017-09-15,RAV4,31110.11,3.81,Completed
284016,12,2017-09-20,RAV4,43702.36,5.65,Completed
284017,5,2017-09-17,RAV4,35969.84,5.34,Completed
284018,9,2017-09-06,Corolla,22272.54,4.4,Completed
284019,11,2017-09-02,Sienna,35987.17,4.16,Completed
284020,18,2017-09-20,Tundra,58626.28,5.68,Pending
284021,10,2017-09-13,Prius,23318.01,4.88,Completed
284022,16,2017-09-20,Highlander,61731.87,6.06,Completed
284023,6,2017-09-25,Sienna,35549.82,3.86,Completed
284024,6,2017-09-02,Highlander,43920.57,3.86,Completed
284025,20,2017-09-02,Tundra,46881.06,5.77,Completed
284026,5,2017-09-11,RAV4,36267.94,5.34,Completed
284027,4,2017-09-11,Tacoma,27159.82,3.81,Completed
284028,15,2017-09-14,Tundra,47024.07,4.86,Completed
284029,18,2017-09-22,RAV4,52239.78,5.68,Completed
284030,13,2017-09-06,Corolla,29549.35,5.61,Completed
284031,12,2017-09-09,Corolla,28888.45,5.65,Completed
284032,16,2017-09-12,Highlander,66521.22,6.06,Completed
284033,7,2017-09-18,RAV4,43163.11,5.39,Cancelled
284034,14,2017-09-02,Tacoma,40092.62,5.1,Completed
284035,12,2017-09-20,Tundra,52368.34,5.65,Cancelled
284036,8,2017-09-01,Prius,33039.13,5.84,Completed
284037,15,2017-09-24,Corolla,29773.75,4.86,Completed
284038,8,2017-09-24,Corolla,31235.67,5.84,Completed
284039,15,2017-09-15,Tundra,48858.8,4.86,Completed
284040,5,2017-09-13,Sienna,43666.98,5.34,Completed
284041,10,2017-09-22,Sienna,38076.4,4.88,Completed
284042,12,2017-09-11,Tacoma,40866.95,5.65,Completed
284043,6,2017-09-21,Corolla,20745.56,3.86,Completed
284044,7,2017-09-12,Corolla,31618.41,5.39,Completed
284045,2,2017-09-29,RAV4,32097.34,4.0,Completed
284046,18,2017-09-05,Corolla,31798.25,5.68,Completed
284047,4,2017-09-27,Highlander,45092.44,3.81,Completed
284048,7,2017-09-28,Sienna,53238.21,5.39,Completed
284049,7,2017-09-02,Tacoma,40135.65,5.39,Completed
284050,14,2017-09-11,Sienna,43876.88,5.1,Pending
284051,18,2017-09-01,Corolla,29931.77,5.68,Completed
284052,18,2017-09-04,RAV4,45808.66,5.68,Completed
284053,19,2017-09-26,Sienna,41038.06,5.48,Completed
284054,18,2017-09-22,Corolla,29253.34,5.68,Completed
284055,15,2017-09-27,Tacoma,39990.25,4.86,Completed
284056,15,2017-09-21,Camry,34861.31,4.86,Completed
284057,14,2017-09-08,Tacoma,37152.81,5.1,Completed
284058,5,2017-09-02,Tacoma,38336.22,5.34,Completed
284059,18,2017-09-16,Corolla,32879.78,5.68,Completed
284060,8,2017-09-14,RAV4,42147.99,5.84,Completed
284061,10,2017-09-14,Corolla,22694.94,4.88,Completed
284062,12,2017-09-25,Prius,29410.28,5.65,Completed
284063,15,2017-09-05,Sienna,48224.34,4.86,Completed
284064,5,2017-09-19,RAV4,35930.24,5.34,Completed
284065,6,2017-09-28,RAV4,35311.03,3.86,Completed
284066,13,2017-09-24,Sienna,50312.83,5.61,Completed
284067,15,2017-09-10,Camry,36030.32,4.86,Completed
284068,20,2017-09-30,RAV4,49465.17,5.77,Completed
284069,2,2017-09-18,RAV4,31789.34,4.0,Completed
284070,18,2017-09-16,RAV4,47358.61,5.68,Completed
284071,20,2017-09-14,Corolla,27349.61,5.77,Completed
284072,8,2017-09-09,Highlander,66470.16,5.84,Completed
284073,15,2017-09-06,Highlander,66667.37,4.86,Completed
284074,13,2017-09-02,Corolla,30847.59,5.61,Completed
284075,19,2017-09-02,Corolla,25940.25,5.48,Completed
284076,4,2017-09-25,Corolla,20925.56,3.81,Completed
284077,10,2017-09-23,Corolla,21330.28,4.88,Completed
284078,9,2017-09-18,Corolla,22632.64,4.4,Completed
284079,15,2017-09-09,Highlander,65430.36,4.86,Completed
284080,2,2017-09-15,Camry,27097.49,4.0,Completed
284081,13,2017-09-21,Camry,41750.54,5.61,Completed
284082,10,2017-09-21,Highlander,43496.51,4.88,Completed
284083,17,2017-09-02,Sienna,32623.23,4.51,Completed
284084,19,2017-09-04,RAV4,37450.52,5.48,Completed
284085,17,2017-09-17,Sienna,36288.24,4.51,Completed
284086,11,2017-09-28,Tacoma,30760.2,4.16,Completed
284087,1,2017-09-18,Tundra,41564.93,5.24,Completed
284088,12,2017-09-25,Tacoma,43994.05,5.65,Completed
284089,6,2017-09-02,Prius,21830.47,3.86,Cancelled
284090,6,2017-09-15,Prius,24898.32,3.86,Completed
284091,6,2017-09-07,Tacoma,31489.54,3.86,Completed
284092,10,2017-09-30,Corolla,19757.54,4.88,Completed
284093,8,2017-09-22,Highlander,69040.06,5.84,Completed
284094,18,2017-09-23,Highlander,66280.85,5.68,Completed
284095,4,2017-09-26,Sienna,34315.5,3.81,Completed
284096,17,2017-09-04,Highlander,45760.85,4.51,Completed
284097,7,2017-09-19,RAV4,43152.68,5.39,Completed
284098,9,2017-09-04,Corolla,21152.28,4.4,Cancelled
284099,19,2017-09-26,Tacoma,40040.29,5.48,Completed
284100,7,2017-09-04,RAV4,50167.15,5.39,Completed
284101,14,2017-09-14,Prius,29494.53,5.1,Completed
284102,15,2017-09-29,Sienna,51056.36,4.86,Completed
284103,5,2017-09-21,Sienna,46461.8,5.34,Completed
284104,2,2017-09-30,Tacoma,29523.91,4.0,Pending
284105,3,2017-09-16,Corolla,28242.76,5.69,Completed
284106,16,2017-09-02,Sienna,48047.68,6.06,Completed
284107,14,2017-09-12,Tundra,47406.41,5.1,Completed
284108,19,2017-09-24,Sienna,40646.07,5.48,Completed
284109,11,2017-09-16,Tacoma,27941.62,4.16,Completed
284110,12,2017-09-12,Corolla,27216.35,5.65,Completed
284111,19,2017-09-30,Tacoma,34974.24,5.48,Pending
284112,7,2017-09-06,Highlander,68748.75,5.39,Completed
284113,7,2017-09-17,Highlander,71067.49,5.39,Pending
284114,4,2017-09-01,Sienna,36906.06,3.81,Completed
284115,1,2017-09-03,Corolla,21667.6,5.24,Completed
284116,11,2017-09-26,Sienna,37998.74,4.16,Pending
284117,15,2017-09-06,Sienna,54488.65,4.86,Completed
284118,13,2017-09-12,Camry,42191.08,5.61,Completed
284119,9,2017-09-08,RAV4,30350.69,4.4,Completed
284120,19,2017-09-28,Highlander,53297.65,5.48,Completed
284121,1,2017-09-19,Highlander,50296.47,5.24,Completed
284122,6,2017-09-08,Corolla,21907.93,3.86,Completed
284123,18,2017-09-08,Sienna,49219.18,5.68,Completed
284124,9,2017-09-21,Sienna,34998.32,4.4,Completed
284125,9,2017-09-11,Corolla,18990.48,4.4,Completed
284126,14,2017-09-19,Highlander,66548.12,5.1,Completed
284127,4,2017-09-15,Tundra,33200.15,3.81,Completed
284128,8,2017-09-21,Camry,40780.79,5.84,Completed
284129,9,2017-09-02,Camry,25602.4,4.4,Completed
284130,6,2017-09-05,Prius,23071.17,3.86,Completed
284131,2,2017-09-18,Sienna,41603.5,4.0,Completed
284132,14,2017-09-18,Prius,28658.55,5.1,Completed
284133,19,2017-09-20,Prius,26111.18,5.48,Completed
284134,9,2017-09-29,Prius,23820.74,4.4,Completed
284135,7,2017-09-08,Sienna,49700.84,5.39,Completed
284136,15,2017-09-02,Tacoma,42548.42,4.86,Completed
284137,6,2017-09-28,Highlander,41670.62,3.86,Completed
284138,1,2017-09-20,Highlander,49580.13,5.24,Completed
284139,11,2017-09-03,Tundra,33286.1,4.16,Completed
284140,13,2017-09-17,Corolla,32463.17,5.61,Completed
284141,17,2017-09-26,Sienna,35095.31,4.51,Completed
284142,18,2017-09-08,Prius,32126.22,5.68,Completed
284143,9,2017-09-14,RAV4,31184.77,4.4,Completed
284144,7,2017-09-25,Sienna,49471.74,5.39,Completed
284145,14,2017-09-20,Tundra,47727.35,5.1,Completed
284146,16,2017-09-02,Tundra,52346.58,6.06,Completed
284147,16,2017-09-07,Camry,42892.78,6.06,Completed
284148,19,2017-09-30,Corolla,25480.18,5.48,Completed
284149,18,2017-09-25,Prius,33951.29,5.68,Completed
284150,14,2017-09-04,Tundra,47562.86,5.1,Completed
284151,9,2017-09-04,Tundra,36295.18,4.4,Completed
284152,7,2017-09-12,Sienna,51109.78,5.39,Completed
284153,14,2017-09-10,Sienna,50379.33,5.1,Completed
284154,13,2017-09-22,Prius,37057.44,5.61,Completed
284155,10,2017-09-20,Camry,29087.89,4.88,Completed
284156,7,2017-09-13,Tundra,55221.2,5.39,Completed
284157,18,2017-09-23,Corolla,30604.3,5.68,Completed
284158,13,2017-09-22,RAV4,48877.75,5.61,Completed
284159,12,2017-09-14,Camry,38515.69,5.65,Completed
284160,16,2017-09-22,Camry,42167.68,6.06,Completed
284161,8,2017-09-27,Camry,36890.37,5.84,Completed
284162,16,2017-09-26,Prius,32738.84,6.06,Completed
284163,15,2017-09-29,Sienna,45836.42,4.86,Completed
284164,18,2017-09-17,Corolla,33160.54,5.68,Completed
284165,10,2017-09-21,Tacoma,30304.26,4.88,Completed
284166,4,2017-09-25,Sienna,36208.56,3.81,Completed
284167,19,2017-09-21,Tacoma,34526.49,5.48,Completed
284168,8,2017-09-07,Camry,41987.76,5.84,Completed
284169,3,2017-09-13,Camry,38780.78,5.69,Completed
284170,14,2017-09-21,Sienna,50950.61,5.1,Completed
284171,7,2017-09-14,RAV4,44923.8,5.39,Completed
284172,12,2017-09-29,Prius,31795.59,5.65,Completed
284173,3,2017-09-29,Tacoma,39984.61,5.69,Completed
284174,19,2017-09-13,RAV4,38343.98,5.48,Completed
284175,16,2017-09-25,Sienna,56403.03,6.06,Completed
284176,7,2017-09-22,Highlander,71360.91,5.39,Completed
284177,13,2017-09-29,Tacoma,47181.66,5.61,Completed
284178,6,2017-09-24,RAV4,33952.82,3.86,Completed
284179,6,2017-09-11,Highlander,47187.01,3.86,Completed
284180,16,2017-09-28,Camry,37248.52,6.06,Completed
284181,18,2017-09-10,Prius,34174.07,5.68,Completed
284182,2,2017-09-22,Tundra,36404.35,4.0,Completed
284183,12,2017-09-30,Highlander,67187.73,5.65,Completed
284184,13,2017-09-09,Tundra,48774.38,5.61,Completed
284185,18,2017-09-18,Prius,36079.88,5.68,Completed
284186,2,2017-09-21,Tundra,39632.02,4.0,Completed
284187,2,2017-09-25,Tacoma,34208.01,4.0,Completed
284188,9,2017-09-17,Camry,27650.01,4.4,Completed
284189,4,2017-09-22,Corolla,21620.64,3.81,Completed
284190,3,2017-09-02,Corolla,26988.22,5.69,Completed
284191,5,2017-09-08,Tacoma,37980.62,5.34,Completed
284192,2,2017-09-12,Tundra,41609.65,4.0,Completed
284193,20,2017-09-21,Tacoma,46186.27,5.77,Completed
284194,2,2017-09-10,Corolla,21097.88,4.0,Completed
284195,13,2017-09-09,Sienna,55741.42,5.61,Completed
284196,2,2017-09-26,Sienna,41054.41,4.0,Completed
284197,14,2017-09-01,Tundra,48438.48,5.1,Completed
284198,11,2017-09-01,RAV4,31203.26,4.16,Completed
284199,12,2017-09-11,Camry,41946.46,5.65,Completed
284200,6,2017-09-26,Tundra,36002.11,3.86,Completed
284201,6,2017-09-24,Prius,21244.71,3.86,Completed
284202,15,2017-09-19,RAV4,46838.12,4.86,Completed
284203,9,2017-09-05,Sienna,37728.89,4.4,Completed
284204,4,2017-09-03,RAV4,32686.56,3.81,Completed
284205,18,2017-09-17,Sienna,53391.12,5.68,Completed
284206,10,2017-09-30,Prius,22591.1,4.88,Completed
284207,10,2017-09-02,Tacoma,31003.13,4.88,Completed
284208,20,2017-09-07,Prius,34428.23,5.77,Completed
284209,15,2017-09-13,Camry,40260.59,4.86,Completed
284210,10,2017-09-06,Highlander,49565.97,4.88,Completed
284211,10,2017-09-15,Corolla,22535.97,4.88,Completed
284212,13,2017-09-07,Prius,36162.34,5.61,Pending
284213,2,2017-09-16,Corolla,21478.36,4.0,Completed
284214,1,2017-09-11,Tundra,42328.6,5.24,Completed
284215,7,2017-09-24,Camry,37518.25,5.39,Completed
284216,7,2017-09-10,Corolla,28373.92,5.39,Completed
284217,2,2017-09-28,Camry,32450.07,4.0,Completed
284218,12,2017-09-14,Camry,35857.42,5.65,Completed
284219,8,2017-09-02,Tundra,53022.37,5.84,Completed
284220,13,2017-09-10,Corolla,27272.79,5.61,Completed
284221,15,2017-09-04,Highlander,58111.15,4.86,Completed
284222,2,2017-09-10,Camry,31775.82,4.0,Completed
284223,4,2017-09-13,RAV4,33407.01,3.81,Completed
284224,14,2017-09-06,RAV4,46624.13,5.1,Completed
284225,17,2017-09-30,Prius,23803.29,4.51,Completed
284226,17,2017-09-15,Sienna,35597.05,4.51,Completed
284227,10,2017-09-08,Camry,29075.74,4.88,Completed
284228,6,2017-09-12,Camry,27516.93,3.86,Completed
284229,13,2017-09-30,Tacoma,43573.27,5.61,Completed
284230,3,2017-09-24,Prius,35622.76,5.69,Completed
284231,14,2017-09-15,Prius,28265.25,5.1,Completed
284232,6,2017-09-30,RAV4,30726.1,3.86,Completed
284233,8,2017-09-14,Corolla,30248.65,5.84,Completed
284234,10,2017-09-04,Sienna,41152.41,4.88,Completed
284235,19,2017-09-29,Sienna,44923.22,5.48,Completed
284236,5,2017-09-06,Camry,31757.6,5.34,Completed
284237,9,2017-09-27,Corolla,20856.47,4.4,Completed
284238,10,2017-09-21,Tundra,41009.43,4.88,Completed
284239,16,2017-09-15,Sienna,56374.18,6.06,Completed
284240,10,2017-09-26,Prius,25596.3,4.88,Completed
284241,12,2017-09-11,RAV4,44253.81,5.65,Completed
284242,7,2017-09-20,Prius,31509.54,5.39,Cancelled
284243,15,2017-09-15,Corolla,30567.93,4.86,Completed
284244,3,2017-09-12,Prius,31301.7,5.69,Completed
284245,2,2017-09-25,Sienna,37567.27,4.0,Completed
284246,17,2017-09-07,Tacoma,27994.04,4.51,Completed
284247,20,2017-09-22,Tacoma,43617.87,5.77,Completed
284248,8,2017-09-29,Highlander,58228.29,5.84,Completed
284249,15,2017-09-17,RAV4,41850.35,4.86,Completed
284250,15,2017-09-21,RAV4,45718.67,4.86,Completed
284251,18,2017-09-03,RAV4,53036.28,5.68,Completed
284252,6,2017-09-03,Camry,30481.3,3.86,Completed
284253,15,2017-09-28,Camry,37254.72,4.86,Completed
284254,16,2017-09-04,Tacoma,40393.58,6.06,Completed
284255,18,2017-09-14,Tacoma,46826.4,5.68,Completed
284256,6,2017-09-13,Corolla,22245.77,3.86,Completed
284257,4,2017-09-03,Tacoma,28924.72,3.81,Completed
284258,16,2017-09-10,RAV4,51447.52,6.06,Completed
284259,4,2017-09-04,Tundra,36704.08,3.81,Completed
284260,15,2017-09-04,Corolla,27863.93,4.86,Completed
284261,13,2017-09-29,RAV4,47945.47,5.61,Completed
284262,9,2017-09-24,Highlander,50516.64,4.4,Completed
284263,15,2017-09-08,Sienna,46424.67,4.86,Completed
284264,10,2017-09-18,Tacoma,31106.05,4.88,Completed
284265,7,2017-09-05,Sienna,46806.59,5.39,Completed
284266,10,2017-09-28,Tacoma,34613.57,4.88,Completed
284267,3,2017-09-12,Highlander,61568.03,5.69,Completed
284268,9,2017-09-11,Prius,24581.03,4.4,Completed
284269,18,2017-09-21,Camry,38192.05,5.68,Completed
284270,19,2017-09-23,Tundra,39796.49,5.48,Completed
284271,11,2017-09-24,Highlander,43703.67,4.16,Completed
284272,10,2017-09-15,Tundra,40513.65,4.88,Completed
284273,15,2017-09-18,RAV4,48559.15,4.86,Completed
284274,1,2017-09-05,Highlander,56032.85,5.24,Completed
284275,3,2017-09-01,Corolla,27299.8,5.69,Completed
284276,5,2017-09-12,Prius,29555.85,5.34,Completed
284277,18,2017-09-05,RAV4,49178.87,5.68,Completed
284278,3,2017-09-25,Tacoma,47268.49,5.69,Completed
284279,18,2017-09-04,Highlander,74448.14,5.68,Completed
284280,17,2017-09-19,Corolla,20209.58,4.51,Completed
284281,3,2017-09-17,Camry,36697.34,5.69,Completed
284282,14,2017-09-02,Prius,29494.16,5.1,Completed
284283,16,2017-09-24,RAV4,42350.68,6.06,Completed
284284,11,2017-09-08,RAV4,34507.4,4.16,Completed
284285,15,2017-09-11,Tundra,46901.1,4.86,Completed
284286,10,2017-09-24,Highlander,46413.57,4.88,Completed
284287,12,2017-09-12,Sienna,44955.53,5.65,Completed
284288,17,2017-09-01,Sienna,38512.25,4.51,Completed
284289,5,2017-09-01,RAV4,42679.87,5.34,Completed
284290,1,2017-09-12,RAV4,41492.13,5.24,Completed
284291,1,2017-09-26,Highlander,57186.62,5.24,Completed
284292,8,2017-09-06,Corolla,27669.46,5.84,Completed
284293,20,2017-09-27,Camry,41463.66,5.77,Completed
284294,16,2017-09-29,Corolla,26603.91,6.06,Completed
284295,14,2017-09-12,Tacoma,37662.51,5.1,Completed
284296,14,2017-09-28,Highlander,58427.7,5.1,Completed
284297,12,2017-09-03,Prius,32573.24,5.65,Completed
284298,4,2017-09-11,Highlander,46334.06,3.81,Completed
284299,3,2017-09-11,Corolla,31259.71,5.69,Completed
284300,17,2017-09-14,Camry,29753.4,4.51,Completed
284301,6,2017-09-18,Tacoma,32294.26,3.86,Completed
284302,6,2017-09-10,Sienna,34394.6,3.86,Completed
284303,4,2017-09-25,Corolla,18402.06,3.81,Completed
284304,2,2017-09-18,Tundra,37413.4,4.0,Completed
284305,11,2017-09-16,Corolla,19532.05,4.16,Completed
284306,9,2017-09-16,Tundra,39599.28,4.4,Completed
284307,9,2017-09-10,Tundra,37546.27,4.4,Completed
284308,20,2017-09-03,Sienna,51273.35,5.77,Completed
284309,4,2017-09-20,Corolla,19202.64,3.81,Completed
284310,14,2017-09-30,Corolla,30129.76,5.1,Completed
284311,2,2017-09-06,Highlander,52394.19,4.0,Completed
284312,15,2017-09-14,Sienna,45683.51,4.86,Completed
284313,14,2017-09-21,Highlander,62288.03,5.1,Completed
284314,19,2017-09-11,Prius,26915.27,5.48,Completed
284315,1,2017-09-04,RAV4,42070.45,5.24,Completed
284316,13,2017-09-01,Prius,37347.39,5.61,Completed
284317,15,2017-09-08,Corolla,25914.41,4.86,Completed
284318,5,2017-09-08,Tundra,43460.52,5.34,Completed
284319,16,2017-09-30,Tundra,47075.06,6.06,Completed
284320,16,2017-09-20,Prius,33683.77,6.06,Completed
284321,11,2017-09-05,Sienna,37868.96,4.16,Completed
284322,15,2017-09-24,Tacoma,44110.41,4.86,Completed
284323,16,2017-09-05,RAV4,50066.91,6.06,Completed
284324,1,2017-09-04,Sienna,40268.84,5.24,Pending
284325,8,2017-09-22,RAV4,46313.96,5.84,Pending
284326,13,2017-09-17,RAV4,46904.0,5.61,Completed
284327,15,2017-09-21,RAV4,43840.21,4.86,Completed
284328,3,2017-09-12,Tundra,55226.68,5.69,Completed
284329,2,2017-09-16,Highlander,52127.05,4.0,Completed
284330,8,2017-09-01,Camry,39733.47,5.84,Completed
284331,5,2017-09-27,Tundra,44709.17,5.34,Completed
284332,19,2017-09-18,RAV4,41174.71,5.48,Completed
284333,16,2017-09-30,Tacoma,46221.35,6.06,Completed
284334,1,2017-09-16,Sienna,39081.76,5.24,Completed
284335,13,2017-09-08,Highlander,70115.28,5.61,Completed
284336,20,2017-09-24,Corolla,31510.78,5.77,Cancelled
284337,17,2017-09-20,Tundra,32285.4,4.51,Completed
284338,12,2017-09-08,Tacoma,40974.67,5.65,Completed
284339,17,2017-09-06,Tundra,36137.47,4.51,Completed
284340,7,2017-09-04,Sienna,52506.1,5.39,Completed
284341,18,2017-09-24,Sienna,55747.63,5.68,Completed
284342,9,2017-09-30,Highlander,44862.17,4.4,Cancelled
284343,2,2017-09-01,Corolla,23504.94,4.0,Completed
284344,2,2017-09-20,RAV4,32598.86,4.0,Completed
284345,3,2017-09-04,Highlander,62678.38,5.69,Completed
284346,12,2017-09-27,Sienna,52787.08,5.65,Completed
284347,4,2017-09-24,Prius,21395.17,3.81,Completed
284348,3,2017-09-19,Tundra,48279.85,5.69,Completed
284349,11,2017-09-12,Tacoma,28148.35,4.16,Completed
284350,8,2017-09-30,Sienna,48534.55,5.84,Completed
284351,20,2017-09-29,RAV4,46190.78,5.77,Completed
284352,12,2017-09-11,Camry,38693.91,5.65,Completed
284353,4,2017-09-23,Prius,23422.96,3.81,Completed
284354,7,2017-09-16,Tundra,52137.78,5.39,Completed
284355,19,2017-09-14,Tacoma,34452.13,5.48,Pending
284356,16,2017-09-23,Prius,36342.54,6.06,Completed
284357,20,2017-09-26,Tundra,53458.55,5.77,Completed
284358,6,2017-09-23,Tundra,34982.19,3.86,Completed
284359,2,2017-09-24,Tacoma,35221.16,4.0,Completed
284360,5,2017-09-11,Corolla,24763.28,5.34,Completed
284361,3,2017-09-16,RAV4,46809.18,5.69,Completed
284362,10,2017-09-02,RAV4,32045.08,4.88,Completed
284363,17,2017-09-04,RAV4,30759.12,4.51,Completed
284364,2,2017-09-14,Tundra,38105.76,4.0,Completed
284365,4,2017-09-05,Camry,27924.36,3.81,Completed
284366,12,2017-09-18,Sienna,49959.1,5.65,Completed
284367,20,2017-09-16,Highlander,70369.68,5.77,Completed
284368,1,2017-09-08,Highlander,53964.76,5.24,Completed
284369,12,2017-09-07,Corolla,26642.46,5.65,Completed
284370,2,2017-09-21,RAV4,33827.83,4.0,Completed
284371,18,2017-09-27,Corolla,29286.58,5.68,Completed
284372,10,2017-09-01,Highlander,48385.44,4.88,Cancelled
284373,12,2017-09-19,Sienna,51601.66,5.65,Completed
284374,9,2017-09-22,Tundra,34821.36,4.4,Completed
284375,4,2017-09-23,Corolla,20980.59,3.81,Completed
284376,19,2017-09-07,Sienna,45108.38,5.48,Completed
284377,18,2017-09-07,Sienna,54924.8,5.68,Completed
284378,1,2017-09-29,Tacoma,32321.63,5.24,Completed
284379,5,2017-09-03,Prius,29174.77,5.34,Completed
284380,8,2017-09-19,Sienna,46237.38,5.84,Completed
284381,11,2017-09-22,Corolla,20205.71,4.16,Completed
284382,20,2017-09-10,Highlander,60325.23,5.77,Completed
284383,14,2017-09-29,Sienna,52042.59,5.1,Completed
284384,2,2017-09-23,Highlander,49396.39,4.0,Completed
284385,3,2017-09-14,Tundra,48417.23,5.69,Completed
284386,6,2017-09-30,RAV4,35611.09,3.86,Completed
284387,6,2017-09-19,Tundra,36848.68,3.86,Completed
284388,12,2017-09-27,Tacoma,44873.63,5.65,Pending
284389,8,2017-09-10,Tacoma,44838.08,5.84,Completed
284390,5,2017-09-12,Tacoma,37524.29,5.34,Completed
284391,18,2017-09-30,Tundra,48807.19,5.68,Completed
284392,7,2017-09-24,Corolla,30959.82,5.39,Completed
284393,7,2017-09-07,Tundra,48442.48,5.39,Completed
284394,19,2017-09-25,Corolla,25388.71,5.48,Completed
284395,6,2017-09-27,RAV4,35549.95,3.86,Completed
284396,16,2017-09-24,Highlander,66987.38,6.06,Completed
284397,16,2017-09-22,Camry,43843.35,6.06,Completed
284398,6,2017-09-04,Sienna,36862.1,3.86,Completed
284399,9,2017-09-03,Sienna,35654.49,4.4,Completed
284400,18,2017-09-22,Highlander,73015.58,5.68,Completed
284401,11,2017-09-08,Highlander,45292.95,4.16,Completed
284402,19,2017-09-09,Prius,26584.24,5.48,Cancelled
284403,8,2017-09-09,Highlander,60690.82,5.84,Completed
284404,14,2017-09-21,Corolla,27556.19,5.1,Completed
284405,15,2017-09-30,Tundra,51676.25,4.86,Completed
284406,20,2017-09-08,Sienna,54916.04,5.77,Completed
284407,15,2017-09-16,Camry,42064.07,4.86,Completed
284408,3,2017-09-16,Camry,43282.87,5.69,Completed
284409,20,2017-09-08,Camry,40231.65,5.77,Completed
284410,9,2017-09-19,Sienna,36722.32,4.4,Completed
284411,6,2017-09-13,Prius,23382.23,3.86,Completed
284412,13,2017-09-11,RAV4,48519.16,5.61,Completed
284413,15,2017-09-29,Tundra,51652.35,4.86,Completed
284414,5,2017-09-29,Tacoma,36892.2,5.34,Completed
284415,5,2017-09-12,Highlander,57807.65,5.34,Completed
284416,3,2017-09-30,RAV4,44684.14,5.69,Completed
284417,6,2017-09-13,RAV4,33699.62,3.86,Pending
284418,19,2017-09-11,Sienna,44346.97,5.48,Completed
284419,7,2017-09-07,Camry,41770.42,5.39,Completed
284420,13,2017-09-01,Prius,36581.63,5.61,Completed
284421,18,2017-09-30,Sienna,49755.18,5.68,Completed
284422,5,2017-09-06,Highlander,53681.69,5.34,Completed
284423,6,2017-09-23,Corolla,19405.06,3.86,Completed
284424,6,2017-09-13,Tundra,38813.64,3.86,Completed
284425,11,2017-09-19,RAV4,33778.62,4.16,Completed
284426,16,2017-09-07,Tacoma,41240.16,6.06,Completed
284427,6,2017-09-25,Highlander,48923.83,3.86,Completed
284428,19,2017-09-02,Tacoma,37774.61,5.48,Completed
284429,2,2017-09-06,Tacoma,34041.83,4.0,Completed
284430,1,2017-09-28,Prius,26408.74,5.24,Completed
284431,8,2017-09-05,Tundra,49560.96,5.84,Completed
284432,16,2017-09-30,Highlander,68891.3,6.06,Completed
284433,1,2017-09-14,RAV4,36258.69,5.24,Completed
284434,20,2017-09-19,Camry,42594.6,5.77,Completed
284435,19,2017-09-14,Highlander,57566.46,5.48,Completed
284436,1,2017-09-07,Highlander,51365.76,5.24,Completed
284437,4,2017-09-29,Camry,28125.35,3.81,Completed
284438,20,2017-09-15,Tundra,49842.24,5.77,Completed
284439,1,2017-09-10,Corolla,24116.44,5.24,Completed
284440,17,2017-09-27,Corolla,19742.05,4.51,Completed
284441,16,2017-09-20,Highlander,66457.31,6.06,Completed
284442,2,2017-09-30,Prius,24583.78,4.0,Completed
284443,12,2017-09-03,Corolla,28259.64,5.65,Completed
284444,16,2017-09-06,Tacoma,47626.7,6.06,Completed
284445,11,2017-09-15,Corolla,20454.08,4.16,Completed
284446,10,2017-09-28,Corolla,21822.42,4.88,Pending
284447,13,2017-09-27,Corolla,31775.81,5.61,Completed
284448,19,2017-09-03,Camry,32765.49,5.48,Completed
284449,17,2017-09-06,Sienna,36971.36,4.51,Completed
284450,18,2017-09-15,Corolla,31140.4,5.68,Completed
284451,3,2017-09-03,Camry,37778.88,5.69,Completed
284452,8,2017-09-24,Tundra,51083.37,5.84,Completed
284453,2,2017-09-30,Prius,23242.15,4.0,Completed
284454,15,2017-09-10,Corolla,29308.05,4.86,Completed
284455,9,2017-09-30,Sienna,37554.51,4.4,Completed
284456,4,2017-09-20,RAV4,34661.84,3.81,Completed
284457,10,2017-09-10,Corolla,21619.57,4.88,Completed
284458,12,2017-09-19,Highlander,61787.2,5.65,Completed
284459,8,2017-09-23,Corolla,29388.84,5.84,Completed
284460,7,2017-09-27,Camry,38133.5,5.39,Completed
284461,7,2017-09-03,Corolla,28572.34,5.39,Completed
284462,16,2017-09-27,Tacoma,40954.06,6.06,Completed
284463,16,2017-09-10,Camry,43395.65,6.06,Completed
284464,14,2017-09-27,Tundra,48138.33,5.1,Completed
284465,8,2017-09-01,Tacoma,39565.87,5.84,Completed
284466,13,2017-09-01,Tundra,50895.68,5.61,Completed
284467,11,2017-09-17,Corolla,22552.61,4.16,Completed
284468,2,2017-09-23,Tundra,40581.2,4.0,Completed
284469,3,2017-09-02,RAV4,43615.8,5.69,Completed
284470,6,2017-09-10,Tundra,38564.82,3.86,Completed
284471,17,2017-09-12,Sienna,36612.87,4.51,Completed
284472,20,2017-09-11,RAV4,45133.86,5.77,Completed
284473,4,2017-09-29,Tundra,37264.11,3.81,Completed
284474,19,2017-09-16,RAV4,37403.99,5.48,Completed
284475,10,2017-09-25,Tundra,35111.95,4.88,Completed
284476,10,2017-09-08,RAV4,35543.4,4.88,Completed
284477,3,2017-09-26,Sienna,54542.21,5.69,Completed
284478,4,2017-09-03,Sienna,37490.8,3.81,Completed
284479,4,2017-09-26,Tundra,35637.65,3.81,Completed
284480,19,2017-09-08,Camry,32262.94,5.48,Completed
284481,19,2017-09-25,Sienna,45470.81,5.48,Completed
284482,10,2017-09-16,Prius,23496.77,4.88,Completed
284483,17,2017-09-30,RAV4,33253.81,4.51,Completed
284484,1,2017-09-24,RAV4,39431.32,5.24,Completed
284485,17,2017-09-10,Prius,24341.93,4.51,Completed
284486,5,2017-09-18,Prius,29156.93,5.34,Completed
284487,1,2017-09-02,RAV4,37352.24,5.24,Completed
284488,2,2017-09-16,Sienna,40761.71,4.0,Completed
284489,14,2017-09-28,Camry,34694.36,5.1,Completed
284490,7,2017-09-01,Highlander,66330.98,5.39,Pending
284491,12,2017-09-02,Tundra,53572.73,5.65,Completed
284492,9,2017-09-06,Highlander,50097.79,4.4,Completed
284493,15,2017-09-08,Highlander,59685.61,4.86,Completed
284494,17,2017-09-12,Tundra,35187.7,4.51,Completed
284495,17,2017-09-06,Camry,26431.07,4.51,Completed
284496,4,2017-09-18,Camry,26716.3,3.81,Completed
284497,14,2017-09-15,Prius,33719.0,5.1,Completed
284498,6,2017-09-09,Tundra,37235.07,3.86,Completed
284499,15,2017-09-03,Highlander,61956.93,4.86,Pending
284500,1,2017-09-29,Highlander,50826.38,5.24,Completed
284501,18,2017-09-30,Tacoma,47250.17,5.68,Completed
284502,16,2017-09-21,Camry,39763.19,6.06,Completed
284503,15,2017-09-29,RAV4,44564.94,4.86,Completed
284504,14,2017-09-23,Tundra,44396.12,5.1,Cancelled
284505,12,2017-09-24,Sienna,50328.83,5.65,Completed
284506,4,2017-09-03,Sienna,32896.02,3.81,Completed
284507,1,2017-09-24,Tacoma,33884.5,5.24,Completed
284508,12,2017-09-10,Camry,40465.28,5.65,Completed
284509,5,2017-09-09,Tacoma,38649.1,5.34,Completed
284510,14,2017-09-29,Camry,39564.6,5.1,Completed
284511,2,2017-09-30,Highlander,45753.75,4.0,Completed
284512,16,2017-09-10,Corolla,30440.49,6.06,Completed
284513,5,2017-09-10,Tundra,38888.83,5.34,Completed
284514,17,2017-09-05,Sienna,36223.63,4.51,Completed
284515,20,2017-09-20,Camry,36030.98,5.77,Completed
284516,17,2017-09-23,Sienna,35363.25,4.51,Cancelled
284517,1,2017-09-26,Tacoma,36323.27,5.24,Completed
284518,18,2017-09-04,Corolla,30652.34,5.68,Completed
284519,9,2017-09-07,Tacoma,33282.07,4.4,Completed
284520,1,2017-09-10,Camry,33352.35,5.24,Completed
284521,20,2017-09-19,Tacoma,41550.1,5.77,Completed
284522,9,2017-09-26,RAV4,31733.28,4.4,Completed
284523,5,2017-09-20,Sienna,45716.12,5.34,Completed
284524,17,2017-09-07,Sienna,32875.57,4.51,Completed
284525,17,2017-09-16,Tacoma,30723.7,4.51,Completed
284526,10,2017-09-15,Prius,23495.26,4.88,Completed
284527,3,2017-09-26,Tacoma,40602.39,5.69,Completed
284528,2,2017-09-28,RAV4,34354.8,4.0,Cancelled
284529,19,2017-09-06,Sienna,43784.97,5.48,Completed
284530,13,2017-09-08,Corolla,29994.68,5.61,Completed
284531,8,2017-09-08,Sienna,50123.88,5.84,Completed
284532,2,2017-09-03,Camry,30124.19,4.0,Completed
284533,9,2017-09-28,RAV4,30275.94,4.4,Completed
284534,3,2017-09-27,Tundra,57163.02,5.69,Completed
284535,10,2017-09-16,Camry,28867.59,4.88,Completed
284536,9,2017-09-19,Prius,24636.7,4.4,Completed
284537,19,2017-09-21,Tundra,41969.63,5.48,Completed
284538,15,2017-09-28,Prius,32904.93,4.86,Completed
284539,12,2017-09-30,Highlander,58347.79,5.65,Completed
284540,12,2017-09-19,Tundra,50583.1,5.65,Completed
284541,10,2017-09-02,RAV4,33963.8,4.88,Completed
284542,7,2017-09-09,Highlander,69197.12,5.39,Completed
284543,5,2017-09-20,Prius,25075.04,5.34,Completed
284544,8,2017-09-07,RAV4,49981.25,5.84,Completed
284545,1,2017-09-27,Sienna,44382.52,5.24,Completed
284546,2,2017-09-20,Sienna,41163.56,4.0,Completed
284547,16,2017-09-09,Highlander,65570.4,6.06,Completed
284548,5,2017-09-06,Tundra,44164.24,5.34,Completed
284549,17,2017-09-21,Highlander,42323.36,4.51,Completed
284550,11,2017-09-20,Tacoma,28191.43,4.16,Completed
284551,6,2017-09-30,Tacoma,32172.95,3.86,Completed
284552,15,2017-09-30,Corolla,28816.88,4.86,Completed
284553,6,2017-09-10,RAV4,29345.13,3.86,Completed
284554,19,2017-09-25,Sienna,42295.99,5.48,Completed
284555,16,2017-09-28,Corolla,30628.24,6.06,Completed
284556,4,2017-09-23,Tacoma,28969.88,3.81,Completed
284557,16,2017-09-17,Prius,35552.22,6.06,Completed
284558,2,2017-09-21,Camry,29203.57,4.0,Cancelled
284559,20,2017-09-17,RAV4,43468.61,5.77,Completed
284560,17,2017-09-29,Tundra,38771.89,4.51,Completed
284561,6,2017-09-28,Highlander,47588.57,3.86,Completed
284562,8,2017-09-05,Tundra,52078.11,5.84,Completed
284563,6,2017-09-20,Sienna,34155.2,3.86,Completed
284564,4,2017-09-27,Tacoma,28198.72,3.81,Completed
284565,9,2017-09-23,Highlander,45839.94,4.4,Completed
284566,3,2017-09-20,RAV4,49905.4,5.69,Completed
284567,20,2017-09-12,Tacoma,42438.06,5.77,Completed
284568,3,2017-09-28,Sienna,55940.44,5.69,Completed
284569,3,2017-09-02,Camry,44469.56,5.69,Completed
284570,17,2017-09-10,Sienna,34317.7,4.51,Completed
284571,7,2017-09-23,RAV4,49544.59,5.39,Completed
284572,4,2017-09-26,Highlander,42058.39,3.81,Completed
284573,19,2017-09-01,Tacoma,37926.21,5.48,Completed
284574,14,2017-09-24,Prius,33098.1,5.1,Completed
284575,20,2017-09-17,Corolla,30388.68,5.77,Completed
284576,17,2017-09-28,Corolla,18464.08,4.51,Completed
284577,10,2017-09-02,Prius,26921.87,4.88,Completed
284578,16,2017-09-06,Tacoma,42676.17,6.06,Completed
284579,13,2017-09-22,Camry,37316.68,5.61,Completed
284580,1,2017-09-10,RAV4,38699.04,5.24,Completed
284581,13,2017-09-02,RAV4,45154.25,5.61,Completed
284582,1,2017-09-02,Corolla,25735.56,5.24,Completed
284583,14,2017-09-15,RAV4,45851.46,5.1,Completed
284584,9,2017-09-30,Prius,23252.88,4.4,Completed
284585,3,2017-09-21,Highlander,70772.92,5.69,Completed
284586,16,2017-09-25,Tundra,52960.88,6.06,Completed
284587,1,2017-09-04,Prius,25035.44,5.24,Completed
284588,8,2017-09-27,Tacoma,41132.84,5.84,Completed
284589,9,2017-09-15,Sienna,38101.68,4.4,Completed
284590,4,2017-09-12,Tundra,35293.75,3.81,Completed
284591,18,2017-09-13,Corolla,31645.41,5.68,Completed
284592,14,2017-09-21,Tacoma,43095.48,5.1,Completed
284593,12,2017-09-21,Highlander,66627.14,5.65,Completed
284594,14,2017-09-01,Tacoma,37892.22,5.1,Completed
284595,12,2017-09-12,Corolla,27133.02,5.65,Completed
284596,2,2017-09-13,Corolla,24183.8,4.0,Completed
284597,16,2017-09-07,Camry,37734.11,6.06,Completed
284598,16,2017-09-17,Sienna,53352.99,6.06,Completed
284599,2,2017-09-08,Tacoma,32154.93,4.0,Completed
284600,20,2017-09-11,Prius,29613.06,5.77,Completed
284601,9,2017-09-07,Camry,26973.72,4.4,Completed
284602,3,2017-09-09,Tundra,53434.68,5.69,Completed
284603,1,2017-09-11,Corolla,23656.65,5.24,Completed
284604,3,2017-09-24,RAV4,50871.96,5.69,Completed
284605,8,2017-09-16,Tundra,50419.39,5.84,Completed
284606,11,2017-09-03,Highlander,46358.96,4.16,Completed
284607,11,2017-09-10,Sienna,33985.39,4.16,Completed
284608,6,2017-09-05,Sienna,34296.25,3.86,Completed
284609,11,2017-09-21,Corolla,21431.81,4.16,Completed
284610,14,2017-09-28,Corolla,28530.72,5.1,Completed
284611,2,2017-09-08,Camry,27538.69,4.0,Completed
284612,19,2017-09-09,Sienna,45364.05,5.48,Completed
284613,8,2017-09-09,Corolla,30660.51,5.84,Cancelled
284614,7,2017-09-12,Corolla,31086.05,5.39,Completed
284615,19,2017-09-30,Sienna,46872.27,5.48,Completed
284616,20,2017-09-05,Camry,37582.72,5.77,Completed
284617,14,2017-09-05,RAV4,44368.07,5.1,Completed
284618,12,2017-09-20,Sienna,45886.81,5.65,Completed
284619,3,2017-09-13,Corolla,30108.74,5.69,Completed
284620,10,2017-09-14,Highlander,50053.03,4.88,Completed
284621,20,2017-09-08,Tacoma,44167.48,5.77,Completed
284622,15,2017-09-29,Tundra,48700.0,4.86,Completed
284623,15,2017-09-20,Prius,31005.08,4.86,Completed
284624,9,2017-09-28,Sienna,32997.13,4.4,Completed
284625,15,2017-09-25,Tundra,52071.34,4.86,Completed
284626,20,2017-09-02,Highlander,63331.26,5.77,Completed
284627,17,2017-09-30,Tacoma,28606.92,4.51,Completed
284628,19,2017-09-29,Corolla,24730.2,5.48,Completed
284629,10,2017-09-16,Highlander,46360.59,4.88,Pending
284630,16,2017-09-18,RAV4,48742.3,6.06,Completed
284631,17,2017-09-02,Camry,28265.02,4.51,Completed
284632,6,2017-09-11,Highlander,41128.29,3.86,Completed
284633,12,2017-09-21,Prius,33834.41,5.65,Completed
284634,7,2017-09-29,RAV4,46800.06,5.39,Completed
284635,19,2017-09-28,Corolla,22759.75,5.48,Completed
284636,11,2017-09-14,RAV4,36603.64,4.16,Completed
284637,3,2017-09-12,Tacoma,46485.3,5.69,Completed
284638,13,2017-09-09,Tundra,51283.19,5.61,Completed
284639,4,2017-09-13,RAV4,34743.45,3.81,Completed
284640,10,2017-09-11,Prius,25671.8,4.88,Cancelled
284641,2,2017-09-03,Corolla,23804.98,4.0,Completed
284642,14,2017-09-29,Corolla,27004.2,5.1,Completed
284643,6,2017-09-20,Tundra,33237.53,3.86,Completed
284644,5,2017-09-29,Camry,29908.4,5.34,Completed
284645,20,2017-09-05,Highlander,62350.93,5.77,Completed
284646,5,2017-09-29,Tundra,42863.72,5.34,Cancelled
284647,2,2017-09-07,Highlander,49224.23,4.0,Completed
284648,15,2017-09-05,Prius,31470.61,4.86,Completed
284649,12,2017-09-15,RAV4,46295.68,5.65,Completed
284650,16,2017-09-05,Prius,34591.13,6.06,Completed
284651,8,2017-09-10,RAV4,43743.51,5.84,Completed
284652,4,2017-09-29,Camry,27394.22,3.81,Completed
284653,8,2017-09-02,Corolla,28511.38,5.84,Completed
284654,9,2017-09-02,Highlander,42547.5,4.4,Completed
284655,4,2017-09-28,Highlander,41203.87,3.81,Completed
284656,4,2017-09-13,Camry,28498.75,3.81,Completed
284657,8,2017-09-11,Sienna,49240.9,5.84,Completed
284658,11,2017-09-04,Corolla,21602.27,4.16,Completed
284659,11,2017-09-16,Prius,25538.43,4.16,Cancelled
284660,9,2017-09-12,Tundra,35458.4,4.4,Completed
284661,7,2017-09-10,Camry,39415.09,5.39,Completed
284662,4,2017-09-04,Highlander,42409.83,3.81,Completed
284663,15,2017-09-11,Sienna,45073.5,4.86,Completed
284664,19,2017-09-13,Prius,26660.29,5.48,Completed
284665,7,2017-09-10,Tacoma,45186.0,5.39,Completed
284666,6,2017-09-29,Prius,24392.51,3.86,Completed
284667,19,2017-09-21,Tacoma,39670.31,5.48,Completed
284668,8,2017-09-27,Corolla,31017.91,5.84,Completed
284669,9,2017-09-09,Highlander,42546.95,4.4,Completed
284670,9,2017-09-28,Tundra,35653.67,4.4,Completed
284671,11,2017-09-18,Prius,25047.7,4.16,Completed
284672,18,2017-09-16,Tundra,50641.92,5.68,Completed
284673,20,2017-09-20,RAV4,48793.32,5.77,Completed
284674,5,2017-09-13,RAV4,39925.9,5.34,Completed
284675,10,2017-09-21,Corolla,19708.29,4.88,Completed
284676,7,2017-09-09,RAV4,42424.74,5.39,Completed
284677,3,2017-09-06,RAV4,42974.67,5.69,Completed
284678,19,2017-09-10,Corolla,26037.25,5.48,Completed
284679,7,2017-09-01,Tundra,50114.14,5.39,Completed
284680,11,2017-09-15,Tacoma,33745.57,4.16,Completed
284681,4,2017-09-06,Camry,26490.17,3.81,Completed
284682,18,2017-09-09,Tundra,52368.04,5.68,Completed
284683,4,2017-09-19,Tacoma,31128.53,3.81,Completed
284684,2,2017-09-27,Tundra,41752.56,4.0,Completed
284685,17,2017-09-02,Sienna,37679.82,4.51,Completed
284686,4,2017-09-23,Tundra,35358.51,3.81,Completed
284687,19,2017-09-29,Tacoma,36020.74,5.48,Completed
284688,1,2017-09-18,Tundra,45248.73,5.24,Completed
284689,7,2017-09-07,Camry,42073.93,5.39,Completed
284690,15,2017-09-19,Prius,34065.14,4.86,Completed
284691,5,2017-09-10,Tundra,44885.67,5.34,Completed
284692,4,2017-09-16,Sienna,34215.87,3.81,Completed
284693,18,2017-09-21,Highlander,74928.78,5.68,Completed
284694,19,2017-09-09,Camry,34374.92,5.48,Completed
284695,4,2017-09-04,Sienna,35755.28,3.81,Completed
284696,10,2017-09-11,Tacoma,28768.99,4.88,Completed
284697,18,2017-09-09,Highlander,66700.31,5.68,Completed
284698,5,2017-09-08,Tundra,40590.64,5.34,Completed
284699,1,2017-09-07,Highlander,53964.43,5.24,Completed
284700,11,2017-09-13,Tundra,39811.64,4.16,Completed
284701,18,2017-09-09,RAV4,51376.69,5.68,Completed
284702,5,2017-09-19,Tacoma,37020.62,5.34,Completed
284703,19,2017-09-03,Camry,34090.78,5.48,Completed
284704,3,2017-09-26,Prius,32475.8,5.69,Completed
284705,16,2017-09-20,Prius,31821.38,6.06,Completed
284706,12,2017-09-15,Sienna,49907.1,5.65,Completed
284707,19,2017-09-16,Highlander,55002.62,5.48,Completed
284708,13,2017-09-10,Sienna,53439.17,5.61,Completed
284709,19,2017-09-12,Highlander,52044.29,5.48,Completed
284710,14,2017-09-09,Prius,31735.55,5.1,Completed
284711,15,2017-09-27,Camry,41342.96,4.86,Completed
284712,1,2017-09-23,Tundra,42890.53,5.24,Completed
284713,19,2017-09-20,Prius,30695.14,5.48,Completed
284714,4,2017-09-22,Camry,28000.45,3.81,Completed
284715,8,2017-09-29,Highlander,58913.96,5.84,Completed
284716,13,2017-09-17,Sienna,49068.39,5.61,Completed
284717,17,2017-09-15,Sienna,31862.04,4.51,Completed
284718,17,2017-09-16,Highlander,46895.6,4.51,Completed
284719,9,2017-09-26,Corolla,19673.9,4.4,Pending
284720,10,2017-09-19,Tundra,34204.08,4.88,Completed
284721,16,2017-09-03,Prius,34904.44,6.06,Completed
284722,6,2017-09-07,Tacoma,29026.35,3.86,Completed
284723,20,2017-09-29,Tundra,50841.65,5.77,Completed
284724,19,2017-09-15,RAV4,43983.48,5.48,Completed
284725,5,2017-09-14,Corolla,25051.04,5.34,Completed
284726,17,2017-09-26,Tundra,38706.91,4.51,Completed
284727,1,2017-09-10,Tacoma,35837.58,5.24,Completed
284728,17,2017-09-05,Tacoma,28293.28,4.51,Completed
284729,4,2017-09-18,RAV4,28844.07,3.81,Completed
284730,12,2017-09-13,RAV4,42019.17,5.65,Completed
284731,6,2017-09-09,Corolla,21783.33,3.86,Completed
284732,2,2017-09-03,Prius,26394.9,4.0,Completed
284733,4,2017-09-25,Prius,21568.05,3.81,Completed
284734,18,2017-09-17,Prius,35430.0,5.68,Completed
284735,1,2017-09-30,Tundra,43670.04,5.24,Completed
284736,18,2017-09-09,Sienna,56280.06,5.68,Completed
284737,18,2017-09-16,RAV4,49242.11,5.68,Completed
284738,8,2017-09-17,Camry,41788.12,5.84,Completed
284739,13,2017-09-29,Tundra,47845.69,5.61,Pending
284740,20,2017-09-17,Prius,35117.82,5.77,Completed
284741,4,2017-09-18,Tundra,36989.75,3.81,Completed
284742,12,2017-09-15,Tundra,49401.24,5.65,Completed
284743,1,2017-09-30,Tacoma,34106.45,5.24,Completed
284744,16,2017-09-18,Prius,31772.39,6.06,Completed
284745,7,2017-09-01,Highlander,71468.46,5.39,Completed
284746,1,2017-09-27,Sienna,43950.62,5.24,Pending
284747,9,2017-09-05,Sienna,39325.58,4.4,Completed
284748,12,2017-09-08,Prius,31355.48,5.65,Pending
284749,17,2017-09-01,Highlander,42237.39,4.51,Completed
284750,9,2017-09-07,Corolla,19695.63,4.4,Completed
284751,5,2017-09-19,Prius,27792.9,5.34,Completed
284752,17,2017-09-07,Tacoma,31912.65,4.51,Completed
284753,7,2017-09-19,Camry,38619.95,5.39,Completed
284754,4,2017-09-28,Tundra,34599.63,3.81,Completed
284755,15,2017-09-27,Prius,34580.99,4.86,Completed
284756,4,2017-09-13,Highlander,46501.58,3.81,Completed
284757,5,2017-09-19,Corolla,24937.9,5.34,Completed
284758,11,2017-09-06,RAV4,31273.46,4.16,Completed
284759,16,2017-09-17,Tundra,48336.92,6.06,Completed
284760,11,2017-09-06,Prius,22397.33,4.16,Completed
284761,13,2017-09-10,Prius,32950.07,5.61,Completed
284762,10,2017-09-14,Sienna,36147.96,4.88,Completed
284763,6,2017-09-12,Tacoma,31035.37,3.86,Completed
284764,6,2017-09-27,RAV4,31742.87,3.86,Completed
284765,8,2017-09-14,Highlander,66070.07,5.84,Completed
284766,12,2017-09-15,Tundra,54428.18,5.65,Completed
284767,14,2017-09-19,Sienna,45242.11,5.1,Completed
284768,18,2017-09-29,Tacoma,47409.44,5.68,Completed
284769,7,2017-09-12,Sienna,54087.23,5.39,Completed
284770,10,2017-09-23,Prius,22739.74,4.88,Completed
284771,9,2017-09-09,Sienna,33963.77,4.4,Completed
284772,15,2017-09-03,RAV4,44639.69,4.86,Cancelled
284773,20,2017-09-22,Corolla,28912.64,5.77,Completed
284774,18,2017-09-08,Highlander,72029.22,5.68,Completed
284775,7,2017-09-03,Sienna,56109.25,5.39,Completed
284776,3,2017-09-13,Prius,33507.26,5.69,Completed
284777,1,2017-09-04,RAV4,41975.93,5.24,Completed
284778,12,2017-09-17,RAV4,45297.14,5.65,Completed
284779,14,2017-09-18,Highlander,59882.29,5.1,Pending
284780,10,2017-09-27,Corolla,22776.64,4.88,Completed
284781,9,2017-09-20,Sienna,35265.42,4.4,Completed
284782,11,2017-09-08,Camry,29107.41,4.16,Completed
284783,19,2017-09-29,Corolla,24677.5,5.48,Completed
284784,17,2017-09-17,Camry,25456.65,4.51,Completed
284785,5,2017-09-27,Highlander,58388.21,5.34,Cancelled
284786,12,2017-09-29,RAV4,46778.68,5.65,Completed
284787,13,2017-09-07,Camry,38669.04,5.61,Completed
284788,13,2017-09-02,Tacoma,45425.55,5.61,Completed
284789,20,2017-09-13,Highlander,62320.24,5.77,Completed
284790,18,2017-09-29,Tacoma,48128.96,5.68,Completed
284791,17,2017-09-28,Prius,21460.68,4.51,Completed
284792,14,2017-09-26,Highlander,58091.13,5.1,Completed
284793,7,2017-09-23,Camry,41258.44,5.39,Completed
284794,15,2017-09-10,Corolla,29751.01,4.86,Completed
284795,17,2017-09-30,Highlander,42810.01,4.51,Completed
284796,7,2017-09-09,Tacoma,40805.24,5.39,Completed
284797,6,2017-09-19,Tundra,32589.38,3.86,Completed
284798,9,2017-09-09,Sienna,37789.34,4.4,Completed
284799,5,2017-09-05,Sienna,38801.23,5.34,Completed
284800,10,2017-09-19,Tundra,40393.93,4.88,Completed
284801,3,2017-09-28,Sienna,51895.26,5.69,Completed
284802,19,2017-09-06,Corolla,24648.75,5.48,Completed
284803,4,2017-09-30,Sienna,34436.92,3.81,Completed
284804,3,2017-09-26,Prius,32898.56,5.69,Completed
284805,6,2017-09-08,RAV4,31433.24,3.86,Completed
284806,19,2017-09-27,Prius,29855.52,5.48,Completed
284807,11,2017-09-14,Highlander,49798.55,4.16,Completed
284808,3,2017-09-16,Tacoma,42305.1,5.69,Completed
284809,2,2017-09-25,Prius,27425.11,4.0,Completed
284810,14,2017-09-28,Sienna,51161.46,5.1,Completed
284811,20,2017-09-05,Highlander,62665.88,5.77,Completed
284812,2,2017-09-17,Highlander,48549.3,4.0,Completed
284813,17,2017-09-18,Tundra,33288.56,4.51,Completed
284814,8,2017-09-16,Camry,39059.46,5.84,Completed
284815,16,2017-09-22,Corolla,27777.14,6.06,Completed
284816,10,2017-09-14,Tacoma,28724.87,4.88,Completed
284817,2,2017-09-02,Tacoma,32566.6,4.0,Completed
284818,19,2017-09-12,Sienna,41646.7,5.48,Pending
284819,11,2017-09-14,RAV4,31151.08,4.16,Completed
284820,6,2017-09-13,Tundra,37428.82,3.86,Completed
284821,14,2017-09-28,Prius,33488.69,5.1,Completed
284822,4,2017-09-03,Corolla,18393.18,3.81,Completed
284823,11,2017-09-14,Tacoma,33650.74,4.16,Completed
284824,4,2017-09-03,Corolla,18498.93,3.81,Completed
284825,6,2017-09-03,Sienna,37147.94,3.86,Completed
284826,19,2017-09-18,Tacoma,35762.78,5.48,Completed
284827,9,2017-09-22,Sienna,36087.95,4.4,Completed
284828,18,2017-09-30,Camry,45127.33,5.68,Completed
284829,17,2017-09-24,Corolla,18181.84,4.51,Completed
284830,3,2017-09-30,Highlander,71422.39,5.69,Completed
284831,10,2017-09-06,Camry,30752.03,4.88,Completed
284832,10,2017-09-10,Highlander,43829.12,4.88,Cancelled
284833,4,2017-09-14,Corolla,19330.24,3.81,Completed
284834,11,2017-09-10,Prius,23612.76,4.16,Completed
284835,20,2017-09-25,Camry,39452.06,5.77,Completed
284836,18,2017-09-14,Tacoma,44248.41,5.68,Completed
284837,10,2017-09-26,Camry,28823.9,4.88,Completed
284838,6,2017-09-30,Highlander,45381.7,3.86,Pending
284839,12,2017-09-18,Highlander,59713.57,5.65,Completed
284840,13,2017-09-24,Tundra,49831.52,5.61,Completed
284841,5,2017-09-24,Tundra,40160.12,5.34,Completed
284842,3,2017-09-24,RAV4,47098.56,5.69,Completed
284843,1,2017-09-21,Camry,29748.04,5.24,Completed
284844,12,2017-09-24,RAV4,46552.38,5.65,Completed
284845,12,2017-09-21,Tacoma,44809.87,5.65,Completed
284846,17,2017-09-15,Sienna,32801.1,4.51,Completed
284847,6,2017-09-03,Camry,25903.43,3.86,Completed
284848,15,2017-09-29,Prius,34253.77,4.86,Completed
284849,11,2017-09-20,Prius,21724.18,4.16,Completed
284850,19,2017-09-30,Prius,26765.87,5.48,Completed
284851,17,2017-09-07,RAV4,29491.08,4.51,Completed
284852,11,2017-09-18,Camry,28562.13,4.16,Completed
284853,13,2017-09-26,Tundra,52416.22,5.61,Completed
284854,2,2017-09-18,Prius,26197.51,4.0,Completed
284855,11,2017-09-19,Corolla,21049.07,4.16,Completed
284856,19,2017-09-25,Tacoma,40584.09,5.48,Completed
284857,17,2017-09-08,Corolla,21616.84,4.51,Completed
284858,4,2017-09-07,Camry,28334.04,3.81,Completed
284859,3,2017-09-28,Highlander,72590.22,5.69,Completed
284860,5,2017-09-27,Sienna,39046.25,5.34,Completed
284861,14,2017-09-28,Camry,36157.84,5.1,Completed
284862,8,2017-09-20,RAV4,46449.09,5.84,Completed
284863,17,2017-09-10,Sienna,34210.63,4.51,Completed
284864,16,2017-09-17,Camry,40990.04,6.06,Completed
284865,13,2017-09-01,Prius,34430.63,5.61,Completed
284866,18,2017-09-03,Tacoma,46145.52,5.68,Completed
284867,7,2017-09-23,Prius,35748.68,5.39,Completed
284868,19,2017-09-06,Camry,33164.95,5.48,Pending
284869,14,2017-09-10,Sienna,50594.67,5.1,Completed
284870,13,2017-09-28,Corolla,28535.26,5.61,Completed
284871,11,2017-09-07,Highlander,45392.74,4.16,Completed
284872,7,2017-09-05,Prius,34977.25,5.39,Completed
284873,20,2017-09-05,Highlander,63500.18,5.77,Completed
284874,13,2017-09-17,Highlander,72392.75,5.61,Completed
284875,7,2017-09-29,Tacoma,47181.53,5.39,Completed
284876,6,2017-09-01,RAV4,31993.93,3.86,Completed
284877,15,2017-09-18,Camry,38066.93,4.86,Completed
284878,7,2017-09-03,Sienna,46609.42,5.39,Completed
284879,18,2017-09-10,Tundra,58822.36,5.68,Completed
284880,13,2017-09-12,Tundra,50586.63,5.61,Completed
284881,18,2017-09-06,Prius,34906.44,5.68,Completed
284882,20,2017-09-28,Tundra,49349.47,5.77,Completed
284883,17,2017-09-16,Tundra,31863.3,4.51,Completed
284884,18,2017-09-11,Sienna,54711.47,5.68,Completed
284885,20,2017-09-15,RAV4,47878.84,5.77,Completed
284886,4,2017-09-29,RAV4,30368.6,3.81,Completed
284887,9,2017-09-12,Prius,24706.57,4.4,Completed
284888,20,2017-09-05,Camry,42848.51,5.77,Completed
284889,7,2017-09-29,Highlander,66036.97,5.39,Completed
284890,6,2017-09-02,Camry,25588.0,3.86,Completed
284891,5,2017-09-29,Camry,33259.86,5.34,Completed
284892,13,2017-09-28,Camry,39268.71,5.61,Completed
284893,1,2017-09-21,Sienna,41311.2,5.24,Completed
284894,9,2017-09-19,Sienna,36899.32,4.4,Completed
284895,20,2017-09-22,Highlander,60249.4,5.77,Completed
284896,1,2017-09-01,Corolla,24753.99,5.24,Completed
284897,9,2017-09-28,Prius,21744.01,4.4,Completed
284898,13,2017-09-27,RAV4,43989.31,5.61,Completed
284899,5,2017-09-16,Camry,32432.7,5.34,Completed
284900,1,2017-09-01,Tacoma,34734.24,5.24,Completed
284901,7,2017-09-09,Camry,40307.36,5.39,Completed
284902,16,2017-09-27,Corolla,31740.79,6.06,Completed
284903,20,2017-09-19,Tundra,54205.42,5.77,Completed
284904,4,2017-09-15,Highlander,45687.14,3.81,Completed
284905,9,2017-09-04,Tundra,38607.27,4.4,Completed
284906,1,2017-09-15,Highlander,53152.58,5.24,Completed
284907,20,2017-09-13,Camry,41673.37,5.77,Completed
284908,1,2017-09-02,Corolla,22594.44,5.24,Completed
284909,15,2017-09-25,Prius,29424.65,4.86,Completed
284910,1,2017-09-05,Sienna,38771.19,5.24,Completed
284911,11,2017-09-15,Camry,29879.9,4.16,Completed
284912,1,2017-09-08,Sienna,41570.95,5.24,Completed
284913,10,2017-09-30,Sienna,40566.68,4.88,Completed
284914,9,2017-09-17,Camry,28413.93,4.4,Completed
284915,14,2017-09-29,Tacoma,38591.45,5.1,Completed
284916,4,2017-09-26,Sienna,36693.2,3.81,Completed
284917,12,2017-09-11,Sienna,50503.46,5.65,Completed
284918,20,2017-09-27,RAV4,50269.28,5.77,Cancelled
284919,5,2017-09-30,Sienna,41219.41,5.34,Completed
284920,10,2017-09-07,Tacoma,33899.04,4.88,Completed
284921,7,2017-09-01,Corolla,30896.22,5.39,Pending
284922,14,2017-09-02,Sienna,45985.5,5.1,Completed
284923,11,2017-09-10,Prius,24129.48,4.16,Completed
284924,14,2017-09-24,Corolla,25841.01,5.1,Completed
284925,2,2017-09-25,RAV4,33673.15,4.0,Completed
284926,20,2017-09-21,RAV4,42244.23,5.77,Completed
284927,15,2017-09-30,Tundra,45654.1,4.86,Completed
284928,20,2017-09-13,RAV4,49226.24,5.77,Completed
284929,7,2017-09-15,Corolla,31873.26,5.39,Completed
284930,8,2017-09-17,Sienna,53275.21,5.84,Completed
284931,16,2017-09-02,Highlander,59750.14,6.06,Completed
284932,18,2017-09-04,Corolla,31552.13,5.68,Completed
284933,13,2017-09-08,Prius,32311.4,5.61,Completed
284934,4,2017-09-18,Tacoma,27862.84,3.81,Completed
284935,19,2017-09-13,Highlander,60454.81,5.48,Completed
284936,12,2017-09-29,Highlander,68513.47,5.65,Completed
284937,1,2017-09-21,Tundra,40635.91,5.24,Completed
284938,10,2017-09-18,Prius,24481.61,4.88,Completed
284939,11,2017-09-20,Prius,25732.23,4.16,Completed
284940,3,2017-09-11,RAV4,48738.77,5.69,Completed
284941,3,2017-09-22,Highlander,67766.39,5.69,Completed
284942,11,2017-09-26,Tundra,34734.92,4.16,Completed
284943,8,2017-09-19,Tundra,55061.26,5.84,Completed
284944,1,2017-09-25,Tacoma,38295.7,5.24,Completed
284945,6,2017-09-12,Highlander,42987.56,3.86,Completed
284946,10,2017-09-28,RAV4,36797.09,4.88,Completed
284947,13,2017-09-08,Tundra,54335.08,5.61,Cancelled
284948,1,2017-09-03,Tacoma,36393.37,5.24,Completed
284949,10,2017-09-08,RAV4,33761.18,4.88,Pending
284950,20,2017-09-16,RAV4,45059.89,5.77,Completed
284951,18,2017-09-16,RAV4,48962.83,5.68,Completed
284952,7,2017-09-06,Sienna,53459.71,5.39,Completed
284953,17,2017-09-02,Highlander,41161.92,4.51,Completed
284954,19,2017-09-01,Corolla,22808.21,5.48,Completed
284955,13,2017-09-11,RAV4,48957.59,5.61,Completed
284956,13,2017-09-19,Corolla,31497.83,5.61,Completed
284957,8,2017-09-29,Corolla,25984.63,5.84,Completed
284958,20,2017-09-02,Tacoma,41608.14,5.77,Completed
284959,4,2017-09-01,Corolla,21216.83,3.81,Completed
284960,18,2017-09-12,Prius,35873.55,5.68,Completed
284961,12,2017-09-09,Prius,34825.06,5.65,Completed
284962,19,2017-09-20,Highlander,51493.01,5.48,Completed
284963,15,2017-09-15,Corolla,31227.41,4.86,Completed
284964,15,2017-09-09,RAV4,41375.75,4.86,Completed
284965,14,2017-09-02,Prius,32211.41,5.1,Pending
284966,13,2017-09-16,Tundra,56969.4,5.61,Completed
284967,8,2017-09-18,Camry,40290.62,5.84,Completed
284968,8,2017-09-17,Highlander,60394.79,5.84,Completed
284969,20,2017-09-21,RAV4,49636.63,5.77,Completed
284970,7,2017-09-27,Prius,30874.93,5.39,Completed
284971,9,2017-09-04,Sienna,36595.99,4.4,Completed
284972,12,2017-09-05,Prius,31238.25,5.65,Completed
284973,7,2017-09-14,Highlander,67288.71,5.39,Completed
284974,12,2017-09-01,Prius,31600.0,5.65,Completed
284975,13,2017-09-17,Highlander,69857.28,5.61,Completed
284976,3,2017-09-28,Tacoma,45822.69,5.69,Completed
284977,19,2017-09-17,Highlander,53842.28,5.48,Completed
284978,16,2017-09-30,Camry,42712.79,6.06,Completed
284979,5,2017-09-28,Sienna,45937.52,5.34,Completed
284980,7,2017-09-28,Tacoma,39163.14,5.39,Completed
284981,16,2017-09-18,Tundra,56279.32,6.06,Completed
284982,6,2017-09-13,Corolla,18993.31,3.86,Completed
284983,13,2017-09-24,Corolla,28966.02,5.61,Completed
284984,3,2017-09-28,Tacoma,42864.94,5.69,Completed
284985,16,2017-09-02,Prius,30981.79,6.06,Completed
284986,3,2017-09-09,Camry,41437.48,5.69,Completed
284987,17,2017-09-16,Highlander,48551.74,4.51,Completed
284988,2,2017-09-01,RAV4,34532.65,4.0,Completed
284989,5,2017-09-10,Camry,34609.9,5.34,Completed
284990,19,2017-09-20,Prius,29293.61,5.48,Completed
284991,17,2017-09-12,Tacoma,27844.63,4.51,Completed
284992,9,2017-09-01,Tundra,34892.21,4.4,Completed
284993,12,2017-09-09,RAV4,45650.41,5.65,Completed
284994,5,2017-09-21,Tundra,43628.6,5.34,Completed
284995,16,2017-09-02,Corolla,27351.89,6.06,Completed
284996,2,2017-09-19,Tacoma,33276.41,4.0,Completed
284997,5,2017-09-21,Prius,28270.36,5.34,Completed
284998,14,2017-09-18,Camry,38473.08,5.1,Completed
284999,16,2017-09-03,Tacoma,43001.36,6.06,Completed
285000,17,2017-09-20,Tacoma,29347.6,4.51,Completed
285001,10,2017-09-02,Corolla,20803.5,4.88,Completed
285002,7,2017-09-29,Tacoma,40827.24,5.39,Completed
285003,18,2017-09-21,Camry,42841.04,5.68,Completed
285004,14,2017-09-20,Sienna,51294.26,5.1,Completed
285005,12,2017-09-02,Tacoma,43410.36,5.65,Completed
285006,1,2017-09-14,Tacoma,35592.89,5.24,Completed
285007,10,2017-09-06,Camry,26579.04,4.88,Completed
285008,11,2017-09-26,Tacoma,29430.36,4.16,Completed
285009,2,2017-09-13,RAV4,35354.85,4.0,Pending
285010,11,2017-09-19,Sienna,37390.27,4.16,Completed
285011,11,2017-09-18,Corolla,21603.75,4.16,Completed
285012,8,2017-09-14,Tacoma,41846.66,5.84,Completed
285013,11,2017-09-14,Tacoma,33465.78,4.16,Completed
285014,5,2017-09-22,RAV4,40861.86,5.34,Completed
285015,4,2017-09-19,Corolla,20367.72,3.81,Completed
285016,4,2017-09-29,Corolla,17950.41,3.81,Completed
285017,10,2017-09-06,Prius,26345.19,4.88,Completed
285018,16,2017-09-27,Highlander,65850.14,6.06,Completed
285019,8,2017-09-03,Highlander,62532.56,5.84,Completed
285020,9,2017-09-10,Sienna,35762.88,4.4,Completed
285021,8,2017-09-08,Tacoma,45463.91,5.84,Completed
285022,11,2017-09-26,Prius,25948.42,4.16,Completed
285023,6,2017-09-29,Corolla,22032.63,3.86,Completed
285024,9,2017-09-27,Tacoma,28924.4,4.4,Completed
285025,17,2017-09-02,Sienna,35049.83,4.51,Completed
285026,5,2017-09-14,Tacoma,35649.53,5.34,Completed
285027,5,2017-09-29,Sienna,39825.23,5.34,Cancelled
285028,20,2017-09-10,Prius,32354.24,5.77,Completed
285029,13,2017-09-27,Tundra,56486.44,5.61,Pending
285030,1,2017-09-05,Prius,25786.69,5.24,Completed
285031,2,2017-09-15,Corolla,22951.41,4.0,Completed
285032,17,2017-09-27,Tacoma,31998.0,4.51,Completed
285033,14,2017-09-03,Camry,37359.38,5.1,Completed
285034,14,2017-09-08,RAV4,41803.01,5.1,Completed
285035,8,2017-09-29,RAV4,45343.31,5.84,Completed
285036,16,2017-09-13,Prius,32713.1,6.06,Completed
285037,20,2017-09-21,Corolla,27511.03,5.77,Completed
285038,10,2017-09-17,Sienna,41180.69,4.88,Completed
285039,15,2017-09-23,Sienna,47871.26,4.86,Completed
285040,1,2017-09-18,Highlander,54224.48,5.24,Completed
285041,20,2017-09-19,Prius,34676.02,5.77,Completed
285042,17,2017-09-21,RAV4,33239.28,4.51,Completed
285043,8,2017-09-16,RAV4,41753.78,5.84,Completed
285044,15,2017-09-29,Corolla,26945.63,4.86,Cancelled
285045,1,2017-09-24,Corolla,23016.93,5.24,Completed
285046,2,2017-09-03,Camry,28192.57,4.0,Completed
285047,7,2017-09-07,RAV4,45057.12,5.39,Completed
285048,7,2017-09-13,Camry,42082.79,5.39,Completed
285049,3,2017-09-03,Tacoma,44589.75,5.69,Completed
285050,13,2017-09-02,Camry,38375.44,5.61,Completed
285051,8,2017-09-28,RAV4,49718.45,5.84,Completed
285052,11,2017-09-11,RAV4,30712.29,4.16,Completed
285053,15,2017-09-27,Sienna,46347.84,4.86,Completed
285054,1,2017-09-03,Tacoma,35731.86,5.24,Completed
285055,7,2017-09-30,Sienna,51552.05,5.39,Completed
285056,2,2017-09-17,RAV4,37481.01,4.0,Completed
285057,6,2017-09-18,Camry,29124.01,3.86,Pending
285058,10,2017-09-02,Corolla,22131.14,4.88,Completed
285059,4,2017-09-01,Sienna,37806.59,3.81,Completed
285060,17,2017-09-18,Camry,26705.64,4.51,Pending
285061,20,2017-09-12,Tundra,50778.68,5.77,Cancelled
285062,6,2017-09-18,Tundra,32406.93,3.86,Completed
285063,6,2017-09-15,Sienna,38146.75,3.86,Completed
285064,19,2017-09-14,Camry,36406.71,5.48,Completed
285065,13,2017-09-05,Highlander,73334.55,5.61,Completed
285066,9,2017-09-16,Sienna,39546.32,4.4,Completed
285067,2,2017-09-16,Tundra,39229.59,4.0,Completed
285068,9,2017-09-04,Corolla,22065.21,4.4,Completed
285069,2,2017-09-19,Corolla,22604.94,4.0,Completed
285070,8,2017-09-04,Corolla,27718.77,5.84,Completed
285071,7,2017-09-12,Sienna,46020.46,5.39,Completed
285072,4,2017-09-12,Sienna,32728.36,3.81,Completed
285073,17,2017-09-03,Prius,22897.4,4.51,Cancelled
285074,12,2017-09-29,RAV4,45919.84,5.65,Completed
285075,4,2017-09-02,Sienna,34180.59,3.81,Pending
285076,12,2017-09-29,Prius,29743.72,5.65,Completed
285077,12,2017-09-22,Corolla,26589.58,5.65,Completed
285078,9,2017-09-08,Camry,28707.51,4.4,Completed
285079,16,2017-09-22,Corolla,32382.53,6.06,Completed
285080,15,2017-09-15,Tundra,45664.99,4.86,Completed
285081,3,2017-09-14,Corolla,29187.46,5.69,Completed
285082,15,2017-09-21,Sienna,53086.27,4.86,Completed
285083,16,2017-09-21,Corolla,30473.47,6.06,Pending
285084,18,2017-09-19,Tacoma,45440.43,5.68,Completed
285085,10,2017-09-21,Tundra,38496.56,4.88,Completed
285086,10,2017-09-27,Corolla,20515.72,4.88,Completed
285087,16,2017-09-13,Highlander,69027.3,6.06,Completed
285088,1,2017-09-30,Corolla,22929.16,5.24,Completed
285089,20,2017-09-18,Camry,39602.16,5.77,Completed
285090,20,2017-09-25,RAV4,43335.88,5.77,Completed
285091,17,2017-09-03,Tacoma,27722.98,4.51,Completed
285092,9,2017-09-14,Corolla,22181.1,4.4,Completed
285093,2,2017-09-02,Highlander,45015.3,4.0,Completed
285094,8,2017-09-22,Tacoma,40436.26,5.84,Completed
285095,13,2017-09-05,Camry,40729.85,5.61,Completed
285096,4,2017-09-21,Tundra,32260.93,3.81,Completed
285097,3,2017-09-01,Tacoma,48405.68,5.69,Completed
285098,2,2017-09-02,Corolla,19953.43,4.0,Completed
285099,17,2017-09-11,Prius,22300.08,4.51,Completed
285100,9,2017-09-18,Prius,23569.22,4.4,Completed
285101,20,2017-09-17,Tacoma,46661.1,5.77,Completed
285102,14,2017-09-30,Tacoma,41902.41,5.1,Completed
285103,18,2017-09-17,Corolla,29658.97,5.68,Completed
285104,10,2017-09-06,RAV4,34578.37,4.88,Completed
285105,7,2017-09-20,Tundra,52981.51,5.39,Completed
285106,5,2017-09-09,Sienna,44786.31,5.34,Completed
285107,4,2017-09-18,RAV4,30537.92,3.81,Completed
285108,8,2017-09-14,Tundra,50572.5,5.84,Completed
285109,2,2017-09-22,Sienna,40324.67,4.0,Completed
285110,11,2017-09-05,Tundra,35226.55,4.16,Completed
285111,5,2017-09-03,Highlander,58272.83,5.34,Completed
285112,5,2017-09-03,Camry,31063.42,5.34,Completed
285113,18,2017-09-22,Camry,45242.77,5.68,Completed
285114,12,2017-09-01,Corolla,30861.49,5.65,Completed
285115,3,2017-09-14,Highlander,63453.0,5.69,Completed
285116,6,2017-09-25,Prius,25077.94,3.86,Completed
285117,1,2017-09-26,RAV4,40257.85,5.24,Completed
285118,16,2017-09-30,Highlander,67915.51,6.06,Completed
285119,5,2017-09-18,Corolla,26513.37,5.34,Pending
285120,16,2017-09-07,Corolla,31420.19,6.06,Completed
285121,7,2017-09-22,Sienna,55714.66,5.39,Completed
285122,15,2017-09-22,Sienna,46378.35,4.86,Completed
285123,17,2017-09-28,Tundra,36771.88,4.51,Completed
285124,5,2017-09-17,Prius,27560.58,5.34,Completed
285125,3,2017-09-24,Tacoma,46341.68,5.69,Completed
285126,1,2017-09-11,Camry,29836.62,5.24,Completed
285127,16,2017-09-28,Highlander,64274.98,6.06,Completed
285128,6,2017-09-03,Highlander,48923.06,3.86,Completed
285129,7,2017-09-12,Tundra,51903.74,5.39,Completed
285130,15,2017-09-09,Prius,29069.58,4.86,Completed
285131,13,2017-09-04,RAV4,47988.64,5.61,Completed
285132,6,2017-09-12,Prius,22788.09,3.86,Completed
285133,18,2017-09-13,Camry,39862.5,5.68,Completed
285134,14,2017-09-18,Tacoma,39341.99,5.1,Completed
285135,1,2017-09-06,Highlander,49280.68,5.24,Completed
285136,18,2017-09-03,RAV4,48741.1,5.68,Completed
285137,10,2017-09-18,Highlander,47664.84,4.88,Completed
285138,17,2017-09-17,Prius,21744.31,4.51,Completed
285139,6,2017-09-08,Tundra,33580.57,3.86,Completed
285140,20,2017-09-02,Highlander,70715.28,5.77,Completed
285141,20,2017-09-17,Tundra,50769.73,5.77,Completed
285142,5,2017-09-07,Highlander,58716.54,5.34,Completed
285143,13,2017-09-08,Tundra,49004.94,5.61,Completed
285144,8,2017-09-05,Sienna,45475.68,5.84,Cancelled
285145,2,2017-09-20,Tacoma,31623.51,4.0,Completed
285146,20,2017-09-21,Camry,38613.98,5.77,Completed
285147,10,2017-09-25,Tacoma,33875.98,4.88,Completed
285148,17,2017-09-16,Tundra,38191.22,4.51,Completed
285149,18,2017-09-13,Prius,33777.58,5.68,Completed
285150,3,2017-09-17,RAV4,47693.5,5.69,Completed
285151,11,2017-09-18,Corolla,20446.81,4.16,Completed
285152,10,2017-09-03,Tundra,39017.4,4.88,Completed
285153,17,2017-09-29,Tundra,34830.77,4.51,Cancelled
285154,5,2017-09-17,Prius,26868.93,5.34,Completed
285155,8,2017-09-29,Corolla,27835.95,5.84,Completed
285156,19,2017-09-22,RAV4,41163.34,5.48,Completed
285157,12,2017-09-07,Tundra,51345.21,5.65,Completed
285158,18,2017-09-25,Camry,38401.78,5.68,Completed
285159,18,2017-09-22,Tacoma,44278.24,5.68,Completed
285160,8,2017-09-22,RAV4,42099.12,5.84,Cancelled
285161,9,2017-09-24,Tacoma,30837.03,4.4,Completed
285162,20,2017-09-15,Sienna,49653.54,5.77,Pending
285163,16,2017-09-09,Highlander,68945.6,6.06,Completed
285164,1,2017-09-02,Tundra,45866.79,5.24,Completed
285165,5,2017-09-19,Tundra,45777.21,5.34,Pending
285166,3,2017-09-13,Corolla,29314.55,5.69,Completed
285167,18,2017-09-18,RAV4,47060.22,5.68,Completed
285168,6,2017-09-12,Prius,25196.74,3.86,Completed
285169,16,2017-09-03,RAV4,43135.7,6.06,Completed
285170,4,2017-09-25,Prius,22469.28,3.81,Completed
285171,4,2017-09-25,RAV4,33000.17,3.81,Completed
285172,9,2017-09-26,RAV4,31374.17,4.4,Completed
285173,11,2017-09-18,Highlander,43722.56,4.16,Completed
285174,17,2017-09-26,Tundra,37107.31,4.51,Completed
285175,6,2017-09-04,Sienna,34042.88,3.86,Completed
285176,3,2017-09-15,Corolla,28325.8,5.69,Completed
285177,14,2017-09-14,Highlander,65034.64,5.1,Completed
285178,12,2017-09-25,RAV4,48223.17,5.65,Completed
285179,6,2017-09-06,Camry,28333.87,3.86,Completed
285180,13,2017-09-07,Prius,35812.07,5.61,Completed
285181,10,2017-09-17,Tacoma,34362.91,4.88,Pending
285182,7,2017-09-22,Sienna,55618.73,5.39,Completed
285183,20,2017-09-20,Camry,40911.44,5.77,Completed
285184,9,2017-09-13,Highlander,46306.9,4.4,Completed
285185,2,2017-09-03,Sienna,38564.65,4.0,Completed
285186,12,2017-09-08,Prius,30670.05,5.65,Completed
285187,18,2017-09-04,Tacoma,43514.77,5.68,Completed
285188,19,2017-09-14,Prius,27791.08,5.48,Completed
285189,4,2017-09-26,Corolla,20294.74,3.81,Completed
285190,3,2017-09-17,Tacoma,44597.21,5.69,Completed
285191,10,2017-09-08,Sienna,39306.62,4.88,Completed
285192,2,2017-09-22,Camry,30907.78,4.0,Completed
285193,8,2017-09-28,Highlander,59868.53,5.84,Completed
285194,3,2017-09-20,RAV4,49276.43,5.69,Completed
285195,13,2017-09-16,Tacoma,44340.35,5.61,Completed
285196,12,2017-09-04,Camry,38878.63,5.65,Completed
285197,9,2017-09-13,Corolla,22127.81,4.4,Completed
285198,15,2017-09-18,Tacoma,40069.55,4.86,Pending
285199,19,2017-09-12,Camry,31981.47,5.48,Completed
285200,3,2017-09-16,Highlander,62412.03,5.69,Completed
285201,10,2017-09-28,Camry,32003.84,4.88,Completed
285202,2,2017-09-02,Highlander,49477.95,4.0,Completed
285203,7,2017-09-24,RAV4,50519.82,5.39,Completed
285204,17,2017-09-23,Highlander,45805.51,4.51,Completed
285205,5,2017-09-12,RAV4,38899.94,5.34,Completed
285206,4,2017-09-12,Camry,29426.63,3.81,Completed
285207,11,2017-09-03,RAV4,33024.84,4.16,Completed
285208,6,2017-09-01,Sienna,35205.0,3.86,Completed
285209,14,2017-09-15,RAV4,40650.05,5.1,Completed
285210,1,2017-09-24,Sienna,44331.24,5.24,Completed
285211,1,2017-09-01,Highlander,51532.08,5.24,Completed
285212,10,2017-09-15,Tundra,39074.06,4.88,Completed
285213,20,2017-09-30,Highlander,67154.65,5.77,Completed
285214,9,2017-09-01,Highlander,46583.42,4.4,Completed
285215,9,2017-09-28,Highlander,47958.76,4.4,Completed
285216,3,2017-09-23,Corolla,27873.27,5.69,Completed
285217,13,2017-09-25,Prius,34013.14,5.61,Completed
285218,15,2017-09-18,Sienna,52732.04,4.86,Completed
285219,11,2017-09-06,Camry,30193.57,4.16,Completed
285220,17,2017-09-05,Prius,20734.72,4.51,Completed
285221,2,2017-09-24,Corolla,20067.48,4.0,Completed
285222,12,2017-09-23,Prius,30584.21,5.65,Completed
285223,3,2017-09-25,Highlander,64172.52,5.69,Completed
285224,16,2017-09-03,Prius,35223.71,6.06,Completed
285225,12,2017-09-07,Prius,33623.96,5.65,Completed
285226,12,2017-09-01,RAV4,49182.0,5.65,Pending
285227,3,2017-09-16,Camry,41244.26,5.69,Completed
285228,18,2017-09-13,Prius,37517.92,5.68,Completed
285229,2,2017-09-27,Sienna,36933.55,4.0,Completed
285230,5,2017-09-30,Corolla,24895.02,5.34,Completed
285231,16,2017-09-05,Sienna,49993.48,6.06,Completed
285232,20,2017-09-04,Tundra,46516.95,5.77,Completed
285233,14,2017-09-16,Tundra,51316.07,5.1,Completed
285234,15,2017-09-18,Prius,31470.78,4.86,Completed
285235,3,2017-09-14,Prius,30634.75,5.69,Completed
285236,10,2017-09-06,Camry,28737.81,4.88,Completed
285237,20,2017-09-28,RAV4,50656.68,5.77,Completed
285238,18,2017-09-15,Prius,35327.56,5.68,Completed
285239,5,2017-09-16,Highlander,53255.95,5.34,Completed
285240,12,2017-09-14,RAV4,47263.66,5.65,Completed
285241,5,2017-09-29,Tacoma,37291.06,5.34,Completed
285242,7,2017-09-30,Corolla,30699.74,5.39,Completed
285243,5,2017-09-28,Prius,28511.44,5.34,Completed
285244,5,2017-09-23,Prius,29778.38,5.34,Completed
285245,11,2017-09-28,Camry,27223.92,4.16,Completed
285246,10,2017-09-09,Corolla,20119.03,4.88,Completed
285247,2,2017-09-28,Camry,31427.38,4.0,Completed
285248,20,2017-09-10,Prius,33706.29,5.77,Completed
285249,9,2017-09-14,Prius,24576.89,4.4,Completed
285250,17,2017-09-30,RAV4,30488.15,4.51,Completed
285251,16,2017-09-09,Highlander,71938.6,6.06,Cancelled
285252,12,2017-09-27,Camry,42436.49,5.65,Completed
285253,18,2017-09-10,Tundra,57265.05,5.68,Completed
285254,14,2017-09-21,Tundra,48919.22,5.1,Cancelled
285255,20,2017-09-21,Corolla,27041.03,5.77,Completed
285256,6,2017-09-08,Sienna,36985.29,3.86,Completed
285257,3,2017-09-18,Prius,33903.28,5.69,Completed
285258,5,2017-09-14,Camry,31667.8,5.34,Completed
285259,4,2017-09-22,Sienna,37646.91,3.81,Completed
285260,5,2017-09-05,Tacoma,32974.79,5.34,Completed
285261,13,2017-09-30,RAV4,47835.61,5.61,Completed
285262,7,2017-09-19,Tundra,50553.25,5.39,Completed
285263,17,2017-09-09,Tundra,34449.25,4.51,Completed
285264,7,2017-09-28,Highlander,60155.09,5.39,Completed
285265,6,2017-09-27,RAV4,33279.94,3.86,Completed
285266,14,2017-09-21,Tundra,43872.94,5.1,Completed
285267,12,2017-09-21,Prius,34625.28,5.65,Completed
285268,17,2017-09-19,Tundra,33945.77,4.51,Completed
285269,13,2017-09-12,Prius,31538.53,5.61,Completed
285270,4,2017-09-13,RAV4,33573.24,3.81,Completed
285271,9,2017-09-18,Prius,25395.56,4.4,Cancelled
285272,8,2017-09-27,Corolla,30712.56,5.84,Completed
285273,12,2017-09-12,Highlander,68874.72,5.65,Completed
285274,4,2017-09-30,RAV4,32329.84,3.81,Completed
285275,18,2017-09-14,Sienna,58952.51,5.68,Completed
285276,10,2017-09-19,Sienna,37057.38,4.88,Completed
285277,18,2017-09-29,Tundra,57019.27,5.68,Completed
285278,20,2017-09-08,Corolla,30691.3,5.77,Completed
285279,20,2017-09-07,Prius,33668.14,5.77,Completed
285280,19,2017-09-06,Tacoma,36106.58,5.48,Completed
285281,2,2017-09-04,Highlander,47011.22,4.0,Completed
285282,3,2017-09-28,Tundra,56147.93,5.69,Completed
285283,4,2017-09-16,Corolla,19233.01,3.81,Completed
285284,15,2017-09-08,RAV4,42389.28,4.86,Completed
285285,12,2017-09-21,Sienna,54339.91,5.65,Completed
285286,5,2017-09-07,Corolla,26662.62,5.34,Completed
285287,6,2017-09-05,RAV4,31588.03,3.86,Completed
285288,18,2017-09-15,Prius,34595.81,5.68,Completed
285289,20,2017-09-26,Corolla,31782.68,5.77,Completed
285290,7,2017-09-09,Camry,36056.99,5.39,Completed
285291,5,2017-09-27,Prius,30052.57,5.34,Completed
285292,2,2017-09-18,Prius,26020.06,4.0,Completed
285293,10,2017-09-22,Tundra,34597.67,4.88,Completed
285294,14,2017-09-20,Tacoma,41472.6,5.1,Completed
285295,17,2017-09-15,Prius,24292.6,4.51,Completed
285296,11,2017-09-24,Tundra,37954.46,4.16,Completed
285297,9,2017-09-29,RAV4,35456.49,4.4,Completed
285298,4,2017-09-29,Highlander,46494.9,3.81,Completed
285299,14,2017-09-30,RAV4,42283.72,5.1,Completed
285300,8,2017-09-02,Camry,42557.0,5.84,Completed
285301,5,2017-09-17,Prius,28560.96,5.34,Completed
285302,5,2017-09-26,Highlander,55335.13,5.34,Pending
285303,14,2017-09-19,Prius,29892.93,5.1,Pending
285304,15,2017-09-11,Tacoma,41879.17,4.86,Completed
285305,20,2017-09-08,RAV4,42858.74,5.77,Completed
285306,10,2017-09-24,Tundra,38283.85,4.88,Completed
285307,6,2017-09-13,Highlander,49554.95,3.86,Completed
285308,2,2017-09-14,Sienna,42076.46,4.0,Completed
285309,12,2017-09-02,Prius,34861.96,5.65,Completed
285310,9,2017-09-29,Prius,23478.08,4.4,Completed
285311,16,2017-09-18,Sienna,48926.25,6.06,Completed
285312,20,2017-09-29,Highlander,70184.05,5.77,Completed
285313,11,2017-09-16,Tacoma,32818.75,4.16,Completed
285314,3,2017-09-28,Sienna,55748.06,5.69,Completed
285315,8,2017-09-14,Highlander,64904.35,5.84,Completed
285316,20,2017-09-07,Tacoma,38466.85,5.77,Completed
285317,15,2017-09-10,Tundra,46750.8,4.86,Completed
285318,14,2017-09-07,Highlander,58588.99,5.1,Completed
285319,3,2017-09-30,Tundra,54708.47,5.69,Completed
285320,13,2017-09-30,Prius,37281.21,5.61,Completed
285321,20,2017-09-14,Prius,30513.83,5.77,Completed
285322,11,2017-09-07,Prius,24282.02,4.16,Completed
285323,10,2017-09-09,Corolla,19454.97,4.88,Completed
285324,13,2017-09-03,Tacoma,40352.4,5.61,Pending
285325,10,2017-09-22,Sienna,36481.28,4.88,Cancelled
285326,3,2017-09-26,Sienna,48361.68,5.69,Completed
285327,8,2017-09-23,Highlander,66333.63,5.84,Completed
285328,16,2017-09-03,Corolla,31917.28,6.06,Completed
285329,19,2017-09-06,Highlander,51529.9,5.48,Completed
285330,14,2017-09-13,Highlander,64857.93,5.1,Completed
285331,4,2017-09-19,RAV4,34178.09,3.81,Completed
285332,20,2017-09-08,Corolla,29587.63,5.77,Completed
285333,9,2017-09-17,Corolla,20986.98,4.4,Completed
285334,2,2017-09-24,RAV4,31608.12,4.0,Completed
285335,19,2017-09-13,Sienna,40657.6,5.48,Cancelled
285336,13,2017-09-16,Tundra,52973.62,5.61,Completed
285337,2,2017-09-08,Tundra,40628.44,4.0,Completed
285338,3,2017-09-13,Corolla,29638.72,5.69,Completed
285339,4,2017-09-27,Camry,27067.71,3.81,Completed
285340,1,2017-09-07,Tacoma,35381.06,5.24,Completed
285341,9,2017-09-22,Prius,22260.64,4.4,Completed
285342,10,2017-09-03,Camry,28605.77,4.88,Completed
285343,12,2017-09-22,Prius,31491.7,5.65,Completed
285344,19,2017-09-14,Tacoma,39314.78,5.48,Completed
285345,6,2017-09-01,Sienna,36905.15,3.86,Pending
285346,18,2017-09-02,Camry,41078.55,5.68,Completed
285347,15,2017-09-01,Corolla,30242.07,4.86,Completed
285348,14,2017-09-18,Sienna,44429.28,5.1,Completed
285349,19,2017-09-11,Corolla,27292.06,5.48,Completed
285350,1,2017-09-28,Highlander,51522.58,5.24,Completed
285351,10,2017-09-11,Camry,28926.36,4.88,Completed
285352,8,2017-09-20,Camry,42726.59,5.84,Completed
285353,17,2017-09-25,Highlander,49405.49,4.51,Completed
285354,20,2017-09-29,Tundra,48807.01,5.77,Completed
285355,18,2017-09-13,Sienna,49364.43,5.68,Completed
285356,16,2017-09-18,Tundra,48200.53,6.06,Pending
285357,4,2017-09-11,Highlander,43921.69,3.81,Completed
285358,19,2017-09-28,Sienna,40079.04,5.48,Completed
285359,20,2017-09-10,Tundra,52989.36,5.77,Completed
285360,2,2017-09-28,Camry,29056.85,4.0,Completed
285361,15,2017-09-28,Camry,37589.72,4.86,Completed
285362,20,2017-09-21,Tacoma,39030.7,5.77,Completed
285363,12,2017-09-24,Sienna,54293.59,5.65,Pending
285364,20,2017-09-26,Camry,42640.16,5.77,Completed
285365,18,2017-09-01,Tacoma,41447.03,5.68,Completed
285366,6,2017-09-22,Camry,29656.74,3.86,Completed
285367,17,2017-09-04,Sienna,37535.24,4.51,Completed
285368,18,2017-09-14,Tacoma,49750.41,5.68,Completed
285369,11,2017-09-05,Camry,27791.56,4.16,Completed
285370,10,2017-09-23,Sienna,40040.23,4.88,Completed
285371,3,2017-09-28,Highlander,68582.53,5.69,Completed
285372,11,2017-09-19,Prius,25776.1,4.16,Completed
285373,10,2017-09-29,Highlander,50786.02,4.88,Completed
285374,19,2017-09-26,Tundra,47900.99,5.48,Completed
285375,12,2017-09-05,Corolla,28095.96,5.65,Completed
285376,4,2017-09-02,Highlander,43203.21,3.81,Completed
285377,6,2017-09-28,Sienna,34994.34,3.86,Completed
285378,4,2017-09-21,Highlander,42621.16,3.81,Completed
285379,17,2017-09-10,RAV4,35151.11,4.51,Completed
285380,13,2017-09-19,Highlander,63097.2,5.61,Completed
285381,18,2017-09-08,Tundra,49807.82,5.68,Completed
285382,6,2017-09-06,Tacoma,32585.12,3.86,Completed
285383,16,2017-09-19,Sienna,52863.07,6.06,Completed
285384,2,2017-09-05,RAV4,36455.64,4.0,Completed
285385,16,2017-09-09,Sienna,51885.16,6.06,Completed
285386,9,2017-09-15,Highlander,50576.56,4.4,Completed
285387,18,2017-09-30,RAV4,46746.1,5.68,Completed
285388,14,2017-09-11,Tacoma,41224.62,5.1,Pending
285389,8,2017-09-23,RAV4,41428.68,5.84,Completed
285390,16,2017-09-13,RAV4,51632.77,6.06,Completed
285391,9,2017-09-02,Camry,28404.23,4.4,Completed
285392,19,2017-09-02,Tacoma,39918.98,5.48,Completed
285393,6,2017-09-15,Camry,30243.31,3.86,Completed
285394,16,2017-09-27,Corolla,28980.91,6.06,Completed
285395,13,2017-09-25,Sienna,55425.41,5.61,Completed
285396,14,2017-09-24,Prius,28149.91,5.1,Completed
285397,20,2017-09-10,Prius,31496.4,5.77,Completed
285398,18,2017-09-11,Tundra,59492.32,5.68,Completed
285399,14,2017-09-04,Prius,30485.52,5.1,Completed
285400,3,2017-09-29,Corolla,28323.95,5.69,Completed
285401,19,2017-09-04,Camry,31127.14,5.48,Completed
285402,4,2017-09-26,Camry,26487.78,3.81,Completed
285403,20,2017-09-20,Highlander,62118.55,5.77,Completed
285404,20,2017-09-27,Highlander,59651.8,5.77,Completed
285405,20,2017-09-24,Corolla,26185.5,5.77,Pending
285406,12,2017-09-20,Highlander,63149.74,5.65,Cancelled
285407,15,2017-09-07,Corolla,26909.1,4.86,Completed
285408,3,2017-09-21,Prius,33903.68,5.69,Completed
285409,10,2017-09-16,Tacoma,33037.38,4.88,Completed
285410,20,2017-09-17,Tacoma,45336.32,5.77,Completed
285411,1,2017-09-20,Prius,25681.94,5.24,Completed
285412,15,2017-09-27,Prius,30080.46,4.86,Completed
285413,17,2017-09-07,Tacoma,28926.42,4.51,Completed
285414,13,2017-09-23,Highlander,71217.57,5.61,Completed
285415,3,2017-09-13,RAV4,44255.7,5.69,Completed
285416,4,2017-09-22,Tacoma,30451.27,3.81,Completed
285417,18,2017-09-12,RAV4,45689.56,5.68,Completed
285418,13,2017-09-02,Corolla,29135.3,5.61,Completed
285419,17,2017-09-29,Highlander,47973.93,4.51,Completed
285420,5,2017-09-07,Camry,31676.07,5.34,Completed
285421,13,2017-09-11,Tundra,56284.73,5.61,Completed
285422,13,2017-09-25,RAV4,46335.06,5.61,Completed
285423,6,2017-09-20,Corolla,19530.5,3.86,Completed
285424,6,2017-09-22,Tundra,35424.2,3.86,Completed
285425,13,2017-09-10,Sienna,53470.12,5.61,Completed
285426,14,2017-09-17,RAV4,42421.37,5.1,Completed
285427,2,2017-09-24,Sienna,40738.8,4.0,Completed
285428,12,2017-09-19,Corolla,30566.72,5.65,Completed
285429,6,2017-09-24,RAV4,30794.05,3.86,Completed
285430,5,2017-09-29,Corolla,23728.11,5.34,Completed
285431,9,2017-09-17,RAV4,34689.9,4.4,Completed
285432,3,2017-09-06,Tundra,50600.96,5.69,Completed
285433,15,2017-09-12,Tacoma,42351.52,4.86,Completed
285434,11,2017-09-17,Camry,27777.78,4.16,Completed
285435,1,2017-09-22,Tacoma,35330.99,5.24,Completed
285436,11,2017-09-26,Corolla,22678.11,4.16,Completed
285437,4,2017-09-21,RAV4,33943.78,3.81,Completed
285438,15,2017-09-27,RAV4,41157.97,4.86,Completed
285439,9,2017-09-09,Tacoma,32962.86,4.4,Completed
285440,12,2017-09-25,Corolla,27577.53,5.65,Completed
285441,5,2017-09-21,Corolla,25536.74,5.34,Completed
285442,20,2017-09-22,Tacoma,41645.79,5.77,Completed
285443,1,2017-09-22,Tundra,42710.94,5.24,Completed
285444,9,2017-09-12,Tundra,33921.61,4.4,Completed
285445,13,2017-09-24,Prius,33029.16,5.61,Completed
285446,19,2017-09-08,Tacoma,39790.78,5.48,Completed
285447,20,2017-09-12,Camry,37293.05,5.77,Completed
285448,2,2017-09-13,RAV4,36928.48,4.0,Completed
285449,16,2017-09-22,Camry,39350.25,6.06,Completed
285450,11,2017-09-26,Prius,22483.94,4.16,Completed
285451,17,2017-09-28,Tacoma,28413.24,4.51,Completed
285452,16,2017-09-04,Highlander,63363.9,6.06,Completed
285453,12,2017-09-06,Prius,30514.0,5.65,Completed
285454,19,2017-09-21,Corolla,23413.99,5.48,Pending
285455,16,2017-09-25,Sienna,56163.16,6.06,Completed
285456,17,2017-09-17,Tundra,36703.32,4.51,Completed
285457,17,2017-09-21,RAV4,34968.11,4.51,Completed
285458,6,2017-09-18,Highlander,42048.63,3.86,Completed
285459,17,2017-09-20,Sienna,36889.75,4.51,Completed
285460,8,2017-09-18,Corolla,30159.81,5.84,Completed
285461,19,2017-09-23,Tacoma,40037.33,5.48,Completed
285462,8,2017-09-22,Highlander,65189.63,5.84,Completed
285463,14,2017-09-05,RAV4,41192.99,5.1,Completed
285464,15,2017-09-19,RAV4,49309.13,4.86,Completed
285465,7,2017-09-24,Sienna,46913.91,5.39,Completed
285466,8,2017-09-12,Sienna,53456.94,5.84,Completed
285467,9,2017-09-09,Sienna,38073.48,4.4,Completed
285468,9,2017-09-29,Tacoma,28674.26,4.4,Completed
285469,6,2017-09-23,Highlander,43370.98,3.86,Completed
285470,17,2017-09-03,Tacoma,28706.95,4.51,Completed
285471,12,2017-09-22,Sienna,49062.14,5.65,Completed
285472,17,2017-09-03,Sienna,32956.05,4.51,Completed
285473,3,2017-09-01,Tacoma,40034.71,5.69,Cancelled
285474,8,2017-09-04,Corolla,27437.86,5.84,Completed
285475,9,2017-09-21,Prius,22987.08,4.4,Completed
285476,17,2017-09-05,Sienna,33715.14,4.51,Completed
285477,17,2017-09-26,Tacoma,31830.65,4.51,Completed
285478,9,2017-09-04,Corolla,22789.01,4.4,Completed
285479,9,2017-09-06,Camry,31169.84,4.4,Completed
285480,20,2017-09-29,RAV4,50321.52,5.77,Completed
285481,4,2017-09-26,Tacoma,29452.35,3.81,Completed
285482,9,2017-09-09,Sienna,35040.23,4.4,Completed
285483,12,2017-09-30,RAV4,45586.93,5.65,Completed
285484,9,2017-09-11,Highlander,48919.23,4.4,Completed
285485,10,2017-09-23,Highlander,48598.68,4.88,Completed
285486,6,2017-09-26,Prius,22979.94,3.86,Completed
285487,14,2017-09-28,Highlander,61352.08,5.1,Completed
285488,11,2017-09-09,RAV4,33450.77,4.16,Completed
285489,9,2017-09-01,Tacoma,31637.28,4.4,Completed
285490,8,2017-09-06,Tacoma,39234.55,5.84,Completed
285491,5,2017-09-19,Corolla,25982.0,5.34,Completed
285492,8,2017-09-14,Corolla,26512.64,5.84,Completed
285493,12,2017-09-29,Highlander,68159.54,5.65,Completed
285494,3,2017-09-30,Sienna,48838.81,5.69,Completed
285495,6,2017-09-16,RAV4,29467.94,3.86,Cancelled
285496,18,2017-09-14,Tundra,55917.92,5.68,Completed
285497,13,2017-09-15,Tacoma,41086.52,5.61,Completed
285498,2,2017-09-01,Sienna,38182.19,4.0,Completed
285499,14,2017-09-01,Prius,31850.81,5.1,Completed
285500,1,2017-09-29,Camry,30838.53,5.24,Completed
285501,16,2017-09-18,Tundra,53046.95,6.06,Completed
285502,7,2017-09-07,Prius,35492.95,5.39,Completed
285503,3,2017-09-23,Prius,36412.84,5.69,Pending
285504,1,2017-09-11,Highlander,57215.94,5.24,Completed
285505,12,2017-09-09,Highlander,60606.05,5.65,Completed
285506,17,2017-09-18,Camry,30049.05,4.51,Completed
285507,18,2017-09-08,Corolla,31587.4,5.68,Pending
285508,17,2017-09-20,RAV4,29598.58,4.51,Completed
285509,10,2017-09-04,RAV4,31966.89,4.88,Completed
285510,11,2017-09-11,Prius,22086.54,4.16,Completed
285511,12,2017-09-27,RAV4,42174.5,5.65,Completed
285512,9,2017-09-22,Highlander,49850.54,4.4,Completed
285513,17,2017-09-14,Tundra,32274.09,4.51,Completed
285514,17,2017-09-22,Prius,21899.9,4.51,Completed
285515,15,2017-09-20,Prius,34295.29,4.86,Completed
285516,16,2017-09-25,RAV4,45569.6,6.06,Completed
285517,11,2017-09-10,Corolla,20474.67,4.16,Completed
285518,2,2017-09-02,RAV4,32806.42,4.0,Completed
285519,20,2017-09-13,Highlander,69295.05,5.77,Completed
285520,2,2017-09-15,Sienna,37009.44,4.0,Completed
285521,3,2017-09-12,Tacoma,44901.66,5.69,Completed
285522,4,2017-09-30,RAV4,30772.03,3.81,Completed
285523,2,2017-09-13,Tundra,36582.02,4.0,Completed
285524,16,2017-09-19,Camry,39035.57,6.06,Pending
285525,3,2017-09-26,Prius,34704.66,5.69,Completed
285526,4,2017-09-02,Tacoma,26598.21,3.81,Completed
285527,15,2017-09-13,Camry,40366.63,4.86,Completed
285528,14,2017-09-09,RAV4,48227.55,5.1,Completed
285529,6,2017-09-26,Tundra,32984.61,3.86,Completed
285530,2,2017-09-12,Camry,32135.9,4.0,Completed
285531,11,2017-09-13,Sienna,34984.79,4.16,Completed
285532,5,2017-09-12,Sienna,45458.76,5.34,Completed
285533,11,2017-09-17,Sienna,33192.42,4.16,Completed
285534,5,2017-09-07,Highlander,48825.49,5.34,Completed
285535,3,2017-09-22,Camry,43780.01,5.69,Completed
285536,4,2017-09-12,Tacoma,27952.96,3.81,Completed
285537,2,2017-09-15,Corolla,20726.2,4.0,Completed
285538,4,2017-09-29,Corolla,19460.07,3.81,Completed
285539,3,2017-09-23,Tundra,56211.38,5.69,Completed
285540,11,2017-09-01,Highlander,50949.93,4.16,Completed
285541,16,2017-09-15,Tundra,52537.11,6.06,Completed
285542,3,2017-09-05,Camry,42360.17,5.69,Completed
285543,15,2017-09-21,RAV4,48112.01,4.86,Completed
285544,7,2017-09-20,Camry,43592.95,5.39,Completed
285545,1,2017-09-24,Camry,32779.47,5.24,Completed
285546,7,2017-09-06,Sienna,51323.73,5.39,Completed
285547,11,2017-09-03,Camry,30146.25,4.16,Completed
285548,20,2017-09-12,Camry,40342.38,5.77,Completed
285549,18,2017-09-27,Sienna,52345.26,5.68,Completed
285550,18,2017-09-21,Prius,34695.19,5.68,Completed
285551,13,2017-09-12,Camry,39889.08,5.61,Completed
285552,18,2017-09-01,Highlander,62903.75,5.68,Completed
285553,17,2017-09-12,Prius,22495.6,4.51,Completed
285554,6,2017-09-03,RAV4,34842.2,3.86,Completed
285555,1,2017-09-01,Highlander,52435.37,5.24,Completed
285556,15,2017-09-04,Tundra,46080.06,4.86,Completed
285557,6,2017-09-13,Corolla,21116.09,3.86,Completed
285558,18,2017-09-02,Sienna,55606.73,5.68,Completed
285559,5,2017-09-29,Camry,34941.18,5.34,Completed
285560,12,2017-09-10,Tundra,48218.31,5.65,Completed
285561,4,2017-09-13,Camry,26700.06,3.81,Completed
285562,11,2017-09-06,Tacoma,31593.91,4.16,Completed
285563,19,2017-09-04,Sienna,45789.86,5.48,Completed
285564,2,2017-09-24,Highlander,53362.96,4.0,Completed
285565,4,2017-09-13,Corolla,19547.59,3.81,Completed
285566,1,2017-09-21,Corolla,25662.69,5.24,Completed
285567,6,2017-09-01,RAV4,33108.89,3.86,Completed
285568,2,2017-09-05,Highlander,48705.3,4.0,Completed
285569,7,2017-09-04,Prius,34683.22,5.39,Completed
285570,3,2017-09-23,Tacoma,44671.43,5.69,Completed
285571,3,2017-09-27,Prius,36821.9,5.69,Completed
285572,16,2017-09-01,RAV4,45738.9,6.06,Completed
285573,11,2017-09-13,Camry,27623.93,4.16,Completed
285574,8,2017-09-01,Highlander,57745.6,5.84,Completed
285575,13,2017-09-15,Highlander,65014.38,5.61,Completed
285576,8,2017-09-01,Tundra,49989.15,5.84,Completed
285577,9,2017-09-19,Prius,22153.26,4.4,Completed
285578,16,2017-09-18,Tacoma,44293.0,6.06,Completed
285579,11,2017-09-04,Tundra,36816.91,4.16,Completed
285580,8,2017-09-26,Highlander,61812.3,5.84,Cancelled
285581,18,2017-09-19,Tacoma,49075.97,5.68,Completed
285582,13,2017-09-14,Camry,39178.58,5.61,Completed
285583,20,2017-09-02,Tacoma,43120.14,5.77,Completed
285584,10,2017-09-05,RAV4,34216.32,4.88,Completed
285585,11,2017-09-11,Corolla,19916.04,4.16,Completed
285586,18,2017-09-10,Highlander,65474.15,5.68,Completed
285587,8,2017-09-07,Tundra,48304.74,5.84,Completed
285588,13,2017-09-14,Camry,40167.5,5.61,Completed
285589,16,2017-09-21,Tacoma,44922.5,6.06,Completed
285590,12,2017-09-10,Tacoma,43662.81,5.65,Completed
285591,14,2017-09-21,Prius,32982.59,5.1,Completed
285592,5,2017-09-20,Tundra,41902.85,5.34,Completed
285593,20,2017-09-15,Sienna,54985.86,5.77,Completed
285594,2,2017-09-01,Highlander,53551.36,4.0,Completed
285595,17,2017-09-16,Corolla,22093.82,4.51,Completed
285596,15,2017-09-30,Tacoma,41637.84,4.86,Completed
285597,9,2017-09-04,Tacoma,32662.57,4.4,Completed
285598,14,2017-09-01,RAV4,40636.59,5.1,Completed
285599,5,2017-09-24,Tundra,44401.4,5.34,Completed
285600,19,2017-09-19,Camry,35488.97,5.48,Completed
285601,12,2017-09-07,Highlander,61079.92,5.65,Completed
285602,15,2017-09-23,Camry,38287.91,4.86,Completed
285603,2,2017-09-14,Camry,28714.96,4.0,Completed
285604,16,2017-09-21,Tundra,46936.65,6.06,Completed
285605,13,2017-09-22,Highlander,72545.96,5.61,Completed
285606,10,2017-09-22,Highlander,48948.19,4.88,Completed
285607,4,2017-09-30,Tundra,35333.22,3.81,Completed
285608,5,2017-09-29,Tundra,46258.29,5.34,Completed
285609,11,2017-09-28,Camry,31406.74,4.16,Completed
285610,12,2017-09-11,Highlander,66574.97,5.65,Cancelled
285611,8,2017-09-17,Tundra,48088.59,5.84,Completed
285612,12,2017-09-07,Tacoma,41894.68,5.65,Completed
285613,9,2017-09-20,Corolla,20969.78,4.4,Completed
285614,2,2017-09-19,Highlander,48828.06,4.0,Completed
285615,5,2017-09-05,Sienna,42442.64,5.34,Completed
285616,5,2017-09-07,Tacoma,36746.83,5.34,Completed
285617,9,2017-09-03,Tacoma,32513.17,4.4,Completed
285618,11,2017-09-26,Prius,26011.45,4.16,Completed
285619,18,2017-09-19,Camry,42198.33,5.68,Completed
285620,1,2017-09-29,Corolla,25887.66,5.24,Completed
285621,9,2017-09-22,Tacoma,30917.11,4.4,Completed
285622,16,2017-09-07,Prius,30993.06,6.06,Completed
285623,13,2017-09-21,Camry,40295.21,5.61,Completed
285624,12,2017-09-09,Camry,42208.89,5.65,Completed
285625,11,2017-09-24,Camry,30694.6,4.16,Completed
285626,5,2017-09-01,Tacoma,34015.74,5.34,Pending
285627,2,2017-09-11,RAV4,34093.98,4.0,Completed
285628,5,2017-09-30,Tundra,43156.74,5.34,Completed
285629,6,2017-09-24,Camry,30166.7,3.86,Completed
285630,13,2017-09-30,Highlander,71832.2,5.61,Pending
285631,10,2017-09-29,Camry,28842.31,4.88,Completed
285632,1,2017-09-20,Tacoma,38438.76,5.24,Completed
285633,16,2017-09-22,Corolla,29136.26,6.06,Completed
285634,14,2017-09-09,Tundra,51832.54,5.1,Completed
285635,11,2017-09-12,Corolla,20405.81,4.16,Completed
285636,6,2017-09-10,Tacoma,32035.13,3.86,Completed
285637,2,2017-09-03,Prius,24539.87,4.0,Completed
285638,2,2017-09-27,RAV4,36593.94,4.0,Completed
285639,7,2017-09-17,Highlander,71145.53,5.39,Completed
285640,9,2017-09-08,Prius,24099.26,4.4,Completed
285641,2,2017-09-06,RAV4,36815.86,4.0,Completed
285642,6,2017-09-06,Corolla,19210.85,3.86,Completed
285643,12,2017-09-27,RAV4,47016.2,5.65,Completed
285644,11,2017-09-27,Prius,25818.55,4.16,Completed
285645,10,2017-09-14,Highlander,46610.22,4.88,Completed
285646,20,2017-09-08,Corolla,30200.61,5.77,Completed
285647,11,2017-09-23,Sienna,36861.94,4.16,Cancelled
285648,13,2017-09-25,Camry,44692.59,5.61,Completed
285649,10,2017-09-08,Tundra,40807.28,4.88,Completed
285650,20,2017-09-10,Prius,33020.77,5.77,Completed
285651,11,2017-09-23,Camry,26815.58,4.16,Completed
285652,19,2017-09-06,Tacoma,34446.29,5.48,Completed
285653,6,2017-09-17,Corolla,20533.24,3.86,Completed
285654,13,2017-09-16,Tacoma,45540.75,5.61,Completed
285655,10,2017-09-14,Sienna,36902.25,4.88,Completed
285656,16,2017-09-16,Tacoma,40699.44,6.06,Completed
285657,2,2017-09-17,Prius,23627.95,4.0,Completed
285658,18,2017-09-24,Tacoma,41768.34,5.68,Completed
285659,5,2017-09-13,Prius,29184.65,5.34,Completed
285660,9,2017-09-27,Camry,29964.47,4.4,Completed
285661,12,2017-09-20,Prius,29405.0,5.65,Completed
285662,13,2017-09-27,Camry,43708.42,5.61,Completed
285663,18,2017-09-30,Prius,35831.8,5.68,Completed
285664,17,2017-09-06,Corolla,21871.62,4.51,Completed
285665,15,2017-09-13,RAV4,46395.9,4.86,Completed
285666,9,2017-09-10,Tundra,38111.11,4.4,Completed
285667,9,2017-09-06,Tundra,33525.32,4.4,Completed
285668,11,2017-09-05,Corolla,18943.66,4.16,Completed
285669,10,2017-09-19,Prius,22698.7,4.88,Completed
285670,13,2017-09-09,Sienna,49340.94,5.61,Completed
285671,18,2017-09-19,Tacoma,49986.17,5.68,Completed
285672,4,2017-09-26,Highlander,44421.62,3.81,Completed
285673,2,2017-09-07,Prius,25281.4,4.0,Completed
285674,5,2017-09-06,Highlander,51760.0,5.34,Completed
285675,10,2017-09-30,Sienna,34247.82,4.88,Completed
285676,17,2017-09-22,Tundra,36559.91,4.51,Completed
285677,2,2017-09-05,Highlander,46359.68,4.0,Completed
285678,2,2017-09-26,Camry,31147.64,4.0,Completed
285679,18,2017-09-12,Tacoma,43828.35,5.68,Completed
285680,4,2017-09-07,Prius,20518.13,3.81,Completed
285681,9,2017-09-14,Corolla,22311.78,4.4,Completed
285682,12,2017-09-03,Highlander,67311.86,5.65,Completed
285683,17,2017-09-24,Tacoma,31039.13,4.51,Completed
285684,20,2017-09-15,Tacoma,42940.95,5.77,Completed
285685,2,2017-09-21,Tacoma,29777.31,4.0,Completed
285686,14,2017-09-16,RAV4,46163.29,5.1,Completed
285687,18,2017-09-21,Corolla,29663.79,5.68,Completed
285688,11,2017-09-06,Tundra,39946.56,4.16,Completed
285689,17,2017-09-16,Tundra,36332.82,4.51,Completed
285690,6,2017-09-21,Camry,28808.79,3.86,Completed
285691,2,2017-09-17,Tacoma,29682.31,4.0,Pending
285692,1,2017-09-06,Highlander,50682.86,5.24,Completed
285693,20,2017-09-28,Tundra,48172.56,5.77,Completed
285694,11,2017-09-26,Corolla,21449.49,4.16,Completed
285695,20,2017-09-25,Tundra,52726.79,5.77,Completed
285696,10,2017-09-02,Sienna,34963.49,4.88,Completed
285697,20,2017-09-01,RAV4,42347.35,5.77,Completed
285698,11,2017-09-07,Tundra,34379.1,4.16,Completed
285699,16,2017-09-20,Sienna,47325.79,6.06,Completed
285700,3,2017-09-28,Tundra,54379.24,5.69,Completed
285701,2,2017-09-16,Camry,31434.48,4.0,Completed
285702,9,2017-09-07,Camry,31208.06,4.4,Completed
285703,9,2017-09-01,Tacoma,29665.09,4.4,Completed
285704,11,2017-09-18,Prius,22045.88,4.16,Completed
285705,4,2017-09-07,Tundra,32476.51,3.81,Completed
285706,5,2017-09-20,Prius,26558.35,5.34,Completed
285707,12,2017-09-22,Tundra,46294.76,5.65,Completed
285708,2,2017-09-18,Sienna,34793.81,4.0,Completed
285709,19,2017-09-24,Tacoma,40410.81,5.48,Completed
285710,10,2017-09-30,Tundra,37113.32,4.88,Completed
285711,4,2017-09-08,Tacoma,26584.63,3.81,Completed
285712,11,2017-09-12,Prius,24539.1,4.16,Completed
285713,20,2017-09-06,RAV4,45496.72,5.77,Pending
285714,9,2017-09-06,Tacoma,31080.26,4.4,Completed
285715,15,2017-09-23,Highlander,67999.43,4.86,Completed
285716,9,2017-09-28,Tacoma,29913.98,4.4,Completed
285717,7,2017-09-13,Prius,31102.09,5.39,Completed
285718,4,2017-09-06,Tacoma,28196.33,3.81,Completed
285719,17,2017-09-05,Corolla,20134.81,4.51,Completed
285720,15,2017-09-19,Prius,34209.36,4.86,Completed
285721,15,2017-09-13,Highlander,66101.44,4.86,Completed
285722,9,2017-09-19,Prius,25497.16,4.4,Completed
285723,10,2017-09-25,Camry,31007.86,4.88,Completed
285724,4,2017-09-18,Sienna,36483.78,3.81,Completed
285725,1,2017-09-12,Highlander,55475.62,5.24,Completed
285726,7,2017-09-21,Prius,30816.32,5.39,Completed
285727,6,2017-09-26,RAV4,32962.06,3.86,Completed
285728,17,2017-09-05,Corolla,20216.45,4.51,Completed
285729,5,2017-09-16,Prius,28756.4,5.34,Completed
285730,11,2017-09-18,Tundra,34760.73,4.16,Completed
285731,17,2017-09-19,Corolla,21056.36,4.51,Completed
285732,11,2017-09-02,Corolla,20500.63,4.16,Completed
285733,7,2017-09-12,Corolla,30782.06,5.39,Completed
285734,14,2017-09-25,Highlander,64171.57,5.1,Completed
285735,12,2017-09-04,Tacoma,41569.6,5.65,Completed
285736,4,2017-09-13,Highlander,40098.91,3.81,Cancelled
285737,13,2017-09-28,Prius,34653.84,5.61,Completed
285738,11,2017-09-10,Tacoma,29380.71,4.16,Completed
285739,12,2017-09-17,Tundra,48193.46,5.65,Completed
285740,6,2017-09-14,Corolla,19803.59,3.86,Completed
285741,15,2017-09-15,Tundra,47206.29,4.86,Completed
285742,16,2017-09-25,Sienna,52761.13,6.06,Completed
285743,2,2017-09-09,RAV4,37478.17,4.0,Completed
285744,18,2017-09-28,Tundra,51849.17,5.68,Completed
285745,19,2017-09-30,Prius,26850.98,5.48,Completed
285746,18,2017-09-11,Tacoma,48671.58,5.68,Completed
285747,13,2017-09-23,RAV4,44979.24,5.61,Completed
285748,4,2017-09-19,Corolla,21172.78,3.81,Completed
285749,1,2017-09-11,Corolla,25537.92,5.24,Completed
285750,18,2017-09-23,Tacoma,45858.0,5.68,Completed
285751,2,2017-09-23,Camry,30934.81,4.0,Completed
285752,8,2017-09-23,Sienna,54614.2,5.84,Completed
285753,18,2017-09-30,Corolla,28812.74,5.68,Completed
285754,20,2017-09-05,Tundra,48394.27,5.77,Completed
285755,14,2017-09-20,Prius,31066.25,5.1,Completed
285756,20,2017-09-15,Highlander,58200.76,5.77,Completed
285757,10,2017-09-23,Prius,26842.1,4.88,Completed
285758,8,2017-09-03,RAV4,45464.97,5.84,Pending
285759,10,2017-09-09,Corolla,22282.61,4.88,Completed
285760,2,2017-09-15,Corolla,20151.9,4.0,Completed
285761,4,2017-09-02,Corolla,20647.51,3.81,Completed
285762,4,2017-09-17,Highlander,42246.21,3.81,Completed
285763,14,2017-09-04,Highlander,65194.0,5.1,Completed
285764,16,2017-09-10,Tacoma,43352.2,6.06,Completed
285765,7,2017-09-24,Corolla,28991.03,5.39,Completed
285766,4,2017-09-28,Highlander,40283.08,3.81,Completed
285767,4,2017-09-25,Sienna,36382.15,3.81,Cancelled
285768,9,2017-09-07,Sienna,37063.24,4.4,Completed
285769,20,2017-09-02,Sienna,49146.84,5.77,Completed
285770,15,2017-09-20,Tacoma,43352.78,4.86,Completed
285771,15,2017-09-18,Camry,35624.42,4.86,Completed
285772,17,2017-09-12,Sienna,38742.03,4.51,Completed
285773,5,2017-09-01,Prius,30085.78,5.34,Completed
285774,13,2017-09-23,Corolla,28204.02,5.61,Completed
285775,14,2017-09-10,Sienna,49412.29,5.1,Completed
285776,9,2017-09-20,Highlander,45143.28,4.4,Completed
285777,17,2017-09-26,Tacoma,32112.26,4.51,Completed
285778,11,2017-09-20,Sienna,36476.48,4.16,Completed
285779,3,2017-09-24,Tundra,48563.85,5.69,Completed
285780,7,2017-09-05,Prius,35249.6,5.39,Completed
285781,4,2017-09-10,Tundra,37862.34,3.81,Completed
285782,16,2017-09-15,Camry,36543.18,6.06,Completed
285783,12,2017-09-29,Sienna,50172.5,5.65,Completed
285784,9,2017-09-08,Highlander,45621.02,4.4,Completed
285785,19,2017-09-07,Prius,29178.29,5.48,Completed
285786,15,2017-09-12,Highlander,59525.48,4.86,Completed
285787,16,2017-09-02,Sienna,51675.74,6.06,Completed
285788,10,2017-09-01,Tacoma,29822.49,4.88,Pending
285789,11,2017-09-12,Camry,30701.29,4.16,Completed
285790,18,2017-09-09,Tundra,59468.67,5.68,Completed
285791,9,2017-09-23,Corolla,20859.34,4.4,Completed
285792,13,2017-09-30,Prius,34368.93,5.61,Completed
285793,17,2017-09-24,Sienna,35452.82,4.51,Completed
285794,20,2017-09-29,Tacoma,43185.49,5.77,Completed
285795,19,2017-09-23,RAV4,39109.14,5.48,Completed
285796,3,2017-09-17,Highlander,60152.89,5.69,Completed
285797,13,2017-09-30,Sienna,53229.46,5.61,Completed
285798,14,2017-09-28,Prius,32348.99,5.1,Completed
285799,6,2017-09-27,Camry,29903.35,3.86,Completed
285800,4,2017-09-06,RAV4,29845.88,3.81,Completed
285801,9,2017-09-07,Prius,23454.87,4.4,Completed
285802,8,2017-09-06,Tacoma,40561.89,5.84,Completed
285803,4,2017-09-05,RAV4,31133.61,3.81,Completed
285804,16,2017-09-06,Highlander,61721.2,6.06,Completed
285805,6,2017-09-20,RAV4,35659.43,3.86,Completed
285806,1,2017-09-16,Prius,27795.96,5.24,Completed
285807,5,2017-09-19,Corolla,23520.27,5.34,Pending
285808,5,2017-09-05,Tundra,45530.81,5.34,Completed
285809,10,2017-09-20,Tacoma,30421.62,4.88,Completed
285810,12,2017-09-24,RAV4,46629.62,5.65,Completed
285811,16,2017-09-24,Prius,35764.32,6.06,Completed
285812,4,2017-09-12,Sienna,31529.63,3.81,Completed
285813,2,2017-09-08,Camry,30368.43,4.0,Completed
285814,16,2017-09-14,Camry,37808.5,6.06,Completed
285815,6,2017-09-10,Corolla,21769.75,3.86,Completed
285816,5,2017-09-28,Prius,29203.89,5.34,Completed
285817,4,2017-09-21,RAV4,33111.81,3.81,Completed
285818,8,2017-09-27,Prius,31952.36,5.84,Completed
285819,16,2017-09-15,Sienna,52110.05,6.06,Completed
285820,2,2017-09-21,Tacoma,30259.73,4.0,Completed
285821,7,2017-09-13,Highlander,64583.42,5.39,Completed
285822,3,2017-09-22,RAV4,43158.34,5.69,Completed
285823,10,2017-09-22,Highlander,51910.61,4.88,Completed
285824,17,2017-09-10,Prius,21741.73,4.51,Completed
285825,19,2017-09-21,Highlander,52356.58,5.48,Completed
285826,6,2017-09-07,RAV4,33800.43,3.86,Completed
285827,8,2017-09-15,Corolla,25854.6,5.84,Completed
285828,7,2017-09-20,RAV4,43760.87,5.39,Completed
285829,11,2017-09-27,Sienna,34578.2,4.16,Completed
285830,9,2017-09-21,Highlander,44787.93,4.4,Completed
285831,4,2017-09-06,Tundra,37803.22,3.81,Completed
285832,9,2017-09-04,RAV4,30771.25,4.4,Completed
285833,18,2017-09-17,Camry,42083.45,5.68,Completed
285834,6,2017-09-08,Corolla,19134.94,3.86,Cancelled
285835,15,2017-09-18,RAV4,49397.81,4.86,Completed
285836,8,2017-09-04,Highlander,58708.53,5.84,Completed
285837,10,2017-09-27,Camry,27904.93,4.88,Completed
285838,11,2017-09-02,Highlander,46706.99,4.16,Completed
285839,10,2017-09-16,RAV4,32234.95,4.88,Completed
285840,3,2017-09-21,Corolla,27040.54,5.69,Completed
285841,8,2017-09-04,Highlander,66214.0,5.84,Completed
285842,10,2017-09-18,Highlander,46358.44,4.88,Completed
285843,14,2017-09-13,RAV4,39682.03,5.1,Completed
285844,9,2017-09-11,Tacoma,31963.66,4.4,Completed
285845,8,2017-09-09,Prius,34656.86,5.84,Completed
285846,11,2017-09-27,Tacoma,32924.54,4.16,Pending
285847,18,2017-09-15,RAV4,51830.42,5.68,Completed
285848,10,2017-09-01,Corolla,22924.74,4.88,Completed
285849,8,2017-09-03,Sienna,50869.51,5.84,Completed
285850,16,2017-09-09,Sienna,56521.99,6.06,Completed
285851,7,2017-09-05,Tundra,49078.33,5.39,Completed
285852,12,2017-09-05,RAV4,44007.51,5.65,Completed
285853,1,2017-09-20,Highlander,53835.74,5.24,Completed
285854,1,2017-09-08,Sienna,39459.68,5.24,Completed
285855,16,2017-09-23,Camry,39753.96,6.06,Completed
285856,8,2017-09-11,Sienna,49398.57,5.84,Completed
285857,15,2017-09-15,Highlander,58309.7,4.86,Completed
285858,14,2017-09-10,RAV4,43725.47,5.1,Completed
285859,7,2017-09-26,Prius,34286.09,5.39,Completed
285860,7,2017-09-23,RAV4,45607.55,5.39,Completed
285861,16,2017-09-24,Corolla,28724.9,6.06,Completed
285862,3,2017-09-12,Tundra,54678.41,5.69,Completed
285863,18,2017-09-25,Highlander,74382.12,5.68,Completed
285864,8,2017-09-10,Tundra,50444.69,5.84,Completed
285865,7,2017-09-04,Camry,37624.85,5.39,Completed
285866,11,2017-09-25,Sienna,33539.93,4.16,Completed
285867,15,2017-09-10,Sienna,52288.21,4.86,Completed
285868,1,2017-09-18,Corolla,23579.97,5.24,Completed
285869,6,2017-09-22,Tundra,33681.08,3.86,Completed
285870,20,2017-09-07,Highlander,59488.95,5.77,Completed
285871,4,2017-09-27,Prius,20680.21,3.81,Completed
285872,16,2017-09-03,Highlander,64125.7,6.06,Completed
285873,5,2017-09-21,Prius,25271.45,5.34,Completed
285874,15,2017-09-22,Corolla,26499.15,4.86,Completed
285875,10,2017-09-28,Camry,27925.8,4.88,Completed
285876,3,2017-09-21,Sienna,50380.33,5.69,Completed
285877,10,2017-09-26,Camry,27211.77,4.88,Completed
285878,3,2017-09-04,Corolla,31270.9,5.69,Completed
285879,19,2017-09-23,Highlander,60526.32,5.48,Pending
285880,19,2017-09-09,Sienna,46010.09,5.48,Completed
285881,15,2017-09-10,Corolla,29494.65,4.86,Completed
285882,19,2017-09-23,RAV4,43132.52,5.48,Completed
285883,5,2017-09-25,Tundra,43206.19,5.34,Completed
285884,10,2017-09-15,Prius,23516.92,4.88,Completed
285885,14,2017-09-17,Camry,39408.9,5.1,Completed
285886,16,2017-09-11,Sienna,51405.73,6.06,Completed
285887,13,2017-09-29,Camry,43821.6,5.61,Completed
285888,6,2017-09-24,Tacoma,32527.21,3.86,Completed
285889,1,2017-09-23,Highlander,56969.62,5.24,Completed
285890,13,2017-09-10,Highlander,66600.29,5.61,Completed
285891,9,2017-09-29,Tacoma,33650.55,4.4,Completed
285892,10,2017-09-28,RAV4,37069.8,4.88,Completed
285893,4,2017-09-07,Tacoma,28650.47,3.81,Cancelled
285894,14,2017-09-25,Corolla,25915.35,5.1,Completed
285895,2,2017-09-17,Highlander,47811.48,4.0,Completed
285896,17,2017-09-22,RAV4,29286.91,4.51,Completed
285897,8,2017-09-05,Tundra,54740.93,5.84,Completed
285898,19,2017-09-28,RAV4,37210.91,5.48,Completed
285899,13,2017-09-03,RAV4,43149.56,5.61,Completed
285900,17,2017-09-10,Tacoma,31793.6,4.51,Completed
285901,20,2017-09-07,Corolla,27216.25,5.77,Completed
285902,7,2017-09-20,Corolla,30423.54,5.39,Completed
285903,20,2017-09-14,Sienna,47728.83,5.77,Completed
285904,17,2017-09-13,Camry,29067.7,4.51,Completed
285905,8,2017-09-05,Highlander,57827.42,5.84,Completed
285906,2,2017-09-10,Tundra,36405.42,4.0,Completed
285907,13,2017-09-22,Highlander,69094.63,5.61,Completed
285908,19,2017-09-28,Tundra,46404.18,5.48,Completed
285909,11,2017-09-28,RAV4,31130.91,4.16,Completed
285910,9,2017-09-19,Tundra,33826.0,4.4,Completed
285911,6,2017-09-28,Sienna,32298.87,3.86,Completed
285912,1,2017-09-16,Sienna,37827.43,5.24,Completed
285913,14,2017-09-28,Prius,29985.72,5.1,Completed
285914,4,2017-09-26,Tacoma,30789.18,3.81,Completed
285915,14,2017-09-16,Tundra,45326.03,5.1,Completed
285916,6,2017-09-23,Tundra,35939.24,3.86,Completed
285917,8,2017-09-28,RAV4,45395.23,5.84,Completed
285918,8,2017-09-05,Camry,42721.28,5.84,Completed
285919,19,2017-09-09,Tundra,42628.7,5.48,Completed
285920,7,2017-09-01,Sienna,49074.68,5.39,Completed
285921,13,2017-09-28,Prius,37390.39,5.61,Completed
285922,2,2017-09-27,Corolla,24042.33,4.0,Completed
285923,3,2017-09-27,Tundra,50493.62,5.69,Completed
285924,19,2017-09-25,Prius,30498.48,5.48,Completed
285925,20,2017-09-01,Tundra,49947.46,5.77,Completed
285926,11,2017-09-30,Corolla,20513.39,4.16,Cancelled
285927,9,2017-09-01,Sienna,33391.53,4.4,Completed
285928,1,2017-09-27,Sienna,42476.76,5.24,Completed
285929,1,2017-09-26,Sienna,41446.7,5.24,Completed
285930,17,2017-09-07,Sienna,33724.8,4.51,Completed
285931,5,2017-09-28,Tacoma,36034.45,5.34,Pending
285932,4,2017-09-20,Tacoma,26797.32,3.81,Completed
285933,11,2017-09-28,Prius,23841.67,4.16,Completed
285934,12,2017-09-03,Prius,31193.02,5.65,Cancelled
285935,19,2017-09-06,Prius,31264.7,5.48,Completed
285936,11,2017-09-20,RAV4,31593.82,4.16,Cancelled
285937,15,2017-09-12,Sienna,44757.54,4.86,Completed
285938,1,2017-09-14,Tacoma,35648.16,5.24,Completed
285939,1,2017-09-20,Tundra,40770.67,5.24,Completed
285940,11,2017-09-06,Camry,26103.47,4.16,Completed
285941,20,2017-09-07,Corolla,28361.69,5.77,Pending
285942,13,2017-09-03,Prius,32654.79,5.61,Completed
285943,16,2017-09-25,Tacoma,39723.28,6.06,Completed
285944,3,2017-09-07,Tacoma,45402.6,5.69,Completed
285945,18,2017-09-06,Prius,35528.89,5.68,Completed
285946,15,2017-09-17,RAV4,41211.63,4.86,Completed
285947,1,2017-09-29,Camry,33269.59,5.24,Completed
285948,8,2017-09-02,Corolla,28502.22,5.84,Completed
285949,16,2017-09-23,Prius,35485.44,6.06,Completed
285950,6,2017-09-23,Sienna,38880.45,3.86,Completed
285951,14,2017-09-24,Highlander,64196.06,5.1,Completed
285952,14,2017-09-22,Tacoma,37210.93,5.1,Completed
285953,10,2017-09-27,Sienna,39561.13,4.88,Completed
285954,15,2017-09-10,Tundra,51907.34,4.86,Completed
285955,13,2017-09-07,RAV4,52399.94,5.61,Completed
285956,2,2017-09-23,Corolla,23263.59,4.0,Completed
285957,14,2017-09-08,Camry,39543.17,5.1,Completed
285958,19,2017-09-07,Corolla,27422.96,5.48,Completed
285959,3,2017-09-07,Corolla,30818.47,5.69,Completed
285960,4,2017-09-07,Corolla,18741.56,3.81,Completed
285961,12,2017-09-17,Sienna,48890.29,5.65,Pending
285962,10,2017-09-22,Camry,29203.84,4.88,Completed
285963,7,2017-09-21,RAV4,45952.0,5.39,Completed
285964,3,2017-09-20,Highlander,67542.7,5.69,Completed
285965,13,2017-09-09,Corolla,30470.65,5.61,Completed
285966,15,2017-09-30,Tundra,51890.92,4.86,Completed
285967,15,2017-09-23,Tacoma,41266.58,4.86,Completed
285968,13,2017-09-02,Highlander,70422.24,5.61,Completed
285969,17,2017-09-24,Tacoma,28861.31,4.51,Completed
285970,5,2017-09-23,Tacoma,37583.87,5.34,Pending
285971,14,2017-09-21,Highlander,66578.94,5.1,Completed
285972,17,2017-09-24,Corolla,21788.3,4.51,Completed
285973,10,2017-09-09,Tacoma,32754.83,4.88,Completed
285974,16,2017-09-01,Corolla,31662.09,6.06,Completed
285975,20,2017-09-02,Corolla,28269.8,5.77,Completed
285976,2,2017-09-27,Corolla,20750.91,4.0,Completed
285977,5,2017-09-08,Tacoma,34028.2,5.34,Completed
285978,11,2017-09-27,Sienna,34674.24,4.16,Completed
285979,15,2017-09-11,RAV4,43464.26,4.86,Completed
285980,18,2017-09-02,Corolla,30851.7,5.68,Completed
285981,19,2017-09-17,Tacoma,33874.15,5.48,Completed
285982,12,2017-09-29,Corolla,28080.78,5.65,Completed
285983,20,2017-09-09,Highlander,60710.6,5.77,Completed
285984,4,2017-09-15,Tundra,35732.43,3.81,Completed
285985,5,2017-09-07,Prius,27561.75,5.34,Completed
285986,7,2017-09-04,Corolla,26477.2,5.39,Pending
285987,19,2017-09-12,Sienna,44031.83,5.48,Completed
285988,16,2017-09-28,Highlander,63823.03,6.06,Completed
285989,15,2017-09-22,Tacoma,44555.21,4.86,Completed
285990,16,2017-09-05,Camry,43841.53,6.06,Completed
285991,4,2017-09-16,Corolla,18032.86,3.81,Completed
285992,10,2017-09-30,Sienna,40360.7,4.88,Completed
285993,14,2017-09-10,Tacoma,36943.44,5.1,Completed
285994,14,2017-09-04,Sienna,51606.03,5.1,Completed
285995,14,2017-09-01,Tundra,50846.23,5.1,Completed
285996,9,2017-09-29,Tundra,40058.55,4.4,Completed
285997,16,2017-09-09,Highlander,68853.63,6.06,Completed
285998,11,2017-09-23,RAV4,36777.49,4.16,Completed
285999,6,2017-09-13,Tundra,37665.7,3.86,Completed
286000,13,2017-09-23,Corolla,28980.45,5.61,Completed
286001,18,2017-09-10,Tundra,51299.71,5.68,Pending
286002,6,2017-09-08,Camry,28941.43,3.86,Completed
286003,20,2017-09-19,Highlander,69126.15,5.77,Completed
286004,8,2017-09-17,RAV4,44460.36,5.84,Completed
286005,17,2017-09-26,Corolla,21027.52,4.51,Completed
286006,2,2017-09-13,Tundra,40302.99,4.0,Completed
286007,2,2017-09-15,Prius,27260.2,4.0,Completed
286008,19,2017-09-08,Corolla,22860.54,5.48,Completed
286009,15,2017-09-22,Sienna,48200.99,4.86,Completed
286010,20,2017-09-09,Prius,31764.87,5.77,Completed
286011,16,2017-09-25,Tacoma,43616.83,6.06,Completed
286012,13,2017-09-21,Prius,36415.53,5.61,Completed
286013,16,2017-09-05,RAV4,49811.62,6.06,Completed
286014,2,2017-09-03,Highlander,49478.04,4.0,Completed
286015,12,2017-09-17,Sienna,53110.2,5.65,Completed
286016,16,2017-09-02,RAV4,51725.74,6.06,Cancelled
286017,11,2017-09-28,Camry,25841.61,4.16,Completed
286018,14,2017-09-23,RAV4,41194.63,5.1,Completed
286019,14,2017-09-17,Camry,36942.85,5.1,Completed
286020,11,2017-09-11,Camry,29649.34,4.16,Completed
286021,7,2017-09-27,Sienna,49962.88,5.39,Completed
286022,6,2017-09-08,Highlander,43375.32,3.86,Completed
286023,18,2017-09-12,Sienna,56661.23,5.68,Completed
286024,14,2017-09-23,RAV4,45177.06,5.1,Completed
286025,7,2017-09-23,Tacoma,42417.01,5.39,Completed
286026,12,2017-09-23,Tacoma,43822.31,5.65,Completed
286027,5,2017-09-26,Camry,32384.82,5.34,Completed
286028,5,2017-09-06,Prius,28833.66,5.34,Pending
286029,18,2017-09-30,Highlander,63379.2,5.68,Completed
286030,10,2017-09-30,Tacoma,31813.62,4.88,Completed
286031,2,2017-09-19,Camry,32758.86,4.0,Completed
286032,11,2017-09-17,Highlander,47799.12,4.16,Completed
286033,12,2017-09-22,RAV4,49640.22,5.65,Completed
286034,4,2017-09-27,Highlander,44153.66,3.81,Completed
286035,12,2017-09-25,Prius,32864.36,5.65,Completed
286036,3,2017-09-24,Highlander,67591.29,5.69,Completed
286037,16,2017-09-29,Sienna,50081.03,6.06,Completed
286038,4,2017-09-04,Corolla,20860.13,3.81,Completed
286039,16,2017-09-03,Camry,42186.35,6.06,Completed
286040,5,2017-09-30,RAV4,36520.64,5.34,Completed
286041,12,2017-09-13,Corolla,28395.95,5.65,Completed
286042,11,2017-09-15,Camry,28453.36,4.16,Completed
286043,8,2017-09-28,Sienna,53344.26,5.84,Completed
286044,3,2017-09-08,Tundra,49321.28,5.69,Completed
286045,18,2017-09-12,Prius,33560.18,5.68,Completed
286046,2,2017-09-24,Tundra,36239.78,4.0,Completed
286047,16,2017-09-27,RAV4,43249.38,6.06,Completed
286048,4,2017-09-25,Tundra,36859.37,3.81,Completed
286049,17,2017-09-29,Tacoma,27456.26,4.51,Completed
286050,8,2017-09-11,Highlander,69137.37,5.84,Completed
286051,11,2017-09-28,Sienna,34699.78,4.16,Completed
286052,3,2017-09-18,Camry,38686.46,5.69,Completed
286053,3,2017-09-17,Sienna,56657.32,5.69,Pending
286054,12,2017-09-17,Camry,36787.39,5.65,Completed
286055,4,2017-09-13,Corolla,19110.68,3.81,Completed
286056,11,2017-09-10,RAV4,34792.65,4.16,Completed
286057,9,2017-09-22,Sienna,37343.49,4.4,Completed
286058,1,2017-09-07,Tacoma,34601.09,5.24,Completed
286059,20,2017-09-01,Prius,32926.35,5.77,Completed
286060,11,2017-09-06,Camry,29632.05,4.16,Completed
286061,7,2017-09-10,Tacoma,46139.65,5.39,Completed
286062,2,2017-09-08,Corolla,20334.32,4.0,Completed
286063,18,2017-09-11,Prius,37385.67,5.68,Completed
286064,18,2017-09-23,Tundra,56168.28,5.68,Pending
286065,3,2017-09-21,Corolla,31982.19,5.69,Cancelled
286066,12,2017-09-20,Camry,37197.31,5.65,Completed
286067,10,2017-09-27,Prius,25703.29,4.88,Completed
286068,6,2017-09-16,Prius,22981.38,3.86,Completed
286069,7,2017-09-12,Prius,34004.81,5.39,Completed
286070,2,2017-09-08,Sienna,36244.54,4.0,Completed
286071,13,2017-09-09,Tundra,52608.89,5.61,Completed
286072,13,2017-09-28,Sienna,53621.74,5.61,Completed
286073,4,2017-09-22,Tacoma,28913.58,3.81,Completed
286074,7,2017-09-21,Corolla,31708.59,5.39,Completed
286075,1,2017-09-04,Tacoma,36033.03,5.24,Completed
286076,15,2017-09-13,Camry,35330.69,4.86,Completed
286077,1,2017-09-30,Camry,35924.11,5.24,Completed
286078,15,2017-09-08,Tacoma,43295.85,4.86,Completed
286079,15,2017-09-16,Tacoma,45882.43,4.86,Completed
286080,9,2017-09-20,Tundra,35744.76,4.4,Completed
286081,18,2017-09-04,RAV4,47709.83,5.68,Completed
286082,5,2017-09-02,Prius,27650.55,5.34,Completed
286083,5,2017-09-23,RAV4,37945.9,5.34,Pending
286084,1,2017-09-30,Sienna,42757.92,5.24,Completed
286085,9,2017-09-17,Prius,24650.69,4.4,Completed
286086,8,2017-09-15,Prius,34278.74,5.84,Completed
286087,2,2017-09-06,Tundra,36188.37,4.0,Completed
286088,1,2017-09-23,Sienna,45622.99,5.24,Completed
286089,14,2017-09-27,RAV4,42491.27,5.1,Completed
286090,15,2017-09-13,Camry,40889.35,4.86,Completed
286091,19,2017-09-03,Corolla,24246.31,5.48,Completed
286092,3,2017-09-19,RAV4,49905.71,5.69,Completed
286093,17,2017-09-30,Tundra,33562.6,4.51,Completed
286094,11,2017-09-27,Tacoma,33482.66,4.16,Completed
286095,20,2017-09-12,Tundra,49954.62,5.77,Completed
286096,6,2017-09-18,Camry,27861.01,3.86,Completed
286097,5,2017-09-28,Highlander,57269.66,5.34,Completed
286098,15,2017-09-07,Sienna,47068.86,4.86,Completed
286099,19,2017-09-02,Highlander,50415.37,5.48,Completed
286100,8,2017-09-22,Camry,42224.11,5.84,Completed
286101,1,2017-09-20,Camry,35474.46,5.24,Completed
286102,17,2017-09-20,Highlander,49201.68,4.51,Completed
286103,20,2017-09-01,Sienna,47760.73,5.77,Completed
286104,8,2017-09-06,Sienna,45688.9,5.84,Completed
286105,1,2017-09-09,Tacoma,36391.59,5.24,Completed
286106,11,2017-09-28,Tundra,39785.14,4.16,Completed
286107,4,2017-09-12,Tundra,35966.58,3.81,Completed
286108,7,2017-09-17,Sienna,48349.2,5.39,Completed
286109,14,2017-09-05,Prius,32406.23,5.1,Completed
286110,19,2017-09-20,Highlander,57637.84,5.48,Completed
286111,11,2017-09-09,Highlander,49528.66,4.16,Completed
286112,4,2017-09-25,RAV4,33978.33,3.81,Completed
286113,10,2017-09-23,Prius,24176.18,4.88,Completed
286114,13,2017-09-27,RAV4,44074.93,5.61,Completed
286115,12,2017-09-13,Corolla,27160.31,5.65,Completed
286116,19,2017-09-05,Tundra,43424.85,5.48,Completed
286117,17,2017-09-20,Corolla,21171.36,4.51,Completed
286118,8,2017-09-18,RAV4,47987.62,5.84,Completed
286119,17,2017-09-11,Corolla,21980.96,4.51,Completed
286120,20,2017-09-13,Tundra,50101.46,5.77,Completed
286121,11,2017-09-06,Sienna,40325.7,4.16,Completed
286122,18,2017-09-08,Sienna,49685.29,5.68,Completed
286123,4,2017-09-25,Sienna,35315.72,3.81,Completed
286124,5,2017-09-19,Corolla,26662.27,5.34,Completed
286125,1,2017-09-09,Sienna,45040.05,5.24,Completed
286126,3,2017-09-22,Sienna,49894.1,5.69,Completed
286127,9,2017-09-23,Sienna,35092.27,4.4,Completed
286128,3,2017-09-25,Highlander,62629.64,5.69,Completed
286129,14,2017-09-12,Highlander,62223.37,5.1,Completed
286130,19,2017-09-18,Corolla,24908.5,5.48,Completed
286131,18,2017-09-20,Camry,38445.14,5.68,Completed
286132,12,2017-09-21,Highlander,68470.98,5.65,Completed
286133,19,2017-09-02,Sienna,45195.83,5.48,Completed
286134,18,2017-09-10,RAV4,50886.4,5.68,Completed
286135,3,2017-09-07,Tundra,57184.01,5.69,Completed
286136,7,2017-09-03,Camry,41967.02,5.39,Completed
286137,3,2017-09-07,RAV4,47622.08,5.69,Completed
286138,1,2017-09-16,RAV4,35136.39,5.24,Completed
286139,19,2017-09-13,RAV4,38488.98,5.48,Completed
286140,18,2017-09-20,Camry,39762.69,5.68,Completed
286141,16,2017-09-25,Tacoma,39175.09,6.06,Completed
286142,1,2017-09-09,RAV4,40816.55,5.24,Completed
286143,4,2017-09-04,Corolla,19958.14,3.81,Completed
286144,9,2017-09-12,Sienna,36213.37,4.4,Completed
286145,20,2017-09-07,Tacoma,43650.58,5.77,Completed
286146,17,2017-09-17,Corolla,19424.36,4.51,Completed
286147,17,2017-09-14,RAV4,35186.94,4.51,Completed
286148,3,2017-09-09,RAV4,47657.84,5.69,Completed
286149,7,2017-09-20,Tacoma,45423.8,5.39,Completed
286150,16,2017-09-09,RAV4,47501.36,6.06,Completed
286151,17,2017-09-18,Corolla,19402.96,4.51,Completed
286152,5,2017-09-08,Prius,27575.61,5.34,Completed
286153,14,2017-09-13,Highlander,63833.17,5.1,Completed
286154,6,2017-09-04,Tundra,36455.54,3.86,Completed
286155,2,2017-09-21,Tundra,34716.1,4.0,Completed
286156,16,2017-09-22,Highlander,62210.39,6.06,Completed
286157,2,2017-09-06,Tacoma,31358.33,4.0,Pending
286158,2,2017-09-24,RAV4,36130.44,4.0,Completed
286159,15,2017-09-29,Prius,31453.27,4.86,Completed
286160,19,2017-09-03,RAV4,37685.42,5.48,Completed
286161,2,2017-09-08,Camry,30497.18,4.0,Completed
286162,14,2017-09-14,Prius,29723.83,5.1,Completed
286163,15,2017-09-21,RAV4,48182.54,4.86,Completed
286164,17,2017-09-18,Sienna,38611.26,4.51,Completed
286165,16,2017-09-11,Highlander,66046.29,6.06,Completed
286166,15,2017-09-16,Prius,31965.98,4.86,Completed
286167,14,2017-09-17,Tacoma,38734.93,5.1,Completed
286168,4,2017-09-02,Corolla,21647.4,3.81,Completed
286169,4,2017-09-08,Sienna,34901.19,3.81,Completed
286170,14,2017-09-25,RAV4,45195.13,5.1,Completed
286171,15,2017-09-10,Corolla,27798.54,4.86,Pending
286172,6,2017-09-14,Tacoma,27220.54,3.86,Completed
286173,6,2017-09-27,Tundra,32247.13,3.86,Cancelled
286174,4,2017-09-22,Tacoma,28432.09,3.81,Completed
286175,3,2017-09-28,Tacoma,40413.14,5.69,Completed
286176,8,2017-09-04,RAV4,48993.51,5.84,Completed
286177,7,2017-09-06,Prius,31210.3,5.39,Completed
286178,9,2017-09-06,Sienna,33097.53,4.4,Completed
286179,12,2017-09-23,Corolla,30522.68,5.65,Completed
286180,13,2017-09-10,Prius,32981.42,5.61,Completed
286181,3,2017-09-09,Corolla,31352.42,5.69,Completed
286182,14,2017-09-04,Camry,36518.44,5.1,Completed
286183,16,2017-09-29,Prius,34461.31,6.06,Completed
286184,18,2017-09-09,Sienna,49002.55,5.68,Completed
286185,13,2017-09-06,Camry,37886.05,5.61,Completed
286186,7,2017-09-22,Corolla,28580.37,5.39,Cancelled
286187,15,2017-09-13,Corolla,25837.91,4.86,Completed
286188,20,2017-09-29,Tundra,52438.32,5.77,Completed
286189,14,2017-09-27,Highlander,64735.38,5.1,Completed
286190,3,2017-09-06,Prius,32471.41,5.69,Cancelled
286191,6,2017-09-07,Highlander,40878.63,3.86,Completed
286192,20,2017-09-03,Prius,30376.86,5.77,Completed
286193,1,2017-09-28,Corolla,23309.36,5.24,Completed
286194,19,2017-09-25,Tacoma,35836.89,5.48,Completed
286195,10,2017-09-25,Tundra,39688.63,4.88,Completed
286196,18,2017-09-29,RAV4,53533.02,5.68,Completed
286197,6,2017-09-09,Camry,25127.21,3.86,Completed
286198,17,2017-09-27,Corolla,19037.9,4.51,Completed
286199,7,2017-09-21,Camry,41465.24,5.39,Completed
286200,13,2017-09-06,Sienna,50538.6,5.61,Pending
286201,9,2017-09-13,Camry,29274.54,4.4,Completed
286202,14,2017-09-17,Prius,31426.08,5.1,Completed
286203,16,2017-09-21,Tundra,52113.6,6.06,Completed
286204,14,2017-09-02,Prius,30720.83,5.1,Completed
286205,13,2017-09-06,Camry,37546.21,5.61,Completed
286206,13,2017-09-08,Camry,42400.88,5.61,Completed
286207,16,2017-09-26,RAV4,43476.44,6.06,Completed
286208,4,2017-09-26,Prius,21933.24,3.81,Completed
286209,19,2017-09-28,Corolla,25733.12,5.48,Completed
286210,8,2017-09-24,Highlander,65865.56,5.84,Completed
286211,6,2017-09-16,Prius,23292.22,3.86,Completed
286212,18,2017-09-01,Highlander,69062.58,5.68,Completed
286213,18,2017-09-21,RAV4,51008.63,5.68,Completed
286214,17,2017-09-13,Prius,21092.35,4.51,Completed
286215,7,2017-09-12,Tundra,46901.03,5.39,Completed
286216,20,2017-09-10,Camry,40587.07,5.77,Completed
286217,12,2017-09-28,Tacoma,40080.42,5.65,Completed
286218,19,2017-09-25,Sienna,46778.97,5.48,Completed
286219,10,2017-09-19,Tacoma,29122.2,4.88,Completed
286220,14,2017-09-26,RAV4,45646.53,5.1,Completed
286221,13,2017-09-18,Tacoma,48072.59,5.61,Completed
286222,3,2017-09-17,Highlander,60588.86,5.69,Completed
286223,13,2017-09-02,Sienna,54952.56,5.61,Completed
286224,19,2017-09-12,Corolla,25886.74,5.48,Completed
286225,19,2017-09-26,RAV4,40618.68,5.48,Completed
286226,11,2017-09-23,Sienna,38207.99,4.16,Completed
286227,8,2017-09-16,Tundra,45699.59,5.84,Completed
286228,3,2017-09-03,Highlander,72950.53,5.69,Completed
286229,3,2017-09-07,Camry,44271.79,5.69,Completed
286230,17,2017-09-11,Corolla,21965.88,4.51,Completed
286231,5,2017-09-08,Sienna,39302.18,5.34,Completed
286232,20,2017-09-12,Corolla,30562.87,5.77,Completed
286233,6,2017-09-06,Prius,23771.18,3.86,Completed
286234,19,2017-09-14,RAV4,43442.45,5.48,Completed
286235,10,2017-09-13,Camry,30248.13,4.88,Completed
286236,14,2017-09-11,Sienna,45139.05,5.1,Completed
286237,3,2017-09-21,Camry,41529.25,5.69,Completed
286238,11,2017-09-22,Tundra,34811.12,4.16,Completed
286239,2,2017-09-03,Prius,22992.91,4.0,Completed
286240,10,2017-09-04,RAV4,37784.27,4.88,Completed
286241,20,2017-09-12,Highlander,67922.89,5.77,Completed
286242,5,2017-09-07,Tacoma,36784.22,5.34,Completed
286243,15,2017-09-16,Highlander,68607.34,4.86,Completed
286244,2,2017-09-27,Sienna,36724.63,4.0,Completed
286245,9,2017-09-13,Tundra,35565.94,4.4,Completed
286246,13,2017-09-26,Corolla,32681.39,5.61,Completed
286247,2,2017-09-12,Highlander,53873.04,4.0,Completed
286248,10,2017-09-01,RAV4,33573.14,4.88,Completed
286249,7,2017-09-11,Tacoma,40448.41,5.39,Completed
286250,16,2017-09-02,Highlander,72170.56,6.06,Completed
286251,11,2017-09-08,Prius,24073.8,4.16,Completed
286252,13,2017-09-07,Highlander,68240.58,5.61,Completed
286253,20,2017-09-23,Camry,40182.15,5.77,Completed
286254,2,2017-09-28,Tundra,36707.93,4.0,Completed
286255,16,2017-09-10,RAV4,46106.16,6.06,Completed
286256,13,2017-09-20,Corolla,28384.26,5.61,Completed
286257,18,2017-09-23,Highlander,67719.47,5.68,Completed
286258,6,2017-09-04,Tundra,39041.42,3.86,Completed
286259,3,2017-09-27,Sienna,52114.83,5.69,Completed
286260,9,2017-09-14,Highlander,46700.99,4.4,Completed
286261,3,2017-09-26,Prius,37368.42,5.69,Cancelled
286262,1,2017-09-08,Highlander,55079.68,5.24,Completed
286263,1,2017-09-26,Tundra,41894.01,5.24,Completed
286264,5,2017-09-09,RAV4,39002.59,5.34,Completed
286265,6,2017-09-03,Sienna,38016.19,3.86,Completed
286266,9,2017-09-02,Tundra,40004.14,4.4,Completed
286267,19,2017-09-06,Prius,29495.11,5.48,Completed
286268,4,2017-09-14,Corolla,20633.63,3.81,Completed
286269,14,2017-09-07,Corolla,24994.77,5.1,Completed
286270,6,2017-09-27,RAV4,30242.21,3.86,Completed
286271,20,2017-09-10,Tundra,49466.71,5.77,Completed
286272,20,2017-09-04,RAV4,45204.18,5.77,Completed
286273,5,2017-09-22,Corolla,23522.06,5.34,Completed
286274,10,2017-09-15,Camry,31395.61,4.88,Completed
286275,10,2017-09-21,Corolla,21522.85,4.88,Completed
286276,19,2017-09-03,Prius,27987.07,5.48,Completed
286277,11,2017-09-12,Prius,26248.62,4.16,Completed
286278,20,2017-09-07,RAV4,41659.67,5.77,Completed
286279,1,2017-09-12,Corolla,24733.8,5.24,Completed
286280,13,2017-09-01,Highlander,63843.12,5.61,Completed
286281,9,2017-09-06,Tundra,39709.23,4.4,Completed
286282,10,2017-09-04,Sienna,40072.13,4.88,Completed
286283,16,2017-09-19,Tacoma,42321.84,6.06,Completed
286284,17,2017-09-26,Highlander,44520.03,4.51,Completed
286285,4,2017-09-07,Sienna,32051.42,3.81,Completed
286286,9,2017-09-09,Camry,26142.92,4.4,Completed
286287,2,2017-09-12,Corolla,22444.41,4.0,Completed
286288,7,2017-09-08,Tundra,48938.21,5.39,Completed
286289,9,2017-09-10,Tacoma,30275.43,4.4,Completed
286290,2,2017-09-16,Tundra,40206.27,4.0,Completed
286291,1,2017-09-08,Tundra,45549.88,5.24,Completed
286292,3,2017-09-15,Prius,33886.26,5.69,Completed
286293,8,2017-09-05,Prius,31342.39,5.84,Completed
286294,14,2017-09-02,Prius,31645.99,5.1,Completed
286295,15,2017-09-15,Sienna,46536.1,4.86,Completed
286296,18,2017-09-10,Sienna,48929.28,5.68,Completed
286297,8,2017-09-16,Camry,40816.66,5.84,Completed
286298,19,2017-09-14,RAV4,36600.0,5.48,Completed
286299,3,2017-09-09,RAV4,43338.37,5.69,Completed
286300,20,2017-09-18,Tundra,50292.35,5.77,Completed
286301,20,2017-09-28,Sienna,54023.26,5.77,Completed
286302,1,2017-09-10,RAV4,35358.11,5.24,Completed
286303,8,2017-09-13,Tundra,48908.07,5.84,Completed
286304,11,2017-09-21,Tundra,39692.72,4.16,Completed
286305,10,2017-09-02,Sienna,35537.09,4.88,Completed
286306,9,2017-09-24,Corolla,19989.63,4.4,Completed
286307,5,2017-09-11,RAV4,39946.38,5.34,Completed
286308,7,2017-09-03,RAV4,45563.46,5.39,Completed
286309,13,2017-09-15,Corolla,28185.92,5.61,Completed
286310,14,2017-09-26,Prius,34035.78,5.1,Completed
286311,14,2017-09-10,Tundra,51389.2,5.1,Completed
286312,8,2017-09-27,Sienna,51546.47,5.84,Completed
286313,1,2017-09-13,Camry,34741.76,5.24,Completed
286314,8,2017-09-16,RAV4,49566.97,5.84,Completed
286315,8,2017-09-27,Sienna,45527.84,5.84,Completed
286316,6,2017-09-01,Camry,27489.44,3.86,Completed
286317,14,2017-09-14,Sienna,46513.45,5.1,Completed
286318,20,2017-09-02,Highlander,68942.41,5.77,Completed
286319,14,2017-09-25,Corolla,26380.06,5.1,Completed
286320,16,2017-09-21,Sienna,47342.43,6.06,Completed
286321,15,2017-09-18,RAV4,47394.87,4.86,Completed
286322,19,2017-09-10,Prius,30478.14,5.48,Completed
286323,16,2017-09-23,Tundra,46554.75,6.06,Pending
286324,10,2017-09-23,Camry,29166.45,4.88,Completed
286325,2,2017-09-06,Highlander,47917.39,4.0,Completed
286326,13,2017-09-19,Corolla,28868.8,5.61,Completed
286327,7,2017-09-02,Prius,34965.98,5.39,Completed
286328,4,2017-09-19,Sienna,36407.29,3.81,Completed
286329,14,2017-09-12,Sienna,50634.91,5.1,Completed
286330,18,2017-09-06,Tundra,58418.25,5.68,Completed
286331,5,2017-09-08,Highlander,55485.67,5.34,Cancelled
286332,13,2017-09-27,Tacoma,45773.61,5.61,Completed
286333,14,2017-09-24,Tundra,48644.43,5.1,Completed
286334,10,2017-09-15,Tundra,38003.04,4.88,Completed
286335,15,2017-09-02,Corolla,28495.14,4.86,Completed
286336,16,2017-09-17,Sienna,47212.08,6.06,Completed
286337,19,2017-09-09,RAV4,36924.87,5.48,Completed
286338,12,2017-09-15,Corolla,27082.95,5.65,Completed
286339,4,2017-09-22,Prius,24812.08,3.81,Completed
286340,17,2017-09-13,Tundra,35051.71,4.51,Completed
286341,18,2017-09-10,Highlander,68350.17,5.68,Completed
286342,3,2017-09-21,Tundra,57453.76,5.69,Completed
286343,19,2017-09-06,Prius,28748.75,5.48,Completed
286344,12,2017-09-03,Highlander,58859.38,5.65,Completed
286345,9,2017-09-17,Highlander,42681.45,4.4,Completed
286346,14,2017-09-13,Camry,37656.57,5.1,Completed
286347,5,2017-09-30,Camry,34311.81,5.34,Completed
286348,13,2017-09-06,Sienna,55465.68,5.61,Completed
286349,1,2017-09-17,Tundra,44872.28,5.24,Completed
286350,20,2017-09-05,Sienna,54512.39,5.77,Completed
286351,7,2017-09-19,Corolla,30916.01,5.39,Completed
286352,8,2017-09-20,RAV4,43790.72,5.84,Completed
286353,1,2017-09-17,Corolla,23259.49,5.24,Completed
286354,16,2017-09-28,Highlander,65343.22,6.06,Completed
286355,14,2017-09-26,Corolla,27024.82,5.1,Completed
286356,20,2017-09-29,Highlander,61953.08,5.77,Completed
286357,18,2017-09-16,Prius,33017.95,5.68,Completed
286358,16,2017-09-08,RAV4,47897.16,6.06,Completed
286359,5,2017-09-14,Tundra,43378.26,5.34,Completed
286360,19,2017-09-17,Tundra,47075.96,5.48,Completed
286361,11,2017-09-04,Highlander,44458.06,4.16,Completed
286362,15,2017-09-12,Tacoma,43911.64,4.86,Pending
286363,2,2017-09-12,Tacoma,33833.61,4.0,Completed
286364,5,2017-09-19,RAV4,38264.91,5.34,Completed
286365,7,2017-09-26,Prius,35675.17,5.39,Completed
286366,11,2017-09-07,Corolla,21741.39,4.16,Completed
286367,11,2017-09-27,Tundra,35470.14,4.16,Completed
286368,2,2017-09-06,Corolla,20261.19,4.0,Completed
286369,18,2017-09-29,RAV4,50191.8,5.68,Completed
286370,8,2017-09-01,Tundra,53946.51,5.84,Completed
286371,17,2017-09-21,Corolla,20258.5,4.51,Completed
286372,14,2017-09-13,RAV4,47437.21,5.1,Completed
286373,11,2017-09-23,Tundra,36673.85,4.16,Completed
286374,20,2017-09-30,Camry,38066.32,5.77,Completed
286375,12,2017-09-01,Highlander,65548.83,5.65,Completed
286376,10,2017-09-16,Tundra,39085.0,4.88,Completed
286377,3,2017-09-05,Highlander,62578.09,5.69,Completed
286378,15,2017-09-12,Prius,30625.46,4.86,Completed
286379,10,2017-09-23,Tundra,37869.89,4.88,Completed
286380,13,2017-09-20,Highlander,62325.41,5.61,Completed
286381,11,2017-09-04,RAV4,35186.32,4.16,Completed
286382,5,2017-09-10,Tacoma,39052.68,5.34,Completed
286383,19,2017-09-07,Tacoma,40255.56,5.48,Completed
286384,15,2017-09-09,Sienna,50453.55,4.86,Completed
286385,10,2017-09-04,Tacoma,34404.07,4.88,Completed
286386,20,2017-09-16,RAV4,47846.49,5.77,Completed
286387,16,2017-09-10,Corolla,28706.6,6.06,Completed
286388,2,2017-09-09,Prius,24417.58,4.0,Completed
286389,2,2017-09-29,Tacoma,34816.53,4.0,Cancelled
286390,11,2017-09-18,RAV4,34710.77,4.16,Completed
286391,11,2017-09-03,Corolla,20067.95,4.16,Completed
286392,13,2017-09-26,Tundra,57016.95,5.61,Completed
286393,9,2017-09-11,Camry,30608.97,4.4,Completed
286394,2,2017-09-05,Highlander,44519.8,4.0,Completed
286395,16,2017-09-27,Highlander,63600.21,6.06,Completed
286396,20,2017-09-11,RAV4,45575.66,5.77,Completed
286397,8,2017-09-11,RAV4,49101.42,5.84,Completed
286398,2,2017-09-21,Prius,24673.91,4.0,Completed
286399,16,2017-09-06,Tundra,48279.93,6.06,Completed
286400,19,2017-09-17,Corolla,23223.25,5.48,Completed
286401,3,2017-09-14,Prius,36701.49,5.69,Completed
286402,6,2017-09-10,Tundra,36271.06,3.86,Completed
286403,2,2017-09-05,Corolla,23430.51,4.0,Completed
286404,15,2017-09-05,Tacoma,45915.76,4.86,Completed
286405,8,2017-09-23,Sienna,51462.5,5.84,Cancelled
286406,14,2017-09-10,Tacoma,37672.16,5.1,Completed
286407,9,2017-09-05,RAV4,32093.09,4.4,Completed
286408,3,2017-09-15,Sienna,55326.66,5.69,Completed
286409,5,2017-09-20,Sienna,43362.01,5.34,Completed
286410,19,2017-09-27,Camry,34925.92,5.48,Completed
286411,16,2017-09-10,Prius,31373.85,6.06,Completed
286412,16,2017-09-01,Sienna,52361.12,6.06,Completed
286413,20,2017-09-16,RAV4,48091.04,5.77,Completed
286414,18,2017-09-23,Camry,45474.16,5.68,Completed
286415,20,2017-09-27,Sienna,50760.12,5.77,Completed
286416,4,2017-09-17,Tundra,37013.25,3.81,Completed
286417,7,2017-09-25,Sienna,49218.16,5.39,Completed
286418,6,2017-09-03,RAV4,31051.82,3.86,Completed
286419,20,2017-09-20,Camry,36851.53,5.77,Completed
286420,19,2017-09-10,Corolla,24471.94,5.48,Completed
286421,7,2017-09-27,Highlander,69470.92,5.39,Completed
286422,12,2017-09-12,RAV4,44536.34,5.65,Completed
286423,3,2017-09-23,Highlander,63872.34,5.69,Completed
286424,19,2017-09-03,Camry,33758.41,5.48,Completed
286425,14,2017-09-25,Camry,34186.65,5.1,Completed
286426,7,2017-09-08,Corolla,31699.18,5.39,Completed
286427,20,2017-09-27,Highlander,63086.1,5.77,Completed
286428,18,2017-09-25,Prius,38637.02,5.68,Pending
286429,16,2017-09-13,Tundra,46499.65,6.06,Completed
286430,2,2017-09-29,Tundra,38209.57,4.0,Completed
286431,1,2017-09-04,Prius,27171.75,5.24,Completed
286432,14,2017-09-03,Tacoma,43966.12,5.1,Completed
286433,9,2017-09-27,Sienna,33010.93,4.4,Completed
286434,13,2017-09-06,Tacoma,47939.81,5.61,Pending
286435,14,2017-09-14,Sienna,49740.25,5.1,Completed
286436,9,2017-09-12,Camry,29393.01,4.4,Completed
286437,6,2017-09-17,Prius,24220.72,3.86,Completed
286438,2,2017-09-19,RAV4,37451.65,4.0,Completed
286439,15,2017-09-20,Tundra,49834.6,4.86,Completed
286440,4,2017-09-26,Tundra,38031.16,3.81,Completed
286441,2,2017-09-03,Sienna,39243.42,4.0,Completed
286442,20,2017-09-27,Sienna,45801.16,5.77,Completed
286443,6,2017-09-05,Corolla,19889.79,3.86,Completed
286444,17,2017-09-28,Prius,20742.66,4.51,Completed
286445,2,2017-09-18,Sienna,35441.01,4.0,Completed
286446,7,2017-09-16,Prius,35160.8,5.39,Completed
286447,11,2017-09-17,Corolla,19238.34,4.16,Completed
286448,2,2017-09-19,Prius,25507.45,4.0,Completed
286449,9,2017-09-26,Corolla,21533.12,4.4,Completed
286450,6,2017-09-17,RAV4,34855.77,3.86,Completed
286451,19,2017-09-27,Prius,27846.42,5.48,Completed
286452,3,2017-09-05,Tacoma,44247.87,5.69,Completed
286453,6,2017-09-17,Tundra,36633.5,3.86,Completed
286454,10,2017-09-06,Highlander,43647.95,4.88,Completed
286455,6,2017-09-11,Prius,22457.43,3.86,Completed
286456,15,2017-09-09,Camry,36572.22,4.86,Completed
286457,14,2017-09-04,Tundra,43804.41,5.1,Completed
286458,12,2017-09-21,Tundra,49197.19,5.65,Completed
286459,8,2017-09-22,Prius,35581.22,5.84,Completed
286460,9,2017-09-08,Prius,25331.1,4.4,Completed
286461,2,2017-09-24,Corolla,21594.24,4.0,Completed
286462,5,2017-09-09,Corolla,26197.17,5.34,Completed
286463,14,2017-09-11,Sienna,51818.0,5.1,Completed
286464,6,2017-09-28,Tundra,35298.76,3.86,Completed
286465,3,2017-09-18,Camry,44101.34,5.69,Pending
286466,7,2017-09-18,Corolla,29241.83,5.39,Completed
286467,5,2017-09-01,Prius,28027.67,5.34,Completed
286468,6,2017-09-09,RAV4,33143.34,3.86,Completed
286469,14,2017-09-27,Tacoma,39483.93,5.1,Completed
286470,19,2017-09-23,Sienna,40229.14,5.48,Completed
286471,15,2017-09-09,Camry,38712.68,4.86,Cancelled
286472,16,2017-09-24,RAV4,51162.6,6.06,Completed
286473,6,2017-09-26,Tundra,38361.33,3.86,Completed
286474,11,2017-09-11,Tundra,36074.61,4.16,Completed
286475,12,2017-09-30,Camry,37589.8,5.65,Completed
286476,12,2017-09-30,Prius,30498.41,5.65,Completed
286477,11,2017-09-01,Camry,29702.37,4.16,Completed
286478,2,2017-09-13,Tacoma,31941.4,4.0,Completed
286479,20,2017-09-05,Prius,30385.62,5.77,Completed
286480,19,2017-09-19,Tacoma,39276.55,5.48,Completed
286481,8,2017-09-18,Camry,38377.8,5.84,Completed
286482,12,2017-09-16,Prius,33854.01,5.65,Completed
286483,12,2017-09-11,RAV4,47714.73,5.65,Completed
286484,7,2017-09-01,Tacoma,40191.43,5.39,Completed
286485,14,2017-09-05,Prius,30199.84,5.1,Completed
286486,8,2017-09-30,Prius,32704.88,5.84,Completed
286487,2,2017-09-18,Tacoma,32923.95,4.0,Completed
286488,13,2017-09-14,Highlander,69968.05,5.61,Completed
286489,14,2017-09-28,Highlander,59855.29,5.1,Completed
286490,2,2017-09-26,Highlander,46091.32,4.0,Cancelled
286491,12,2017-09-21,RAV4,42076.49,5.65,Completed
286492,14,2017-09-04,RAV4,46732.28,5.1,Completed
286493,16,2017-09-29,Highlander,72176.26,6.06,Completed
286494,20,2017-09-21,Corolla,28018.87,5.77,Completed
286495,16,2017-09-15,Sienna,54084.79,6.06,Completed
286496,18,2017-09-25,Prius,32784.8,5.68,Completed
286497,9,2017-09-15,Corolla,21845.24,4.4,Completed
286498,17,2017-09-17,Sienna,38594.74,4.51,Completed
286499,16,2017-09-28,Prius,32285.65,6.06,Completed
286500,3,2017-09-19,RAV4,51532.64,5.69,Completed
286501,15,2017-09-09,Tacoma,38754.67,4.86,Completed
286502,15,2017-09-07,Camry,37353.69,4.86,Completed
286503,7,2017-09-22,Sienna,53682.97,5.39,Completed
286504,15,2017-09-11,Tacoma,39584.48,4.86,Completed
286505,19,2017-09-10,RAV4,42664.43,5.48,Completed
286506,4,2017-09-04,Tundra,34127.84,3.81,Completed
286507,20,2017-09-13,Highlander,67056.52,5.77,Completed
286508,15,2017-09-04,Corolla,29351.77,4.86,Completed
286509,19,2017-09-21,Tacoma,34114.55,5.48,Completed
286510,12,2017-09-29,Sienna,46071.86,5.65,Completed
286511,13,2017-09-25,Highlander,66392.6,5.61,Completed
286512,5,2017-09-07,Tacoma,36605.96,5.34,Completed
286513,14,2017-09-11,Tundra,47054.87,5.1,Completed
286514,6,2017-09-05,Highlander,42089.18,3.86,Completed
286515,14,2017-09-27,RAV4,45081.24,5.1,Completed
286516,8,2017-09-09,RAV4,50290.89,5.84,Completed
286517,5,2017-09-27,Camry,33702.79,5.34,Completed
286518,16,2017-09-11,Camry,39940.05,6.06,Cancelled
286519,19,2017-09-11,Corolla,27138.06,5.48,Completed
286520,5,2017-09-26,Prius,28022.39,5.34,Completed
286521,19,2017-09-17,Tacoma,39364.66,5.48,Completed
286522,1,2017-09-09,Sienna,40725.38,5.24,Completed
286523,8,2017-09-30,RAV4,41819.65,5.84,Completed
286524,6,2017-09-10,Camry,26891.85,3.86,Completed
286525,5,2017-09-26,RAV4,36126.36,5.34,Completed
286526,15,2017-09-13,Tundra,44836.18,4.86,Completed
286527,3,2017-09-16,Corolla,32280.97,5.69,Completed
286528,17,2017-09-07,Highlander,44610.19,4.51,Completed
286529,9,2017-09-27,Camry,30712.28,4.4,Completed
286530,9,2017-09-16,RAV4,33299.62,4.4,Completed
286531,1,2017-09-19,RAV4,38690.53,5.24,Completed
286532,20,2017-09-03,Prius,32300.72,5.77,Completed
286533,14,2017-09-19,Sienna,47210.05,5.1,Completed
286534,1,2017-09-03,Tacoma,33808.52,5.24,Completed
286535,8,2017-09-21,RAV4,41303.69,5.84,Completed
286536,8,2017-09-12,RAV4,41983.2,5.84,Completed
286537,1,2017-09-12,Camry,34806.4,5.24,Completed
286538,17,2017-09-13,Tundra,38161.63,4.51,Completed
286539,1,2017-09-12,Highlander,58107.81,5.24,Completed
286540,6,2017-09-06,Sienna,36217.09,3.86,Completed
286541,4,2017-09-17,Tundra,37710.82,3.81,Pending
286542,20,2017-09-23,Prius,30487.81,5.77,Completed
286543,15,2017-09-26,Tacoma,42970.0,4.86,Completed
286544,10,2017-09-27,Tacoma,33343.82,4.88,Completed
286545,2,2017-09-29,Camry,30915.09,4.0,Completed
286546,4,2017-09-30,Tacoma,28755.76,3.81,Completed
286547,8,2017-09-28,Tundra,50946.82,5.84,Pending
286548,20,2017-09-27,Sienna,53856.74,5.77,Completed
286549,10,2017-09-03,Camry,26494.98,4.88,Completed
286550,20,2017-09-10,Camry,38614.99,5.77,Completed
286551,3,2017-09-05,Tundra,50097.44,5.69,Completed
286552,6,2017-09-21,Camry,26328.49,3.86,Completed
286553,3,2017-09-14,Tundra,52371.06,5.69,Completed
286554,14,2017-09-15,Camry,37069.23,5.1,Completed
286555,13,2017-09-09,Sienna,54516.9,5.61,Completed
286556,16,2017-09-18,RAV4,46815.25,6.06,Completed
286557,1,2017-09-23,Sienna,38251.59,5.24,Completed
286558,15,2017-09-03,Corolla,30533.73,4.86,Completed
286559,16,2017-09-13,Sienna,51581.87,6.06,Completed
286560,13,2017-09-06,RAV4,47380.06,5.61,Completed
286561,1,2017-09-20,Highlander,57855.41,5.24,Completed
286562,3,2017-09-02,Sienna,56858.76,5.69,Completed
286563,15,2017-09-09,Camry,42151.61,4.86,Completed
286564,10,2017-09-13,Camry,26754.85,4.88,Completed
286565,6,2017-09-20,Tundra,35371.56,3.86,Completed
286566,15,2017-09-27,Prius,31323.37,4.86,Completed
286567,4,2017-09-04,Tundra,31712.68,3.81,Completed
286568,4,2017-09-26,Corolla,18512.67,3.81,Completed
286569,3,2017-09-26,Sienna,49314.41,5.69,Completed
286570,20,2017-09-02,Corolla,28312.01,5.77,Completed
286571,10,2017-09-24,Prius,22273.48,4.88,Completed
286572,11,2017-09-17,Corolla,20526.69,4.16,Completed
286573,16,2017-09-20,Highlander,67303.33,6.06,Completed
286574,9,2017-09-26,Sienna,33705.15,4.4,Completed
286575,19,2017-09-09,Sienna,44481.09,5.48,Completed
286576,10,2017-09-28,Tundra,35060.14,4.88,Completed
286577,16,2017-09-16,RAV4,42640.89,6.06,Completed
286578,7,2017-09-22,Prius,36348.22,5.39,Completed
286579,20,2017-09-16,Corolla,27352.36,5.77,Completed
286580,19,2017-09-30,Sienna,46657.86,5.48,Completed
286581,12,2017-09-23,Highlander,68184.11,5.65,Completed
286582,5,2017-09-29,Corolla,23476.12,5.34,Completed
286583,17,2017-09-17,Prius,22390.7,4.51,Completed
286584,13,2017-09-25,Highlander,61394.15,5.61,Completed
286585,20,2017-09-07,Tundra,48444.13,5.77,Completed
286586,17,2017-09-17,Camry,26344.48,4.51,Completed
286587,19,2017-09-15,RAV4,40102.5,5.48,Completed
286588,4,2017-09-04,Sienna,33487.31,3.81,Completed
286589,2,2017-09-24,Sienna,38675.65,4.0,Completed
286590,7,2017-09-23,Sienna,50189.02,5.39,Completed
286591,14,2017-09-09,Corolla,27973.05,5.1,Completed
286592,17,2017-09-22,RAV4,29647.59,4.51,Completed
286593,17,2017-09-11,Corolla,22138.43,4.51,Completed
286594,4,2017-09-16,Corolla,21049.63,3.81,Completed
286595,9,2017-09-09,Sienna,38172.23,4.4,Completed
286596,7,2017-09-27,Highlander,68720.38,5.39,Completed
286597,5,2017-09-15,Tacoma,34222.37,5.34,Completed
286598,15,2017-09-16,Sienna,51494.83,4.86,Completed
286599,16,2017-09-30,Sienna,55169.23,6.06,Completed
286600,13,2017-09-08,Highlander,65311.8,5.61,Completed
286601,11,2017-09-03,Camry,30651.21,4.16,Completed
286602,19,2017-09-24,RAV4,41104.69,5.48,Completed
286603,9,2017-09-09,Prius,22391.1,4.4,Completed
286604,11,2017-09-19,Sienna,38985.56,4.16,Completed
286605,12,2017-09-24,Highlander,67527.27,5.65,Completed
286606,16,2017-09-24,RAV4,42778.44,6.06,Completed
286607,12,2017-09-21,Corolla,25806.86,5.65,Completed
286608,13,2017-09-19,Tacoma,42840.4,5.61,Cancelled
286609,3,2017-09-21,RAV4,45052.57,5.69,Completed
286610,6,2017-09-20,Tundra,36399.43,3.86,Completed
286611,15,2017-09-17,RAV4,41753.21,4.86,Completed
286612,2,2017-09-02,Camry,28192.2,4.0,Completed
286613,4,2017-09-07,Prius,24547.51,3.81,Completed
286614,9,2017-09-27,Camry,27674.96,4.4,Completed
286615,17,2017-09-08,Camry,26718.18,4.51,Completed
286616,4,2017-09-26,Prius,22387.53,3.81,Completed
286617,10,2017-09-03,Camry,26767.64,4.88,Completed
286618,13,2017-09-15,Sienna,51484.37,5.61,Completed
286619,9,2017-09-18,Sienna,33247.96,4.4,Completed
286620,19,2017-09-30,Corolla,23942.11,5.48,Completed
286621,3,2017-09-07,Highlander,61995.68,5.69,Completed
286622,11,2017-09-15,Camry,28852.41,4.16,Completed
286623,12,2017-09-12,Tundra,51939.32,5.65,Completed
286624,16,2017-09-22,Prius,32699.51,6.06,Completed
286625,4,2017-09-24,Prius,24272.89,3.81,Cancelled
286626,20,2017-09-26,RAV4,47935.34,5.77,Completed
286627,19,2017-09-17,Highlander,55864.97,5.48,Completed
286628,10,2017-09-09,Tacoma,34617.37,4.88,Completed
286629,17,2017-09-01,Camry,27397.82,4.51,Completed
286630,6,2017-09-05,Highlander,48915.0,3.86,Completed
286631,16,2017-09-23,Prius,30884.11,6.06,Completed
286632,15,2017-09-20,Tacoma,41837.92,4.86,Cancelled
286633,7,2017-09-29,Sienna,46582.4,5.39,Completed
286634,1,2017-09-04,Prius,26421.52,5.24,Completed
286635,13,2017-09-27,Corolla,31248.79,5.61,Completed
286636,13,2017-09-02,Highlander,63333.3,5.61,Completed
286637,14,2017-09-27,Tacoma,42586.91,5.1,Completed
286638,12,2017-09-14,Corolla,28345.15,5.65,Completed
286639,20,2017-09-17,Corolla,31332.96,5.77,Completed
286640,17,2017-09-02,Highlander,47208.37,4.51,Completed
286641,8,2017-09-11,Camry,35658.54,5.84,Completed
286642,16,2017-09-28,Tundra,53433.53,6.06,Completed
286643,13,2017-09-27,Highlander,73487.42,5.61,Completed
286644,2,2017-09-08,Highlander,45725.25,4.0,Completed
286645,18,2017-09-12,Corolla,28396.17,5.68,Completed
286646,6,2017-09-16,RAV4,30585.48,3.86,Completed
286647,17,2017-09-10,Highlander,41946.77,4.51,Completed
286648,19,2017-09-04,RAV4,37768.14,5.48,Cancelled
286649,18,2017-09-26,Camry,45503.54,5.68,Completed
286650,6,2017-09-07,Tacoma,29737.24,3.86,Completed
286651,4,2017-09-18,Camry,29317.79,3.81,Completed
286652,1,2017-09-15,Highlander,48554.0,5.24,Completed
286653,19,2017-09-16,Highlander,51832.41,5.48,Completed
286654,8,2017-09-03,Tundra,53763.47,5.84,Completed
286655,18,2017-09-01,Camry,44536.69,5.68,Completed
286656,1,2017-09-21,Highlander,48369.56,5.24,Completed
286657,15,2017-09-06,Corolla,26599.87,4.86,Completed
286658,15,2017-09-22,Sienna,53059.2,4.86,Completed
286659,19,2017-09-30,Prius,30310.81,5.48,Completed
286660,15,2017-09-19,Tundra,51908.82,4.86,Completed
286661,9,2017-09-30,RAV4,34735.25,4.4,Completed
286662,20,2017-09-22,Highlander,66313.09,5.77,Completed
286663,15,2017-09-19,Tundra,49547.78,4.86,Completed
286664,8,2017-09-13,Camry,42103.79,5.84,Completed
286665,15,2017-09-06,Sienna,51023.99,4.86,Completed
286666,13,2017-09-26,Highlander,67933.07,5.61,Completed
286667,16,2017-09-06,Corolla,29985.5,6.06,Completed
286668,2,2017-09-10,Tundra,36506.96,4.0,Completed
286669,15,2017-09-03,Corolla,28034.27,4.86,Completed
286670,8,2017-09-08,RAV4,47085.7,5.84,Completed
286671,2,2017-09-05,Camry,29309.36,4.0,Completed
286672,6,2017-09-15,RAV4,33421.9,3.86,Cancelled
286673,13,2017-09-12,Sienna,49150.95,5.61,Completed
286674,16,2017-09-06,Tacoma,45660.66,6.06,Completed
286675,12,2017-09-09,Highlander,63173.27,5.65,Completed
286676,2,2017-09-03,RAV4,38511.62,4.0,Completed
286677,18,2017-09-25,RAV4,44814.09,5.68,Completed
286678,2,2017-09-15,Sienna,37624.45,4.0,Completed
286679,19,2017-09-29,Sienna,44511.76,5.48,Completed
286680,16,2017-09-03,Tacoma,41287.66,6.06,Completed
286681,2,2017-09-23,Prius,24205.49,4.0,Completed
286682,8,2017-09-09,Tundra,47601.52,5.84,Completed
286683,17,2017-09-11,Prius,21841.3,4.51,Pending
286684,8,2017-09-28,Corolla,27144.1,5.84,Completed
286685,14,2017-09-26,Corolla,28164.64,5.1,Completed
286686,12,2017-09-04,Camry,35711.33,5.65,Completed
286687,6,2017-09-10,Highlander,43097.14,3.86,Completed
286688,15,2017-09-29,Corolla,31145.18,4.86,Completed
286689,3,2017-09-20,Corolla,32719.57,5.69,Completed
286690,7,2017-09-08,Camry,41658.96,5.39,Completed
286691,19,2017-09-20,Prius,31157.57,5.48,Completed
286692,16,2017-09-30,Highlander,59644.48,6.06,Completed
286693,1,2017-09-01,Corolla,24621.63,5.24,Completed
286694,3,2017-09-24,RAV4,51911.44,5.69,Completed
286695,16,2017-09-27,Prius,36465.27,6.06,Completed
286696,2,2017-09-23,Highlander,46295.17,4.0,Completed
286697,3,2017-09-27,Camry,38595.8,5.69,Completed
286698,9,2017-09-19,RAV4,31800.67,4.4,Completed
286699,11,2017-09-17,Prius,23361.62,4.16,Completed
286700,20,2017-09-11,Camry,42446.45,5.77,Completed
286701,10,2017-09-15,Camry,30291.38,4.88,Completed
286702,12,2017-09-09,Tacoma,45215.48,5.65,Completed
286703,1,2017-09-24,Camry,31085.15,5.24,Completed
286704,14,2017-09-17,Camry,40424.39,5.1,Completed
286705,16,2017-09-30,Prius,35655.04,6.06,Completed
286706,1,2017-09-15,Corolla,23479.97,5.24,Completed
286707,3,2017-09-06,Tacoma,40620.41,5.69,Completed
286708,18,2017-09-07,Highlander,75333.52,5.68,Completed
286709,16,2017-09-14,Camry,43773.48,6.06,Completed
286710,20,2017-09-27,RAV4,43627.96,5.77,Completed
286711,1,2017-09-03,Tundra,42237.76,5.24,Completed
286712,5,2017-09-24,Tundra,45988.5,5.34,Completed
286713,20,2017-09-02,Highlander,68969.19,5.77,Completed
286714,5,2017-09-18,Prius,27430.51,5.34,Completed
286715,9,2017-09-09,Corolla,22057.65,4.4,Completed
286716,3,2017-09-05,Prius,33811.38,5.69,Completed
286717,7,2017-09-23,Highlander,59372.77,5.39,Completed
286718,11,2017-09-19,Tundra,37688.3,4.16,Completed
286719,6,2017-09-29,Corolla,21920.23,3.86,Completed
286720,6,2017-09-26,RAV4,33169.59,3.86,Completed
286721,7,2017-09-25,Sienna,50459.53,5.39,Completed
286722,12,2017-09-18,Tacoma,41091.85,5.65,Completed
286723,2,2017-09-19,Camry,30862.8,4.0,Completed
286724,7,2017-09-22,Corolla,29424.02,5.39,Pending
286725,2,2017-09-01,RAV4,33416.36,4.0,Completed
286726,2,2017-09-25,Camry,29274.45,4.0,Completed
286727,15,2017-09-25,Sienna,48111.97,4.86,Completed
286728,16,2017-09-17,Tacoma,43582.79,6.06,Completed
286729,17,2017-09-23,RAV4,34856.61,4.51,Completed
286730,20,2017-09-16,Prius,30832.73,5.77,Completed
286731,5,2017-09-12,Sienna,40527.69,5.34,Completed
286732,11,2017-09-22,Corolla,20423.2,4.16,Pending
286733,6,2017-09-18,Prius,21459.23,3.86,Completed
286734,13,2017-09-24,Sienna,47736.54,5.61,Completed
286735,15,2017-09-23,Corolla,30289.39,4.86,Completed
286736,17,2017-09-14,Prius,22021.53,4.51,Completed
286737,18,2017-09-15,Corolla,29592.32,5.68,Pending
286738,1,2017-09-11,Prius,26227.24,5.24,Completed
286739,12,2017-09-07,RAV4,48201.25,5.65,Completed
286740,14,2017-09-10,Corolla,25281.79,5.1,Completed
286741,3,2017-09-16,Tacoma,44971.5,5.69,Completed
286742,8,2017-09-20,Prius,32300.49,5.84,Completed
286743,2,2017-09-14,Corolla,20252.29,4.0,Pending
286744,17,2017-09-08,RAV4,30534.59,4.51,Completed
286745,3,2017-09-16,RAV4,47963.32,5.69,Completed
286746,20,2017-09-16,Tundra,49586.1,5.77,Completed
286747,18,2017-09-18,Prius,31913.49,5.68,Completed
286748,8,2017-09-08,Camry,37155.99,5.84,Completed
286749,1,2017-09-29,Corolla,24054.71,5.24,Completed
286750,6,2017-09-07,Corolla,20834.58,3.86,Completed
286751,9,2017-09-20,Camry,29946.72,4.4,Completed
286752,1,2017-09-13,Camry,32664.45,5.24,Completed
286753,18,2017-09-19,Camry,39542.61,5.68,Completed
286754,5,2017-09-20,Tacoma,38234.92,5.34,Completed
286755,6,2017-09-25,Camry,28929.12,3.86,Completed
286756,19,2017-09-21,Camry,31582.88,5.48,Completed
286757,7,2017-09-29,Tacoma,46155.52,5.39,Completed
286758,10,2017-09-17,Sienna,37164.51,4.88,Completed
286759,12,2017-09-28,RAV4,41700.46,5.65,Completed
286760,7,2017-09-08,Sienna,48246.7,5.39,Completed
286761,16,2017-09-29,Sienna,51748.64,6.06,Completed
286762,7,2017-09-28,Corolla,29313.25,5.39,Completed
286763,9,2017-09-28,Tundra,38190.6,4.4,Completed
286764,18,2017-09-13,Highlander,75311.77,5.68,Completed
286765,14,2017-09-02,Camry,36623.94,5.1,Completed
286766,20,2017-09-22,Tacoma,42825.48,5.77,Completed
286767,2,2017-09-08,RAV4,31641.16,4.0,Completed
286768,2,2017-09-13,Camry,29002.91,4.0,Completed
286769,17,2017-09-16,Highlander,46368.88,4.51,Pending
286770,11,2017-09-12,RAV4,33611.71,4.16,Completed
286771,4,2017-09-12,RAV4,31785.96,3.81,Completed
286772,19,2017-09-02,Prius,26735.07,5.48,Completed
286773,16,2017-09-30,Tundra,54374.13,6.06,Completed
286774,1,2017-09-28,Tacoma,32151.08,5.24,Completed
286775,11,2017-09-30,Tacoma,29856.8,4.16,Completed
286776,3,2017-09-13,Prius,33726.19,5.69,Completed
286777,18,2017-09-24,RAV4,50560.55,5.68,Completed
286778,5,2017-09-29,Tacoma,38272.52,5.34,Completed
286779,11,2017-09-28,Tacoma,28020.77,4.16,Completed
286780,11,2017-09-28,Camry,30446.26,4.16,Completed
286781,13,2017-09-14,Prius,36776.73,5.61,Completed
286782,13,2017-09-29,Corolla,28844.18,5.61,Completed
286783,5,2017-09-01,RAV4,36659.33,5.34,Completed
286784,2,2017-09-10,RAV4,32658.83,4.0,Completed
286785,17,2017-09-16,Camry,26668.03,4.51,Completed
286786,10,2017-09-10,Camry,30643.89,4.88,Completed
286787,1,2017-09-28,Highlander,48376.43,5.24,Completed
286788,20,2017-09-13,Corolla,28101.53,5.77,Completed
286789,2,2017-09-10,Camry,32390.49,4.0,Completed
286790,19,2017-09-02,Tundra,42397.23,5.48,Completed
286791,12,2017-09-11,Camry,37872.93,5.65,Completed
286792,18,2017-09-07,RAV4,49414.34,5.68,Completed
286793,3,2017-09-15,Sienna,47869.12,5.69,Completed
286794,4,2017-09-30,Tundra,32535.5,3.81,Completed
286795,11,2017-09-15,Sienna,39380.69,4.16,Completed
286796,9,2017-09-27,Prius,23707.98,4.4,Cancelled
286797,1,2017-09-21,Tundra,41198.43,5.24,Completed
286798,12,2017-09-16,Corolla,29336.58,5.65,Completed
286799,6,2017-09-09,Tundra,38344.68,3.86,Completed
286800,3,2017-09-08,Prius,36395.56,5.69,Completed
286801,12,2017-09-06,Tacoma,38074.41,5.65,Completed
286802,6,2017-09-10,Corolla,21213.13,3.86,Completed
286803,10,2017-09-17,Tundra,37437.84,4.88,Completed
286804,19,2017-09-11,Camry,31387.84,5.48,Completed
286805,13,2017-09-21,Prius,36631.0,5.61,Completed
286806,16,2017-09-17,Sienna,51311.05,6.06,Completed
286807,15,2017-09-24,Camry,41085.74,4.86,Completed
286808,4,2017-09-23,RAV4,32659.38,3.81,Completed
286809,12,2017-09-21,Corolla,28266.18,5.65,Completed
286810,14,2017-09-08,RAV4,44757.42,5.1,Completed
286811,19,2017-09-11,Prius,30043.86,5.48,Completed
286812,10,2017-09-30,Tundra,35775.6,4.88,Completed
286813,20,2017-09-03,Camry,41833.73,5.77,Completed
286814,19,2017-09-17,Sienna,42387.7,5.48,Completed
286815,2,2017-09-20,RAV4,37210.45,4.0,Completed
286816,20,2017-09-18,Tundra,54936.98,5.77,Completed
286817,3,2017-09-15,Tundra,52875.76,5.69,Cancelled
286818,9,2017-09-28,Tundra,33591.52,4.4,Cancelled
286819,1,2017-09-07,Corolla,26127.89,5.24,Completed
286820,13,2017-09-28,Tundra,52848.32,5.61,Pending
286821,20,2017-09-24,Tundra,52036.17,5.77,Completed
286822,9,2017-09-23,Sienna,38628.99,4.4,Completed
286823,1,2017-09-25,Tundra,39142.11,5.24,Completed
286824,15,2017-09-02,Tundra,45375.64,4.86,Completed
286825,14,2017-09-20,Tacoma,37753.55,5.1,Completed
286826,19,2017-09-10,Tacoma,34938.09,5.48,Completed
286827,2,2017-09-03,Tundra,36318.78,4.0,Completed
286828,15,2017-09-15,Tundra,48244.63,4.86,Completed
286829,1,2017-09-16,Corolla,25791.21,5.24,Completed
286830,16,2017-09-15,RAV4,46647.04,6.06,Completed
286831,7,2017-09-09,Corolla,28512.55,5.39,Completed
286832,3,2017-09-24,Tundra,52627.31,5.69,Completed
286833,3,2017-09-28,Highlander,68784.49,5.69,Completed
286834,9,2017-09-02,RAV4,35540.02,4.4,Completed
286835,20,2017-09-14,Sienna,47033.44,5.77,Completed
286836,19,2017-09-17,Prius,31246.07,5.48,Completed
286837,10,2017-09-03,RAV4,33281.95,4.88,Completed
286838,6,2017-09-18,Tacoma,29871.98,3.86,Completed
286839,7,2017-09-24,Highlander,66151.0,5.39,Completed
286840,14,2017-09-01,RAV4,43491.25,5.1,Completed
286841,4,2017-09-27,Prius,21647.83,3.81,Completed
286842,17,2017-09-06,Highlander,47959.64,4.51,Completed
286843,13,2017-09-16,Tundra,56529.62,5.61,Completed
286844,12,2017-09-26,Tacoma,41859.24,5.65,Completed
286845,12,2017-09-18,RAV4,46154.79,5.65,Completed
286846,2,2017-09-26,Prius,26264.95,4.0,Completed
286847,2,2017-09-11,Tundra,40815.84,4.0,Completed
286848,18,2017-09-15,Tacoma,48276.43,5.68,Completed
286849,3,2017-09-16,Tacoma,42087.11,5.69,Completed
286850,4,2017-09-10,Prius,22568.61,3.81,Completed
286851,17,2017-09-15,Prius,23555.18,4.51,Completed
286852,18,2017-09-16,Camry,42639.23,5.68,Cancelled
286853,19,2017-09-19,Sienna,40458.13,5.48,Completed
286854,10,2017-09-17,Tundra,40943.98,4.88,Completed
286855,7,2017-09-15,Sienna,49484.86,5.39,Completed
286856,8,2017-09-05,Tacoma,40675.91,5.84,Completed
286857,4,2017-09-20,Tacoma,26348.48,3.81,Completed
286858,19,2017-09-10,Highlander,57141.41,5.48,Completed
286859,18,2017-09-01,Highlander,70626.01,5.68,Pending
286860,20,2017-09-06,Sienna,46861.37,5.77,Completed
286861,8,2017-09-30,Camry,37798.54,5.84,Completed
286862,10,2017-09-23,Prius,24575.6,4.88,Completed
286863,17,2017-09-27,Tundra,38058.8,4.51,Completed
286864,9,2017-09-03,Tundra,39078.27,4.4,Completed
286865,12,2017-09-12,Corolla,30021.62,5.65,Completed
286866,17,2017-09-12,Prius,21737.82,4.51,Completed
286867,11,2017-09-18,Camry,28193.5,4.16,Completed
286868,19,2017-09-02,Prius,26590.15,5.48,Completed
286869,3,2017-09-21,Tundra,48329.97,5.69,Completed
286870,13,2017-09-09,Highlander,73448.91,5.61,Completed
286871,18,2017-09-19,Corolla,31495.84,5.68,Completed
286872,6,2017-09-14,Tundra,33999.63,3.86,Completed
286873,15,2017-09-01,Corolla,31216.84,4.86,Completed
286874,19,2017-09-25,Sienna,44262.91,5.48,Completed
286875,11,2017-09-12,Camry,27781.56,4.16,Completed
286876,7,2017-09-02,Prius,36484.28,5.39,Completed
286877,7,2017-09-07,Sienna,49389.42,5.39,Completed
286878,3,2017-09-07,Tacoma,47966.15,5.69,Completed
286879,14,2017-09-14,RAV4,44603.43,5.1,Completed
286880,14,2017-09-02,Corolla,29092.56,5.1,Completed
286881,2,2017-09-08,Highlander,45482.66,4.0,Completed
286882,2,2017-09-25,Camry,29367.35,4.0,Completed
286883,6,2017-09-13,Sienna,37765.37,3.86,Completed
286884,19,2017-09-03,Highlander,59212.03,5.48,Completed
286885,3,2017-09-06,Corolla,31626.32,5.69,Completed
286886,13,2017-09-16,Tacoma,47748.02,5.61,Completed
286887,19,2017-09-30,Camry,35141.24,5.48,Completed
286888,15,2017-09-24,Prius,33744.82,4.86,Completed
286889,8,2017-09-11,Corolla,30414.56,5.84,Completed
286890,5,2017-09-21,Sienna,42420.36,5.34,Completed
286891,12,2017-09-09,Tacoma,37712.6,5.65,Completed
286892,4,2017-09-29,Tacoma,30675.05,3.81,Completed
286893,11,2017-09-29,Tacoma,28035.19,4.16,Completed
286894,19,2017-09-27,Tacoma,38484.79,5.48,Completed
286895,4,2017-09-06,Sienna,34223.56,3.81,Completed
286896,3,2017-09-14,Prius,35661.3,5.69,Completed
286897,8,2017-09-06,Highlander,66088.46,5.84,Completed
286898,14,2017-09-04,Tundra,46177.43,5.1,Completed
286899,5,2017-09-20,Camry,32502.68,5.34,Completed
286900,1,2017-09-23,Tundra,42404.56,5.24,Completed
286901,19,2017-09-11,Camry,30889.92,5.48,Completed
286902,9,2017-09-04,Highlander,42148.9,4.4,Completed
286903,9,2017-09-18,RAV4,35803.83,4.4,Completed
286904,5,2017-09-01,Sienna,43047.72,5.34,Completed
286905,7,2017-09-16,Camry,36312.5,5.39,Completed
286906,8,2017-09-22,Camry,36971.8,5.84,Completed
286907,17,2017-09-17,RAV4,30172.2,4.51,Completed
286908,12,2017-09-09,RAV4,42813.59,5.65,Completed
286909,13,2017-09-22,RAV4,47594.2,5.61,Completed
286910,17,2017-09-18,Highlander,45850.32,4.51,Completed
286911,11,2017-09-23,RAV4,33141.48,4.16,Completed
286912,4,2017-09-15,Tundra,37932.15,3.81,Completed
286913,7,2017-09-12,Tacoma,39374.39,5.39,Completed
286914,19,2017-09-18,Tacoma,33427.9,5.48,Completed
286915,7,2017-09-28,Prius,31901.42,5.39,Completed
286916,8,2017-09-17,Corolla,27809.74,5.84,Completed
286917,11,2017-09-10,Highlander,43262.95,4.16,Completed
286918,12,2017-09-28,Tundra,45362.84,5.65,Completed
286919,8,2017-09-29,Sienna,47239.11,5.84,Completed
286920,4,2017-09-02,Highlander,41486.89,3.81,Completed
286921,13,2017-09-17,Tundra,56628.78,5.61,Cancelled
286922,6,2017-09-02,Camry,27977.77,3.86,Completed
286923,5,2017-09-24,Highlander,59008.94,5.34,Completed
286924,4,2017-09-24,Sienna,33596.33,3.81,Completed
286925,4,2017-09-22,RAV4,32895.97,3.81,Completed
286926,1,2017-09-19,Corolla,24094.82,5.24,Completed
286927,8,2017-09-06,Tundra,46998.9,5.84,Completed
286928,12,2017-09-17,Sienna,44759.56,5.65,Completed
286929,13,2017-09-03,Camry,38569.83,5.61,Completed
286930,13,2017-09-03,RAV4,50408.33,5.61,Completed
286931,13,2017-09-21,Highlander,71631.11,5.61,Completed
286932,19,2017-09-02,Prius,26316.53,5.48,Completed
286933,4,2017-09-21,RAV4,33460.8,3.81,Completed
286934,20,2017-09-12,Tundra,49923.97,5.77,Pending
286935,19,2017-09-05,Highlander,61181.44,5.48,Completed
286936,16,2017-09-15,Tacoma,43905.87,6.06,Completed
286937,17,2017-09-14,Prius,23427.19,4.51,Completed
286938,10,2017-09-23,RAV4,37043.18,4.88,Completed
286939,5,2017-09-18,Corolla,25008.15,5.34,Completed
286940,3,2017-09-27,Sienna,48992.93,5.69,Pending
286941,16,2017-09-29,Highlander,61666.47,6.06,Completed
286942,2,2017-09-24,Tundra,36405.76,4.0,Completed
286943,10,2017-09-21,RAV4,35341.77,4.88,Completed
286944,20,2017-09-04,Camry,41679.07,5.77,Completed
286945,12,2017-09-16,Tacoma,39409.16,5.65,Completed
286946,13,2017-09-15,Tundra,48126.04,5.61,Completed
286947,9,2017-09-23,Highlander,46511.49,4.4,Completed
286948,20,2017-09-17,Tundra,55447.99,5.77,Completed
286949,8,2017-09-24,Sienna,49478.33,5.84,Completed
286950,7,2017-09-02,RAV4,45444.28,5.39,Completed
286951,8,2017-09-27,Tundra,54909.87,5.84,Completed
286952,20,2017-09-17,Prius,35444.59,5.77,Completed
286953,16,2017-09-30,Highlander,65256.37,6.06,Completed
286954,14,2017-09-14,Sienna,45051.34,5.1,Completed
286955,13,2017-09-10,Tundra,51259.81,5.61,Completed
286956,1,2017-09-02,Tacoma,32275.73,5.24,Completed
286957,12,2017-09-13,Tacoma,39408.42,5.65,Completed
286958,20,2017-09-08,Corolla,28934.17,5.77,Pending
286959,6,2017-09-22,Highlander,41795.94,3.86,Completed
286960,10,2017-09-18,Tacoma,29051.06,4.88,Completed
286961,14,2017-09-10,RAV4,42649.31,5.1,Completed
286962,9,2017-09-15,Prius,24973.16,4.4,Completed
286963,18,2017-09-09,Sienna,58873.69,5.68,Completed
286964,5,2017-09-15,Sienna,44092.91,5.34,Completed
286965,14,2017-09-03,Camry,37775.5,5.1,Completed
286966,7,2017-09-29,Tundra,47477.69,5.39,Completed
286967,9,2017-09-12,Tacoma,30490.01,4.4,Cancelled
286968,13,2017-09-02,Tacoma,47314.99,5.61,Completed
286969,19,2017-09-13,Corolla,23677.9,5.48,Completed
286970,2,2017-09-04,Camry,31715.31,4.0,Completed
286971,15,2017-09-28,Prius,34296.6,4.86,Completed
286972,17,2017-09-25,Highlander,45755.41,4.51,Completed
286973,15,2017-09-23,Highlander,62797.27,4.86,Completed
286974,8,2017-09-01,Tacoma,45638.27,5.84,Completed
286975,12,2017-09-23,Highlander,65809.69,5.65,Completed
286976,20,2017-09-23,Corolla,29230.61,5.77,Completed
286977,7,2017-09-14,Tundra,54840.25,5.39,Completed
286978,18,2017-09-01,Highlander,63192.34,5.68,Completed
286979,6,2017-09-16,Tacoma,31743.08,3.86,Completed
286980,5,2017-09-09,Sienna,46033.13,5.34,Completed
286981,6,2017-09-28,Highlander,47470.7,3.86,Completed
286982,3,2017-09-12,Sienna,56441.25,5.69,Pending
286983,1,2017-09-03,Prius,26041.0,5.24,Completed
286984,9,2017-09-04,Tacoma,27683.6,4.4,Completed
286985,5,2017-09-20,Prius,28209.0,5.34,Completed
286986,13,2017-09-14,Corolla,27828.06,5.61,Completed
286987,16,2017-09-05,Prius,34496.8,6.06,Completed
286988,8,2017-09-22,Corolla,25912.3,5.84,Completed
286989,11,2017-09-16,Sienna,39994.52,4.16,Completed
286990,12,2017-09-18,Prius,33561.56,5.65,Completed
286991,17,2017-09-21,Highlander,45633.18,4.51,Completed
286992,6,2017-09-09,RAV4,35521.39,3.86,Completed
286993,11,2017-09-06,Prius,23768.96,4.16,Cancelled
286994,16,2017-09-19,Tacoma,39285.06,6.06,Completed
286995,13,2017-09-24,Camry,38522.33,5.61,Completed
286996,1,2017-09-18,Tundra,46109.69,5.24,Completed
286997,1,2017-09-06,Tundra,41277.43,5.24,Completed
286998,14,2017-09-05,Sienna,44899.51,5.1,Completed
286999,19,2017-09-30,Prius,31085.7,5.48,Completed
287000,13,2017-09-07,Tundra,48042.45,5.61,Completed
287001,12,2017-09-11,Corolla,30923.63,5.65,Completed
287002,7,2017-09-06,Highlander,61297.57,5.39,Completed
287003,18,2017-09-05,Camry,43535.07,5.68,Completed
287004,14,2017-09-23,Sienna,52382.76,5.1,Completed
287005,14,2017-09-11,Highlander,59760.38,5.1,Completed
287006,10,2017-09-30,Prius,24350.31,4.88,Completed
287007,11,2017-09-21,RAV4,32563.37,4.16,Completed
287008,16,2017-09-26,Prius,31348.71,6.06,Completed
287009,18,2017-09-26,Prius,32121.83,5.68,Completed
287010,1,2017-09-21,Highlander,53122.91,5.24,Completed
287011,3,2017-09-15,Highlander,73206.67,5.69,Completed
287012,13,2017-09-03,Sienna,47800.21,5.61,Completed
287013,11,2017-09-17,Tacoma,27942.6,4.16,Completed
287014,14,2017-09-03,Highlander,57439.32,5.1,Completed
287015,8,2017-09-17,Camry,35348.55,5.84,Completed
287016,18,2017-09-23,RAV4,50145.43,5.68,Completed
287017,13,2017-09-28,Tundra,49888.29,5.61,Completed
287018,5,2017-09-27,Tundra,45068.92,5.34,Completed
287019,10,2017-09-28,Camry,31402.98,4.88,Completed
287020,8,2017-09-08,Tundra,51568.87,5.84,Completed
287021,11,2017-09-17,Tundra,37077.11,4.16,Completed
287022,17,2017-09-29,RAV4,34676.02,4.51,Completed
287023,7,2017-09-06,Sienna,53507.07,5.39,Completed
287024,16,2017-09-25,Sienna,49235.0,6.06,Completed
287025,6,2017-09-18,Tundra,36905.74,3.86,Completed
287026,3,2017-09-01,Sienna,53694.94,5.69,Completed
287027,13,2017-09-28,Tacoma,47293.88,5.61,Completed
287028,5,2017-09-20,Highlander,56236.0,5.34,Completed
287029,19,2017-09-01,Camry,34558.8,5.48,Completed
287030,18,2017-09-23,Tacoma,44545.88,5.68,Completed
287031,15,2017-09-05,RAV4,45357.14,4.86,Completed
287032,17,2017-09-05,Camry,27428.42,4.51,Completed
287033,17,2017-09-20,Tundra,32639.3,4.51,Completed
287034,4,2017-09-28,RAV4,29186.24,3.81,Completed
287035,9,2017-09-11,Corolla,19638.06,4.4,Completed
287036,5,2017-09-13,Tundra,43665.19,5.34,Completed
287037,3,2017-09-18,Tundra,56410.8,5.69,Cancelled
287038,17,2017-09-11,Sienna,37580.95,4.51,Completed
287039,7,2017-09-18,Camry,42778.22,5.39,Completed
287040,16,2017-09-15,Camry,36600.11,6.06,Completed
287041,4,2017-09-14,Corolla,21527.39,3.81,Completed
287042,3,2017-09-13,Highlander,72814.75,5.69,Completed
287043,16,2017-09-19,Corolla,26557.17,6.06,Completed
287044,6,2017-09-28,Corolla,19833.38,3.86,Completed
287045,19,2017-09-12,RAV4,41911.76,5.48,Completed
287046,2,2017-09-24,Tacoma,31129.15,4.0,Completed
287047,18,2017-09-10,Sienna,56472.41,5.68,Completed
287048,3,2017-09-26,Prius,35912.14,5.69,Completed
287049,14,2017-09-30,Sienna,48551.32,5.1,Completed
287050,13,2017-09-20,Corolla,31365.48,5.61,Completed
287051,2,2017-09-26,Corolla,21471.37,4.0,Completed
287052,17,2017-09-08,Sienna,32401.62,4.51,Completed
287053,10,2017-09-19,Highlander,51719.21,4.88,Completed
287054,16,2017-09-29,Tundra,49001.46,6.06,Completed
287055,14,2017-09-13,Prius,28317.32,5.1,Completed
287056,9,2017-09-12,Sienna,37690.94,4.4,Completed
287057,12,2017-09-05,Tacoma,40914.28,5.65,Completed
287058,14,2017-09-18,Sienna,50071.92,5.1,Pending
287059,4,2017-09-30,Sienna,37613.19,3.81,Completed
287060,1,2017-09-21,Corolla,25702.41,5.24,Completed
287061,10,2017-09-15,Sienna,38043.4,4.88,Completed
287062,1,2017-09-01,RAV4,34682.42,5.24,Completed
287063,19,2017-09-25,Tacoma,33323.39,5.48,Completed
287064,9,2017-09-04,Corolla,19337.36,4.4,Completed
287065,1,2017-09-28,RAV4,35632.65,5.24,Completed
287066,14,2017-09-10,Prius,32605.8,5.1,Completed
287067,18,2017-09-08,Prius,36209.33,5.68,Pending
287068,10,2017-09-22,Sienna,33864.59,4.88,Completed
287069,7,2017-09-18,Tundra,55940.12,5.39,Completed
287070,14,2017-09-21,Tundra,46527.58,5.1,Completed
287071,18,2017-09-30,RAV4,50246.4,5.68,Completed
287072,14,2017-09-03,Highlander,65785.58,5.1,Completed
287073,14,2017-09-20,Tundra,51895.34,5.1,Completed
287074,16,2017-09-14,Prius,35855.72,6.06,Completed
287075,18,2017-09-30,Tundra,58661.83,5.68,Completed
287076,14,2017-09-18,Tundra,45153.41,5.1,Completed
287077,3,2017-09-27,Sienna,47945.46,5.69,Completed
287078,7,2017-09-19,RAV4,47183.81,5.39,Completed
287079,10,2017-09-19,RAV4,35179.71,4.88,Completed
287080,20,2017-09-29,RAV4,44555.47,5.77,Cancelled
287081,19,2017-09-07,Tacoma,39650.89,5.48,Completed
287082,10,2017-09-08,Tacoma,32087.93,4.88,Completed
287083,15,2017-09-29,Camry,40524.44,4.86,Completed
287084,10,2017-09-17,Highlander,50567.0,4.88,Completed
287085,9,2017-09-02,Corolla,19236.3,4.4,Completed
287086,7,2017-09-04,Prius,34901.16,5.39,Completed
287087,20,2017-09-24,Tacoma,45499.45,5.77,Completed
287088,9,2017-09-26,Prius,23844.82,4.4,Completed
287089,18,2017-09-23,Highlander,74827.16,5.68,Completed
287090,4,2017-09-17,Prius,20442.25,3.81,Completed
287091,8,2017-09-18,Tacoma,40219.87,5.84,Completed
287092,8,2017-09-21,RAV4,42977.98,5.84,Completed
287093,18,2017-09-19,RAV4,47823.14,5.68,Completed
287094,9,2017-09-15,Prius,25322.64,4.4,Completed
287095,3,2017-09-25,Camry,41831.23,5.69,Completed
287096,2,2017-09-21,Highlander,46812.96,4.0,Completed
287097,16,2017-09-06,Sienna,54188.53,6.06,Completed
287098,6,2017-09-23,RAV4,34418.93,3.86,Completed
287099,16,2017-09-10,Corolla,31224.42,6.06,Completed
287100,13,2017-09-23,RAV4,43755.8,5.61,Completed
287101,18,2017-09-28,Camry,45215.68,5.68,Completed
287102,11,2017-09-17,Corolla,22709.66,4.16,Completed
287103,9,2017-09-25,Corolla,19093.65,4.4,Completed
287104,13,2017-09-18,RAV4,47393.56,5.61,Completed
287105,5,2017-09-02,Highlander,53678.58,5.34,Completed
287106,4,2017-09-08,Tacoma,30827.41,3.81,Completed
287107,7,2017-09-09,Camry,42798.21,5.39,Completed
287108,4,2017-09-03,Corolla,20244.19,3.81,Completed
287109,3,2017-09-27,Sienna,48167.73,5.69,Completed
287110,12,2017-09-04,Highlander,63452.2,5.65,Completed
287111,18,2017-09-02,Tacoma,45149.12,5.68,Pending
287112,20,2017-09-30,Camry,36379.71,5.77,Completed
287113,4,2017-09-23,Highlander,47670.35,3.81,Completed
287114,6,2017-09-27,Tundra,34565.05,3.86,Completed
287115,5,2017-09-01,Corolla,23978.01,5.34,Completed
287116,19,2017-09-29,Tundra,40790.98,5.48,Completed
287117,14,2017-09-18,Tundra,45965.58,5.1,Completed
287118,14,2017-09-02,Highlander,64816.94,5.1,Completed
287119,12,2017-09-27,Sienna,53921.77,5.65,Completed
287120,13,2017-09-02,Prius,35957.87,5.61,Completed
287121,3,2017-09-02,Tundra,53576.74,5.69,Completed
287122,3,2017-09-27,Prius,33181.84,5.69,Completed
287123,15,2017-09-10,Tundra,52697.15,4.86,Completed
287124,5,2017-09-19,Prius,26578.23,5.34,Completed
287125,1,2017-09-12,Prius,25154.22,5.24,Completed
287126,2,2017-09-17,RAV4,37408.22,4.0,Completed
287127,20,2017-09-16,Highlander,65551.81,5.77,Completed
287128,1,2017-09-17,Tundra,40282.86,5.24,Completed
287129,10,2017-09-22,Highlander,49704.17,4.88,Completed
287130,10,2017-09-28,Highlander,48391.06,4.88,Completed
287131,8,2017-09-08,Highlander,58282.99,5.84,Completed
287132,19,2017-09-17,RAV4,43878.36,5.48,Completed
287133,11,2017-09-06,Tundra,39109.58,4.16,Completed
287134,3,2017-09-16,Prius,32893.8,5.69,Completed
287135,5,2017-09-14,Corolla,23332.85,5.34,Completed
287136,9,2017-09-27,Tacoma,33455.99,4.4,Completed
287137,19,2017-09-01,Sienna,44436.77,5.48,Completed
287138,2,2017-09-06,RAV4,34523.58,4.0,Completed
287139,10,2017-09-18,Prius,23365.39,4.88,Completed
287140,16,2017-09-29,Prius,34526.01,6.06,Completed
287141,19,2017-09-14,Highlander,60634.83,5.48,Completed
287142,13,2017-09-18,Highlander,60662.31,5.61,Completed
287143,15,2017-09-23,Highlander,63273.05,4.86,Completed
287144,11,2017-09-20,Prius,26267.13,4.16,Completed
287145,3,2017-09-30,Tundra,48267.67,5.69,Completed
287146,7,2017-09-18,RAV4,46063.65,5.39,Completed
287147,6,2017-09-18,RAV4,32304.89,3.86,Completed
287148,5,2017-09-24,Highlander,52081.15,5.34,Completed
287149,14,2017-09-12,Highlander,59307.2,5.1,Completed
287150,16,2017-09-21,Tundra,50473.0,6.06,Completed
287151,12,2017-09-16,Corolla,25639.47,5.65,Completed
287152,12,2017-09-25,Sienna,54154.23,5.65,Completed
287153,2,2017-09-08,Tacoma,34774.78,4.0,Completed
287154,14,2017-09-14,Highlander,60127.28,5.1,Completed
287155,17,2017-09-01,RAV4,34061.16,4.51,Completed
287156,16,2017-09-18,Corolla,29007.59,6.06,Completed
287157,1,2017-09-28,Prius,28041.7,5.24,Completed
287158,12,2017-09-13,Tundra,53111.55,5.65,Completed
287159,11,2017-09-28,RAV4,34599.69,4.16,Completed
287160,3,2017-09-12,Camry,40834.59,5.69,Completed
287161,12,2017-09-07,Prius,34485.66,5.65,Completed
287162,3,2017-09-12,Prius,35739.48,5.69,Completed
287163,1,2017-09-01,Sienna,45842.36,5.24,Completed
287164,5,2017-09-09,RAV4,35720.58,5.34,Completed
287165,15,2017-09-13,Corolla,26216.16,4.86,Completed
287166,12,2017-09-28,Corolla,30554.89,5.65,Completed
287167,8,2017-09-18,RAV4,44625.96,5.84,Completed
287168,19,2017-09-07,Tacoma,35161.83,5.48,Completed
287169,8,2017-09-15,Camry,38817.89,5.84,Completed
287170,13,2017-09-05,Corolla,27902.75,5.61,Completed
287171,11,2017-09-30,Tundra,38290.45,4.16,Pending
287172,7,2017-09-10,Sienna,49946.67,5.39,Completed
287173,1,2017-09-11,Tacoma,34663.89,5.24,Completed
287174,20,2017-09-02,Corolla,31437.13,5.77,Completed
287175,5,2017-09-30,Highlander,50458.19,5.34,Completed
287176,10,2017-09-22,Camry,27031.86,4.88,Completed
287177,3,2017-09-16,RAV4,43689.8,5.69,Completed
287178,18,2017-09-01,Tacoma,48878.76,5.68,Completed
287179,8,2017-09-06,Tacoma,39210.28,5.84,Completed
287180,19,2017-09-18,Sienna,42792.85,5.48,Completed
287181,8,2017-09-05,Tundra,51959.56,5.84,Completed
287182,13,2017-09-27,Camry,44453.02,5.61,Completed
287183,18,2017-09-22,Sienna,49671.14,5.68,Completed
287184,7,2017-09-30,Corolla,31120.1,5.39,Completed
287185,19,2017-09-22,Corolla,24886.33,5.48,Cancelled
287186,12,2017-09-05,Tundra,47970.69,5.65,Completed
287187,9,2017-09-14,Highlander,44555.15,4.4,Pending
287188,11,2017-09-25,Highlander,44687.77,4.16,Completed
287189,9,2017-09-17,Prius,23692.34,4.4,Completed
287190,3,2017-09-05,Highlander,71821.93,5.69,Completed
287191,10,2017-09-10,Camry,29893.25,4.88,Completed
287192,18,2017-09-07,RAV4,49660.09,5.68,Completed
287193,2,2017-09-18,Camry,27340.37,4.0,Completed
287194,4,2017-09-16,Corolla,19718.61,3.81,Completed
287195,3,2017-09-21,Tundra,56073.33,5.69,Completed
287196,14,2017-09-14,Prius,29439.58,5.1,Completed
287197,10,2017-09-24,Tundra,40871.25,4.88,Completed
287198,2,2017-09-14,Sienna,39184.98,4.0,Completed
287199,15,2017-09-05,Corolla,30720.93,4.86,Completed
287200,10,2017-09-12,Tacoma,34767.27,4.88,Completed
287201,15,2017-09-10,RAV4,41885.88,4.86,Completed
287202,14,2017-09-05,Tundra,47953.49,5.1,Completed
287203,10,2017-09-08,Sienna,39076.15,4.88,Completed
287204,7,2017-09-28,Highlander,70892.84,5.39,Completed
287205,15,2017-09-01,Corolla,30893.95,4.86,Completed
287206,16,2017-09-17,RAV4,42590.38,6.06,Completed
287207,20,2017-09-11,Tacoma,43928.2,5.77,Completed
287208,5,2017-09-24,Tacoma,38330.83,5.34,Completed
287209,1,2017-09-26,Camry,33702.09,5.24,Completed
287210,14,2017-09-07,Tundra,48922.32,5.1,Completed
287211,16,2017-09-12,Prius,34223.99,6.06,Completed
287212,12,2017-09-30,Tacoma,44479.62,5.65,Completed
287213,5,2017-09-11,Highlander,55113.43,5.34,Completed
287214,19,2017-09-09,Tundra,40339.37,5.48,Completed
287215,20,2017-09-13,Tacoma,39926.7,5.77,Completed
287216,16,2017-09-19,Highlander,63092.77,6.06,Completed
287217,15,2017-09-07,Tundra,54221.51,4.86,Completed
287218,2,2017-09-08,Prius,26819.81,4.0,Completed
287219,8,2017-09-23,Tacoma,46185.83,5.84,Completed
287220,6,2017-09-11,Prius,24322.72,3.86,Completed
287221,2,2017-09-21,Tundra,39137.94,4.0,Completed
287222,14,2017-09-23,Tacoma,36764.67,5.1,Completed
287223,14,2017-09-22,Highlander,62433.98,5.1,Completed
287224,17,2017-09-13,Corolla,19543.57,4.51,Completed
287225,15,2017-09-16,Tundra,50679.52,4.86,Completed
287226,19,2017-09-26,RAV4,43152.58,5.48,Completed
287227,1,2017-09-18,Tacoma,34729.04,5.24,Completed
287228,12,2017-09-18,Tacoma,45514.49,5.65,Completed
287229,13,2017-09-14,Prius,31177.37,5.61,Completed
287230,7,2017-09-06,Tacoma,38884.43,5.39,Completed
287231,13,2017-09-25,Camry,38864.97,5.61,Cancelled
287232,11,2017-09-10,Camry,26637.38,4.16,Completed
287233,19,2017-09-16,Corolla,25192.92,5.48,Pending
287234,13,2017-09-09,Corolla,31064.56,5.61,Completed
287235,8,2017-09-19,Camry,40793.4,5.84,Completed
287236,6,2017-09-05,RAV4,31916.48,3.86,Completed
287237,19,2017-09-05,Corolla,26484.49,5.48,Completed
287238,3,2017-09-22,Highlander,72763.21,5.69,Completed
287239,17,2017-09-21,Camry,28380.2,4.51,Cancelled
287240,17,2017-09-01,Tacoma,30761.0,4.51,Completed
287241,8,2017-09-12,Corolla,28838.76,5.84,Completed
287242,7,2017-09-11,Camry,39451.88,5.39,Completed
287243,11,2017-09-09,Corolla,20709.33,4.16,Completed
287244,18,2017-09-03,Camry,45302.83,5.68,Completed
287245,6,2017-09-01,Tundra,35150.1,3.86,Completed
287246,2,2017-09-29,Highlander,49220.42,4.0,Completed
287247,18,2017-09-19,RAV4,45003.66,5.68,Cancelled
287248,15,2017-09-09,Corolla,29093.76,4.86,Completed
287249,19,2017-09-05,RAV4,37021.67,5.48,Completed
287250,20,2017-09-27,Tundra,53918.03,5.77,Completed
287251,7,2017-09-13,Tacoma,45164.47,5.39,Cancelled
287252,4,2017-09-09,Highlander,43854.16,3.81,Completed
287253,16,2017-09-30,Highlander,71041.76,6.06,Completed
287254,15,2017-09-22,Tundra,49809.99,4.86,Completed
287255,19,2017-09-02,Tacoma,39403.59,5.48,Completed
287256,17,2017-09-09,Sienna,38253.63,4.51,Completed
287257,8,2017-09-24,Tacoma,43032.67,5.84,Completed
287258,5,2017-09-20,Highlander,54843.99,5.34,Completed
287259,3,2017-09-26,Prius,37194.27,5.69,Completed
287260,4,2017-09-04,Tundra,35392.75,3.81,Completed
287261,18,2017-09-29,RAV4,53233.9,5.68,Completed
287262,2,2017-09-25,Highlander,49904.93,4.0,Completed
287263,19,2017-09-28,Tacoma,39414.63,5.48,Completed
287264,11,2017-09-21,RAV4,30846.04,4.16,Completed
287265,4,2017-09-30,Highlander,44328.5,3.81,Completed
287266,2,2017-09-16,Sienna,40740.28,4.0,Completed
287267,15,2017-09-04,Prius,35480.39,4.86,Completed
287268,9,2017-09-22,Corolla,22162.5,4.4,Pending
287269,11,2017-09-28,Sienna,39915.18,4.16,Completed
287270,18,2017-09-23,Camry,40860.86,5.68,Completed
287271,2,2017-09-15,RAV4,37096.33,4.0,Completed
287272,6,2017-09-27,Camry,29014.29,3.86,Completed
287273,18,2017-09-27,Sienna,56686.88,5.68,Completed
287274,20,2017-09-25,Corolla,31409.51,5.77,Completed
287275,5,2017-09-30,RAV4,40799.54,5.34,Completed
287276,1,2017-09-05,Corolla,22125.47,5.24,Completed
287277,7,2017-09-25,Highlander,70568.34,5.39,Completed
287278,14,2017-09-14,Tacoma,41955.09,5.1,Completed
287279,4,2017-09-22,Tacoma,27799.79,3.81,Completed
287280,9,2017-09-07,Corolla,19451.07,4.4,Completed
287281,2,2017-09-10,Corolla,20475.59,4.0,Completed
287282,6,2017-09-28,RAV4,32518.35,3.86,Completed
287283,9,2017-09-02,RAV4,33722.56,4.4,Completed
287284,4,2017-09-08,Tacoma,30775.1,3.81,Cancelled
287285,20,2017-09-29,Highlander,68885.56,5.77,Completed
287286,2,2017-09-22,RAV4,38032.33,4.0,Completed
287287,20,2017-09-28,Prius,33501.04,5.77,Completed
287288,8,2017-09-05,Tacoma,41834.66,5.84,Completed
287289,11,2017-09-15,Highlander,49765.11,4.16,Completed
287290,18,2017-09-19,Corolla,33784.55,5.68,Completed
287291,6,2017-09-23,Highlander,46367.61,3.86,Completed
287292,15,2017-09-10,RAV4,46679.84,4.86,Completed
287293,5,2017-09-23,RAV4,42261.51,5.34,Completed
287294,15,2017-09-16,Tundra,47943.92,4.86,Completed
287295,16,2017-09-24,Prius,31571.0,6.06,Completed
287296,6,2017-09-08,Sienna,38710.26,3.86,Completed
287297,5,2017-09-14,Highlander,52345.57,5.34,Completed
287298,5,2017-09-11,Camry,35057.27,5.34,Completed
287299,14,2017-09-21,RAV4,42512.18,5.1,Completed
287300,16,2017-09-26,Corolla,29852.86,6.06,Completed
287301,5,2017-09-21,Prius,28262.02,5.34,Completed
287302,18,2017-09-20,Sienna,56551.83,5.68,Completed
287303,8,2017-09-24,Tundra,54419.73,5.84,Completed
287304,11,2017-09-14,Highlander,47572.77,4.16,Completed
287305,13,2017-09-28,Corolla,31824.75,5.61,Completed
287306,4,2017-09-14,Sienna,32532.05,3.81,Pending
287307,7,2017-09-03,Tacoma,44698.87,5.39,Completed
287308,9,2017-09-27,Sienna,39118.46,4.4,Completed
287309,15,2017-09-08,Corolla,28487.22,4.86,Completed
287310,4,2017-09-10,Tacoma,30870.27,3.81,Completed
287311,8,2017-09-27,Tacoma,43362.83,5.84,Completed
287312,7,2017-09-24,Sienna,51018.52,5.39,Completed
287313,7,2017-09-19,Highlander,70010.1,5.39,Completed
287314,7,2017-09-09,Tundra,48210.22,5.39,Completed
287315,20,2017-09-09,RAV4,42948.31,5.77,Completed
287316,4,2017-09-13,Highlander,44832.3,3.81,Completed
287317,17,2017-09-22,Tundra,38599.78,4.51,Completed
287318,20,2017-09-05,Tundra,49185.4,5.77,Completed
287319,14,2017-09-07,Prius,33512.91,5.1,Completed
287320,17,2017-09-17,Corolla,21170.73,4.51,Completed
287321,16,2017-09-12,Prius,31458.5,6.06,Completed
287322,18,2017-09-04,Corolla,33565.28,5.68,Completed
287323,10,2017-09-08,RAV4,33330.27,4.88,Completed
287324,16,2017-09-14,Tundra,50163.79,6.06,Completed
287325,11,2017-09-26,Highlander,42860.51,4.16,Completed
287326,2,2017-09-16,Highlander,53746.27,4.0,Completed
287327,11,2017-09-15,Camry,30882.21,4.16,Completed
287328,10,2017-09-27,Corolla,20905.02,4.88,Completed
287329,6,2017-09-26,Sienna,33901.34,3.86,Completed
287330,16,2017-09-27,RAV4,51129.96,6.06,Completed
287331,14,2017-09-23,RAV4,46162.96,5.1,Completed
287332,11,2017-09-29,Tacoma,29927.4,4.16,Completed
287333,14,2017-09-25,Prius,29893.32,5.1,Completed
287334,3,2017-09-24,Tacoma,45024.57,5.69,Completed
287335,3,2017-09-30,Tundra,52135.14,5.69,Completed
287336,19,2017-09-04,Sienna,40869.18,5.48,Completed
287337,19,2017-09-20,RAV4,39994.9,5.48,Completed
287338,17,2017-09-11,Prius,20978.19,4.51,Completed
287339,1,2017-09-19,Sienna,41915.8,5.24,Completed
287340,12,2017-09-17,Camry,39974.42,5.65,Completed
287341,5,2017-09-16,Corolla,23700.62,5.34,Completed
287342,20,2017-09-27,RAV4,49365.77,5.77,Completed
287343,11,2017-09-27,Highlander,47338.4,4.16,Completed
287344,18,2017-09-06,Sienna,55853.21,5.68,Completed
287345,11,2017-09-03,Prius,21819.87,4.16,Completed
287346,17,2017-09-06,Prius,22442.6,4.51,Completed
287347,9,2017-09-18,Tundra,36793.16,4.4,Completed
287348,12,2017-09-08,Tundra,45531.99,5.65,Completed
287349,14,2017-09-08,RAV4,40386.78,5.1,Completed
287350,12,2017-09-15,Corolla,30011.31,5.65,Completed
287351,5,2017-09-02,Camry,36225.3,5.34,Completed
287352,14,2017-09-03,Tundra,51110.6,5.1,Completed
287353,7,2017-09-30,Camry,38308.79,5.39,Completed
287354,9,2017-09-26,Tacoma,32129.41,4.4,Completed
287355,18,2017-09-25,Prius,36972.14,5.68,Completed
287356,15,2017-09-02,Prius,31682.07,4.86,Completed
287357,14,2017-09-22,Highlander,62099.07,5.1,Completed
287358,8,2017-09-10,RAV4,45475.14,5.84,Completed
287359,19,2017-09-27,Corolla,22797.61,5.48,Completed
287360,19,2017-09-11,Camry,35336.18,5.48,Completed
287361,8,2017-09-08,Highlander,62684.0,5.84,Completed
287362,15,2017-09-21,Corolla,29762.53,4.86,Completed
287363,13,2017-09-23,Tacoma,45272.09,5.61,Completed
287364,16,2017-09-29,Tacoma,42466.62,6.06,Completed
287365,12,2017-09-16,Tacoma,42013.21,5.65,Pending
287366,3,2017-09-28,Tundra,52365.37,5.69,Completed
287367,19,2017-09-22,Sienna,40716.91,5.48,Completed
287368,20,2017-09-09,Sienna,54486.54,5.77,Completed
287369,17,2017-09-11,Tundra,37194.38,4.51,Completed
287370,18,2017-09-14,RAV4,49002.79,5.68,Completed
287371,2,2017-09-08,RAV4,35316.64,4.0,Completed
287372,10,2017-09-03,Camry,30014.88,4.88,Completed
287373,5,2017-09-01,Tundra,41558.35,5.34,Completed
287374,14,2017-09-22,Tacoma,36735.31,5.1,Completed
287375,20,2017-09-20,Prius,32407.69,5.77,Completed
287376,19,2017-09-12,Camry,34323.22,5.48,Completed
287377,20,2017-09-16,Corolla,31591.45,5.77,Completed
287378,17,2017-09-11,Tundra,38564.94,4.51,Completed
287379,19,2017-09-30,Tacoma,35786.98,5.48,Completed
287380,6,2017-09-09,Prius,25326.86,3.86,Completed
287381,2,2017-09-23,RAV4,34499.04,4.0,Completed
287382,2,2017-09-11,Highlander,45826.94,4.0,Completed
287383,8,2017-09-30,RAV4,46734.06,5.84,Completed
287384,13,2017-09-13,Highlander,61571.27,5.61,Completed
287385,2,2017-09-29,Sienna,38366.9,4.0,Completed
287386,18,2017-09-25,Prius,32986.9,5.68,Completed
287387,5,2017-09-02,Tacoma,34938.25,5.34,Completed
287388,13,2017-09-06,Camry,37929.95,5.61,Completed
287389,16,2017-09-30,Corolla,28102.34,6.06,Completed
287390,14,2017-09-06,Tacoma,38110.18,5.1,Completed
287391,16,2017-09-22,RAV4,43772.33,6.06,Completed
287392,2,2017-09-19,Corolla,23306.28,4.0,Completed
287393,12,2017-09-02,RAV4,48282.9,5.65,Cancelled
287394,11,2017-09-15,Sienna,38393.11,4.16,Completed
287395,15,2017-09-14,RAV4,41393.53,4.86,Completed
287396,19,2017-09-06,Highlander,53685.49,5.48,Completed
287397,9,2017-09-01,Tundra,35653.97,4.4,Cancelled
287398,7,2017-09-25,RAV4,51173.19,5.39,Completed
287399,9,2017-09-18,RAV4,34416.2,4.4,Completed
287400,3,2017-09-18,RAV4,44780.34,5.69,Completed
287401,10,2017-09-22,Tundra,38409.43,4.88,Completed
287402,19,2017-09-04,Tundra,45616.39,5.48,Completed
287403,13,2017-09-29,Tundra,48755.52,5.61,Completed
287404,5,2017-09-27,Highlander,54569.04,5.34,Completed
287405,13,2017-09-26,Camry,43128.3,5.61,Cancelled
287406,18,2017-09-17,RAV4,52811.25,5.68,Completed
287407,4,2017-09-28,RAV4,30480.71,3.81,Completed
287408,14,2017-09-24,Corolla,28269.12,5.1,Completed
287409,6,2017-09-09,Camry,28184.55,3.86,Completed
287410,11,2017-09-30,Prius,23596.94,4.16,Cancelled
287411,16,2017-09-20,Camry,41597.54,6.06,Completed
287412,13,2017-09-16,RAV4,47196.39,5.61,Completed
287413,5,2017-09-17,Tundra,42632.12,5.34,Completed
287414,5,2017-09-13,Corolla,22797.61,5.34,Completed
287415,8,2017-09-01,RAV4,48442.67,5.84,Completed
287416,3,2017-09-28,Tundra,54466.37,5.69,Completed
287417,12,2017-09-18,Highlander,57919.54,5.65,Completed
287418,6,2017-09-22,Highlander,47940.72,3.86,Completed
287419,8,2017-09-02,Tacoma,43875.33,5.84,Completed
287420,13,2017-09-23,Highlander,64961.63,5.61,Completed
287421,17,2017-09-10,Sienna,37052.82,4.51,Completed
287422,13,2017-09-21,Camry,41570.53,5.61,Completed
287423,19,2017-09-01,Sienna,42027.4,5.48,Completed
287424,11,2017-09-03,Sienna,38796.01,4.16,Completed
287425,7,2017-09-30,Highlander,63316.01,5.39,Completed
287426,17,2017-09-23,Prius,24772.69,4.51,Completed
287427,19,2017-09-04,Camry,36704.48,5.48,Completed
287428,20,2017-09-03,Camry,38018.49,5.77,Completed
287429,15,2017-09-17,Prius,32726.39,4.86,Completed
287430,8,2017-09-15,Tacoma,40335.6,5.84,Completed
287431,7,2017-09-14,Tacoma,44679.72,5.39,Completed
287432,14,2017-09-19,RAV4,47922.98,5.1,Completed
287433,8,2017-09-24,Tacoma,43895.33,5.84,Completed
287434,17,2017-09-20,RAV4,30841.76,4.51,Completed
287435,10,2017-09-10,Highlander,44803.34,4.88,Completed
287436,14,2017-09-25,Highlander,64613.24,5.1,Completed
287437,2,2017-09-08,Sienna,36241.64,4.0,Completed
287438,16,2017-09-15,Camry,42411.66,6.06,Completed
287439,20,2017-09-17,Sienna,50147.99,5.77,Completed
287440,15,2017-09-27,Highlander,58099.96,4.86,Completed
287441,3,2017-09-29,Tundra,49904.14,5.69,Completed
287442,18,2017-09-30,RAV4,53032.07,5.68,Completed
287443,4,2017-09-19,Highlander,43085.81,3.81,Completed
287444,11,2017-09-28,Corolla,21308.15,4.16,Completed
287445,18,2017-09-01,RAV4,47656.44,5.68,Completed
287446,13,2017-09-24,Tacoma,42405.71,5.61,Completed
287447,14,2017-09-25,Highlander,66222.97,5.1,Completed
287448,15,2017-09-09,Prius,32128.58,4.86,Completed
287449,15,2017-09-16,Prius,31101.19,4.86,Completed
287450,10,2017-09-27,Prius,23435.12,4.88,Completed
287451,19,2017-09-27,Camry,32004.58,5.48,Completed
287452,18,2017-09-11,Camry,45156.96,5.68,Completed
287453,6,2017-09-11,Tacoma,32795.11,3.86,Completed
287454,19,2017-09-16,Tacoma,40560.36,5.48,Completed
287455,10,2017-09-13,Prius,26565.73,4.88,Completed
287456,2,2017-09-05,Tundra,35975.51,4.0,Completed
287457,8,2017-09-26,Sienna,49798.42,5.84,Completed
287458,12,2017-09-26,RAV4,48357.2,5.65,Completed
287459,14,2017-09-30,Sienna,47920.5,5.1,Completed
287460,18,2017-09-02,RAV4,50152.22,5.68,Completed
287461,13,2017-09-05,Prius,33350.33,5.61,Completed
287462,19,2017-09-04,RAV4,43757.39,5.48,Completed
287463,10,2017-09-15,Highlander,45964.47,4.88,Completed
287464,4,2017-09-05,RAV4,33001.01,3.81,Completed
287465,7,2017-09-16,RAV4,43990.62,5.39,Completed
287466,7,2017-09-27,Tundra,52407.98,5.39,Completed
287467,14,2017-09-02,Tundra,49206.83,5.1,Completed
287468,19,2017-09-14,Tundra,45829.17,5.48,Completed
287469,6,2017-09-14,Sienna,34633.81,3.86,Completed
287470,18,2017-09-26,Corolla,32445.96,5.68,Completed
287471,3,2017-09-23,Tundra,48789.6,5.69,Completed
287472,7,2017-09-25,Tundra,52374.65,5.39,Completed
287473,12,2017-09-09,Tundra,49839.82,5.65,Completed
287474,4,2017-09-15,Prius,22344.57,3.81,Completed
287475,2,2017-09-01,RAV4,38236.39,4.0,Completed
287476,9,2017-09-06,Sienna,36300.39,4.4,Completed
287477,10,2017-09-14,Camry,31588.96,4.88,Completed
287478,1,2017-09-30,Camry,34210.79,5.24,Completed
287479,4,2017-09-03,Tundra,36801.92,3.81,Completed
287480,7,2017-09-06,Tundra,55301.16,5.39,Completed
287481,18,2017-09-28,RAV4,48597.07,5.68,Completed
287482,8,2017-09-19,Camry,38153.74,5.84,Completed
287483,7,2017-09-09,Camry,42410.76,5.39,Completed
287484,4,2017-09-27,Sienna,36474.47,3.81,Completed
287485,16,2017-09-20,Corolla,26932.47,6.06,Completed
287486,3,2017-09-19,Sienna,50288.2,5.69,Completed
287487,5,2017-09-27,Highlander,53400.63,5.34,Completed
287488,18,2017-09-10,Highlander,71773.52,5.68,Pending
287489,13,2017-09-07,Prius,32608.68,5.61,Completed
287490,1,2017-09-21,Tacoma,36288.14,5.24,Completed
287491,8,2017-09-06,Camry,36578.6,5.84,Completed
287492,6,2017-09-02,Highlander,47547.95,3.86,Completed
287493,16,2017-09-30,Corolla,28363.06,6.06,Completed
287494,15,2017-09-19,Tundra,50573.06,4.86,Completed
287495,11,2017-09-01,Sienna,34796.71,4.16,Completed
287496,19,2017-09-09,Sienna,40282.48,5.48,Completed
287497,11,2017-09-22,Camry,29337.58,4.16,Completed
287498,12,2017-09-03,Tacoma,45383.89,5.65,Completed
287499,20,2017-09-30,Corolla,28463.54,5.77,Completed
287500,12,2017-09-02,Camry,41474.47,5.65,Completed
287501,19,2017-09-11,Prius,31203.14,5.48,Completed
287502,12,2017-09-29,Highlander,60463.07,5.65,Completed
287503,5,2017-09-24,Camry,34076.62,5.34,Completed
287504,5,2017-09-20,Highlander,52211.1,5.34,Completed
287505,7,2017-09-22,Prius,35934.85,5.39,Completed
287506,17,2017-09-20,Tacoma,32285.61,4.51,Completed
287507,1,2017-09-07,RAV4,35108.61,5.24,Completed
287508,3,2017-09-11,Camry,44290.14,5.69,Completed
287509,18,2017-09-11,Highlander,66304.88,5.68,Completed
287510,3,2017-09-07,Highlander,65492.88,5.69,Completed
287511,13,2017-09-26,Prius,33507.27,5.61,Completed
287512,5,2017-09-10,Highlander,54696.67,5.34,Completed
287513,1,2017-09-18,Camry,29735.1,5.24,Pending
287514,4,2017-09-29,Prius,20705.8,3.81,Completed
287515,4,2017-09-11,Tacoma,31528.96,3.81,Completed
287516,8,2017-09-22,Camry,42616.55,5.84,Completed
287517,20,2017-09-06,Camry,38572.55,5.77,Completed
287518,11,2017-09-09,Tacoma,27977.56,4.16,Completed
287519,10,2017-09-02,Camry,30670.51,4.88,Completed
287520,18,2017-09-08,Prius,33014.9,5.68,Completed
287521,4,2017-09-05,Prius,23076.77,3.81,Completed
287522,11,2017-09-16,Tundra,35499.98,4.16,Completed
287523,13,2017-09-02,Sienna,47584.06,5.61,Completed
287524,19,2017-09-24,Tacoma,34458.68,5.48,Completed
287525,4,2017-09-13,Sienna,31754.43,3.81,Completed
287526,2,2017-09-09,Corolla,23824.99,4.0,Completed
287527,18,2017-09-21,Tundra,49183.18,5.68,Completed
287528,3,2017-09-14,Sienna,50462.24,5.69,Completed
287529,19,2017-09-09,Tundra,39846.42,5.48,Completed
287530,20,2017-09-07,RAV4,47612.87,5.77,Completed
287531,16,2017-09-02,Tacoma,43277.68,6.06,Completed
287532,3,2017-09-14,Highlander,67431.74,5.69,Completed
287533,12,2017-09-30,Corolla,29810.89,5.65,Completed
287534,13,2017-09-20,Tacoma,39906.08,5.61,Completed
287535,16,2017-09-25,RAV4,46736.16,6.06,Completed
287536,11,2017-09-01,Camry,26353.47,4.16,Completed
287537,17,2017-09-10,Sienna,38391.93,4.51,Completed
287538,8,2017-09-18,RAV4,41894.72,5.84,Completed
287539,11,2017-09-24,RAV4,30224.63,4.16,Completed
287540,8,2017-09-02,Tacoma,42732.24,5.84,Completed
287541,3,2017-09-05,Tundra,55142.19,5.69,Completed
287542,4,2017-09-19,Tacoma,29140.57,3.81,Completed
287543,17,2017-09-29,Sienna,35688.06,4.51,Completed
287544,16,2017-09-01,Highlander,71559.31,6.06,Completed
287545,2,2017-09-11,Corolla,22876.87,4.0,Completed
287546,4,2017-09-27,Tundra,35204.49,3.81,Completed
287547,2,2017-09-20,RAV4,32073.19,4.0,Completed
287548,10,2017-09-24,Corolla,22951.46,4.88,Completed
287549,2,2017-09-04,Sienna,37893.39,4.0,Completed
287550,17,2017-09-24,Camry,26616.99,4.51,Completed
287551,4,2017-09-21,Camry,27178.9,3.81,Completed
287552,6,2017-09-18,Tacoma,27222.21,3.86,Completed
287553,9,2017-09-06,Corolla,19160.45,4.4,Completed
287554,4,2017-09-10,Highlander,42418.47,3.81,Completed
287555,6,2017-09-19,Prius,23326.17,3.86,Completed
287556,12,2017-09-11,Camry,42238.53,5.65,Completed
287557,10,2017-09-25,Sienna,40402.57,4.88,Completed
287558,19,2017-09-03,Prius,26390.57,5.48,Completed
287559,10,2017-09-03,Prius,26933.76,4.88,Completed
287560,1,2017-09-21,Camry,33967.0,5.24,Completed
287561,6,2017-09-25,Tacoma,29130.41,3.86,Completed
287562,18,2017-09-10,Prius,33250.57,5.68,Completed
287563,10,2017-09-14,Highlander,46150.4,4.88,Completed
287564,16,2017-09-02,Camry,38630.71,6.06,Completed
287565,9,2017-09-11,Tundra,35166.79,4.4,Completed
287566,1,2017-09-22,Camry,32893.89,5.24,Completed
287567,1,2017-09-15,Sienna,37922.81,5.24,Completed
287568,15,2017-09-07,Sienna,46486.74,4.86,Completed
287569,11,2017-09-07,Camry,29785.38,4.16,Completed
287570,17,2017-09-20,Sienna,32362.99,4.51,Completed
287571,8,2017-09-12,Tacoma,39497.51,5.84,Completed
287572,2,2017-09-24,Tundra,38110.13,4.0,Completed
287573,13,2017-09-17,Tundra,48736.15,5.61,Cancelled
287574,6,2017-09-09,Tundra,39108.29,3.86,Completed
287575,14,2017-09-15,Tundra,44352.53,5.1,Pending
287576,11,2017-09-26,Prius,24771.49,4.16,Completed
287577,4,2017-09-10,Tacoma,27161.61,3.81,Completed
287578,14,2017-09-05,Sienna,48738.44,5.1,Completed
287579,4,2017-09-18,Camry,25728.93,3.81,Completed
287580,18,2017-09-14,Highlander,72294.55,5.68,Completed
287581,7,2017-09-23,Sienna,52668.82,5.39,Completed
287582,16,2017-09-03,Tundra,50130.27,6.06,Completed
287583,8,2017-09-28,Corolla,30480.87,5.84,Completed
287584,10,2017-09-16,Tundra,34045.7,4.88,Completed
287585,14,2017-09-19,RAV4,47241.13,5.1,Completed
287586,4,2017-09-25,Highlander,47016.33,3.81,Completed
287587,4,2017-09-20,Tundra,37411.2,3.81,Completed
287588,6,2017-09-02,Camry,30480.93,3.86,Completed
287589,6,2017-09-25,Highlander,41468.03,3.86,Completed
287590,17,2017-09-19,Highlander,47626.38,4.51,Completed
287591,5,2017-09-14,Tundra,46605.07,5.34,Completed
287592,3,2017-09-09,RAV4,44412.49,5.69,Completed
287593,10,2017-09-22,RAV4,36097.43,4.88,Completed
287594,17,2017-09-22,Highlander,45450.91,4.51,Completed
287595,11,2017-09-27,Sienna,38523.96,4.16,Completed
287596,16,2017-09-09,Corolla,30037.81,6.06,Completed
287597,4,2017-09-21,Corolla,18185.03,3.81,Completed
287598,19,2017-09-05,Sienna,45434.31,5.48,Completed
287599,20,2017-09-10,RAV4,46589.53,5.77,Completed
287600,7,2017-09-26,Corolla,29997.25,5.39,Completed
287601,19,2017-09-22,Highlander,59987.76,5.48,Completed
287602,13,2017-09-14,Tundra,48624.08,5.61,Completed
287603,15,2017-09-01,Highlander,67936.72,4.86,Completed
287604,20,2017-09-17,Camry,39781.84,5.77,Completed
287605,18,2017-09-14,Tundra,52712.2,5.68,Completed
287606,6,2017-09-12,Prius,24222.83,3.86,Completed
287607,5,2017-09-21,Tacoma,36465.47,5.34,Completed
287608,8,2017-09-06,RAV4,48099.84,5.84,Completed
287609,8,2017-09-27,Tacoma,40628.85,5.84,Completed
287610,15,2017-09-24,Prius,32483.46,4.86,Completed
287611,11,2017-09-22,Tacoma,30420.89,4.16,Completed
287612,4,2017-09-02,Tacoma,29260.39,3.81,Completed
287613,15,2017-09-24,Camry,40158.01,4.86,Completed
287614,9,2017-09-05,Corolla,20530.15,4.4,Completed
287615,16,2017-09-12,Sienna,47748.67,6.06,Cancelled
287616,15,2017-09-13,Prius,30573.64,4.86,Completed
287617,11,2017-09-28,Tacoma,28714.46,4.16,Completed
287618,19,2017-09-13,Tacoma,39720.07,5.48,Completed
287619,12,2017-09-16,Tundra,51337.62,5.65,Completed
287620,20,2017-09-28,Camry,40531.62,5.77,Completed
287621,6,2017-09-13,Tundra,33663.73,3.86,Completed
287622,16,2017-09-27,Sienna,48291.52,6.06,Completed
287623,19,2017-09-21,RAV4,43810.92,5.48,Completed
287624,20,2017-09-25,Tacoma,46139.34,5.77,Completed
287625,5,2017-09-23,Corolla,25289.27,5.34,Completed
287626,8,2017-09-18,Prius,30779.42,5.84,Completed
287627,12,2017-09-27,Highlander,61847.69,5.65,Completed
287628,3,2017-09-12,Tacoma,46250.56,5.69,Cancelled
287629,10,2017-09-25,Tacoma,29070.1,4.88,Completed
287630,1,2017-09-22,Highlander,54257.2,5.24,Completed
287631,15,2017-09-19,Corolla,30791.44,4.86,Completed
287632,3,2017-09-18,Tacoma,42115.56,5.69,Completed
287633,14,2017-09-04,Highlander,58797.95,5.1,Completed
287634,3,2017-09-30,RAV4,49417.91,5.69,Completed
287635,2,2017-09-23,Tundra,36483.42,4.0,Completed
287636,11,2017-09-16,Highlander,46685.5,4.16,Completed
287637,12,2017-09-08,Tundra,53505.59,5.65,Completed
287638,15,2017-09-07,Prius,34718.96,4.86,Completed
287639,2,2017-09-10,Camry,29620.91,4.0,Completed
287640,2,2017-09-18,RAV4,33906.25,4.0,Completed
287641,3,2017-09-14,Sienna,49241.52,5.69,Completed
287642,6,2017-09-10,RAV4,29281.61,3.86,Completed
287643,10,2017-09-28,Tundra,38166.83,4.88,Completed
287644,18,2017-09-29,Corolla,29234.57,5.68,Completed
287645,5,2017-09-11,Tundra,39101.72,5.34,Completed
287646,14,2017-09-24,Highlander,57414.99,5.1,Completed
287647,8,2017-09-11,Tundra,47316.99,5.84,Completed
287648,1,2017-09-26,Prius,27150.77,5.24,Completed
287649,16,2017-09-30,Tundra,56290.37,6.06,Completed
287650,10,2017-09-28,Highlander,44182.66,4.88,Completed
287651,15,2017-09-25,Highlander,57677.44,4.86,Completed
287652,15,2017-09-06,Tundra,50674.62,4.86,Completed
287653,1,2017-09-05,Prius,24765.51,5.24,Completed
287654,4,2017-09-23,Prius,22709.0,3.81,Completed
287655,14,2017-09-20,Prius,30663.04,5.1,Completed
287656,16,2017-09-28,Highlander,62143.43,6.06,Completed
287657,20,2017-09-10,Highlander,63672.18,5.77,Completed
287658,11,2017-09-15,Corolla,22116.55,4.16,Completed
287659,6,2017-09-03,Sienna,32609.65,3.86,Completed
287660,12,2017-09-16,Corolla,27978.85,5.65,Completed
287661,4,2017-09-13,Prius,22214.82,3.81,Completed
287662,3,2017-09-09,Corolla,28370.9,5.69,Completed
287663,13,2017-09-26,Sienna,51253.94,5.61,Completed
287664,13,2017-09-12,RAV4,52619.59,5.61,Completed
287665,17,2017-09-26,RAV4,29184.0,4.51,Completed
287666,11,2017-09-26,Highlander,46587.57,4.16,Completed
287667,11,2017-09-01,Sienna,35335.84,4.16,Completed
287668,7,2017-09-02,RAV4,45971.2,5.39,Completed
287669,4,2017-09-22,Tundra,33463.88,3.81,Pending
287670,20,2017-09-25,Corolla,30615.38,5.77,Completed
287671,13,2017-09-30,Tacoma,43052.15,5.61,Completed
287672,19,2017-09-05,Sienna,39509.89,5.48,Completed
287673,8,2017-09-08,Highlander,65152.31,5.84,Completed
287674,19,2017-09-05,Camry,37511.34,5.48,Completed
287675,11,2017-09-29,Camry,28896.82,4.16,Completed
287676,3,2017-09-22,Highlander,69125.03,5.69,Completed
287677,3,2017-09-18,Prius,36477.13,5.69,Completed
287678,13,2017-09-03,Prius,35582.93,5.61,Completed
287679,14,2017-09-16,Sienna,52485.99,5.1,Completed
287680,4,2017-09-24,RAV4,30309.03,3.81,Completed
287681,11,2017-09-09,RAV4,30515.53,4.16,Completed
287682,11,2017-09-24,RAV4,30891.12,4.16,Completed
287683,1,2017-09-24,RAV4,40403.46,5.24,Completed
287684,2,2017-09-16,Sienna,38007.53,4.0,Completed
287685,5,2017-09-24,Camry,36102.4,5.34,Completed
287686,6,2017-09-27,RAV4,33619.11,3.86,Completed
287687,3,2017-09-07,Highlander,71138.99,5.69,Completed
287688,3,2017-09-22,Corolla,29738.17,5.69,Completed
287689,1,2017-09-19,Tundra,45944.21,5.24,Completed
287690,12,2017-09-07,Corolla,25700.76,5.65,Completed
287691,2,2017-09-07,RAV4,35825.29,4.0,Completed
287692,17,2017-09-11,Tundra,34298.47,4.51,Completed
287693,1,2017-09-04,Sienna,40500.46,5.24,Completed
287694,6,2017-09-30,RAV4,30756.64,3.86,Completed
287695,5,2017-09-21,Tacoma,33660.04,5.34,Pending
287696,18,2017-09-24,RAV4,51299.53,5.68,Completed
287697,15,2017-09-26,Sienna,49855.74,4.86,Completed
287698,10,2017-09-19,Corolla,19615.2,4.88,Completed
287699,16,2017-09-17,Tacoma,46196.13,6.06,Completed
287700,11,2017-09-04,Camry,26511.1,4.16,Pending
287701,15,2017-09-16,Tacoma,42170.19,4.86,Completed
287702,20,2017-09-23,Camry,36990.25,5.77,Completed
287703,1,2017-09-17,Tundra,42610.24,5.24,Completed
287704,16,2017-09-21,Tacoma,40073.45,6.06,Completed
287705,14,2017-09-25,Tundra,47150.64,5.1,Completed
287706,18,2017-09-11,Tacoma,46805.77,5.68,Completed
287707,12,2017-09-25,Corolla,26985.27,5.65,Completed
287708,5,2017-09-22,Tacoma,38924.58,5.34,Completed
287709,11,2017-09-28,Corolla,22827.84,4.16,Completed
287710,4,2017-09-13,Corolla,20860.88,3.81,Cancelled
287711,4,2017-09-10,Prius,23080.33,3.81,Completed
287712,1,2017-09-21,Corolla,22925.8,5.24,Completed
287713,9,2017-09-21,Corolla,21702.05,4.4,Completed
287714,17,2017-09-01,Highlander,44252.66,4.51,Completed
287715,20,2017-09-16,Sienna,53687.66,5.77,Completed
287716,11,2017-09-22,Prius,22167.53,4.16,Completed
287717,19,2017-09-29,Tundra,43549.52,5.48,Completed
287718,9,2017-09-28,Tacoma,33738.37,4.4,Completed
287719,3,2017-09-27,Tacoma,40470.82,5.69,Completed
287720,19,2017-09-20,Tundra,39779.39,5.48,Completed
287721,15,2017-09-08,Corolla,28052.77,4.86,Completed
287722,4,2017-09-26,RAV4,29569.29,3.81,Completed
287723,8,2017-09-27,Highlander,64471.87,5.84,Completed
287724,9,2017-09-12,Highlander,46141.68,4.4,Completed
287725,13,2017-09-22,Camry,42915.45,5.61,Completed
287726,17,2017-09-22,RAV4,30997.73,4.51,Completed
287727,1,2017-09-28,RAV4,39736.03,5.24,Completed
287728,8,2017-09-05,Corolla,27739.46,5.84,Completed
287729,10,2017-09-15,Corolla,22206.98,4.88,Completed
287730,8,2017-09-07,Highlander,59296.99,5.84,Completed
287731,10,2017-09-13,Tacoma,30453.13,4.88,Completed
287732,8,2017-09-21,RAV4,44322.0,5.84,Cancelled
287733,16,2017-09-18,Sienna,49506.45,6.06,Completed
287734,2,2017-09-15,Tacoma,32352.88,4.0,Pending
287735,12,2017-09-23,Highlander,60344.02,5.65,Completed
287736,17,2017-09-14,RAV4,31775.49,4.51,Completed
287737,7,2017-09-04,Tacoma,38898.63,5.39,Completed
287738,8,2017-09-21,Prius,29874.42,5.84,Completed
287739,9,2017-09-07,RAV4,33407.27,4.4,Completed
287740,14,2017-09-06,Sienna,44121.55,5.1,Completed
287741,9,2017-09-24,RAV4,31957.01,4.4,Completed
287742,7,2017-09-16,Tundra,55798.09,5.39,Pending
287743,4,2017-09-15,Sienna,33175.61,3.81,Completed
287744,5,2017-09-16,RAV4,40914.23,5.34,Completed
287745,17,2017-09-26,Prius,21505.79,4.51,Pending
287746,9,2017-09-24,RAV4,33847.57,4.4,Completed
287747,8,2017-09-23,Tacoma,44152.6,5.84,Completed
287748,15,2017-09-30,Sienna,48329.24,4.86,Completed
287749,9,2017-09-24,Sienna,35671.44,4.4,Completed
287750,16,2017-09-05,Corolla,28702.25,6.06,Completed
287751,1,2017-09-16,Tacoma,36833.32,5.24,Completed
287752,14,2017-09-08,Corolla,27372.7,5.1,Completed
287753,19,2017-09-24,Tundra,47851.81,5.48,Completed
287754,18,2017-09-09,Corolla,31396.07,5.68,Completed
287755,6,2017-09-10,Tundra,35215.95,3.86,Completed
287756,18,2017-09-15,Prius,36600.97,5.68,Completed
287757,1,2017-09-19,Corolla,23195.11,5.24,Completed
287758,1,2017-09-11,Corolla,25691.7,5.24,Completed
287759,14,2017-09-26,Highlander,58006.26,5.1,Completed
287760,8,2017-09-12,Camry,41284.53,5.84,Completed
287761,10,2017-09-27,Sienna,41223.62,4.88,Completed
287762,8,2017-09-09,Sienna,47326.85,5.84,Completed
287763,9,2017-09-26,RAV4,32497.88,4.4,Completed
287764,5,2017-09-14,Highlander,58921.85,5.34,Completed
287765,2,2017-09-15,Tacoma,34365.78,4.0,Completed
287766,9,2017-09-30,Prius,23682.91,4.4,Completed
287767,15,2017-09-29,Tacoma,41617.93,4.86,Completed
287768,18,2017-09-24,Camry,42931.88,5.68,Completed
287769,14,2017-09-08,Tacoma,41448.39,5.1,Completed
287770,18,2017-09-13,Corolla,32333.48,5.68,Completed
287771,17,2017-09-17,RAV4,32831.81,4.51,Completed
287772,11,2017-09-23,Corolla,22006.61,4.16,Cancelled
287773,16,2017-09-06,Corolla,27199.75,6.06,Pending
287774,3,2017-09-06,RAV4,51624.51,5.69,Pending
287775,4,2017-09-20,Prius,22209.52,3.81,Completed
287776,7,2017-09-06,Highlander,65795.46,5.39,Completed
287777,3,2017-09-23,Corolla,30343.88,5.69,Completed
287778,12,2017-09-11,Sienna,46513.31,5.65,Completed
287779,1,2017-09-23,RAV4,39125.48,5.24,Completed
287780,13,2017-09-09,Tundra,52276.52,5.61,Completed
287781,9,2017-09-16,Camry,29461.37,4.4,Completed
287782,17,2017-09-28,RAV4,29132.14,4.51,Completed
287783,4,2017-09-18,Camry,24686.77,3.81,Completed
287784,20,2017-09-11,Tacoma,45644.44,5.77,Completed
287785,20,2017-09-30,RAV4,43166.92,5.77,Completed
287786,17,2017-09-08,Prius,21017.07,4.51,Completed
287787,1,2017-09-30,Tacoma,35276.87,5.24,Completed
287788,18,2017-09-13,Sienna,51655.06,5.68,Completed
287789,17,2017-09-16,Tundra,33362.05,4.51,Completed
287790,7,2017-09-09,Camry,42353.9,5.39,Completed
287791,13,2017-09-26,Highlander,68465.0,5.61,Completed
287792,17,2017-09-12,Tundra,32941.44,4.51,Completed
287793,6,2017-09-17,RAV4,33140.38,3.86,Completed
287794,17,2017-09-14,Camry,26660.02,4.51,Completed
287795,8,2017-09-13,Sienna,52296.64,5.84,Completed
287796,8,2017-09-03,Camry,42212.04,5.84,Completed
287797,6,2017-09-29,Sienna,38652.09,3.86,Completed
287798,7,2017-09-28,Camry,41234.03,5.39,Completed
287799,18,2017-09-13,Camry,39653.85,5.68,Completed
287800,10,2017-09-06,Prius,26108.42,4.88,Completed
287801,7,2017-09-30,Highlander,62679.4,5.39,Completed
287802,14,2017-09-16,RAV4,41896.21,5.1,Completed
287803,18,2017-09-25,RAV4,45499.06,5.68,Completed
287804,13,2017-09-26,Highlander,68998.53,5.61,Completed
287805,12,2017-09-20,Tundra,54042.54,5.65,Completed
287806,17,2017-09-18,Camry,27668.29,4.51,Completed
287807,10,2017-09-12,Sienna,41178.47,4.88,Completed
287808,1,2017-09-25,Prius,28975.68,5.24,Completed
287809,6,2017-09-26,Sienna,33630.65,3.86,Completed
287810,6,2017-09-24,Tacoma,28323.37,3.86,Completed
287811,13,2017-09-04,RAV4,45169.95,5.61,Completed
287812,6,2017-09-17,Highlander,43152.51,3.86,Completed
287813,4,2017-09-29,RAV4,32731.82,3.81,Completed
287814,4,2017-09-20,Corolla,21099.34,3.81,Completed
287815,2,2017-09-29,Prius,27151.58,4.0,Completed
287816,17,2017-09-24,RAV4,31308.72,4.51,Completed
287817,6,2017-09-27,Corolla,18619.43,3.86,Completed
287818,8,2017-09-19,Tundra,53449.3,5.84,Pending
287819,13,2017-09-04,Tundra,55786.82,5.61,Completed
287820,13,2017-09-25,Camry,42880.32,5.61,Pending
287821,7,2017-09-21,Tundra,52460.44,5.39,Pending
287822,4,2017-09-06,Tundra,35719.94,3.81,Completed
287823,2,2017-09-09,RAV4,37596.92,4.0,Completed
287824,12,2017-09-08,Corolla,29333.61,5.65,Completed
287825,9,2017-09-14,Tacoma,32205.18,4.4,Completed
287826,10,2017-09-05,Prius,25499.83,4.88,Completed
287827,4,2017-09-16,Prius,20841.18,3.81,Completed
287828,1,2017-09-20,Sienna,40226.71,5.24,Completed
287829,8,2017-09-02,RAV4,46357.48,5.84,Completed
287830,12,2017-09-17,Sienna,47506.11,5.65,Completed
287831,3,2017-09-08,RAV4,48953.13,5.69,Completed
287832,1,2017-09-05,RAV4,35977.85,5.24,Completed
287833,12,2017-09-28,Prius,29219.83,5.65,Completed
287834,10,2017-09-17,Sienna,38367.43,4.88,Completed
287835,6,2017-09-24,Prius,21325.06,3.86,Completed
287836,17,2017-09-14,Tundra,37443.17,4.51,Completed
287837,1,2017-09-08,Corolla,24432.26,5.24,Completed
287838,5,2017-09-04,Highlander,57358.46,5.34,Completed
287839,9,2017-09-14,Tundra,37418.16,4.4,Completed
287840,16,2017-09-03,Highlander,62563.19,6.06,Completed
287841,16,2017-09-02,Highlander,61792.32,6.06,Completed
287842,11,2017-09-13,Corolla,21090.91,4.16,Completed
287843,8,2017-09-14,Tacoma,46283.88,5.84,Completed
287844,3,2017-09-15,Prius,35088.7,5.69,Completed
287845,8,2017-09-18,RAV4,43188.06,5.84,Completed
287846,6,2017-09-06,Tundra,33942.83,3.86,Completed
287847,8,2017-09-12,Tacoma,38667.22,5.84,Completed
287848,17,2017-09-25,Tacoma,29302.39,4.51,Completed
287849,18,2017-09-30,Tacoma,47454.32,5.68,Completed
287850,9,2017-09-17,Tacoma,28120.88,4.4,Completed
287851,19,2017-09-14,Sienna,44540.0,5.48,Completed
287852,6,2017-09-17,Tacoma,28031.0,3.86,Completed
287853,17,2017-09-03,Tacoma,32434.99,4.51,Completed
287854,2,2017-09-25,Highlander,46623.66,4.0,Completed
287855,2,2017-09-17,Highlander,51639.48,4.0,Completed
287856,6,2017-09-04,Camry,27652.61,3.86,Completed
287857,17,2017-09-25,Highlander,47808.86,4.51,Completed
287858,3,2017-09-19,Tacoma,47388.7,5.69,Completed
287859,16,2017-09-13,RAV4,47922.74,6.06,Completed
287860,14,2017-09-26,RAV4,47771.12,5.1,Completed
287861,14,2017-09-19,Corolla,26900.89,5.1,Completed
287862,9,2017-09-10,Tundra,39478.31,4.4,Completed
287863,5,2017-09-12,Sienna,44780.92,5.34,Completed
287864,3,2017-09-02,Highlander,62902.8,5.69,Completed
287865,20,2017-09-23,RAV4,45409.55,5.77,Completed
287866,18,2017-09-21,Camry,41633.61,5.68,Completed
287867,8,2017-09-25,RAV4,48644.3,5.84,Completed
287868,6,2017-09-11,Prius,22556.44,3.86,Completed
287869,3,2017-09-23,Highlander,66826.03,5.69,Completed
287870,5,2017-09-15,RAV4,37992.17,5.34,Completed
287871,15,2017-09-27,Prius,33421.01,4.86,Completed
287872,3,2017-09-29,Sienna,56013.35,5.69,Completed
287873,12,2017-09-05,RAV4,46340.35,5.65,Completed
287874,6,2017-09-23,RAV4,29851.38,3.86,Completed
287875,4,2017-09-30,Tacoma,26993.01,3.81,Completed
287876,19,2017-09-28,Camry,33317.93,5.48,Completed
287877,12,2017-09-14,RAV4,45666.41,5.65,Completed
287878,9,2017-09-18,Highlander,48483.83,4.4,Completed
287879,6,2017-09-20,Camry,25697.65,3.86,Completed
287880,2,2017-09-26,Sienna,35191.09,4.0,Completed
287881,3,2017-09-16,Corolla,29972.02,5.69,Completed
287882,3,2017-09-20,Tundra,48611.93,5.69,Completed
287883,6,2017-09-17,Tacoma,27896.04,3.86,Completed
287884,15,2017-09-02,Highlander,68849.06,4.86,Pending
287885,2,2017-09-01,Tacoma,32930.47,4.0,Completed
287886,16,2017-09-29,Camry,38071.14,6.06,Completed
287887,7,2017-09-08,RAV4,46292.94,5.39,Completed
287888,13,2017-09-19,Sienna,51350.85,5.61,Completed
287889,14,2017-09-19,Tundra,43951.82,5.1,Completed
287890,6,2017-09-30,Tundra,34562.38,3.86,Completed
287891,4,2017-09-11,Camry,26919.64,3.81,Completed
287892,20,2017-09-22,Tundra,51891.14,5.77,Completed
287893,12,2017-09-04,Tacoma,44598.18,5.65,Completed
287894,8,2017-09-25,Highlander,62491.4,5.84,Completed
287895,19,2017-09-01,Corolla,27424.74,5.48,Completed
287896,7,2017-09-23,Sienna,53921.99,5.39,Completed
287897,10,2017-09-15,Highlander,43411.81,4.88,Completed
287898,15,2017-09-24,Camry,42510.4,4.86,Completed
287899,16,2017-09-04,Corolla,31190.06,6.06,Completed
287900,16,2017-09-22,Highlander,64926.44,6.06,Completed
287901,8,2017-09-30,Prius,32784.35,5.84,Completed
287902,16,2017-09-04,Tacoma,40135.93,6.06,Completed
287903,5,2017-09-09,Sienna,44431.0,5.34,Completed
287904,16,2017-09-19,Corolla,27967.8,6.06,Completed
287905,17,2017-09-14,RAV4,33085.97,4.51,Completed
287906,3,2017-09-21,Tundra,55780.23,5.69,Completed
287907,14,2017-09-11,Highlander,58190.56,5.1,Completed
287908,11,2017-09-22,Tundra,33761.22,4.16,Pending
287909,17,2017-09-14,Corolla,18278.15,4.51,Completed
287910,9,2017-09-21,Highlander,47810.7,4.4,Completed
287911,19,2017-09-15,Tundra,46780.93,5.48,Cancelled
287912,19,2017-09-27,Prius,29229.55,5.48,Completed
287913,5,2017-09-28,Tundra,43316.22,5.34,Completed
287914,19,2017-09-05,Tundra,39587.36,5.48,Completed
287915,3,2017-09-06,Camry,42653.98,5.69,Completed
287916,14,2017-09-04,RAV4,41495.12,5.1,Completed
287917,1,2017-09-01,Tacoma,37740.07,5.24,Completed
287918,18,2017-09-15,Highlander,69715.06,5.68,Completed
287919,8,2017-09-07,Prius,30869.5,5.84,Completed
287920,16,2017-09-10,Corolla,29096.35,6.06,Completed
287921,16,2017-09-15,Highlander,60115.78,6.06,Completed
287922,12,2017-09-29,Sienna,52774.42,5.65,Completed
287923,4,2017-09-04,Highlander,44152.32,3.81,Completed
287924,8,2017-09-06,Prius,35690.67,5.84,Completed
287925,20,2017-09-06,Prius,33098.51,5.77,Completed
287926,12,2017-09-21,Prius,30919.54,5.65,Completed
287927,17,2017-09-30,Tundra,37677.58,4.51,Completed
287928,16,2017-09-17,Prius,34787.66,6.06,Completed
287929,20,2017-09-04,Highlander,58511.0,5.77,Completed
287930,18,2017-09-03,Tundra,54349.15,5.68,Completed
287931,7,2017-09-06,Tundra,55221.43,5.39,Completed
287932,2,2017-09-06,Highlander,47924.68,4.0,Completed
287933,1,2017-09-17,Camry,35181.72,5.24,Completed
287934,3,2017-09-28,Corolla,31112.41,5.69,Completed
287935,5,2017-09-21,Prius,28423.51,5.34,Completed
287936,10,2017-09-03,Tundra,38054.27,4.88,Completed
287937,19,2017-09-19,Tundra,43679.55,5.48,Completed
287938,9,2017-09-08,Prius,23473.42,4.4,Completed
287939,9,2017-09-10,Highlander,50248.32,4.4,Completed
287940,2,2017-09-09,Corolla,23740.58,4.0,Completed
287941,13,2017-09-23,Tacoma,41230.74,5.61,Completed
287942,7,2017-09-04,Prius,35093.71,5.39,Completed
287943,9,2017-09-14,Tundra,39873.34,4.4,Completed
287944,12,2017-09-04,Prius,31235.94,5.65,Completed
287945,12,2017-09-12,Corolla,28201.76,5.65,Cancelled
287946,7,2017-09-30,Tundra,51145.55,5.39,Pending
287947,1,2017-09-09,Tacoma,37830.19,5.24,Completed
287948,9,2017-09-06,Corolla,19683.79,4.4,Completed
287949,5,2017-09-13,Camry,32828.55,5.34,Completed
287950,6,2017-09-13,Sienna,34187.23,3.86,Completed
287951,15,2017-09-16,Highlander,66916.55,4.86,Completed
287952,10,2017-09-20,Sienna,36787.88,4.88,Completed
287953,10,2017-09-16,Tundra,38035.37,4.88,Completed
287954,16,2017-09-23,Corolla,32096.76,6.06,Completed
287955,8,2017-09-04,Sienna,49417.03,5.84,Completed
287956,4,2017-09-18,Highlander,43832.53,3.81,Completed
287957,11,2017-09-30,Camry,27127.14,4.16,Completed
287958,14,2017-09-23,Tacoma,39629.12,5.1,Completed
287959,11,2017-09-15,Tundra,34762.75,4.16,Completed
287960,20,2017-09-23,Highlander,66703.74,5.77,Completed
287961,3,2017-09-19,Sienna,53488.59,5.69,Pending
287962,6,2017-09-06,Corolla,21628.86,3.86,Completed
287963,15,2017-09-08,Tacoma,40634.23,4.86,Completed
287964,2,2017-09-04,Highlander,51696.79,4.0,Completed
287965,3,2017-09-08,Tundra,48480.38,5.69,Completed
287966,11,2017-09-23,RAV4,32648.96,4.16,Completed
287967,17,2017-09-24,Camry,27083.93,4.51,Completed
287968,10,2017-09-25,Camry,28031.7,4.88,Completed
287969,17,2017-09-10,RAV4,33122.58,4.51,Completed
287970,4,2017-09-27,Corolla,18671.64,3.81,Completed
287971,19,2017-09-18,Camry,34876.84,5.48,Completed
287972,13,2017-09-03,Camry,38203.82,5.61,Completed
287973,9,2017-09-21,Tundra,39336.0,4.4,Completed
287974,11,2017-09-05,Highlander,43046.33,4.16,Completed
287975,15,2017-09-16,Tundra,49391.38,4.86,Completed
287976,1,2017-09-11,Sienna,43936.77,5.24,Completed
287977,10,2017-09-30,Camry,29508.36,4.88,Completed
287978,12,2017-09-15,Corolla,25633.75,5.65,Completed
287979,16,2017-09-14,Highlander,63851.92,6.06,Pending
287980,12,2017-09-11,Highlander,63980.6,5.65,Completed
287981,2,2017-09-03,RAV4,38120.16,4.0,Completed
287982,18,2017-09-24,Corolla,32676.48,5.68,Completed
287983,1,2017-09-30,Tundra,41720.81,5.24,Completed
287984,10,2017-09-29,Sienna,36438.76,4.88,Completed
287985,19,2017-09-08,Sienna,44455.94,5.48,Completed
287986,5,2017-09-20,Camry,34654.1,5.34,Completed
287987,17,2017-09-10,Camry,24981.68,4.51,Completed
287988,16,2017-09-22,Prius,32748.63,6.06,Completed
287989,16,2017-09-12,Camry,41225.96,6.06,Completed
287990,20,2017-09-15,Highlander,61063.0,5.77,Completed
287991,16,2017-09-01,Tacoma,40890.25,6.06,Completed
287992,2,2017-09-24,Camry,28240.4,4.0,Completed
287993,15,2017-09-17,Corolla,26915.18,4.86,Completed
287994,10,2017-09-25,Corolla,22008.3,4.88,Completed
287995,10,2017-09-05,Sienna,38934.88,4.88,Completed
287996,4,2017-09-01,Prius,22144.91,3.81,Completed
287997,5,2017-09-16,Corolla,23739.36,5.34,Completed
287998,10,2017-09-30,Tundra,35134.64,4.88,Completed
287999,14,2017-09-07,Camry,39066.09,5.1,Completed
288000,2,2017-09-15,Highlander,49154.35,4.0,Completed
288001,10,2017-09-10,Prius,26446.04,4.88,Completed
288002,18,2017-09-26,Tundra,50748.35,5.68,Completed
288003,5,2017-09-25,Corolla,25350.73,5.34,Completed
288004,3,2017-09-20,Tundra,50170.01,5.69,Completed
288005,20,2017-09-15,Tacoma,44680.13,5.77,Completed
288006,16,2017-09-11,Corolla,30712.54,6.06,Completed
288007,8,2017-09-21,Corolla,26460.83,5.84,Completed
288008,18,2017-09-20,Camry,46104.47,5.68,Completed
288009,13,2017-09-02,Camry,40072.72,5.61,Completed
288010,1,2017-09-05,Camry,30089.56,5.24,Completed
288011,4,2017-09-23,Tundra,34142.09,3.81,Completed
288012,11,2017-09-04,Corolla,23050.94,4.16,Completed
288013,12,2017-09-13,Corolla,28020.51,5.65,Completed
288014,15,2017-09-30,Sienna,44723.41,4.86,Completed
288015,12,2017-09-29,RAV4,47831.59,5.65,Completed
288016,1,2017-09-25,Tacoma,37702.45,5.24,Completed
288017,17,2017-09-26,RAV4,32932.49,4.51,Cancelled
288018,2,2017-09-13,Highlander,46808.91,4.0,Completed
288019,12,2017-09-08,Highlander,58079.37,5.65,Completed
288020,17,2017-09-02,Camry,25327.51,4.51,Completed
288021,11,2017-09-28,Camry,29347.22,4.16,Completed
288022,9,2017-09-22,Prius,21905.1,4.4,Completed
288023,14,2017-09-30,Sienna,51718.94,5.1,Completed
288024,5,2017-09-20,Camry,34678.88,5.34,Completed
288025,19,2017-09-22,Tacoma,34038.04,5.48,Completed
288026,6,2017-09-16,RAV4,32032.23,3.86,Completed
288027,3,2017-09-22,Camry,44556.4,5.69,Completed
288028,14,2017-09-21,Sienna,52607.38,5.1,Completed
288029,10,2017-09-29,Corolla,20365.76,4.88,Completed
288030,19,2017-09-30,Corolla,27248.52,5.48,Completed
288031,13,2017-09-02,Corolla,32342.47,5.61,Completed
288032,18,2017-09-30,Tacoma,47707.4,5.68,Completed
288033,7,2017-09-09,Tundra,54411.38,5.39,Cancelled
288034,15,2017-09-13,Sienna,47714.51,4.86,Completed
288035,14,2017-09-12,Tacoma,42863.79,5.1,Completed
288036,19,2017-09-02,Tundra,47611.38,5.48,Completed
288037,2,2017-09-18,Corolla,23133.65,4.0,Completed
288038,4,2017-09-22,Highlander,41657.36,3.81,Completed
288039,1,2017-09-29,Highlander,53235.11,5.24,Completed
288040,20,2017-09-24,Tundra,49877.07,5.77,Cancelled
288041,16,2017-09-28,RAV4,46878.92,6.06,Completed
288042,12,2017-09-15,Sienna,49055.4,5.65,Completed
288043,7,2017-09-16,Tacoma,45573.71,5.39,Completed
288044,7,2017-09-17,Sienna,53618.93,5.39,Completed
288045,3,2017-09-26,Prius,31357.02,5.69,Pending
288046,14,2017-09-19,Highlander,57845.78,5.1,Completed
288047,3,2017-09-01,Tacoma,42904.65,5.69,Completed
288048,14,2017-09-02,Camry,35788.95,5.1,Completed
288049,10,2017-09-11,Tacoma,33759.98,4.88,Completed
288050,6,2017-09-05,Tacoma,32839.27,3.86,Completed
288051,3,2017-09-27,Corolla,32703.21,5.69,Completed
288052,16,2017-09-20,Highlander,63334.63,6.06,Completed
288053,6,2017-09-02,Sienna,36270.85,3.86,Completed
288054,20,2017-09-24,Camry,39212.74,5.77,Completed
288055,18,2017-09-03,Camry,40129.83,5.68,Completed
288056,2,2017-09-04,Tundra,35560.28,4.0,Completed
288057,3,2017-09-19,Tundra,53995.88,5.69,Completed
288058,17,2017-09-09,Highlander,49142.94,4.51,Completed
288059,4,2017-09-22,RAV4,33398.25,3.81,Completed
288060,12,2017-09-28,Sienna,46525.67,5.65,Completed
288061,1,2017-09-05,Highlander,53250.6,5.24,Completed
288062,3,2017-09-21,Highlander,62379.82,5.69,Completed
288063,6,2017-09-02,Tacoma,28898.36,3.86,Completed
288064,11,2017-09-06,Corolla,21728.03,4.16,Completed
288065,17,2017-09-29,Tacoma,28628.84,4.51,Completed
288066,1,2017-09-07,Prius,25462.01,5.24,Completed
288067,1,2017-09-06,Tundra,38368.81,5.24,Completed
288068,10,2017-09-04,Prius,24517.75,4.88,Completed
288069,16,2017-09-09,Tacoma,40165.9,6.06,Completed
288070,11,2017-09-22,Corolla,21472.8,4.16,Completed
288071,9,2017-09-27,RAV4,32693.42,4.4,Completed
288072,9,2017-09-30,Camry,26937.05,4.4,Completed
288073,2,2017-09-18,Tundra,36856.22,4.0,Completed
288074,5,2017-09-10,Sienna,40773.84,5.34,Completed
288075,15,2017-09-26,RAV4,49192.42,4.86,Completed
288076,18,2017-09-14,Corolla,29946.19,5.68,Completed
288077,18,2017-09-16,Sienna,51426.19,5.68,Completed
288078,18,2017-09-28,Tacoma,45900.05,5.68,Completed
288079,20,2017-09-18,Tundra,48727.72,5.77,Completed
288080,12,2017-09-13,Sienna,46206.79,5.65,Completed
288081,8,2017-09-20,Corolla,28365.85,5.84,Completed
288082,17,2017-09-09,Highlander,47013.03,4.51,Pending
288083,6,2017-09-20,Highlander,45081.19,3.86,Completed
288084,6,2017-09-14,RAV4,33048.32,3.86,Completed
288085,5,2017-09-07,RAV4,35192.28,5.34,Completed
288086,16,2017-09-15,Highlander,59615.26,6.06,Completed
288087,10,2017-09-08,Sienna,37221.89,4.88,Completed
288088,17,2017-09-03,Camry,29237.07,4.51,Completed
288089,2,2017-09-22,Corolla,21042.64,4.0,Completed
288090,11,2017-09-22,Tacoma,32515.03,4.16,Completed
288091,8,2017-09-09,Tacoma,43701.47,5.84,Completed
288092,1,2017-09-23,Camry,31513.32,5.24,Completed
288093,15,2017-09-18,Tacoma,40364.02,4.86,Completed
288094,13,2017-09-19,Prius,35865.63,5.61,Completed
288095,13,2017-09-29,Prius,33382.06,5.61,Completed
288096,9,2017-09-22,Sienna,33181.17,4.4,Completed
288097,5,2017-09-06,Camry,36056.83,5.34,Completed
288098,9,2017-09-20,Corolla,22149.45,4.4,Completed
288099,1,2017-09-19,Highlander,52449.85,5.24,Completed
288100,5,2017-09-30,Highlander,56462.7,5.34,Completed
288101,10,2017-09-28,Tacoma,31068.83,4.88,Completed
288102,13,2017-09-06,Camry,42403.64,5.61,Pending
288103,20,2017-09-01,Corolla,26527.06,5.77,Completed
288104,1,2017-09-17,Tundra,42073.47,5.24,Completed
288105,17,2017-09-10,Sienna,37960.08,4.51,Completed
288106,5,2017-09-27,Sienna,38799.31,5.34,Completed
288107,11,2017-09-05,Prius,23751.13,4.16,Completed
288108,12,2017-09-12,Camry,42432.42,5.65,Completed
288109,15,2017-09-27,Tacoma,38118.63,4.86,Completed
288110,9,2017-09-04,Camry,30485.53,4.4,Completed
288111,6,2017-09-08,Tundra,34216.71,3.86,Pending
288112,2,2017-09-05,Tacoma,31264.88,4.0,Completed
288113,14,2017-09-29,RAV4,44213.79,5.1,Completed
288114,5,2017-09-21,Prius,29580.05,5.34,Completed
288115,7,2017-09-09,Tundra,47414.01,5.39,Completed
288116,1,2017-09-18,Tacoma,33803.01,5.24,Completed
288117,17,2017-09-09,Prius,22389.63,4.51,Pending
288118,12,2017-09-28,Sienna,44902.77,5.65,Completed
288119,19,2017-09-10,Tundra,47567.54,5.48,Completed
288120,19,2017-09-24,Highlander,55020.46,5.48,Completed
288121,10,2017-09-05,Tacoma,31285.03,4.88,Completed
288122,20,2017-09-14,Camry,39619.8,5.77,Pending
288123,1,2017-09-11,Prius,29442.75,5.24,Completed
288124,10,2017-09-02,Prius,23859.1,4.88,Completed
288125,17,2017-09-04,Tacoma,28289.95,4.51,Completed
288126,16,2017-09-03,Prius,35722.3,6.06,Completed
288127,20,2017-09-03,Camry,37038.94,5.77,Completed
288128,16,2017-09-30,RAV4,47759.59,6.06,Completed
288129,14,2017-09-17,RAV4,48158.75,5.1,Completed
288130,2,2017-09-01,Tacoma,33842.2,4.0,Completed
288131,17,2017-09-13,Prius,21030.2,4.51,Completed
288132,10,2017-09-04,RAV4,33036.7,4.88,Completed
288133,13,2017-09-12,Tacoma,42758.59,5.61,Completed
288134,3,2017-09-01,Camry,40882.83,5.69,Completed
288135,11,2017-09-09,Sienna,38768.47,4.16,Completed
288136,10,2017-09-29,Highlander,45041.18,4.88,Completed
288137,16,2017-09-03,Corolla,28532.39,6.06,Completed
288138,8,2017-09-17,Tundra,53036.08,5.84,Cancelled
288139,18,2017-09-15,Tundra,52282.98,5.68,Completed
288140,5,2017-09-06,Camry,32405.45,5.34,Completed
288141,1,2017-09-16,Tundra,38667.17,5.24,Completed
288142,8,2017-09-07,Corolla,26299.27,5.84,Completed
288143,5,2017-09-18,Sienna,43810.54,5.34,Completed
288144,3,2017-09-21,Camry,38087.93,5.69,Completed
288145,14,2017-09-20,Tundra,52067.42,5.1,Completed
288146,13,2017-09-29,Highlander,61843.68,5.61,Completed
288147,14,2017-09-19,Sienna,52280.73,5.1,Completed
288148,5,2017-09-26,Prius,30225.49,5.34,Completed
288149,10,2017-09-26,Sienna,39465.91,4.88,Completed
288150,3,2017-09-20,Corolla,29522.76,5.69,Completed
288151,15,2017-09-26,Tacoma,41828.79,4.86,Completed
288152,17,2017-09-28,Tacoma,32198.72,4.51,Completed
288153,16,2017-09-20,Tacoma,42856.64,6.06,Completed
288154,6,2017-09-01,Corolla,21026.51,3.86,Completed
288155,5,2017-09-07,Sienna,45403.09,5.34,Completed
288156,9,2017-09-08,Highlander,46155.91,4.4,Completed
288157,10,2017-09-04,Corolla,21970.82,4.88,Completed
288158,18,2017-09-11,Tundra,52034.38,5.68,Pending
288159,6,2017-09-22,Camry,27899.48,3.86,Completed
288160,1,2017-09-14,Tundra,42635.0,5.24,Completed
288161,6,2017-09-23,Highlander,45404.63,3.86,Completed
288162,17,2017-09-08,Corolla,18833.83,4.51,Completed
288163,3,2017-09-30,Tundra,55624.1,5.69,Completed
288164,13,2017-09-13,Sienna,53498.59,5.61,Completed
288165,6,2017-09-13,Prius,24210.52,3.86,Completed
288166,10,2017-09-10,Sienna,40643.36,4.88,Pending
288167,10,2017-09-16,Tacoma,33425.89,4.88,Completed
288168,17,2017-09-08,Highlander,40683.33,4.51,Completed
288169,18,2017-09-25,Highlander,74656.83,5.68,Completed
288170,5,2017-09-18,Corolla,23076.22,5.34,Completed
288171,15,2017-09-13,RAV4,44721.49,4.86,Completed
288172,19,2017-09-09,Highlander,54846.57,5.48,Completed
288173,15,2017-09-13,RAV4,47018.86,4.86,Completed
288174,10,2017-09-27,Prius,23427.89,4.88,Completed
288175,15,2017-09-03,RAV4,46699.73,4.86,Completed
288176,20,2017-09-29,Prius,33082.2,5.77,Completed
288177,20,2017-09-25,Corolla,29535.48,5.77,Completed
288178,7,2017-09-04,Prius,30574.73,5.39,Completed
288179,13,2017-09-22,Prius,35872.11,5.61,Completed
288180,9,2017-09-20,Tacoma,29793.76,4.4,Pending
288181,10,2017-09-14,Tundra,36261.34,4.88,Completed
288182,17,2017-09-27,Corolla,20361.2,4.51,Completed
288183,1,2017-09-01,Sienna,42386.79,5.24,Completed
288184,8,2017-09-14,Camry,41678.91,5.84,Completed
288185,6,2017-09-01,Sienna,37704.58,3.86,Completed
288186,16,2017-09-01,Tundra,47671.45,6.06,Cancelled
288187,3,2017-09-11,Prius,32517.64,5.69,Completed
288188,9,2017-09-10,Tacoma,27880.29,4.4,Completed
288189,11,2017-09-12,RAV4,30944.33,4.16,Completed
288190,18,2017-09-29,Corolla,32343.71,5.68,Completed
288191,19,2017-09-25,Camry,32028.51,5.48,Completed
288192,5,2017-09-07,RAV4,40392.24,5.34,Completed
288193,18,2017-09-16,Tundra,50805.93,5.68,Completed
288194,2,2017-09-21,Highlander,52436.74,4.0,Completed
288195,18,2017-09-11,RAV4,46357.06,5.68,Completed
288196,7,2017-09-28,Highlander,59439.85,5.39,Completed
288197,20,2017-09-12,RAV4,48299.21,5.77,Completed
288198,6,2017-09-22,Camry,28984.72,3.86,Completed
288199,4,2017-09-22,RAV4,31656.26,3.81,Completed
288200,20,2017-09-05,Tacoma,40708.29,5.77,Pending
288201,16,2017-09-08,Tacoma,40424.4,6.06,Completed
288202,16,2017-09-29,Tacoma,39213.67,6.06,Completed
288203,10,2017-09-09,RAV4,31098.69,4.88,Completed
288204,16,2017-09-27,Camry,36525.38,6.06,Cancelled
288205,5,2017-09-14,Tundra,44471.87,5.34,Completed
288206,16,2017-09-25,Corolla,28767.47,6.06,Completed
288207,18,2017-09-04,Prius,36593.05,5.68,Completed
288208,5,2017-09-19,Corolla,26086.3,5.34,Completed
288209,5,2017-09-28,Tacoma,34830.1,5.34,Completed
288210,11,2017-09-10,Sienna,38921.58,4.16,Completed
288211,3,2017-09-26,RAV4,51411.01,5.69,Completed
288212,6,2017-09-26,Sienna,35508.21,3.86,Completed
288213,10,2017-09-05,Highlander,44920.26,4.88,Completed
288214,1,2017-09-21,Camry,31004.76,5.24,Completed
288215,14,2017-09-07,Sienna,48244.48,5.1,Completed
288216,16,2017-09-13,Camry,41729.56,6.06,Completed
288217,10,2017-09-11,Highlander,51998.9,4.88,Completed
288218,6,2017-09-17,Sienna,34479.91,3.86,Completed
288219,8,2017-09-04,Camry,36415.1,5.84,Completed
288220,6,2017-09-02,Highlander,41544.36,3.86,Completed
288221,5,2017-09-16,RAV4,35767.24,5.34,Completed
288222,16,2017-09-18,Highlander,67335.41,6.06,Completed
288223,4,2017-09-10,Highlander,40066.88,3.81,Completed
288224,4,2017-09-12,Sienna,36004.25,3.81,Completed
288225,16,2017-09-03,Corolla,29145.29,6.06,Completed
288226,1,2017-09-19,Camry,33943.05,5.24,Completed
288227,17,2017-09-24,RAV4,29871.71,4.51,Completed
288228,12,2017-09-29,Camry,38807.4,5.65,Completed
288229,16,2017-09-13,Camry,42334.15,6.06,Completed
288230,9,2017-09-06,Prius,24228.64,4.4,Completed
288231,1,2017-09-06,Tacoma,35904.22,5.24,Completed
288232,1,2017-09-09,RAV4,35912.48,5.24,Completed
288233,17,2017-09-03,RAV4,30332.64,4.51,Completed
288234,12,2017-09-11,Sienna,47622.84,5.65,Completed
288235,9,2017-09-25,Tacoma,29425.54,4.4,Completed
288236,2,2017-09-19,Prius,23206.17,4.0,Completed
288237,7,2017-09-24,Sienna,53376.98,5.39,Completed
288238,13,2017-09-07,Sienna,50016.49,5.61,Completed
288239,15,2017-09-23,Prius,32380.46,4.86,Completed
288240,2,2017-09-21,Tacoma,30661.67,4.0,Completed
288241,20,2017-09-23,Prius,35091.56,5.77,Completed
288242,14,2017-09-21,Tacoma,43374.13,5.1,Cancelled
288243,16,2017-09-06,Camry,37689.71,6.06,Cancelled
288244,17,2017-09-22,Prius,25042.29,4.51,Completed
288245,7,2017-09-29,Camry,43010.7,5.39,Completed
288246,6,2017-09-26,Highlander,49753.7,3.86,Pending
288247,8,2017-09-05,Tundra,46556.9,5.84,Completed
288248,15,2017-09-27,Camry,36475.59,4.86,Completed
288249,13,2017-09-10,Tundra,56922.86,5.61,Completed
288250,8,2017-09-22,Highlander,61786.97,5.84,Completed
288251,9,2017-09-11,Sienna,34305.69,4.4,Completed
288252,15,2017-09-12,Prius,31654.01,4.86,Completed
288253,15,2017-09-02,Corolla,27215.96,4.86,Completed
288254,14,2017-09-14,Prius,31525.58,5.1,Completed
288255,20,2017-09-02,RAV4,49536.38,5.77,Completed
288256,18,2017-09-27,Highlander,67674.1,5.68,Completed
288257,5,2017-09-30,Camry,35461.75,5.34,Completed
288258,16,2017-09-22,Prius,32139.76,6.06,Completed
288259,11,2017-09-09,Camry,28261.01,4.16,Pending
288260,8,2017-09-26,RAV4,48619.73,5.84,Completed
288261,15,2017-09-11,Tundra,54541.63,4.86,Completed
288262,15,2017-09-23,RAV4,47313.97,4.86,Completed
288263,9,2017-09-14,Corolla,22748.91,4.4,Completed
288264,8,2017-09-03,Tacoma,42143.01,5.84,Completed
288265,2,2017-09-25,Highlander,44547.79,4.0,Completed
288266,18,2017-09-17,Corolla,30116.49,5.68,Completed
288267,9,2017-09-07,Sienna,37651.93,4.4,Completed
288268,12,2017-09-11,RAV4,43704.99,5.65,Completed
288269,15,2017-09-17,Corolla,26630.95,4.86,Completed
288270,6,2017-09-08,Corolla,22087.58,3.86,Completed
288271,13,2017-09-10,Camry,37162.28,5.61,Completed
288272,8,2017-09-17,Tundra,51513.64,5.84,Completed
288273,6,2017-09-02,Corolla,18997.44,3.86,Completed
288274,3,2017-09-26,Camry,38097.17,5.69,Completed
288275,16,2017-09-16,RAV4,51129.22,6.06,Completed
288276,17,2017-09-24,Tundra,35423.65,4.51,Completed
288277,9,2017-09-30,Prius,22748.76,4.4,Completed
288278,11,2017-09-10,Sienna,35811.44,4.16,Completed
288279,4,2017-09-13,Sienna,35195.68,3.81,Completed
288280,10,2017-09-03,Highlander,50073.32,4.88,Completed
288281,9,2017-09-02,Highlander,49424.31,4.4,Completed
288282,13,2017-09-18,Prius,36520.08,5.61,Completed
288283,5,2017-09-19,Tundra,46345.46,5.34,Completed
288284,2,2017-09-11,Tundra,37486.25,4.0,Completed
288285,15,2017-09-03,Tundra,53606.02,4.86,Completed
288286,3,2017-09-26,Highlander,71164.36,5.69,Completed
288287,18,2017-09-29,Tacoma,45276.68,5.68,Completed
288288,3,2017-09-16,Tacoma,42920.18,5.69,Completed
288289,20,2017-09-13,Prius,34039.61,5.77,Completed
288290,11,2017-09-02,Tacoma,28759.87,4.16,Completed
288291,18,2017-09-16,Sienna,58706.33,5.68,Completed
288292,8,2017-09-12,Corolla,31348.64,5.84,Completed
288293,13,2017-09-27,RAV4,51545.36,5.61,Completed
288294,19,2017-09-19,Tacoma,34389.59,5.48,Completed
288295,14,2017-09-26,Camry,39363.87,5.1,Completed
288296,20,2017-09-11,Tundra,48404.5,5.77,Completed
288297,16,2017-09-13,Tundra,54825.35,6.06,Completed
288298,5,2017-09-02,Sienna,40880.87,5.34,Completed
288299,19,2017-09-30,Corolla,24044.86,5.48,Completed
288300,12,2017-09-07,Prius,31324.52,5.65,Completed
288301,12,2017-09-07,Highlander,66502.53,5.65,Completed
288302,12,2017-09-18,Prius,33965.94,5.65,Cancelled
288303,5,2017-09-27,Tacoma,34638.42,5.34,Completed
288304,18,2017-09-22,Tacoma,41401.43,5.68,Completed
288305,12,2017-09-23,Highlander,66191.96,5.65,Completed
288306,15,2017-09-24,Tacoma,39569.4,4.86,Completed
288307,19,2017-09-01,Prius,27044.98,5.48,Completed
288308,8,2017-09-16,RAV4,47510.81,5.84,Completed
288309,13,2017-09-18,Tacoma,45921.98,5.61,Completed
288310,10,2017-09-04,Tacoma,32327.25,4.88,Completed
288311,2,2017-09-09,Prius,23442.41,4.0,Completed
288312,5,2017-09-18,Prius,29239.3,5.34,Completed
288313,12,2017-09-04,Prius,35108.46,5.65,Completed
288314,15,2017-09-23,Tundra,51434.35,4.86,Completed
288315,19,2017-09-02,Tacoma,37512.37,5.48,Completed
288316,8,2017-09-25,RAV4,41452.27,5.84,Completed
288317,16,2017-09-10,Prius,32598.29,6.06,Completed
288318,13,2017-09-14,Highlander,61460.31,5.61,Completed
288319,11,2017-09-29,Camry,31428.02,4.16,Completed
288320,6,2017-09-17,Tundra,32292.18,3.86,Completed
288321,20,2017-09-25,Corolla,26860.02,5.77,Completed
288322,13,2017-09-27,Corolla,32926.24,5.61,Completed
288323,14,2017-09-09,Highlander,59725.38,5.1,Completed
288324,11,2017-09-25,Tundra,35562.43,4.16,Completed
288325,2,2017-09-22,Camry,30736.64,4.0,Completed
288326,18,2017-09-26,RAV4,47999.29,5.68,Completed
288327,7,2017-09-27,Sienna,53026.67,5.39,Completed
288328,1,2017-09-18,Tacoma,36589.02,5.24,Completed
288329,11,2017-09-12,Corolla,20366.35,4.16,Completed
288330,18,2017-09-02,Tacoma,49452.04,5.68,Completed
288331,8,2017-09-18,RAV4,48089.59,5.84,Completed
288332,1,2017-09-29,Tacoma,32607.74,5.24,Completed
288333,4,2017-09-07,Camry,27966.75,3.81,Completed
288334,9,2017-09-14,RAV4,33078.05,4.4,Completed
288335,10,2017-09-01,Highlander,45245.03,4.88,Completed
288336,9,2017-09-29,Camry,29037.75,4.4,Completed
288337,9,2017-09-02,Sienna,38070.46,4.4,Completed
288338,14,2017-09-23,Tacoma,43446.17,5.1,Pending
288339,6,2017-09-11,Tacoma,29314.9,3.86,Completed
288340,6,2017-09-07,RAV4,29956.5,3.86,Completed
288341,11,2017-09-29,Prius,23432.48,4.16,Completed
288342,14,2017-09-19,Camry,36953.03,5.1,Completed
288343,10,2017-09-13,Highlander,48098.25,4.88,Completed
288344,15,2017-09-11,Camry,37909.68,4.86,Completed
288345,9,2017-09-21,Camry,27356.1,4.4,Completed
288346,15,2017-09-05,RAV4,47425.81,4.86,Completed
288347,12,2017-09-24,Corolla,28024.6,5.65,Completed
288348,11,2017-09-25,Tacoma,28469.58,4.16,Completed
288349,9,2017-09-01,RAV4,36447.63,4.4,Completed
288350,18,2017-09-30,Sienna,51901.68,5.68,Completed
288351,5,2017-09-10,Sienna,43434.64,5.34,Completed
288352,5,2017-09-28,Highlander,51891.03,5.34,Completed
288353,9,2017-09-08,Prius,22746.12,4.4,Completed
288354,5,2017-09-23,RAV4,40942.78,5.34,Completed
288355,18,2017-09-18,Prius,38236.29,5.68,Pending
288356,12,2017-09-18,Prius,34784.9,5.65,Completed
288357,6,2017-09-11,Tundra,36893.77,3.86,Completed
288358,2,2017-09-09,Tacoma,32609.76,4.0,Completed
288359,5,2017-09-10,Tundra,45547.67,5.34,Completed
288360,1,2017-09-23,Corolla,23997.98,5.24,Completed
288361,1,2017-09-26,Camry,32099.06,5.24,Completed
288362,15,2017-09-05,Highlander,68877.85,4.86,Completed
288363,11,2017-09-12,Tacoma,31365.88,4.16,Completed
288364,16,2017-09-04,Prius,34515.06,6.06,Completed
288365,15,2017-09-21,RAV4,42343.21,4.86,Completed
288366,18,2017-09-04,Prius,33443.42,5.68,Completed
288367,18,2017-09-07,Camry,38993.49,5.68,Completed
288368,14,2017-09-24,Tundra,46598.96,5.1,Completed
288369,6,2017-09-23,Tacoma,31398.18,3.86,Completed
288370,9,2017-09-27,Prius,21986.12,4.4,Completed
288371,17,2017-09-03,RAV4,32879.26,4.51,Completed
288372,15,2017-09-24,Tacoma,44303.13,4.86,Completed
288373,20,2017-09-15,Sienna,51151.62,5.77,Completed
288374,11,2017-09-02,Sienna,33097.38,4.16,Completed
288375,3,2017-09-04,Highlander,66332.71,5.69,Completed
288376,5,2017-09-14,Camry,32004.59,5.34,Completed
288377,16,2017-09-15,Tacoma,44091.46,6.06,Completed
288378,18,2017-09-12,Tundra,52544.56,5.68,Completed
288379,6,2017-09-07,Sienna,36380.5,3.86,Completed
288380,10,2017-09-19,Highlander,51039.91,4.88,Completed
288381,18,2017-09-13,Camry,40721.52,5.68,Completed
288382,4,2017-09-13,RAV4,33446.81,3.81,Cancelled
288383,9,2017-09-15,Corolla,19199.84,4.4,Completed
288384,11,2017-09-14,Camry,30028.23,4.16,Completed
288385,4,2017-09-05,RAV4,28928.91,3.81,Completed
288386,6,2017-09-23,Highlander,41905.74,3.86,Cancelled
288387,13,2017-09-28,Tacoma,42257.79,5.61,Completed
288388,14,2017-09-18,RAV4,44345.82,5.1,Completed
288389,10,2017-09-01,Prius,23791.41,4.88,Completed
288390,2,2017-09-10,Prius,22867.64,4.0,Completed
288391,14,2017-09-04,Camry,34277.11,5.1,Completed
288392,13,2017-09-07,Prius,30858.38,5.61,Completed
288393,17,2017-09-19,Highlander,46714.53,4.51,Completed
288394,16,2017-09-25,RAV4,42609.82,6.06,Completed
288395,13,2017-09-20,Corolla,27346.99,5.61,Completed
288396,4,2017-09-03,Tundra,36932.59,3.81,Completed
288397,10,2017-09-25,Tundra,34933.86,4.88,Completed
288398,2,2017-09-22,Sienna,41302.95,4.0,Completed
288399,6,2017-09-18,Tacoma,28033.72,3.86,Completed
288400,19,2017-09-17,Camry,32685.13,5.48,Completed
288401,20,2017-09-27,Prius,32023.87,5.77,Completed
288402,10,2017-09-12,Corolla,22008.45,4.88,Completed
288403,1,2017-09-07,Highlander,52697.54,5.24,Completed
288404,13,2017-09-13,Sienna,49170.77,5.61,Completed
288405,8,2017-09-09,Corolla,26244.51,5.84,Completed
288406,16,2017-09-16,Corolla,30261.86,6.06,Completed
288407,12,2017-09-02,Sienna,52608.68,5.65,Completed
288408,7,2017-09-15,Sienna,51032.05,5.39,Completed
288409,19,2017-09-05,Prius,28610.73,5.48,Completed
288410,1,2017-09-19,RAV4,37907.83,5.24,Pending
288411,19,2017-09-23,Prius,29794.88,5.48,Completed
288412,7,2017-09-18,Tacoma,45460.6,5.39,Completed
288413,14,2017-09-17,Camry,39910.04,5.1,Completed
288414,4,2017-09-24,RAV4,33865.48,3.81,Completed
288415,6,2017-09-15,RAV4,34432.39,3.86,Completed
288416,15,2017-09-03,Prius,29697.23,4.86,Completed
288417,18,2017-09-14,Prius,33046.5,5.68,Completed
288418,1,2017-09-11,Sienna,41959.04,5.24,Completed
288419,17,2017-09-14,Prius,23347.13,4.51,Completed
288420,13,2017-09-04,RAV4,47184.32,5.61,Completed
288421,2,2017-09-25,Corolla,19989.59,4.0,Completed
288422,8,2017-09-10,Sienna,51076.5,5.84,Completed
288423,7,2017-09-07,RAV4,46441.0,5.39,Completed
288424,7,2017-09-09,Sienna,55695.38,5.39,Completed
288425,13,2017-09-20,Tundra,49480.39,5.61,Completed
288426,1,2017-09-05,Sienna,43308.55,5.24,Completed
288427,7,2017-09-25,RAV4,46104.51,5.39,Completed
288428,2,2017-09-11,Camry,30477.62,4.0,Completed
288429,5,2017-09-21,Sienna,38657.29,5.34,Completed
288430,8,2017-09-24,Sienna,53913.78,5.84,Completed
288431,8,2017-09-05,Highlander,61134.8,5.84,Completed
288432,7,2017-09-08,Tundra,54599.41,5.39,Completed
288433,7,2017-09-23,Tundra,50395.7,5.39,Completed
288434,5,2017-09-11,Corolla,24841.7,5.34,Completed
288435,19,2017-09-12,Highlander,59812.29,5.48,Completed
288436,10,2017-09-10,Sienna,36571.54,4.88,Completed
288437,15,2017-09-01,Tacoma,39044.97,4.86,Completed
288438,10,2017-09-21,Tacoma,30476.53,4.88,Completed
288439,15,2017-09-06,Tundra,44949.67,4.86,Completed
288440,7,2017-09-28,Tacoma,42948.08,5.39,Completed
288441,3,2017-09-16,Tacoma,40485.9,5.69,Completed
288442,6,2017-09-10,Tacoma,27611.02,3.86,Completed
288443,5,2017-09-14,Corolla,25320.16,5.34,Completed
288444,5,2017-09-23,Corolla,22107.58,5.34,Completed
288445,20,2017-09-12,Prius,35166.9,5.77,Completed
288446,14,2017-09-08,Sienna,47013.62,5.1,Completed
288447,6,2017-09-14,Camry,25608.32,3.86,Completed
288448,2,2017-09-10,Camry,29825.4,4.0,Completed
288449,14,2017-09-25,Tacoma,36559.41,5.1,Completed
288450,14,2017-09-08,Prius,30307.87,5.1,Completed
288451,8,2017-09-30,Tundra,47528.04,5.84,Completed
288452,16,2017-09-11,Highlander,63878.44,6.06,Completed
288453,8,2017-09-24,Tundra,52301.71,5.84,Completed
288454,10,2017-09-02,Tundra,34799.89,4.88,Completed
288455,12,2017-09-24,Sienna,52193.82,5.65,Completed
288456,19,2017-09-11,Corolla,23094.15,5.48,Completed
288457,4,2017-09-07,RAV4,29356.49,3.81,Completed
288458,17,2017-09-17,RAV4,34744.11,4.51,Completed
288459,10,2017-09-08,Tacoma,30248.51,4.88,Completed
288460,16,2017-09-05,RAV4,51678.27,6.06,Completed
288461,13,2017-09-29,Prius,36198.74,5.61,Completed
288462,16,2017-09-01,Tundra,49056.7,6.06,Completed
288463,4,2017-09-26,Sienna,31440.66,3.81,Completed
288464,14,2017-09-26,Sienna,44322.87,5.1,Completed
288465,11,2017-09-23,Highlander,43827.59,4.16,Completed
288466,16,2017-09-03,Camry,43209.91,6.06,Completed
288467,6,2017-09-11,Tacoma,31639.01,3.86,Completed
288468,13,2017-09-12,Tacoma,41250.47,5.61,Completed
288469,6,2017-09-22,Corolla,19738.22,3.86,Completed
288470,5,2017-09-29,Corolla,25474.61,5.34,Completed
288471,12,2017-09-08,Tacoma,44327.52,5.65,Completed
