sale_id,sale_rep_id,sale_date,car_model,sale_amount,commission_pct,sale_status
580208,17,2021-07-01,Corolla,19735.97,4.51,Completed
580209,13,2021-07-25,Sienna,47903.32,5.61,Completed
580210,2,2021-07-17,Sienna,33734.16,4.0,Completed
580211,2,2021-07-11,Sienna,34789.82,4.0,Completed
580212,20,2021-07-23,Sienna,47470.61,5.77,Completed
580213,2,2021-07-17,Sienna,35751.28,4.0,Completed
580214,16,2021-07-02,Highlander,64430.22,6.06,Completed
580215,4,2021-07-27,Tacoma,26937.34,3.81,Completed
580216,7,2021-07-11,Tundra,51386.04,5.39,Completed
580217,8,2021-07-13,Camry,40437.72,5.84,Completed
580218,2,2021-07-15,Camry,28326.47,4.0,Completed
580219,20,2021-07-05,Prius,33222.23,5.77,Completed
580220,14,2021-07-08,Camry,32505.77,5.1,Completed
580221,1,2021-07-20,Prius,24613.75,5.24,Completed
580222,19,2021-07-12,Corolla,23196.71,5.48,Completed
580223,12,2021-07-19,Tundra,51483.29,5.65,Completed
580224,9,2021-07-11,Highlander,46759.14,4.4,Completed
580225,3,2021-07-29,Corolla,27372.63,5.69,Completed
580226,6,2021-07-08,Prius,24273.82,3.86,Completed
580227,12,2021-07-01,Prius,30501.38,5.65,Cancelled
580228,5,2021-07-08,RAV4,37324.02,5.34,Completed
580229,16,2021-07-02,Highlander,60741.71,6.06,Completed
580230,4,2021-07-26,Highlander,38341.31,3.81,Completed
580231,16,2021-07-11,Tacoma,42842.0,6.06,Cancelled
580232,20,2021-07-01,Tacoma,38838.87,5.77,Completed
580233,13,2021-07-12,Highlander,58518.76,5.61,Completed
580234,15,2021-07-16,Camry,37666.72,4.86,Completed
580235,13,2021-07-17,Highlander,65236.26,5.61,Completed
580236,11,2021-07-31,Sienna,31912.84,4.16,Completed
580237,11,2021-07-04,RAV4,33751.69,4.16,Completed
580238,14,2021-07-22,Highlander,53960.48,5.1,Completed
580239,17,2021-07-14,Sienna,33758.38,4.51,Completed
580240,16,2021-07-20,RAV4,48262.16,6.06,Completed
580241,5,2021-07-03,RAV4,36627.33,5.34,Completed
580242,12,2021-07-09,Prius,28944.86,5.65,Completed
580243,13,2021-07-29,Prius,31915.26,5.61,Completed
580244,10,2021-07-20,Sienna,36722.73,4.88,Completed
580245,16,2021-07-02,Camry,38380.93,6.06,Completed
580246,12,2021-07-21,Highlander,58730.01,5.65,Completed
580247,8,2021-07-20,RAV4,45885.31,5.84,Completed
580248,15,2021-07-11,Corolla,29749.75,4.86,Completed
580249,1,2021-07-05,Prius,26525.95,5.24,Completed
580250,20,2021-07-23,Sienna,51213.53,5.77,Completed
580251,11,2021-07-04,Highlander,46000.36,4.16,Completed
580252,8,2021-07-14,Prius,29500.55,5.84,Completed
580253,9,2021-07-06,Tundra,35977.55,4.4,Completed
580254,9,2021-07-19,Tundra,37763.71,4.4,Completed
580255,1,2021-07-08,Prius,27114.63,5.24,Cancelled
580256,3,2021-07-17,Tundra,50474.3,5.69,Completed
580257,16,2021-07-14,RAV4,42648.77,6.06,Completed
580258,12,2021-07-06,RAV4,45388.22,5.65,Completed
580259,13,2021-07-13,Tundra,51444.12,5.61,Pending
580260,10,2021-07-23,Corolla,20941.54,4.88,Completed
580261,15,2021-07-13,Tacoma,37372.89,4.86,Completed
580262,3,2021-07-03,Sienna,52379.14,5.69,Completed
580263,13,2021-07-01,Tundra,46292.2,5.61,Completed
580264,10,2021-07-23,Tundra,35501.75,4.88,Completed
580265,16,2021-07-25,Sienna,51900.53,6.06,Completed
580266,1,2021-07-18,Highlander,50392.74,5.24,Completed
580267,8,2021-07-19,Sienna,50152.31,5.84,Completed
580268,14,2021-07-31,Tundra,50292.58,5.1,Completed
580269,15,2021-07-08,RAV4,39511.44,4.86,Completed
580270,10,2021-07-02,Highlander,41784.78,4.88,Completed
580271,16,2021-07-03,Corolla,26230.44,6.06,Completed
580272,9,2021-07-03,Highlander,47822.39,4.4,Completed
580273,10,2021-07-22,Sienna,33936.94,4.88,Completed
580274,1,2021-07-17,Prius,28522.97,5.24,Completed
580275,9,2021-07-29,Camry,27742.81,4.4,Completed
580276,2,2021-07-25,Highlander,46050.93,4.0,Completed
580277,9,2021-07-28,Highlander,44669.42,4.4,Completed
580278,3,2021-07-15,Prius,34359.15,5.69,Completed
580279,20,2021-07-05,RAV4,42410.23,5.77,Completed
580280,3,2021-07-17,Corolla,29704.72,5.69,Completed
580281,13,2021-07-25,Sienna,45281.23,5.61,Completed
580282,16,2021-07-21,RAV4,43750.96,6.06,Completed
580283,16,2021-07-21,Prius,31607.63,6.06,Completed
580284,19,2021-07-12,RAV4,39422.24,5.48,Completed
580285,3,2021-07-22,Camry,37478.03,5.69,Completed
580286,14,2021-07-22,Tundra,45644.88,5.1,Completed
580287,9,2021-07-14,RAV4,31704.75,4.4,Completed
580288,17,2021-07-24,Sienna,30459.21,4.51,Completed
580289,7,2021-07-22,Tacoma,42486.91,5.39,Completed
580290,7,2021-07-27,RAV4,46955.78,5.39,Completed
580291,9,2021-07-04,RAV4,30058.32,4.4,Completed
580292,6,2021-07-30,Camry,24999.61,3.86,Completed
580293,1,2021-07-08,Highlander,49555.28,5.24,Completed
580294,1,2021-07-10,Corolla,22750.65,5.24,Completed
580295,6,2021-07-04,Tundra,31352.87,3.86,Completed
580296,12,2021-07-11,Camry,40856.02,5.65,Completed
580297,3,2021-07-15,RAV4,43960.66,5.69,Completed
580298,2,2021-07-09,Tundra,39531.36,4.0,Cancelled
580299,6,2021-07-15,Prius,23804.05,3.86,Completed
580300,6,2021-07-23,Camry,27888.97,3.86,Completed
580301,17,2021-07-24,Sienna,36455.99,4.51,Completed
580302,13,2021-07-22,Sienna,55159.81,5.61,Completed
580303,7,2021-07-26,Tacoma,40193.1,5.39,Completed
580304,2,2021-07-11,Tacoma,30437.84,4.0,Completed
580305,3,2021-07-18,Highlander,59958.8,5.69,Completed
580306,19,2021-07-26,RAV4,38528.5,5.48,Completed
580307,1,2021-07-21,Camry,29648.02,5.24,Completed
580308,19,2021-07-30,Tacoma,37437.01,5.48,Completed
580309,6,2021-07-29,Prius,23623.92,3.86,Completed
580310,4,2021-07-27,Sienna,36068.94,3.81,Completed
580311,14,2021-07-13,Tacoma,39019.91,5.1,Completed
580312,20,2021-07-16,Tacoma,43193.78,5.77,Completed
580313,7,2021-07-03,RAV4,45346.04,5.39,Completed
580314,1,2021-07-05,Highlander,51360.84,5.24,Completed
580315,1,2021-07-19,Sienna,36421.84,5.24,Pending
580316,2,2021-07-29,Corolla,20724.2,4.0,Completed
580317,9,2021-07-31,Sienna,32901.43,4.4,Completed
580318,6,2021-07-20,Tundra,32479.95,3.86,Completed
580319,16,2021-07-24,Tacoma,41299.26,6.06,Completed
580320,15,2021-07-24,Prius,29544.31,4.86,Completed
580321,7,2021-07-09,Prius,28731.93,5.39,Completed
580322,14,2021-07-30,Corolla,26425.43,5.1,Completed
580323,14,2021-07-14,Tacoma,36123.91,5.1,Completed
580324,19,2021-07-29,Highlander,56043.91,5.48,Completed
580325,7,2021-07-26,Highlander,63128.57,5.39,Completed
580326,15,2021-07-11,Corolla,29748.28,4.86,Completed
580327,7,2021-07-28,Prius,31292.57,5.39,Completed
580328,20,2021-07-16,Corolla,29181.81,5.77,Completed
580329,13,2021-07-14,Highlander,59197.45,5.61,Completed
580330,4,2021-07-27,Sienna,35367.6,3.81,Completed
580331,19,2021-07-05,Tundra,41577.44,5.48,Completed
580332,11,2021-07-03,RAV4,31509.21,4.16,Completed
580333,17,2021-07-01,Corolla,18293.81,4.51,Completed
580334,14,2021-07-10,Corolla,25187.41,5.1,Completed
580335,10,2021-07-27,Prius,23286.26,4.88,Completed
580336,12,2021-07-31,RAV4,45293.16,5.65,Completed
580337,14,2021-07-25,Highlander,62541.15,5.1,Completed
580338,7,2021-07-07,RAV4,47389.93,5.39,Completed
580339,13,2021-07-06,Sienna,49106.07,5.61,Completed
580340,6,2021-07-29,Tacoma,30754.07,3.86,Completed
580341,10,2021-07-09,Camry,25768.51,4.88,Completed
580342,1,2021-07-25,Prius,26273.15,5.24,Completed
580343,4,2021-07-22,Sienna,32285.91,3.81,Completed
580344,15,2021-07-15,Prius,33690.91,4.86,Completed
580345,6,2021-07-03,Tacoma,30574.67,3.86,Completed
580346,13,2021-07-12,Tacoma,44545.95,5.61,Completed
580347,10,2021-07-30,Prius,23833.54,4.88,Completed
580348,3,2021-07-13,Camry,39530.18,5.69,Completed
580349,5,2021-07-29,Camry,29463.66,5.34,Completed
580350,19,2021-07-12,RAV4,41670.0,5.48,Completed
580351,1,2021-07-08,Highlander,54371.43,5.24,Completed
580352,11,2021-07-13,Corolla,18598.73,4.16,Completed
580353,3,2021-07-27,Tacoma,46140.25,5.69,Completed
580354,16,2021-07-14,Tacoma,43982.74,6.06,Completed
580355,12,2021-07-29,Tacoma,39444.56,5.65,Completed
580356,4,2021-07-01,Highlander,40157.68,3.81,Completed
580357,15,2021-07-23,Camry,39714.73,4.86,Completed
580358,9,2021-07-21,RAV4,31034.96,4.4,Completed
580359,17,2021-07-14,Corolla,20328.16,4.51,Completed
580360,4,2021-07-19,Sienna,33186.17,3.81,Completed
580361,5,2021-07-27,Corolla,22031.83,5.34,Completed
580362,16,2021-07-07,Corolla,28057.42,6.06,Completed
580363,3,2021-07-19,RAV4,48088.34,5.69,Completed
580364,6,2021-07-28,Sienna,32872.74,3.86,Completed
580365,20,2021-07-13,RAV4,48292.01,5.77,Completed
580366,7,2021-07-16,RAV4,42234.63,5.39,Completed
580367,16,2021-07-01,Prius,29222.05,6.06,Pending
580368,13,2021-07-31,Highlander,67653.68,5.61,Completed
580369,15,2021-07-23,Sienna,49580.8,4.86,Completed
580370,7,2021-07-20,RAV4,40386.0,5.39,Completed
580371,2,2021-07-17,Tundra,38953.93,4.0,Completed
580372,11,2021-07-01,Prius,24761.55,4.16,Completed
580373,7,2021-07-30,Highlander,65099.14,5.39,Completed
580374,13,2021-07-17,RAV4,42625.26,5.61,Completed
580375,20,2021-07-30,Highlander,63584.19,5.77,Completed
580376,5,2021-07-25,Highlander,55756.0,5.34,Completed
580377,14,2021-07-03,Camry,39430.85,5.1,Completed
580378,6,2021-07-19,Highlander,43295.36,3.86,Pending
580379,11,2021-07-20,Tundra,35770.36,4.16,Completed
580380,10,2021-07-23,RAV4,31574.08,4.88,Completed
580381,18,2021-07-31,Prius,31935.85,5.68,Completed
580382,3,2021-07-17,Corolla,27875.76,5.69,Completed
580383,1,2021-07-02,Corolla,24096.89,5.24,Completed
580384,14,2021-07-16,Camry,35844.2,5.1,Completed
580385,11,2021-07-16,Tacoma,31604.94,4.16,Completed
580386,8,2021-07-08,Corolla,28790.46,5.84,Completed
580387,7,2021-07-18,RAV4,43422.42,5.39,Cancelled
580388,3,2021-07-22,Sienna,53965.1,5.69,Completed
580389,10,2021-07-31,Prius,25313.51,4.88,Completed
580390,13,2021-07-16,Tundra,49558.95,5.61,Completed
580391,10,2021-07-13,Tacoma,28335.63,4.88,Completed
580392,3,2021-07-27,Sienna,50075.36,5.69,Completed
580393,3,2021-07-13,RAV4,44095.99,5.69,Completed
580394,18,2021-07-25,Prius,36552.59,5.68,Completed
580395,4,2021-07-19,Prius,22921.84,3.81,Completed
580396,5,2021-07-01,Tundra,41096.25,5.34,Completed
580397,6,2021-07-13,Camry,27336.7,3.86,Pending
580398,4,2021-07-28,Prius,22845.92,3.81,Completed
580399,8,2021-07-09,RAV4,43318.81,5.84,Completed
580400,14,2021-07-14,Tundra,45941.39,5.1,Completed
580401,20,2021-07-05,RAV4,44831.11,5.77,Completed
580402,6,2021-07-06,Tacoma,29450.91,3.86,Completed
580403,15,2021-07-25,Corolla,29756.3,4.86,Completed
580404,6,2021-07-03,Sienna,37345.91,3.86,Completed
580405,9,2021-07-12,Highlander,45563.69,4.4,Completed
580406,9,2021-07-17,Sienna,37415.39,4.4,Completed
580407,19,2021-07-15,Tacoma,33544.41,5.48,Completed
580408,19,2021-07-14,Prius,27251.38,5.48,Completed
580409,6,2021-07-08,Tacoma,28719.52,3.86,Completed
580410,14,2021-07-01,Camry,38872.45,5.1,Completed
580411,2,2021-07-29,Highlander,45614.04,4.0,Completed
580412,15,2021-07-11,Tacoma,42339.02,4.86,Completed
580413,16,2021-07-15,Tacoma,38362.81,6.06,Completed
580414,13,2021-07-07,Camry,37116.07,5.61,Completed
580415,12,2021-07-23,RAV4,42829.63,5.65,Completed
580416,20,2021-07-19,Camry,37674.19,5.77,Completed
580417,20,2021-07-09,Prius,31089.78,5.77,Completed
580418,12,2021-07-03,Camry,39142.24,5.65,Completed
580419,12,2021-07-12,Prius,29985.78,5.65,Completed
580420,18,2021-07-05,Highlander,69086.71,5.68,Completed
580421,18,2021-07-31,Tacoma,45174.44,5.68,Completed
580422,12,2021-07-04,Prius,31663.11,5.65,Completed
580423,8,2021-07-01,Highlander,62420.59,5.84,Completed
580424,12,2021-07-13,Tundra,49527.85,5.65,Completed
580425,17,2021-07-19,Prius,21840.52,4.51,Completed
580426,15,2021-07-17,Sienna,48402.02,4.86,Pending
580427,11,2021-07-20,Corolla,18987.91,4.16,Completed
580428,9,2021-07-11,Tacoma,28252.17,4.4,Completed
580429,15,2021-07-15,Tundra,46193.7,4.86,Pending
580430,5,2021-07-04,Tacoma,30947.73,5.34,Completed
580431,11,2021-07-03,Prius,22645.89,4.16,Completed
580432,19,2021-07-01,Corolla,22005.71,5.48,Completed
580433,11,2021-07-01,Highlander,42848.9,4.16,Completed
580434,8,2021-07-07,Sienna,45754.84,5.84,Completed
580435,3,2021-07-30,Tacoma,38597.83,5.69,Completed
580436,6,2021-07-04,Highlander,39812.21,3.86,Completed
580437,16,2021-07-02,Prius,33571.92,6.06,Completed
580438,16,2021-07-15,Camry,40898.17,6.06,Completed
580439,11,2021-07-23,Highlander,42305.99,4.16,Completed
580440,20,2021-07-23,Highlander,61436.15,5.77,Completed
580441,1,2021-07-05,Camry,30322.98,5.24,Completed
580442,7,2021-07-23,RAV4,43831.96,5.39,Completed
580443,5,2021-07-01,Camry,30883.71,5.34,Completed
580444,4,2021-07-20,Camry,26106.85,3.81,Completed
580445,16,2021-07-04,Sienna,51113.32,6.06,Completed
580446,20,2021-07-08,Highlander,56204.88,5.77,Cancelled
580447,9,2021-07-07,Prius,21569.85,4.4,Completed
580448,4,2021-07-07,Tundra,32345.29,3.81,Completed
580449,7,2021-07-30,RAV4,43819.67,5.39,Completed
580450,14,2021-07-14,Tundra,49479.19,5.1,Completed
580451,20,2021-07-31,Tacoma,42896.83,5.77,Completed
580452,1,2021-07-21,Corolla,24851.1,5.24,Completed
580453,10,2021-07-26,Corolla,21014.36,4.88,Completed
580454,13,2021-07-27,Prius,32047.69,5.61,Completed
580455,4,2021-07-22,Prius,20947.67,3.81,Completed
580456,5,2021-07-27,RAV4,33847.51,5.34,Completed
580457,12,2021-07-26,Tundra,48604.21,5.65,Completed
580458,15,2021-07-11,Camry,39014.92,4.86,Completed
580459,4,2021-07-04,RAV4,33132.41,3.81,Completed
580460,17,2021-07-15,RAV4,32618.89,4.51,Completed
580461,15,2021-07-25,Prius,29887.84,4.86,Completed
580462,14,2021-07-02,Tacoma,40440.28,5.1,Completed
580463,6,2021-07-29,Corolla,20435.14,3.86,Completed
580464,12,2021-07-13,RAV4,39268.73,5.65,Completed
580465,15,2021-07-30,Prius,28477.4,4.86,Completed
580466,19,2021-07-30,Sienna,42372.42,5.48,Completed
580467,18,2021-07-17,Camry,41031.15,5.68,Cancelled
580468,1,2021-07-25,Tundra,38999.55,5.24,Completed
580469,19,2021-07-30,Tacoma,34398.5,5.48,Completed
580470,20,2021-07-24,Prius,30472.14,5.77,Completed
580471,5,2021-07-19,Sienna,38431.99,5.34,Cancelled
580472,12,2021-07-19,Highlander,60785.07,5.65,Completed
580473,16,2021-07-16,Highlander,63689.6,6.06,Completed
580474,9,2021-07-09,Tundra,32078.0,4.4,Completed
580475,12,2021-07-21,Prius,33418.23,5.65,Completed
580476,18,2021-07-03,Tundra,50236.04,5.68,Completed
580477,12,2021-07-15,Corolla,27218.97,5.65,Completed
580478,12,2021-07-30,Sienna,46766.12,5.65,Completed
580479,14,2021-07-05,Corolla,28604.46,5.1,Completed
580480,14,2021-07-10,Prius,31156.61,5.1,Completed
580481,15,2021-07-29,Corolla,28733.41,4.86,Completed
580482,18,2021-07-29,Camry,41490.98,5.68,Completed
580483,6,2021-07-24,Corolla,18722.77,3.86,Completed
580484,11,2021-07-19,Prius,23614.03,4.16,Cancelled
580485,12,2021-07-12,Tacoma,41759.13,5.65,Completed
580486,8,2021-07-05,Corolla,25852.66,5.84,Completed
580487,13,2021-07-26,Tundra,54938.38,5.61,Completed
580488,10,2021-07-21,Corolla,21035.74,4.88,Pending
580489,17,2021-07-28,Sienna,32912.81,4.51,Completed
580490,16,2021-07-08,Corolla,28894.74,6.06,Completed
580491,12,2021-07-02,RAV4,40803.24,5.65,Completed
580492,15,2021-07-16,Prius,30096.75,4.86,Cancelled
580493,12,2021-07-31,Highlander,54923.8,5.65,Completed
580494,2,2021-07-18,Prius,23655.56,4.0,Completed
580495,18,2021-07-28,Highlander,63148.53,5.68,Completed
580496,13,2021-07-18,Sienna,45630.28,5.61,Pending
580497,14,2021-07-13,Tacoma,39252.51,5.1,Completed
580498,4,2021-07-07,Tundra,32064.13,3.81,Pending
580499,6,2021-07-09,Sienna,34494.12,3.86,Completed
580500,5,2021-07-23,Highlander,54604.69,5.34,Completed
580501,4,2021-07-17,Tundra,33120.2,3.81,Pending
580502,13,2021-07-17,RAV4,49612.19,5.61,Completed
580503,10,2021-07-25,RAV4,34594.61,4.88,Completed
580504,9,2021-07-06,Prius,22651.48,4.4,Completed
580505,2,2021-07-03,Sienna,34727.83,4.0,Completed
580506,5,2021-07-03,Tundra,42311.13,5.34,Completed
580507,9,2021-07-01,Tundra,36037.18,4.4,Completed
580508,7,2021-07-07,Prius,29855.64,5.39,Completed
580509,12,2021-07-22,Sienna,45546.12,5.65,Completed
580510,17,2021-07-22,Corolla,18453.2,4.51,Pending
580511,19,2021-07-31,Highlander,50348.01,5.48,Completed
580512,5,2021-07-05,RAV4,38713.19,5.34,Completed
580513,19,2021-07-06,Highlander,49363.29,5.48,Completed
580514,4,2021-07-12,Camry,25456.86,3.81,Completed
580515,10,2021-07-23,Tacoma,29481.81,4.88,Completed
580516,13,2021-07-14,Highlander,59303.99,5.61,Completed
580517,5,2021-07-23,Tundra,38553.29,5.34,Completed
580518,14,2021-07-20,RAV4,44112.08,5.1,Completed
580519,13,2021-07-30,Prius,32244.54,5.61,Completed
580520,17,2021-07-06,Prius,23896.62,4.51,Completed
580521,3,2021-07-03,Highlander,58044.44,5.69,Completed
580522,14,2021-07-09,RAV4,41607.97,5.1,Completed
580523,19,2021-07-01,Camry,32757.8,5.48,Completed
580524,9,2021-07-25,Camry,28478.29,4.4,Completed
580525,15,2021-07-15,Tacoma,39623.83,4.86,Completed
580526,18,2021-07-17,Prius,32740.98,5.68,Completed
580527,6,2021-07-31,Tacoma,29423.19,3.86,Completed
580528,5,2021-07-16,Tundra,38579.95,5.34,Completed
580529,7,2021-07-17,Prius,32175.33,5.39,Completed
580530,3,2021-07-29,Corolla,28303.69,5.69,Completed
580531,14,2021-07-15,Highlander,62423.79,5.1,Completed
580532,13,2021-07-23,Camry,42858.41,5.61,Completed
580533,19,2021-07-20,RAV4,36093.98,5.48,Completed
580534,13,2021-07-07,Camry,37236.61,5.61,Completed
580535,10,2021-07-19,Corolla,21306.67,4.88,Completed
580536,11,2021-07-22,Tacoma,30592.11,4.16,Completed
580537,16,2021-07-28,Tacoma,40832.94,6.06,Completed
580538,4,2021-07-12,Highlander,46070.54,3.81,Completed
580539,12,2021-07-01,Camry,39535.32,5.65,Completed
580540,20,2021-07-28,Tacoma,42636.01,5.77,Completed
580541,11,2021-07-17,Tundra,35370.31,4.16,Completed
580542,1,2021-07-28,Highlander,51047.86,5.24,Completed
580543,15,2021-07-20,RAV4,45534.57,4.86,Completed
580544,16,2021-07-27,Corolla,27645.17,6.06,Completed
580545,16,2021-07-14,Highlander,63394.93,6.06,Completed
580546,3,2021-07-21,Corolla,28888.64,5.69,Completed
580547,2,2021-07-18,RAV4,34759.43,4.0,Completed
580548,19,2021-07-07,Highlander,58135.15,5.48,Completed
580549,1,2021-07-01,Highlander,47240.55,5.24,Completed
580550,20,2021-07-29,Tacoma,42618.53,5.77,Completed
580551,11,2021-07-25,Tacoma,27162.18,4.16,Completed
580552,14,2021-07-30,Camry,36891.77,5.1,Completed
580553,13,2021-07-04,Camry,41257.37,5.61,Completed
580554,6,2021-07-29,Camry,25203.86,3.86,Completed
580555,20,2021-07-13,Sienna,44357.13,5.77,Completed
580556,2,2021-07-18,Tundra,36893.6,4.0,Completed
580557,20,2021-07-24,Camry,34665.11,5.77,Completed
580558,14,2021-07-26,Camry,36463.74,5.1,Completed
580559,11,2021-07-30,Sienna,34069.51,4.16,Completed
580560,4,2021-07-23,Highlander,39147.82,3.81,Completed
580561,12,2021-07-09,Camry,39321.89,5.65,Completed
580562,10,2021-07-02,RAV4,35683.16,4.88,Completed
580563,15,2021-07-31,RAV4,42056.83,4.86,Completed
580564,14,2021-07-18,Highlander,58641.35,5.1,Completed
580565,6,2021-07-22,Sienna,35651.09,3.86,Completed
580566,6,2021-07-22,Prius,22585.33,3.86,Completed
580567,5,2021-07-03,Camry,29071.09,5.34,Completed
580568,12,2021-07-28,Corolla,29377.04,5.65,Completed
580569,20,2021-07-09,Corolla,28450.12,5.77,Completed
580570,15,2021-07-21,Prius,32374.38,4.86,Completed
580571,6,2021-07-20,Corolla,17570.44,3.86,Completed
580572,13,2021-07-07,Camry,40472.1,5.61,Completed
580573,6,2021-07-14,Sienna,35533.01,3.86,Completed
580574,17,2021-07-11,Tacoma,29199.51,4.51,Completed
580575,7,2021-07-15,RAV4,46139.1,5.39,Completed
580576,10,2021-07-25,Highlander,43117.67,4.88,Completed
580577,20,2021-07-20,Corolla,28740.33,5.77,Pending
580578,20,2021-07-28,Prius,31646.12,5.77,Completed
580579,7,2021-07-05,Camry,38529.39,5.39,Completed
580580,2,2021-07-17,Highlander,49313.83,4.0,Completed
580581,11,2021-07-28,Camry,29339.27,4.16,Completed
580582,6,2021-07-06,Highlander,40889.19,3.86,Completed
580583,4,2021-07-31,Highlander,43660.76,3.81,Completed
580584,19,2021-07-13,Highlander,54897.44,5.48,Completed
580585,8,2021-07-17,Tundra,46921.33,5.84,Completed
580586,3,2021-07-17,Highlander,68108.83,5.69,Completed
580587,20,2021-07-17,Tacoma,43652.58,5.77,Completed
580588,19,2021-07-22,Tundra,45377.31,5.48,Completed
580589,8,2021-07-10,Tacoma,42960.41,5.84,Completed
580590,6,2021-07-20,Corolla,18330.69,3.86,Completed
580591,9,2021-07-06,Highlander,47120.54,4.4,Completed
580592,20,2021-07-09,Tundra,48378.33,5.77,Completed
580593,6,2021-07-05,Camry,27105.2,3.86,Completed
580594,8,2021-07-23,Camry,37406.58,5.84,Cancelled
580595,1,2021-07-27,RAV4,35721.39,5.24,Completed
580596,19,2021-07-18,Sienna,42032.45,5.48,Completed
580597,14,2021-07-03,Camry,33909.27,5.1,Completed
580598,3,2021-07-25,RAV4,43928.59,5.69,Completed
580599,13,2021-07-16,Sienna,51984.46,5.61,Completed
580600,7,2021-07-08,Tacoma,43342.69,5.39,Completed
580601,14,2021-07-10,Camry,32552.11,5.1,Pending
580602,11,2021-07-30,Highlander,43805.66,4.16,Completed
580603,6,2021-07-09,Tundra,36838.45,3.86,Completed
580604,16,2021-07-30,Highlander,60582.52,6.06,Completed
580605,8,2021-07-25,Tacoma,41329.8,5.84,Completed
580606,2,2021-07-04,RAV4,31218.44,4.0,Completed
580607,4,2021-07-20,RAV4,29355.46,3.81,Completed
580608,17,2021-07-19,Camry,28468.32,4.51,Completed
580609,18,2021-07-19,Prius,30797.83,5.68,Completed
580610,13,2021-07-23,Prius,35738.67,5.61,Completed
580611,13,2021-07-26,Tacoma,38562.54,5.61,Completed
580612,4,2021-07-24,Tacoma,28996.72,3.81,Completed
580613,16,2021-07-27,Highlander,67321.47,6.06,Completed
580614,11,2021-07-02,Highlander,43041.49,4.16,Completed
580615,5,2021-07-07,Highlander,54462.7,5.34,Completed
580616,3,2021-07-04,Tacoma,43938.4,5.69,Completed
580617,12,2021-07-16,Corolla,27593.85,5.65,Completed
580618,2,2021-07-18,Tundra,33336.19,4.0,Completed
580619,15,2021-07-04,Camry,39942.22,4.86,Completed
580620,5,2021-07-18,Prius,27549.49,5.34,Completed
580621,20,2021-07-01,Prius,32836.77,5.77,Completed
580622,8,2021-07-23,Camry,38807.64,5.84,Completed
580623,5,2021-07-24,Camry,29093.87,5.34,Completed
580624,5,2021-07-11,Tundra,41841.54,5.34,Completed
580625,2,2021-07-21,Tacoma,28267.08,4.0,Completed
580626,15,2021-07-18,RAV4,47099.28,4.86,Completed
580627,4,2021-07-08,Sienna,31912.8,3.81,Completed
580628,9,2021-07-21,Highlander,45525.35,4.4,Completed
580629,9,2021-07-22,Highlander,44051.76,4.4,Completed
580630,7,2021-07-29,Sienna,50956.83,5.39,Completed
580631,15,2021-07-13,Highlander,65179.0,4.86,Completed
580632,1,2021-07-30,Corolla,23670.18,5.24,Completed
580633,9,2021-07-12,Sienna,31716.25,4.4,Completed
580634,6,2021-07-30,Tacoma,27918.08,3.86,Completed
580635,3,2021-07-06,Tacoma,42359.47,5.69,Completed
580636,20,2021-07-11,Camry,39455.32,5.77,Completed
580637,11,2021-07-30,Highlander,45934.72,4.16,Completed
580638,17,2021-07-15,Prius,23924.05,4.51,Completed
580639,11,2021-07-13,Highlander,45842.45,4.16,Completed
580640,3,2021-07-03,Tacoma,39770.09,5.69,Completed
580641,20,2021-07-07,Prius,29115.83,5.77,Completed
580642,8,2021-07-17,Sienna,47906.04,5.84,Completed
580643,2,2021-07-20,Highlander,44504.16,4.0,Completed
580644,14,2021-07-09,Tacoma,41715.55,5.1,Completed
580645,13,2021-07-05,Tundra,48686.74,5.61,Completed
580646,9,2021-07-11,Tacoma,31238.34,4.4,Completed
580647,6,2021-07-26,Tundra,35121.9,3.86,Completed
580648,4,2021-07-17,Prius,19562.26,3.81,Completed
580649,9,2021-07-02,Prius,24165.93,4.4,Completed
580650,7,2021-07-16,RAV4,48155.85,5.39,Completed
580651,20,2021-07-14,Tundra,48484.25,5.77,Completed
580652,14,2021-07-12,Camry,36985.37,5.1,Completed
580653,3,2021-07-26,Tacoma,45465.18,5.69,Completed
580654,11,2021-07-31,RAV4,31420.31,4.16,Completed
580655,7,2021-07-26,Tacoma,40299.47,5.39,Completed
580656,1,2021-07-13,RAV4,36100.09,5.24,Completed
580657,3,2021-07-05,Prius,31643.38,5.69,Completed
580658,7,2021-07-20,Sienna,53391.29,5.39,Completed
580659,14,2021-07-03,Prius,29885.33,5.1,Completed
580660,7,2021-07-24,RAV4,48553.79,5.39,Completed
580661,11,2021-07-06,Sienna,34469.77,4.16,Completed
580662,20,2021-07-11,Tundra,47139.59,5.77,Completed
580663,12,2021-07-02,Corolla,28403.2,5.65,Completed
580664,11,2021-07-30,Tundra,38458.93,4.16,Completed
580665,20,2021-07-21,Corolla,28469.21,5.77,Completed
580666,8,2021-07-05,Corolla,29732.3,5.84,Completed
580667,11,2021-07-22,Tundra,32280.56,4.16,Completed
580668,12,2021-07-09,Camry,38578.93,5.65,Pending
580669,5,2021-07-10,Corolla,24828.85,5.34,Completed
580670,13,2021-07-13,Highlander,59857.53,5.61,Completed
580671,13,2021-07-03,RAV4,46348.95,5.61,Completed
580672,1,2021-07-16,Tundra,37310.63,5.24,Completed
580673,13,2021-07-23,Tacoma,44801.73,5.61,Completed
580674,18,2021-07-28,Corolla,31368.56,5.68,Completed
580675,1,2021-07-10,Tacoma,34108.55,5.24,Completed
580676,14,2021-07-19,Camry,34378.86,5.1,Completed
580677,2,2021-07-06,Highlander,48329.43,4.0,Completed
580678,9,2021-07-02,Sienna,33687.84,4.4,Completed
580679,14,2021-07-27,Tacoma,36155.57,5.1,Completed
580680,19,2021-07-29,Tundra,40801.9,5.48,Completed
580681,14,2021-07-20,Tacoma,35162.93,5.1,Completed
580682,18,2021-07-21,RAV4,49663.7,5.68,Completed
580683,7,2021-07-09,Sienna,48386.21,5.39,Completed
580684,13,2021-07-25,RAV4,44479.31,5.61,Completed
580685,15,2021-07-14,Tacoma,41587.59,4.86,Completed
580686,4,2021-07-04,Corolla,18025.15,3.81,Completed
580687,20,2021-07-03,Tundra,44136.25,5.77,Completed
580688,5,2021-07-10,Corolla,23785.97,5.34,Completed
580689,16,2021-07-05,Prius,31574.24,6.06,Completed
580690,20,2021-07-21,Prius,33338.31,5.77,Completed
580691,14,2021-07-19,Tundra,41684.46,5.1,Completed
580692,18,2021-07-27,Tacoma,47060.5,5.68,Completed
580693,10,2021-07-20,Prius,23551.44,4.88,Completed
580694,13,2021-07-06,RAV4,46838.69,5.61,Completed
580695,7,2021-07-07,Camry,36297.08,5.39,Completed
580696,17,2021-07-20,Highlander,45729.82,4.51,Completed
580697,6,2021-07-08,Corolla,18140.19,3.86,Completed
580698,7,2021-07-04,Sienna,49976.38,5.39,Completed
580699,20,2021-07-12,Highlander,59362.89,5.77,Completed
580700,6,2021-07-30,Prius,22582.32,3.86,Completed
580701,19,2021-07-03,Highlander,49040.2,5.48,Cancelled
580702,12,2021-07-24,RAV4,44481.12,5.65,Completed
580703,15,2021-07-25,Tacoma,42553.69,4.86,Completed
580704,1,2021-07-20,Corolla,22242.42,5.24,Completed
580705,19,2021-07-27,Camry,32749.32,5.48,Completed
580706,2,2021-07-06,Prius,22147.41,4.0,Completed
580707,18,2021-07-10,RAV4,46074.68,5.68,Completed
580708,1,2021-07-25,Sienna,42961.75,5.24,Completed
580709,14,2021-07-26,Tacoma,36715.43,5.1,Completed
580710,1,2021-07-15,Prius,24935.01,5.24,Completed
580711,6,2021-07-01,Tacoma,30877.62,3.86,Completed
580712,14,2021-07-02,RAV4,38425.22,5.1,Completed
580713,1,2021-07-22,Sienna,37626.34,5.24,Completed
580714,5,2021-07-11,Camry,29800.07,5.34,Completed
580715,18,2021-07-25,Prius,30944.8,5.68,Completed
580716,10,2021-07-03,Highlander,41888.12,4.88,Completed
580717,1,2021-07-10,Sienna,43733.45,5.24,Completed
580718,10,2021-07-06,RAV4,35328.88,4.88,Completed
580719,9,2021-07-22,Corolla,20710.41,4.4,Completed
580720,4,2021-07-13,Camry,28223.0,3.81,Completed
580721,8,2021-07-17,RAV4,39985.94,5.84,Completed
580722,7,2021-07-07,Tacoma,37171.12,5.39,Completed
580723,7,2021-07-03,Prius,30626.54,5.39,Completed
580724,7,2021-07-28,Tundra,47790.82,5.39,Completed
580725,16,2021-07-02,Sienna,53278.22,6.06,Completed
580726,7,2021-07-26,RAV4,40513.12,5.39,Completed
580727,1,2021-07-20,Tundra,43341.8,5.24,Completed
580728,2,2021-07-25,Tacoma,30687.91,4.0,Completed
580729,17,2021-07-07,RAV4,29795.6,4.51,Completed
580730,2,2021-07-16,Sienna,35659.64,4.0,Completed
580731,17,2021-07-09,Sienna,30899.46,4.51,Completed
580732,8,2021-07-11,Tacoma,40389.52,5.84,Completed
580733,14,2021-07-24,Camry,32893.63,5.1,Completed
580734,20,2021-07-25,Sienna,47524.23,5.77,Completed
580735,17,2021-07-26,Tacoma,29659.66,4.51,Completed
580736,8,2021-07-30,Tundra,44771.87,5.84,Completed
580737,20,2021-07-29,Corolla,30230.04,5.77,Completed
580738,19,2021-07-15,Corolla,24327.87,5.48,Completed
580739,5,2021-07-03,Tundra,42742.79,5.34,Completed
580740,5,2021-07-22,Camry,34453.18,5.34,Completed
580741,20,2021-07-08,Tundra,45331.21,5.77,Completed
580742,10,2021-07-05,Tundra,35122.77,4.88,Completed
580743,19,2021-07-25,RAV4,36958.29,5.48,Completed
580744,13,2021-07-02,Tacoma,43700.89,5.61,Completed
580745,18,2021-07-31,RAV4,47619.52,5.68,Completed
580746,12,2021-07-24,Corolla,26571.53,5.65,Completed
580747,5,2021-07-21,Sienna,40686.91,5.34,Completed
580748,16,2021-07-12,Camry,36747.78,6.06,Completed
580749,19,2021-07-03,Tacoma,38679.87,5.48,Pending
580750,8,2021-07-25,Highlander,63449.51,5.84,Completed
580751,19,2021-07-24,Corolla,25348.22,5.48,Pending
580752,6,2021-07-12,Sienna,31969.67,3.86,Completed
580753,3,2021-07-10,Corolla,28384.91,5.69,Completed
580754,1,2021-07-01,Tacoma,33243.79,5.24,Completed
580755,15,2021-07-21,RAV4,42272.83,4.86,Completed
580756,6,2021-07-01,Camry,26022.33,3.86,Completed
580757,6,2021-07-09,Tacoma,28189.98,3.86,Completed
580758,8,2021-07-31,Highlander,62053.99,5.84,Completed
580759,7,2021-07-03,Tacoma,41363.13,5.39,Completed
580760,4,2021-07-04,Camry,24274.96,3.81,Completed
580761,10,2021-07-25,Corolla,22004.25,4.88,Completed
580762,20,2021-07-10,Sienna,47483.34,5.77,Completed
580763,10,2021-07-21,Prius,21401.61,4.88,Completed
580764,9,2021-07-09,Sienna,37929.64,4.4,Completed
580765,8,2021-07-15,Highlander,60850.89,5.84,Completed
580766,18,2021-07-13,Sienna,47459.29,5.68,Completed
580767,6,2021-07-28,RAV4,28156.92,3.86,Completed
580768,5,2021-07-05,RAV4,40484.02,5.34,Completed
580769,14,2021-07-27,RAV4,45433.09,5.1,Completed
580770,12,2021-07-22,Sienna,48701.68,5.65,Completed
580771,18,2021-07-12,Sienna,56359.16,5.68,Completed
580772,2,2021-07-27,Corolla,21788.43,4.0,Completed
580773,15,2021-07-03,Prius,29740.33,4.86,Completed
580774,20,2021-07-06,Tacoma,43443.81,5.77,Pending
580775,3,2021-07-04,Sienna,49181.95,5.69,Completed
580776,16,2021-07-26,Tacoma,38217.94,6.06,Completed
580777,16,2021-07-13,Sienna,50970.72,6.06,Completed
580778,6,2021-07-10,RAV4,32178.32,3.86,Completed
580779,8,2021-07-11,Highlander,63732.63,5.84,Completed
580780,3,2021-07-09,Tacoma,39060.41,5.69,Completed
580781,19,2021-07-05,Highlander,52098.09,5.48,Completed
580782,11,2021-07-19,Camry,28133.55,4.16,Completed
580783,5,2021-07-12,Highlander,54533.04,5.34,Completed
580784,2,2021-07-14,Tacoma,32747.04,4.0,Completed
580785,3,2021-07-28,Corolla,29917.71,5.69,Completed
580786,16,2021-07-20,Prius,33965.51,6.06,Completed
580787,2,2021-07-28,Sienna,35613.56,4.0,Completed
580788,10,2021-07-11,Corolla,22007.7,4.88,Completed
580789,2,2021-07-15,Prius,23195.4,4.0,Completed
580790,4,2021-07-26,Highlander,41385.61,3.81,Completed
580791,7,2021-07-21,Tundra,52573.92,5.39,Completed
580792,12,2021-07-01,Camry,38250.49,5.65,Cancelled
580793,20,2021-07-22,Prius,29407.69,5.77,Completed
580794,20,2021-07-08,Camry,34225.76,5.77,Completed
580795,4,2021-07-15,RAV4,29107.52,3.81,Completed
580796,18,2021-07-13,Prius,34815.18,5.68,Completed
580797,7,2021-07-27,Camry,41718.81,5.39,Completed
580798,6,2021-07-25,Tundra,34358.34,3.86,Completed
580799,18,2021-07-13,Camry,36411.54,5.68,Completed
580800,15,2021-07-31,Camry,37998.41,4.86,Completed
580801,20,2021-07-11,Tacoma,44569.23,5.77,Completed
580802,5,2021-07-12,Tundra,41387.98,5.34,Completed
580803,6,2021-07-15,Highlander,47212.29,3.86,Completed
580804,14,2021-07-26,Prius,32033.48,5.1,Completed
580805,2,2021-07-19,Tacoma,31359.74,4.0,Completed
580806,4,2021-07-13,Highlander,38850.94,3.81,Completed
580807,11,2021-07-03,Corolla,21399.75,4.16,Completed
580808,3,2021-07-27,Corolla,25954.47,5.69,Completed
580809,1,2021-07-14,Tacoma,36798.26,5.24,Completed
580810,6,2021-07-06,Sienna,33498.39,3.86,Completed
580811,3,2021-07-26,Sienna,48857.4,5.69,Completed
580812,16,2021-07-20,RAV4,47720.29,6.06,Completed
580813,5,2021-07-10,Tundra,39179.93,5.34,Completed
580814,8,2021-07-12,Corolla,24837.11,5.84,Completed
580815,5,2021-07-25,Sienna,43510.33,5.34,Completed
580816,1,2021-07-18,Camry,34430.84,5.24,Completed
580817,6,2021-07-07,Tundra,31644.67,3.86,Completed
580818,18,2021-07-19,Highlander,65705.93,5.68,Completed
580819,1,2021-07-24,Tacoma,31113.31,5.24,Completed
580820,14,2021-07-24,Prius,29136.57,5.1,Completed
580821,4,2021-07-11,Prius,20975.64,3.81,Completed
580822,7,2021-07-11,Camry,34737.22,5.39,Completed
580823,6,2021-07-03,Sienna,34562.26,3.86,Completed
580824,13,2021-07-29,Corolla,26706.84,5.61,Completed
580825,14,2021-07-15,Tundra,43034.67,5.1,Completed
580826,19,2021-07-12,Highlander,57230.65,5.48,Completed
580827,14,2021-07-11,Sienna,47129.26,5.1,Completed
580828,1,2021-07-26,RAV4,34125.04,5.24,Completed
580829,9,2021-07-06,RAV4,29624.04,4.4,Completed
580830,18,2021-07-27,Camry,39570.11,5.68,Completed
580831,9,2021-07-30,Tacoma,30414.67,4.4,Completed
580832,11,2021-07-25,RAV4,32696.83,4.16,Completed
580833,16,2021-07-24,Prius,32842.58,6.06,Cancelled
580834,18,2021-07-23,Tundra,52476.9,5.68,Completed
580835,14,2021-07-06,Prius,28701.51,5.1,Completed
580836,9,2021-07-17,RAV4,30602.44,4.4,Completed
580837,2,2021-07-07,Tundra,38497.18,4.0,Completed
580838,5,2021-07-21,Tacoma,31319.26,5.34,Completed
580839,20,2021-07-07,Highlander,66389.68,5.77,Completed
580840,20,2021-07-21,RAV4,46752.91,5.77,Completed
580841,12,2021-07-17,Tacoma,41448.81,5.65,Completed
580842,5,2021-07-31,Sienna,40965.11,5.34,Completed
580843,5,2021-07-04,Camry,30075.75,5.34,Completed
580844,7,2021-07-10,Tacoma,42477.55,5.39,Completed
580845,14,2021-07-04,Tundra,49565.69,5.1,Completed
580846,10,2021-07-22,Tacoma,32849.96,4.88,Completed
580847,14,2021-07-20,Sienna,49812.29,5.1,Completed
580848,12,2021-07-16,RAV4,47395.78,5.65,Completed
580849,3,2021-07-07,RAV4,48344.2,5.69,Completed
580850,20,2021-07-19,Tundra,50428.3,5.77,Completed
580851,7,2021-07-25,Camry,40489.53,5.39,Completed
580852,15,2021-07-03,Corolla,28130.09,4.86,Completed
580853,6,2021-07-25,Corolla,20508.5,3.86,Completed
580854,12,2021-07-01,Tundra,50132.95,5.65,Pending
580855,13,2021-07-04,Corolla,28926.0,5.61,Completed
580856,1,2021-07-30,Corolla,20929.85,5.24,Completed
580857,12,2021-07-12,Camry,40177.59,5.65,Completed
580858,3,2021-07-10,Highlander,65226.36,5.69,Completed
580859,18,2021-07-09,Prius,32138.74,5.68,Completed
580860,4,2021-07-19,Tundra,31817.42,3.81,Completed
580861,2,2021-07-05,Sienna,39176.44,4.0,Completed
580862,13,2021-07-26,RAV4,49017.73,5.61,Pending
580863,18,2021-07-09,Prius,33754.85,5.68,Completed
580864,4,2021-07-21,Sienna,34815.65,3.81,Completed
580865,20,2021-07-07,Tacoma,37588.25,5.77,Completed
580866,15,2021-07-21,Camry,35223.1,4.86,Completed
580867,4,2021-07-15,Tundra,31307.5,3.81,Completed
580868,2,2021-07-06,Sienna,39352.81,4.0,Pending
580869,4,2021-07-04,Prius,22176.19,3.81,Completed
580870,20,2021-07-24,Camry,37208.11,5.77,Completed
580871,1,2021-07-25,Prius,26124.68,5.24,Completed
580872,18,2021-07-04,Tacoma,46123.58,5.68,Completed
580873,10,2021-07-12,Corolla,21265.52,4.88,Completed
580874,10,2021-07-10,Tundra,35116.61,4.88,Completed
580875,16,2021-07-03,RAV4,46158.77,6.06,Completed
580876,12,2021-07-08,Tundra,49054.6,5.65,Completed
580877,13,2021-07-25,Tundra,53624.39,5.61,Completed
580878,17,2021-07-14,RAV4,27877.58,4.51,Completed
580879,20,2021-07-22,Corolla,26706.7,5.77,Completed
580880,15,2021-07-01,Highlander,63114.05,4.86,Completed
580881,16,2021-07-16,Camry,40300.35,6.06,Completed
580882,12,2021-07-13,Tundra,45965.65,5.65,Completed
580883,7,2021-07-27,Prius,33686.95,5.39,Completed
580884,5,2021-07-23,Camry,29670.76,5.34,Completed
580885,18,2021-07-20,Camry,43550.4,5.68,Completed
580886,3,2021-07-08,Camry,40385.89,5.69,Completed
580887,1,2021-07-27,Sienna,43366.2,5.24,Completed
580888,18,2021-07-06,RAV4,48121.05,5.68,Completed
580889,19,2021-07-09,Highlander,51182.68,5.48,Completed
580890,2,2021-07-20,Corolla,20443.85,4.0,Completed
580891,19,2021-07-28,Prius,28007.68,5.48,Completed
580892,5,2021-07-30,Tundra,38078.83,5.34,Completed
580893,3,2021-07-23,Highlander,58444.71,5.69,Completed
580894,20,2021-07-30,Camry,39002.63,5.77,Completed
580895,5,2021-07-22,RAV4,38233.72,5.34,Completed
580896,5,2021-07-22,Camry,32408.94,5.34,Completed
580897,11,2021-07-11,Tundra,31819.05,4.16,Cancelled
580898,10,2021-07-10,Tacoma,30949.13,4.88,Completed
580899,14,2021-07-02,Prius,30633.99,5.1,Completed
580900,18,2021-07-21,Tacoma,44205.55,5.68,Completed
580901,14,2021-07-22,Highlander,55334.37,5.1,Completed
580902,16,2021-07-25,Camry,35891.7,6.06,Completed
580903,8,2021-07-05,RAV4,47988.1,5.84,Completed
580904,15,2021-07-07,RAV4,40659.55,4.86,Completed
580905,5,2021-07-02,Tundra,42627.27,5.34,Completed
580906,1,2021-07-15,Corolla,24390.33,5.24,Completed
580907,7,2021-07-26,Tacoma,45123.38,5.39,Completed
580908,8,2021-07-08,Highlander,66420.2,5.84,Completed
580909,16,2021-07-23,Sienna,47914.22,6.06,Completed
580910,8,2021-07-20,Corolla,26929.13,5.84,Completed
580911,16,2021-07-29,Corolla,26585.81,6.06,Completed
580912,6,2021-07-29,Highlander,40211.94,3.86,Completed
580913,14,2021-07-07,Prius,28929.88,5.1,Completed
580914,14,2021-07-31,Tacoma,37867.54,5.1,Completed
580915,10,2021-07-02,Corolla,18636.53,4.88,Completed
580916,13,2021-07-01,Tundra,48142.91,5.61,Completed
580917,4,2021-07-25,Camry,26634.2,3.81,Completed
580918,6,2021-07-31,Tundra,32282.19,3.86,Completed
580919,1,2021-07-27,RAV4,37979.55,5.24,Completed
580920,1,2021-07-25,Tacoma,34302.64,5.24,Completed
580921,12,2021-07-02,Camry,36932.51,5.65,Completed
580922,16,2021-07-01,Corolla,25813.37,6.06,Completed
580923,12,2021-07-04,Sienna,50368.93,5.65,Completed
580924,9,2021-07-13,Prius,24104.95,4.4,Completed
580925,9,2021-07-02,Camry,29538.96,4.4,Completed
580926,9,2021-07-20,Prius,22458.65,4.4,Completed
580927,6,2021-07-09,Corolla,21335.83,3.86,Completed
580928,13,2021-07-02,Corolla,26761.41,5.61,Completed
580929,13,2021-07-13,Sienna,46950.46,5.61,Completed
580930,1,2021-07-31,Tundra,42825.98,5.24,Completed
580931,2,2021-07-21,Sienna,40267.78,4.0,Completed
580932,9,2021-07-12,Tacoma,27087.72,4.4,Completed
580933,10,2021-07-30,Highlander,49012.51,4.88,Completed
580934,1,2021-07-09,RAV4,38942.59,5.24,Completed
580935,9,2021-07-29,Prius,21674.85,4.4,Completed
580936,13,2021-07-21,RAV4,45427.73,5.61,Completed
580937,5,2021-07-20,Tundra,44716.7,5.34,Completed
580938,19,2021-07-24,Tundra,40556.78,5.48,Completed
580939,4,2021-07-18,Tundra,35114.06,3.81,Completed
580940,19,2021-07-31,Sienna,41851.95,5.48,Completed
580941,20,2021-07-06,Highlander,58363.06,5.77,Completed
580942,1,2021-07-03,Tundra,43389.8,5.24,Pending
580943,1,2021-07-03,Corolla,23198.4,5.24,Pending
580944,4,2021-07-07,Prius,21317.9,3.81,Completed
580945,17,2021-07-01,Tacoma,27314.67,4.51,Completed
580946,13,2021-07-03,Tundra,49871.42,5.61,Completed
580947,13,2021-07-14,Sienna,51902.74,5.61,Completed
580948,6,2021-07-28,Tacoma,30542.62,3.86,Completed
580949,10,2021-07-11,Tundra,35950.56,4.88,Completed
580950,16,2021-07-17,Camry,36872.33,6.06,Pending
580951,19,2021-07-09,RAV4,37990.6,5.48,Completed
580952,16,2021-07-23,Camry,34961.53,6.06,Completed
580953,10,2021-07-20,Tundra,34682.25,4.88,Completed
580954,10,2021-07-21,RAV4,33026.88,4.88,Completed
580955,1,2021-07-29,Tacoma,32909.09,5.24,Completed
580956,12,2021-07-13,Corolla,28543.08,5.65,Completed
580957,10,2021-07-01,Corolla,20034.49,4.88,Completed
580958,8,2021-07-28,Camry,37500.09,5.84,Completed
580959,3,2021-07-03,Camry,40831.72,5.69,Completed
580960,2,2021-07-24,Tundra,39445.7,4.0,Completed
580961,2,2021-07-05,RAV4,35832.21,4.0,Completed
580962,15,2021-07-29,Tacoma,41932.95,4.86,Completed
580963,14,2021-07-08,Prius,28758.22,5.1,Completed
580964,15,2021-07-12,Corolla,24543.6,4.86,Completed
580965,10,2021-07-29,Tacoma,30368.31,4.88,Completed
580966,1,2021-07-05,Prius,24117.63,5.24,Completed
580967,12,2021-07-31,Prius,27950.25,5.65,Completed
580968,11,2021-07-04,Corolla,18980.35,4.16,Completed
580969,7,2021-07-24,Camry,34676.92,5.39,Completed
580970,5,2021-07-07,Tundra,37814.33,5.34,Completed
580971,16,2021-07-16,Highlander,65192.33,6.06,Completed
580972,4,2021-07-02,RAV4,32199.3,3.81,Completed
580973,1,2021-07-16,Sienna,40134.23,5.24,Completed
580974,8,2021-07-08,RAV4,46611.01,5.84,Completed
580975,1,2021-07-11,Sienna,38429.96,5.24,Completed
580976,10,2021-07-24,Corolla,20705.53,4.88,Completed
580977,5,2021-07-06,Highlander,54166.0,5.34,Completed
580978,16,2021-07-19,Corolla,30269.23,6.06,Pending
580979,10,2021-07-25,Tundra,38781.72,4.88,Completed
580980,10,2021-07-26,Sienna,37881.18,4.88,Completed
580981,3,2021-07-17,Sienna,47277.79,5.69,Completed
580982,1,2021-07-30,Highlander,55151.04,5.24,Completed
580983,6,2021-07-08,Corolla,19265.3,3.86,Completed
580984,6,2021-07-13,Corolla,18733.79,3.86,Completed
580985,17,2021-07-11,Corolla,19460.35,4.51,Completed
580986,10,2021-07-24,Prius,21967.77,4.88,Completed
580987,20,2021-07-09,Tundra,46501.23,5.77,Completed
580988,17,2021-07-16,Highlander,40456.77,4.51,Completed
580989,14,2021-07-12,Corolla,25956.15,5.1,Completed
580990,17,2021-07-10,Sienna,35171.11,4.51,Completed
580991,6,2021-07-26,RAV4,33057.02,3.86,Completed
580992,7,2021-07-20,RAV4,41010.15,5.39,Completed
580993,14,2021-07-21,Sienna,50020.68,5.1,Completed
580994,7,2021-07-03,Tundra,47612.07,5.39,Completed
580995,6,2021-07-29,Camry,27975.13,3.86,Completed
580996,9,2021-07-13,Prius,21110.15,4.4,Completed
580997,10,2021-07-04,Tacoma,31279.92,4.88,Completed
580998,6,2021-07-02,Tacoma,28297.17,3.86,Completed
580999,13,2021-07-08,Tacoma,40504.01,5.61,Completed
581000,7,2021-07-10,RAV4,48986.11,5.39,Completed
581001,4,2021-07-28,Highlander,46076.9,3.81,Completed
581002,7,2021-07-14,Sienna,44431.41,5.39,Completed
581003,9,2021-07-19,Corolla,18709.75,4.4,Completed
581004,10,2021-07-03,Tundra,35407.2,4.88,Completed
581005,8,2021-07-23,Highlander,62949.65,5.84,Completed
581006,5,2021-07-26,Corolla,24773.34,5.34,Completed
581007,19,2021-07-06,Tacoma,33715.0,5.48,Completed
581008,3,2021-07-04,Tacoma,46302.93,5.69,Completed
581009,6,2021-07-22,Corolla,19604.11,3.86,Completed
581010,7,2021-07-22,Tundra,47566.24,5.39,Completed
581011,6,2021-07-30,Highlander,42888.41,3.86,Completed
581012,11,2021-07-05,Highlander,48009.94,4.16,Completed
581013,19,2021-07-11,Tundra,41541.43,5.48,Completed
581014,15,2021-07-24,RAV4,41055.09,4.86,Completed
581015,13,2021-07-02,Highlander,64206.95,5.61,Completed
581016,9,2021-07-30,Highlander,48777.3,4.4,Completed
581017,6,2021-07-23,Camry,28940.36,3.86,Completed
581018,19,2021-07-14,Prius,26664.18,5.48,Completed
581019,15,2021-07-04,Prius,32349.9,4.86,Completed
581020,20,2021-07-09,Tundra,46383.66,5.77,Completed
581021,2,2021-07-03,Sienna,34279.2,4.0,Completed
581022,12,2021-07-15,Camry,34142.56,5.65,Completed
581023,20,2021-07-12,Highlander,65009.92,5.77,Completed
581024,10,2021-07-20,Tacoma,33294.09,4.88,Completed
581025,20,2021-07-06,Tundra,44967.38,5.77,Completed
581026,4,2021-07-07,Tacoma,26169.09,3.81,Completed
581027,11,2021-07-23,Camry,28905.26,4.16,Completed
581028,19,2021-07-06,Sienna,43442.29,5.48,Completed
581029,16,2021-07-04,RAV4,40729.55,6.06,Completed
581030,13,2021-07-10,Highlander,58055.9,5.61,Completed
581031,14,2021-07-26,RAV4,39598.45,5.1,Pending
581032,3,2021-07-02,Tundra,54549.36,5.69,Completed
581033,18,2021-07-14,Prius,33212.56,5.68,Completed
581034,15,2021-07-06,Corolla,27519.49,4.86,Completed
581035,1,2021-07-20,Highlander,51625.44,5.24,Completed
581036,9,2021-07-06,Camry,28959.28,4.4,Completed
581037,14,2021-07-09,Camry,37145.16,5.1,Completed
581038,7,2021-07-09,RAV4,48079.17,5.39,Completed
581039,17,2021-07-30,Corolla,17668.95,4.51,Completed
581040,7,2021-07-02,Highlander,68505.54,5.39,Completed
581041,3,2021-07-11,RAV4,44246.97,5.69,Completed
581042,19,2021-07-13,Tacoma,34669.48,5.48,Completed
581043,4,2021-07-26,Highlander,38535.28,3.81,Completed
581044,13,2021-07-10,Tacoma,42503.62,5.61,Completed
581045,11,2021-07-25,Tacoma,31202.61,4.16,Completed
581046,13,2021-07-16,Tacoma,41345.99,5.61,Completed
581047,10,2021-07-18,Camry,29172.24,4.88,Completed
581048,15,2021-07-08,Camry,38033.22,4.86,Completed
581049,7,2021-07-10,Highlander,59971.9,5.39,Completed
581050,7,2021-07-27,Prius,32378.24,5.39,Completed
581051,9,2021-07-16,Camry,26700.94,4.4,Completed
581052,11,2021-07-23,Corolla,19659.16,4.16,Completed
581053,4,2021-07-31,Camry,23543.03,3.81,Completed
581054,18,2021-07-07,RAV4,47918.39,5.68,Completed
581055,5,2021-07-30,Corolla,23448.96,5.34,Completed
581056,7,2021-07-18,Prius,28954.26,5.39,Completed
581057,1,2021-07-09,Camry,30828.74,5.24,Completed
581058,16,2021-07-26,Tacoma,43482.74,6.06,Completed
581059,20,2021-07-30,Highlander,66374.15,5.77,Completed
581060,1,2021-07-15,Sienna,39618.4,5.24,Completed
581061,12,2021-07-21,Corolla,25303.97,5.65,Completed
581062,17,2021-07-16,Tacoma,28257.25,4.51,Completed
581063,9,2021-07-20,RAV4,34262.5,4.4,Pending
581064,19,2021-07-23,Camry,33011.11,5.48,Completed
581065,4,2021-07-25,Tacoma,28577.77,3.81,Completed
581066,4,2021-07-12,Prius,20602.26,3.81,Completed
581067,17,2021-07-17,Tundra,34998.67,4.51,Completed
581068,1,2021-07-22,Tacoma,31310.37,5.24,Completed
581069,8,2021-07-11,Tundra,46061.11,5.84,Completed
581070,16,2021-07-12,Highlander,68930.86,6.06,Completed
581071,3,2021-07-07,RAV4,46078.74,5.69,Completed
581072,14,2021-07-29,Sienna,50387.32,5.1,Completed
581073,18,2021-07-06,Highlander,61041.85,5.68,Completed
581074,6,2021-07-27,Tacoma,27637.95,3.86,Completed
581075,17,2021-07-10,Highlander,43108.56,4.51,Completed
581076,12,2021-07-27,Prius,30146.36,5.65,Completed
581077,2,2021-07-14,RAV4,31084.0,4.0,Completed
581078,12,2021-07-24,RAV4,39576.77,5.65,Completed
581079,14,2021-07-09,RAV4,45070.02,5.1,Completed
581080,9,2021-07-24,Camry,26787.66,4.4,Completed
581081,18,2021-07-25,Corolla,27743.78,5.68,Completed
581082,15,2021-07-17,Prius,33247.24,4.86,Completed
581083,8,2021-07-31,Tacoma,41474.28,5.84,Completed
581084,16,2021-07-10,Tundra,45939.78,6.06,Completed
581085,5,2021-07-16,Tacoma,36616.45,5.34,Completed
581086,10,2021-07-10,Highlander,50302.72,4.88,Completed
581087,5,2021-07-13,Prius,25717.32,5.34,Completed
581088,20,2021-07-01,Sienna,44410.77,5.77,Completed
581089,1,2021-07-13,Highlander,48904.18,5.24,Completed
581090,2,2021-07-17,RAV4,35211.78,4.0,Completed
581091,13,2021-07-31,Tacoma,42512.14,5.61,Completed
581092,16,2021-07-23,Prius,29222.24,6.06,Completed
581093,14,2021-07-27,Camry,38971.83,5.1,Completed
581094,13,2021-07-17,Corolla,25942.75,5.61,Completed
581095,2,2021-07-10,Tundra,35960.68,4.0,Completed
581096,6,2021-07-20,RAV4,31298.58,3.86,Completed
581097,1,2021-07-05,Prius,24344.94,5.24,Completed
581098,15,2021-07-23,Tacoma,38690.86,4.86,Completed
581099,20,2021-07-26,Camry,40486.13,5.77,Completed
581100,12,2021-07-01,Prius,32706.99,5.65,Completed
581101,17,2021-07-15,Sienna,35896.29,4.51,Completed
581102,11,2021-07-18,Sienna,38598.87,4.16,Completed
581103,20,2021-07-02,Tacoma,39887.6,5.77,Completed
581104,5,2021-07-15,Highlander,50353.39,5.34,Completed
581105,2,2021-07-04,Camry,29428.81,4.0,Completed
581106,10,2021-07-22,Tacoma,28333.02,4.88,Completed
581107,1,2021-07-11,Camry,32272.05,5.24,Completed
581108,10,2021-07-31,Corolla,20191.94,4.88,Completed
581109,20,2021-07-30,Tacoma,39234.69,5.77,Completed
581110,19,2021-07-21,Tundra,40189.79,5.48,Completed
581111,2,2021-07-24,Camry,28524.98,4.0,Completed
581112,16,2021-07-28,Sienna,45322.42,6.06,Completed
581113,8,2021-07-28,Camry,38400.14,5.84,Completed
581114,11,2021-07-09,Tacoma,26942.51,4.16,Completed
581115,17,2021-07-16,Highlander,43706.56,4.51,Completed
581116,8,2021-07-26,Sienna,47034.16,5.84,Completed
581117,13,2021-07-28,Prius,32916.43,5.61,Completed
581118,14,2021-07-03,Tundra,41581.91,5.1,Completed
581119,16,2021-07-05,Highlander,64421.15,6.06,Completed
581120,19,2021-07-30,Tacoma,37233.28,5.48,Completed
581121,8,2021-07-03,Tacoma,39872.44,5.84,Completed
581122,16,2021-07-18,Tacoma,38135.42,6.06,Completed
581123,15,2021-07-08,Corolla,29394.12,4.86,Completed
581124,12,2021-07-06,Tacoma,40259.67,5.65,Completed
581125,5,2021-07-16,Sienna,42590.63,5.34,Completed
581126,12,2021-07-14,Prius,32635.31,5.65,Completed
581127,4,2021-07-21,Prius,20458.1,3.81,Completed
581128,4,2021-07-02,RAV4,30549.2,3.81,Completed
581129,13,2021-07-21,Corolla,29145.11,5.61,Completed
581130,3,2021-07-22,Highlander,62686.37,5.69,Completed
581131,14,2021-07-02,Sienna,49516.92,5.1,Completed
581132,1,2021-07-05,Tacoma,35293.46,5.24,Completed
581133,18,2021-07-29,Prius,30828.78,5.68,Completed
581134,1,2021-07-30,Highlander,54088.44,5.24,Completed
581135,17,2021-07-20,Sienna,34788.47,4.51,Completed
581136,18,2021-07-30,Sienna,54249.35,5.68,Completed
581137,2,2021-07-11,Prius,24107.02,4.0,Pending
581138,5,2021-07-26,Camry,32970.55,5.34,Completed
581139,4,2021-07-16,Highlander,40340.25,3.81,Completed
581140,8,2021-07-02,Highlander,58995.26,5.84,Completed
581141,6,2021-07-30,Tacoma,29315.81,3.86,Completed
581142,12,2021-07-27,Highlander,64914.57,5.65,Completed
581143,18,2021-07-04,RAV4,45663.54,5.68,Completed
581144,17,2021-07-16,Tundra,34515.71,4.51,Completed
581145,18,2021-07-10,Corolla,29590.24,5.68,Completed
581146,15,2021-07-04,Prius,33232.99,4.86,Completed
581147,8,2021-07-26,Tundra,52761.29,5.84,Completed
581148,8,2021-07-10,Sienna,49636.5,5.84,Completed
581149,1,2021-07-30,Prius,24441.4,5.24,Completed
581150,14,2021-07-15,Highlander,63781.19,5.1,Completed
581151,3,2021-07-15,RAV4,45529.2,5.69,Completed
581152,2,2021-07-25,Prius,24058.78,4.0,Completed
581153,8,2021-07-08,Highlander,56632.62,5.84,Completed
581154,20,2021-07-30,Highlander,59714.37,5.77,Completed
581155,6,2021-07-15,Highlander,42217.36,3.86,Completed
581156,19,2021-07-03,Tacoma,37630.86,5.48,Completed
581157,14,2021-07-01,Highlander,60780.63,5.1,Completed
581158,18,2021-07-12,Corolla,27909.35,5.68,Completed
581159,6,2021-07-26,Highlander,47145.63,3.86,Completed
581160,11,2021-07-01,Tacoma,31981.86,4.16,Completed
581161,11,2021-07-21,Tacoma,30686.0,4.16,Completed
581162,9,2021-07-04,Sienna,31944.11,4.4,Completed
581163,7,2021-07-29,Tacoma,38941.89,5.39,Completed
581164,17,2021-07-04,Camry,23984.12,4.51,Completed
581165,13,2021-07-15,Tacoma,42436.23,5.61,Completed
581166,19,2021-07-16,RAV4,40260.53,5.48,Completed
581167,11,2021-07-16,Sienna,35054.25,4.16,Completed
581168,15,2021-07-04,Prius,31454.27,4.86,Completed
581169,19,2021-07-13,Highlander,53563.08,5.48,Completed
581170,15,2021-07-27,Tacoma,42979.78,4.86,Completed
581171,14,2021-07-26,Tacoma,38943.55,5.1,Completed
581172,7,2021-07-02,Sienna,48254.83,5.39,Completed
581173,11,2021-07-06,Camry,29343.84,4.16,Completed
581174,5,2021-07-15,Tacoma,35312.84,5.34,Completed
581175,15,2021-07-14,Camry,35844.89,4.86,Completed
581176,5,2021-07-27,Prius,24483.61,5.34,Completed
581177,13,2021-07-29,Corolla,26406.95,5.61,Completed
581178,12,2021-07-05,Highlander,59751.88,5.65,Completed
581179,7,2021-07-11,Highlander,68402.31,5.39,Completed
581180,18,2021-07-31,Tacoma,44351.27,5.68,Completed
581181,8,2021-07-20,Camry,34699.45,5.84,Completed
581182,12,2021-07-24,Tundra,43156.39,5.65,Completed
581183,4,2021-07-20,RAV4,29531.15,3.81,Completed
581184,19,2021-07-18,Corolla,23692.85,5.48,Completed
581185,5,2021-07-29,Prius,27681.43,5.34,Completed
581186,4,2021-07-26,Highlander,43041.35,3.81,Completed
581187,10,2021-07-01,Camry,29481.31,4.88,Completed
581188,11,2021-07-26,Prius,22127.5,4.16,Completed
581189,16,2021-07-05,Prius,33573.71,6.06,Completed
581190,15,2021-07-29,Tacoma,43450.57,4.86,Completed
581191,12,2021-07-30,Prius,29884.62,5.65,Completed
581192,10,2021-07-09,Highlander,49984.1,4.88,Completed
581193,20,2021-07-17,Sienna,50393.33,5.77,Completed
581194,4,2021-07-01,Highlander,41902.64,3.81,Completed
581195,1,2021-07-10,RAV4,34109.25,5.24,Completed
581196,14,2021-07-22,Camry,35297.44,5.1,Completed
581197,10,2021-07-09,Tacoma,30906.9,4.88,Completed
581198,12,2021-07-30,Highlander,58191.56,5.65,Completed
581199,10,2021-07-18,Tundra,36284.93,4.88,Completed
581200,2,2021-07-23,Corolla,21763.43,4.0,Completed
581201,1,2021-07-11,Tundra,44124.44,5.24,Completed
581202,10,2021-07-24,Prius,21590.47,4.88,Completed
581203,12,2021-07-22,Prius,28585.74,5.65,Pending
581204,20,2021-07-17,Corolla,29615.19,5.77,Completed
581205,19,2021-07-03,Tacoma,32402.17,5.48,Completed
581206,3,2021-07-02,RAV4,41387.35,5.69,Completed
581207,7,2021-07-30,Camry,36455.52,5.39,Completed
581208,11,2021-07-02,Tacoma,29569.56,4.16,Completed
581209,16,2021-07-30,Corolla,30589.98,6.06,Completed
581210,2,2021-07-21,Corolla,20016.52,4.0,Pending
581211,18,2021-07-10,RAV4,50069.99,5.68,Completed
581212,17,2021-07-01,Highlander,44632.67,4.51,Completed
581213,5,2021-07-02,Tacoma,35249.03,5.34,Completed
581214,15,2021-07-08,Corolla,26526.53,4.86,Pending
581215,9,2021-07-04,Camry,24631.64,4.4,Cancelled
581216,17,2021-07-08,Sienna,31059.25,4.51,Completed
581217,3,2021-07-31,Corolla,29131.79,5.69,Completed
581218,1,2021-07-17,Sienna,38470.77,5.24,Completed
581219,5,2021-07-29,Corolla,25224.17,5.34,Completed
581220,13,2021-07-11,Tundra,47324.79,5.61,Completed
581221,3,2021-07-27,Tundra,51755.06,5.69,Completed
581222,17,2021-07-14,Camry,25479.58,4.51,Completed
581223,10,2021-07-09,Camry,26180.53,4.88,Completed
581224,19,2021-07-17,Sienna,38596.35,5.48,Completed
581225,19,2021-07-30,Tundra,45896.34,5.48,Completed
581226,13,2021-07-04,Corolla,29292.62,5.61,Completed
581227,18,2021-07-10,Tundra,50103.91,5.68,Completed
581228,3,2021-07-09,Camry,35396.66,5.69,Completed
581229,9,2021-07-08,Tundra,35738.42,4.4,Completed
581230,13,2021-07-14,Tacoma,42732.11,5.61,Completed
581231,14,2021-07-19,RAV4,45193.84,5.1,Completed
581232,8,2021-07-05,Tundra,48171.52,5.84,Completed
581233,6,2021-07-03,Tundra,33443.2,3.86,Completed
581234,20,2021-07-20,Tundra,50612.59,5.77,Completed
581235,5,2021-07-16,Camry,28804.4,5.34,Completed
581236,20,2021-07-08,Corolla,26415.38,5.77,Completed
581237,10,2021-07-16,Tacoma,31461.49,4.88,Completed
581238,18,2021-07-23,RAV4,51454.27,5.68,Completed
581239,19,2021-07-12,Highlander,54013.13,5.48,Completed
581240,10,2021-07-03,RAV4,33172.16,4.88,Completed
581241,8,2021-07-12,Tacoma,44486.24,5.84,Completed
581242,8,2021-07-29,Corolla,28745.02,5.84,Completed
581243,8,2021-07-15,Tundra,48556.54,5.84,Completed
581244,19,2021-07-18,Corolla,24033.72,5.48,Completed
581245,19,2021-07-27,Tacoma,32815.93,5.48,Completed
581246,12,2021-07-06,Prius,28914.06,5.65,Completed
581247,16,2021-07-28,Tundra,45604.08,6.06,Completed
581248,18,2021-07-21,Prius,33148.9,5.68,Completed
581249,9,2021-07-07,Corolla,18238.75,4.4,Completed
581250,20,2021-07-31,Prius,33842.09,5.77,Completed
581251,7,2021-07-06,Camry,38892.41,5.39,Completed
581252,17,2021-07-14,Highlander,45304.75,4.51,Pending
581253,11,2021-07-26,Tundra,36100.55,4.16,Completed
581254,1,2021-07-17,Prius,27406.13,5.24,Completed
581255,3,2021-07-05,Camry,42034.71,5.69,Completed
581256,14,2021-07-16,Tacoma,36101.6,5.1,Completed
581257,11,2021-07-03,Highlander,40987.87,4.16,Completed
581258,15,2021-07-10,Corolla,29220.69,4.86,Completed
581259,13,2021-07-02,Highlander,68228.09,5.61,Pending
581260,4,2021-07-23,Prius,20499.53,3.81,Completed
581261,2,2021-07-17,Camry,28565.04,4.0,Completed
581262,15,2021-07-08,Corolla,26371.97,4.86,Completed
581263,11,2021-07-09,Highlander,48394.28,4.16,Completed
581264,12,2021-07-04,Tundra,49681.3,5.65,Completed
581265,19,2021-07-09,Prius,25903.48,5.48,Completed
581266,4,2021-07-18,Prius,20963.52,3.81,Completed
581267,11,2021-07-18,Sienna,34440.0,4.16,Completed
581268,19,2021-07-18,Prius,26411.71,5.48,Completed
581269,4,2021-07-23,Camry,23931.5,3.81,Completed
581270,13,2021-07-01,Highlander,62827.64,5.61,Completed
581271,19,2021-07-22,Highlander,48267.58,5.48,Completed
581272,12,2021-07-02,Camry,35645.65,5.65,Completed
581273,1,2021-07-13,Corolla,23223.38,5.24,Completed
581274,18,2021-07-18,Camry,37037.5,5.68,Completed
581275,7,2021-07-09,Tundra,52483.69,5.39,Pending
581276,10,2021-07-12,Highlander,43572.83,4.88,Completed
581277,5,2021-07-31,RAV4,39266.86,5.34,Completed
581278,10,2021-07-04,RAV4,34500.74,4.88,Completed
581279,11,2021-07-26,Tundra,32960.75,4.16,Pending
581280,13,2021-07-25,Highlander,60281.15,5.61,Completed
581281,20,2021-07-21,Prius,31955.65,5.77,Completed
581282,14,2021-07-31,Sienna,45803.68,5.1,Completed
581283,19,2021-07-07,Prius,28205.25,5.48,Completed
581284,13,2021-07-16,Tundra,53967.4,5.61,Completed
581285,19,2021-07-01,Prius,27657.0,5.48,Completed
581286,1,2021-07-14,RAV4,36305.09,5.24,Completed
581287,10,2021-07-09,RAV4,34463.83,4.88,Completed
581288,5,2021-07-17,Prius,27138.49,5.34,Completed
581289,5,2021-07-05,Prius,28872.51,5.34,Completed
581290,18,2021-07-18,Prius,34944.92,5.68,Completed
581291,4,2021-07-16,Highlander,41068.5,3.81,Completed
581292,17,2021-07-20,Prius,22006.87,4.51,Completed
581293,17,2021-07-29,Tundra,32712.4,4.51,Completed
581294,7,2021-07-14,Tacoma,45088.46,5.39,Completed
581295,4,2021-07-04,Camry,27630.34,3.81,Completed
581296,11,2021-07-20,Prius,21432.52,4.16,Completed
581297,11,2021-07-28,RAV4,34977.06,4.16,Completed
581298,13,2021-07-23,Tacoma,40210.5,5.61,Cancelled
581299,9,2021-07-02,Corolla,21375.64,4.4,Completed
581300,14,2021-07-25,Highlander,59082.17,5.1,Completed
581301,2,2021-07-03,Highlander,49602.11,4.0,Completed
581302,7,2021-07-28,Prius,34148.86,5.39,Completed
581303,4,2021-07-02,Highlander,40807.57,3.81,Completed
581304,5,2021-07-15,Tundra,38877.52,5.34,Completed
581305,13,2021-07-02,Tacoma,44687.74,5.61,Completed
581306,14,2021-07-01,RAV4,41015.1,5.1,Completed
581307,13,2021-07-09,Sienna,54164.98,5.61,Completed
581308,13,2021-07-20,RAV4,43391.21,5.61,Completed
581309,9,2021-07-08,Prius,23742.69,4.4,Completed
581310,20,2021-07-05,Highlander,55610.36,5.77,Completed
581311,11,2021-07-29,Prius,22603.43,4.16,Completed
581312,16,2021-07-06,Tacoma,37779.65,6.06,Completed
581313,20,2021-07-05,Highlander,60332.72,5.77,Cancelled
581314,19,2021-07-25,Tundra,46074.13,5.48,Completed
581315,6,2021-07-24,Camry,24043.9,3.86,Completed
581316,15,2021-07-08,Sienna,49640.29,4.86,Completed
581317,20,2021-07-02,RAV4,41121.44,5.77,Pending
581318,16,2021-07-20,Highlander,65071.22,6.06,Completed
581319,3,2021-07-10,Camry,40096.06,5.69,Completed
581320,20,2021-07-22,Sienna,50547.13,5.77,Completed
581321,8,2021-07-31,RAV4,44453.64,5.84,Completed
581322,3,2021-07-04,Prius,34635.84,5.69,Completed
581323,6,2021-07-05,Prius,21974.22,3.86,Completed
581324,9,2021-07-20,Tacoma,30640.52,4.4,Completed
581325,17,2021-07-09,Tacoma,26951.72,4.51,Completed
581326,8,2021-07-27,Camry,40507.15,5.84,Completed
581327,5,2021-07-11,Corolla,21044.56,5.34,Completed
581328,16,2021-07-31,Corolla,25793.56,6.06,Pending
581329,4,2021-07-01,Tacoma,25567.72,3.81,Completed
581330,2,2021-07-27,Tundra,37504.7,4.0,Completed
581331,2,2021-07-28,Tacoma,33047.92,4.0,Completed
581332,11,2021-07-13,Corolla,18908.37,4.16,Completed
581333,8,2021-07-22,Camry,41156.26,5.84,Completed
581334,10,2021-07-07,Corolla,21016.29,4.88,Completed
581335,19,2021-07-11,RAV4,40403.72,5.48,Completed
581336,5,2021-07-29,Highlander,54017.46,5.34,Completed
581337,14,2021-07-01,Tacoma,37631.86,5.1,Pending
581338,2,2021-07-15,Camry,28370.42,4.0,Completed
581339,1,2021-07-28,Prius,25295.76,5.24,Completed
581340,10,2021-07-27,Prius,21967.29,4.88,Completed
581341,6,2021-07-18,Tundra,34768.04,3.86,Completed
581342,16,2021-07-06,Highlander,64502.9,6.06,Completed
581343,4,2021-07-11,Tacoma,26468.85,3.81,Cancelled
581344,4,2021-07-26,Corolla,18232.02,3.81,Completed
581345,2,2021-07-08,Sienna,40203.98,4.0,Completed
581346,18,2021-07-10,RAV4,50803.54,5.68,Completed
581347,11,2021-07-26,Tundra,33908.5,4.16,Completed
581348,20,2021-07-15,Tundra,50869.43,5.77,Completed
581349,16,2021-07-08,Tacoma,44070.27,6.06,Completed
581350,12,2021-07-19,RAV4,42227.37,5.65,Completed
581351,8,2021-07-12,RAV4,44641.34,5.84,Completed
581352,4,2021-07-06,Sienna,35675.2,3.81,Completed
581353,11,2021-07-21,Camry,29294.06,4.16,Pending
581354,19,2021-07-15,Highlander,55824.54,5.48,Completed
581355,1,2021-07-27,RAV4,33479.12,5.24,Completed
581356,8,2021-07-31,Tundra,48423.65,5.84,Completed
581357,4,2021-07-06,Highlander,42021.46,3.81,Completed
581358,1,2021-07-08,Tacoma,31742.09,5.24,Completed
581359,10,2021-07-21,Prius,22503.01,4.88,Completed
581360,14,2021-07-05,Tundra,49294.74,5.1,Cancelled
581361,8,2021-07-22,Tundra,45434.39,5.84,Completed
581362,10,2021-07-22,Camry,26666.88,4.88,Completed
581363,7,2021-07-25,Corolla,27373.15,5.39,Completed
581364,7,2021-07-18,Prius,32037.22,5.39,Completed
581365,17,2021-07-12,Prius,23432.66,4.51,Completed
581366,18,2021-07-08,Tundra,54386.31,5.68,Completed
581367,18,2021-07-13,RAV4,50954.97,5.68,Completed
581368,8,2021-07-24,Camry,37614.31,5.84,Completed
581369,1,2021-07-18,Sienna,43749.2,5.24,Completed
581370,12,2021-07-10,Tundra,43316.04,5.65,Completed
581371,15,2021-07-22,Sienna,46793.34,4.86,Pending
581372,2,2021-07-10,Tundra,34073.57,4.0,Cancelled
581373,15,2021-07-02,Highlander,63466.48,4.86,Completed
581374,11,2021-07-13,Camry,28758.83,4.16,Completed
581375,16,2021-07-17,Tacoma,40774.07,6.06,Completed
581376,11,2021-07-11,Sienna,38435.79,4.16,Completed
581377,8,2021-07-01,Highlander,67320.45,5.84,Completed
581378,17,2021-07-12,Tundra,35452.06,4.51,Completed
581379,11,2021-07-13,Sienna,37953.98,4.16,Completed
581380,16,2021-07-12,Sienna,49378.29,6.06,Completed
581381,14,2021-07-12,Tacoma,36114.75,5.1,Pending
581382,1,2021-07-30,Camry,33613.65,5.24,Pending
581383,9,2021-07-31,Sienna,35509.4,4.4,Pending
581384,10,2021-07-04,Prius,22936.25,4.88,Completed
581385,1,2021-07-20,Tundra,40594.5,5.24,Completed
581386,3,2021-07-13,Prius,34941.85,5.69,Completed
581387,10,2021-07-28,Corolla,20021.8,4.88,Completed
581388,9,2021-07-11,RAV4,33535.71,4.4,Completed
581389,8,2021-07-11,Camry,38119.99,5.84,Completed
581390,15,2021-07-10,Prius,33307.99,4.86,Completed
581391,10,2021-07-04,Camry,27501.69,4.88,Completed
581392,11,2021-07-31,Tacoma,30921.88,4.16,Completed
581393,14,2021-07-03,Tundra,44126.69,5.1,Completed
581394,17,2021-07-17,Corolla,19896.88,4.51,Completed
581395,5,2021-07-30,RAV4,37624.23,5.34,Completed
581396,1,2021-07-25,Corolla,24412.45,5.24,Completed
581397,13,2021-07-25,Tundra,50455.41,5.61,Cancelled
581398,16,2021-07-15,Tacoma,38281.73,6.06,Completed
581399,15,2021-07-30,RAV4,43442.32,4.86,Cancelled
581400,11,2021-07-27,Prius,24893.56,4.16,Completed
581401,13,2021-07-21,Tundra,45703.47,5.61,Completed
581402,11,2021-07-18,Corolla,21153.59,4.16,Completed
581403,15,2021-07-20,Corolla,29527.91,4.86,Completed
581404,19,2021-07-02,Tundra,45503.68,5.48,Completed
581405,2,2021-07-20,Tundra,33934.25,4.0,Completed
581406,15,2021-07-30,Tacoma,37398.68,4.86,Completed
581407,19,2021-07-08,Prius,27228.9,5.48,Completed
581408,20,2021-07-30,Sienna,51262.67,5.77,Completed
581409,1,2021-07-27,Prius,25217.49,5.24,Completed
581410,10,2021-07-25,Corolla,19558.4,4.88,Completed
581411,11,2021-07-26,Sienna,34656.66,4.16,Completed
581412,15,2021-07-29,Tundra,50009.7,4.86,Completed
581413,17,2021-07-30,Sienna,31026.55,4.51,Completed
581414,8,2021-07-10,Corolla,25314.52,5.84,Completed
581415,20,2021-07-03,Camry,39146.3,5.77,Completed
581416,16,2021-07-01,Prius,29665.71,6.06,Completed
581417,16,2021-07-08,Prius,29816.38,6.06,Completed
581418,18,2021-07-04,Highlander,66520.14,5.68,Completed
581419,1,2021-07-11,Tundra,44247.64,5.24,Completed
581420,13,2021-07-21,Highlander,59309.32,5.61,Completed
581421,16,2021-07-31,Tundra,44831.51,6.06,Completed
581422,16,2021-07-11,Highlander,58235.44,6.06,Completed
581423,9,2021-07-20,Corolla,20456.7,4.4,Completed
581424,9,2021-07-20,Highlander,47789.83,4.4,Completed
581425,19,2021-07-01,Corolla,25758.14,5.48,Completed
581426,15,2021-07-03,Prius,32213.73,4.86,Cancelled
581427,10,2021-07-31,RAV4,35689.55,4.88,Completed
581428,13,2021-07-17,Highlander,59967.05,5.61,Completed
581429,14,2021-07-05,Tundra,46515.26,5.1,Completed
581430,2,2021-07-05,Sienna,39173.43,4.0,Completed
581431,10,2021-07-12,RAV4,34080.93,4.88,Completed
581432,4,2021-07-13,Camry,26545.51,3.81,Completed
581433,17,2021-07-29,Tundra,34788.94,4.51,Completed
581434,16,2021-07-08,Highlander,60171.95,6.06,Completed
581435,11,2021-07-28,Sienna,36945.33,4.16,Cancelled
581436,14,2021-07-23,Highlander,55173.36,5.1,Pending
581437,11,2021-07-21,Highlander,46579.97,4.16,Completed
581438,16,2021-07-06,Highlander,65735.67,6.06,Completed
581439,10,2021-07-21,Corolla,20510.62,4.88,Completed
581440,17,2021-07-24,Tundra,30797.16,4.51,Completed
581441,15,2021-07-22,Corolla,24677.47,4.86,Completed
581442,18,2021-07-24,Camry,42649.24,5.68,Completed
581443,5,2021-07-27,Sienna,43193.58,5.34,Completed
581444,8,2021-07-04,Sienna,43760.15,5.84,Completed
581445,19,2021-07-12,Tacoma,34613.02,5.48,Completed
581446,16,2021-07-04,Tundra,50358.51,6.06,Completed
581447,17,2021-07-09,Tacoma,26283.62,4.51,Completed
581448,11,2021-07-12,Highlander,41262.05,4.16,Completed
581449,1,2021-07-24,Prius,25905.05,5.24,Completed
581450,4,2021-07-11,Camry,24494.21,3.81,Completed
581451,5,2021-07-25,Camry,31207.47,5.34,Completed
581452,9,2021-07-27,Highlander,47910.01,4.4,Completed
581453,7,2021-07-24,Tundra,51827.54,5.39,Pending
581454,18,2021-07-26,Corolla,27866.18,5.68,Completed
581455,13,2021-07-03,Tacoma,41390.49,5.61,Completed
581456,14,2021-07-06,Highlander,63612.81,5.1,Cancelled
581457,7,2021-07-09,Highlander,66491.44,5.39,Completed
581458,14,2021-07-20,Highlander,61394.09,5.1,Completed
581459,17,2021-07-08,Sienna,34417.9,4.51,Completed
581460,20,2021-07-24,Sienna,47301.88,5.77,Completed
581461,15,2021-07-06,RAV4,44631.68,4.86,Completed
581462,12,2021-07-23,Sienna,51919.41,5.65,Completed
581463,6,2021-07-31,Tundra,37493.31,3.86,Completed
581464,1,2021-07-10,Camry,30222.78,5.24,Completed
581465,3,2021-07-05,Highlander,64133.59,5.69,Completed
581466,3,2021-07-30,Highlander,61413.31,5.69,Completed
581467,6,2021-07-28,Camry,24943.07,3.86,Completed
581468,13,2021-07-31,Tundra,48773.46,5.61,Completed
581469,13,2021-07-20,Tacoma,44951.12,5.61,Completed
581470,17,2021-07-15,RAV4,29868.01,4.51,Completed
581471,4,2021-07-20,Sienna,33764.73,3.81,Completed
581472,19,2021-07-21,Corolla,24345.94,5.48,Completed
581473,20,2021-07-25,Sienna,46491.46,5.77,Completed
581474,5,2021-07-02,Prius,26449.73,5.34,Completed
581475,9,2021-07-28,Highlander,47119.08,4.4,Completed
581476,1,2021-07-07,Corolla,21003.0,5.24,Completed
581477,1,2021-07-16,Prius,28172.59,5.24,Completed
581478,19,2021-07-19,Camry,31405.53,5.48,Completed
581479,16,2021-07-15,Camry,40921.47,6.06,Completed
581480,19,2021-07-11,Prius,26835.16,5.48,Completed
581481,16,2021-07-16,Sienna,45023.89,6.06,Completed
581482,1,2021-07-18,Sienna,39854.73,5.24,Pending
581483,6,2021-07-15,Sienna,37255.4,3.86,Completed
581484,4,2021-07-31,Highlander,42340.19,3.81,Completed
581485,11,2021-07-01,Corolla,19282.19,4.16,Completed
581486,13,2021-07-21,Tundra,54387.66,5.61,Completed
581487,10,2021-07-04,RAV4,36195.54,4.88,Completed
581488,19,2021-07-29,Prius,27103.45,5.48,Completed
581489,13,2021-07-17,Tacoma,39266.81,5.61,Completed
581490,4,2021-07-23,Sienna,34562.8,3.81,Completed
581491,7,2021-07-23,Sienna,52589.8,5.39,Completed
581492,17,2021-07-13,Tundra,31240.23,4.51,Completed
581493,17,2021-07-30,Sienna,34123.04,4.51,Completed
581494,6,2021-07-01,Tacoma,26330.73,3.86,Completed
581495,13,2021-07-13,Camry,37985.47,5.61,Completed
581496,20,2021-07-10,Camry,36241.7,5.77,Completed
581497,14,2021-07-17,Highlander,55159.98,5.1,Completed
581498,4,2021-07-04,Tundra,32043.57,3.81,Completed
581499,9,2021-07-11,Prius,23733.54,4.4,Completed
581500,3,2021-07-29,Prius,35134.77,5.69,Completed
581501,1,2021-07-08,RAV4,35610.79,5.24,Completed
581502,6,2021-07-13,Camry,24721.58,3.86,Completed
581503,5,2021-07-11,Camry,32484.42,5.34,Completed
581504,1,2021-07-15,RAV4,33616.73,5.24,Completed
581505,1,2021-07-19,Highlander,47558.33,5.24,Completed
581506,18,2021-07-09,RAV4,49825.95,5.68,Completed
581507,10,2021-07-30,Highlander,47397.22,4.88,Completed
581508,4,2021-07-15,Prius,21094.44,3.81,Completed
581509,11,2021-07-28,Highlander,44083.5,4.16,Completed
581510,20,2021-07-29,Corolla,27390.01,5.77,Completed
581511,10,2021-07-21,Camry,27711.04,4.88,Completed
581512,3,2021-07-24,RAV4,41659.12,5.69,Completed
581513,16,2021-07-12,Prius,29887.45,6.06,Completed
581514,2,2021-07-25,Prius,24735.76,4.0,Completed
581515,16,2021-07-23,Tacoma,41069.2,6.06,Completed
581516,8,2021-07-20,Highlander,56507.6,5.84,Completed
581517,9,2021-07-15,Tacoma,29070.21,4.4,Completed
581518,20,2021-07-26,RAV4,40100.01,5.77,Completed
581519,7,2021-07-08,Sienna,50165.79,5.39,Completed
581520,16,2021-07-05,Highlander,56817.33,6.06,Completed
581521,16,2021-07-18,Tundra,49127.72,6.06,Completed
581522,13,2021-07-08,Corolla,31402.3,5.61,Completed
581523,11,2021-07-31,Prius,23184.69,4.16,Completed
581524,16,2021-07-09,Highlander,64678.52,6.06,Completed
581525,4,2021-07-05,RAV4,30591.95,3.81,Completed
581526,14,2021-07-12,Prius,30780.25,5.1,Completed
581527,18,2021-07-15,Sienna,55411.13,5.68,Cancelled
581528,9,2021-07-31,RAV4,29714.85,4.4,Completed
581529,17,2021-07-13,Tacoma,26676.39,4.51,Completed
581530,12,2021-07-12,Prius,30038.05,5.65,Completed
581531,3,2021-07-16,Sienna,45900.22,5.69,Completed
581532,10,2021-07-05,Tacoma,30982.39,4.88,Completed
581533,4,2021-07-18,Corolla,18556.15,3.81,Completed
581534,9,2021-07-13,Highlander,41776.11,4.4,Completed
581535,6,2021-07-31,Tundra,32285.32,3.86,Pending
581536,5,2021-07-13,Prius,27578.87,5.34,Completed
581537,13,2021-07-29,Sienna,54450.0,5.61,Completed
581538,15,2021-07-31,Tacoma,43873.96,4.86,Completed
581539,3,2021-07-28,Corolla,28972.48,5.69,Completed
581540,16,2021-07-16,Sienna,44774.27,6.06,Completed
581541,10,2021-07-19,Sienna,35246.49,4.88,Completed
581542,3,2021-07-23,Sienna,47918.0,5.69,Completed
581543,6,2021-07-27,Prius,22900.05,3.86,Completed
581544,15,2021-07-21,RAV4,47540.6,4.86,Completed
581545,1,2021-07-27,Corolla,22750.85,5.24,Completed
581546,15,2021-07-22,RAV4,39378.41,4.86,Completed
581547,4,2021-07-12,Highlander,38283.15,3.81,Completed
581548,11,2021-07-25,Tacoma,30729.09,4.16,Completed
581549,8,2021-07-21,Tacoma,41986.92,5.84,Completed
581550,18,2021-07-08,RAV4,51195.45,5.68,Completed
581551,20,2021-07-10,Prius,34597.02,5.77,Completed
581552,9,2021-07-04,Camry,29941.08,4.4,Pending
581553,2,2021-07-11,Tacoma,30125.8,4.0,Completed
581554,16,2021-07-19,Tundra,50365.91,6.06,Completed
581555,3,2021-07-29,Prius,34700.89,5.69,Completed
581556,3,2021-07-08,Tacoma,39208.02,5.69,Completed
581557,15,2021-07-10,Camry,39426.03,4.86,Pending
581558,3,2021-07-14,Corolla,28567.11,5.69,Completed
581559,17,2021-07-19,Tundra,33576.64,4.51,Completed
581560,18,2021-07-28,Corolla,28801.19,5.68,Completed
581561,6,2021-07-06,Prius,23525.35,3.86,Completed
581562,13,2021-07-03,Camry,42534.94,5.61,Completed
581563,7,2021-07-24,RAV4,43625.71,5.39,Completed
581564,14,2021-07-04,Prius,31183.77,5.1,Pending
581565,19,2021-07-03,Prius,28098.42,5.48,Completed
581566,12,2021-07-26,Camry,39397.77,5.65,Completed
581567,12,2021-07-05,Sienna,47493.51,5.65,Completed
581568,8,2021-07-09,Sienna,46040.97,5.84,Completed
581569,17,2021-07-18,Camry,25132.2,4.51,Completed
581570,2,2021-07-25,Camry,29591.27,4.0,Completed
581571,9,2021-07-10,Sienna,31459.17,4.4,Completed
581572,3,2021-07-20,Prius,29415.21,5.69,Completed
581573,2,2021-07-05,Tundra,39236.9,4.0,Completed
581574,13,2021-07-13,Camry,38998.65,5.61,Completed
581575,7,2021-07-26,Tacoma,40377.75,5.39,Completed
581576,16,2021-07-17,Corolla,27993.67,6.06,Completed
581577,14,2021-07-12,Camry,34136.28,5.1,Completed
581578,16,2021-07-05,Prius,31790.53,6.06,Completed
581579,18,2021-07-27,Tundra,54480.76,5.68,Completed
581580,11,2021-07-31,RAV4,29552.63,4.16,Completed
581581,17,2021-07-24,Sienna,33380.08,4.51,Completed
581582,16,2021-07-14,Sienna,51746.34,6.06,Completed
581583,17,2021-07-02,RAV4,31966.78,4.51,Completed
581584,6,2021-07-31,Tacoma,28560.29,3.86,Completed
581585,5,2021-07-05,Corolla,22580.7,5.34,Completed
581586,5,2021-07-24,Corolla,23492.17,5.34,Completed
581587,3,2021-07-02,RAV4,44487.0,5.69,Completed
581588,11,2021-07-27,Tundra,36349.32,4.16,Completed
581589,4,2021-07-11,Highlander,41304.85,3.81,Pending
581590,10,2021-07-31,Camry,26016.05,4.88,Completed
581591,1,2021-07-04,Tundra,43601.74,5.24,Completed
581592,18,2021-07-19,Prius,34442.63,5.68,Completed
581593,19,2021-07-04,Camry,31591.28,5.48,Completed
581594,6,2021-07-16,Corolla,20689.59,3.86,Completed
581595,7,2021-07-20,RAV4,44546.93,5.39,Completed
581596,10,2021-07-11,Highlander,46296.05,4.88,Completed
581597,18,2021-07-29,Sienna,54276.86,5.68,Completed
581598,7,2021-07-07,Camry,38551.28,5.39,Completed
581599,4,2021-07-09,Sienna,35063.87,3.81,Completed
581600,2,2021-07-28,Tundra,39190.09,4.0,Completed
581601,10,2021-07-15,Tundra,39664.14,4.88,Completed
581602,1,2021-07-04,Tundra,43301.77,5.24,Completed
581603,8,2021-07-08,RAV4,41951.7,5.84,Completed
581604,20,2021-07-01,Tundra,48403.09,5.77,Completed
581605,20,2021-07-26,Highlander,65021.11,5.77,Completed
581606,19,2021-07-27,Tacoma,33302.96,5.48,Completed
581607,4,2021-07-22,Corolla,20496.59,3.81,Completed
581608,19,2021-07-19,Sienna,38798.74,5.48,Completed
581609,5,2021-07-21,Tundra,41974.82,5.34,Completed
581610,4,2021-07-07,Corolla,20305.65,3.81,Completed
581611,2,2021-07-20,RAV4,35647.68,4.0,Completed
581612,17,2021-07-07,Corolla,18871.29,4.51,Completed
581613,20,2021-07-28,Prius,33412.41,5.77,Completed
581614,20,2021-07-12,Sienna,46291.4,5.77,Completed
581615,3,2021-07-27,Corolla,27354.9,5.69,Completed
581616,14,2021-07-05,Highlander,55646.87,5.1,Completed
581617,17,2021-07-02,Prius,21507.72,4.51,Completed
581618,4,2021-07-16,Prius,23572.19,3.81,Completed
581619,16,2021-07-10,Highlander,60568.65,6.06,Completed
581620,6,2021-07-27,RAV4,30138.16,3.86,Cancelled
581621,8,2021-07-24,Prius,34075.42,5.84,Completed
581622,4,2021-07-02,Tacoma,25330.55,3.81,Completed
581623,19,2021-07-26,Camry,32579.95,5.48,Completed
581624,12,2021-07-25,Tacoma,38513.9,5.65,Completed
581625,19,2021-07-17,Highlander,50869.36,5.48,Completed
581626,14,2021-07-25,RAV4,44524.02,5.1,Completed
581627,20,2021-07-02,Tacoma,39909.16,5.77,Completed
581628,14,2021-07-22,Tundra,42869.83,5.1,Completed
581629,8,2021-07-20,Camry,39904.68,5.84,Completed
581630,18,2021-07-13,Camry,39759.92,5.68,Completed
581631,8,2021-07-11,Sienna,46961.63,5.84,Completed
581632,16,2021-07-28,Sienna,51245.9,6.06,Pending
581633,18,2021-07-16,Prius,32052.51,5.68,Completed
581634,20,2021-07-25,Tundra,53128.52,5.77,Cancelled
581635,4,2021-07-17,Camry,26844.98,3.81,Completed
581636,12,2021-07-01,Tundra,44516.97,5.65,Completed
581637,15,2021-07-16,RAV4,46215.9,4.86,Completed
581638,19,2021-07-01,Prius,29531.78,5.48,Completed
581639,17,2021-07-29,Tacoma,25899.92,4.51,Completed
581640,2,2021-07-04,Corolla,23050.87,4.0,Completed
581641,15,2021-07-16,Corolla,24846.08,4.86,Completed
581642,13,2021-07-15,RAV4,45252.02,5.61,Completed
581643,11,2021-07-07,RAV4,34534.86,4.16,Completed
581644,18,2021-07-22,Tacoma,40980.87,5.68,Completed
581645,8,2021-07-23,Corolla,25291.41,5.84,Completed
581646,20,2021-07-06,Tacoma,39810.31,5.77,Completed
581647,8,2021-07-20,Highlander,64997.78,5.84,Completed
581648,2,2021-07-11,Highlander,49222.24,4.0,Completed
581649,9,2021-07-31,Camry,28373.67,4.4,Completed
581650,3,2021-07-06,Tundra,49009.15,5.69,Completed
581651,8,2021-07-25,Corolla,26591.4,5.84,Pending
581652,11,2021-07-28,Tundra,33102.96,4.16,Completed
581653,1,2021-07-19,RAV4,38820.65,5.24,Completed
581654,6,2021-07-20,Prius,23286.75,3.86,Completed
581655,12,2021-07-07,Prius,30720.91,5.65,Completed
581656,6,2021-07-30,Prius,23919.69,3.86,Completed
581657,17,2021-07-23,Camry,25906.28,4.51,Completed
581658,12,2021-07-15,Corolla,26534.91,5.65,Completed
581659,13,2021-07-06,RAV4,48803.58,5.61,Completed
581660,1,2021-07-03,RAV4,37867.18,5.24,Completed
581661,11,2021-07-26,Camry,26288.05,4.16,Completed
581662,19,2021-07-25,Tundra,40592.33,5.48,Completed
581663,18,2021-07-29,Highlander,70678.49,5.68,Completed
581664,17,2021-07-12,Tacoma,26920.35,4.51,Completed
581665,6,2021-07-19,Sienna,32898.29,3.86,Completed
581666,12,2021-07-21,Sienna,44112.06,5.65,Completed
581667,2,2021-07-08,Prius,22878.77,4.0,Completed
581668,8,2021-07-02,Tundra,44069.67,5.84,Completed
581669,14,2021-07-30,Corolla,28048.01,5.1,Completed
581670,7,2021-07-24,Prius,33530.57,5.39,Completed
581671,1,2021-07-25,Camry,32930.86,5.24,Completed
581672,4,2021-07-03,Highlander,45874.98,3.81,Completed
581673,9,2021-07-18,RAV4,33290.81,4.4,Completed
581674,5,2021-07-07,Corolla,23724.29,5.34,Pending
581675,7,2021-07-09,Corolla,27060.4,5.39,Completed
581676,16,2021-07-29,Tundra,54086.76,6.06,Completed
581677,6,2021-07-13,Highlander,44949.13,3.86,Completed
581678,3,2021-07-30,Corolla,26511.72,5.69,Completed
581679,15,2021-07-14,RAV4,46179.34,4.86,Completed
581680,10,2021-07-14,Highlander,49466.21,4.88,Completed
581681,19,2021-07-03,Sienna,41601.51,5.48,Completed
581682,19,2021-07-05,Prius,24826.68,5.48,Completed
581683,5,2021-07-31,Prius,25049.53,5.34,Completed
581684,16,2021-07-26,Prius,34798.75,6.06,Completed
581685,19,2021-07-12,RAV4,40064.75,5.48,Completed
581686,12,2021-07-14,Tacoma,40615.66,5.65,Completed
581687,11,2021-07-22,Tacoma,27809.17,4.16,Completed
581688,9,2021-07-12,Sienna,36980.76,4.4,Completed
581689,14,2021-07-21,Tundra,42127.7,5.1,Pending
581690,5,2021-07-23,Camry,34780.96,5.34,Completed
581691,11,2021-07-01,Tundra,35729.34,4.16,Completed
581692,3,2021-07-24,Tacoma,43324.12,5.69,Completed
581693,1,2021-07-10,RAV4,35123.93,5.24,Completed
581694,1,2021-07-27,Prius,26998.2,5.24,Completed
581695,19,2021-07-23,Sienna,43648.58,5.48,Completed
581696,14,2021-07-10,Prius,29743.26,5.1,Completed
581697,3,2021-07-01,Tacoma,46412.86,5.69,Completed
581698,10,2021-07-20,Camry,29296.31,4.88,Completed
581699,13,2021-07-16,Highlander,68350.75,5.61,Completed
581700,2,2021-07-05,Highlander,43297.73,4.0,Completed
581701,2,2021-07-21,Camry,30195.18,4.0,Completed
581702,15,2021-07-27,Tundra,43697.94,4.86,Completed
581703,14,2021-07-19,RAV4,45641.83,5.1,Completed
581704,11,2021-07-31,Tacoma,31887.94,4.16,Completed
581705,6,2021-07-21,Camry,24852.38,3.86,Completed
581706,8,2021-07-14,Sienna,44987.28,5.84,Completed
581707,10,2021-07-28,Tacoma,31103.62,4.88,Completed
581708,17,2021-07-08,Sienna,32022.82,4.51,Cancelled
581709,20,2021-07-17,Camry,38347.7,5.77,Pending
581710,12,2021-07-09,Camry,34961.83,5.65,Completed
581711,15,2021-07-09,Sienna,42928.52,4.86,Completed
581712,9,2021-07-09,Sienna,32237.59,4.4,Completed
581713,11,2021-07-04,Tundra,38224.54,4.16,Completed
581714,8,2021-07-12,RAV4,40552.6,5.84,Completed
581715,15,2021-07-23,Tundra,51512.37,4.86,Completed
581716,9,2021-07-25,Camry,26553.8,4.4,Completed
581717,7,2021-07-19,Sienna,45348.7,5.39,Completed
581718,6,2021-07-29,Prius,23717.06,3.86,Completed
581719,14,2021-07-31,Tundra,45912.78,5.1,Completed
581720,15,2021-07-15,Highlander,63372.87,4.86,Completed
581721,6,2021-07-02,Tacoma,26785.51,3.86,Completed
581722,12,2021-07-06,Corolla,26501.26,5.65,Completed
581723,12,2021-07-03,Highlander,54719.51,5.65,Completed
581724,13,2021-07-08,Sienna,45676.93,5.61,Completed
581725,20,2021-07-11,Tacoma,39053.13,5.77,Completed
581726,15,2021-07-15,Sienna,49837.81,4.86,Completed
581727,12,2021-07-10,Prius,31320.33,5.65,Completed
581728,5,2021-07-22,Tundra,44446.92,5.34,Completed
581729,10,2021-07-17,Prius,25067.65,4.88,Completed
581730,1,2021-07-07,Prius,24821.07,5.24,Completed
581731,16,2021-07-23,Highlander,61191.23,6.06,Completed
581732,7,2021-07-24,Corolla,26562.11,5.39,Completed
581733,7,2021-07-07,Prius,34531.22,5.39,Completed
581734,6,2021-07-14,Tundra,35519.33,3.86,Completed
581735,20,2021-07-04,Sienna,44828.0,5.77,Completed
581736,13,2021-07-30,Prius,32694.97,5.61,Completed
581737,15,2021-07-15,Sienna,44803.0,4.86,Completed
581738,19,2021-07-02,Corolla,26092.5,5.48,Completed
581739,13,2021-07-12,Corolla,30794.13,5.61,Completed
581740,7,2021-07-24,Corolla,26113.59,5.39,Completed
581741,16,2021-07-02,Corolla,30197.77,6.06,Completed
581742,18,2021-07-21,Tundra,46700.19,5.68,Completed
581743,17,2021-07-25,Prius,20079.65,4.51,Completed
581744,20,2021-07-26,Corolla,25445.37,5.77,Completed
581745,5,2021-07-27,Sienna,39856.72,5.34,Completed
581746,2,2021-07-10,Sienna,36057.68,4.0,Completed
581747,17,2021-07-27,Camry,25324.59,4.51,Completed
581748,15,2021-07-18,Tacoma,40533.64,4.86,Completed
581749,15,2021-07-08,Tundra,50257.57,4.86,Completed
581750,20,2021-07-02,Camry,41556.55,5.77,Completed
581751,3,2021-07-06,Sienna,51039.22,5.69,Completed
581752,16,2021-07-04,Sienna,46799.12,6.06,Completed
581753,1,2021-07-11,Prius,28152.56,5.24,Completed
581754,8,2021-07-25,Tacoma,43352.71,5.84,Completed
581755,2,2021-07-30,Tundra,33670.11,4.0,Completed
581756,15,2021-07-26,Camry,37007.76,4.86,Completed
581757,8,2021-07-30,Camry,34220.77,5.84,Completed
581758,19,2021-07-04,Highlander,57671.47,5.48,Completed
581759,1,2021-07-06,Tundra,38656.91,5.24,Completed
581760,17,2021-07-16,Tundra,32121.31,4.51,Completed
581761,11,2021-07-11,RAV4,33254.04,4.16,Completed
581762,15,2021-07-01,Prius,31658.48,4.86,Completed
581763,18,2021-07-12,Corolla,32365.27,5.68,Completed
581764,15,2021-07-23,Corolla,28627.75,4.86,Completed
581765,15,2021-07-23,Prius,32197.34,4.86,Completed
581766,2,2021-07-11,RAV4,36248.51,4.0,Completed
581767,5,2021-07-18,Prius,28709.65,5.34,Completed
581768,14,2021-07-18,Highlander,57381.71,5.1,Completed
581769,13,2021-07-15,Camry,36078.49,5.61,Completed
581770,17,2021-07-20,Tacoma,28826.27,4.51,Completed
581771,19,2021-07-06,Corolla,23791.93,5.48,Completed
581772,14,2021-07-24,Highlander,52982.04,5.1,Completed
581773,3,2021-07-26,Tundra,46140.23,5.69,Completed
581774,13,2021-07-28,RAV4,49201.13,5.61,Completed
581775,1,2021-07-27,Prius,27485.19,5.24,Completed
581776,18,2021-07-07,Sienna,49666.5,5.68,Completed
581777,9,2021-07-14,Tacoma,30755.34,4.4,Completed
581778,5,2021-07-09,Highlander,50933.34,5.34,Completed
581779,4,2021-07-21,Tacoma,28418.88,3.81,Completed
581780,17,2021-07-29,Camry,28606.12,4.51,Completed
581781,13,2021-07-06,Corolla,27871.31,5.61,Completed
581782,5,2021-07-20,Tundra,44736.39,5.34,Completed
581783,9,2021-07-21,Highlander,47004.69,4.4,Cancelled
581784,13,2021-07-28,Camry,42437.04,5.61,Completed
581785,1,2021-07-11,Prius,28291.33,5.24,Completed
581786,3,2021-07-05,Camry,36442.07,5.69,Completed
581787,8,2021-07-21,Tacoma,41532.66,5.84,Cancelled
581788,3,2021-07-14,Highlander,60972.51,5.69,Pending
581789,17,2021-07-25,Tundra,35559.99,4.51,Completed
581790,12,2021-07-24,Corolla,29877.62,5.65,Completed
581791,20,2021-07-08,Sienna,47378.58,5.77,Completed
581792,7,2021-07-04,Corolla,29144.22,5.39,Completed
581793,18,2021-07-01,RAV4,51657.13,5.68,Completed
581794,8,2021-07-16,Highlander,64870.23,5.84,Completed
581795,12,2021-07-03,Sienna,48456.4,5.65,Completed
581796,17,2021-07-09,RAV4,28334.0,4.51,Completed
581797,3,2021-07-13,Highlander,64297.84,5.69,Completed
581798,9,2021-07-26,Highlander,42358.87,4.4,Completed
581799,9,2021-07-23,Tacoma,28981.5,4.4,Completed
581800,20,2021-07-10,Camry,38536.32,5.77,Completed
581801,20,2021-07-20,RAV4,44065.87,5.77,Completed
581802,7,2021-07-10,Highlander,57512.62,5.39,Completed
581803,18,2021-07-17,Highlander,68899.95,5.68,Completed
581804,8,2021-07-11,Sienna,51546.14,5.84,Completed
581805,11,2021-07-08,Corolla,19166.08,4.16,Completed
581806,9,2021-07-20,Tundra,33727.08,4.4,Completed
581807,13,2021-07-18,Sienna,49615.09,5.61,Completed
581808,10,2021-07-07,Prius,24075.72,4.88,Completed
581809,2,2021-07-15,RAV4,31145.91,4.0,Completed
581810,11,2021-07-03,Sienna,34545.11,4.16,Completed
581811,11,2021-07-14,Sienna,35209.28,4.16,Completed
581812,7,2021-07-03,Tacoma,41361.75,5.39,Completed
581813,4,2021-07-29,Camry,24162.09,3.81,Completed
581814,4,2021-07-26,Highlander,46324.46,3.81,Pending
581815,7,2021-07-16,Highlander,61574.07,5.39,Completed
581816,9,2021-07-10,Sienna,37095.03,4.4,Completed
581817,11,2021-07-07,Corolla,21198.22,4.16,Completed
581818,1,2021-07-01,Tundra,43788.55,5.24,Completed
581819,5,2021-07-19,Highlander,55830.03,5.34,Completed
581820,20,2021-07-23,Prius,29049.16,5.77,Completed
581821,16,2021-07-10,Tundra,46063.75,6.06,Completed
581822,18,2021-07-30,RAV4,47927.47,5.68,Completed
581823,3,2021-07-25,Tundra,52842.97,5.69,Completed
581824,15,2021-07-18,Corolla,27738.87,4.86,Completed
581825,8,2021-07-24,Sienna,43415.23,5.84,Completed
581826,8,2021-07-02,Camry,40831.69,5.84,Completed
581827,14,2021-07-11,Sienna,42455.55,5.1,Completed
581828,16,2021-07-17,Prius,30205.2,6.06,Completed
581829,10,2021-07-02,Corolla,22230.04,4.88,Completed
581830,16,2021-07-12,Tundra,50736.27,6.06,Completed
581831,1,2021-07-26,Highlander,49917.86,5.24,Completed
581832,12,2021-07-15,Tundra,47613.7,5.65,Completed
581833,11,2021-07-14,RAV4,34716.69,4.16,Completed
581834,4,2021-07-04,Sienna,34708.66,3.81,Completed
581835,15,2021-07-15,RAV4,42985.39,4.86,Cancelled
581836,8,2021-07-02,Camry,33812.19,5.84,Completed
581837,1,2021-07-30,Corolla,21651.37,5.24,Completed
581838,8,2021-07-08,Tundra,44306.52,5.84,Completed
581839,19,2021-07-31,Corolla,22524.73,5.48,Completed
581840,7,2021-07-29,Camry,38901.96,5.39,Completed
581841,3,2021-07-25,Tacoma,42554.51,5.69,Completed
581842,11,2021-07-15,Sienna,31975.07,4.16,Completed
581843,8,2021-07-02,Sienna,43424.1,5.84,Completed
581844,3,2021-07-06,Corolla,31258.13,5.69,Completed
581845,14,2021-07-15,Tacoma,35763.73,5.1,Completed
581846,9,2021-07-15,Prius,21522.45,4.4,Completed
581847,20,2021-07-12,Corolla,30117.72,5.77,Completed
581848,5,2021-07-22,Tundra,41535.58,5.34,Completed
581849,1,2021-07-04,Highlander,55395.11,5.24,Completed
581850,9,2021-07-30,Corolla,21458.25,4.4,Completed
581851,3,2021-07-27,Sienna,46557.76,5.69,Completed
581852,2,2021-07-30,Sienna,39166.5,4.0,Completed
581853,16,2021-07-25,RAV4,41315.88,6.06,Completed
581854,6,2021-07-26,Prius,22890.78,3.86,Completed
581855,17,2021-07-21,Prius,21232.99,4.51,Completed
581856,4,2021-07-27,Sienna,32182.73,3.81,Completed
581857,11,2021-07-24,RAV4,34908.3,4.16,Completed
581858,10,2021-07-19,RAV4,35094.06,4.88,Completed
581859,17,2021-07-12,Sienna,32155.08,4.51,Completed
581860,9,2021-07-08,Prius,24147.76,4.4,Pending
581861,7,2021-07-12,Tacoma,42724.91,5.39,Completed
581862,20,2021-07-24,Sienna,45446.81,5.77,Completed
581863,4,2021-07-04,Tundra,33362.98,3.81,Completed
581864,19,2021-07-31,Sienna,38541.59,5.48,Completed
581865,16,2021-07-24,RAV4,42048.52,6.06,Completed
581866,15,2021-07-13,Prius,33070.96,4.86,Completed
581867,1,2021-07-25,Tacoma,36143.23,5.24,Completed
581868,8,2021-07-08,Tacoma,42587.62,5.84,Completed
581869,17,2021-07-24,Tacoma,29021.41,4.51,Completed
581870,6,2021-07-01,RAV4,31037.7,3.86,Completed
581871,19,2021-07-12,RAV4,36417.01,5.48,Completed
581872,10,2021-07-31,Prius,24967.66,4.88,Completed
581873,7,2021-07-20,Corolla,28054.83,5.39,Completed
581874,9,2021-07-14,Sienna,35570.4,4.4,Completed
581875,20,2021-07-20,Sienna,50759.24,5.77,Completed
581876,10,2021-07-25,Corolla,19655.59,4.88,Completed
581877,8,2021-07-11,Prius,31313.39,5.84,Completed
581878,1,2021-07-26,Sienna,40014.36,5.24,Completed
581879,20,2021-07-23,Camry,36315.37,5.77,Completed
581880,9,2021-07-06,Tacoma,29516.52,4.4,Completed
581881,15,2021-07-25,Sienna,44023.52,4.86,Completed
581882,3,2021-07-12,RAV4,49233.76,5.69,Completed
581883,9,2021-07-31,Tundra,31497.66,4.4,Completed
581884,5,2021-07-10,Corolla,25557.4,5.34,Completed
581885,1,2021-07-14,Prius,28103.6,5.24,Completed
581886,3,2021-07-19,Prius,31236.09,5.69,Completed
581887,19,2021-07-12,Tacoma,34933.45,5.48,Completed
581888,10,2021-07-17,Sienna,35710.63,4.88,Completed
581889,1,2021-07-29,Prius,25769.24,5.24,Completed
581890,4,2021-07-16,Tundra,31285.76,3.81,Completed
581891,17,2021-07-24,Corolla,18253.3,4.51,Completed
581892,16,2021-07-04,Corolla,28433.78,6.06,Completed
581893,2,2021-07-01,RAV4,32811.06,4.0,Completed
581894,18,2021-07-02,Corolla,29387.81,5.68,Completed
581895,2,2021-07-25,Prius,23692.96,4.0,Completed
581896,5,2021-07-25,Highlander,53609.34,5.34,Completed
581897,15,2021-07-15,Tundra,49584.35,4.86,Completed
581898,3,2021-07-22,Prius,34874.06,5.69,Completed
581899,17,2021-07-26,Camry,28452.92,4.51,Completed
581900,3,2021-07-06,Camry,40455.76,5.69,Completed
581901,11,2021-07-24,Corolla,20483.65,4.16,Completed
581902,11,2021-07-22,Corolla,21521.68,4.16,Completed
581903,15,2021-07-11,Highlander,65012.29,4.86,Completed
581904,3,2021-07-05,Sienna,50969.61,5.69,Completed
581905,8,2021-07-05,Tacoma,44285.5,5.84,Completed
581906,12,2021-07-15,Tacoma,43151.12,5.65,Completed
581907,14,2021-07-04,Prius,32357.91,5.1,Completed
581908,5,2021-07-16,Corolla,25578.37,5.34,Completed
581909,9,2021-07-14,Sienna,35705.52,4.4,Completed
581910,19,2021-07-21,Highlander,53902.08,5.48,Completed
581911,20,2021-07-10,Highlander,65292.01,5.77,Completed
581912,19,2021-07-20,Camry,30882.18,5.48,Completed
581913,15,2021-07-21,Tundra,51456.34,4.86,Completed
581914,12,2021-07-07,Corolla,26375.32,5.65,Completed
581915,12,2021-07-17,Tacoma,36955.52,5.65,Completed
581916,12,2021-07-26,RAV4,41982.68,5.65,Completed
581917,4,2021-07-27,Tacoma,25369.56,3.81,Completed
581918,8,2021-07-30,Camry,40227.23,5.84,Completed
581919,2,2021-07-11,Camry,26519.99,4.0,Completed
581920,10,2021-07-31,Camry,30087.88,4.88,Completed
581921,1,2021-07-15,Camry,32058.4,5.24,Completed
581922,10,2021-07-27,Camry,27370.94,4.88,Completed
581923,8,2021-07-19,Highlander,56533.87,5.84,Completed
581924,1,2021-07-08,Corolla,23515.36,5.24,Completed
581925,13,2021-07-05,Sienna,47783.35,5.61,Completed
581926,20,2021-07-03,Camry,37762.19,5.77,Completed
581927,7,2021-07-26,Tundra,48082.46,5.39,Completed
581928,2,2021-07-31,Tundra,38997.57,4.0,Completed
581929,11,2021-07-17,Highlander,45432.38,4.16,Completed
581930,17,2021-07-23,Prius,20569.97,4.51,Completed
581931,15,2021-07-19,Tundra,44318.61,4.86,Pending
581932,17,2021-07-02,Tacoma,30323.4,4.51,Completed
581933,16,2021-07-12,Corolla,30834.58,6.06,Completed
581934,4,2021-07-11,Camry,27637.32,3.81,Completed
581935,1,2021-07-20,Highlander,47775.07,5.24,Completed
581936,18,2021-07-03,Tacoma,45043.97,5.68,Pending
581937,6,2021-07-05,Tundra,35460.94,3.86,Completed
581938,2,2021-07-05,Sienna,38546.03,4.0,Completed
581939,19,2021-07-12,Camry,35655.41,5.48,Completed
581940,12,2021-07-01,Tundra,45051.16,5.65,Completed
581941,19,2021-07-18,Prius,26396.24,5.48,Completed
581942,7,2021-07-07,Tacoma,39463.4,5.39,Completed
581943,18,2021-07-10,Tacoma,44071.79,5.68,Completed
581944,12,2021-07-03,Camry,34563.59,5.65,Completed
581945,5,2021-07-07,Prius,25791.4,5.34,Completed
581946,17,2021-07-11,Sienna,36623.88,4.51,Completed
581947,9,2021-07-21,Tacoma,31331.55,4.4,Cancelled
581948,16,2021-07-18,Corolla,30387.92,6.06,Completed
581949,5,2021-07-27,Tacoma,36289.72,5.34,Completed
581950,17,2021-07-03,RAV4,28989.81,4.51,Completed
581951,17,2021-07-22,Corolla,20603.49,4.51,Completed
581952,15,2021-07-27,RAV4,41184.76,4.86,Completed
581953,1,2021-07-09,Corolla,23344.75,5.24,Completed
581954,2,2021-07-05,Camry,30905.17,4.0,Completed
581955,11,2021-07-08,Camry,25071.31,4.16,Completed
581956,12,2021-07-20,Sienna,45342.06,5.65,Completed
581957,4,2021-07-03,RAV4,29764.25,3.81,Completed
581958,6,2021-07-13,Prius,23940.78,3.86,Completed
581959,20,2021-07-25,RAV4,39880.8,5.77,Completed
581960,9,2021-07-21,Corolla,18446.23,4.4,Completed
581961,3,2021-07-22,Camry,36699.86,5.69,Completed
581962,14,2021-07-09,Sienna,50347.22,5.1,Pending
581963,3,2021-07-01,Prius,35633.85,5.69,Completed
581964,5,2021-07-06,RAV4,34800.96,5.34,Completed
581965,19,2021-07-12,Sienna,39641.36,5.48,Completed
581966,11,2021-07-08,Tacoma,29588.57,4.16,Completed
581967,12,2021-07-26,RAV4,44526.49,5.65,Completed
581968,15,2021-07-30,Camry,35333.36,4.86,Completed
581969,9,2021-07-29,Tacoma,28158.13,4.4,Completed
581970,19,2021-07-31,Tacoma,33860.59,5.48,Completed
581971,13,2021-07-01,Corolla,31135.7,5.61,Completed
581972,14,2021-07-02,Camry,37646.57,5.1,Completed
581973,17,2021-07-17,Sienna,33358.3,4.51,Completed
581974,8,2021-07-12,Sienna,48492.71,5.84,Completed
581975,5,2021-07-28,Prius,24542.47,5.34,Completed
581976,1,2021-07-19,Tundra,43283.31,5.24,Completed
581977,11,2021-07-24,Camry,28525.29,4.16,Completed
581978,13,2021-07-09,Camry,41811.78,5.61,Completed
581979,2,2021-07-24,Camry,30523.51,4.0,Completed
581980,1,2021-07-01,Sienna,43010.25,5.24,Completed
581981,6,2021-07-02,Tacoma,30189.44,3.86,Completed
581982,14,2021-07-07,Camry,34645.13,5.1,Completed
581983,18,2021-07-05,Sienna,51033.03,5.68,Completed
581984,10,2021-07-05,Tundra,37857.12,4.88,Completed
581985,3,2021-07-15,Sienna,53195.12,5.69,Completed
581986,20,2021-07-18,Camry,34399.31,5.77,Completed
581987,14,2021-07-07,Sienna,45809.03,5.1,Completed
581988,2,2021-07-21,Sienna,35509.16,4.0,Completed
581989,14,2021-07-27,Sienna,46393.85,5.1,Completed
581990,10,2021-07-27,Sienna,39103.75,4.88,Pending
581991,5,2021-07-26,Corolla,21854.23,5.34,Completed
581992,7,2021-07-14,RAV4,40599.18,5.39,Completed
581993,15,2021-07-31,Tacoma,41761.51,4.86,Completed
581994,9,2021-07-27,Sienna,33546.1,4.4,Completed
581995,10,2021-07-12,Corolla,19904.1,4.88,Completed
581996,3,2021-07-11,RAV4,44059.05,5.69,Completed
581997,20,2021-07-01,Tundra,47779.86,5.77,Completed
581998,17,2021-07-28,Highlander,45139.71,4.51,Completed
581999,11,2021-07-08,Tundra,36210.45,4.16,Completed
582000,4,2021-07-05,Corolla,18609.45,3.81,Completed
582001,14,2021-07-03,RAV4,41277.91,5.1,Completed
582002,8,2021-07-06,Highlander,64542.55,5.84,Completed
582003,10,2021-07-25,Highlander,44615.81,4.88,Completed
582004,5,2021-07-07,Camry,31484.54,5.34,Completed
582005,6,2021-07-21,Highlander,44217.8,3.86,Completed
582006,8,2021-07-28,Sienna,44578.38,5.84,Completed
582007,1,2021-07-01,Tacoma,34272.45,5.24,Completed
582008,15,2021-07-31,Sienna,45486.56,4.86,Completed
582009,15,2021-07-17,Camry,36873.49,4.86,Completed
582010,2,2021-07-31,Tacoma,33331.95,4.0,Completed
582011,15,2021-07-24,Corolla,26990.54,4.86,Cancelled
582012,15,2021-07-18,Highlander,61767.25,4.86,Completed
582013,8,2021-07-03,RAV4,47167.89,5.84,Completed
582014,16,2021-07-09,Corolla,29035.99,6.06,Completed
582015,14,2021-07-07,Corolla,25135.98,5.1,Completed
582016,16,2021-07-06,Sienna,54171.06,6.06,Completed
582017,7,2021-07-27,RAV4,48031.93,5.39,Completed
582018,3,2021-07-22,Sienna,45795.32,5.69,Completed
582019,12,2021-07-30,Highlander,59506.07,5.65,Completed
582020,5,2021-07-20,RAV4,36582.1,5.34,Completed
582021,7,2021-07-14,Corolla,26069.1,5.39,Cancelled
582022,14,2021-07-17,Tundra,50561.46,5.1,Completed
582023,3,2021-07-12,RAV4,44704.62,5.69,Completed
582024,2,2021-07-08,Prius,21952.2,4.0,Completed
582025,1,2021-07-01,Tundra,41857.42,5.24,Completed
582026,15,2021-07-11,Prius,32255.17,4.86,Completed
582027,12,2021-07-07,Sienna,46866.33,5.65,Completed
582028,5,2021-07-04,Sienna,41403.71,5.34,Completed
582029,7,2021-07-08,Prius,30926.7,5.39,Completed
582030,11,2021-07-21,Sienna,32697.3,4.16,Pending
582031,2,2021-07-05,Sienna,33601.41,4.0,Completed
582032,12,2021-07-30,Sienna,45204.39,5.65,Pending
582033,1,2021-07-20,Highlander,55221.74,5.24,Completed
582034,14,2021-07-08,Tacoma,37393.06,5.1,Completed
582035,5,2021-07-31,Prius,24400.94,5.34,Completed
582036,3,2021-07-21,Prius,30510.08,5.69,Completed
582037,11,2021-07-06,Tacoma,32501.08,4.16,Completed
582038,11,2021-07-07,Tundra,33885.17,4.16,Completed
582039,6,2021-07-28,RAV4,28178.79,3.86,Completed
582040,1,2021-07-25,Highlander,53336.82,5.24,Pending
582041,12,2021-07-08,Highlander,56955.95,5.65,Completed
582042,12,2021-07-08,Tundra,46126.33,5.65,Completed
582043,9,2021-07-19,Sienna,34142.23,4.4,Completed
582044,12,2021-07-26,RAV4,46143.8,5.65,Completed
582045,13,2021-07-27,Prius,34455.28,5.61,Completed
582046,14,2021-07-30,Camry,35051.06,5.1,Completed
582047,1,2021-07-30,Corolla,20975.69,5.24,Completed
582048,10,2021-07-08,Camry,28503.34,4.88,Completed
582049,20,2021-07-05,Corolla,29930.11,5.77,Completed
582050,6,2021-07-05,Prius,22890.28,3.86,Completed
582051,13,2021-07-07,Tacoma,41681.5,5.61,Completed
582052,20,2021-07-04,Sienna,47503.31,5.77,Completed
582053,12,2021-07-12,RAV4,43951.17,5.65,Completed
582054,5,2021-07-01,Corolla,25361.0,5.34,Completed
582055,10,2021-07-29,Sienna,35781.75,4.88,Completed
582056,4,2021-07-30,Camry,25898.72,3.81,Completed
582057,20,2021-07-24,Sienna,52797.62,5.77,Completed
582058,11,2021-07-11,Tundra,34407.78,4.16,Completed
582059,5,2021-07-12,RAV4,37853.44,5.34,Completed
582060,20,2021-07-03,Tundra,46650.7,5.77,Completed
582061,15,2021-07-26,Highlander,59243.08,4.86,Completed
582062,18,2021-07-11,Camry,43542.29,5.68,Completed
582063,12,2021-07-30,Sienna,47394.79,5.65,Completed
582064,2,2021-07-08,RAV4,35829.57,4.0,Completed
582065,14,2021-07-01,Tundra,45014.54,5.1,Completed
582066,15,2021-07-23,Tundra,44699.34,4.86,Completed
582067,8,2021-07-07,Corolla,26384.05,5.84,Completed
582068,7,2021-07-04,RAV4,47420.17,5.39,Completed
582069,2,2021-07-04,Tundra,37450.67,4.0,Pending
582070,9,2021-07-07,Corolla,21299.01,4.4,Completed
582071,19,2021-07-03,RAV4,37189.71,5.48,Pending
582072,11,2021-07-06,Tundra,37769.4,4.16,Completed
582073,1,2021-07-14,Highlander,48904.02,5.24,Completed
582074,10,2021-07-16,Tacoma,27826.15,4.88,Completed
582075,19,2021-07-25,Corolla,26200.46,5.48,Completed
582076,7,2021-07-15,Prius,34161.83,5.39,Completed
582077,17,2021-07-09,Highlander,41562.08,4.51,Completed
582078,2,2021-07-26,Camry,29616.41,4.0,Completed
582079,7,2021-07-11,RAV4,45524.73,5.39,Completed
582080,16,2021-07-29,Camry,39925.05,6.06,Completed
582081,19,2021-07-10,Tundra,41293.58,5.48,Completed
582082,20,2021-07-08,Tacoma,38892.39,5.77,Completed
582083,19,2021-07-17,Sienna,38581.92,5.48,Completed
582084,8,2021-07-15,Prius,29048.64,5.84,Completed
582085,5,2021-07-02,Tacoma,35093.89,5.34,Completed
582086,11,2021-07-13,Tundra,37048.4,4.16,Completed
582087,17,2021-07-09,Highlander,44432.96,4.51,Completed
582088,17,2021-07-31,Sienna,34512.82,4.51,Completed
582089,3,2021-07-03,Tundra,54687.74,5.69,Completed
582090,5,2021-07-13,Tacoma,37581.2,5.34,Completed
582091,7,2021-07-21,RAV4,43864.66,5.39,Completed
582092,3,2021-07-12,Highlander,61053.89,5.69,Completed
582093,2,2021-07-10,Tacoma,28213.24,4.0,Completed
582094,7,2021-07-29,Prius,30670.64,5.39,Completed
582095,12,2021-07-18,Highlander,59922.56,5.65,Completed
582096,11,2021-07-07,Camry,25245.67,4.16,Completed
582097,13,2021-07-06,Tacoma,40771.73,5.61,Completed
582098,9,2021-07-24,Tundra,38029.15,4.4,Completed
582099,5,2021-07-26,Sienna,40546.58,5.34,Cancelled
582100,11,2021-07-26,Sienna,37838.67,4.16,Cancelled
582101,12,2021-07-01,Camry,35252.01,5.65,Completed
582102,15,2021-07-13,Tacoma,42443.97,4.86,Completed
582103,11,2021-07-26,Sienna,34854.59,4.16,Completed
582104,18,2021-07-27,Sienna,49023.19,5.68,Completed
582105,2,2021-07-11,Tacoma,28781.26,4.0,Completed
582106,15,2021-07-10,Highlander,59653.31,4.86,Pending
582107,5,2021-07-10,RAV4,35822.92,5.34,Completed
582108,4,2021-07-31,Camry,26144.33,3.81,Completed
582109,17,2021-07-04,Corolla,17491.82,4.51,Completed
582110,9,2021-07-01,Tundra,35935.75,4.4,Completed
582111,6,2021-07-08,Sienna,34988.57,3.86,Completed
582112,14,2021-07-21,Prius,30216.96,5.1,Completed
582113,5,2021-07-16,Camry,34217.9,5.34,Completed
582114,18,2021-07-28,Highlander,71779.37,5.68,Completed
582115,3,2021-07-29,Camry,38507.01,5.69,Cancelled
582116,18,2021-07-14,RAV4,43061.95,5.68,Completed
582117,9,2021-07-31,Sienna,35794.34,4.4,Completed
582118,3,2021-07-30,RAV4,41457.36,5.69,Completed
582119,19,2021-07-04,Highlander,57371.71,5.48,Completed
582120,16,2021-07-12,Highlander,64202.89,6.06,Completed
582121,1,2021-07-17,Highlander,53913.53,5.24,Completed
582122,2,2021-07-09,Tundra,36996.24,4.0,Completed
582123,14,2021-07-07,Highlander,57287.17,5.1,Completed
582124,5,2021-07-27,RAV4,38386.98,5.34,Completed
582125,15,2021-07-16,Tacoma,43286.99,4.86,Completed
582126,14,2021-07-03,Corolla,28320.1,5.1,Completed
582127,17,2021-07-20,RAV4,33922.23,4.51,Completed
582128,19,2021-07-21,Highlander,56557.17,5.48,Completed
582129,3,2021-07-24,Highlander,61368.55,5.69,Completed
582130,16,2021-07-11,Corolla,28535.71,6.06,Completed
582131,12,2021-07-12,Tundra,52306.7,5.65,Completed
582132,7,2021-07-24,Highlander,64387.16,5.39,Completed
582133,3,2021-07-07,Highlander,58805.73,5.69,Completed
582134,16,2021-07-13,Sienna,49146.2,6.06,Completed
582135,15,2021-07-03,RAV4,46977.29,4.86,Completed
582136,11,2021-07-16,RAV4,29569.51,4.16,Completed
582137,4,2021-07-21,Prius,21769.2,3.81,Completed
582138,7,2021-07-28,RAV4,46881.07,5.39,Completed
582139,17,2021-07-06,Sienna,33007.6,4.51,Completed
582140,5,2021-07-06,Highlander,46929.38,5.34,Completed
582141,4,2021-07-03,Corolla,20324.89,3.81,Completed
582142,17,2021-07-26,Tacoma,26788.51,4.51,Completed
582143,14,2021-07-17,Highlander,62838.94,5.1,Completed
582144,4,2021-07-24,Tacoma,29598.78,3.81,Completed
582145,9,2021-07-10,Camry,27279.41,4.4,Completed
582146,7,2021-07-04,Highlander,67248.18,5.39,Cancelled
582147,8,2021-07-02,Prius,31068.7,5.84,Completed
582148,7,2021-07-29,Highlander,59536.94,5.39,Completed
582149,15,2021-07-08,Corolla,25401.1,4.86,Completed
582150,14,2021-07-06,Highlander,57736.34,5.1,Completed
582151,9,2021-07-27,Tacoma,29179.53,4.4,Completed
582152,6,2021-07-07,Tundra,35320.9,3.86,Completed
582153,10,2021-07-18,Corolla,20667.11,4.88,Completed
582154,15,2021-07-12,Sienna,48743.2,4.86,Completed
582155,18,2021-07-28,Tacoma,40199.73,5.68,Completed
582156,3,2021-07-02,Prius,33922.53,5.69,Completed
582157,6,2021-07-19,RAV4,33069.18,3.86,Completed
582158,3,2021-07-02,Sienna,50586.34,5.69,Completed
582159,11,2021-07-09,Camry,25514.58,4.16,Pending
582160,4,2021-07-01,Tacoma,26788.71,3.81,Completed
582161,13,2021-07-22,Highlander,58355.46,5.61,Completed
582162,6,2021-07-05,Highlander,39545.22,3.86,Completed
582163,20,2021-07-05,Corolla,28415.24,5.77,Completed
582164,10,2021-07-07,Highlander,44506.72,4.88,Completed
582165,2,2021-07-30,Corolla,20901.68,4.0,Cancelled
582166,3,2021-07-17,Highlander,62500.45,5.69,Completed
582167,10,2021-07-14,Camry,28569.42,4.88,Completed
582168,8,2021-07-16,Tundra,44899.81,5.84,Completed
582169,14,2021-07-22,Corolla,24288.44,5.1,Completed
582170,3,2021-07-08,RAV4,46992.57,5.69,Completed
582171,14,2021-07-20,RAV4,38523.61,5.1,Completed
582172,16,2021-07-01,Prius,34796.13,6.06,Completed
582173,20,2021-07-22,Tundra,52165.54,5.77,Completed
582174,6,2021-07-29,Highlander,39444.85,3.86,Completed
582175,9,2021-07-22,RAV4,29292.57,4.4,Completed
582176,14,2021-07-23,Sienna,50479.0,5.1,Completed
582177,20,2021-07-07,Highlander,66715.21,5.77,Completed
582178,8,2021-07-18,Camry,39627.72,5.84,Completed
582179,5,2021-07-26,RAV4,39046.86,5.34,Completed
582180,13,2021-07-23,Camry,39596.19,5.61,Completed
582181,9,2021-07-17,Prius,22344.71,4.4,Completed
582182,18,2021-07-11,Highlander,59924.85,5.68,Completed
582183,13,2021-07-21,Tacoma,40771.1,5.61,Completed
582184,2,2021-07-24,Tundra,35733.17,4.0,Completed
582185,4,2021-07-18,Corolla,19686.13,3.81,Completed
582186,8,2021-07-27,Camry,35086.29,5.84,Completed
582187,3,2021-07-19,Highlander,66133.46,5.69,Completed
582188,13,2021-07-08,Sienna,54920.46,5.61,Completed
582189,6,2021-07-03,Prius,23224.46,3.86,Completed
582190,9,2021-07-21,Highlander,47530.23,4.4,Completed
582191,8,2021-07-13,Tundra,49819.53,5.84,Completed
582192,4,2021-07-29,Highlander,40154.11,3.81,Completed
582193,7,2021-07-20,Camry,35384.24,5.39,Completed
582194,12,2021-07-16,Prius,29957.64,5.65,Completed
582195,5,2021-07-22,Camry,28987.14,5.34,Completed
582196,5,2021-07-24,Tacoma,34249.24,5.34,Completed
582197,11,2021-07-14,Tundra,37230.29,4.16,Completed
582198,17,2021-07-04,Camry,25666.12,4.51,Completed
582199,2,2021-07-17,Sienna,35975.09,4.0,Completed
582200,13,2021-07-07,Tundra,52709.69,5.61,Completed
582201,4,2021-07-03,Tundra,30431.5,3.81,Completed
582202,6,2021-07-01,Corolla,18439.68,3.86,Completed
582203,9,2021-07-14,Sienna,36513.39,4.4,Completed
582204,11,2021-07-14,Corolla,19808.24,4.16,Completed
582205,17,2021-07-21,Corolla,18485.92,4.51,Completed
582206,9,2021-07-09,RAV4,29231.95,4.4,Completed
582207,17,2021-07-15,Corolla,18072.69,4.51,Completed
582208,2,2021-07-28,Corolla,21247.8,4.0,Completed
582209,7,2021-07-13,Tundra,52547.29,5.39,Completed
582210,4,2021-07-19,Tacoma,30075.66,3.81,Completed
582211,4,2021-07-24,Corolla,20754.75,3.81,Completed
582212,6,2021-07-22,Tacoma,29299.02,3.86,Completed
582213,5,2021-07-03,Corolla,24761.43,5.34,Cancelled
582214,5,2021-07-03,Highlander,46951.66,5.34,Completed
582215,13,2021-07-06,Highlander,70155.64,5.61,Completed
582216,7,2021-07-15,Camry,35562.12,5.39,Completed
582217,4,2021-07-19,RAV4,27334.46,3.81,Completed
582218,11,2021-07-23,Corolla,20605.3,4.16,Completed
582219,14,2021-07-01,Tacoma,40142.7,5.1,Completed
582220,14,2021-07-21,RAV4,44153.18,5.1,Completed
582221,20,2021-07-30,Sienna,52151.17,5.77,Completed
582222,16,2021-07-24,RAV4,42364.05,6.06,Completed
582223,18,2021-07-09,RAV4,48513.7,5.68,Completed
582224,2,2021-07-30,Tundra,34473.49,4.0,Completed
582225,18,2021-07-07,Sienna,53685.62,5.68,Pending
582226,3,2021-07-23,Tacoma,43120.07,5.69,Completed
582227,11,2021-07-24,RAV4,30113.36,4.16,Completed
582228,3,2021-07-14,Tundra,45325.43,5.69,Completed
582229,1,2021-07-28,Highlander,53025.29,5.24,Completed
582230,19,2021-07-30,Corolla,23641.23,5.48,Completed
582231,14,2021-07-16,Sienna,46197.81,5.1,Completed
582232,11,2021-07-23,Sienna,36114.12,4.16,Completed
582233,10,2021-07-19,Highlander,44851.03,4.88,Completed
582234,10,2021-07-20,Corolla,21145.39,4.88,Completed
582235,2,2021-07-30,Tundra,35824.3,4.0,Completed
582236,15,2021-07-04,Tundra,47706.25,4.86,Completed
582237,17,2021-07-03,Prius,20368.31,4.51,Completed
582238,19,2021-07-02,Tacoma,33445.1,5.48,Completed
582239,5,2021-07-14,Sienna,38881.31,5.34,Completed
582240,16,2021-07-12,Sienna,45812.63,6.06,Completed
582241,16,2021-07-03,Sienna,46629.36,6.06,Completed
582242,20,2021-07-05,Sienna,50668.92,5.77,Completed
582243,12,2021-07-28,Camry,40240.81,5.65,Completed
582244,16,2021-07-07,Tundra,52316.05,6.06,Completed
582245,7,2021-07-25,Tacoma,38522.45,5.39,Completed
582246,17,2021-07-07,Sienna,32292.02,4.51,Completed
582247,11,2021-07-23,Camry,30070.96,4.16,Completed
582248,11,2021-07-09,Sienna,34345.0,4.16,Completed
582249,14,2021-07-08,Corolla,28075.25,5.1,Completed
582250,13,2021-07-16,RAV4,43100.91,5.61,Completed
582251,10,2021-07-10,Camry,28424.55,4.88,Completed
582252,6,2021-07-31,Highlander,47539.47,3.86,Completed
582253,15,2021-07-20,Highlander,56188.86,4.86,Completed
582254,7,2021-07-28,RAV4,45708.29,5.39,Completed
582255,1,2021-07-15,Corolla,22092.89,5.24,Completed
582256,7,2021-07-12,Prius,34768.13,5.39,Completed
582257,2,2021-07-27,Highlander,43119.54,4.0,Completed
582258,18,2021-07-12,Sienna,50442.67,5.68,Completed
582259,4,2021-07-31,Tacoma,25502.5,3.81,Completed
582260,4,2021-07-17,Camry,25335.79,3.81,Completed
582261,8,2021-07-11,Highlander,61304.7,5.84,Completed
582262,4,2021-07-21,Corolla,19277.23,3.81,Completed
582263,11,2021-07-17,Camry,29441.98,4.16,Completed
582264,20,2021-07-14,Prius,30401.14,5.77,Completed
582265,12,2021-07-12,Camry,40455.42,5.65,Cancelled
582266,9,2021-07-22,Tacoma,30547.19,4.4,Completed
582267,6,2021-07-30,Camry,25482.13,3.86,Completed
582268,12,2021-07-04,Prius,30263.17,5.65,Completed
582269,15,2021-07-05,Tacoma,42519.97,4.86,Completed
582270,18,2021-07-13,Highlander,62836.77,5.68,Completed
582271,12,2021-07-10,Camry,37802.98,5.65,Completed
582272,1,2021-07-10,Camry,31616.93,5.24,Completed
582273,20,2021-07-30,Tundra,46729.92,5.77,Completed
582274,18,2021-07-28,Prius,34490.39,5.68,Completed
582275,6,2021-07-03,Sienna,32634.83,3.86,Completed
582276,7,2021-07-16,RAV4,45673.34,5.39,Completed
582277,10,2021-07-28,Camry,25392.51,4.88,Completed
582278,19,2021-07-28,Camry,31888.66,5.48,Completed
582279,7,2021-07-04,RAV4,46773.6,5.39,Completed
582280,6,2021-07-21,Corolla,21142.93,3.86,Completed
582281,7,2021-07-24,Tundra,46406.01,5.39,Completed
582282,7,2021-07-24,Sienna,51491.7,5.39,Completed
582283,15,2021-07-18,Prius,30845.17,4.86,Completed
582284,1,2021-07-08,Camry,32180.98,5.24,Completed
582285,11,2021-07-30,Tundra,33333.22,4.16,Completed
582286,3,2021-07-06,Sienna,53965.95,5.69,Completed
582287,2,2021-07-05,Tacoma,32651.14,4.0,Completed
582288,3,2021-07-26,Corolla,28388.67,5.69,Completed
582289,6,2021-07-10,Tundra,36018.44,3.86,Completed
582290,8,2021-07-31,Tacoma,44037.69,5.84,Completed
582291,16,2021-07-09,Tundra,47865.91,6.06,Completed
582292,7,2021-07-31,Highlander,66701.21,5.39,Completed
582293,4,2021-07-31,Camry,28076.72,3.81,Completed
582294,3,2021-07-29,Tundra,50580.45,5.69,Completed
582295,7,2021-07-29,Tundra,44409.29,5.39,Completed
582296,20,2021-07-07,Prius,31889.77,5.77,Completed
582297,1,2021-07-06,Tundra,36498.5,5.24,Completed
582298,10,2021-07-21,Highlander,49139.31,4.88,Completed
582299,19,2021-07-25,Sienna,42938.44,5.48,Completed
582300,19,2021-07-18,RAV4,41874.89,5.48,Completed
582301,13,2021-07-05,Tundra,48909.12,5.61,Completed
582302,2,2021-07-19,Highlander,48243.39,4.0,Completed
582303,16,2021-07-14,Tundra,52312.65,6.06,Completed
582304,10,2021-07-31,Camry,26756.7,4.88,Completed
582305,7,2021-07-11,Sienna,46977.96,5.39,Pending
582306,18,2021-07-09,RAV4,44494.6,5.68,Completed
582307,5,2021-07-17,Prius,27540.25,5.34,Completed
582308,14,2021-07-03,Corolla,24069.19,5.1,Completed
582309,1,2021-07-28,Camry,29195.41,5.24,Completed
582310,5,2021-07-23,Prius,28508.77,5.34,Completed
582311,10,2021-07-14,Prius,21164.7,4.88,Completed
582312,1,2021-07-17,RAV4,33203.78,5.24,Completed
582313,7,2021-07-26,Sienna,45875.2,5.39,Completed
582314,3,2021-07-16,Camry,38524.64,5.69,Completed
582315,7,2021-07-15,Prius,30583.88,5.39,Completed
582316,15,2021-07-12,Highlander,55546.9,4.86,Completed
582317,16,2021-07-07,Tacoma,43981.44,6.06,Completed
582318,10,2021-07-11,Highlander,47905.25,4.88,Completed
582319,10,2021-07-24,Corolla,20586.07,4.88,Completed
582320,15,2021-07-16,Sienna,51125.72,4.86,Completed
582321,14,2021-07-08,Camry,36959.45,5.1,Completed
582322,5,2021-07-01,Highlander,53216.6,5.34,Completed
582323,2,2021-07-26,Prius,25870.74,4.0,Completed
582324,14,2021-07-07,Camry,33895.94,5.1,Completed
582325,12,2021-07-19,Corolla,28431.19,5.65,Completed
582326,12,2021-07-26,Corolla,27781.63,5.65,Completed
582327,18,2021-07-20,Prius,33104.91,5.68,Completed
582328,3,2021-07-15,Sienna,51759.59,5.69,Completed
582329,2,2021-07-30,Corolla,19119.61,4.0,Completed
582330,20,2021-07-30,Highlander,64886.87,5.77,Completed
582331,9,2021-07-09,RAV4,29915.48,4.4,Completed
582332,2,2021-07-21,Highlander,42263.21,4.0,Completed
582333,5,2021-07-02,Highlander,54545.31,5.34,Completed
582334,1,2021-07-10,Corolla,22886.16,5.24,Completed
582335,15,2021-07-20,Corolla,28322.81,4.86,Completed
582336,19,2021-07-10,Sienna,45681.44,5.48,Completed
582337,12,2021-07-19,Prius,30290.07,5.65,Completed
582338,15,2021-07-05,Highlander,59603.86,4.86,Completed
582339,2,2021-07-24,Camry,28558.0,4.0,Completed
582340,12,2021-07-23,Sienna,45215.46,5.65,Completed
582341,13,2021-07-03,Camry,37092.38,5.61,Completed
582342,15,2021-07-24,Sienna,51178.22,4.86,Completed
582343,12,2021-07-31,Prius,31274.06,5.65,Completed
582344,7,2021-07-18,Camry,36758.65,5.39,Completed
582345,15,2021-07-24,Highlander,55578.51,4.86,Completed
582346,9,2021-07-02,Tundra,35773.8,4.4,Completed
582347,5,2021-07-20,Prius,26119.23,5.34,Completed
582348,11,2021-07-15,Tundra,34087.0,4.16,Completed
582349,10,2021-07-04,Tundra,37320.67,4.88,Completed
582350,7,2021-07-30,Prius,32566.82,5.39,Completed
582351,1,2021-07-22,Highlander,55325.77,5.24,Completed
582352,1,2021-07-11,Prius,24008.66,5.24,Completed
582353,15,2021-07-25,Prius,29873.15,4.86,Completed
582354,5,2021-07-01,Corolla,21903.87,5.34,Completed
582355,19,2021-07-12,Prius,27447.66,5.48,Cancelled
582356,13,2021-07-13,Sienna,52704.01,5.61,Completed
582357,13,2021-07-23,Sienna,52086.43,5.61,Completed
582358,17,2021-07-23,Prius,21782.71,4.51,Completed
582359,1,2021-07-15,Corolla,21115.21,5.24,Completed
582360,18,2021-07-29,Sienna,47673.73,5.68,Completed
582361,13,2021-07-28,Sienna,51876.44,5.61,Completed
582362,12,2021-07-09,Prius,28289.45,5.65,Completed
582363,2,2021-07-16,Highlander,48118.05,4.0,Completed
582364,17,2021-07-01,Tacoma,28419.4,4.51,Completed
582365,11,2021-07-04,Tundra,37371.2,4.16,Completed
582366,5,2021-07-14,Corolla,21493.96,5.34,Completed
582367,2,2021-07-01,Highlander,43532.21,4.0,Completed
582368,17,2021-07-15,Tacoma,31064.35,4.51,Completed
582369,17,2021-07-10,Prius,23697.7,4.51,Completed
582370,12,2021-07-27,Prius,32077.37,5.65,Completed
582371,4,2021-07-29,Tacoma,27143.05,3.81,Completed
582372,8,2021-07-29,Corolla,25137.08,5.84,Completed
582373,11,2021-07-15,Camry,27112.83,4.16,Completed
582374,16,2021-07-21,Corolla,28002.61,6.06,Completed
582375,15,2021-07-12,Prius,33982.29,4.86,Completed
582376,5,2021-07-13,Corolla,25147.4,5.34,Completed
582377,5,2021-07-30,RAV4,37703.17,5.34,Completed
582378,9,2021-07-07,Sienna,36932.16,4.4,Completed
582379,11,2021-07-10,Corolla,19373.82,4.16,Completed
582380,10,2021-07-21,Tacoma,30583.94,4.88,Completed
582381,3,2021-07-23,Tundra,46551.5,5.69,Completed
582382,20,2021-07-26,Prius,31505.37,5.77,Completed
582383,11,2021-07-26,RAV4,33576.0,4.16,Completed
582384,11,2021-07-17,Corolla,21986.22,4.16,Completed
582385,1,2021-07-05,Camry,32157.62,5.24,Completed
582386,8,2021-07-28,Tacoma,38015.6,5.84,Completed
582387,14,2021-07-28,Sienna,48602.97,5.1,Completed
582388,2,2021-07-31,Prius,22277.12,4.0,Completed
582389,17,2021-07-25,RAV4,32464.38,4.51,Completed
582390,14,2021-07-11,Sienna,46571.25,5.1,Completed
582391,5,2021-07-12,Prius,25615.14,5.34,Completed
582392,4,2021-07-05,Corolla,19531.26,3.81,Completed
582393,3,2021-07-02,Tundra,45568.33,5.69,Completed
582394,20,2021-07-16,RAV4,46883.37,5.77,Completed
582395,1,2021-07-26,RAV4,38218.11,5.24,Completed
582396,4,2021-07-02,Camry,28414.27,3.81,Completed
582397,10,2021-07-01,Highlander,44973.77,4.88,Completed
582398,13,2021-07-15,Sienna,49256.62,5.61,Pending
582399,1,2021-07-30,Prius,25544.78,5.24,Pending
582400,19,2021-07-17,Sienna,42006.8,5.48,Completed
582401,14,2021-07-30,Tundra,50350.89,5.1,Completed
582402,4,2021-07-24,Corolla,20483.04,3.81,Completed
582403,11,2021-07-15,Camry,26363.83,4.16,Completed
582404,2,2021-07-19,Tundra,34320.81,4.0,Completed
582405,19,2021-07-23,Prius,28621.19,5.48,Completed
582406,2,2021-07-26,Highlander,49864.68,4.0,Completed
582407,20,2021-07-21,Prius,32856.24,5.77,Completed
582408,5,2021-07-21,Camry,33902.12,5.34,Completed
582409,5,2021-07-24,Corolla,21750.09,5.34,Completed
582410,20,2021-07-08,Highlander,60048.77,5.77,Completed
582411,9,2021-07-23,RAV4,30519.53,4.4,Completed
582412,4,2021-07-17,Corolla,18524.07,3.81,Completed
582413,12,2021-07-11,RAV4,43627.4,5.65,Completed
582414,8,2021-07-07,Camry,39921.91,5.84,Completed
582415,3,2021-07-05,Camry,37011.33,5.69,Completed
582416,11,2021-07-03,Camry,29545.62,4.16,Completed
582417,7,2021-07-05,Prius,32895.11,5.39,Completed
582418,1,2021-07-19,Corolla,24557.95,5.24,Completed
582419,18,2021-07-22,Highlander,68757.55,5.68,Completed
582420,6,2021-07-05,Tacoma,28420.8,3.86,Completed
582421,12,2021-07-25,Corolla,27478.23,5.65,Completed
582422,19,2021-07-03,Camry,34585.24,5.48,Completed
582423,15,2021-07-17,Highlander,63402.36,4.86,Completed
582424,16,2021-07-16,Corolla,29991.47,6.06,Completed
582425,5,2021-07-19,Sienna,43792.49,5.34,Completed
582426,6,2021-07-18,Highlander,42715.75,3.86,Completed
582427,10,2021-07-03,Corolla,20858.87,4.88,Completed
582428,1,2021-07-24,Tacoma,31190.59,5.24,Completed
582429,10,2021-07-23,Highlander,47596.99,4.88,Completed
582430,18,2021-07-21,Tundra,49768.98,5.68,Completed
582431,15,2021-07-01,RAV4,42391.03,4.86,Completed
582432,2,2021-07-05,Sienna,34045.4,4.0,Completed
582433,20,2021-07-06,Tacoma,37100.13,5.77,Completed
582434,1,2021-07-12,RAV4,33531.13,5.24,Completed
582435,16,2021-07-05,RAV4,43502.57,6.06,Completed
582436,18,2021-07-25,Camry,38331.05,5.68,Completed
582437,10,2021-07-24,RAV4,34059.96,4.88,Completed
582438,11,2021-07-15,Highlander,44662.81,4.16,Completed
582439,18,2021-07-13,Sienna,53485.5,5.68,Completed
582440,1,2021-07-29,Camry,28761.1,5.24,Pending
582441,13,2021-07-08,RAV4,41488.29,5.61,Completed
582442,3,2021-07-27,RAV4,44179.32,5.69,Completed
582443,3,2021-07-19,Tacoma,44821.98,5.69,Completed
582444,13,2021-07-02,Highlander,64326.43,5.61,Completed
582445,18,2021-07-07,Prius,32001.52,5.68,Completed
582446,13,2021-07-10,Highlander,69527.97,5.61,Completed
582447,17,2021-07-07,Highlander,44551.66,4.51,Completed
582448,18,2021-07-03,Sienna,53828.37,5.68,Completed
582449,19,2021-07-29,Highlander,53247.09,5.48,Pending
582450,6,2021-07-17,RAV4,28052.93,3.86,Completed
582451,1,2021-07-28,Highlander,56238.59,5.24,Completed
582452,2,2021-07-21,Camry,30815.92,4.0,Completed
582453,13,2021-07-24,Camry,36396.5,5.61,Completed
582454,6,2021-07-25,Corolla,19174.94,3.86,Completed
582455,17,2021-07-22,Sienna,36557.31,4.51,Completed
582456,7,2021-07-08,Tundra,45427.34,5.39,Completed
582457,10,2021-07-03,Prius,22164.42,4.88,Pending
582458,5,2021-07-12,RAV4,40373.06,5.34,Completed
582459,6,2021-07-22,RAV4,33883.39,3.86,Completed
582460,3,2021-07-16,Corolla,28785.2,5.69,Completed
582461,3,2021-07-04,Camry,36011.81,5.69,Completed
582462,16,2021-07-04,Tacoma,42423.05,6.06,Completed
582463,7,2021-07-04,Camry,39456.35,5.39,Completed
582464,4,2021-07-13,Prius,21471.45,3.81,Completed
582465,20,2021-07-10,Sienna,51939.48,5.77,Completed
582466,5,2021-07-01,Sienna,41182.12,5.34,Cancelled
582467,19,2021-07-04,Tundra,40973.93,5.48,Completed
582468,20,2021-07-27,RAV4,46108.36,5.77,Completed
582469,4,2021-07-25,Corolla,17429.3,3.81,Completed
582470,9,2021-07-25,Prius,20907.96,4.4,Completed
582471,2,2021-07-21,Tacoma,32325.9,4.0,Completed
582472,9,2021-07-07,Tundra,34657.37,4.4,Completed
582473,19,2021-07-08,RAV4,35725.72,5.48,Completed
582474,10,2021-07-23,Prius,25204.8,4.88,Completed
582475,17,2021-07-15,Tacoma,30642.31,4.51,Completed
582476,20,2021-07-15,Highlander,61810.63,5.77,Completed
582477,15,2021-07-27,Sienna,46826.9,4.86,Completed
582478,2,2021-07-04,Tundra,34164.25,4.0,Completed
582479,12,2021-07-27,RAV4,46360.98,5.65,Completed
582480,14,2021-07-12,Tacoma,40797.48,5.1,Completed
582481,3,2021-07-19,Prius,33080.26,5.69,Completed
582482,13,2021-07-15,RAV4,45035.49,5.61,Cancelled
582483,6,2021-07-03,Tacoma,28460.81,3.86,Completed
582484,15,2021-07-31,RAV4,45378.66,4.86,Completed
582485,18,2021-07-16,RAV4,44997.39,5.68,Completed
582486,11,2021-07-20,Camry,27146.34,4.16,Completed
582487,19,2021-07-26,Tundra,42257.86,5.48,Completed
582488,12,2021-07-29,Tacoma,37131.78,5.65,Completed
582489,5,2021-07-29,Highlander,50022.15,5.34,Completed
582490,5,2021-07-16,Tacoma,37177.83,5.34,Completed
582491,15,2021-07-25,Sienna,46338.34,4.86,Completed
582492,9,2021-07-02,Tacoma,26667.01,4.4,Completed
582493,14,2021-07-18,Corolla,25969.98,5.1,Completed
582494,3,2021-07-31,Corolla,30947.6,5.69,Completed
582495,3,2021-07-05,Highlander,67071.63,5.69,Completed
582496,8,2021-07-29,Sienna,49687.61,5.84,Completed
582497,15,2021-07-03,Corolla,28036.47,4.86,Completed
582498,20,2021-07-11,Highlander,65223.76,5.77,Completed
582499,6,2021-07-20,Corolla,21408.53,3.86,Completed
582500,19,2021-07-07,Highlander,52522.34,5.48,Completed
582501,2,2021-07-17,Camry,29355.81,4.0,Completed
582502,15,2021-07-14,Prius,30909.01,4.86,Completed
582503,17,2021-07-15,Corolla,20732.75,4.51,Completed
582504,2,2021-07-17,Sienna,37049.07,4.0,Completed
582505,19,2021-07-25,Sienna,44158.44,5.48,Completed
582506,1,2021-07-02,Tacoma,30923.56,5.24,Completed
582507,3,2021-07-31,Corolla,30455.97,5.69,Completed
582508,15,2021-07-06,Prius,31222.79,4.86,Completed
582509,3,2021-07-05,Corolla,25847.05,5.69,Completed
582510,7,2021-07-08,Corolla,29966.02,5.39,Completed
582511,20,2021-07-04,Highlander,58100.6,5.77,Completed
582512,17,2021-07-21,Corolla,20905.6,4.51,Completed
582513,17,2021-07-28,Highlander,42779.02,4.51,Completed
582514,17,2021-07-05,Tacoma,28996.05,4.51,Completed
582515,16,2021-07-03,Prius,31063.58,6.06,Completed
582516,14,2021-07-14,Tacoma,39666.82,5.1,Completed
582517,8,2021-07-10,Tundra,48309.06,5.84,Completed
582518,19,2021-07-09,Camry,30180.54,5.48,Completed
582519,14,2021-07-04,Prius,28329.15,5.1,Completed
582520,11,2021-07-09,Highlander,44913.53,4.16,Completed
582521,8,2021-07-07,Highlander,65893.11,5.84,Completed
582522,15,2021-07-27,Prius,33522.11,4.86,Completed
582523,13,2021-07-24,Prius,34130.62,5.61,Completed
582524,17,2021-07-09,Highlander,46721.22,4.51,Completed
582525,13,2021-07-29,RAV4,49416.54,5.61,Completed
582526,13,2021-07-20,RAV4,44975.19,5.61,Completed
582527,20,2021-07-25,Camry,39473.54,5.77,Completed
582528,4,2021-07-20,Camry,24367.43,3.81,Completed
582529,1,2021-07-31,Tundra,42452.28,5.24,Completed
582530,14,2021-07-15,Corolla,25351.36,5.1,Completed
582531,1,2021-07-21,Camry,31888.18,5.24,Completed
582532,15,2021-07-26,Tacoma,41032.4,4.86,Completed
582533,14,2021-07-26,Tacoma,36715.74,5.1,Pending
582534,17,2021-07-21,Tundra,36825.05,4.51,Completed
582535,11,2021-07-19,RAV4,33932.49,4.16,Completed
582536,12,2021-07-06,Tacoma,41698.47,5.65,Cancelled
582537,17,2021-07-25,Tacoma,30057.8,4.51,Completed
582538,19,2021-07-24,Prius,24656.71,5.48,Completed
582539,14,2021-07-13,Tundra,44486.36,5.1,Completed
582540,2,2021-07-28,Tundra,33274.69,4.0,Completed
582541,8,2021-07-17,Tacoma,37424.48,5.84,Completed
582542,19,2021-07-20,Highlander,52120.31,5.48,Completed
582543,19,2021-07-21,RAV4,37997.47,5.48,Completed
582544,20,2021-07-07,Tundra,45247.2,5.77,Completed
582545,10,2021-07-05,Tacoma,30318.0,4.88,Pending
582546,5,2021-07-29,Sienna,42312.93,5.34,Completed
582547,13,2021-07-13,Prius,31490.72,5.61,Completed
582548,17,2021-07-25,Highlander,41005.7,4.51,Completed
582549,17,2021-07-13,Highlander,43086.84,4.51,Completed
582550,14,2021-07-12,Corolla,28629.18,5.1,Completed
582551,10,2021-07-29,RAV4,30440.72,4.88,Completed
582552,19,2021-07-25,Prius,25598.54,5.48,Completed
582553,15,2021-07-27,Corolla,29900.7,4.86,Completed
582554,15,2021-07-07,Corolla,28951.79,4.86,Completed
582555,6,2021-07-05,Highlander,42534.0,3.86,Completed
582556,12,2021-07-17,Camry,36381.17,5.65,Completed
582557,12,2021-07-17,Sienna,46556.14,5.65,Completed
582558,2,2021-07-01,Prius,22377.11,4.0,Completed
582559,12,2021-07-18,Tundra,44435.68,5.65,Completed
582560,8,2021-07-07,Prius,29028.38,5.84,Completed
582561,20,2021-07-22,Tundra,51549.28,5.77,Completed
582562,3,2021-07-28,Highlander,57965.72,5.69,Completed
582563,9,2021-07-16,Highlander,46268.36,4.4,Completed
582564,2,2021-07-12,RAV4,31488.55,4.0,Completed
582565,14,2021-07-15,RAV4,46060.84,5.1,Completed
582566,5,2021-07-20,Tacoma,35340.38,5.34,Completed
582567,9,2021-07-11,Highlander,40529.68,4.4,Completed
582568,12,2021-07-03,Prius,28418.1,5.65,Completed
582569,20,2021-07-29,RAV4,41526.7,5.77,Completed
582570,10,2021-07-02,Camry,26833.22,4.88,Completed
582571,15,2021-07-29,RAV4,43517.13,4.86,Completed
582572,2,2021-07-10,Tundra,33755.6,4.0,Completed
582573,16,2021-07-01,Tacoma,42144.04,6.06,Completed
582574,3,2021-07-13,Corolla,25870.9,5.69,Completed
582575,18,2021-07-16,Prius,32468.35,5.68,Completed
582576,19,2021-07-28,Corolla,25548.33,5.48,Completed
582577,15,2021-07-12,Sienna,43085.43,4.86,Completed
582578,8,2021-07-02,Tacoma,38941.44,5.84,Completed
582579,15,2021-07-29,Corolla,28566.09,4.86,Completed
582580,3,2021-07-09,Corolla,29129.6,5.69,Completed
582581,4,2021-07-17,Corolla,20923.36,3.81,Completed
582582,19,2021-07-30,Corolla,22836.71,5.48,Completed
582583,3,2021-07-26,Tundra,49520.58,5.69,Completed
582584,14,2021-07-06,Corolla,28128.55,5.1,Completed
582585,14,2021-07-21,Tacoma,40929.74,5.1,Completed
582586,9,2021-07-05,Prius,23233.82,4.4,Completed
582587,6,2021-07-08,Camry,25695.76,3.86,Pending
582588,4,2021-07-21,Tacoma,25612.7,3.81,Completed
582589,16,2021-07-23,Tacoma,38238.21,6.06,Completed
582590,16,2021-07-27,RAV4,41462.72,6.06,Completed
582591,17,2021-07-04,Prius,21429.73,4.51,Completed
582592,14,2021-07-06,Corolla,24230.7,5.1,Completed
582593,12,2021-07-29,Camry,36020.58,5.65,Completed
582594,13,2021-07-23,Sienna,48649.25,5.61,Completed
582595,2,2021-07-18,Tundra,39969.27,4.0,Completed
582596,6,2021-07-13,Tundra,36895.24,3.86,Completed
582597,1,2021-07-20,Camry,30359.09,5.24,Completed
582598,6,2021-07-18,Camry,26995.25,3.86,Completed
582599,6,2021-07-26,RAV4,34153.62,3.86,Completed
582600,12,2021-07-19,Tacoma,36771.34,5.65,Completed
582601,15,2021-07-24,Sienna,50216.07,4.86,Completed
582602,10,2021-07-26,Tacoma,32338.26,4.88,Completed
582603,5,2021-07-31,Sienna,43043.01,5.34,Completed
582604,1,2021-07-12,Tundra,44243.95,5.24,Completed
582605,7,2021-07-26,Prius,32075.14,5.39,Completed
582606,12,2021-07-22,Corolla,28283.66,5.65,Completed
582607,2,2021-07-31,Prius,24000.37,4.0,Completed
582608,16,2021-07-03,Camry,39246.48,6.06,Completed
582609,1,2021-07-08,RAV4,39752.1,5.24,Completed
582610,10,2021-07-01,Highlander,44507.44,4.88,Completed
582611,18,2021-07-20,Highlander,63814.63,5.68,Completed
582612,4,2021-07-22,Camry,23660.02,3.81,Cancelled
582613,12,2021-07-08,Tundra,47267.69,5.65,Completed
582614,1,2021-07-15,Corolla,21403.7,5.24,Completed
582615,16,2021-07-05,Corolla,28492.31,6.06,Completed
582616,4,2021-07-31,Tacoma,27414.94,3.81,Completed
582617,18,2021-07-04,Highlander,71296.5,5.68,Completed
582618,11,2021-07-24,RAV4,30919.26,4.16,Completed
582619,11,2021-07-28,RAV4,31300.76,4.16,Completed
582620,15,2021-07-31,Camry,36461.46,4.86,Completed
582621,5,2021-07-25,Tacoma,37153.96,5.34,Completed
582622,14,2021-07-23,Camry,33733.65,5.1,Completed
582623,1,2021-07-17,Highlander,51445.53,5.24,Completed
582624,15,2021-07-01,RAV4,40885.84,4.86,Completed
582625,9,2021-07-11,Prius,22466.8,4.4,Completed
582626,13,2021-07-18,Camry,40845.59,5.61,Completed
582627,1,2021-07-09,Sienna,43318.86,5.24,Completed
582628,10,2021-07-22,Corolla,19513.08,4.88,Completed
582629,1,2021-07-13,Corolla,23425.41,5.24,Completed
582630,20,2021-07-19,Highlander,58115.94,5.77,Completed
582631,19,2021-07-01,Camry,36016.7,5.48,Completed
582632,6,2021-07-26,Tundra,34998.33,3.86,Completed
582633,15,2021-07-28,Highlander,55202.56,4.86,Completed
582634,4,2021-07-28,Corolla,19548.45,3.81,Completed
582635,8,2021-07-15,Camry,34380.4,5.84,Completed
582636,3,2021-07-13,Tundra,50390.58,5.69,Completed
582637,17,2021-07-11,Camry,23843.66,4.51,Completed
582638,14,2021-07-14,Prius,32136.42,5.1,Completed
582639,11,2021-07-02,Sienna,38127.0,4.16,Completed
582640,3,2021-07-10,Tundra,53244.9,5.69,Completed
582641,7,2021-07-29,Highlander,68372.61,5.39,Completed
582642,16,2021-07-01,Corolla,30116.42,6.06,Completed
582643,19,2021-07-15,Sienna,41143.52,5.48,Pending
582644,7,2021-07-26,Highlander,65422.75,5.39,Completed
582645,5,2021-07-13,Highlander,48758.44,5.34,Completed
582646,5,2021-07-09,Tundra,38586.56,5.34,Pending
582647,10,2021-07-05,Prius,21577.01,4.88,Pending
582648,14,2021-07-01,Tundra,46405.1,5.1,Completed
582649,2,2021-07-16,Prius,24419.21,4.0,Completed
582650,13,2021-07-04,Prius,34230.54,5.61,Completed
582651,13,2021-07-31,Highlander,66959.25,5.61,Completed
582652,19,2021-07-17,RAV4,40763.49,5.48,Completed
582653,9,2021-07-03,Highlander,42965.96,4.4,Pending
582654,13,2021-07-15,Corolla,29380.01,5.61,Completed
582655,13,2021-07-22,Corolla,27228.19,5.61,Completed
582656,2,2021-07-21,Sienna,34068.32,4.0,Completed
582657,11,2021-07-06,RAV4,32880.35,4.16,Completed
582658,19,2021-07-17,RAV4,34800.44,5.48,Pending
582659,19,2021-07-23,Tacoma,36985.03,5.48,Completed
582660,15,2021-07-12,Corolla,26342.69,4.86,Completed
582661,6,2021-07-01,Highlander,41264.63,3.86,Completed
582662,14,2021-07-24,Corolla,23715.49,5.1,Completed
582663,18,2021-07-23,RAV4,44288.62,5.68,Completed
582664,10,2021-07-23,Sienna,35637.7,4.88,Completed
582665,18,2021-07-07,Highlander,64980.11,5.68,Completed
582666,12,2021-07-21,Corolla,25495.83,5.65,Completed
582667,13,2021-07-29,Sienna,53251.57,5.61,Completed
582668,15,2021-07-09,Tacoma,36336.93,4.86,Completed
582669,18,2021-07-21,Corolla,30910.53,5.68,Completed
582670,15,2021-07-10,Prius,29250.11,4.86,Completed
582671,9,2021-07-15,Highlander,40447.27,4.4,Completed
582672,9,2021-07-02,Sienna,35600.43,4.4,Completed
582673,3,2021-07-04,Tundra,52157.89,5.69,Completed
582674,4,2021-07-03,RAV4,29381.68,3.81,Completed
582675,15,2021-07-14,Highlander,62434.45,4.86,Completed
582676,18,2021-07-14,Camry,41377.39,5.68,Completed
582677,19,2021-07-20,Sienna,41461.55,5.48,Completed
582678,6,2021-07-23,RAV4,28600.2,3.86,Completed
582679,2,2021-07-13,Camry,26568.55,4.0,Completed
582680,11,2021-07-02,Corolla,18342.71,4.16,Completed
582681,15,2021-07-15,Prius,32336.47,4.86,Completed
582682,3,2021-07-06,Camry,40511.86,5.69,Completed
582683,20,2021-07-14,Tacoma,43970.14,5.77,Completed
582684,18,2021-07-15,RAV4,46873.72,5.68,Completed
582685,13,2021-07-22,Camry,42591.3,5.61,Completed
582686,2,2021-07-26,Prius,24799.1,4.0,Completed
582687,5,2021-07-31,Camry,29176.07,5.34,Completed
582688,6,2021-07-31,RAV4,33918.83,3.86,Completed
582689,1,2021-07-17,Tundra,37227.76,5.24,Completed
582690,7,2021-07-10,Prius,33329.76,5.39,Completed
582691,13,2021-07-19,Prius,35851.66,5.61,Completed
582692,5,2021-07-31,Sienna,43432.22,5.34,Completed
582693,18,2021-07-13,Camry,39907.54,5.68,Completed
582694,9,2021-07-19,Highlander,40574.01,4.4,Completed
582695,5,2021-07-27,RAV4,33797.4,5.34,Completed
582696,9,2021-07-23,Tundra,32835.3,4.4,Completed
582697,4,2021-07-23,Corolla,20614.99,3.81,Completed
582698,20,2021-07-06,RAV4,40570.13,5.77,Completed
582699,10,2021-07-19,Highlander,43134.35,4.88,Completed
582700,12,2021-07-10,Camry,37177.33,5.65,Completed
582701,4,2021-07-26,Prius,22727.6,3.81,Completed
582702,14,2021-07-22,Corolla,26966.79,5.1,Completed
582703,3,2021-07-30,Tundra,48158.64,5.69,Completed
582704,18,2021-07-30,Prius,31918.75,5.68,Completed
582705,20,2021-07-05,Prius,28824.89,5.77,Completed
582706,20,2021-07-28,Prius,34115.56,5.77,Completed
582707,8,2021-07-21,Highlander,58472.94,5.84,Completed
582708,12,2021-07-08,Tundra,49246.97,5.65,Completed
582709,1,2021-07-13,Sienna,40313.38,5.24,Completed
582710,6,2021-07-14,Tundra,35156.35,3.86,Completed
582711,14,2021-07-12,Corolla,24067.18,5.1,Completed
582712,1,2021-07-03,Camry,33965.82,5.24,Completed
582713,18,2021-07-27,Sienna,46866.0,5.68,Completed
582714,8,2021-07-17,RAV4,46145.86,5.84,Completed
582715,15,2021-07-18,Prius,30069.9,4.86,Pending
582716,12,2021-07-11,Sienna,49358.65,5.65,Pending
582717,11,2021-07-23,Camry,26375.9,4.16,Completed
582718,19,2021-07-15,Prius,29739.19,5.48,Completed
582719,6,2021-07-22,Highlander,46833.44,3.86,Completed
582720,20,2021-07-17,Prius,32511.63,5.77,Completed
582721,18,2021-07-29,Tacoma,43929.22,5.68,Completed
582722,5,2021-07-06,Tacoma,36752.21,5.34,Completed
582723,1,2021-07-21,RAV4,35453.84,5.24,Completed
582724,5,2021-07-02,RAV4,36064.04,5.34,Completed
582725,6,2021-07-10,Tundra,37191.73,3.86,Completed
582726,20,2021-07-19,RAV4,48183.05,5.77,Completed
582727,1,2021-07-11,Highlander,48928.78,5.24,Completed
582728,14,2021-07-08,Tundra,45979.27,5.1,Completed
582729,7,2021-07-31,Highlander,66925.98,5.39,Completed
582730,19,2021-07-24,Highlander,51619.11,5.48,Completed
582731,7,2021-07-07,Tundra,49372.11,5.39,Completed
582732,17,2021-07-27,Highlander,42916.02,4.51,Completed
582733,13,2021-07-19,Tundra,46342.66,5.61,Completed
582734,2,2021-07-31,Camry,26436.09,4.0,Completed
582735,11,2021-07-21,Camry,26763.09,4.16,Completed
582736,1,2021-07-27,Highlander,46287.08,5.24,Completed
582737,12,2021-07-08,Prius,29827.0,5.65,Completed
582738,5,2021-07-15,Highlander,49507.24,5.34,Completed
582739,5,2021-07-25,Tundra,37038.53,5.34,Completed
582740,4,2021-07-13,Highlander,44643.46,3.81,Completed
582741,4,2021-07-25,Camry,27317.96,3.81,Completed
582742,3,2021-07-26,Sienna,53025.26,5.69,Completed
582743,16,2021-07-16,Tacoma,43283.42,6.06,Completed
582744,14,2021-07-10,Corolla,25766.56,5.1,Completed
582745,16,2021-07-18,Corolla,28023.04,6.06,Completed
582746,1,2021-07-31,Sienna,40717.38,5.24,Completed
582747,16,2021-07-07,Highlander,57685.62,6.06,Completed
582748,14,2021-07-17,Sienna,45336.92,5.1,Completed
582749,14,2021-07-22,Highlander,52935.21,5.1,Completed
582750,2,2021-07-08,Corolla,21398.7,4.0,Completed
582751,18,2021-07-23,Sienna,52911.68,5.68,Completed
582752,8,2021-07-22,Corolla,26490.84,5.84,Cancelled
582753,2,2021-07-31,Highlander,45349.47,4.0,Completed
582754,18,2021-07-20,Highlander,65707.46,5.68,Completed
582755,10,2021-07-26,Prius,24984.65,4.88,Completed
582756,12,2021-07-01,Tacoma,40304.59,5.65,Completed
582757,2,2021-07-11,RAV4,36411.13,4.0,Completed
582758,7,2021-07-05,Camry,34408.56,5.39,Completed
582759,18,2021-07-11,Tundra,56170.86,5.68,Completed
582760,14,2021-07-08,Prius,29511.75,5.1,Completed
582761,3,2021-07-28,Sienna,47357.5,5.69,Completed
582762,15,2021-07-22,Prius,33002.17,4.86,Completed
582763,5,2021-07-07,Tacoma,34106.08,5.34,Completed
582764,12,2021-07-02,Highlander,64890.54,5.65,Completed
582765,20,2021-07-07,Tacoma,38231.02,5.77,Completed
582766,5,2021-07-30,Corolla,24646.51,5.34,Pending
582767,8,2021-07-06,Tundra,51621.71,5.84,Cancelled
582768,7,2021-07-13,Corolla,26306.8,5.39,Completed
582769,2,2021-07-20,Tundra,37459.46,4.0,Completed
582770,17,2021-07-16,Tacoma,27800.05,4.51,Completed
582771,18,2021-07-28,Camry,43950.58,5.68,Completed
582772,3,2021-07-29,RAV4,42154.01,5.69,Completed
582773,7,2021-07-06,Sienna,50721.4,5.39,Completed
582774,17,2021-07-29,Tacoma,30823.51,4.51,Completed
582775,20,2021-07-27,Camry,39448.52,5.77,Completed
582776,15,2021-07-28,Camry,37877.41,4.86,Completed
582777,10,2021-07-16,Highlander,47788.91,4.88,Completed
582778,13,2021-07-29,Highlander,64950.4,5.61,Completed
582779,1,2021-07-18,Camry,31353.33,5.24,Completed
582780,1,2021-07-24,RAV4,39355.87,5.24,Completed
582781,17,2021-07-21,Highlander,46647.07,4.51,Completed
582782,14,2021-07-19,RAV4,38508.01,5.1,Completed
582783,8,2021-07-29,Tundra,48159.05,5.84,Completed
582784,1,2021-07-05,Tundra,39479.29,5.24,Completed
582785,10,2021-07-25,Corolla,19531.09,4.88,Completed
582786,11,2021-07-27,RAV4,34790.74,4.16,Completed
582787,10,2021-07-22,Tacoma,28802.91,4.88,Completed
582788,10,2021-07-09,Prius,22996.74,4.88,Completed
582789,16,2021-07-07,Prius,32784.23,6.06,Completed
582790,19,2021-07-23,Sienna,43445.07,5.48,Completed
582791,4,2021-07-01,Corolla,18489.65,3.81,Completed
582792,20,2021-07-26,Corolla,27218.06,5.77,Completed
582793,16,2021-07-16,RAV4,48678.64,6.06,Pending
582794,6,2021-07-11,Tundra,36705.79,3.86,Completed
582795,6,2021-07-29,Sienna,36979.58,3.86,Completed
582796,15,2021-07-26,Prius,33220.5,4.86,Completed
582797,19,2021-07-28,Camry,34115.02,5.48,Completed
582798,2,2021-07-07,Tacoma,29858.31,4.0,Completed
582799,1,2021-07-17,Prius,28192.53,5.24,Completed
582800,3,2021-07-29,Corolla,31001.92,5.69,Completed
582801,7,2021-07-22,Highlander,61562.61,5.39,Completed
582802,15,2021-07-20,Corolla,29837.43,4.86,Completed
582803,20,2021-07-19,Corolla,28423.99,5.77,Completed
582804,17,2021-07-19,Sienna,32899.03,4.51,Pending
582805,1,2021-07-02,Sienna,42073.44,5.24,Completed
582806,20,2021-07-23,Highlander,62861.94,5.77,Completed
582807,5,2021-07-04,Camry,32787.48,5.34,Completed
582808,6,2021-07-11,Camry,27725.42,3.86,Completed
582809,5,2021-07-27,Sienna,42751.51,5.34,Completed
582810,3,2021-07-04,Sienna,45738.76,5.69,Completed
582811,4,2021-07-26,Tacoma,25717.65,3.81,Completed
582812,5,2021-07-09,Sienna,42686.07,5.34,Completed
582813,20,2021-07-08,Sienna,46274.04,5.77,Completed
582814,1,2021-07-14,Corolla,22600.56,5.24,Completed
582815,18,2021-07-23,Highlander,70349.8,5.68,Completed
582816,18,2021-07-09,Camry,38604.66,5.68,Completed
582817,1,2021-07-14,Tundra,44123.78,5.24,Pending
582818,16,2021-07-11,Sienna,47832.87,6.06,Completed
582819,14,2021-07-30,Prius,29035.93,5.1,Completed
582820,11,2021-07-24,Corolla,20243.96,4.16,Completed
582821,14,2021-07-10,Prius,30254.33,5.1,Completed
582822,5,2021-07-06,Highlander,53895.74,5.34,Completed
582823,15,2021-07-25,Sienna,50017.96,4.86,Completed
582824,5,2021-07-01,Camry,31860.68,5.34,Completed
582825,5,2021-07-21,Tundra,43182.44,5.34,Pending
582826,18,2021-07-20,Camry,39958.18,5.68,Completed
582827,12,2021-07-04,Sienna,49673.2,5.65,Completed
582828,19,2021-07-25,Prius,26102.97,5.48,Completed
582829,7,2021-07-29,RAV4,45145.81,5.39,Completed
582830,9,2021-07-25,Corolla,18177.41,4.4,Completed
582831,8,2021-07-07,Tacoma,39547.51,5.84,Completed
582832,20,2021-07-30,Highlander,60081.72,5.77,Completed
582833,16,2021-07-21,Tundra,52517.39,6.06,Completed
582834,6,2021-07-21,Camry,27379.19,3.86,Completed
582835,8,2021-07-29,Corolla,29999.83,5.84,Completed
582836,20,2021-07-26,Corolla,27288.29,5.77,Completed
582837,10,2021-07-08,Tacoma,31720.87,4.88,Completed
582838,11,2021-07-27,Tundra,34891.47,4.16,Completed
582839,11,2021-07-23,Corolla,18989.01,4.16,Completed
582840,11,2021-07-18,Sienna,32441.48,4.16,Completed
582841,10,2021-07-06,Highlander,44964.25,4.88,Completed
582842,12,2021-07-11,RAV4,47121.36,5.65,Completed
582843,20,2021-07-25,Corolla,25122.96,5.77,Completed
582844,17,2021-07-17,Corolla,21286.84,4.51,Completed
582845,10,2021-07-09,Corolla,20912.04,4.88,Completed
582846,17,2021-07-27,Highlander,42289.45,4.51,Completed
582847,18,2021-07-11,Tundra,52259.44,5.68,Completed
582848,20,2021-07-08,Sienna,47660.85,5.77,Completed
582849,16,2021-07-01,Camry,35168.01,6.06,Completed
582850,6,2021-07-22,Tundra,31353.39,3.86,Completed
582851,5,2021-07-02,Camry,34818.29,5.34,Completed
582852,1,2021-07-23,Tacoma,30857.44,5.24,Completed
582853,7,2021-07-06,Corolla,28481.55,5.39,Completed
582854,6,2021-07-08,Sienna,31996.27,3.86,Completed
582855,18,2021-07-24,Highlander,68255.3,5.68,Completed
582856,16,2021-07-30,RAV4,46126.74,6.06,Completed
582857,8,2021-07-22,Prius,33401.29,5.84,Completed
582858,13,2021-07-01,Highlander,58311.39,5.61,Completed
582859,19,2021-07-12,Tacoma,33695.79,5.48,Completed
582860,10,2021-07-17,RAV4,34042.34,4.88,Completed
582861,3,2021-07-31,RAV4,42199.95,5.69,Pending
582862,1,2021-07-30,Highlander,48620.22,5.24,Completed
582863,10,2021-07-09,Camry,30698.75,4.88,Completed
582864,1,2021-07-27,Sienna,39053.94,5.24,Completed
582865,11,2021-07-27,Highlander,43642.33,4.16,Completed
582866,9,2021-07-18,RAV4,33946.08,4.4,Completed
582867,13,2021-07-30,Prius,34999.86,5.61,Completed
582868,16,2021-07-06,Sienna,52922.54,6.06,Completed
582869,18,2021-07-11,RAV4,43636.54,5.68,Completed
582870,13,2021-07-03,RAV4,43031.22,5.61,Completed
582871,2,2021-07-05,RAV4,30891.73,4.0,Completed
582872,5,2021-07-09,Prius,28999.73,5.34,Completed
582873,2,2021-07-30,Corolla,19918.55,4.0,Completed
582874,2,2021-07-05,RAV4,35876.92,4.0,Completed
582875,3,2021-07-27,Camry,38491.35,5.69,Completed
582876,16,2021-07-23,Tacoma,39148.58,6.06,Completed
582877,12,2021-07-08,RAV4,45176.19,5.65,Completed
582878,11,2021-07-30,Prius,22721.39,4.16,Completed
582879,3,2021-07-13,Sienna,50652.59,5.69,Completed
582880,19,2021-07-07,Camry,30786.97,5.48,Completed
582881,12,2021-07-22,Corolla,26985.78,5.65,Completed
582882,3,2021-07-17,Corolla,26931.75,5.69,Completed
582883,11,2021-07-31,RAV4,32913.68,4.16,Completed
582884,10,2021-07-28,Camry,27996.06,4.88,Pending
582885,12,2021-07-14,Camry,38222.92,5.65,Completed
582886,2,2021-07-11,Camry,29292.88,4.0,Completed
582887,7,2021-07-31,Camry,38594.29,5.39,Completed
582888,15,2021-07-11,RAV4,40404.12,4.86,Completed
582889,3,2021-07-28,Highlander,64315.14,5.69,Completed
582890,8,2021-07-08,Tacoma,37188.06,5.84,Completed
582891,6,2021-07-12,RAV4,31339.01,3.86,Completed
582892,18,2021-07-31,Prius,32959.7,5.68,Cancelled
582893,15,2021-07-15,Tacoma,36347.53,4.86,Completed
582894,14,2021-07-24,Corolla,25695.58,5.1,Completed
582895,14,2021-07-12,Corolla,25207.64,5.1,Completed
582896,3,2021-07-21,Highlander,60536.81,5.69,Completed
582897,13,2021-07-05,RAV4,48497.88,5.61,Completed
582898,11,2021-07-04,Camry,26574.71,4.16,Completed
582899,3,2021-07-28,Highlander,62826.05,5.69,Completed
582900,17,2021-07-24,Tacoma,28864.8,4.51,Completed
582901,6,2021-07-29,Camry,26296.01,3.86,Completed
582902,6,2021-07-20,RAV4,29183.78,3.86,Completed
582903,2,2021-07-03,Sienna,35392.29,4.0,Completed
582904,8,2021-07-06,Corolla,28686.93,5.84,Completed
582905,4,2021-07-05,Highlander,45829.23,3.81,Completed
582906,17,2021-07-08,Camry,26171.02,4.51,Completed
582907,6,2021-07-23,RAV4,33500.09,3.86,Completed
582908,17,2021-07-13,Sienna,31135.94,4.51,Completed
582909,19,2021-07-22,Prius,29597.86,5.48,Completed
582910,18,2021-07-09,Highlander,66118.01,5.68,Completed
582911,4,2021-07-06,Corolla,20384.64,3.81,Completed
582912,1,2021-07-24,Camry,31075.21,5.24,Completed
582913,15,2021-07-18,Tundra,52110.1,4.86,Completed
582914,4,2021-07-17,Highlander,46084.07,3.81,Completed
582915,12,2021-07-12,Highlander,58998.61,5.65,Completed
582916,3,2021-07-03,Highlander,58289.92,5.69,Completed
582917,14,2021-07-07,Tacoma,38427.78,5.1,Completed
582918,4,2021-07-15,Tundra,33170.75,3.81,Completed
582919,1,2021-07-16,RAV4,36729.25,5.24,Completed
582920,16,2021-07-11,Camry,42226.0,6.06,Completed
582921,14,2021-07-26,Prius,30500.94,5.1,Completed
582922,16,2021-07-21,Tacoma,38540.78,6.06,Completed
582923,8,2021-07-23,Prius,33531.06,5.84,Completed
582924,9,2021-07-12,Corolla,20098.85,4.4,Completed
582925,10,2021-07-30,Sienna,34874.21,4.88,Completed
582926,8,2021-07-20,Camry,34585.15,5.84,Completed
582927,20,2021-07-12,RAV4,40219.99,5.77,Completed
582928,10,2021-07-17,Highlander,45927.33,4.88,Completed
582929,13,2021-07-21,Tundra,52584.69,5.61,Completed
582930,20,2021-07-31,Highlander,58837.69,5.77,Completed
582931,2,2021-07-28,Highlander,51586.62,4.0,Completed
582932,5,2021-07-20,Tundra,40359.35,5.34,Completed
582933,19,2021-07-30,RAV4,35777.49,5.48,Completed
582934,16,2021-07-23,Tacoma,41365.95,6.06,Completed
582935,2,2021-07-06,Sienna,35248.57,4.0,Completed
582936,9,2021-07-14,Corolla,21169.99,4.4,Completed
582937,16,2021-07-18,Tundra,50402.99,6.06,Completed
582938,12,2021-07-31,Prius,30380.35,5.65,Completed
582939,10,2021-07-27,Tundra,37110.76,4.88,Completed
582940,18,2021-07-31,Highlander,66849.35,5.68,Completed
582941,5,2021-07-11,Prius,23907.65,5.34,Completed
582942,17,2021-07-31,Highlander,42401.07,4.51,Completed
582943,13,2021-07-28,Sienna,46978.12,5.61,Completed
582944,14,2021-07-18,Highlander,54419.4,5.1,Completed
582945,15,2021-07-08,Corolla,25372.2,4.86,Completed
582946,19,2021-07-25,RAV4,42142.23,5.48,Completed
582947,8,2021-07-01,Corolla,26602.06,5.84,Completed
582948,10,2021-07-30,RAV4,31628.27,4.88,Pending
582949,3,2021-07-18,Camry,35802.0,5.69,Completed
582950,19,2021-07-12,Tundra,39407.0,5.48,Completed
582951,10,2021-07-25,Corolla,19795.15,4.88,Pending
582952,17,2021-07-17,Tundra,32405.99,4.51,Completed
582953,5,2021-07-01,Tacoma,35569.68,5.34,Completed
582954,16,2021-07-24,Highlander,66729.63,6.06,Completed
582955,5,2021-07-09,Tundra,40729.99,5.34,Completed
582956,3,2021-07-05,RAV4,44765.65,5.69,Completed
582957,10,2021-07-09,Tundra,36249.94,4.88,Pending
582958,9,2021-07-16,Tundra,32266.29,4.4,Completed
582959,4,2021-07-09,Highlander,44478.2,3.81,Completed
582960,10,2021-07-10,Tundra,36114.19,4.88,Completed
582961,16,2021-07-13,Tacoma,38795.35,6.06,Completed
582962,4,2021-07-05,Highlander,40843.48,3.81,Completed
582963,18,2021-07-06,Camry,37989.15,5.68,Completed
582964,6,2021-07-07,RAV4,30532.31,3.86,Completed
582965,8,2021-07-22,Prius,30452.86,5.84,Completed
582966,1,2021-07-29,RAV4,34818.57,5.24,Completed
582967,16,2021-07-18,Sienna,54181.86,6.06,Completed
582968,16,2021-07-07,Corolla,26782.79,6.06,Completed
582969,7,2021-07-07,Camry,36300.32,5.39,Completed
582970,12,2021-07-26,Prius,32573.48,5.65,Completed
582971,6,2021-07-02,Camry,25857.06,3.86,Completed
582972,9,2021-07-04,Tundra,31485.35,4.4,Completed
582973,19,2021-07-23,Highlander,55588.49,5.48,Completed
582974,3,2021-07-13,Tacoma,46418.51,5.69,Completed
582975,20,2021-07-22,RAV4,44178.83,5.77,Completed
582976,4,2021-07-12,Prius,19653.76,3.81,Completed
582977,12,2021-07-18,RAV4,40917.56,5.65,Completed
582978,2,2021-07-29,Camry,30270.44,4.0,Completed
582979,12,2021-07-23,Sienna,51121.74,5.65,Completed
582980,2,2021-07-03,Camry,30111.38,4.0,Completed
582981,14,2021-07-27,Camry,37871.94,5.1,Completed
582982,15,2021-07-16,Tundra,50803.08,4.86,Completed
582983,18,2021-07-09,Tacoma,39805.48,5.68,Completed
582984,13,2021-07-16,Tundra,47492.66,5.61,Completed
582985,14,2021-07-28,Prius,31313.39,5.1,Completed
582986,7,2021-07-25,RAV4,44264.91,5.39,Completed
582987,7,2021-07-20,Prius,30800.5,5.39,Completed
582988,13,2021-07-18,RAV4,49437.91,5.61,Completed
582989,15,2021-07-20,Tundra,43733.43,4.86,Completed
582990,5,2021-07-11,Corolla,25029.49,5.34,Completed
582991,10,2021-07-31,Highlander,46964.7,4.88,Completed
582992,11,2021-07-16,Tundra,35953.21,4.16,Completed
582993,3,2021-07-26,Tundra,53162.69,5.69,Completed
582994,1,2021-07-11,Sienna,38961.8,5.24,Completed
582995,9,2021-07-13,Tacoma,31211.27,4.4,Completed
582996,17,2021-07-22,Highlander,44580.15,4.51,Completed
582997,6,2021-07-30,Tacoma,28614.15,3.86,Completed
582998,12,2021-07-01,Corolla,26232.22,5.65,Completed
582999,20,2021-07-29,Camry,38097.83,5.77,Completed
583000,16,2021-07-30,Camry,37307.43,6.06,Completed
583001,18,2021-07-05,Corolla,26841.03,5.68,Cancelled
583002,17,2021-07-27,Sienna,33951.29,4.51,Completed
583003,1,2021-07-10,Tacoma,30723.23,5.24,Completed
583004,2,2021-07-28,RAV4,32171.33,4.0,Completed
583005,8,2021-07-02,RAV4,42970.65,5.84,Completed
583006,11,2021-07-10,Camry,26433.69,4.16,Completed
583007,3,2021-07-17,RAV4,49072.8,5.69,Completed
583008,18,2021-07-07,Camry,38601.45,5.68,Completed
583009,2,2021-07-10,Highlander,48067.29,4.0,Completed
583010,8,2021-07-04,Tacoma,42065.14,5.84,Completed
583011,20,2021-07-29,Tundra,48219.97,5.77,Completed
583012,4,2021-07-13,Highlander,40120.88,3.81,Completed
583013,13,2021-07-14,RAV4,44855.44,5.61,Completed
583014,4,2021-07-02,RAV4,32294.08,3.81,Completed
583015,6,2021-07-22,Highlander,40914.59,3.86,Completed
583016,13,2021-07-26,Sienna,50215.46,5.61,Completed
583017,15,2021-07-02,Camry,39852.07,4.86,Completed
583018,18,2021-07-24,Tundra,55470.61,5.68,Completed
583019,5,2021-07-20,Tundra,39494.55,5.34,Completed
583020,5,2021-07-01,Camry,33518.21,5.34,Completed
583021,20,2021-07-04,Camry,40644.07,5.77,Completed
583022,16,2021-07-22,Prius,31899.45,6.06,Completed
583023,13,2021-07-22,Tundra,54908.01,5.61,Completed
583024,17,2021-07-23,Prius,23406.83,4.51,Completed
583025,14,2021-07-24,Highlander,58157.82,5.1,Completed
583026,13,2021-07-11,Highlander,62104.24,5.61,Completed
583027,3,2021-07-25,Prius,33982.54,5.69,Completed
583028,17,2021-07-25,Corolla,17685.64,4.51,Completed
583029,2,2021-07-05,Camry,29890.17,4.0,Pending
583030,20,2021-07-14,Tacoma,42099.51,5.77,Completed
583031,20,2021-07-25,Sienna,49071.93,5.77,Completed
583032,19,2021-07-19,Sienna,43296.29,5.48,Completed
583033,9,2021-07-02,Sienna,36266.88,4.4,Completed
583034,8,2021-07-25,Camry,34689.77,5.84,Completed
583035,9,2021-07-05,RAV4,29028.71,4.4,Completed
583036,16,2021-07-19,Corolla,26713.0,6.06,Completed
583037,19,2021-07-22,RAV4,34939.37,5.48,Completed
583038,10,2021-07-22,Corolla,20469.33,4.88,Completed
583039,20,2021-07-09,Prius,30105.68,5.77,Pending
583040,19,2021-07-04,Prius,25684.05,5.48,Completed
583041,14,2021-07-21,RAV4,42940.56,5.1,Completed
583042,8,2021-07-15,Sienna,51517.16,5.84,Completed
583043,18,2021-07-13,Camry,38173.32,5.68,Completed
583044,15,2021-07-29,Sienna,43358.31,4.86,Completed
583045,4,2021-07-20,Highlander,44536.34,3.81,Completed
583046,18,2021-07-01,Camry,40007.82,5.68,Completed
583047,4,2021-07-09,RAV4,33071.21,3.81,Completed
583048,17,2021-07-27,Tundra,34829.48,4.51,Completed
583049,16,2021-07-26,Tundra,44666.18,6.06,Completed
583050,9,2021-07-01,Sienna,31372.44,4.4,Completed
583051,17,2021-07-15,Tacoma,29373.24,4.51,Completed
583052,20,2021-07-03,RAV4,48000.12,5.77,Completed
583053,19,2021-07-18,Tundra,40583.22,5.48,Completed
583054,8,2021-07-13,Tacoma,44089.7,5.84,Completed
583055,10,2021-07-19,Corolla,21118.21,4.88,Completed
583056,6,2021-07-12,Tundra,36365.24,3.86,Completed
583057,12,2021-07-04,RAV4,40097.18,5.65,Completed
583058,7,2021-07-25,Sienna,50930.86,5.39,Completed
583059,12,2021-07-18,Highlander,57683.37,5.65,Completed
583060,7,2021-07-05,Camry,36936.57,5.39,Completed
583061,5,2021-07-09,RAV4,38371.26,5.34,Completed
583062,16,2021-07-01,Sienna,53259.52,6.06,Completed
583063,18,2021-07-11,Sienna,48731.83,5.68,Completed
583064,15,2021-07-20,Prius,32026.78,4.86,Completed
583065,14,2021-07-01,Prius,29029.75,5.1,Completed
583066,3,2021-07-03,Sienna,46597.36,5.69,Completed
583067,19,2021-07-21,Prius,25989.6,5.48,Cancelled
583068,17,2021-07-31,Prius,24067.47,4.51,Completed
583069,14,2021-07-07,Highlander,60785.48,5.1,Completed
583070,20,2021-07-19,RAV4,46552.22,5.77,Completed
583071,3,2021-07-19,Corolla,26587.57,5.69,Completed
583072,5,2021-07-06,RAV4,35468.02,5.34,Completed
583073,6,2021-07-11,Tacoma,31179.12,3.86,Completed
583074,1,2021-07-27,Corolla,25217.35,5.24,Completed
583075,15,2021-07-14,Tundra,43214.92,4.86,Completed
583076,5,2021-07-19,RAV4,40249.29,5.34,Completed
583077,20,2021-07-26,Prius,33417.81,5.77,Completed
583078,12,2021-07-29,Highlander,63189.8,5.65,Completed
583079,15,2021-07-09,Sienna,47121.73,4.86,Completed
583080,6,2021-07-05,Prius,21002.04,3.86,Completed
583081,11,2021-07-01,Prius,23307.53,4.16,Completed
583082,11,2021-07-04,Highlander,40449.07,4.16,Completed
583083,12,2021-07-24,Sienna,48233.2,5.65,Cancelled
583084,10,2021-07-05,RAV4,29745.51,4.88,Pending
583085,7,2021-07-24,Highlander,57608.65,5.39,Completed
583086,14,2021-07-28,Corolla,25982.12,5.1,Completed
583087,16,2021-07-31,Corolla,27806.0,6.06,Completed
583088,20,2021-07-22,Tacoma,43230.43,5.77,Completed
583089,11,2021-07-11,Tundra,34951.76,4.16,Completed
583090,9,2021-07-30,Highlander,47993.65,4.4,Completed
583091,6,2021-07-31,Tacoma,28212.18,3.86,Pending
583092,17,2021-07-30,Highlander,44798.12,4.51,Completed
583093,13,2021-07-11,Camry,37582.74,5.61,Completed
583094,18,2021-07-25,Prius,31498.91,5.68,Cancelled
583095,14,2021-07-17,Tacoma,39105.94,5.1,Completed
583096,13,2021-07-08,Camry,38340.32,5.61,Completed
583097,3,2021-07-06,RAV4,43890.64,5.69,Completed
583098,4,2021-07-17,Tundra,32543.81,3.81,Completed
583099,1,2021-07-12,Corolla,23826.61,5.24,Completed
583100,8,2021-07-05,Corolla,28319.88,5.84,Completed
583101,15,2021-07-13,Prius,31087.2,4.86,Completed
583102,12,2021-07-31,Tacoma,38999.23,5.65,Completed
583103,1,2021-07-13,RAV4,35723.52,5.24,Completed
583104,4,2021-07-10,Tundra,31200.49,3.81,Completed
583105,20,2021-07-18,Prius,30492.14,5.77,Completed
583106,6,2021-07-04,RAV4,33476.71,3.86,Completed
583107,20,2021-07-14,Sienna,52130.67,5.77,Completed
583108,18,2021-07-29,Sienna,50003.71,5.68,Completed
583109,13,2021-07-31,RAV4,42672.71,5.61,Completed
583110,9,2021-07-19,Camry,26304.41,4.4,Completed
583111,1,2021-07-17,Tundra,42340.65,5.24,Completed
583112,6,2021-07-26,Sienna,32330.64,3.86,Completed
583113,15,2021-07-07,Prius,32753.6,4.86,Completed
583114,2,2021-07-01,Camry,28592.3,4.0,Completed
583115,10,2021-07-07,Tundra,35359.26,4.88,Completed
583116,20,2021-07-06,Corolla,26092.27,5.77,Completed
583117,10,2021-07-19,Tacoma,29347.46,4.88,Completed
583118,3,2021-07-18,Camry,37286.49,5.69,Completed
583119,5,2021-07-07,Prius,28737.25,5.34,Completed
583120,16,2021-07-05,Sienna,53727.45,6.06,Completed
583121,17,2021-07-12,Highlander,46857.24,4.51,Completed
583122,18,2021-07-06,Tundra,53914.61,5.68,Completed
583123,1,2021-07-18,Tundra,41407.61,5.24,Completed
583124,15,2021-07-30,Tacoma,43968.2,4.86,Completed
583125,8,2021-07-27,RAV4,40795.41,5.84,Completed
583126,3,2021-07-06,Sienna,53505.21,5.69,Completed
583127,12,2021-07-05,RAV4,46356.75,5.65,Completed
583128,6,2021-07-02,Highlander,44712.97,3.86,Completed
583129,11,2021-07-23,Sienna,31757.87,4.16,Completed
583130,15,2021-07-31,Tacoma,39967.44,4.86,Pending
583131,5,2021-07-14,Tacoma,34390.98,5.34,Completed
583132,13,2021-07-08,Highlander,60593.29,5.61,Completed
583133,4,2021-07-04,Corolla,20194.29,3.81,Completed
583134,9,2021-07-07,Tacoma,28938.09,4.4,Completed
583135,6,2021-07-25,Prius,23300.93,3.86,Completed
583136,17,2021-07-26,RAV4,30372.88,4.51,Completed
583137,3,2021-07-22,Prius,34986.53,5.69,Completed
583138,2,2021-07-06,Tundra,35503.18,4.0,Completed
583139,1,2021-07-03,Highlander,49735.29,5.24,Completed
583140,8,2021-07-13,Prius,33232.14,5.84,Completed
583141,3,2021-07-24,Prius,33901.59,5.69,Completed
583142,1,2021-07-05,RAV4,40394.48,5.24,Completed
583143,18,2021-07-25,Prius,37024.57,5.68,Completed
583144,10,2021-07-25,Prius,24983.49,4.88,Pending
583145,13,2021-07-18,Camry,39313.32,5.61,Cancelled
583146,10,2021-07-08,Prius,22868.05,4.88,Completed
583147,10,2021-07-18,Camry,25760.3,4.88,Completed
583148,7,2021-07-28,Tacoma,43350.87,5.39,Completed
583149,20,2021-07-06,Sienna,52400.25,5.77,Completed
583150,1,2021-07-27,Sienna,39659.53,5.24,Completed
583151,10,2021-07-23,Tundra,33915.88,4.88,Completed
583152,1,2021-07-27,Tacoma,35040.06,5.24,Completed
583153,9,2021-07-24,Tacoma,27532.14,4.4,Completed
583154,1,2021-07-16,Camry,30065.67,5.24,Completed
583155,17,2021-07-19,Corolla,18047.86,4.51,Completed
583156,13,2021-07-10,Tacoma,45543.96,5.61,Completed
583157,16,2021-07-14,Tundra,52622.33,6.06,Completed
583158,11,2021-07-29,Highlander,42037.39,4.16,Completed
583159,10,2021-07-06,Prius,23086.38,4.88,Completed
583160,12,2021-07-07,Sienna,43865.67,5.65,Completed
583161,20,2021-07-16,Tacoma,42228.01,5.77,Completed
583162,15,2021-07-25,Camry,38953.52,4.86,Completed
583163,20,2021-07-15,Highlander,63721.57,5.77,Completed
583164,4,2021-07-19,RAV4,29084.49,3.81,Completed
583165,20,2021-07-31,Tundra,44945.55,5.77,Completed
583166,5,2021-07-08,Tundra,38304.21,5.34,Completed
583167,17,2021-07-05,Tundra,34065.15,4.51,Completed
583168,3,2021-07-09,Camry,37467.25,5.69,Completed
583169,20,2021-07-05,Prius,31165.63,5.77,Completed
583170,20,2021-07-31,Camry,34192.28,5.77,Completed
583171,18,2021-07-26,Corolla,26866.08,5.68,Completed
583172,10,2021-07-27,Tacoma,28681.35,4.88,Completed
583173,13,2021-07-10,Tundra,50634.4,5.61,Completed
583174,6,2021-07-18,Tacoma,25893.84,3.86,Completed
583175,3,2021-07-07,Highlander,59179.1,5.69,Completed
583176,4,2021-07-10,Tundra,32889.13,3.81,Completed
583177,19,2021-07-29,Tacoma,37850.99,5.48,Completed
583178,14,2021-07-02,Tacoma,41880.32,5.1,Completed
583179,7,2021-07-30,Tundra,50952.95,5.39,Completed
583180,4,2021-07-19,Prius,22491.33,3.81,Completed
583181,10,2021-07-14,Highlander,47953.98,4.88,Completed
583182,20,2021-07-23,Highlander,62648.53,5.77,Completed
583183,6,2021-07-27,Corolla,20238.02,3.86,Completed
583184,1,2021-07-24,Tundra,43961.16,5.24,Completed
583185,8,2021-07-05,Tacoma,37964.46,5.84,Completed
583186,13,2021-07-29,Sienna,53009.53,5.61,Completed
583187,8,2021-07-19,Prius,29391.79,5.84,Completed
583188,1,2021-07-31,Tacoma,35974.01,5.24,Completed
583189,14,2021-07-22,Corolla,26855.01,5.1,Completed
583190,12,2021-07-01,Tacoma,36192.12,5.65,Completed
583191,18,2021-07-04,Tacoma,47310.54,5.68,Completed
583192,7,2021-07-23,RAV4,42114.29,5.39,Completed
583193,1,2021-07-02,RAV4,33806.73,5.24,Completed
583194,14,2021-07-13,Tundra,42653.14,5.1,Completed
583195,18,2021-07-21,Highlander,67203.71,5.68,Completed
583196,5,2021-07-13,RAV4,38862.25,5.34,Completed
583197,7,2021-07-02,Highlander,64862.78,5.39,Completed
583198,6,2021-07-15,Camry,26810.66,3.86,Completed
583199,11,2021-07-12,RAV4,29827.67,4.16,Completed
583200,4,2021-07-25,Highlander,39203.59,3.81,Cancelled
583201,2,2021-07-05,Highlander,42573.91,4.0,Completed
583202,5,2021-07-04,Prius,26686.83,5.34,Completed
583203,8,2021-07-04,Prius,32253.33,5.84,Completed
583204,20,2021-07-04,Prius,31229.51,5.77,Completed
583205,10,2021-07-30,Highlander,43813.22,4.88,Completed
583206,19,2021-07-11,Prius,28491.22,5.48,Completed
583207,12,2021-07-17,Highlander,62374.22,5.65,Completed
583208,5,2021-07-30,Highlander,56148.94,5.34,Completed
583209,16,2021-07-22,RAV4,48586.64,6.06,Completed
583210,11,2021-07-26,Highlander,42395.96,4.16,Completed
583211,3,2021-07-11,Highlander,68566.24,5.69,Completed
583212,5,2021-07-04,Tundra,37119.83,5.34,Pending
583213,5,2021-07-07,Sienna,42948.56,5.34,Completed
583214,18,2021-07-15,Sienna,55245.49,5.68,Completed
583215,17,2021-07-03,Sienna,36281.97,4.51,Completed
583216,5,2021-07-26,Corolla,23980.74,5.34,Completed
583217,7,2021-07-19,Tacoma,44799.1,5.39,Completed
583218,15,2021-07-14,Camry,38881.51,4.86,Completed
583219,4,2021-07-11,Sienna,31339.6,3.81,Completed
583220,9,2021-07-08,RAV4,32142.56,4.4,Completed
583221,19,2021-07-09,Prius,29982.04,5.48,Completed
583222,3,2021-07-21,Camry,36508.25,5.69,Completed
583223,20,2021-07-19,Highlander,64304.97,5.77,Completed
583224,14,2021-07-08,Prius,28054.54,5.1,Completed
583225,14,2021-07-24,Camry,37047.94,5.1,Completed
583226,12,2021-07-23,Prius,32191.14,5.65,Completed
583227,7,2021-07-15,Tacoma,39271.18,5.39,Completed
583228,5,2021-07-26,Highlander,48169.48,5.34,Completed
583229,14,2021-07-16,Corolla,27466.28,5.1,Completed
583230,1,2021-07-16,RAV4,39725.93,5.24,Completed
583231,3,2021-07-16,Corolla,31243.41,5.69,Completed
583232,9,2021-07-01,Tundra,32969.05,4.4,Pending
583233,3,2021-07-15,Prius,33668.83,5.69,Completed
583234,17,2021-07-09,Prius,23808.97,4.51,Completed
583235,14,2021-07-26,RAV4,43086.81,5.1,Completed
583236,5,2021-07-25,Highlander,54143.77,5.34,Completed
583237,13,2021-07-13,Corolla,29025.85,5.61,Completed
583238,13,2021-07-06,Camry,38552.74,5.61,Completed
583239,7,2021-07-16,Highlander,58928.07,5.39,Completed
583240,13,2021-07-07,Camry,39545.88,5.61,Completed
583241,14,2021-07-07,Tundra,42682.99,5.1,Pending
583242,3,2021-07-14,Highlander,69786.31,5.69,Completed
583243,13,2021-07-30,Camry,39348.62,5.61,Completed
583244,15,2021-07-12,Camry,34580.73,4.86,Completed
583245,13,2021-07-31,Highlander,66431.71,5.61,Completed
583246,17,2021-07-27,Corolla,20335.55,4.51,Completed
583247,10,2021-07-08,Tundra,38034.07,4.88,Completed
583248,6,2021-07-11,Tundra,33704.27,3.86,Completed
583249,20,2021-07-12,Sienna,49059.26,5.77,Completed
583250,13,2021-07-12,Highlander,62473.12,5.61,Completed
583251,1,2021-07-23,Sienna,38229.54,5.24,Completed
583252,4,2021-07-29,Prius,23219.81,3.81,Completed
583253,1,2021-07-31,Corolla,21095.13,5.24,Completed
583254,4,2021-07-13,Highlander,42728.5,3.81,Completed
583255,15,2021-07-01,Highlander,54646.66,4.86,Completed
583256,10,2021-07-17,Tundra,37884.18,4.88,Completed
583257,6,2021-07-28,Highlander,43395.9,3.86,Completed
583258,6,2021-07-24,Prius,21831.45,3.86,Completed
583259,7,2021-07-29,Highlander,68375.37,5.39,Completed
583260,15,2021-07-29,Tundra,47336.96,4.86,Completed
583261,14,2021-07-29,Tundra,49784.73,5.1,Completed
583262,1,2021-07-19,Tundra,39623.02,5.24,Completed
583263,5,2021-07-12,Camry,34598.31,5.34,Completed
583264,13,2021-07-14,RAV4,46135.98,5.61,Completed
583265,4,2021-07-23,Camry,23396.38,3.81,Completed
583266,2,2021-07-30,Tundra,39658.02,4.0,Completed
583267,15,2021-07-13,Tacoma,43970.77,4.86,Completed
583268,13,2021-07-30,Sienna,48022.8,5.61,Completed
583269,17,2021-07-26,Tundra,32693.14,4.51,Completed
583270,12,2021-07-28,Corolla,27371.24,5.65,Completed
583271,7,2021-07-12,Tacoma,38597.62,5.39,Completed
583272,2,2021-07-21,Prius,26301.54,4.0,Completed
583273,5,2021-07-09,Highlander,51215.88,5.34,Completed
583274,20,2021-07-04,Highlander,58241.38,5.77,Completed
583275,19,2021-07-23,Camry,32427.48,5.48,Completed
583276,2,2021-07-30,RAV4,34977.41,4.0,Completed
583277,12,2021-07-31,Camry,39236.59,5.65,Completed
583278,20,2021-07-14,Tundra,53196.48,5.77,Completed
583279,5,2021-07-15,Tundra,38076.08,5.34,Completed
583280,6,2021-07-08,Sienna,31107.48,3.86,Completed
583281,7,2021-07-28,Tundra,52680.91,5.39,Completed
583282,19,2021-07-09,Corolla,22078.78,5.48,Completed
583283,19,2021-07-26,Camry,29641.02,5.48,Completed
583284,7,2021-07-13,Highlander,65827.2,5.39,Completed
583285,16,2021-07-19,Tundra,49611.94,6.06,Completed
583286,8,2021-07-09,Tundra,43616.87,5.84,Completed
583287,7,2021-07-05,RAV4,48968.94,5.39,Completed
583288,11,2021-07-08,RAV4,34212.48,4.16,Completed
583289,20,2021-07-25,Camry,37376.77,5.77,Completed
583290,14,2021-07-12,Corolla,27655.26,5.1,Completed
583291,9,2021-07-20,Highlander,46706.98,4.4,Completed
583292,8,2021-07-21,Prius,29085.02,5.84,Cancelled
583293,4,2021-07-10,RAV4,31866.31,3.81,Completed
583294,15,2021-07-11,Camry,40077.89,4.86,Completed
583295,14,2021-07-13,Prius,31792.06,5.1,Completed
583296,20,2021-07-08,Corolla,25504.9,5.77,Completed
583297,1,2021-07-24,Tacoma,32389.37,5.24,Completed
583298,19,2021-07-18,RAV4,34621.64,5.48,Completed
583299,7,2021-07-29,Tundra,52355.21,5.39,Completed
583300,9,2021-07-07,Camry,24920.43,4.4,Completed
583301,3,2021-07-09,Sienna,54556.82,5.69,Completed
583302,8,2021-07-23,Highlander,63259.68,5.84,Completed
583303,15,2021-07-12,Tacoma,37747.54,4.86,Completed
583304,20,2021-07-04,Camry,40490.35,5.77,Completed
583305,3,2021-07-22,Camry,40920.83,5.69,Completed
583306,10,2021-07-22,Prius,24666.35,4.88,Completed
583307,1,2021-07-15,Tundra,43788.97,5.24,Completed
583308,10,2021-07-30,Camry,30389.18,4.88,Completed
583309,11,2021-07-17,Camry,25759.61,4.16,Completed
583310,11,2021-07-15,Highlander,41903.16,4.16,Completed
583311,9,2021-07-30,Highlander,41295.89,4.4,Pending
583312,11,2021-07-24,Sienna,35615.76,4.16,Completed
583313,6,2021-07-03,Camry,26690.24,3.86,Completed
583314,10,2021-07-30,RAV4,36186.34,4.88,Completed
583315,18,2021-07-31,Tacoma,46016.69,5.68,Completed
583316,19,2021-07-11,Sienna,40463.75,5.48,Completed
583317,11,2021-07-04,Highlander,49110.56,4.16,Completed
583318,20,2021-07-15,RAV4,42146.71,5.77,Completed
583319,8,2021-07-21,RAV4,47703.06,5.84,Completed
583320,6,2021-07-24,Camry,28882.96,3.86,Completed
583321,13,2021-07-03,Tundra,45852.75,5.61,Completed
583322,10,2021-07-25,Tundra,37732.1,4.88,Completed
583323,19,2021-07-02,Sienna,40216.97,5.48,Completed
583324,13,2021-07-07,Prius,34779.37,5.61,Completed
583325,7,2021-07-10,Tundra,53115.08,5.39,Completed
583326,8,2021-07-25,Corolla,27501.03,5.84,Completed
583327,20,2021-07-02,Corolla,28005.55,5.77,Completed
583328,5,2021-07-31,Corolla,22659.83,5.34,Completed
583329,11,2021-07-29,Camry,25909.78,4.16,Completed
583330,12,2021-07-12,Highlander,60246.19,5.65,Completed
583331,10,2021-07-07,Prius,25793.18,4.88,Completed
583332,17,2021-07-07,Corolla,19705.38,4.51,Cancelled
583333,10,2021-07-24,RAV4,34659.24,4.88,Completed
583334,19,2021-07-19,Highlander,50803.89,5.48,Completed
583335,6,2021-07-07,Highlander,43051.58,3.86,Completed
583336,20,2021-07-09,Tundra,49481.93,5.77,Pending
583337,7,2021-07-12,Sienna,53006.88,5.39,Completed
583338,4,2021-07-28,Tundra,34285.62,3.81,Completed
583339,17,2021-07-06,Prius,21747.9,4.51,Completed
583340,10,2021-07-20,Sienna,36885.93,4.88,Completed
583341,15,2021-07-23,Camry,36043.65,4.86,Completed
583342,3,2021-07-14,Sienna,53629.26,5.69,Completed
583343,6,2021-07-26,Camry,27738.93,3.86,Completed
583344,9,2021-07-23,Corolla,21005.31,4.4,Completed
583345,16,2021-07-15,Sienna,51332.23,6.06,Completed
583346,19,2021-07-24,Tundra,41747.61,5.48,Completed
583347,15,2021-07-13,Tacoma,39178.2,4.86,Completed
583348,2,2021-07-09,Sienna,37715.48,4.0,Completed
583349,6,2021-07-14,Tundra,33227.32,3.86,Completed
583350,4,2021-07-19,Tundra,34514.86,3.81,Completed
583351,19,2021-07-24,Highlander,49654.64,5.48,Completed
583352,13,2021-07-05,RAV4,43779.67,5.61,Completed
583353,14,2021-07-01,Highlander,53369.27,5.1,Completed
583354,11,2021-07-16,Tundra,36321.42,4.16,Completed
583355,11,2021-07-02,Corolla,18275.64,4.16,Completed
583356,5,2021-07-02,Highlander,46954.91,5.34,Completed
583357,15,2021-07-16,Corolla,29269.6,4.86,Completed
583358,7,2021-07-20,Highlander,60629.98,5.39,Completed
583359,19,2021-07-19,Prius,25964.68,5.48,Completed
583360,10,2021-07-21,Tundra,37369.59,4.88,Completed
583361,16,2021-07-17,Tundra,47901.14,6.06,Completed
583362,3,2021-07-25,Prius,31224.27,5.69,Completed
583363,6,2021-07-08,Camry,29120.22,3.86,Completed
583364,15,2021-07-11,Highlander,59752.01,4.86,Completed
583365,2,2021-07-11,Sienna,37165.49,4.0,Completed
583366,5,2021-07-05,Corolla,23612.63,5.34,Completed
583367,8,2021-07-08,Tacoma,40294.91,5.84,Completed
583368,1,2021-07-30,Highlander,48384.02,5.24,Completed
583369,1,2021-07-07,Prius,25369.37,5.24,Pending
583370,11,2021-07-12,Sienna,33924.39,4.16,Completed
583371,9,2021-07-26,Highlander,41481.0,4.4,Completed
583372,15,2021-07-10,Tacoma,41669.8,4.86,Completed
583373,10,2021-07-05,Corolla,19797.16,4.88,Completed
583374,6,2021-07-11,Camry,24664.36,3.86,Completed
583375,9,2021-07-27,Corolla,20395.63,4.4,Completed
583376,2,2021-07-25,Highlander,49517.75,4.0,Completed
583377,13,2021-07-21,Prius,32837.85,5.61,Completed
583378,3,2021-07-15,RAV4,48661.72,5.69,Completed
583379,2,2021-07-01,Corolla,23097.04,4.0,Completed
583380,8,2021-07-04,Camry,34580.68,5.84,Completed
583381,6,2021-07-18,Prius,22772.66,3.86,Completed
583382,11,2021-07-02,Tundra,36538.8,4.16,Completed
583383,14,2021-07-31,Tacoma,39354.46,5.1,Completed
583384,14,2021-07-09,Tacoma,42638.85,5.1,Completed
583385,11,2021-07-22,RAV4,35124.1,4.16,Completed
583386,14,2021-07-17,Tacoma,38901.73,5.1,Completed
583387,19,2021-07-13,Corolla,24879.9,5.48,Completed
583388,6,2021-07-31,Tacoma,28791.2,3.86,Completed
583389,15,2021-07-11,Prius,31880.01,4.86,Completed
583390,8,2021-07-14,Tundra,49210.09,5.84,Completed
583391,4,2021-07-26,Camry,23837.15,3.81,Completed
583392,5,2021-07-11,Camry,30962.89,5.34,Completed
583393,4,2021-07-19,Prius,21185.75,3.81,Completed
583394,13,2021-07-20,Corolla,25951.06,5.61,Completed
583395,14,2021-07-21,Prius,31950.41,5.1,Completed
583396,17,2021-07-22,Prius,24073.37,4.51,Completed
583397,9,2021-07-12,Camry,28478.33,4.4,Completed
583398,19,2021-07-30,Sienna,41357.72,5.48,Completed
583399,12,2021-07-28,Highlander,57678.97,5.65,Completed
583400,20,2021-07-14,Sienna,43573.59,5.77,Completed
583401,10,2021-07-06,Highlander,47805.92,4.88,Completed
583402,18,2021-07-14,Tacoma,47474.91,5.68,Completed
583403,17,2021-07-07,Corolla,19910.74,4.51,Completed
583404,8,2021-07-25,Tacoma,38947.34,5.84,Completed
583405,4,2021-07-22,Camry,27677.32,3.81,Cancelled
583406,1,2021-07-03,Prius,27680.6,5.24,Completed
583407,14,2021-07-20,Tundra,48608.9,5.1,Completed
583408,3,2021-07-02,RAV4,41281.0,5.69,Completed
583409,12,2021-07-09,Prius,33051.28,5.65,Completed
583410,20,2021-07-07,Corolla,28232.92,5.77,Completed
583411,3,2021-07-21,Corolla,31323.95,5.69,Completed
583412,10,2021-07-29,Tundra,35148.47,4.88,Completed
583413,11,2021-07-09,Tundra,35586.33,4.16,Completed
583414,10,2021-07-16,Prius,24231.01,4.88,Completed
583415,3,2021-07-11,Highlander,66098.97,5.69,Completed
583416,15,2021-07-20,Sienna,45037.9,4.86,Completed
583417,1,2021-07-24,Camry,32433.7,5.24,Completed
583418,3,2021-07-22,Tundra,48007.39,5.69,Completed
583419,7,2021-07-22,Sienna,53403.88,5.39,Completed
583420,7,2021-07-30,Prius,33802.53,5.39,Completed
583421,10,2021-07-02,Tacoma,28309.04,4.88,Completed
583422,20,2021-07-07,Camry,34109.2,5.77,Completed
583423,18,2021-07-06,Prius,36988.07,5.68,Completed
583424,10,2021-07-06,Sienna,36310.53,4.88,Completed
583425,4,2021-07-06,Tundra,36130.45,3.81,Completed
583426,3,2021-07-29,Sienna,48102.03,5.69,Completed
583427,5,2021-07-31,Sienna,43658.16,5.34,Completed
583428,5,2021-07-15,RAV4,37614.8,5.34,Completed
583429,15,2021-07-31,Camry,39298.97,4.86,Completed
583430,10,2021-07-20,Corolla,22668.42,4.88,Completed
583431,9,2021-07-03,RAV4,28990.6,4.4,Completed
583432,14,2021-07-04,Tundra,46312.21,5.1,Completed
583433,14,2021-07-08,Prius,27428.22,5.1,Completed
583434,2,2021-07-15,Corolla,20288.69,4.0,Completed
583435,11,2021-07-11,Corolla,18843.11,4.16,Completed
583436,4,2021-07-22,Tacoma,28764.41,3.81,Completed
583437,20,2021-07-09,RAV4,46404.64,5.77,Completed
583438,18,2021-07-08,Tundra,50169.37,5.68,Pending
583439,13,2021-07-01,Prius,31111.85,5.61,Completed
583440,9,2021-07-17,Tacoma,30223.36,4.4,Completed
583441,12,2021-07-18,Highlander,65924.07,5.65,Completed
583442,5,2021-07-26,Corolla,21123.31,5.34,Completed
583443,7,2021-07-29,Highlander,62574.45,5.39,Completed
583444,14,2021-07-09,RAV4,39552.97,5.1,Completed
583445,13,2021-07-23,Corolla,27570.58,5.61,Completed
583446,12,2021-07-24,Tundra,44755.55,5.65,Completed
583447,9,2021-07-03,Tacoma,29660.22,4.4,Completed
583448,4,2021-07-18,Tundra,31057.77,3.81,Completed
583449,1,2021-07-28,Corolla,22690.52,5.24,Completed
583450,8,2021-07-02,Highlander,66916.82,5.84,Completed
583451,8,2021-07-23,Highlander,60485.69,5.84,Completed
583452,12,2021-07-10,Highlander,61592.66,5.65,Completed
583453,14,2021-07-31,Highlander,57912.81,5.1,Completed
583454,6,2021-07-24,Tundra,33665.04,3.86,Completed
583455,18,2021-07-13,Highlander,72030.18,5.68,Completed
583456,6,2021-07-25,Prius,21049.09,3.86,Completed
583457,8,2021-07-16,Camry,38837.14,5.84,Completed
583458,15,2021-07-22,Tundra,49398.15,4.86,Completed
583459,5,2021-07-18,Highlander,49936.88,5.34,Completed
583460,19,2021-07-29,Highlander,50930.41,5.48,Completed
583461,6,2021-07-15,Sienna,35319.07,3.86,Completed
583462,2,2021-07-24,Tacoma,31929.88,4.0,Completed
583463,1,2021-07-20,Tundra,38015.47,5.24,Completed
583464,20,2021-07-22,Prius,29143.88,5.77,Completed
583465,13,2021-07-20,RAV4,47788.23,5.61,Completed
583466,6,2021-07-05,Highlander,46183.2,3.86,Completed
583467,6,2021-07-01,Highlander,42299.2,3.86,Completed
583468,19,2021-07-20,Prius,26683.71,5.48,Completed
583469,13,2021-07-03,Sienna,53985.36,5.61,Completed
583470,3,2021-07-21,Sienna,51969.78,5.69,Completed
583471,3,2021-07-01,RAV4,43899.66,5.69,Completed
583472,7,2021-07-05,Tacoma,40094.72,5.39,Completed
583473,11,2021-07-26,Prius,24414.0,4.16,Completed
583474,11,2021-07-09,Prius,24183.34,4.16,Completed
583475,1,2021-07-18,Tacoma,37000.93,5.24,Completed
583476,8,2021-07-17,RAV4,41343.81,5.84,Completed
583477,19,2021-07-05,RAV4,40604.1,5.48,Completed
583478,19,2021-07-08,Camry,31287.2,5.48,Completed
583479,17,2021-07-21,Camry,26434.89,4.51,Completed
583480,10,2021-07-24,Sienna,34734.28,4.88,Completed
583481,17,2021-07-01,Highlander,44823.91,4.51,Completed
583482,3,2021-07-12,RAV4,46777.87,5.69,Completed
583483,17,2021-07-15,Corolla,18168.01,4.51,Completed
583484,2,2021-07-30,Tundra,39026.22,4.0,Completed
583485,6,2021-07-19,Tacoma,29918.51,3.86,Completed
583486,16,2021-07-30,RAV4,49330.01,6.06,Completed
583487,8,2021-07-10,Sienna,47908.29,5.84,Completed
583488,20,2021-07-07,RAV4,44945.81,5.77,Completed
583489,11,2021-07-29,Highlander,43754.13,4.16,Completed
583490,14,2021-07-26,Corolla,28317.72,5.1,Completed
583491,9,2021-07-15,Camry,25748.08,4.4,Completed
583492,20,2021-07-03,Tacoma,43335.55,5.77,Completed
583493,13,2021-07-20,Tundra,49415.29,5.61,Completed
583494,13,2021-07-05,RAV4,47776.39,5.61,Completed
583495,16,2021-07-29,Tacoma,38064.21,6.06,Completed
583496,1,2021-07-28,Corolla,23074.97,5.24,Completed
583497,19,2021-07-19,Prius,26361.63,5.48,Completed
583498,1,2021-07-15,Sienna,41063.6,5.24,Cancelled
583499,12,2021-07-23,Camry,35178.34,5.65,Completed
583500,4,2021-07-20,Sienna,35869.33,3.81,Completed
583501,11,2021-07-24,Corolla,21727.42,4.16,Completed
583502,6,2021-07-21,Tundra,32088.54,3.86,Completed
583503,18,2021-07-11,Sienna,46701.66,5.68,Pending
583504,10,2021-07-05,Corolla,20234.5,4.88,Cancelled
583505,20,2021-07-25,Corolla,27075.28,5.77,Completed
583506,1,2021-07-13,Corolla,24225.61,5.24,Completed
583507,9,2021-07-30,Tundra,38433.28,4.4,Cancelled
583508,18,2021-07-26,Tundra,50980.2,5.68,Completed
583509,19,2021-07-09,Tacoma,38849.46,5.48,Pending
583510,12,2021-07-24,Camry,38531.28,5.65,Completed
583511,15,2021-07-27,Tundra,45705.28,4.86,Completed
583512,10,2021-07-13,Tacoma,31755.85,4.88,Completed
583513,7,2021-07-22,Highlander,59674.74,5.39,Completed
583514,12,2021-07-30,Corolla,26779.28,5.65,Completed
583515,5,2021-07-03,Highlander,47786.53,5.34,Completed
583516,19,2021-07-01,Sienna,42257.11,5.48,Completed
583517,3,2021-07-23,Highlander,67166.05,5.69,Completed
583518,10,2021-07-26,Corolla,20150.64,4.88,Completed
583519,6,2021-07-29,RAV4,29221.78,3.86,Completed
583520,16,2021-07-02,Prius,33872.15,6.06,Completed
583521,10,2021-07-22,Tundra,38505.6,4.88,Completed
583522,4,2021-07-16,Prius,21680.23,3.81,Completed
583523,9,2021-07-06,Camry,25990.46,4.4,Completed
583524,11,2021-07-27,Tacoma,27311.32,4.16,Completed
583525,13,2021-07-07,Tacoma,39136.99,5.61,Completed
583526,6,2021-07-11,Corolla,18383.28,3.86,Completed
583527,5,2021-07-06,Tundra,37870.14,5.34,Completed
583528,2,2021-07-22,Prius,21629.4,4.0,Completed
583529,5,2021-07-29,Camry,29466.33,5.34,Completed
583530,6,2021-07-03,Corolla,19459.61,3.86,Completed
583531,7,2021-07-25,Prius,30885.57,5.39,Completed
583532,17,2021-07-03,Tacoma,27156.62,4.51,Completed
583533,15,2021-07-26,Highlander,55799.92,4.86,Completed
583534,8,2021-07-12,Corolla,26880.84,5.84,Completed
583535,19,2021-07-28,Sienna,41924.43,5.48,Completed
583536,16,2021-07-18,Tundra,49865.09,6.06,Completed
583537,7,2021-07-09,Tacoma,38455.61,5.39,Completed
583538,17,2021-07-02,Sienna,34289.16,4.51,Completed
583539,3,2021-07-31,Sienna,52293.53,5.69,Completed
583540,19,2021-07-09,RAV4,37911.69,5.48,Completed
583541,2,2021-07-16,Tundra,36083.45,4.0,Pending
583542,8,2021-07-02,Sienna,51382.84,5.84,Completed
583543,16,2021-07-26,Highlander,67958.51,6.06,Completed
583544,13,2021-07-31,RAV4,45049.01,5.61,Completed
583545,11,2021-07-18,Tundra,35473.21,4.16,Completed
583546,4,2021-07-19,RAV4,29381.02,3.81,Completed
583547,1,2021-07-14,Corolla,23520.74,5.24,Completed
583548,9,2021-07-30,Corolla,20808.82,4.4,Completed
583549,9,2021-07-13,Camry,29553.07,4.4,Completed
583550,12,2021-07-05,Tacoma,40868.22,5.65,Completed
583551,8,2021-07-09,Tundra,48913.2,5.84,Completed
583552,6,2021-07-07,Camry,27085.61,3.86,Completed
583553,10,2021-07-29,Prius,25306.18,4.88,Completed
583554,8,2021-07-05,Tundra,45052.81,5.84,Completed
583555,20,2021-07-28,Camry,34537.5,5.77,Pending
583556,13,2021-07-04,Tundra,55186.44,5.61,Completed
583557,20,2021-07-02,Corolla,28093.45,5.77,Completed
583558,8,2021-07-09,Tundra,51546.48,5.84,Completed
583559,14,2021-07-24,RAV4,42918.22,5.1,Completed
583560,14,2021-07-30,Prius,29274.89,5.1,Completed
583561,3,2021-07-21,Highlander,68558.01,5.69,Completed
583562,6,2021-07-17,Highlander,47471.78,3.86,Completed
583563,8,2021-07-17,RAV4,44077.26,5.84,Completed
583564,18,2021-07-23,Tacoma,42352.25,5.68,Completed
583565,3,2021-07-02,Highlander,61256.43,5.69,Completed
583566,3,2021-07-31,Tundra,46120.42,5.69,Completed
583567,10,2021-07-01,RAV4,34056.19,4.88,Completed
583568,16,2021-07-30,Sienna,53343.1,6.06,Cancelled
583569,11,2021-07-28,RAV4,34265.53,4.16,Completed
583570,20,2021-07-30,Sienna,44783.84,5.77,Completed
583571,4,2021-07-30,RAV4,32746.83,3.81,Completed
583572,11,2021-07-15,Corolla,20801.68,4.16,Completed
583573,19,2021-07-10,Tundra,38806.28,5.48,Completed
583574,19,2021-07-28,Tundra,39982.22,5.48,Completed
583575,1,2021-07-05,Tundra,44066.68,5.24,Completed
583576,13,2021-07-12,Tundra,52423.17,5.61,Completed
583577,10,2021-07-09,Camry,25551.8,4.88,Completed
583578,15,2021-07-10,RAV4,47049.43,4.86,Completed
583579,15,2021-07-29,Camry,40345.62,4.86,Completed
583580,7,2021-07-02,Prius,29327.07,5.39,Completed
583581,1,2021-07-08,Corolla,22679.43,5.24,Completed
583582,5,2021-07-12,Tundra,39316.34,5.34,Completed
583583,18,2021-07-07,Tundra,48275.62,5.68,Completed
583584,16,2021-07-02,Highlander,67571.28,6.06,Completed
583585,17,2021-07-17,RAV4,30591.56,4.51,Completed
583586,18,2021-07-01,Tacoma,41345.92,5.68,Completed
583587,7,2021-07-20,Tacoma,39181.56,5.39,Completed
583588,8,2021-07-15,Prius,31639.99,5.84,Completed
583589,9,2021-07-08,Sienna,33158.57,4.4,Completed
583590,6,2021-07-15,Highlander,45320.66,3.86,Completed
583591,13,2021-07-08,Sienna,50038.75,5.61,Completed
583592,18,2021-07-09,Sienna,53425.36,5.68,Completed
583593,13,2021-07-08,Prius,34589.2,5.61,Completed
583594,5,2021-07-10,Corolla,25599.65,5.34,Completed
583595,13,2021-07-08,Camry,39403.56,5.61,Completed
583596,2,2021-07-27,Highlander,46629.14,4.0,Completed
583597,18,2021-07-23,Tacoma,40447.68,5.68,Completed
583598,7,2021-07-07,Highlander,60205.08,5.39,Completed
583599,7,2021-07-03,Corolla,27672.14,5.39,Completed
583600,17,2021-07-07,Prius,23476.23,4.51,Completed
583601,1,2021-07-24,Prius,26527.99,5.24,Completed
583602,20,2021-07-27,RAV4,44992.88,5.77,Completed
583603,16,2021-07-04,RAV4,45926.42,6.06,Completed
583604,7,2021-07-13,Tundra,48632.18,5.39,Completed
583605,10,2021-07-09,Tacoma,29232.36,4.88,Completed
583606,16,2021-07-17,Prius,30630.29,6.06,Completed
583607,12,2021-07-11,Prius,33374.22,5.65,Completed
583608,15,2021-07-13,Tundra,48099.93,4.86,Completed
583609,12,2021-07-30,RAV4,42714.23,5.65,Completed
583610,12,2021-07-28,RAV4,39661.75,5.65,Completed
583611,10,2021-07-02,Corolla,19795.46,4.88,Completed
583612,4,2021-07-01,Highlander,45915.54,3.81,Completed
583613,13,2021-07-23,Tundra,50939.74,5.61,Completed
583614,12,2021-07-31,Sienna,43488.74,5.65,Completed
583615,9,2021-07-07,Tundra,32855.75,4.4,Completed
583616,15,2021-07-25,Sienna,48270.43,4.86,Completed
583617,13,2021-07-01,Tundra,48039.12,5.61,Completed
583618,12,2021-07-30,Prius,30951.01,5.65,Pending
583619,8,2021-07-20,RAV4,47365.24,5.84,Completed
583620,3,2021-07-17,Prius,30939.89,5.69,Completed
583621,1,2021-07-03,Tundra,42606.65,5.24,Completed
583622,2,2021-07-07,Corolla,21554.59,4.0,Completed
583623,15,2021-07-06,Highlander,64690.36,4.86,Completed
583624,13,2021-07-30,RAV4,46612.4,5.61,Completed
583625,8,2021-07-21,Tacoma,38904.04,5.84,Completed
583626,17,2021-07-21,Prius,22501.37,4.51,Completed
583627,6,2021-07-15,Camry,24687.63,3.86,Completed
583628,10,2021-07-19,RAV4,30588.43,4.88,Completed
583629,10,2021-07-01,Sienna,36784.8,4.88,Completed
583630,2,2021-07-12,Camry,26229.69,4.0,Completed
583631,13,2021-07-01,Highlander,62734.03,5.61,Completed
583632,13,2021-07-16,RAV4,45806.95,5.61,Completed
583633,19,2021-07-28,RAV4,36906.97,5.48,Completed
583634,6,2021-07-20,Sienna,35964.42,3.86,Completed
583635,18,2021-07-19,Sienna,50856.63,5.68,Completed
583636,2,2021-07-02,Corolla,19997.1,4.0,Completed
583637,12,2021-07-28,Tundra,46902.56,5.65,Completed
583638,1,2021-07-29,Prius,27298.52,5.24,Completed
583639,18,2021-07-06,Tacoma,46122.25,5.68,Completed
583640,2,2021-07-21,Highlander,42874.59,4.0,Completed
583641,11,2021-07-21,RAV4,34878.69,4.16,Completed
583642,20,2021-07-05,RAV4,41648.32,5.77,Completed
583643,16,2021-07-19,RAV4,42019.4,6.06,Completed
583644,2,2021-07-06,RAV4,31012.29,4.0,Completed
583645,18,2021-07-21,Highlander,69450.41,5.68,Completed
583646,15,2021-07-11,Corolla,29016.73,4.86,Completed
583647,5,2021-07-04,RAV4,38550.64,5.34,Completed
583648,16,2021-07-01,RAV4,42926.61,6.06,Completed
583649,18,2021-07-06,Corolla,31239.45,5.68,Completed
583650,1,2021-07-05,Tacoma,30820.2,5.24,Completed
583651,3,2021-07-05,Highlander,65261.35,5.69,Completed
583652,12,2021-07-14,Tundra,50685.2,5.65,Completed
583653,18,2021-07-10,RAV4,45534.03,5.68,Completed
583654,10,2021-07-27,Corolla,22589.94,4.88,Completed
583655,9,2021-07-25,Highlander,48322.32,4.4,Completed
583656,9,2021-07-28,Sienna,35699.89,4.4,Completed
583657,12,2021-07-02,Tundra,49766.71,5.65,Pending
583658,16,2021-07-05,Highlander,58731.08,6.06,Completed
583659,2,2021-07-22,Corolla,21044.39,4.0,Completed
583660,9,2021-07-27,Sienna,33520.47,4.4,Completed
583661,2,2021-07-01,Sienna,39052.12,4.0,Completed
583662,18,2021-07-12,Tacoma,41058.66,5.68,Completed
583663,18,2021-07-17,Prius,36179.09,5.68,Completed
583664,8,2021-07-10,RAV4,46425.73,5.84,Completed
583665,7,2021-07-20,Tacoma,40908.88,5.39,Completed
583666,10,2021-07-28,Tundra,36243.78,4.88,Completed
583667,3,2021-07-12,Highlander,67177.95,5.69,Completed
583668,11,2021-07-07,Tundra,37249.28,4.16,Completed
583669,10,2021-07-07,Highlander,43329.32,4.88,Completed
583670,20,2021-07-05,Camry,40608.12,5.77,Pending
583671,7,2021-07-20,Tundra,49567.38,5.39,Completed
583672,7,2021-07-09,Camry,35140.15,5.39,Completed
583673,8,2021-07-18,Camry,38307.74,5.84,Completed
583674,11,2021-07-30,Highlander,46801.41,4.16,Completed
583675,1,2021-07-05,Highlander,49774.69,5.24,Completed
583676,10,2021-07-23,Camry,29293.84,4.88,Completed
583677,10,2021-07-10,Tundra,35095.55,4.88,Completed
583678,6,2021-07-18,Highlander,43851.68,3.86,Pending
583679,11,2021-07-22,Sienna,34477.61,4.16,Completed
583680,1,2021-07-28,Prius,26956.64,5.24,Completed
583681,6,2021-07-04,Sienna,33885.45,3.86,Completed
583682,18,2021-07-05,RAV4,43971.23,5.68,Completed
583683,6,2021-07-11,Corolla,20360.22,3.86,Completed
583684,8,2021-07-23,Camry,36655.07,5.84,Completed
583685,6,2021-07-28,Prius,20988.84,3.86,Completed
583686,19,2021-07-28,Corolla,24339.87,5.48,Completed
583687,15,2021-07-23,Corolla,28307.85,4.86,Completed
583688,10,2021-07-19,Highlander,49665.35,4.88,Completed
583689,18,2021-07-19,Highlander,68809.08,5.68,Completed
583690,12,2021-07-29,Tacoma,40445.81,5.65,Completed
583691,10,2021-07-26,RAV4,34916.14,4.88,Completed
583692,2,2021-07-11,Sienna,35724.77,4.0,Completed
583693,12,2021-07-24,Prius,28432.5,5.65,Completed
583694,17,2021-07-10,Camry,27153.96,4.51,Completed
583695,20,2021-07-31,Sienna,45423.53,5.77,Completed
583696,12,2021-07-06,Tundra,46352.38,5.65,Completed
583697,15,2021-07-27,Tacoma,37588.2,4.86,Completed
583698,20,2021-07-23,Sienna,49464.25,5.77,Completed
583699,3,2021-07-11,RAV4,42444.65,5.69,Completed
583700,16,2021-07-25,Camry,41926.5,6.06,Completed
583701,1,2021-07-17,Camry,31988.81,5.24,Completed
583702,11,2021-07-05,Highlander,48277.51,4.16,Completed
583703,11,2021-07-24,Tundra,37625.38,4.16,Completed
583704,14,2021-07-07,Prius,27007.72,5.1,Completed
583705,14,2021-07-12,Corolla,24576.57,5.1,Completed
583706,13,2021-07-01,Tacoma,45139.04,5.61,Pending
583707,10,2021-07-15,RAV4,36008.39,4.88,Completed
583708,4,2021-07-12,Camry,28367.04,3.81,Completed
583709,2,2021-07-11,Tacoma,31187.83,4.0,Completed
583710,4,2021-07-14,Tacoma,29271.46,3.81,Completed
583711,6,2021-07-30,RAV4,31416.09,3.86,Completed
583712,16,2021-07-15,Highlander,57749.51,6.06,Completed
583713,1,2021-07-27,Tundra,43121.19,5.24,Completed
583714,12,2021-07-14,RAV4,46046.99,5.65,Completed
583715,5,2021-07-18,Prius,26411.92,5.34,Completed
583716,14,2021-07-23,Prius,27255.04,5.1,Completed
583717,3,2021-07-16,Sienna,46496.35,5.69,Completed
583718,3,2021-07-29,Corolla,31038.36,5.69,Completed
583719,10,2021-07-28,Corolla,22449.01,4.88,Completed
583720,14,2021-07-02,Tundra,47633.59,5.1,Completed
583721,13,2021-07-22,Camry,40664.64,5.61,Completed
583722,18,2021-07-06,RAV4,43589.85,5.68,Completed
583723,6,2021-07-27,RAV4,33859.9,3.86,Completed
583724,4,2021-07-14,Camry,28138.17,3.81,Completed
583725,20,2021-07-13,Prius,31424.77,5.77,Completed
583726,8,2021-07-18,Tundra,49972.98,5.84,Completed
583727,8,2021-07-18,Corolla,29475.46,5.84,Completed
583728,15,2021-07-16,Highlander,62971.42,4.86,Completed
583729,8,2021-07-10,Highlander,65722.52,5.84,Completed
583730,15,2021-07-19,Prius,31344.75,4.86,Completed
583731,15,2021-07-05,Sienna,46816.02,4.86,Completed
583732,15,2021-07-24,Corolla,28752.56,4.86,Completed
583733,16,2021-07-20,Corolla,27808.42,6.06,Completed
583734,14,2021-07-12,Sienna,48220.76,5.1,Completed
583735,13,2021-07-12,Camry,39002.81,5.61,Completed
583736,4,2021-07-01,Corolla,17570.03,3.81,Completed
583737,8,2021-07-29,Sienna,49026.49,5.84,Completed
583738,14,2021-07-03,Sienna,44633.39,5.1,Completed
583739,1,2021-07-22,Tacoma,33918.83,5.24,Completed
583740,12,2021-07-06,Highlander,65602.24,5.65,Completed
583741,2,2021-07-16,RAV4,32462.36,4.0,Completed
583742,11,2021-07-09,RAV4,33743.47,4.16,Completed
583743,11,2021-07-02,Tundra,38705.22,4.16,Completed
583744,15,2021-07-05,Highlander,61604.66,4.86,Completed
583745,2,2021-07-31,Tundra,38759.54,4.0,Completed
583746,9,2021-07-27,Camry,25445.56,4.4,Completed
583747,4,2021-07-16,Tundra,34860.45,3.81,Completed
583748,11,2021-07-25,Highlander,46013.42,4.16,Completed
583749,20,2021-07-20,Tundra,50834.84,5.77,Completed
583750,20,2021-07-09,Highlander,63282.79,5.77,Completed
583751,12,2021-07-06,RAV4,47536.56,5.65,Completed
583752,11,2021-07-22,Tacoma,30613.47,4.16,Completed
583753,9,2021-07-12,Highlander,40704.09,4.4,Completed
583754,15,2021-07-07,Tacoma,43213.49,4.86,Completed
583755,19,2021-07-08,Tundra,42273.75,5.48,Completed
583756,10,2021-07-19,Sienna,34581.44,4.88,Completed
583757,14,2021-07-18,Corolla,26212.08,5.1,Completed
583758,3,2021-07-14,Camry,42827.9,5.69,Completed
583759,17,2021-07-31,Corolla,19152.65,4.51,Completed
583760,12,2021-07-05,Prius,28570.78,5.65,Completed
583761,16,2021-07-26,Corolla,26717.9,6.06,Completed
583762,4,2021-07-07,Tundra,33531.78,3.81,Pending
583763,19,2021-07-21,Camry,32548.03,5.48,Completed
583764,14,2021-07-07,Prius,28531.42,5.1,Completed
583765,4,2021-07-30,Sienna,35529.44,3.81,Completed
583766,4,2021-07-24,Sienna,36324.13,3.81,Pending
583767,5,2021-07-17,RAV4,35363.74,5.34,Completed
583768,1,2021-07-03,Camry,28613.99,5.24,Completed
583769,2,2021-07-13,Sienna,37305.93,4.0,Completed
583770,12,2021-07-07,Corolla,25985.91,5.65,Completed
583771,6,2021-07-11,Prius,23635.14,3.86,Completed
583772,11,2021-07-09,Highlander,45931.69,4.16,Completed
583773,6,2021-07-17,Corolla,21219.5,3.86,Completed
583774,11,2021-07-09,Tacoma,27562.52,4.16,Completed
583775,2,2021-07-09,Tundra,37448.38,4.0,Completed
583776,11,2021-07-13,Corolla,19365.21,4.16,Completed
583777,19,2021-07-01,Tundra,45296.89,5.48,Completed
583778,20,2021-07-09,RAV4,44813.61,5.77,Completed
583779,16,2021-07-13,Camry,35185.27,6.06,Completed
583780,7,2021-07-06,Sienna,48278.96,5.39,Completed
583781,12,2021-07-17,Tundra,44514.54,5.65,Completed
583782,3,2021-07-29,Tundra,47947.2,5.69,Completed
583783,1,2021-07-30,Tacoma,33362.94,5.24,Pending
583784,14,2021-07-08,Tundra,43907.32,5.1,Completed
583785,10,2021-07-17,Camry,26766.67,4.88,Completed
583786,8,2021-07-22,Tundra,50226.51,5.84,Completed
583787,6,2021-07-29,Sienna,32649.15,3.86,Completed
583788,20,2021-07-24,Tacoma,42342.63,5.77,Completed
583789,15,2021-07-23,Camry,36984.09,4.86,Completed
583790,1,2021-07-08,Prius,26658.24,5.24,Completed
583791,11,2021-07-26,RAV4,32876.65,4.16,Completed
583792,19,2021-07-06,Camry,34244.32,5.48,Completed
583793,16,2021-07-13,Tacoma,44422.6,6.06,Completed
583794,19,2021-07-23,Tacoma,37220.66,5.48,Completed
583795,1,2021-07-23,Camry,30830.29,5.24,Completed
583796,7,2021-07-22,RAV4,46740.43,5.39,Completed
583797,13,2021-07-01,Corolla,28677.16,5.61,Completed
583798,7,2021-07-23,Camry,41655.13,5.39,Completed
583799,16,2021-07-09,Corolla,26954.15,6.06,Completed
583800,18,2021-07-03,Sienna,49737.49,5.68,Completed
583801,14,2021-07-03,Sienna,41492.15,5.1,Completed
583802,11,2021-07-04,Prius,24436.82,4.16,Completed
583803,13,2021-07-13,Prius,35610.31,5.61,Completed
583804,6,2021-07-05,Highlander,45816.19,3.86,Completed
583805,20,2021-07-08,Tundra,53318.07,5.77,Completed
583806,2,2021-07-03,Prius,23258.35,4.0,Completed
583807,3,2021-07-17,Tacoma,39694.38,5.69,Completed
583808,4,2021-07-23,Corolla,20746.39,3.81,Completed
583809,9,2021-07-20,Sienna,37395.92,4.4,Completed
583810,14,2021-07-22,Camry,34469.77,5.1,Completed
583811,3,2021-07-09,Tundra,52806.47,5.69,Completed
583812,3,2021-07-16,Tacoma,42145.63,5.69,Completed
583813,3,2021-07-29,RAV4,44782.49,5.69,Completed
583814,3,2021-07-04,Tundra,49781.77,5.69,Completed
583815,15,2021-07-24,Sienna,43688.01,4.86,Completed
583816,2,2021-07-01,Camry,26327.4,4.0,Completed
583817,9,2021-07-02,Tacoma,32073.0,4.4,Completed
583818,8,2021-07-21,Corolla,28230.46,5.84,Completed
583819,11,2021-07-12,Prius,23161.33,4.16,Completed
583820,2,2021-07-23,Camry,26072.54,4.0,Completed
583821,2,2021-07-19,Highlander,43395.09,4.0,Pending
583822,10,2021-07-06,Tacoma,27870.73,4.88,Completed
583823,15,2021-07-21,Tacoma,36319.75,4.86,Completed
583824,10,2021-07-30,Highlander,49074.14,4.88,Completed
583825,8,2021-07-19,Sienna,45556.37,5.84,Completed
583826,16,2021-07-06,Highlander,66400.89,6.06,Completed
583827,14,2021-07-09,Corolla,24576.8,5.1,Completed
583828,16,2021-07-17,Corolla,26938.55,6.06,Completed
583829,14,2021-07-10,Tundra,47670.73,5.1,Completed
583830,3,2021-07-04,Highlander,66062.41,5.69,Completed
583831,1,2021-07-30,Tundra,40619.73,5.24,Completed
583832,16,2021-07-19,Prius,31067.19,6.06,Completed
583833,6,2021-07-20,Corolla,18370.66,3.86,Completed
583834,12,2021-07-28,Tundra,43205.24,5.65,Completed
583835,16,2021-07-10,RAV4,43949.19,6.06,Completed
583836,18,2021-07-12,Prius,35665.77,5.68,Completed
583837,5,2021-07-05,RAV4,33802.85,5.34,Completed
583838,5,2021-07-15,Tundra,37315.82,5.34,Completed
583839,15,2021-07-03,Tacoma,38889.03,4.86,Completed
583840,6,2021-07-28,Prius,22115.44,3.86,Completed
583841,10,2021-07-09,RAV4,34060.87,4.88,Completed
583842,7,2021-07-21,RAV4,46599.35,5.39,Completed
583843,6,2021-07-29,RAV4,28644.56,3.86,Completed
583844,15,2021-07-25,Sienna,50668.61,4.86,Cancelled
583845,20,2021-07-23,Prius,28710.43,5.77,Completed
583846,6,2021-07-14,RAV4,31079.85,3.86,Completed
583847,9,2021-07-05,Prius,23122.93,4.4,Completed
583848,9,2021-07-25,Sienna,34790.19,4.4,Completed
583849,7,2021-07-22,Corolla,26116.89,5.39,Completed
583850,19,2021-07-20,RAV4,34746.89,5.48,Completed
583851,4,2021-07-21,Prius,20109.44,3.81,Completed
583852,3,2021-07-29,Camry,35448.44,5.69,Completed
583853,19,2021-07-27,Highlander,55941.2,5.48,Completed
583854,9,2021-07-16,RAV4,34052.86,4.4,Completed
583855,15,2021-07-05,Tundra,48508.71,4.86,Completed
583856,10,2021-07-03,RAV4,35995.6,4.88,Completed
583857,20,2021-07-07,RAV4,43866.32,5.77,Completed
583858,20,2021-07-26,Sienna,43580.42,5.77,Completed
583859,14,2021-07-13,Corolla,25351.61,5.1,Completed
583860,2,2021-07-16,Corolla,19056.79,4.0,Completed
583861,16,2021-07-17,RAV4,41704.66,6.06,Completed
583862,18,2021-07-31,Highlander,60164.02,5.68,Completed
583863,13,2021-07-18,Prius,35946.35,5.61,Completed
583864,17,2021-07-12,Sienna,30718.79,4.51,Completed
583865,19,2021-07-26,Tundra,40858.64,5.48,Completed
583866,7,2021-07-11,Highlander,64592.89,5.39,Completed
583867,2,2021-07-20,Camry,29536.33,4.0,Completed
583868,3,2021-07-02,RAV4,49554.33,5.69,Completed
583869,1,2021-07-14,Corolla,25159.55,5.24,Completed
583870,1,2021-07-26,Tundra,43085.15,5.24,Pending
583871,8,2021-07-04,Tundra,46430.48,5.84,Completed
583872,20,2021-07-30,Tundra,48721.34,5.77,Completed
583873,7,2021-07-01,Sienna,44394.83,5.39,Completed
583874,19,2021-07-06,Corolla,23495.98,5.48,Completed
583875,5,2021-07-01,RAV4,34269.03,5.34,Completed
583876,18,2021-07-27,Prius,33225.47,5.68,Completed
583877,14,2021-07-08,Tacoma,40861.11,5.1,Completed
583878,12,2021-07-07,Corolla,25382.99,5.65,Completed
583879,19,2021-07-16,Highlander,56346.01,5.48,Completed
583880,18,2021-07-02,Corolla,28233.55,5.68,Completed
583881,19,2021-07-25,Tundra,44528.4,5.48,Completed
583882,20,2021-07-06,Tundra,51169.86,5.77,Completed
583883,11,2021-07-09,Prius,23695.16,4.16,Completed
583884,2,2021-07-22,Tundra,34670.74,4.0,Completed
583885,3,2021-07-10,Sienna,50135.29,5.69,Completed
583886,14,2021-07-10,Tacoma,42084.8,5.1,Completed
583887,3,2021-07-09,Camry,38217.63,5.69,Completed
583888,13,2021-07-13,RAV4,47951.64,5.61,Completed
583889,12,2021-07-20,Tundra,52414.66,5.65,Completed
583890,14,2021-07-25,Tacoma,36468.08,5.1,Completed
583891,12,2021-07-17,Tundra,47188.43,5.65,Completed
583892,7,2021-07-12,Corolla,29547.38,5.39,Completed
583893,20,2021-07-25,Prius,30345.6,5.77,Completed
583894,11,2021-07-10,Corolla,21944.18,4.16,Completed
583895,12,2021-07-15,Tundra,46410.3,5.65,Completed
583896,18,2021-07-11,Highlander,60822.18,5.68,Completed
583897,6,2021-07-23,Camry,28228.26,3.86,Completed
583898,15,2021-07-05,Sienna,48903.76,4.86,Completed
583899,12,2021-07-15,Tacoma,41524.46,5.65,Completed
583900,14,2021-07-31,RAV4,41216.94,5.1,Completed
583901,17,2021-07-05,Corolla,18515.51,4.51,Completed
583902,17,2021-07-13,Highlander,45447.34,4.51,Completed
583903,8,2021-07-11,RAV4,40107.59,5.84,Completed
583904,1,2021-07-18,Tundra,39244.24,5.24,Completed
583905,12,2021-07-27,Prius,31960.0,5.65,Completed
583906,3,2021-07-13,Highlander,67379.0,5.69,Completed
583907,5,2021-07-05,Prius,24057.53,5.34,Completed
583908,4,2021-07-13,Tacoma,27084.55,3.81,Completed
583909,7,2021-07-19,Corolla,28799.88,5.39,Completed
583910,7,2021-07-12,Prius,31319.86,5.39,Completed
583911,10,2021-07-20,Highlander,46125.58,4.88,Completed
583912,16,2021-07-18,Camry,36509.23,6.06,Completed
583913,11,2021-07-16,Tacoma,30613.07,4.16,Completed
583914,13,2021-07-11,Camry,39347.05,5.61,Completed
583915,10,2021-07-23,Prius,22714.87,4.88,Completed
583916,9,2021-07-02,Tacoma,29144.57,4.4,Cancelled
583917,12,2021-07-20,Sienna,47108.17,5.65,Completed
583918,8,2021-07-05,RAV4,47750.44,5.84,Completed
583919,5,2021-07-13,Corolla,23835.02,5.34,Completed
583920,11,2021-07-10,Camry,25622.79,4.16,Completed
583921,13,2021-07-01,Sienna,45503.22,5.61,Completed
583922,9,2021-07-04,Highlander,42388.34,4.4,Completed
583923,4,2021-07-25,Prius,23643.91,3.81,Completed
583924,20,2021-07-08,Corolla,29011.13,5.77,Completed
583925,18,2021-07-28,RAV4,51948.5,5.68,Completed
583926,11,2021-07-04,Tacoma,31298.97,4.16,Completed
583927,6,2021-07-11,Tacoma,31533.12,3.86,Completed
583928,15,2021-07-03,Tundra,43168.37,4.86,Completed
583929,6,2021-07-03,RAV4,31512.13,3.86,Completed
583930,15,2021-07-11,Highlander,58190.08,4.86,Completed
583931,9,2021-07-26,Tacoma,30470.14,4.4,Completed
583932,6,2021-07-29,Highlander,42590.64,3.86,Completed
583933,9,2021-07-01,Tundra,36553.44,4.4,Completed
583934,19,2021-07-13,Tundra,44086.95,5.48,Completed
583935,7,2021-07-17,Sienna,44684.65,5.39,Completed
583936,1,2021-07-31,Corolla,22613.27,5.24,Completed
583937,9,2021-07-20,Tundra,36413.65,4.4,Completed
583938,15,2021-07-18,Highlander,62851.14,4.86,Completed
583939,1,2021-07-17,Sienna,42076.02,5.24,Completed
583940,12,2021-07-18,RAV4,40996.99,5.65,Completed
583941,17,2021-07-17,Sienna,35725.07,4.51,Completed
583942,5,2021-07-23,Corolla,24980.81,5.34,Completed
583943,16,2021-07-16,Camry,35543.78,6.06,Completed
583944,18,2021-07-03,Prius,33347.77,5.68,Completed
583945,9,2021-07-19,Sienna,36392.35,4.4,Completed
583946,7,2021-07-14,Highlander,67258.64,5.39,Completed
583947,5,2021-07-13,Camry,29646.52,5.34,Completed
583948,11,2021-07-07,Corolla,18992.74,4.16,Completed
583949,12,2021-07-11,Sienna,45471.23,5.65,Completed
583950,13,2021-07-24,Tacoma,38278.12,5.61,Completed
583951,11,2021-07-02,Prius,21869.46,4.16,Completed
583952,8,2021-07-20,Highlander,65705.75,5.84,Completed
583953,19,2021-07-13,Highlander,56918.71,5.48,Completed
583954,4,2021-07-03,Highlander,43002.14,3.81,Completed
583955,5,2021-07-19,RAV4,34516.54,5.34,Completed
583956,18,2021-07-03,Sienna,48560.32,5.68,Completed
583957,14,2021-07-08,Tundra,41750.59,5.1,Completed
583958,10,2021-07-07,Corolla,20955.81,4.88,Completed
583959,15,2021-07-08,Tacoma,41398.52,4.86,Completed
583960,18,2021-07-30,Prius,34582.68,5.68,Completed
583961,11,2021-07-07,RAV4,30326.88,4.16,Completed
583962,2,2021-07-20,Sienna,38307.38,4.0,Completed
583963,11,2021-07-03,Sienna,37916.04,4.16,Completed
583964,15,2021-07-16,Tacoma,40862.4,4.86,Completed
583965,7,2021-07-03,Tacoma,40864.66,5.39,Completed
583966,16,2021-07-12,Corolla,26717.03,6.06,Completed
583967,9,2021-07-17,Prius,21972.19,4.4,Completed
583968,2,2021-07-07,RAV4,32675.47,4.0,Completed
583969,3,2021-07-28,Tacoma,40894.67,5.69,Completed
583970,20,2021-07-27,RAV4,45936.65,5.77,Pending
583971,14,2021-07-11,Prius,30521.1,5.1,Completed
583972,6,2021-07-02,Corolla,17856.25,3.86,Completed
583973,15,2021-07-07,Highlander,54758.57,4.86,Completed
583974,17,2021-07-10,Prius,20762.34,4.51,Completed
583975,14,2021-07-22,RAV4,43487.06,5.1,Completed
583976,19,2021-07-03,Tundra,45785.36,5.48,Completed
583977,13,2021-07-05,Sienna,45348.41,5.61,Completed
583978,16,2021-07-09,RAV4,44664.86,6.06,Completed
583979,11,2021-07-19,Tacoma,26994.05,4.16,Completed
583980,8,2021-07-17,Corolla,29147.81,5.84,Completed
583981,1,2021-07-29,Camry,31731.31,5.24,Completed
583982,14,2021-07-20,Highlander,56638.98,5.1,Completed
583983,20,2021-07-24,RAV4,43575.76,5.77,Completed
583984,13,2021-07-10,Tacoma,43957.95,5.61,Completed
583985,11,2021-07-05,Corolla,18145.44,4.16,Completed
583986,9,2021-07-19,Camry,27372.78,4.4,Completed
583987,20,2021-07-21,Tundra,51683.15,5.77,Completed
583988,19,2021-07-15,Tacoma,37270.47,5.48,Completed
583989,17,2021-07-24,RAV4,31194.55,4.51,Completed
583990,16,2021-07-29,Sienna,51820.58,6.06,Completed
583991,17,2021-07-05,Tacoma,30217.45,4.51,Completed
583992,7,2021-07-14,RAV4,42697.24,5.39,Completed
583993,4,2021-07-03,Camry,25441.86,3.81,Completed
583994,20,2021-07-05,Highlander,67833.99,5.77,Completed
583995,3,2021-07-27,RAV4,46392.63,5.69,Completed
583996,11,2021-07-29,Tacoma,31678.01,4.16,Completed
583997,20,2021-07-27,Tacoma,44095.93,5.77,Completed
583998,18,2021-07-19,Highlander,64447.74,5.68,Pending
583999,1,2021-07-21,Tundra,36718.52,5.24,Pending
584000,14,2021-07-19,RAV4,44033.06,5.1,Completed
584001,19,2021-07-31,Tundra,44151.64,5.48,Completed
584002,11,2021-07-01,Tundra,34955.97,4.16,Completed
584003,17,2021-07-18,Camry,24702.74,4.51,Completed
584004,14,2021-07-13,Camry,32803.17,5.1,Completed
584005,5,2021-07-14,Prius,26666.05,5.34,Completed
584006,6,2021-07-13,Prius,21039.63,3.86,Completed
584007,18,2021-07-11,Tacoma,45026.43,5.68,Completed
584008,14,2021-07-17,Tundra,41502.63,5.1,Completed
584009,13,2021-07-18,Prius,33538.48,5.61,Completed
584010,11,2021-07-15,Sienna,34207.04,4.16,Pending
584011,1,2021-07-28,Camry,32508.95,5.24,Completed
584012,15,2021-07-13,RAV4,46545.39,4.86,Completed
584013,17,2021-07-14,Prius,20798.31,4.51,Completed
584014,18,2021-07-16,Highlander,68825.75,5.68,Completed
584015,16,2021-07-25,Corolla,27007.42,6.06,Completed
584016,2,2021-07-09,RAV4,35153.69,4.0,Completed
584017,2,2021-07-31,Camry,30861.14,4.0,Completed
584018,1,2021-07-23,Tacoma,30624.49,5.24,Completed
584019,12,2021-07-30,Prius,34019.0,5.65,Completed
584020,8,2021-07-11,Tacoma,44518.76,5.84,Completed
584021,11,2021-07-17,Corolla,21044.6,4.16,Completed
584022,16,2021-07-01,Prius,32593.01,6.06,Completed
584023,14,2021-07-08,RAV4,45161.96,5.1,Completed
584024,4,2021-07-07,Sienna,31902.87,3.81,Completed
584025,15,2021-07-27,Tacoma,38334.93,4.86,Completed
584026,4,2021-07-17,Sienna,31272.46,3.81,Completed
584027,17,2021-07-14,Tacoma,28439.86,4.51,Completed
584028,9,2021-07-13,Tundra,31552.59,4.4,Completed
584029,13,2021-07-26,Camry,41578.61,5.61,Completed
584030,18,2021-07-15,Corolla,29833.69,5.68,Completed
584031,16,2021-07-16,Corolla,29025.77,6.06,Pending
584032,19,2021-07-22,RAV4,36002.24,5.48,Completed
584033,10,2021-07-16,Prius,22144.18,4.88,Completed
584034,5,2021-07-18,Highlander,54224.91,5.34,Completed
584035,19,2021-07-25,Tacoma,36266.66,5.48,Completed
584036,6,2021-07-16,Highlander,42594.31,3.86,Completed
584037,15,2021-07-31,Tacoma,40704.07,4.86,Completed
584038,7,2021-07-24,Camry,40443.31,5.39,Completed
584039,6,2021-07-19,Prius,20395.56,3.86,Completed
584040,6,2021-07-18,Highlander,40188.0,3.86,Completed
584041,15,2021-07-31,Sienna,45554.33,4.86,Completed
584042,8,2021-07-15,Corolla,24926.0,5.84,Completed
584043,13,2021-07-25,RAV4,43603.5,5.61,Completed
584044,13,2021-07-04,Prius,32351.2,5.61,Completed
584045,17,2021-07-15,Corolla,18929.0,4.51,Completed
584046,2,2021-07-28,Highlander,50682.14,4.0,Completed
584047,10,2021-07-09,Highlander,41621.18,4.88,Completed
584048,1,2021-07-09,Tacoma,36114.39,5.24,Completed
584049,7,2021-07-19,RAV4,46266.22,5.39,Completed
584050,14,2021-07-03,Tundra,48481.33,5.1,Completed
584051,10,2021-07-18,Camry,26821.46,4.88,Completed
584052,8,2021-07-11,Highlander,58542.09,5.84,Completed
584053,1,2021-07-06,Prius,27274.82,5.24,Completed
584054,19,2021-07-11,Tacoma,33884.36,5.48,Cancelled
584055,4,2021-07-08,Prius,23437.2,3.81,Completed
584056,9,2021-07-14,Corolla,21497.65,4.4,Completed
584057,14,2021-07-20,Camry,36912.12,5.1,Completed
584058,5,2021-07-15,Tacoma,31749.02,5.34,Completed
584059,15,2021-07-08,Corolla,25237.03,4.86,Completed
584060,14,2021-07-05,Tundra,48093.11,5.1,Completed
584061,5,2021-07-13,Tacoma,32978.57,5.34,Completed
584062,4,2021-07-12,Tundra,35918.45,3.81,Completed
584063,15,2021-07-27,Prius,29480.78,4.86,Pending
584064,19,2021-07-28,Highlander,51807.22,5.48,Completed
584065,11,2021-07-07,Highlander,42447.57,4.16,Completed
584066,10,2021-07-27,Camry,28879.99,4.88,Completed
584067,10,2021-07-03,Camry,29461.61,4.88,Completed
584068,14,2021-07-28,Highlander,60563.85,5.1,Completed
584069,9,2021-07-03,Tacoma,30343.45,4.4,Completed
584070,5,2021-07-20,Prius,27773.73,5.34,Completed
584071,9,2021-07-20,RAV4,31621.15,4.4,Pending
584072,19,2021-07-28,Prius,28794.24,5.48,Completed
584073,20,2021-07-18,Sienna,45530.16,5.77,Completed
584074,12,2021-07-06,Highlander,66569.64,5.65,Completed
584075,7,2021-07-28,Sienna,48654.12,5.39,Completed
584076,2,2021-07-23,RAV4,34379.87,4.0,Completed
584077,17,2021-07-11,Prius,22746.33,4.51,Completed
584078,9,2021-07-10,Tundra,35107.27,4.4,Completed
584079,15,2021-07-27,Highlander,60358.48,4.86,Completed
584080,19,2021-07-06,Prius,27686.16,5.48,Completed
584081,17,2021-07-26,RAV4,33440.09,4.51,Completed
584082,1,2021-07-16,Tacoma,32658.02,5.24,Completed
584083,15,2021-07-03,Camry,38375.16,4.86,Completed
584084,10,2021-07-11,Highlander,49101.57,4.88,Completed
584085,14,2021-07-08,RAV4,38149.57,5.1,Completed
584086,14,2021-07-03,Tacoma,38812.37,5.1,Completed
584087,5,2021-07-15,Prius,27372.78,5.34,Cancelled
584088,7,2021-07-07,Sienna,46627.18,5.39,Completed
584089,5,2021-07-28,Sienna,39942.6,5.34,Completed
584090,7,2021-07-03,Highlander,58278.74,5.39,Completed
584091,19,2021-07-13,RAV4,37626.67,5.48,Completed
584092,14,2021-07-08,Corolla,24723.86,5.1,Completed
584093,11,2021-07-21,Camry,26314.03,4.16,Completed
584094,11,2021-07-11,Highlander,41512.82,4.16,Completed
584095,10,2021-07-11,Prius,22159.0,4.88,Completed
584096,12,2021-07-03,RAV4,47472.32,5.65,Completed
584097,18,2021-07-29,RAV4,49714.29,5.68,Completed
584098,11,2021-07-18,Tacoma,27150.57,4.16,Completed
584099,3,2021-07-08,Highlander,65766.03,5.69,Completed
584100,13,2021-07-04,Prius,32205.0,5.61,Completed
584101,10,2021-07-12,RAV4,33810.48,4.88,Completed
584102,5,2021-07-29,Prius,26301.11,5.34,Completed
584103,20,2021-07-23,Prius,29328.17,5.77,Completed
584104,13,2021-07-29,Sienna,53602.03,5.61,Pending
584105,8,2021-07-31,Corolla,28549.65,5.84,Completed
584106,10,2021-07-21,Sienna,39571.15,4.88,Completed
584107,3,2021-07-02,Highlander,58430.36,5.69,Completed
584108,18,2021-07-25,Tundra,47951.12,5.68,Completed
584109,9,2021-07-11,Highlander,45357.94,4.4,Completed
584110,10,2021-07-10,RAV4,32903.39,4.88,Completed
584111,3,2021-07-23,Corolla,26586.03,5.69,Completed
584112,9,2021-07-04,Prius,20644.03,4.4,Completed
584113,1,2021-07-18,Sienna,43863.73,5.24,Completed
584114,8,2021-07-15,Camry,37005.23,5.84,Completed
584115,18,2021-07-14,Sienna,49169.76,5.68,Completed
584116,13,2021-07-10,Corolla,25958.42,5.61,Completed
584117,11,2021-07-30,Highlander,43042.19,4.16,Completed
584118,15,2021-07-15,Highlander,59779.25,4.86,Completed
584119,15,2021-07-03,Prius,29362.77,4.86,Completed
584120,2,2021-07-12,RAV4,36221.68,4.0,Completed
584121,1,2021-07-29,RAV4,39875.37,5.24,Completed
584122,13,2021-07-05,Tacoma,46542.34,5.61,Completed
584123,3,2021-07-13,Camry,42596.08,5.69,Completed
584124,20,2021-07-23,Tacoma,39641.45,5.77,Completed
584125,5,2021-07-14,Tacoma,36413.47,5.34,Completed
584126,16,2021-07-11,Tacoma,41099.06,6.06,Completed
584127,3,2021-07-31,Prius,34124.15,5.69,Completed
584128,15,2021-07-03,Sienna,48692.97,4.86,Completed
584129,5,2021-07-05,Highlander,51170.58,5.34,Completed
584130,11,2021-07-02,Tacoma,28380.98,4.16,Completed
584131,14,2021-07-12,Sienna,49050.73,5.1,Pending
584132,8,2021-07-01,Sienna,45012.87,5.84,Completed
584133,2,2021-07-06,Prius,22170.93,4.0,Completed
584134,9,2021-07-21,Prius,24278.36,4.4,Completed
584135,18,2021-07-15,Tundra,52009.96,5.68,Completed
584136,20,2021-07-10,Tacoma,41220.4,5.77,Completed
584137,4,2021-07-22,Highlander,39720.51,3.81,Completed
584138,15,2021-07-04,Tundra,46291.13,4.86,Completed
584139,19,2021-07-30,Corolla,25718.32,5.48,Completed
584140,4,2021-07-19,Corolla,18895.65,3.81,Completed
584141,16,2021-07-10,Prius,35140.06,6.06,Completed
584142,13,2021-07-05,Camry,38089.78,5.61,Completed
584143,7,2021-07-08,Camry,38084.34,5.39,Completed
584144,6,2021-07-02,Sienna,37168.9,3.86,Completed
584145,19,2021-07-26,Tacoma,34909.9,5.48,Completed
584146,6,2021-07-13,Sienna,31823.22,3.86,Completed
584147,19,2021-07-24,Corolla,24917.22,5.48,Cancelled
584148,18,2021-07-19,Highlander,65104.38,5.68,Pending
584149,13,2021-07-15,Corolla,30841.1,5.61,Completed
584150,20,2021-07-01,Corolla,27320.05,5.77,Completed
584151,10,2021-07-21,Sienna,37176.4,4.88,Completed
584152,8,2021-07-15,Highlander,65185.42,5.84,Completed
584153,4,2021-07-09,Camry,26861.02,3.81,Completed
584154,19,2021-07-24,Prius,29834.78,5.48,Completed
584155,19,2021-07-11,RAV4,38391.15,5.48,Completed
584156,17,2021-07-24,Sienna,32325.37,4.51,Completed
584157,20,2021-07-01,RAV4,39862.16,5.77,Pending
584158,14,2021-07-10,Highlander,53665.51,5.1,Completed
584159,15,2021-07-10,Corolla,29274.26,4.86,Completed
584160,6,2021-07-15,Tundra,32654.57,3.86,Completed
584161,1,2021-07-28,Highlander,50179.98,5.24,Completed
584162,11,2021-07-25,Tacoma,30394.27,4.16,Completed
584163,6,2021-07-06,Tacoma,29453.75,3.86,Completed
584164,14,2021-07-01,Tundra,48751.58,5.1,Completed
584165,13,2021-07-17,Tundra,51428.32,5.61,Cancelled
584166,11,2021-07-09,Camry,26065.92,4.16,Completed
584167,18,2021-07-11,Highlander,62604.75,5.68,Completed
584168,7,2021-07-22,Tundra,49174.65,5.39,Completed
584169,19,2021-07-09,Tacoma,35999.71,5.48,Completed
584170,9,2021-07-18,Camry,26863.78,4.4,Completed
584171,17,2021-07-14,Sienna,36060.58,4.51,Completed
584172,6,2021-07-20,Sienna,32613.21,3.86,Completed
584173,11,2021-07-23,Tundra,32245.79,4.16,Completed
584174,14,2021-07-06,Camry,37345.51,5.1,Completed
584175,11,2021-07-14,Camry,26611.43,4.16,Completed
584176,20,2021-07-01,Sienna,47003.81,5.77,Completed
584177,10,2021-07-23,Camry,28218.76,4.88,Completed
584178,8,2021-07-16,RAV4,46700.38,5.84,Pending
584179,12,2021-07-21,Prius,28989.51,5.65,Pending
584180,13,2021-07-23,Tacoma,44713.3,5.61,Completed
584181,11,2021-07-08,Tundra,36647.63,4.16,Completed
584182,11,2021-07-17,Sienna,38497.98,4.16,Completed
584183,6,2021-07-18,Prius,24305.15,3.86,Completed
584184,16,2021-07-27,RAV4,46857.32,6.06,Completed
584185,10,2021-07-02,Camry,27766.19,4.88,Pending
584186,4,2021-07-13,Highlander,44273.57,3.81,Completed
584187,2,2021-07-02,Camry,28158.93,4.0,Completed
584188,1,2021-07-08,Tacoma,36179.7,5.24,Pending
584189,15,2021-07-16,Tundra,50689.15,4.86,Completed
584190,6,2021-07-26,Corolla,18584.51,3.86,Completed
584191,16,2021-07-18,Sienna,53276.57,6.06,Completed
584192,3,2021-07-08,Sienna,52860.89,5.69,Completed
584193,13,2021-07-19,Corolla,26244.38,5.61,Completed
584194,2,2021-07-23,Corolla,19346.5,4.0,Completed
584195,1,2021-07-09,Corolla,24920.04,5.24,Completed
584196,17,2021-07-13,Tundra,35828.34,4.51,Completed
584197,17,2021-07-14,Camry,25370.5,4.51,Completed
584198,15,2021-07-29,Tundra,43094.11,4.86,Completed
584199,11,2021-07-31,Tundra,35861.62,4.16,Completed
584200,19,2021-07-07,Highlander,51062.93,5.48,Completed
584201,13,2021-07-09,Corolla,29601.43,5.61,Completed
584202,3,2021-07-31,Tacoma,39312.97,5.69,Pending
584203,13,2021-07-19,Tacoma,40205.95,5.61,Completed
584204,11,2021-07-23,RAV4,31812.26,4.16,Completed
584205,9,2021-07-15,Corolla,18031.85,4.4,Completed
584206,11,2021-07-31,Tacoma,29484.09,4.16,Completed
584207,5,2021-07-22,Prius,26437.51,5.34,Completed
584208,2,2021-07-30,Tundra,34062.36,4.0,Completed
584209,17,2021-07-01,Tacoma,27103.15,4.51,Completed
584210,18,2021-07-12,RAV4,51751.37,5.68,Completed
584211,12,2021-07-07,RAV4,46057.66,5.65,Completed
584212,20,2021-07-09,Tacoma,42436.56,5.77,Completed
584213,17,2021-07-12,Tacoma,30990.29,4.51,Completed
584214,6,2021-07-16,Tundra,37515.35,3.86,Completed
584215,15,2021-07-17,Sienna,47704.11,4.86,Completed
584216,14,2021-07-21,Prius,29798.34,5.1,Completed
584217,4,2021-07-09,Tacoma,28302.9,3.81,Completed
584218,4,2021-07-08,Prius,20552.25,3.81,Completed
584219,8,2021-07-29,Tacoma,38631.62,5.84,Completed
584220,2,2021-07-31,Camry,31541.48,4.0,Completed
584221,20,2021-07-04,Tundra,48310.47,5.77,Completed
584222,7,2021-07-25,Prius,31471.11,5.39,Completed
584223,16,2021-07-02,Sienna,46664.45,6.06,Completed
584224,12,2021-07-20,Highlander,59327.88,5.65,Completed
584225,8,2021-07-30,Corolla,26510.78,5.84,Completed
584226,3,2021-07-03,Tundra,46776.73,5.69,Completed
584227,10,2021-07-14,Prius,22867.0,4.88,Completed
584228,10,2021-07-19,Prius,25574.5,4.88,Completed
584229,9,2021-07-25,Corolla,19929.43,4.4,Completed
584230,15,2021-07-11,Tacoma,39712.52,4.86,Completed
584231,17,2021-07-06,Corolla,19287.18,4.51,Completed
584232,9,2021-07-27,RAV4,30373.52,4.4,Completed
584233,20,2021-07-22,Highlander,63291.23,5.77,Completed
584234,20,2021-07-09,Tacoma,41851.99,5.77,Completed
584235,9,2021-07-22,Camry,27643.5,4.4,Completed
584236,20,2021-07-09,Tundra,47711.67,5.77,Completed
584237,3,2021-07-19,Prius,32954.53,5.69,Pending
584238,6,2021-07-14,Sienna,32852.81,3.86,Completed
584239,19,2021-07-04,Camry,30445.53,5.48,Cancelled
584240,15,2021-07-08,Sienna,48002.64,4.86,Completed
584241,12,2021-07-03,Camry,40282.58,5.65,Completed
584242,15,2021-07-20,Highlander,60987.2,4.86,Completed
584243,11,2021-07-24,Sienna,35443.13,4.16,Completed
584244,4,2021-07-16,Camry,24750.85,3.81,Completed
584245,11,2021-07-04,Corolla,21878.43,4.16,Completed
584246,10,2021-07-03,RAV4,34236.95,4.88,Completed
584247,16,2021-07-30,Prius,31038.1,6.06,Completed
584248,5,2021-07-29,Sienna,38671.49,5.34,Completed
584249,17,2021-07-22,Prius,20226.38,4.51,Completed
584250,8,2021-07-23,Highlander,59311.16,5.84,Completed
584251,8,2021-07-03,Tacoma,39697.32,5.84,Completed
584252,20,2021-07-28,Tacoma,41063.41,5.77,Completed
584253,12,2021-07-21,Highlander,65817.71,5.65,Completed
584254,7,2021-07-25,Camry,35555.09,5.39,Completed
584255,12,2021-07-16,Highlander,58982.43,5.65,Completed
584256,16,2021-07-13,Camry,36278.51,6.06,Completed
584257,4,2021-07-15,Highlander,38579.62,3.81,Completed
584258,10,2021-07-24,Tacoma,31841.03,4.88,Cancelled
584259,12,2021-07-22,RAV4,46704.13,5.65,Pending
584260,8,2021-07-19,Prius,28922.18,5.84,Completed
584261,11,2021-07-15,Tacoma,27557.67,4.16,Completed
584262,16,2021-07-08,Highlander,63843.82,6.06,Completed
584263,11,2021-07-12,Sienna,34070.55,4.16,Completed
584264,13,2021-07-26,Corolla,28399.09,5.61,Completed
584265,15,2021-07-30,RAV4,44784.9,4.86,Completed
584266,6,2021-07-01,Highlander,46272.83,3.86,Completed
584267,19,2021-07-11,Highlander,52119.19,5.48,Completed
584268,1,2021-07-22,Tacoma,34362.47,5.24,Completed
584269,16,2021-07-26,Tacoma,40419.26,6.06,Completed
584270,3,2021-07-25,Highlander,59606.84,5.69,Completed
584271,7,2021-07-31,RAV4,46344.89,5.39,Completed
584272,5,2021-07-22,Prius,24673.73,5.34,Completed
584273,7,2021-07-14,Tundra,50969.43,5.39,Completed
584274,14,2021-07-18,Prius,28426.03,5.1,Completed
584275,9,2021-07-11,Tundra,37936.45,4.4,Completed
584276,13,2021-07-31,Tacoma,42823.13,5.61,Completed
584277,15,2021-07-23,Tundra,47548.44,4.86,Completed
584278,3,2021-07-04,Camry,35461.14,5.69,Completed
584279,16,2021-07-14,Highlander,63630.41,6.06,Completed
584280,10,2021-07-03,Camry,25645.8,4.88,Completed
584281,18,2021-07-13,Tundra,53469.59,5.68,Cancelled
584282,17,2021-07-05,Tundra,32387.66,4.51,Completed
584283,9,2021-07-07,Tacoma,27369.53,4.4,Completed
584284,7,2021-07-15,Camry,38995.52,5.39,Completed
584285,15,2021-07-21,Tacoma,38829.43,4.86,Completed
584286,15,2021-07-10,Camry,34504.66,4.86,Completed
584287,3,2021-07-13,Tundra,46715.59,5.69,Completed
584288,10,2021-07-05,Tundra,32880.24,4.88,Completed
584289,7,2021-07-22,Tundra,50617.01,5.39,Completed
584290,11,2021-07-13,Corolla,18806.75,4.16,Completed
584291,1,2021-07-30,Corolla,24527.4,5.24,Completed
584292,5,2021-07-09,Sienna,42443.0,5.34,Completed
584293,16,2021-07-05,RAV4,45230.16,6.06,Completed
584294,11,2021-07-17,Corolla,18635.85,4.16,Completed
584295,14,2021-07-04,Highlander,57362.44,5.1,Cancelled
584296,19,2021-07-11,Camry,35952.7,5.48,Completed
584297,16,2021-07-27,Corolla,27473.61,6.06,Completed
584298,20,2021-07-30,Camry,38602.12,5.77,Completed
584299,19,2021-07-28,Tacoma,37383.15,5.48,Completed
584300,4,2021-07-19,Highlander,44761.07,3.81,Completed
584301,2,2021-07-31,Tacoma,31679.83,4.0,Completed
584302,8,2021-07-28,RAV4,40135.81,5.84,Completed
584303,5,2021-07-21,Corolla,22007.34,5.34,Completed
584304,14,2021-07-22,Camry,38224.58,5.1,Completed
584305,19,2021-07-21,Tundra,38080.79,5.48,Completed
584306,16,2021-07-22,Sienna,47808.25,6.06,Completed
584307,1,2021-07-24,Highlander,50831.56,5.24,Completed
584308,3,2021-07-11,RAV4,47413.58,5.69,Completed
584309,9,2021-07-24,Tacoma,31541.83,4.4,Completed
584310,12,2021-07-10,Highlander,62349.77,5.65,Completed
584311,19,2021-07-05,Sienna,41785.6,5.48,Completed
584312,14,2021-07-24,Tacoma,36921.24,5.1,Completed
584313,1,2021-07-25,Tundra,42452.08,5.24,Completed
584314,14,2021-07-30,RAV4,42344.86,5.1,Cancelled
584315,10,2021-07-23,Tundra,35724.73,4.88,Completed
584316,19,2021-07-08,Corolla,26247.56,5.48,Completed
584317,17,2021-07-16,Tundra,31181.8,4.51,Pending
584318,1,2021-07-16,RAV4,35252.07,5.24,Completed
584319,6,2021-07-16,Camry,25982.09,3.86,Completed
584320,11,2021-07-26,Tacoma,28383.95,4.16,Completed
584321,6,2021-07-20,RAV4,32027.06,3.86,Completed
584322,14,2021-07-23,Corolla,26588.84,5.1,Completed
584323,9,2021-07-12,Camry,27151.95,4.4,Completed
584324,19,2021-07-08,Corolla,21825.58,5.48,Completed
584325,11,2021-07-05,Corolla,19342.12,4.16,Completed
584326,4,2021-07-24,Highlander,40266.7,3.81,Completed
584327,14,2021-07-28,Prius,31121.04,5.1,Completed
584328,15,2021-07-04,Corolla,25143.83,4.86,Completed
584329,7,2021-07-05,Sienna,50133.01,5.39,Completed
584330,14,2021-07-16,Highlander,58849.88,5.1,Completed
584331,13,2021-07-19,Corolla,31132.38,5.61,Completed
584332,15,2021-07-08,Prius,30090.5,4.86,Completed
584333,4,2021-07-07,Sienna,31337.17,3.81,Completed
584334,17,2021-07-15,Prius,22168.89,4.51,Completed
584335,15,2021-07-02,Tacoma,42018.65,4.86,Completed
584336,13,2021-07-26,Highlander,62793.78,5.61,Completed
584337,12,2021-07-31,Tundra,43007.25,5.65,Completed
584338,10,2021-07-30,Highlander,43351.74,4.88,Completed
584339,6,2021-07-12,Sienna,37402.05,3.86,Completed
584340,13,2021-07-26,Prius,30377.22,5.61,Completed
584341,10,2021-07-03,Sienna,39447.58,4.88,Completed
584342,1,2021-07-19,Camry,34488.23,5.24,Completed
584343,3,2021-07-03,RAV4,50010.31,5.69,Completed
584344,14,2021-07-25,Highlander,56985.17,5.1,Completed
584345,4,2021-07-01,RAV4,31958.48,3.81,Completed
584346,6,2021-07-28,Camry,25019.72,3.86,Completed
584347,16,2021-07-14,Tacoma,43783.03,6.06,Completed
584348,5,2021-07-13,Corolla,21797.14,5.34,Completed
584349,20,2021-07-20,Tundra,46461.06,5.77,Completed
584350,10,2021-07-19,Highlander,45673.4,4.88,Completed
584351,17,2021-07-06,Camry,25620.37,4.51,Completed
584352,12,2021-07-19,RAV4,39963.92,5.65,Completed
584353,19,2021-07-09,Sienna,44297.42,5.48,Completed
584354,3,2021-07-20,Highlander,66923.46,5.69,Completed
584355,18,2021-07-06,Highlander,69603.11,5.68,Completed
584356,1,2021-07-11,Corolla,24979.78,5.24,Completed
584357,5,2021-07-18,RAV4,39711.81,5.34,Completed
584358,6,2021-07-03,Camry,27047.01,3.86,Completed
584359,14,2021-07-27,Tacoma,38749.73,5.1,Completed
584360,12,2021-07-04,Sienna,47419.97,5.65,Completed
584361,9,2021-07-06,Highlander,46959.25,4.4,Completed
584362,12,2021-07-09,Corolla,27454.53,5.65,Completed
584363,6,2021-07-01,Tacoma,29193.8,3.86,Completed
584364,3,2021-07-16,Corolla,30647.41,5.69,Completed
584365,16,2021-07-04,Highlander,62483.59,6.06,Completed
584366,20,2021-07-10,Camry,37291.12,5.77,Cancelled
584367,8,2021-07-04,Sienna,46766.37,5.84,Completed
584368,14,2021-07-06,RAV4,45150.28,5.1,Completed
584369,18,2021-07-21,Sienna,49731.57,5.68,Completed
584370,3,2021-07-12,Tacoma,41959.66,5.69,Completed
584371,19,2021-07-04,RAV4,39113.73,5.48,Completed
584372,6,2021-07-15,Tacoma,26893.68,3.86,Cancelled
584373,13,2021-07-27,Prius,32053.79,5.61,Completed
584374,4,2021-07-05,Sienna,32252.05,3.81,Completed
584375,13,2021-07-26,Corolla,28668.16,5.61,Completed
584376,13,2021-07-22,Tundra,45526.65,5.61,Completed
584377,12,2021-07-23,Highlander,63343.3,5.65,Completed
584378,2,2021-07-28,Camry,30536.97,4.0,Completed
584379,20,2021-07-05,Tacoma,41361.31,5.77,Completed
584380,11,2021-07-21,Sienna,38388.17,4.16,Completed
584381,14,2021-07-03,Tacoma,38966.65,5.1,Pending
584382,5,2021-07-13,RAV4,36507.45,5.34,Completed
584383,19,2021-07-15,Sienna,42237.68,5.48,Completed
584384,17,2021-07-10,Tacoma,28117.29,4.51,Completed
584385,9,2021-07-22,RAV4,30459.57,4.4,Completed
584386,1,2021-07-10,Tacoma,35215.82,5.24,Completed
584387,5,2021-07-05,Sienna,43354.86,5.34,Completed
584388,6,2021-07-16,Tundra,30857.86,3.86,Completed
584389,20,2021-07-25,Prius,34559.51,5.77,Completed
584390,12,2021-07-08,Tacoma,36257.13,5.65,Completed
584391,10,2021-07-23,Tacoma,30501.43,4.88,Completed
584392,3,2021-07-07,Tacoma,43694.98,5.69,Completed
584393,20,2021-07-27,Tacoma,38926.3,5.77,Completed
584394,12,2021-07-28,Tacoma,39796.33,5.65,Completed
584395,2,2021-07-01,Tundra,35180.04,4.0,Completed
584396,11,2021-07-07,Tacoma,32403.85,4.16,Completed
584397,14,2021-07-21,Tundra,45884.93,5.1,Completed
584398,18,2021-07-18,Highlander,69753.5,5.68,Completed
584399,16,2021-07-29,Tacoma,44524.93,6.06,Completed
584400,3,2021-07-06,Sienna,46576.55,5.69,Completed
584401,11,2021-07-03,Tacoma,32470.02,4.16,Completed
584402,12,2021-07-05,Sienna,48718.36,5.65,Completed
584403,17,2021-07-22,RAV4,29499.76,4.51,Completed
584404,8,2021-07-27,Sienna,44082.82,5.84,Completed
584405,16,2021-07-24,RAV4,48809.76,6.06,Completed
584406,14,2021-07-26,Tundra,45398.19,5.1,Completed
584407,16,2021-07-25,Prius,31227.17,6.06,Completed
584408,13,2021-07-30,Tacoma,39751.56,5.61,Completed
584409,3,2021-07-03,Prius,31219.51,5.69,Completed
584410,16,2021-07-16,Prius,29168.6,6.06,Completed
584411,10,2021-07-12,Sienna,33749.25,4.88,Completed
584412,10,2021-07-07,Corolla,20109.84,4.88,Completed
584413,13,2021-07-20,Camry,40524.39,5.61,Completed
584414,9,2021-07-27,Tacoma,26842.36,4.4,Completed
584415,20,2021-07-02,Highlander,57951.31,5.77,Cancelled
584416,5,2021-07-10,Highlander,50419.11,5.34,Completed
584417,14,2021-07-02,Tacoma,38815.84,5.1,Completed
584418,14,2021-07-10,Prius,32214.68,5.1,Completed
584419,15,2021-07-08,RAV4,44193.8,4.86,Completed
584420,15,2021-07-14,Highlander,56930.56,4.86,Completed
584421,4,2021-07-29,Prius,23265.1,3.81,Completed
584422,11,2021-07-17,Prius,23920.02,4.16,Completed
584423,18,2021-07-08,Prius,30359.08,5.68,Completed
584424,20,2021-07-05,Sienna,45274.56,5.77,Completed
584425,10,2021-07-19,Sienna,35900.72,4.88,Completed
584426,14,2021-07-04,Camry,33334.6,5.1,Completed
584427,20,2021-07-18,Highlander,58284.69,5.77,Completed
584428,18,2021-07-06,Tundra,49658.55,5.68,Completed
584429,6,2021-07-09,Highlander,45302.98,3.86,Completed
584430,3,2021-07-25,Tacoma,42129.41,5.69,Completed
584431,2,2021-07-05,Tacoma,31222.94,4.0,Completed
584432,13,2021-07-17,Prius,35816.89,5.61,Completed
584433,12,2021-07-02,Tacoma,41110.21,5.65,Completed
584434,18,2021-07-13,Sienna,55813.7,5.68,Completed
584435,3,2021-07-15,Camry,35364.47,5.69,Completed
584436,19,2021-07-18,Highlander,56874.62,5.48,Pending
584437,17,2021-07-04,Sienna,36175.0,4.51,Completed
584438,4,2021-07-09,Tundra,31393.28,3.81,Completed
584439,20,2021-07-23,Tacoma,41138.6,5.77,Completed
584440,1,2021-07-25,Prius,24883.33,5.24,Completed
584441,20,2021-07-03,Highlander,57966.01,5.77,Completed
584442,6,2021-07-23,RAV4,32934.18,3.86,Completed
584443,19,2021-07-28,Tundra,39027.35,5.48,Completed
584444,10,2021-07-25,Tacoma,28691.7,4.88,Completed
584445,11,2021-07-21,Prius,23858.48,4.16,Completed
584446,15,2021-07-03,Highlander,55260.03,4.86,Completed
584447,3,2021-07-27,Tundra,45958.79,5.69,Completed
584448,7,2021-07-08,Prius,32349.59,5.39,Completed
584449,4,2021-07-06,Corolla,17180.61,3.81,Pending
584450,13,2021-07-03,Highlander,64138.37,5.61,Completed
584451,18,2021-07-27,Corolla,28199.75,5.68,Completed
584452,2,2021-07-23,Tacoma,29322.05,4.0,Completed
584453,17,2021-07-02,Highlander,41372.69,4.51,Completed
584454,14,2021-07-28,Corolla,25366.0,5.1,Completed
584455,13,2021-07-28,Prius,30441.77,5.61,Completed
584456,8,2021-07-07,Camry,40475.57,5.84,Completed
584457,8,2021-07-16,Highlander,60503.61,5.84,Completed
584458,20,2021-07-27,Prius,32496.08,5.77,Completed
584459,2,2021-07-20,RAV4,34385.72,4.0,Completed
584460,6,2021-07-16,Tacoma,29248.34,3.86,Completed
584461,6,2021-07-29,Prius,20608.62,3.86,Completed
584462,18,2021-07-29,Sienna,50993.13,5.68,Completed
584463,10,2021-07-02,RAV4,30219.02,4.88,Completed
584464,16,2021-07-21,Highlander,62580.29,6.06,Completed
584465,4,2021-07-28,Sienna,30512.33,3.81,Completed
584466,8,2021-07-10,RAV4,44046.36,5.84,Completed
584467,17,2021-07-13,Corolla,19164.58,4.51,Completed
584468,9,2021-07-12,Prius,24655.26,4.4,Completed
584469,1,2021-07-03,Tundra,39277.29,5.24,Completed
584470,3,2021-07-01,Camry,36387.99,5.69,Completed
584471,14,2021-07-04,Highlander,58801.74,5.1,Completed
584472,8,2021-07-17,Camry,36703.94,5.84,Completed
584473,14,2021-07-07,Corolla,27386.1,5.1,Completed
584474,17,2021-07-30,Tundra,32234.08,4.51,Pending
584475,8,2021-07-03,RAV4,48249.84,5.84,Completed
584476,16,2021-07-10,Camry,38195.34,6.06,Completed
584477,18,2021-07-24,Camry,43469.47,5.68,Completed
584478,2,2021-07-18,Tacoma,29815.12,4.0,Completed
584479,17,2021-07-02,Highlander,46007.61,4.51,Completed
584480,4,2021-07-14,Camry,26840.52,3.81,Completed
584481,8,2021-07-11,Sienna,44223.44,5.84,Completed
584482,10,2021-07-04,RAV4,29754.82,4.88,Completed
584483,2,2021-07-01,Tundra,37955.83,4.0,Completed
584484,5,2021-07-17,RAV4,37072.5,5.34,Completed
584485,18,2021-07-29,Tacoma,47824.69,5.68,Completed
584486,19,2021-07-26,Corolla,22871.3,5.48,Completed
584487,20,2021-07-09,Tundra,47639.91,5.77,Completed
584488,5,2021-07-03,Sienna,40991.62,5.34,Completed
584489,12,2021-07-08,Tacoma,41966.06,5.65,Completed
584490,15,2021-07-26,Sienna,51886.38,4.86,Completed
584491,10,2021-07-18,Sienna,35758.68,4.88,Completed
584492,6,2021-07-28,Tundra,33131.52,3.86,Completed
584493,16,2021-07-01,Highlander,67820.35,6.06,Cancelled
584494,7,2021-07-12,Highlander,66011.09,5.39,Completed
584495,6,2021-07-21,Sienna,36709.19,3.86,Completed
584496,2,2021-07-29,Prius,21633.04,4.0,Completed
584497,3,2021-07-08,Highlander,66296.59,5.69,Completed
584498,19,2021-07-18,Highlander,52107.09,5.48,Completed
584499,19,2021-07-06,Prius,28053.01,5.48,Completed
584500,16,2021-07-26,Sienna,45964.52,6.06,Completed
584501,15,2021-07-27,Corolla,28556.51,4.86,Completed
584502,6,2021-07-17,Sienna,30833.32,3.86,Completed
584503,8,2021-07-13,Prius,30331.94,5.84,Completed
584504,7,2021-07-08,Highlander,62281.18,5.39,Completed
584505,2,2021-07-27,Highlander,50614.1,4.0,Completed
584506,1,2021-07-14,Tacoma,30811.18,5.24,Completed
584507,1,2021-07-11,RAV4,38550.22,5.24,Completed
584508,19,2021-07-19,Prius,27384.32,5.48,Completed
584509,17,2021-07-24,Prius,23196.1,4.51,Completed
584510,15,2021-07-03,RAV4,46558.43,4.86,Cancelled
584511,4,2021-07-22,Corolla,18015.89,3.81,Pending
584512,11,2021-07-30,RAV4,32644.83,4.16,Completed
584513,6,2021-07-11,Sienna,37166.56,3.86,Completed
584514,8,2021-07-13,Corolla,26470.95,5.84,Completed
584515,20,2021-07-30,Camry,39977.71,5.77,Completed
584516,14,2021-07-21,Highlander,63789.1,5.1,Completed
584517,1,2021-07-07,Prius,28070.23,5.24,Completed
584518,16,2021-07-01,Sienna,54214.96,6.06,Completed
584519,14,2021-07-14,Highlander,55925.24,5.1,Completed
584520,5,2021-07-05,Camry,30114.64,5.34,Completed
584521,19,2021-07-15,RAV4,36456.15,5.48,Completed
584522,6,2021-07-10,RAV4,32846.63,3.86,Completed
584523,2,2021-07-25,Tacoma,34050.24,4.0,Completed
584524,6,2021-07-15,Corolla,19529.05,3.86,Completed
584525,2,2021-07-31,RAV4,36440.34,4.0,Completed
584526,19,2021-07-13,Corolla,25347.65,5.48,Completed
584527,6,2021-07-21,Tacoma,26357.25,3.86,Completed
584528,8,2021-07-02,Highlander,57161.3,5.84,Completed
584529,4,2021-07-13,Tacoma,29074.85,3.81,Completed
584530,3,2021-07-02,Tundra,47862.21,5.69,Completed
584531,9,2021-07-06,Tundra,34920.85,4.4,Cancelled
584532,17,2021-07-04,Highlander,46353.2,4.51,Cancelled
584533,18,2021-07-23,RAV4,43003.17,5.68,Completed
584534,15,2021-07-16,Sienna,46858.18,4.86,Completed
584535,6,2021-07-23,Highlander,45738.69,3.86,Completed
584536,1,2021-07-21,Prius,26981.73,5.24,Completed
584537,9,2021-07-22,Tacoma,30556.95,4.4,Completed
584538,2,2021-07-25,Tundra,38979.83,4.0,Completed
584539,14,2021-07-29,Sienna,48089.97,5.1,Completed
584540,3,2021-07-21,Camry,39085.88,5.69,Completed
584541,13,2021-07-19,Prius,31360.3,5.61,Completed
584542,14,2021-07-27,Prius,31177.31,5.1,Completed
584543,7,2021-07-22,Prius,33262.43,5.39,Completed
584544,16,2021-07-23,RAV4,48804.55,6.06,Completed
584545,2,2021-07-09,Prius,24335.29,4.0,Completed
584546,8,2021-07-11,Corolla,30133.56,5.84,Completed
584547,11,2021-07-21,Tundra,32247.38,4.16,Completed
584548,18,2021-07-12,Sienna,52363.45,5.68,Completed
584549,12,2021-07-01,Camry,37652.6,5.65,Completed
584550,1,2021-07-02,Tundra,43157.64,5.24,Completed
584551,15,2021-07-29,Camry,36972.66,4.86,Completed
584552,20,2021-07-24,Camry,40366.27,5.77,Completed
584553,7,2021-07-14,Prius,30205.39,5.39,Completed
584554,10,2021-07-08,Corolla,21799.79,4.88,Completed
584555,7,2021-07-15,RAV4,41741.31,5.39,Completed
584556,11,2021-07-13,Tundra,38347.49,4.16,Completed
584557,1,2021-07-31,Tundra,36704.39,5.24,Completed
584558,6,2021-07-24,Camry,23965.57,3.86,Completed
584559,6,2021-07-21,RAV4,28890.71,3.86,Cancelled
584560,6,2021-07-30,RAV4,29703.12,3.86,Completed
584561,18,2021-07-02,Corolla,28973.79,5.68,Completed
584562,15,2021-07-28,Tundra,46376.33,4.86,Completed
584563,8,2021-07-09,Tundra,48213.44,5.84,Completed
584564,12,2021-07-25,Corolla,26316.09,5.65,Completed
584565,8,2021-07-17,Corolla,25554.33,5.84,Completed
584566,15,2021-07-06,Corolla,29259.09,4.86,Completed
584567,10,2021-07-22,Corolla,21764.36,4.88,Completed
584568,18,2021-07-03,Camry,41559.87,5.68,Completed
584569,2,2021-07-27,Tundra,37982.24,4.0,Completed
584570,4,2021-07-30,Corolla,19401.01,3.81,Completed
584571,15,2021-07-27,RAV4,47731.95,4.86,Completed
584572,7,2021-07-10,Camry,39919.13,5.39,Completed
584573,7,2021-07-30,Tacoma,38790.35,5.39,Completed
584574,11,2021-07-30,RAV4,29563.85,4.16,Completed
584575,9,2021-07-09,Highlander,48351.44,4.4,Completed
584576,9,2021-07-01,Highlander,40863.03,4.4,Completed
584577,1,2021-07-15,Tacoma,31835.48,5.24,Completed
584578,9,2021-07-25,Prius,20491.84,4.4,Completed
584579,1,2021-07-09,Tacoma,35064.38,5.24,Completed
584580,10,2021-07-27,Highlander,48612.96,4.88,Completed
584581,10,2021-07-07,Camry,28108.99,4.88,Completed
584582,18,2021-07-18,Tacoma,43430.58,5.68,Completed
584583,6,2021-07-13,Tundra,37409.75,3.86,Completed
584584,16,2021-07-30,Tundra,48603.34,6.06,Completed
584585,17,2021-07-11,Camry,26266.85,4.51,Completed
584586,2,2021-07-24,Tundra,35520.12,4.0,Completed
584587,19,2021-07-13,Prius,28105.62,5.48,Completed
584588,2,2021-07-27,Sienna,35224.37,4.0,Completed
584589,17,2021-07-01,Highlander,42317.05,4.51,Completed
584590,18,2021-07-09,Camry,38852.84,5.68,Completed
584591,19,2021-07-06,Camry,31853.04,5.48,Completed
584592,13,2021-07-16,Camry,39439.13,5.61,Completed
584593,5,2021-07-18,Tundra,42643.81,5.34,Completed
584594,1,2021-07-14,Sienna,43039.44,5.24,Completed
584595,15,2021-07-30,Camry,33675.38,4.86,Completed
584596,1,2021-07-15,Sienna,37109.53,5.24,Completed
584597,11,2021-07-14,RAV4,29301.95,4.16,Completed
584598,19,2021-07-15,Prius,27411.19,5.48,Completed
584599,18,2021-07-27,Prius,31398.55,5.68,Completed
584600,14,2021-07-01,Highlander,60977.06,5.1,Completed
584601,10,2021-07-20,Highlander,48051.37,4.88,Completed
584602,5,2021-07-23,Sienna,40450.72,5.34,Completed
584603,1,2021-07-08,Corolla,23837.4,5.24,Completed
584604,16,2021-07-09,Sienna,52098.77,6.06,Completed
584605,10,2021-07-18,Highlander,44530.25,4.88,Completed
584606,1,2021-07-12,Corolla,21894.03,5.24,Completed
584607,20,2021-07-08,Sienna,48448.93,5.77,Completed
584608,20,2021-07-13,Camry,38774.52,5.77,Completed
584609,2,2021-07-04,Corolla,21096.58,4.0,Completed
584610,8,2021-07-05,Prius,32058.55,5.84,Completed
584611,13,2021-07-06,Camry,37073.68,5.61,Completed
584612,10,2021-07-09,Sienna,39420.65,4.88,Completed
584613,6,2021-07-04,Sienna,34463.52,3.86,Cancelled
584614,7,2021-07-21,Highlander,67287.05,5.39,Completed
584615,16,2021-07-06,Tundra,49775.88,6.06,Completed
584616,12,2021-07-11,Prius,33031.45,5.65,Completed
584617,12,2021-07-22,Tundra,44967.81,5.65,Completed
584618,1,2021-07-07,Camry,30182.28,5.24,Completed
584619,13,2021-07-15,Tundra,45508.45,5.61,Completed
584620,12,2021-07-23,Highlander,63754.23,5.65,Completed
584621,9,2021-07-25,Sienna,33981.32,4.4,Completed
584622,6,2021-07-03,Tundra,32788.9,3.86,Completed
584623,13,2021-07-17,Highlander,64255.34,5.61,Completed
584624,8,2021-07-03,Camry,39507.26,5.84,Completed
584625,9,2021-07-04,Sienna,34888.9,4.4,Completed
584626,15,2021-07-19,Tacoma,37605.27,4.86,Completed
584627,4,2021-07-20,Camry,27406.99,3.81,Pending
584628,19,2021-07-01,Tacoma,33227.74,5.48,Completed
584629,1,2021-07-19,Corolla,23613.95,5.24,Completed
584630,7,2021-07-20,Corolla,28467.14,5.39,Completed
584631,13,2021-07-01,Tundra,50474.31,5.61,Completed
584632,5,2021-07-06,Sienna,38289.36,5.34,Completed
584633,19,2021-07-30,Tundra,39109.82,5.48,Completed
584634,20,2021-07-07,Camry,41501.35,5.77,Completed
584635,19,2021-07-31,Corolla,25938.14,5.48,Completed
584636,16,2021-07-06,Highlander,69018.09,6.06,Completed
584637,20,2021-07-25,RAV4,43299.81,5.77,Completed
584638,16,2021-07-21,Highlander,61622.59,6.06,Completed
584639,6,2021-07-20,Tacoma,31468.04,3.86,Completed
584640,2,2021-07-16,Camry,30319.53,4.0,Completed
584641,12,2021-07-14,Tacoma,38580.43,5.65,Completed
584642,2,2021-07-23,Highlander,46527.5,4.0,Completed
584643,10,2021-07-13,Highlander,46017.02,4.88,Completed
584644,9,2021-07-07,Highlander,43429.72,4.4,Completed
584645,13,2021-07-07,Tundra,49884.88,5.61,Completed
584646,15,2021-07-23,Corolla,28453.51,4.86,Completed
584647,20,2021-07-02,Camry,40896.12,5.77,Completed
584648,7,2021-07-06,Sienna,53484.69,5.39,Completed
584649,9,2021-07-02,Corolla,20643.38,4.4,Completed
584650,15,2021-07-10,RAV4,43921.12,4.86,Completed
584651,11,2021-07-12,Tacoma,29750.08,4.16,Completed
584652,15,2021-07-17,Highlander,61462.97,4.86,Completed
584653,7,2021-07-15,Corolla,26505.13,5.39,Completed
584654,13,2021-07-30,Prius,33305.21,5.61,Completed
584655,1,2021-07-18,Corolla,21094.78,5.24,Completed
584656,17,2021-07-10,RAV4,31178.06,4.51,Pending
584657,6,2021-07-31,Camry,26304.39,3.86,Completed
584658,6,2021-07-05,Tacoma,28239.95,3.86,Completed
584659,9,2021-07-27,Prius,22772.07,4.4,Completed
584660,14,2021-07-15,Tacoma,36271.22,5.1,Completed
584661,14,2021-07-15,Camry,34722.1,5.1,Completed
584662,13,2021-07-11,Camry,36024.42,5.61,Completed
584663,12,2021-07-25,Camry,36901.92,5.65,Completed
584664,1,2021-07-25,Highlander,49203.57,5.24,Completed
584665,16,2021-07-26,Tacoma,40025.28,6.06,Completed
584666,12,2021-07-04,Tundra,49385.45,5.65,Completed
584667,17,2021-07-20,RAV4,33627.92,4.51,Completed
584668,12,2021-07-31,Sienna,44878.02,5.65,Completed
584669,2,2021-07-17,Tundra,36079.48,4.0,Completed
584670,19,2021-07-09,Tacoma,37822.03,5.48,Completed
584671,16,2021-07-07,RAV4,41482.02,6.06,Completed
584672,14,2021-07-14,RAV4,45228.62,5.1,Completed
584673,8,2021-07-13,Prius,31453.6,5.84,Completed
584674,6,2021-07-05,Corolla,20930.63,3.86,Completed
584675,2,2021-07-12,RAV4,35181.53,4.0,Completed
584676,7,2021-07-09,Camry,34848.93,5.39,Completed
584677,2,2021-07-16,Prius,23238.69,4.0,Completed
584678,17,2021-07-15,Highlander,43128.92,4.51,Completed
584679,6,2021-07-15,Corolla,18699.62,3.86,Completed
584680,3,2021-07-09,Prius,31749.47,5.69,Completed
584681,18,2021-07-18,Sienna,51514.27,5.68,Completed
584682,8,2021-07-08,Camry,35526.62,5.84,Completed
584683,18,2021-07-12,Tundra,56016.15,5.68,Completed
584684,8,2021-07-31,Sienna,51598.2,5.84,Completed
584685,18,2021-07-27,Tacoma,43586.45,5.68,Completed
584686,10,2021-07-13,Corolla,20247.04,4.88,Completed
584687,15,2021-07-18,Tundra,44784.89,4.86,Completed
584688,6,2021-07-01,Sienna,34047.88,3.86,Completed
584689,17,2021-07-24,Prius,23197.69,4.51,Completed
584690,8,2021-07-02,Camry,38122.56,5.84,Completed
584691,5,2021-07-17,RAV4,35194.29,5.34,Completed
584692,20,2021-07-25,Sienna,43954.26,5.77,Completed
584693,20,2021-07-18,Tundra,48734.49,5.77,Completed
584694,1,2021-07-20,Sienna,40580.64,5.24,Completed
584695,1,2021-07-04,Tundra,43673.47,5.24,Completed
584696,8,2021-07-27,Prius,31670.96,5.84,Completed
584697,5,2021-07-26,Prius,26412.45,5.34,Completed
584698,20,2021-07-07,Highlander,65169.5,5.77,Completed
584699,17,2021-07-18,Corolla,18044.63,4.51,Completed
584700,18,2021-07-27,Highlander,61435.05,5.68,Completed
584701,9,2021-07-27,RAV4,31083.12,4.4,Completed
584702,16,2021-07-11,Prius,33498.4,6.06,Completed
584703,17,2021-07-25,Camry,25030.18,4.51,Completed
584704,16,2021-07-14,Highlander,65589.91,6.06,Completed
584705,18,2021-07-18,RAV4,47144.8,5.68,Completed
584706,13,2021-07-15,RAV4,42576.67,5.61,Completed
584707,10,2021-07-29,Camry,29321.45,4.88,Completed
584708,3,2021-07-16,Highlander,62725.14,5.69,Completed
584709,1,2021-07-26,Sienna,43614.51,5.24,Completed
584710,6,2021-07-19,Corolla,18836.81,3.86,Completed
584711,5,2021-07-02,Prius,27963.68,5.34,Completed
584712,13,2021-07-14,Camry,35349.77,5.61,Completed
584713,11,2021-07-01,Tundra,36149.79,4.16,Completed
584714,1,2021-07-21,RAV4,37651.09,5.24,Completed
584715,10,2021-07-14,RAV4,32922.48,4.88,Completed
584716,15,2021-07-13,RAV4,45043.28,4.86,Completed
584717,5,2021-07-25,Corolla,21198.56,5.34,Completed
584718,18,2021-07-04,RAV4,43745.8,5.68,Completed
584719,16,2021-07-12,Corolla,27860.94,6.06,Completed
584720,14,2021-07-24,Tacoma,41437.46,5.1,Completed
584721,13,2021-07-31,RAV4,48551.41,5.61,Completed
584722,19,2021-07-07,Camry,35755.23,5.48,Completed
584723,9,2021-07-20,Sienna,38226.0,4.4,Completed
584724,5,2021-07-17,Corolla,22048.95,5.34,Completed
584725,8,2021-07-21,RAV4,47473.28,5.84,Completed
584726,18,2021-07-02,Tundra,54397.04,5.68,Completed
584727,1,2021-07-08,Tacoma,34303.46,5.24,Completed
584728,2,2021-07-26,RAV4,34664.31,4.0,Completed
584729,17,2021-07-16,Sienna,30632.17,4.51,Completed
584730,11,2021-07-28,Camry,28855.8,4.16,Completed
584731,3,2021-07-11,Highlander,66283.32,5.69,Completed
584732,5,2021-07-12,Tundra,42836.5,5.34,Completed
584733,5,2021-07-05,Sienna,39746.07,5.34,Completed
584734,8,2021-07-14,Camry,40485.91,5.84,Completed
584735,17,2021-07-19,Sienna,33613.16,4.51,Completed
584736,4,2021-07-09,RAV4,31646.5,3.81,Completed
584737,9,2021-07-25,Sienna,32152.41,4.4,Completed
584738,5,2021-07-19,Camry,29102.89,5.34,Cancelled
584739,15,2021-07-01,Highlander,66574.1,4.86,Completed
584740,4,2021-07-03,RAV4,29495.74,3.81,Completed
584741,10,2021-07-21,Highlander,50538.87,4.88,Completed
584742,15,2021-07-02,RAV4,39222.92,4.86,Completed
584743,15,2021-07-17,Highlander,66655.23,4.86,Completed
584744,8,2021-07-30,Tacoma,38139.39,5.84,Completed
584745,13,2021-07-26,Tacoma,40328.39,5.61,Completed
584746,16,2021-07-06,Highlander,56897.63,6.06,Completed
584747,15,2021-07-20,Prius,32473.02,4.86,Completed
584748,10,2021-07-12,Tacoma,27945.28,4.88,Completed
584749,6,2021-07-31,Tacoma,27820.04,3.86,Completed
584750,11,2021-07-18,Highlander,47845.26,4.16,Completed
584751,5,2021-07-15,Tundra,37709.94,5.34,Completed
584752,17,2021-07-08,Sienna,30558.31,4.51,Completed
584753,20,2021-07-27,Camry,37073.92,5.77,Pending
584754,6,2021-07-22,Highlander,44959.4,3.86,Completed
584755,4,2021-07-15,Sienna,31352.4,3.81,Completed
584756,16,2021-07-03,Sienna,44875.93,6.06,Completed
584757,20,2021-07-28,Camry,34325.93,5.77,Completed
584758,19,2021-07-04,Tacoma,35243.76,5.48,Completed
584759,1,2021-07-20,Tacoma,33164.89,5.24,Completed
584760,5,2021-07-18,Tundra,43707.82,5.34,Completed
584761,14,2021-07-13,Tundra,42920.25,5.1,Completed
584762,3,2021-07-29,Highlander,68835.2,5.69,Completed
584763,2,2021-07-04,Corolla,21561.38,4.0,Completed
584764,20,2021-07-04,RAV4,47856.93,5.77,Completed
584765,8,2021-07-01,Highlander,62726.16,5.84,Completed
584766,2,2021-07-05,Prius,24998.17,4.0,Completed
584767,15,2021-07-04,Sienna,45062.78,4.86,Completed
584768,4,2021-07-01,Sienna,35737.62,3.81,Cancelled
584769,12,2021-07-12,Highlander,54829.38,5.65,Completed
584770,20,2021-07-07,Corolla,29232.22,5.77,Completed
584771,18,2021-07-08,RAV4,50867.23,5.68,Completed
584772,19,2021-07-16,Highlander,49719.5,5.48,Completed
584773,13,2021-07-24,Prius,32585.18,5.61,Completed
584774,19,2021-07-19,Highlander,57677.97,5.48,Completed
584775,16,2021-07-29,Highlander,63953.33,6.06,Completed
584776,7,2021-07-27,Sienna,53330.05,5.39,Completed
584777,12,2021-07-22,Prius,32168.39,5.65,Completed
584778,7,2021-07-01,Camry,38186.76,5.39,Completed
584779,8,2021-07-18,Prius,32861.34,5.84,Completed
584780,2,2021-07-30,Camry,29556.94,4.0,Completed
584781,8,2021-07-24,Camry,39046.79,5.84,Completed
584782,6,2021-07-07,Camry,26025.12,3.86,Cancelled
584783,18,2021-07-11,Tundra,47381.52,5.68,Completed
584784,9,2021-07-27,Highlander,43911.53,4.4,Completed
584785,16,2021-07-02,Tundra,47625.41,6.06,Completed
584786,4,2021-07-13,Camry,27212.72,3.81,Completed
584787,3,2021-07-20,Highlander,67090.49,5.69,Completed
584788,10,2021-07-02,Tundra,36557.73,4.88,Completed
584789,14,2021-07-05,Camry,38885.84,5.1,Completed
584790,9,2021-07-12,Camry,26506.83,4.4,Completed
584791,8,2021-07-27,Tundra,44867.72,5.84,Completed
584792,9,2021-07-29,Prius,23181.18,4.4,Completed
584793,20,2021-07-23,Highlander,67127.5,5.77,Completed
584794,8,2021-07-06,RAV4,48236.77,5.84,Completed
584795,17,2021-07-29,RAV4,29086.0,4.51,Completed
584796,11,2021-07-06,Corolla,19808.37,4.16,Completed
584797,5,2021-07-26,Tundra,43906.0,5.34,Completed
584798,6,2021-07-23,Sienna,32521.22,3.86,Completed
584799,13,2021-07-22,Sienna,50887.48,5.61,Completed
584800,5,2021-07-14,Tacoma,37402.61,5.34,Completed
584801,16,2021-07-04,Corolla,26702.51,6.06,Completed
584802,1,2021-07-01,Prius,25416.2,5.24,Cancelled
584803,3,2021-07-28,Highlander,57517.07,5.69,Completed
584804,4,2021-07-23,Prius,22165.78,3.81,Completed
584805,4,2021-07-21,Corolla,18964.72,3.81,Completed
584806,3,2021-07-15,RAV4,45266.24,5.69,Completed
584807,16,2021-07-25,Prius,32484.75,6.06,Completed
584808,12,2021-07-21,Camry,35209.64,5.65,Completed
584809,3,2021-07-17,Corolla,26198.95,5.69,Pending
584810,14,2021-07-07,Prius,31573.56,5.1,Completed
584811,8,2021-07-27,Highlander,61005.32,5.84,Completed
584812,16,2021-07-09,Sienna,45465.33,6.06,Completed
584813,16,2021-07-26,Sienna,53005.97,6.06,Completed
584814,9,2021-07-13,Prius,23816.4,4.4,Completed
584815,15,2021-07-16,Highlander,58165.76,4.86,Completed
584816,19,2021-07-30,Tundra,41493.48,5.48,Completed
584817,10,2021-07-19,Prius,21703.25,4.88,Completed
584818,11,2021-07-27,Sienna,35218.26,4.16,Completed
584819,15,2021-07-10,Corolla,26971.63,4.86,Completed
584820,11,2021-07-28,Prius,24773.85,4.16,Completed
584821,8,2021-07-18,Prius,28362.83,5.84,Completed
584822,9,2021-07-28,Prius,22360.26,4.4,Completed
584823,10,2021-07-21,Highlander,42400.34,4.88,Completed
584824,11,2021-07-13,Sienna,34939.93,4.16,Completed
584825,16,2021-07-29,RAV4,47623.66,6.06,Cancelled
584826,12,2021-07-08,Camry,35497.8,5.65,Completed
584827,1,2021-07-17,Sienna,39685.36,5.24,Completed
584828,13,2021-07-12,Tacoma,43671.66,5.61,Completed
584829,20,2021-07-09,Prius,33825.07,5.77,Completed
584830,6,2021-07-26,Camry,26828.96,3.86,Completed
584831,11,2021-07-05,Tacoma,26787.33,4.16,Completed
584832,18,2021-07-14,RAV4,45016.98,5.68,Completed
584833,1,2021-07-06,Corolla,23208.88,5.24,Pending
584834,6,2021-07-29,Tundra,35812.27,3.86,Completed
584835,12,2021-07-09,RAV4,45259.14,5.65,Completed
584836,7,2021-07-28,Prius,30367.9,5.39,Completed
584837,18,2021-07-31,Tacoma,42540.75,5.68,Completed
584838,8,2021-07-14,Highlander,64226.29,5.84,Completed
584839,19,2021-07-18,Tacoma,33561.92,5.48,Completed
584840,4,2021-07-03,Prius,22222.68,3.81,Completed
584841,8,2021-07-13,Camry,38413.37,5.84,Completed
584842,12,2021-07-28,Tundra,49848.83,5.65,Completed
584843,20,2021-07-08,Camry,34802.49,5.77,Completed
584844,14,2021-07-04,Camry,37558.53,5.1,Completed
584845,15,2021-07-25,Camry,39699.19,4.86,Completed
584846,10,2021-07-11,Prius,21501.99,4.88,Completed
584847,4,2021-07-29,Prius,20236.08,3.81,Completed
584848,17,2021-07-01,Tundra,34330.06,4.51,Completed
584849,1,2021-07-29,Corolla,22483.04,5.24,Completed
584850,3,2021-07-21,Camry,37293.54,5.69,Completed
584851,3,2021-07-25,Tacoma,39659.68,5.69,Completed
584852,15,2021-07-13,Tundra,51433.43,4.86,Completed
584853,4,2021-07-12,Tacoma,29308.59,3.81,Completed
584854,13,2021-07-10,RAV4,45951.86,5.61,Pending
584855,7,2021-07-03,Camry,40764.36,5.39,Completed
584856,8,2021-07-07,Highlander,57491.21,5.84,Completed
584857,13,2021-07-31,Tacoma,38940.67,5.61,Completed
584858,16,2021-07-31,Sienna,48876.51,6.06,Completed
584859,13,2021-07-15,Camry,43090.99,5.61,Completed
584860,8,2021-07-28,Corolla,26136.93,5.84,Completed
584861,6,2021-07-17,Tacoma,27668.28,3.86,Completed
584862,4,2021-07-10,Tacoma,30788.96,3.81,Completed
584863,6,2021-07-18,Highlander,46308.14,3.86,Completed
584864,15,2021-07-18,Sienna,51397.07,4.86,Pending
584865,15,2021-07-25,Tundra,49354.47,4.86,Completed
584866,16,2021-07-07,RAV4,41070.06,6.06,Completed
584867,7,2021-07-13,Prius,30788.19,5.39,Completed
584868,4,2021-07-12,Tacoma,28604.62,3.81,Completed
584869,9,2021-07-21,Prius,23258.51,4.4,Completed
584870,3,2021-07-16,Tundra,50282.2,5.69,Completed
584871,5,2021-07-11,Tacoma,32276.19,5.34,Completed
584872,1,2021-07-02,Tundra,39320.32,5.24,Completed
584873,5,2021-07-04,RAV4,34793.94,5.34,Completed
584874,16,2021-07-24,Tundra,47353.7,6.06,Completed
584875,20,2021-07-07,Camry,40905.44,5.77,Completed
584876,10,2021-07-05,Prius,21681.6,4.88,Completed
584877,14,2021-07-30,Tacoma,37171.22,5.1,Completed
584878,15,2021-07-20,Tacoma,40501.71,4.86,Completed
584879,16,2021-07-04,Sienna,44802.27,6.06,Completed
584880,9,2021-07-09,Prius,21877.67,4.4,Completed
584881,16,2021-07-29,Highlander,60716.81,6.06,Completed
584882,16,2021-07-24,Corolla,25838.53,6.06,Completed
584883,13,2021-07-29,Prius,31378.73,5.61,Completed
584884,19,2021-07-30,RAV4,37503.86,5.48,Pending
584885,1,2021-07-21,RAV4,35752.34,5.24,Completed
584886,1,2021-07-27,Tacoma,34413.41,5.24,Completed
584887,15,2021-07-06,Corolla,25553.0,4.86,Completed
584888,16,2021-07-03,Highlander,59669.03,6.06,Completed
584889,19,2021-07-26,Prius,29941.76,5.48,Completed
584890,18,2021-07-30,Tundra,57047.93,5.68,Completed
584891,2,2021-07-15,Camry,27402.73,4.0,Completed
584892,5,2021-07-24,Tundra,43911.4,5.34,Completed
584893,13,2021-07-04,Tundra,54896.17,5.61,Completed
584894,13,2021-07-15,Tundra,45889.57,5.61,Completed
584895,19,2021-07-07,Sienna,44749.06,5.48,Completed
584896,20,2021-07-10,Tacoma,43550.35,5.77,Completed
584897,5,2021-07-23,Tundra,37038.45,5.34,Completed
584898,15,2021-07-02,Highlander,58916.17,4.86,Cancelled
584899,7,2021-07-09,Prius,33138.38,5.39,Completed
584900,15,2021-07-22,Prius,32275.9,4.86,Completed
584901,3,2021-07-30,RAV4,46910.77,5.69,Completed
584902,8,2021-07-08,Tundra,48679.7,5.84,Completed
584903,8,2021-07-31,Camry,40231.34,5.84,Completed
584904,6,2021-07-14,Highlander,44535.99,3.86,Completed
584905,15,2021-07-04,Tacoma,40961.33,4.86,Completed
584906,3,2021-07-21,Highlander,58524.39,5.69,Completed
584907,11,2021-07-11,RAV4,31319.32,4.16,Completed
584908,16,2021-07-10,Corolla,26180.46,6.06,Completed
584909,1,2021-07-16,Tacoma,33887.81,5.24,Cancelled
584910,19,2021-07-16,RAV4,41959.78,5.48,Completed
584911,16,2021-07-19,RAV4,48254.18,6.06,Completed
584912,18,2021-07-27,Camry,40984.38,5.68,Completed
584913,17,2021-07-01,Prius,24138.78,4.51,Completed
584914,8,2021-07-29,Camry,39490.77,5.84,Completed
584915,17,2021-07-14,Prius,22260.5,4.51,Completed
584916,7,2021-07-21,Sienna,48069.8,5.39,Completed
584917,11,2021-07-30,Prius,22053.67,4.16,Completed
584918,16,2021-07-31,Camry,37172.51,6.06,Completed
584919,6,2021-07-30,Prius,23386.56,3.86,Completed
584920,5,2021-07-14,Sienna,41425.55,5.34,Completed
584921,18,2021-07-27,Tundra,48510.89,5.68,Completed
584922,17,2021-07-16,Corolla,18384.64,4.51,Cancelled
584923,18,2021-07-03,Highlander,68635.99,5.68,Completed
584924,2,2021-07-07,RAV4,33184.64,4.0,Completed
584925,15,2021-07-28,Tundra,48558.19,4.86,Completed
584926,13,2021-07-15,Camry,37927.39,5.61,Completed
584927,16,2021-07-16,Corolla,28022.65,6.06,Completed
584928,9,2021-07-03,RAV4,31220.73,4.4,Cancelled
584929,15,2021-07-13,Camry,40780.22,4.86,Completed
584930,10,2021-07-24,Tacoma,29963.93,4.88,Completed
584931,9,2021-07-28,Prius,21213.37,4.4,Completed
584932,5,2021-07-01,Corolla,22498.9,5.34,Completed
584933,12,2021-07-18,Tacoma,39491.77,5.65,Completed
584934,9,2021-07-05,RAV4,34983.25,4.4,Completed
584935,16,2021-07-13,Prius,29065.95,6.06,Completed
584936,2,2021-07-20,RAV4,32944.59,4.0,Completed
584937,16,2021-07-22,Tacoma,40320.72,6.06,Completed
584938,15,2021-07-13,Camry,34835.1,4.86,Completed
584939,5,2021-07-28,Tacoma,34278.13,5.34,Completed
584940,7,2021-07-23,Camry,41448.61,5.39,Completed
584941,11,2021-07-19,Camry,25692.95,4.16,Completed
584942,10,2021-07-05,Tacoma,29887.28,4.88,Completed
584943,1,2021-07-02,Highlander,54423.62,5.24,Completed
584944,10,2021-07-02,Prius,24927.11,4.88,Completed
584945,16,2021-07-11,Corolla,26087.13,6.06,Completed
584946,12,2021-07-04,Sienna,50353.24,5.65,Completed
584947,16,2021-07-13,Prius,32843.89,6.06,Completed
584948,13,2021-07-01,Camry,40681.06,5.61,Completed
584949,14,2021-07-07,Sienna,49166.58,5.1,Completed
584950,17,2021-07-06,RAV4,28645.32,4.51,Completed
584951,3,2021-07-21,Sienna,49796.12,5.69,Completed
584952,10,2021-07-15,Sienna,33300.66,4.88,Completed
584953,11,2021-07-25,Prius,22520.08,4.16,Completed
584954,13,2021-07-23,Tacoma,41783.09,5.61,Completed
584955,5,2021-07-25,Camry,30062.36,5.34,Completed
584956,4,2021-07-26,Camry,27875.4,3.81,Completed
584957,7,2021-07-27,Sienna,44493.95,5.39,Completed
584958,14,2021-07-09,RAV4,38896.74,5.1,Completed
584959,7,2021-07-23,Tundra,49641.61,5.39,Cancelled
584960,15,2021-07-16,Camry,40520.98,4.86,Completed
584961,7,2021-07-19,RAV4,41453.05,5.39,Completed
584962,12,2021-07-04,Highlander,60410.9,5.65,Completed
584963,16,2021-07-29,Prius,30702.74,6.06,Completed
584964,20,2021-07-08,Camry,35376.92,5.77,Completed
584965,9,2021-07-11,Highlander,42013.78,4.4,Completed
584966,19,2021-07-01,Camry,31427.19,5.48,Completed
584967,4,2021-07-14,Corolla,20258.21,3.81,Completed
584968,17,2021-07-26,Corolla,17862.96,4.51,Completed
584969,12,2021-07-31,Sienna,46587.71,5.65,Completed
584970,15,2021-07-30,Camry,38427.91,4.86,Completed
584971,14,2021-07-05,Prius,31319.98,5.1,Completed
584972,14,2021-07-16,Tacoma,38629.39,5.1,Completed
584973,5,2021-07-27,Camry,32683.25,5.34,Completed
584974,12,2021-07-27,Corolla,29791.08,5.65,Completed
584975,15,2021-07-24,Corolla,25549.62,4.86,Completed
584976,11,2021-07-30,RAV4,30214.45,4.16,Completed
584977,15,2021-07-14,RAV4,42599.16,4.86,Completed
584978,5,2021-07-22,Tacoma,32812.72,5.34,Completed
584979,1,2021-07-08,RAV4,39146.11,5.24,Completed
584980,5,2021-07-29,Corolla,25176.18,5.34,Completed
584981,9,2021-07-17,Tacoma,29288.72,4.4,Completed
584982,15,2021-07-18,Highlander,58882.2,4.86,Completed
584983,16,2021-07-29,Tundra,46730.88,6.06,Completed
584984,6,2021-07-18,Highlander,42403.09,3.86,Completed
584985,14,2021-07-09,Highlander,57608.59,5.1,Completed
584986,7,2021-07-31,Tundra,45715.46,5.39,Cancelled
584987,1,2021-07-01,RAV4,35212.37,5.24,Completed
584988,10,2021-07-01,Highlander,42723.76,4.88,Completed
584989,20,2021-07-17,Tacoma,38923.35,5.77,Completed
584990,6,2021-07-02,Tundra,32477.68,3.86,Completed
584991,12,2021-07-01,Prius,29329.56,5.65,Completed
584992,15,2021-07-18,Tacoma,42077.3,4.86,Completed
584993,20,2021-07-18,Prius,33503.44,5.77,Completed
584994,18,2021-07-01,Tacoma,45469.07,5.68,Completed
584995,12,2021-07-13,RAV4,44359.11,5.65,Completed
584996,13,2021-07-22,Corolla,26278.4,5.61,Completed
584997,10,2021-07-23,Corolla,19129.44,4.88,Completed
584998,6,2021-07-01,Camry,24296.33,3.86,Completed
584999,7,2021-07-12,Prius,33790.67,5.39,Completed
585000,16,2021-07-06,Tacoma,41656.7,6.06,Completed
585001,12,2021-07-26,Tacoma,40522.46,5.65,Completed
585002,3,2021-07-11,Tundra,49266.9,5.69,Completed
585003,15,2021-07-11,RAV4,44779.33,4.86,Completed
585004,13,2021-07-01,Camry,37515.28,5.61,Completed
585005,16,2021-07-06,Tacoma,44569.38,6.06,Completed
585006,2,2021-07-05,Highlander,50581.79,4.0,Completed
585007,5,2021-07-03,Tacoma,31489.07,5.34,Completed
585008,4,2021-07-11,Highlander,41264.82,3.81,Cancelled
585009,11,2021-07-16,Prius,22403.24,4.16,Completed
585010,20,2021-07-13,RAV4,48010.93,5.77,Completed
585011,9,2021-07-25,RAV4,30033.05,4.4,Pending
585012,3,2021-07-22,Prius,31300.22,5.69,Completed
585013,10,2021-07-18,Highlander,46644.91,4.88,Completed
585014,6,2021-07-30,Tacoma,28254.18,3.86,Completed
585015,20,2021-07-17,Highlander,66885.86,5.77,Completed
585016,13,2021-07-23,RAV4,49489.73,5.61,Completed
585017,7,2021-07-15,Sienna,43999.7,5.39,Completed
585018,16,2021-07-26,Highlander,66004.42,6.06,Completed
585019,15,2021-07-02,Tundra,44679.01,4.86,Completed
585020,14,2021-07-21,Tacoma,42255.31,5.1,Completed
585021,9,2021-07-20,Sienna,31833.31,4.4,Completed
585022,1,2021-07-24,Corolla,20898.7,5.24,Completed
585023,3,2021-07-14,Sienna,50360.8,5.69,Completed
585024,11,2021-07-20,Camry,28372.13,4.16,Completed
585025,1,2021-07-18,RAV4,38528.52,5.24,Completed
585026,12,2021-07-08,Highlander,60488.44,5.65,Completed
585027,13,2021-07-28,Sienna,46245.6,5.61,Completed
585028,15,2021-07-09,Tacoma,40998.45,4.86,Completed
585029,3,2021-07-22,Tundra,54902.57,5.69,Completed
585030,11,2021-07-06,Tundra,35527.27,4.16,Completed
585031,18,2021-07-01,Prius,33380.41,5.68,Completed
585032,14,2021-07-26,Prius,32539.32,5.1,Completed
585033,4,2021-07-16,Sienna,31562.73,3.81,Completed
585034,19,2021-07-03,Prius,29649.18,5.48,Completed
585035,10,2021-07-02,Highlander,49273.55,4.88,Completed
585036,2,2021-07-18,Sienna,35046.43,4.0,Completed
585037,18,2021-07-14,Tundra,49541.2,5.68,Completed
585038,19,2021-07-09,Sienna,44395.93,5.48,Completed
585039,4,2021-07-08,RAV4,33298.79,3.81,Completed
585040,17,2021-07-02,Highlander,39444.49,4.51,Completed
585041,14,2021-07-07,Sienna,44712.11,5.1,Completed
585042,11,2021-07-23,Sienna,32749.72,4.16,Completed
585043,3,2021-07-08,Camry,37678.45,5.69,Completed
585044,12,2021-07-13,Highlander,58104.18,5.65,Completed
585045,1,2021-07-01,Corolla,24900.09,5.24,Completed
585046,15,2021-07-31,Tacoma,40820.76,4.86,Completed
585047,2,2021-07-27,RAV4,31350.86,4.0,Completed
585048,7,2021-07-12,Prius,32889.38,5.39,Completed
585049,7,2021-07-11,Camry,35696.09,5.39,Completed
585050,2,2021-07-02,Corolla,20673.15,4.0,Completed
585051,9,2021-07-10,Corolla,18478.4,4.4,Completed
585052,19,2021-07-13,Tundra,46114.26,5.48,Completed
585053,16,2021-07-24,Prius,31869.77,6.06,Completed
585054,7,2021-07-15,Highlander,63784.22,5.39,Completed
585055,3,2021-07-14,Camry,35385.25,5.69,Completed
585056,13,2021-07-11,Highlander,69997.13,5.61,Completed
585057,17,2021-07-12,Corolla,18587.1,4.51,Completed
585058,14,2021-07-17,Sienna,42192.91,5.1,Cancelled
585059,19,2021-07-28,RAV4,36372.83,5.48,Completed
585060,20,2021-07-19,Corolla,28599.59,5.77,Completed
585061,11,2021-07-23,Tundra,32154.77,4.16,Completed
585062,4,2021-07-01,Sienna,32162.43,3.81,Cancelled
585063,6,2021-07-03,Corolla,19288.24,3.86,Completed
585064,18,2021-07-24,Corolla,31413.84,5.68,Completed
585065,15,2021-07-04,Prius,31974.91,4.86,Completed
585066,3,2021-07-25,Tundra,45678.76,5.69,Completed
585067,13,2021-07-11,Tundra,54868.9,5.61,Completed
585068,17,2021-07-03,Sienna,34664.66,4.51,Completed
585069,13,2021-07-10,Highlander,64930.7,5.61,Completed
585070,6,2021-07-06,Sienna,35504.34,3.86,Completed
585071,17,2021-07-04,Sienna,33554.82,4.51,Completed
585072,8,2021-07-07,Highlander,55781.36,5.84,Completed
585073,9,2021-07-06,Sienna,36098.09,4.4,Completed
585074,14,2021-07-12,Highlander,59714.63,5.1,Completed
585075,5,2021-07-20,Corolla,23630.86,5.34,Completed
585076,13,2021-07-31,RAV4,46365.03,5.61,Completed
585077,6,2021-07-15,Sienna,30898.82,3.86,Completed
585078,1,2021-07-18,Prius,27413.73,5.24,Completed
585079,2,2021-07-15,Tundra,39194.82,4.0,Completed
585080,16,2021-07-22,Camry,36090.58,6.06,Completed
585081,6,2021-07-27,Camry,25256.44,3.86,Completed
585082,10,2021-07-24,Camry,30226.57,4.88,Completed
585083,3,2021-07-31,Highlander,67900.78,5.69,Completed
585084,14,2021-07-26,RAV4,45284.53,5.1,Completed
585085,7,2021-07-11,Tundra,50147.21,5.39,Completed
585086,12,2021-07-31,Corolla,24670.22,5.65,Completed
585087,16,2021-07-29,Prius,31671.39,6.06,Completed
585088,1,2021-07-04,Sienna,37181.85,5.24,Completed
585089,8,2021-07-01,RAV4,43702.35,5.84,Completed
585090,19,2021-07-23,Prius,28660.67,5.48,Completed
585091,12,2021-07-16,RAV4,44081.82,5.65,Completed
585092,2,2021-07-18,Tundra,36182.95,4.0,Completed
585093,10,2021-07-22,Tacoma,33164.54,4.88,Completed
585094,12,2021-07-03,Prius,29222.3,5.65,Completed
585095,15,2021-07-09,Tacoma,38359.98,4.86,Completed
585096,16,2021-07-29,Highlander,59399.5,6.06,Completed
585097,7,2021-07-19,Corolla,26336.77,5.39,Completed
585098,11,2021-07-17,Corolla,19227.01,4.16,Completed
585099,15,2021-07-01,Camry,33424.08,4.86,Completed
585100,2,2021-07-13,Camry,31424.75,4.0,Completed
585101,5,2021-07-24,Sienna,43341.14,5.34,Completed
585102,17,2021-07-05,Highlander,46296.28,4.51,Completed
585103,5,2021-07-07,Corolla,24434.52,5.34,Completed
585104,15,2021-07-27,Prius,30788.62,4.86,Completed
585105,19,2021-07-30,Highlander,57272.47,5.48,Completed
585106,19,2021-07-05,Prius,27334.26,5.48,Completed
585107,10,2021-07-14,Tacoma,32592.19,4.88,Completed
585108,12,2021-07-14,Prius,29886.2,5.65,Completed
585109,18,2021-07-22,RAV4,46819.0,5.68,Completed
585110,9,2021-07-17,RAV4,28857.95,4.4,Completed
585111,1,2021-07-19,Prius,27916.17,5.24,Completed
585112,8,2021-07-20,Prius,29361.7,5.84,Completed
585113,1,2021-07-23,Sienna,37807.45,5.24,Completed
585114,14,2021-07-04,Highlander,60738.37,5.1,Completed
585115,3,2021-07-01,Sienna,53111.07,5.69,Completed
585116,7,2021-07-15,RAV4,47087.15,5.39,Completed
585117,5,2021-07-16,Highlander,50383.8,5.34,Completed
585118,2,2021-07-13,Sienna,35925.27,4.0,Completed
585119,4,2021-07-07,Highlander,43038.38,3.81,Completed
585120,20,2021-07-04,Highlander,62988.18,5.77,Completed
585121,15,2021-07-23,Corolla,25246.85,4.86,Completed
585122,3,2021-07-30,Camry,38429.88,5.69,Completed
585123,16,2021-07-01,RAV4,48059.59,6.06,Completed
585124,20,2021-07-23,Sienna,45665.83,5.77,Completed
585125,19,2021-07-17,Tacoma,33060.39,5.48,Completed
585126,19,2021-07-19,Sienna,39786.7,5.48,Completed
585127,2,2021-07-16,Corolla,18985.4,4.0,Completed
585128,15,2021-07-27,Sienna,47868.65,4.86,Completed
585129,1,2021-07-05,Sienna,41164.99,5.24,Pending
585130,4,2021-07-10,Corolla,19643.11,3.81,Completed
585131,16,2021-07-23,RAV4,46864.95,6.06,Completed
585132,15,2021-07-28,RAV4,43749.21,4.86,Completed
585133,15,2021-07-23,Sienna,48400.85,4.86,Completed
585134,3,2021-07-31,Camry,39541.8,5.69,Completed
585135,5,2021-07-27,Highlander,51210.19,5.34,Completed
585136,4,2021-07-27,Sienna,33983.54,3.81,Cancelled
585137,15,2021-07-19,Highlander,57648.52,4.86,Completed
585138,8,2021-07-29,Prius,29018.93,5.84,Completed
585139,3,2021-07-12,Prius,35616.7,5.69,Completed
585140,11,2021-07-01,Highlander,41493.98,4.16,Completed
585141,10,2021-07-25,Camry,26346.71,4.88,Completed
585142,6,2021-07-25,Corolla,18376.95,3.86,Completed
585143,13,2021-07-23,Prius,34922.54,5.61,Completed
585144,19,2021-07-14,RAV4,38547.13,5.48,Completed
585145,15,2021-07-18,Tundra,45189.9,4.86,Completed
585146,11,2021-07-26,Camry,29403.84,4.16,Pending
585147,1,2021-07-07,Highlander,49733.62,5.24,Completed
585148,8,2021-07-17,Tundra,47641.1,5.84,Cancelled
585149,10,2021-07-02,Highlander,47351.91,4.88,Completed
585150,11,2021-07-19,Sienna,36099.27,4.16,Completed
585151,13,2021-07-20,Tundra,47569.98,5.61,Completed
585152,9,2021-07-15,RAV4,33088.89,4.4,Completed
585153,8,2021-07-30,Tacoma,39512.81,5.84,Completed
585154,5,2021-07-11,Camry,31611.12,5.34,Completed
585155,18,2021-07-30,Tundra,52781.51,5.68,Completed
585156,18,2021-07-02,Highlander,62141.41,5.68,Completed
585157,9,2021-07-12,RAV4,29894.0,4.4,Completed
585158,10,2021-07-28,Camry,26773.48,4.88,Completed
585159,2,2021-07-23,Camry,27199.64,4.0,Completed
585160,15,2021-07-21,RAV4,43608.23,4.86,Completed
585161,18,2021-07-23,Prius,32230.44,5.68,Completed
585162,12,2021-07-24,Prius,29617.8,5.65,Completed
585163,7,2021-07-15,Prius,29802.78,5.39,Completed
585164,1,2021-07-21,Camry,31875.19,5.24,Completed
585165,17,2021-07-02,Tacoma,26248.0,4.51,Completed
585166,11,2021-07-04,Prius,24116.01,4.16,Completed
585167,13,2021-07-08,Tacoma,45756.24,5.61,Completed
585168,14,2021-07-03,Camry,33131.52,5.1,Completed
585169,16,2021-07-10,Prius,33666.66,6.06,Pending
585170,11,2021-07-29,Tacoma,31226.61,4.16,Completed
585171,7,2021-07-10,Corolla,29924.88,5.39,Completed
585172,13,2021-07-12,Prius,35623.66,5.61,Completed
585173,2,2021-07-25,Tundra,38637.36,4.0,Completed
585174,11,2021-07-15,Sienna,34268.85,4.16,Completed
585175,18,2021-07-11,Highlander,62502.42,5.68,Completed
585176,5,2021-07-13,Prius,28429.8,5.34,Completed
585177,10,2021-07-09,Sienna,36616.07,4.88,Completed
585178,2,2021-07-22,Highlander,51178.81,4.0,Completed
585179,2,2021-07-21,Highlander,46412.86,4.0,Completed
585180,6,2021-07-27,Prius,22589.69,3.86,Cancelled
585181,15,2021-07-16,Sienna,51731.02,4.86,Completed
585182,20,2021-07-08,Corolla,25942.05,5.77,Completed
585183,7,2021-07-24,Prius,32566.11,5.39,Completed
585184,8,2021-07-24,Camry,34160.06,5.84,Pending
585185,4,2021-07-15,Prius,21963.95,3.81,Completed
585186,1,2021-07-16,Camry,34454.52,5.24,Completed
585187,12,2021-07-29,Camry,39405.98,5.65,Completed
585188,18,2021-07-23,Prius,33971.02,5.68,Pending
585189,8,2021-07-23,Sienna,46721.93,5.84,Completed
585190,14,2021-07-12,Highlander,58091.83,5.1,Completed
585191,2,2021-07-15,Camry,30192.21,4.0,Completed
585192,5,2021-07-26,Prius,28404.66,5.34,Completed
585193,18,2021-07-13,Camry,43710.42,5.68,Completed
585194,6,2021-07-14,RAV4,34042.75,3.86,Completed
585195,13,2021-07-01,Tundra,48774.32,5.61,Completed
585196,6,2021-07-04,Highlander,42139.62,3.86,Completed
585197,2,2021-07-05,RAV4,30385.45,4.0,Completed
585198,19,2021-07-08,RAV4,39411.98,5.48,Pending
585199,3,2021-07-06,RAV4,49691.67,5.69,Completed
585200,11,2021-07-06,RAV4,29657.3,4.16,Completed
585201,14,2021-07-28,Tundra,45644.55,5.1,Completed
585202,12,2021-07-03,Corolla,28863.06,5.65,Completed
585203,10,2021-07-08,Sienna,34443.48,4.88,Cancelled
585204,15,2021-07-18,Highlander,66318.92,4.86,Completed
585205,19,2021-07-09,Tundra,44926.48,5.48,Completed
585206,17,2021-07-26,Tacoma,25676.77,4.51,Completed
585207,9,2021-07-25,Tundra,35615.1,4.4,Completed
585208,17,2021-07-29,Sienna,34014.72,4.51,Completed
585209,3,2021-07-02,Highlander,62337.15,5.69,Completed
585210,2,2021-07-03,Tacoma,31113.73,4.0,Completed
585211,15,2021-07-13,Tacoma,39284.15,4.86,Completed
585212,17,2021-07-11,Tacoma,29080.91,4.51,Completed
585213,20,2021-07-01,Corolla,27081.5,5.77,Completed
585214,10,2021-07-11,Sienna,32658.05,4.88,Completed
585215,6,2021-07-27,Tacoma,26009.97,3.86,Completed
585216,19,2021-07-31,Tacoma,37614.12,5.48,Completed
585217,16,2021-07-10,Tundra,50520.94,6.06,Completed
585218,16,2021-07-02,Prius,32651.05,6.06,Completed
585219,17,2021-07-08,Camry,25835.12,4.51,Completed
585220,11,2021-07-02,Camry,27923.56,4.16,Completed
585221,18,2021-07-06,Sienna,50615.3,5.68,Pending
585222,13,2021-07-26,Highlander,63485.05,5.61,Completed
585223,2,2021-07-06,Corolla,21469.73,4.0,Completed
585224,7,2021-07-27,Sienna,50158.89,5.39,Completed
585225,12,2021-07-13,Corolla,27501.91,5.65,Completed
585226,10,2021-07-13,Sienna,35368.09,4.88,Completed
585227,3,2021-07-11,Sienna,49241.69,5.69,Completed
585228,15,2021-07-14,Tundra,43907.26,4.86,Completed
585229,1,2021-07-06,Prius,24496.53,5.24,Completed
585230,8,2021-07-16,Sienna,49700.38,5.84,Completed
585231,10,2021-07-16,Camry,30017.49,4.88,Completed
585232,9,2021-07-24,Highlander,47344.41,4.4,Completed
585233,17,2021-07-07,Prius,20780.22,4.51,Completed
585234,6,2021-07-29,Tacoma,27570.44,3.86,Completed
585235,18,2021-07-18,Tacoma,39856.04,5.68,Completed
585236,20,2021-07-16,Highlander,59048.13,5.77,Completed
585237,14,2021-07-22,Corolla,28673.26,5.1,Completed
585238,16,2021-07-04,Camry,40122.57,6.06,Completed
585239,10,2021-07-05,Sienna,34964.38,4.88,Completed
585240,4,2021-07-28,Sienna,35329.76,3.81,Completed
585241,13,2021-07-23,Highlander,58536.45,5.61,Completed
585242,20,2021-07-08,RAV4,39961.77,5.77,Completed
585243,14,2021-07-16,RAV4,41207.22,5.1,Completed
585244,2,2021-07-29,Corolla,21588.17,4.0,Completed
585245,15,2021-07-12,Prius,31922.45,4.86,Completed
585246,3,2021-07-25,Sienna,49583.87,5.69,Completed
585247,19,2021-07-27,Highlander,58651.44,5.48,Completed
585248,10,2021-07-24,Highlander,43739.43,4.88,Completed
585249,1,2021-07-19,Corolla,21983.82,5.24,Completed
585250,15,2021-07-27,RAV4,47095.15,4.86,Completed
585251,4,2021-07-22,Tundra,34859.45,3.81,Completed
585252,3,2021-07-01,Prius,31218.12,5.69,Completed
585253,3,2021-07-01,Corolla,31456.0,5.69,Completed
585254,6,2021-07-11,Highlander,43771.43,3.86,Completed
585255,7,2021-07-05,Sienna,49983.9,5.39,Completed
585256,3,2021-07-01,Tundra,48638.69,5.69,Completed
585257,8,2021-07-06,Camry,37876.94,5.84,Completed
585258,18,2021-07-29,Prius,31972.04,5.68,Completed
585259,6,2021-07-17,Prius,24381.07,3.86,Completed
585260,9,2021-07-11,Prius,20444.43,4.4,Completed
585261,14,2021-07-07,Prius,30827.73,5.1,Completed
585262,9,2021-07-27,Prius,20516.76,4.4,Completed
585263,18,2021-07-30,Tacoma,45607.19,5.68,Completed
585264,13,2021-07-27,Corolla,30075.97,5.61,Completed
585265,14,2021-07-04,Corolla,27057.75,5.1,Completed
585266,10,2021-07-03,Highlander,47408.18,4.88,Completed
585267,14,2021-07-06,Prius,31524.25,5.1,Completed
585268,19,2021-07-14,Tacoma,37904.97,5.48,Completed
585269,18,2021-07-14,Tundra,50899.63,5.68,Completed
585270,11,2021-07-11,Corolla,19216.73,4.16,Completed
585271,13,2021-07-11,Prius,29953.91,5.61,Completed
585272,7,2021-07-17,Corolla,30191.16,5.39,Completed
585273,3,2021-07-19,Corolla,26319.28,5.69,Completed
585274,5,2021-07-08,Sienna,43188.97,5.34,Completed
585275,11,2021-07-01,Camry,30043.12,4.16,Completed
585276,12,2021-07-16,RAV4,45313.23,5.65,Completed
585277,20,2021-07-22,Tacoma,36912.17,5.77,Completed
585278,14,2021-07-11,Tundra,41911.62,5.1,Completed
585279,13,2021-07-29,Tundra,47429.0,5.61,Completed
585280,20,2021-07-22,Tundra,50787.22,5.77,Completed
585281,3,2021-07-03,Prius,29880.18,5.69,Completed
585282,17,2021-07-21,Tacoma,29091.03,4.51,Completed
585283,13,2021-07-20,Corolla,29823.38,5.61,Completed
585284,10,2021-07-18,Tundra,37656.47,4.88,Completed
585285,4,2021-07-28,Tacoma,30348.29,3.81,Completed
585286,19,2021-07-08,RAV4,34947.5,5.48,Completed
585287,5,2021-07-31,RAV4,36881.57,5.34,Completed
585288,3,2021-07-24,Prius,30319.65,5.69,Completed
585289,2,2021-07-25,Highlander,48699.06,4.0,Completed
585290,7,2021-07-11,Highlander,62015.01,5.39,Completed
585291,11,2021-07-06,Camry,28907.29,4.16,Completed
585292,10,2021-07-08,Tacoma,30002.37,4.88,Completed
585293,7,2021-07-19,Camry,38139.55,5.39,Completed
585294,17,2021-07-28,Prius,22107.96,4.51,Cancelled
585295,4,2021-07-30,Corolla,18161.89,3.81,Completed
585296,18,2021-07-13,Sienna,47597.26,5.68,Completed
585297,2,2021-07-28,Sienna,36161.48,4.0,Completed
585298,14,2021-07-28,RAV4,38646.19,5.1,Completed
585299,10,2021-07-31,Tundra,39238.08,4.88,Completed
585300,6,2021-07-08,Tacoma,27845.08,3.86,Completed
585301,12,2021-07-23,Highlander,60122.8,5.65,Completed
585302,12,2021-07-18,Camry,38163.3,5.65,Completed
585303,19,2021-07-22,Corolla,24461.27,5.48,Completed
585304,20,2021-07-20,Sienna,52889.1,5.77,Completed
585305,13,2021-07-23,Prius,30429.44,5.61,Completed
585306,15,2021-07-07,Corolla,28025.55,4.86,Completed
585307,2,2021-07-20,Corolla,21046.36,4.0,Completed
585308,13,2021-07-20,Corolla,29166.41,5.61,Completed
585309,4,2021-07-08,Tacoma,28285.47,3.81,Completed
585310,11,2021-07-31,Tundra,36574.08,4.16,Completed
585311,13,2021-07-01,Camry,38325.95,5.61,Completed
585312,9,2021-07-12,Corolla,19668.36,4.4,Completed
585313,5,2021-07-01,RAV4,36436.71,5.34,Completed
585314,10,2021-07-11,Highlander,41643.56,4.88,Completed
585315,2,2021-07-29,RAV4,30315.39,4.0,Completed
585316,1,2021-07-09,Prius,25869.8,5.24,Completed
585317,12,2021-07-28,RAV4,44551.69,5.65,Completed
585318,17,2021-07-25,RAV4,30908.02,4.51,Completed
585319,9,2021-07-19,Sienna,36634.47,4.4,Completed
585320,19,2021-07-29,RAV4,37295.16,5.48,Completed
585321,6,2021-07-05,Tacoma,30453.92,3.86,Completed
585322,15,2021-07-01,Prius,28242.47,4.86,Completed
585323,14,2021-07-19,RAV4,42059.84,5.1,Completed
585324,5,2021-07-06,Highlander,50030.24,5.34,Completed
585325,8,2021-07-14,Prius,33265.79,5.84,Completed
585326,18,2021-07-13,Sienna,50064.06,5.68,Completed
585327,13,2021-07-27,RAV4,45999.51,5.61,Completed
585328,6,2021-07-02,RAV4,32337.65,3.86,Completed
585329,16,2021-07-15,Corolla,28448.72,6.06,Completed
585330,2,2021-07-11,Prius,23954.26,4.0,Completed
585331,12,2021-07-26,Prius,33308.64,5.65,Completed
585332,5,2021-07-14,RAV4,39082.56,5.34,Completed
585333,12,2021-07-25,Camry,34082.92,5.65,Completed
585334,16,2021-07-29,RAV4,41167.79,6.06,Completed
585335,13,2021-07-13,Prius,35602.63,5.61,Completed
585336,9,2021-07-14,RAV4,33021.05,4.4,Completed
585337,18,2021-07-26,Tundra,52202.7,5.68,Completed
585338,18,2021-07-26,Tacoma,40792.34,5.68,Completed
585339,17,2021-07-29,Sienna,35140.81,4.51,Completed
585340,5,2021-07-14,Camry,28845.61,5.34,Completed
585341,6,2021-07-06,Tacoma,30017.24,3.86,Completed
585342,13,2021-07-07,RAV4,48559.93,5.61,Completed
585343,18,2021-07-22,Prius,34823.18,5.68,Completed
585344,17,2021-07-07,Tundra,32584.19,4.51,Completed
585345,8,2021-07-01,Camry,37262.96,5.84,Completed
585346,11,2021-07-15,Camry,26698.09,4.16,Completed
585347,15,2021-07-17,Sienna,51256.5,4.86,Completed
585348,17,2021-07-21,Prius,20020.14,4.51,Completed
585349,5,2021-07-04,Corolla,21440.47,5.34,Completed
585350,5,2021-07-22,RAV4,34261.96,5.34,Completed
585351,7,2021-07-24,Camry,35905.86,5.39,Completed
585352,3,2021-07-20,RAV4,41478.84,5.69,Completed
585353,12,2021-07-14,Tacoma,44036.97,5.65,Completed
585354,6,2021-07-03,Highlander,47437.42,3.86,Completed
585355,8,2021-07-21,Camry,37677.45,5.84,Completed
585356,17,2021-07-16,Camry,28725.33,4.51,Completed
585357,19,2021-07-04,Tacoma,33464.5,5.48,Completed
585358,6,2021-07-25,Tundra,31216.64,3.86,Completed
585359,17,2021-07-19,Highlander,43380.08,4.51,Completed
585360,19,2021-07-26,Highlander,54185.06,5.48,Completed
585361,3,2021-07-03,Sienna,50390.84,5.69,Completed
585362,4,2021-07-03,Camry,26089.09,3.81,Completed
585363,1,2021-07-30,Prius,27260.66,5.24,Completed
585364,12,2021-07-17,Sienna,50333.84,5.65,Completed
585365,4,2021-07-16,RAV4,32108.32,3.81,Completed
585366,18,2021-07-21,Camry,41524.57,5.68,Completed
585367,8,2021-07-22,Camry,34588.82,5.84,Completed
585368,14,2021-07-10,Tundra,46576.65,5.1,Completed
585369,1,2021-07-16,Corolla,21836.53,5.24,Completed
585370,20,2021-07-14,RAV4,47010.76,5.77,Completed
585371,20,2021-07-23,Highlander,56118.4,5.77,Completed
585372,14,2021-07-22,Tacoma,39172.96,5.1,Completed
585373,12,2021-07-07,Tundra,50300.75,5.65,Completed
585374,18,2021-07-12,Sienna,56040.18,5.68,Completed
585375,15,2021-07-17,Prius,31326.18,4.86,Completed
585376,5,2021-07-03,Tundra,40579.81,5.34,Completed
585377,5,2021-07-07,RAV4,36980.93,5.34,Completed
585378,13,2021-07-01,Highlander,64622.91,5.61,Completed
585379,1,2021-07-02,Prius,23903.2,5.24,Completed
585380,17,2021-07-25,Sienna,35790.51,4.51,Completed
585381,9,2021-07-03,Tacoma,31312.01,4.4,Completed
585382,20,2021-07-23,Tacoma,38020.95,5.77,Completed
585383,18,2021-07-11,Tacoma,40561.33,5.68,Completed
585384,11,2021-07-09,Sienna,36748.95,4.16,Completed
585385,17,2021-07-08,Highlander,41611.67,4.51,Completed
585386,10,2021-07-05,Prius,23029.38,4.88,Completed
585387,18,2021-07-25,Corolla,30612.21,5.68,Completed
585388,1,2021-07-20,Highlander,49095.25,5.24,Completed
585389,4,2021-07-01,Sienna,34069.33,3.81,Completed
585390,14,2021-07-06,Corolla,25137.13,5.1,Completed
585391,18,2021-07-07,Tacoma,46447.42,5.68,Completed
585392,6,2021-07-08,Tacoma,27426.75,3.86,Completed
585393,7,2021-07-23,Tacoma,39399.29,5.39,Completed
585394,5,2021-07-06,Prius,27112.06,5.34,Completed
585395,3,2021-07-12,Prius,33944.21,5.69,Pending
585396,10,2021-07-19,RAV4,30145.67,4.88,Completed
