sale_id,sale_rep_id,sale_date,car_model,sale_amount,commission_pct,sale_status
207762,16,2016-09-08,Sienna,56104.79,6.06,Completed
207763,13,2016-09-15,Tacoma,43352.12,5.61,Completed
207764,8,2016-09-14,Corolla,33032.07,5.84,Completed
207765,6,2016-09-15,Corolla,19688.65,3.86,Completed
207766,11,2016-09-26,Prius,27558.87,4.16,Completed
207767,16,2016-09-27,Tundra,56934.08,6.06,Completed
207768,2,2016-09-21,Corolla,21829.88,4.0,Completed
207769,5,2016-09-30,Sienna,42707.9,5.34,Completed
207770,3,2016-09-09,Sienna,58413.75,5.69,Completed
207771,19,2016-09-07,Prius,32496.33,5.48,Completed
207772,17,2016-09-17,Tundra,38836.88,4.51,Completed
207773,7,2016-09-20,Corolla,29059.82,5.39,Completed
207774,4,2016-09-09,Tacoma,32928.48,3.81,Completed
207775,13,2016-09-24,Camry,46108.7,5.61,Completed
207776,5,2016-09-01,Sienna,44552.98,5.34,Completed
207777,20,2016-09-13,RAV4,51313.53,5.77,Completed
207778,13,2016-09-20,Corolla,29874.16,5.61,Completed
207779,6,2016-09-05,Tacoma,30369.29,3.86,Completed
207780,14,2016-09-09,Corolla,26737.69,5.1,Completed
207781,2,2016-09-20,Sienna,40279.44,4.0,Completed
207782,19,2016-09-13,Corolla,26470.11,5.48,Completed
207783,1,2016-09-03,Highlander,53613.48,5.24,Completed
207784,6,2016-09-16,Tacoma,31961.02,3.86,Completed
207785,1,2016-09-16,Camry,35225.14,5.24,Completed
207786,9,2016-09-24,Camry,31056.01,4.4,Completed
207787,19,2016-09-29,Corolla,27724.43,5.48,Completed
207788,13,2016-09-17,RAV4,53681.63,5.61,Completed
207789,8,2016-09-07,RAV4,44986.14,5.84,Completed
207790,4,2016-09-17,Tundra,36135.7,3.81,Completed
207791,1,2016-09-05,Corolla,23525.59,5.24,Completed
207792,14,2016-09-21,Camry,38216.52,5.1,Completed
207793,16,2016-09-10,Prius,35662.11,6.06,Completed
207794,18,2016-09-18,Tacoma,50450.22,5.68,Completed
207795,4,2016-09-15,Corolla,20636.62,3.81,Completed
207796,17,2016-09-18,RAV4,36000.54,4.51,Completed
207797,4,2016-09-05,Corolla,22594.86,3.81,Completed
207798,13,2016-09-11,Prius,37803.01,5.61,Completed
207799,9,2016-09-07,Corolla,23821.94,4.4,Completed
207800,10,2016-09-25,Sienna,42172.17,4.88,Completed
207801,11,2016-09-30,Camry,31325.21,4.16,Completed
207802,2,2016-09-26,Highlander,46656.32,4.0,Completed
207803,17,2016-09-15,Camry,29410.54,4.51,Completed
207804,18,2016-09-17,Highlander,67756.84,5.68,Completed
207805,10,2016-09-11,Prius,24022.1,4.88,Completed
207806,12,2016-09-04,Sienna,53192.27,5.65,Completed
207807,7,2016-09-14,Sienna,52974.65,5.39,Completed
207808,4,2016-09-09,Corolla,18807.91,3.81,Completed
207809,12,2016-09-27,Prius,34219.09,5.65,Completed
207810,17,2016-09-15,Prius,21757.22,4.51,Completed
207811,16,2016-09-28,Highlander,67273.67,6.06,Completed
207812,13,2016-09-14,Tacoma,45562.31,5.61,Completed
207813,1,2016-09-14,Tundra,43945.25,5.24,Completed
207814,12,2016-09-26,RAV4,51720.25,5.65,Completed
207815,18,2016-09-14,Tacoma,45643.12,5.68,Completed
207816,6,2016-09-29,Tundra,38250.98,3.86,Completed
207817,10,2016-09-30,Tacoma,34297.65,4.88,Completed
207818,9,2016-09-29,RAV4,36145.18,4.4,Pending
207819,18,2016-09-16,Tundra,54673.9,5.68,Completed
207820,9,2016-09-27,Corolla,19987.39,4.4,Completed
207821,2,2016-09-24,Tundra,39593.2,4.0,Pending
207822,19,2016-09-30,Tundra,50083.06,5.48,Completed
207823,5,2016-09-12,Highlander,52652.69,5.34,Completed
207824,5,2016-09-20,Camry,31868.95,5.34,Completed
207825,18,2016-09-09,Camry,48340.85,5.68,Completed
207826,4,2016-09-11,RAV4,33675.57,3.81,Completed
207827,16,2016-09-25,Highlander,68970.87,6.06,Completed
207828,19,2016-09-28,RAV4,41168.98,5.48,Completed
207829,19,2016-09-15,Sienna,42846.2,5.48,Completed
207830,12,2016-09-10,RAV4,49281.78,5.65,Completed
207831,8,2016-09-02,Prius,35896.46,5.84,Completed
207832,3,2016-09-16,Tundra,57039.82,5.69,Cancelled
207833,18,2016-09-11,Corolla,33615.62,5.68,Completed
207834,1,2016-09-20,Prius,30185.69,5.24,Completed
207835,8,2016-09-16,Highlander,71373.64,5.84,Completed
207836,20,2016-09-04,Tacoma,43854.98,5.77,Completed
207837,6,2016-09-15,Tundra,37804.55,3.86,Completed
207838,13,2016-09-07,RAV4,55320.34,5.61,Completed
207839,17,2016-09-12,Tundra,40875.6,4.51,Completed
207840,3,2016-09-17,RAV4,46581.75,5.69,Completed
207841,3,2016-09-04,Tacoma,42368.12,5.69,Completed
207842,9,2016-09-26,Sienna,35549.99,4.4,Completed
207843,2,2016-09-09,Sienna,41485.73,4.0,Completed
207844,16,2016-09-03,Camry,43308.04,6.06,Completed
207845,9,2016-09-28,Tundra,38270.99,4.4,Completed
207846,20,2016-09-08,Prius,37548.49,5.77,Completed
207847,3,2016-09-06,Camry,46846.65,5.69,Completed
207848,16,2016-09-14,Sienna,56288.77,6.06,Completed
207849,20,2016-09-18,Sienna,49712.09,5.77,Completed
207850,15,2016-09-19,Highlander,62096.55,4.86,Completed
207851,1,2016-09-02,Sienna,47069.13,5.24,Completed
207852,2,2016-09-20,Sienna,40625.07,4.0,Completed
207853,20,2016-09-01,Camry,37870.09,5.77,Completed
207854,11,2016-09-12,Tacoma,29665.31,4.16,Completed
207855,12,2016-09-04,Camry,44822.46,5.65,Completed
207856,19,2016-09-21,Highlander,53546.79,5.48,Completed
207857,2,2016-09-13,Highlander,49180.82,4.0,Completed
207858,11,2016-09-22,RAV4,36643.29,4.16,Completed
207859,8,2016-09-19,RAV4,51313.23,5.84,Completed
207860,4,2016-09-28,Highlander,48580.12,3.81,Completed
207861,15,2016-09-22,Prius,30579.19,4.86,Completed
207862,15,2016-09-22,Sienna,54623.03,4.86,Completed
207863,15,2016-09-04,Corolla,31970.01,4.86,Completed
207864,11,2016-09-21,Highlander,50151.51,4.16,Completed
207865,6,2016-09-29,RAV4,35722.4,3.86,Completed
207866,5,2016-09-25,Tundra,40865.67,5.34,Pending
207867,9,2016-09-19,Tacoma,33372.3,4.4,Completed
207868,16,2016-09-28,RAV4,53633.96,6.06,Completed
207869,8,2016-09-03,Prius,37631.07,5.84,Completed
207870,9,2016-09-30,Corolla,20606.36,4.4,Pending
207871,6,2016-09-08,Sienna,35523.35,3.86,Completed
207872,15,2016-09-27,Prius,33645.04,4.86,Completed
207873,14,2016-09-26,Highlander,66300.21,5.1,Completed
207874,3,2016-09-10,Tacoma,49280.75,5.69,Completed
207875,14,2016-09-03,RAV4,42981.82,5.1,Completed
207876,15,2016-09-07,Tacoma,39853.78,4.86,Completed
207877,20,2016-09-12,Corolla,31093.22,5.77,Completed
207878,20,2016-09-01,Tacoma,43525.65,5.77,Completed
207879,20,2016-09-10,Sienna,47980.53,5.77,Completed
207880,8,2016-09-03,Corolla,31142.82,5.84,Completed
207881,19,2016-09-14,Tacoma,35581.52,5.48,Completed
207882,1,2016-09-01,Tundra,47835.97,5.24,Completed
207883,3,2016-09-21,Sienna,53920.93,5.69,Completed
207884,2,2016-09-26,Prius,24146.13,4.0,Completed
207885,19,2016-09-13,Sienna,46015.75,5.48,Completed
207886,7,2016-09-22,Sienna,54923.55,5.39,Completed
207887,12,2016-09-02,Corolla,27622.65,5.65,Completed
207888,6,2016-09-17,Camry,29975.62,3.86,Completed
207889,4,2016-09-08,Tundra,39319.67,3.81,Completed
207890,14,2016-09-18,Tacoma,39043.51,5.1,Completed
207891,1,2016-09-29,Highlander,61030.84,5.24,Completed
207892,11,2016-09-14,Prius,25901.59,4.16,Completed
207893,5,2016-09-08,Tacoma,33955.86,5.34,Completed
207894,3,2016-09-06,Tundra,58877.28,5.69,Completed
207895,11,2016-09-18,Tundra,36332.12,4.16,Completed
207896,7,2016-09-16,Tundra,57649.2,5.39,Pending
207897,13,2016-09-05,Sienna,59849.14,5.61,Completed
207898,6,2016-09-17,Camry,30530.64,3.86,Completed
207899,9,2016-09-23,RAV4,36226.75,4.4,Completed
207900,2,2016-09-17,Highlander,46789.33,4.0,Completed
207901,5,2016-09-15,RAV4,44027.94,5.34,Completed
207902,8,2016-09-29,Corolla,27645.96,5.84,Completed
207903,2,2016-09-12,Camry,33070.25,4.0,Completed
207904,10,2016-09-09,Prius,25947.98,4.88,Completed
207905,3,2016-09-20,Camry,44472.05,5.69,Completed
207906,10,2016-09-19,Camry,28142.21,4.88,Completed
207907,19,2016-09-05,Prius,31421.12,5.48,Completed
207908,16,2016-09-08,Tacoma,43272.53,6.06,Completed
207909,4,2016-09-15,Prius,21693.79,3.81,Completed
207910,13,2016-09-12,Tundra,59260.18,5.61,Completed
207911,6,2016-09-22,Prius,23736.48,3.86,Completed
207912,3,2016-09-22,Sienna,58964.21,5.69,Completed
207913,6,2016-09-18,RAV4,32079.07,3.86,Completed
207914,18,2016-09-04,Tacoma,45530.74,5.68,Completed
207915,8,2016-09-22,Corolla,31702.24,5.84,Completed
207916,17,2016-09-23,Sienna,34250.12,4.51,Completed
207917,14,2016-09-16,Prius,30155.01,5.1,Completed
207918,5,2016-09-14,Corolla,26657.94,5.34,Completed
207919,13,2016-09-29,Sienna,59840.42,5.61,Completed
207920,8,2016-09-09,Camry,42326.02,5.84,Completed
207921,6,2016-09-27,RAV4,36959.81,3.86,Completed
207922,9,2016-09-13,Highlander,47746.16,4.4,Completed
207923,5,2016-09-29,Corolla,27900.91,5.34,Completed
207924,14,2016-09-03,RAV4,47579.26,5.1,Completed
207925,10,2016-09-23,Prius,26477.57,4.88,Completed
207926,13,2016-09-03,Prius,37044.08,5.61,Completed
207927,1,2016-09-28,RAV4,39656.12,5.24,Completed
207928,4,2016-09-20,Tacoma,32198.58,3.81,Completed
207929,6,2016-09-25,RAV4,35768.53,3.86,Completed
207930,11,2016-09-27,Sienna,36202.83,4.16,Completed
207931,11,2016-09-20,Sienna,37368.81,4.16,Completed
207932,7,2016-09-09,Tacoma,48942.3,5.39,Completed
207933,12,2016-09-24,Tacoma,46625.26,5.65,Completed
207934,3,2016-09-05,Sienna,53632.31,5.69,Completed
207935,15,2016-09-14,Sienna,47065.52,4.86,Completed
207936,15,2016-09-20,Tacoma,44026.72,4.86,Completed
207937,12,2016-09-19,Sienna,57031.51,5.65,Completed
207938,15,2016-09-07,Prius,33537.98,4.86,Completed
207939,11,2016-09-30,Corolla,23263.17,4.16,Completed
207940,2,2016-09-13,Camry,31595.18,4.0,Completed
207941,6,2016-09-05,Tundra,41140.97,3.86,Completed
207942,13,2016-09-11,Tundra,52862.85,5.61,Completed
207943,12,2016-09-09,RAV4,49964.64,5.65,Completed
207944,14,2016-09-02,Tacoma,41512.88,5.1,Completed
207945,12,2016-09-08,Sienna,55754.1,5.65,Completed
207946,14,2016-09-20,Tacoma,46419.57,5.1,Completed
207947,18,2016-09-06,Highlander,68424.93,5.68,Completed
207948,5,2016-09-28,RAV4,37576.51,5.34,Completed
207949,17,2016-09-24,Corolla,21267.29,4.51,Pending
207950,6,2016-09-18,Sienna,38873.18,3.86,Completed
207951,20,2016-09-09,Sienna,51515.24,5.77,Completed
207952,3,2016-09-30,RAV4,47722.57,5.69,Completed
207953,9,2016-09-17,Sienna,36135.94,4.4,Completed
207954,17,2016-09-29,Tundra,39215.35,4.51,Completed
207955,19,2016-09-28,Tundra,45556.68,5.48,Completed
207956,5,2016-09-26,RAV4,43262.78,5.34,Completed
207957,14,2016-09-08,Tundra,51999.63,5.1,Completed
207958,7,2016-09-11,Tundra,54590.36,5.39,Pending
207959,18,2016-09-06,Prius,37678.01,5.68,Completed
207960,2,2016-09-20,Camry,32819.14,4.0,Completed
207961,16,2016-09-02,Tundra,58361.78,6.06,Completed
207962,2,2016-09-11,Corolla,23257.21,4.0,Completed
207963,17,2016-09-12,Highlander,45034.44,4.51,Completed
207964,6,2016-09-30,Tacoma,32447.84,3.86,Completed
207965,9,2016-09-21,Corolla,23100.77,4.4,Completed
207966,4,2016-09-02,Tacoma,31239.5,3.81,Completed
207967,7,2016-09-07,Sienna,54742.16,5.39,Completed
207968,14,2016-09-18,Highlander,68523.93,5.1,Completed
207969,2,2016-09-25,Prius,25213.79,4.0,Completed
207970,7,2016-09-19,Tacoma,46190.6,5.39,Completed
207971,14,2016-09-12,Prius,33895.88,5.1,Completed
207972,16,2016-09-28,Highlander,63699.44,6.06,Completed
207973,11,2016-09-02,RAV4,31879.28,4.16,Completed
207974,18,2016-09-01,Corolla,33798.85,5.68,Completed
207975,6,2016-09-12,Tacoma,33932.91,3.86,Completed
207976,7,2016-09-05,Tacoma,43822.68,5.39,Completed
207977,16,2016-09-21,Camry,44100.15,6.06,Completed
207978,20,2016-09-19,RAV4,47074.85,5.77,Completed
207979,2,2016-09-02,Camry,34122.52,4.0,Completed
207980,3,2016-09-14,Tundra,50788.68,5.69,Completed
207981,3,2016-09-30,Sienna,58737.75,5.69,Completed
207982,5,2016-09-27,Sienna,45400.05,5.34,Completed
207983,17,2016-09-14,Prius,24370.82,4.51,Completed
207984,6,2016-09-20,Highlander,43847.16,3.86,Completed
207985,10,2016-09-10,RAV4,36310.57,4.88,Completed
207986,6,2016-09-19,Sienna,37380.67,3.86,Completed
207987,5,2016-09-05,Corolla,27307.85,5.34,Completed
207988,16,2016-09-13,Camry,45461.63,6.06,Completed
207989,10,2016-09-02,Camry,29961.63,4.88,Completed
207990,6,2016-09-29,Highlander,50493.26,3.86,Completed
207991,14,2016-09-20,Tacoma,40896.85,5.1,Completed
207992,14,2016-09-30,Sienna,48701.11,5.1,Completed
207993,2,2016-09-06,Corolla,21714.5,4.0,Completed
207994,14,2016-09-30,Prius,36006.61,5.1,Completed
207995,7,2016-09-18,Prius,31580.42,5.39,Completed
207996,4,2016-09-29,Highlander,47387.52,3.81,Completed
207997,11,2016-09-27,Highlander,46177.34,4.16,Completed
207998,17,2016-09-16,Tacoma,29747.06,4.51,Completed
207999,12,2016-09-22,Sienna,52087.2,5.65,Completed
208000,5,2016-09-04,Prius,28015.62,5.34,Completed
208001,19,2016-09-13,Tacoma,41521.31,5.48,Completed
208002,14,2016-09-26,Tundra,49855.97,5.1,Completed
208003,1,2016-09-01,RAV4,40717.05,5.24,Completed
208004,11,2016-09-08,Prius,23572.6,4.16,Completed
208005,11,2016-09-27,Corolla,20600.96,4.16,Completed
208006,15,2016-09-23,RAV4,47302.12,4.86,Completed
208007,16,2016-09-13,Camry,46110.85,6.06,Completed
208008,7,2016-09-02,Prius,31486.1,5.39,Completed
208009,18,2016-09-30,Corolla,32594.96,5.68,Completed
208010,19,2016-09-15,Prius,32930.45,5.48,Completed
208011,13,2016-09-24,Tacoma,42794.95,5.61,Completed
208012,14,2016-09-17,Corolla,30182.37,5.1,Completed
208013,8,2016-09-21,Sienna,53240.03,5.84,Completed
208014,19,2016-09-04,RAV4,38823.42,5.48,Completed
208015,3,2016-09-03,Corolla,30497.4,5.69,Completed
208016,15,2016-09-24,Prius,33901.0,4.86,Completed
208017,14,2016-09-25,Highlander,60154.78,5.1,Completed
208018,8,2016-09-20,Sienna,49856.04,5.84,Completed
208019,7,2016-09-04,Sienna,48645.07,5.39,Completed
208020,12,2016-09-03,Tundra,47566.59,5.65,Completed
208021,15,2016-09-06,RAV4,44370.42,4.86,Completed
208022,9,2016-09-05,Highlander,48858.15,4.4,Completed
208023,14,2016-09-16,Camry,37266.44,5.1,Completed
208024,20,2016-09-16,Tundra,56435.16,5.77,Completed
208025,11,2016-09-05,Tacoma,34910.35,4.16,Completed
208026,15,2016-09-02,Tundra,47833.62,4.86,Completed
208027,3,2016-09-12,Tacoma,45734.86,5.69,Completed
208028,12,2016-09-19,Tacoma,44861.8,5.65,Completed
208029,19,2016-09-29,Tacoma,37342.92,5.48,Completed
208030,16,2016-09-04,RAV4,54158.93,6.06,Completed
208031,1,2016-09-08,RAV4,42750.87,5.24,Completed
208032,16,2016-09-15,RAV4,45172.83,6.06,Completed
208033,2,2016-09-18,Tundra,40252.2,4.0,Completed
208034,7,2016-09-03,RAV4,52107.63,5.39,Pending
208035,1,2016-09-22,Tundra,46391.38,5.24,Completed
208036,6,2016-09-08,Prius,24712.25,3.86,Completed
208037,17,2016-09-07,Prius,23094.3,4.51,Completed
208038,15,2016-09-07,Sienna,47857.7,4.86,Completed
208039,6,2016-09-29,RAV4,31965.07,3.86,Completed
208040,9,2016-09-18,Corolla,19927.1,4.4,Completed
208041,10,2016-09-11,RAV4,35569.02,4.88,Completed
208042,13,2016-09-19,Sienna,52252.53,5.61,Completed
208043,13,2016-09-07,RAV4,46822.73,5.61,Completed
208044,18,2016-09-07,Camry,45137.58,5.68,Completed
208045,16,2016-09-16,Highlander,64988.96,6.06,Completed
208046,11,2016-09-09,Tacoma,34101.82,4.16,Completed
208047,18,2016-09-23,Tacoma,50701.14,5.68,Completed
208048,9,2016-09-05,Prius,25976.55,4.4,Completed
208049,16,2016-09-06,RAV4,46738.11,6.06,Completed
208050,2,2016-09-10,Camry,29658.03,4.0,Completed
208051,2,2016-09-15,Corolla,22695.84,4.0,Completed
208052,6,2016-09-11,Corolla,21758.83,3.86,Completed
208053,1,2016-09-25,Sienna,41828.29,5.24,Completed
208054,14,2016-09-25,Prius,35994.18,5.1,Cancelled
208055,9,2016-09-09,Prius,26429.69,4.4,Completed
208056,20,2016-09-08,RAV4,50867.14,5.77,Completed
208057,2,2016-09-24,Tacoma,32191.38,4.0,Completed
208058,17,2016-09-20,Corolla,20224.02,4.51,Completed
208059,8,2016-09-08,Tacoma,46518.65,5.84,Completed
208060,16,2016-09-30,Camry,41813.26,6.06,Completed
208061,12,2016-09-28,Sienna,47011.04,5.65,Completed
208062,9,2016-09-21,Corolla,22435.28,4.4,Completed
208063,5,2016-09-04,Highlander,59883.7,5.34,Completed
208064,10,2016-09-09,Prius,26429.42,4.88,Completed
208065,17,2016-09-01,Highlander,45379.15,4.51,Completed
208066,9,2016-09-28,Corolla,22731.79,4.4,Completed
208067,2,2016-09-15,RAV4,35068.11,4.0,Completed
208068,10,2016-09-14,Tacoma,36466.99,4.88,Completed
208069,3,2016-09-09,Camry,38949.08,5.69,Completed
208070,10,2016-09-15,Tundra,41513.57,4.88,Completed
208071,1,2016-09-14,Prius,31118.53,5.24,Completed
208072,12,2016-09-27,Corolla,30734.98,5.65,Completed
208073,14,2016-09-21,Corolla,30074.69,5.1,Completed
208074,4,2016-09-16,RAV4,30585.71,3.81,Completed
208075,11,2016-09-01,Tacoma,35702.86,4.16,Completed
208076,13,2016-09-26,Sienna,60029.72,5.61,Completed
208077,12,2016-09-20,Camry,40166.13,5.65,Completed
208078,4,2016-09-18,Tundra,39324.64,3.81,Completed
208079,10,2016-09-11,Tundra,38197.36,4.88,Completed
208080,5,2016-09-06,Sienna,45176.6,5.34,Completed
208081,6,2016-09-29,Highlander,48595.22,3.86,Completed
208082,7,2016-09-11,RAV4,49707.21,5.39,Completed
208083,17,2016-09-11,Tacoma,34230.37,4.51,Completed
208084,3,2016-09-30,Sienna,55831.22,5.69,Completed
208085,20,2016-09-16,Highlander,66191.88,5.77,Completed
208086,15,2016-09-10,Prius,32540.25,4.86,Completed
208087,18,2016-09-28,Tacoma,44365.78,5.68,Completed
208088,14,2016-09-02,Highlander,66123.55,5.1,Completed
208089,10,2016-09-29,Tacoma,30537.45,4.88,Completed
208090,10,2016-09-07,RAV4,37362.33,4.88,Completed
208091,15,2016-09-22,Sienna,47801.74,4.86,Completed
208092,14,2016-09-25,Tundra,48946.87,5.1,Completed
208093,6,2016-09-08,Tacoma,29311.67,3.86,Completed
208094,7,2016-09-03,RAV4,50878.36,5.39,Completed
208095,6,2016-09-12,Corolla,23412.29,3.86,Completed
208096,13,2016-09-30,Corolla,33965.1,5.61,Completed
208097,16,2016-09-28,Sienna,49132.57,6.06,Completed
208098,11,2016-09-17,Tacoma,33155.27,4.16,Completed
208099,8,2016-09-14,Highlander,73565.74,5.84,Completed
208100,11,2016-09-28,Camry,30866.76,4.16,Completed
208101,2,2016-09-14,Highlander,55593.56,4.0,Completed
208102,12,2016-09-07,Highlander,67860.56,5.65,Completed
208103,3,2016-09-29,RAV4,54067.63,5.69,Completed
208104,6,2016-09-06,Sienna,36565.91,3.86,Completed
208105,15,2016-09-11,Tundra,55776.09,4.86,Completed
208106,7,2016-09-13,Tundra,49156.06,5.39,Completed
208107,4,2016-09-14,Corolla,22742.47,3.81,Completed
208108,7,2016-09-24,Tacoma,46422.63,5.39,Completed
208109,17,2016-09-10,Corolla,22377.57,4.51,Pending
208110,5,2016-09-25,Sienna,44544.29,5.34,Completed
208111,10,2016-09-16,Tundra,36841.86,4.88,Completed
208112,12,2016-09-30,RAV4,50593.86,5.65,Completed
208113,4,2016-09-10,Camry,26510.0,3.81,Completed
208114,4,2016-09-28,Tundra,35332.3,3.81,Completed
208115,11,2016-09-02,Tacoma,32717.27,4.16,Completed
208116,1,2016-09-13,Sienna,42255.86,5.24,Completed
208117,10,2016-09-05,Highlander,50222.75,4.88,Completed
208118,12,2016-09-07,Sienna,52083.36,5.65,Completed
208119,7,2016-09-18,Corolla,27929.69,5.39,Completed
208120,12,2016-09-02,Tacoma,41567.16,5.65,Completed
208121,11,2016-09-04,RAV4,33679.88,4.16,Completed
208122,8,2016-09-04,Corolla,28504.66,5.84,Completed
208123,8,2016-09-02,Corolla,28485.88,5.84,Completed
208124,20,2016-09-24,Camry,40921.83,5.77,Pending
208125,6,2016-09-11,Sienna,37013.84,3.86,Completed
208126,5,2016-09-02,Tacoma,39258.9,5.34,Completed
208127,17,2016-09-08,Tacoma,28227.19,4.51,Completed
208128,2,2016-09-11,Highlander,49636.49,4.0,Completed
208129,13,2016-09-27,Sienna,54786.42,5.61,Completed
208130,15,2016-09-06,Highlander,67287.2,4.86,Completed
208131,14,2016-09-16,Tacoma,41326.58,5.1,Completed
208132,8,2016-09-01,RAV4,50555.02,5.84,Completed
208133,20,2016-09-20,Prius,32793.45,5.77,Completed
208134,7,2016-09-06,RAV4,47167.96,5.39,Completed
208135,9,2016-09-07,Tacoma,32778.87,4.4,Completed
208136,12,2016-09-22,Camry,44015.95,5.65,Completed
208137,12,2016-09-17,Tacoma,44223.7,5.65,Completed
208138,19,2016-09-28,Tacoma,39278.19,5.48,Completed
208139,8,2016-09-05,Highlander,73109.04,5.84,Completed
208140,19,2016-09-12,Tacoma,37942.97,5.48,Completed
208141,19,2016-09-26,Corolla,26670.68,5.48,Completed
208142,17,2016-09-23,Sienna,35978.97,4.51,Completed
208143,18,2016-09-22,RAV4,50557.23,5.68,Completed
208144,9,2016-09-11,RAV4,38184.12,4.4,Completed
208145,17,2016-09-07,Highlander,51732.74,4.51,Completed
208146,2,2016-09-11,Camry,31205.62,4.0,Completed
208147,5,2016-09-18,Tundra,46697.16,5.34,Completed
208148,3,2016-09-07,RAV4,48008.91,5.69,Completed
208149,20,2016-09-15,Sienna,48570.65,5.77,Completed
208150,20,2016-09-12,Tacoma,42353.07,5.77,Completed
208151,9,2016-09-10,Camry,30261.18,4.4,Completed
208152,17,2016-09-28,Prius,24617.19,4.51,Completed
208153,17,2016-09-16,RAV4,36729.72,4.51,Completed
208154,1,2016-09-04,Sienna,42583.69,5.24,Completed
208155,14,2016-09-26,Corolla,26183.06,5.1,Completed
208156,8,2016-09-17,Sienna,48403.68,5.84,Completed
208157,4,2016-09-02,Tacoma,28457.43,3.81,Completed
208158,6,2016-09-09,Highlander,43944.89,3.86,Completed
208159,8,2016-09-06,Tundra,49093.55,5.84,Completed
208160,20,2016-09-01,Corolla,29649.66,5.77,Completed
208161,8,2016-09-29,Sienna,55508.94,5.84,Completed
208162,13,2016-09-16,Sienna,50392.92,5.61,Completed
208163,18,2016-09-25,Sienna,56311.65,5.68,Completed
208164,12,2016-09-09,Camry,36984.89,5.65,Completed
208165,13,2016-09-02,Highlander,66521.37,5.61,Completed
208166,20,2016-09-18,Camry,45548.29,5.77,Completed
208167,19,2016-09-27,RAV4,41156.41,5.48,Completed
208168,8,2016-09-03,Camry,42339.14,5.84,Completed
208169,9,2016-09-18,Camry,29337.44,4.4,Completed
208170,10,2016-09-12,RAV4,32839.13,4.88,Completed
208171,3,2016-09-15,Highlander,76074.17,5.69,Completed
208172,19,2016-09-11,Corolla,28578.38,5.48,Completed
208173,13,2016-09-02,Highlander,73461.46,5.61,Completed
208174,9,2016-09-24,Tacoma,29062.44,4.4,Completed
208175,12,2016-09-25,Tundra,52424.8,5.65,Completed
208176,10,2016-09-09,Tacoma,32525.08,4.88,Completed
208177,15,2016-09-08,Camry,42473.27,4.86,Cancelled
208178,10,2016-09-16,Camry,32122.93,4.88,Completed
208179,6,2016-09-25,Tundra,37299.93,3.86,Completed
208180,15,2016-09-16,Prius,37276.39,4.86,Completed
208181,11,2016-09-22,Sienna,41437.89,4.16,Completed
208182,19,2016-09-28,Sienna,43663.86,5.48,Completed
208183,12,2016-09-19,Prius,33312.99,5.65,Pending
208184,15,2016-09-15,RAV4,44333.09,4.86,Completed
208185,14,2016-09-24,Tacoma,39875.7,5.1,Completed
208186,12,2016-09-11,Corolla,27301.56,5.65,Completed
208187,5,2016-09-07,Corolla,25885.18,5.34,Pending
208188,4,2016-09-30,Corolla,18924.72,3.81,Completed
208189,11,2016-09-10,RAV4,38445.41,4.16,Completed
208190,15,2016-09-15,Tacoma,41326.69,4.86,Completed
208191,19,2016-09-23,Sienna,49225.87,5.48,Completed
208192,14,2016-09-13,Prius,35905.01,5.1,Completed
208193,17,2016-09-04,Highlander,45721.21,4.51,Completed
208194,9,2016-09-27,Tacoma,32536.78,4.4,Completed
208195,7,2016-09-09,Tundra,48704.2,5.39,Completed
208196,14,2016-09-20,Tundra,47798.97,5.1,Completed
208197,14,2016-09-11,Prius,30383.75,5.1,Cancelled
208198,1,2016-09-09,Tacoma,33699.93,5.24,Pending
208199,10,2016-09-25,Tacoma,33805.27,4.88,Completed
208200,12,2016-09-10,Highlander,60599.74,5.65,Completed
208201,11,2016-09-04,RAV4,33862.19,4.16,Completed
208202,7,2016-09-06,Camry,39092.5,5.39,Completed
208203,13,2016-09-10,Sienna,52183.46,5.61,Completed
208204,10,2016-09-12,Highlander,49776.23,4.88,Completed
208205,7,2016-09-10,Highlander,71575.44,5.39,Completed
208206,18,2016-09-11,Tacoma,43602.85,5.68,Completed
208207,18,2016-09-11,Tundra,57275.97,5.68,Completed
208208,19,2016-09-07,Camry,39459.66,5.48,Completed
208209,5,2016-09-14,Camry,35815.42,5.34,Completed
208210,3,2016-09-22,Tundra,55813.92,5.69,Completed
208211,7,2016-09-30,Tacoma,45855.72,5.39,Completed
208212,20,2016-09-06,Highlander,67740.39,5.77,Completed
208213,14,2016-09-20,Tacoma,45654.01,5.1,Completed
208214,10,2016-09-20,Sienna,36187.51,4.88,Completed
208215,1,2016-09-23,Tundra,45645.89,5.24,Completed
208216,9,2016-09-27,Tundra,34856.33,4.4,Completed
208217,2,2016-09-26,Highlander,55236.9,4.0,Completed
208218,18,2016-09-06,Tacoma,44302.03,5.68,Completed
208219,15,2016-09-03,Highlander,72616.24,4.86,Completed
208220,17,2016-09-29,Tacoma,33605.19,4.51,Completed
208221,7,2016-09-30,Camry,43630.43,5.39,Completed
208222,4,2016-09-14,Sienna,38915.03,3.81,Completed
208223,17,2016-09-23,Highlander,50575.87,4.51,Completed
208224,10,2016-09-03,Sienna,36821.34,4.88,Completed
208225,20,2016-09-24,Sienna,50194.95,5.77,Completed
208226,3,2016-09-03,Highlander,70257.16,5.69,Completed
208227,15,2016-09-05,Sienna,52463.73,4.86,Completed
208228,15,2016-09-07,Prius,35883.57,4.86,Completed
208229,16,2016-09-14,RAV4,46078.75,6.06,Pending
208230,11,2016-09-19,Sienna,35268.84,4.16,Completed
208231,17,2016-09-04,Tundra,40688.4,4.51,Completed
208232,16,2016-09-23,Highlander,66487.75,6.06,Completed
208233,7,2016-09-25,Camry,41906.44,5.39,Completed
208234,14,2016-09-14,Corolla,26257.11,5.1,Completed
208235,17,2016-09-11,Sienna,40507.81,4.51,Completed
208236,4,2016-09-18,Tacoma,31554.8,3.81,Completed
208237,8,2016-09-29,Camry,38264.15,5.84,Completed
208238,8,2016-09-08,Highlander,70722.52,5.84,Cancelled
208239,1,2016-09-12,Tundra,44878.86,5.24,Completed
208240,9,2016-09-10,RAV4,33589.05,4.4,Completed
208241,20,2016-09-28,Tacoma,43528.74,5.77,Completed
208242,19,2016-09-03,Corolla,27389.35,5.48,Completed
208243,19,2016-09-22,Highlander,62959.93,5.48,Completed
208244,8,2016-09-19,Highlander,66718.3,5.84,Completed
208245,20,2016-09-19,Camry,42605.72,5.77,Pending
208246,14,2016-09-11,Corolla,30502.58,5.1,Completed
208247,19,2016-09-04,Camry,34774.64,5.48,Completed
208248,10,2016-09-01,Sienna,38407.07,4.88,Completed
208249,15,2016-09-01,Sienna,53452.67,4.86,Completed
208250,15,2016-09-13,Prius,35315.02,4.86,Completed
208251,4,2016-09-21,Camry,27295.41,3.81,Completed
208252,14,2016-09-13,Corolla,27001.5,5.1,Completed
208253,19,2016-09-04,Camry,39515.3,5.48,Completed
208254,10,2016-09-10,Camry,27961.73,4.88,Completed
208255,10,2016-09-25,Corolla,21858.2,4.88,Completed
208256,5,2016-09-20,Corolla,24542.74,5.34,Completed
208257,6,2016-09-07,Prius,26759.86,3.86,Completed
208258,10,2016-09-03,Tundra,36330.01,4.88,Completed
208259,8,2016-09-28,Camry,37375.35,5.84,Completed
208260,19,2016-09-19,RAV4,44717.23,5.48,Completed
208261,8,2016-09-24,Prius,37460.6,5.84,Completed
208262,19,2016-09-12,Camry,35441.78,5.48,Pending
208263,13,2016-09-22,Prius,32881.49,5.61,Completed
208264,10,2016-09-06,Prius,25910.87,4.88,Completed
208265,1,2016-09-23,Corolla,25235.45,5.24,Completed
208266,5,2016-09-12,Prius,30198.82,5.34,Completed
208267,6,2016-09-17,Tacoma,31465.54,3.86,Completed
208268,9,2016-09-18,Prius,24200.81,4.4,Completed
208269,18,2016-09-24,Corolla,32471.79,5.68,Completed
208270,18,2016-09-25,RAV4,56473.35,5.68,Completed
208271,1,2016-09-21,Corolla,25299.58,5.24,Completed
208272,2,2016-09-18,Sienna,43149.48,4.0,Completed
208273,3,2016-09-20,Sienna,53001.47,5.69,Completed
208274,18,2016-09-02,Tacoma,50474.31,5.68,Completed
208275,16,2016-09-14,Corolla,30358.13,6.06,Completed
208276,3,2016-09-18,Prius,33476.6,5.69,Pending
208277,13,2016-09-27,Corolla,28440.36,5.61,Completed
208278,8,2016-09-29,Tacoma,46268.28,5.84,Completed
208279,6,2016-09-21,Camry,31519.88,3.86,Completed
208280,8,2016-09-10,Sienna,53687.68,5.84,Completed
208281,10,2016-09-15,RAV4,36346.06,4.88,Completed
208282,3,2016-09-06,RAV4,46111.15,5.69,Completed
208283,20,2016-09-02,Prius,32084.22,5.77,Completed
208284,14,2016-09-02,Camry,37742.31,5.1,Completed
208285,6,2016-09-18,Prius,26026.11,3.86,Completed
208286,9,2016-09-25,Tacoma,29103.04,4.4,Completed
208287,8,2016-09-17,Tundra,47672.98,5.84,Completed
208288,19,2016-09-24,Tacoma,37598.7,5.48,Completed
208289,3,2016-09-30,Highlander,65916.6,5.69,Completed
208290,14,2016-09-10,Prius,31768.91,5.1,Completed
208291,11,2016-09-23,Tacoma,31527.07,4.16,Completed
208292,15,2016-09-07,Corolla,29461.4,4.86,Completed
208293,4,2016-09-15,Tacoma,28679.95,3.81,Completed
208294,8,2016-09-09,Prius,30952.16,5.84,Completed
208295,8,2016-09-20,RAV4,48598.51,5.84,Completed
208296,3,2016-09-11,Highlander,75051.64,5.69,Completed
208297,7,2016-09-16,Sienna,58622.93,5.39,Completed
208298,9,2016-09-03,Tundra,38620.63,4.4,Completed
208299,7,2016-09-22,Camry,43168.38,5.39,Completed
208300,13,2016-09-30,Tacoma,50073.38,5.61,Completed
208301,6,2016-09-26,Highlander,52063.65,3.86,Completed
208302,17,2016-09-26,Corolla,22519.77,4.51,Completed
208303,7,2016-09-20,RAV4,45007.21,5.39,Completed
208304,18,2016-09-29,Tacoma,46754.25,5.68,Pending
208305,4,2016-09-27,Prius,25522.2,3.81,Completed
208306,16,2016-09-14,RAV4,54417.95,6.06,Completed
208307,10,2016-09-28,Highlander,50526.01,4.88,Completed
208308,18,2016-09-29,Prius,38178.29,5.68,Completed
208309,2,2016-09-05,Camry,32433.96,4.0,Completed
208310,12,2016-09-24,Corolla,30299.56,5.65,Completed
208311,8,2016-09-06,Camry,45138.59,5.84,Completed
208312,12,2016-09-22,RAV4,48142.07,5.65,Completed
208313,2,2016-09-01,RAV4,38937.73,4.0,Pending
208314,1,2016-09-16,Tundra,47196.94,5.24,Completed
208315,5,2016-09-04,Highlander,52982.11,5.34,Completed
208316,10,2016-09-23,Tundra,39850.18,4.88,Completed
208317,4,2016-09-02,Prius,25501.5,3.81,Completed
208318,14,2016-09-18,Highlander,59898.78,5.1,Completed
208319,8,2016-09-03,Sienna,53945.27,5.84,Completed
208320,6,2016-09-02,Tacoma,33230.89,3.86,Completed
208321,5,2016-09-27,Highlander,51476.26,5.34,Cancelled
208322,13,2016-09-13,Highlander,70493.59,5.61,Completed
208323,16,2016-09-22,Highlander,73040.74,6.06,Completed
208324,7,2016-09-20,Prius,37049.87,5.39,Completed
208325,13,2016-09-15,Corolla,29091.49,5.61,Cancelled
208326,5,2016-09-23,Tacoma,36749.32,5.34,Completed
208327,12,2016-09-29,Corolla,31817.33,5.65,Completed
208328,1,2016-09-29,Prius,25933.45,5.24,Completed
208329,1,2016-09-05,Tundra,47579.44,5.24,Completed
208330,10,2016-09-02,Camry,33736.97,4.88,Completed
208331,9,2016-09-10,Tacoma,33267.1,4.4,Completed
208332,20,2016-09-12,Prius,31616.23,5.77,Completed
208333,1,2016-09-07,Tundra,42830.09,5.24,Completed
208334,10,2016-09-19,Highlander,52175.09,4.88,Completed
208335,1,2016-09-22,Tundra,45377.8,5.24,Completed
208336,5,2016-09-10,Sienna,47171.16,5.34,Completed
208337,15,2016-09-29,Camry,42056.58,4.86,Completed
208338,5,2016-09-23,RAV4,43799.55,5.34,Pending
208339,8,2016-09-13,Tacoma,48248.21,5.84,Completed
208340,8,2016-09-24,Sienna,57535.41,5.84,Completed
208341,3,2016-09-11,Highlander,68171.7,5.69,Completed
208342,12,2016-09-19,Tacoma,42711.66,5.65,Completed
208343,19,2016-09-10,Corolla,25662.49,5.48,Completed
208344,19,2016-09-10,Tundra,47655.53,5.48,Completed
208345,3,2016-09-17,Corolla,29060.71,5.69,Completed
208346,8,2016-09-24,Prius,36845.14,5.84,Completed
208347,2,2016-09-17,Highlander,46827.52,4.0,Completed
208348,17,2016-09-24,Camry,27968.83,4.51,Completed
208349,11,2016-09-18,Tundra,41332.54,4.16,Completed
208350,5,2016-09-06,Sienna,47294.31,5.34,Completed
208351,18,2016-09-15,RAV4,51334.67,5.68,Completed
208352,18,2016-09-12,Sienna,55802.07,5.68,Completed
208353,17,2016-09-22,RAV4,36609.63,4.51,Completed
208354,13,2016-09-07,Prius,39188.6,5.61,Pending
208355,11,2016-09-02,Corolla,22503.93,4.16,Completed
208356,19,2016-09-28,Tacoma,42473.77,5.48,Completed
208357,12,2016-09-17,Corolla,29396.58,5.65,Completed
208358,4,2016-09-01,Corolla,21703.3,3.81,Completed
208359,9,2016-09-04,Prius,25170.43,4.4,Completed
208360,12,2016-09-28,Corolla,27380.66,5.65,Completed
208361,7,2016-09-23,RAV4,46050.24,5.39,Completed
208362,3,2016-09-10,Tacoma,48514.57,5.69,Completed
208363,6,2016-09-29,Camry,26778.39,3.86,Completed
208364,19,2016-09-25,Sienna,48016.49,5.48,Completed
208365,3,2016-09-16,Camry,44592.38,5.69,Pending
208366,4,2016-09-12,Tacoma,28581.6,3.81,Completed
208367,8,2016-09-11,Corolla,32156.1,5.84,Completed
208368,19,2016-09-03,Prius,29632.84,5.48,Completed
208369,5,2016-09-29,Sienna,47971.9,5.34,Completed
208370,14,2016-09-04,RAV4,48204.47,5.1,Completed
208371,15,2016-09-07,Corolla,31084.7,4.86,Completed
208372,18,2016-09-28,Highlander,74351.35,5.68,Completed
208373,16,2016-09-28,Prius,36763.58,6.06,Cancelled
208374,1,2016-09-29,Tundra,42199.81,5.24,Completed
208375,4,2016-09-27,Camry,29104.33,3.81,Completed
208376,9,2016-09-24,RAV4,37228.84,4.4,Completed
208377,18,2016-09-09,Prius,34940.58,5.68,Completed
208378,12,2016-09-12,RAV4,50044.32,5.65,Completed
208379,5,2016-09-02,Corolla,23858.44,5.34,Completed
208380,7,2016-09-17,Sienna,51640.37,5.39,Completed
208381,7,2016-09-03,Highlander,65970.01,5.39,Completed
208382,5,2016-09-04,Sienna,40298.51,5.34,Completed
208383,19,2016-09-20,Tacoma,35646.73,5.48,Completed
208384,9,2016-09-05,Tundra,39709.05,4.4,Completed
208385,20,2016-09-23,Corolla,28839.99,5.77,Completed
208386,3,2016-09-27,Camry,39990.02,5.69,Completed
208387,20,2016-09-28,Prius,31826.74,5.77,Completed
208388,11,2016-09-01,Camry,32899.2,4.16,Completed
208389,13,2016-09-03,Corolla,31851.33,5.61,Completed
208390,5,2016-09-14,RAV4,41616.51,5.34,Completed
208391,19,2016-09-20,Sienna,42706.33,5.48,Completed
208392,4,2016-09-16,Prius,25132.23,3.81,Completed
208393,10,2016-09-22,Camry,31604.28,4.88,Completed
208394,18,2016-09-01,Sienna,52434.83,5.68,Completed
208395,15,2016-09-12,Corolla,28944.77,4.86,Completed
208396,2,2016-09-30,Tacoma,34961.92,4.0,Completed
208397,18,2016-09-07,Camry,41380.83,5.68,Completed
208398,7,2016-09-27,RAV4,52540.48,5.39,Pending
208399,1,2016-09-01,Highlander,51657.25,5.24,Completed
208400,20,2016-09-16,Sienna,57367.11,5.77,Completed
208401,9,2016-09-16,Prius,27024.57,4.4,Completed
208402,12,2016-09-23,Highlander,61535.89,5.65,Completed
208403,18,2016-09-15,Tundra,56564.02,5.68,Completed
208404,16,2016-09-15,RAV4,47047.53,6.06,Completed
208405,17,2016-09-01,Tundra,35183.01,4.51,Completed
208406,8,2016-09-19,Corolla,31817.93,5.84,Completed
208407,6,2016-09-12,Prius,25537.38,3.86,Completed
208408,1,2016-09-15,Camry,32200.19,5.24,Completed
208409,12,2016-09-04,Sienna,51703.46,5.65,Completed
208410,9,2016-09-21,Camry,32802.8,4.4,Cancelled
208411,20,2016-09-15,Camry,40873.97,5.77,Completed
208412,2,2016-09-02,Tundra,38354.37,4.0,Completed
208413,13,2016-09-03,Tacoma,46224.13,5.61,Pending
208414,6,2016-09-01,Tundra,40111.54,3.86,Completed
208415,14,2016-09-17,Corolla,29390.28,5.1,Completed
208416,2,2016-09-27,Prius,25333.35,4.0,Completed
208417,9,2016-09-27,Tundra,37591.8,4.4,Completed
208418,12,2016-09-24,RAV4,48663.83,5.65,Completed
208419,14,2016-09-06,Tacoma,38517.25,5.1,Completed
208420,3,2016-09-02,Corolla,33877.92,5.69,Completed
208421,16,2016-09-02,Tacoma,46615.86,6.06,Completed
208422,9,2016-09-21,Sienna,40937.91,4.4,Completed
208423,8,2016-09-09,Camry,40651.36,5.84,Pending
208424,10,2016-09-14,Highlander,48377.11,4.88,Completed
208425,13,2016-09-25,Tacoma,43719.99,5.61,Completed
208426,17,2016-09-15,Highlander,43268.72,4.51,Completed
208427,13,2016-09-04,RAV4,54199.85,5.61,Completed
208428,20,2016-09-23,Highlander,63113.76,5.77,Completed
208429,13,2016-09-12,Camry,45439.21,5.61,Completed
208430,10,2016-09-11,RAV4,33499.13,4.88,Completed
208431,16,2016-09-08,Camry,42413.88,6.06,Completed
208432,2,2016-09-06,Highlander,46831.16,4.0,Completed
208433,10,2016-09-13,Corolla,23074.78,4.88,Completed
208434,3,2016-09-18,Camry,42658.81,5.69,Pending
208435,17,2016-09-19,Camry,26281.59,4.51,Completed
208436,4,2016-09-03,Highlander,51167.9,3.81,Completed
208437,17,2016-09-14,Tacoma,33773.59,4.51,Completed
208438,8,2016-09-25,Corolla,32067.43,5.84,Completed
208439,4,2016-09-27,Tundra,38024.44,3.81,Completed
208440,12,2016-09-06,Highlander,69018.74,5.65,Completed
208441,10,2016-09-10,Tacoma,31343.15,4.88,Completed
208442,10,2016-09-13,Sienna,39519.17,4.88,Completed
208443,8,2016-09-23,Camry,38799.93,5.84,Completed
208444,20,2016-09-05,Tacoma,46349.92,5.77,Completed
208445,14,2016-09-01,Corolla,30061.25,5.1,Completed
208446,9,2016-09-21,Sienna,36363.59,4.4,Completed
208447,14,2016-09-18,Highlander,64208.18,5.1,Completed
208448,19,2016-09-30,RAV4,41120.73,5.48,Completed
208449,3,2016-09-14,Highlander,67710.57,5.69,Completed
208450,3,2016-09-13,Camry,46448.06,5.69,Cancelled
208451,9,2016-09-19,Prius,24637.51,4.4,Completed
208452,17,2016-09-07,Tacoma,31941.7,4.51,Cancelled
208453,7,2016-09-15,RAV4,51934.88,5.39,Completed
208454,6,2016-09-07,Tundra,40058.08,3.86,Completed
208455,19,2016-09-23,Sienna,49376.46,5.48,Completed
208456,17,2016-09-26,Tundra,38537.05,4.51,Completed
208457,13,2016-09-12,Tundra,60600.13,5.61,Completed
208458,9,2016-09-14,Highlander,47003.75,4.4,Completed
208459,19,2016-09-27,Sienna,43188.74,5.48,Completed
208460,2,2016-09-11,Camry,29427.88,4.0,Completed
208461,12,2016-09-10,Prius,31586.81,5.65,Completed
208462,13,2016-09-28,Camry,39052.73,5.61,Completed
208463,17,2016-09-02,Prius,23641.89,4.51,Completed
208464,6,2016-09-04,RAV4,32130.99,3.86,Completed
208465,20,2016-09-23,RAV4,46835.49,5.77,Completed
208466,6,2016-09-18,Prius,24069.57,3.86,Completed
208467,2,2016-09-28,Camry,29248.88,4.0,Completed
208468,11,2016-09-22,Corolla,22287.05,4.16,Completed
208469,20,2016-09-06,Corolla,33007.07,5.77,Completed
208470,12,2016-09-14,Prius,35564.67,5.65,Completed
208471,9,2016-09-19,Prius,23549.62,4.4,Completed
208472,12,2016-09-11,Sienna,49359.19,5.65,Completed
208473,18,2016-09-12,Sienna,55550.53,5.68,Cancelled
208474,11,2016-09-10,Highlander,50487.2,4.16,Completed
208475,18,2016-09-20,Corolla,32702.93,5.68,Completed
208476,5,2016-09-26,Corolla,27515.76,5.34,Completed
208477,11,2016-09-04,Prius,24587.3,4.16,Completed
208478,17,2016-09-26,Highlander,44664.01,4.51,Completed
208479,4,2016-09-15,Corolla,20310.58,3.81,Cancelled
208480,12,2016-09-28,Sienna,47750.52,5.65,Completed
208481,15,2016-09-19,Corolla,28077.8,4.86,Completed
208482,20,2016-09-21,Prius,33432.28,5.77,Completed
208483,2,2016-09-19,Camry,30079.21,4.0,Completed
208484,7,2016-09-28,Tacoma,42548.72,5.39,Completed
208485,5,2016-09-10,Prius,30005.15,5.34,Completed
208486,13,2016-09-12,RAV4,50578.76,5.61,Cancelled
208487,10,2016-09-01,Corolla,22769.1,4.88,Completed
208488,10,2016-09-03,Tacoma,34092.57,4.88,Completed
208489,13,2016-09-07,Highlander,76173.74,5.61,Completed
208490,12,2016-09-19,Prius,35156.85,5.65,Completed
208491,16,2016-09-07,Prius,35329.48,6.06,Completed
208492,4,2016-09-12,RAV4,33062.29,3.81,Completed
208493,14,2016-09-01,RAV4,49249.08,5.1,Completed
208494,2,2016-09-01,Sienna,39259.79,4.0,Completed
208495,5,2016-09-07,Prius,29484.55,5.34,Completed
208496,5,2016-09-17,Prius,30959.51,5.34,Completed
208497,8,2016-09-04,Highlander,61901.59,5.84,Completed
208498,7,2016-09-10,RAV4,44198.12,5.39,Completed
208499,20,2016-09-23,RAV4,48245.85,5.77,Completed
208500,11,2016-09-29,Corolla,21751.94,4.16,Completed
208501,10,2016-09-24,Tundra,43503.12,4.88,Completed
208502,19,2016-09-29,Tacoma,40173.87,5.48,Completed
208503,1,2016-09-12,Tacoma,34903.39,5.24,Completed
208504,8,2016-09-06,Prius,35709.83,5.84,Completed
208505,8,2016-09-09,RAV4,48691.51,5.84,Pending
208506,18,2016-09-12,Prius,39046.38,5.68,Completed
208507,4,2016-09-23,Corolla,22030.16,3.81,Completed
208508,2,2016-09-12,Corolla,20879.39,4.0,Completed
208509,17,2016-09-11,Sienna,33514.54,4.51,Completed
208510,13,2016-09-28,Tacoma,46264.71,5.61,Completed
208511,20,2016-09-07,Highlander,74045.08,5.77,Completed
208512,7,2016-09-24,Highlander,62344.34,5.39,Completed
208513,14,2016-09-10,Highlander,70560.37,5.1,Pending
208514,3,2016-09-19,Sienna,56082.37,5.69,Pending
208515,20,2016-09-28,Highlander,71108.46,5.77,Completed
208516,5,2016-09-04,Sienna,49038.02,5.34,Completed
208517,15,2016-09-05,Highlander,70264.4,4.86,Completed
208518,11,2016-09-21,Highlander,51903.09,4.16,Completed
208519,17,2016-09-11,RAV4,34207.46,4.51,Completed
208520,1,2016-09-06,Corolla,26514.36,5.24,Completed
208521,19,2016-09-08,Tundra,42079.84,5.48,Completed
208522,7,2016-09-27,Corolla,32355.02,5.39,Completed
208523,8,2016-09-17,Camry,39421.03,5.84,Completed
208524,2,2016-09-16,Tacoma,32263.27,4.0,Completed
208525,18,2016-09-04,Tundra,56606.2,5.68,Completed
208526,3,2016-09-29,Prius,33523.79,5.69,Completed
208527,13,2016-09-28,Highlander,71205.16,5.61,Completed
208528,20,2016-09-20,Camry,40730.76,5.77,Completed
208529,6,2016-09-14,RAV4,31097.92,3.86,Completed
208530,5,2016-09-12,Tacoma,38262.23,5.34,Completed
208531,17,2016-09-25,Tundra,39379.94,4.51,Completed
208532,6,2016-09-08,Tacoma,29422.71,3.86,Completed
208533,19,2016-09-05,Camry,36387.39,5.48,Completed
208534,19,2016-09-09,Corolla,24737.34,5.48,Completed
208535,14,2016-09-04,Prius,35001.41,5.1,Completed
208536,17,2016-09-28,Prius,23954.42,4.51,Completed
208537,17,2016-09-18,Highlander,48661.2,4.51,Completed
208538,8,2016-09-01,Tacoma,48310.47,5.84,Completed
208539,19,2016-09-26,Camry,35329.02,5.48,Pending
208540,7,2016-09-19,Corolla,29744.59,5.39,Completed
208541,17,2016-09-02,Prius,23014.16,4.51,Pending
208542,6,2016-09-25,Camry,28291.74,3.86,Completed
208543,4,2016-09-07,Corolla,19765.56,3.81,Completed
208544,2,2016-09-01,Tacoma,30979.13,4.0,Completed
208545,16,2016-09-19,RAV4,48231.51,6.06,Completed
208546,3,2016-09-18,RAV4,50102.08,5.69,Completed
208547,12,2016-09-12,Highlander,61394.82,5.65,Completed
208548,12,2016-09-09,Tundra,50177.88,5.65,Pending
208549,18,2016-09-26,Tacoma,50573.38,5.68,Completed
208550,14,2016-09-29,Camry,37092.46,5.1,Completed
208551,10,2016-09-14,Prius,23354.68,4.88,Completed
208552,3,2016-09-20,Tacoma,44569.81,5.69,Completed
208553,11,2016-09-26,Camry,31247.4,4.16,Completed
208554,6,2016-09-06,Tacoma,30087.24,3.86,Completed
208555,7,2016-09-14,Prius,33636.96,5.39,Completed
208556,5,2016-09-28,Prius,31115.12,5.34,Completed
208557,3,2016-09-19,Sienna,50424.07,5.69,Completed
208558,11,2016-09-15,Tacoma,30894.63,4.16,Completed
208559,19,2016-09-27,Highlander,61122.11,5.48,Completed
208560,12,2016-09-20,Tundra,52500.61,5.65,Pending
208561,8,2016-09-23,Tacoma,41997.56,5.84,Completed
208562,12,2016-09-05,Highlander,60937.19,5.65,Completed
208563,18,2016-09-29,Corolla,35244.49,5.68,Completed
208564,4,2016-09-29,RAV4,33746.43,3.81,Completed
208565,12,2016-09-19,Camry,40001.01,5.65,Completed
208566,5,2016-09-16,Tacoma,38574.71,5.34,Pending
208567,6,2016-09-02,Camry,29584.7,3.86,Completed
208568,10,2016-09-30,Tacoma,32283.9,4.88,Completed
208569,4,2016-09-01,Sienna,34026.26,3.81,Pending
208570,18,2016-09-02,Tundra,60504.34,5.68,Completed
208571,13,2016-09-04,RAV4,51915.28,5.61,Completed
208572,13,2016-09-08,Camry,43896.14,5.61,Completed
208573,18,2016-09-30,Sienna,51860.91,5.68,Completed
208574,6,2016-09-24,Tundra,40404.73,3.86,Completed
208575,2,2016-09-12,Tacoma,32516.41,4.0,Completed
208576,7,2016-09-17,Highlander,72097.22,5.39,Completed
208577,16,2016-09-07,Tundra,49963.54,6.06,Completed
208578,18,2016-09-15,Highlander,68630.35,5.68,Completed
208579,1,2016-09-06,Sienna,46597.04,5.24,Completed
208580,2,2016-09-11,Highlander,52865.62,4.0,Completed
208581,17,2016-09-22,Corolla,22044.82,4.51,Completed
208582,20,2016-09-01,Prius,36029.14,5.77,Completed
208583,7,2016-09-10,Highlander,71780.71,5.39,Completed
208584,11,2016-09-12,Sienna,38539.68,4.16,Completed
208585,3,2016-09-05,Prius,34715.94,5.69,Completed
208586,15,2016-09-02,Prius,33879.66,4.86,Completed
208587,7,2016-09-09,Highlander,74369.43,5.39,Completed
208588,14,2016-09-15,Highlander,58301.43,5.1,Completed
208589,20,2016-09-14,Sienna,58181.33,5.77,Completed
208590,4,2016-09-25,Camry,25791.22,3.81,Completed
208591,14,2016-09-08,RAV4,41910.01,5.1,Completed
208592,20,2016-09-20,Camry,39437.55,5.77,Completed
208593,1,2016-09-25,RAV4,38337.27,5.24,Completed
208594,6,2016-09-07,RAV4,37222.14,3.86,Completed
208595,10,2016-09-06,RAV4,33813.09,4.88,Completed
208596,2,2016-09-05,RAV4,37052.63,4.0,Completed
208597,5,2016-09-28,Corolla,25067.46,5.34,Completed
208598,5,2016-09-24,Prius,29255.4,5.34,Completed
208599,14,2016-09-27,Highlander,67726.18,5.1,Completed
208600,4,2016-09-25,Tacoma,28274.92,3.81,Completed
208601,8,2016-09-14,Camry,44850.64,5.84,Completed
208602,13,2016-09-14,Tacoma,44698.0,5.61,Completed
208603,11,2016-09-27,Sienna,41063.37,4.16,Completed
208604,7,2016-09-08,Tacoma,46654.93,5.39,Completed
208605,19,2016-09-10,Prius,32304.53,5.48,Completed
208606,12,2016-09-14,Sienna,53040.65,5.65,Completed
208607,11,2016-09-28,Tundra,41196.39,4.16,Completed
208608,9,2016-09-21,Highlander,47142.08,4.4,Completed
208609,16,2016-09-05,Highlander,75316.78,6.06,Completed
208610,4,2016-09-10,RAV4,35528.64,3.81,Completed
208611,7,2016-09-10,RAV4,45029.35,5.39,Completed
208612,17,2016-09-10,Sienna,36986.19,4.51,Completed
208613,19,2016-09-10,Highlander,59480.61,5.48,Cancelled
208614,14,2016-09-03,Sienna,53562.56,5.1,Cancelled
208615,6,2016-09-03,Corolla,23104.43,3.86,Completed
208616,20,2016-09-29,Highlander,64644.74,5.77,Cancelled
208617,18,2016-09-21,RAV4,50776.61,5.68,Completed
208618,11,2016-09-09,Tacoma,29428.71,4.16,Completed
208619,4,2016-09-04,Sienna,38045.16,3.81,Completed
208620,19,2016-09-26,Highlander,58493.98,5.48,Completed
208621,15,2016-09-19,Prius,31379.79,4.86,Completed
208622,15,2016-09-17,Tacoma,43901.49,4.86,Completed
208623,1,2016-09-26,Tundra,45006.23,5.24,Completed
208624,10,2016-09-29,RAV4,39154.92,4.88,Completed
208625,16,2016-09-23,Tundra,58194.69,6.06,Completed
208626,10,2016-09-13,Tundra,41017.31,4.88,Completed
208627,16,2016-09-12,Tacoma,45496.45,6.06,Completed
208628,14,2016-09-11,RAV4,50729.4,5.1,Completed
208629,2,2016-09-07,Corolla,22048.74,4.0,Completed
208630,8,2016-09-22,Sienna,54870.38,5.84,Completed
208631,6,2016-09-09,RAV4,31141.84,3.86,Completed
208632,3,2016-09-27,Prius,38988.26,5.69,Completed
208633,15,2016-09-05,Highlander,71461.52,4.86,Completed
208634,16,2016-09-19,Prius,35689.06,6.06,Completed
208635,5,2016-09-07,Highlander,55139.34,5.34,Completed
208636,14,2016-09-28,Tacoma,43795.94,5.1,Cancelled
208637,16,2016-09-30,Sienna,49894.06,6.06,Completed
208638,11,2016-09-05,Camry,28031.17,4.16,Completed
208639,2,2016-09-22,Sienna,37120.21,4.0,Completed
208640,2,2016-09-23,Sienna,42127.06,4.0,Completed
208641,6,2016-09-13,Sienna,36335.74,3.86,Completed
208642,3,2016-09-04,Sienna,50801.85,5.69,Completed
208643,17,2016-09-13,Tacoma,32177.77,4.51,Completed
208644,20,2016-09-23,Corolla,31792.16,5.77,Completed
208645,9,2016-09-29,Camry,29305.8,4.4,Completed
208646,12,2016-09-27,Tacoma,43816.06,5.65,Completed
208647,5,2016-09-19,Sienna,46941.38,5.34,Completed
208648,2,2016-09-12,Highlander,48405.96,4.0,Completed
208649,9,2016-09-23,Highlander,52162.81,4.4,Completed
208650,18,2016-09-07,Corolla,31371.33,5.68,Completed
208651,6,2016-09-14,Camry,31639.43,3.86,Completed
208652,20,2016-09-13,Prius,32001.86,5.77,Completed
208653,7,2016-09-27,Corolla,28269.09,5.39,Completed
208654,10,2016-09-09,Tacoma,35006.61,4.88,Completed
208655,13,2016-09-01,Corolla,28812.79,5.61,Completed
208656,5,2016-09-27,Prius,31250.74,5.34,Completed
208657,2,2016-09-04,Tundra,38485.77,4.0,Completed
208658,2,2016-09-30,Tacoma,32556.46,4.0,Completed
208659,18,2016-09-05,Tacoma,50415.58,5.68,Completed
208660,2,2016-09-20,Tacoma,36417.09,4.0,Pending
208661,10,2016-09-10,RAV4,36908.67,4.88,Completed
208662,2,2016-09-27,Corolla,22325.01,4.0,Completed
208663,5,2016-09-08,Camry,34969.65,5.34,Completed
208664,13,2016-09-30,Sienna,53523.24,5.61,Completed
208665,1,2016-09-03,RAV4,39605.12,5.24,Completed
208666,10,2016-09-30,Prius,23629.38,4.88,Completed
208667,11,2016-09-28,RAV4,32024.64,4.16,Completed
208668,10,2016-09-24,Tundra,38118.38,4.88,Completed
208669,18,2016-09-03,Tundra,55913.44,5.68,Completed
208670,19,2016-09-28,Tundra,48518.8,5.48,Cancelled
208671,3,2016-09-24,Highlander,68586.88,5.69,Completed
208672,19,2016-09-19,Corolla,26038.0,5.48,Completed
208673,5,2016-09-25,Prius,29887.52,5.34,Completed
208674,5,2016-09-14,Tacoma,37864.95,5.34,Completed
208675,10,2016-09-04,Prius,28068.54,4.88,Completed
208676,9,2016-09-05,RAV4,37832.89,4.4,Completed
208677,2,2016-09-13,RAV4,39860.27,4.0,Completed
208678,15,2016-09-12,Tacoma,40736.39,4.86,Completed
208679,4,2016-09-07,Corolla,19521.36,3.81,Completed
208680,13,2016-09-10,Corolla,33938.03,5.61,Completed
208681,3,2016-09-21,Sienna,59385.06,5.69,Completed
208682,5,2016-09-12,Corolla,26184.12,5.34,Pending
208683,10,2016-09-23,Sienna,39844.43,4.88,Completed
208684,8,2016-09-25,Highlander,65364.29,5.84,Completed
208685,16,2016-09-06,Prius,33369.48,6.06,Completed
208686,6,2016-09-27,Highlander,46993.07,3.86,Completed
208687,12,2016-09-15,Sienna,51781.24,5.65,Completed
208688,19,2016-09-24,Tacoma,35087.61,5.48,Completed
208689,4,2016-09-07,Highlander,46722.11,3.81,Completed
208690,3,2016-09-11,Tacoma,43852.63,5.69,Completed
208691,13,2016-09-21,Sienna,56980.16,5.61,Completed
208692,4,2016-09-30,Tundra,36946.87,3.81,Completed
208693,11,2016-09-28,Tacoma,29478.84,4.16,Completed
208694,11,2016-09-23,Camry,28739.43,4.16,Completed
208695,3,2016-09-06,Prius,38442.36,5.69,Completed
208696,10,2016-09-29,RAV4,34500.27,4.88,Completed
208697,1,2016-09-17,Corolla,23327.83,5.24,Completed
208698,3,2016-09-22,Highlander,74040.75,5.69,Completed
208699,16,2016-09-02,Sienna,54280.15,6.06,Completed
208700,8,2016-09-06,Sienna,53716.37,5.84,Completed
208701,10,2016-09-29,Tacoma,30894.82,4.88,Completed
208702,2,2016-09-16,Prius,26425.16,4.0,Completed
208703,9,2016-09-13,RAV4,37769.8,4.4,Completed
208704,14,2016-09-29,Prius,34424.09,5.1,Completed
208705,7,2016-09-14,Sienna,53873.0,5.39,Completed
208706,20,2016-09-08,Tacoma,47087.01,5.77,Completed
208707,20,2016-09-25,Sienna,54329.9,5.77,Completed
208708,18,2016-09-15,Highlander,74534.65,5.68,Completed
208709,14,2016-09-26,Tacoma,43869.89,5.1,Completed
208710,11,2016-09-25,Prius,24031.36,4.16,Completed
208711,8,2016-09-15,RAV4,52426.37,5.84,Completed
208712,5,2016-09-13,Camry,38014.78,5.34,Completed
208713,18,2016-09-07,Highlander,74422.61,5.68,Completed
208714,13,2016-09-18,Prius,35907.6,5.61,Completed
208715,10,2016-09-05,Camry,31779.88,4.88,Completed
208716,2,2016-09-26,Tacoma,37118.77,4.0,Completed
208717,12,2016-09-01,Tundra,55719.44,5.65,Completed
208718,8,2016-09-08,Highlander,71240.51,5.84,Completed
208719,13,2016-09-14,Sienna,58139.27,5.61,Completed
208720,4,2016-09-19,Sienna,39300.3,3.81,Completed
208721,17,2016-09-09,Highlander,44222.3,4.51,Completed
208722,4,2016-09-16,Tundra,39951.71,3.81,Completed
208723,13,2016-09-04,RAV4,46729.47,5.61,Completed
208724,17,2016-09-10,Highlander,45398.54,4.51,Pending
208725,13,2016-09-12,Prius,35131.05,5.61,Completed
208726,2,2016-09-10,Sienna,42414.74,4.0,Pending
208727,9,2016-09-13,Camry,28484.8,4.4,Completed
208728,9,2016-09-25,Corolla,21186.11,4.4,Completed
208729,3,2016-09-23,Tacoma,48119.58,5.69,Completed
208730,12,2016-09-03,Camry,43182.46,5.65,Completed
208731,20,2016-09-10,Corolla,28514.38,5.77,Completed
208732,14,2016-09-13,Corolla,26778.77,5.1,Completed
208733,2,2016-09-02,Corolla,24707.73,4.0,Pending
208734,8,2016-09-24,Camry,39779.04,5.84,Completed
208735,18,2016-09-08,RAV4,55658.8,5.68,Completed
208736,11,2016-09-01,Camry,29125.59,4.16,Completed
208737,14,2016-09-07,Tacoma,44507.81,5.1,Completed
208738,12,2016-09-21,RAV4,43670.96,5.65,Completed
208739,18,2016-09-27,Tundra,57756.54,5.68,Completed
208740,9,2016-09-24,Camry,32855.4,4.4,Completed
208741,8,2016-09-03,Tacoma,46548.99,5.84,Completed
208742,18,2016-09-08,RAV4,47453.54,5.68,Completed
208743,12,2016-09-11,Sienna,56586.44,5.65,Completed
208744,17,2016-09-23,Sienna,38355.78,4.51,Completed
208745,4,2016-09-10,Prius,25847.37,3.81,Completed
208746,17,2016-09-05,Tacoma,31546.12,4.51,Completed
208747,5,2016-09-03,Sienna,41964.36,5.34,Completed
208748,2,2016-09-12,Prius,26180.33,4.0,Pending
208749,4,2016-09-25,Tundra,40090.74,3.81,Completed
208750,19,2016-09-06,Highlander,61702.01,5.48,Completed
208751,14,2016-09-07,RAV4,42892.71,5.1,Completed
208752,6,2016-09-17,Highlander,50841.89,3.86,Completed
208753,3,2016-09-23,Tacoma,42670.45,5.69,Completed
208754,10,2016-09-21,Sienna,39593.04,4.88,Completed
208755,14,2016-09-12,Prius,34919.23,5.1,Completed
208756,9,2016-09-11,Tacoma,31109.61,4.4,Completed
208757,15,2016-09-27,Tacoma,47160.64,4.86,Completed
208758,14,2016-09-24,Sienna,55440.08,5.1,Completed
208759,8,2016-09-07,Tacoma,48606.44,5.84,Completed
208760,13,2016-09-22,Tundra,52949.26,5.61,Completed
208761,19,2016-09-24,Sienna,46584.5,5.48,Completed
208762,19,2016-09-22,Highlander,63365.75,5.48,Completed
208763,1,2016-09-09,Tacoma,34853.06,5.24,Completed
208764,1,2016-09-14,Tacoma,37747.37,5.24,Completed
208765,11,2016-09-18,Sienna,34880.42,4.16,Completed
208766,19,2016-09-14,Sienna,41933.24,5.48,Pending
208767,18,2016-09-06,Sienna,61945.83,5.68,Completed
208768,15,2016-09-22,Tundra,51967.02,4.86,Completed
208769,2,2016-09-08,Corolla,21277.06,4.0,Completed
208770,14,2016-09-13,Prius,36036.1,5.1,Completed
208771,20,2016-09-08,Camry,39046.91,5.77,Completed
208772,19,2016-09-15,RAV4,42310.55,5.48,Completed
208773,2,2016-09-02,Corolla,22535.89,4.0,Cancelled
208774,20,2016-09-02,Sienna,52402.01,5.77,Completed
208775,20,2016-09-07,Tacoma,44032.36,5.77,Completed
208776,5,2016-09-15,Sienna,42869.06,5.34,Completed
208777,17,2016-09-30,Highlander,45939.44,4.51,Completed
208778,4,2016-09-19,Tundra,40180.4,3.81,Completed
208779,1,2016-09-16,RAV4,42979.33,5.24,Completed
208780,4,2016-09-24,Sienna,38047.97,3.81,Completed
208781,18,2016-09-23,Tundra,60839.78,5.68,Completed
208782,20,2016-09-20,RAV4,47630.75,5.77,Completed
208783,13,2016-09-22,Tundra,51300.72,5.61,Completed
208784,1,2016-09-05,Corolla,27214.6,5.24,Pending
208785,19,2016-09-21,Prius,30916.15,5.48,Completed
208786,14,2016-09-06,Corolla,29565.06,5.1,Completed
208787,12,2016-09-13,Prius,32822.52,5.65,Completed
208788,11,2016-09-17,Corolla,22694.14,4.16,Completed
208789,3,2016-09-21,Prius,33403.4,5.69,Completed
208790,11,2016-09-14,Tacoma,34937.73,4.16,Completed
208791,16,2016-09-12,Camry,43860.25,6.06,Completed
208792,6,2016-09-06,Highlander,45794.84,3.86,Completed
208793,8,2016-09-10,Tundra,57986.89,5.84,Completed
208794,16,2016-09-11,Highlander,70467.37,6.06,Completed
208795,14,2016-09-19,Highlander,69744.39,5.1,Completed
208796,11,2016-09-04,Sienna,41373.41,4.16,Completed
208797,1,2016-09-09,Tacoma,36396.85,5.24,Completed
208798,11,2016-09-16,RAV4,31950.63,4.16,Completed
208799,15,2016-09-05,Tundra,55157.41,4.86,Completed
208800,4,2016-09-04,Tundra,32984.59,3.81,Completed
208801,2,2016-09-06,Camry,32951.26,4.0,Completed
208802,18,2016-09-28,Highlander,67287.99,5.68,Completed
208803,6,2016-09-04,Prius,25277.79,3.86,Completed
208804,1,2016-09-19,Corolla,23332.54,5.24,Completed
208805,20,2016-09-19,Highlander,63225.95,5.77,Completed
208806,4,2016-09-05,Camry,26005.94,3.81,Completed
208807,15,2016-09-22,Camry,44290.45,4.86,Completed
208808,7,2016-09-29,RAV4,50802.86,5.39,Completed
208809,17,2016-09-27,Camry,29327.61,4.51,Completed
208810,7,2016-09-23,Prius,31799.98,5.39,Completed
208811,18,2016-09-23,Camry,41816.86,5.68,Cancelled
208812,11,2016-09-25,Prius,24092.25,4.16,Completed
208813,14,2016-09-08,Tundra,47233.74,5.1,Cancelled
208814,11,2016-09-04,Tundra,35907.01,4.16,Completed
208815,12,2016-09-12,Corolla,32283.34,5.65,Completed
208816,18,2016-09-07,Camry,45190.49,5.68,Completed
208817,15,2016-09-15,Corolla,29282.92,4.86,Completed
208818,17,2016-09-17,Tundra,37852.64,4.51,Completed
208819,12,2016-09-27,Highlander,70593.91,5.65,Completed
208820,18,2016-09-11,Corolla,32088.45,5.68,Completed
208821,2,2016-09-13,Corolla,22005.73,4.0,Completed
208822,7,2016-09-20,Tacoma,44429.81,5.39,Completed
208823,3,2016-09-28,Tundra,58130.93,5.69,Completed
208824,12,2016-09-04,Tundra,50016.76,5.65,Completed
208825,15,2016-09-10,RAV4,50894.83,4.86,Completed
208826,3,2016-09-03,Highlander,67944.08,5.69,Completed
208827,5,2016-09-12,Prius,30576.12,5.34,Completed
208828,2,2016-09-08,Corolla,21629.54,4.0,Completed
208829,20,2016-09-24,Sienna,54387.48,5.77,Completed
208830,5,2016-09-18,Prius,26335.54,5.34,Completed
208831,17,2016-09-15,Tundra,40205.06,4.51,Completed
208832,13,2016-09-02,Sienna,60305.53,5.61,Completed
208833,9,2016-09-04,RAV4,31698.62,4.4,Completed
208834,20,2016-09-20,Camry,40128.68,5.77,Completed
208835,18,2016-09-07,Prius,39845.09,5.68,Completed
208836,13,2016-09-02,Highlander,76559.07,5.61,Completed
208837,16,2016-09-03,RAV4,54289.58,6.06,Completed
208838,15,2016-09-04,Corolla,32671.22,4.86,Completed
208839,9,2016-09-14,Tundra,37493.4,4.4,Completed
208840,13,2016-09-09,Sienna,51266.47,5.61,Completed
208841,13,2016-09-25,Highlander,66987.45,5.61,Completed
208842,17,2016-09-27,Highlander,47245.88,4.51,Completed
208843,10,2016-09-03,Highlander,52381.83,4.88,Completed
208844,8,2016-09-06,Corolla,30150.93,5.84,Completed
208845,14,2016-09-06,RAV4,46682.53,5.1,Completed
208846,1,2016-09-28,Prius,31450.37,5.24,Completed
208847,16,2016-09-07,Corolla,32750.62,6.06,Completed
208848,5,2016-09-03,Camry,34176.66,5.34,Pending
208849,17,2016-09-15,Tundra,33927.2,4.51,Completed
208850,17,2016-09-21,Camry,26375.2,4.51,Completed
208851,1,2016-09-18,Corolla,23524.62,5.24,Completed
208852,3,2016-09-13,Sienna,57381.96,5.69,Completed
208853,13,2016-09-28,Sienna,52709.47,5.61,Pending
208854,20,2016-09-01,Tundra,54838.53,5.77,Completed
208855,11,2016-09-08,Prius,26993.22,4.16,Completed
208856,10,2016-09-15,Tacoma,36614.75,4.88,Completed
208857,10,2016-09-10,Camry,33362.05,4.88,Completed
208858,2,2016-09-16,Sienna,36718.86,4.0,Completed
208859,10,2016-09-19,RAV4,36839.27,4.88,Completed
208860,5,2016-09-28,Highlander,51901.52,5.34,Completed
208861,18,2016-09-04,RAV4,55385.87,5.68,Completed
208862,12,2016-09-10,Corolla,31002.37,5.65,Completed
208863,3,2016-09-14,RAV4,53265.86,5.69,Completed
208864,9,2016-09-08,Camry,28253.42,4.4,Completed
208865,18,2016-09-24,Highlander,73804.13,5.68,Completed
208866,1,2016-09-19,Corolla,27469.74,5.24,Completed
208867,9,2016-09-08,Highlander,49370.48,4.4,Completed
208868,17,2016-09-09,Sienna,35672.85,4.51,Completed
208869,14,2016-09-01,Tundra,48101.76,5.1,Completed
208870,15,2016-09-02,Tacoma,41303.01,4.86,Completed
208871,5,2016-09-23,Sienna,45516.12,5.34,Completed
208872,20,2016-09-18,Tundra,49848.96,5.77,Completed
208873,10,2016-09-15,RAV4,35915.45,4.88,Completed
208874,6,2016-09-01,Prius,22493.31,3.86,Completed
208875,1,2016-09-09,Camry,32069.56,5.24,Completed
208876,3,2016-09-25,Prius,37887.62,5.69,Pending
208877,18,2016-09-10,Corolla,35086.9,5.68,Completed
208878,3,2016-09-09,Camry,42454.7,5.69,Completed
208879,4,2016-09-27,Tacoma,32598.82,3.81,Completed
208880,11,2016-09-04,Prius,26851.79,4.16,Completed
208881,4,2016-09-21,Highlander,43728.19,3.81,Completed
208882,13,2016-09-12,Tacoma,49050.91,5.61,Completed
208883,20,2016-09-04,Tundra,56144.84,5.77,Completed
208884,16,2016-09-13,Highlander,62180.39,6.06,Completed
208885,1,2016-09-22,Tacoma,39182.64,5.24,Completed
208886,20,2016-09-07,Tundra,48308.95,5.77,Completed
208887,11,2016-09-24,Tundra,36333.68,4.16,Cancelled
208888,14,2016-09-23,Prius,29784.92,5.1,Completed
208889,5,2016-09-07,Highlander,61512.98,5.34,Completed
208890,19,2016-09-30,RAV4,42075.55,5.48,Completed
208891,1,2016-09-20,Tacoma,38880.75,5.24,Completed
208892,10,2016-09-09,Prius,25049.41,4.88,Completed
208893,8,2016-09-30,Tundra,57323.83,5.84,Completed
208894,1,2016-09-02,Highlander,57445.17,5.24,Completed
208895,16,2016-09-18,Highlander,75495.66,6.06,Completed
208896,8,2016-09-04,Camry,43187.73,5.84,Pending
208897,9,2016-09-15,Tundra,39618.23,4.4,Completed
208898,5,2016-09-01,Tacoma,40052.66,5.34,Completed
208899,7,2016-09-28,Prius,34496.3,5.39,Completed
208900,19,2016-09-23,Sienna,47571.42,5.48,Completed
208901,18,2016-09-28,Tacoma,43163.43,5.68,Completed
208902,19,2016-09-01,Prius,32438.93,5.48,Completed
208903,5,2016-09-25,Prius,29845.5,5.34,Completed
208904,15,2016-09-24,Sienna,52541.03,4.86,Completed
208905,3,2016-09-21,Sienna,52941.44,5.69,Completed
208906,18,2016-09-16,Prius,39722.34,5.68,Completed
208907,6,2016-09-05,Corolla,20465.62,3.86,Completed
208908,8,2016-09-17,Tacoma,43419.0,5.84,Completed
208909,5,2016-09-17,Prius,28924.27,5.34,Completed
208910,18,2016-09-05,Corolla,33481.29,5.68,Completed
208911,19,2016-09-24,Prius,28745.17,5.48,Completed
208912,9,2016-09-09,Highlander,50323.83,4.4,Completed
208913,2,2016-09-27,Camry,31552.93,4.0,Completed
208914,15,2016-09-21,RAV4,45362.38,4.86,Completed
208915,17,2016-09-28,RAV4,34990.05,4.51,Completed
208916,6,2016-09-21,Tacoma,33116.01,3.86,Completed
208917,12,2016-09-16,Prius,34332.97,5.65,Completed
208918,6,2016-09-13,Camry,29403.84,3.86,Completed
208919,10,2016-09-10,Highlander,49170.89,4.88,Completed
208920,6,2016-09-18,Corolla,21671.52,3.86,Completed
208921,1,2016-09-11,Highlander,58179.45,5.24,Completed
208922,16,2016-09-05,Prius,33091.34,6.06,Completed
208923,6,2016-09-22,Tacoma,34672.86,3.86,Completed
208924,4,2016-09-13,Corolla,19501.13,3.81,Completed
208925,15,2016-09-26,Tundra,51906.83,4.86,Completed
208926,13,2016-09-23,Sienna,58914.85,5.61,Completed
208927,5,2016-09-26,Camry,36449.5,5.34,Completed
208928,16,2016-09-19,Sienna,57665.43,6.06,Completed
208929,14,2016-09-21,RAV4,49686.3,5.1,Completed
208930,11,2016-09-13,Camry,29367.82,4.16,Completed
208931,6,2016-09-09,Corolla,20743.8,3.86,Completed
208932,11,2016-09-05,Camry,32398.65,4.16,Completed
208933,13,2016-09-14,Corolla,30255.44,5.61,Completed
208934,11,2016-09-27,Corolla,21162.67,4.16,Completed
208935,12,2016-09-16,Highlander,70683.88,5.65,Completed
208936,20,2016-09-05,Camry,43164.37,5.77,Completed
208937,4,2016-09-08,Corolla,19895.06,3.81,Completed
208938,16,2016-09-05,Camry,43683.59,6.06,Completed
208939,17,2016-09-13,RAV4,36830.33,4.51,Completed
208940,6,2016-09-04,Prius,22825.41,3.86,Completed
208941,14,2016-09-12,Tacoma,44858.1,5.1,Completed
208942,19,2016-09-03,Tacoma,36526.37,5.48,Completed
208943,19,2016-09-25,Highlander,58460.71,5.48,Completed
208944,9,2016-09-06,Sienna,37007.59,4.4,Completed
208945,11,2016-09-17,Corolla,20513.92,4.16,Completed
208946,9,2016-09-30,Sienna,41731.04,4.4,Completed
208947,2,2016-09-13,RAV4,33473.28,4.0,Cancelled
208948,7,2016-09-10,RAV4,51735.8,5.39,Pending
208949,9,2016-09-24,Camry,29116.15,4.4,Completed
208950,2,2016-09-11,Tundra,39845.72,4.0,Completed
208951,17,2016-09-27,Prius,22499.9,4.51,Completed
208952,9,2016-09-21,Prius,27349.43,4.4,Completed
208953,5,2016-09-24,Corolla,27139.48,5.34,Completed
208954,20,2016-09-09,Tacoma,44801.12,5.77,Completed
208955,11,2016-09-20,Corolla,23758.03,4.16,Completed
208956,6,2016-09-18,Corolla,19640.85,3.86,Completed
208957,3,2016-09-21,Highlander,67547.41,5.69,Completed
208958,16,2016-09-21,Tundra,52087.49,6.06,Completed
208959,9,2016-09-08,Tacoma,32591.32,4.4,Completed
208960,4,2016-09-01,RAV4,31865.78,3.81,Completed
208961,1,2016-09-19,Camry,36326.54,5.24,Completed
208962,15,2016-09-01,Corolla,29096.73,4.86,Completed
208963,3,2016-09-11,Camry,45612.81,5.69,Completed
208964,9,2016-09-12,Prius,25897.37,4.4,Completed
208965,17,2016-09-01,Sienna,34535.31,4.51,Completed
208966,13,2016-09-15,Tundra,53910.53,5.61,Completed
208967,9,2016-09-15,RAV4,32915.12,4.4,Completed
208968,4,2016-09-12,Tundra,39466.12,3.81,Completed
208969,2,2016-09-11,Tacoma,32654.08,4.0,Completed
208970,1,2016-09-13,Sienna,40487.58,5.24,Completed
208971,15,2016-09-06,Prius,31719.68,4.86,Completed
208972,5,2016-09-13,Camry,36676.93,5.34,Completed
208973,9,2016-09-19,Tacoma,35184.38,4.4,Completed
208974,7,2016-09-28,Sienna,49471.72,5.39,Completed
208975,16,2016-09-01,Tacoma,42519.69,6.06,Completed
208976,10,2016-09-12,Sienna,38914.56,4.88,Completed
208977,14,2016-09-30,Highlander,60699.72,5.1,Pending
208978,4,2016-09-23,Corolla,21177.38,3.81,Completed
208979,20,2016-09-15,Camry,44001.82,5.77,Completed
208980,1,2016-09-03,Prius,27946.05,5.24,Completed
208981,13,2016-09-10,Prius,34540.3,5.61,Completed
208982,12,2016-09-25,Camry,39579.08,5.65,Completed
208983,17,2016-09-06,Highlander,51687.48,4.51,Cancelled
208984,14,2016-09-25,Prius,30005.66,5.1,Completed
208985,13,2016-09-14,Prius,32821.65,5.61,Completed
208986,1,2016-09-16,Sienna,42024.96,5.24,Completed
208987,9,2016-09-21,RAV4,33278.92,4.4,Completed
208988,12,2016-09-28,Tacoma,45085.1,5.65,Completed
208989,18,2016-09-27,Tacoma,45786.95,5.68,Completed
208990,2,2016-09-26,Camry,28465.32,4.0,Completed
208991,19,2016-09-03,Camry,38878.08,5.48,Completed
208992,17,2016-09-29,Sienna,38785.61,4.51,Completed
208993,11,2016-09-17,Prius,25220.68,4.16,Completed
208994,7,2016-09-18,Prius,34764.13,5.39,Completed
208995,10,2016-09-05,Highlander,45591.08,4.88,Completed
208996,13,2016-09-12,Highlander,75038.05,5.61,Completed
208997,14,2016-09-16,Tacoma,41933.41,5.1,Completed
208998,16,2016-09-16,Corolla,32386.0,6.06,Completed
208999,16,2016-09-29,Highlander,69306.61,6.06,Completed
209000,7,2016-09-26,Camry,42871.07,5.39,Completed
209001,16,2016-09-07,Prius,35789.6,6.06,Completed
209002,13,2016-09-05,Camry,40658.48,5.61,Completed
209003,13,2016-09-22,Sienna,53734.84,5.61,Completed
209004,8,2016-09-10,Corolla,33008.59,5.84,Completed
209005,2,2016-09-16,Sienna,43755.51,4.0,Completed
209006,8,2016-09-29,Sienna,54622.88,5.84,Completed
209007,16,2016-09-10,Highlander,70642.19,6.06,Completed
209008,6,2016-09-08,Camry,31530.91,3.86,Cancelled
209009,14,2016-09-17,Prius,34242.66,5.1,Completed
209010,9,2016-09-01,Prius,26148.2,4.4,Completed
209011,13,2016-09-30,RAV4,46275.82,5.61,Completed
209012,15,2016-09-27,Sienna,55127.56,4.86,Completed
209013,9,2016-09-20,Tacoma,30896.97,4.4,Completed
209014,2,2016-09-22,Tundra,39271.41,4.0,Completed
209015,5,2016-09-13,Highlander,61985.5,5.34,Completed
209016,2,2016-09-13,Sienna,42756.43,4.0,Completed
209017,12,2016-09-03,RAV4,52108.53,5.65,Completed
209018,16,2016-09-20,RAV4,49164.25,6.06,Completed
209019,1,2016-09-05,Prius,30136.31,5.24,Completed
209020,12,2016-09-02,Corolla,27454.34,5.65,Completed
209021,17,2016-09-27,Corolla,20955.35,4.51,Completed
209022,7,2016-09-07,Camry,41548.4,5.39,Completed
209023,3,2016-09-07,Corolla,30880.96,5.69,Completed
209024,16,2016-09-29,Tacoma,44113.11,6.06,Completed
209025,10,2016-09-01,Prius,26015.3,4.88,Completed
209026,7,2016-09-09,Corolla,28764.42,5.39,Completed
209027,12,2016-09-25,Prius,33225.26,5.65,Completed
209028,16,2016-09-29,Tacoma,48069.58,6.06,Completed
209029,2,2016-09-03,Tundra,38506.92,4.0,Completed
209030,6,2016-09-23,Highlander,45430.9,3.86,Completed
209031,16,2016-09-18,Prius,38112.87,6.06,Completed
209032,6,2016-09-16,Sienna,35915.59,3.86,Completed
209033,7,2016-09-03,Prius,35250.93,5.39,Completed
209034,5,2016-09-06,Corolla,25738.42,5.34,Completed
209035,2,2016-09-15,Corolla,22600.48,4.0,Completed
209036,4,2016-09-07,Highlander,50960.86,3.81,Completed
209037,17,2016-09-13,Sienna,38814.11,4.51,Completed
209038,1,2016-09-13,Corolla,26782.74,5.24,Completed
209039,6,2016-09-09,RAV4,34644.16,3.86,Completed
209040,1,2016-09-19,Sienna,46800.75,5.24,Completed
209041,16,2016-09-12,Camry,44169.17,6.06,Completed
209042,16,2016-09-02,Tacoma,46078.54,6.06,Completed
209043,20,2016-09-14,RAV4,51309.17,5.77,Completed
209044,4,2016-09-26,Prius,24912.78,3.81,Completed
209045,15,2016-09-16,Sienna,54493.29,4.86,Completed
209046,13,2016-09-25,Tacoma,42529.69,5.61,Completed
209047,15,2016-09-19,Tacoma,45721.09,4.86,Completed
209048,8,2016-09-01,Tundra,49212.31,5.84,Completed
209049,13,2016-09-15,Prius,34602.9,5.61,Completed
209050,7,2016-09-17,Camry,39694.24,5.39,Completed
209051,2,2016-09-10,Sienna,40173.83,4.0,Completed
209052,6,2016-09-05,RAV4,37143.65,3.86,Completed
209053,2,2016-09-18,Highlander,48969.32,4.0,Completed
209054,2,2016-09-18,Highlander,52954.22,4.0,Completed
209055,10,2016-09-10,Corolla,20452.64,4.88,Completed
209056,7,2016-09-02,Sienna,58581.74,5.39,Completed
209057,11,2016-09-27,Prius,23985.53,4.16,Completed
209058,17,2016-09-06,Corolla,19980.85,4.51,Pending
209059,4,2016-09-22,Highlander,47551.81,3.81,Completed
209060,2,2016-09-26,Camry,28641.08,4.0,Completed
209061,5,2016-09-19,Highlander,58495.79,5.34,Completed
209062,20,2016-09-30,Tacoma,42156.93,5.77,Pending
209063,14,2016-09-19,Sienna,46632.56,5.1,Completed
209064,1,2016-09-24,Corolla,27692.16,5.24,Completed
209065,3,2016-09-16,Prius,33790.75,5.69,Completed
209066,8,2016-09-29,Prius,37527.75,5.84,Completed
209067,17,2016-09-08,Tacoma,33438.48,4.51,Completed
209068,4,2016-09-21,Sienna,33468.79,3.81,Completed
209069,18,2016-09-07,Corolla,32940.04,5.68,Completed
209070,4,2016-09-04,Tacoma,32549.66,3.81,Completed
209071,8,2016-09-28,Prius,34716.51,5.84,Completed
209072,19,2016-09-03,Sienna,49299.97,5.48,Completed
209073,18,2016-09-07,Tacoma,50166.84,5.68,Completed
209074,7,2016-09-20,Prius,37238.49,5.39,Completed
209075,16,2016-09-27,Corolla,33732.03,6.06,Completed
209076,7,2016-09-22,Camry,45675.92,5.39,Completed
209077,8,2016-09-19,Tacoma,48801.79,5.84,Completed
209078,9,2016-09-05,Prius,24475.74,4.4,Completed
209079,2,2016-09-15,Camry,29675.07,4.0,Completed
209080,6,2016-09-13,Tacoma,32578.56,3.86,Completed
209081,19,2016-09-09,Sienna,46611.12,5.48,Completed
209082,2,2016-09-10,Tacoma,32849.72,4.0,Completed
209083,3,2016-09-14,Tacoma,47047.09,5.69,Completed
209084,16,2016-09-05,Tacoma,45837.65,6.06,Completed
209085,10,2016-09-25,Tacoma,36222.45,4.88,Completed
209086,7,2016-09-09,Tacoma,41379.5,5.39,Completed
209087,8,2016-09-15,Prius,37666.98,5.84,Completed
209088,10,2016-09-17,RAV4,34788.09,4.88,Pending
209089,10,2016-09-02,Sienna,37071.13,4.88,Completed
209090,11,2016-09-11,Prius,26956.93,4.16,Completed
209091,10,2016-09-29,Prius,27045.25,4.88,Completed
209092,9,2016-09-21,Tundra,37651.29,4.4,Completed
209093,15,2016-09-01,Tundra,54574.58,4.86,Completed
209094,9,2016-09-04,Tacoma,33053.45,4.4,Completed
209095,7,2016-09-10,Prius,37868.78,5.39,Completed
209096,14,2016-09-02,Corolla,29719.25,5.1,Completed
209097,10,2016-09-30,Sienna,41848.41,4.88,Completed
209098,16,2016-09-01,Camry,38657.79,6.06,Completed
209099,2,2016-09-13,Tundra,38987.87,4.0,Completed
209100,4,2016-09-02,Sienna,36841.51,3.81,Completed
209101,11,2016-09-20,Corolla,20272.19,4.16,Completed
209102,3,2016-09-25,Corolla,32959.3,5.69,Completed
209103,9,2016-09-07,Tacoma,32415.3,4.4,Completed
209104,9,2016-09-17,Sienna,35994.05,4.4,Completed
209105,17,2016-09-27,Tacoma,28752.78,4.51,Completed
209106,12,2016-09-09,Tundra,56494.82,5.65,Completed
209107,18,2016-09-22,Highlander,70695.41,5.68,Completed
209108,2,2016-09-13,Tacoma,36635.43,4.0,Completed
209109,4,2016-09-25,Corolla,20967.92,3.81,Completed
209110,10,2016-09-08,Tundra,35723.35,4.88,Completed
209111,18,2016-09-04,Prius,40085.79,5.68,Completed
209112,17,2016-09-20,Tacoma,28254.49,4.51,Completed
209113,15,2016-09-16,Prius,33981.49,4.86,Completed
209114,4,2016-09-21,Prius,21411.06,3.81,Completed
209115,7,2016-09-13,Tundra,48832.62,5.39,Completed
209116,12,2016-09-02,Tacoma,41159.28,5.65,Pending
209117,2,2016-09-22,Tundra,40495.17,4.0,Pending
209118,8,2016-09-30,Tacoma,41333.37,5.84,Completed
209119,7,2016-09-30,Tundra,53047.38,5.39,Completed
209120,16,2016-09-11,RAV4,51417.38,6.06,Completed
209121,3,2016-09-09,Prius,35105.8,5.69,Pending
209122,5,2016-09-26,Prius,29691.58,5.34,Completed
209123,6,2016-09-01,Corolla,21012.13,3.86,Completed
209124,7,2016-09-02,Tacoma,41101.03,5.39,Completed
209125,2,2016-09-12,RAV4,38403.24,4.0,Completed
209126,12,2016-09-23,Tacoma,46966.84,5.65,Completed
209127,4,2016-09-17,Tundra,36036.56,3.81,Completed
209128,5,2016-09-01,Highlander,57111.31,5.34,Completed
209129,20,2016-09-25,Tundra,50268.14,5.77,Completed
209130,7,2016-09-15,Prius,37316.52,5.39,Completed
209131,4,2016-09-28,Highlander,49390.97,3.81,Completed
209132,7,2016-09-12,Corolla,31475.55,5.39,Completed
209133,15,2016-09-23,Camry,39915.44,4.86,Completed
209134,10,2016-09-10,Prius,25330.47,4.88,Completed
209135,11,2016-09-02,Sienna,39020.76,4.16,Completed
209136,2,2016-09-24,Camry,32484.0,4.0,Completed
209137,15,2016-09-03,Tundra,54157.07,4.86,Completed
209138,20,2016-09-15,Highlander,62474.53,5.77,Completed
209139,6,2016-09-16,Sienna,34371.49,3.86,Completed
209140,7,2016-09-13,Highlander,63173.96,5.39,Completed
209141,13,2016-09-22,Camry,40771.73,5.61,Completed
209142,13,2016-09-27,Prius,34419.34,5.61,Completed
209143,8,2016-09-26,Highlander,72350.45,5.84,Completed
209144,8,2016-09-27,Tacoma,48694.6,5.84,Completed
209145,6,2016-09-23,Camry,30207.34,3.86,Cancelled
209146,14,2016-09-01,Corolla,26602.71,5.1,Completed
209147,6,2016-09-21,Tacoma,33723.38,3.86,Completed
209148,9,2016-09-25,RAV4,31627.52,4.4,Completed
209149,9,2016-09-16,Tacoma,34344.63,4.4,Completed
209150,15,2016-09-30,Prius,37133.92,4.86,Completed
209151,17,2016-09-22,Camry,29003.24,4.51,Completed
209152,3,2016-09-13,Corolla,32019.57,5.69,Completed
209153,12,2016-09-28,Highlander,65046.64,5.65,Completed
209154,3,2016-09-20,Tundra,50830.04,5.69,Completed
209155,16,2016-09-26,Tundra,57736.7,6.06,Completed
209156,18,2016-09-24,RAV4,54137.3,5.68,Completed
209157,16,2016-09-15,Camry,42813.91,6.06,Completed
209158,7,2016-09-24,Highlander,75283.2,5.39,Completed
209159,3,2016-09-28,RAV4,48360.22,5.69,Completed
209160,17,2016-09-13,Prius,24649.95,4.51,Completed
209161,9,2016-09-03,Highlander,46231.82,4.4,Completed
209162,12,2016-09-20,Tacoma,44712.41,5.65,Completed
209163,10,2016-09-29,Tacoma,34264.9,4.88,Completed
209164,20,2016-09-03,Camry,40983.46,5.77,Completed
209165,20,2016-09-13,Corolla,31229.91,5.77,Completed
209166,11,2016-09-09,Tundra,39196.4,4.16,Completed
209167,20,2016-09-13,Camry,43893.76,5.77,Completed
209168,14,2016-09-16,Corolla,30043.58,5.1,Completed
209169,14,2016-09-04,Corolla,29275.11,5.1,Completed
209170,15,2016-09-22,Highlander,72287.65,4.86,Completed
209171,18,2016-09-24,Camry,44760.32,5.68,Completed
209172,2,2016-09-26,Corolla,21927.16,4.0,Completed
209173,12,2016-09-10,Highlander,71462.14,5.65,Completed
209174,8,2016-09-28,RAV4,44021.56,5.84,Completed
209175,1,2016-09-08,Prius,30911.18,5.24,Completed
209176,18,2016-09-29,Sienna,56323.06,5.68,Completed
209177,15,2016-09-01,Prius,34690.68,4.86,Completed
209178,16,2016-09-16,Tacoma,48318.39,6.06,Completed
209179,12,2016-09-22,Tundra,50552.24,5.65,Completed
209180,18,2016-09-19,Corolla,34061.87,5.68,Completed
209181,4,2016-09-18,Camry,26629.95,3.81,Completed
209182,7,2016-09-15,RAV4,51583.37,5.39,Completed
209183,6,2016-09-15,Sienna,40874.78,3.86,Completed
209184,19,2016-09-01,Highlander,55731.29,5.48,Completed
209185,9,2016-09-09,Tacoma,35354.87,4.4,Completed
209186,2,2016-09-19,Camry,31069.54,4.0,Completed
209187,4,2016-09-03,Camry,30809.33,3.81,Completed
209188,7,2016-09-30,Sienna,55952.55,5.39,Completed
209189,6,2016-09-28,Sienna,40198.88,3.86,Completed
209190,8,2016-09-13,Highlander,66686.64,5.84,Completed
209191,10,2016-09-17,Prius,26420.84,4.88,Completed
209192,12,2016-09-23,RAV4,52030.7,5.65,Completed
209193,1,2016-09-30,Tacoma,35661.18,5.24,Completed
209194,4,2016-09-01,Tundra,39177.03,3.81,Completed
209195,7,2016-09-30,Tacoma,46989.96,5.39,Completed
209196,5,2016-09-23,Tundra,46513.81,5.34,Completed
209197,19,2016-09-20,Prius,32123.12,5.48,Completed
209198,4,2016-09-05,Tundra,36135.08,3.81,Completed
209199,6,2016-09-27,Highlander,49942.0,3.86,Completed
209200,1,2016-09-28,Tundra,48465.61,5.24,Completed
209201,4,2016-09-06,Tundra,38941.42,3.81,Completed
209202,8,2016-09-14,Camry,42370.97,5.84,Completed
209203,13,2016-09-11,Prius,35054.41,5.61,Completed
209204,15,2016-09-18,Sienna,51957.46,4.86,Completed
209205,13,2016-09-20,Tacoma,43178.8,5.61,Completed
209206,20,2016-09-21,Prius,31280.43,5.77,Completed
209207,17,2016-09-20,RAV4,36616.19,4.51,Pending
209208,11,2016-09-25,Prius,27099.42,4.16,Completed
209209,4,2016-09-12,Sienna,38920.66,3.81,Completed
209210,15,2016-09-03,Tacoma,43904.66,4.86,Completed
209211,7,2016-09-07,Tundra,54936.25,5.39,Completed
209212,4,2016-09-24,Prius,23023.65,3.81,Completed
209213,15,2016-09-23,Prius,30717.64,4.86,Completed
209214,16,2016-09-23,Corolla,31241.06,6.06,Completed
209215,3,2016-09-15,RAV4,51063.11,5.69,Completed
209216,14,2016-09-06,Tacoma,46701.02,5.1,Completed
209217,4,2016-09-14,Camry,26016.84,3.81,Completed
209218,13,2016-09-24,Highlander,76016.9,5.61,Completed
209219,11,2016-09-05,Prius,25546.13,4.16,Completed
209220,17,2016-09-23,RAV4,35751.18,4.51,Completed
209221,13,2016-09-30,Prius,39098.95,5.61,Completed
209222,3,2016-09-19,RAV4,49719.85,5.69,Cancelled
209223,5,2016-09-28,RAV4,38611.79,5.34,Completed
209224,14,2016-09-22,Corolla,28607.33,5.1,Pending
209225,8,2016-09-25,Tundra,47631.1,5.84,Completed
209226,17,2016-09-03,Camry,28956.86,4.51,Completed
209227,20,2016-09-13,Sienna,52174.58,5.77,Completed
209228,2,2016-09-19,RAV4,39839.55,4.0,Completed
209229,8,2016-09-21,Tundra,47788.51,5.84,Completed
209230,4,2016-09-12,Highlander,48621.12,3.81,Completed
209231,13,2016-09-01,Camry,41108.71,5.61,Completed
209232,1,2016-09-11,Prius,28986.81,5.24,Completed
209233,7,2016-09-02,Tundra,52799.52,5.39,Completed
209234,5,2016-09-18,Prius,29298.87,5.34,Completed
209235,5,2016-09-08,Tacoma,36754.72,5.34,Completed
209236,8,2016-09-18,Prius,36577.87,5.84,Completed
209237,19,2016-09-08,Camry,37055.14,5.48,Completed
209238,3,2016-09-10,Tundra,58659.52,5.69,Completed
209239,7,2016-09-03,Tacoma,46965.28,5.39,Completed
209240,8,2016-09-13,Corolla,29216.13,5.84,Completed
209241,4,2016-09-02,Camry,25788.08,3.81,Cancelled
209242,1,2016-09-23,Tundra,43155.62,5.24,Completed
209243,10,2016-09-09,RAV4,35393.13,4.88,Completed
209244,4,2016-09-24,RAV4,31032.92,3.81,Completed
209245,3,2016-09-17,RAV4,46441.16,5.69,Completed
209246,17,2016-09-20,Tacoma,31306.87,4.51,Completed
209247,13,2016-09-21,Sienna,52957.87,5.61,Completed
209248,14,2016-09-22,Corolla,29116.62,5.1,Completed
209249,3,2016-09-24,Sienna,55670.33,5.69,Completed
209250,8,2016-09-13,Highlander,68915.39,5.84,Completed
209251,6,2016-09-09,Sienna,39515.18,3.86,Completed
209252,1,2016-09-01,Sienna,47412.63,5.24,Cancelled
209253,4,2016-09-14,RAV4,30991.59,3.81,Completed
209254,12,2016-09-12,Corolla,28671.64,5.65,Completed
209255,14,2016-09-21,RAV4,42628.95,5.1,Completed
209256,20,2016-09-19,Prius,33383.61,5.77,Completed
209257,20,2016-09-12,Camry,40713.76,5.77,Completed
209258,13,2016-09-20,Highlander,63904.45,5.61,Completed
209259,10,2016-09-29,Tundra,39784.55,4.88,Completed
209260,13,2016-09-14,Prius,39288.74,5.61,Completed
209261,14,2016-09-21,RAV4,48271.98,5.1,Completed
209262,6,2016-09-11,Tundra,36664.31,3.86,Completed
209263,9,2016-09-02,Highlander,47912.94,4.4,Completed
209264,12,2016-09-22,Tundra,49728.95,5.65,Completed
209265,7,2016-09-04,Corolla,33633.43,5.39,Completed
209266,7,2016-09-07,Sienna,49329.78,5.39,Completed
209267,4,2016-09-23,Tacoma,32033.59,3.81,Completed
209268,11,2016-09-10,Corolla,20196.21,4.16,Completed
209269,12,2016-09-26,Camry,40993.95,5.65,Completed
209270,17,2016-09-09,Camry,26353.62,4.51,Completed
209271,19,2016-09-28,RAV4,39786.75,5.48,Completed
209272,10,2016-09-09,Camry,32205.65,4.88,Completed
209273,13,2016-09-19,Sienna,58093.18,5.61,Completed
209274,17,2016-09-06,RAV4,37085.85,4.51,Completed
209275,8,2016-09-10,RAV4,45110.18,5.84,Completed
209276,17,2016-09-09,Camry,29124.35,4.51,Completed
209277,4,2016-09-10,Sienna,38665.46,3.81,Completed
209278,5,2016-09-27,Tundra,40753.35,5.34,Completed
209279,11,2016-09-18,Highlander,44833.84,4.16,Completed
209280,4,2016-09-22,Tundra,36789.91,3.81,Completed
209281,3,2016-09-01,RAV4,47723.67,5.69,Completed
209282,8,2016-09-13,Highlander,62467.38,5.84,Completed
209283,12,2016-09-17,Prius,33399.86,5.65,Completed
209284,20,2016-09-15,Camry,44823.63,5.77,Completed
209285,15,2016-09-13,Highlander,68205.77,4.86,Completed
209286,5,2016-09-12,Corolla,24962.66,5.34,Completed
209287,4,2016-09-19,Camry,30005.3,3.81,Completed
209288,12,2016-09-30,Tundra,54685.75,5.65,Completed
209289,13,2016-09-20,Corolla,32457.03,5.61,Completed
209290,17,2016-09-01,Prius,21791.92,4.51,Completed
209291,8,2016-09-05,Highlander,69818.56,5.84,Completed
209292,19,2016-09-30,Highlander,61178.53,5.48,Completed
209293,12,2016-09-02,Highlander,71783.5,5.65,Completed
209294,7,2016-09-25,Sienna,57770.67,5.39,Completed
209295,3,2016-09-13,Tundra,53848.47,5.69,Completed
209296,12,2016-09-24,Tacoma,45567.85,5.65,Completed
209297,4,2016-09-19,Camry,26108.11,3.81,Completed
209298,12,2016-09-04,Tacoma,40018.98,5.65,Completed
209299,3,2016-09-18,Highlander,75596.94,5.69,Cancelled
209300,6,2016-09-10,Tacoma,29423.04,3.86,Completed
209301,11,2016-09-24,Camry,30979.48,4.16,Completed
209302,6,2016-09-23,Highlander,47798.93,3.86,Completed
209303,17,2016-09-13,RAV4,35951.78,4.51,Completed
209304,7,2016-09-20,Tundra,53957.12,5.39,Completed
209305,12,2016-09-06,Sienna,56160.93,5.65,Completed
209306,4,2016-09-16,Tacoma,30022.93,3.81,Completed
209307,5,2016-09-05,Prius,31589.46,5.34,Completed
209308,2,2016-09-23,Highlander,47575.79,4.0,Completed
209309,5,2016-09-01,Tundra,47444.51,5.34,Completed
209310,16,2016-09-24,Highlander,64559.08,6.06,Completed
209311,18,2016-09-03,Camry,44671.54,5.68,Completed
209312,1,2016-09-04,RAV4,40120.47,5.24,Completed
209313,13,2016-09-30,Tacoma,49397.9,5.61,Completed
209314,17,2016-09-24,Highlander,51417.37,4.51,Pending
209315,8,2016-09-29,Prius,35909.96,5.84,Completed
209316,5,2016-09-11,RAV4,43399.45,5.34,Completed
209317,10,2016-09-15,Camry,33671.88,4.88,Completed
209318,19,2016-09-13,Tacoma,37305.06,5.48,Completed
209319,1,2016-09-01,Tacoma,33732.3,5.24,Completed
209320,14,2016-09-21,Highlander,60048.92,5.1,Completed
209321,13,2016-09-29,Sienna,54032.86,5.61,Pending
209322,6,2016-09-06,Tacoma,29051.24,3.86,Completed
209323,19,2016-09-10,Tacoma,38186.21,5.48,Completed
209324,1,2016-09-12,Tacoma,40468.46,5.24,Completed
209325,10,2016-09-18,Tundra,38214.91,4.88,Completed
209326,1,2016-09-01,Sienna,41606.37,5.24,Completed
209327,18,2016-09-27,Tacoma,50595.78,5.68,Completed
209328,16,2016-09-06,Corolla,28924.87,6.06,Completed
209329,3,2016-09-18,Tundra,50737.67,5.69,Completed
209330,18,2016-09-20,Highlander,75761.94,5.68,Completed
209331,4,2016-09-24,Highlander,49706.76,3.81,Completed
209332,9,2016-09-30,Corolla,22304.99,4.4,Completed
209333,4,2016-09-07,Sienna,36301.56,3.81,Completed
209334,14,2016-09-13,Tacoma,43243.44,5.1,Completed
209335,10,2016-09-21,Corolla,20563.74,4.88,Completed
209336,1,2016-09-25,Tacoma,39731.45,5.24,Pending
209337,5,2016-09-03,Tacoma,39139.8,5.34,Completed
209338,4,2016-09-25,Tacoma,29839.44,3.81,Completed
209339,8,2016-09-29,Camry,40623.05,5.84,Completed
209340,14,2016-09-10,Corolla,30183.69,5.1,Completed
209341,15,2016-09-07,Tundra,47605.55,4.86,Completed
209342,11,2016-09-17,Tacoma,30597.13,4.16,Completed
209343,12,2016-09-20,Highlander,71705.56,5.65,Completed
209344,3,2016-09-27,Tundra,55931.99,5.69,Completed
209345,7,2016-09-10,Highlander,66080.06,5.39,Completed
209346,2,2016-09-08,Sienna,42465.05,4.0,Completed
209347,13,2016-09-10,Prius,32810.32,5.61,Completed
209348,1,2016-09-16,Tundra,44537.96,5.24,Completed
209349,12,2016-09-28,Prius,36158.0,5.65,Completed
209350,5,2016-09-17,Tundra,40386.62,5.34,Completed
209351,4,2016-09-10,RAV4,30232.69,3.81,Completed
209352,4,2016-09-01,Camry,27696.54,3.81,Completed
209353,1,2016-09-03,Tacoma,34175.23,5.24,Completed
209354,9,2016-09-02,Camry,32234.97,4.4,Completed
209355,9,2016-09-06,Tundra,40941.06,4.4,Completed
209356,18,2016-09-12,Tacoma,46590.75,5.68,Completed
209357,8,2016-09-15,Tundra,49199.94,5.84,Completed
209358,14,2016-09-08,Tacoma,45234.55,5.1,Completed
209359,7,2016-09-12,Tacoma,47354.08,5.39,Completed
209360,2,2016-09-12,Prius,26214.3,4.0,Completed
209361,14,2016-09-21,Tacoma,45651.07,5.1,Completed
209362,11,2016-09-04,Highlander,52050.5,4.16,Completed
209363,15,2016-09-04,RAV4,46941.95,4.86,Completed
209364,20,2016-09-17,Prius,35691.94,5.77,Completed
209365,16,2016-09-09,RAV4,53624.13,6.06,Completed
209366,20,2016-09-21,Highlander,70657.18,5.77,Completed
209367,10,2016-09-14,Highlander,49884.16,4.88,Completed
209368,20,2016-09-17,Highlander,70947.49,5.77,Completed
209369,9,2016-09-21,RAV4,34910.75,4.4,Completed
209370,16,2016-09-26,Prius,33721.76,6.06,Completed
209371,9,2016-09-18,Corolla,23640.37,4.4,Completed
209372,4,2016-09-05,Tundra,39230.55,3.81,Completed
209373,4,2016-09-12,Camry,25981.54,3.81,Completed
209374,6,2016-09-16,Sienna,36151.78,3.86,Completed
209375,17,2016-09-24,RAV4,37084.48,4.51,Completed
209376,10,2016-09-11,RAV4,32951.26,4.88,Completed
209377,5,2016-09-01,Prius,31282.94,5.34,Completed
209378,6,2016-09-18,Corolla,21673.49,3.86,Completed
209379,12,2016-09-19,Corolla,29774.62,5.65,Completed
209380,8,2016-09-20,Corolla,27513.21,5.84,Completed
209381,11,2016-09-08,Highlander,53552.55,4.16,Completed
209382,9,2016-09-18,Corolla,23157.91,4.4,Completed
209383,16,2016-09-06,Prius,37397.91,6.06,Completed
209384,17,2016-09-15,Camry,26193.65,4.51,Completed
209385,4,2016-09-03,Tacoma,29951.89,3.81,Pending
209386,12,2016-09-05,RAV4,48750.04,5.65,Pending
209387,14,2016-09-01,Tacoma,43562.01,5.1,Completed
209388,6,2016-09-11,Sienna,40896.97,3.86,Completed
209389,3,2016-09-12,Prius,37216.84,5.69,Completed
209390,14,2016-09-05,Prius,34369.65,5.1,Cancelled
209391,10,2016-09-16,Tundra,41885.85,4.88,Completed
209392,1,2016-09-26,RAV4,38570.23,5.24,Completed
209393,5,2016-09-05,RAV4,42881.45,5.34,Completed
209394,14,2016-09-28,Tundra,47888.79,5.1,Completed
209395,10,2016-09-06,Sienna,37627.55,4.88,Completed
209396,1,2016-09-23,RAV4,38314.56,5.24,Completed
209397,15,2016-09-17,Camry,39049.59,4.86,Completed
209398,20,2016-09-08,Corolla,30845.84,5.77,Completed
209399,16,2016-09-26,Prius,31896.77,6.06,Completed
209400,16,2016-09-15,Camry,40510.07,6.06,Completed
209401,13,2016-09-13,Sienna,58397.87,5.61,Completed
209402,18,2016-09-18,RAV4,50697.39,5.68,Completed
209403,16,2016-09-27,Corolla,32810.43,6.06,Completed
209404,19,2016-09-28,Tacoma,38067.04,5.48,Completed
209405,5,2016-09-09,Prius,29803.54,5.34,Completed
209406,18,2016-09-28,Corolla,32844.99,5.68,Completed
209407,18,2016-09-07,Camry,42688.84,5.68,Completed
209408,4,2016-09-24,Tacoma,28810.99,3.81,Completed
209409,1,2016-09-17,Camry,37218.75,5.24,Completed
209410,17,2016-09-14,Highlander,48568.13,4.51,Completed
209411,15,2016-09-14,Tacoma,45411.52,4.86,Completed
209412,18,2016-09-24,Sienna,58190.66,5.68,Completed
209413,2,2016-09-16,Sienna,44393.48,4.0,Completed
209414,16,2016-09-10,Camry,44308.05,6.06,Completed
209415,4,2016-09-02,Sienna,35746.8,3.81,Cancelled
209416,16,2016-09-15,Corolla,32456.1,6.06,Completed
209417,16,2016-09-10,Tundra,56250.97,6.06,Completed
209418,18,2016-09-04,Tundra,57548.98,5.68,Completed
209419,4,2016-09-25,Prius,25825.79,3.81,Completed
209420,14,2016-09-15,Tundra,53942.12,5.1,Completed
209421,6,2016-09-19,Tundra,39094.36,3.86,Completed
209422,16,2016-09-05,RAV4,52458.57,6.06,Completed
209423,13,2016-09-15,Tundra,60501.44,5.61,Completed
209424,13,2016-09-29,Sienna,50146.27,5.61,Completed
209425,3,2016-09-13,Highlander,70123.55,5.69,Completed
209426,9,2016-09-21,Sienna,36899.34,4.4,Completed
209427,14,2016-09-25,Tundra,51310.03,5.1,Completed
209428,17,2016-09-15,Highlander,42960.57,4.51,Completed
209429,10,2016-09-20,Corolla,23510.22,4.88,Completed
209430,4,2016-09-10,Tacoma,32509.6,3.81,Completed
209431,1,2016-09-14,RAV4,42486.45,5.24,Completed
209432,13,2016-09-14,Corolla,33274.65,5.61,Completed
209433,16,2016-09-01,Sienna,59372.16,6.06,Completed
209434,12,2016-09-01,Highlander,66065.37,5.65,Completed
209435,12,2016-09-02,Corolla,31485.99,5.65,Completed
209436,19,2016-09-03,Corolla,25909.04,5.48,Completed
209437,12,2016-09-30,Sienna,56132.08,5.65,Completed
209438,3,2016-09-02,Tundra,51231.01,5.69,Completed
209439,5,2016-09-04,Highlander,61054.58,5.34,Completed
209440,18,2016-09-25,Corolla,35221.31,5.68,Completed
209441,10,2016-09-02,RAV4,33169.07,4.88,Completed
209442,16,2016-09-22,RAV4,50145.87,6.06,Completed
209443,13,2016-09-11,Tacoma,44275.17,5.61,Completed
209444,7,2016-09-06,Camry,39694.34,5.39,Completed
209445,17,2016-09-26,Sienna,38860.24,4.51,Completed
209446,19,2016-09-15,RAV4,45979.19,5.48,Completed
209447,10,2016-09-15,Highlander,51630.39,4.88,Completed
209448,1,2016-09-14,Corolla,23612.75,5.24,Completed
209449,14,2016-09-13,Camry,35680.35,5.1,Completed
209450,3,2016-09-18,Tundra,56014.25,5.69,Completed
209451,15,2016-09-01,RAV4,51716.85,4.86,Completed
209452,19,2016-09-30,Sienna,44551.91,5.48,Completed
209453,4,2016-09-07,Sienna,35862.87,3.81,Completed
209454,6,2016-09-11,Sienna,35000.57,3.86,Completed
209455,19,2016-09-22,Highlander,61861.84,5.48,Completed
209456,10,2016-09-12,Tacoma,31645.19,4.88,Completed
209457,14,2016-09-14,Highlander,61071.57,5.1,Cancelled
209458,18,2016-09-10,Camry,43018.78,5.68,Completed
209459,7,2016-09-21,Tacoma,45166.66,5.39,Pending
209460,7,2016-09-14,RAV4,48746.07,5.39,Completed
209461,7,2016-09-23,Camry,38028.63,5.39,Completed
209462,15,2016-09-16,Highlander,60066.98,4.86,Completed
209463,19,2016-09-07,Camry,37806.04,5.48,Completed
209464,2,2016-09-08,Sienna,42166.65,4.0,Completed
209465,1,2016-09-02,Corolla,24132.24,5.24,Completed
209466,9,2016-09-19,Prius,25582.19,4.4,Completed
209467,4,2016-09-06,Tacoma,33104.04,3.81,Completed
209468,2,2016-09-19,RAV4,38287.34,4.0,Completed
209469,18,2016-09-12,Tacoma,50181.24,5.68,Completed
209470,10,2016-09-10,Sienna,42490.18,4.88,Completed
209471,16,2016-09-18,RAV4,47386.48,6.06,Completed
209472,9,2016-09-04,Corolla,23886.74,4.4,Completed
209473,19,2016-09-14,Camry,36942.76,5.48,Completed
209474,20,2016-09-03,Prius,37809.79,5.77,Completed
209475,12,2016-09-27,Tundra,52919.23,5.65,Completed
209476,7,2016-09-09,RAV4,47813.99,5.39,Completed
209477,12,2016-09-20,Tundra,51666.57,5.65,Completed
209478,8,2016-09-12,Tacoma,40712.58,5.84,Completed
209479,4,2016-09-11,Camry,28880.9,3.81,Completed
209480,17,2016-09-08,RAV4,34409.05,4.51,Completed
209481,8,2016-09-18,RAV4,44867.27,5.84,Completed
209482,5,2016-09-19,Highlander,62091.47,5.34,Completed
209483,15,2016-09-12,RAV4,43158.57,4.86,Completed
209484,19,2016-09-30,Corolla,27283.62,5.48,Completed
209485,8,2016-09-09,Tundra,57512.9,5.84,Completed
209486,12,2016-09-02,Prius,36459.94,5.65,Completed
209487,2,2016-09-24,Highlander,55360.91,4.0,Completed
209488,18,2016-09-30,Tacoma,49664.92,5.68,Completed
209489,18,2016-09-07,Camry,40068.64,5.68,Completed
209490,4,2016-09-19,Corolla,20176.85,3.81,Completed
209491,15,2016-09-29,Highlander,60627.71,4.86,Completed
209492,10,2016-09-30,Sienna,36130.3,4.88,Completed
209493,18,2016-09-17,Sienna,51590.6,5.68,Completed
209494,1,2016-09-21,Sienna,47437.52,5.24,Completed
209495,17,2016-09-08,Tundra,36047.98,4.51,Completed
209496,14,2016-09-11,Tundra,49083.32,5.1,Completed
209497,20,2016-09-02,Sienna,57286.43,5.77,Completed
209498,20,2016-09-06,RAV4,50875.87,5.77,Completed
209499,4,2016-09-14,Highlander,48416.69,3.81,Completed
209500,7,2016-09-14,RAV4,46642.35,5.39,Completed
209501,18,2016-09-07,RAV4,51342.01,5.68,Completed
209502,16,2016-09-29,Sienna,50089.26,6.06,Completed
209503,11,2016-09-25,RAV4,36300.12,4.16,Completed
209504,8,2016-09-12,Tundra,52379.03,5.84,Completed
209505,13,2016-09-29,Prius,32765.59,5.61,Completed
209506,7,2016-09-23,Corolla,31812.06,5.39,Completed
209507,6,2016-09-08,Tundra,40789.28,3.86,Completed
209508,20,2016-09-10,Tacoma,45065.7,5.77,Completed
209509,8,2016-09-30,Sienna,47646.45,5.84,Completed
209510,1,2016-09-02,Corolla,24204.27,5.24,Completed
209511,4,2016-09-01,Corolla,20682.65,3.81,Completed
209512,6,2016-09-03,Corolla,21064.9,3.86,Completed
209513,8,2016-09-05,Prius,31518.52,5.84,Completed
209514,10,2016-09-10,Highlander,45614.63,4.88,Completed
209515,9,2016-09-17,Corolla,22353.78,4.4,Completed
209516,10,2016-09-16,Tacoma,35252.83,4.88,Completed
209517,15,2016-09-12,Tacoma,40385.11,4.86,Completed
209518,12,2016-09-13,Camry,43909.08,5.65,Completed
209519,1,2016-09-25,RAV4,37599.32,5.24,Completed
209520,13,2016-09-10,Camry,45556.11,5.61,Completed
209521,15,2016-09-20,Tacoma,47268.86,4.86,Completed
209522,16,2016-09-11,Tacoma,42269.23,6.06,Completed
209523,1,2016-09-23,RAV4,41330.65,5.24,Completed
209524,16,2016-09-23,RAV4,49772.92,6.06,Completed
209525,11,2016-09-11,Corolla,21630.67,4.16,Completed
209526,15,2016-09-11,RAV4,50412.49,4.86,Completed
209527,20,2016-09-05,RAV4,49935.41,5.77,Completed
209528,16,2016-09-01,RAV4,45786.28,6.06,Completed
209529,19,2016-09-25,Highlander,61972.65,5.48,Completed
209530,11,2016-09-24,Corolla,20222.88,4.16,Pending
209531,3,2016-09-07,Prius,34791.41,5.69,Completed
209532,20,2016-09-07,Tundra,49998.41,5.77,Completed
209533,6,2016-09-09,Highlander,49720.67,3.86,Completed
209534,6,2016-09-17,Tacoma,33637.38,3.86,Completed
209535,1,2016-09-02,Prius,31492.85,5.24,Completed
209536,3,2016-09-19,Corolla,33338.26,5.69,Completed
209537,12,2016-09-12,RAV4,48591.7,5.65,Completed
209538,15,2016-09-22,Tundra,56250.57,4.86,Completed
209539,2,2016-09-15,Tacoma,33189.83,4.0,Completed
209540,11,2016-09-11,Sienna,35446.91,4.16,Completed
209541,16,2016-09-26,RAV4,52052.05,6.06,Completed
209542,2,2016-09-21,Tacoma,32772.8,4.0,Completed
209543,12,2016-09-21,Highlander,63314.9,5.65,Pending
209544,11,2016-09-30,Tacoma,34779.06,4.16,Completed
209545,14,2016-09-23,Prius,34386.65,5.1,Pending
209546,12,2016-09-26,Camry,39389.6,5.65,Completed
209547,6,2016-09-08,Camry,28189.22,3.86,Completed
209548,6,2016-09-20,Prius,24815.68,3.86,Completed
209549,18,2016-09-02,Highlander,76485.14,5.68,Completed
209550,15,2016-09-06,Sienna,55801.98,4.86,Completed
209551,18,2016-09-09,Corolla,34133.35,5.68,Completed
209552,16,2016-09-12,RAV4,53668.75,6.06,Completed
209553,6,2016-09-01,Prius,26050.18,3.86,Completed
209554,3,2016-09-29,Corolla,30957.03,5.69,Completed
209555,7,2016-09-24,Prius,37380.85,5.39,Completed
209556,6,2016-09-14,Corolla,23094.04,3.86,Completed
209557,13,2016-09-16,Sienna,57140.95,5.61,Completed
209558,20,2016-09-29,RAV4,52142.82,5.77,Completed
209559,16,2016-09-28,RAV4,53289.09,6.06,Cancelled
209560,4,2016-09-05,Prius,25709.68,3.81,Completed
209561,20,2016-09-22,Highlander,63800.84,5.77,Completed
209562,14,2016-09-13,Tacoma,42926.64,5.1,Completed
209563,7,2016-09-17,Camry,45796.0,5.39,Completed
209564,12,2016-09-15,Camry,38401.99,5.65,Completed
209565,2,2016-09-22,Sienna,43007.53,4.0,Completed
209566,8,2016-09-08,Camry,38206.02,5.84,Completed
209567,4,2016-09-03,Prius,24773.97,3.81,Completed
209568,5,2016-09-05,Tundra,41087.15,5.34,Completed
209569,7,2016-09-10,Corolla,32905.33,5.39,Completed
209570,3,2016-09-29,Tacoma,44648.84,5.69,Completed
209571,15,2016-09-14,Tacoma,40977.56,4.86,Completed
209572,15,2016-09-28,Highlander,66850.27,4.86,Completed
209573,13,2016-09-14,Camry,42094.35,5.61,Completed
209574,12,2016-09-04,Prius,35225.48,5.65,Completed
209575,10,2016-09-30,Tundra,42527.75,4.88,Completed
209576,5,2016-09-22,Camry,35154.47,5.34,Completed
209577,5,2016-09-29,Camry,33114.94,5.34,Completed
209578,8,2016-09-27,Highlander,65168.89,5.84,Completed
209579,1,2016-09-03,Camry,32990.63,5.24,Completed
209580,15,2016-09-22,Corolla,27019.76,4.86,Completed
209581,14,2016-09-05,Tacoma,43919.73,5.1,Completed
209582,11,2016-09-11,Highlander,51848.22,4.16,Completed
209583,12,2016-09-17,Camry,38861.69,5.65,Completed
209584,16,2016-09-30,Tacoma,45289.66,6.06,Completed
209585,4,2016-09-09,Corolla,21071.3,3.81,Completed
209586,2,2016-09-27,Tacoma,30688.16,4.0,Completed
209587,3,2016-09-18,Tacoma,43270.27,5.69,Completed
209588,8,2016-09-10,Corolla,29533.42,5.84,Completed
209589,5,2016-09-06,Tacoma,37697.83,5.34,Completed
209590,19,2016-09-22,Sienna,43306.68,5.48,Completed
209591,3,2016-09-23,Tacoma,48262.37,5.69,Completed
209592,10,2016-09-17,Highlander,46447.52,4.88,Completed
209593,10,2016-09-09,RAV4,38387.63,4.88,Completed
209594,8,2016-09-12,Highlander,67473.33,5.84,Completed
209595,4,2016-09-01,Tundra,37739.47,3.81,Completed
209596,6,2016-09-20,RAV4,33718.97,3.86,Completed
209597,5,2016-09-20,Sienna,41397.74,5.34,Completed
209598,2,2016-09-01,Corolla,23298.46,4.0,Completed
209599,4,2016-09-21,Sienna,36471.55,3.81,Completed
209600,20,2016-09-15,Tacoma,40422.11,5.77,Completed
209601,14,2016-09-24,RAV4,42395.2,5.1,Completed
209602,5,2016-09-21,Sienna,49129.83,5.34,Completed
209603,11,2016-09-12,Camry,27898.31,4.16,Completed
209604,19,2016-09-13,Corolla,26245.82,5.48,Completed
209605,20,2016-09-11,RAV4,53117.67,5.77,Completed
209606,8,2016-09-18,Corolla,29914.92,5.84,Completed
209607,9,2016-09-15,Sienna,34577.72,4.4,Completed
209608,16,2016-09-15,Highlander,63795.21,6.06,Completed
209609,15,2016-09-29,Camry,39056.91,4.86,Completed
209610,20,2016-09-15,Tundra,53587.61,5.77,Completed
209611,15,2016-09-26,Corolla,28823.23,4.86,Completed
209612,16,2016-09-13,Highlander,70693.61,6.06,Completed
209613,18,2016-09-07,Corolla,29441.29,5.68,Completed
209614,3,2016-09-29,Highlander,73182.49,5.69,Completed
209615,1,2016-09-05,Prius,31081.88,5.24,Completed
209616,9,2016-09-27,Sienna,40829.65,4.4,Completed
209617,17,2016-09-07,Tundra,40170.59,4.51,Completed
209618,10,2016-09-03,Tacoma,30549.78,4.88,Completed
209619,5,2016-09-14,Highlander,57315.22,5.34,Completed
209620,13,2016-09-25,Tacoma,49624.12,5.61,Completed
209621,5,2016-09-09,Highlander,57409.69,5.34,Completed
209622,14,2016-09-01,Sienna,55464.76,5.1,Completed
209623,6,2016-09-06,Tacoma,28756.8,3.86,Completed
209624,8,2016-09-06,Sienna,52050.13,5.84,Completed
209625,2,2016-09-10,Prius,25864.03,4.0,Completed
209626,12,2016-09-07,Sienna,53832.28,5.65,Completed
209627,4,2016-09-28,Tacoma,29314.97,3.81,Completed
209628,15,2016-09-16,Camry,43488.62,4.86,Completed
209629,4,2016-09-30,Tundra,40058.73,3.81,Completed
209630,14,2016-09-14,RAV4,46069.43,5.1,Completed
209631,11,2016-09-30,Tundra,40408.99,4.16,Completed
209632,17,2016-09-03,RAV4,35617.41,4.51,Completed
209633,18,2016-09-02,Corolla,33191.6,5.68,Completed
209634,11,2016-09-08,RAV4,32695.23,4.16,Completed
209635,11,2016-09-02,Sienna,35261.26,4.16,Completed
209636,13,2016-09-07,RAV4,50913.89,5.61,Completed
209637,13,2016-09-14,Highlander,68043.67,5.61,Completed
209638,8,2016-09-14,Prius,33990.86,5.84,Completed
209639,11,2016-09-12,Corolla,22251.09,4.16,Completed
209640,2,2016-09-01,Prius,24869.22,4.0,Completed
209641,12,2016-09-28,Camry,38242.44,5.65,Completed
209642,20,2016-09-18,Camry,43786.28,5.77,Completed
209643,8,2016-09-21,Corolla,31842.33,5.84,Completed
209644,10,2016-09-06,Highlander,48211.12,4.88,Completed
209645,5,2016-09-11,Camry,34864.52,5.34,Completed
209646,6,2016-09-16,Prius,26259.69,3.86,Completed
209647,18,2016-09-15,Prius,33457.73,5.68,Completed
209648,20,2016-09-21,Corolla,29557.09,5.77,Completed
209649,7,2016-09-23,Prius,36330.13,5.39,Completed
209650,12,2016-09-24,Corolla,30355.38,5.65,Completed
209651,7,2016-09-07,Corolla,28682.73,5.39,Completed
209652,15,2016-09-30,Highlander,66326.8,4.86,Completed
209653,5,2016-09-23,Camry,37569.24,5.34,Completed
209654,14,2016-09-18,Corolla,26492.85,5.1,Completed
209655,19,2016-09-16,Prius,30071.97,5.48,Completed
209656,5,2016-09-15,Highlander,61792.07,5.34,Completed
209657,10,2016-09-28,Prius,23493.55,4.88,Completed
209658,20,2016-09-12,Highlander,70992.39,5.77,Completed
209659,13,2016-09-17,RAV4,51381.72,5.61,Completed
209660,8,2016-09-20,Sienna,51950.82,5.84,Completed
209661,12,2016-09-13,Tacoma,44096.93,5.65,Completed
209662,17,2016-09-19,Sienna,40449.7,4.51,Completed
209663,4,2016-09-08,RAV4,33423.33,3.81,Completed
209664,17,2016-09-27,RAV4,32151.28,4.51,Completed
209665,17,2016-09-03,Highlander,43006.72,4.51,Completed
209666,2,2016-09-03,RAV4,36213.57,4.0,Completed
209667,19,2016-09-17,Prius,30352.01,5.48,Completed
209668,2,2016-09-15,Prius,24732.74,4.0,Completed
209669,7,2016-09-24,Tundra,57776.25,5.39,Completed
209670,20,2016-09-20,Tacoma,46719.79,5.77,Cancelled
209671,13,2016-09-10,Sienna,58401.65,5.61,Completed
209672,1,2016-09-19,Camry,37885.41,5.24,Completed
209673,13,2016-09-23,Prius,33796.17,5.61,Completed
209674,8,2016-09-05,Corolla,31998.51,5.84,Completed
209675,8,2016-09-05,Tacoma,41439.33,5.84,Completed
209676,8,2016-09-16,RAV4,51802.46,5.84,Completed
209677,13,2016-09-11,Tacoma,49535.38,5.61,Completed
209678,2,2016-09-12,Highlander,53496.4,4.0,Cancelled
209679,19,2016-09-22,Prius,27867.31,5.48,Completed
209680,11,2016-09-15,Corolla,23974.18,4.16,Completed
209681,12,2016-09-15,RAV4,49506.24,5.65,Completed
209682,19,2016-09-03,Tacoma,36075.29,5.48,Completed
209683,18,2016-09-18,Prius,36757.9,5.68,Completed
209684,16,2016-09-16,Camry,39330.64,6.06,Completed
209685,11,2016-09-05,Prius,25600.61,4.16,Completed
209686,7,2016-09-06,Camry,46036.19,5.39,Completed
209687,1,2016-09-05,RAV4,38287.34,5.24,Completed
209688,9,2016-09-25,Corolla,22295.88,4.4,Completed
209689,18,2016-09-10,RAV4,55763.47,5.68,Completed
209690,7,2016-09-27,Tundra,51934.44,5.39,Completed
209691,8,2016-09-20,Camry,41666.45,5.84,Completed
209692,16,2016-09-09,Tacoma,41544.51,6.06,Completed
209693,18,2016-09-09,Highlander,73464.64,5.68,Completed
209694,4,2016-09-13,Camry,28832.49,3.81,Completed
209695,18,2016-09-24,Sienna,53852.92,5.68,Completed
209696,13,2016-09-05,Sienna,50222.02,5.61,Completed
209697,10,2016-09-20,Sienna,37796.4,4.88,Completed
209698,4,2016-09-04,Tundra,38049.37,3.81,Completed
209699,17,2016-09-26,Tundra,36046.69,4.51,Completed
209700,5,2016-09-29,Sienna,41868.85,5.34,Completed
209701,4,2016-09-20,Tundra,37305.87,3.81,Completed
209702,2,2016-09-28,Highlander,50417.47,4.0,Completed
209703,17,2016-09-04,Tundra,36238.58,4.51,Completed
209704,17,2016-09-15,Sienna,34988.13,4.51,Completed
209705,11,2016-09-26,Tundra,42234.71,4.16,Completed
209706,10,2016-09-22,Tundra,38736.78,4.88,Completed
209707,14,2016-09-24,Prius,34274.57,5.1,Completed
209708,17,2016-09-27,Tacoma,31733.13,4.51,Completed
209709,15,2016-09-03,Camry,37751.5,4.86,Completed
209710,7,2016-09-25,Corolla,30125.38,5.39,Completed
209711,20,2016-09-26,Prius,34688.44,5.77,Completed
209712,1,2016-09-18,Tacoma,40869.89,5.24,Completed
209713,12,2016-09-01,Tundra,50541.27,5.65,Completed
209714,18,2016-09-23,Corolla,32263.03,5.68,Completed
209715,1,2016-09-13,Sienna,45421.69,5.24,Completed
209716,17,2016-09-02,Highlander,48389.41,4.51,Completed
209717,3,2016-09-06,Corolla,29903.13,5.69,Completed
209718,12,2016-09-24,Highlander,72297.7,5.65,Completed
209719,3,2016-09-04,Prius,33515.75,5.69,Completed
209720,2,2016-09-26,Prius,26783.28,4.0,Completed
209721,15,2016-09-09,Camry,40036.27,4.86,Completed
209722,6,2016-09-21,RAV4,33392.19,3.86,Completed
209723,5,2016-09-02,Prius,30854.94,5.34,Completed
209724,19,2016-09-13,Camry,39448.99,5.48,Completed
209725,11,2016-09-14,Highlander,46262.2,4.16,Completed
209726,8,2016-09-19,Highlander,72660.03,5.84,Completed
209727,20,2016-09-08,Highlander,71106.49,5.77,Completed
209728,5,2016-09-16,Tacoma,34347.94,5.34,Completed
209729,4,2016-09-24,Tacoma,30735.38,3.81,Completed
209730,7,2016-09-11,Tacoma,46645.12,5.39,Completed
209731,12,2016-09-27,Corolla,27046.41,5.65,Completed
209732,16,2016-09-10,Tundra,55709.61,6.06,Completed
209733,4,2016-09-03,Prius,22677.47,3.81,Completed
209734,9,2016-09-26,Highlander,44326.5,4.4,Completed
209735,12,2016-09-23,Camry,37043.67,5.65,Completed
209736,6,2016-09-26,Sienna,35309.74,3.86,Completed
209737,18,2016-09-19,Tacoma,50868.65,5.68,Completed
209738,3,2016-09-24,Camry,44679.01,5.69,Completed
209739,19,2016-09-06,Tundra,42970.09,5.48,Completed
209740,13,2016-09-23,Highlander,75687.66,5.61,Cancelled
209741,7,2016-09-07,Tacoma,47229.64,5.39,Completed
209742,7,2016-09-21,RAV4,48015.27,5.39,Completed
209743,1,2016-09-15,Tacoma,39740.36,5.24,Completed
209744,19,2016-09-02,Highlander,55597.4,5.48,Completed
209745,2,2016-09-15,Tundra,42172.11,4.0,Completed
209746,1,2016-09-24,Tacoma,35915.12,5.24,Completed
209747,13,2016-09-27,Camry,43327.28,5.61,Completed
209748,5,2016-09-23,RAV4,37349.99,5.34,Completed
209749,13,2016-09-07,Tacoma,49006.5,5.61,Completed
209750,16,2016-09-15,Prius,38208.27,6.06,Completed
209751,15,2016-09-29,Camry,40968.79,4.86,Completed
209752,9,2016-09-25,Prius,26619.55,4.4,Completed
209753,5,2016-09-22,RAV4,39503.45,5.34,Completed
209754,2,2016-09-01,Highlander,50539.94,4.0,Completed
209755,6,2016-09-18,Tundra,40288.61,3.86,Completed
209756,10,2016-09-19,Camry,28888.94,4.88,Completed
209757,17,2016-09-09,Prius,22304.74,4.51,Completed
209758,15,2016-09-28,Tacoma,46831.7,4.86,Completed
209759,9,2016-09-07,Tacoma,34816.02,4.4,Completed
209760,2,2016-09-06,Sienna,41309.64,4.0,Completed
209761,18,2016-09-17,Highlander,77806.74,5.68,Completed
209762,19,2016-09-01,Corolla,24256.17,5.48,Completed
209763,11,2016-09-23,Camry,31007.37,4.16,Completed
209764,18,2016-09-04,Sienna,53282.28,5.68,Completed
209765,16,2016-09-20,Corolla,31190.94,6.06,Completed
209766,14,2016-09-08,Sienna,53920.09,5.1,Completed
209767,10,2016-09-11,Highlander,46929.4,4.88,Completed
209768,6,2016-09-24,Sienna,40682.57,3.86,Completed
209769,9,2016-09-12,RAV4,36482.84,4.4,Completed
209770,13,2016-09-01,Prius,34485.06,5.61,Pending
209771,18,2016-09-04,Tacoma,48826.09,5.68,Completed
209772,18,2016-09-22,Highlander,71201.42,5.68,Completed
209773,19,2016-09-07,Tundra,44271.85,5.48,Completed
209774,15,2016-09-02,Tundra,48288.41,4.86,Completed
209775,9,2016-09-26,Tacoma,31781.53,4.4,Completed
209776,10,2016-09-07,RAV4,39555.6,4.88,Completed
209777,16,2016-09-19,Tundra,51975.61,6.06,Completed
209778,6,2016-09-21,Highlander,49585.41,3.86,Completed
209779,18,2016-09-23,Tundra,57188.61,5.68,Completed
209780,18,2016-09-08,Camry,41565.58,5.68,Completed
209781,20,2016-09-25,Tacoma,43625.04,5.77,Completed
209782,15,2016-09-11,Tacoma,44584.12,4.86,Completed
209783,20,2016-09-09,Tacoma,47898.78,5.77,Completed
209784,1,2016-09-26,Camry,33728.32,5.24,Completed
209785,19,2016-09-11,Corolla,27031.21,5.48,Completed
209786,20,2016-09-10,Sienna,52848.55,5.77,Pending
209787,9,2016-09-05,Camry,29868.04,4.4,Completed
209788,2,2016-09-29,Tundra,37160.18,4.0,Completed
209789,10,2016-09-28,Camry,33787.89,4.88,Completed
209790,8,2016-09-10,RAV4,52760.24,5.84,Completed
209791,9,2016-09-05,Sienna,41003.94,4.4,Completed
209792,19,2016-09-28,Sienna,43960.86,5.48,Completed
209793,9,2016-09-21,RAV4,34657.41,4.4,Completed
209794,9,2016-09-03,Tundra,36493.67,4.4,Completed
209795,20,2016-09-24,Highlander,69528.94,5.77,Completed
209796,14,2016-09-08,Corolla,30209.13,5.1,Completed
209797,19,2016-09-18,Highlander,53294.03,5.48,Completed
209798,11,2016-09-18,Corolla,23153.82,4.16,Completed
209799,9,2016-09-01,Tacoma,30379.04,4.4,Completed
209800,11,2016-09-09,RAV4,38000.04,4.16,Completed
209801,17,2016-09-25,Corolla,21575.1,4.51,Completed
209802,1,2016-09-21,Tundra,44816.5,5.24,Completed
209803,5,2016-09-26,Camry,33058.73,5.34,Completed
209804,19,2016-09-30,RAV4,43655.27,5.48,Completed
209805,17,2016-09-23,Camry,28045.33,4.51,Completed
209806,10,2016-09-20,Prius,25003.72,4.88,Completed
209807,17,2016-09-01,Sienna,35098.38,4.51,Completed
209808,4,2016-09-23,Camry,30693.05,3.81,Completed
209809,13,2016-09-19,Prius,38639.99,5.61,Completed
209810,2,2016-09-19,Camry,32820.85,4.0,Completed
209811,18,2016-09-20,Highlander,68459.83,5.68,Completed
209812,11,2016-09-18,Highlander,49748.58,4.16,Completed
209813,7,2016-09-18,Highlander,73823.07,5.39,Completed
209814,7,2016-09-07,Sienna,52770.47,5.39,Completed
209815,18,2016-09-26,Tundra,59671.91,5.68,Completed
209816,13,2016-09-03,Camry,41511.51,5.61,Completed
209817,20,2016-09-24,Corolla,31969.85,5.77,Completed
209818,2,2016-09-26,Camry,32346.4,4.0,Completed
209819,9,2016-09-08,Tundra,37702.21,4.4,Completed
209820,14,2016-09-02,Camry,37511.16,5.1,Completed
209821,7,2016-09-13,Camry,42453.05,5.39,Completed
209822,1,2016-09-16,Prius,27262.24,5.24,Completed
209823,17,2016-09-06,RAV4,34243.88,4.51,Completed
209824,7,2016-09-28,Tundra,49032.91,5.39,Completed
209825,11,2016-09-25,Camry,32440.18,4.16,Completed
209826,16,2016-09-30,Tundra,53917.04,6.06,Completed
209827,19,2016-09-11,Tundra,47136.56,5.48,Pending
209828,18,2016-09-06,Corolla,30227.91,5.68,Completed
209829,15,2016-09-11,Corolla,32103.39,4.86,Completed
209830,17,2016-09-30,Prius,22650.94,4.51,Completed
209831,14,2016-09-21,Corolla,30718.09,5.1,Completed
209832,20,2016-09-27,Highlander,62594.76,5.77,Completed
209833,20,2016-09-15,RAV4,53263.79,5.77,Completed
209834,10,2016-09-04,Camry,33651.97,4.88,Completed
209835,9,2016-09-06,Prius,23322.09,4.4,Completed
209836,9,2016-09-03,Prius,24986.94,4.4,Pending
209837,1,2016-09-15,Sienna,46959.9,5.24,Completed
209838,19,2016-09-28,Highlander,63984.38,5.48,Completed
209839,19,2016-09-20,Sienna,45379.43,5.48,Completed
209840,12,2016-09-09,Camry,39172.66,5.65,Completed
209841,4,2016-09-24,Prius,25359.44,3.81,Completed
209842,16,2016-09-07,Camry,46311.96,6.06,Completed
209843,8,2016-09-16,Prius,36215.47,5.84,Completed
209844,6,2016-09-25,Highlander,47122.06,3.86,Completed
209845,19,2016-09-25,Tacoma,42610.02,5.48,Completed
209846,20,2016-09-18,Sienna,53891.96,5.77,Completed
209847,12,2016-09-17,Highlander,68432.0,5.65,Completed
209848,16,2016-09-05,Sienna,56075.99,6.06,Completed
209849,3,2016-09-10,Sienna,59718.65,5.69,Completed
209850,13,2016-09-21,Tundra,51308.43,5.61,Completed
209851,16,2016-09-29,Sienna,50365.68,6.06,Completed
209852,6,2016-09-28,RAV4,34474.36,3.86,Completed
209853,5,2016-09-08,Highlander,58267.32,5.34,Pending
209854,19,2016-09-21,Prius,27958.9,5.48,Completed
209855,17,2016-09-18,Tacoma,31925.74,4.51,Completed
209856,15,2016-09-19,Camry,37698.68,4.86,Completed
209857,12,2016-09-18,Corolla,30649.82,5.65,Completed
209858,4,2016-09-01,Tacoma,30194.92,3.81,Completed
209859,7,2016-09-17,Highlander,71768.77,5.39,Pending
209860,13,2016-09-14,Corolla,33508.25,5.61,Pending
209861,2,2016-09-10,Tacoma,37092.32,4.0,Completed
209862,19,2016-09-16,Tundra,46411.08,5.48,Completed
209863,17,2016-09-04,Tacoma,31150.99,4.51,Completed
209864,12,2016-09-19,Highlander,60901.23,5.65,Completed
209865,1,2016-09-24,RAV4,40422.83,5.24,Completed
209866,1,2016-09-12,Prius,27728.08,5.24,Completed
209867,15,2016-09-02,Prius,36274.37,4.86,Completed
209868,16,2016-09-07,Sienna,57995.93,6.06,Completed
209869,19,2016-09-27,Camry,32488.88,5.48,Cancelled
209870,5,2016-09-07,Prius,28400.29,5.34,Completed
209871,16,2016-09-10,Tundra,49025.69,6.06,Completed
209872,18,2016-09-27,Tacoma,50547.82,5.68,Completed
209873,6,2016-09-05,Prius,25048.72,3.86,Completed
209874,6,2016-09-08,Corolla,23369.72,3.86,Completed
209875,9,2016-09-23,RAV4,33256.42,4.4,Completed
209876,2,2016-09-12,Tundra,37074.11,4.0,Completed
209877,14,2016-09-27,Corolla,27706.06,5.1,Completed
209878,13,2016-09-24,Highlander,73155.54,5.61,Completed
209879,13,2016-09-30,Sienna,55279.74,5.61,Completed
209880,17,2016-09-20,Tundra,33934.52,4.51,Completed
209881,19,2016-09-06,Tacoma,36909.2,5.48,Completed
209882,11,2016-09-02,Camry,32750.87,4.16,Pending
209883,18,2016-09-10,Corolla,29907.51,5.68,Completed
209884,4,2016-09-05,Camry,31025.68,3.81,Completed
209885,18,2016-09-29,Camry,46930.16,5.68,Completed
209886,3,2016-09-21,Sienna,56509.09,5.69,Completed
209887,13,2016-09-10,Tundra,50295.04,5.61,Completed
209888,16,2016-09-15,Prius,34808.63,6.06,Completed
209889,11,2016-09-11,Corolla,21323.26,4.16,Completed
209890,4,2016-09-12,Corolla,22313.42,3.81,Completed
209891,15,2016-09-20,Tacoma,41263.22,4.86,Completed
209892,9,2016-09-27,Prius,23669.03,4.4,Completed
209893,18,2016-09-23,Prius,37396.4,5.68,Completed
209894,19,2016-09-14,Tacoma,39992.69,5.48,Completed
209895,17,2016-09-17,Sienna,40218.48,4.51,Completed
209896,5,2016-09-08,Camry,37055.7,5.34,Completed
209897,17,2016-09-15,Prius,25281.05,4.51,Completed
209898,9,2016-09-23,Highlander,46903.48,4.4,Completed
209899,1,2016-09-28,Highlander,56726.57,5.24,Completed
209900,12,2016-09-28,Corolla,29375.58,5.65,Completed
209901,3,2016-09-08,Camry,44220.07,5.69,Completed
209902,11,2016-09-10,Prius,27259.35,4.16,Completed
209903,4,2016-09-11,Tundra,35801.67,3.81,Completed
209904,19,2016-09-15,Corolla,27612.2,5.48,Completed
209905,10,2016-09-06,Corolla,22163.88,4.88,Completed
209906,17,2016-09-08,Tundra,36757.49,4.51,Completed
209907,3,2016-09-01,Corolla,29502.28,5.69,Completed
209908,12,2016-09-25,Camry,44069.38,5.65,Completed
209909,9,2016-09-12,Tundra,36599.24,4.4,Completed
209910,19,2016-09-27,Tacoma,41063.88,5.48,Completed
209911,1,2016-09-04,Highlander,55376.63,5.24,Completed
209912,10,2016-09-03,Camry,31809.11,4.88,Completed
209913,3,2016-09-07,Tundra,53169.69,5.69,Completed
209914,20,2016-09-08,Tundra,57353.82,5.77,Completed
209915,18,2016-09-22,Highlander,74562.65,5.68,Completed
209916,12,2016-09-02,Tundra,50598.83,5.65,Completed
209917,14,2016-09-14,RAV4,48800.12,5.1,Completed
209918,6,2016-09-20,Corolla,22981.73,3.86,Completed
209919,2,2016-09-20,Prius,24582.96,4.0,Completed
209920,12,2016-09-28,Prius,33431.08,5.65,Completed
209921,16,2016-09-19,RAV4,50200.03,6.06,Completed
209922,18,2016-09-16,Corolla,34547.77,5.68,Completed
209923,15,2016-09-25,Camry,37530.56,4.86,Completed
209924,5,2016-09-29,Sienna,47341.53,5.34,Cancelled
209925,17,2016-09-10,Camry,31605.84,4.51,Completed
209926,6,2016-09-22,RAV4,36492.74,3.86,Completed
209927,3,2016-09-14,Prius,37736.21,5.69,Completed
209928,6,2016-09-14,Corolla,21731.94,3.86,Completed
209929,4,2016-09-20,RAV4,35187.61,3.81,Completed
209930,18,2016-09-28,Tacoma,52433.72,5.68,Completed
209931,12,2016-09-16,Highlander,70534.81,5.65,Completed
209932,5,2016-09-16,Highlander,61318.09,5.34,Completed
209933,16,2016-09-18,Prius,32700.75,6.06,Completed
209934,2,2016-09-05,Highlander,54668.35,4.0,Completed
209935,9,2016-09-14,Prius,26819.29,4.4,Completed
209936,1,2016-09-10,Tacoma,39749.74,5.24,Completed
209937,8,2016-09-25,Corolla,30102.15,5.84,Completed
209938,1,2016-09-25,Tacoma,35149.95,5.24,Pending
209939,7,2016-09-29,Prius,36356.4,5.39,Completed
209940,13,2016-09-30,Camry,39732.41,5.61,Completed
209941,6,2016-09-23,RAV4,31196.76,3.86,Cancelled
209942,3,2016-09-09,Tacoma,44254.21,5.69,Completed
209943,15,2016-09-13,Sienna,55183.2,4.86,Completed
209944,16,2016-09-15,RAV4,46396.38,6.06,Completed
209945,19,2016-09-23,Prius,29379.85,5.48,Completed
209946,2,2016-09-09,RAV4,34664.23,4.0,Completed
209947,10,2016-09-19,Prius,27088.71,4.88,Completed
209948,18,2016-09-06,Sienna,57970.09,5.68,Completed
209949,3,2016-09-25,RAV4,51873.24,5.69,Completed
209950,13,2016-09-16,Tacoma,49355.65,5.61,Completed
209951,4,2016-09-18,Corolla,22519.8,3.81,Pending
209952,6,2016-09-11,Camry,31020.33,3.86,Completed
209953,20,2016-09-29,Highlander,65405.76,5.77,Completed
209954,5,2016-09-17,Highlander,57632.26,5.34,Completed
209955,8,2016-09-21,Sienna,54123.13,5.84,Pending
209956,20,2016-09-24,Prius,33229.62,5.77,Completed
209957,7,2016-09-29,Tundra,53101.29,5.39,Completed
209958,9,2016-09-30,Tundra,40271.01,4.4,Completed
209959,19,2016-09-27,Prius,32739.27,5.48,Completed
209960,11,2016-09-07,Highlander,47424.66,4.16,Completed
209961,17,2016-09-10,Camry,29622.0,4.51,Completed
209962,20,2016-09-13,RAV4,45325.88,5.77,Completed
209963,20,2016-09-21,RAV4,43971.44,5.77,Completed
209964,15,2016-09-08,Sienna,55394.17,4.86,Completed
209965,8,2016-09-16,Tundra,55992.09,5.84,Completed
209966,16,2016-09-26,Highlander,70436.69,6.06,Completed
209967,9,2016-09-26,Tacoma,29457.93,4.4,Completed
209968,6,2016-09-03,Highlander,51175.5,3.86,Completed
209969,13,2016-09-30,Tacoma,50382.73,5.61,Completed
209970,9,2016-09-29,RAV4,31754.85,4.4,Completed
209971,13,2016-09-13,Prius,37263.6,5.61,Completed
209972,8,2016-09-06,RAV4,45953.01,5.84,Completed
209973,11,2016-09-14,Sienna,38782.63,4.16,Completed
209974,10,2016-09-02,Camry,33697.56,4.88,Completed
209975,8,2016-09-24,RAV4,44827.89,5.84,Completed
209976,7,2016-09-25,Tundra,51767.59,5.39,Completed
209977,16,2016-09-17,Camry,40969.68,6.06,Completed
209978,12,2016-09-04,RAV4,45968.5,5.65,Completed
209979,10,2016-09-29,RAV4,38569.61,4.88,Completed
209980,13,2016-09-27,RAV4,47156.12,5.61,Completed
209981,16,2016-09-27,RAV4,52676.44,6.06,Completed
209982,8,2016-09-18,Highlander,67959.69,5.84,Completed
209983,4,2016-09-22,Tundra,38438.84,3.81,Completed
209984,12,2016-09-30,Tundra,55537.33,5.65,Pending
209985,5,2016-09-28,Tacoma,40394.15,5.34,Completed
209986,13,2016-09-23,Corolla,33854.2,5.61,Completed
209987,1,2016-09-19,Prius,31483.42,5.24,Completed
209988,8,2016-09-09,Prius,36552.99,5.84,Completed
209989,16,2016-09-25,Corolla,30924.28,6.06,Completed
209990,12,2016-09-18,Corolla,31284.09,5.65,Completed
209991,19,2016-09-26,Highlander,64180.45,5.48,Completed
209992,12,2016-09-27,Corolla,28462.97,5.65,Completed
209993,15,2016-09-10,Prius,31992.64,4.86,Completed
209994,20,2016-09-15,Tacoma,42364.83,5.77,Completed
209995,11,2016-09-03,Camry,32588.83,4.16,Completed
209996,8,2016-09-13,RAV4,49731.9,5.84,Completed
209997,16,2016-09-01,Highlander,70824.54,6.06,Completed
209998,16,2016-09-09,RAV4,45700.78,6.06,Completed
209999,9,2016-09-02,Camry,29530.04,4.4,Completed
210000,2,2016-09-22,Highlander,47735.28,4.0,Completed
210001,9,2016-09-12,Camry,31482.75,4.4,Completed
210002,13,2016-09-29,Tundra,54011.93,5.61,Pending
210003,1,2016-09-11,Highlander,61851.35,5.24,Completed
210004,10,2016-09-11,RAV4,33343.02,4.88,Completed
210005,10,2016-09-09,Tacoma,30282.88,4.88,Completed
210006,15,2016-09-30,Tundra,50964.68,4.86,Completed
210007,13,2016-09-05,Prius,35318.02,5.61,Pending
210008,1,2016-09-09,Corolla,24282.47,5.24,Completed
210009,5,2016-09-16,Prius,31403.94,5.34,Completed
210010,4,2016-09-24,Tundra,36040.65,3.81,Completed
210011,10,2016-09-12,RAV4,37952.25,4.88,Completed
210012,17,2016-09-06,Tacoma,32061.35,4.51,Completed
210013,13,2016-09-18,RAV4,54287.64,5.61,Completed
210014,4,2016-09-27,Highlander,43742.37,3.81,Completed
210015,15,2016-09-15,Highlander,61603.2,4.86,Completed
210016,12,2016-09-29,Corolla,29551.48,5.65,Completed
210017,6,2016-09-12,RAV4,32461.25,3.86,Completed
210018,18,2016-09-12,Tundra,56825.56,5.68,Completed
210019,6,2016-09-06,Prius,22669.15,3.86,Completed
210020,8,2016-09-20,RAV4,51487.91,5.84,Completed
210021,5,2016-09-28,Prius,31723.98,5.34,Completed
210022,11,2016-09-18,Tundra,35929.32,4.16,Completed
210023,1,2016-09-03,Prius,28699.28,5.24,Completed
210024,15,2016-09-01,Camry,40302.17,4.86,Completed
210025,6,2016-09-21,Corolla,21992.88,3.86,Completed
210026,4,2016-09-01,RAV4,33708.13,3.81,Completed
210027,5,2016-09-11,Tacoma,39650.83,5.34,Completed
210028,20,2016-09-21,Tacoma,42734.26,5.77,Completed
210029,7,2016-09-10,Sienna,56049.93,5.39,Completed
210030,18,2016-09-21,RAV4,51310.2,5.68,Completed
210031,10,2016-09-15,Corolla,22092.05,4.88,Completed
210032,17,2016-09-25,Tacoma,31824.86,4.51,Completed
210033,15,2016-09-20,Camry,43629.32,4.86,Completed
210034,4,2016-09-17,Tacoma,28782.24,3.81,Completed
210035,18,2016-09-24,Tacoma,49104.29,5.68,Completed
210036,10,2016-09-06,RAV4,32699.21,4.88,Completed
210037,15,2016-09-02,Prius,34068.24,4.86,Completed
210038,16,2016-09-23,Prius,34887.47,6.06,Completed
210039,3,2016-09-24,RAV4,54233.18,5.69,Completed
210040,20,2016-09-19,Corolla,31167.56,5.77,Completed
210041,16,2016-09-12,Camry,45400.65,6.06,Completed
210042,17,2016-09-30,RAV4,35885.08,4.51,Completed
210043,3,2016-09-28,Tundra,56359.05,5.69,Completed
210044,19,2016-09-23,Prius,30453.92,5.48,Completed
210045,2,2016-09-29,Camry,31034.17,4.0,Completed
210046,3,2016-09-04,Tacoma,44598.0,5.69,Completed
210047,13,2016-09-17,Prius,38294.51,5.61,Completed
210048,11,2016-09-13,Corolla,20043.63,4.16,Completed
210049,9,2016-09-26,RAV4,31720.77,4.4,Completed
210050,7,2016-09-11,Tundra,50527.45,5.39,Completed
210051,20,2016-09-18,Highlander,64568.36,5.77,Completed
210052,8,2016-09-20,Sienna,55747.6,5.84,Completed
210053,16,2016-09-11,Camry,40612.92,6.06,Completed
210054,4,2016-09-15,Corolla,21541.67,3.81,Completed
210055,3,2016-09-04,Sienna,59156.85,5.69,Completed
210056,15,2016-09-05,RAV4,47720.22,4.86,Completed
210057,5,2016-09-13,Prius,30576.98,5.34,Completed
210058,12,2016-09-14,Tundra,53399.18,5.65,Completed
210059,1,2016-09-17,Corolla,26986.52,5.24,Completed
210060,3,2016-09-26,Tacoma,43805.46,5.69,Cancelled
210061,12,2016-09-20,Sienna,49400.04,5.65,Completed
210062,9,2016-09-29,RAV4,34135.54,4.4,Completed
210063,12,2016-09-06,Highlander,61113.63,5.65,Completed
210064,1,2016-09-07,Camry,32873.18,5.24,Completed
210065,8,2016-09-09,Tundra,55249.16,5.84,Completed
210066,16,2016-09-08,Corolla,33920.73,6.06,Completed
210067,16,2016-09-05,Tundra,51893.33,6.06,Completed
210068,14,2016-09-08,RAV4,44319.7,5.1,Completed
210069,17,2016-09-01,Prius,23850.14,4.51,Completed
210070,17,2016-09-08,Sienna,36688.52,4.51,Completed
210071,10,2016-09-04,Prius,23842.15,4.88,Completed
210072,19,2016-09-09,Corolla,24892.41,5.48,Completed
210073,17,2016-09-30,Corolla,22157.84,4.51,Completed
210074,8,2016-09-15,RAV4,50384.34,5.84,Completed
210075,1,2016-09-12,RAV4,42508.55,5.24,Completed
210076,14,2016-09-03,Camry,35835.59,5.1,Completed
210077,14,2016-09-05,Sienna,48683.39,5.1,Completed
210078,5,2016-09-11,Corolla,23776.06,5.34,Completed
210079,17,2016-09-29,Corolla,22530.24,4.51,Completed
210080,15,2016-09-11,Tacoma,46272.57,4.86,Completed
210081,4,2016-09-11,Camry,29395.56,3.81,Completed
210082,18,2016-09-30,Corolla,34554.84,5.68,Completed
210083,3,2016-09-25,Prius,33108.27,5.69,Completed
210084,8,2016-09-28,Tundra,55392.66,5.84,Completed
210085,18,2016-09-08,Highlander,68993.75,5.68,Cancelled
210086,6,2016-09-18,RAV4,36042.79,3.86,Completed
210087,15,2016-09-05,Highlander,65797.32,4.86,Completed
210088,3,2016-09-18,Camry,38736.24,5.69,Completed
210089,19,2016-09-24,Sienna,45317.03,5.48,Completed
210090,13,2016-09-21,Sienna,53100.33,5.61,Completed
210091,18,2016-09-17,Tundra,57381.48,5.68,Completed
210092,14,2016-09-19,Tundra,46597.9,5.1,Completed
210093,6,2016-09-25,Tacoma,33250.11,3.86,Completed
210094,4,2016-09-08,Prius,23620.55,3.81,Completed
210095,4,2016-09-06,Highlander,47936.03,3.81,Completed
210096,8,2016-09-24,Camry,41593.15,5.84,Completed
210097,12,2016-09-21,Tundra,49738.45,5.65,Completed
210098,17,2016-09-13,RAV4,33143.76,4.51,Completed
210099,12,2016-09-24,RAV4,43577.97,5.65,Completed
210100,15,2016-09-22,Camry,41829.94,4.86,Completed
210101,1,2016-09-22,Corolla,23649.78,5.24,Completed
210102,2,2016-09-19,RAV4,37056.29,4.0,Completed
210103,8,2016-09-04,Tacoma,48691.4,5.84,Completed
210104,1,2016-09-14,Tacoma,35528.42,5.24,Cancelled
210105,6,2016-09-04,Prius,22670.37,3.86,Completed
210106,15,2016-09-11,Camry,41481.98,4.86,Completed
210107,1,2016-09-04,RAV4,43817.35,5.24,Completed
210108,10,2016-09-02,Corolla,21589.37,4.88,Pending
210109,1,2016-09-14,Highlander,54681.38,5.24,Completed
210110,7,2016-09-01,Corolla,30480.61,5.39,Completed
210111,12,2016-09-18,Corolla,32385.33,5.65,Pending
210112,5,2016-09-04,Corolla,24253.45,5.34,Completed
210113,8,2016-09-13,Prius,32561.65,5.84,Completed
210114,10,2016-09-07,Highlander,55519.61,4.88,Completed
210115,8,2016-09-13,RAV4,48025.88,5.84,Completed
210116,15,2016-09-27,Tacoma,47279.44,4.86,Completed
210117,18,2016-09-13,Sienna,57721.99,5.68,Completed
210118,18,2016-09-09,Prius,36358.07,5.68,Completed
210119,19,2016-09-29,Highlander,57497.61,5.48,Completed
210120,10,2016-09-20,Corolla,24224.12,4.88,Completed
210121,6,2016-09-24,Sienna,34872.71,3.86,Completed
210122,14,2016-09-23,Camry,37818.32,5.1,Completed
210123,15,2016-09-04,Prius,31460.51,4.86,Completed
210124,12,2016-09-22,Tundra,47799.07,5.65,Completed
210125,1,2016-09-18,Tacoma,38225.6,5.24,Completed
210126,12,2016-09-08,Tacoma,41516.42,5.65,Completed
210127,18,2016-09-05,Tacoma,48937.47,5.68,Completed
210128,7,2016-09-18,RAV4,49144.45,5.39,Completed
210129,16,2016-09-23,Corolla,31179.3,6.06,Completed
210130,5,2016-09-20,RAV4,43689.05,5.34,Completed
210131,10,2016-09-28,RAV4,36358.38,4.88,Completed
210132,4,2016-09-15,Prius,22208.27,3.81,Completed
210133,10,2016-09-27,Prius,24348.09,4.88,Completed
210134,11,2016-09-12,Camry,32380.42,4.16,Completed
210135,9,2016-09-18,Prius,25456.07,4.4,Completed
210136,16,2016-09-23,Prius,34185.0,6.06,Completed
210137,7,2016-09-03,Sienna,49166.0,5.39,Completed
210138,11,2016-09-21,Tacoma,33156.5,4.16,Completed
210139,9,2016-09-16,Highlander,47384.3,4.4,Cancelled
210140,18,2016-09-13,Corolla,31275.14,5.68,Completed
210141,6,2016-09-14,Camry,26764.61,3.86,Completed
210142,8,2016-09-04,Prius,31399.03,5.84,Completed
210143,12,2016-09-26,Camry,39986.78,5.65,Completed
210144,16,2016-09-13,Highlander,73042.13,6.06,Completed
210145,11,2016-09-08,Camry,28738.0,4.16,Completed
210146,20,2016-09-26,Tundra,49354.62,5.77,Completed
210147,18,2016-09-19,Camry,46760.39,5.68,Completed
210148,8,2016-09-30,Prius,35200.84,5.84,Completed
210149,9,2016-09-05,Tundra,40342.24,4.4,Completed
210150,12,2016-09-06,Camry,39406.53,5.65,Completed
210151,4,2016-09-20,Sienna,38156.23,3.81,Completed
210152,1,2016-09-19,Tacoma,36780.11,5.24,Completed
210153,10,2016-09-12,Tacoma,32591.75,4.88,Completed
210154,18,2016-09-09,Prius,40067.55,5.68,Completed
210155,3,2016-09-13,Camry,43824.34,5.69,Completed
210156,8,2016-09-06,RAV4,50318.23,5.84,Completed
210157,4,2016-09-05,Camry,26251.17,3.81,Completed
210158,19,2016-09-02,Tundra,48610.73,5.48,Completed
210159,3,2016-09-24,Corolla,32489.87,5.69,Completed
210160,10,2016-09-19,Sienna,37191.24,4.88,Completed
210161,11,2016-09-18,Highlander,49406.89,4.16,Completed
210162,6,2016-09-14,Corolla,22202.42,3.86,Completed
210163,11,2016-09-19,Corolla,23106.29,4.16,Completed
210164,7,2016-09-26,Corolla,30322.5,5.39,Completed
210165,6,2016-09-01,Tacoma,30291.68,3.86,Completed
210166,7,2016-09-21,Prius,38154.13,5.39,Completed
210167,3,2016-09-25,Sienna,52174.49,5.69,Completed
210168,4,2016-09-20,Highlander,48476.53,3.81,Completed
210169,14,2016-09-12,RAV4,46558.58,5.1,Completed
210170,7,2016-09-28,RAV4,49328.73,5.39,Completed
210171,20,2016-09-25,Sienna,54787.83,5.77,Pending
210172,18,2016-09-16,Highlander,71273.97,5.68,Completed
210173,12,2016-09-08,Highlander,62029.06,5.65,Completed
210174,1,2016-09-26,Camry,34196.26,5.24,Completed
210175,14,2016-09-16,Highlander,66785.58,5.1,Completed
210176,18,2016-09-10,Prius,34753.56,5.68,Completed
210177,17,2016-09-26,RAV4,36444.38,4.51,Completed
210178,17,2016-09-18,RAV4,37093.85,4.51,Completed
210179,17,2016-09-20,Highlander,49224.28,4.51,Pending
210180,2,2016-09-26,Tacoma,30968.82,4.0,Completed
210181,17,2016-09-07,Tacoma,34318.85,4.51,Completed
210182,15,2016-09-16,Sienna,51912.52,4.86,Completed
210183,7,2016-09-03,Prius,33125.61,5.39,Completed
210184,11,2016-09-20,Tacoma,33758.81,4.16,Completed
210185,13,2016-09-09,Camry,41923.61,5.61,Completed
210186,11,2016-09-12,Camry,32732.96,4.16,Completed
210187,10,2016-09-30,Corolla,20999.97,4.88,Completed
210188,12,2016-09-02,Sienna,49410.46,5.65,Completed
210189,4,2016-09-04,Sienna,36890.08,3.81,Pending
210190,9,2016-09-29,Prius,23833.05,4.4,Completed
210191,9,2016-09-10,Corolla,23103.85,4.4,Completed
210192,18,2016-09-26,Tacoma,52105.29,5.68,Completed
210193,4,2016-09-23,Corolla,19963.7,3.81,Completed
210194,1,2016-09-06,Highlander,57529.13,5.24,Completed
210195,18,2016-09-09,Prius,39723.21,5.68,Completed
210196,3,2016-09-09,Prius,33567.31,5.69,Completed
210197,10,2016-09-07,Tundra,37342.67,4.88,Completed
210198,6,2016-09-14,Corolla,22311.84,3.86,Completed
210199,3,2016-09-30,Tundra,50765.28,5.69,Completed
210200,11,2016-09-09,Highlander,50049.03,4.16,Completed
210201,17,2016-09-22,RAV4,34766.19,4.51,Completed
210202,20,2016-09-21,Prius,37405.93,5.77,Completed
210203,13,2016-09-25,Tundra,57473.27,5.61,Completed
210204,12,2016-09-27,RAV4,52258.13,5.65,Completed
210205,14,2016-09-12,RAV4,45913.77,5.1,Completed
210206,5,2016-09-19,Highlander,61530.26,5.34,Completed
210207,10,2016-09-29,Camry,31423.17,4.88,Completed
210208,20,2016-09-22,Prius,33768.08,5.77,Completed
210209,5,2016-09-13,Prius,29800.13,5.34,Completed
210210,17,2016-09-20,Camry,27172.5,4.51,Pending
210211,9,2016-09-25,RAV4,32820.21,4.4,Completed
210212,15,2016-09-16,Camry,42867.58,4.86,Completed
210213,6,2016-09-23,Camry,28421.89,3.86,Completed
210214,9,2016-09-30,RAV4,33888.17,4.4,Cancelled
210215,11,2016-09-05,Camry,30045.79,4.16,Completed
210216,19,2016-09-23,Prius,28788.61,5.48,Completed
210217,10,2016-09-29,Sienna,41517.19,4.88,Completed
210218,3,2016-09-16,Camry,46846.55,5.69,Completed
210219,19,2016-09-18,Highlander,60730.97,5.48,Completed
210220,9,2016-09-20,Tundra,36272.08,4.4,Completed
210221,13,2016-09-24,RAV4,50673.92,5.61,Completed
210222,12,2016-09-21,Prius,33514.21,5.65,Completed
210223,11,2016-09-20,Sienna,36233.65,4.16,Completed
210224,9,2016-09-18,Camry,29359.41,4.4,Completed
210225,3,2016-09-07,Tundra,53176.51,5.69,Completed
210226,12,2016-09-08,Camry,43390.38,5.65,Completed
210227,7,2016-09-23,Tundra,53428.46,5.39,Completed
210228,11,2016-09-07,RAV4,33177.42,4.16,Completed
210229,5,2016-09-11,Corolla,23777.37,5.34,Completed
210230,10,2016-09-23,Tundra,38657.4,4.88,Completed
210231,3,2016-09-09,Prius,34515.47,5.69,Completed
210232,7,2016-09-08,Corolla,30559.24,5.39,Completed
210233,20,2016-09-14,RAV4,50954.8,5.77,Completed
210234,18,2016-09-17,Prius,34027.8,5.68,Completed
210235,6,2016-09-26,Corolla,22369.72,3.86,Completed
210236,18,2016-09-07,Corolla,30808.78,5.68,Completed
210237,3,2016-09-30,Tundra,58118.33,5.69,Completed
210238,6,2016-09-14,Tundra,40028.05,3.86,Completed
210239,3,2016-09-01,Highlander,73989.99,5.69,Completed
210240,2,2016-09-29,Highlander,56486.88,4.0,Completed
210241,16,2016-09-05,Tacoma,41985.57,6.06,Completed
210242,1,2016-09-17,RAV4,43804.31,5.24,Completed
210243,2,2016-09-14,Corolla,23438.09,4.0,Completed
210244,9,2016-09-22,Prius,22472.28,4.4,Completed
210245,6,2016-09-12,Camry,30865.1,3.86,Completed
210246,4,2016-09-21,Sienna,38711.07,3.81,Completed
210247,9,2016-09-13,Highlander,52868.18,4.4,Pending
210248,14,2016-09-12,Corolla,31172.86,5.1,Completed
210249,19,2016-09-20,Highlander,62733.3,5.48,Completed
210250,7,2016-09-02,RAV4,47055.09,5.39,Cancelled
210251,17,2016-09-12,Highlander,50729.34,4.51,Completed
210252,7,2016-09-11,Tundra,51938.52,5.39,Completed
210253,4,2016-09-17,Sienna,38391.95,3.81,Completed
210254,5,2016-09-12,Tundra,44737.79,5.34,Completed
210255,18,2016-09-21,Highlander,69136.14,5.68,Completed
210256,14,2016-09-28,Tundra,51213.28,5.1,Completed
210257,15,2016-09-24,Tacoma,41209.4,4.86,Completed
210258,7,2016-09-20,Sienna,53392.6,5.39,Completed
210259,20,2016-09-03,Camry,43307.08,5.77,Completed
210260,4,2016-09-11,Corolla,22546.5,3.81,Completed
210261,18,2016-09-28,RAV4,47231.09,5.68,Completed
210262,18,2016-09-08,Tundra,51284.77,5.68,Completed
210263,13,2016-09-27,Tacoma,41921.28,5.61,Completed
210264,7,2016-09-24,RAV4,53474.7,5.39,Completed
210265,1,2016-09-09,Tacoma,39298.93,5.24,Completed
210266,3,2016-09-06,Camry,44644.26,5.69,Completed
210267,19,2016-09-08,Corolla,26803.53,5.48,Completed
210268,10,2016-09-25,Corolla,22383.81,4.88,Completed
210269,9,2016-09-17,Sienna,37551.71,4.4,Pending
210270,5,2016-09-26,Camry,35130.95,5.34,Completed
210271,14,2016-09-23,Corolla,27528.35,5.1,Completed
210272,20,2016-09-25,Tacoma,47926.86,5.77,Completed
210273,11,2016-09-04,Tacoma,32683.59,4.16,Completed
210274,20,2016-09-06,Tacoma,44940.0,5.77,Completed
210275,18,2016-09-14,Tacoma,49743.05,5.68,Completed
210276,2,2016-09-04,RAV4,33540.0,4.0,Completed
210277,12,2016-09-02,Tacoma,43552.79,5.65,Completed
210278,6,2016-09-07,Highlander,43471.1,3.86,Pending
210279,8,2016-09-03,Corolla,30957.63,5.84,Completed
210280,1,2016-09-28,Highlander,51682.13,5.24,Completed
210281,20,2016-09-29,Highlander,66102.04,5.77,Completed
210282,8,2016-09-16,Camry,39890.45,5.84,Completed
210283,6,2016-09-18,Sienna,39408.15,3.86,Completed
210284,14,2016-09-29,Sienna,51109.78,5.1,Completed
210285,20,2016-09-17,Highlander,67220.69,5.77,Completed
210286,1,2016-09-08,RAV4,37143.06,5.24,Completed
210287,15,2016-09-20,Sienna,47663.77,4.86,Completed
210288,1,2016-09-21,Camry,36877.68,5.24,Completed
210289,1,2016-09-25,Prius,30112.47,5.24,Completed
210290,8,2016-09-15,Highlander,61253.96,5.84,Completed
210291,14,2016-09-14,Highlander,67700.11,5.1,Completed
210292,19,2016-09-13,Camry,39372.12,5.48,Completed
210293,8,2016-09-14,Highlander,68408.86,5.84,Completed
210294,5,2016-09-25,Camry,37889.68,5.34,Completed
210295,14,2016-09-05,Camry,43370.81,5.1,Completed
210296,11,2016-09-11,Sienna,36924.6,4.16,Completed
210297,12,2016-09-17,Camry,42538.18,5.65,Completed
210298,18,2016-09-06,Camry,45425.7,5.68,Completed
210299,16,2016-09-02,Prius,34627.06,6.06,Completed
210300,8,2016-09-30,Sienna,57733.01,5.84,Completed
210301,15,2016-09-02,Highlander,72677.47,4.86,Completed
210302,10,2016-09-07,Tacoma,30424.55,4.88,Completed
210303,18,2016-09-16,Camry,45483.79,5.68,Pending
210304,3,2016-09-01,Sienna,50978.03,5.69,Completed
210305,19,2016-09-08,RAV4,44406.23,5.48,Completed
210306,2,2016-09-18,Highlander,52996.85,4.0,Completed
210307,6,2016-09-07,Tacoma,31630.57,3.86,Completed
210308,10,2016-09-17,Camry,29234.93,4.88,Completed
210309,13,2016-09-27,RAV4,50880.46,5.61,Completed
210310,5,2016-09-21,RAV4,43171.77,5.34,Completed
210311,9,2016-09-30,Camry,27420.16,4.4,Completed
210312,13,2016-09-01,RAV4,48402.79,5.61,Completed
210313,15,2016-09-09,Corolla,29979.9,4.86,Completed
210314,18,2016-09-07,Sienna,58713.88,5.68,Completed
210315,1,2016-09-28,Prius,29746.54,5.24,Completed
210316,19,2016-09-30,Corolla,27053.07,5.48,Pending
210317,15,2016-09-16,Prius,31523.28,4.86,Completed
210318,16,2016-09-24,Prius,32926.55,6.06,Completed
210319,9,2016-09-09,Highlander,52316.39,4.4,Completed
210320,1,2016-09-19,Sienna,45011.38,5.24,Cancelled
210321,1,2016-09-05,Prius,30036.75,5.24,Completed
210322,9,2016-09-17,RAV4,35303.98,4.4,Completed
210323,16,2016-09-25,Highlander,71417.96,6.06,Pending
210324,19,2016-09-18,RAV4,43034.92,5.48,Completed
210325,18,2016-09-14,RAV4,50203.6,5.68,Completed
210326,3,2016-09-11,Tundra,52303.54,5.69,Completed
210327,8,2016-09-15,Tacoma,48928.1,5.84,Completed
210328,14,2016-09-08,RAV4,43096.42,5.1,Completed
210329,9,2016-09-16,Sienna,37715.91,4.4,Completed
210330,6,2016-09-07,Sienna,39649.54,3.86,Completed
210331,9,2016-09-06,Tacoma,30739.14,4.4,Completed
210332,16,2016-09-23,Camry,42374.42,6.06,Completed
210333,9,2016-09-15,Corolla,23897.36,4.4,Completed
210334,7,2016-09-01,Camry,41015.45,5.39,Completed
210335,4,2016-09-14,Camry,26791.29,3.81,Completed
210336,12,2016-09-01,Camry,42910.13,5.65,Completed
210337,17,2016-09-28,Tacoma,28919.92,4.51,Completed
210338,19,2016-09-16,Prius,30896.01,5.48,Completed
210339,11,2016-09-20,Sienna,34948.15,4.16,Completed
210340,3,2016-09-29,RAV4,53776.16,5.69,Completed
210341,3,2016-09-12,Camry,39453.61,5.69,Completed
210342,20,2016-09-13,RAV4,50522.6,5.77,Completed
210343,17,2016-09-19,Camry,26087.35,4.51,Completed
210344,19,2016-09-15,Camry,38248.1,5.48,Completed
210345,17,2016-09-21,Corolla,23215.09,4.51,Completed
210346,18,2016-09-09,Corolla,31136.27,5.68,Completed
210347,9,2016-09-23,Prius,24776.11,4.4,Completed
210348,11,2016-09-27,Tundra,38846.23,4.16,Completed
210349,16,2016-09-08,Tacoma,47841.59,6.06,Pending
210350,17,2016-09-27,Prius,26093.92,4.51,Completed
210351,10,2016-09-09,Highlander,54755.07,4.88,Completed
210352,8,2016-09-22,Highlander,71205.58,5.84,Completed
210353,3,2016-09-10,Prius,34333.65,5.69,Completed
210354,11,2016-09-01,Prius,24091.55,4.16,Completed
210355,12,2016-09-03,Tacoma,39748.41,5.65,Completed
210356,16,2016-09-04,RAV4,49524.32,6.06,Completed
210357,6,2016-09-10,Tacoma,31529.02,3.86,Completed
210358,18,2016-09-06,Prius,36136.12,5.68,Completed
210359,3,2016-09-20,Tundra,56239.12,5.69,Completed
210360,11,2016-09-08,Sienna,38857.14,4.16,Cancelled
210361,17,2016-09-23,Tacoma,28266.82,4.51,Cancelled
210362,12,2016-09-22,Highlander,70397.81,5.65,Completed
210363,3,2016-09-06,Camry,40111.67,5.69,Completed
210364,10,2016-09-17,Highlander,52340.87,4.88,Completed
210365,12,2016-09-20,Highlander,68190.59,5.65,Completed
210366,20,2016-09-26,Highlander,69776.28,5.77,Completed
210367,14,2016-09-14,Tacoma,39873.97,5.1,Completed
210368,15,2016-09-03,Camry,40784.34,4.86,Completed
210369,11,2016-09-05,Tundra,37263.33,4.16,Completed
210370,1,2016-09-17,Prius,26775.72,5.24,Completed
210371,5,2016-09-28,Tacoma,41313.31,5.34,Completed
210372,19,2016-09-29,Sienna,49544.08,5.48,Completed
210373,12,2016-09-19,RAV4,49617.2,5.65,Completed
210374,17,2016-09-05,Corolla,22980.05,4.51,Completed
210375,15,2016-09-26,Prius,35582.99,4.86,Pending
210376,2,2016-09-25,Corolla,24901.15,4.0,Completed
210377,13,2016-09-14,Tacoma,48521.21,5.61,Completed
210378,19,2016-09-06,Camry,35307.28,5.48,Completed
210379,17,2016-09-20,Highlander,48421.37,4.51,Completed
210380,2,2016-09-30,Prius,27438.53,4.0,Completed
210381,14,2016-09-09,Highlander,58285.88,5.1,Completed
210382,10,2016-09-11,Corolla,21868.2,4.88,Completed
210383,8,2016-09-14,RAV4,43477.47,5.84,Completed
210384,19,2016-09-06,RAV4,38643.69,5.48,Completed
210385,19,2016-09-19,Prius,31711.74,5.48,Completed
210386,17,2016-09-09,RAV4,37257.33,4.51,Completed
210387,8,2016-09-17,Corolla,27618.98,5.84,Completed
210388,17,2016-09-27,Tacoma,29955.62,4.51,Completed
210389,16,2016-09-11,Tacoma,43278.78,6.06,Completed
210390,10,2016-09-13,Tacoma,35270.35,4.88,Completed
210391,1,2016-09-14,Sienna,42212.91,5.24,Completed
210392,20,2016-09-16,RAV4,49493.62,5.77,Completed
210393,13,2016-09-24,Camry,46919.83,5.61,Completed
210394,1,2016-09-07,Sienna,42274.87,5.24,Completed
210395,14,2016-09-26,Prius,34362.33,5.1,Completed
210396,12,2016-09-25,Corolla,30398.66,5.65,Completed
210397,15,2016-09-24,Tundra,47840.16,4.86,Completed
210398,15,2016-09-14,Camry,42861.09,4.86,Completed
210399,4,2016-09-10,Camry,26349.62,3.81,Pending
210400,4,2016-09-13,Camry,27274.37,3.81,Completed
210401,13,2016-09-17,Highlander,64883.06,5.61,Completed
210402,8,2016-09-20,RAV4,48601.58,5.84,Completed
210403,17,2016-09-29,Camry,30249.04,4.51,Completed
210404,2,2016-09-09,Corolla,21551.3,4.0,Cancelled
210405,10,2016-09-29,RAV4,35670.57,4.88,Completed
210406,4,2016-09-15,RAV4,31659.82,3.81,Completed
210407,7,2016-09-30,Prius,36508.99,5.39,Completed
210408,12,2016-09-16,RAV4,44776.27,5.65,Completed
210409,12,2016-09-23,Corolla,30877.35,5.65,Completed
210410,7,2016-09-28,Camry,39311.64,5.39,Completed
210411,10,2016-09-23,Prius,27289.67,4.88,Completed
210412,7,2016-09-07,Highlander,72548.2,5.39,Completed
210413,18,2016-09-05,Highlander,67045.04,5.68,Completed
210414,19,2016-09-12,Camry,38736.74,5.48,Completed
210415,5,2016-09-12,Tacoma,36533.85,5.34,Completed
210416,3,2016-09-25,RAV4,51742.0,5.69,Completed
210417,15,2016-09-02,Tundra,47899.61,4.86,Completed
210418,7,2016-09-17,Tacoma,47319.35,5.39,Completed
210419,18,2016-09-08,Sienna,54185.56,5.68,Completed
210420,10,2016-09-11,Camry,33949.35,4.88,Completed
210421,15,2016-09-20,Tacoma,46864.59,4.86,Completed
210422,20,2016-09-06,RAV4,45423.92,5.77,Completed
210423,2,2016-09-15,Corolla,24704.75,4.0,Completed
210424,12,2016-09-20,Corolla,32010.02,5.65,Completed
210425,18,2016-09-14,Tundra,56609.67,5.68,Completed
210426,2,2016-09-07,RAV4,39038.41,4.0,Completed
210427,5,2016-09-14,Highlander,57826.44,5.34,Completed
210428,1,2016-09-10,Highlander,59427.19,5.24,Completed
210429,2,2016-09-25,RAV4,34831.42,4.0,Completed
210430,18,2016-09-14,Sienna,61256.2,5.68,Completed
210431,5,2016-09-22,Highlander,58097.72,5.34,Completed
210432,18,2016-09-11,Corolla,33794.91,5.68,Completed
210433,13,2016-09-05,Camry,38920.75,5.61,Completed
210434,18,2016-09-23,RAV4,55236.0,5.68,Completed
210435,7,2016-09-23,Tacoma,42411.72,5.39,Completed
210436,17,2016-09-03,Highlander,45969.94,4.51,Completed
210437,15,2016-09-29,Sienna,53606.1,4.86,Completed
210438,17,2016-09-16,Tacoma,31632.98,4.51,Completed
210439,14,2016-09-18,RAV4,50565.18,5.1,Completed
210440,7,2016-09-02,Prius,33705.04,5.39,Completed
210441,7,2016-09-04,RAV4,45268.08,5.39,Completed
210442,18,2016-09-10,Corolla,35783.37,5.68,Completed
210443,15,2016-09-19,RAV4,49245.75,4.86,Completed
210444,7,2016-09-22,Highlander,66390.2,5.39,Completed
210445,15,2016-09-05,Sienna,52647.38,4.86,Completed
210446,4,2016-09-07,Corolla,22648.51,3.81,Completed
210447,17,2016-09-11,Tacoma,33289.25,4.51,Completed
210448,19,2016-09-13,RAV4,43884.09,5.48,Completed
210449,13,2016-09-14,Highlander,72475.53,5.61,Completed
210450,11,2016-09-10,Sienna,36008.48,4.16,Completed
210451,1,2016-09-14,Corolla,23170.68,5.24,Completed
210452,14,2016-09-11,Sienna,49574.24,5.1,Pending
210453,3,2016-09-07,RAV4,49025.35,5.69,Completed
210454,18,2016-09-12,Tacoma,50537.08,5.68,Completed
210455,4,2016-09-15,Camry,28763.23,3.81,Completed
210456,19,2016-09-14,Camry,38789.33,5.48,Completed
210457,6,2016-09-23,Corolla,22298.53,3.86,Completed
210458,17,2016-09-15,Camry,30348.71,4.51,Completed
210459,6,2016-09-01,Tacoma,28718.46,3.86,Completed
210460,7,2016-09-30,RAV4,49812.47,5.39,Completed
210461,10,2016-09-23,Prius,26037.49,4.88,Completed
210462,9,2016-09-20,Tundra,39378.95,4.4,Completed
210463,16,2016-09-25,Sienna,56656.48,6.06,Completed
210464,16,2016-09-30,Sienna,54098.09,6.06,Completed
210465,14,2016-09-27,Sienna,51587.43,5.1,Completed
210466,5,2016-09-04,Tundra,40492.89,5.34,Completed
210467,14,2016-09-28,Camry,40059.83,5.1,Completed
210468,1,2016-09-18,Sienna,43523.23,5.24,Completed
210469,10,2016-09-13,Prius,25344.97,4.88,Completed
210470,9,2016-09-21,Prius,22595.42,4.4,Completed
210471,18,2016-09-24,Corolla,35559.45,5.68,Completed
210472,10,2016-09-23,Corolla,23813.75,4.88,Completed
210473,11,2016-09-14,Tundra,37461.83,4.16,Completed
210474,6,2016-09-01,Prius,24537.3,3.86,Completed
210475,13,2016-09-03,Highlander,65161.52,5.61,Completed
210476,19,2016-09-24,Prius,27592.44,5.48,Completed
210477,12,2016-09-11,Sienna,51333.66,5.65,Completed
210478,13,2016-09-20,Camry,40048.71,5.61,Completed
210479,10,2016-09-16,Tundra,39900.57,4.88,Pending
210480,1,2016-09-09,Tacoma,35804.41,5.24,Completed
210481,12,2016-09-10,Highlander,70855.14,5.65,Completed
210482,1,2016-09-19,Tundra,40043.03,5.24,Completed
210483,9,2016-09-15,Highlander,48406.91,4.4,Pending
210484,5,2016-09-08,Sienna,42980.04,5.34,Completed
210485,9,2016-09-19,Highlander,51554.92,4.4,Completed
210486,8,2016-09-12,RAV4,45558.3,5.84,Completed
210487,2,2016-09-28,Prius,27207.07,4.0,Completed
210488,12,2016-09-28,Prius,37328.21,5.65,Completed
210489,7,2016-09-11,Tacoma,45420.37,5.39,Completed
210490,5,2016-09-06,Tacoma,38287.6,5.34,Completed
210491,9,2016-09-13,Tundra,39658.84,4.4,Completed
210492,2,2016-09-30,Tacoma,31836.19,4.0,Completed
210493,16,2016-09-20,Camry,41340.01,6.06,Completed
210494,16,2016-09-18,Tundra,53119.29,6.06,Completed
210495,12,2016-09-06,Tundra,52682.56,5.65,Completed
210496,5,2016-09-14,Highlander,59243.16,5.34,Completed
210497,6,2016-09-13,Highlander,48176.99,3.86,Completed
210498,5,2016-09-13,Tundra,44837.67,5.34,Completed
210499,11,2016-09-02,Highlander,52500.89,4.16,Completed
210500,17,2016-09-11,Sienna,38418.21,4.51,Completed
210501,4,2016-09-22,Camry,28747.22,3.81,Completed
210502,8,2016-09-06,Camry,37608.11,5.84,Completed
210503,18,2016-09-12,Camry,40679.18,5.68,Completed
210504,16,2016-09-29,RAV4,49722.76,6.06,Completed
210505,12,2016-09-10,RAV4,44881.64,5.65,Completed
210506,17,2016-09-02,Tundra,33503.85,4.51,Completed
210507,4,2016-09-20,Tundra,39585.75,3.81,Completed
210508,14,2016-09-14,Sienna,46345.28,5.1,Completed
210509,11,2016-09-12,Prius,24709.35,4.16,Completed
210510,20,2016-09-23,Corolla,32584.85,5.77,Completed
210511,2,2016-09-03,Sienna,37624.78,4.0,Completed
210512,15,2016-09-26,Sienna,47279.66,4.86,Completed
210513,3,2016-09-18,RAV4,48918.18,5.69,Completed
210514,18,2016-09-22,Corolla,29674.2,5.68,Completed
210515,2,2016-09-05,RAV4,36185.27,4.0,Completed
210516,11,2016-09-26,Highlander,52747.97,4.16,Completed
210517,13,2016-09-12,Camry,44970.12,5.61,Completed
210518,19,2016-09-15,Prius,29826.35,5.48,Completed
210519,16,2016-09-19,Camry,39336.24,6.06,Completed
210520,1,2016-09-13,Tacoma,34529.92,5.24,Completed
210521,7,2016-09-18,Tacoma,48243.37,5.39,Completed
210522,16,2016-09-10,Prius,32776.03,6.06,Completed
210523,7,2016-09-06,Tundra,48472.48,5.39,Pending
210524,20,2016-09-13,Camry,38626.77,5.77,Completed
210525,3,2016-09-17,Sienna,56589.81,5.69,Completed
210526,11,2016-09-19,RAV4,33848.34,4.16,Completed
210527,1,2016-09-07,Highlander,52851.89,5.24,Completed
210528,3,2016-09-04,Camry,41482.61,5.69,Cancelled
210529,13,2016-09-21,Prius,32834.76,5.61,Completed
210530,8,2016-09-07,Tacoma,48004.36,5.84,Completed
210531,20,2016-09-27,Corolla,32885.16,5.77,Completed
210532,16,2016-09-18,Tundra,55426.65,6.06,Completed
210533,8,2016-09-24,Tacoma,45738.58,5.84,Completed
210534,13,2016-09-08,Tacoma,42233.28,5.61,Completed
210535,8,2016-09-16,Highlander,72801.15,5.84,Completed
210536,2,2016-09-01,Camry,32951.28,4.0,Completed
210537,20,2016-09-25,Corolla,28297.88,5.77,Completed
210538,17,2016-09-17,Highlander,44034.32,4.51,Pending
210539,5,2016-09-04,Prius,31976.98,5.34,Completed
210540,20,2016-09-05,RAV4,44887.83,5.77,Completed
210541,7,2016-09-08,Highlander,73604.79,5.39,Completed
210542,9,2016-09-06,Tacoma,32740.14,4.4,Completed
210543,13,2016-09-11,Prius,34178.5,5.61,Completed
210544,7,2016-09-29,Sienna,48618.36,5.39,Completed
210545,6,2016-09-27,RAV4,30959.31,3.86,Completed
210546,20,2016-09-29,Tacoma,47814.31,5.77,Completed
210547,1,2016-09-24,Camry,35686.85,5.24,Completed
210548,6,2016-09-22,Prius,25683.84,3.86,Completed
210549,5,2016-09-05,Tundra,44331.57,5.34,Completed
210550,1,2016-09-27,Prius,28310.48,5.24,Completed
210551,14,2016-09-24,Highlander,61996.07,5.1,Completed
210552,9,2016-09-14,Highlander,45445.5,4.4,Completed
210553,5,2016-09-25,Tacoma,36172.74,5.34,Completed
210554,7,2016-09-03,Tundra,48816.16,5.39,Completed
210555,8,2016-09-09,Corolla,32681.3,5.84,Completed
210556,11,2016-09-20,Prius,23681.58,4.16,Completed
210557,17,2016-09-22,Camry,29988.8,4.51,Completed
210558,11,2016-09-17,Prius,23437.95,4.16,Completed
210559,12,2016-09-07,Highlander,60413.05,5.65,Completed
210560,18,2016-09-11,Tundra,53700.0,5.68,Completed
210561,17,2016-09-24,Corolla,19534.07,4.51,Completed
210562,5,2016-09-13,Camry,37785.22,5.34,Completed
210563,19,2016-09-14,Tundra,42672.45,5.48,Completed
210564,18,2016-09-08,Highlander,66704.39,5.68,Completed
210565,16,2016-09-18,Tundra,53148.58,6.06,Completed
210566,12,2016-09-01,Tacoma,45558.29,5.65,Completed
210567,16,2016-09-10,Tundra,58616.21,6.06,Completed
210568,4,2016-09-22,Tundra,35429.69,3.81,Completed
210569,10,2016-09-26,Highlander,53864.65,4.88,Completed
210570,17,2016-09-14,Tacoma,29803.61,4.51,Completed
210571,3,2016-09-19,Prius,34242.73,5.69,Completed
210572,16,2016-09-17,Sienna,55619.65,6.06,Completed
210573,3,2016-09-16,Prius,32547.49,5.69,Completed
210574,10,2016-09-01,RAV4,39492.76,4.88,Completed
210575,19,2016-09-25,Highlander,55825.16,5.48,Completed
210576,1,2016-09-25,Sienna,44442.21,5.24,Completed
210577,18,2016-09-24,RAV4,54678.7,5.68,Completed
210578,12,2016-09-04,Prius,32656.58,5.65,Completed
210579,13,2016-09-25,Sienna,51195.77,5.61,Completed
210580,19,2016-09-18,Prius,29702.63,5.48,Completed
210581,15,2016-09-04,Tacoma,47648.6,4.86,Completed
210582,1,2016-09-24,Camry,31071.69,5.24,Completed
210583,16,2016-09-25,Camry,43264.97,6.06,Completed
210584,7,2016-09-06,Camry,43023.07,5.39,Completed
210585,19,2016-09-11,Camry,32706.31,5.48,Completed
210586,11,2016-09-26,Corolla,23666.25,4.16,Completed
210587,15,2016-09-28,Camry,43606.47,4.86,Completed
210588,6,2016-09-03,Camry,31809.81,3.86,Completed
210589,18,2016-09-08,Sienna,57077.9,5.68,Completed
210590,3,2016-09-13,Sienna,59933.79,5.69,Completed
210591,6,2016-09-22,Tundra,35960.27,3.86,Completed
210592,6,2016-09-09,RAV4,37387.88,3.86,Completed
210593,10,2016-09-27,Corolla,23279.96,4.88,Completed
210594,11,2016-09-11,Corolla,24276.65,4.16,Completed
210595,15,2016-09-18,Tundra,54850.67,4.86,Completed
210596,17,2016-09-05,Sienna,37148.64,4.51,Completed
210597,15,2016-09-20,Camry,41650.59,4.86,Completed
210598,12,2016-09-11,Corolla,32111.1,5.65,Completed
210599,17,2016-09-05,Corolla,22310.7,4.51,Completed
210600,6,2016-09-26,Sienna,34499.99,3.86,Completed
210601,8,2016-09-20,Prius,37566.49,5.84,Completed
210602,3,2016-09-18,Sienna,49637.34,5.69,Completed
210603,5,2016-09-13,RAV4,43855.13,5.34,Completed
210604,1,2016-09-21,Camry,31098.42,5.24,Completed
210605,17,2016-09-05,Corolla,21940.47,4.51,Completed
210606,3,2016-09-07,Sienna,50797.25,5.69,Completed
210607,9,2016-09-24,Tundra,41767.49,4.4,Completed
210608,9,2016-09-10,RAV4,36972.8,4.4,Completed
210609,18,2016-09-07,Highlander,68098.69,5.68,Completed
210610,12,2016-09-28,Prius,31024.39,5.65,Completed
210611,8,2016-09-06,Highlander,61087.47,5.84,Completed
210612,20,2016-09-08,Tundra,55938.78,5.77,Completed
210613,3,2016-09-13,Tundra,50837.84,5.69,Completed
210614,19,2016-09-05,Prius,28460.8,5.48,Completed
210615,7,2016-09-16,RAV4,45473.0,5.39,Completed
210616,6,2016-09-27,Corolla,20895.93,3.86,Completed
210617,3,2016-09-18,Sienna,56652.11,5.69,Completed
210618,5,2016-09-08,Sienna,41137.47,5.34,Completed
210619,5,2016-09-25,Highlander,59001.16,5.34,Completed
210620,14,2016-09-08,Tacoma,42814.27,5.1,Completed
210621,3,2016-09-05,Sienna,52291.98,5.69,Completed
210622,12,2016-09-21,Prius,31271.59,5.65,Completed
210623,5,2016-09-30,Tundra,48948.94,5.34,Completed
210624,10,2016-09-02,Sienna,38796.71,4.88,Completed
210625,2,2016-09-17,Prius,26795.68,4.0,Completed
210626,1,2016-09-12,Sienna,40792.7,5.24,Completed
210627,2,2016-09-21,RAV4,33583.26,4.0,Completed
210628,4,2016-09-19,Prius,21705.35,3.81,Completed
210629,20,2016-09-15,Prius,35090.52,5.77,Completed
210630,20,2016-09-13,Sienna,51480.72,5.77,Completed
210631,3,2016-09-12,RAV4,46852.74,5.69,Completed
210632,9,2016-09-11,RAV4,37756.37,4.4,Completed
210633,3,2016-09-28,Sienna,55072.59,5.69,Completed
210634,16,2016-09-23,Highlander,71056.36,6.06,Completed
210635,1,2016-09-24,Sienna,46670.84,5.24,Completed
210636,13,2016-09-16,Tacoma,46384.02,5.61,Completed
210637,17,2016-09-14,Highlander,50985.77,4.51,Completed
210638,10,2016-09-13,RAV4,39521.01,4.88,Completed
210639,13,2016-09-18,Corolla,32582.56,5.61,Completed
210640,20,2016-09-16,Tundra,49143.73,5.77,Pending
210641,6,2016-09-20,Corolla,22604.42,3.86,Completed
210642,10,2016-09-15,Sienna,41858.58,4.88,Completed
210643,2,2016-09-22,RAV4,33675.94,4.0,Completed
210644,19,2016-09-18,Corolla,25558.9,5.48,Completed
210645,2,2016-09-14,Tundra,43698.64,4.0,Completed
210646,4,2016-09-14,Camry,28390.85,3.81,Completed
210647,18,2016-09-16,Highlander,74920.04,5.68,Completed
210648,12,2016-09-01,Highlander,63469.26,5.65,Completed
210649,12,2016-09-02,Tacoma,44224.81,5.65,Completed
210650,14,2016-09-30,Sienna,47418.47,5.1,Completed
210651,9,2016-09-22,RAV4,34826.32,4.4,Completed
210652,7,2016-09-07,Camry,38419.09,5.39,Completed
210653,20,2016-09-01,Corolla,27994.39,5.77,Completed
210654,5,2016-09-12,Prius,28280.73,5.34,Completed
210655,16,2016-09-05,Tacoma,45238.54,6.06,Completed
210656,17,2016-09-17,Prius,24134.79,4.51,Completed
210657,16,2016-09-30,Tacoma,48848.52,6.06,Completed
210658,8,2016-09-01,Highlander,70835.41,5.84,Completed
210659,15,2016-09-12,Tacoma,43343.91,4.86,Completed
210660,9,2016-09-23,Tacoma,32190.95,4.4,Completed
210661,10,2016-09-11,RAV4,38315.63,4.88,Completed
210662,20,2016-09-28,Corolla,31951.64,5.77,Pending
210663,15,2016-09-24,Prius,33245.5,4.86,Completed
210664,3,2016-09-03,Camry,44633.92,5.69,Pending
210665,10,2016-09-20,Sienna,42646.26,4.88,Completed
210666,1,2016-09-04,Corolla,24066.14,5.24,Completed
210667,16,2016-09-25,Sienna,49022.81,6.06,Completed
210668,16,2016-09-04,Sienna,55875.09,6.06,Completed
210669,18,2016-09-19,Camry,47091.8,5.68,Completed
210670,4,2016-09-06,Highlander,44580.02,3.81,Completed
210671,2,2016-09-28,Highlander,51775.8,4.0,Completed
210672,9,2016-09-03,Sienna,36992.79,4.4,Completed
210673,16,2016-09-08,Prius,36981.56,6.06,Completed
210674,4,2016-09-02,Tundra,32921.37,3.81,Completed
210675,18,2016-09-24,Camry,45268.83,5.68,Completed
210676,18,2016-09-20,Camry,40523.77,5.68,Completed
210677,11,2016-09-17,Sienna,36749.48,4.16,Completed
210678,10,2016-09-25,Tacoma,31653.77,4.88,Completed
210679,10,2016-09-25,Tundra,40340.81,4.88,Completed
210680,18,2016-09-18,Highlander,66855.75,5.68,Completed
210681,19,2016-09-02,Tacoma,37701.36,5.48,Completed
210682,11,2016-09-30,RAV4,35423.54,4.16,Completed
210683,3,2016-09-29,Prius,33585.55,5.69,Completed
210684,12,2016-09-19,RAV4,44064.19,5.65,Completed
210685,9,2016-09-03,Corolla,22774.96,4.4,Completed
210686,19,2016-09-21,Prius,31033.46,5.48,Pending
210687,19,2016-09-18,Camry,36296.81,5.48,Completed
210688,14,2016-09-07,Highlander,67178.09,5.1,Completed
210689,9,2016-09-12,Corolla,23646.09,4.4,Completed
210690,17,2016-09-15,Corolla,23125.59,4.51,Completed
210691,6,2016-09-08,Camry,27367.06,3.86,Completed
210692,9,2016-09-25,Corolla,21388.19,4.4,Completed
210693,5,2016-09-26,Prius,28760.4,5.34,Completed
210694,13,2016-09-08,Tacoma,50744.22,5.61,Completed
210695,15,2016-09-05,Camry,40120.68,4.86,Completed
210696,12,2016-09-29,Tacoma,45899.06,5.65,Completed
210697,19,2016-09-09,Tacoma,39347.5,5.48,Completed
210698,8,2016-09-13,Tundra,49151.67,5.84,Completed
210699,4,2016-09-10,Sienna,34911.92,3.81,Completed
210700,12,2016-09-30,Sienna,47172.23,5.65,Completed
210701,10,2016-09-14,Corolla,23547.29,4.88,Completed
210702,6,2016-09-14,Sienna,40424.98,3.86,Completed
210703,9,2016-09-22,Corolla,23460.16,4.4,Completed
210704,4,2016-09-10,Tacoma,31033.0,3.81,Completed
210705,17,2016-09-25,Sienna,37281.72,4.51,Completed
210706,19,2016-09-11,Corolla,27241.04,5.48,Completed
210707,5,2016-09-11,Sienna,45407.88,5.34,Pending
210708,13,2016-09-17,Corolla,34562.04,5.61,Completed
210709,12,2016-09-26,Tacoma,40526.26,5.65,Completed
210710,4,2016-09-12,Sienna,33899.76,3.81,Pending
210711,5,2016-09-22,Prius,30446.21,5.34,Completed
210712,13,2016-09-18,Tundra,56077.55,5.61,Completed
210713,8,2016-09-21,Prius,32725.66,5.84,Completed
210714,15,2016-09-21,Prius,31793.87,4.86,Completed
210715,20,2016-09-08,Sienna,53043.45,5.77,Completed
210716,9,2016-09-04,Highlander,50139.9,4.4,Completed
210717,20,2016-09-15,Camry,39298.24,5.77,Completed
210718,1,2016-09-12,RAV4,37495.12,5.24,Completed
210719,7,2016-09-03,Camry,43408.76,5.39,Completed
210720,13,2016-09-11,Prius,39357.79,5.61,Completed
210721,4,2016-09-30,Tacoma,32687.96,3.81,Completed
210722,2,2016-09-15,Highlander,49769.89,4.0,Completed
210723,1,2016-09-29,Tacoma,33553.5,5.24,Completed
210724,20,2016-09-28,Prius,31726.85,5.77,Completed
210725,2,2016-09-13,RAV4,38091.07,4.0,Completed
210726,10,2016-09-04,Prius,27534.52,4.88,Completed
210727,10,2016-09-20,RAV4,34574.82,4.88,Completed
210728,9,2016-09-22,Prius,27254.08,4.4,Completed
210729,3,2016-09-22,Corolla,34328.7,5.69,Completed
210730,16,2016-09-05,Highlander,73925.59,6.06,Completed
210731,19,2016-09-16,Tacoma,39310.35,5.48,Completed
210732,17,2016-09-13,Prius,23785.83,4.51,Completed
210733,9,2016-09-17,Tacoma,32862.43,4.4,Completed
210734,1,2016-09-19,Tundra,42075.34,5.24,Completed
210735,20,2016-09-06,Prius,32178.08,5.77,Completed
210736,9,2016-09-14,Corolla,23613.93,4.4,Completed
210737,7,2016-09-28,Highlander,63691.4,5.39,Completed
210738,8,2016-09-18,Sienna,54740.97,5.84,Completed
210739,19,2016-09-03,Camry,38023.54,5.48,Completed
210740,6,2016-09-10,Tacoma,30481.08,3.86,Completed
210741,17,2016-09-21,Sienna,33647.45,4.51,Completed
210742,5,2016-09-08,Corolla,23488.44,5.34,Completed
210743,3,2016-09-19,Tacoma,42669.21,5.69,Completed
210744,2,2016-09-17,Camry,31557.28,4.0,Completed
210745,13,2016-09-24,Highlander,65419.21,5.61,Completed
210746,2,2016-09-26,Camry,29946.58,4.0,Completed
210747,17,2016-09-22,Highlander,49850.32,4.51,Completed
210748,12,2016-09-30,Corolla,27533.92,5.65,Completed
210749,9,2016-09-05,Tacoma,34354.26,4.4,Completed
210750,17,2016-09-24,Sienna,35888.83,4.51,Completed
210751,3,2016-09-15,Sienna,60083.15,5.69,Pending
210752,11,2016-09-18,Tundra,41762.73,4.16,Completed
210753,3,2016-09-08,Corolla,31108.17,5.69,Completed
210754,19,2016-09-17,Tacoma,35950.95,5.48,Completed
210755,5,2016-09-28,Highlander,57091.63,5.34,Completed
210756,3,2016-09-29,Prius,37179.18,5.69,Completed
210757,13,2016-09-17,Corolla,34173.48,5.61,Completed
210758,2,2016-09-06,RAV4,38546.63,4.0,Completed
210759,20,2016-09-19,Tacoma,47479.21,5.77,Completed
210760,6,2016-09-02,Tundra,35023.3,3.86,Completed
210761,14,2016-09-02,RAV4,47561.78,5.1,Completed
210762,14,2016-09-04,RAV4,47926.52,5.1,Completed
210763,19,2016-09-03,Tundra,41966.01,5.48,Completed
210764,12,2016-09-06,Camry,38968.82,5.65,Completed
210765,16,2016-09-12,Corolla,32807.38,6.06,Completed
210766,20,2016-09-19,Tacoma,48677.86,5.77,Completed
210767,6,2016-09-04,Sienna,36571.45,3.86,Completed
210768,14,2016-09-09,Highlander,69694.54,5.1,Completed
210769,16,2016-09-13,RAV4,51047.62,6.06,Completed
210770,17,2016-09-10,Camry,30042.89,4.51,Completed
210771,9,2016-09-01,Prius,24282.25,4.4,Completed
210772,10,2016-09-09,Tundra,38752.96,4.88,Completed
210773,2,2016-09-03,Sienna,42712.55,4.0,Completed
210774,17,2016-09-10,Tundra,38450.59,4.51,Completed
210775,20,2016-09-01,Highlander,62147.41,5.77,Completed
210776,7,2016-09-01,Tacoma,43090.64,5.39,Completed
210777,20,2016-09-24,Tundra,54995.24,5.77,Completed
210778,4,2016-09-09,Tacoma,32258.03,3.81,Completed
210779,1,2016-09-26,Sienna,44685.32,5.24,Completed
210780,6,2016-09-19,Prius,23368.36,3.86,Completed
210781,1,2016-09-16,RAV4,39652.0,5.24,Completed
210782,6,2016-09-09,RAV4,32252.57,3.86,Completed
210783,6,2016-09-23,Corolla,19782.18,3.86,Completed
210784,15,2016-09-26,Camry,40775.12,4.86,Completed
210785,9,2016-09-05,RAV4,33693.22,4.4,Completed
210786,17,2016-09-27,Tundra,38521.44,4.51,Completed
210787,4,2016-09-15,Corolla,21959.68,3.81,Cancelled
210788,14,2016-09-22,Highlander,65774.04,5.1,Completed
210789,18,2016-09-16,Highlander,74693.32,5.68,Completed
210790,14,2016-09-22,Tundra,46974.13,5.1,Completed
210791,12,2016-09-25,RAV4,49277.33,5.65,Completed
210792,8,2016-09-11,Corolla,32328.49,5.84,Completed
210793,4,2016-09-20,Tacoma,28800.6,3.81,Completed
210794,15,2016-09-30,Tundra,56254.0,4.86,Completed
210795,5,2016-09-05,Tundra,43502.62,5.34,Completed
210796,14,2016-09-10,Tundra,49599.44,5.1,Completed
210797,2,2016-09-21,Camry,32806.78,4.0,Completed
210798,12,2016-09-21,Sienna,48905.01,5.65,Completed
210799,8,2016-09-13,Tacoma,47829.68,5.84,Completed
210800,11,2016-09-15,Prius,23816.5,4.16,Completed
210801,1,2016-09-24,Corolla,24445.67,5.24,Completed
210802,9,2016-09-08,Tundra,39803.14,4.4,Completed
210803,7,2016-09-07,Tundra,54287.63,5.39,Completed
210804,12,2016-09-09,Corolla,30557.12,5.65,Completed
210805,8,2016-09-19,Tacoma,44968.38,5.84,Completed
210806,4,2016-09-24,Tacoma,31400.49,3.81,Cancelled
210807,17,2016-09-03,Corolla,19656.85,4.51,Completed
210808,19,2016-09-30,Highlander,61773.47,5.48,Completed
210809,8,2016-09-30,Tacoma,44889.53,5.84,Completed
210810,6,2016-09-06,Highlander,45441.28,3.86,Completed
210811,6,2016-09-30,Sienna,35549.18,3.86,Completed
210812,3,2016-09-18,Tundra,50811.98,5.69,Completed
210813,16,2016-09-15,Tacoma,49094.37,6.06,Completed
210814,12,2016-09-17,Highlander,68220.88,5.65,Pending
210815,20,2016-09-08,RAV4,50114.42,5.77,Completed
210816,15,2016-09-07,Camry,39246.48,4.86,Completed
210817,4,2016-09-02,Camry,27144.02,3.81,Cancelled
210818,13,2016-09-28,Prius,33493.75,5.61,Completed
210819,18,2016-09-25,Corolla,32036.69,5.68,Completed
210820,6,2016-09-19,Tundra,35445.48,3.86,Completed
210821,2,2016-09-21,Tundra,39218.51,4.0,Completed
210822,5,2016-09-03,Prius,28494.58,5.34,Completed
210823,15,2016-09-09,RAV4,51977.43,4.86,Completed
210824,1,2016-09-03,Camry,36975.25,5.24,Completed
210825,5,2016-09-06,RAV4,39937.69,5.34,Completed
210826,19,2016-09-05,RAV4,39558.58,5.48,Completed
210827,16,2016-09-12,Tundra,56799.61,6.06,Completed
210828,8,2016-09-15,Prius,33611.41,5.84,Completed
210829,9,2016-09-28,RAV4,34576.96,4.4,Completed
210830,10,2016-09-15,Camry,30113.2,4.88,Completed
210831,12,2016-09-04,Corolla,27424.71,5.65,Completed
210832,8,2016-09-26,Tacoma,43834.95,5.84,Completed
210833,2,2016-09-15,Highlander,53373.95,4.0,Completed
210834,8,2016-09-02,Prius,33387.98,5.84,Completed
210835,13,2016-09-11,Tundra,50458.59,5.61,Completed
210836,3,2016-09-30,Highlander,65276.56,5.69,Completed
210837,20,2016-09-07,Highlander,62349.4,5.77,Completed
210838,3,2016-09-13,Sienna,53757.86,5.69,Completed
210839,8,2016-09-25,RAV4,49122.68,5.84,Completed
210840,5,2016-09-05,Highlander,60919.23,5.34,Completed
210841,17,2016-09-18,Sienna,39751.02,4.51,Completed
210842,5,2016-09-05,Prius,30332.86,5.34,Completed
210843,11,2016-09-30,Tacoma,30710.19,4.16,Completed
210844,15,2016-09-27,Sienna,52133.13,4.86,Completed
210845,18,2016-09-11,Corolla,31892.67,5.68,Cancelled
210846,16,2016-09-08,Camry,45566.88,6.06,Completed
210847,1,2016-09-02,Camry,36484.09,5.24,Completed
210848,16,2016-09-10,Corolla,33742.18,6.06,Completed
210849,19,2016-09-20,Highlander,63028.28,5.48,Completed
210850,2,2016-09-26,Prius,25346.92,4.0,Completed
210851,1,2016-09-08,Tundra,43796.66,5.24,Completed
210852,18,2016-09-27,Highlander,66705.31,5.68,Completed
210853,11,2016-09-04,Tacoma,30156.0,4.16,Completed
210854,12,2016-09-16,Tacoma,43012.7,5.65,Completed
210855,17,2016-09-15,Prius,25377.5,4.51,Completed
210856,20,2016-09-08,Tacoma,45009.64,5.77,Completed
210857,17,2016-09-02,Sienna,40571.81,4.51,Completed
210858,3,2016-09-16,Tundra,58746.61,5.69,Completed
210859,5,2016-09-30,Tundra,44517.7,5.34,Completed
210860,11,2016-09-14,Corolla,20797.77,4.16,Completed
210861,15,2016-09-08,Sienna,51853.1,4.86,Completed
210862,16,2016-09-06,RAV4,52990.65,6.06,Completed
210863,10,2016-09-09,Tacoma,35897.33,4.88,Completed
210864,3,2016-09-01,RAV4,47016.27,5.69,Completed
210865,14,2016-09-07,Tacoma,38966.36,5.1,Completed
210866,18,2016-09-30,Tacoma,50946.81,5.68,Completed
210867,11,2016-09-22,Tacoma,29735.38,4.16,Completed
210868,8,2016-09-26,Tacoma,44023.36,5.84,Completed
210869,14,2016-09-13,Camry,35899.57,5.1,Completed
210870,17,2016-09-14,Prius,22275.47,4.51,Completed
210871,20,2016-09-25,RAV4,47888.57,5.77,Completed
210872,7,2016-09-24,Highlander,73211.33,5.39,Completed
210873,15,2016-09-07,Tundra,54591.46,4.86,Completed
210874,15,2016-09-30,Highlander,70910.6,4.86,Completed
210875,5,2016-09-03,Sienna,46853.74,5.34,Completed
210876,9,2016-09-11,Highlander,44537.1,4.4,Completed
210877,6,2016-09-03,Sienna,36820.7,3.86,Completed
210878,16,2016-09-11,Prius,32615.82,6.06,Completed
210879,5,2016-09-23,Camry,34483.33,5.34,Completed
210880,1,2016-09-24,Highlander,54983.12,5.24,Completed
210881,10,2016-09-27,Tundra,41724.31,4.88,Completed
210882,13,2016-09-09,RAV4,51012.63,5.61,Completed
210883,7,2016-09-04,RAV4,45728.83,5.39,Completed
210884,4,2016-09-01,Corolla,20219.81,3.81,Completed
210885,16,2016-09-10,Corolla,30789.8,6.06,Completed
210886,14,2016-09-28,Prius,35806.69,5.1,Completed
210887,17,2016-09-30,Sienna,36186.08,4.51,Completed
210888,19,2016-09-05,Highlander,64152.88,5.48,Completed
210889,11,2016-09-15,Corolla,20013.53,4.16,Completed
210890,7,2016-09-23,Corolla,32283.17,5.39,Completed
210891,1,2016-09-18,Camry,37346.51,5.24,Completed
210892,8,2016-09-05,Sienna,56578.2,5.84,Completed
210893,20,2016-09-07,Sienna,48877.41,5.77,Completed
210894,3,2016-09-15,Tundra,51731.04,5.69,Completed
210895,7,2016-09-17,Corolla,31069.69,5.39,Cancelled
210896,4,2016-09-12,RAV4,33662.41,3.81,Completed
210897,14,2016-09-03,Corolla,28405.9,5.1,Completed
210898,9,2016-09-17,Highlander,48075.59,4.4,Completed
210899,17,2016-09-22,Tundra,34618.03,4.51,Completed
210900,14,2016-09-03,Highlander,61231.32,5.1,Completed
210901,11,2016-09-02,RAV4,38770.25,4.16,Completed
210902,5,2016-09-11,Sienna,42080.56,5.34,Completed
210903,9,2016-09-25,Tundra,41069.49,4.4,Completed
210904,12,2016-09-22,Tacoma,40723.84,5.65,Completed
210905,13,2016-09-02,RAV4,48631.2,5.61,Completed
210906,8,2016-09-15,Tacoma,47989.26,5.84,Completed
210907,10,2016-09-24,Highlander,54132.43,4.88,Completed
210908,16,2016-09-13,Tundra,52106.56,6.06,Completed
210909,9,2016-09-25,Sienna,41760.33,4.4,Completed
210910,5,2016-09-13,RAV4,44348.46,5.34,Completed
210911,15,2016-09-24,Corolla,29834.86,4.86,Completed
210912,14,2016-09-01,Highlander,69497.89,5.1,Completed
210913,13,2016-09-27,Prius,33374.08,5.61,Completed
210914,7,2016-09-14,Sienna,52823.05,5.39,Completed
210915,2,2016-09-30,RAV4,34564.82,4.0,Completed
210916,10,2016-09-17,Tacoma,32181.12,4.88,Completed
210917,20,2016-09-03,Tacoma,41176.49,5.77,Completed
210918,19,2016-09-20,Tacoma,39887.13,5.48,Completed
210919,1,2016-09-23,RAV4,43457.91,5.24,Completed
210920,19,2016-09-19,Tundra,50553.17,5.48,Completed
210921,15,2016-09-17,RAV4,45891.28,4.86,Completed
210922,8,2016-09-06,Corolla,30645.94,5.84,Completed
210923,19,2016-09-27,Tacoma,35545.93,5.48,Completed
210924,14,2016-09-14,Highlander,69327.13,5.1,Cancelled
210925,20,2016-09-07,Tacoma,44341.96,5.77,Completed
210926,18,2016-09-13,RAV4,52617.55,5.68,Completed
210927,4,2016-09-30,Tundra,36530.32,3.81,Completed
210928,7,2016-09-03,Tundra,54756.21,5.39,Completed
210929,17,2016-09-01,Prius,22212.57,4.51,Completed
210930,16,2016-09-15,Prius,33439.75,6.06,Completed
210931,14,2016-09-17,Highlander,62946.64,5.1,Completed
210932,3,2016-09-25,Corolla,30519.05,5.69,Completed
210933,10,2016-09-20,Camry,30238.94,4.88,Completed
210934,8,2016-09-23,Highlander,68026.12,5.84,Completed
210935,18,2016-09-09,Highlander,74696.04,5.68,Completed
210936,13,2016-09-02,Tundra,60242.27,5.61,Completed
210937,9,2016-09-17,Highlander,53416.89,4.4,Completed
210938,3,2016-09-26,Tundra,58016.91,5.69,Completed
210939,9,2016-09-06,Tundra,38548.54,4.4,Completed
210940,10,2016-09-19,Tacoma,32203.7,4.88,Completed
210941,14,2016-09-22,RAV4,46120.13,5.1,Completed
210942,12,2016-09-05,Sienna,54026.38,5.65,Completed
210943,1,2016-09-17,Camry,33158.23,5.24,Completed
210944,5,2016-09-10,Sienna,43302.13,5.34,Completed
210945,16,2016-09-08,Prius,33927.05,6.06,Completed
210946,13,2016-09-03,Prius,32383.32,5.61,Completed
210947,19,2016-09-12,Corolla,26552.77,5.48,Completed
210948,14,2016-09-06,Corolla,28572.98,5.1,Completed
210949,2,2016-09-03,Tacoma,35870.06,4.0,Completed
210950,8,2016-09-21,Sienna,48863.27,5.84,Completed
210951,17,2016-09-05,RAV4,31044.2,4.51,Completed
210952,8,2016-09-17,Sienna,56954.28,5.84,Completed
210953,2,2016-09-28,Tundra,40629.33,4.0,Completed
210954,8,2016-09-15,Tundra,50232.28,5.84,Completed
210955,2,2016-09-12,Highlander,56602.51,4.0,Completed
210956,15,2016-09-09,Highlander,67892.99,4.86,Completed
210957,7,2016-09-24,Prius,37070.91,5.39,Completed
210958,2,2016-09-30,Camry,28787.02,4.0,Completed
210959,2,2016-09-22,Tundra,37434.51,4.0,Completed
210960,17,2016-09-16,Corolla,20461.45,4.51,Completed
210961,7,2016-09-02,Sienna,54704.51,5.39,Completed
210962,8,2016-09-05,Tundra,54489.07,5.84,Completed
210963,18,2016-09-12,Highlander,78123.11,5.68,Completed
210964,11,2016-09-29,Camry,31014.97,4.16,Completed
210965,14,2016-09-08,Sienna,54805.75,5.1,Pending
210966,13,2016-09-22,Corolla,30802.77,5.61,Pending
210967,19,2016-09-09,Tacoma,37413.83,5.48,Completed
210968,13,2016-09-17,Tacoma,43535.82,5.61,Completed
210969,17,2016-09-26,Sienna,38093.98,4.51,Pending
210970,4,2016-09-17,RAV4,35005.43,3.81,Completed
210971,18,2016-09-18,RAV4,49345.04,5.68,Completed
210972,15,2016-09-11,Sienna,57054.73,4.86,Completed
210973,19,2016-09-15,Camry,35650.53,5.48,Completed
210974,18,2016-09-06,Sienna,52637.25,5.68,Completed
210975,14,2016-09-16,Corolla,31745.01,5.1,Completed
210976,15,2016-09-19,Sienna,48411.35,4.86,Completed
210977,15,2016-09-17,Camry,38817.86,4.86,Completed
210978,20,2016-09-05,Tacoma,44074.9,5.77,Completed
210979,13,2016-09-07,Prius,34883.86,5.61,Completed
210980,19,2016-09-13,Tacoma,35016.86,5.48,Completed
210981,4,2016-09-09,RAV4,31628.85,3.81,Completed
210982,9,2016-09-26,Tacoma,30540.27,4.4,Completed
210983,1,2016-09-09,Camry,31698.37,5.24,Completed
210984,5,2016-09-24,Camry,37821.58,5.34,Completed
210985,14,2016-09-20,Tundra,55414.27,5.1,Completed
210986,3,2016-09-01,Prius,38953.04,5.69,Completed
210987,18,2016-09-24,Tundra,57499.35,5.68,Completed
210988,14,2016-09-26,Highlander,58391.9,5.1,Completed
210989,10,2016-09-24,Corolla,23716.21,4.88,Completed
210990,6,2016-09-30,RAV4,36984.14,3.86,Completed
210991,4,2016-09-12,Camry,30206.62,3.81,Completed
210992,7,2016-09-29,Camry,38435.31,5.39,Completed
210993,2,2016-09-22,Camry,32785.03,4.0,Completed
210994,16,2016-09-30,Corolla,32327.6,6.06,Completed
210995,8,2016-09-30,Camry,40448.8,5.84,Completed
210996,6,2016-09-06,Prius,25893.32,3.86,Completed
210997,17,2016-09-12,Sienna,33637.77,4.51,Completed
210998,11,2016-09-23,Highlander,48588.82,4.16,Completed
210999,18,2016-09-24,Camry,45703.49,5.68,Completed
211000,11,2016-09-22,Sienna,36858.64,4.16,Completed
211001,6,2016-09-19,Highlander,49355.67,3.86,Completed
211002,5,2016-09-13,Camry,33245.59,5.34,Completed
211003,19,2016-09-17,Tacoma,39693.86,5.48,Completed
211004,4,2016-09-11,Highlander,47214.58,3.81,Pending
211005,6,2016-09-12,Prius,26105.64,3.86,Completed
211006,11,2016-09-24,Sienna,36739.63,4.16,Completed
211007,13,2016-09-02,Camry,41825.69,5.61,Completed
211008,8,2016-09-05,Highlander,68114.72,5.84,Completed
211009,19,2016-09-02,RAV4,40604.81,5.48,Completed
211010,11,2016-09-24,Tacoma,34412.39,4.16,Completed
211011,7,2016-09-30,Tacoma,49248.63,5.39,Completed
211012,20,2016-09-11,Corolla,28623.51,5.77,Completed
211013,18,2016-09-02,Corolla,30865.35,5.68,Completed
211014,3,2016-09-06,Camry,41866.01,5.69,Completed
211015,11,2016-09-10,Prius,25856.82,4.16,Completed
211016,9,2016-09-19,Camry,27854.75,4.4,Completed
211017,14,2016-09-01,Sienna,50172.15,5.1,Completed
211018,6,2016-09-06,Highlander,51848.26,3.86,Completed
211019,8,2016-09-29,Tundra,56501.8,5.84,Completed
211020,6,2016-09-14,Corolla,20542.17,3.86,Completed
211021,6,2016-09-20,Sienna,37110.45,3.86,Completed
211022,17,2016-09-21,Camry,30151.99,4.51,Completed
211023,3,2016-09-18,Tacoma,46627.38,5.69,Completed
211024,7,2016-09-26,Camry,44826.9,5.39,Completed
211025,8,2016-09-11,Tacoma,47522.67,5.84,Completed
211026,9,2016-09-26,RAV4,31495.01,4.4,Completed
211027,4,2016-09-08,Highlander,50950.81,3.81,Completed
211028,19,2016-09-02,Tundra,47803.7,5.48,Completed
211029,4,2016-09-13,Prius,24446.43,3.81,Completed
211030,13,2016-09-15,Sienna,50175.33,5.61,Completed
211031,7,2016-09-08,Corolla,29807.31,5.39,Completed
211032,10,2016-09-14,Highlander,50166.5,4.88,Completed
211033,7,2016-09-03,Sienna,49764.32,5.39,Completed
211034,4,2016-09-01,Prius,25942.24,3.81,Completed
211035,14,2016-09-26,Tundra,47405.2,5.1,Completed
211036,9,2016-09-22,Camry,28768.87,4.4,Completed
211037,4,2016-09-15,Prius,21985.68,3.81,Completed
211038,9,2016-09-11,Camry,27195.09,4.4,Completed
211039,16,2016-09-22,RAV4,50052.24,6.06,Completed
211040,19,2016-09-22,Tundra,44862.67,5.48,Completed
211041,7,2016-09-11,Corolla,32528.81,5.39,Completed
211042,4,2016-09-30,RAV4,33990.07,3.81,Completed
211043,13,2016-09-28,Prius,39359.3,5.61,Completed
211044,17,2016-09-18,Prius,22526.74,4.51,Completed
211045,7,2016-09-22,Highlander,67117.87,5.39,Completed
211046,3,2016-09-27,Highlander,68007.85,5.69,Completed
211047,3,2016-09-02,Prius,33879.44,5.69,Completed
211048,4,2016-09-18,Tacoma,30092.58,3.81,Completed
211049,20,2016-09-28,Prius,37817.07,5.77,Completed
211050,10,2016-09-03,Tundra,39775.03,4.88,Completed
211051,3,2016-09-09,RAV4,54035.18,5.69,Completed
211052,10,2016-09-19,Prius,26535.55,4.88,Completed
211053,7,2016-09-10,Camry,45315.87,5.39,Completed
211054,8,2016-09-09,Tacoma,40903.35,5.84,Completed
211055,10,2016-09-20,Tundra,36724.7,4.88,Completed
211056,18,2016-09-18,Prius,38357.35,5.68,Completed
211057,14,2016-09-17,Sienna,47045.28,5.1,Cancelled
211058,4,2016-09-23,Prius,24463.74,3.81,Pending
211059,3,2016-09-23,Prius,33005.73,5.69,Completed
211060,15,2016-09-23,Corolla,31050.02,4.86,Completed
211061,7,2016-09-05,Tundra,49358.04,5.39,Completed
211062,9,2016-09-06,Corolla,22074.43,4.4,Completed
211063,1,2016-09-02,RAV4,42485.37,5.24,Completed
211064,11,2016-09-12,Prius,25108.55,4.16,Completed
211065,3,2016-09-09,Tacoma,43756.19,5.69,Completed
211066,19,2016-09-11,Highlander,59420.63,5.48,Cancelled
211067,7,2016-09-29,Corolla,28927.77,5.39,Cancelled
211068,15,2016-09-04,RAV4,51500.57,4.86,Completed
211069,8,2016-09-21,Highlander,62622.98,5.84,Completed
211070,9,2016-09-25,Camry,32658.92,4.4,Completed
211071,13,2016-09-20,Tundra,52214.6,5.61,Completed
211072,13,2016-09-24,Tundra,56279.59,5.61,Completed
211073,10,2016-09-19,Corolla,20881.35,4.88,Completed
211074,10,2016-09-30,Corolla,22532.76,4.88,Completed
211075,12,2016-09-27,Highlander,66122.75,5.65,Completed
211076,12,2016-09-25,Prius,33116.51,5.65,Completed
211077,8,2016-09-28,RAV4,45317.45,5.84,Completed
211078,16,2016-09-02,Tacoma,47429.48,6.06,Completed
211079,5,2016-09-06,Camry,31838.22,5.34,Completed
211080,14,2016-09-15,Highlander,66105.12,5.1,Completed
211081,15,2016-09-29,Tundra,56464.89,4.86,Completed
211082,19,2016-09-18,Sienna,42320.88,5.48,Completed
211083,3,2016-09-13,Prius,36404.92,5.69,Pending
211084,8,2016-09-21,Tacoma,45272.31,5.84,Completed
211085,5,2016-09-26,Prius,26272.98,5.34,Completed
211086,12,2016-09-01,Highlander,72297.15,5.65,Completed
211087,14,2016-09-16,Tundra,53520.21,5.1,Completed
211088,19,2016-09-03,RAV4,45516.94,5.48,Completed
211089,9,2016-09-21,Corolla,21035.28,4.4,Completed
211090,6,2016-09-04,Prius,23904.08,3.86,Completed
211091,20,2016-09-21,Tundra,53114.73,5.77,Completed
211092,1,2016-09-10,RAV4,40012.84,5.24,Completed
211093,4,2016-09-29,Tundra,37855.11,3.81,Completed
211094,9,2016-09-28,Highlander,53244.31,4.4,Completed
211095,14,2016-09-22,Highlander,65451.73,5.1,Completed
211096,2,2016-09-23,Prius,25006.43,4.0,Completed
211097,13,2016-09-23,Tundra,57262.77,5.61,Completed
211098,6,2016-09-09,Sienna,37808.0,3.86,Completed
211099,20,2016-09-19,Corolla,31042.97,5.77,Completed
211100,1,2016-09-10,RAV4,37996.88,5.24,Completed
211101,17,2016-09-26,Sienna,34125.92,4.51,Pending
211102,20,2016-09-14,Tacoma,48215.54,5.77,Completed
211103,6,2016-09-19,Highlander,49765.62,3.86,Completed
211104,20,2016-09-02,Corolla,29466.31,5.77,Completed
211105,17,2016-09-16,RAV4,37243.64,4.51,Completed
211106,6,2016-09-18,RAV4,37064.78,3.86,Completed
211107,1,2016-09-11,Sienna,42266.03,5.24,Completed
211108,19,2016-09-25,Tacoma,35805.22,5.48,Completed
211109,4,2016-09-05,Camry,30856.56,3.81,Completed
211110,12,2016-09-07,Highlander,60554.08,5.65,Completed
211111,9,2016-09-04,Highlander,52841.5,4.4,Completed
211112,13,2016-09-15,Camry,44468.06,5.61,Completed
211113,2,2016-09-28,Corolla,22306.52,4.0,Completed
211114,17,2016-09-21,Highlander,43633.04,4.51,Completed
211115,2,2016-09-01,Highlander,49885.41,4.0,Completed
211116,17,2016-09-12,Corolla,22787.46,4.51,Completed
211117,20,2016-09-06,Corolla,32724.11,5.77,Completed
211118,12,2016-09-20,Tundra,50519.09,5.65,Completed
211119,7,2016-09-16,Sienna,53199.39,5.39,Completed
211120,12,2016-09-08,Tacoma,45821.28,5.65,Completed
211121,13,2016-09-16,Tundra,53689.44,5.61,Completed
211122,17,2016-09-10,Tundra,38320.37,4.51,Completed
211123,1,2016-09-16,Prius,27698.34,5.24,Cancelled
211124,17,2016-09-24,Tacoma,33454.73,4.51,Completed
211125,17,2016-09-21,Camry,28785.97,4.51,Completed
211126,1,2016-09-22,Tundra,47365.87,5.24,Completed
211127,16,2016-09-17,Corolla,30774.75,6.06,Completed
211128,7,2016-09-01,RAV4,44524.13,5.39,Completed
211129,6,2016-09-23,Highlander,52048.43,3.86,Completed
211130,6,2016-09-03,Tacoma,31908.86,3.86,Completed
211131,17,2016-09-12,Corolla,21911.3,4.51,Completed
211132,15,2016-09-26,Highlander,63983.87,4.86,Completed
211133,12,2016-09-07,Corolla,27325.36,5.65,Completed
211134,14,2016-09-29,Tacoma,45486.32,5.1,Completed
211135,6,2016-09-13,RAV4,32693.88,3.86,Pending
211136,10,2016-09-15,Camry,27862.61,4.88,Cancelled
211137,13,2016-09-26,Tundra,50651.55,5.61,Completed
211138,15,2016-09-17,Prius,32521.67,4.86,Completed
211139,7,2016-09-28,Tacoma,47264.22,5.39,Completed
211140,2,2016-09-11,Sienna,38659.43,4.0,Completed
211141,7,2016-09-07,Prius,36206.09,5.39,Completed
211142,2,2016-09-03,Camry,33388.5,4.0,Completed
211143,20,2016-09-28,Sienna,51108.84,5.77,Completed
211144,14,2016-09-14,Corolla,28050.93,5.1,Completed
211145,16,2016-09-12,Highlander,74204.42,6.06,Completed
211146,8,2016-09-26,Tacoma,44205.37,5.84,Completed
211147,19,2016-09-25,Sienna,48653.64,5.48,Completed
211148,14,2016-09-29,Prius,30980.28,5.1,Completed
211149,8,2016-09-09,Tundra,50763.71,5.84,Completed
211150,15,2016-09-30,Highlander,63233.64,4.86,Completed
211151,9,2016-09-04,RAV4,36744.15,4.4,Completed
211152,14,2016-09-23,Corolla,30644.19,5.1,Completed
211153,10,2016-09-17,Tacoma,31697.11,4.88,Completed
211154,6,2016-09-02,Tacoma,33746.85,3.86,Completed
211155,13,2016-09-28,Highlander,74214.38,5.61,Completed
211156,18,2016-09-09,Sienna,55180.77,5.68,Completed
211157,13,2016-09-08,Corolla,33939.33,5.61,Completed
211158,17,2016-09-08,Tundra,39577.84,4.51,Completed
211159,17,2016-09-16,Prius,23358.89,4.51,Completed
211160,18,2016-09-11,Prius,39567.88,5.68,Completed
211161,1,2016-09-11,Prius,28835.38,5.24,Completed
211162,17,2016-09-14,Sienna,33444.34,4.51,Completed
211163,17,2016-09-07,Tundra,35263.24,4.51,Completed
211164,5,2016-09-18,Tundra,45188.24,5.34,Completed
211165,14,2016-09-16,Tundra,46056.06,5.1,Completed
211166,1,2016-09-19,Highlander,58336.98,5.24,Completed
211167,17,2016-09-23,RAV4,34081.18,4.51,Completed
211168,7,2016-09-06,Sienna,56207.71,5.39,Pending
211169,10,2016-09-06,Corolla,24168.49,4.88,Completed
211170,19,2016-09-24,Highlander,59384.88,5.48,Completed
211171,5,2016-09-12,RAV4,37157.9,5.34,Completed
211172,11,2016-09-27,Prius,27571.97,4.16,Completed
211173,7,2016-09-22,Corolla,30671.41,5.39,Completed
211174,6,2016-09-09,Tacoma,29855.49,3.86,Completed
211175,9,2016-09-26,Sienna,41428.63,4.4,Completed
211176,3,2016-09-10,Prius,36128.17,5.69,Completed
211177,14,2016-09-23,Camry,40262.98,5.1,Completed
211178,19,2016-09-17,Tacoma,41745.0,5.48,Completed
211179,17,2016-09-20,RAV4,34124.54,4.51,Completed
211180,17,2016-09-07,RAV4,37104.78,4.51,Completed
211181,18,2016-09-03,RAV4,48066.91,5.68,Completed
211182,12,2016-09-27,Corolla,28785.08,5.65,Completed
211183,20,2016-09-08,Tundra,58372.59,5.77,Completed
211184,6,2016-09-24,Tacoma,29041.84,3.86,Completed
211185,17,2016-09-11,Corolla,22308.99,4.51,Completed
211186,6,2016-09-25,Camry,27220.67,3.86,Completed
211187,19,2016-09-05,Corolla,25973.9,5.48,Completed
211188,18,2016-09-08,Prius,35106.76,5.68,Completed
211189,20,2016-09-19,Highlander,70037.29,5.77,Completed
211190,17,2016-09-09,RAV4,35492.9,4.51,Completed
211191,16,2016-09-05,Camry,43485.18,6.06,Completed
211192,11,2016-09-12,Tundra,35092.54,4.16,Completed
211193,16,2016-09-11,Corolla,33984.88,6.06,Completed
211194,5,2016-09-08,Tundra,45412.2,5.34,Completed
211195,10,2016-09-04,Sienna,37487.44,4.88,Completed
211196,3,2016-09-18,Highlander,76238.49,5.69,Completed
211197,3,2016-09-21,Sienna,55009.15,5.69,Completed
211198,2,2016-09-30,Sienna,41790.52,4.0,Completed
211199,18,2016-09-16,Camry,41394.2,5.68,Cancelled
211200,7,2016-09-18,Highlander,70806.25,5.39,Completed
211201,9,2016-09-02,Highlander,51593.0,4.4,Completed
211202,16,2016-09-02,Prius,34126.18,6.06,Completed
211203,15,2016-09-02,Prius,35282.94,4.86,Completed
211204,14,2016-09-09,Camry,42686.7,5.1,Completed
211205,3,2016-09-17,RAV4,51830.53,5.69,Completed
211206,2,2016-09-22,Tacoma,33030.99,4.0,Completed
211207,15,2016-09-12,Tacoma,48108.86,4.86,Cancelled
211208,10,2016-09-04,RAV4,34113.12,4.88,Completed
211209,5,2016-09-08,Tundra,49065.41,5.34,Completed
211210,10,2016-09-21,Prius,28261.63,4.88,Completed
211211,17,2016-09-10,Corolla,22720.47,4.51,Completed
211212,9,2016-09-12,Highlander,53630.13,4.4,Completed
211213,18,2016-09-14,Tacoma,45682.37,5.68,Completed
211214,16,2016-09-09,Corolla,31227.19,6.06,Completed
211215,19,2016-09-11,Prius,32775.81,5.48,Cancelled
211216,1,2016-09-07,Tundra,41109.52,5.24,Completed
211217,11,2016-09-27,RAV4,38286.36,4.16,Completed
211218,13,2016-09-10,Tacoma,47644.21,5.61,Completed
211219,5,2016-09-12,RAV4,41790.31,5.34,Completed
211220,16,2016-09-13,Tacoma,49186.31,6.06,Completed
211221,20,2016-09-24,Corolla,30895.49,5.77,Pending
211222,18,2016-09-19,Sienna,51369.93,5.68,Completed
211223,6,2016-09-18,Tacoma,33109.76,3.86,Completed
211224,5,2016-09-28,Sienna,43904.13,5.34,Completed
211225,9,2016-09-13,Corolla,22877.47,4.4,Completed
211226,2,2016-09-02,Highlander,47173.38,4.0,Completed
211227,5,2016-09-25,RAV4,37428.13,5.34,Completed
211228,1,2016-09-01,Sienna,44040.41,5.24,Cancelled
211229,20,2016-09-28,Prius,37585.72,5.77,Cancelled
211230,17,2016-09-30,Tacoma,31627.27,4.51,Pending
211231,3,2016-09-25,Camry,43074.39,5.69,Completed
211232,13,2016-09-20,Corolla,34438.47,5.61,Completed
211233,6,2016-09-06,Highlander,48148.85,3.86,Completed
211234,12,2016-09-13,Tundra,49164.04,5.65,Completed
211235,10,2016-09-05,Sienna,38873.9,4.88,Completed
211236,9,2016-09-22,Tacoma,35010.7,4.4,Completed
211237,13,2016-09-12,Sienna,50696.35,5.61,Completed
211238,8,2016-09-27,Corolla,31251.0,5.84,Completed
211239,16,2016-09-30,Corolla,31802.47,6.06,Completed
211240,1,2016-09-28,Highlander,55538.93,5.24,Completed
211241,18,2016-09-11,Highlander,66831.9,5.68,Completed
211242,5,2016-09-14,Corolla,24312.95,5.34,Completed
211243,19,2016-09-23,RAV4,43713.56,5.48,Completed
211244,20,2016-09-27,Highlander,61759.22,5.77,Completed
211245,19,2016-09-16,Prius,31069.15,5.48,Completed
211246,12,2016-09-14,Prius,33272.56,5.65,Completed
211247,10,2016-09-19,Highlander,53456.77,4.88,Completed
211248,20,2016-09-12,Highlander,65927.53,5.77,Completed
211249,13,2016-09-13,Sienna,51761.99,5.61,Completed
211250,4,2016-09-25,Camry,30419.76,3.81,Completed
211251,4,2016-09-06,Camry,31256.18,3.81,Completed
211252,9,2016-09-05,RAV4,35242.14,4.4,Completed
211253,1,2016-09-30,Camry,32651.97,5.24,Completed
211254,1,2016-09-09,Prius,27951.67,5.24,Completed
211255,1,2016-09-21,Tundra,47603.69,5.24,Completed
211256,12,2016-09-14,Sienna,52666.76,5.65,Completed
211257,9,2016-09-12,Prius,26905.71,4.4,Completed
211258,17,2016-09-04,Highlander,46081.51,4.51,Completed
211259,3,2016-09-17,Prius,38205.88,5.69,Completed
211260,12,2016-09-10,Tundra,54268.49,5.65,Completed
211261,19,2016-09-26,Tacoma,40768.42,5.48,Completed
211262,14,2016-09-30,Highlander,68794.71,5.1,Completed
211263,6,2016-09-17,Prius,22055.97,3.86,Completed
211264,13,2016-09-23,Highlander,65245.52,5.61,Completed
211265,2,2016-09-10,Highlander,49683.05,4.0,Completed
211266,6,2016-09-10,Tundra,38037.88,3.86,Completed
211267,1,2016-09-07,Tacoma,33561.19,5.24,Completed
211268,12,2016-09-24,RAV4,48975.12,5.65,Completed
211269,11,2016-09-19,Sienna,40986.3,4.16,Completed
211270,10,2016-09-12,Sienna,40902.19,4.88,Completed
211271,18,2016-09-04,Corolla,33286.72,5.68,Completed
211272,1,2016-09-23,Corolla,23217.63,5.24,Completed
211273,2,2016-09-23,RAV4,36621.33,4.0,Completed
211274,5,2016-09-15,RAV4,41206.39,5.34,Completed
211275,19,2016-09-26,Highlander,62449.85,5.48,Completed
211276,2,2016-09-03,Highlander,53171.55,4.0,Completed
211277,11,2016-09-13,Sienna,39058.19,4.16,Completed
211278,6,2016-09-16,Tacoma,30841.15,3.86,Completed
211279,10,2016-09-23,Tundra,43281.9,4.88,Pending
211280,5,2016-09-15,Sienna,41379.14,5.34,Completed
211281,7,2016-09-05,Tacoma,47853.47,5.39,Completed
211282,6,2016-09-19,Highlander,48430.99,3.86,Completed
211283,18,2016-09-02,Prius,37095.96,5.68,Completed
211284,7,2016-09-10,Corolla,30237.66,5.39,Completed
211285,11,2016-09-19,Highlander,48014.04,4.16,Completed
211286,4,2016-09-23,Corolla,20723.62,3.81,Completed
211287,10,2016-09-17,Tacoma,31409.67,4.88,Completed
211288,3,2016-09-28,Highlander,74954.6,5.69,Completed
211289,14,2016-09-30,Camry,41521.12,5.1,Completed
211290,13,2016-09-20,Sienna,57503.31,5.61,Completed
211291,11,2016-09-11,Tundra,40499.94,4.16,Completed
211292,13,2016-09-28,Tacoma,46909.08,5.61,Completed
211293,12,2016-09-27,Sienna,47846.46,5.65,Completed
211294,6,2016-09-19,Tacoma,33610.61,3.86,Completed
211295,4,2016-09-09,Tacoma,32937.21,3.81,Completed
211296,17,2016-09-14,RAV4,33737.69,4.51,Completed
211297,19,2016-09-07,Tacoma,39690.17,5.48,Completed
211298,5,2016-09-09,Prius,29431.7,5.34,Completed
211299,14,2016-09-25,RAV4,42071.97,5.1,Completed
211300,18,2016-09-16,Prius,37297.05,5.68,Completed
211301,5,2016-09-23,Tundra,43439.36,5.34,Completed
211302,1,2016-09-24,Highlander,54774.84,5.24,Pending
211303,12,2016-09-17,Tacoma,47840.76,5.65,Completed
211304,6,2016-09-04,RAV4,34675.06,3.86,Completed
211305,1,2016-09-18,Tundra,45571.86,5.24,Completed
211306,15,2016-09-28,Prius,35924.78,4.86,Completed
211307,12,2016-09-22,Tacoma,45499.77,5.65,Completed
211308,3,2016-09-23,RAV4,50079.7,5.69,Completed
211309,2,2016-09-02,Prius,26621.82,4.0,Completed
211310,8,2016-09-06,Tacoma,44820.89,5.84,Completed
211311,16,2016-09-04,Corolla,32416.89,6.06,Completed
211312,18,2016-09-05,Corolla,30073.93,5.68,Completed
211313,10,2016-09-29,Corolla,20870.88,4.88,Completed
211314,6,2016-09-03,Tacoma,31464.17,3.86,Completed
211315,19,2016-09-27,Corolla,28522.17,5.48,Completed
211316,10,2016-09-05,Tacoma,36544.88,4.88,Completed
211317,9,2016-09-19,Sienna,40885.51,4.4,Completed
211318,2,2016-09-05,Tacoma,33260.29,4.0,Completed
211319,18,2016-09-17,Corolla,35719.05,5.68,Completed
211320,10,2016-09-16,Corolla,22834.01,4.88,Completed
211321,5,2016-09-06,Prius,26780.36,5.34,Completed
211322,15,2016-09-20,Highlander,67675.07,4.86,Completed
211323,16,2016-09-08,Tundra,59569.07,6.06,Completed
211324,3,2016-09-24,Prius,37926.6,5.69,Completed
211325,11,2016-09-17,Sienna,39679.52,4.16,Pending
211326,8,2016-09-28,Camry,42032.54,5.84,Completed
211327,19,2016-09-15,Tacoma,42301.6,5.48,Completed
211328,13,2016-09-02,Corolla,32988.45,5.61,Completed
211329,15,2016-09-24,Camry,42293.47,4.86,Completed
211330,13,2016-09-11,Camry,42543.05,5.61,Completed
211331,20,2016-09-03,Corolla,28832.23,5.77,Completed
211332,7,2016-09-09,Prius,35959.55,5.39,Completed
211333,12,2016-09-15,Tacoma,43318.4,5.65,Completed
211334,10,2016-09-08,Camry,33476.89,4.88,Completed
211335,8,2016-09-10,Camry,38946.73,5.84,Completed
211336,19,2016-09-17,Sienna,44780.68,5.48,Completed
211337,11,2016-09-15,Tundra,35214.44,4.16,Completed
211338,9,2016-09-11,Tundra,42081.17,4.4,Completed
211339,4,2016-09-13,Tacoma,31993.59,3.81,Pending
211340,11,2016-09-22,Sienna,41309.77,4.16,Completed
211341,15,2016-09-18,Prius,34828.35,4.86,Completed
211342,1,2016-09-27,Corolla,26679.72,5.24,Completed
211343,7,2016-09-02,Camry,38341.99,5.39,Completed
211344,19,2016-09-22,Tundra,45174.67,5.48,Completed
211345,19,2016-09-24,Tundra,49647.03,5.48,Completed
211346,12,2016-09-08,RAV4,52463.7,5.65,Pending
211347,8,2016-09-27,Sienna,53681.62,5.84,Completed
211348,9,2016-09-15,Tundra,39416.02,4.4,Completed
211349,4,2016-09-13,Highlander,50401.32,3.81,Completed
211350,9,2016-09-02,Sienna,40084.14,4.4,Completed
211351,6,2016-09-03,Camry,29871.39,3.86,Cancelled
211352,11,2016-09-15,Sienna,36172.26,4.16,Completed
211353,18,2016-09-17,Tacoma,50090.6,5.68,Completed
211354,11,2016-09-24,Tundra,36606.17,4.16,Completed
211355,10,2016-09-07,Corolla,24464.35,4.88,Completed
211356,20,2016-09-21,Camry,43039.84,5.77,Completed
211357,7,2016-09-01,Tacoma,49560.95,5.39,Completed
211358,19,2016-09-05,Tacoma,37707.11,5.48,Completed
211359,12,2016-09-25,Highlander,63874.8,5.65,Completed
211360,14,2016-09-21,Prius,30507.03,5.1,Completed
211361,18,2016-09-05,Prius,37548.19,5.68,Pending
211362,11,2016-09-25,Highlander,47405.97,4.16,Completed
211363,8,2016-09-04,Tacoma,48242.82,5.84,Cancelled
211364,13,2016-09-20,Prius,37940.46,5.61,Completed
211365,4,2016-09-17,Highlander,42042.69,3.81,Completed
211366,17,2016-09-21,Sienna,39653.88,4.51,Completed
211367,1,2016-09-14,Tundra,39872.12,5.24,Completed
211368,16,2016-09-27,Prius,37550.54,6.06,Completed
211369,6,2016-09-01,Prius,25889.31,3.86,Completed
211370,20,2016-09-06,Corolla,27689.56,5.77,Completed
211371,10,2016-09-09,Tundra,38099.71,4.88,Completed
211372,14,2016-09-16,Corolla,27452.5,5.1,Completed
211373,13,2016-09-05,RAV4,50541.03,5.61,Completed
211374,19,2016-09-13,RAV4,45625.15,5.48,Completed
211375,2,2016-09-19,Highlander,51069.72,4.0,Completed
211376,14,2016-09-25,Sienna,49289.47,5.1,Completed
211377,17,2016-09-28,Camry,27529.33,4.51,Completed
211378,19,2016-09-19,Highlander,54027.69,5.48,Completed
211379,8,2016-09-10,Tundra,50025.44,5.84,Completed
211380,12,2016-09-27,Prius,36901.44,5.65,Pending
211381,2,2016-09-05,Prius,26694.43,4.0,Completed
211382,18,2016-09-01,Sienna,56045.78,5.68,Completed
211383,1,2016-09-03,Prius,31292.51,5.24,Completed
211384,2,2016-09-27,Tacoma,32532.42,4.0,Completed
211385,9,2016-09-04,RAV4,35219.87,4.4,Completed
211386,12,2016-09-19,Corolla,27036.59,5.65,Completed
211387,5,2016-09-27,Sienna,42658.18,5.34,Completed
211388,19,2016-09-19,Prius,27491.56,5.48,Completed
211389,4,2016-09-25,Corolla,20627.84,3.81,Completed
211390,9,2016-09-26,Tundra,35360.74,4.4,Completed
211391,6,2016-09-02,RAV4,35209.01,3.86,Completed
211392,11,2016-09-25,Prius,24014.3,4.16,Completed
211393,19,2016-09-10,Prius,27205.39,5.48,Completed
211394,8,2016-09-09,Tacoma,44838.12,5.84,Completed
211395,2,2016-09-03,Sienna,37636.15,4.0,Completed
211396,14,2016-09-19,Camry,43113.66,5.1,Completed
211397,6,2016-09-17,Tacoma,30610.66,3.86,Completed
211398,20,2016-09-30,Prius,36803.67,5.77,Completed
211399,1,2016-09-12,Corolla,27416.66,5.24,Completed
211400,9,2016-09-01,RAV4,33684.14,4.4,Completed
211401,19,2016-09-10,RAV4,40657.5,5.48,Completed
211402,3,2016-09-02,RAV4,49746.67,5.69,Completed
211403,16,2016-09-26,Prius,38395.03,6.06,Completed
211404,9,2016-09-22,Camry,29855.33,4.4,Completed
211405,11,2016-09-30,Corolla,20742.25,4.16,Completed
211406,19,2016-09-04,Tacoma,36341.66,5.48,Completed
211407,2,2016-09-11,Tacoma,33461.02,4.0,Completed
211408,8,2016-09-13,Tundra,57389.9,5.84,Completed
211409,20,2016-09-18,RAV4,45062.38,5.77,Completed
211410,10,2016-09-25,Tacoma,34230.1,4.88,Completed
211411,5,2016-09-16,RAV4,43170.02,5.34,Completed
211412,15,2016-09-24,RAV4,49876.76,4.86,Completed
211413,18,2016-09-29,RAV4,52693.73,5.68,Completed
211414,2,2016-09-04,Tundra,39485.81,4.0,Completed
211415,4,2016-09-27,Corolla,22863.71,3.81,Completed
211416,3,2016-09-17,Sienna,53460.99,5.69,Completed
211417,20,2016-09-09,Camry,43665.14,5.77,Completed
211418,9,2016-09-07,Sienna,36257.83,4.4,Completed
211419,5,2016-09-16,Corolla,25942.02,5.34,Completed
211420,20,2016-09-14,Highlander,74252.58,5.77,Completed
211421,5,2016-09-05,Sienna,46015.83,5.34,Completed
211422,4,2016-09-01,Tundra,40091.51,3.81,Completed
211423,13,2016-09-09,Prius,33994.79,5.61,Completed
211424,10,2016-09-23,Tacoma,30697.52,4.88,Completed
211425,7,2016-09-07,RAV4,52249.36,5.39,Completed
211426,4,2016-09-18,Highlander,42133.1,3.81,Completed
211427,8,2016-09-30,Prius,32153.67,5.84,Completed
211428,17,2016-09-07,Highlander,49430.16,4.51,Completed
211429,19,2016-09-11,Highlander,63822.32,5.48,Completed
211430,19,2016-09-28,Highlander,57667.35,5.48,Completed
211431,15,2016-09-30,Highlander,69720.55,4.86,Completed
211432,3,2016-09-21,Tacoma,48369.77,5.69,Completed
211433,9,2016-09-03,Tacoma,33166.5,4.4,Completed
211434,3,2016-09-07,Camry,46522.55,5.69,Completed
211435,1,2016-09-01,Prius,30765.88,5.24,Completed
211436,7,2016-09-20,Camry,39555.41,5.39,Completed
211437,18,2016-09-01,Prius,40535.79,5.68,Completed
211438,3,2016-09-09,RAV4,45228.47,5.69,Completed
211439,18,2016-09-12,RAV4,55968.81,5.68,Completed
211440,13,2016-09-27,Prius,39401.99,5.61,Completed
211441,11,2016-09-15,RAV4,37870.96,4.16,Completed
211442,20,2016-09-29,Sienna,48434.07,5.77,Completed
211443,3,2016-09-17,RAV4,48977.62,5.69,Completed
211444,7,2016-09-21,Corolla,33274.13,5.39,Cancelled
211445,15,2016-09-17,Tundra,54948.42,4.86,Completed
211446,15,2016-09-08,Tacoma,46092.86,4.86,Completed
211447,1,2016-09-02,Corolla,26447.24,5.24,Completed
211448,19,2016-09-15,Tundra,45743.99,5.48,Completed
211449,15,2016-09-20,Tacoma,45259.07,4.86,Completed
211450,2,2016-09-30,Prius,24899.12,4.0,Completed
211451,1,2016-09-22,RAV4,37051.03,5.24,Completed
211452,3,2016-09-11,Prius,38622.59,5.69,Completed
211453,6,2016-09-10,Tundra,39167.88,3.86,Completed
211454,7,2016-09-23,Corolla,30753.63,5.39,Completed
211455,4,2016-09-05,Tundra,34164.01,3.81,Completed
211456,9,2016-09-23,Tacoma,31124.85,4.4,Completed
211457,4,2016-09-03,Highlander,50603.34,3.81,Completed
211458,18,2016-09-18,Tundra,62398.85,5.68,Completed
211459,2,2016-09-16,Highlander,50977.49,4.0,Completed
211460,14,2016-09-17,Tacoma,44048.95,5.1,Completed
211461,20,2016-09-12,Camry,44894.64,5.77,Completed
211462,7,2016-09-13,Sienna,55832.99,5.39,Completed
211463,3,2016-09-14,Tundra,58416.91,5.69,Pending
211464,5,2016-09-05,Corolla,23491.49,5.34,Completed
211465,9,2016-09-18,Tacoma,29324.76,4.4,Completed
211466,12,2016-09-20,Highlander,63755.19,5.65,Completed
211467,13,2016-09-02,Sienna,53912.79,5.61,Completed
211468,17,2016-09-24,Tacoma,32692.72,4.51,Completed
211469,17,2016-09-03,Camry,27168.4,4.51,Completed
211470,2,2016-09-03,Highlander,50097.09,4.0,Completed
211471,15,2016-09-13,Sienna,48108.46,4.86,Completed
211472,17,2016-09-06,RAV4,31983.11,4.51,Completed
211473,15,2016-09-05,Highlander,61416.28,4.86,Completed
211474,7,2016-09-01,Prius,34626.22,5.39,Cancelled
211475,11,2016-09-03,RAV4,37709.16,4.16,Completed
211476,16,2016-09-12,Tundra,55383.12,6.06,Completed
211477,19,2016-09-10,Prius,27118.73,5.48,Completed
211478,20,2016-09-10,Corolla,29242.49,5.77,Completed
211479,5,2016-09-30,RAV4,37853.93,5.34,Completed
211480,17,2016-09-23,Corolla,21313.75,4.51,Completed
211481,4,2016-09-15,Tundra,38380.63,3.81,Completed
211482,13,2016-09-08,Camry,41289.07,5.61,Completed
211483,11,2016-09-17,Tacoma,29999.7,4.16,Completed
211484,5,2016-09-30,Tundra,46594.87,5.34,Completed
211485,11,2016-09-22,Tundra,35385.68,4.16,Completed
211486,13,2016-09-20,Tacoma,49453.52,5.61,Completed
211487,7,2016-09-08,Camry,45431.2,5.39,Completed
211488,3,2016-09-22,Prius,38892.25,5.69,Completed
211489,14,2016-09-24,Highlander,69673.52,5.1,Completed
211490,19,2016-09-13,Corolla,24035.66,5.48,Completed
211491,7,2016-09-23,Sienna,53657.03,5.39,Completed
211492,19,2016-09-14,Corolla,24826.58,5.48,Completed
211493,2,2016-09-12,Tundra,39724.99,4.0,Completed
211494,7,2016-09-07,Highlander,65885.26,5.39,Completed
211495,8,2016-09-30,Tundra,55636.74,5.84,Cancelled
211496,11,2016-09-25,Tundra,40062.59,4.16,Completed
211497,11,2016-09-23,Tundra,42289.82,4.16,Completed
211498,5,2016-09-15,Sienna,45575.61,5.34,Completed
211499,15,2016-09-04,Prius,30931.24,4.86,Completed
211500,5,2016-09-07,Tacoma,38377.28,5.34,Completed
211501,5,2016-09-20,Tundra,48763.5,5.34,Completed
211502,6,2016-09-01,Camry,29417.38,3.86,Completed
211503,1,2016-09-14,Sienna,40971.76,5.24,Completed
211504,3,2016-09-05,Tundra,58914.39,5.69,Completed
211505,10,2016-09-16,Tacoma,30338.0,4.88,Cancelled
211506,11,2016-09-17,Highlander,44433.16,4.16,Pending
211507,3,2016-09-20,Camry,40026.0,5.69,Completed
211508,3,2016-09-09,Prius,32910.27,5.69,Completed
211509,6,2016-09-03,Prius,26172.53,3.86,Completed
211510,18,2016-09-01,Highlander,72576.36,5.68,Completed
211511,15,2016-09-13,Prius,37185.09,4.86,Pending
211512,10,2016-09-06,Tundra,43395.53,4.88,Pending
211513,14,2016-09-04,Sienna,46858.48,5.1,Completed
211514,12,2016-09-27,Camry,38461.25,5.65,Completed
211515,2,2016-09-24,Camry,34241.25,4.0,Completed
211516,10,2016-09-24,Tacoma,31671.46,4.88,Completed
211517,19,2016-09-17,Highlander,55761.93,5.48,Completed
211518,14,2016-09-11,RAV4,42936.6,5.1,Completed
211519,16,2016-09-06,Sienna,54537.68,6.06,Completed
211520,11,2016-09-23,Camry,28216.56,4.16,Completed
211521,5,2016-09-24,Camry,32859.33,5.34,Completed
211522,7,2016-09-20,Tacoma,45585.07,5.39,Completed
211523,16,2016-09-25,Prius,31747.16,6.06,Completed
211524,13,2016-09-16,Tundra,51951.68,5.61,Completed
211525,5,2016-09-30,Prius,31874.03,5.34,Completed
211526,20,2016-09-03,Camry,38266.71,5.77,Pending
211527,16,2016-09-10,Highlander,67266.4,6.06,Completed
211528,20,2016-09-01,Camry,42184.58,5.77,Completed
211529,10,2016-09-01,Sienna,36069.0,4.88,Completed
211530,13,2016-09-09,Highlander,68681.17,5.61,Completed
211531,12,2016-09-07,Tundra,54273.53,5.65,Completed
211532,20,2016-09-03,Corolla,27480.41,5.77,Completed
211533,4,2016-09-14,Tundra,39252.41,3.81,Completed
211534,5,2016-09-16,Tacoma,36000.33,5.34,Completed
211535,18,2016-09-29,RAV4,46847.04,5.68,Completed
211536,7,2016-09-28,Corolla,32308.51,5.39,Cancelled
211537,10,2016-09-16,Tacoma,31051.33,4.88,Completed
211538,2,2016-09-08,Prius,25137.13,4.0,Completed
211539,18,2016-09-26,Prius,36818.41,5.68,Completed
211540,10,2016-09-06,Prius,25831.33,4.88,Completed
211541,18,2016-09-20,Camry,46679.11,5.68,Cancelled
211542,16,2016-09-19,Sienna,51391.33,6.06,Completed
211543,10,2016-09-04,Prius,27983.37,4.88,Completed
211544,12,2016-09-28,Camry,42050.5,5.65,Completed
211545,16,2016-09-02,Highlander,66422.32,6.06,Completed
211546,5,2016-09-26,Tundra,42035.46,5.34,Completed
211547,9,2016-09-10,Highlander,51139.4,4.4,Completed
211548,18,2016-09-13,Sienna,57613.54,5.68,Completed
211549,14,2016-09-21,Sienna,49303.96,5.1,Completed
211550,14,2016-09-14,Corolla,26127.92,5.1,Completed
211551,5,2016-09-04,RAV4,44787.56,5.34,Completed
211552,8,2016-09-24,Tundra,53489.67,5.84,Completed
211553,12,2016-09-26,Camry,38633.41,5.65,Completed
211554,12,2016-09-18,Camry,42997.35,5.65,Completed
211555,13,2016-09-21,RAV4,50235.74,5.61,Completed
211556,12,2016-09-05,Sienna,53432.69,5.65,Pending
211557,5,2016-09-05,Prius,26774.4,5.34,Completed
211558,20,2016-09-23,Camry,45485.68,5.77,Completed
211559,12,2016-09-05,Tundra,47976.61,5.65,Completed
211560,6,2016-09-13,Prius,24009.29,3.86,Completed
211561,18,2016-09-22,Sienna,55227.65,5.68,Completed
211562,1,2016-09-26,Corolla,24567.51,5.24,Completed
211563,10,2016-09-08,Prius,27650.73,4.88,Completed
211564,10,2016-09-09,Prius,23274.7,4.88,Completed
211565,7,2016-09-05,RAV4,52819.83,5.39,Completed
211566,12,2016-09-02,Tacoma,46166.98,5.65,Completed
211567,17,2016-09-11,Corolla,21650.54,4.51,Completed
211568,9,2016-09-26,Prius,24609.33,4.4,Completed
211569,20,2016-09-13,RAV4,50961.7,5.77,Completed
211570,1,2016-09-08,Tundra,41007.7,5.24,Completed
211571,1,2016-09-01,RAV4,40976.52,5.24,Completed
211572,20,2016-09-30,Camry,42202.7,5.77,Completed
211573,3,2016-09-29,Sienna,59710.12,5.69,Completed
211574,6,2016-09-04,RAV4,34497.38,3.86,Completed
211575,17,2016-09-06,Tundra,38570.32,4.51,Completed
211576,18,2016-09-12,Tacoma,51990.23,5.68,Completed
211577,10,2016-09-24,RAV4,36064.85,4.88,Completed
211578,11,2016-09-11,Corolla,20196.44,4.16,Completed
211579,5,2016-09-26,Camry,32338.64,5.34,Completed
211580,7,2016-09-04,Tacoma,42590.21,5.39,Completed
211581,19,2016-09-06,Tacoma,37686.44,5.48,Completed
211582,18,2016-09-17,Tundra,52981.79,5.68,Completed
211583,8,2016-09-26,Tacoma,44654.83,5.84,Completed
211584,19,2016-09-30,Tacoma,36421.85,5.48,Completed
211585,19,2016-09-26,Corolla,26527.71,5.48,Pending
211586,12,2016-09-22,RAV4,49170.69,5.65,Completed
211587,9,2016-09-17,Tacoma,32399.94,4.4,Completed
211588,16,2016-09-19,Prius,35027.7,6.06,Pending
211589,7,2016-09-22,Tacoma,48229.06,5.39,Completed
211590,7,2016-09-22,Corolla,30504.76,5.39,Cancelled
211591,8,2016-09-19,Prius,33465.95,5.84,Completed
211592,13,2016-09-17,Prius,34691.67,5.61,Completed
211593,17,2016-09-08,Tacoma,30543.99,4.51,Completed
211594,11,2016-09-15,Tacoma,30375.49,4.16,Completed
211595,13,2016-09-21,Prius,37806.65,5.61,Completed
211596,16,2016-09-25,Tacoma,42388.7,6.06,Completed
211597,1,2016-09-08,Tundra,47330.55,5.24,Completed
211598,5,2016-09-19,Sienna,44948.94,5.34,Completed
211599,20,2016-09-11,Camry,41634.94,5.77,Completed
211600,18,2016-09-17,Highlander,67860.22,5.68,Completed
211601,12,2016-09-26,Prius,33995.41,5.65,Completed
211602,3,2016-09-27,Sienna,49744.37,5.69,Completed
211603,16,2016-09-03,Highlander,73743.81,6.06,Pending
211604,20,2016-09-16,Prius,34378.29,5.77,Completed
211605,9,2016-09-28,Corolla,22582.09,4.4,Completed
211606,8,2016-09-18,Prius,37349.77,5.84,Completed
211607,7,2016-09-01,RAV4,46053.21,5.39,Completed
211608,3,2016-09-18,Tacoma,45621.37,5.69,Completed
211609,3,2016-09-04,Sienna,51239.83,5.69,Completed
211610,2,2016-09-19,Tacoma,36450.6,4.0,Completed
211611,6,2016-09-16,Camry,28978.02,3.86,Completed
211612,16,2016-09-29,RAV4,48814.63,6.06,Completed
211613,11,2016-09-16,Tacoma,31794.31,4.16,Completed
211614,4,2016-09-02,Camry,28910.76,3.81,Completed
211615,7,2016-09-27,RAV4,49146.83,5.39,Completed
211616,2,2016-09-19,Tacoma,30852.54,4.0,Completed
211617,3,2016-09-07,Camry,42903.86,5.69,Completed
211618,17,2016-09-10,RAV4,31032.21,4.51,Completed
211619,3,2016-09-21,Highlander,71847.18,5.69,Completed
211620,11,2016-09-09,Camry,31033.44,4.16,Completed
211621,19,2016-09-14,Sienna,45248.74,5.48,Completed
211622,2,2016-09-07,Camry,31339.63,4.0,Completed
211623,13,2016-09-29,Highlander,68470.19,5.61,Completed
211624,1,2016-09-12,Prius,28071.43,5.24,Completed
211625,9,2016-09-03,Tundra,37948.88,4.4,Completed
211626,14,2016-09-10,Tacoma,41002.97,5.1,Completed
211627,3,2016-09-06,Corolla,30342.87,5.69,Completed
211628,19,2016-09-09,RAV4,43382.81,5.48,Completed
211629,5,2016-09-03,Tundra,45762.87,5.34,Completed
211630,14,2016-09-10,Prius,32470.11,5.1,Completed
211631,20,2016-09-25,Tundra,55081.26,5.77,Completed
211632,16,2016-09-19,Prius,35813.24,6.06,Completed
211633,10,2016-09-19,Corolla,24378.89,4.88,Completed
211634,5,2016-09-20,RAV4,39138.49,5.34,Completed
211635,4,2016-09-22,Tacoma,33466.87,3.81,Completed
211636,18,2016-09-26,Tundra,53924.81,5.68,Completed
211637,2,2016-09-23,RAV4,35417.39,4.0,Completed
211638,3,2016-09-01,Highlander,72738.65,5.69,Completed
211639,17,2016-09-18,Tundra,35054.52,4.51,Completed
211640,14,2016-09-13,Sienna,45804.77,5.1,Completed
211641,20,2016-09-12,Prius,32253.09,5.77,Completed
211642,14,2016-09-06,Camry,39344.4,5.1,Completed
211643,11,2016-09-20,Sienna,37919.05,4.16,Completed
211644,5,2016-09-11,Highlander,54605.83,5.34,Completed
211645,3,2016-09-09,Tacoma,46683.84,5.69,Completed
211646,16,2016-09-09,Corolla,32023.73,6.06,Completed
211647,13,2016-09-19,Corolla,30219.54,5.61,Completed
211648,7,2016-09-24,Corolla,31365.84,5.39,Completed
211649,2,2016-09-26,Camry,30721.84,4.0,Completed
211650,15,2016-09-14,Sienna,54007.01,4.86,Completed
211651,9,2016-09-18,Highlander,49670.51,4.4,Completed
211652,10,2016-09-21,Camry,28687.15,4.88,Completed
211653,2,2016-09-21,Highlander,48873.76,4.0,Completed
211654,4,2016-09-25,Highlander,46686.09,3.81,Completed
211655,19,2016-09-26,Prius,30012.54,5.48,Completed
211656,19,2016-09-22,Prius,28698.21,5.48,Cancelled
211657,6,2016-09-11,Corolla,23006.26,3.86,Completed
211658,13,2016-09-26,Corolla,31560.72,5.61,Completed
211659,10,2016-09-18,Prius,23299.97,4.88,Completed
211660,4,2016-09-30,Camry,28891.41,3.81,Completed
211661,19,2016-09-28,RAV4,43142.7,5.48,Completed
211662,19,2016-09-14,Corolla,24899.5,5.48,Completed
211663,6,2016-09-30,Corolla,22982.11,3.86,Completed
211664,1,2016-09-16,Tundra,47056.05,5.24,Completed
211665,4,2016-09-04,Sienna,39440.77,3.81,Completed
211666,12,2016-09-17,Highlander,72202.77,5.65,Completed
211667,8,2016-09-01,Sienna,51374.79,5.84,Completed
211668,9,2016-09-20,Tundra,38331.68,4.4,Cancelled
211669,8,2016-09-29,Tundra,50945.96,5.84,Completed
211670,10,2016-09-10,Camry,30175.33,4.88,Completed
211671,6,2016-09-26,Sienna,34844.32,3.86,Completed
211672,14,2016-09-27,Tacoma,39665.3,5.1,Completed
211673,15,2016-09-01,Corolla,27691.51,4.86,Completed
211674,7,2016-09-05,Prius,32058.15,5.39,Completed
211675,16,2016-09-28,Highlander,72066.71,6.06,Completed
211676,18,2016-09-30,Sienna,56998.29,5.68,Completed
211677,4,2016-09-11,Tundra,36215.69,3.81,Completed
211678,12,2016-09-20,Prius,33051.8,5.65,Completed
211679,16,2016-09-14,Tacoma,44663.95,6.06,Completed
211680,17,2016-09-08,Camry,31676.59,4.51,Completed
211681,2,2016-09-27,Camry,30844.52,4.0,Completed
211682,3,2016-09-24,Sienna,58665.46,5.69,Completed
211683,10,2016-09-13,Sienna,39058.13,4.88,Completed
211684,17,2016-09-27,Camry,30758.45,4.51,Completed
211685,5,2016-09-09,Tundra,45734.28,5.34,Completed
211686,15,2016-09-17,Corolla,30815.76,4.86,Completed
211687,11,2016-09-27,Highlander,53852.84,4.16,Completed
211688,4,2016-09-14,Prius,21991.92,3.81,Completed
211689,18,2016-09-20,Tacoma,46904.05,5.68,Completed
211690,12,2016-09-15,Sienna,53798.95,5.65,Completed
211691,8,2016-09-09,Sienna,51335.82,5.84,Completed
211692,11,2016-09-10,Sienna,41226.34,4.16,Completed
211693,14,2016-09-14,Prius,35733.4,5.1,Completed
211694,5,2016-09-21,Prius,28539.32,5.34,Completed
211695,5,2016-09-01,Highlander,52685.36,5.34,Completed
211696,7,2016-09-27,Tundra,52050.3,5.39,Completed
211697,6,2016-09-03,Tacoma,30178.3,3.86,Completed
211698,10,2016-09-11,RAV4,37947.45,4.88,Completed
211699,7,2016-09-07,Camry,38391.52,5.39,Completed
211700,9,2016-09-14,RAV4,36309.97,4.4,Completed
211701,17,2016-09-25,Tundra,38536.69,4.51,Completed
211702,4,2016-09-28,Tundra,34917.57,3.81,Completed
211703,2,2016-09-29,Highlander,47159.42,4.0,Completed
211704,9,2016-09-11,Tacoma,34811.37,4.4,Pending
211705,13,2016-09-13,Prius,34360.46,5.61,Completed
211706,16,2016-09-20,Tacoma,45575.09,6.06,Completed
211707,12,2016-09-26,Tundra,55277.03,5.65,Completed
211708,3,2016-09-20,Highlander,65968.0,5.69,Completed
211709,11,2016-09-13,Tundra,40787.95,4.16,Completed
211710,15,2016-09-29,Tacoma,43347.62,4.86,Pending
211711,5,2016-09-07,Sienna,44404.68,5.34,Completed
211712,11,2016-09-08,Tundra,36747.4,4.16,Completed
211713,5,2016-09-08,Prius,29983.46,5.34,Cancelled
211714,12,2016-09-16,RAV4,43412.6,5.65,Completed
211715,5,2016-09-25,Tacoma,35787.19,5.34,Completed
211716,15,2016-09-15,Tacoma,47330.81,4.86,Completed
211717,2,2016-09-05,Sienna,40419.1,4.0,Completed
211718,8,2016-09-15,Tacoma,47244.16,5.84,Completed
211719,9,2016-09-21,Prius,24043.51,4.4,Completed
211720,11,2016-09-25,Tundra,42177.75,4.16,Completed
211721,19,2016-09-03,Prius,28783.35,5.48,Cancelled
211722,11,2016-09-25,Corolla,20113.13,4.16,Completed
211723,11,2016-09-09,Camry,29776.2,4.16,Completed
211724,1,2016-09-04,Tundra,43746.22,5.24,Completed
211725,17,2016-09-13,Highlander,45132.09,4.51,Completed
211726,13,2016-09-04,Highlander,63794.54,5.61,Completed
211727,8,2016-09-06,Tundra,56870.91,5.84,Completed
211728,14,2016-09-14,Sienna,50751.81,5.1,Completed
211729,19,2016-09-04,Corolla,25864.24,5.48,Completed
211730,4,2016-09-12,Camry,26259.95,3.81,Completed
211731,20,2016-09-27,Sienna,51419.18,5.77,Completed
211732,9,2016-09-25,Corolla,21090.37,4.4,Completed
211733,10,2016-09-14,Tundra,39917.11,4.88,Completed
211734,15,2016-09-15,Corolla,28756.47,4.86,Completed
211735,15,2016-09-26,Prius,36184.01,4.86,Completed
211736,15,2016-09-27,Camry,37653.59,4.86,Completed
211737,2,2016-09-18,Sienna,40749.62,4.0,Completed
211738,10,2016-09-06,RAV4,38648.85,4.88,Completed
211739,17,2016-09-04,Camry,27616.99,4.51,Completed
211740,17,2016-09-07,Camry,30259.21,4.51,Completed
211741,19,2016-09-07,Tundra,43659.54,5.48,Cancelled
211742,2,2016-09-06,RAV4,34113.65,4.0,Completed
211743,17,2016-09-21,Tundra,38138.75,4.51,Completed
211744,8,2016-09-17,Prius,35750.3,5.84,Completed
211745,4,2016-09-19,Highlander,43170.74,3.81,Completed
211746,13,2016-09-21,Camry,38912.73,5.61,Completed
211747,2,2016-09-28,Corolla,21816.16,4.0,Completed
211748,18,2016-09-08,Highlander,75464.17,5.68,Completed
211749,6,2016-09-14,Sienna,34508.78,3.86,Completed
211750,11,2016-09-27,Tacoma,31466.6,4.16,Completed
211751,19,2016-09-22,Tacoma,39887.52,5.48,Completed
211752,13,2016-09-24,Tacoma,50340.67,5.61,Completed
211753,15,2016-09-15,Highlander,61023.36,4.86,Completed
211754,4,2016-09-29,Tundra,36603.02,3.81,Completed
211755,7,2016-09-03,Highlander,73412.74,5.39,Completed
211756,11,2016-09-10,Tundra,42395.53,4.16,Completed
211757,7,2016-09-14,Sienna,54560.45,5.39,Completed
211758,14,2016-09-09,Highlander,67850.79,5.1,Completed
211759,2,2016-09-21,Tacoma,32255.52,4.0,Completed
211760,9,2016-09-23,Sienna,37360.96,4.4,Pending
211761,7,2016-09-05,Tacoma,44876.35,5.39,Completed
211762,19,2016-09-22,Tacoma,40180.85,5.48,Completed
211763,15,2016-09-25,Prius,33597.81,4.86,Completed
211764,2,2016-09-16,Tacoma,34447.04,4.0,Pending
211765,18,2016-09-23,Tundra,56858.77,5.68,Pending
211766,8,2016-09-17,Sienna,51828.96,5.84,Completed
211767,18,2016-09-27,Highlander,70024.01,5.68,Completed
211768,18,2016-09-18,Tacoma,50955.0,5.68,Completed
211769,17,2016-09-04,Corolla,19544.08,4.51,Completed
211770,8,2016-09-20,Camry,39290.49,5.84,Completed
211771,17,2016-09-05,Tundra,35816.72,4.51,Completed
211772,19,2016-09-18,Corolla,26170.21,5.48,Completed
211773,16,2016-09-10,Highlander,68073.42,6.06,Completed
211774,11,2016-09-22,Highlander,48421.41,4.16,Completed
211775,13,2016-09-10,Sienna,56303.36,5.61,Completed
211776,10,2016-09-06,Camry,32363.42,4.88,Completed
211777,5,2016-09-07,RAV4,44406.67,5.34,Completed
211778,16,2016-09-26,Tacoma,43884.01,6.06,Completed
211779,10,2016-09-16,Prius,23946.21,4.88,Completed
211780,11,2016-09-29,Sienna,37560.13,4.16,Completed
211781,10,2016-09-27,Highlander,47526.48,4.88,Completed
211782,11,2016-09-20,Sienna,38188.0,4.16,Completed
211783,20,2016-09-02,Tundra,53394.04,5.77,Completed
211784,15,2016-09-03,Tacoma,41897.95,4.86,Completed
211785,1,2016-09-16,Tacoma,35019.96,5.24,Completed
211786,19,2016-09-03,Camry,36749.83,5.48,Completed
211787,3,2016-09-03,Tundra,56380.51,5.69,Completed
211788,3,2016-09-24,RAV4,48301.96,5.69,Completed
211789,7,2016-09-28,Tundra,58052.03,5.39,Completed
211790,16,2016-09-15,Prius,32886.56,6.06,Completed
211791,6,2016-09-04,Tundra,41138.79,3.86,Completed
211792,5,2016-09-24,Corolla,26018.52,5.34,Completed
211793,7,2016-09-02,Sienna,58984.87,5.39,Completed
211794,1,2016-09-22,RAV4,37088.06,5.24,Completed
211795,9,2016-09-23,Prius,27389.44,4.4,Completed
211796,1,2016-09-24,Corolla,24492.94,5.24,Completed
211797,14,2016-09-18,Prius,31020.46,5.1,Completed
211798,19,2016-09-05,Highlander,55771.96,5.48,Completed
211799,10,2016-09-01,Tacoma,31447.74,4.88,Completed
211800,17,2016-09-30,Tundra,34372.9,4.51,Completed
211801,12,2016-09-27,Tundra,50759.68,5.65,Completed
211802,12,2016-09-18,Tacoma,45075.64,5.65,Completed
211803,2,2016-09-30,Sienna,38277.1,4.0,Completed
211804,2,2016-09-29,Camry,34197.15,4.0,Completed
211805,14,2016-09-23,Highlander,66730.39,5.1,Completed
211806,9,2016-09-23,Camry,29301.85,4.4,Completed
211807,9,2016-09-25,Prius,27147.83,4.4,Pending
211808,1,2016-09-17,RAV4,42522.06,5.24,Completed
211809,3,2016-09-27,Camry,42808.82,5.69,Pending
211810,1,2016-09-20,Camry,37348.3,5.24,Completed
211811,7,2016-09-20,Sienna,58645.7,5.39,Completed
211812,20,2016-09-21,Camry,41091.92,5.77,Pending
211813,18,2016-09-08,Prius,36387.67,5.68,Completed
211814,11,2016-09-09,Tacoma,31511.18,4.16,Completed
211815,8,2016-09-02,Sienna,52359.13,5.84,Completed
211816,13,2016-09-16,Sienna,53633.43,5.61,Completed
211817,17,2016-09-17,Tacoma,31384.39,4.51,Cancelled
211818,7,2016-09-29,Sienna,54263.02,5.39,Completed
211819,12,2016-09-14,Tundra,51248.63,5.65,Completed
211820,4,2016-09-13,Prius,21782.5,3.81,Completed
211821,1,2016-09-13,Sienna,43483.95,5.24,Completed
211822,12,2016-09-09,Corolla,30175.01,5.65,Completed
211823,2,2016-09-10,Tacoma,35774.9,4.0,Completed
211824,8,2016-09-26,Prius,37729.68,5.84,Completed
211825,19,2016-09-23,Tundra,43499.89,5.48,Completed
211826,14,2016-09-19,Sienna,49571.94,5.1,Completed
211827,15,2016-09-21,Highlander,72337.76,4.86,Completed
211828,18,2016-09-14,Highlander,73193.8,5.68,Completed
211829,9,2016-09-19,Sienna,34491.68,4.4,Pending
211830,19,2016-09-20,Sienna,44483.14,5.48,Completed
211831,20,2016-09-23,Tacoma,43710.55,5.77,Completed
211832,9,2016-09-06,RAV4,36519.92,4.4,Completed
211833,7,2016-09-04,Tacoma,45708.11,5.39,Completed
211834,5,2016-09-13,Prius,26503.0,5.34,Completed
211835,2,2016-09-14,Tacoma,36293.45,4.0,Completed
211836,14,2016-09-20,Corolla,28104.51,5.1,Completed
211837,1,2016-09-18,Sienna,42940.33,5.24,Completed
211838,6,2016-09-21,Tacoma,28961.33,3.86,Cancelled
211839,2,2016-09-14,Highlander,52885.08,4.0,Completed
211840,16,2016-09-12,RAV4,53252.02,6.06,Completed
211841,4,2016-09-18,Corolla,21700.02,3.81,Completed
211842,17,2016-09-30,Highlander,47296.19,4.51,Completed
211843,8,2016-09-25,Prius,36419.81,5.84,Completed
211844,2,2016-09-19,Tacoma,31522.52,4.0,Completed
211845,8,2016-09-26,Tundra,54653.03,5.84,Completed
211846,3,2016-09-07,Corolla,32181.02,5.69,Completed
211847,11,2016-09-09,Corolla,23040.82,4.16,Completed
211848,4,2016-09-25,Tacoma,31522.3,3.81,Completed
211849,16,2016-09-04,Camry,44319.4,6.06,Completed
211850,14,2016-09-11,Highlander,65986.35,5.1,Completed
211851,19,2016-09-05,Tundra,42066.44,5.48,Completed
211852,2,2016-09-23,Tacoma,31415.86,4.0,Completed
211853,7,2016-09-23,Tundra,55196.53,5.39,Completed
211854,6,2016-09-03,Highlander,48202.57,3.86,Completed
211855,1,2016-09-24,Highlander,58774.26,5.24,Completed
211856,16,2016-09-18,Camry,45019.03,6.06,Completed
211857,17,2016-09-28,Sienna,38886.22,4.51,Completed
211858,15,2016-09-18,Corolla,28127.65,4.86,Completed
211859,20,2016-09-02,Tacoma,41935.86,5.77,Completed
211860,17,2016-09-28,Highlander,47830.28,4.51,Completed
211861,17,2016-09-19,Tacoma,33110.06,4.51,Completed
211862,8,2016-09-20,Tundra,57140.98,5.84,Completed
211863,8,2016-09-19,Highlander,73069.74,5.84,Completed
211864,19,2016-09-25,Prius,28873.2,5.48,Completed
211865,15,2016-09-21,Corolla,29387.42,4.86,Completed
211866,18,2016-09-21,RAV4,54021.19,5.68,Completed
211867,6,2016-09-26,Tacoma,29956.7,3.86,Completed
211868,6,2016-09-30,RAV4,34000.44,3.86,Completed
211869,6,2016-09-24,Highlander,47943.3,3.86,Completed
211870,11,2016-09-02,RAV4,37669.56,4.16,Completed
211871,1,2016-09-13,Highlander,52402.45,5.24,Completed
211872,14,2016-09-02,Corolla,29617.27,5.1,Completed
211873,3,2016-09-01,Corolla,31829.41,5.69,Completed
211874,16,2016-09-15,Sienna,54611.37,6.06,Completed
211875,8,2016-09-11,RAV4,52334.28,5.84,Completed
211876,19,2016-09-10,Tundra,47651.6,5.48,Completed
211877,15,2016-09-16,Highlander,64321.57,4.86,Completed
211878,16,2016-09-12,Sienna,53620.99,6.06,Completed
211879,6,2016-09-26,Tacoma,29400.18,3.86,Completed
211880,6,2016-09-26,Prius,25822.98,3.86,Completed
211881,4,2016-09-29,Tundra,35340.54,3.81,Completed
211882,16,2016-09-02,RAV4,48987.81,6.06,Completed
211883,14,2016-09-06,Sienna,54165.15,5.1,Completed
211884,12,2016-09-07,Corolla,29422.14,5.65,Completed
211885,5,2016-09-14,Tundra,40898.92,5.34,Completed
211886,18,2016-09-20,Tacoma,46728.27,5.68,Completed
211887,20,2016-09-30,Sienna,49928.03,5.77,Completed
211888,2,2016-09-20,Prius,28757.56,4.0,Completed
211889,13,2016-09-24,Highlander,72760.91,5.61,Completed
211890,17,2016-09-22,Corolla,20943.52,4.51,Completed
211891,12,2016-09-02,Corolla,26910.19,5.65,Completed
211892,7,2016-09-20,Highlander,71563.01,5.39,Completed
211893,3,2016-09-21,Camry,39292.87,5.69,Completed
211894,4,2016-09-11,Corolla,19694.45,3.81,Completed
211895,19,2016-09-21,Tacoma,40637.99,5.48,Completed
211896,2,2016-09-28,Tundra,41144.93,4.0,Completed
211897,6,2016-09-21,RAV4,33593.47,3.86,Completed
211898,2,2016-09-17,Tacoma,35881.45,4.0,Completed
211899,5,2016-09-24,Prius,26634.95,5.34,Completed
211900,13,2016-09-14,Prius,33822.36,5.61,Completed
211901,10,2016-09-13,Camry,29947.06,4.88,Completed
211902,9,2016-09-23,Prius,27384.34,4.4,Completed
211903,11,2016-09-06,Camry,30061.7,4.16,Completed
211904,6,2016-09-30,Tundra,36938.93,3.86,Completed
211905,1,2016-09-25,Corolla,25873.69,5.24,Completed
211906,11,2016-09-05,Tacoma,35325.04,4.16,Completed
211907,14,2016-09-26,Tacoma,44680.57,5.1,Completed
211908,17,2016-09-27,Camry,26892.72,4.51,Completed
211909,2,2016-09-30,Corolla,23030.31,4.0,Completed
211910,1,2016-09-22,Prius,28153.6,5.24,Completed
211911,16,2016-09-17,Sienna,49577.51,6.06,Completed
211912,17,2016-09-08,Tundra,38900.68,4.51,Completed
211913,15,2016-09-18,Tacoma,45797.75,4.86,Completed
211914,17,2016-09-05,Tundra,33719.15,4.51,Completed
211915,20,2016-09-10,Camry,40757.99,5.77,Completed
211916,12,2016-09-24,Corolla,31993.53,5.65,Completed
211917,18,2016-09-23,Corolla,32038.91,5.68,Completed
211918,19,2016-09-25,RAV4,41908.41,5.48,Completed
211919,3,2016-09-21,Corolla,34548.32,5.69,Completed
211920,7,2016-09-12,Prius,32877.31,5.39,Completed
211921,14,2016-09-16,Prius,33198.58,5.1,Completed
211922,15,2016-09-03,Tundra,55044.91,4.86,Completed
211923,9,2016-09-21,Tundra,37673.2,4.4,Completed
211924,8,2016-09-26,Camry,40042.86,5.84,Completed
211925,20,2016-09-21,Highlander,65686.21,5.77,Completed
211926,11,2016-09-09,Tacoma,32927.11,4.16,Completed
211927,6,2016-09-16,RAV4,33434.91,3.86,Completed
211928,15,2016-09-07,Tundra,48627.46,4.86,Completed
211929,15,2016-09-27,Prius,30909.37,4.86,Completed
211930,20,2016-09-22,Tacoma,47813.78,5.77,Completed
211931,19,2016-09-19,Corolla,26541.08,5.48,Completed
211932,2,2016-09-06,RAV4,36117.79,4.0,Completed
211933,17,2016-09-11,Corolla,20698.22,4.51,Completed
211934,4,2016-09-03,Corolla,22054.62,3.81,Completed
211935,15,2016-09-13,RAV4,47952.6,4.86,Completed
211936,4,2016-09-27,Camry,27561.09,3.81,Completed
211937,10,2016-09-26,Sienna,37157.89,4.88,Completed
211938,5,2016-09-08,RAV4,41841.82,5.34,Completed
211939,12,2016-09-20,Tundra,56735.22,5.65,Completed
211940,10,2016-09-12,Sienna,42305.35,4.88,Completed
211941,20,2016-09-07,Highlander,69906.31,5.77,Completed
211942,15,2016-09-08,Corolla,28908.94,4.86,Completed
211943,9,2016-09-05,Tundra,39812.71,4.4,Completed
211944,1,2016-09-26,Tundra,42441.58,5.24,Completed
211945,20,2016-09-11,Tundra,53507.89,5.77,Completed
211946,9,2016-09-05,Sienna,35484.53,4.4,Completed
211947,7,2016-09-04,RAV4,45024.44,5.39,Completed
211948,17,2016-09-03,Highlander,47687.33,4.51,Completed
211949,2,2016-09-10,RAV4,39992.34,4.0,Completed
211950,3,2016-09-27,Corolla,28962.52,5.69,Completed
211951,5,2016-09-30,Prius,29909.6,5.34,Completed
211952,6,2016-09-13,Tacoma,34173.64,3.86,Completed
211953,10,2016-09-09,Sienna,42081.98,4.88,Pending
211954,15,2016-09-11,Corolla,30240.95,4.86,Pending
211955,7,2016-09-07,Highlander,69927.88,5.39,Completed
211956,17,2016-09-09,RAV4,36451.58,4.51,Completed
211957,17,2016-09-09,Corolla,22895.7,4.51,Completed
211958,14,2016-09-20,RAV4,49306.58,5.1,Completed
211959,18,2016-09-04,RAV4,50632.57,5.68,Completed
211960,15,2016-09-16,Camry,44494.83,4.86,Completed
211961,2,2016-09-28,Corolla,21657.73,4.0,Completed
211962,16,2016-09-01,Highlander,72182.3,6.06,Completed
211963,1,2016-09-01,Tacoma,35549.45,5.24,Completed
211964,3,2016-09-03,Prius,32999.35,5.69,Completed
211965,12,2016-09-02,Highlander,67855.17,5.65,Pending
211966,10,2016-09-06,Tundra,38222.55,4.88,Completed
211967,10,2016-09-04,Prius,27231.86,4.88,Completed
211968,13,2016-09-20,Tacoma,43261.12,5.61,Completed
211969,1,2016-09-11,Sienna,43086.94,5.24,Completed
211970,2,2016-09-11,Corolla,23342.39,4.0,Completed
211971,1,2016-09-22,Highlander,51451.77,5.24,Completed
211972,2,2016-09-03,RAV4,39700.74,4.0,Completed
211973,9,2016-09-20,Tundra,35836.41,4.4,Completed
211974,11,2016-09-23,Tundra,36142.15,4.16,Completed
211975,1,2016-09-28,Corolla,24349.29,5.24,Completed
211976,8,2016-09-10,Tacoma,47753.89,5.84,Completed
211977,2,2016-09-08,Highlander,50554.59,4.0,Completed
211978,20,2016-09-09,Sienna,54155.02,5.77,Completed
211979,5,2016-09-25,Highlander,62275.81,5.34,Completed
211980,6,2016-09-04,RAV4,36194.58,3.86,Completed
211981,13,2016-09-13,Camry,42695.34,5.61,Completed
211982,4,2016-09-18,Sienna,34162.26,3.81,Completed
211983,19,2016-09-15,Prius,31328.33,5.48,Completed
211984,17,2016-09-01,Prius,23908.21,4.51,Completed
211985,5,2016-09-18,Camry,36754.66,5.34,Completed
211986,20,2016-09-11,Tacoma,43952.38,5.77,Completed
211987,10,2016-09-29,Corolla,22708.0,4.88,Completed
211988,13,2016-09-26,Corolla,28741.0,5.61,Completed
211989,12,2016-09-06,Prius,35801.36,5.65,Completed
211990,15,2016-09-13,Tacoma,40839.75,4.86,Completed
211991,15,2016-09-14,Tacoma,48218.42,4.86,Completed
211992,11,2016-09-03,Tundra,40575.8,4.16,Completed
211993,6,2016-09-25,Sienna,38217.22,3.86,Pending
211994,17,2016-09-29,Camry,29705.67,4.51,Completed
211995,6,2016-09-22,Prius,24468.38,3.86,Completed
211996,15,2016-09-30,Highlander,70450.05,4.86,Completed
211997,3,2016-09-08,Highlander,64485.53,5.69,Completed
211998,2,2016-09-28,Corolla,23867.2,4.0,Completed
211999,7,2016-09-12,Tundra,59024.82,5.39,Completed
212000,8,2016-09-05,RAV4,43727.13,5.84,Completed
212001,19,2016-09-12,Sienna,45068.42,5.48,Completed
212002,15,2016-09-13,Sienna,53591.16,4.86,Completed
212003,9,2016-09-22,Sienna,38740.05,4.4,Completed
212004,17,2016-09-16,Highlander,50215.39,4.51,Completed
212005,1,2016-09-08,Prius,26476.46,5.24,Completed
212006,17,2016-09-09,Prius,25989.31,4.51,Completed
212007,14,2016-09-08,Highlander,70068.78,5.1,Completed
212008,3,2016-09-22,Highlander,70932.55,5.69,Completed
212009,6,2016-09-10,Camry,31424.73,3.86,Completed
212010,19,2016-09-07,Prius,30602.23,5.48,Completed
212011,2,2016-09-08,Tacoma,37139.22,4.0,Completed
212012,7,2016-09-22,Tundra,54271.6,5.39,Completed
212013,7,2016-09-01,Tundra,55866.68,5.39,Completed
212014,10,2016-09-22,Highlander,46364.38,4.88,Completed
212015,19,2016-09-10,Camry,37377.4,5.48,Cancelled
212016,18,2016-09-27,RAV4,49901.15,5.68,Completed
212017,16,2016-09-09,Prius,38077.71,6.06,Completed
212018,5,2016-09-07,Tacoma,35778.32,5.34,Completed
212019,15,2016-09-26,Tundra,57397.28,4.86,Completed
212020,8,2016-09-20,Prius,37042.56,5.84,Completed
212021,13,2016-09-02,RAV4,55122.84,5.61,Completed
212022,6,2016-09-28,Sienna,37817.71,3.86,Completed
212023,1,2016-09-11,Sienna,40875.31,5.24,Completed
212024,7,2016-09-20,Tacoma,47205.71,5.39,Completed
212025,12,2016-09-04,Tundra,51870.29,5.65,Completed
212026,20,2016-09-05,RAV4,46256.05,5.77,Completed
212027,20,2016-09-08,Sienna,48467.34,5.77,Completed
212028,8,2016-09-04,Camry,41937.69,5.84,Completed
212029,4,2016-09-26,Highlander,45069.3,3.81,Completed
212030,18,2016-09-20,Corolla,32829.88,5.68,Completed
212031,1,2016-09-29,Corolla,25535.18,5.24,Completed
212032,18,2016-09-08,Tacoma,44725.93,5.68,Completed
212033,12,2016-09-17,Camry,38760.04,5.65,Completed
212034,5,2016-09-25,Prius,29959.37,5.34,Completed
212035,15,2016-09-04,Camry,41367.71,4.86,Completed
212036,5,2016-09-25,Sienna,48056.48,5.34,Completed
212037,8,2016-09-24,RAV4,48191.92,5.84,Completed
212038,18,2016-09-26,Sienna,57012.88,5.68,Completed
212039,19,2016-09-06,Corolla,28439.5,5.48,Completed
212040,9,2016-09-23,Tundra,41669.68,4.4,Completed
212041,15,2016-09-30,Tundra,55917.87,4.86,Completed
212042,1,2016-09-20,Tundra,40680.39,5.24,Pending
212043,9,2016-09-21,Tundra,37954.69,4.4,Completed
212044,3,2016-09-02,Camry,40508.27,5.69,Completed
212045,15,2016-09-07,Highlander,62726.82,4.86,Completed
212046,18,2016-09-29,Tacoma,50208.62,5.68,Completed
212047,3,2016-09-21,Prius,33339.43,5.69,Completed
212048,14,2016-09-21,Corolla,29928.97,5.1,Completed
212049,17,2016-09-29,Tacoma,30219.09,4.51,Completed
212050,1,2016-09-17,Prius,29658.38,5.24,Completed
212051,17,2016-09-19,Corolla,20510.07,4.51,Completed
212052,17,2016-09-20,Tundra,36429.52,4.51,Completed
212053,11,2016-09-11,RAV4,32664.51,4.16,Completed
212054,16,2016-09-03,Tacoma,42646.6,6.06,Completed
212055,13,2016-09-25,Tacoma,50288.33,5.61,Completed
212056,19,2016-09-18,Prius,31656.61,5.48,Completed
212057,5,2016-09-29,Tundra,41467.33,5.34,Completed
212058,9,2016-09-10,RAV4,34658.43,4.4,Completed
212059,11,2016-09-04,Corolla,24001.28,4.16,Completed
212060,14,2016-09-26,Sienna,49809.92,5.1,Completed
212061,3,2016-09-07,Sienna,51804.97,5.69,Completed
212062,19,2016-09-02,Highlander,60692.27,5.48,Completed
212063,12,2016-09-09,Tundra,48500.35,5.65,Completed
212064,5,2016-09-11,Sienna,47250.92,5.34,Completed
212065,12,2016-09-30,Prius,31745.75,5.65,Completed
212066,5,2016-09-24,Corolla,28165.71,5.34,Completed
212067,19,2016-09-17,RAV4,38693.86,5.48,Completed
212068,6,2016-09-26,Highlander,46684.68,3.86,Completed
212069,18,2016-09-03,RAV4,50746.12,5.68,Completed
212070,4,2016-09-21,RAV4,36226.47,3.81,Completed
212071,1,2016-09-20,Prius,28303.91,5.24,Completed
212072,13,2016-09-06,Tundra,57272.13,5.61,Completed
212073,14,2016-09-09,Highlander,68805.42,5.1,Completed
212074,4,2016-09-28,Tundra,38395.51,3.81,Completed
212075,13,2016-09-04,Prius,33357.08,5.61,Completed
212076,18,2016-09-09,Corolla,35317.68,5.68,Completed
212077,19,2016-09-05,Sienna,46843.15,5.48,Completed
212078,13,2016-09-23,Sienna,55483.88,5.61,Completed
212079,12,2016-09-23,Highlander,64592.16,5.65,Completed
212080,12,2016-09-01,RAV4,46067.91,5.65,Completed
212081,12,2016-09-15,Highlander,69061.04,5.65,Completed
212082,16,2016-09-24,Sienna,57997.86,6.06,Completed
212083,20,2016-09-26,Tacoma,45069.95,5.77,Completed
212084,11,2016-09-10,Corolla,23256.57,4.16,Completed
212085,16,2016-09-07,Tacoma,46142.91,6.06,Completed
212086,3,2016-09-23,Sienna,59131.31,5.69,Completed
212087,17,2016-09-24,Corolla,22537.41,4.51,Completed
212088,3,2016-09-27,Corolla,32558.3,5.69,Completed
212089,16,2016-09-22,RAV4,48748.21,6.06,Completed
212090,19,2016-09-02,Sienna,48022.03,5.48,Completed
212091,12,2016-09-04,Corolla,27164.48,5.65,Completed
212092,6,2016-09-22,Corolla,20365.92,3.86,Completed
212093,17,2016-09-19,Corolla,21216.37,4.51,Completed
212094,14,2016-09-16,Sienna,54893.96,5.1,Completed
212095,15,2016-09-23,Prius,31006.09,4.86,Completed
212096,16,2016-09-10,Tacoma,46772.43,6.06,Completed
212097,15,2016-09-04,Tundra,50053.95,4.86,Completed
212098,6,2016-09-19,Corolla,21109.14,3.86,Completed
212099,10,2016-09-21,Corolla,22929.38,4.88,Completed
212100,1,2016-09-28,Prius,27251.34,5.24,Completed
212101,12,2016-09-15,Tundra,52845.18,5.65,Completed
212102,19,2016-09-30,Camry,39139.62,5.48,Completed
212103,20,2016-09-03,Sienna,53717.93,5.77,Completed
212104,6,2016-09-29,Prius,22372.12,3.86,Completed
212105,8,2016-09-13,Prius,31809.96,5.84,Completed
212106,7,2016-09-16,RAV4,48832.29,5.39,Completed
212107,5,2016-09-16,Tacoma,37786.16,5.34,Completed
212108,7,2016-09-03,Tundra,53123.55,5.39,Completed
212109,20,2016-09-22,Tundra,53211.63,5.77,Completed
212110,15,2016-09-30,Sienna,53795.42,4.86,Completed
212111,13,2016-09-28,Tacoma,44689.31,5.61,Completed
212112,7,2016-09-11,Prius,36716.44,5.39,Completed
212113,9,2016-09-05,Highlander,47389.98,4.4,Completed
212114,17,2016-09-24,Prius,25907.83,4.51,Completed
212115,12,2016-09-25,Camry,43256.38,5.65,Completed
212116,8,2016-09-05,Corolla,27530.48,5.84,Completed
212117,19,2016-09-09,Tacoma,40181.85,5.48,Completed
212118,17,2016-09-13,Tacoma,30990.66,4.51,Completed
212119,8,2016-09-28,Tacoma,46834.48,5.84,Completed
212120,12,2016-09-10,Sienna,54845.05,5.65,Completed
212121,1,2016-09-20,Tacoma,39245.2,5.24,Completed
212122,7,2016-09-21,Tacoma,42105.19,5.39,Completed
212123,10,2016-09-01,Sienna,36999.75,4.88,Completed
212124,18,2016-09-23,Tacoma,48203.84,5.68,Completed
212125,1,2016-09-16,Tacoma,33863.1,5.24,Completed
212126,15,2016-09-14,Prius,33174.83,4.86,Completed
212127,6,2016-09-12,Corolla,21469.91,3.86,Completed
212128,16,2016-09-08,Tundra,49227.97,6.06,Completed
212129,19,2016-09-10,Tacoma,38542.72,5.48,Completed
212130,8,2016-09-06,Tundra,52610.39,5.84,Completed
212131,16,2016-09-13,Camry,40543.12,6.06,Completed
212132,14,2016-09-23,Tacoma,38868.6,5.1,Completed
212133,17,2016-09-22,Highlander,42975.01,4.51,Completed
212134,16,2016-09-07,Tacoma,46586.48,6.06,Completed
212135,10,2016-09-25,Tundra,35841.44,4.88,Completed
212136,10,2016-09-08,Tacoma,35570.1,4.88,Completed
212137,8,2016-09-15,Prius,35972.26,5.84,Completed
212138,10,2016-09-24,RAV4,39314.56,4.88,Completed
212139,18,2016-09-12,Tacoma,49180.45,5.68,Completed
212140,14,2016-09-08,Prius,32527.38,5.1,Completed
212141,10,2016-09-08,Tundra,36587.73,4.88,Completed
212142,4,2016-09-17,Prius,21499.24,3.81,Completed
212143,6,2016-09-23,Sienna,36792.88,3.86,Completed
212144,15,2016-09-02,Sienna,52649.99,4.86,Completed
212145,17,2016-09-03,Prius,22076.1,4.51,Completed
212146,14,2016-09-21,Highlander,63179.05,5.1,Completed
212147,14,2016-09-29,RAV4,42690.85,5.1,Completed
212148,17,2016-09-10,RAV4,31188.07,4.51,Completed
212149,16,2016-09-25,Highlander,68434.29,6.06,Completed
212150,6,2016-09-10,RAV4,36719.93,3.86,Pending
212151,3,2016-09-23,Prius,38219.18,5.69,Completed
212152,2,2016-09-22,Camry,30319.93,4.0,Completed
212153,19,2016-09-20,Highlander,61139.86,5.48,Completed
212154,9,2016-09-19,RAV4,33716.32,4.4,Completed
212155,15,2016-09-20,Prius,31119.16,4.86,Completed
212156,16,2016-09-23,Tundra,59030.09,6.06,Completed
212157,9,2016-09-28,RAV4,31583.02,4.4,Completed
212158,9,2016-09-02,Camry,31545.14,4.4,Completed
212159,14,2016-09-25,Highlander,67900.87,5.1,Completed
212160,13,2016-09-28,Sienna,51881.86,5.61,Completed
212161,9,2016-09-12,Sienna,40032.37,4.4,Completed
212162,5,2016-09-18,Prius,28043.69,5.34,Completed
212163,2,2016-09-29,Camry,31814.62,4.0,Completed
212164,17,2016-09-28,Tundra,36126.28,4.51,Completed
212165,4,2016-09-16,Prius,23732.68,3.81,Completed
212166,14,2016-09-15,Camry,37750.91,5.1,Completed
212167,5,2016-09-22,Tundra,43986.11,5.34,Completed
212168,6,2016-09-06,Tacoma,30501.42,3.86,Completed
212169,13,2016-09-02,Camry,41943.51,5.61,Completed
212170,19,2016-09-22,Prius,29074.45,5.48,Completed
212171,1,2016-09-02,Corolla,25396.59,5.24,Completed
212172,1,2016-09-17,RAV4,42827.15,5.24,Completed
212173,5,2016-09-19,Highlander,58901.72,5.34,Completed
212174,11,2016-09-28,Sienna,42000.23,4.16,Completed
212175,14,2016-09-16,Corolla,29005.76,5.1,Completed
212176,14,2016-09-18,Tacoma,38406.48,5.1,Cancelled
212177,16,2016-09-20,Tacoma,49407.29,6.06,Completed
212178,13,2016-09-10,Prius,39424.03,5.61,Completed
212179,13,2016-09-26,Sienna,53372.33,5.61,Completed
212180,13,2016-09-29,Sienna,51379.37,5.61,Completed
212181,4,2016-09-20,Tacoma,28129.19,3.81,Completed
212182,18,2016-09-27,Prius,39391.92,5.68,Completed
212183,2,2016-09-24,Tundra,42843.78,4.0,Completed
212184,12,2016-09-08,Tundra,47630.6,5.65,Completed
212185,15,2016-09-05,Sienna,52892.44,4.86,Completed
212186,13,2016-09-17,Tundra,52144.03,5.61,Completed
212187,15,2016-09-07,RAV4,47856.48,4.86,Completed
212188,17,2016-09-18,Highlander,42899.77,4.51,Completed
212189,6,2016-09-28,Corolla,22066.61,3.86,Completed
212190,8,2016-09-23,Sienna,49929.3,5.84,Completed
212191,12,2016-09-04,Corolla,30653.64,5.65,Completed
212192,20,2016-09-10,Highlander,62071.13,5.77,Completed
212193,3,2016-09-26,Corolla,29608.91,5.69,Completed
212194,7,2016-09-09,Tacoma,46999.96,5.39,Completed
212195,19,2016-09-12,Sienna,46674.69,5.48,Completed
212196,15,2016-09-13,Tundra,56284.85,4.86,Pending
212197,3,2016-09-09,RAV4,45872.33,5.69,Completed
212198,5,2016-09-21,Tacoma,39856.71,5.34,Completed
212199,15,2016-09-19,Sienna,55178.69,4.86,Completed
212200,12,2016-09-22,RAV4,47982.69,5.65,Completed
212201,1,2016-09-02,Highlander,54218.18,5.24,Completed
212202,7,2016-09-18,Tacoma,44426.18,5.39,Completed
212203,9,2016-09-26,Tacoma,33501.93,4.4,Completed
212204,17,2016-09-03,Sienna,39399.66,4.51,Completed
212205,5,2016-09-02,Sienna,46064.91,5.34,Completed
212206,4,2016-09-25,RAV4,36609.6,3.81,Completed
212207,7,2016-09-28,Prius,35189.45,5.39,Completed
212208,11,2016-09-03,Prius,24749.46,4.16,Completed
212209,6,2016-09-11,Camry,28050.19,3.86,Completed
212210,2,2016-09-14,Camry,29881.97,4.0,Completed
212211,10,2016-09-20,Camry,28715.82,4.88,Completed
212212,14,2016-09-20,Tundra,53577.98,5.1,Completed
212213,17,2016-09-11,Corolla,21954.11,4.51,Completed
212214,8,2016-09-25,Prius,36980.04,5.84,Completed
212215,13,2016-09-06,Highlander,65685.4,5.61,Completed
212216,9,2016-09-07,Corolla,20059.76,4.4,Completed
212217,8,2016-09-30,Sienna,49116.05,5.84,Completed
212218,6,2016-09-10,Camry,29256.38,3.86,Completed
212219,18,2016-09-05,Tundra,53776.49,5.68,Completed
212220,5,2016-09-16,Highlander,59852.49,5.34,Completed
212221,11,2016-09-29,RAV4,35855.8,4.16,Completed
212222,4,2016-09-24,RAV4,32174.65,3.81,Completed
212223,3,2016-09-06,RAV4,46517.7,5.69,Completed
212224,17,2016-09-04,Camry,30485.22,4.51,Completed
212225,7,2016-09-02,Corolla,27756.52,5.39,Completed
212226,19,2016-09-05,Camry,38981.01,5.48,Completed
212227,13,2016-09-23,RAV4,50673.68,5.61,Completed
212228,7,2016-09-04,Tundra,52040.29,5.39,Completed
212229,10,2016-09-19,Prius,25614.69,4.88,Completed
212230,3,2016-09-05,Prius,38588.75,5.69,Completed
212231,2,2016-09-14,Highlander,55583.67,4.0,Completed
212232,19,2016-09-18,Prius,30704.95,5.48,Completed
212233,6,2016-09-05,Camry,27129.8,3.86,Completed
212234,7,2016-09-15,Highlander,67184.47,5.39,Completed
212235,4,2016-09-11,Sienna,34654.04,3.81,Completed
212236,3,2016-09-18,Tundra,53049.13,5.69,Completed
212237,17,2016-09-25,Camry,29269.56,4.51,Completed
212238,10,2016-09-21,Highlander,53700.82,4.88,Completed
212239,5,2016-09-30,RAV4,40503.18,5.34,Completed
212240,20,2016-09-27,RAV4,44205.07,5.77,Completed
212241,6,2016-09-15,Camry,30903.65,3.86,Completed
212242,9,2016-09-23,Tundra,38576.97,4.4,Completed
212243,15,2016-09-22,Camry,41807.97,4.86,Cancelled
212244,16,2016-09-07,Camry,42228.43,6.06,Completed
212245,1,2016-09-30,Tundra,43126.81,5.24,Completed
212246,20,2016-09-30,Highlander,67585.18,5.77,Completed
212247,8,2016-09-09,Tacoma,43375.13,5.84,Completed
212248,17,2016-09-20,Corolla,20653.73,4.51,Completed
212249,14,2016-09-21,Sienna,46252.6,5.1,Completed
212250,4,2016-09-06,Camry,26810.0,3.81,Completed
212251,7,2016-09-14,Highlander,63609.71,5.39,Completed
212252,16,2016-09-29,Corolla,28268.23,6.06,Completed
212253,16,2016-09-24,Corolla,33889.36,6.06,Completed
212254,19,2016-09-21,Prius,28537.61,5.48,Completed
212255,1,2016-09-14,Prius,30564.25,5.24,Completed
212256,4,2016-09-03,Prius,25360.06,3.81,Completed
212257,16,2016-09-11,Tacoma,44857.92,6.06,Completed
212258,17,2016-09-25,Corolla,20179.76,4.51,Completed
212259,10,2016-09-18,Camry,32807.49,4.88,Completed
212260,12,2016-09-06,RAV4,43409.48,5.65,Completed
212261,12,2016-09-13,Tundra,56388.37,5.65,Completed
212262,1,2016-09-30,Corolla,26537.18,5.24,Completed
212263,19,2016-09-22,Highlander,64148.94,5.48,Completed
212264,3,2016-09-05,Prius,34062.22,5.69,Completed
212265,14,2016-09-08,RAV4,48493.97,5.1,Completed
212266,18,2016-09-17,Tacoma,45491.61,5.68,Completed
212267,3,2016-09-01,RAV4,52129.41,5.69,Completed
212268,19,2016-09-12,Camry,35335.9,5.48,Completed
212269,11,2016-09-22,Highlander,48613.67,4.16,Completed
212270,11,2016-09-20,Tundra,39952.75,4.16,Completed
212271,18,2016-09-24,Highlander,65638.76,5.68,Completed
212272,9,2016-09-07,Tundra,37535.63,4.4,Completed
212273,6,2016-09-25,Sienna,41051.2,3.86,Completed
212274,16,2016-09-18,Camry,40254.06,6.06,Completed
212275,2,2016-09-03,Tundra,37951.17,4.0,Completed
212276,10,2016-09-01,Tundra,38852.76,4.88,Completed
212277,11,2016-09-21,Prius,25533.99,4.16,Completed
212278,15,2016-09-14,Corolla,28601.06,4.86,Completed
212279,17,2016-09-02,Sienna,37494.47,4.51,Completed
212280,18,2016-09-10,Corolla,34140.22,5.68,Pending
212281,15,2016-09-13,Prius,31774.82,4.86,Completed
212282,19,2016-09-15,Prius,30453.09,5.48,Completed
212283,1,2016-09-12,Prius,27654.87,5.24,Completed
212284,20,2016-09-24,Corolla,29699.76,5.77,Completed
212285,13,2016-09-25,Highlander,77009.11,5.61,Completed
212286,1,2016-09-07,RAV4,43654.7,5.24,Completed
212287,2,2016-09-08,Highlander,46958.22,4.0,Completed
212288,12,2016-09-20,Camry,40601.48,5.65,Completed
212289,16,2016-09-25,Tacoma,41962.61,6.06,Completed
212290,7,2016-09-09,Tacoma,41587.92,5.39,Completed
212291,19,2016-09-26,Sienna,44905.91,5.48,Completed
212292,12,2016-09-16,Tacoma,43051.53,5.65,Completed
212293,18,2016-09-16,Sienna,51632.96,5.68,Completed
212294,4,2016-09-26,Highlander,42368.66,3.81,Completed
212295,17,2016-09-29,Corolla,21021.14,4.51,Completed
212296,2,2016-09-20,Corolla,22442.71,4.0,Completed
212297,14,2016-09-28,RAV4,46698.12,5.1,Completed
212298,2,2016-09-26,Camry,29938.79,4.0,Completed
212299,12,2016-09-19,Sienna,53777.24,5.65,Completed
212300,2,2016-09-28,Camry,30986.59,4.0,Completed
212301,11,2016-09-27,Tacoma,35815.67,4.16,Completed
212302,15,2016-09-01,Tundra,49351.56,4.86,Cancelled
212303,4,2016-09-08,Corolla,20075.34,3.81,Completed
212304,7,2016-09-17,Tacoma,47213.2,5.39,Completed
212305,14,2016-09-29,Highlander,67299.97,5.1,Completed
212306,2,2016-09-24,Highlander,47758.46,4.0,Completed
212307,19,2016-09-03,Tundra,50729.11,5.48,Completed
212308,11,2016-09-05,Camry,29785.1,4.16,Completed
212309,5,2016-09-17,Tundra,48981.96,5.34,Completed
212310,20,2016-09-26,RAV4,45080.04,5.77,Completed
212311,17,2016-09-12,Prius,22167.94,4.51,Completed
212312,16,2016-09-23,RAV4,53996.27,6.06,Completed
212313,18,2016-09-17,RAV4,50651.46,5.68,Completed
212314,1,2016-09-10,Tundra,40379.95,5.24,Completed
212315,7,2016-09-21,Camry,41483.68,5.39,Completed
212316,6,2016-09-28,Camry,26719.23,3.86,Completed
212317,19,2016-09-18,Tundra,42243.53,5.48,Completed
212318,17,2016-09-05,Prius,22148.3,4.51,Completed
212319,18,2016-09-19,Sienna,52527.8,5.68,Completed
212320,2,2016-09-10,Tundra,38136.94,4.0,Completed
212321,11,2016-09-27,RAV4,38240.11,4.16,Completed
212322,10,2016-09-22,Highlander,46907.1,4.88,Completed
212323,11,2016-09-20,Camry,30425.52,4.16,Completed
212324,8,2016-09-18,Corolla,32071.2,5.84,Completed
212325,3,2016-09-13,RAV4,54609.11,5.69,Completed
212326,14,2016-09-17,RAV4,44378.44,5.1,Completed
212327,4,2016-09-10,Tacoma,28119.11,3.81,Completed
212328,11,2016-09-11,Corolla,24236.66,4.16,Completed
212329,3,2016-09-14,Highlander,63324.99,5.69,Completed
212330,14,2016-09-09,Camry,39842.38,5.1,Completed
212331,14,2016-09-29,Corolla,27353.17,5.1,Completed
212332,14,2016-09-13,RAV4,41580.14,5.1,Completed
212333,17,2016-09-15,Camry,27036.93,4.51,Completed
212334,12,2016-09-04,Highlander,69311.45,5.65,Completed
212335,18,2016-09-29,Highlander,66588.15,5.68,Completed
212336,5,2016-09-28,Tundra,47347.69,5.34,Completed
212337,17,2016-09-18,Tacoma,30192.04,4.51,Completed
212338,6,2016-09-23,Tacoma,33995.56,3.86,Completed
212339,13,2016-09-25,RAV4,51973.6,5.61,Completed
212340,15,2016-09-30,Highlander,68821.35,4.86,Completed
212341,20,2016-09-12,Tacoma,40357.03,5.77,Completed
212342,4,2016-09-07,RAV4,34329.43,3.81,Completed
212343,6,2016-09-12,Camry,28242.04,3.86,Completed
212344,19,2016-09-05,Corolla,26288.58,5.48,Completed
212345,15,2016-09-03,Sienna,51610.75,4.86,Completed
212346,11,2016-09-16,Camry,32206.26,4.16,Completed
212347,13,2016-09-03,Highlander,75375.67,5.61,Completed
212348,11,2016-09-07,Sienna,36442.89,4.16,Completed
212349,5,2016-09-21,Tacoma,35842.64,5.34,Completed
212350,7,2016-09-15,Highlander,72366.64,5.39,Completed
212351,5,2016-09-05,Sienna,44103.68,5.34,Completed
212352,9,2016-09-06,Corolla,21895.98,4.4,Completed
212353,3,2016-09-02,Tacoma,44497.48,5.69,Completed
212354,15,2016-09-21,Prius,33582.07,4.86,Completed
212355,5,2016-09-22,RAV4,42904.06,5.34,Cancelled
212356,2,2016-09-10,Highlander,55107.47,4.0,Completed
212357,9,2016-09-25,Highlander,48112.05,4.4,Pending
212358,6,2016-09-28,Camry,26452.46,3.86,Completed
212359,11,2016-09-15,Tundra,41331.56,4.16,Cancelled
212360,12,2016-09-19,Sienna,47724.69,5.65,Completed
212361,5,2016-09-21,Highlander,61460.19,5.34,Completed
212362,18,2016-09-21,Camry,42649.08,5.68,Completed
212363,18,2016-09-12,Camry,43676.89,5.68,Completed
212364,20,2016-09-29,Camry,44729.68,5.77,Completed
212365,2,2016-09-01,Sienna,39312.04,4.0,Completed
212366,9,2016-09-11,RAV4,33487.17,4.4,Completed
212367,18,2016-09-16,Camry,42638.54,5.68,Completed
212368,17,2016-09-25,Prius,22657.71,4.51,Completed
212369,9,2016-09-08,Tacoma,29854.72,4.4,Completed
212370,8,2016-09-16,Corolla,29740.46,5.84,Completed
212371,12,2016-09-08,Highlander,68713.52,5.65,Completed
212372,17,2016-09-03,Camry,29421.82,4.51,Completed
212373,7,2016-09-01,Tundra,55433.4,5.39,Completed
212374,8,2016-09-14,Corolla,27934.61,5.84,Completed
212375,11,2016-09-05,Sienna,40059.85,4.16,Completed
212376,6,2016-09-24,RAV4,31387.84,3.86,Completed
212377,17,2016-09-16,RAV4,33345.23,4.51,Completed
212378,11,2016-09-22,Tacoma,30653.04,4.16,Completed
212379,12,2016-09-27,Prius,31140.74,5.65,Completed
212380,8,2016-09-27,Highlander,69323.34,5.84,Completed
212381,14,2016-09-24,Highlander,67904.06,5.1,Completed
212382,7,2016-09-06,Corolla,30198.07,5.39,Completed
212383,11,2016-09-09,Camry,29335.1,4.16,Completed
212384,7,2016-09-12,Prius,37655.32,5.39,Cancelled
212385,20,2016-09-28,Corolla,30211.68,5.77,Completed
212386,19,2016-09-16,RAV4,46030.76,5.48,Completed
212387,20,2016-09-04,Sienna,55110.05,5.77,Completed
212388,4,2016-09-05,Prius,25727.47,3.81,Completed
212389,8,2016-09-24,Prius,37507.44,5.84,Completed
212390,2,2016-09-02,Sienna,41809.86,4.0,Completed
212391,5,2016-09-23,Sienna,42747.06,5.34,Completed
212392,18,2016-09-16,Tacoma,51887.1,5.68,Completed
212393,14,2016-09-03,Tacoma,44845.28,5.1,Completed
212394,4,2016-09-19,RAV4,34651.0,3.81,Completed
212395,9,2016-09-05,Sienna,35492.81,4.4,Completed
212396,14,2016-09-20,Camry,42570.23,5.1,Completed
212397,17,2016-09-14,Corolla,20172.17,4.51,Completed
212398,6,2016-09-10,Highlander,51635.7,3.86,Completed
212399,15,2016-09-20,Prius,34674.37,4.86,Completed
212400,17,2016-09-22,Sienna,33971.49,4.51,Completed
212401,17,2016-09-30,Prius,26453.36,4.51,Completed
212402,9,2016-09-29,Prius,26050.29,4.4,Completed
212403,5,2016-09-16,RAV4,37993.38,5.34,Completed
212404,12,2016-09-04,Prius,31614.51,5.65,Completed
212405,8,2016-09-26,Prius,34920.46,5.84,Completed
212406,17,2016-09-23,Sienna,34711.73,4.51,Completed
212407,3,2016-09-03,Corolla,33854.76,5.69,Completed
212408,20,2016-09-15,Sienna,51019.68,5.77,Completed
212409,6,2016-09-15,RAV4,35718.84,3.86,Completed
212410,17,2016-09-19,Tundra,35510.0,4.51,Completed
212411,8,2016-09-29,RAV4,50409.17,5.84,Completed
212412,10,2016-09-24,Highlander,55242.7,4.88,Completed
212413,16,2016-09-20,Sienna,53433.42,6.06,Completed
212414,1,2016-09-02,Camry,36979.18,5.24,Completed
212415,17,2016-09-27,Tundra,40328.04,4.51,Completed
212416,6,2016-09-20,RAV4,33911.14,3.86,Completed
212417,8,2016-09-10,Sienna,54891.81,5.84,Completed
212418,17,2016-09-28,RAV4,31634.55,4.51,Completed
212419,19,2016-09-02,Highlander,54167.34,5.48,Completed
212420,3,2016-09-06,Camry,41318.58,5.69,Completed
212421,8,2016-09-27,Corolla,33102.85,5.84,Pending
212422,15,2016-09-07,Sienna,54696.98,4.86,Completed
212423,14,2016-09-29,Tundra,46360.09,5.1,Completed
212424,9,2016-09-15,RAV4,38103.89,4.4,Completed
212425,1,2016-09-14,Prius,27279.32,5.24,Pending
212426,5,2016-09-01,RAV4,39536.51,5.34,Completed
212427,4,2016-09-08,RAV4,32348.55,3.81,Completed
212428,11,2016-09-13,Sienna,40283.07,4.16,Completed
212429,8,2016-09-01,Tacoma,47695.86,5.84,Completed
212430,6,2016-09-16,Tacoma,34531.74,3.86,Completed
212431,3,2016-09-11,Tacoma,47998.3,5.69,Completed
212432,15,2016-09-29,RAV4,49486.27,4.86,Completed
212433,2,2016-09-09,Camry,28995.14,4.0,Completed
212434,9,2016-09-06,Corolla,21473.88,4.4,Completed
212435,13,2016-09-21,Tacoma,44716.84,5.61,Completed
212436,4,2016-09-19,Tacoma,32623.75,3.81,Completed
212437,9,2016-09-25,Sienna,41957.11,4.4,Pending
212438,10,2016-09-24,Tacoma,33168.72,4.88,Completed
212439,8,2016-09-10,Highlander,64949.96,5.84,Completed
212440,7,2016-09-05,Corolla,31634.49,5.39,Completed
212441,20,2016-09-11,Sienna,55540.07,5.77,Completed
212442,19,2016-09-01,RAV4,44033.4,5.48,Completed
212443,11,2016-09-15,Tundra,35099.49,4.16,Completed
212444,2,2016-09-16,Sienna,38430.44,4.0,Completed
212445,13,2016-09-04,Prius,37172.34,5.61,Completed
212446,16,2016-09-19,Camry,39536.85,6.06,Completed
212447,2,2016-09-02,Tundra,38496.16,4.0,Completed
212448,11,2016-09-28,Corolla,21085.03,4.16,Completed
212449,19,2016-09-29,RAV4,40032.38,5.48,Completed
212450,9,2016-09-14,Prius,27331.91,4.4,Completed
212451,12,2016-09-04,Prius,36115.24,5.65,Completed
212452,9,2016-09-17,Sienna,37947.52,4.4,Completed
212453,20,2016-09-16,Tundra,51725.41,5.77,Completed
212454,8,2016-09-25,Prius,36183.22,5.84,Completed
212455,2,2016-09-26,Tundra,39322.99,4.0,Completed
212456,5,2016-09-02,RAV4,41479.69,5.34,Completed
212457,18,2016-09-23,RAV4,56325.37,5.68,Pending
212458,4,2016-09-29,Prius,24766.29,3.81,Completed
212459,1,2016-09-25,RAV4,39901.21,5.24,Completed
212460,6,2016-09-11,Camry,28413.82,3.86,Completed
212461,3,2016-09-10,Tundra,58334.57,5.69,Completed
212462,13,2016-09-08,RAV4,52495.75,5.61,Completed
212463,17,2016-09-10,Camry,26722.25,4.51,Completed
212464,10,2016-09-11,Highlander,48192.24,4.88,Completed
212465,19,2016-09-06,Tundra,43035.3,5.48,Completed
212466,10,2016-09-19,Highlander,50429.36,4.88,Completed
212467,16,2016-09-17,Tacoma,42146.81,6.06,Completed
212468,1,2016-09-06,Sienna,41589.83,5.24,Completed
212469,8,2016-09-28,Sienna,53700.95,5.84,Completed
212470,9,2016-09-16,Highlander,50009.82,4.4,Completed
212471,4,2016-09-22,Prius,23166.22,3.81,Completed
212472,2,2016-09-18,Sienna,44327.08,4.0,Completed
212473,16,2016-09-21,Highlander,74010.99,6.06,Completed
212474,5,2016-09-12,RAV4,37749.84,5.34,Cancelled
212475,8,2016-09-30,Prius,32012.57,5.84,Completed
212476,17,2016-09-26,Sienna,34775.14,4.51,Completed
212477,10,2016-09-05,Camry,28696.62,4.88,Completed
212478,5,2016-09-29,Camry,33609.68,5.34,Completed
212479,12,2016-09-26,Prius,35483.72,5.65,Completed
212480,19,2016-09-18,Tacoma,41924.73,5.48,Completed
212481,9,2016-09-10,Sienna,35727.31,4.4,Completed
212482,9,2016-09-03,Tacoma,29365.01,4.4,Completed
212483,15,2016-09-27,Prius,34641.65,4.86,Completed
212484,17,2016-09-01,Tacoma,31489.73,4.51,Pending
212485,7,2016-09-05,Corolla,31128.98,5.39,Completed
212486,16,2016-09-21,Sienna,49744.26,6.06,Completed
212487,11,2016-09-14,RAV4,37244.84,4.16,Completed
212488,15,2016-09-04,Camry,40863.37,4.86,Completed
212489,1,2016-09-22,Prius,27655.62,5.24,Completed
212490,2,2016-09-06,Prius,24475.97,4.0,Completed
212491,10,2016-09-23,Tacoma,33135.06,4.88,Completed
212492,10,2016-09-18,Prius,24706.44,4.88,Completed
212493,6,2016-09-13,Highlander,47639.88,3.86,Completed
212494,7,2016-09-20,Highlander,68321.52,5.39,Completed
212495,5,2016-09-24,Sienna,44044.45,5.34,Cancelled
212496,1,2016-09-30,Prius,29810.57,5.24,Completed
212497,7,2016-09-27,Tacoma,44107.42,5.39,Completed
212498,8,2016-09-08,Corolla,30163.79,5.84,Completed
212499,19,2016-09-18,Sienna,47304.88,5.48,Completed
212500,2,2016-09-10,Tundra,44372.78,4.0,Completed
212501,1,2016-09-05,Tundra,46959.17,5.24,Completed
212502,11,2016-09-07,Tacoma,34204.28,4.16,Completed
212503,8,2016-09-12,Tacoma,42730.23,5.84,Completed
212504,16,2016-09-22,Highlander,67340.41,6.06,Completed
212505,17,2016-09-05,Sienna,33859.5,4.51,Completed
212506,10,2016-09-07,RAV4,35948.47,4.88,Completed
212507,14,2016-09-24,RAV4,41984.04,5.1,Completed
212508,2,2016-09-26,Camry,30255.16,4.0,Completed
212509,16,2016-09-27,Tundra,58892.8,6.06,Completed
212510,20,2016-09-22,Prius,37360.36,5.77,Completed
212511,14,2016-09-17,Highlander,68253.07,5.1,Cancelled
212512,9,2016-09-28,Tundra,42081.47,4.4,Completed
212513,17,2016-09-14,Sienna,36927.67,4.51,Completed
212514,20,2016-09-04,Prius,33005.05,5.77,Completed
212515,19,2016-09-18,Corolla,25344.67,5.48,Completed
212516,1,2016-09-27,Highlander,51822.71,5.24,Pending
212517,20,2016-09-27,Camry,41467.38,5.77,Completed
212518,1,2016-09-12,Corolla,23321.33,5.24,Completed
212519,15,2016-09-01,Tundra,49431.34,4.86,Completed
212520,20,2016-09-26,Sienna,48734.33,5.77,Completed
212521,20,2016-09-22,Tacoma,48549.52,5.77,Completed
212522,9,2016-09-10,Tacoma,32567.22,4.4,Completed
212523,2,2016-09-19,Prius,26473.78,4.0,Completed
212524,2,2016-09-04,Tundra,36918.02,4.0,Completed
212525,4,2016-09-23,Corolla,20273.7,3.81,Completed
212526,2,2016-09-01,Prius,24134.89,4.0,Completed
212527,6,2016-09-18,RAV4,36520.27,3.86,Completed
212528,18,2016-09-07,RAV4,48706.33,5.68,Completed
212529,4,2016-09-04,Tundra,38087.29,3.81,Completed
212530,13,2016-09-08,RAV4,53162.52,5.61,Completed
212531,15,2016-09-25,Highlander,68742.19,4.86,Completed
212532,15,2016-09-20,Sienna,56412.55,4.86,Completed
212533,19,2016-09-02,Tundra,42796.36,5.48,Pending
212534,16,2016-09-23,Tundra,49775.4,6.06,Completed
212535,2,2016-09-28,Corolla,23714.79,4.0,Completed
212536,8,2016-09-23,Tacoma,40135.19,5.84,Completed
212537,9,2016-09-15,Highlander,50048.56,4.4,Completed
212538,4,2016-09-20,Sienna,36722.59,3.81,Completed
212539,15,2016-09-05,Corolla,26995.94,4.86,Cancelled
212540,14,2016-09-20,Sienna,55454.89,5.1,Completed
212541,4,2016-09-03,Tundra,37332.05,3.81,Completed
212542,12,2016-09-20,Prius,35284.8,5.65,Completed
212543,4,2016-09-21,RAV4,33176.2,3.81,Completed
212544,8,2016-09-07,Corolla,32445.29,5.84,Completed
212545,17,2016-09-24,RAV4,33046.84,4.51,Completed
212546,8,2016-09-10,Prius,31196.09,5.84,Completed
212547,19,2016-09-18,Tundra,47189.65,5.48,Completed
212548,18,2016-09-01,Tacoma,43615.49,5.68,Completed
212549,5,2016-09-17,Camry,36648.23,5.34,Completed
212550,14,2016-09-14,Sienna,48697.36,5.1,Completed
212551,4,2016-09-23,Prius,24104.84,3.81,Completed
212552,2,2016-09-02,Camry,32743.58,4.0,Completed
212553,2,2016-09-27,Tundra,41462.41,4.0,Completed
212554,16,2016-09-11,Camry,39447.29,6.06,Completed
212555,12,2016-09-22,Tacoma,43999.97,5.65,Completed
212556,3,2016-09-22,Tacoma,43361.45,5.69,Completed
212557,18,2016-09-01,Camry,48673.92,5.68,Completed
212558,2,2016-09-05,Sienna,37747.03,4.0,Completed
212559,11,2016-09-06,Prius,22644.14,4.16,Completed
212560,6,2016-09-30,Tundra,38855.73,3.86,Cancelled
212561,12,2016-09-01,Highlander,69403.77,5.65,Completed
212562,12,2016-09-08,Camry,41434.62,5.65,Completed
212563,4,2016-09-03,Tacoma,29515.79,3.81,Completed
212564,19,2016-09-14,Sienna,43448.04,5.48,Completed
212565,6,2016-09-05,Tundra,34680.24,3.86,Completed
212566,10,2016-09-06,Corolla,21291.5,4.88,Completed
212567,19,2016-09-10,Camry,33688.37,5.48,Completed
212568,4,2016-09-11,Prius,21846.9,3.81,Completed
212569,4,2016-09-18,Tacoma,32641.69,3.81,Completed
212570,6,2016-09-16,Tacoma,31369.99,3.86,Completed
212571,19,2016-09-18,Sienna,41586.14,5.48,Completed
212572,11,2016-09-14,RAV4,36204.57,4.16,Completed
212573,20,2016-09-26,Corolla,29470.46,5.77,Completed
212574,14,2016-09-07,RAV4,47951.97,5.1,Completed
212575,2,2016-09-23,Tundra,44483.96,4.0,Completed
212576,13,2016-09-17,Corolla,32740.13,5.61,Completed
212577,2,2016-09-26,Sienna,44009.24,4.0,Completed
212578,3,2016-09-18,Highlander,64881.06,5.69,Completed
212579,8,2016-09-29,Tundra,50254.4,5.84,Completed
212580,19,2016-09-13,Prius,29199.45,5.48,Completed
212581,2,2016-09-19,Prius,26267.13,4.0,Completed
212582,16,2016-09-12,Sienna,55326.8,6.06,Pending
212583,10,2016-09-13,Corolla,23160.48,4.88,Completed
212584,7,2016-09-08,Tundra,54385.99,5.39,Completed
212585,10,2016-09-04,Tundra,42832.41,4.88,Completed
212586,17,2016-09-09,Prius,22666.32,4.51,Completed
212587,4,2016-09-21,Tacoma,30327.79,3.81,Pending
212588,8,2016-09-20,Sienna,57647.33,5.84,Completed
212589,1,2016-09-14,Camry,37216.48,5.24,Completed
212590,10,2016-09-28,Prius,26070.11,4.88,Completed
212591,9,2016-09-28,Highlander,52980.18,4.4,Completed
212592,5,2016-09-17,Tundra,45884.91,5.34,Completed
212593,12,2016-09-27,Sienna,47736.27,5.65,Completed
212594,3,2016-09-09,RAV4,51870.87,5.69,Completed
212595,2,2016-09-12,Camry,31385.07,4.0,Completed
212596,10,2016-09-21,Corolla,24100.03,4.88,Completed
212597,6,2016-09-11,Camry,30490.47,3.86,Completed
212598,14,2016-09-21,Sienna,45840.7,5.1,Completed
212599,2,2016-09-06,Highlander,46767.13,4.0,Completed
212600,6,2016-09-27,RAV4,34718.6,3.86,Completed
212601,13,2016-09-06,Camry,39970.97,5.61,Completed
212602,9,2016-09-05,Sienna,40258.51,4.4,Completed
212603,1,2016-09-21,RAV4,38781.18,5.24,Completed
212604,7,2016-09-07,Corolla,28481.02,5.39,Completed
212605,17,2016-09-23,Camry,30072.42,4.51,Completed
212606,5,2016-09-10,Camry,36763.0,5.34,Completed
212607,17,2016-09-25,RAV4,31892.74,4.51,Completed
212608,1,2016-09-27,Tundra,40370.0,5.24,Completed
212609,7,2016-09-05,RAV4,48706.46,5.39,Completed
212610,17,2016-09-25,RAV4,34556.51,4.51,Pending
212611,4,2016-09-05,Tundra,35430.86,3.81,Completed
212612,6,2016-09-10,Highlander,50791.99,3.86,Completed
212613,9,2016-09-16,Highlander,49156.48,4.4,Completed
212614,11,2016-09-20,Camry,28411.89,4.16,Completed
212615,15,2016-09-15,RAV4,50682.55,4.86,Completed
212616,13,2016-09-25,Tundra,55531.26,5.61,Completed
212617,20,2016-09-04,Tacoma,43776.47,5.77,Completed
212618,20,2016-09-22,Camry,39643.32,5.77,Completed
212619,9,2016-09-28,Tacoma,32893.4,4.4,Completed
212620,7,2016-09-26,Camry,38362.24,5.39,Completed
212621,5,2016-09-18,Highlander,56276.73,5.34,Completed
212622,13,2016-09-20,Sienna,52008.21,5.61,Completed
212623,15,2016-09-12,Sienna,56977.99,4.86,Completed
212624,20,2016-09-19,Corolla,32547.51,5.77,Completed
212625,8,2016-09-04,Camry,38832.29,5.84,Completed
212626,5,2016-09-19,Corolla,27439.93,5.34,Completed
212627,13,2016-09-16,Corolla,30537.54,5.61,Completed
212628,1,2016-09-07,RAV4,43142.3,5.24,Completed
212629,4,2016-09-10,Prius,25962.07,3.81,Pending
212630,11,2016-09-14,RAV4,34985.38,4.16,Completed
212631,16,2016-09-11,Highlander,62674.43,6.06,Completed
212632,11,2016-09-06,Camry,30200.46,4.16,Completed
212633,19,2016-09-10,Tacoma,42692.98,5.48,Completed
212634,17,2016-09-23,Tacoma,31401.34,4.51,Completed
212635,13,2016-09-03,Sienna,55055.53,5.61,Completed
212636,16,2016-09-19,Sienna,58344.27,6.06,Completed
212637,7,2016-09-14,Corolla,28060.01,5.39,Completed
212638,19,2016-09-08,Tacoma,42176.17,5.48,Completed
212639,10,2016-09-02,Corolla,22701.72,4.88,Completed
212640,15,2016-09-11,Sienna,53109.67,4.86,Completed
212641,20,2016-09-24,RAV4,50098.72,5.77,Completed
212642,10,2016-09-09,Highlander,47236.06,4.88,Completed
212643,6,2016-09-10,RAV4,31769.82,3.86,Completed
212644,8,2016-09-17,Sienna,52832.08,5.84,Completed
212645,2,2016-09-15,Tacoma,35403.54,4.0,Completed
212646,16,2016-09-24,Corolla,28773.17,6.06,Completed
212647,17,2016-09-05,Highlander,47418.15,4.51,Completed
212648,16,2016-09-12,RAV4,51337.61,6.06,Completed
212649,3,2016-09-03,Tacoma,45081.88,5.69,Completed
212650,14,2016-09-29,Sienna,46060.97,5.1,Completed
212651,15,2016-09-10,Corolla,27615.31,4.86,Completed
212652,20,2016-09-11,RAV4,51829.05,5.77,Completed
212653,4,2016-09-23,Tundra,39545.48,3.81,Completed
212654,5,2016-09-18,Highlander,60495.14,5.34,Completed
212655,9,2016-09-19,RAV4,38232.97,4.4,Completed
212656,16,2016-09-12,Tundra,56288.92,6.06,Completed
212657,8,2016-09-19,Tundra,48313.62,5.84,Completed
212658,16,2016-09-23,Tundra,54002.72,6.06,Completed
212659,16,2016-09-20,Tundra,57437.09,6.06,Completed
212660,4,2016-09-02,Tundra,34545.87,3.81,Completed
212661,17,2016-09-18,Sienna,40588.34,4.51,Completed
212662,8,2016-09-13,RAV4,45129.47,5.84,Completed
212663,4,2016-09-21,Sienna,33975.69,3.81,Completed
212664,5,2016-09-23,RAV4,40129.78,5.34,Completed
212665,20,2016-09-02,Tacoma,47866.07,5.77,Completed
212666,15,2016-09-25,Tundra,49210.49,4.86,Completed
212667,12,2016-09-23,Highlander,64380.91,5.65,Completed
212668,9,2016-09-14,RAV4,38313.15,4.4,Completed
212669,17,2016-09-26,Tacoma,34213.29,4.51,Completed
212670,15,2016-09-16,Tundra,50824.17,4.86,Completed
212671,13,2016-09-02,Corolla,31540.14,5.61,Completed
212672,14,2016-09-29,Sienna,49446.08,5.1,Completed
212673,17,2016-09-28,Prius,24377.98,4.51,Completed
212674,15,2016-09-17,Tundra,47183.57,4.86,Completed
212675,17,2016-09-23,Sienna,37396.31,4.51,Completed
212676,10,2016-09-27,Sienna,37168.24,4.88,Completed
212677,6,2016-09-19,Tundra,38342.39,3.86,Completed
212678,19,2016-09-30,Sienna,41994.65,5.48,Completed
212679,8,2016-09-06,Highlander,72923.82,5.84,Completed
212680,13,2016-09-17,Tundra,57438.09,5.61,Completed
212681,20,2016-09-05,Tacoma,41861.08,5.77,Completed
212682,18,2016-09-02,Tacoma,45292.51,5.68,Completed
212683,1,2016-09-25,Prius,29348.4,5.24,Completed
212684,11,2016-09-23,Sienna,36077.53,4.16,Completed
212685,17,2016-09-12,Sienna,38977.34,4.51,Completed
212686,3,2016-09-22,Corolla,29453.9,5.69,Completed
212687,7,2016-09-20,Highlander,71483.46,5.39,Completed
212688,9,2016-09-19,Highlander,52514.91,4.4,Completed
212689,2,2016-09-20,Prius,26368.29,4.0,Completed
212690,3,2016-09-19,Tacoma,43031.65,5.69,Completed
212691,11,2016-09-16,Camry,29075.01,4.16,Completed
212692,16,2016-09-02,RAV4,54249.76,6.06,Completed
212693,14,2016-09-14,Prius,34229.3,5.1,Completed
212694,6,2016-09-25,Sienna,36339.42,3.86,Completed
212695,18,2016-09-10,RAV4,51175.59,5.68,Completed
212696,13,2016-09-30,Tundra,49795.34,5.61,Completed
212697,17,2016-09-26,Prius,25819.61,4.51,Completed
212698,3,2016-09-11,Corolla,30519.55,5.69,Completed
212699,13,2016-09-14,Corolla,32191.09,5.61,Completed
212700,9,2016-09-09,RAV4,36871.57,4.4,Completed
212701,10,2016-09-20,RAV4,36165.53,4.88,Completed
212702,18,2016-09-06,Prius,37457.77,5.68,Completed
212703,19,2016-09-16,Highlander,54506.24,5.48,Completed
212704,11,2016-09-28,RAV4,33084.25,4.16,Completed
212705,15,2016-09-07,Sienna,50067.06,4.86,Completed
212706,18,2016-09-04,Sienna,52030.59,5.68,Completed
212707,18,2016-09-24,Tacoma,47678.0,5.68,Completed
212708,8,2016-09-16,Sienna,50127.18,5.84,Pending
212709,16,2016-09-22,Camry,39361.28,6.06,Completed
212710,11,2016-09-11,Highlander,49406.67,4.16,Completed
212711,13,2016-09-10,Highlander,70969.0,5.61,Completed
212712,11,2016-09-05,Prius,26597.68,4.16,Completed
212713,10,2016-09-12,Tacoma,36270.92,4.88,Completed
212714,19,2016-09-09,Tacoma,35055.48,5.48,Completed
212715,18,2016-09-15,Corolla,35520.68,5.68,Completed
212716,7,2016-09-30,Highlander,66749.69,5.39,Completed
212717,11,2016-09-06,Highlander,45171.56,4.16,Completed
212718,19,2016-09-20,Sienna,45993.21,5.48,Completed
212719,11,2016-09-15,Tacoma,35585.13,4.16,Completed
212720,13,2016-09-24,Tacoma,42685.96,5.61,Completed
212721,5,2016-09-01,Camry,34713.09,5.34,Completed
212722,3,2016-09-08,Camry,38755.02,5.69,Completed
212723,2,2016-09-30,Highlander,53647.69,4.0,Completed
212724,9,2016-09-16,Highlander,49287.83,4.4,Completed
212725,9,2016-09-18,Sienna,36882.19,4.4,Completed
212726,12,2016-09-17,Tacoma,47663.66,5.65,Completed
212727,3,2016-09-01,RAV4,49755.75,5.69,Completed
212728,16,2016-09-05,Highlander,68923.46,6.06,Completed
212729,16,2016-09-10,Tundra,56838.22,6.06,Completed
212730,14,2016-09-05,Prius,30852.65,5.1,Completed
212731,9,2016-09-12,RAV4,32079.17,4.4,Completed
212732,7,2016-09-25,Tundra,56471.24,5.39,Completed
212733,18,2016-09-18,Sienna,51166.72,5.68,Completed
212734,9,2016-09-14,Camry,27464.92,4.4,Completed
212735,4,2016-09-14,Highlander,48584.82,3.81,Completed
212736,16,2016-09-20,Sienna,53009.66,6.06,Completed
212737,14,2016-09-26,Prius,31084.74,5.1,Pending
212738,3,2016-09-03,RAV4,49303.08,5.69,Completed
212739,5,2016-09-22,Highlander,56438.69,5.34,Completed
212740,3,2016-09-26,Tacoma,50577.04,5.69,Completed
212741,20,2016-09-18,Corolla,33053.45,5.77,Pending
212742,6,2016-09-09,Highlander,45334.7,3.86,Completed
212743,17,2016-09-23,Camry,31167.55,4.51,Completed
212744,3,2016-09-20,Highlander,73061.96,5.69,Completed
212745,20,2016-09-28,Highlander,64286.96,5.77,Completed
212746,6,2016-09-20,Corolla,23256.71,3.86,Completed
212747,10,2016-09-05,Highlander,52767.79,4.88,Completed
212748,17,2016-09-26,Tundra,34432.97,4.51,Completed
212749,2,2016-09-17,Tundra,41725.51,4.0,Cancelled
212750,12,2016-09-01,Tacoma,44790.51,5.65,Completed
212751,12,2016-09-11,Tundra,53331.82,5.65,Completed
212752,20,2016-09-29,Highlander,65390.5,5.77,Completed
212753,12,2016-09-22,Corolla,31390.12,5.65,Completed
212754,12,2016-09-02,Prius,36673.17,5.65,Completed
212755,8,2016-09-03,Prius,34479.94,5.84,Completed
212756,18,2016-09-29,Tacoma,49212.03,5.68,Completed
212757,18,2016-09-10,RAV4,48406.97,5.68,Completed
212758,14,2016-09-11,RAV4,45487.85,5.1,Completed
212759,17,2016-09-28,Camry,29661.53,4.51,Completed
212760,6,2016-09-19,Highlander,45235.87,3.86,Completed
212761,6,2016-09-18,Tundra,35831.77,3.86,Completed
212762,2,2016-09-12,Corolla,24646.04,4.0,Completed
212763,13,2016-09-16,Camry,39060.95,5.61,Completed
212764,17,2016-09-19,Prius,21931.6,4.51,Completed
212765,18,2016-09-11,RAV4,55458.1,5.68,Completed
212766,6,2016-09-20,Prius,24780.22,3.86,Completed
212767,9,2016-09-02,Sienna,37358.88,4.4,Completed
212768,17,2016-09-21,Camry,31157.05,4.51,Completed
212769,17,2016-09-24,Tundra,39200.87,4.51,Completed
212770,10,2016-09-22,Tacoma,31422.97,4.88,Completed
212771,11,2016-09-14,RAV4,35154.27,4.16,Completed
212772,6,2016-09-18,RAV4,33206.42,3.86,Completed
212773,15,2016-09-19,RAV4,43003.39,4.86,Completed
212774,4,2016-09-06,Tundra,34204.75,3.81,Completed
212775,4,2016-09-19,Prius,24724.75,3.81,Completed
212776,7,2016-09-01,Sienna,53298.05,5.39,Completed
212777,16,2016-09-09,Tacoma,41994.34,6.06,Completed
212778,3,2016-09-07,Prius,35484.21,5.69,Completed
212779,11,2016-09-18,Corolla,22406.87,4.16,Completed
212780,1,2016-09-25,Corolla,26472.23,5.24,Completed
212781,15,2016-09-22,Sienna,54308.69,4.86,Completed
212782,6,2016-09-19,Camry,32082.69,3.86,Completed
212783,13,2016-09-11,Prius,35423.95,5.61,Completed
212784,20,2016-09-29,Corolla,32799.85,5.77,Completed
212785,15,2016-09-03,RAV4,50198.82,4.86,Completed
212786,10,2016-09-09,Sienna,41750.26,4.88,Completed
212787,8,2016-09-26,RAV4,46066.77,5.84,Completed
212788,3,2016-09-08,Sienna,59940.16,5.69,Completed
212789,17,2016-09-27,Prius,22779.23,4.51,Completed
212790,1,2016-09-16,Tundra,43778.92,5.24,Completed
212791,9,2016-09-05,RAV4,38189.99,4.4,Completed
212792,13,2016-09-28,Tacoma,50872.18,5.61,Completed
212793,10,2016-09-02,Camry,31137.9,4.88,Completed
212794,12,2016-09-25,Highlander,71428.31,5.65,Completed
212795,12,2016-09-23,Corolla,29170.75,5.65,Completed
212796,2,2016-09-20,Tacoma,34454.26,4.0,Completed
212797,3,2016-09-24,Prius,35614.56,5.69,Completed
212798,11,2016-09-12,Sienna,38158.16,4.16,Completed
212799,2,2016-09-25,RAV4,39710.89,4.0,Completed
212800,5,2016-09-22,Prius,26847.54,5.34,Completed
212801,1,2016-09-04,Prius,31311.16,5.24,Completed
212802,12,2016-09-14,Prius,31954.85,5.65,Completed
212803,3,2016-09-10,Sienna,51991.04,5.69,Completed
212804,7,2016-09-09,Sienna,49494.83,5.39,Completed
212805,17,2016-09-05,Tundra,37538.0,4.51,Completed
212806,7,2016-09-22,Tundra,49234.16,5.39,Completed
212807,12,2016-09-08,Sienna,47129.25,5.65,Completed
212808,9,2016-09-29,RAV4,35047.1,4.4,Completed
212809,15,2016-09-15,Tacoma,46280.67,4.86,Completed
212810,4,2016-09-25,Tundra,33076.57,3.81,Completed
212811,1,2016-09-02,Sienna,46309.23,5.24,Completed
212812,3,2016-09-14,Highlander,73057.24,5.69,Completed
212813,4,2016-09-26,Camry,25944.47,3.81,Completed
212814,14,2016-09-05,Tacoma,43068.54,5.1,Completed
212815,12,2016-09-10,Prius,35194.51,5.65,Completed
212816,19,2016-09-08,Sienna,50408.61,5.48,Completed
212817,15,2016-09-20,Corolla,27629.94,4.86,Completed
212818,5,2016-09-01,Prius,29680.55,5.34,Completed
212819,1,2016-09-03,Sienna,42771.57,5.24,Completed
212820,15,2016-09-18,Highlander,72900.93,4.86,Completed
212821,12,2016-09-04,Prius,36403.99,5.65,Completed
212822,11,2016-09-26,RAV4,32884.63,4.16,Completed
212823,6,2016-09-25,Sienna,37900.24,3.86,Completed
212824,6,2016-09-21,Corolla,22505.74,3.86,Pending
212825,7,2016-09-19,Prius,36401.58,5.39,Completed
212826,8,2016-09-14,Highlander,61115.26,5.84,Completed
212827,15,2016-09-04,Tacoma,40581.08,4.86,Completed
212828,13,2016-09-07,Corolla,34712.96,5.61,Completed
212829,9,2016-09-03,Camry,28680.73,4.4,Completed
212830,4,2016-09-30,Camry,26850.81,3.81,Completed
212831,3,2016-09-12,Corolla,29994.54,5.69,Completed
212832,15,2016-09-21,Camry,38125.43,4.86,Completed
212833,5,2016-09-23,Corolla,27281.1,5.34,Pending
212834,11,2016-09-18,Prius,26742.0,4.16,Completed
212835,12,2016-09-19,Corolla,31486.58,5.65,Completed
212836,10,2016-09-29,Tundra,39181.7,4.88,Completed
212837,5,2016-09-11,Prius,30351.12,5.34,Completed
212838,2,2016-09-07,Highlander,53756.1,4.0,Completed
212839,18,2016-09-26,Prius,40074.82,5.68,Completed
212840,3,2016-09-30,Camry,42057.2,5.69,Completed
212841,18,2016-09-21,RAV4,54944.78,5.68,Completed
212842,19,2016-09-20,Camry,32879.26,5.48,Completed
212843,8,2016-09-21,Corolla,28630.84,5.84,Completed
212844,6,2016-09-03,Corolla,22333.5,3.86,Completed
212845,5,2016-09-27,Camry,31509.39,5.34,Completed
212846,16,2016-09-12,Sienna,49151.66,6.06,Completed
212847,9,2016-09-28,RAV4,37312.33,4.4,Completed
212848,1,2016-09-17,Camry,31666.03,5.24,Completed
212849,8,2016-09-01,Camry,44087.52,5.84,Completed
212850,18,2016-09-10,Corolla,30722.29,5.68,Completed
212851,20,2016-09-26,RAV4,51109.37,5.77,Completed
212852,14,2016-09-12,Tacoma,43709.24,5.1,Completed
212853,5,2016-09-12,Corolla,25631.15,5.34,Completed
212854,5,2016-09-24,Camry,34152.73,5.34,Completed
212855,6,2016-09-04,Corolla,21279.75,3.86,Completed
212856,9,2016-09-19,RAV4,35485.3,4.4,Completed
212857,16,2016-09-12,Sienna,58700.68,6.06,Completed
212858,14,2016-09-27,Prius,30579.92,5.1,Completed
212859,2,2016-09-25,Prius,26814.51,4.0,Completed
212860,8,2016-09-30,Sienna,49708.03,5.84,Completed
212861,15,2016-09-15,Prius,36241.61,4.86,Completed
212862,10,2016-09-11,RAV4,37920.88,4.88,Completed
212863,17,2016-09-16,Highlander,48122.27,4.51,Completed
212864,15,2016-09-26,RAV4,46222.71,4.86,Completed
212865,17,2016-09-24,Corolla,19199.6,4.51,Completed
212866,17,2016-09-04,Sienna,33624.51,4.51,Completed
212867,15,2016-09-27,Prius,35022.83,4.86,Completed
212868,15,2016-09-06,Camry,44542.66,4.86,Completed
212869,7,2016-09-06,Prius,36760.91,5.39,Completed
212870,16,2016-09-10,Tacoma,42730.4,6.06,Completed
212871,10,2016-09-30,Prius,26669.89,4.88,Completed
212872,9,2016-09-08,Prius,22780.2,4.4,Completed
212873,6,2016-09-09,Tundra,38747.33,3.86,Completed
212874,7,2016-09-26,Highlander,72320.25,5.39,Completed
212875,11,2016-09-17,Tundra,37872.03,4.16,Completed
212876,9,2016-09-02,Camry,28104.52,4.4,Completed
212877,6,2016-09-25,Sienna,37386.63,3.86,Completed
212878,18,2016-09-26,Prius,36506.09,5.68,Completed
212879,20,2016-09-02,Prius,36752.97,5.77,Completed
212880,17,2016-09-23,Camry,30631.67,4.51,Completed
212881,13,2016-09-06,Sienna,55529.93,5.61,Completed
212882,5,2016-09-12,Tundra,40740.91,5.34,Completed
212883,17,2016-09-27,RAV4,36126.22,4.51,Completed
212884,20,2016-09-02,Highlander,68217.13,5.77,Completed
212885,13,2016-09-16,Tacoma,43536.41,5.61,Completed
212886,9,2016-09-21,Highlander,51266.17,4.4,Completed
212887,3,2016-09-06,Corolla,34227.17,5.69,Completed
212888,20,2016-09-29,Sienna,49462.07,5.77,Completed
212889,1,2016-09-21,Corolla,26911.53,5.24,Completed
212890,19,2016-09-21,Sienna,41701.62,5.48,Completed
212891,3,2016-09-08,Tacoma,42603.01,5.69,Completed
212892,4,2016-09-06,Prius,25676.48,3.81,Completed
212893,10,2016-09-30,Tundra,38805.66,4.88,Completed
212894,1,2016-09-12,Corolla,23957.36,5.24,Completed
212895,16,2016-09-11,RAV4,54194.03,6.06,Pending
212896,18,2016-09-02,Highlander,76575.73,5.68,Completed
212897,5,2016-09-24,Tacoma,38295.9,5.34,Completed
212898,19,2016-09-14,Tundra,42992.54,5.48,Completed
212899,2,2016-09-23,Tundra,41426.98,4.0,Completed
212900,18,2016-09-29,Highlander,69161.56,5.68,Completed
212901,9,2016-09-19,Prius,22966.27,4.4,Completed
212902,6,2016-09-23,Sienna,40662.91,3.86,Completed
212903,8,2016-09-10,RAV4,43695.31,5.84,Completed
212904,3,2016-09-17,RAV4,51747.18,5.69,Completed
212905,20,2016-09-23,Sienna,57108.83,5.77,Completed
212906,11,2016-09-11,Corolla,24055.98,4.16,Completed
212907,10,2016-09-14,Highlander,55159.48,4.88,Completed
212908,18,2016-09-15,Highlander,73216.82,5.68,Completed
212909,8,2016-09-20,Corolla,31537.66,5.84,Completed
212910,13,2016-09-11,RAV4,47548.22,5.61,Completed
212911,15,2016-09-09,Prius,31825.25,4.86,Completed
212912,3,2016-09-23,Sienna,53077.56,5.69,Completed
212913,20,2016-09-11,Sienna,55898.01,5.77,Completed
212914,19,2016-09-08,Camry,34855.7,5.48,Completed
212915,8,2016-09-17,Camry,42778.96,5.84,Completed
212916,14,2016-09-25,Camry,41604.12,5.1,Completed
212917,20,2016-09-02,RAV4,47451.32,5.77,Completed
212918,10,2016-09-12,Highlander,53715.04,4.88,Completed
212919,11,2016-09-29,Camry,32669.96,4.16,Completed
212920,18,2016-09-24,Tundra,56318.06,5.68,Completed
212921,1,2016-09-06,Prius,27343.58,5.24,Completed
212922,6,2016-09-25,Corolla,22330.33,3.86,Completed
212923,7,2016-09-17,Highlander,73191.61,5.39,Completed
212924,4,2016-09-05,Camry,27468.37,3.81,Completed
212925,17,2016-09-22,Tacoma,32381.78,4.51,Completed
212926,3,2016-09-06,Tacoma,50121.53,5.69,Completed
212927,5,2016-09-16,Corolla,23336.53,5.34,Completed
212928,13,2016-09-11,Tacoma,50674.3,5.61,Completed
212929,6,2016-09-20,Prius,25071.3,3.86,Completed
212930,15,2016-09-05,Tundra,51069.15,4.86,Completed
212931,12,2016-09-07,RAV4,44982.58,5.65,Completed
212932,17,2016-09-12,Corolla,21274.39,4.51,Completed
212933,14,2016-09-03,Highlander,65735.5,5.1,Completed
212934,2,2016-09-28,Tacoma,37203.23,4.0,Completed
212935,3,2016-09-04,Prius,37200.54,5.69,Completed
212936,17,2016-09-17,Highlander,45362.17,4.51,Completed
212937,18,2016-09-09,Camry,48467.7,5.68,Completed
212938,4,2016-09-30,Prius,24309.76,3.81,Completed
212939,3,2016-09-19,Highlander,74815.29,5.69,Completed
212940,13,2016-09-14,Corolla,31170.18,5.61,Completed
212941,9,2016-09-05,Highlander,46442.29,4.4,Completed
212942,19,2016-09-10,Highlander,54102.71,5.48,Completed
212943,5,2016-09-30,Sienna,48015.04,5.34,Completed
212944,19,2016-09-08,Highlander,57899.71,5.48,Completed
212945,14,2016-09-06,Prius,32929.29,5.1,Completed
212946,7,2016-09-05,Highlander,61650.15,5.39,Completed
212947,20,2016-09-06,Prius,34716.6,5.77,Completed
212948,4,2016-09-02,Tacoma,31840.49,3.81,Completed
212949,3,2016-09-09,Sienna,51398.87,5.69,Completed
212950,7,2016-09-28,Corolla,30779.51,5.39,Completed
212951,6,2016-09-21,Tacoma,30243.54,3.86,Completed
212952,5,2016-09-21,Tundra,40472.38,5.34,Completed
212953,11,2016-09-07,Tundra,39273.64,4.16,Completed
212954,15,2016-09-16,Prius,34992.83,4.86,Completed
212955,15,2016-09-13,Sienna,52670.13,4.86,Completed
212956,4,2016-09-18,Highlander,42326.33,3.81,Completed
212957,6,2016-09-03,Tundra,39343.23,3.86,Completed
212958,5,2016-09-25,Highlander,62579.54,5.34,Completed
212959,5,2016-09-05,Tacoma,40482.89,5.34,Completed
212960,10,2016-09-14,Sienna,42706.91,4.88,Completed
212961,20,2016-09-01,Highlander,64444.87,5.77,Completed
212962,6,2016-09-10,Tundra,37968.02,3.86,Completed
212963,4,2016-09-16,Camry,30938.3,3.81,Completed
212964,12,2016-09-18,Camry,39123.85,5.65,Completed
212965,11,2016-09-24,RAV4,31938.09,4.16,Pending
212966,3,2016-09-03,RAV4,50412.95,5.69,Completed
212967,13,2016-09-28,Tacoma,42287.32,5.61,Completed
212968,1,2016-09-06,Prius,26417.71,5.24,Completed
212969,9,2016-09-04,Tacoma,34376.72,4.4,Completed
212970,15,2016-09-24,RAV4,52227.21,4.86,Completed
212971,7,2016-09-11,Corolla,31511.16,5.39,Completed
212972,18,2016-09-28,RAV4,51370.97,5.68,Pending
212973,17,2016-09-26,Tundra,35977.45,4.51,Completed
212974,8,2016-09-19,Sienna,50304.07,5.84,Completed
212975,7,2016-09-08,Camry,45824.88,5.39,Completed
212976,12,2016-09-01,Tacoma,40538.61,5.65,Completed
212977,13,2016-09-24,Corolla,30747.93,5.61,Pending
212978,13,2016-09-06,Prius,39450.46,5.61,Completed
212979,12,2016-09-25,Tacoma,44825.41,5.65,Completed
212980,9,2016-09-11,RAV4,33504.64,4.4,Completed
212981,7,2016-09-21,Camry,42255.87,5.39,Completed
212982,1,2016-09-20,Prius,26752.89,5.24,Completed
212983,2,2016-09-23,Prius,28767.22,4.0,Completed
212984,14,2016-09-24,Corolla,27780.2,5.1,Completed
212985,6,2016-09-20,Prius,22796.85,3.86,Completed
212986,7,2016-09-08,Sienna,49178.4,5.39,Completed
212987,6,2016-09-02,Tacoma,30663.78,3.86,Completed
212988,15,2016-09-14,Tundra,57313.43,4.86,Completed
212989,12,2016-09-29,Tundra,50354.43,5.65,Completed
212990,9,2016-09-29,Highlander,48215.59,4.4,Completed
212991,13,2016-09-23,Corolla,33262.11,5.61,Completed
212992,18,2016-09-03,Sienna,59117.99,5.68,Completed
212993,6,2016-09-23,Prius,23243.23,3.86,Completed
212994,13,2016-09-03,RAV4,51410.02,5.61,Completed
212995,8,2016-09-17,Corolla,27881.2,5.84,Completed
212996,14,2016-09-11,Highlander,61908.82,5.1,Completed
212997,18,2016-09-09,Corolla,29663.12,5.68,Cancelled
212998,5,2016-09-27,Camry,32496.26,5.34,Completed
212999,16,2016-09-19,RAV4,45309.17,6.06,Completed
213000,4,2016-09-22,RAV4,36379.08,3.81,Completed
213001,15,2016-09-03,Highlander,68683.41,4.86,Completed
213002,1,2016-09-25,Camry,32599.86,5.24,Completed
213003,10,2016-09-10,Prius,28115.76,4.88,Completed
213004,7,2016-09-14,Corolla,33376.71,5.39,Completed
213005,2,2016-09-01,Corolla,24153.02,4.0,Completed
213006,11,2016-09-04,Tacoma,33392.85,4.16,Completed
213007,18,2016-09-03,Tundra,53305.56,5.68,Completed
213008,1,2016-09-13,Corolla,27307.85,5.24,Completed
213009,19,2016-09-06,Tundra,50006.01,5.48,Completed
213010,13,2016-09-24,Tacoma,45233.33,5.61,Completed
213011,5,2016-09-01,Tacoma,40975.6,5.34,Completed
213012,10,2016-09-11,Sienna,36773.46,4.88,Completed
213013,8,2016-09-20,Prius,32524.06,5.84,Completed
213014,15,2016-09-02,Sienna,51726.61,4.86,Completed
213015,13,2016-09-25,Camry,45558.45,5.61,Completed
213016,17,2016-09-12,Tacoma,31166.27,4.51,Completed
213017,16,2016-09-14,Camry,39308.08,6.06,Completed
213018,3,2016-09-05,Sienna,52831.14,5.69,Completed
213019,9,2016-09-03,RAV4,36360.98,4.4,Completed
213020,17,2016-09-20,Corolla,22103.58,4.51,Completed
213021,13,2016-09-22,RAV4,45765.49,5.61,Completed
213022,19,2016-09-09,Sienna,46757.03,5.48,Completed
213023,3,2016-09-15,RAV4,48936.88,5.69,Completed
213024,13,2016-09-06,RAV4,52646.36,5.61,Completed
213025,13,2016-09-12,Corolla,33417.36,5.61,Completed
213026,3,2016-09-23,Tundra,55267.28,5.69,Completed
213027,19,2016-09-27,RAV4,41606.33,5.48,Completed
213028,18,2016-09-25,Tacoma,45395.99,5.68,Completed
213029,18,2016-09-07,Camry,48500.84,5.68,Completed
213030,12,2016-09-12,Sienna,54152.15,5.65,Completed
213031,13,2016-09-03,Tacoma,49528.63,5.61,Completed
213032,16,2016-09-26,Prius,32375.45,6.06,Completed
213033,3,2016-09-02,Highlander,65199.71,5.69,Completed
213034,6,2016-09-09,Tundra,36099.95,3.86,Completed
213035,18,2016-09-17,Tundra,60486.77,5.68,Completed
213036,11,2016-09-13,Highlander,45402.68,4.16,Cancelled
213037,9,2016-09-03,Corolla,23711.31,4.4,Completed
213038,20,2016-09-21,Tundra,54407.96,5.77,Completed
213039,19,2016-09-28,Tacoma,37798.28,5.48,Completed
213040,10,2016-09-30,Sienna,38195.92,4.88,Completed
213041,13,2016-09-28,Prius,35392.42,5.61,Completed
213042,14,2016-09-23,Sienna,48622.15,5.1,Completed
213043,8,2016-09-03,Tacoma,44752.87,5.84,Completed
213044,19,2016-09-06,Sienna,43966.61,5.48,Completed
213045,3,2016-09-04,Camry,43068.03,5.69,Completed
213046,16,2016-09-19,Corolla,31670.46,6.06,Completed
213047,2,2016-09-21,Camry,29100.33,4.0,Completed
213048,14,2016-09-16,RAV4,50353.34,5.1,Completed
213049,2,2016-09-05,Sienna,41456.61,4.0,Completed
213050,10,2016-09-03,Corolla,22315.7,4.88,Completed
213051,9,2016-09-19,Sienna,34740.17,4.4,Pending
213052,10,2016-09-21,Tacoma,32537.9,4.88,Completed
213053,2,2016-09-08,Corolla,22158.0,4.0,Completed
213054,11,2016-09-04,Highlander,44641.08,4.16,Completed
213055,15,2016-09-28,RAV4,48762.67,4.86,Completed
213056,3,2016-09-13,Prius,34514.58,5.69,Completed
213057,4,2016-09-18,Corolla,21509.61,3.81,Completed
213058,4,2016-09-01,Camry,28359.36,3.81,Completed
213059,5,2016-09-27,Camry,32735.99,5.34,Completed
213060,2,2016-09-23,Tundra,43727.43,4.0,Completed
213061,2,2016-09-06,Camry,32432.82,4.0,Completed
213062,11,2016-09-22,Corolla,24300.39,4.16,Completed
213063,3,2016-09-14,Tundra,53042.23,5.69,Completed
213064,8,2016-09-30,Corolla,28056.49,5.84,Cancelled
213065,11,2016-09-07,RAV4,35549.9,4.16,Completed
213066,14,2016-09-18,RAV4,48359.88,5.1,Completed
213067,10,2016-09-12,Camry,28850.61,4.88,Completed
213068,7,2016-09-15,Corolla,28894.73,5.39,Completed
213069,5,2016-09-04,Sienna,49036.42,5.34,Completed
213070,3,2016-09-07,Tundra,58681.43,5.69,Completed
213071,16,2016-09-16,Tundra,56643.45,6.06,Completed
213072,15,2016-09-02,Sienna,49086.78,4.86,Completed
213073,4,2016-09-20,Camry,29305.46,3.81,Completed
213074,5,2016-09-28,Corolla,24636.46,5.34,Completed
213075,10,2016-09-27,Sienna,38896.02,4.88,Completed
213076,7,2016-09-14,Tacoma,47031.78,5.39,Completed
213077,17,2016-09-27,Highlander,50854.46,4.51,Completed
213078,18,2016-09-24,Tundra,60399.76,5.68,Completed
213079,2,2016-09-15,Corolla,22167.15,4.0,Completed
213080,4,2016-09-19,RAV4,34256.4,3.81,Completed
213081,14,2016-09-18,Camry,38176.26,5.1,Completed
213082,6,2016-09-06,Highlander,45521.84,3.86,Completed
213083,20,2016-09-07,Tundra,50758.33,5.77,Completed
213084,20,2016-09-05,Sienna,56636.88,5.77,Completed
213085,7,2016-09-07,Highlander,73025.63,5.39,Completed
213086,12,2016-09-02,Prius,35595.29,5.65,Completed
213087,15,2016-09-24,Tacoma,48042.01,4.86,Completed
213088,15,2016-09-01,Camry,38246.27,4.86,Completed
213089,16,2016-09-29,Tundra,50905.18,6.06,Completed
213090,2,2016-09-05,Sienna,42617.78,4.0,Completed
213091,3,2016-09-14,Prius,35684.91,5.69,Completed
213092,18,2016-09-03,Tundra,61503.42,5.68,Completed
213093,5,2016-09-02,Highlander,56402.84,5.34,Completed
213094,10,2016-09-27,RAV4,35396.33,4.88,Completed
213095,8,2016-09-16,Corolla,30975.64,5.84,Completed
213096,6,2016-09-18,Highlander,50801.37,3.86,Completed
213097,13,2016-09-15,Tundra,55452.13,5.61,Completed
213098,8,2016-09-21,Tacoma,47349.5,5.84,Completed
213099,3,2016-09-02,Tundra,52078.61,5.69,Completed
213100,13,2016-09-06,Prius,33301.13,5.61,Completed
213101,18,2016-09-18,Camry,42304.87,5.68,Completed
213102,9,2016-09-22,Tundra,39605.87,4.4,Completed
213103,12,2016-09-23,RAV4,51490.31,5.65,Completed
213104,20,2016-09-17,Camry,39012.54,5.77,Completed
213105,20,2016-09-19,Sienna,51527.67,5.77,Completed
213106,17,2016-09-15,Corolla,21929.34,4.51,Completed
213107,1,2016-09-03,Highlander,52998.71,5.24,Completed
213108,18,2016-09-22,Highlander,74556.91,5.68,Completed
213109,14,2016-09-08,RAV4,47119.06,5.1,Completed
213110,2,2016-09-04,Tundra,43977.65,4.0,Completed
213111,10,2016-09-13,Corolla,23957.71,4.88,Completed
213112,19,2016-09-13,Camry,35665.41,5.48,Completed
213113,15,2016-09-15,Camry,38237.02,4.86,Completed
213114,7,2016-09-07,Highlander,64896.52,5.39,Completed
213115,10,2016-09-02,Highlander,55154.53,4.88,Completed
213116,15,2016-09-02,Prius,32244.1,4.86,Completed
213117,1,2016-09-13,Tundra,44123.77,5.24,Completed
213118,8,2016-09-24,Sienna,57086.69,5.84,Completed
213119,6,2016-09-27,Camry,29235.57,3.86,Completed
213120,8,2016-09-25,Tacoma,43111.32,5.84,Completed
213121,15,2016-09-05,Corolla,28702.93,4.86,Completed
213122,6,2016-09-05,Tundra,34419.78,3.86,Completed
213123,7,2016-09-14,RAV4,49188.05,5.39,Completed
213124,18,2016-09-16,Tundra,60260.36,5.68,Completed
213125,4,2016-09-06,Corolla,22478.44,3.81,Completed
213126,9,2016-09-11,Tacoma,31999.58,4.4,Completed
213127,19,2016-09-24,Tundra,43376.48,5.48,Completed
213128,5,2016-09-24,Camry,37498.13,5.34,Completed
213129,16,2016-09-11,Tundra,55953.4,6.06,Completed
213130,3,2016-09-10,Sienna,54245.17,5.69,Completed
213131,2,2016-09-18,Camry,32760.72,4.0,Completed
213132,12,2016-09-23,Corolla,29301.54,5.65,Completed
213133,6,2016-09-20,Camry,27627.48,3.86,Completed
213134,19,2016-09-15,Camry,37800.58,5.48,Completed
213135,7,2016-09-26,RAV4,44686.88,5.39,Completed
213136,9,2016-09-09,Sienna,35166.64,4.4,Completed
213137,7,2016-09-28,Highlander,67340.04,5.39,Completed
213138,20,2016-09-10,RAV4,45733.9,5.77,Completed
213139,18,2016-09-19,RAV4,52114.66,5.68,Completed
213140,5,2016-09-26,Tundra,45868.86,5.34,Completed
213141,18,2016-09-18,Prius,38439.39,5.68,Completed
213142,1,2016-09-17,Tacoma,34172.31,5.24,Completed
213143,10,2016-09-19,RAV4,34302.73,4.88,Completed
213144,20,2016-09-25,Prius,33196.2,5.77,Completed
213145,12,2016-09-03,Highlander,65838.41,5.65,Completed
213146,7,2016-09-30,Tacoma,47265.29,5.39,Completed
213147,10,2016-09-18,Corolla,22756.47,4.88,Completed
213148,6,2016-09-13,Corolla,19916.39,3.86,Completed
213149,1,2016-09-09,Sienna,45602.17,5.24,Cancelled
213150,20,2016-09-09,Highlander,66099.23,5.77,Completed
213151,12,2016-09-25,Sienna,55603.58,5.65,Completed
213152,3,2016-09-02,Highlander,72463.11,5.69,Completed
213153,9,2016-09-08,Prius,24848.98,4.4,Completed
213154,11,2016-09-19,Camry,32683.78,4.16,Completed
213155,2,2016-09-26,Prius,28691.03,4.0,Completed
213156,15,2016-09-04,Camry,38142.39,4.86,Completed
213157,18,2016-09-08,Highlander,74863.51,5.68,Completed
213158,2,2016-09-19,Tundra,42916.83,4.0,Completed
213159,8,2016-09-12,Sienna,56657.8,5.84,Completed
213160,3,2016-09-22,Corolla,29129.1,5.69,Completed
213161,6,2016-09-27,RAV4,35061.2,3.86,Completed
213162,6,2016-09-14,RAV4,35804.41,3.86,Completed
213163,17,2016-09-22,Highlander,51774.85,4.51,Completed
213164,3,2016-09-08,Tacoma,47714.64,5.69,Completed
213165,15,2016-09-08,Camry,41303.1,4.86,Completed
213166,13,2016-09-19,Prius,37343.77,5.61,Completed
213167,2,2016-09-09,Highlander,50602.29,4.0,Completed
213168,10,2016-09-20,Highlander,47853.39,4.88,Completed
213169,12,2016-09-15,Prius,34045.3,5.65,Completed
213170,12,2016-09-20,Corolla,30458.83,5.65,Completed
213171,9,2016-09-11,Highlander,44459.41,4.4,Completed
213172,13,2016-09-24,Tundra,56975.15,5.61,Completed
213173,11,2016-09-16,Camry,29249.68,4.16,Completed
213174,8,2016-09-18,Tundra,48888.8,5.84,Completed
213175,16,2016-09-02,Prius,34829.93,6.06,Completed
213176,18,2016-09-27,Highlander,69433.25,5.68,Completed
213177,4,2016-09-24,Sienna,39317.69,3.81,Completed
213178,10,2016-09-23,Sienna,36135.24,4.88,Completed
213179,11,2016-09-20,Corolla,23105.93,4.16,Completed
213180,2,2016-09-08,Tundra,43658.56,4.0,Completed
213181,14,2016-09-24,RAV4,43476.42,5.1,Completed
213182,8,2016-09-09,RAV4,46289.94,5.84,Completed
213183,14,2016-09-24,RAV4,46425.72,5.1,Completed
213184,10,2016-09-29,Camry,29634.18,4.88,Completed
213185,18,2016-09-29,Highlander,73842.68,5.68,Completed
213186,17,2016-09-24,Camry,31718.46,4.51,Completed
213187,10,2016-09-22,RAV4,33387.32,4.88,Completed
213188,16,2016-09-17,Sienna,55418.98,6.06,Completed
213189,9,2016-09-29,Sienna,41046.4,4.4,Completed
213190,20,2016-09-03,Sienna,49766.78,5.77,Completed
213191,6,2016-09-21,Corolla,23217.15,3.86,Completed
213192,8,2016-09-09,Camry,37219.09,5.84,Completed
213193,10,2016-09-13,Camry,28893.24,4.88,Completed
213194,3,2016-09-29,Corolla,33617.3,5.69,Pending
213195,11,2016-09-15,RAV4,32761.29,4.16,Completed
213196,3,2016-09-19,Corolla,28621.65,5.69,Completed
213197,3,2016-09-30,Tacoma,43527.43,5.69,Completed
213198,6,2016-09-20,RAV4,33007.58,3.86,Completed
213199,8,2016-09-05,Sienna,56725.98,5.84,Pending
213200,11,2016-09-30,Tundra,35112.3,4.16,Completed
213201,20,2016-09-28,Tundra,55784.95,5.77,Completed
213202,6,2016-09-16,Tundra,34353.55,3.86,Completed
213203,19,2016-09-10,Corolla,23968.67,5.48,Completed
213204,17,2016-09-28,Prius,22705.8,4.51,Completed
213205,14,2016-09-27,Prius,32811.8,5.1,Completed
213206,18,2016-09-06,RAV4,54927.59,5.68,Completed
213207,17,2016-09-28,Tundra,36173.77,4.51,Completed
213208,13,2016-09-21,Corolla,30017.09,5.61,Completed
213209,13,2016-09-27,RAV4,53493.91,5.61,Completed
213210,5,2016-09-18,Highlander,59364.62,5.34,Completed
213211,7,2016-09-23,Highlander,69207.38,5.39,Completed
213212,16,2016-09-14,Sienna,52379.84,6.06,Completed
213213,12,2016-09-17,Camry,39013.57,5.65,Completed
213214,7,2016-09-26,Highlander,72383.81,5.39,Completed
213215,16,2016-09-15,Sienna,54521.43,6.06,Completed
213216,9,2016-09-28,Highlander,52400.4,4.4,Completed
213217,3,2016-09-04,Highlander,68478.84,5.69,Completed
213218,20,2016-09-22,Sienna,52717.55,5.77,Completed
213219,18,2016-09-20,RAV4,46970.58,5.68,Completed
213220,12,2016-09-22,Corolla,29592.31,5.65,Completed
213221,10,2016-09-09,Sienna,43460.26,4.88,Completed
213222,1,2016-09-24,Tacoma,38929.26,5.24,Completed
213223,4,2016-09-09,Tacoma,28674.37,3.81,Completed
213224,10,2016-09-29,Camry,31411.05,4.88,Completed
213225,9,2016-09-28,RAV4,31483.84,4.4,Completed
213226,9,2016-09-09,Corolla,22902.43,4.4,Completed
213227,15,2016-09-16,Tacoma,40114.94,4.86,Completed
213228,17,2016-09-27,Tacoma,34107.07,4.51,Completed
213229,10,2016-09-13,Sienna,40538.85,4.88,Completed
213230,17,2016-09-24,Prius,21985.99,4.51,Completed
213231,19,2016-09-26,Highlander,60512.28,5.48,Completed
213232,8,2016-09-01,Tundra,50963.24,5.84,Completed
213233,18,2016-09-09,Sienna,55670.18,5.68,Completed
213234,4,2016-09-07,Tacoma,29783.55,3.81,Completed
213235,8,2016-09-17,Tundra,56726.42,5.84,Completed
213236,14,2016-09-05,Highlander,69284.77,5.1,Completed
213237,19,2016-09-05,Tundra,49413.62,5.48,Completed
213238,1,2016-09-10,RAV4,39537.95,5.24,Completed
213239,14,2016-09-07,Highlander,62354.12,5.1,Completed
213240,12,2016-09-22,Corolla,29895.25,5.65,Completed
213241,9,2016-09-01,Prius,26175.01,4.4,Completed
213242,16,2016-09-26,Camry,39511.29,6.06,Completed
213243,20,2016-09-03,Tundra,50577.29,5.77,Completed
213244,17,2016-09-29,Highlander,49416.81,4.51,Completed
213245,5,2016-09-02,Corolla,24983.93,5.34,Completed
213246,4,2016-09-07,Highlander,45371.54,3.81,Completed
213247,2,2016-09-10,Corolla,22891.58,4.0,Completed
213248,16,2016-09-19,RAV4,51888.28,6.06,Completed
213249,17,2016-09-12,RAV4,32880.51,4.51,Completed
213250,1,2016-09-01,Corolla,23096.14,5.24,Completed
213251,11,2016-09-27,RAV4,37995.13,4.16,Completed
213252,19,2016-09-20,Prius,30384.43,5.48,Cancelled
213253,15,2016-09-22,Sienna,51801.45,4.86,Completed
213254,2,2016-09-26,Sienna,39444.48,4.0,Completed
213255,14,2016-09-21,Tacoma,44256.66,5.1,Completed
213256,7,2016-09-28,Sienna,48664.69,5.39,Completed
213257,8,2016-09-19,Prius,32014.06,5.84,Completed
213258,13,2016-09-14,RAV4,45676.17,5.61,Completed
213259,15,2016-09-15,Highlander,63482.01,4.86,Completed
213260,1,2016-09-29,Sienna,40674.43,5.24,Completed
213261,17,2016-09-11,Highlander,49464.44,4.51,Completed
213262,16,2016-09-21,RAV4,46339.24,6.06,Cancelled
213263,10,2016-09-10,Highlander,49391.13,4.88,Completed
213264,19,2016-09-14,Tundra,42602.74,5.48,Completed
213265,6,2016-09-04,Camry,31193.62,3.86,Completed
213266,13,2016-09-19,Highlander,75556.94,5.61,Completed
213267,8,2016-09-06,Tacoma,47539.53,5.84,Completed
213268,10,2016-09-21,Highlander,54771.32,4.88,Completed
213269,9,2016-09-21,Highlander,44473.86,4.4,Completed
213270,9,2016-09-14,Tundra,35868.91,4.4,Completed
213271,8,2016-09-03,Corolla,27434.86,5.84,Completed
213272,4,2016-09-26,Prius,22853.26,3.81,Completed
213273,15,2016-09-25,Sienna,48818.83,4.86,Completed
213274,20,2016-09-22,Tundra,48177.93,5.77,Completed
213275,2,2016-09-05,Highlander,52754.87,4.0,Completed
213276,4,2016-09-18,Camry,30560.17,3.81,Completed
213277,10,2016-09-24,Tacoma,30055.28,4.88,Completed
213278,11,2016-09-25,Sienna,42081.53,4.16,Completed
213279,19,2016-09-29,RAV4,38585.13,5.48,Completed
213280,13,2016-09-15,Highlander,72115.31,5.61,Completed
213281,6,2016-09-30,Tundra,37085.8,3.86,Completed
213282,17,2016-09-08,Highlander,47433.86,4.51,Completed
213283,20,2016-09-15,Corolla,30428.24,5.77,Completed
213284,16,2016-09-15,Camry,41756.22,6.06,Completed
213285,2,2016-09-23,Camry,31640.75,4.0,Cancelled
213286,3,2016-09-05,Tacoma,49338.81,5.69,Completed
213287,7,2016-09-18,Corolla,31886.47,5.39,Completed
213288,15,2016-09-26,Sienna,49094.04,4.86,Completed
213289,6,2016-09-30,Camry,29432.14,3.86,Completed
213290,1,2016-09-11,RAV4,42196.81,5.24,Completed
213291,17,2016-09-12,Tacoma,32464.19,4.51,Completed
213292,18,2016-09-02,RAV4,56363.06,5.68,Completed
213293,20,2016-09-19,RAV4,45465.89,5.77,Completed
213294,18,2016-09-19,Sienna,51824.68,5.68,Completed
213295,2,2016-09-25,Corolla,25318.41,4.0,Completed
213296,15,2016-09-09,Tacoma,45224.39,4.86,Completed
213297,7,2016-09-24,Sienna,55650.43,5.39,Completed
213298,14,2016-09-01,Corolla,27470.48,5.1,Completed
213299,5,2016-09-21,RAV4,37383.79,5.34,Completed
213300,4,2016-09-14,Tacoma,29925.26,3.81,Completed
213301,7,2016-09-13,RAV4,52653.33,5.39,Completed
213302,7,2016-09-16,Prius,35717.9,5.39,Completed
213303,17,2016-09-23,Camry,29600.75,4.51,Completed
213304,8,2016-09-13,RAV4,49509.87,5.84,Completed
213305,6,2016-09-04,Corolla,22601.53,3.86,Completed
213306,17,2016-09-28,Highlander,47253.93,4.51,Completed
213307,14,2016-09-30,Highlander,70282.78,5.1,Completed
213308,6,2016-09-23,Tundra,38616.64,3.86,Completed
213309,13,2016-09-12,Tundra,59943.41,5.61,Completed
213310,3,2016-09-16,Sienna,52553.18,5.69,Completed
213311,20,2016-09-04,Corolla,33435.34,5.77,Completed
213312,4,2016-09-28,Prius,24762.15,3.81,Completed
213313,9,2016-09-19,Camry,31061.56,4.4,Completed
213314,16,2016-09-15,Tacoma,41816.42,6.06,Completed
213315,8,2016-09-13,Tundra,56963.59,5.84,Completed
213316,2,2016-09-25,RAV4,40580.61,4.0,Completed
213317,14,2016-09-30,Camry,42508.4,5.1,Cancelled
213318,17,2016-09-24,Tacoma,32998.08,4.51,Completed
213319,3,2016-09-15,Highlander,65397.26,5.69,Pending
213320,12,2016-09-23,Tundra,57134.75,5.65,Completed
213321,18,2016-09-03,Sienna,58107.13,5.68,Completed
213322,13,2016-09-06,Tundra,50772.19,5.61,Completed
213323,14,2016-09-11,Tundra,54845.98,5.1,Completed
213324,2,2016-09-28,Camry,29060.83,4.0,Completed
213325,5,2016-09-05,Tacoma,34931.59,5.34,Completed
213326,15,2016-09-11,Highlander,64865.97,4.86,Pending
213327,14,2016-09-09,Camry,36662.73,5.1,Completed
213328,2,2016-09-05,Highlander,52796.43,4.0,Completed
213329,5,2016-09-20,Corolla,24956.78,5.34,Completed
213330,8,2016-09-06,RAV4,51894.58,5.84,Completed
213331,3,2016-09-12,Highlander,72186.34,5.69,Completed
213332,5,2016-09-05,Corolla,28048.97,5.34,Completed
213333,13,2016-09-30,Tundra,60633.95,5.61,Completed
213334,16,2016-09-21,Tundra,54106.37,6.06,Pending
213335,17,2016-09-23,RAV4,34476.04,4.51,Cancelled
213336,6,2016-09-11,RAV4,34429.9,3.86,Completed
213337,3,2016-09-05,Tacoma,50338.3,5.69,Completed
213338,15,2016-09-21,Tundra,54659.19,4.86,Completed
213339,12,2016-09-02,Tacoma,47915.34,5.65,Completed
213340,18,2016-09-18,Corolla,30881.73,5.68,Completed
213341,2,2016-09-06,RAV4,33816.26,4.0,Completed
213342,10,2016-09-09,Sienna,42332.46,4.88,Completed
213343,9,2016-09-21,Tundra,39020.08,4.4,Completed
213344,2,2016-09-28,Camry,28760.79,4.0,Completed
213345,7,2016-09-19,Prius,35783.76,5.39,Completed
213346,9,2016-09-19,RAV4,34234.75,4.4,Completed
213347,20,2016-09-10,RAV4,52948.11,5.77,Completed
213348,10,2016-09-14,Tacoma,30870.28,4.88,Completed
213349,4,2016-09-27,Highlander,48542.99,3.81,Completed
213350,12,2016-09-03,Sienna,52989.66,5.65,Completed
213351,16,2016-09-27,Sienna,58861.95,6.06,Completed
213352,17,2016-09-16,Prius,23629.82,4.51,Completed
213353,11,2016-09-09,Camry,28274.07,4.16,Completed
213354,12,2016-09-12,Highlander,66929.74,5.65,Completed
213355,14,2016-09-30,Sienna,54094.28,5.1,Completed
213356,12,2016-09-23,Sienna,50273.9,5.65,Completed
213357,1,2016-09-06,Tundra,43634.53,5.24,Completed
213358,7,2016-09-14,Sienna,53937.07,5.39,Completed
213359,12,2016-09-12,RAV4,49999.08,5.65,Completed
213360,19,2016-09-28,Tacoma,38588.85,5.48,Completed
213361,3,2016-09-04,Sienna,56705.36,5.69,Completed
213362,15,2016-09-24,Camry,37998.34,4.86,Completed
213363,8,2016-09-24,Sienna,57237.19,5.84,Completed
213364,1,2016-09-25,Tacoma,37194.05,5.24,Completed
213365,15,2016-09-30,Tundra,50208.73,4.86,Completed
213366,17,2016-09-24,Tundra,38382.22,4.51,Completed
213367,15,2016-09-19,Corolla,31486.8,4.86,Completed
213368,20,2016-09-01,Corolla,29423.15,5.77,Cancelled
213369,1,2016-09-22,Sienna,40641.95,5.24,Completed
213370,20,2016-09-17,Prius,34564.53,5.77,Completed
213371,9,2016-09-30,Tundra,34557.06,4.4,Completed
213372,2,2016-09-18,Prius,28078.18,4.0,Completed
213373,15,2016-09-24,Corolla,27046.28,4.86,Completed
213374,10,2016-09-14,Highlander,48313.3,4.88,Completed
213375,5,2016-09-07,RAV4,43485.62,5.34,Completed
213376,8,2016-09-15,Corolla,30477.15,5.84,Completed
213377,2,2016-09-28,Sienna,44113.75,4.0,Completed
213378,18,2016-09-30,Camry,40237.09,5.68,Pending
213379,11,2016-09-12,Camry,31012.26,4.16,Completed
213380,18,2016-09-18,Tundra,56437.41,5.68,Completed
213381,7,2016-09-14,Sienna,50804.11,5.39,Completed
213382,10,2016-09-20,Sienna,36681.73,4.88,Completed
213383,16,2016-09-16,Camry,40205.89,6.06,Completed
213384,4,2016-09-27,Corolla,20459.59,3.81,Completed
213385,7,2016-09-02,RAV4,47960.41,5.39,Completed
213386,1,2016-09-24,Corolla,24985.73,5.24,Completed
213387,15,2016-09-11,Prius,30762.65,4.86,Completed
213388,14,2016-09-26,RAV4,41703.59,5.1,Completed
213389,14,2016-09-15,Camry,38651.27,5.1,Completed
213390,3,2016-09-19,Sienna,53604.83,5.69,Completed
213391,8,2016-09-28,Highlander,69418.53,5.84,Completed
213392,7,2016-09-04,Sienna,57760.73,5.39,Cancelled
213393,11,2016-09-01,Highlander,52697.09,4.16,Completed
213394,20,2016-09-20,Camry,40512.44,5.77,Completed
213395,1,2016-09-21,Highlander,54750.25,5.24,Completed
213396,5,2016-09-27,Prius,30495.52,5.34,Completed
213397,12,2016-09-04,Tacoma,48406.77,5.65,Completed
213398,7,2016-09-05,Highlander,62594.79,5.39,Completed
213399,7,2016-09-25,Tundra,50817.14,5.39,Completed
213400,13,2016-09-13,Prius,38552.03,5.61,Completed
213401,17,2016-09-17,RAV4,32413.17,4.51,Completed
213402,16,2016-09-29,Prius,37622.61,6.06,Completed
213403,9,2016-09-19,Corolla,19767.19,4.4,Completed
213404,16,2016-09-25,Camry,40778.26,6.06,Completed
213405,2,2016-09-06,Corolla,25041.28,4.0,Completed
213406,7,2016-09-27,Tacoma,46174.72,5.39,Completed
213407,2,2016-09-27,Tundra,38419.26,4.0,Completed
213408,1,2016-09-22,Camry,34486.3,5.24,Completed
213409,7,2016-09-18,Camry,38265.78,5.39,Completed
213410,3,2016-09-11,Corolla,31330.35,5.69,Completed
213411,5,2016-09-25,Prius,27288.69,5.34,Completed
213412,7,2016-09-21,Tundra,56423.02,5.39,Completed
213413,13,2016-09-01,RAV4,47526.73,5.61,Completed
213414,9,2016-09-17,Corolla,23393.06,4.4,Completed
213415,8,2016-09-22,Prius,33710.21,5.84,Completed
213416,7,2016-09-12,Highlander,73861.2,5.39,Completed
213417,5,2016-09-21,Tundra,41945.57,5.34,Cancelled
213418,1,2016-09-14,Camry,31505.53,5.24,Completed
213419,1,2016-09-19,Corolla,26372.63,5.24,Completed
213420,13,2016-09-12,Highlander,64428.6,5.61,Completed
213421,13,2016-09-28,Tacoma,48712.8,5.61,Completed
213422,16,2016-09-02,RAV4,47926.64,6.06,Completed
213423,13,2016-09-13,Sienna,54098.8,5.61,Completed
213424,6,2016-09-29,Tacoma,30016.56,3.86,Completed
213425,4,2016-09-12,Camry,26342.19,3.81,Completed
213426,18,2016-09-02,Sienna,57043.12,5.68,Completed
213427,12,2016-09-03,RAV4,49420.84,5.65,Completed
213428,12,2016-09-18,Tacoma,41914.35,5.65,Completed
213429,15,2016-09-03,Highlander,69618.03,4.86,Completed
213430,15,2016-09-21,Tundra,55495.23,4.86,Completed
213431,16,2016-09-25,Highlander,71237.53,6.06,Completed
213432,5,2016-09-26,Tundra,41537.72,5.34,Completed
213433,10,2016-09-29,Corolla,24863.69,4.88,Completed
213434,5,2016-09-17,Tundra,48164.36,5.34,Completed
213435,2,2016-09-28,RAV4,38044.72,4.0,Cancelled
213436,11,2016-09-10,Tacoma,30048.9,4.16,Completed
213437,14,2016-09-26,Prius,35017.12,5.1,Completed
213438,14,2016-09-05,Prius,31301.52,5.1,Completed
213439,5,2016-09-09,Corolla,24058.38,5.34,Completed
213440,2,2016-09-09,Tacoma,33465.56,4.0,Completed
213441,1,2016-09-11,Tacoma,35029.44,5.24,Completed
213442,1,2016-09-13,Prius,29065.98,5.24,Completed
213443,9,2016-09-21,Sienna,35729.18,4.4,Completed
213444,18,2016-09-06,Highlander,74444.1,5.68,Completed
213445,7,2016-09-17,Camry,39380.28,5.39,Completed
213446,3,2016-09-15,Highlander,72840.03,5.69,Completed
213447,7,2016-09-12,Prius,37344.74,5.39,Completed
213448,6,2016-09-11,Camry,29290.92,3.86,Completed
213449,11,2016-09-08,Sienna,36027.61,4.16,Completed
213450,3,2016-09-21,Prius,38454.32,5.69,Completed
213451,2,2016-09-09,Sienna,40309.09,4.0,Completed
213452,17,2016-09-19,RAV4,32066.59,4.51,Completed
213453,16,2016-09-04,Sienna,49801.59,6.06,Completed
213454,19,2016-09-03,Tundra,46826.4,5.48,Completed
213455,8,2016-09-02,Highlander,68574.01,5.84,Completed
213456,2,2016-09-06,Corolla,24420.65,4.0,Completed
213457,17,2016-09-19,Corolla,22430.33,4.51,Completed
213458,9,2016-09-08,Corolla,22074.28,4.4,Completed
213459,8,2016-09-05,Tundra,49380.9,5.84,Completed
213460,11,2016-09-23,Tundra,41314.73,4.16,Completed
213461,10,2016-09-05,Tundra,36311.07,4.88,Completed
213462,13,2016-09-04,Corolla,30555.84,5.61,Completed
213463,20,2016-09-21,Highlander,71986.62,5.77,Completed
213464,1,2016-09-20,Sienna,43721.33,5.24,Completed
213465,13,2016-09-24,Tundra,50051.63,5.61,Completed
213466,2,2016-09-26,Sienna,41844.33,4.0,Completed
213467,3,2016-09-16,Camry,44174.63,5.69,Completed
213468,11,2016-09-30,RAV4,34663.54,4.16,Completed
213469,16,2016-09-16,Highlander,65738.71,6.06,Pending
213470,4,2016-09-19,Prius,21378.09,3.81,Completed
213471,9,2016-09-04,RAV4,35749.24,4.4,Completed
213472,13,2016-09-07,Prius,33743.09,5.61,Completed
213473,14,2016-09-05,Prius,33567.58,5.1,Completed
213474,18,2016-09-03,Prius,34268.52,5.68,Completed
213475,8,2016-09-08,Prius,34913.4,5.84,Completed
213476,8,2016-09-25,Tundra,53522.19,5.84,Completed
213477,11,2016-09-01,RAV4,33642.69,4.16,Completed
213478,16,2016-09-16,Camry,44410.54,6.06,Completed
213479,18,2016-09-02,Tundra,52191.07,5.68,Completed
213480,4,2016-09-14,Prius,22813.26,3.81,Completed
213481,12,2016-09-11,Camry,43682.63,5.65,Completed
213482,17,2016-09-15,Sienna,35272.46,4.51,Completed
213483,20,2016-09-07,Highlander,65678.27,5.77,Completed
213484,14,2016-09-04,Tundra,55148.1,5.1,Completed
213485,12,2016-09-14,Tundra,50889.29,5.65,Completed
213486,5,2016-09-04,Tundra,48790.91,5.34,Completed
213487,8,2016-09-10,Camry,39225.91,5.84,Completed
213488,8,2016-09-04,Corolla,28716.84,5.84,Completed
213489,4,2016-09-17,Prius,25281.57,3.81,Completed
213490,1,2016-09-23,Highlander,61825.28,5.24,Completed
213491,10,2016-09-07,Tacoma,34517.13,4.88,Completed
213492,7,2016-09-08,Tundra,48464.42,5.39,Completed
213493,4,2016-09-25,Tacoma,31885.01,3.81,Completed
213494,10,2016-09-23,Camry,29376.3,4.88,Completed
213495,19,2016-09-22,Corolla,28757.46,5.48,Completed
213496,18,2016-09-20,RAV4,56080.16,5.68,Completed
213497,9,2016-09-26,Sienna,37047.59,4.4,Completed
213498,2,2016-09-05,Corolla,21818.19,4.0,Completed
213499,1,2016-09-09,Tundra,39813.88,5.24,Completed
213500,4,2016-09-19,Prius,21767.3,3.81,Completed
213501,14,2016-09-18,Corolla,27315.99,5.1,Completed
213502,13,2016-09-15,Highlander,73852.93,5.61,Completed
213503,4,2016-09-25,Tacoma,28747.02,3.81,Completed
213504,7,2016-09-09,RAV4,52249.36,5.39,Completed
213505,6,2016-09-02,Highlander,50308.97,3.86,Completed
213506,20,2016-09-15,Camry,40041.73,5.77,Pending
213507,4,2016-09-30,Sienna,37466.66,3.81,Completed
213508,13,2016-09-24,RAV4,46358.86,5.61,Completed
213509,7,2016-09-09,Sienna,50101.94,5.39,Completed
213510,9,2016-09-20,Corolla,23143.42,4.4,Completed
213511,6,2016-09-06,Highlander,44466.45,3.86,Completed
213512,3,2016-09-22,Tundra,52429.78,5.69,Completed
213513,8,2016-09-27,Sienna,54923.32,5.84,Completed
213514,12,2016-09-23,Sienna,48149.2,5.65,Completed
213515,3,2016-09-08,Tundra,49634.76,5.69,Completed
213516,19,2016-09-10,Tundra,44700.57,5.48,Completed
213517,15,2016-09-25,RAV4,46715.78,4.86,Completed
213518,8,2016-09-06,Camry,42400.12,5.84,Completed
213519,5,2016-09-17,Corolla,26938.69,5.34,Pending
213520,18,2016-09-25,Highlander,76529.03,5.68,Completed
213521,5,2016-09-05,RAV4,38904.35,5.34,Completed
213522,6,2016-09-29,Camry,30016.94,3.86,Completed
213523,17,2016-09-20,Highlander,43017.41,4.51,Completed
213524,9,2016-09-10,Prius,25319.33,4.4,Completed
213525,1,2016-09-22,Prius,26001.41,5.24,Completed
213526,14,2016-09-07,Camry,42583.77,5.1,Completed
213527,20,2016-09-19,Prius,33168.97,5.77,Completed
213528,19,2016-09-26,Prius,29069.08,5.48,Completed
213529,11,2016-09-24,Highlander,46861.3,4.16,Completed
213530,1,2016-09-02,Camry,33117.84,5.24,Completed
213531,6,2016-09-15,Tundra,38716.15,3.86,Completed
213532,12,2016-09-10,Highlander,67568.42,5.65,Completed
213533,19,2016-09-23,Sienna,45516.7,5.48,Completed
213534,20,2016-09-30,Tacoma,43549.03,5.77,Completed
213535,15,2016-09-18,Tundra,47264.3,4.86,Completed
213536,3,2016-09-13,Camry,39782.86,5.69,Completed
213537,16,2016-09-17,Sienna,56446.45,6.06,Completed
213538,1,2016-09-27,Camry,31370.35,5.24,Completed
213539,3,2016-09-20,Tacoma,41847.31,5.69,Cancelled
213540,6,2016-09-30,Corolla,22408.09,3.86,Completed
213541,2,2016-09-04,Sienna,37710.65,4.0,Completed
213542,15,2016-09-24,Sienna,53259.3,4.86,Completed
213543,5,2016-09-29,Tundra,41659.47,5.34,Completed
213544,11,2016-09-27,RAV4,34291.54,4.16,Completed
213545,17,2016-09-22,Tacoma,34139.67,4.51,Completed
213546,6,2016-09-30,RAV4,34439.26,3.86,Pending
213547,18,2016-09-21,Corolla,35516.23,5.68,Completed
213548,9,2016-09-09,Sienna,40871.24,4.4,Completed
213549,18,2016-09-24,Prius,33825.68,5.68,Completed
213550,19,2016-09-04,Sienna,48859.61,5.48,Completed
213551,20,2016-09-18,RAV4,51341.51,5.77,Completed
213552,15,2016-09-20,Tundra,56744.39,4.86,Completed
213553,5,2016-09-09,Corolla,23461.5,5.34,Completed
213554,15,2016-09-10,Highlander,64596.4,4.86,Completed
213555,16,2016-09-17,Corolla,33199.14,6.06,Completed
213556,16,2016-09-20,Tundra,50143.8,6.06,Completed
213557,1,2016-09-01,Prius,30169.63,5.24,Completed
213558,18,2016-09-12,Sienna,55018.56,5.68,Completed
213559,19,2016-09-19,Corolla,25471.13,5.48,Completed
213560,5,2016-09-07,Tacoma,40634.94,5.34,Completed
213561,3,2016-09-20,Tacoma,47397.77,5.69,Completed
213562,4,2016-09-28,Sienna,36164.89,3.81,Completed
213563,9,2016-09-08,Sienna,37227.98,4.4,Completed
213564,9,2016-09-28,Tundra,36089.04,4.4,Completed
213565,17,2016-09-20,Sienna,38830.6,4.51,Completed
213566,8,2016-09-18,Corolla,30861.74,5.84,Completed
213567,5,2016-09-14,RAV4,41535.08,5.34,Completed
213568,17,2016-09-23,RAV4,36348.62,4.51,Completed
213569,17,2016-09-26,Prius,25621.13,4.51,Completed
213570,18,2016-09-05,Tacoma,50710.1,5.68,Completed
213571,13,2016-09-06,RAV4,55124.09,5.61,Completed
213572,16,2016-09-22,Prius,36281.25,6.06,Completed
213573,1,2016-09-17,Prius,30381.5,5.24,Completed
213574,12,2016-09-15,Sienna,54117.46,5.65,Completed
213575,13,2016-09-05,Sienna,59898.34,5.61,Completed
213576,16,2016-09-22,Highlander,75941.45,6.06,Completed
213577,13,2016-09-24,Prius,35880.19,5.61,Completed
213578,1,2016-09-11,RAV4,37259.53,5.24,Completed
213579,18,2016-09-09,Sienna,56985.96,5.68,Completed
213580,2,2016-09-17,Highlander,48773.84,4.0,Completed
213581,6,2016-09-26,Tundra,34424.96,3.86,Completed
213582,17,2016-09-01,Corolla,23342.25,4.51,Completed
213583,4,2016-09-13,RAV4,36498.57,3.81,Completed
213584,5,2016-09-19,Prius,31760.28,5.34,Completed
213585,15,2016-09-02,RAV4,43001.38,4.86,Completed
213586,14,2016-09-11,Tundra,48734.76,5.1,Completed
213587,14,2016-09-26,Highlander,70618.24,5.1,Completed
213588,5,2016-09-07,Camry,37364.63,5.34,Completed
213589,11,2016-09-28,RAV4,34142.4,4.16,Completed
213590,20,2016-09-15,Highlander,74073.12,5.77,Completed
213591,15,2016-09-12,Highlander,63412.54,4.86,Completed
213592,12,2016-09-08,Camry,39152.29,5.65,Completed
213593,14,2016-09-17,Highlander,58557.36,5.1,Completed
213594,11,2016-09-10,Highlander,44707.27,4.16,Completed
213595,10,2016-09-08,Highlander,47680.77,4.88,Completed
213596,19,2016-09-11,Camry,35847.99,5.48,Completed
213597,10,2016-09-16,Tundra,38424.32,4.88,Completed
213598,14,2016-09-01,Camry,35747.62,5.1,Completed
213599,12,2016-09-08,Camry,42828.44,5.65,Completed
213600,6,2016-09-13,Prius,26387.5,3.86,Completed
213601,13,2016-09-23,RAV4,48626.98,5.61,Completed
213602,17,2016-09-24,Highlander,44887.93,4.51,Completed
213603,12,2016-09-14,Camry,42280.01,5.65,Completed
213604,5,2016-09-04,RAV4,37092.56,5.34,Completed
213605,5,2016-09-18,Highlander,61854.24,5.34,Completed
213606,4,2016-09-04,Camry,28584.49,3.81,Completed
213607,12,2016-09-07,Tundra,51465.57,5.65,Completed
213608,1,2016-09-08,Tacoma,34688.23,5.24,Completed
213609,13,2016-09-20,Tundra,53135.85,5.61,Completed
213610,9,2016-09-29,Camry,30647.65,4.4,Completed
213611,11,2016-09-12,Tundra,36568.55,4.16,Completed
213612,20,2016-09-17,Camry,38253.57,5.77,Completed
213613,9,2016-09-12,RAV4,36225.02,4.4,Pending
213614,9,2016-09-20,Tacoma,34577.88,4.4,Completed
213615,18,2016-09-15,Tundra,51836.49,5.68,Completed
213616,6,2016-09-20,Prius,23951.61,3.86,Completed
213617,2,2016-09-24,Highlander,50421.56,4.0,Completed
213618,16,2016-09-06,Highlander,62378.79,6.06,Completed
213619,20,2016-09-22,Tacoma,46979.41,5.77,Completed
213620,2,2016-09-24,Camry,31493.27,4.0,Completed
213621,8,2016-09-02,Sienna,49795.61,5.84,Completed
213622,8,2016-09-30,Camry,43834.84,5.84,Completed
213623,4,2016-09-06,Tacoma,33488.94,3.81,Completed
213624,14,2016-09-09,Prius,30894.26,5.1,Completed
213625,16,2016-09-13,RAV4,47580.61,6.06,Completed
213626,11,2016-09-13,Highlander,45813.14,4.16,Completed
213627,14,2016-09-10,Corolla,30787.03,5.1,Completed
213628,6,2016-09-16,Tacoma,31506.67,3.86,Completed
213629,15,2016-09-20,Tacoma,40800.42,4.86,Completed
213630,7,2016-09-17,RAV4,52033.67,5.39,Completed
213631,17,2016-09-26,Sienna,38052.26,4.51,Completed
213632,19,2016-09-05,Tundra,43620.02,5.48,Completed
213633,6,2016-09-07,Camry,30152.5,3.86,Completed
213634,7,2016-09-23,Tacoma,44164.33,5.39,Pending
213635,2,2016-09-25,Highlander,50367.22,4.0,Completed
213636,2,2016-09-18,Corolla,22349.46,4.0,Completed
213637,20,2016-09-22,Corolla,30906.26,5.77,Completed
213638,15,2016-09-26,Highlander,63891.8,4.86,Completed
213639,11,2016-09-17,Corolla,23622.94,4.16,Completed
213640,2,2016-09-13,Corolla,25137.92,4.0,Completed
213641,6,2016-09-22,Tundra,37783.33,3.86,Completed
213642,6,2016-09-05,Tundra,40577.42,3.86,Completed
213643,12,2016-09-29,Corolla,27415.83,5.65,Completed
213644,15,2016-09-09,RAV4,48843.15,4.86,Completed
213645,10,2016-09-18,Corolla,22574.61,4.88,Completed
213646,17,2016-09-23,Corolla,22858.99,4.51,Completed
213647,14,2016-09-19,Tacoma,39535.16,5.1,Completed
213648,6,2016-09-29,Tundra,35477.76,3.86,Completed
213649,20,2016-09-16,Sienna,50611.33,5.77,Completed
213650,11,2016-09-03,Tacoma,30163.75,4.16,Completed
213651,3,2016-09-10,Prius,36524.72,5.69,Completed
213652,16,2016-09-21,RAV4,47783.22,6.06,Completed
213653,20,2016-09-02,Highlander,64298.03,5.77,Completed
213654,9,2016-09-28,Tacoma,34279.89,4.4,Completed
213655,17,2016-09-27,Tundra,40501.61,4.51,Completed
213656,6,2016-09-15,RAV4,34934.13,3.86,Completed
213657,18,2016-09-29,RAV4,49764.95,5.68,Completed
213658,3,2016-09-09,Corolla,33842.32,5.69,Completed
213659,13,2016-09-09,Sienna,56362.89,5.61,Completed
213660,4,2016-09-04,Corolla,20944.49,3.81,Completed
213661,4,2016-09-16,Corolla,22243.66,3.81,Completed
213662,18,2016-09-06,Highlander,67493.48,5.68,Completed
213663,15,2016-09-25,Corolla,29962.44,4.86,Completed
213664,9,2016-09-22,Camry,30533.3,4.4,Completed
213665,6,2016-09-16,Corolla,22770.35,3.86,Completed
213666,19,2016-09-16,Prius,32062.7,5.48,Completed
213667,1,2016-09-22,Prius,27006.75,5.24,Completed
213668,18,2016-09-30,Tacoma,47700.8,5.68,Completed
213669,3,2016-09-25,RAV4,47104.87,5.69,Completed
213670,2,2016-09-22,Camry,33541.62,4.0,Completed
213671,3,2016-09-24,Corolla,34055.62,5.69,Completed
213672,15,2016-09-29,Prius,32148.14,4.86,Completed
213673,7,2016-09-01,Sienna,56974.76,5.39,Completed
213674,16,2016-09-23,Tacoma,41556.13,6.06,Completed
213675,8,2016-09-30,Tacoma,47401.96,5.84,Completed
213676,11,2016-09-18,Tacoma,31826.33,4.16,Completed
213677,15,2016-09-12,Sienna,51916.54,4.86,Completed
213678,2,2016-09-15,Corolla,20943.8,4.0,Completed
213679,8,2016-09-11,RAV4,45700.0,5.84,Completed
213680,15,2016-09-12,Corolla,30367.09,4.86,Completed
213681,17,2016-09-07,Prius,23409.0,4.51,Completed
213682,15,2016-09-01,Sienna,55851.98,4.86,Completed
213683,1,2016-09-23,Tacoma,38439.27,5.24,Completed
213684,3,2016-09-15,RAV4,50694.23,5.69,Completed
213685,1,2016-09-22,Tacoma,35424.0,5.24,Completed
213686,9,2016-09-15,Camry,28123.02,4.4,Completed
213687,8,2016-09-18,Prius,34649.88,5.84,Completed
213688,15,2016-09-08,Sienna,46954.82,4.86,Completed
213689,16,2016-09-29,Prius,34882.72,6.06,Completed
213690,14,2016-09-26,RAV4,42552.19,5.1,Completed
213691,16,2016-09-23,Tundra,51188.65,6.06,Completed
213692,13,2016-09-27,Prius,33040.73,5.61,Completed
213693,8,2016-09-07,Tundra,54790.66,5.84,Completed
213694,4,2016-09-10,Prius,25400.49,3.81,Completed
213695,2,2016-09-06,Tundra,41254.27,4.0,Completed
213696,1,2016-09-08,Prius,31178.89,5.24,Completed
213697,12,2016-09-24,Corolla,27273.07,5.65,Completed
213698,2,2016-09-28,Tacoma,32292.44,4.0,Completed
213699,2,2016-09-23,Tundra,37000.51,4.0,Completed
213700,16,2016-09-16,Highlander,75263.51,6.06,Completed
213701,4,2016-09-20,Tundra,39090.49,3.81,Completed
213702,2,2016-09-01,RAV4,37895.29,4.0,Completed
213703,16,2016-09-12,Sienna,53531.6,6.06,Completed
213704,8,2016-09-22,Prius,37300.29,5.84,Completed
213705,5,2016-09-07,Sienna,42595.72,5.34,Completed
213706,5,2016-09-30,Corolla,27728.21,5.34,Completed
213707,20,2016-09-27,Camry,39292.44,5.77,Completed
213708,14,2016-09-01,Sienna,49062.62,5.1,Completed
213709,15,2016-09-20,Tundra,56308.5,4.86,Completed
213710,2,2016-09-18,Prius,26096.09,4.0,Completed
213711,12,2016-09-10,Tundra,49099.69,5.65,Completed
213712,13,2016-09-20,Sienna,54703.74,5.61,Completed
213713,8,2016-09-22,Prius,32967.22,5.84,Completed
213714,2,2016-09-23,Tundra,36659.37,4.0,Completed
213715,5,2016-09-28,RAV4,37146.59,5.34,Completed
213716,7,2016-09-07,RAV4,46428.41,5.39,Completed
213717,13,2016-09-12,Corolla,32632.18,5.61,Completed
213718,1,2016-09-27,RAV4,40852.79,5.24,Completed
213719,2,2016-09-20,Highlander,47702.4,4.0,Completed
213720,19,2016-09-21,Corolla,28627.67,5.48,Completed
213721,14,2016-09-03,Tundra,47648.69,5.1,Completed
213722,13,2016-09-15,Sienna,49669.58,5.61,Completed
213723,13,2016-09-25,Camry,41550.99,5.61,Completed
213724,11,2016-09-14,Tacoma,30881.22,4.16,Completed
213725,12,2016-09-15,RAV4,49766.63,5.65,Completed
213726,13,2016-09-07,Sienna,54429.23,5.61,Completed
213727,16,2016-09-27,RAV4,45320.33,6.06,Completed
213728,12,2016-09-04,Corolla,31000.92,5.65,Completed
213729,6,2016-09-06,Prius,21915.78,3.86,Completed
213730,10,2016-09-17,Tacoma,33604.32,4.88,Cancelled
213731,10,2016-09-23,Camry,32711.86,4.88,Completed
213732,13,2016-09-30,Tacoma,50139.71,5.61,Completed
213733,10,2016-09-12,Highlander,48900.18,4.88,Completed
213734,19,2016-09-19,Sienna,44496.49,5.48,Completed
213735,8,2016-09-28,Corolla,30818.83,5.84,Completed
213736,15,2016-09-11,Corolla,27417.65,4.86,Completed
213737,12,2016-09-24,RAV4,44954.58,5.65,Completed
213738,16,2016-09-23,Tacoma,43450.35,6.06,Pending
213739,12,2016-09-03,Corolla,30539.52,5.65,Completed
213740,14,2016-09-29,RAV4,50740.75,5.1,Completed
213741,6,2016-09-30,Tacoma,33933.9,3.86,Completed
213742,2,2016-09-02,RAV4,37345.72,4.0,Completed
213743,13,2016-09-20,Tundra,52376.02,5.61,Completed
213744,7,2016-09-11,RAV4,46645.51,5.39,Completed
213745,1,2016-09-17,RAV4,42034.68,5.24,Cancelled
213746,18,2016-09-26,Corolla,30290.5,5.68,Completed
213747,2,2016-09-28,Corolla,22142.39,4.0,Completed
213748,1,2016-09-25,Corolla,25202.24,5.24,Completed
213749,1,2016-09-05,Tacoma,39732.79,5.24,Completed
213750,14,2016-09-12,Tacoma,43256.53,5.1,Completed
213751,12,2016-09-23,Corolla,30073.76,5.65,Completed
213752,17,2016-09-12,Prius,22257.36,4.51,Pending
213753,12,2016-09-20,Tacoma,40864.58,5.65,Completed
213754,11,2016-09-26,Tundra,41095.69,4.16,Completed
213755,9,2016-09-05,Sienna,41480.93,4.4,Completed
213756,4,2016-09-27,Tacoma,31213.87,3.81,Completed
213757,11,2016-09-02,Highlander,52796.36,4.16,Completed
213758,3,2016-09-12,Tundra,59028.19,5.69,Completed
213759,7,2016-09-27,Tacoma,42670.9,5.39,Completed
213760,12,2016-09-24,RAV4,47530.81,5.65,Completed
213761,12,2016-09-23,Prius,33248.85,5.65,Completed
213762,11,2016-09-18,Camry,30378.92,4.16,Completed
213763,5,2016-09-11,Camry,32959.63,5.34,Completed
213764,9,2016-09-20,Prius,23997.44,4.4,Completed
213765,1,2016-09-11,Corolla,24788.36,5.24,Completed
213766,11,2016-09-25,Prius,27425.22,4.16,Completed
213767,7,2016-09-15,Tundra,54160.76,5.39,Cancelled
213768,13,2016-09-30,Tacoma,45178.44,5.61,Completed
213769,11,2016-09-11,Tundra,39410.03,4.16,Completed
213770,14,2016-09-08,RAV4,41852.86,5.1,Completed
213771,18,2016-09-18,Tacoma,44485.82,5.68,Completed
213772,13,2016-09-02,Tacoma,42854.89,5.61,Completed
213773,18,2016-09-25,Corolla,32536.86,5.68,Completed
213774,18,2016-09-20,Highlander,72541.64,5.68,Completed
213775,19,2016-09-11,Sienna,42973.22,5.48,Completed
213776,14,2016-09-26,Highlander,65265.36,5.1,Completed
213777,9,2016-09-17,Sienna,39363.94,4.4,Completed
213778,14,2016-09-25,Camry,41628.19,5.1,Completed
213779,7,2016-09-04,Corolla,31597.92,5.39,Completed
213780,7,2016-09-27,RAV4,48959.58,5.39,Completed
213781,15,2016-09-19,Highlander,72247.94,4.86,Completed
213782,19,2016-09-14,Camry,36616.19,5.48,Completed
213783,3,2016-09-25,Highlander,65913.26,5.69,Completed
213784,9,2016-09-22,RAV4,33413.35,4.4,Completed
213785,17,2016-09-30,Sienna,37424.21,4.51,Completed
213786,4,2016-09-22,Tundra,36006.21,3.81,Completed
213787,13,2016-09-28,Sienna,51341.97,5.61,Completed
213788,15,2016-09-06,Camry,43856.33,4.86,Completed
213789,13,2016-09-21,Camry,45091.5,5.61,Completed
213790,11,2016-09-04,Prius,24817.3,4.16,Completed
213791,11,2016-09-12,Sienna,36009.2,4.16,Completed
213792,6,2016-09-01,Camry,31321.83,3.86,Completed
213793,8,2016-09-14,Sienna,54277.13,5.84,Completed
213794,17,2016-09-28,Sienna,40529.49,4.51,Completed
213795,3,2016-09-14,Sienna,52437.62,5.69,Completed
213796,4,2016-09-10,Tundra,39768.82,3.81,Cancelled
213797,3,2016-09-14,Prius,32311.07,5.69,Completed
213798,14,2016-09-07,RAV4,42374.2,5.1,Completed
213799,7,2016-09-09,Sienna,52557.34,5.39,Completed
213800,19,2016-09-10,Tundra,47908.86,5.48,Completed
213801,19,2016-09-19,Tacoma,40102.86,5.48,Completed
213802,2,2016-09-26,RAV4,40495.46,4.0,Completed
213803,12,2016-09-20,Prius,35750.41,5.65,Completed
213804,7,2016-09-11,Highlander,72707.73,5.39,Completed
213805,20,2016-09-25,Highlander,69560.93,5.77,Completed
213806,4,2016-09-08,Camry,26028.09,3.81,Completed
213807,7,2016-09-10,Prius,34785.33,5.39,Completed
213808,9,2016-09-08,Tundra,34804.33,4.4,Completed
213809,7,2016-09-20,Tacoma,48421.75,5.39,Completed
213810,19,2016-09-30,Camry,32920.96,5.48,Completed
213811,7,2016-09-24,Prius,37267.08,5.39,Completed
213812,1,2016-09-14,Prius,30487.79,5.24,Completed
213813,16,2016-09-22,Tacoma,49414.1,6.06,Completed
213814,10,2016-09-08,Sienna,41217.88,4.88,Completed
213815,11,2016-09-27,Highlander,49389.42,4.16,Completed
213816,4,2016-09-21,Sienna,36006.33,3.81,Completed
213817,5,2016-09-27,Sienna,42210.85,5.34,Completed
213818,14,2016-09-24,Highlander,68257.95,5.1,Completed
213819,20,2016-09-27,Sienna,49808.9,5.77,Completed
213820,1,2016-09-08,RAV4,37753.11,5.24,Completed
213821,5,2016-09-05,RAV4,38532.32,5.34,Completed
213822,9,2016-09-02,Tacoma,31956.66,4.4,Completed
213823,17,2016-09-10,RAV4,32747.14,4.51,Completed
213824,20,2016-09-18,Highlander,69958.31,5.77,Completed
213825,5,2016-09-03,Tundra,45627.33,5.34,Completed
213826,11,2016-09-22,RAV4,36069.95,4.16,Completed
213827,6,2016-09-09,Highlander,48934.95,3.86,Completed
213828,19,2016-09-26,Camry,34583.25,5.48,Completed
213829,16,2016-09-15,Camry,42798.31,6.06,Completed
213830,18,2016-09-25,Camry,47550.38,5.68,Completed
213831,3,2016-09-06,RAV4,48018.67,5.69,Completed
213832,16,2016-09-17,Highlander,65834.05,6.06,Completed
213833,14,2016-09-08,Corolla,27980.26,5.1,Completed
213834,13,2016-09-09,RAV4,48299.63,5.61,Completed
213835,5,2016-09-29,RAV4,41942.3,5.34,Completed
213836,8,2016-09-19,Highlander,63218.1,5.84,Completed
213837,10,2016-09-25,Tacoma,32005.42,4.88,Completed
213838,18,2016-09-22,Tundra,58395.27,5.68,Completed
213839,1,2016-09-27,Prius,31473.06,5.24,Completed
213840,17,2016-09-07,Tacoma,31702.45,4.51,Completed
213841,17,2016-09-09,Sienna,33535.16,4.51,Completed
213842,5,2016-09-12,Prius,31764.79,5.34,Completed
213843,14,2016-09-12,Corolla,31255.48,5.1,Completed
213844,9,2016-09-28,Tacoma,31035.45,4.4,Completed
213845,10,2016-09-21,Tacoma,36139.63,4.88,Completed
213846,11,2016-09-23,RAV4,32149.2,4.16,Completed
213847,12,2016-09-20,RAV4,45181.05,5.65,Completed
213848,12,2016-09-22,Sienna,56755.21,5.65,Completed
213849,13,2016-09-08,Corolla,31593.72,5.61,Completed
213850,19,2016-09-27,Camry,34221.82,5.48,Completed
213851,2,2016-09-16,Tacoma,33174.03,4.0,Completed
213852,10,2016-09-04,Prius,27703.11,4.88,Completed
213853,11,2016-09-09,RAV4,33942.79,4.16,Completed
213854,12,2016-09-21,Tacoma,40902.31,5.65,Completed
213855,14,2016-09-20,Tacoma,39479.47,5.1,Completed
213856,1,2016-09-09,Sienna,47861.67,5.24,Completed
213857,18,2016-09-05,Corolla,33710.3,5.68,Completed
213858,11,2016-09-17,RAV4,36661.22,4.16,Completed
213859,12,2016-09-19,Camry,43492.3,5.65,Completed
213860,20,2016-09-05,Prius,32370.94,5.77,Completed
213861,1,2016-09-13,RAV4,40539.24,5.24,Completed
213862,8,2016-09-30,Sienna,49202.84,5.84,Completed
213863,17,2016-09-11,Prius,22456.25,4.51,Completed
213864,3,2016-09-29,RAV4,51812.15,5.69,Completed
213865,15,2016-09-01,Highlander,63395.32,4.86,Completed
213866,9,2016-09-26,Highlander,46465.63,4.4,Completed
213867,1,2016-09-09,Tacoma,38735.0,5.24,Completed
213868,3,2016-09-09,Camry,45111.27,5.69,Completed
213869,2,2016-09-23,Tacoma,37431.85,4.0,Completed
213870,13,2016-09-11,Sienna,53924.81,5.61,Completed
213871,14,2016-09-20,Camry,39600.71,5.1,Completed
213872,10,2016-09-27,Highlander,48629.72,4.88,Completed
213873,10,2016-09-26,RAV4,36099.68,4.88,Completed
213874,10,2016-09-08,Camry,30062.87,4.88,Completed
213875,19,2016-09-02,RAV4,46187.08,5.48,Completed
213876,10,2016-09-30,Corolla,21895.69,4.88,Completed
213877,7,2016-09-24,Corolla,30252.01,5.39,Completed
213878,20,2016-09-24,Corolla,32105.86,5.77,Completed
213879,8,2016-09-10,Sienna,53788.03,5.84,Completed
213880,11,2016-09-12,Tundra,38089.22,4.16,Completed
213881,9,2016-09-22,Tundra,41304.11,4.4,Completed
213882,16,2016-09-16,Tundra,56352.62,6.06,Completed
213883,5,2016-09-07,Tundra,42081.53,5.34,Completed
213884,20,2016-09-04,Tacoma,42175.15,5.77,Completed
213885,18,2016-09-19,Prius,37040.33,5.68,Completed
213886,4,2016-09-22,Sienna,40054.19,3.81,Completed
213887,5,2016-09-04,RAV4,37890.28,5.34,Completed
213888,2,2016-09-05,Tacoma,31654.32,4.0,Completed
213889,4,2016-09-20,Sienna,36499.98,3.81,Completed
213890,14,2016-09-25,Tacoma,44032.09,5.1,Completed
213891,18,2016-09-17,Prius,36642.79,5.68,Completed
213892,9,2016-09-24,Camry,26977.84,4.4,Completed
213893,3,2016-09-02,Corolla,33932.54,5.69,Completed
213894,7,2016-09-24,Highlander,67849.81,5.39,Completed
213895,7,2016-09-20,RAV4,46957.98,5.39,Completed
213896,13,2016-09-27,Corolla,32387.1,5.61,Completed
213897,9,2016-09-11,Prius,26345.65,4.4,Completed
213898,12,2016-09-20,Corolla,29545.49,5.65,Completed
213899,2,2016-09-04,Prius,28877.04,4.0,Completed
213900,2,2016-09-28,Highlander,54851.55,4.0,Completed
213901,7,2016-09-20,Tundra,54170.33,5.39,Completed
213902,9,2016-09-05,Corolla,23767.36,4.4,Completed
213903,19,2016-09-19,Camry,33581.57,5.48,Completed
213904,17,2016-09-29,Sienna,39795.95,4.51,Completed
213905,4,2016-09-15,Corolla,22091.19,3.81,Completed
213906,1,2016-09-22,RAV4,37729.85,5.24,Completed
213907,18,2016-09-22,Tundra,57160.87,5.68,Completed
213908,4,2016-09-20,Highlander,47893.57,3.81,Completed
213909,1,2016-09-30,Tacoma,40240.82,5.24,Completed
213910,13,2016-09-01,Tundra,53871.97,5.61,Completed
213911,10,2016-09-07,Prius,23687.63,4.88,Completed
213912,13,2016-09-09,Camry,40136.0,5.61,Completed
213913,7,2016-09-16,Camry,44741.39,5.39,Completed
213914,9,2016-09-05,Camry,32553.52,4.4,Completed
213915,14,2016-09-10,RAV4,43955.99,5.1,Completed
213916,9,2016-09-03,Tacoma,30854.12,4.4,Completed
213917,20,2016-09-10,Highlander,69656.47,5.77,Completed
213918,12,2016-09-10,Camry,41451.07,5.65,Completed
213919,12,2016-09-22,Highlander,63108.14,5.65,Completed
213920,20,2016-09-22,Corolla,28059.96,5.77,Pending
213921,10,2016-09-25,Camry,32962.4,4.88,Completed
213922,5,2016-09-28,Highlander,57685.83,5.34,Completed
213923,2,2016-09-09,Tundra,41211.47,4.0,Completed
213924,18,2016-09-04,Prius,38999.05,5.68,Completed
213925,8,2016-09-23,Prius,35402.12,5.84,Completed
213926,17,2016-09-29,Corolla,20400.98,4.51,Completed
213927,11,2016-09-17,Camry,32310.31,4.16,Completed
213928,17,2016-09-03,Prius,25376.59,4.51,Completed
213929,13,2016-09-16,RAV4,50469.49,5.61,Completed
213930,20,2016-09-20,RAV4,51211.16,5.77,Completed
213931,9,2016-09-12,RAV4,33460.74,4.4,Completed
213932,13,2016-09-14,Corolla,33419.61,5.61,Completed
213933,8,2016-09-17,Prius,34591.59,5.84,Completed
213934,6,2016-09-25,Tundra,34037.56,3.86,Completed
213935,19,2016-09-23,Camry,39030.71,5.48,Completed
213936,11,2016-09-20,Highlander,49457.55,4.16,Cancelled
213937,19,2016-09-05,Tundra,46495.96,5.48,Completed
213938,12,2016-09-07,Corolla,29986.07,5.65,Completed
213939,11,2016-09-20,Tacoma,33983.02,4.16,Completed
213940,8,2016-09-02,RAV4,46290.28,5.84,Completed
213941,17,2016-09-04,Sienna,34043.17,4.51,Completed
213942,12,2016-09-15,Camry,44829.87,5.65,Completed
213943,13,2016-09-26,RAV4,55343.56,5.61,Completed
213944,6,2016-09-30,Highlander,48239.91,3.86,Completed
213945,1,2016-09-21,Sienna,42928.62,5.24,Completed
213946,6,2016-09-25,Highlander,50112.51,3.86,Completed
213947,3,2016-09-08,Highlander,71644.98,5.69,Completed
213948,10,2016-09-25,Highlander,52864.39,4.88,Completed
213949,14,2016-09-23,Camry,36459.82,5.1,Completed
213950,4,2016-09-26,Tacoma,31158.43,3.81,Completed
213951,13,2016-09-09,Sienna,49635.86,5.61,Completed
213952,6,2016-09-21,Sienna,36661.94,3.86,Completed
213953,9,2016-09-02,Prius,22675.56,4.4,Completed
213954,10,2016-09-16,Tacoma,35982.63,4.88,Completed
213955,20,2016-09-21,Corolla,30841.13,5.77,Completed
213956,19,2016-09-24,Sienna,49051.4,5.48,Completed
213957,17,2016-09-15,Tundra,40732.22,4.51,Completed
213958,6,2016-09-28,Tacoma,33091.48,3.86,Completed
213959,18,2016-09-08,Prius,34501.75,5.68,Completed
213960,18,2016-09-24,Highlander,73471.07,5.68,Completed
213961,9,2016-09-16,Highlander,48948.12,4.4,Completed
213962,9,2016-09-03,Highlander,49597.58,4.4,Completed
213963,18,2016-09-13,Highlander,69102.4,5.68,Completed
213964,3,2016-09-01,Prius,38446.97,5.69,Completed
213965,20,2016-09-03,Highlander,68726.5,5.77,Completed
213966,14,2016-09-29,RAV4,44558.26,5.1,Completed
213967,6,2016-09-23,Camry,29407.23,3.86,Completed
213968,3,2016-09-25,Tundra,51857.93,5.69,Pending
213969,10,2016-09-08,Prius,26464.85,4.88,Completed
213970,9,2016-09-23,Prius,26378.67,4.4,Completed
213971,14,2016-09-10,Tundra,48110.03,5.1,Completed
213972,4,2016-09-30,Camry,27016.0,3.81,Completed
213973,14,2016-09-12,Highlander,67227.24,5.1,Completed
213974,7,2016-09-22,Tacoma,46493.74,5.39,Completed
213975,5,2016-09-10,Corolla,23612.35,5.34,Completed
213976,15,2016-09-21,Corolla,27486.33,4.86,Completed
213977,8,2016-09-24,Sienna,51982.89,5.84,Completed
213978,11,2016-09-10,Sienna,35096.17,4.16,Completed
213979,5,2016-09-15,RAV4,41423.29,5.34,Completed
213980,8,2016-09-02,Camry,40866.94,5.84,Completed
213981,17,2016-09-06,Prius,22141.05,4.51,Completed
213982,9,2016-09-27,Corolla,23965.67,4.4,Cancelled
213983,2,2016-09-25,Tundra,43862.84,4.0,Completed
213984,13,2016-09-24,Tacoma,49797.99,5.61,Completed
213985,7,2016-09-01,Sienna,54066.79,5.39,Completed
213986,20,2016-09-13,Corolla,32306.8,5.77,Completed
213987,1,2016-09-07,Tundra,40055.02,5.24,Completed
213988,10,2016-09-01,Camry,30397.6,4.88,Completed
213989,2,2016-09-28,Corolla,24574.29,4.0,Completed
213990,19,2016-09-04,Tacoma,37812.83,5.48,Completed
213991,12,2016-09-11,Tundra,54417.85,5.65,Completed
213992,11,2016-09-05,RAV4,31904.51,4.16,Completed
213993,19,2016-09-06,Camry,35643.43,5.48,Completed
213994,20,2016-09-19,Tundra,49961.01,5.77,Completed
213995,18,2016-09-27,Highlander,78337.22,5.68,Completed
213996,6,2016-09-10,Tacoma,32118.5,3.86,Completed
213997,7,2016-09-17,Prius,32090.57,5.39,Pending
213998,5,2016-09-19,Tacoma,37741.37,5.34,Completed
213999,4,2016-09-20,Highlander,50351.47,3.81,Completed
214000,13,2016-09-11,Tacoma,45946.24,5.61,Completed
214001,11,2016-09-26,Corolla,21749.38,4.16,Completed
214002,5,2016-09-24,Tacoma,37476.35,5.34,Completed
214003,12,2016-09-13,Highlander,70670.03,5.65,Cancelled
214004,17,2016-09-18,Camry,26300.54,4.51,Completed
214005,14,2016-09-19,Camry,37847.14,5.1,Completed
214006,10,2016-09-12,Tundra,41954.49,4.88,Completed
214007,3,2016-09-09,Prius,33773.61,5.69,Completed
214008,4,2016-09-22,Corolla,22891.46,3.81,Completed
214009,1,2016-09-21,Corolla,26360.26,5.24,Completed
214010,3,2016-09-29,Corolla,32165.19,5.69,Completed
214011,17,2016-09-13,Tundra,40393.19,4.51,Completed
214012,12,2016-09-10,Highlander,67630.31,5.65,Completed
214013,10,2016-09-13,Tundra,42043.02,4.88,Completed
214014,12,2016-09-13,Corolla,29222.81,5.65,Completed
214015,20,2016-09-20,RAV4,47462.71,5.77,Completed
214016,20,2016-09-19,Highlander,71805.22,5.77,Completed
214017,10,2016-09-30,Sienna,35966.77,4.88,Completed
214018,19,2016-09-18,Corolla,25186.49,5.48,Completed
214019,3,2016-09-12,Corolla,33986.0,5.69,Completed
214020,5,2016-09-28,Tacoma,36460.34,5.34,Completed
214021,9,2016-09-10,Tacoma,31027.24,4.4,Completed
214022,2,2016-09-11,Corolla,21173.21,4.0,Completed
214023,2,2016-09-17,Corolla,22966.43,4.0,Completed
214024,3,2016-09-04,Sienna,58851.25,5.69,Completed
214025,6,2016-09-10,Tundra,36403.08,3.86,Completed
214026,10,2016-09-25,Corolla,22031.47,4.88,Completed
214027,19,2016-09-27,Camry,32855.35,5.48,Completed
214028,9,2016-09-25,Prius,24835.86,4.4,Completed
214029,9,2016-09-14,Prius,25394.15,4.4,Completed
214030,19,2016-09-04,Prius,31243.79,5.48,Completed
214031,7,2016-09-04,Corolla,28311.2,5.39,Completed
214032,8,2016-09-30,RAV4,52222.36,5.84,Completed
214033,7,2016-09-25,RAV4,49053.1,5.39,Completed
214034,4,2016-09-13,Tundra,38865.55,3.81,Completed
214035,10,2016-09-23,Tundra,37752.54,4.88,Completed
214036,8,2016-09-18,Sienna,47857.65,5.84,Completed
214037,17,2016-09-28,Sienna,35372.37,4.51,Completed
214038,17,2016-09-26,Corolla,21871.88,4.51,Completed
214039,5,2016-09-09,Tacoma,35760.9,5.34,Completed
214040,13,2016-09-09,Highlander,65475.82,5.61,Completed
214041,15,2016-09-20,Sienna,52380.74,4.86,Completed
214042,1,2016-09-15,Corolla,23080.92,5.24,Completed
214043,18,2016-09-23,Highlander,77444.86,5.68,Completed
214044,1,2016-09-12,Tacoma,36857.18,5.24,Completed
214045,12,2016-09-22,Camry,37542.64,5.65,Completed
214046,19,2016-09-17,Camry,38311.94,5.48,Completed
214047,2,2016-09-17,Sienna,36652.9,4.0,Completed
214048,11,2016-09-09,Tundra,42287.7,4.16,Completed
214049,3,2016-09-07,Sienna,51310.74,5.69,Completed
214050,13,2016-09-12,Camry,45651.04,5.61,Cancelled
214051,9,2016-09-19,Prius,25413.19,4.4,Completed
214052,20,2016-09-27,Corolla,32411.31,5.77,Completed
214053,6,2016-09-15,Sienna,33710.29,3.86,Completed
214054,19,2016-09-09,Tundra,45102.53,5.48,Completed
214055,15,2016-09-30,Highlander,60298.12,4.86,Completed
214056,12,2016-09-20,Camry,40994.54,5.65,Completed
214057,8,2016-09-12,Camry,42574.02,5.84,Completed
214058,2,2016-09-21,Camry,30298.36,4.0,Completed
214059,12,2016-09-11,Prius,35368.82,5.65,Completed
214060,18,2016-09-28,Corolla,32447.44,5.68,Completed
214061,18,2016-09-22,Corolla,35430.24,5.68,Completed
214062,17,2016-09-10,Camry,26587.6,4.51,Completed
214063,7,2016-09-19,Tundra,56861.75,5.39,Completed
214064,8,2016-09-25,Highlander,63607.54,5.84,Completed
214065,19,2016-09-23,RAV4,43851.67,5.48,Completed
214066,3,2016-09-25,RAV4,46083.47,5.69,Completed
214067,5,2016-09-11,Camry,34061.42,5.34,Pending
214068,17,2016-09-24,Camry,31801.63,4.51,Completed
214069,4,2016-09-27,Tundra,35199.96,3.81,Completed
214070,20,2016-09-17,Prius,36324.64,5.77,Completed
214071,19,2016-09-28,Tacoma,36331.82,5.48,Completed
214072,7,2016-09-20,Tacoma,45926.25,5.39,Completed
214073,17,2016-09-12,Prius,23154.66,4.51,Completed
214074,10,2016-09-21,Camry,33054.15,4.88,Completed
214075,7,2016-09-17,Prius,36960.2,5.39,Completed
214076,17,2016-09-13,Prius,24626.65,4.51,Completed
214077,12,2016-09-25,Tundra,50160.14,5.65,Completed
214078,16,2016-09-15,RAV4,49681.86,6.06,Completed
214079,20,2016-09-20,Sienna,57339.16,5.77,Completed
214080,13,2016-09-17,Tacoma,48484.74,5.61,Completed
214081,4,2016-09-28,Tundra,39429.88,3.81,Completed
214082,17,2016-09-18,Highlander,49519.75,4.51,Completed
214083,16,2016-09-07,Highlander,66779.4,6.06,Completed
214084,5,2016-09-25,Sienna,47725.2,5.34,Completed
214085,13,2016-09-15,Prius,35260.7,5.61,Completed
214086,17,2016-09-04,Corolla,22496.45,4.51,Pending
214087,9,2016-09-12,Sienna,39025.73,4.4,Completed
214088,5,2016-09-21,Camry,36531.93,5.34,Completed
214089,16,2016-09-05,Corolla,32073.46,6.06,Completed
214090,13,2016-09-09,Tundra,56338.46,5.61,Completed
214091,13,2016-09-15,Highlander,76284.34,5.61,Completed
214092,18,2016-09-27,Highlander,68657.99,5.68,Completed
214093,2,2016-09-02,Tacoma,35413.29,4.0,Completed
214094,13,2016-09-05,Tacoma,44383.25,5.61,Completed
214095,12,2016-09-14,Sienna,57373.66,5.65,Completed
214096,5,2016-09-02,Sienna,42855.32,5.34,Completed
214097,2,2016-09-21,Tacoma,32542.15,4.0,Completed
214098,19,2016-09-30,Corolla,23768.29,5.48,Completed
214099,19,2016-09-02,Highlander,60069.53,5.48,Completed
214100,20,2016-09-30,Tundra,53794.79,5.77,Completed
214101,17,2016-09-14,Camry,27522.02,4.51,Completed
214102,13,2016-09-03,Prius,33804.21,5.61,Completed
214103,10,2016-09-05,Tundra,38499.1,4.88,Completed
214104,12,2016-09-06,Highlander,67851.01,5.65,Completed
214105,8,2016-09-26,Sienna,50909.32,5.84,Completed
214106,8,2016-09-22,Tacoma,45033.05,5.84,Completed
214107,18,2016-09-27,RAV4,51864.74,5.68,Completed
214108,3,2016-09-27,Highlander,74426.3,5.69,Completed
214109,8,2016-09-09,Prius,35451.61,5.84,Completed
214110,1,2016-09-20,Highlander,54319.47,5.24,Completed
214111,17,2016-09-20,Highlander,49571.87,4.51,Pending
214112,20,2016-09-11,Tundra,57852.9,5.77,Completed
214113,1,2016-09-19,Sienna,44306.67,5.24,Completed
214114,13,2016-09-30,Highlander,75300.79,5.61,Completed
214115,16,2016-09-21,Sienna,54256.79,6.06,Completed
214116,20,2016-09-05,Camry,40718.0,5.77,Completed
214117,11,2016-09-23,Prius,27135.31,4.16,Completed
214118,12,2016-09-08,Tacoma,46078.08,5.65,Completed
214119,17,2016-09-11,Tacoma,30052.27,4.51,Completed
214120,2,2016-09-13,Prius,28307.31,4.0,Completed
214121,1,2016-09-26,Sienna,46601.49,5.24,Cancelled
214122,1,2016-09-25,Tundra,47497.64,5.24,Completed
214123,1,2016-09-10,Camry,36088.71,5.24,Completed
214124,2,2016-09-14,Tacoma,36542.76,4.0,Completed
214125,10,2016-09-05,Prius,27270.32,4.88,Completed
214126,10,2016-09-08,Prius,24277.86,4.88,Pending
214127,2,2016-09-13,RAV4,39385.56,4.0,Completed
214128,10,2016-09-20,Tundra,38829.45,4.88,Completed
214129,16,2016-09-06,Camry,38383.33,6.06,Completed
214130,19,2016-09-14,Highlander,53122.4,5.48,Cancelled
214131,15,2016-09-27,Highlander,72107.9,4.86,Completed
214132,14,2016-09-01,Sienna,51167.19,5.1,Completed
214133,8,2016-09-06,RAV4,52306.81,5.84,Completed
214134,7,2016-09-28,Camry,40415.21,5.39,Completed
214135,11,2016-09-25,Prius,23128.94,4.16,Completed
214136,15,2016-09-07,RAV4,46509.11,4.86,Completed
214137,1,2016-09-14,Highlander,55032.03,5.24,Completed
214138,8,2016-09-21,Tundra,53092.24,5.84,Completed
214139,9,2016-09-04,Tundra,35569.95,4.4,Completed
214140,7,2016-09-21,RAV4,49678.65,5.39,Completed
214141,15,2016-09-07,Camry,39686.02,4.86,Completed
214142,16,2016-09-06,Camry,46007.32,6.06,Pending
214143,2,2016-09-21,RAV4,34604.41,4.0,Completed
214144,18,2016-09-30,RAV4,48526.31,5.68,Completed
214145,10,2016-09-29,Corolla,22776.99,4.88,Completed
214146,11,2016-09-19,Tacoma,30857.68,4.16,Completed
214147,3,2016-09-14,Highlander,72541.63,5.69,Completed
214148,5,2016-09-25,Prius,28311.91,5.34,Completed
214149,9,2016-09-24,Tundra,38580.26,4.4,Cancelled
214150,5,2016-09-10,Sienna,47926.95,5.34,Completed
214151,6,2016-09-15,Sienna,40019.93,3.86,Completed
214152,19,2016-09-10,Highlander,59772.1,5.48,Completed
214153,6,2016-09-25,Sienna,40486.92,3.86,Completed
214154,19,2016-09-19,Prius,27317.84,5.48,Completed
214155,10,2016-09-23,Highlander,52155.77,4.88,Pending
214156,17,2016-09-22,Prius,23279.19,4.51,Completed
214157,3,2016-09-17,Tundra,57064.1,5.69,Completed
214158,13,2016-09-18,Prius,38562.34,5.61,Completed
214159,10,2016-09-22,Sienna,40645.71,4.88,Completed
214160,7,2016-09-24,Prius,38061.44,5.39,Completed
214161,7,2016-09-19,Corolla,31750.5,5.39,Completed
