sale_id,sale_rep_id,sale_date,car_model,sale_amount,commission_pct,sale_status
172797,3,2016-04-19,Prius,41695.5,5.69,Cancelled
172798,20,2016-04-05,Tundra,68121.16,5.77,Completed
172799,11,2016-04-22,Sienna,48701.33,4.16,Completed
172800,7,2016-04-03,Corolla,33636.0,5.39,Completed
172801,8,2016-04-18,Tundra,60382.02,5.84,Completed
172802,11,2016-04-04,Prius,30009.95,4.16,Completed
172803,15,2016-04-23,Highlander,79538.19,4.86,Completed
172804,5,2016-04-20,Tundra,48586.33,5.34,Completed
172805,3,2016-04-05,Tacoma,54525.9,5.69,Completed
172806,16,2016-04-29,RAV4,61932.05,6.06,Completed
172807,8,2016-04-09,Tundra,58064.41,5.84,Completed
172808,9,2016-04-03,Tundra,42723.0,4.4,Completed
172809,1,2016-04-08,Corolla,30588.86,5.24,Completed
172810,16,2016-04-14,Highlander,89450.91,6.06,Completed
172811,18,2016-04-09,Camry,54268.48,5.68,Completed
172812,4,2016-04-07,Tundra,46625.99,3.81,Completed
172813,11,2016-04-28,Sienna,46172.08,4.16,Completed
172814,2,2016-04-27,Tundra,46788.75,4.0,Completed
172815,5,2016-04-09,Sienna,48308.01,5.34,Completed
172816,14,2016-04-11,Tundra,62816.54,5.1,Completed
172817,14,2016-04-18,Corolla,35721.1,5.1,Completed
172818,1,2016-04-13,Corolla,31964.27,5.24,Completed
172819,19,2016-04-01,Prius,37422.17,5.48,Completed
172820,14,2016-04-08,Tacoma,46774.44,5.1,Completed
172821,18,2016-04-26,Prius,44174.84,5.68,Completed
172822,17,2016-04-19,Tacoma,40805.33,4.51,Completed
172823,20,2016-04-18,RAV4,61148.42,5.77,Completed
172824,16,2016-04-17,Sienna,69742.13,6.06,Completed
172825,2,2016-04-20,Tacoma,44176.2,4.0,Completed
172826,13,2016-04-05,Sienna,60596.5,5.61,Completed
172827,16,2016-04-05,Prius,40134.09,6.06,Completed
172828,19,2016-04-06,Corolla,31106.24,5.48,Completed
172829,5,2016-04-16,Camry,44238.08,5.34,Completed
172830,16,2016-04-26,RAV4,53906.7,6.06,Completed
172831,3,2016-04-23,Camry,50804.67,5.69,Completed
172832,15,2016-04-03,Camry,53729.38,4.86,Completed
172833,6,2016-04-01,Prius,30786.4,3.86,Pending
172834,7,2016-04-07,Prius,39716.12,5.39,Completed
172835,10,2016-04-04,Tacoma,42425.14,4.88,Completed
172836,8,2016-04-28,Prius,39219.23,5.84,Completed
172837,12,2016-04-16,Highlander,82079.46,5.65,Completed
172838,14,2016-04-24,Highlander,70440.12,5.1,Completed
172839,3,2016-04-05,Tundra,67424.76,5.69,Completed
172840,17,2016-04-28,Camry,34365.2,4.51,Completed
172841,15,2016-04-11,Sienna,66749.46,4.86,Completed
172842,4,2016-04-02,Prius,28592.57,3.81,Completed
172843,14,2016-04-03,RAV4,52160.67,5.1,Completed
172844,4,2016-04-23,Highlander,59961.62,3.81,Completed
172845,19,2016-04-27,Camry,45139.53,5.48,Completed
172846,1,2016-04-19,Corolla,31625.41,5.24,Completed
172847,1,2016-04-05,Tacoma,46257.84,5.24,Completed
172848,13,2016-04-30,RAV4,54965.7,5.61,Completed
172849,2,2016-04-15,Camry,40048.24,4.0,Completed
172850,10,2016-04-07,Tundra,43374.35,4.88,Completed
172851,15,2016-04-04,Camry,47004.56,4.86,Completed
172852,18,2016-04-05,Tundra,65747.0,5.68,Completed
172853,5,2016-04-19,Corolla,28292.48,5.34,Completed
172854,9,2016-04-17,Tacoma,39317.42,4.4,Completed
172855,4,2016-04-09,Tundra,45390.45,3.81,Completed
172856,11,2016-04-17,Tacoma,35499.79,4.16,Completed
172857,3,2016-04-04,Tacoma,50720.27,5.69,Completed
172858,8,2016-04-27,Camry,47778.75,5.84,Completed
172859,5,2016-04-22,Tundra,48808.16,5.34,Completed
172860,2,2016-04-24,Tacoma,42235.84,4.0,Completed
172861,2,2016-04-13,Camry,35577.63,4.0,Completed
172862,16,2016-04-25,Sienna,60947.47,6.06,Completed
172863,16,2016-04-25,Tundra,67642.6,6.06,Completed
172864,2,2016-04-20,RAV4,42717.62,4.0,Completed
172865,10,2016-04-07,Tundra,51971.69,4.88,Completed
172866,19,2016-04-17,Highlander,76292.35,5.48,Completed
172867,18,2016-04-13,Camry,51028.44,5.68,Completed
172868,20,2016-04-16,Corolla,36396.18,5.77,Completed
172869,8,2016-04-03,Sienna,67743.41,5.84,Completed
172870,18,2016-04-05,Sienna,64171.87,5.68,Completed
172871,4,2016-04-15,Camry,31856.17,3.81,Completed
172872,7,2016-04-01,Tacoma,49101.77,5.39,Completed
172873,15,2016-04-12,Corolla,36136.92,4.86,Completed
172874,9,2016-04-07,Highlander,59279.06,4.4,Completed
172875,18,2016-04-04,Prius,40408.45,5.68,Completed
172876,12,2016-04-08,Tundra,56994.81,5.65,Completed
172877,9,2016-04-03,Camry,38957.84,4.4,Completed
172878,2,2016-04-30,Prius,32668.79,4.0,Completed
172879,19,2016-04-21,Sienna,50246.08,5.48,Completed
172880,3,2016-04-01,Camry,48084.36,5.69,Completed
172881,8,2016-04-15,Tacoma,48304.24,5.84,Completed
172882,12,2016-04-10,Corolla,38909.84,5.65,Completed
172883,8,2016-04-20,RAV4,53796.36,5.84,Completed
172884,2,2016-04-03,RAV4,43637.06,4.0,Completed
172885,17,2016-04-18,Camry,37293.33,4.51,Completed
172886,2,2016-04-21,Highlander,61855.54,4.0,Completed
172887,3,2016-04-10,RAV4,58956.68,5.69,Completed
172888,3,2016-04-13,RAV4,54669.08,5.69,Completed
172889,9,2016-04-03,RAV4,42718.15,4.4,Completed
172890,8,2016-04-19,Camry,46964.49,5.84,Completed
172891,4,2016-04-23,Corolla,27501.0,3.81,Completed
172892,11,2016-04-04,Sienna,46614.42,4.16,Completed
172893,15,2016-04-15,Tundra,56464.34,4.86,Completed
172894,12,2016-04-20,Camry,53723.2,5.65,Completed
172895,5,2016-04-13,Camry,41648.86,5.34,Completed
172896,12,2016-04-27,Prius,39474.44,5.65,Completed
172897,10,2016-04-22,Camry,35427.02,4.88,Completed
172898,2,2016-04-14,Corolla,28488.43,4.0,Completed
172899,6,2016-04-26,Sienna,43737.58,3.86,Completed
172900,20,2016-04-22,Sienna,68722.76,5.77,Completed
172901,16,2016-04-24,Corolla,37701.07,6.06,Completed
172902,8,2016-04-20,Tacoma,53727.08,5.84,Completed
172903,10,2016-04-16,Highlander,60152.82,4.88,Completed
172904,12,2016-04-23,Camry,48052.07,5.65,Completed
172905,13,2016-04-10,Tacoma,57368.94,5.61,Completed
172906,7,2016-04-17,Sienna,68342.4,5.39,Completed
172907,17,2016-04-18,Tacoma,41175.98,4.51,Completed
172908,13,2016-04-26,Corolla,39355.32,5.61,Completed
172909,14,2016-04-18,Tacoma,51010.38,5.1,Completed
172910,17,2016-04-23,Tundra,45188.65,4.51,Completed
172911,7,2016-04-19,Sienna,59543.76,5.39,Completed
172912,19,2016-04-02,RAV4,45772.46,5.48,Completed
172913,2,2016-04-17,RAV4,42530.89,4.0,Completed
172914,11,2016-04-21,RAV4,38426.61,4.16,Completed
172915,1,2016-04-17,Corolla,31911.99,5.24,Completed
172916,15,2016-04-20,RAV4,53604.61,4.86,Completed
172917,10,2016-04-10,RAV4,43664.84,4.88,Completed
172918,9,2016-04-18,Corolla,25226.47,4.4,Completed
172919,8,2016-04-27,Sienna,62576.59,5.84,Completed
172920,20,2016-04-17,Corolla,35403.04,5.77,Completed
172921,2,2016-04-25,Tacoma,38993.26,4.0,Completed
172922,12,2016-04-04,Sienna,62243.62,5.65,Completed
172923,10,2016-04-26,Corolla,26161.88,4.88,Completed
172924,3,2016-04-09,Tacoma,60072.97,5.69,Completed
172925,18,2016-04-03,Sienna,67712.81,5.68,Completed
172926,19,2016-04-22,Prius,34758.05,5.48,Completed
172927,11,2016-04-01,Tundra,47054.36,4.16,Completed
172928,16,2016-04-17,Camry,53241.06,6.06,Completed
172929,6,2016-04-10,RAV4,39401.65,3.86,Completed
172930,3,2016-04-18,Highlander,77054.6,5.69,Completed
172931,13,2016-04-21,Corolla,34933.11,5.61,Completed
172932,1,2016-04-17,Tundra,50245.46,5.24,Completed
172933,7,2016-04-11,Camry,50037.68,5.39,Completed
172934,4,2016-04-20,Tacoma,38040.93,3.81,Pending
172935,8,2016-04-03,Corolla,33901.02,5.84,Completed
172936,17,2016-04-20,RAV4,44369.05,4.51,Cancelled
172937,20,2016-04-15,Corolla,32896.95,5.77,Completed
172938,18,2016-04-05,Prius,43721.76,5.68,Completed
172939,8,2016-04-27,RAV4,55121.48,5.84,Completed
172940,3,2016-04-25,Tacoma,52785.03,5.69,Completed
172941,17,2016-04-13,Prius,26386.95,4.51,Completed
172942,8,2016-04-21,Sienna,67307.83,5.84,Completed
172943,14,2016-04-11,RAV4,52381.64,5.1,Completed
172944,19,2016-04-21,Camry,39043.17,5.48,Completed
172945,15,2016-04-28,Highlander,80796.25,4.86,Completed
172946,5,2016-04-21,Sienna,53562.38,5.34,Completed
172947,4,2016-04-16,Prius,30757.99,3.81,Pending
172948,5,2016-04-11,Tundra,58595.27,5.34,Completed
172949,6,2016-04-07,Tacoma,40763.45,3.86,Completed
172950,3,2016-04-07,Tundra,62110.65,5.69,Completed
172951,8,2016-04-25,Tundra,67590.39,5.84,Completed
172952,14,2016-04-17,Tundra,54778.94,5.1,Completed
172953,15,2016-04-19,RAV4,62577.09,4.86,Completed
172954,12,2016-04-10,Camry,52533.43,5.65,Completed
172955,13,2016-04-21,Camry,55417.26,5.61,Completed
172956,4,2016-04-21,Prius,28423.21,3.81,Completed
172957,7,2016-04-14,Tundra,64729.64,5.39,Completed
172958,15,2016-04-10,Prius,39619.56,4.86,Completed
172959,14,2016-04-01,Tacoma,54076.06,5.1,Completed
172960,18,2016-04-12,Corolla,38505.06,5.68,Completed
172961,14,2016-04-17,Sienna,65643.47,5.1,Completed
172962,2,2016-04-27,Prius,33164.81,4.0,Completed
172963,12,2016-04-22,RAV4,58149.65,5.65,Completed
172964,16,2016-04-26,Prius,40691.76,6.06,Completed
172965,11,2016-04-15,Tacoma,40432.29,4.16,Completed
172966,9,2016-04-13,Tundra,49577.3,4.4,Completed
172967,3,2016-04-06,Highlander,77140.9,5.69,Completed
172968,15,2016-04-26,Corolla,35832.59,4.86,Completed
172969,12,2016-04-27,Tundra,62116.25,5.65,Completed
172970,19,2016-04-09,Sienna,50383.65,5.48,Completed
172971,5,2016-04-02,Corolla,28081.71,5.34,Completed
172972,13,2016-04-22,Sienna,66064.73,5.61,Completed
172973,6,2016-04-22,Tacoma,39886.28,3.86,Completed
172974,4,2016-04-03,Tacoma,40197.63,3.81,Completed
172975,4,2016-04-23,Prius,31275.33,3.81,Completed
172976,8,2016-04-08,Tacoma,49383.32,5.84,Completed
172977,10,2016-04-01,Tundra,43723.11,4.88,Completed
172978,20,2016-04-26,Tundra,68927.8,5.77,Completed
172979,15,2016-04-24,Tundra,66367.35,4.86,Completed
172980,19,2016-04-16,Highlander,73130.4,5.48,Completed
172981,15,2016-04-22,Tundra,58737.0,4.86,Completed
172982,11,2016-04-08,Camry,35354.07,4.16,Completed
172983,12,2016-04-29,Camry,47431.75,5.65,Completed
172984,17,2016-04-10,Highlander,62292.44,4.51,Completed
172985,16,2016-04-24,RAV4,53831.14,6.06,Completed
172986,10,2016-04-01,Tacoma,43971.85,4.88,Completed
172987,19,2016-04-21,Prius,32841.94,5.48,Completed
172988,11,2016-04-01,Tundra,50786.53,4.16,Completed
172989,18,2016-04-03,Corolla,40803.17,5.68,Completed
172990,12,2016-04-25,Tacoma,57044.02,5.65,Completed
172991,11,2016-04-10,Corolla,24242.31,4.16,Completed
172992,12,2016-04-26,Tundra,59100.73,5.65,Completed
172993,7,2016-04-02,Tacoma,49269.83,5.39,Completed
172994,9,2016-04-01,Camry,35262.39,4.4,Completed
172995,5,2016-04-11,Tundra,52930.26,5.34,Completed
172996,18,2016-04-29,Camry,54507.84,5.68,Completed
172997,2,2016-04-08,Tacoma,41557.83,4.0,Pending
172998,7,2016-04-26,Tundra,63090.08,5.39,Completed
172999,9,2016-04-26,Prius,29194.67,4.4,Completed
173000,19,2016-04-05,Camry,45024.54,5.48,Completed
173001,8,2016-04-18,RAV4,52694.06,5.84,Completed
173002,10,2016-04-15,Sienna,47223.28,4.88,Pending
173003,17,2016-04-10,Camry,32000.08,4.51,Completed
173004,19,2016-04-27,Corolla,29793.11,5.48,Completed
173005,15,2016-04-10,Highlander,86986.77,4.86,Completed
173006,11,2016-04-07,Prius,31996.83,4.16,Completed
173007,19,2016-04-26,Tacoma,44739.8,5.48,Completed
173008,10,2016-04-24,Tundra,44596.3,4.88,Completed
173009,14,2016-04-28,Prius,42323.66,5.1,Completed
173010,9,2016-04-12,RAV4,40871.4,4.4,Completed
173011,13,2016-04-20,Camry,48652.41,5.61,Completed
173012,4,2016-04-05,Tundra,47303.28,3.81,Completed
173013,7,2016-04-19,Highlander,80303.55,5.39,Completed
173014,14,2016-04-05,Corolla,36711.69,5.1,Completed
173015,12,2016-04-19,Corolla,32683.73,5.65,Completed
173016,16,2016-04-27,Highlander,83475.92,6.06,Completed
173017,9,2016-04-09,Highlander,57514.56,4.4,Completed
173018,11,2016-04-17,Highlander,62011.24,4.16,Completed
173019,7,2016-04-16,Tacoma,52372.6,5.39,Completed
173020,14,2016-04-03,Corolla,32869.02,5.1,Completed
173021,14,2016-04-05,Tundra,64598.99,5.1,Completed
173022,2,2016-04-02,Tacoma,38360.51,4.0,Completed
173023,6,2016-04-18,Sienna,46804.97,3.86,Completed
173024,9,2016-04-13,Highlander,58723.98,4.4,Completed
173025,15,2016-04-10,Tundra,65723.19,4.86,Completed
173026,15,2016-04-24,Camry,44773.41,4.86,Completed
173027,18,2016-04-19,Sienna,61705.35,5.68,Completed
173028,19,2016-04-06,Tundra,56250.21,5.48,Completed
173029,16,2016-04-18,Tundra,70023.71,6.06,Completed
173030,14,2016-04-12,Highlander,75628.47,5.1,Completed
173031,1,2016-04-17,Corolla,30894.2,5.24,Completed
173032,1,2016-04-19,Prius,37612.76,5.24,Completed
173033,19,2016-04-01,Corolla,34507.29,5.48,Cancelled
173034,14,2016-04-27,Prius,39843.9,5.1,Completed
173035,5,2016-04-16,Tundra,50935.94,5.34,Completed
173036,20,2016-04-25,Tundra,65667.79,5.77,Completed
173037,18,2016-04-11,RAV4,58974.64,5.68,Completed
173038,15,2016-04-10,Corolla,38404.89,4.86,Completed
173039,3,2016-04-07,Sienna,68807.31,5.69,Completed
173040,8,2016-04-05,Camry,51860.09,5.84,Completed
173041,16,2016-04-30,Corolla,38839.95,6.06,Completed
173042,16,2016-04-21,RAV4,62119.91,6.06,Completed
173043,9,2016-04-26,Corolla,28863.1,4.4,Completed
173044,4,2016-04-11,Tacoma,34461.11,3.81,Completed
173045,9,2016-04-23,Sienna,43468.78,4.4,Completed
173046,19,2016-04-05,Highlander,73485.53,5.48,Completed
173047,3,2016-04-22,Sienna,66506.96,5.69,Completed
173048,10,2016-04-09,RAV4,44932.58,4.88,Completed
173049,17,2016-04-12,Sienna,40146.31,4.51,Completed
173050,9,2016-04-18,Camry,36150.8,4.4,Completed
173051,5,2016-04-20,Prius,33923.74,5.34,Completed
173052,11,2016-04-23,RAV4,42993.53,4.16,Completed
173053,8,2016-04-08,Tundra,60758.13,5.84,Completed
173054,13,2016-04-25,Tundra,62278.23,5.61,Completed
173055,7,2016-04-08,Corolla,37560.77,5.39,Completed
173056,15,2016-04-14,Tacoma,49092.47,4.86,Completed
173057,17,2016-04-06,Camry,34021.94,4.51,Completed
173058,7,2016-04-25,Camry,45926.51,5.39,Completed
173059,5,2016-04-10,RAV4,52710.07,5.34,Completed
173060,7,2016-04-15,Highlander,86341.4,5.39,Completed
173061,11,2016-04-10,Camry,38718.73,4.16,Completed
173062,2,2016-04-27,Highlander,62297.88,4.0,Completed
173063,7,2016-04-08,Prius,40555.13,5.39,Completed
173064,1,2016-04-05,Highlander,64968.34,5.24,Completed
173065,11,2016-04-21,RAV4,41589.33,4.16,Completed
173066,8,2016-04-25,Camry,50692.3,5.84,Completed
173067,14,2016-04-09,Corolla,35711.51,5.1,Completed
173068,4,2016-04-04,Tacoma,37433.47,3.81,Completed
173069,10,2016-04-06,Highlander,55697.53,4.88,Completed
173070,13,2016-04-22,Prius,41221.17,5.61,Completed
173071,2,2016-04-15,Corolla,26912.77,4.0,Completed
173072,10,2016-04-09,Corolla,28457.71,4.88,Completed
173073,1,2016-04-19,Prius,31182.13,5.24,Completed
173074,3,2016-04-19,Camry,55375.91,5.69,Completed
173075,6,2016-04-28,Tacoma,38019.77,3.86,Completed
173076,3,2016-04-23,Tundra,60242.04,5.69,Cancelled
173077,14,2016-04-17,Corolla,35318.91,5.1,Completed
173078,20,2016-04-29,RAV4,57645.99,5.77,Pending
173079,9,2016-04-08,Tundra,43822.31,4.4,Completed
173080,6,2016-04-10,Corolla,23436.91,3.86,Completed
173081,16,2016-04-26,Tacoma,59263.5,6.06,Completed
173082,17,2016-04-25,Camry,33521.4,4.51,Completed
173083,20,2016-04-07,Prius,39267.75,5.77,Completed
173084,9,2016-04-05,RAV4,40326.13,4.4,Completed
173085,3,2016-04-24,Tundra,69724.06,5.69,Completed
173086,10,2016-04-24,Tundra,49706.47,4.88,Completed
173087,2,2016-04-12,Corolla,28581.91,4.0,Completed
173088,8,2016-04-19,Sienna,57742.86,5.84,Completed
173089,19,2016-04-28,Corolla,29952.69,5.48,Completed
173090,2,2016-04-29,Sienna,45040.5,4.0,Completed
173091,12,2016-04-28,Highlander,74733.76,5.65,Completed
173092,17,2016-04-28,Corolla,24402.12,4.51,Pending
173093,6,2016-04-28,Camry,35467.5,3.86,Completed
173094,2,2016-04-02,Sienna,48626.73,4.0,Completed
173095,20,2016-04-11,Camry,47977.11,5.77,Completed
173096,15,2016-04-05,Highlander,86618.67,4.86,Completed
173097,11,2016-04-20,Corolla,24292.86,4.16,Completed
173098,12,2016-04-06,Tundra,58122.35,5.65,Completed
173099,6,2016-04-14,RAV4,37358.92,3.86,Completed
173100,14,2016-04-14,RAV4,57602.33,5.1,Pending
173101,15,2016-04-19,Highlander,78097.96,4.86,Completed
173102,3,2016-04-01,Prius,41359.69,5.69,Completed
173103,11,2016-04-02,Highlander,63558.08,4.16,Completed
173104,19,2016-04-23,Tundra,56800.46,5.48,Completed
173105,7,2016-04-09,Prius,40330.07,5.39,Completed
173106,13,2016-04-17,Tacoma,58872.71,5.61,Completed
173107,14,2016-04-21,Camry,48656.11,5.1,Completed
173108,14,2016-04-18,Tacoma,54393.77,5.1,Completed
173109,15,2016-04-27,RAV4,51520.79,4.86,Completed
173110,16,2016-04-04,RAV4,53549.28,6.06,Completed
173111,2,2016-04-06,RAV4,45486.14,4.0,Completed
173112,6,2016-04-11,Corolla,24221.58,3.86,Completed
173113,1,2016-04-14,Sienna,57078.24,5.24,Completed
173114,9,2016-04-05,Prius,28751.27,4.4,Completed
173115,4,2016-04-20,Highlander,58658.77,3.81,Completed
173116,10,2016-04-04,Highlander,59518.87,4.88,Pending
173117,18,2016-04-17,Tundra,70156.16,5.68,Completed
173118,14,2016-04-09,Corolla,32164.29,5.1,Completed
173119,8,2016-04-30,Highlander,84052.23,5.84,Completed
173120,2,2016-04-03,Corolla,27601.34,4.0,Completed
173121,5,2016-04-08,Highlander,72932.0,5.34,Completed
173122,12,2016-04-19,Corolla,34229.4,5.65,Completed
173123,15,2016-04-18,Tacoma,48444.08,4.86,Completed
173124,6,2016-04-01,Corolla,27508.26,3.86,Completed
173125,17,2016-04-16,Prius,26353.18,4.51,Completed
173126,9,2016-04-17,Prius,28844.64,4.4,Completed
173127,18,2016-04-12,RAV4,56981.27,5.68,Cancelled
173128,20,2016-04-16,Tacoma,56703.31,5.77,Pending
173129,17,2016-04-29,RAV4,39750.77,4.51,Completed
173130,18,2016-04-03,Tundra,71676.9,5.68,Completed
173131,20,2016-04-26,Tacoma,56421.86,5.77,Completed
173132,14,2016-04-19,Sienna,55296.61,5.1,Completed
173133,11,2016-04-15,Tacoma,36792.21,4.16,Completed
173134,13,2016-04-24,Tundra,71333.06,5.61,Cancelled
173135,10,2016-04-26,Highlander,56873.27,4.88,Completed
173136,3,2016-04-23,Sienna,63549.31,5.69,Completed
173137,5,2016-04-20,RAV4,47414.87,5.34,Completed
173138,11,2016-04-18,Tundra,43267.47,4.16,Completed
173139,19,2016-04-27,Highlander,68219.76,5.48,Completed
173140,2,2016-04-08,Tundra,49995.48,4.0,Completed
173141,7,2016-04-11,RAV4,54869.35,5.39,Completed
173142,15,2016-04-22,Camry,47223.3,4.86,Completed
173143,4,2016-04-09,Sienna,41249.26,3.81,Completed
173144,9,2016-04-14,Sienna,45587.52,4.4,Completed
173145,15,2016-04-02,Tacoma,51922.39,4.86,Completed
173146,11,2016-04-02,Tundra,46980.52,4.16,Pending
173147,2,2016-04-08,Prius,31250.45,4.0,Completed
173148,15,2016-04-17,Corolla,36407.58,4.86,Completed
173149,20,2016-04-01,Prius,43774.72,5.77,Completed
173150,4,2016-04-06,Sienna,47855.13,3.81,Completed
173151,15,2016-04-21,Prius,41987.04,4.86,Completed
173152,2,2016-04-28,RAV4,45350.15,4.0,Completed
173153,5,2016-04-05,Corolla,29640.81,5.34,Completed
173154,2,2016-04-23,Corolla,26503.35,4.0,Completed
173155,11,2016-04-02,Tundra,42435.96,4.16,Completed
173156,7,2016-04-29,Tacoma,54211.49,5.39,Completed
173157,18,2016-04-09,Tacoma,62761.85,5.68,Completed
173158,17,2016-04-09,Corolla,26847.92,4.51,Completed
173159,3,2016-04-01,Prius,45798.15,5.69,Completed
173160,16,2016-04-24,Corolla,35439.91,6.06,Completed
173161,12,2016-04-29,Corolla,35579.74,5.65,Completed
173162,9,2016-04-07,Prius,31449.45,4.4,Completed
173163,13,2016-04-22,Highlander,92100.17,5.61,Completed
173164,8,2016-04-06,Highlander,73448.44,5.84,Completed
173165,15,2016-04-29,Sienna,60430.25,4.86,Completed
173166,16,2016-04-19,Corolla,36828.24,6.06,Completed
173167,19,2016-04-14,Highlander,66004.13,5.48,Pending
173168,13,2016-04-21,Prius,38761.1,5.61,Completed
173169,10,2016-04-11,Sienna,48598.57,4.88,Completed
173170,7,2016-04-19,Camry,55113.22,5.39,Completed
173171,17,2016-04-22,Prius,30636.84,4.51,Completed
173172,10,2016-04-10,Highlander,58726.79,4.88,Completed
173173,8,2016-04-29,Sienna,61528.89,5.84,Completed
173174,6,2016-04-14,Prius,29288.1,3.86,Completed
173175,5,2016-04-05,Sienna,49963.03,5.34,Completed
173176,17,2016-04-26,RAV4,40491.75,4.51,Completed
173177,8,2016-04-09,Sienna,66764.84,5.84,Completed
173178,2,2016-04-04,Prius,29856.15,4.0,Completed
173179,17,2016-04-06,RAV4,43898.56,4.51,Completed
173180,12,2016-04-20,Highlander,85999.9,5.65,Completed
173181,12,2016-04-22,Corolla,35314.16,5.65,Completed
173182,4,2016-04-16,Prius,26347.61,3.81,Completed
173183,6,2016-04-03,Corolla,24893.65,3.86,Completed
173184,7,2016-04-13,RAV4,59092.9,5.39,Completed
173185,20,2016-04-30,Sienna,58685.89,5.77,Completed
173186,12,2016-04-11,Prius,36759.84,5.65,Completed
173187,3,2016-04-28,Sienna,63661.01,5.69,Completed
173188,2,2016-04-10,Highlander,67758.09,4.0,Completed
173189,17,2016-04-15,Corolla,26992.27,4.51,Completed
173190,19,2016-04-14,RAV4,49113.1,5.48,Completed
173191,12,2016-04-24,Sienna,68718.74,5.65,Completed
173192,18,2016-04-17,Corolla,40100.42,5.68,Pending
173193,1,2016-04-10,Highlander,61922.64,5.24,Completed
173194,10,2016-04-06,Corolla,26386.32,4.88,Completed
173195,10,2016-04-03,Camry,37352.71,4.88,Completed
173196,9,2016-04-04,Sienna,45388.51,4.4,Completed
173197,17,2016-04-20,Sienna,45758.93,4.51,Completed
173198,7,2016-04-05,Sienna,64114.88,5.39,Completed
173199,1,2016-04-02,Sienna,53599.48,5.24,Completed
173200,13,2016-04-30,Sienna,66991.48,5.61,Completed
173201,2,2016-04-18,Sienna,49268.45,4.0,Completed
173202,19,2016-04-21,RAV4,51959.54,5.48,Completed
173203,17,2016-04-20,RAV4,38359.0,4.51,Completed
173204,4,2016-04-30,Sienna,44789.66,3.81,Completed
173205,18,2016-04-14,RAV4,56670.71,5.68,Completed
173206,13,2016-04-14,Prius,43461.39,5.61,Completed
173207,7,2016-04-29,Highlander,86073.13,5.39,Completed
173208,9,2016-04-07,RAV4,45732.68,4.4,Completed
173209,2,2016-04-05,Prius,32092.31,4.0,Completed
173210,4,2016-04-23,Camry,32057.66,3.81,Completed
173211,2,2016-04-26,Tacoma,40169.82,4.0,Completed
173212,9,2016-04-21,Tacoma,39358.6,4.4,Completed
173213,7,2016-04-14,Corolla,38120.18,5.39,Completed
173214,15,2016-04-04,RAV4,58125.78,4.86,Completed
173215,17,2016-04-25,Prius,28327.76,4.51,Completed
173216,12,2016-04-24,Tacoma,56809.22,5.65,Completed
173217,1,2016-04-03,Prius,34377.76,5.24,Completed
173218,5,2016-04-09,Tundra,50055.55,5.34,Completed
173219,14,2016-04-16,Sienna,62168.38,5.1,Completed
173220,7,2016-04-28,Tundra,65009.89,5.39,Completed
173221,12,2016-04-22,RAV4,56064.37,5.65,Completed
173222,9,2016-04-30,Camry,34359.63,4.4,Completed
173223,3,2016-04-15,Tundra,66697.2,5.69,Completed
173224,4,2016-04-11,Camry,36098.38,3.81,Completed
173225,2,2016-04-06,Camry,39590.08,4.0,Completed
173226,4,2016-04-28,Highlander,55012.02,3.81,Completed
173227,14,2016-04-02,Highlander,74061.43,5.1,Completed
173228,19,2016-04-04,Camry,42644.12,5.48,Completed
173229,2,2016-04-29,Tundra,44887.0,4.0,Completed
173230,10,2016-04-08,Camry,35622.02,4.88,Completed
173231,2,2016-04-25,Tacoma,39758.53,4.0,Completed
173232,20,2016-04-27,RAV4,53966.97,5.77,Completed
173233,18,2016-04-14,Tacoma,52618.64,5.68,Completed
173234,20,2016-04-21,RAV4,53534.94,5.77,Completed
173235,5,2016-04-03,Tacoma,46007.8,5.34,Completed
173236,9,2016-04-19,Corolla,28716.29,4.4,Completed
173237,19,2016-04-21,Sienna,54971.38,5.48,Pending
173238,2,2016-04-11,Tundra,46725.07,4.0,Completed
173239,18,2016-04-18,Highlander,82752.68,5.68,Completed
173240,17,2016-04-04,Sienna,44355.81,4.51,Completed
173241,20,2016-04-22,Corolla,37701.07,5.77,Completed
173242,15,2016-04-14,Camry,51236.61,4.86,Completed
173243,1,2016-04-28,Corolla,27804.04,5.24,Completed
173244,20,2016-04-23,Tacoma,55557.02,5.77,Completed
173245,20,2016-04-19,Sienna,65382.69,5.77,Completed
173246,4,2016-04-25,Camry,35361.46,3.81,Completed
173247,12,2016-04-10,Camry,51086.04,5.65,Completed
173248,18,2016-04-07,Highlander,82033.34,5.68,Completed
173249,2,2016-04-02,RAV4,46740.75,4.0,Completed
173250,2,2016-04-28,Camry,38690.91,4.0,Completed
173251,14,2016-04-25,Tacoma,51427.87,5.1,Completed
173252,19,2016-04-04,Highlander,74171.05,5.48,Pending
173253,3,2016-04-17,Tacoma,55285.34,5.69,Pending
173254,20,2016-04-13,RAV4,60378.2,5.77,Completed
173255,4,2016-04-15,Corolla,23062.82,3.81,Completed
173256,3,2016-04-01,Tundra,68901.74,5.69,Completed
173257,16,2016-04-10,Prius,42986.14,6.06,Completed
173258,11,2016-04-13,Highlander,57984.54,4.16,Completed
173259,14,2016-04-25,Camry,44138.78,5.1,Completed
173260,17,2016-04-14,Tundra,41681.52,4.51,Completed
173261,16,2016-04-17,RAV4,60342.45,6.06,Completed
173262,2,2016-04-09,Corolla,27657.51,4.0,Completed
173263,20,2016-04-28,Tacoma,49606.23,5.77,Completed
173264,13,2016-04-09,Tundra,69687.26,5.61,Completed
173265,9,2016-04-30,RAV4,39629.23,4.4,Completed
173266,12,2016-04-30,RAV4,58181.87,5.65,Completed
173267,13,2016-04-16,Prius,40873.37,5.61,Completed
173268,7,2016-04-22,Sienna,63116.23,5.39,Completed
173269,4,2016-04-24,Corolla,27311.03,3.81,Completed
173270,1,2016-04-22,Highlander,63761.65,5.24,Completed
173271,6,2016-04-20,Sienna,41043.27,3.86,Completed
173272,19,2016-04-14,Highlander,70892.53,5.48,Completed
173273,10,2016-04-01,Corolla,27627.58,4.88,Completed
173274,11,2016-04-27,RAV4,41031.66,4.16,Completed
173275,16,2016-04-12,Camry,51346.93,6.06,Completed
173276,2,2016-04-13,Prius,32457.19,4.0,Completed
173277,5,2016-04-02,Prius,34866.23,5.34,Completed
173278,9,2016-04-30,Sienna,42990.16,4.4,Completed
173279,9,2016-04-22,Prius,29373.98,4.4,Completed
173280,13,2016-04-10,Sienna,62635.57,5.61,Completed
173281,12,2016-04-06,Highlander,86241.94,5.65,Completed
173282,10,2016-04-04,Highlander,61913.54,4.88,Completed
173283,16,2016-04-15,Prius,39996.28,6.06,Completed
173284,7,2016-04-24,Tundra,64426.16,5.39,Completed
173285,7,2016-04-12,Tacoma,49518.13,5.39,Completed
173286,16,2016-04-28,Prius,43042.74,6.06,Completed
173287,15,2016-04-09,Highlander,86942.34,4.86,Completed
173288,3,2016-04-04,Tacoma,51886.53,5.69,Completed
173289,4,2016-04-06,Tacoma,38593.38,3.81,Completed
173290,16,2016-04-26,Prius,38503.66,6.06,Completed
173291,2,2016-04-30,Camry,36110.98,4.0,Completed
173292,16,2016-04-11,Tacoma,53747.12,6.06,Completed
173293,6,2016-04-10,RAV4,36973.33,3.86,Pending
173294,19,2016-04-29,Sienna,54612.65,5.48,Completed
173295,12,2016-04-04,RAV4,55570.79,5.65,Completed
173296,15,2016-04-13,Sienna,63147.9,4.86,Completed
173297,13,2016-04-03,RAV4,60272.94,5.61,Cancelled
173298,9,2016-04-19,Prius,28821.47,4.4,Completed
173299,16,2016-04-19,Tundra,59879.93,6.06,Completed
173300,19,2016-04-21,Tundra,53459.87,5.48,Completed
173301,16,2016-04-07,Tundra,61585.49,6.06,Completed
173302,17,2016-04-04,Sienna,42991.33,4.51,Completed
173303,9,2016-04-17,Corolla,27301.8,4.4,Completed
173304,12,2016-04-04,Corolla,38091.96,5.65,Completed
173305,1,2016-04-26,Tacoma,41565.02,5.24,Completed
173306,17,2016-04-14,Tacoma,39520.19,4.51,Completed
173307,14,2016-04-06,RAV4,58202.43,5.1,Completed
173308,2,2016-04-19,Tundra,52611.5,4.0,Completed
173309,8,2016-04-17,RAV4,54713.79,5.84,Completed
173310,5,2016-04-22,Camry,45469.23,5.34,Completed
173311,11,2016-04-07,Tundra,43615.08,4.16,Completed
173312,16,2016-04-28,Sienna,64498.72,6.06,Completed
173313,7,2016-04-22,Tundra,70613.24,5.39,Completed
173314,7,2016-04-12,Highlander,80635.45,5.39,Completed
173315,11,2016-04-29,Highlander,62048.1,4.16,Completed
173316,13,2016-04-23,Tundra,62343.1,5.61,Completed
173317,10,2016-04-03,Tacoma,38932.76,4.88,Completed
173318,16,2016-04-20,Highlander,75251.3,6.06,Completed
173319,7,2016-04-21,RAV4,57647.46,5.39,Cancelled
173320,19,2016-04-03,Camry,40249.9,5.48,Completed
173321,2,2016-04-22,Tundra,46126.18,4.0,Completed
173322,16,2016-04-09,Sienna,63668.09,6.06,Completed
173323,1,2016-04-07,Prius,33794.34,5.24,Completed
173324,7,2016-04-07,Tacoma,56603.57,5.39,Completed
173325,15,2016-04-13,Tacoma,55019.98,4.86,Completed
173326,14,2016-04-06,Corolla,33380.05,5.1,Completed
173327,16,2016-04-10,Tacoma,56800.3,6.06,Completed
173328,1,2016-04-19,Tacoma,45675.17,5.24,Completed
173329,4,2016-04-10,Tundra,47783.95,3.81,Completed
173330,1,2016-04-10,Prius,37296.49,5.24,Completed
173331,15,2016-04-20,Prius,38432.08,4.86,Completed
173332,19,2016-04-03,Corolla,30869.03,5.48,Completed
173333,4,2016-04-30,Tacoma,38862.3,3.81,Completed
173334,8,2016-04-07,Prius,38818.64,5.84,Completed
173335,15,2016-04-08,RAV4,58855.59,4.86,Completed
173336,8,2016-04-17,Camry,53000.4,5.84,Completed
173337,15,2016-04-09,Camry,48183.31,4.86,Completed
173338,14,2016-04-29,Corolla,36695.9,5.1,Completed
173339,20,2016-04-29,RAV4,57372.23,5.77,Completed
173340,3,2016-04-20,Sienna,62198.7,5.69,Completed
173341,3,2016-04-06,Sienna,64070.87,5.69,Completed
173342,19,2016-04-24,Sienna,51856.63,5.48,Completed
173343,4,2016-04-04,Tundra,46525.38,3.81,Completed
173344,16,2016-04-24,RAV4,60423.01,6.06,Pending
173345,5,2016-04-23,Prius,34425.0,5.34,Completed
173346,3,2016-04-21,Tundra,60049.36,5.69,Completed
173347,11,2016-04-18,Tundra,45540.26,4.16,Completed
173348,4,2016-04-20,Tacoma,39271.27,3.81,Completed
173349,11,2016-04-28,Tundra,48633.65,4.16,Completed
173350,6,2016-04-30,Sienna,44133.44,3.86,Completed
173351,1,2016-04-12,Prius,32838.69,5.24,Completed
173352,6,2016-04-10,Prius,27626.66,3.86,Completed
173353,3,2016-04-14,Sienna,68096.75,5.69,Completed
173354,8,2016-04-27,Camry,53712.81,5.84,Completed
173355,15,2016-04-08,Camry,51483.71,4.86,Cancelled
173356,19,2016-04-11,Tacoma,50529.13,5.48,Completed
173357,5,2016-04-21,Prius,36934.94,5.34,Completed
173358,3,2016-04-20,Highlander,91265.31,5.69,Completed
173359,5,2016-04-25,Sienna,51190.96,5.34,Completed
173360,8,2016-04-26,Camry,47402.79,5.84,Completed
173361,7,2016-04-22,Camry,50922.78,5.39,Completed
173362,12,2016-04-06,Corolla,36477.83,5.65,Completed
173363,9,2016-04-29,Sienna,41391.1,4.4,Completed
173364,1,2016-04-16,RAV4,47712.82,5.24,Completed
173365,9,2016-04-01,Prius,28382.75,4.4,Completed
173366,16,2016-04-18,Corolla,36059.54,6.06,Completed
173367,15,2016-04-27,Tundra,66899.43,4.86,Completed
173368,2,2016-04-16,RAV4,44841.11,4.0,Completed
173369,11,2016-04-24,Camry,35197.83,4.16,Completed
173370,4,2016-04-22,Sienna,47133.72,3.81,Completed
173371,5,2016-04-25,RAV4,47037.05,5.34,Completed
173372,17,2016-04-03,Camry,32725.59,4.51,Completed
173373,11,2016-04-12,Prius,31973.84,4.16,Completed
173374,16,2016-04-08,Camry,54753.8,6.06,Completed
173375,2,2016-04-24,Tacoma,42028.23,4.0,Completed
173376,8,2016-04-17,Tacoma,51028.71,5.84,Completed
173377,9,2016-04-02,RAV4,45268.35,4.4,Completed
173378,14,2016-04-23,Corolla,31334.19,5.1,Completed
173379,8,2016-04-17,Tacoma,50316.42,5.84,Completed
173380,17,2016-04-03,Highlander,56689.96,4.51,Completed
173381,16,2016-04-24,Camry,47463.27,6.06,Completed
173382,15,2016-04-26,Sienna,60741.31,4.86,Completed
173383,3,2016-04-29,RAV4,66213.65,5.69,Completed
173384,16,2016-04-15,Corolla,34981.12,6.06,Completed
173385,3,2016-04-09,Tundra,64806.48,5.69,Completed
173386,5,2016-04-23,Camry,38797.79,5.34,Completed
173387,8,2016-04-04,Sienna,64863.15,5.84,Completed
173388,16,2016-04-08,Tundra,63573.22,6.06,Completed
173389,20,2016-04-02,Tacoma,51101.79,5.77,Completed
173390,13,2016-04-23,RAV4,66028.36,5.61,Completed
173391,4,2016-04-03,Sienna,46586.49,3.81,Completed
173392,7,2016-04-08,Tacoma,53103.98,5.39,Completed
173393,14,2016-04-03,Prius,43244.77,5.1,Completed
173394,3,2016-04-22,Sienna,62868.54,5.69,Completed
173395,16,2016-04-05,Sienna,68143.57,6.06,Cancelled
173396,4,2016-04-21,Highlander,56117.56,3.81,Completed
173397,16,2016-04-30,Tundra,71393.16,6.06,Completed
173398,4,2016-04-06,Tacoma,39750.53,3.81,Completed
173399,9,2016-04-14,Tundra,46261.89,4.4,Completed
173400,1,2016-04-07,Tacoma,46071.8,5.24,Completed
173401,10,2016-04-29,Camry,38485.75,4.88,Completed
173402,13,2016-04-01,Corolla,38416.7,5.61,Completed
173403,20,2016-04-11,Tacoma,55051.12,5.77,Completed
173404,20,2016-04-02,Camry,45154.71,5.77,Completed
173405,10,2016-04-07,Corolla,27667.07,4.88,Completed
173406,2,2016-04-07,Tacoma,41915.3,4.0,Completed
173407,17,2016-04-17,Highlander,60511.58,4.51,Completed
173408,18,2016-04-09,Tacoma,57432.06,5.68,Completed
173409,20,2016-04-05,Corolla,34628.66,5.77,Completed
173410,10,2016-04-02,Tundra,50271.45,4.88,Completed
173411,9,2016-04-02,Camry,33190.05,4.4,Completed
173412,4,2016-04-25,RAV4,43366.79,3.81,Completed
173413,17,2016-04-09,Prius,28365.48,4.51,Completed
173414,15,2016-04-06,Tundra,56723.01,4.86,Completed
173415,9,2016-04-23,RAV4,43707.97,4.4,Completed
173416,3,2016-04-13,RAV4,60901.46,5.69,Completed
173417,9,2016-04-28,Corolla,24367.61,4.4,Completed
173418,14,2016-04-06,Sienna,60750.21,5.1,Completed
173419,5,2016-04-17,Prius,36794.99,5.34,Completed
173420,19,2016-04-27,Corolla,34511.98,5.48,Completed
173421,14,2016-04-10,Corolla,32958.09,5.1,Completed
173422,8,2016-04-14,RAV4,55733.56,5.84,Completed
173423,12,2016-04-16,Highlander,74894.48,5.65,Completed
173424,11,2016-04-10,Sienna,45048.7,4.16,Completed
173425,6,2016-04-07,Highlander,60323.64,3.86,Completed
173426,19,2016-04-04,Sienna,55835.48,5.48,Completed
173427,11,2016-04-07,RAV4,42752.16,4.16,Completed
173428,5,2016-04-23,Highlander,75035.59,5.34,Completed
173429,17,2016-04-10,Sienna,46865.93,4.51,Completed
173430,5,2016-04-22,Camry,40456.14,5.34,Completed
173431,4,2016-04-10,Prius,26753.05,3.81,Completed
173432,9,2016-04-21,Prius,30802.94,4.4,Completed
173433,2,2016-04-30,Prius,31413.64,4.0,Completed
173434,6,2016-04-23,RAV4,37491.96,3.86,Completed
173435,1,2016-04-24,Prius,34090.72,5.24,Completed
173436,9,2016-04-02,Camry,39385.23,4.4,Completed
173437,13,2016-04-20,Camry,56053.63,5.61,Completed
173438,2,2016-04-22,Tundra,43809.6,4.0,Completed
173439,9,2016-04-02,Tundra,44924.95,4.4,Completed
173440,19,2016-04-08,Highlander,65584.67,5.48,Completed
173441,10,2016-04-03,Prius,32504.59,4.88,Completed
173442,3,2016-04-06,Tacoma,60419.31,5.69,Completed
173443,16,2016-04-29,Sienna,68390.91,6.06,Cancelled
173444,14,2016-04-17,Tundra,57489.3,5.1,Completed
173445,10,2016-04-12,RAV4,39637.69,4.88,Completed
173446,5,2016-04-05,Camry,39609.63,5.34,Completed
173447,4,2016-04-11,Prius,28237.07,3.81,Completed
173448,10,2016-04-19,Camry,36190.26,4.88,Completed
173449,2,2016-04-21,Tundra,44661.56,4.0,Completed
173450,15,2016-04-22,RAV4,61464.03,4.86,Pending
173451,17,2016-04-15,Highlander,53186.82,4.51,Completed
173452,18,2016-04-27,Corolla,40010.5,5.68,Completed
173453,19,2016-04-26,Sienna,53702.25,5.48,Completed
173454,3,2016-04-03,Highlander,82743.65,5.69,Completed
173455,5,2016-04-06,Camry,44404.09,5.34,Completed
173456,20,2016-04-20,Highlander,87262.03,5.77,Completed
173457,12,2016-04-30,Sienna,67852.59,5.65,Completed
173458,14,2016-04-21,Camry,47222.52,5.1,Completed
173459,14,2016-04-02,Tundra,55867.01,5.1,Completed
173460,5,2016-04-30,Sienna,50265.49,5.34,Completed
173461,8,2016-04-29,RAV4,58242.34,5.84,Completed
173462,8,2016-04-04,Tacoma,55288.52,5.84,Completed
173463,1,2016-04-18,Tundra,53680.73,5.24,Completed
173464,1,2016-04-20,Tacoma,41030.59,5.24,Completed
173465,17,2016-04-26,RAV4,42245.56,4.51,Completed
173466,2,2016-04-25,Tundra,51959.94,4.0,Completed
173467,13,2016-04-08,Prius,45348.98,5.61,Completed
173468,13,2016-04-28,Sienna,67742.69,5.61,Completed
173469,3,2016-04-12,Tacoma,57469.85,5.69,Completed
173470,20,2016-04-19,Corolla,38475.0,5.77,Completed
173471,9,2016-04-24,Prius,28481.6,4.4,Completed
173472,12,2016-04-07,Tundra,63267.53,5.65,Completed
173473,6,2016-04-09,Tacoma,35565.28,3.86,Completed
173474,6,2016-04-23,Tacoma,34203.92,3.86,Completed
173475,18,2016-04-29,RAV4,60551.64,5.68,Completed
173476,16,2016-04-16,Camry,48233.61,6.06,Completed
173477,17,2016-04-02,Prius,28684.24,4.51,Completed
173478,15,2016-04-27,RAV4,54882.14,4.86,Completed
173479,12,2016-04-09,Prius,41794.09,5.65,Completed
173480,3,2016-04-23,Camry,49847.46,5.69,Completed
173481,20,2016-04-20,Prius,38555.26,5.77,Completed
173482,3,2016-04-16,Sienna,65281.76,5.69,Completed
173483,6,2016-04-20,RAV4,42327.09,3.86,Completed
173484,5,2016-04-10,Prius,34441.97,5.34,Completed
173485,14,2016-04-21,Camry,43725.48,5.1,Completed
173486,3,2016-04-01,RAV4,58947.9,5.69,Completed
173487,20,2016-04-04,Sienna,60013.99,5.77,Completed
173488,5,2016-04-22,Camry,43921.07,5.34,Completed
173489,20,2016-04-10,Highlander,74089.53,5.77,Completed
173490,10,2016-04-12,Tacoma,38377.79,4.88,Completed
173491,17,2016-04-10,RAV4,38439.84,4.51,Completed
173492,5,2016-04-27,RAV4,50791.66,5.34,Completed
173493,20,2016-04-22,Corolla,37671.12,5.77,Completed
173494,18,2016-04-15,Tacoma,55667.3,5.68,Completed
173495,2,2016-04-30,Tacoma,37160.75,4.0,Completed
173496,15,2016-04-03,RAV4,58941.73,4.86,Completed
173497,6,2016-04-06,Highlander,60190.74,3.86,Completed
173498,13,2016-04-30,Tacoma,57422.88,5.61,Completed
173499,17,2016-04-20,Tacoma,39141.18,4.51,Completed
173500,18,2016-04-26,Tacoma,55708.42,5.68,Completed
173501,1,2016-04-04,Sienna,49498.51,5.24,Completed
173502,15,2016-04-09,Camry,46771.38,4.86,Completed
173503,9,2016-04-16,Camry,32754.25,4.4,Completed
173504,7,2016-04-16,RAV4,55443.32,5.39,Completed
173505,19,2016-04-02,Corolla,29017.22,5.48,Completed
173506,4,2016-04-13,Camry,35820.38,3.81,Completed
173507,14,2016-04-13,RAV4,60482.37,5.1,Completed
173508,5,2016-04-26,RAV4,46227.59,5.34,Completed
173509,2,2016-04-08,Tacoma,37359.67,4.0,Completed
173510,20,2016-04-20,Corolla,35587.28,5.77,Completed
173511,6,2016-04-22,Sienna,47376.44,3.86,Completed
173512,4,2016-04-07,Camry,37535.37,3.81,Completed
173513,1,2016-04-22,Tacoma,42782.5,5.24,Completed
173514,20,2016-04-17,Camry,51307.67,5.77,Completed
173515,12,2016-04-23,Tacoma,50298.85,5.65,Completed
173516,1,2016-04-01,RAV4,52903.75,5.24,Completed
173517,10,2016-04-03,Corolla,25338.91,4.88,Pending
173518,17,2016-04-15,RAV4,38366.55,4.51,Completed
173519,10,2016-04-04,RAV4,40184.94,4.88,Completed
173520,15,2016-04-26,Prius,41082.4,4.86,Cancelled
173521,11,2016-04-07,Tacoma,35729.28,4.16,Completed
173522,9,2016-04-07,Camry,35057.95,4.4,Completed
173523,5,2016-04-01,Tacoma,42991.43,5.34,Completed
173524,6,2016-04-28,Sienna,43827.59,3.86,Completed
173525,8,2016-04-10,Highlander,77846.06,5.84,Completed
173526,15,2016-04-07,Prius,38228.78,4.86,Completed
173527,20,2016-04-25,Highlander,82520.65,5.77,Completed
173528,5,2016-04-15,RAV4,50902.09,5.34,Pending
173529,9,2016-04-11,Prius,30826.09,4.4,Completed
173530,17,2016-04-04,Highlander,57712.55,4.51,Completed
173531,2,2016-04-28,Prius,31661.44,4.0,Completed
173532,18,2016-04-21,Camry,52088.61,5.68,Completed
173533,4,2016-04-24,Sienna,47639.27,3.81,Completed
173534,17,2016-04-04,Prius,27530.43,4.51,Completed
173535,16,2016-04-24,Tundra,61475.54,6.06,Completed
173536,16,2016-04-07,Prius,43054.32,6.06,Completed
173537,17,2016-04-06,RAV4,40040.03,4.51,Completed
173538,18,2016-04-23,Tacoma,53418.16,5.68,Completed
173539,4,2016-04-22,Tundra,45696.97,3.81,Completed
173540,9,2016-04-02,Highlander,62135.56,4.4,Completed
173541,15,2016-04-25,Prius,36977.17,4.86,Completed
173542,19,2016-04-09,Highlander,66873.01,5.48,Completed
173543,16,2016-04-30,Camry,49386.79,6.06,Completed
173544,12,2016-04-06,Prius,42366.88,5.65,Completed
173545,9,2016-04-25,Highlander,58503.94,4.4,Completed
173546,3,2016-04-03,Corolla,35738.77,5.69,Completed
173547,3,2016-04-14,Camry,50492.23,5.69,Completed
173548,1,2016-04-18,Camry,43295.67,5.24,Completed
173549,14,2016-04-05,Corolla,35262.34,5.1,Completed
173550,1,2016-04-07,RAV4,46523.23,5.24,Completed
173551,19,2016-04-24,Sienna,55241.96,5.48,Completed
173552,10,2016-04-10,Highlander,58989.67,4.88,Completed
173553,9,2016-04-27,Corolla,25279.72,4.4,Completed
173554,13,2016-04-15,Tacoma,59428.86,5.61,Completed
173555,12,2016-04-23,Prius,38032.49,5.65,Completed
173556,5,2016-04-19,Sienna,54414.23,5.34,Completed
173557,10,2016-04-08,Tundra,43365.85,4.88,Completed
173558,5,2016-04-09,Prius,35773.69,5.34,Completed
173559,17,2016-04-22,Tundra,40204.62,4.51,Completed
173560,8,2016-04-14,Tundra,62724.21,5.84,Completed
173561,10,2016-04-11,Sienna,44230.8,4.88,Completed
173562,8,2016-04-02,Tacoma,57727.32,5.84,Completed
173563,2,2016-04-01,Camry,36127.88,4.0,Completed
173564,12,2016-04-15,Sienna,64768.95,5.65,Completed
173565,17,2016-04-09,Corolla,25316.18,4.51,Completed
173566,3,2016-04-22,Camry,49807.35,5.69,Completed
173567,12,2016-04-22,Tundra,60460.41,5.65,Completed
173568,19,2016-04-29,Camry,45546.12,5.48,Completed
173569,16,2016-04-29,Tacoma,53772.99,6.06,Completed
173570,20,2016-04-11,Highlander,79062.57,5.77,Completed
173571,10,2016-04-03,Highlander,59530.78,4.88,Completed
173572,19,2016-04-14,RAV4,53998.3,5.48,Completed
173573,9,2016-04-23,Highlander,57587.78,4.4,Completed
173574,3,2016-04-22,Tundra,68490.63,5.69,Completed
173575,11,2016-04-21,Prius,30005.59,4.16,Completed
173576,15,2016-04-29,Camry,53648.59,4.86,Completed
173577,20,2016-04-08,Camry,54283.6,5.77,Completed
173578,1,2016-04-29,Corolla,27532.75,5.24,Completed
173579,6,2016-04-10,Sienna,44733.65,3.86,Completed
173580,16,2016-04-07,Camry,52005.69,6.06,Completed
173581,15,2016-04-11,Tundra,61617.65,4.86,Completed
173582,18,2016-04-02,Sienna,66412.74,5.68,Completed
173583,3,2016-04-15,Tundra,71112.58,5.69,Completed
173584,3,2016-04-19,Prius,45355.62,5.69,Completed
173585,10,2016-04-21,Tundra,47599.4,4.88,Completed
173586,18,2016-04-21,Highlander,82173.55,5.68,Completed
173587,5,2016-04-26,RAV4,51722.99,5.34,Completed
173588,11,2016-04-12,Prius,28149.99,4.16,Completed
173589,8,2016-04-14,Corolla,33056.61,5.84,Completed
173590,10,2016-04-29,Prius,28987.36,4.88,Completed
173591,2,2016-04-26,Tundra,44105.34,4.0,Completed
173592,20,2016-04-17,Prius,41722.14,5.77,Completed
173593,2,2016-04-08,Corolla,26462.92,4.0,Completed
173594,3,2016-04-14,Prius,40816.65,5.69,Completed
173595,7,2016-04-07,Corolla,40119.39,5.39,Cancelled
173596,6,2016-04-23,Highlander,57747.04,3.86,Completed
173597,14,2016-04-30,Highlander,82670.92,5.1,Completed
173598,2,2016-04-21,Corolla,27551.59,4.0,Completed
173599,8,2016-04-24,Corolla,37810.75,5.84,Completed
173600,11,2016-04-13,Corolla,27515.16,4.16,Completed
173601,12,2016-04-29,RAV4,55819.93,5.65,Completed
173602,17,2016-04-29,Highlander,59709.53,4.51,Completed
173603,12,2016-04-03,RAV4,59439.26,5.65,Completed
173604,3,2016-04-25,Sienna,59946.82,5.69,Pending
173605,16,2016-04-10,Prius,42215.4,6.06,Completed
173606,12,2016-04-10,Camry,46433.79,5.65,Completed
173607,10,2016-04-03,Tacoma,42259.84,4.88,Completed
173608,12,2016-04-26,Tacoma,47552.57,5.65,Completed
173609,9,2016-04-03,Highlander,54489.24,4.4,Completed
173610,5,2016-04-14,RAV4,45771.06,5.34,Completed
173611,14,2016-04-14,Tacoma,54491.38,5.1,Pending
173612,15,2016-04-30,Tacoma,50330.81,4.86,Completed
173613,7,2016-04-25,Tacoma,49106.55,5.39,Completed
173614,15,2016-04-23,Sienna,66257.68,4.86,Completed
173615,5,2016-04-17,Corolla,28568.65,5.34,Completed
173616,7,2016-04-17,Tundra,64282.19,5.39,Completed
173617,7,2016-04-13,Tundra,59553.31,5.39,Completed
173618,6,2016-04-12,Corolla,23323.85,3.86,Completed
173619,15,2016-04-12,Prius,36671.22,4.86,Completed
173620,14,2016-04-20,Prius,36770.05,5.1,Completed
173621,11,2016-04-18,Corolla,24079.99,4.16,Completed
173622,9,2016-04-06,Tundra,41685.88,4.4,Completed
173623,4,2016-04-01,Tundra,48123.63,3.81,Completed
173624,4,2016-04-12,RAV4,42919.18,3.81,Completed
173625,11,2016-04-06,Corolla,28543.55,4.16,Completed
173626,16,2016-04-05,Sienna,70813.18,6.06,Completed
173627,8,2016-04-12,Corolla,38987.93,5.84,Completed
173628,7,2016-04-12,Tacoma,48928.18,5.39,Completed
173629,6,2016-04-30,Tacoma,38531.07,3.86,Completed
173630,13,2016-04-29,Prius,42818.82,5.61,Pending
173631,1,2016-04-23,Camry,44956.56,5.24,Completed
173632,17,2016-04-08,RAV4,41741.99,4.51,Completed
173633,7,2016-04-27,RAV4,64674.82,5.39,Completed
173634,15,2016-04-07,RAV4,57375.85,4.86,Completed
173635,4,2016-04-09,RAV4,37863.16,3.81,Completed
173636,1,2016-04-05,Tacoma,41677.07,5.24,Completed
173637,17,2016-04-04,Camry,33743.69,4.51,Completed
173638,8,2016-04-21,Sienna,61456.46,5.84,Completed
173639,11,2016-04-12,Tacoma,35937.44,4.16,Completed
173640,16,2016-04-22,Tundra,66823.52,6.06,Completed
173641,3,2016-04-15,Highlander,89781.19,5.69,Completed
173642,1,2016-04-03,Corolla,29472.65,5.24,Completed
173643,20,2016-04-07,Highlander,89359.63,5.77,Completed
173644,2,2016-04-24,Tundra,53127.01,4.0,Completed
173645,1,2016-04-28,Camry,40189.54,5.24,Completed
173646,8,2016-04-20,Prius,43122.12,5.84,Completed
173647,6,2016-04-19,Highlander,60815.19,3.86,Completed
173648,3,2016-04-28,Highlander,91952.52,5.69,Completed
173649,9,2016-04-16,Corolla,26848.53,4.4,Completed
173650,9,2016-04-21,Highlander,62653.96,4.4,Completed
173651,15,2016-04-17,Tacoma,57593.17,4.86,Completed
173652,6,2016-04-13,Sienna,47216.64,3.86,Completed
173653,2,2016-04-03,Tacoma,37162.44,4.0,Completed
173654,2,2016-04-10,Tundra,43776.22,4.0,Completed
173655,4,2016-04-03,Tundra,43029.45,3.81,Completed
173656,8,2016-04-12,Prius,41952.17,5.84,Completed
173657,18,2016-04-17,Tacoma,51819.45,5.68,Completed
173658,12,2016-04-15,Prius,43003.8,5.65,Completed
173659,4,2016-04-29,Sienna,42046.37,3.81,Completed
173660,1,2016-04-02,Tundra,48891.1,5.24,Completed
173661,5,2016-04-20,Tundra,52687.27,5.34,Completed
173662,15,2016-04-05,Prius,40751.43,4.86,Completed
173663,10,2016-04-07,RAV4,41075.73,4.88,Completed
173664,9,2016-04-24,RAV4,42564.43,4.4,Completed
173665,6,2016-04-06,Corolla,26980.9,3.86,Completed
173666,12,2016-04-29,Sienna,63310.45,5.65,Completed
173667,6,2016-04-08,Tundra,41839.87,3.86,Completed
173668,18,2016-04-20,Corolla,35983.87,5.68,Completed
173669,4,2016-04-04,Tacoma,35466.52,3.81,Completed
173670,19,2016-04-23,Sienna,53818.26,5.48,Completed
173671,12,2016-04-15,Sienna,63121.75,5.65,Completed
173672,18,2016-04-27,Highlander,85019.23,5.68,Completed
173673,5,2016-04-27,Camry,38179.87,5.34,Completed
173674,11,2016-04-02,Corolla,26565.77,4.16,Completed
173675,11,2016-04-21,Tacoma,42639.39,4.16,Completed
173676,7,2016-04-12,Tundra,61689.95,5.39,Completed
173677,4,2016-04-25,Tundra,40107.18,3.81,Completed
173678,15,2016-04-27,Corolla,38166.23,4.86,Pending
173679,4,2016-04-16,Camry,31920.91,3.81,Completed
173680,2,2016-04-09,Prius,30949.14,4.0,Completed
173681,12,2016-04-15,Highlander,79013.92,5.65,Completed
173682,3,2016-04-11,Tundra,70444.84,5.69,Completed
173683,13,2016-04-03,Corolla,40599.72,5.61,Completed
173684,9,2016-04-11,Highlander,63034.99,4.4,Completed
173685,4,2016-04-20,Sienna,42989.54,3.81,Completed
173686,4,2016-04-23,Tundra,44285.08,3.81,Completed
173687,4,2016-04-16,RAV4,43584.29,3.81,Completed
173688,11,2016-04-18,Sienna,42778.0,4.16,Completed
173689,10,2016-04-10,Corolla,29332.82,4.88,Completed
173690,7,2016-04-02,Camry,51208.33,5.39,Completed
173691,8,2016-04-15,Highlander,83088.6,5.84,Completed
173692,14,2016-04-06,Highlander,78864.01,5.1,Completed
173693,20,2016-04-08,Highlander,73447.68,5.77,Completed
173694,15,2016-04-04,Tundra,59261.4,4.86,Completed
173695,15,2016-04-27,Highlander,83659.1,4.86,Completed
173696,17,2016-04-14,Highlander,59616.53,4.51,Pending
173697,18,2016-04-11,Tundra,67028.67,5.68,Completed
173698,5,2016-04-18,Prius,34585.0,5.34,Completed
173699,19,2016-04-06,Tundra,54970.95,5.48,Pending
173700,8,2016-04-28,Tundra,65472.21,5.84,Completed
173701,13,2016-04-19,Highlander,78690.33,5.61,Completed
173702,11,2016-04-17,Highlander,54122.41,4.16,Completed
173703,16,2016-04-30,Tacoma,56222.38,6.06,Cancelled
173704,11,2016-04-08,Tacoma,38169.07,4.16,Completed
173705,17,2016-04-11,Sienna,47206.19,4.51,Completed
173706,19,2016-04-04,Tundra,50545.25,5.48,Completed
173707,4,2016-04-14,Camry,35062.06,3.81,Completed
173708,3,2016-04-30,Highlander,85871.48,5.69,Completed
173709,7,2016-04-11,Tundra,60789.64,5.39,Completed
173710,20,2016-04-26,Prius,40900.53,5.77,Completed
173711,9,2016-04-08,RAV4,38428.85,4.4,Completed
173712,6,2016-04-19,Camry,35912.28,3.86,Completed
173713,20,2016-04-15,Highlander,85562.29,5.77,Completed
173714,9,2016-04-12,Sienna,46260.19,4.4,Completed
173715,19,2016-04-30,Highlander,64534.82,5.48,Completed
173716,1,2016-04-01,Sienna,51713.74,5.24,Completed
173717,17,2016-04-28,RAV4,38794.39,4.51,Completed
173718,19,2016-04-30,Camry,42474.67,5.48,Completed
173719,3,2016-04-04,RAV4,63323.82,5.69,Completed
173720,17,2016-04-17,Tacoma,41041.94,4.51,Completed
173721,14,2016-04-02,Prius,36156.48,5.1,Completed
173722,20,2016-04-10,Camry,46465.04,5.77,Completed
173723,20,2016-04-05,Prius,39769.31,5.77,Completed
173724,13,2016-04-01,RAV4,66202.03,5.61,Completed
173725,15,2016-04-12,Camry,44563.38,4.86,Completed
173726,17,2016-04-04,Sienna,46901.21,4.51,Completed
173727,7,2016-04-13,Tundra,58171.01,5.39,Completed
173728,8,2016-04-20,Tundra,60075.23,5.84,Completed
173729,18,2016-04-30,Corolla,40254.23,5.68,Completed
173730,17,2016-04-24,Corolla,23585.09,4.51,Completed
173731,4,2016-04-14,Camry,34519.25,3.81,Completed
173732,20,2016-04-28,Sienna,60670.59,5.77,Completed
173733,1,2016-04-15,Corolla,31839.05,5.24,Completed
173734,3,2016-04-30,Prius,38988.62,5.69,Completed
173735,13,2016-04-15,Tacoma,60917.08,5.61,Completed
173736,19,2016-04-23,Tundra,52829.4,5.48,Completed
173737,18,2016-04-28,Tundra,73895.13,5.68,Completed
173738,18,2016-04-13,Corolla,39042.93,5.68,Completed
173739,3,2016-04-17,Highlander,86279.84,5.69,Completed
173740,1,2016-04-01,Tundra,51708.79,5.24,Completed
173741,8,2016-04-15,Sienna,60309.52,5.84,Completed
173742,3,2016-04-30,Highlander,79995.16,5.69,Completed
173743,5,2016-04-26,Highlander,72184.37,5.34,Completed
173744,13,2016-04-08,Camry,46634.86,5.61,Completed
173745,4,2016-04-03,RAV4,37810.82,3.81,Completed
173746,1,2016-04-01,Tacoma,42956.17,5.24,Completed
173747,8,2016-04-01,Camry,50479.9,5.84,Completed
173748,20,2016-04-09,RAV4,55549.31,5.77,Completed
173749,14,2016-04-19,Highlander,76504.45,5.1,Completed
173750,6,2016-04-01,Corolla,24684.29,3.86,Completed
173751,13,2016-04-20,Sienna,69941.1,5.61,Completed
173752,8,2016-04-22,Highlander,87864.27,5.84,Completed
173753,13,2016-04-10,Prius,39624.17,5.61,Completed
173754,4,2016-04-04,Corolla,23973.45,3.81,Completed
173755,10,2016-04-21,RAV4,41681.12,4.88,Completed
173756,8,2016-04-24,Sienna,59882.1,5.84,Completed
173757,11,2016-04-08,Sienna,49623.69,4.16,Completed
173758,9,2016-04-25,Corolla,26815.92,4.4,Completed
173759,18,2016-04-04,Tundra,67981.64,5.68,Completed
173760,11,2016-04-05,Tacoma,41214.99,4.16,Completed
173761,1,2016-04-28,Tacoma,45586.0,5.24,Completed
173762,1,2016-04-11,Highlander,62199.68,5.24,Completed
173763,1,2016-04-22,Prius,36502.19,5.24,Completed
173764,8,2016-04-06,Tundra,65151.1,5.84,Completed
173765,2,2016-04-01,Camry,37351.96,4.0,Completed
173766,11,2016-04-17,Sienna,42972.55,4.16,Completed
173767,13,2016-04-20,Corolla,36260.34,5.61,Completed
173768,10,2016-04-27,Corolla,27377.27,4.88,Completed
173769,12,2016-04-09,RAV4,53082.43,5.65,Completed
173770,19,2016-04-08,Highlander,71675.87,5.48,Completed
173771,1,2016-04-30,Tacoma,43464.29,5.24,Completed
173772,5,2016-04-14,RAV4,46401.47,5.34,Completed
173773,1,2016-04-19,Prius,31670.61,5.24,Completed
173774,5,2016-04-20,Corolla,30979.13,5.34,Completed
173775,10,2016-04-16,Tacoma,40125.3,4.88,Completed
173776,11,2016-04-10,Camry,38205.05,4.16,Completed
173777,17,2016-04-03,RAV4,42077.6,4.51,Completed
173778,10,2016-04-12,Tacoma,42856.69,4.88,Completed
173779,15,2016-04-10,Sienna,59517.77,4.86,Cancelled
173780,5,2016-04-30,Corolla,28207.07,5.34,Completed
173781,1,2016-04-04,Sienna,49762.01,5.24,Completed
173782,15,2016-04-06,Prius,39629.49,4.86,Completed
173783,18,2016-04-18,Highlander,91966.17,5.68,Completed
173784,16,2016-04-03,Tacoma,58943.18,6.06,Completed
173785,19,2016-04-19,Tundra,51769.27,5.48,Completed
173786,5,2016-04-19,Tundra,52777.51,5.34,Completed
173787,11,2016-04-04,Camry,35015.57,4.16,Completed
173788,19,2016-04-06,Prius,32446.63,5.48,Completed
173789,15,2016-04-08,Sienna,67277.2,4.86,Completed
173790,13,2016-04-24,Tacoma,59060.41,5.61,Completed
173791,3,2016-04-26,Prius,42556.96,5.69,Completed
173792,18,2016-04-16,RAV4,61300.41,5.68,Completed
173793,2,2016-04-22,Prius,33886.97,4.0,Completed
173794,19,2016-04-24,Prius,33721.16,5.48,Completed
173795,7,2016-04-26,Sienna,62096.16,5.39,Completed
173796,14,2016-04-11,Tacoma,48311.27,5.1,Completed
173797,3,2016-04-19,Tacoma,59084.26,5.69,Completed
173798,14,2016-04-30,RAV4,58950.64,5.1,Completed
173799,15,2016-04-26,Sienna,65274.74,4.86,Completed
173800,15,2016-04-25,Prius,44230.2,4.86,Completed
173801,10,2016-04-20,Highlander,65802.47,4.88,Completed
173802,6,2016-04-19,Prius,32097.35,3.86,Completed
173803,13,2016-04-24,Tundra,59717.88,5.61,Completed
173804,17,2016-04-27,Tacoma,35927.61,4.51,Completed
173805,6,2016-04-10,Tundra,44208.52,3.86,Completed
173806,11,2016-04-19,Tundra,43275.9,4.16,Pending
173807,19,2016-04-28,RAV4,46529.87,5.48,Completed
173808,7,2016-04-21,Sienna,65635.51,5.39,Completed
173809,19,2016-04-08,Corolla,34754.14,5.48,Pending
173810,19,2016-04-09,RAV4,46963.09,5.48,Completed
173811,7,2016-04-13,Tundra,70385.69,5.39,Completed
173812,10,2016-04-29,Sienna,43889.47,4.88,Completed
173813,4,2016-04-19,Tacoma,35516.24,3.81,Cancelled
173814,1,2016-04-08,Prius,33450.8,5.24,Completed
173815,11,2016-04-26,Sienna,44029.64,4.16,Completed
173816,20,2016-04-05,Corolla,34094.97,5.77,Completed
173817,4,2016-04-15,Tacoma,40180.31,3.81,Pending
173818,8,2016-04-27,Camry,45309.31,5.84,Completed
173819,8,2016-04-21,Sienna,60628.91,5.84,Completed
173820,20,2016-04-10,Tundra,69283.89,5.77,Completed
173821,2,2016-04-14,Tacoma,41722.13,4.0,Completed
173822,19,2016-04-25,Camry,47004.9,5.48,Completed
173823,11,2016-04-11,Sienna,43497.51,4.16,Completed
173824,8,2016-04-11,Tacoma,52840.15,5.84,Completed
173825,3,2016-04-06,Tundra,66069.66,5.69,Completed
173826,13,2016-04-15,Highlander,86543.1,5.61,Completed
173827,16,2016-04-23,Tundra,69842.54,6.06,Completed
173828,1,2016-04-09,RAV4,52849.41,5.24,Completed
173829,5,2016-04-08,Highlander,64605.39,5.34,Cancelled
173830,11,2016-04-03,Camry,39590.96,4.16,Completed
173831,8,2016-04-26,Camry,49052.89,5.84,Completed
173832,18,2016-04-14,Corolla,36300.69,5.68,Completed
173833,14,2016-04-14,Sienna,66540.33,5.1,Completed
173834,2,2016-04-18,Tundra,50111.59,4.0,Completed
173835,16,2016-04-02,Tundra,61117.45,6.06,Completed
173836,2,2016-04-22,Highlander,60773.87,4.0,Completed
173837,7,2016-04-21,Camry,54072.21,5.39,Completed
173838,5,2016-04-02,Prius,35883.86,5.34,Completed
173839,1,2016-04-01,Tundra,54580.04,5.24,Completed
173840,19,2016-04-12,Corolla,31829.95,5.48,Completed
173841,8,2016-04-18,Sienna,63973.9,5.84,Completed
173842,15,2016-04-26,Corolla,34104.71,4.86,Completed
173843,19,2016-04-22,Tundra,52544.3,5.48,Completed
173844,17,2016-04-03,RAV4,40802.88,4.51,Completed
173845,11,2016-04-27,Tundra,47999.88,4.16,Completed
173846,2,2016-04-25,Prius,34179.27,4.0,Pending
173847,9,2016-04-24,Sienna,46698.01,4.4,Completed
173848,17,2016-04-24,Highlander,54600.81,4.51,Completed
173849,6,2016-04-20,RAV4,37489.3,3.86,Completed
173850,1,2016-04-23,Highlander,65620.85,5.24,Completed
173851,8,2016-04-26,Tacoma,50066.49,5.84,Completed
173852,5,2016-04-13,Camry,45232.91,5.34,Completed
173853,14,2016-04-06,Corolla,33261.24,5.1,Completed
173854,1,2016-04-14,Prius,32548.6,5.24,Completed
173855,15,2016-04-21,Corolla,34837.94,4.86,Completed
173856,17,2016-04-01,Tundra,40218.31,4.51,Completed
173857,5,2016-04-30,Prius,31519.8,5.34,Completed
173858,11,2016-04-19,Prius,28229.2,4.16,Completed
173859,9,2016-04-02,Camry,38382.14,4.4,Completed
173860,5,2016-04-09,Prius,32631.55,5.34,Completed
173861,14,2016-04-21,Sienna,59678.8,5.1,Completed
173862,14,2016-04-03,Camry,49712.85,5.1,Completed
173863,1,2016-04-01,Tacoma,44874.37,5.24,Completed
173864,6,2016-04-15,Tundra,48312.85,3.86,Completed
173865,10,2016-04-25,Tacoma,39932.8,4.88,Completed
173866,12,2016-04-28,RAV4,56875.75,5.65,Cancelled
173867,12,2016-04-07,Tundra,66483.66,5.65,Completed
173868,4,2016-04-01,Corolla,24066.31,3.81,Completed
173869,16,2016-04-07,Prius,38332.02,6.06,Completed
173870,7,2016-04-28,Sienna,58130.65,5.39,Completed
173871,11,2016-04-03,RAV4,44901.56,4.16,Completed
173872,8,2016-04-04,Camry,49166.46,5.84,Completed
173873,14,2016-04-18,Corolla,35482.81,5.1,Completed
173874,7,2016-04-12,Corolla,38429.72,5.39,Completed
173875,16,2016-04-30,Tacoma,52131.51,6.06,Completed
173876,5,2016-04-25,Sienna,50204.02,5.34,Completed
173877,17,2016-04-12,Camry,36948.53,4.51,Completed
173878,13,2016-04-07,Highlander,86430.68,5.61,Completed
173879,19,2016-04-21,Corolla,34669.53,5.48,Completed
173880,4,2016-04-14,Sienna,47709.38,3.81,Completed
173881,1,2016-04-10,Prius,31597.09,5.24,Completed
173882,14,2016-04-24,Camry,42763.41,5.1,Completed
173883,13,2016-04-11,Corolla,35819.79,5.61,Completed
173884,1,2016-04-03,Highlander,61398.46,5.24,Completed
173885,16,2016-04-19,Tacoma,59641.09,6.06,Completed
173886,5,2016-04-24,Corolla,30503.7,5.34,Completed
173887,7,2016-04-22,Highlander,77217.42,5.39,Completed
173888,6,2016-04-11,Tacoma,36186.48,3.86,Completed
173889,10,2016-04-01,Tundra,43550.71,4.88,Completed
173890,8,2016-04-02,Tundra,64684.23,5.84,Completed
173891,6,2016-04-12,Highlander,59400.8,3.86,Completed
173892,18,2016-04-15,Tacoma,55443.53,5.68,Completed
173893,14,2016-04-20,Highlander,82197.55,5.1,Completed
173894,10,2016-04-13,Tundra,45412.39,4.88,Completed
173895,3,2016-04-23,Tundra,66468.25,5.69,Completed
173896,20,2016-04-02,Highlander,84903.9,5.77,Completed
173897,19,2016-04-11,Prius,36903.8,5.48,Completed
173898,5,2016-04-13,Camry,39325.29,5.34,Completed
173899,6,2016-04-02,Camry,32816.23,3.86,Completed
173900,20,2016-04-20,Highlander,83840.4,5.77,Completed
173901,12,2016-04-11,Tacoma,51625.03,5.65,Cancelled
173902,19,2016-04-28,Tacoma,42580.87,5.48,Completed
173903,15,2016-04-09,RAV4,58152.53,4.86,Completed
173904,2,2016-04-24,Corolla,30162.49,4.0,Completed
173905,18,2016-04-08,Corolla,38328.7,5.68,Completed
173906,18,2016-04-26,Tundra,70429.98,5.68,Completed
173907,4,2016-04-11,Prius,29628.57,3.81,Completed
173908,13,2016-04-08,Prius,40098.27,5.61,Completed
173909,6,2016-04-15,Tundra,41042.7,3.86,Completed
173910,17,2016-04-04,Camry,37746.48,4.51,Completed
173911,3,2016-04-30,Sienna,64600.62,5.69,Completed
173912,15,2016-04-25,Highlander,85456.21,4.86,Completed
173913,18,2016-04-30,Tundra,67649.76,5.68,Completed
173914,19,2016-04-11,Camry,46568.58,5.48,Completed
173915,9,2016-04-01,Corolla,27705.61,4.4,Completed
173916,12,2016-04-23,Prius,43222.4,5.65,Completed
173917,14,2016-04-09,Tacoma,46618.86,5.1,Completed
173918,17,2016-04-26,Sienna,46911.46,4.51,Completed
173919,9,2016-04-21,Camry,33160.71,4.4,Completed
173920,8,2016-04-20,Sienna,59202.41,5.84,Completed
173921,4,2016-04-07,Camry,33195.1,3.81,Completed
173922,13,2016-04-10,Corolla,41219.63,5.61,Completed
173923,4,2016-04-07,Tacoma,37259.1,3.81,Completed
173924,6,2016-04-23,Highlander,54204.25,3.86,Completed
173925,4,2016-04-25,Corolla,25295.78,3.81,Completed
173926,16,2016-04-02,Camry,54369.68,6.06,Completed
173927,12,2016-04-17,Tacoma,53133.83,5.65,Completed
173928,4,2016-04-05,Highlander,51745.46,3.81,Completed
173929,10,2016-04-20,Tundra,49199.38,4.88,Completed
173930,9,2016-04-09,Prius,29931.55,4.4,Completed
173931,16,2016-04-10,RAV4,63181.47,6.06,Completed
173932,18,2016-04-05,RAV4,62046.7,5.68,Completed
173933,2,2016-04-18,Corolla,25161.81,4.0,Cancelled
173934,19,2016-04-04,Highlander,73593.28,5.48,Completed
173935,9,2016-04-28,Tundra,45954.56,4.4,Completed
173936,6,2016-04-01,RAV4,45074.58,3.86,Completed
173937,1,2016-04-18,Camry,38848.31,5.24,Completed
173938,12,2016-04-19,Tacoma,57438.72,5.65,Completed
173939,3,2016-04-04,RAV4,64196.56,5.69,Completed
173940,14,2016-04-19,RAV4,57176.74,5.1,Completed
173941,1,2016-04-08,Tundra,54933.48,5.24,Completed
173942,1,2016-04-08,RAV4,43780.91,5.24,Completed
173943,14,2016-04-14,Tundra,65111.74,5.1,Completed
173944,7,2016-04-24,Prius,39409.58,5.39,Completed
173945,6,2016-04-03,Sienna,46716.27,3.86,Completed
173946,17,2016-04-05,Corolla,26823.68,4.51,Completed
173947,17,2016-04-29,Corolla,23265.45,4.51,Completed
173948,10,2016-04-29,Prius,33718.4,4.88,Completed
173949,18,2016-04-12,Corolla,36537.75,5.68,Completed
173950,6,2016-04-29,Corolla,26515.51,3.86,Completed
173951,1,2016-04-04,Tacoma,41127.37,5.24,Completed
173952,2,2016-04-08,Highlander,59976.39,4.0,Completed
173953,10,2016-04-01,Tundra,47343.9,4.88,Completed
173954,16,2016-04-07,Sienna,61450.83,6.06,Completed
173955,8,2016-04-01,Sienna,62799.61,5.84,Completed
173956,17,2016-04-21,RAV4,36787.77,4.51,Completed
173957,10,2016-04-13,Prius,30148.13,4.88,Completed
173958,11,2016-04-06,Camry,35198.1,4.16,Completed
173959,14,2016-04-14,RAV4,52693.53,5.1,Completed
173960,3,2016-04-08,Sienna,61649.79,5.69,Completed
173961,9,2016-04-26,Corolla,25418.27,4.4,Completed
173962,2,2016-04-12,Tacoma,42689.87,4.0,Completed
173963,3,2016-04-02,Tacoma,56677.98,5.69,Cancelled
173964,7,2016-04-23,Corolla,37368.08,5.39,Completed
173965,1,2016-04-16,Sienna,52478.04,5.24,Completed
173966,16,2016-04-25,Sienna,65041.1,6.06,Completed
173967,15,2016-04-25,Camry,49840.31,4.86,Completed
173968,12,2016-04-22,Tundra,62404.36,5.65,Completed
173969,6,2016-04-22,Tacoma,34179.89,3.86,Completed
173970,6,2016-04-17,Sienna,46612.83,3.86,Completed
173971,9,2016-04-10,Highlander,54224.71,4.4,Completed
173972,11,2016-04-08,Sienna,43793.51,4.16,Completed
173973,14,2016-04-24,Corolla,32526.84,5.1,Completed
173974,16,2016-04-26,Tacoma,54575.18,6.06,Completed
173975,18,2016-04-09,RAV4,58424.43,5.68,Completed
173976,9,2016-04-08,Tundra,45991.81,4.4,Completed
173977,10,2016-04-30,Corolla,26577.92,4.88,Completed
173978,11,2016-04-03,Corolla,25444.46,4.16,Completed
173979,7,2016-04-15,RAV4,60912.88,5.39,Completed
173980,4,2016-04-08,Sienna,39597.79,3.81,Completed
173981,20,2016-04-23,Tundra,59103.22,5.77,Completed
173982,16,2016-04-04,Highlander,76284.47,6.06,Cancelled
173983,11,2016-04-24,RAV4,44946.17,4.16,Completed
173984,19,2016-04-01,Sienna,52597.74,5.48,Completed
173985,6,2016-04-18,RAV4,43468.31,3.86,Completed
173986,8,2016-04-09,Highlander,83090.72,5.84,Completed
173987,16,2016-04-19,RAV4,59512.49,6.06,Completed
173988,15,2016-04-06,Sienna,64217.1,4.86,Completed
173989,7,2016-04-07,Tundra,59227.84,5.39,Completed
173990,17,2016-04-23,Corolla,27266.73,4.51,Completed
173991,20,2016-04-10,Camry,45049.88,5.77,Completed
173992,1,2016-04-06,Highlander,70232.31,5.24,Completed
173993,2,2016-04-05,Tundra,47861.13,4.0,Completed
173994,16,2016-04-25,Highlander,87911.71,6.06,Completed
173995,13,2016-04-07,Highlander,88177.12,5.61,Completed
173996,20,2016-04-03,Tundra,67372.8,5.77,Completed
173997,8,2016-04-27,Corolla,33718.02,5.84,Completed
173998,17,2016-04-22,Sienna,45404.12,4.51,Completed
173999,20,2016-04-29,Prius,37646.13,5.77,Completed
174000,9,2016-04-22,Camry,39313.92,4.4,Completed
174001,7,2016-04-01,Tacoma,57268.38,5.39,Completed
174002,7,2016-04-01,Corolla,34728.3,5.39,Completed
174003,10,2016-04-11,RAV4,40373.26,4.88,Completed
174004,10,2016-04-28,Highlander,58687.39,4.88,Completed
174005,20,2016-04-28,Prius,37899.26,5.77,Completed
174006,9,2016-04-25,Highlander,54160.37,4.4,Completed
174007,15,2016-04-26,Corolla,35921.09,4.86,Completed
174008,20,2016-04-19,Highlander,84233.59,5.77,Completed
174009,20,2016-04-07,Corolla,33421.1,5.77,Completed
174010,7,2016-04-16,RAV4,55259.7,5.39,Completed
174011,16,2016-04-11,RAV4,63049.43,6.06,Completed
174012,8,2016-04-21,Camry,52650.5,5.84,Completed
174013,20,2016-04-15,Sienna,69934.2,5.77,Pending
174014,1,2016-04-09,Tundra,51297.35,5.24,Completed
174015,7,2016-04-12,Tundra,68225.85,5.39,Completed
174016,3,2016-04-20,Camry,51543.1,5.69,Completed
174017,12,2016-04-03,Tundra,64299.43,5.65,Completed
174018,4,2016-04-21,Corolla,26682.75,3.81,Completed
174019,18,2016-04-08,Highlander,93896.95,5.68,Completed
174020,3,2016-04-13,Corolla,34118.38,5.69,Completed
174021,3,2016-04-11,Prius,46997.01,5.69,Completed
174022,3,2016-04-02,Tundra,60005.7,5.69,Completed
174023,5,2016-04-19,Sienna,54894.4,5.34,Completed
174024,20,2016-04-19,Prius,41894.83,5.77,Completed
174025,17,2016-04-04,Highlander,55639.97,4.51,Completed
174026,10,2016-04-26,Camry,35325.45,4.88,Completed
174027,9,2016-04-13,Tundra,42862.48,4.4,Completed
174028,8,2016-04-09,Prius,38279.2,5.84,Completed
174029,4,2016-04-25,Prius,28699.5,3.81,Completed
174030,4,2016-04-09,Highlander,54557.98,3.81,Completed
174031,1,2016-04-18,Corolla,28425.24,5.24,Completed
174032,13,2016-04-22,Camry,49650.02,5.61,Completed
174033,9,2016-04-02,Tacoma,36577.08,4.4,Completed
174034,9,2016-04-05,Camry,35660.35,4.4,Completed
174035,13,2016-04-24,Sienna,66659.12,5.61,Completed
174036,2,2016-04-07,RAV4,47863.94,4.0,Completed
174037,20,2016-04-03,RAV4,63356.29,5.77,Completed
174038,5,2016-04-04,Tundra,56357.87,5.34,Completed
174039,4,2016-04-01,Tundra,41885.84,3.81,Completed
174040,7,2016-04-05,Tundra,64360.13,5.39,Completed
174041,5,2016-04-21,Tacoma,41738.79,5.34,Completed
174042,1,2016-04-07,Prius,35500.17,5.24,Completed
174043,6,2016-04-26,Tundra,44680.99,3.86,Completed
174044,11,2016-04-27,Highlander,53967.69,4.16,Completed
174045,16,2016-04-25,Tacoma,51281.87,6.06,Completed
174046,18,2016-04-26,Tacoma,56192.35,5.68,Completed
174047,4,2016-04-09,Sienna,42221.16,3.81,Completed
174048,18,2016-04-22,RAV4,59722.08,5.68,Completed
174049,5,2016-04-28,Sienna,48588.82,5.34,Completed
174050,16,2016-04-20,Tacoma,50199.76,6.06,Completed
174051,18,2016-04-24,RAV4,68423.02,5.68,Completed
174052,16,2016-04-27,Sienna,68701.12,6.06,Completed
174053,7,2016-04-17,Tundra,58102.39,5.39,Completed
174054,9,2016-04-06,Corolla,26425.75,4.4,Completed
174055,4,2016-04-23,Tundra,45011.25,3.81,Completed
174056,8,2016-04-25,Tundra,69780.29,5.84,Completed
174057,13,2016-04-27,Tundra,65571.12,5.61,Completed
174058,16,2016-04-28,Sienna,60079.95,6.06,Completed
174059,20,2016-04-14,Prius,45035.63,5.77,Completed
174060,14,2016-04-03,RAV4,59934.6,5.1,Completed
174061,4,2016-04-09,Sienna,47324.92,3.81,Completed
174062,8,2016-04-11,Tacoma,53531.65,5.84,Completed
174063,4,2016-04-27,Tacoma,38125.37,3.81,Completed
174064,12,2016-04-27,Highlander,72368.65,5.65,Completed
174065,15,2016-04-19,Tacoma,52488.68,4.86,Completed
174066,5,2016-04-14,RAV4,45929.34,5.34,Completed
174067,17,2016-04-16,Tundra,44899.91,4.51,Completed
174068,11,2016-04-06,Sienna,48742.13,4.16,Completed
174069,6,2016-04-13,Highlander,56890.73,3.86,Completed
174070,1,2016-04-23,Tacoma,44908.54,5.24,Completed
174071,20,2016-04-28,Camry,48823.0,5.77,Completed
174072,8,2016-04-07,Sienna,59757.16,5.84,Completed
174073,19,2016-04-30,Highlander,69181.21,5.48,Completed
174074,18,2016-04-23,Sienna,63616.09,5.68,Completed
174075,5,2016-04-16,RAV4,50568.88,5.34,Completed
174076,13,2016-04-26,Highlander,84676.02,5.61,Completed
174077,6,2016-04-09,Prius,29990.41,3.86,Completed
174078,1,2016-04-12,Corolla,28695.93,5.24,Completed
174079,7,2016-04-29,Corolla,40266.29,5.39,Completed
174080,7,2016-04-02,Sienna,68714.99,5.39,Completed
174081,7,2016-04-26,Camry,51923.8,5.39,Pending
174082,18,2016-04-25,Prius,45464.03,5.68,Completed
174083,11,2016-04-08,Highlander,59218.91,4.16,Completed
174084,17,2016-04-10,Tacoma,40086.95,4.51,Completed
174085,17,2016-04-19,RAV4,42215.41,4.51,Completed
174086,13,2016-04-24,Highlander,78674.5,5.61,Completed
174087,19,2016-04-01,Tacoma,42330.57,5.48,Completed
174088,17,2016-04-02,Tundra,45084.85,4.51,Completed
174089,17,2016-04-10,Tundra,44513.52,4.51,Completed
174090,20,2016-04-08,Camry,45721.29,5.77,Completed
174091,6,2016-04-23,Corolla,27515.44,3.86,Completed
174092,11,2016-04-18,Corolla,28381.68,4.16,Completed
174093,1,2016-04-12,RAV4,46695.7,5.24,Completed
174094,4,2016-04-01,Sienna,46947.83,3.81,Completed
174095,7,2016-04-10,Sienna,62244.65,5.39,Completed
174096,13,2016-04-22,Highlander,90698.35,5.61,Completed
174097,16,2016-04-18,Tundra,58961.0,6.06,Completed
174098,1,2016-04-11,RAV4,44278.53,5.24,Completed
174099,10,2016-04-03,Corolla,29165.3,4.88,Completed
174100,5,2016-04-21,Tacoma,46110.63,5.34,Completed
174101,6,2016-04-27,Tundra,45896.65,3.86,Cancelled
174102,18,2016-04-14,Tundra,71207.57,5.68,Completed
174103,8,2016-04-20,Sienna,58972.52,5.84,Pending
174104,4,2016-04-18,Corolla,23065.67,3.81,Completed
174105,15,2016-04-03,Tacoma,48150.52,4.86,Completed
174106,14,2016-04-06,Tacoma,46418.61,5.1,Completed
174107,1,2016-04-01,Prius,33859.24,5.24,Cancelled
174108,13,2016-04-23,Highlander,91162.21,5.61,Completed
174109,13,2016-04-16,Corolla,35381.99,5.61,Completed
174110,7,2016-04-18,Highlander,77517.05,5.39,Completed
174111,9,2016-04-29,Sienna,46418.24,4.4,Completed
174112,15,2016-04-08,Tundra,65001.23,4.86,Completed
174113,17,2016-04-18,Tundra,41987.9,4.51,Pending
174114,2,2016-04-22,Camry,40320.71,4.0,Completed
174115,6,2016-04-14,Tacoma,39927.29,3.86,Completed
174116,6,2016-04-23,RAV4,42862.51,3.86,Completed
174117,18,2016-04-02,Tundra,62752.53,5.68,Completed
174118,14,2016-04-20,Corolla,32181.42,5.1,Completed
174119,10,2016-04-29,Prius,33070.3,4.88,Completed
174120,9,2016-04-30,Sienna,45552.24,4.4,Completed
174121,2,2016-04-15,Camry,34403.97,4.0,Completed
174122,16,2016-04-07,RAV4,54795.76,6.06,Completed
174123,12,2016-04-23,Highlander,72164.66,5.65,Completed
174124,7,2016-04-27,Tacoma,51463.43,5.39,Completed
174125,17,2016-04-03,Highlander,61538.87,4.51,Completed
174126,9,2016-04-02,Tundra,46360.84,4.4,Completed
174127,18,2016-04-21,Sienna,68008.15,5.68,Completed
174128,8,2016-04-04,Sienna,65836.96,5.84,Completed
174129,18,2016-04-05,Prius,44969.1,5.68,Completed
174130,2,2016-04-24,Tacoma,38170.47,4.0,Completed
174131,7,2016-04-18,Prius,43992.68,5.39,Completed
174132,15,2016-04-20,Corolla,33548.36,4.86,Completed
174133,18,2016-04-20,Prius,40459.55,5.68,Completed
174134,2,2016-04-10,Prius,31035.32,4.0,Completed
174135,14,2016-04-04,Highlander,75702.97,5.1,Completed
174136,7,2016-04-30,Tundra,61300.73,5.39,Completed
174137,19,2016-04-07,Tacoma,43329.18,5.48,Completed
174138,5,2016-04-07,Highlander,64479.11,5.34,Completed
174139,1,2016-04-20,Highlander,61091.05,5.24,Completed
174140,20,2016-04-18,Tacoma,59036.77,5.77,Completed
174141,19,2016-04-12,Prius,33247.18,5.48,Completed
174142,4,2016-04-30,Camry,35194.95,3.81,Completed
174143,14,2016-04-05,Prius,38921.85,5.1,Completed
174144,13,2016-04-22,RAV4,57386.38,5.61,Completed
174145,10,2016-04-10,Corolla,26237.95,4.88,Completed
174146,7,2016-04-28,Tacoma,54842.83,5.39,Completed
174147,5,2016-04-15,Tundra,51989.12,5.34,Completed
174148,4,2016-04-03,Corolla,23200.07,3.81,Completed
174149,1,2016-04-15,Tundra,50078.61,5.24,Completed
174150,20,2016-04-13,Corolla,33390.36,5.77,Completed
174151,11,2016-04-25,Highlander,55523.68,4.16,Completed
174152,2,2016-04-12,Tacoma,43553.52,4.0,Completed
174153,3,2016-04-10,Corolla,36535.25,5.69,Completed
174154,1,2016-04-15,Camry,45217.28,5.24,Completed
174155,15,2016-04-01,Camry,49325.5,4.86,Completed
174156,13,2016-04-21,Prius,42444.64,5.61,Completed
174157,7,2016-04-09,Corolla,36112.62,5.39,Completed
174158,10,2016-04-01,Prius,30550.37,4.88,Completed
174159,10,2016-04-24,Tundra,47687.59,4.88,Completed
174160,4,2016-04-03,Sienna,47648.57,3.81,Completed
174161,2,2016-04-01,Corolla,28683.56,4.0,Completed
174162,14,2016-04-29,Tacoma,48884.65,5.1,Completed
174163,15,2016-04-26,Sienna,68163.83,4.86,Completed
174164,4,2016-04-14,Camry,36041.15,3.81,Completed
174165,16,2016-04-09,RAV4,63932.01,6.06,Completed
174166,10,2016-04-26,Sienna,45872.0,4.88,Completed
174167,2,2016-04-16,Tacoma,43880.2,4.0,Completed
174168,3,2016-04-10,RAV4,63363.15,5.69,Completed
174169,7,2016-04-29,Highlander,74615.47,5.39,Completed
174170,1,2016-04-26,Camry,39274.96,5.24,Completed
174171,1,2016-04-09,Highlander,72488.05,5.24,Completed
174172,13,2016-04-11,Corolla,35129.26,5.61,Completed
174173,13,2016-04-20,Sienna,62437.67,5.61,Completed
174174,17,2016-04-18,Camry,31476.05,4.51,Completed
174175,9,2016-04-08,Corolla,24473.51,4.4,Completed
174176,10,2016-04-24,Corolla,27908.12,4.88,Completed
174177,14,2016-04-16,Camry,50091.54,5.1,Completed
174178,15,2016-04-06,Highlander,81741.26,4.86,Completed
174179,8,2016-04-08,Highlander,75121.79,5.84,Completed
174180,4,2016-04-23,Prius,31067.03,3.81,Completed
174181,10,2016-04-18,Tacoma,38206.67,4.88,Completed
174182,10,2016-04-25,RAV4,40918.48,4.88,Completed
174183,11,2016-04-06,Corolla,27662.44,4.16,Completed
174184,4,2016-04-03,Camry,37031.72,3.81,Completed
174185,1,2016-04-08,Sienna,51653.37,5.24,Completed
174186,3,2016-04-05,Camry,51358.42,5.69,Completed
174187,18,2016-04-30,Highlander,79705.77,5.68,Completed
174188,15,2016-04-07,Camry,44145.3,4.86,Completed
174189,10,2016-04-03,Tacoma,37778.71,4.88,Completed
174190,4,2016-04-27,Prius,26239.88,3.81,Completed
174191,4,2016-04-23,Tacoma,34848.46,3.81,Completed
174192,8,2016-04-25,RAV4,54248.28,5.84,Pending
174193,20,2016-04-22,Highlander,87331.38,5.77,Completed
174194,11,2016-04-15,Prius,32786.17,4.16,Completed
174195,19,2016-04-18,Highlander,75378.78,5.48,Completed
174196,2,2016-04-19,Tundra,52937.28,4.0,Completed
174197,16,2016-04-13,RAV4,59178.91,6.06,Completed
174198,17,2016-04-11,Camry,34150.06,4.51,Completed
174199,6,2016-04-03,RAV4,37578.04,3.86,Completed
174200,12,2016-04-10,Tundra,61605.83,5.65,Pending
174201,5,2016-04-29,Highlander,63833.53,5.34,Completed
174202,6,2016-04-26,Camry,36658.95,3.86,Completed
174203,3,2016-04-20,Tacoma,60161.81,5.69,Completed
174204,19,2016-04-19,Highlander,74845.91,5.48,Completed
174205,19,2016-04-10,Sienna,60343.44,5.48,Completed
174206,15,2016-04-04,Tacoma,51765.02,4.86,Completed
174207,4,2016-04-29,Tundra,45424.05,3.81,Completed
174208,18,2016-04-20,Tacoma,54900.33,5.68,Completed
174209,11,2016-04-28,Tacoma,35359.41,4.16,Cancelled
174210,12,2016-04-17,Camry,51329.73,5.65,Completed
174211,6,2016-04-07,Sienna,40703.39,3.86,Completed
174212,20,2016-04-15,Highlander,83888.18,5.77,Completed
174213,11,2016-04-25,Highlander,61076.7,4.16,Completed
174214,14,2016-04-30,Sienna,55711.16,5.1,Completed
174215,10,2016-04-18,Sienna,44814.62,4.88,Completed
174216,14,2016-04-18,RAV4,53754.88,5.1,Completed
174217,8,2016-04-10,RAV4,52417.29,5.84,Completed
174218,15,2016-04-23,Highlander,79323.15,4.86,Completed
174219,13,2016-04-22,Tacoma,51182.03,5.61,Completed
174220,7,2016-04-14,Highlander,82479.67,5.39,Completed
174221,20,2016-04-03,Tacoma,50720.86,5.77,Completed
174222,9,2016-04-14,Prius,31032.61,4.4,Completed
174223,16,2016-04-04,Camry,54443.57,6.06,Completed
174224,19,2016-04-10,Highlander,75929.79,5.48,Pending
174225,12,2016-04-16,RAV4,56625.24,5.65,Completed
174226,12,2016-04-30,Sienna,68825.44,5.65,Completed
174227,20,2016-04-13,Highlander,75376.32,5.77,Completed
174228,12,2016-04-29,RAV4,59565.93,5.65,Completed
174229,15,2016-04-21,Tacoma,50362.84,4.86,Completed
174230,10,2016-04-18,Prius,31244.03,4.88,Completed
174231,7,2016-04-17,Highlander,79284.36,5.39,Completed
174232,12,2016-04-14,RAV4,58886.72,5.65,Completed
174233,19,2016-04-22,Highlander,66948.65,5.48,Pending
174234,20,2016-04-22,Prius,42614.41,5.77,Completed
174235,7,2016-04-07,Tacoma,52111.55,5.39,Completed
174236,5,2016-04-01,Highlander,68312.72,5.34,Completed
174237,1,2016-04-10,Camry,40657.97,5.24,Completed
174238,5,2016-04-07,Highlander,64742.9,5.34,Completed
174239,5,2016-04-22,Corolla,27897.39,5.34,Completed
174240,10,2016-04-27,Sienna,51581.13,4.88,Completed
174241,11,2016-04-20,Tacoma,38641.23,4.16,Completed
174242,4,2016-04-20,Tacoma,37956.03,3.81,Completed
174243,14,2016-04-14,Tacoma,46731.08,5.1,Completed
174244,16,2016-04-20,Sienna,63548.93,6.06,Completed
174245,11,2016-04-02,Corolla,28782.63,4.16,Completed
174246,10,2016-04-06,Camry,37549.3,4.88,Completed
174247,10,2016-04-23,Camry,39829.97,4.88,Completed
174248,2,2016-04-27,Tacoma,44564.51,4.0,Completed
174249,17,2016-04-24,Sienna,48828.31,4.51,Completed
174250,14,2016-04-10,Highlander,76690.8,5.1,Completed
174251,15,2016-04-29,Sienna,67565.77,4.86,Completed
174252,16,2016-04-28,Camry,51730.26,6.06,Completed
174253,6,2016-04-07,Highlander,55670.54,3.86,Completed
174254,12,2016-04-14,Sienna,64028.14,5.65,Completed
174255,8,2016-04-12,Tacoma,53116.99,5.84,Completed
174256,13,2016-04-12,Highlander,81388.05,5.61,Completed
174257,5,2016-04-25,Tundra,56472.1,5.34,Completed
174258,19,2016-04-28,Tundra,55681.41,5.48,Completed
174259,16,2016-04-13,Sienna,64578.95,6.06,Completed
174260,8,2016-04-12,RAV4,55358.72,5.84,Completed
174261,19,2016-04-04,Highlander,74985.61,5.48,Completed
174262,6,2016-04-14,RAV4,42328.64,3.86,Completed
174263,1,2016-04-05,Prius,36492.51,5.24,Completed
174264,15,2016-04-13,Tundra,59371.27,4.86,Completed
174265,15,2016-04-21,Tundra,57811.77,4.86,Completed
174266,15,2016-04-15,Tacoma,50642.59,4.86,Completed
174267,19,2016-04-19,Tundra,55910.79,5.48,Completed
174268,10,2016-04-05,Sienna,49071.65,4.88,Completed
174269,11,2016-04-02,Tacoma,37204.55,4.16,Completed
174270,16,2016-04-20,Prius,39552.41,6.06,Completed
174271,9,2016-04-26,Corolla,26587.44,4.4,Completed
174272,13,2016-04-22,Tundra,64189.7,5.61,Completed
174273,16,2016-04-02,Prius,39878.32,6.06,Cancelled
174274,11,2016-04-07,Tundra,45545.45,4.16,Completed
174275,11,2016-04-09,Highlander,63508.05,4.16,Completed
174276,3,2016-04-03,Highlander,81820.36,5.69,Completed
174277,1,2016-04-19,Camry,43892.71,5.24,Completed
174278,14,2016-04-24,Tacoma,48808.63,5.1,Completed
174279,4,2016-04-12,Prius,26026.38,3.81,Completed
174280,16,2016-04-15,Corolla,35791.84,6.06,Completed
174281,7,2016-04-28,Highlander,76799.29,5.39,Completed
174282,18,2016-04-27,RAV4,67925.07,5.68,Completed
174283,10,2016-04-19,RAV4,45230.27,4.88,Completed
174284,13,2016-04-02,RAV4,60250.33,5.61,Completed
174285,1,2016-04-04,Corolla,30161.32,5.24,Completed
174286,4,2016-04-07,Sienna,39544.53,3.81,Completed
174287,1,2016-04-09,Highlander,72534.36,5.24,Completed
174288,4,2016-04-19,Tacoma,34414.65,3.81,Completed
174289,18,2016-04-20,Sienna,61431.76,5.68,Completed
174290,2,2016-04-11,Tacoma,44161.85,4.0,Completed
174291,6,2016-04-05,Prius,30473.8,3.86,Completed
174292,12,2016-04-04,Sienna,64349.45,5.65,Completed
174293,1,2016-04-24,Corolla,28375.82,5.24,Completed
174294,17,2016-04-27,Tundra,42237.06,4.51,Completed
174295,2,2016-04-07,Tacoma,43937.84,4.0,Completed
174296,4,2016-04-07,Sienna,43794.83,3.81,Completed
174297,15,2016-04-11,Corolla,34869.91,4.86,Completed
174298,13,2016-04-27,Sienna,61370.03,5.61,Completed
174299,20,2016-04-17,Tacoma,52257.24,5.77,Completed
174300,7,2016-04-19,RAV4,60585.51,5.39,Completed
174301,20,2016-04-16,Highlander,77244.11,5.77,Completed
174302,5,2016-04-15,Tacoma,49575.82,5.34,Completed
174303,20,2016-04-13,Sienna,69387.0,5.77,Completed
174304,1,2016-04-27,Highlander,67248.21,5.24,Completed
174305,20,2016-04-30,Tundra,64528.5,5.77,Completed
174306,8,2016-04-28,Sienna,62003.49,5.84,Completed
174307,1,2016-04-25,Prius,33518.73,5.24,Pending
174308,2,2016-04-14,Corolla,30490.12,4.0,Completed
174309,16,2016-04-18,Sienna,67463.36,6.06,Completed
174310,12,2016-04-13,Highlander,83706.32,5.65,Completed
174311,4,2016-04-27,Corolla,25428.49,3.81,Completed
174312,14,2016-04-15,Corolla,34115.83,5.1,Completed
174313,13,2016-04-28,Tacoma,50426.33,5.61,Completed
174314,20,2016-04-04,RAV4,63696.07,5.77,Completed
174315,7,2016-04-21,Camry,46666.11,5.39,Completed
174316,13,2016-04-15,Corolla,41190.47,5.61,Completed
174317,15,2016-04-04,Tacoma,48258.63,4.86,Completed
174318,3,2016-04-03,Tundra,62911.05,5.69,Completed
174319,15,2016-04-13,Corolla,32973.3,4.86,Completed
174320,3,2016-04-01,Tacoma,51335.4,5.69,Completed
174321,5,2016-04-26,Prius,33936.99,5.34,Completed
174322,7,2016-04-13,Prius,43123.98,5.39,Completed
174323,5,2016-04-23,RAV4,52327.23,5.34,Completed
174324,3,2016-04-25,RAV4,64236.6,5.69,Completed
174325,7,2016-04-25,Corolla,36075.14,5.39,Completed
174326,1,2016-04-29,Tacoma,41783.9,5.24,Completed
174327,10,2016-04-06,RAV4,46257.27,4.88,Completed
174328,4,2016-04-27,RAV4,40101.06,3.81,Completed
174329,17,2016-04-15,Sienna,48757.39,4.51,Completed
174330,6,2016-04-01,Highlander,57187.77,3.86,Completed
174331,14,2016-04-25,Sienna,54926.01,5.1,Completed
174332,12,2016-04-03,Highlander,74273.52,5.65,Completed
174333,8,2016-04-26,Tacoma,53910.19,5.84,Completed
174334,11,2016-04-26,Tundra,42415.82,4.16,Completed
174335,9,2016-04-08,Tundra,44132.1,4.4,Completed
174336,14,2016-04-28,RAV4,51471.69,5.1,Completed
174337,18,2016-04-21,Sienna,72431.68,5.68,Completed
174338,11,2016-04-08,RAV4,41307.6,4.16,Completed
174339,14,2016-04-19,Tundra,62497.29,5.1,Completed
174340,7,2016-04-04,Tacoma,52125.76,5.39,Completed
174341,6,2016-04-30,RAV4,42460.0,3.86,Completed
174342,8,2016-04-19,RAV4,56048.04,5.84,Completed
174343,4,2016-04-10,Sienna,39451.88,3.81,Completed
174344,19,2016-04-25,Corolla,29375.18,5.48,Completed
174345,1,2016-04-30,Camry,43667.06,5.24,Pending
174346,4,2016-04-03,Camry,34310.55,3.81,Completed
174347,2,2016-04-23,Prius,30012.46,4.0,Completed
174348,11,2016-04-22,Prius,30287.49,4.16,Completed
174349,8,2016-04-26,Tacoma,51672.59,5.84,Completed
174350,14,2016-04-22,Sienna,65560.22,5.1,Completed
174351,15,2016-04-01,Tacoma,57141.13,4.86,Completed
174352,19,2016-04-26,Prius,36028.97,5.48,Completed
174353,13,2016-04-11,Highlander,88440.12,5.61,Completed
174354,14,2016-04-23,Highlander,69668.76,5.1,Completed
174355,2,2016-04-23,RAV4,47704.4,4.0,Completed
174356,8,2016-04-29,Tundra,61672.34,5.84,Pending
174357,3,2016-04-15,Tacoma,51756.33,5.69,Completed
174358,8,2016-04-28,RAV4,53000.64,5.84,Completed
174359,12,2016-04-12,Highlander,86164.85,5.65,Completed
174360,8,2016-04-24,RAV4,63313.79,5.84,Completed
174361,10,2016-04-25,RAV4,39353.41,4.88,Completed
174362,4,2016-04-28,RAV4,36171.71,3.81,Completed
174363,17,2016-04-24,Tacoma,37181.65,4.51,Completed
174364,4,2016-04-20,RAV4,37516.43,3.81,Completed
174365,5,2016-04-06,Camry,42331.83,5.34,Completed
174366,4,2016-04-20,Tacoma,36715.98,3.81,Completed
174367,14,2016-04-22,Tundra,60462.16,5.1,Completed
174368,7,2016-04-30,Camry,53151.98,5.39,Completed
174369,1,2016-04-14,Sienna,51790.04,5.24,Completed
174370,19,2016-04-06,RAV4,54278.97,5.48,Completed
174371,16,2016-04-22,Corolla,37286.95,6.06,Completed
174372,7,2016-04-18,Corolla,38088.57,5.39,Completed
174373,13,2016-04-24,RAV4,56336.34,5.61,Completed
174374,15,2016-04-14,Prius,43259.8,4.86,Completed
174375,16,2016-04-08,Camry,49084.27,6.06,Completed
174376,11,2016-04-20,Highlander,58550.28,4.16,Completed
174377,2,2016-04-08,RAV4,48181.66,4.0,Completed
174378,4,2016-04-02,Tacoma,38377.25,3.81,Completed
174379,7,2016-04-12,Camry,46252.05,5.39,Completed
174380,10,2016-04-07,Corolla,25306.56,4.88,Completed
174381,15,2016-04-17,Camry,52545.95,4.86,Completed
174382,20,2016-04-06,Camry,50981.41,5.77,Cancelled
174383,6,2016-04-25,Corolla,26180.34,3.86,Completed
174384,9,2016-04-04,Sienna,42898.63,4.4,Completed
174385,18,2016-04-15,Corolla,37586.95,5.68,Completed
174386,4,2016-04-21,Camry,37238.65,3.81,Completed
174387,16,2016-04-03,Sienna,64520.05,6.06,Completed
174388,12,2016-04-25,Sienna,66628.08,5.65,Completed
174389,6,2016-04-08,Tacoma,40135.73,3.86,Completed
174390,3,2016-04-16,Prius,42901.65,5.69,Completed
174391,17,2016-04-23,Tundra,45707.78,4.51,Completed
174392,1,2016-04-11,RAV4,51038.65,5.24,Completed
174393,16,2016-04-02,Camry,54299.06,6.06,Completed
174394,3,2016-04-23,Prius,44573.09,5.69,Completed
174395,2,2016-04-11,Corolla,25541.03,4.0,Completed
174396,18,2016-04-23,Sienna,64614.36,5.68,Completed
174397,16,2016-04-07,Tundra,61134.33,6.06,Completed
174398,9,2016-04-19,Tacoma,42068.0,4.4,Completed
174399,4,2016-04-08,Tacoma,37738.76,3.81,Completed
174400,10,2016-04-01,Corolla,26311.66,4.88,Completed
174401,4,2016-04-27,Sienna,43680.26,3.81,Completed
174402,6,2016-04-26,Camry,31956.13,3.86,Completed
174403,7,2016-04-01,RAV4,56674.09,5.39,Completed
174404,2,2016-04-26,Camry,37766.7,4.0,Completed
174405,13,2016-04-30,Sienna,64625.01,5.61,Completed
174406,19,2016-04-21,Prius,37328.1,5.48,Completed
174407,14,2016-04-27,Camry,49710.4,5.1,Completed
174408,13,2016-04-10,Tacoma,52737.47,5.61,Completed
174409,4,2016-04-26,Corolla,23995.38,3.81,Completed
174410,11,2016-04-24,Prius,31376.7,4.16,Completed
174411,6,2016-04-24,Corolla,24009.88,3.86,Completed
174412,11,2016-04-30,RAV4,44373.43,4.16,Completed
174413,8,2016-04-30,Highlander,72830.55,5.84,Completed
174414,11,2016-04-26,Highlander,58858.96,4.16,Completed
174415,14,2016-04-21,Tundra,59153.88,5.1,Completed
174416,19,2016-04-21,Tundra,56320.31,5.48,Completed
174417,10,2016-04-15,Tundra,44925.12,4.88,Completed
174418,5,2016-04-08,RAV4,45793.55,5.34,Completed
174419,9,2016-04-04,Corolla,26299.66,4.4,Completed
174420,14,2016-04-21,Tacoma,46177.14,5.1,Completed
174421,12,2016-04-15,Prius,39876.68,5.65,Completed
174422,4,2016-04-20,Corolla,25811.61,3.81,Completed
174423,16,2016-04-07,Corolla,37742.04,6.06,Completed
174424,3,2016-04-09,Tundra,61560.32,5.69,Cancelled
174425,11,2016-04-15,RAV4,44723.84,4.16,Completed
174426,15,2016-04-17,Prius,44743.83,4.86,Completed
174427,11,2016-04-08,Tacoma,36176.45,4.16,Completed
174428,2,2016-04-28,Prius,28453.7,4.0,Completed
174429,4,2016-04-12,Tundra,39642.91,3.81,Completed
174430,13,2016-04-16,Tundra,66713.52,5.61,Completed
174431,4,2016-04-11,Highlander,58280.44,3.81,Completed
174432,1,2016-04-29,Tundra,56459.28,5.24,Completed
174433,19,2016-04-17,Tundra,59376.53,5.48,Completed
174434,17,2016-04-17,Tacoma,39566.7,4.51,Completed
174435,5,2016-04-26,Tacoma,44732.91,5.34,Cancelled
174436,19,2016-04-24,Sienna,53443.52,5.48,Completed
174437,8,2016-04-20,Corolla,33309.32,5.84,Completed
174438,10,2016-04-11,Corolla,26362.03,4.88,Completed
174439,3,2016-04-14,Tundra,65617.95,5.69,Completed
174440,8,2016-04-09,Corolla,38222.33,5.84,Completed
174441,14,2016-04-04,Tundra,66321.96,5.1,Completed
174442,19,2016-04-02,Camry,42937.31,5.48,Completed
174443,18,2016-04-25,Corolla,42609.39,5.68,Completed
174444,6,2016-04-29,Tacoma,41380.53,3.86,Completed
174445,17,2016-04-19,Camry,34634.19,4.51,Completed
174446,18,2016-04-14,Prius,41997.85,5.68,Completed
174447,20,2016-04-27,Sienna,67184.0,5.77,Completed
174448,13,2016-04-30,Camry,55330.33,5.61,Completed
174449,3,2016-04-16,Camry,53189.21,5.69,Completed
174450,5,2016-04-18,RAV4,52124.6,5.34,Completed
174451,15,2016-04-05,Tacoma,49868.26,4.86,Completed
174452,5,2016-04-02,Tacoma,48329.46,5.34,Completed
174453,5,2016-04-23,Camry,44126.48,5.34,Completed
174454,9,2016-04-18,Sienna,50195.16,4.4,Completed
174455,5,2016-04-12,RAV4,52085.29,5.34,Completed
174456,7,2016-04-28,Corolla,40107.39,5.39,Completed
174457,1,2016-04-08,Corolla,29873.87,5.24,Completed
174458,18,2016-04-20,Sienna,64899.16,5.68,Completed
174459,8,2016-04-25,Camry,50205.07,5.84,Completed
174460,9,2016-04-06,Highlander,56478.21,4.4,Completed
174461,1,2016-04-02,Tacoma,42767.97,5.24,Completed
174462,9,2016-04-18,Tacoma,38988.31,4.4,Completed
174463,13,2016-04-17,Sienna,63437.84,5.61,Completed
174464,11,2016-04-11,Corolla,29025.02,4.16,Completed
174465,6,2016-04-02,Prius,27347.2,3.86,Completed
174466,17,2016-04-15,Sienna,45844.5,4.51,Completed
174467,11,2016-04-27,Highlander,60580.4,4.16,Completed
174468,11,2016-04-21,Prius,29318.1,4.16,Pending
174469,10,2016-04-10,Prius,32278.14,4.88,Completed
174470,17,2016-04-26,Prius,26577.84,4.51,Completed
174471,20,2016-04-10,Tacoma,48422.09,5.77,Completed
174472,3,2016-04-10,Prius,44771.94,5.69,Completed
174473,12,2016-04-24,RAV4,54131.76,5.65,Completed
174474,12,2016-04-02,RAV4,61183.16,5.65,Completed
174475,3,2016-04-27,Prius,44108.66,5.69,Completed
174476,15,2016-04-06,Corolla,34773.73,4.86,Completed
174477,9,2016-04-29,RAV4,41692.42,4.4,Completed
174478,1,2016-04-24,Tundra,57390.06,5.24,Completed
174479,8,2016-04-21,Prius,37682.32,5.84,Completed
174480,18,2016-04-20,Sienna,63482.99,5.68,Completed
174481,9,2016-04-12,Camry,32867.29,4.4,Completed
174482,5,2016-04-04,Tundra,58087.03,5.34,Completed
174483,1,2016-04-10,Tacoma,48862.31,5.24,Completed
174484,19,2016-04-18,Sienna,60467.58,5.48,Completed
174485,8,2016-04-01,Camry,49301.83,5.84,Completed
174486,6,2016-04-17,Corolla,26049.31,3.86,Completed
174487,15,2016-04-04,RAV4,56268.59,4.86,Completed
174488,4,2016-04-19,Highlander,53568.94,3.81,Completed
174489,9,2016-04-29,Prius,31227.74,4.4,Completed
174490,3,2016-04-29,Tacoma,52628.8,5.69,Completed
174491,6,2016-04-02,Camry,33652.24,3.86,Completed
174492,2,2016-04-21,Corolla,25725.58,4.0,Completed
174493,4,2016-04-22,Tundra,47281.79,3.81,Completed
174494,16,2016-04-15,Tacoma,58742.1,6.06,Completed
174495,20,2016-04-07,Tacoma,51091.1,5.77,Completed
174496,18,2016-04-23,Prius,46976.58,5.68,Completed
174497,11,2016-04-05,Camry,35939.49,4.16,Completed
174498,17,2016-04-12,Corolla,24260.01,4.51,Completed
174499,11,2016-04-07,Tacoma,42003.14,4.16,Completed
174500,17,2016-04-03,Camry,31403.15,4.51,Completed
174501,17,2016-04-29,Tacoma,37610.92,4.51,Completed
174502,15,2016-04-18,Highlander,73284.7,4.86,Completed
174503,6,2016-04-23,Tundra,46533.61,3.86,Completed
174504,9,2016-04-15,Corolla,24239.53,4.4,Completed
174505,16,2016-04-02,Tacoma,55946.56,6.06,Completed
174506,20,2016-04-03,RAV4,57476.41,5.77,Completed
174507,17,2016-04-24,Prius,31216.96,4.51,Completed
174508,15,2016-04-23,Tundra,61233.96,4.86,Completed
174509,16,2016-04-04,Camry,51018.1,6.06,Completed
174510,3,2016-04-10,Camry,48348.25,5.69,Completed
174511,17,2016-04-15,Highlander,53567.8,4.51,Completed
174512,5,2016-04-13,Camry,42664.25,5.34,Completed
174513,5,2016-04-27,Highlander,66659.31,5.34,Completed
174514,11,2016-04-17,Corolla,28276.97,4.16,Completed
174515,6,2016-04-28,Corolla,23661.83,3.86,Completed
174516,6,2016-04-09,Tundra,41209.58,3.86,Completed
174517,10,2016-04-13,Prius,30944.09,4.88,Completed
174518,15,2016-04-04,Tundra,57338.44,4.86,Pending
174519,17,2016-04-29,Corolla,23504.43,4.51,Completed
174520,7,2016-04-15,Tundra,67843.48,5.39,Completed
174521,7,2016-04-18,Corolla,34543.49,5.39,Completed
174522,1,2016-04-11,Tacoma,40793.39,5.24,Completed
174523,5,2016-04-12,Tundra,55430.3,5.34,Completed
174524,6,2016-04-19,Prius,28051.79,3.86,Completed
174525,1,2016-04-09,RAV4,49011.54,5.24,Completed
174526,4,2016-04-07,RAV4,40425.37,3.81,Completed
174527,19,2016-04-22,Tundra,50398.63,5.48,Completed
174528,20,2016-04-16,RAV4,53340.12,5.77,Completed
174529,12,2016-04-12,Highlander,73509.35,5.65,Completed
174530,16,2016-04-02,RAV4,56825.37,6.06,Completed
174531,1,2016-04-03,Prius,31443.29,5.24,Completed
174532,4,2016-04-12,Tundra,46223.39,3.81,Completed
174533,4,2016-04-28,Highlander,59587.63,3.81,Completed
174534,3,2016-04-19,Corolla,38688.15,5.69,Completed
174535,8,2016-04-14,Highlander,72776.25,5.84,Completed
174536,1,2016-04-11,Corolla,33003.77,5.24,Completed
174537,4,2016-04-25,Tacoma,33574.49,3.81,Completed
174538,3,2016-04-29,RAV4,58617.96,5.69,Completed
174539,16,2016-04-06,Prius,44166.52,6.06,Completed
174540,18,2016-04-01,Sienna,72578.51,5.68,Completed
174541,14,2016-04-10,Tundra,63752.66,5.1,Completed
174542,16,2016-04-14,Tacoma,54636.59,6.06,Completed
174543,13,2016-04-16,Tundra,71290.16,5.61,Completed
174544,20,2016-04-21,Corolla,36022.22,5.77,Completed
174545,5,2016-04-07,Tundra,51664.97,5.34,Completed
174546,2,2016-04-22,Corolla,27911.58,4.0,Completed
174547,15,2016-04-26,Tundra,63088.03,4.86,Completed
174548,3,2016-04-03,Camry,53849.23,5.69,Completed
174549,12,2016-04-01,Corolla,38892.62,5.65,Completed
174550,4,2016-04-16,Highlander,60528.33,3.81,Completed
174551,11,2016-04-19,RAV4,40737.0,4.16,Completed
174552,2,2016-04-19,RAV4,41737.47,4.0,Completed
174553,2,2016-04-27,RAV4,43225.86,4.0,Completed
174554,16,2016-04-20,Tundra,66067.11,6.06,Completed
174555,11,2016-04-01,Prius,32244.26,4.16,Completed
174556,20,2016-04-17,Highlander,82450.99,5.77,Completed
174557,5,2016-04-21,Tacoma,41615.58,5.34,Completed
174558,6,2016-04-10,Tacoma,37363.08,3.86,Completed
174559,13,2016-04-30,RAV4,56194.2,5.61,Completed
174560,18,2016-04-10,Tacoma,58620.38,5.68,Completed
174561,19,2016-04-30,Sienna,54461.72,5.48,Completed
174562,11,2016-04-12,Tacoma,38303.46,4.16,Completed
174563,6,2016-04-23,Prius,27567.18,3.86,Completed
174564,12,2016-04-04,Tacoma,56369.83,5.65,Pending
174565,17,2016-04-10,Corolla,27632.68,4.51,Completed
174566,15,2016-04-10,Tundra,57370.85,4.86,Completed
174567,6,2016-04-06,Tacoma,34268.0,3.86,Completed
174568,19,2016-04-15,Sienna,57226.02,5.48,Completed
174569,6,2016-04-17,Tacoma,36414.19,3.86,Completed
174570,3,2016-04-19,Highlander,79637.61,5.69,Completed
174571,9,2016-04-27,RAV4,38282.79,4.4,Completed
174572,8,2016-04-10,Highlander,81518.9,5.84,Completed
174573,16,2016-04-16,Sienna,60441.94,6.06,Completed
174574,17,2016-04-12,Highlander,60216.47,4.51,Completed
174575,19,2016-04-17,RAV4,50379.5,5.48,Completed
174576,14,2016-04-07,Camry,45310.0,5.1,Completed
174577,19,2016-04-24,RAV4,51416.99,5.48,Completed
174578,12,2016-04-11,RAV4,57314.98,5.65,Completed
174579,6,2016-04-19,Camry,35786.01,3.86,Completed
174580,14,2016-04-19,RAV4,57166.92,5.1,Completed
174581,1,2016-04-06,RAV4,49855.85,5.24,Completed
174582,6,2016-04-30,Highlander,62112.92,3.86,Completed
174583,11,2016-04-04,Sienna,42990.44,4.16,Completed
174584,8,2016-04-30,Tundra,58128.6,5.84,Completed
174585,9,2016-04-18,Tacoma,35828.7,4.4,Completed
174586,8,2016-04-18,Sienna,61398.36,5.84,Completed
174587,12,2016-04-22,Camry,50092.64,5.65,Completed
174588,5,2016-04-24,Sienna,53245.77,5.34,Completed
174589,19,2016-04-28,Prius,36719.05,5.48,Completed
174590,13,2016-04-28,Tundra,70079.73,5.61,Completed
174591,2,2016-04-06,Camry,40119.5,4.0,Completed
174592,10,2016-04-26,Tundra,45179.83,4.88,Completed
174593,5,2016-04-29,Camry,39314.17,5.34,Completed
174594,11,2016-04-06,Tundra,50835.38,4.16,Completed
174595,17,2016-04-26,Highlander,52275.96,4.51,Completed
174596,18,2016-04-30,Sienna,68895.24,5.68,Completed
174597,19,2016-04-04,Sienna,57664.67,5.48,Completed
174598,12,2016-04-12,RAV4,57296.32,5.65,Completed
174599,20,2016-04-22,Sienna,64214.23,5.77,Completed
174600,12,2016-04-05,Sienna,60516.53,5.65,Completed
174601,13,2016-04-04,Prius,43179.27,5.61,Completed
174602,14,2016-04-22,Highlander,80510.33,5.1,Completed
174603,11,2016-04-06,Sienna,44718.45,4.16,Completed
174604,15,2016-04-07,RAV4,60089.29,4.86,Completed
174605,11,2016-04-25,Tundra,42588.59,4.16,Completed
174606,18,2016-04-19,Highlander,90088.5,5.68,Completed
174607,7,2016-04-18,Prius,40226.09,5.39,Completed
174608,4,2016-04-09,Tacoma,34227.76,3.81,Completed
174609,4,2016-04-26,Corolla,27211.67,3.81,Completed
174610,10,2016-04-12,Camry,37898.4,4.88,Completed
174611,14,2016-04-08,Highlander,76393.85,5.1,Completed
174612,7,2016-04-28,Camry,46745.4,5.39,Completed
174613,12,2016-04-24,Highlander,87454.01,5.65,Completed
174614,2,2016-04-26,Prius,28412.92,4.0,Completed
174615,18,2016-04-26,Tundra,73190.44,5.68,Completed
174616,14,2016-04-23,Camry,45915.75,5.1,Completed
174617,15,2016-04-08,Highlander,75081.23,4.86,Completed
174618,4,2016-04-27,Prius,26958.69,3.81,Completed
174619,14,2016-04-14,Prius,38393.61,5.1,Completed
174620,9,2016-04-06,Tacoma,38630.29,4.4,Completed
174621,17,2016-04-04,Tacoma,37250.17,4.51,Completed
174622,17,2016-04-03,Highlander,55827.69,4.51,Completed
174623,16,2016-04-26,Tundra,61728.79,6.06,Completed
174624,2,2016-04-07,Tundra,52070.22,4.0,Completed
174625,11,2016-04-23,Highlander,54331.74,4.16,Pending
174626,5,2016-04-02,Camry,41371.29,5.34,Completed
174627,10,2016-04-30,Highlander,58049.62,4.88,Completed
174628,2,2016-04-20,Tundra,45971.27,4.0,Completed
174629,15,2016-04-05,Tacoma,57689.42,4.86,Completed
174630,14,2016-04-22,RAV4,51259.02,5.1,Pending
174631,9,2016-04-10,Prius,30871.16,4.4,Completed
174632,18,2016-04-17,Tacoma,61950.86,5.68,Completed
174633,1,2016-04-03,Prius,37483.67,5.24,Completed
174634,9,2016-04-15,Tacoma,36990.25,4.4,Completed
174635,17,2016-04-04,Tacoma,37911.76,4.51,Completed
174636,11,2016-04-22,Corolla,26121.15,4.16,Completed
174637,16,2016-04-14,Tundra,71290.82,6.06,Completed
174638,13,2016-04-02,Highlander,88791.13,5.61,Completed
174639,5,2016-04-04,Prius,35549.78,5.34,Completed
174640,18,2016-04-05,Sienna,65115.17,5.68,Completed
174641,3,2016-04-26,RAV4,55294.75,5.69,Completed
174642,2,2016-04-12,Highlander,67495.95,4.0,Completed
174643,17,2016-04-08,Prius,28014.46,4.51,Completed
174644,15,2016-04-01,Highlander,80361.01,4.86,Completed
174645,14,2016-04-27,Corolla,37840.06,5.1,Completed
174646,10,2016-04-13,Camry,37089.37,4.88,Completed
174647,11,2016-04-30,Camry,39816.85,4.16,Completed
174648,14,2016-04-14,Corolla,36390.15,5.1,Completed
174649,7,2016-04-17,Highlander,83539.4,5.39,Completed
174650,11,2016-04-28,Tacoma,41733.93,4.16,Completed
174651,1,2016-04-16,Tundra,50532.35,5.24,Pending
174652,6,2016-04-30,RAV4,41985.57,3.86,Completed
174653,12,2016-04-10,Camry,50369.12,5.65,Pending
174654,12,2016-04-30,Corolla,38814.3,5.65,Pending
174655,8,2016-04-14,Tundra,64585.02,5.84,Completed
174656,13,2016-04-17,Camry,52024.59,5.61,Completed
174657,1,2016-04-19,Highlander,68438.69,5.24,Completed
174658,16,2016-04-01,Prius,40137.73,6.06,Completed
174659,15,2016-04-07,Sienna,67677.24,4.86,Completed
174660,15,2016-04-09,Corolla,32800.85,4.86,Completed
174661,18,2016-04-03,Corolla,39645.11,5.68,Completed
174662,20,2016-04-25,Corolla,35791.55,5.77,Completed
174663,20,2016-04-12,RAV4,59636.19,5.77,Completed
174664,6,2016-04-26,Tacoma,37849.51,3.86,Completed
174665,12,2016-04-24,Sienna,56778.79,5.65,Completed
174666,2,2016-04-26,Sienna,50547.98,4.0,Completed
174667,16,2016-04-06,Camry,53044.71,6.06,Completed
174668,10,2016-04-18,Tacoma,43261.57,4.88,Completed
174669,13,2016-04-01,Tundra,72879.51,5.61,Completed
174670,14,2016-04-24,Tundra,60981.54,5.1,Completed
174671,12,2016-04-13,Tacoma,55649.69,5.65,Completed
174672,16,2016-04-03,Highlander,78313.25,6.06,Pending
174673,12,2016-04-18,Prius,36695.78,5.65,Completed
174674,15,2016-04-09,RAV4,61045.68,4.86,Completed
174675,19,2016-04-18,Tundra,57315.05,5.48,Completed
174676,16,2016-04-16,Tacoma,49903.76,6.06,Completed
174677,17,2016-04-12,Highlander,61066.43,4.51,Completed
174678,4,2016-04-29,Tacoma,37019.03,3.81,Completed
174679,7,2016-04-30,Tacoma,58348.45,5.39,Completed
174680,18,2016-04-05,Camry,52029.89,5.68,Completed
174681,12,2016-04-25,Tundra,62883.5,5.65,Cancelled
174682,8,2016-04-08,Tacoma,54518.13,5.84,Completed
174683,16,2016-04-27,Tacoma,54779.21,6.06,Completed
174684,9,2016-04-19,Tacoma,38078.23,4.4,Completed
174685,8,2016-04-10,Prius,38151.13,5.84,Completed
174686,3,2016-04-22,Highlander,84926.62,5.69,Completed
174687,11,2016-04-02,RAV4,44349.85,4.16,Completed
174688,16,2016-04-26,Tundra,68757.43,6.06,Completed
174689,19,2016-04-01,Sienna,54249.75,5.48,Completed
174690,8,2016-04-20,Highlander,87684.13,5.84,Completed
174691,4,2016-04-24,Tundra,47584.71,3.81,Completed
174692,1,2016-04-24,Corolla,31090.6,5.24,Completed
174693,7,2016-04-01,RAV4,61984.09,5.39,Completed
174694,12,2016-04-06,Tundra,57244.72,5.65,Completed
174695,16,2016-04-12,Sienna,59611.9,6.06,Completed
174696,17,2016-04-29,Tundra,43408.6,4.51,Completed
174697,16,2016-04-14,Sienna,58842.82,6.06,Completed
174698,11,2016-04-14,Prius,27194.58,4.16,Completed
174699,8,2016-04-24,Corolla,33815.55,5.84,Completed
174700,16,2016-04-03,Prius,40393.28,6.06,Completed
174701,18,2016-04-30,Prius,41216.04,5.68,Completed
174702,1,2016-04-23,Corolla,31036.11,5.24,Pending
174703,16,2016-04-10,RAV4,63017.82,6.06,Completed
174704,19,2016-04-13,Tundra,52614.94,5.48,Completed
174705,18,2016-04-06,Highlander,93743.23,5.68,Completed
174706,12,2016-04-01,Highlander,73538.59,5.65,Completed
174707,10,2016-04-09,RAV4,41982.65,4.88,Completed
174708,2,2016-04-11,Camry,37973.87,4.0,Completed
174709,4,2016-04-25,Sienna,47127.28,3.81,Completed
174710,3,2016-04-23,RAV4,62976.6,5.69,Completed
174711,8,2016-04-22,RAV4,61632.65,5.84,Completed
174712,13,2016-04-05,Corolla,40438.7,5.61,Completed
174713,18,2016-04-21,Corolla,40387.48,5.68,Completed
174714,12,2016-04-15,Tacoma,50361.39,5.65,Completed
174715,12,2016-04-29,Camry,52868.67,5.65,Completed
174716,20,2016-04-30,Sienna,64694.55,5.77,Completed
174717,3,2016-04-22,RAV4,54694.3,5.69,Completed
174718,11,2016-04-25,Highlander,61143.53,4.16,Completed
174719,15,2016-04-07,Prius,42414.04,4.86,Completed
174720,9,2016-04-18,Prius,32481.87,4.4,Completed
174721,4,2016-04-07,Prius,27626.47,3.81,Completed
174722,13,2016-04-03,Tacoma,53161.04,5.61,Completed
174723,2,2016-04-12,Tacoma,38247.07,4.0,Completed
174724,20,2016-04-27,Prius,42769.02,5.77,Completed
174725,14,2016-04-09,Tundra,58517.83,5.1,Completed
174726,18,2016-04-17,Prius,46236.52,5.68,Completed
174727,13,2016-04-15,Corolla,38389.23,5.61,Completed
174728,14,2016-04-01,Corolla,36847.27,5.1,Completed
174729,2,2016-04-14,Corolla,30016.35,4.0,Completed
174730,4,2016-04-04,Tacoma,35273.9,3.81,Completed
174731,8,2016-04-28,Prius,39344.89,5.84,Completed
174732,19,2016-04-20,Prius,36017.69,5.48,Completed
174733,2,2016-04-25,Tacoma,41155.97,4.0,Completed
174734,13,2016-04-17,Highlander,83473.28,5.61,Completed
174735,20,2016-04-21,Camry,49805.47,5.77,Completed
174736,10,2016-04-21,Sienna,51192.32,4.88,Completed
174737,13,2016-04-02,Prius,39092.93,5.61,Pending
174738,17,2016-04-26,Corolla,28014.24,4.51,Completed
174739,14,2016-04-26,RAV4,53405.73,5.1,Completed
174740,17,2016-04-01,RAV4,41930.69,4.51,Completed
174741,8,2016-04-12,RAV4,60280.02,5.84,Pending
174742,4,2016-04-14,Prius,29238.7,3.81,Completed
174743,5,2016-04-09,Corolla,27672.34,5.34,Completed
174744,8,2016-04-10,Prius,45300.44,5.84,Completed
174745,19,2016-04-11,Tacoma,49144.59,5.48,Completed
174746,17,2016-04-02,Tundra,41323.41,4.51,Completed
174747,8,2016-04-19,Camry,45370.68,5.84,Completed
174748,6,2016-04-18,Camry,32772.12,3.86,Pending
174749,10,2016-04-24,Sienna,50532.34,4.88,Cancelled
174750,15,2016-04-14,Camry,50196.76,4.86,Cancelled
174751,12,2016-04-04,Corolla,36584.36,5.65,Completed
174752,20,2016-04-07,Highlander,84464.89,5.77,Completed
174753,20,2016-04-24,Camry,48828.5,5.77,Completed
174754,12,2016-04-25,Tacoma,48169.93,5.65,Completed
174755,6,2016-04-16,Corolla,24731.97,3.86,Completed
174756,15,2016-04-04,Tundra,64166.59,4.86,Pending
174757,1,2016-04-21,Corolla,27571.56,5.24,Completed
174758,14,2016-04-27,Highlander,74248.98,5.1,Completed
174759,4,2016-04-22,Sienna,44083.19,3.81,Completed
174760,12,2016-04-09,Corolla,36241.28,5.65,Completed
174761,15,2016-04-27,Corolla,35163.47,4.86,Completed
174762,6,2016-04-13,Camry,33446.42,3.86,Completed
174763,14,2016-04-25,Highlander,77145.53,5.1,Completed
174764,4,2016-04-30,Sienna,44891.98,3.81,Completed
174765,12,2016-04-05,Tundra,56823.39,5.65,Completed
174766,6,2016-04-11,Highlander,58203.41,3.86,Completed
174767,12,2016-04-13,RAV4,52260.21,5.65,Completed
174768,14,2016-04-25,RAV4,57334.65,5.1,Completed
174769,7,2016-04-05,Camry,53486.52,5.39,Completed
174770,5,2016-04-05,Corolla,33477.17,5.34,Completed
174771,4,2016-04-04,Corolla,24407.46,3.81,Completed
174772,7,2016-04-12,Prius,39762.18,5.39,Completed
174773,15,2016-04-26,Prius,42947.69,4.86,Completed
174774,8,2016-04-16,Tundra,58169.26,5.84,Completed
174775,20,2016-04-25,Camry,45561.95,5.77,Pending
174776,18,2016-04-02,RAV4,60427.63,5.68,Completed
174777,13,2016-04-05,Corolla,41395.58,5.61,Completed
174778,8,2016-04-12,Corolla,34555.8,5.84,Completed
174779,10,2016-04-24,Sienna,50242.8,4.88,Completed
174780,16,2016-04-27,Corolla,39109.41,6.06,Completed
174781,14,2016-04-03,Tundra,61910.54,5.1,Completed
174782,8,2016-04-07,Highlander,79543.76,5.84,Completed
174783,2,2016-04-17,Highlander,62193.26,4.0,Completed
174784,18,2016-04-05,Tacoma,60316.13,5.68,Completed
174785,9,2016-04-07,Prius,32371.84,4.4,Completed
174786,2,2016-04-20,Highlander,64966.49,4.0,Completed
174787,16,2016-04-21,Camry,51313.63,6.06,Pending
174788,19,2016-04-12,Sienna,49793.39,5.48,Completed
174789,20,2016-04-07,Highlander,84449.96,5.77,Completed
174790,9,2016-04-22,RAV4,43210.7,4.4,Completed
174791,6,2016-04-19,Tundra,48198.62,3.86,Completed
174792,8,2016-04-18,Tundra,69010.82,5.84,Pending
174793,11,2016-04-28,Highlander,63248.53,4.16,Completed
174794,15,2016-04-12,Tundra,58317.17,4.86,Completed
174795,2,2016-04-19,Highlander,67165.82,4.0,Completed
174796,19,2016-04-24,Prius,34178.95,5.48,Cancelled
174797,16,2016-04-30,Corolla,34437.04,6.06,Completed
174798,3,2016-04-01,Tundra,60272.75,5.69,Completed
174799,18,2016-04-15,Tundra,71578.68,5.68,Cancelled
174800,20,2016-04-18,Corolla,39815.34,5.77,Completed
174801,17,2016-04-04,Corolla,26610.42,4.51,Completed
174802,20,2016-04-19,Prius,37989.99,5.77,Completed
174803,3,2016-04-02,Camry,48437.1,5.69,Completed
174804,14,2016-04-23,Sienna,61394.2,5.1,Completed
174805,11,2016-04-02,RAV4,41188.57,4.16,Completed
174806,1,2016-04-08,Tacoma,41165.91,5.24,Completed
174807,9,2016-04-12,Prius,30864.82,4.4,Completed
174808,20,2016-04-01,Camry,50689.91,5.77,Completed
174809,3,2016-04-23,RAV4,56410.51,5.69,Pending
174810,6,2016-04-25,Sienna,44876.5,3.86,Completed
174811,5,2016-04-12,Tundra,57879.8,5.34,Completed
174812,18,2016-04-14,RAV4,61788.21,5.68,Completed
174813,14,2016-04-15,Camry,51648.22,5.1,Completed
174814,7,2016-04-06,Camry,45991.77,5.39,Completed
174815,7,2016-04-26,Tacoma,52145.34,5.39,Completed
174816,12,2016-04-20,RAV4,56022.14,5.65,Completed
174817,2,2016-04-30,RAV4,43425.61,4.0,Completed
174818,15,2016-04-09,Tundra,65543.49,4.86,Completed
174819,15,2016-04-11,Sienna,65387.06,4.86,Completed
174820,12,2016-04-12,Tundra,65982.12,5.65,Completed
174821,1,2016-04-24,Tundra,56396.83,5.24,Completed
174822,9,2016-04-12,Camry,38389.54,4.4,Pending
174823,7,2016-04-01,Tacoma,50245.81,5.39,Completed
174824,12,2016-04-28,Tundra,63645.98,5.65,Completed
174825,3,2016-04-22,RAV4,55846.43,5.69,Completed
174826,1,2016-04-29,Prius,32640.83,5.24,Completed
174827,7,2016-04-08,Tacoma,50225.88,5.39,Completed
174828,16,2016-04-21,Corolla,33943.58,6.06,Completed
174829,14,2016-04-29,Highlander,69654.75,5.1,Completed
174830,7,2016-04-07,Tacoma,59388.98,5.39,Completed
174831,6,2016-04-23,Highlander,61433.73,3.86,Completed
174832,10,2016-04-12,Highlander,59173.57,4.88,Completed
174833,4,2016-04-11,Camry,37428.96,3.81,Completed
174834,2,2016-04-16,Prius,30993.92,4.0,Completed
174835,20,2016-04-06,Corolla,33651.67,5.77,Completed
174836,12,2016-04-29,Tundra,68247.1,5.65,Completed
174837,3,2016-04-20,Prius,43782.03,5.69,Completed
174838,1,2016-04-19,RAV4,44545.51,5.24,Completed
174839,19,2016-04-25,Highlander,70039.82,5.48,Completed
174840,4,2016-04-11,Highlander,59961.12,3.81,Pending
174841,20,2016-04-01,Prius,41883.67,5.77,Completed
174842,17,2016-04-28,Tundra,46545.73,4.51,Completed
174843,15,2016-04-07,Tundra,64286.43,4.86,Completed
174844,2,2016-04-08,Sienna,45316.63,4.0,Completed
174845,7,2016-04-21,Tundra,60420.84,5.39,Completed
174846,2,2016-04-30,RAV4,41559.52,4.0,Completed
174847,13,2016-04-08,Prius,45663.45,5.61,Completed
174848,2,2016-04-18,Sienna,46342.16,4.0,Completed
174849,15,2016-04-25,Corolla,36288.72,4.86,Completed
174850,10,2016-04-06,Tacoma,40799.16,4.88,Completed
174851,3,2016-04-06,Sienna,62894.62,5.69,Completed
174852,13,2016-04-13,Corolla,38183.03,5.61,Completed
174853,4,2016-04-25,Highlander,52155.43,3.81,Completed
174854,5,2016-04-24,Camry,45373.93,5.34,Completed
174855,3,2016-04-02,Sienna,65012.09,5.69,Completed
174856,10,2016-04-19,Tacoma,39595.04,4.88,Completed
174857,13,2016-04-22,Highlander,90974.2,5.61,Completed
174858,2,2016-04-17,RAV4,46259.09,4.0,Completed
174859,2,2016-04-09,Highlander,64250.44,4.0,Completed
174860,6,2016-04-16,Camry,33633.93,3.86,Completed
174861,15,2016-04-17,Highlander,74826.74,4.86,Completed
174862,2,2016-04-17,Sienna,46606.01,4.0,Completed
174863,13,2016-04-12,Camry,55816.24,5.61,Completed
174864,12,2016-04-20,Tundra,59493.57,5.65,Completed
174865,6,2016-04-08,Corolla,23918.5,3.86,Completed
174866,18,2016-04-24,Tacoma,56629.68,5.68,Completed
174867,20,2016-04-08,RAV4,62822.36,5.77,Completed
174868,20,2016-04-05,Highlander,84448.6,5.77,Completed
174869,2,2016-04-06,Highlander,59275.47,4.0,Completed
174870,2,2016-04-08,Tacoma,43396.71,4.0,Completed
174871,16,2016-04-30,Highlander,89706.31,6.06,Completed
174872,16,2016-04-26,Sienna,71442.34,6.06,Completed
174873,18,2016-04-26,Tacoma,53020.07,5.68,Completed
174874,1,2016-04-14,Prius,36119.27,5.24,Completed
174875,13,2016-04-24,Tacoma,57524.72,5.61,Completed
174876,16,2016-04-09,Corolla,34495.73,6.06,Completed
174877,19,2016-04-11,Prius,36419.51,5.48,Completed
174878,20,2016-04-21,Sienna,69636.65,5.77,Completed
174879,3,2016-04-12,Highlander,77020.75,5.69,Completed
174880,16,2016-04-29,RAV4,57484.44,6.06,Completed
174881,9,2016-04-19,Sienna,41728.69,4.4,Completed
174882,9,2016-04-20,Prius,30651.09,4.4,Completed
174883,19,2016-04-26,Tacoma,49597.41,5.48,Completed
174884,5,2016-04-23,RAV4,47243.46,5.34,Completed
174885,14,2016-04-05,Camry,50173.51,5.1,Completed
174886,4,2016-04-16,RAV4,40551.25,3.81,Pending
174887,5,2016-04-07,Camry,41764.03,5.34,Completed
174888,16,2016-04-20,Tundra,62612.25,6.06,Completed
174889,1,2016-04-23,Prius,36741.84,5.24,Completed
174890,20,2016-04-28,RAV4,60849.14,5.77,Completed
174891,9,2016-04-28,Prius,28646.27,4.4,Completed
174892,5,2016-04-05,Corolla,29246.51,5.34,Completed
174893,5,2016-04-06,RAV4,47304.48,5.34,Completed
174894,5,2016-04-04,Camry,38153.87,5.34,Completed
174895,8,2016-04-18,Camry,48868.01,5.84,Completed
174896,9,2016-04-08,Tundra,49047.98,4.4,Completed
174897,20,2016-04-19,Prius,43692.62,5.77,Completed
174898,9,2016-04-02,Sienna,46774.64,4.4,Completed
174899,19,2016-04-08,RAV4,46794.76,5.48,Completed
174900,14,2016-04-05,Tacoma,47875.77,5.1,Completed
174901,5,2016-04-18,Tundra,51026.45,5.34,Completed
174902,3,2016-04-01,Prius,42856.18,5.69,Completed
174903,9,2016-04-02,RAV4,38017.61,4.4,Completed
174904,10,2016-04-01,Tacoma,42041.88,4.88,Completed
174905,19,2016-04-09,Highlander,69436.29,5.48,Completed
174906,13,2016-04-18,RAV4,59032.2,5.61,Completed
174907,3,2016-04-01,RAV4,55463.93,5.69,Completed
174908,20,2016-04-13,Highlander,82607.92,5.77,Completed
174909,13,2016-04-28,Highlander,83821.32,5.61,Completed
174910,10,2016-04-15,Corolla,26956.55,4.88,Completed
174911,9,2016-04-18,Tacoma,35589.75,4.4,Completed
174912,1,2016-04-25,Tacoma,41645.36,5.24,Completed
174913,6,2016-04-12,Camry,36804.4,3.86,Completed
174914,18,2016-04-30,Corolla,39889.52,5.68,Completed
174915,10,2016-04-05,Tacoma,36761.9,4.88,Completed
174916,16,2016-04-14,Corolla,38571.24,6.06,Completed
174917,6,2016-04-14,Highlander,55633.0,3.86,Completed
174918,6,2016-04-25,Sienna,43922.93,3.86,Completed
174919,16,2016-04-29,Highlander,88299.68,6.06,Completed
174920,17,2016-04-23,Camry,36188.55,4.51,Completed
174921,14,2016-04-11,Camry,46336.51,5.1,Completed
174922,19,2016-04-25,Tundra,55771.05,5.48,Completed
174923,16,2016-04-04,Tundra,67608.15,6.06,Completed
174924,15,2016-04-16,Tundra,63716.57,4.86,Completed
174925,3,2016-04-20,Sienna,64833.4,5.69,Completed
174926,4,2016-04-28,Corolla,27229.49,3.81,Completed
174927,8,2016-04-29,Highlander,74809.72,5.84,Completed
174928,15,2016-04-09,Corolla,34486.77,4.86,Completed
174929,20,2016-04-19,Highlander,89036.61,5.77,Completed
174930,7,2016-04-01,Corolla,40244.55,5.39,Completed
174931,15,2016-04-09,Corolla,36482.46,4.86,Completed
174932,18,2016-04-20,Highlander,85012.19,5.68,Completed
174933,8,2016-04-03,Tacoma,52269.9,5.84,Completed
174934,4,2016-04-01,Camry,35254.69,3.81,Completed
174935,16,2016-04-05,Sienna,67550.37,6.06,Completed
174936,16,2016-04-15,Camry,47167.79,6.06,Completed
174937,8,2016-04-07,Tacoma,49837.5,5.84,Completed
174938,1,2016-04-09,Tacoma,47472.15,5.24,Cancelled
174939,19,2016-04-05,Sienna,59208.38,5.48,Completed
174940,1,2016-04-12,Prius,35008.81,5.24,Completed
174941,19,2016-04-25,Prius,38083.9,5.48,Pending
174942,17,2016-04-22,Prius,30896.35,4.51,Completed
174943,4,2016-04-03,Sienna,40888.17,3.81,Completed
174944,5,2016-04-20,Tundra,54382.14,5.34,Completed
174945,18,2016-04-24,Tacoma,58118.71,5.68,Completed
174946,6,2016-04-21,Prius,30015.93,3.86,Completed
174947,12,2016-04-06,Tundra,57728.05,5.65,Completed
174948,17,2016-04-04,Camry,31428.7,4.51,Completed
174949,2,2016-04-02,Camry,40632.99,4.0,Completed
174950,3,2016-04-24,Prius,42668.14,5.69,Completed
174951,3,2016-04-25,Camry,49994.1,5.69,Completed
174952,8,2016-04-07,Corolla,37385.82,5.84,Completed
174953,9,2016-04-05,RAV4,41086.86,4.4,Completed
174954,7,2016-04-26,Camry,45543.74,5.39,Completed
174955,11,2016-04-15,Prius,28588.39,4.16,Pending
174956,1,2016-04-17,RAV4,53130.3,5.24,Completed
174957,20,2016-04-30,Camry,46427.16,5.77,Completed
174958,4,2016-04-05,Camry,33833.18,3.81,Completed
174959,3,2016-04-22,Camry,56542.19,5.69,Completed
174960,5,2016-04-10,Sienna,48670.91,5.34,Completed
174961,18,2016-04-16,Highlander,83133.42,5.68,Completed
174962,11,2016-04-27,Corolla,29130.9,4.16,Completed
174963,14,2016-04-28,Corolla,34710.01,5.1,Completed
174964,19,2016-04-06,RAV4,46324.22,5.48,Completed
174965,17,2016-04-17,Tundra,40410.77,4.51,Completed
174966,7,2016-04-06,Sienna,69613.79,5.39,Completed
174967,4,2016-04-26,Corolla,26820.24,3.81,Completed
174968,2,2016-04-25,Prius,31713.67,4.0,Completed
174969,12,2016-04-26,Prius,39316.44,5.65,Completed
174970,2,2016-04-18,Camry,40728.08,4.0,Completed
174971,15,2016-04-22,Prius,39125.35,4.86,Pending
174972,19,2016-04-17,Prius,33311.8,5.48,Completed
174973,12,2016-04-13,Prius,40635.59,5.65,Completed
174974,18,2016-04-19,Corolla,40955.46,5.68,Completed
174975,10,2016-04-27,Tundra,43648.01,4.88,Cancelled
174976,20,2016-04-24,Prius,38945.6,5.77,Completed
174977,1,2016-04-17,Tundra,56273.92,5.24,Completed
174978,17,2016-04-14,Corolla,26159.39,4.51,Completed
174979,12,2016-04-30,Highlander,73341.79,5.65,Completed
174980,20,2016-04-07,Tacoma,56191.65,5.77,Completed
174981,6,2016-04-11,Highlander,61816.56,3.86,Completed
174982,12,2016-04-29,Corolla,38390.79,5.65,Completed
174983,3,2016-04-15,Prius,39834.86,5.69,Completed
174984,4,2016-04-24,Prius,26692.94,3.81,Completed
174985,10,2016-04-06,Tundra,52013.12,4.88,Completed
174986,7,2016-04-08,RAV4,62439.25,5.39,Completed
174987,14,2016-04-30,Prius,37549.44,5.1,Completed
174988,12,2016-04-12,RAV4,62254.93,5.65,Completed
174989,13,2016-04-14,Prius,43403.7,5.61,Completed
174990,20,2016-04-19,Highlander,89151.48,5.77,Completed
174991,19,2016-04-14,Prius,32773.83,5.48,Completed
174992,14,2016-04-18,Sienna,60391.89,5.1,Completed
174993,3,2016-04-25,Highlander,89711.59,5.69,Completed
174994,3,2016-04-04,Camry,53689.24,5.69,Completed
174995,6,2016-04-10,Tacoma,35617.28,3.86,Completed
174996,9,2016-04-18,Camry,34774.58,4.4,Completed
174997,8,2016-04-17,Highlander,72802.24,5.84,Completed
174998,4,2016-04-19,Highlander,50854.82,3.81,Completed
174999,19,2016-04-22,Tundra,60868.86,5.48,Completed
175000,3,2016-04-06,Sienna,68973.79,5.69,Completed
175001,11,2016-04-20,Tundra,46022.72,4.16,Completed
175002,18,2016-04-09,Tacoma,51975.61,5.68,Completed
175003,10,2016-04-11,RAV4,40775.82,4.88,Completed
175004,13,2016-04-07,Highlander,92226.24,5.61,Completed
175005,14,2016-04-25,Sienna,57636.68,5.1,Completed
175006,1,2016-04-30,Prius,34857.85,5.24,Completed
175007,11,2016-04-06,Tundra,50659.66,4.16,Completed
175008,18,2016-04-26,Camry,52644.66,5.68,Completed
175009,17,2016-04-01,Tundra,44269.81,4.51,Completed
175010,15,2016-04-02,RAV4,56450.97,4.86,Completed
175011,18,2016-04-24,Tacoma,61200.08,5.68,Completed
175012,4,2016-04-29,Corolla,25844.96,3.81,Completed
175013,6,2016-04-23,Tacoma,35382.03,3.86,Completed
175014,2,2016-04-04,Prius,34049.8,4.0,Completed
175015,15,2016-04-05,Camry,51726.85,4.86,Completed
175016,13,2016-04-04,Tundra,72776.15,5.61,Completed
175017,20,2016-04-13,Highlander,85763.66,5.77,Completed
175018,1,2016-04-09,Corolla,32824.73,5.24,Completed
175019,4,2016-04-09,Highlander,50791.4,3.81,Completed
175020,14,2016-04-26,Sienna,60126.93,5.1,Completed
175021,20,2016-04-25,Sienna,66342.86,5.77,Completed
175022,9,2016-04-01,Tacoma,41240.04,4.4,Completed
175023,13,2016-04-09,Prius,40062.47,5.61,Completed
175024,18,2016-04-03,Corolla,41653.39,5.68,Completed
175025,16,2016-04-09,RAV4,59282.95,6.06,Completed
175026,12,2016-04-06,Tundra,63622.43,5.65,Completed
175027,10,2016-04-24,Tacoma,38598.34,4.88,Completed
175028,3,2016-04-24,Sienna,71415.92,5.69,Completed
175029,2,2016-04-11,RAV4,42159.98,4.0,Completed
175030,11,2016-04-12,Tacoma,41199.61,4.16,Completed
175031,1,2016-04-10,Highlander,73502.62,5.24,Completed
175032,20,2016-04-21,Camry,51587.01,5.77,Completed
175033,19,2016-04-27,Highlander,69972.47,5.48,Completed
175034,12,2016-04-07,Sienna,66841.26,5.65,Completed
175035,14,2016-04-30,Tundra,64968.44,5.1,Pending
175036,10,2016-04-14,Camry,36851.37,4.88,Pending
175037,4,2016-04-06,Tundra,43782.99,3.81,Completed
175038,1,2016-04-23,Sienna,55249.74,5.24,Completed
175039,4,2016-04-18,Camry,32187.25,3.81,Completed
175040,3,2016-04-04,Prius,45915.19,5.69,Completed
175041,15,2016-04-25,Tacoma,50027.8,4.86,Completed
175042,20,2016-04-18,Highlander,81681.31,5.77,Completed
175043,15,2016-04-24,Sienna,58471.21,4.86,Completed
175044,2,2016-04-15,Tundra,51879.67,4.0,Completed
175045,11,2016-04-26,Tundra,44366.78,4.16,Completed
175046,12,2016-04-13,Corolla,37045.89,5.65,Completed
175047,1,2016-04-22,Sienna,49687.97,5.24,Completed
175048,4,2016-04-24,Sienna,45168.5,3.81,Cancelled
175049,19,2016-04-07,Sienna,51110.32,5.48,Completed
175050,2,2016-04-03,Prius,31729.84,4.0,Completed
175051,4,2016-04-08,Corolla,27358.2,3.81,Completed
175052,15,2016-04-10,Prius,43702.83,4.86,Completed
175053,16,2016-04-29,Prius,44089.28,6.06,Completed
175054,7,2016-04-09,Sienna,60151.19,5.39,Completed
175055,12,2016-04-06,Camry,53158.34,5.65,Completed
175056,15,2016-04-30,Corolla,37237.21,4.86,Completed
175057,20,2016-04-04,Camry,45021.92,5.77,Cancelled
175058,18,2016-04-04,Tacoma,58738.22,5.68,Completed
175059,15,2016-04-28,Corolla,36071.5,4.86,Completed
175060,13,2016-04-29,Corolla,35146.5,5.61,Completed
175061,10,2016-04-06,Highlander,66259.49,4.88,Completed
175062,10,2016-04-02,Prius,30024.41,4.88,Completed
175063,10,2016-04-14,Prius,30460.6,4.88,Completed
175064,15,2016-04-26,Prius,40567.8,4.86,Completed
175065,17,2016-04-12,Camry,36785.22,4.51,Completed
175066,4,2016-04-24,Tacoma,38860.09,3.81,Completed
175067,10,2016-04-11,Corolla,28826.14,4.88,Completed
175068,2,2016-04-30,Sienna,44075.04,4.0,Completed
175069,4,2016-04-16,Corolla,27267.82,3.81,Completed
175070,2,2016-04-23,Corolla,30251.84,4.0,Completed
175071,13,2016-04-09,Corolla,37699.41,5.61,Completed
175072,7,2016-04-28,Tacoma,52593.7,5.39,Completed
175073,5,2016-04-22,RAV4,48493.65,5.34,Completed
175074,13,2016-04-27,Tacoma,53390.93,5.61,Completed
175075,6,2016-04-20,Highlander,60080.52,3.86,Completed
175076,6,2016-04-28,RAV4,39353.79,3.86,Completed
175077,15,2016-04-04,Corolla,37952.38,4.86,Completed
175078,19,2016-04-17,Camry,43000.24,5.48,Completed
175079,12,2016-04-13,Tacoma,55502.63,5.65,Completed
175080,5,2016-04-12,Tacoma,46405.92,5.34,Completed
175081,1,2016-04-23,Highlander,72678.89,5.24,Completed
175082,16,2016-04-28,Tundra,66191.7,6.06,Completed
175083,1,2016-04-11,Highlander,74109.84,5.24,Completed
175084,1,2016-04-25,RAV4,50437.39,5.24,Completed
175085,18,2016-04-05,Tundra,65147.18,5.68,Completed
175086,11,2016-04-29,Tundra,45827.74,4.16,Completed
175087,14,2016-04-09,Sienna,54721.55,5.1,Completed
175088,6,2016-04-26,Highlander,55718.38,3.86,Completed
175089,4,2016-04-06,RAV4,42099.01,3.81,Completed
175090,12,2016-04-19,Camry,44832.45,5.65,Completed
175091,20,2016-04-17,Sienna,60954.1,5.77,Completed
175092,20,2016-04-05,Sienna,57612.02,5.77,Completed
175093,20,2016-04-07,Camry,47644.51,5.77,Completed
175094,2,2016-04-20,Tundra,52400.42,4.0,Completed
175095,6,2016-04-09,Camry,34608.44,3.86,Completed
175096,7,2016-04-27,Sienna,70418.3,5.39,Completed
175097,7,2016-04-26,RAV4,64213.03,5.39,Completed
175098,7,2016-04-25,Tacoma,51620.6,5.39,Completed
175099,1,2016-04-04,Prius,31925.05,5.24,Completed
175100,15,2016-04-23,Tundra,66515.42,4.86,Completed
175101,15,2016-04-06,Tundra,63093.49,4.86,Completed
175102,5,2016-04-23,Tacoma,41773.95,5.34,Completed
175103,11,2016-04-26,Sienna,41812.32,4.16,Completed
175104,1,2016-04-22,Tundra,48410.18,5.24,Cancelled
175105,5,2016-04-08,Highlander,70980.72,5.34,Completed
175106,11,2016-04-10,Tacoma,40843.18,4.16,Completed
175107,2,2016-04-09,Sienna,48649.86,4.0,Completed
175108,5,2016-04-10,Sienna,54442.42,5.34,Completed
175109,2,2016-04-06,Highlander,55758.97,4.0,Completed
175110,9,2016-04-30,Tacoma,37461.31,4.4,Completed
175111,19,2016-04-13,Corolla,29889.44,5.48,Completed
175112,17,2016-04-17,Tacoma,37049.08,4.51,Completed
175113,18,2016-04-29,Tacoma,54821.94,5.68,Completed
175114,9,2016-04-03,RAV4,37978.06,4.4,Completed
175115,1,2016-04-11,Corolla,31192.84,5.24,Completed
175116,19,2016-04-29,Corolla,29528.36,5.48,Completed
175117,2,2016-04-01,Corolla,28707.85,4.0,Completed
175118,17,2016-04-28,Highlander,61142.07,4.51,Completed
175119,10,2016-04-02,Highlander,65351.41,4.88,Completed
175120,8,2016-04-28,Corolla,37101.15,5.84,Completed
175121,6,2016-04-17,Tundra,47137.96,3.86,Completed
175122,10,2016-04-23,Highlander,55886.31,4.88,Completed
175123,3,2016-04-28,Camry,54888.8,5.69,Completed
175124,14,2016-04-30,Tacoma,53682.73,5.1,Completed
175125,9,2016-04-05,Tacoma,37281.67,4.4,Completed
175126,17,2016-04-26,Prius,27510.93,4.51,Completed
175127,10,2016-04-29,Highlander,66069.26,4.88,Completed
175128,2,2016-04-17,Tacoma,39629.33,4.0,Cancelled
175129,1,2016-04-25,Tacoma,47247.47,5.24,Completed
175130,10,2016-04-03,Camry,37428.89,4.88,Completed
175131,19,2016-04-12,Tacoma,43279.26,5.48,Completed
175132,17,2016-04-12,Camry,37828.37,4.51,Completed
175133,6,2016-04-28,RAV4,37241.27,3.86,Completed
175134,20,2016-04-03,Highlander,74875.39,5.77,Completed
175135,16,2016-04-26,RAV4,63149.23,6.06,Completed
175136,13,2016-04-25,Tundra,68210.47,5.61,Completed
175137,8,2016-04-12,Tacoma,58193.56,5.84,Completed
175138,10,2016-04-07,RAV4,39264.02,4.88,Completed
175139,11,2016-04-26,Sienna,42610.89,4.16,Completed
175140,17,2016-04-03,RAV4,42282.37,4.51,Completed
175141,19,2016-04-12,Prius,34483.06,5.48,Completed
175142,3,2016-04-12,RAV4,65364.25,5.69,Completed
175143,10,2016-04-18,RAV4,42127.46,4.88,Cancelled
175144,2,2016-04-01,Corolla,26654.16,4.0,Completed
175145,15,2016-04-23,Tacoma,57148.7,4.86,Completed
175146,12,2016-04-22,Sienna,59614.71,5.65,Completed
175147,1,2016-04-26,Camry,43735.45,5.24,Completed
175148,8,2016-04-22,Sienna,68816.08,5.84,Completed
175149,3,2016-04-21,Corolla,37843.44,5.69,Completed
175150,9,2016-04-01,Tacoma,34980.42,4.4,Completed
175151,11,2016-04-27,Corolla,26454.63,4.16,Completed
175152,6,2016-04-10,RAV4,39937.46,3.86,Completed
175153,15,2016-04-09,Tacoma,48539.92,4.86,Completed
175154,4,2016-04-01,Corolla,23375.14,3.81,Completed
175155,3,2016-04-22,Tundra,71296.71,5.69,Completed
175156,11,2016-04-20,RAV4,46471.75,4.16,Completed
175157,6,2016-04-08,Prius,31344.14,3.86,Completed
175158,17,2016-04-20,Highlander,55255.65,4.51,Completed
175159,7,2016-04-07,Sienna,67634.66,5.39,Completed
175160,6,2016-04-26,Prius,28590.23,3.86,Completed
175161,11,2016-04-25,Tundra,47454.73,4.16,Completed
175162,9,2016-04-07,Corolla,28357.48,4.4,Completed
175163,11,2016-04-10,Tacoma,35463.8,4.16,Completed
175164,1,2016-04-04,Highlander,66980.55,5.24,Completed
175165,11,2016-04-22,RAV4,45025.53,4.16,Completed
175166,10,2016-04-10,Tacoma,42967.02,4.88,Completed
175167,1,2016-04-17,Highlander,62172.93,5.24,Completed
175168,7,2016-04-15,Tundra,69190.01,5.39,Completed
175169,7,2016-04-11,Highlander,76532.13,5.39,Completed
175170,13,2016-04-16,Corolla,38082.5,5.61,Completed
175171,2,2016-04-09,RAV4,45286.09,4.0,Completed
175172,15,2016-04-12,Prius,42626.06,4.86,Completed
175173,6,2016-04-02,RAV4,38405.66,3.86,Completed
175174,16,2016-04-18,Prius,43623.71,6.06,Pending
175175,11,2016-04-29,Tundra,48818.0,4.16,Completed
175176,20,2016-04-16,Camry,50580.98,5.77,Completed
175177,9,2016-04-10,Camry,34254.86,4.4,Completed
175178,18,2016-04-28,RAV4,67887.9,5.68,Completed
175179,12,2016-04-19,Highlander,75955.28,5.65,Completed
175180,11,2016-04-27,Camry,36024.55,4.16,Completed
175181,15,2016-04-03,Sienna,67996.84,4.86,Completed
175182,5,2016-04-27,Corolla,31440.6,5.34,Completed
175183,6,2016-04-24,Highlander,61576.91,3.86,Completed
175184,5,2016-04-23,Highlander,64577.76,5.34,Completed
175185,7,2016-04-24,Camry,51193.08,5.39,Pending
175186,8,2016-04-17,Corolla,35659.2,5.84,Completed
175187,17,2016-04-20,Tundra,46079.25,4.51,Completed
175188,9,2016-04-08,Prius,31956.97,4.4,Completed
175189,17,2016-04-27,Tacoma,34061.72,4.51,Completed
175190,2,2016-04-11,RAV4,46020.34,4.0,Completed
175191,2,2016-04-06,Sienna,49516.59,4.0,Cancelled
175192,3,2016-04-27,Highlander,90719.84,5.69,Completed
175193,18,2016-04-06,Tundra,73847.16,5.68,Completed
175194,19,2016-04-22,RAV4,51031.1,5.48,Completed
175195,18,2016-04-02,Camry,54705.93,5.68,Completed
175196,11,2016-04-16,Corolla,26174.28,4.16,Completed
175197,1,2016-04-08,Camry,43675.72,5.24,Completed
175198,13,2016-04-08,Sienna,63374.36,5.61,Completed
175199,19,2016-04-06,Highlander,67476.33,5.48,Completed
175200,1,2016-04-13,Tundra,56760.5,5.24,Completed
175201,2,2016-04-05,Highlander,65441.63,4.0,Completed
175202,4,2016-04-08,Tacoma,38342.86,3.81,Completed
175203,14,2016-04-24,Sienna,61438.63,5.1,Completed
175204,16,2016-04-08,Prius,41867.42,6.06,Completed
175205,11,2016-04-11,Corolla,25153.93,4.16,Completed
175206,19,2016-04-15,Prius,32394.02,5.48,Completed
175207,5,2016-04-14,Tacoma,42764.38,5.34,Completed
175208,11,2016-04-25,Corolla,26950.61,4.16,Completed
175209,6,2016-04-04,Camry,32144.0,3.86,Completed
175210,15,2016-04-10,Tacoma,53934.34,4.86,Completed
175211,9,2016-04-12,Camry,33794.27,4.4,Completed
175212,10,2016-04-04,Highlander,59357.52,4.88,Completed
175213,18,2016-04-28,Highlander,92132.73,5.68,Completed
175214,12,2016-04-24,Tacoma,56702.46,5.65,Completed
175215,4,2016-04-17,Camry,32667.42,3.81,Completed
175216,7,2016-04-11,Tacoma,51773.34,5.39,Completed
175217,11,2016-04-29,Sienna,46363.27,4.16,Completed
175218,7,2016-04-09,Tacoma,57947.01,5.39,Completed
175219,7,2016-04-08,Tundra,61222.02,5.39,Completed
175220,20,2016-04-25,Sienna,58192.61,5.77,Completed
175221,2,2016-04-19,Camry,37145.03,4.0,Completed
175222,7,2016-04-27,Tundra,64141.06,5.39,Completed
175223,12,2016-04-02,Highlander,85216.41,5.65,Completed
175224,7,2016-04-15,Tundra,64020.59,5.39,Completed
175225,15,2016-04-21,Camry,49217.09,4.86,Completed
175226,1,2016-04-03,RAV4,45895.41,5.24,Completed
175227,6,2016-04-13,Corolla,27072.4,3.86,Completed
175228,20,2016-04-11,RAV4,52893.94,5.77,Completed
175229,12,2016-04-12,Highlander,76954.29,5.65,Completed
175230,18,2016-04-17,Sienna,67326.96,5.68,Cancelled
175231,16,2016-04-28,Tundra,66603.03,6.06,Completed
175232,9,2016-04-22,Highlander,59660.44,4.4,Completed
175233,5,2016-04-22,Tacoma,43030.08,5.34,Completed
175234,6,2016-04-29,Tacoma,34631.07,3.86,Completed
175235,11,2016-04-03,Tacoma,42013.05,4.16,Completed
175236,13,2016-04-23,RAV4,61371.0,5.61,Completed
175237,7,2016-04-30,Highlander,81866.29,5.39,Completed
175238,1,2016-04-30,Tacoma,41658.76,5.24,Completed
175239,9,2016-04-16,Tundra,42906.68,4.4,Completed
175240,9,2016-04-04,Corolla,27614.75,4.4,Completed
175241,7,2016-04-03,Prius,41415.12,5.39,Completed
175242,4,2016-04-19,Highlander,54546.45,3.81,Completed
175243,16,2016-04-14,Highlander,89500.09,6.06,Completed
175244,1,2016-04-19,RAV4,49642.99,5.24,Completed
175245,10,2016-04-13,Sienna,49272.05,4.88,Completed
175246,3,2016-04-21,Highlander,92027.69,5.69,Completed
175247,7,2016-04-06,Tacoma,57383.48,5.39,Completed
175248,20,2016-04-16,Sienna,67996.81,5.77,Completed
175249,9,2016-04-06,Sienna,47969.26,4.4,Completed
175250,18,2016-04-19,Highlander,94409.6,5.68,Completed
175251,8,2016-04-16,Tundra,58013.7,5.84,Completed
175252,2,2016-04-26,Highlander,59264.45,4.0,Completed
175253,18,2016-04-01,RAV4,66426.94,5.68,Completed
175254,13,2016-04-18,Highlander,82032.4,5.61,Completed
175255,20,2016-04-03,Camry,45646.87,5.77,Completed
175256,20,2016-04-05,Tundra,59481.37,5.77,Completed
175257,5,2016-04-18,Highlander,70303.12,5.34,Cancelled
175258,14,2016-04-13,Highlander,75605.97,5.1,Completed
175259,2,2016-04-30,Corolla,28412.5,4.0,Cancelled
175260,11,2016-04-23,Sienna,45823.65,4.16,Completed
175261,10,2016-04-22,Tacoma,43705.72,4.88,Completed
175262,14,2016-04-05,Sienna,56705.33,5.1,Completed
175263,1,2016-04-08,Camry,43914.48,5.24,Completed
175264,10,2016-04-05,Camry,38424.89,4.88,Completed
175265,9,2016-04-27,Prius,31445.62,4.4,Completed
175266,20,2016-04-09,Camry,47847.84,5.77,Completed
175267,20,2016-04-01,Highlander,78791.05,5.77,Completed
175268,6,2016-04-03,Tacoma,34219.26,3.86,Completed
175269,12,2016-04-30,Tacoma,50891.59,5.65,Completed
175270,5,2016-04-18,Corolla,32250.91,5.34,Completed
175271,1,2016-04-29,Tacoma,46493.66,5.24,Completed
175272,20,2016-04-19,RAV4,61677.38,5.77,Completed
175273,1,2016-04-03,Sienna,55180.42,5.24,Completed
175274,1,2016-04-07,Tacoma,43242.33,5.24,Completed
175275,12,2016-04-24,Tacoma,54438.01,5.65,Completed
175276,6,2016-04-27,Camry,34809.8,3.86,Completed
175277,12,2016-04-28,Prius,38177.08,5.65,Completed
175278,10,2016-04-03,Highlander,63134.05,4.88,Completed
175279,15,2016-04-09,Highlander,83793.43,4.86,Completed
175280,17,2016-04-21,Tacoma,35256.84,4.51,Completed
175281,5,2016-04-08,Prius,33759.91,5.34,Completed
175282,17,2016-04-25,Tacoma,35189.07,4.51,Completed
175283,10,2016-04-04,RAV4,41904.11,4.88,Completed
175284,9,2016-04-04,Tacoma,38394.74,4.4,Completed
175285,17,2016-04-15,Tacoma,37489.3,4.51,Completed
175286,20,2016-04-23,Camry,54121.97,5.77,Completed
175287,17,2016-04-20,Camry,35554.01,4.51,Completed
175288,6,2016-04-07,RAV4,37104.26,3.86,Completed
175289,10,2016-04-04,Corolla,25198.15,4.88,Completed
175290,7,2016-04-21,Prius,38741.59,5.39,Completed
175291,10,2016-04-15,Highlander,55332.27,4.88,Completed
175292,17,2016-04-12,Tacoma,34057.24,4.51,Completed
175293,10,2016-04-18,Sienna,43756.0,4.88,Completed
175294,19,2016-04-19,Camry,39546.03,5.48,Completed
175295,13,2016-04-21,Corolla,37046.42,5.61,Completed
175296,7,2016-04-20,RAV4,54274.8,5.39,Completed
175297,10,2016-04-05,Camry,36932.31,4.88,Completed
175298,11,2016-04-13,Sienna,48056.53,4.16,Completed
175299,16,2016-04-21,Camry,51571.99,6.06,Pending
175300,13,2016-04-06,Highlander,83109.08,5.61,Completed
175301,13,2016-04-29,Corolla,40362.86,5.61,Completed
175302,3,2016-04-19,Sienna,70874.36,5.69,Completed
175303,13,2016-04-22,Sienna,71135.59,5.61,Completed
175304,12,2016-04-24,Sienna,66864.98,5.65,Completed
175305,8,2016-04-15,Tundra,57098.77,5.84,Completed
175306,4,2016-04-21,Tundra,45370.47,3.81,Cancelled
175307,14,2016-04-23,Sienna,60010.9,5.1,Completed
175308,13,2016-04-09,Tacoma,51281.76,5.61,Completed
175309,20,2016-04-30,Highlander,74083.9,5.77,Completed
175310,20,2016-04-02,Corolla,39446.46,5.77,Completed
175311,5,2016-04-15,Prius,35528.34,5.34,Completed
175312,18,2016-04-23,Sienna,61576.62,5.68,Completed
175313,1,2016-04-05,Highlander,70870.86,5.24,Completed
175314,5,2016-04-24,Tundra,50050.73,5.34,Completed
175315,13,2016-04-27,Camry,47758.03,5.61,Completed
175316,8,2016-04-17,Highlander,76138.32,5.84,Completed
175317,5,2016-04-22,Camry,39610.65,5.34,Completed
175318,2,2016-04-01,Tacoma,38529.4,4.0,Completed
175319,17,2016-04-04,Sienna,40370.49,4.51,Completed
175320,16,2016-04-03,Tundra,65924.71,6.06,Completed
175321,3,2016-04-21,RAV4,65479.08,5.69,Completed
175322,20,2016-04-07,Highlander,75924.12,5.77,Cancelled
175323,1,2016-04-28,Corolla,29472.07,5.24,Completed
175324,14,2016-04-18,Highlander,72445.49,5.1,Completed
175325,19,2016-04-02,Sienna,54970.41,5.48,Completed
175326,7,2016-04-01,Camry,50369.66,5.39,Completed
175327,7,2016-04-20,Tacoma,55662.6,5.39,Completed
175328,4,2016-04-12,Sienna,42539.6,3.81,Completed
175329,3,2016-04-08,RAV4,59541.67,5.69,Completed
175330,13,2016-04-10,Highlander,80628.67,5.61,Completed
175331,19,2016-04-28,Prius,32789.52,5.48,Completed
175332,13,2016-04-01,RAV4,55296.22,5.61,Completed
175333,14,2016-04-19,Sienna,56619.27,5.1,Pending
175334,15,2016-04-17,Prius,41693.5,4.86,Completed
175335,9,2016-04-03,Tacoma,38428.15,4.4,Completed
175336,1,2016-04-16,Sienna,57724.42,5.24,Completed
175337,4,2016-04-24,RAV4,41541.14,3.81,Completed
175338,1,2016-04-09,Tacoma,43135.79,5.24,Completed
175339,1,2016-04-11,Tacoma,48662.69,5.24,Completed
175340,7,2016-04-08,Prius,42132.62,5.39,Completed
175341,8,2016-04-30,Tacoma,51343.43,5.84,Completed
175342,13,2016-04-07,Camry,48044.87,5.61,Completed
175343,11,2016-04-26,Tundra,42250.55,4.16,Completed
175344,3,2016-04-25,Tundra,65754.78,5.69,Completed
175345,13,2016-04-14,RAV4,57545.75,5.61,Completed
175346,5,2016-04-19,RAV4,48277.74,5.34,Completed
175347,17,2016-04-28,Camry,37292.95,4.51,Completed
175348,3,2016-04-19,Sienna,71999.52,5.69,Completed
175349,4,2016-04-13,Camry,36223.23,3.81,Completed
175350,3,2016-04-04,Prius,39187.76,5.69,Completed
175351,6,2016-04-25,Highlander,55983.29,3.86,Completed
175352,9,2016-04-23,RAV4,41174.5,4.4,Completed
175353,6,2016-04-29,Tundra,42874.94,3.86,Completed
175354,18,2016-04-10,RAV4,63206.95,5.68,Completed
175355,16,2016-04-30,Highlander,76153.58,6.06,Completed
175356,13,2016-04-11,RAV4,61554.63,5.61,Completed
175357,15,2016-04-29,Highlander,87095.45,4.86,Completed
175358,14,2016-04-13,Camry,43329.57,5.1,Completed
175359,4,2016-04-15,Sienna,43827.15,3.81,Completed
175360,11,2016-04-21,Corolla,25544.91,4.16,Completed
175361,12,2016-04-14,Prius,38456.84,5.65,Completed
175362,2,2016-04-02,RAV4,44876.03,4.0,Completed
175363,16,2016-04-29,Tacoma,58877.53,6.06,Completed
175364,16,2016-04-30,Prius,44673.53,6.06,Completed
175365,2,2016-04-06,Corolla,26168.66,4.0,Completed
175366,14,2016-04-08,Highlander,70781.63,5.1,Completed
175367,4,2016-04-18,RAV4,40477.06,3.81,Completed
175368,14,2016-04-13,Sienna,59688.66,5.1,Completed
175369,20,2016-04-02,Camry,51695.1,5.77,Completed
175370,1,2016-04-07,Tacoma,41985.75,5.24,Completed
175371,20,2016-04-17,Sienna,69434.4,5.77,Completed
175372,13,2016-04-30,Sienna,70376.73,5.61,Completed
175373,12,2016-04-01,RAV4,51582.18,5.65,Completed
175374,5,2016-04-20,Tacoma,49013.94,5.34,Completed
175375,15,2016-04-23,Corolla,37352.59,4.86,Completed
175376,13,2016-04-13,Corolla,40839.05,5.61,Completed
175377,6,2016-04-14,Tundra,45827.82,3.86,Completed
175378,9,2016-04-09,Tundra,48004.6,4.4,Completed
175379,3,2016-04-03,Sienna,72161.71,5.69,Completed
175380,3,2016-04-04,RAV4,62206.74,5.69,Completed
175381,8,2016-04-07,Tundra,60076.46,5.84,Completed
175382,8,2016-04-27,Sienna,68312.5,5.84,Completed
175383,20,2016-04-20,Prius,42811.93,5.77,Completed
175384,19,2016-04-08,Tacoma,46959.43,5.48,Completed
175385,15,2016-04-12,Sienna,60873.86,4.86,Completed
175386,18,2016-04-21,Tundra,66417.53,5.68,Completed
175387,12,2016-04-04,Sienna,63475.64,5.65,Completed
175388,6,2016-04-15,Prius,28093.96,3.86,Completed
175389,20,2016-04-07,Prius,38919.57,5.77,Completed
175390,8,2016-04-20,Highlander,82425.06,5.84,Completed
175391,13,2016-04-18,Highlander,80165.65,5.61,Completed
175392,14,2016-04-24,Prius,39108.42,5.1,Completed
175393,11,2016-04-08,Prius,32861.31,4.16,Completed
175394,18,2016-04-24,Corolla,36773.7,5.68,Completed
175395,15,2016-04-21,Tacoma,55716.51,4.86,Completed
175396,3,2016-04-17,RAV4,63674.85,5.69,Completed
175397,10,2016-04-12,Sienna,51898.68,4.88,Completed
175398,19,2016-04-01,RAV4,48881.32,5.48,Cancelled
175399,10,2016-04-15,Highlander,64675.33,4.88,Completed
175400,12,2016-04-29,Tundra,61873.75,5.65,Completed
175401,7,2016-04-17,Tacoma,52336.79,5.39,Completed
175402,19,2016-04-26,Camry,40134.57,5.48,Completed
175403,2,2016-04-27,Corolla,27940.64,4.0,Completed
175404,4,2016-04-20,RAV4,43687.27,3.81,Completed
175405,3,2016-04-22,Corolla,35822.56,5.69,Completed
175406,2,2016-04-07,Corolla,25286.06,4.0,Completed
175407,16,2016-04-12,RAV4,55329.35,6.06,Completed
175408,15,2016-04-18,Tacoma,53313.92,4.86,Completed
175409,10,2016-04-30,RAV4,45732.54,4.88,Completed
175410,9,2016-04-17,Tacoma,41380.35,4.4,Pending
175411,6,2016-04-13,Prius,26621.86,3.86,Completed
175412,17,2016-04-26,Sienna,45080.95,4.51,Pending
175413,11,2016-04-20,Prius,27442.77,4.16,Completed
175414,13,2016-04-20,Tacoma,61108.4,5.61,Completed
175415,20,2016-04-09,Sienna,64749.2,5.77,Completed
175416,16,2016-04-24,RAV4,63177.62,6.06,Completed
175417,12,2016-04-14,Prius,42191.39,5.65,Completed
175418,19,2016-04-23,Tacoma,47354.18,5.48,Completed
175419,14,2016-04-03,Corolla,32640.68,5.1,Completed
175420,16,2016-04-20,Camry,51582.41,6.06,Completed
175421,8,2016-04-04,Prius,39980.53,5.84,Completed
175422,15,2016-04-26,Tundra,68317.88,4.86,Completed
175423,7,2016-04-01,Corolla,38565.46,5.39,Completed
175424,20,2016-04-03,Sienna,59589.39,5.77,Completed
175425,6,2016-04-24,Sienna,46635.97,3.86,Completed
175426,15,2016-04-14,Camry,48531.41,4.86,Completed
175427,7,2016-04-09,Tacoma,50808.81,5.39,Completed
175428,6,2016-04-24,RAV4,38885.58,3.86,Completed
175429,8,2016-04-08,Tundra,59632.28,5.84,Completed
175430,4,2016-04-28,Corolla,25432.17,3.81,Completed
175431,8,2016-04-15,RAV4,62172.88,5.84,Pending
175432,11,2016-04-12,Tundra,51095.2,4.16,Cancelled
175433,15,2016-04-26,Tundra,58963.4,4.86,Completed
175434,16,2016-04-03,Tacoma,55266.87,6.06,Completed
175435,4,2016-04-21,Highlander,55047.83,3.81,Completed
175436,12,2016-04-15,Tundra,60035.79,5.65,Completed
175437,15,2016-04-28,Tundra,62214.95,4.86,Completed
175438,20,2016-04-24,RAV4,59572.88,5.77,Completed
175439,9,2016-04-24,Sienna,48344.04,4.4,Completed
175440,12,2016-04-13,Highlander,77651.36,5.65,Completed
175441,15,2016-04-30,Tundra,64236.99,4.86,Completed
175442,5,2016-04-05,Tundra,56859.01,5.34,Completed
175443,9,2016-04-15,Tundra,48244.18,4.4,Pending
175444,10,2016-04-02,Tacoma,40833.82,4.88,Completed
175445,5,2016-04-15,Corolla,32628.31,5.34,Completed
175446,7,2016-04-25,Corolla,39891.67,5.39,Completed
175447,14,2016-04-09,Sienna,60475.96,5.1,Completed
175448,16,2016-04-30,RAV4,56721.32,6.06,Completed
175449,16,2016-04-08,RAV4,59963.23,6.06,Completed
175450,12,2016-04-01,Tacoma,52716.49,5.65,Completed
175451,2,2016-04-21,Highlander,63340.18,4.0,Completed
175452,9,2016-04-27,Sienna,43697.71,4.4,Cancelled
175453,3,2016-04-08,Prius,42752.43,5.69,Completed
175454,7,2016-04-10,Corolla,34105.05,5.39,Completed
175455,13,2016-04-25,Camry,49017.68,5.61,Completed
175456,2,2016-04-03,Highlander,57033.59,4.0,Completed
175457,12,2016-04-26,Prius,44263.72,5.65,Completed
175458,10,2016-04-09,Highlander,60481.15,4.88,Completed
175459,1,2016-04-13,Sienna,56268.23,5.24,Cancelled
175460,10,2016-04-24,Tundra,47908.11,4.88,Completed
175461,18,2016-04-25,Corolla,35622.58,5.68,Completed
175462,4,2016-04-04,Tundra,43513.52,3.81,Completed
175463,3,2016-04-08,Tundra,61729.29,5.69,Cancelled
175464,14,2016-04-25,Camry,43105.2,5.1,Completed
175465,6,2016-04-16,Corolla,26677.62,3.86,Completed
175466,20,2016-04-03,Sienna,66905.83,5.77,Completed
175467,9,2016-04-11,Tundra,47300.48,4.4,Completed
175468,17,2016-04-16,Tundra,42523.11,4.51,Completed
175469,2,2016-04-29,Prius,29840.55,4.0,Completed
175470,9,2016-04-25,Prius,27464.12,4.4,Completed
175471,1,2016-04-10,RAV4,49844.48,5.24,Completed
175472,13,2016-04-25,Sienna,71764.43,5.61,Completed
175473,15,2016-04-28,Tacoma,48697.32,4.86,Completed
175474,14,2016-04-13,Sienna,63903.64,5.1,Completed
175475,12,2016-04-20,RAV4,51519.6,5.65,Completed
175476,6,2016-04-25,Tacoma,34110.53,3.86,Completed
175477,16,2016-04-08,Tacoma,59806.77,6.06,Completed
175478,18,2016-04-26,Camry,50930.15,5.68,Completed
175479,1,2016-04-14,Tundra,52116.5,5.24,Completed
175480,7,2016-04-06,Sienna,65251.78,5.39,Completed
175481,17,2016-04-18,RAV4,39247.35,4.51,Completed
175482,3,2016-04-02,Tacoma,57986.93,5.69,Completed
175483,6,2016-04-28,Tacoma,34816.57,3.86,Pending
175484,17,2016-04-13,Sienna,46610.83,4.51,Completed
175485,4,2016-04-02,Highlander,55772.98,3.81,Completed
175486,4,2016-04-05,Prius,27201.02,3.81,Completed
175487,3,2016-04-17,Camry,51442.1,5.69,Completed
175488,8,2016-04-20,RAV4,53784.3,5.84,Completed
175489,11,2016-04-05,Tundra,48684.88,4.16,Completed
175490,16,2016-04-13,RAV4,62608.43,6.06,Completed
175491,19,2016-04-19,Camry,38976.67,5.48,Completed
175492,8,2016-04-11,Tacoma,54715.34,5.84,Completed
175493,10,2016-04-27,Highlander,56432.54,4.88,Completed
175494,10,2016-04-30,RAV4,44892.88,4.88,Completed
175495,18,2016-04-22,Camry,52246.15,5.68,Completed
175496,20,2016-04-07,Tundra,67135.14,5.77,Completed
175497,1,2016-04-05,Highlander,62791.68,5.24,Completed
175498,14,2016-04-19,Tacoma,54050.24,5.1,Completed
175499,14,2016-04-15,Highlander,82284.33,5.1,Completed
175500,18,2016-04-26,Corolla,39802.65,5.68,Completed
175501,19,2016-04-15,Prius,33478.09,5.48,Completed
175502,12,2016-04-02,Prius,44011.3,5.65,Completed
175503,11,2016-04-16,Corolla,28210.64,4.16,Completed
175504,20,2016-04-13,RAV4,59627.52,5.77,Completed
175505,10,2016-04-13,Highlander,66406.03,4.88,Cancelled
175506,10,2016-04-18,Camry,37517.02,4.88,Completed
175507,12,2016-04-11,Sienna,58983.81,5.65,Completed
175508,6,2016-04-25,Sienna,47801.45,3.86,Completed
175509,9,2016-04-07,RAV4,42980.35,4.4,Completed
175510,2,2016-04-26,RAV4,46155.92,4.0,Completed
175511,6,2016-04-21,Sienna,42998.63,3.86,Completed
175512,12,2016-04-06,Highlander,80919.36,5.65,Completed
175513,1,2016-04-26,Camry,38302.5,5.24,Completed
175514,11,2016-04-09,Tacoma,40984.41,4.16,Completed
175515,13,2016-04-10,Corolla,35166.91,5.61,Completed
175516,3,2016-04-04,Highlander,81486.6,5.69,Completed
175517,18,2016-04-27,Prius,44782.9,5.68,Completed
175518,6,2016-04-01,Tacoma,34918.81,3.86,Completed
175519,2,2016-04-27,Tacoma,36961.82,4.0,Completed
175520,2,2016-04-16,RAV4,47595.5,4.0,Completed
175521,3,2016-04-20,Highlander,91766.99,5.69,Completed
175522,7,2016-04-06,Tundra,61143.53,5.39,Completed
175523,15,2016-04-08,Prius,37725.61,4.86,Completed
175524,15,2016-04-02,Corolla,35050.24,4.86,Completed
175525,17,2016-04-24,RAV4,38525.02,4.51,Completed
175526,8,2016-04-23,Tacoma,57419.13,5.84,Completed
175527,4,2016-04-08,Prius,30594.38,3.81,Completed
175528,6,2016-04-10,Sienna,45062.27,3.86,Completed
175529,7,2016-04-06,Tacoma,52620.45,5.39,Completed
175530,4,2016-04-10,RAV4,43368.55,3.81,Completed
175531,17,2016-04-17,Tundra,43771.54,4.51,Completed
175532,2,2016-04-12,RAV4,42373.39,4.0,Completed
175533,13,2016-04-29,Camry,51876.36,5.61,Completed
175534,7,2016-04-08,Tundra,66645.99,5.39,Completed
175535,10,2016-04-19,Sienna,51824.17,4.88,Completed
175536,1,2016-04-15,Camry,38545.63,5.24,Pending
175537,14,2016-04-08,RAV4,52170.97,5.1,Completed
175538,19,2016-04-13,Camry,41122.24,5.48,Completed
175539,1,2016-04-07,Sienna,57304.39,5.24,Completed
175540,6,2016-04-05,Camry,34002.92,3.86,Completed
175541,10,2016-04-24,Prius,32913.01,4.88,Completed
175542,1,2016-04-27,RAV4,50707.85,5.24,Completed
175543,18,2016-04-29,Corolla,40542.16,5.68,Completed
175544,16,2016-04-25,Sienna,64790.84,6.06,Completed
175545,2,2016-04-20,Camry,35405.37,4.0,Pending
175546,4,2016-04-12,Camry,34675.62,3.81,Completed
175547,11,2016-04-12,Corolla,28811.36,4.16,Completed
175548,3,2016-04-02,Sienna,64889.23,5.69,Completed
175549,20,2016-04-24,Tundra,60068.73,5.77,Completed
175550,13,2016-04-05,Tacoma,51141.1,5.61,Completed
175551,12,2016-04-03,Camry,49095.59,5.65,Completed
175552,8,2016-04-22,Tundra,59866.62,5.84,Completed
175553,14,2016-04-10,Tacoma,53268.64,5.1,Completed
175554,16,2016-04-18,RAV4,57150.07,6.06,Completed
175555,14,2016-04-07,RAV4,52506.97,5.1,Completed
175556,14,2016-04-27,Camry,49471.0,5.1,Completed
175557,10,2016-04-14,Sienna,45638.07,4.88,Completed
175558,1,2016-04-02,Highlander,70858.79,5.24,Completed
175559,12,2016-04-16,Corolla,36978.23,5.65,Completed
175560,3,2016-04-22,RAV4,61384.51,5.69,Completed
175561,7,2016-04-16,Highlander,81396.07,5.39,Completed
175562,1,2016-04-17,Camry,37303.84,5.24,Completed
175563,19,2016-04-15,Camry,43527.28,5.48,Completed
175564,19,2016-04-14,Highlander,64779.84,5.48,Completed
175565,20,2016-04-25,Corolla,38781.83,5.77,Completed
175566,2,2016-04-09,Tundra,45802.22,4.0,Completed
175567,12,2016-04-01,Corolla,32535.8,5.65,Completed
175568,14,2016-04-26,RAV4,52887.22,5.1,Completed
175569,9,2016-04-30,RAV4,37829.26,4.4,Completed
175570,6,2016-04-11,Highlander,56269.62,3.86,Completed
175571,15,2016-04-04,Highlander,83053.35,4.86,Completed
175572,20,2016-04-29,Corolla,33801.18,5.77,Completed
175573,15,2016-04-15,Corolla,34143.91,4.86,Completed
175574,18,2016-04-09,RAV4,62430.53,5.68,Completed
175575,20,2016-04-09,Camry,47987.09,5.77,Completed
175576,7,2016-04-01,Tundra,68489.38,5.39,Completed
175577,5,2016-04-23,Tacoma,49660.92,5.34,Completed
175578,13,2016-04-25,Sienna,70110.02,5.61,Completed
175579,17,2016-04-24,Tundra,47474.65,4.51,Completed
175580,13,2016-04-27,Highlander,81444.09,5.61,Completed
175581,8,2016-04-13,RAV4,57145.39,5.84,Completed
175582,9,2016-04-13,RAV4,41529.72,4.4,Completed
175583,17,2016-04-27,Camry,36278.61,4.51,Completed
175584,16,2016-04-29,Corolla,33778.94,6.06,Completed
175585,5,2016-04-25,Prius,34871.83,5.34,Completed
175586,17,2016-04-12,Camry,34288.46,4.51,Completed
175587,9,2016-04-10,Corolla,26266.81,4.4,Completed
175588,12,2016-04-14,Corolla,33439.2,5.65,Completed
175589,19,2016-04-02,Camry,44418.51,5.48,Completed
175590,19,2016-04-25,Tacoma,46759.46,5.48,Completed
175591,6,2016-04-04,Tacoma,36273.26,3.86,Completed
175592,17,2016-04-08,Tundra,41749.2,4.51,Completed
175593,6,2016-04-07,Highlander,60419.87,3.86,Completed
175594,7,2016-04-29,Corolla,34052.38,5.39,Completed
175595,11,2016-04-26,Corolla,24782.87,4.16,Completed
175596,5,2016-04-02,Sienna,57430.68,5.34,Completed
175597,9,2016-04-21,Corolla,25557.74,4.4,Completed
175598,18,2016-04-14,Prius,48728.53,5.68,Completed
175599,11,2016-04-10,Corolla,26943.58,4.16,Completed
175600,14,2016-04-03,Tundra,60508.69,5.1,Completed
175601,20,2016-04-23,Tundra,64324.65,5.77,Completed
175602,11,2016-04-07,Corolla,27977.08,4.16,Completed
175603,17,2016-04-20,Tacoma,33907.7,4.51,Completed
175604,19,2016-04-18,Prius,34375.86,5.48,Completed
175605,6,2016-04-09,Sienna,45912.38,3.86,Completed
175606,10,2016-04-14,Tundra,45977.91,4.88,Completed
175607,3,2016-04-25,Tundra,67042.71,5.69,Completed
175608,11,2016-04-12,Prius,32425.24,4.16,Completed
175609,19,2016-04-22,Corolla,34370.16,5.48,Completed
175610,15,2016-04-26,Tacoma,57405.67,4.86,Completed
175611,16,2016-04-27,Sienna,69188.97,6.06,Completed
175612,3,2016-04-30,Tundra,61327.21,5.69,Completed
175613,14,2016-04-06,Highlander,76414.45,5.1,Completed
175614,4,2016-04-27,RAV4,39211.85,3.81,Completed
175615,18,2016-04-10,Prius,41640.4,5.68,Completed
175616,1,2016-04-28,RAV4,45335.57,5.24,Completed
175617,14,2016-04-07,Highlander,75217.01,5.1,Completed
175618,11,2016-04-06,Corolla,24644.66,4.16,Completed
175619,5,2016-04-18,Corolla,28625.94,5.34,Completed
175620,5,2016-04-30,RAV4,45512.15,5.34,Pending
175621,8,2016-04-30,Tacoma,49002.89,5.84,Completed
175622,13,2016-04-15,Sienna,68187.98,5.61,Completed
175623,13,2016-04-07,Highlander,81356.51,5.61,Completed
175624,3,2016-04-23,RAV4,58257.43,5.69,Completed
175625,18,2016-04-21,Highlander,82075.32,5.68,Completed
175626,7,2016-04-15,Tundra,60294.32,5.39,Completed
175627,19,2016-04-10,Corolla,33827.19,5.48,Completed
175628,7,2016-04-05,RAV4,60656.42,5.39,Completed
175629,14,2016-04-23,RAV4,54848.54,5.1,Pending
175630,1,2016-04-04,Corolla,28934.31,5.24,Completed
175631,10,2016-04-15,Prius,30627.91,4.88,Completed
175632,13,2016-04-29,Tacoma,59416.02,5.61,Completed
175633,20,2016-04-21,Corolla,32946.09,5.77,Completed
175634,17,2016-04-23,Corolla,27501.49,4.51,Completed
175635,14,2016-04-19,Highlander,82160.94,5.1,Completed
175636,9,2016-04-22,Highlander,56368.07,4.4,Completed
175637,2,2016-04-11,Corolla,27962.21,4.0,Completed
175638,12,2016-04-24,Tacoma,49449.3,5.65,Completed
175639,8,2016-04-06,Prius,42400.83,5.84,Completed
175640,9,2016-04-12,Tundra,49650.53,4.4,Completed
175641,17,2016-04-19,Corolla,25332.24,4.51,Completed
175642,2,2016-04-08,Highlander,63971.17,4.0,Completed
175643,6,2016-04-09,Prius,27193.5,3.86,Completed
175644,15,2016-04-30,Tacoma,51458.88,4.86,Completed
175645,18,2016-04-12,Corolla,36189.8,5.68,Completed
175646,10,2016-04-19,Camry,40079.74,4.88,Completed
175647,4,2016-04-26,RAV4,42617.43,3.81,Completed
175648,8,2016-04-07,Prius,41658.07,5.84,Completed
175649,14,2016-04-26,Tacoma,50179.04,5.1,Completed
175650,16,2016-04-19,Corolla,37719.62,6.06,Completed
175651,8,2016-04-17,Tacoma,56931.89,5.84,Completed
175652,14,2016-04-21,Sienna,57894.67,5.1,Completed
175653,19,2016-04-07,Highlander,73563.7,5.48,Completed
175654,11,2016-04-16,Camry,36991.9,4.16,Completed
175655,19,2016-04-03,Corolla,33639.66,5.48,Completed
175656,9,2016-04-05,Camry,33038.58,4.4,Completed
175657,8,2016-04-10,Corolla,38157.95,5.84,Completed
175658,2,2016-04-30,Camry,36066.16,4.0,Completed
175659,13,2016-04-08,Corolla,39477.15,5.61,Completed
175660,6,2016-04-27,Tundra,45658.69,3.86,Completed
175661,8,2016-04-21,Sienna,63028.9,5.84,Completed
175662,5,2016-04-13,Sienna,54584.39,5.34,Completed
175663,6,2016-04-03,Sienna,45374.74,3.86,Completed
175664,16,2016-04-26,Prius,40276.9,6.06,Completed
175665,6,2016-04-18,Corolla,25411.2,3.86,Completed
175666,16,2016-04-20,Tacoma,56773.05,6.06,Completed
175667,4,2016-04-26,Prius,26184.37,3.81,Completed
175668,11,2016-04-19,RAV4,40434.6,4.16,Completed
175669,3,2016-04-27,Tacoma,55805.15,5.69,Completed
175670,13,2016-04-20,Prius,41303.05,5.61,Completed
175671,6,2016-04-04,Corolla,26279.87,3.86,Completed
175672,17,2016-04-15,Camry,37592.99,4.51,Completed
175673,6,2016-04-25,Tundra,44391.38,3.86,Completed
175674,8,2016-04-01,Tundra,61468.88,5.84,Completed
175675,13,2016-04-26,Prius,44232.18,5.61,Completed
175676,4,2016-04-15,Tacoma,33363.7,3.81,Completed
175677,17,2016-04-01,Prius,28377.99,4.51,Completed
175678,8,2016-04-25,Sienna,65933.18,5.84,Completed
175679,3,2016-04-06,Tundra,70999.59,5.69,Cancelled
175680,13,2016-04-12,Camry,49535.11,5.61,Completed
175681,9,2016-04-19,Prius,32077.17,4.4,Completed
175682,14,2016-04-07,RAV4,50456.84,5.1,Completed
175683,6,2016-04-05,Camry,37083.68,3.86,Completed
175684,1,2016-04-25,Prius,37558.32,5.24,Completed
175685,7,2016-04-01,RAV4,58538.29,5.39,Completed
175686,3,2016-04-07,Corolla,36591.35,5.69,Completed
175687,14,2016-04-04,Sienna,64259.71,5.1,Completed
175688,7,2016-04-07,Camry,52573.39,5.39,Completed
175689,14,2016-04-19,RAV4,49896.25,5.1,Completed
175690,20,2016-04-13,Highlander,77879.2,5.77,Completed
175691,15,2016-04-10,RAV4,59863.13,4.86,Completed
175692,2,2016-04-26,Highlander,61389.95,4.0,Completed
175693,8,2016-04-20,Tacoma,51150.31,5.84,Completed
175694,20,2016-04-18,Sienna,67458.3,5.77,Completed
175695,6,2016-04-13,Highlander,51664.59,3.86,Completed
175696,9,2016-04-03,Sienna,50455.15,4.4,Pending
175697,9,2016-04-05,Tacoma,35533.09,4.4,Completed
175698,18,2016-04-28,Camry,51643.11,5.68,Completed
175699,16,2016-04-26,Sienna,63330.26,6.06,Completed
175700,18,2016-04-23,Tacoma,56462.78,5.68,Completed
175701,19,2016-04-07,Camry,43072.53,5.48,Completed
175702,14,2016-04-20,Camry,45926.03,5.1,Completed
175703,2,2016-04-24,Camry,38200.09,4.0,Completed
175704,17,2016-04-29,Corolla,28045.19,4.51,Completed
175705,11,2016-04-28,Corolla,25725.35,4.16,Completed
175706,14,2016-04-02,Camry,43905.51,5.1,Completed
175707,15,2016-04-06,Prius,38174.67,4.86,Completed
175708,1,2016-04-01,Highlander,70074.31,5.24,Completed
175709,15,2016-04-21,Sienna,56605.28,4.86,Completed
175710,3,2016-04-08,RAV4,57364.45,5.69,Completed
175711,13,2016-04-29,Corolla,35762.37,5.61,Completed
175712,12,2016-04-06,Tundra,67641.48,5.65,Completed
175713,16,2016-04-09,Tundra,62266.37,6.06,Completed
175714,13,2016-04-22,Corolla,35799.46,5.61,Completed
175715,6,2016-04-23,Corolla,23979.51,3.86,Completed
175716,3,2016-04-11,Tacoma,59436.81,5.69,Cancelled
175717,12,2016-04-23,Corolla,36824.43,5.65,Completed
175718,5,2016-04-04,Highlander,72106.41,5.34,Completed
175719,12,2016-04-09,Camry,50723.31,5.65,Completed
175720,8,2016-04-05,Corolla,38969.59,5.84,Completed
175721,5,2016-04-12,Sienna,54860.3,5.34,Completed
175722,13,2016-04-27,Prius,44969.97,5.61,Completed
175723,13,2016-04-29,Tacoma,56816.44,5.61,Completed
175724,9,2016-04-06,Highlander,60443.88,4.4,Completed
175725,8,2016-04-12,Prius,44682.52,5.84,Completed
175726,19,2016-04-18,Camry,40820.56,5.48,Completed
175727,20,2016-04-03,RAV4,63292.56,5.77,Completed
175728,5,2016-04-15,Camry,45293.68,5.34,Completed
175729,15,2016-04-23,Tacoma,54911.8,4.86,Completed
175730,16,2016-04-14,Highlander,78435.21,6.06,Completed
175731,10,2016-04-13,RAV4,41055.81,4.88,Completed
175732,20,2016-04-17,Sienna,57647.06,5.77,Completed
175733,5,2016-04-30,Highlander,70043.48,5.34,Completed
175734,19,2016-04-10,Sienna,50995.36,5.48,Completed
175735,12,2016-04-20,Camry,47445.75,5.65,Completed
175736,15,2016-04-12,Highlander,82199.04,4.86,Completed
175737,16,2016-04-25,Corolla,39555.34,6.06,Completed
175738,17,2016-04-26,Highlander,62002.31,4.51,Completed
175739,1,2016-04-25,Tacoma,47732.14,5.24,Completed
175740,5,2016-04-11,RAV4,51406.75,5.34,Completed
175741,1,2016-04-21,Camry,39788.51,5.24,Completed
175742,2,2016-04-18,Camry,35462.38,4.0,Completed
175743,10,2016-04-01,Camry,36906.02,4.88,Completed
175744,12,2016-04-09,Sienna,67877.25,5.65,Completed
175745,7,2016-04-08,Tundra,68379.28,5.39,Completed
175746,8,2016-04-24,Camry,53569.62,5.84,Completed
175747,4,2016-04-06,Tacoma,38165.39,3.81,Completed
175748,17,2016-04-23,Camry,35400.41,4.51,Completed
175749,10,2016-04-15,Tacoma,39696.2,4.88,Completed
175750,20,2016-04-22,Tacoma,55398.0,5.77,Completed
175751,3,2016-04-24,RAV4,56477.17,5.69,Completed
175752,14,2016-04-18,Tundra,65854.13,5.1,Completed
175753,5,2016-04-02,RAV4,46087.8,5.34,Completed
175754,12,2016-04-02,Tacoma,53560.3,5.65,Completed
175755,6,2016-04-24,Sienna,40414.02,3.86,Completed
175756,10,2016-04-04,Sienna,43693.32,4.88,Completed
175757,11,2016-04-25,Highlander,53751.79,4.16,Completed
175758,11,2016-04-17,Highlander,63238.87,4.16,Completed
175759,2,2016-04-27,Corolla,30366.5,4.0,Completed
175760,13,2016-04-07,Prius,39084.5,5.61,Pending
175761,3,2016-04-11,RAV4,60487.47,5.69,Completed
175762,10,2016-04-12,Highlander,55800.89,4.88,Completed
175763,8,2016-04-22,Camry,52797.42,5.84,Completed
175764,19,2016-04-10,RAV4,54559.58,5.48,Completed
175765,9,2016-04-01,Tundra,49320.48,4.4,Completed
175766,20,2016-04-25,Tundra,63066.15,5.77,Completed
175767,1,2016-04-01,RAV4,49826.91,5.24,Completed
175768,5,2016-04-02,Corolla,29106.23,5.34,Completed
175769,16,2016-04-18,Corolla,34710.68,6.06,Completed
175770,20,2016-04-19,Camry,44810.16,5.77,Completed
175771,15,2016-04-18,Sienna,67080.72,4.86,Completed
175772,18,2016-04-01,Tacoma,53409.46,5.68,Completed
175773,13,2016-04-26,Highlander,82196.68,5.61,Completed
175774,17,2016-04-29,Highlander,54189.39,4.51,Completed
175775,11,2016-04-15,Highlander,56602.08,4.16,Completed
175776,5,2016-04-19,Tundra,55471.97,5.34,Completed
175777,11,2016-04-20,Tacoma,42545.42,4.16,Completed
175778,17,2016-04-24,Tundra,42300.15,4.51,Completed
175779,5,2016-04-24,Sienna,52731.94,5.34,Completed
175780,16,2016-04-17,Sienna,68366.9,6.06,Completed
175781,4,2016-04-17,Camry,34611.64,3.81,Completed
175782,13,2016-04-06,Sienna,69587.04,5.61,Completed
175783,5,2016-04-09,Tundra,50558.3,5.34,Completed
175784,20,2016-04-18,RAV4,54415.45,5.77,Completed
175785,5,2016-04-06,Prius,38332.56,5.34,Completed
175786,19,2016-04-30,Corolla,28546.13,5.48,Completed
175787,14,2016-04-06,Sienna,57428.81,5.1,Completed
175788,16,2016-04-24,Corolla,33876.68,6.06,Completed
175789,15,2016-04-28,Sienna,57905.01,4.86,Completed
175790,6,2016-04-08,Highlander,59390.73,3.86,Completed
175791,20,2016-04-24,Tacoma,51633.05,5.77,Completed
175792,10,2016-04-24,Tundra,45817.83,4.88,Completed
175793,17,2016-04-07,Tundra,44636.31,4.51,Completed
175794,15,2016-04-05,Prius,42538.9,4.86,Completed
175795,14,2016-04-06,Corolla,37431.14,5.1,Completed
175796,10,2016-04-30,Camry,39178.72,4.88,Completed
175797,15,2016-04-07,Highlander,73649.92,4.86,Completed
175798,17,2016-04-29,RAV4,36663.72,4.51,Completed
175799,19,2016-04-05,RAV4,46119.21,5.48,Completed
175800,16,2016-04-19,RAV4,63805.65,6.06,Completed
175801,10,2016-04-21,Highlander,63599.12,4.88,Completed
175802,15,2016-04-08,Tundra,58172.23,4.86,Completed
175803,15,2016-04-29,Corolla,38159.29,4.86,Completed
175804,6,2016-04-17,Tundra,45452.41,3.86,Completed
175805,6,2016-04-18,Prius,28809.16,3.86,Completed
175806,20,2016-04-21,Highlander,86758.26,5.77,Completed
175807,17,2016-04-03,Tundra,46537.57,4.51,Completed
175808,4,2016-04-16,Tundra,43039.65,3.81,Completed
175809,9,2016-04-14,Tundra,45341.95,4.4,Completed
175810,10,2016-04-20,RAV4,45983.53,4.88,Completed
175811,8,2016-04-24,Prius,42488.39,5.84,Completed
175812,10,2016-04-18,Camry,40529.18,4.88,Completed
175813,17,2016-04-03,Tacoma,36554.24,4.51,Completed
175814,4,2016-04-06,Tacoma,40181.88,3.81,Completed
175815,9,2016-04-01,Camry,37389.3,4.4,Completed
175816,13,2016-04-16,RAV4,60036.05,5.61,Completed
175817,5,2016-04-12,Prius,36797.68,5.34,Completed
175818,17,2016-04-30,Highlander,61136.55,4.51,Completed
175819,17,2016-04-29,Tundra,46212.19,4.51,Completed
175820,8,2016-04-25,Tacoma,57463.57,5.84,Completed
175821,13,2016-04-22,RAV4,62061.59,5.61,Completed
175822,14,2016-04-03,Sienna,54588.89,5.1,Completed
175823,11,2016-04-25,Highlander,57491.16,4.16,Completed
175824,16,2016-04-08,Camry,47710.23,6.06,Pending
175825,15,2016-04-17,Tundra,64170.67,4.86,Completed
175826,20,2016-04-05,Highlander,78445.56,5.77,Completed
175827,4,2016-04-25,RAV4,36566.46,3.81,Completed
175828,8,2016-04-14,RAV4,60543.72,5.84,Completed
175829,16,2016-04-10,Corolla,36959.82,6.06,Completed
175830,7,2016-04-24,Prius,40878.01,5.39,Completed
175831,16,2016-04-09,Prius,40103.1,6.06,Cancelled
175832,15,2016-04-04,RAV4,55309.08,4.86,Completed
175833,3,2016-04-21,Prius,44471.81,5.69,Completed
175834,8,2016-04-03,Tundra,63788.6,5.84,Completed
175835,9,2016-04-26,Highlander,54139.44,4.4,Completed
175836,10,2016-04-03,Tundra,49616.35,4.88,Completed
175837,8,2016-04-05,Sienna,58816.21,5.84,Completed
175838,17,2016-04-01,Tacoma,37097.53,4.51,Completed
175839,12,2016-04-23,Corolla,35928.74,5.65,Completed
175840,9,2016-04-03,Tundra,45519.26,4.4,Completed
175841,2,2016-04-26,Sienna,50357.86,4.0,Completed
175842,10,2016-04-15,Highlander,57679.63,4.88,Completed
175843,7,2016-04-25,Tacoma,51145.77,5.39,Completed
175844,6,2016-04-26,RAV4,43828.89,3.86,Completed
175845,20,2016-04-11,Corolla,35083.72,5.77,Completed
175846,11,2016-04-23,Tundra,44087.59,4.16,Completed
175847,13,2016-04-01,Sienna,70645.32,5.61,Completed
175848,16,2016-04-19,RAV4,58571.53,6.06,Completed
175849,6,2016-04-07,RAV4,42453.05,3.86,Completed
175850,2,2016-04-19,Camry,36010.17,4.0,Completed
175851,13,2016-04-26,Highlander,88672.99,5.61,Completed
175852,20,2016-04-28,Prius,44377.06,5.77,Completed
175853,7,2016-04-13,Sienna,68155.18,5.39,Completed
175854,15,2016-04-07,Highlander,82005.51,4.86,Completed
175855,10,2016-04-17,Tacoma,40735.74,4.88,Completed
175856,2,2016-04-13,RAV4,42248.94,4.0,Completed
175857,16,2016-04-27,Tundra,70578.45,6.06,Completed
175858,9,2016-04-19,Sienna,44624.45,4.4,Completed
175859,17,2016-04-21,Sienna,44006.91,4.51,Completed
175860,5,2016-04-13,Tacoma,48629.42,5.34,Completed
175861,11,2016-04-15,RAV4,39976.73,4.16,Completed
175862,10,2016-04-01,RAV4,43093.48,4.88,Completed
175863,8,2016-04-12,Camry,49636.41,5.84,Completed
175864,12,2016-04-24,Corolla,35267.15,5.65,Pending
175865,12,2016-04-08,Sienna,60339.03,5.65,Completed
175866,18,2016-04-21,Tundra,65401.07,5.68,Completed
175867,17,2016-04-26,RAV4,42197.79,4.51,Completed
175868,17,2016-04-25,Camry,35618.83,4.51,Completed
175869,2,2016-04-27,Corolla,26448.75,4.0,Completed
175870,6,2016-04-06,Sienna,40426.22,3.86,Completed
175871,1,2016-04-04,Sienna,56913.26,5.24,Completed
175872,16,2016-04-11,Tacoma,54255.14,6.06,Completed
175873,10,2016-04-29,Tacoma,42210.66,4.88,Completed
175874,3,2016-04-11,Tacoma,53575.99,5.69,Completed
175875,14,2016-04-16,Camry,48247.0,5.1,Completed
175876,4,2016-04-19,RAV4,42936.79,3.81,Completed
175877,2,2016-04-16,Sienna,45692.48,4.0,Completed
175878,9,2016-04-25,Corolla,26327.82,4.4,Completed
175879,2,2016-04-25,Prius,34164.45,4.0,Pending
175880,8,2016-04-25,Sienna,67045.54,5.84,Completed
175881,13,2016-04-14,Tacoma,57810.39,5.61,Completed
175882,1,2016-04-01,Sienna,49902.48,5.24,Completed
175883,11,2016-04-23,RAV4,43915.08,4.16,Completed
175884,8,2016-04-01,Corolla,36410.02,5.84,Completed
175885,19,2016-04-08,Tacoma,47396.33,5.48,Completed
175886,13,2016-04-24,Tacoma,56345.48,5.61,Completed
175887,18,2016-04-15,RAV4,66864.58,5.68,Completed
175888,5,2016-04-09,Tacoma,42268.79,5.34,Completed
175889,5,2016-04-06,Tacoma,41755.3,5.34,Completed
175890,4,2016-04-14,Camry,33817.17,3.81,Completed
175891,19,2016-04-26,Tacoma,49001.49,5.48,Completed
175892,2,2016-04-20,Corolla,27496.02,4.0,Completed
175893,7,2016-04-25,Sienna,66918.2,5.39,Completed
175894,3,2016-04-23,Sienna,70141.14,5.69,Completed
175895,8,2016-04-08,RAV4,62542.37,5.84,Completed
175896,3,2016-04-26,Tacoma,54654.59,5.69,Completed
175897,9,2016-04-03,Camry,33973.71,4.4,Completed
175898,6,2016-04-22,Camry,34740.35,3.86,Completed
175899,10,2016-04-25,Highlander,57489.68,4.88,Completed
175900,2,2016-04-26,Highlander,57495.83,4.0,Completed
175901,1,2016-04-05,Corolla,30957.26,5.24,Completed
175902,14,2016-04-27,Tacoma,48560.85,5.1,Completed
175903,3,2016-04-20,Tacoma,56881.12,5.69,Completed
175904,2,2016-04-29,RAV4,43241.0,4.0,Completed
175905,15,2016-04-30,Camry,51142.4,4.86,Completed
175906,11,2016-04-21,Tacoma,37628.89,4.16,Completed
175907,2,2016-04-04,RAV4,44750.42,4.0,Completed
175908,1,2016-04-08,Camry,41305.55,5.24,Completed
175909,18,2016-04-18,RAV4,67926.53,5.68,Completed
175910,15,2016-04-27,Tundra,67553.83,4.86,Completed
175911,5,2016-04-11,Camry,43833.57,5.34,Completed
175912,14,2016-04-18,Highlander,75277.4,5.1,Completed
175913,6,2016-04-18,Tundra,41169.78,3.86,Completed
175914,6,2016-04-26,Sienna,45770.32,3.86,Completed
175915,5,2016-04-19,RAV4,48975.31,5.34,Completed
175916,9,2016-04-20,RAV4,37899.98,4.4,Completed
175917,3,2016-04-12,Sienna,60420.84,5.69,Pending
175918,13,2016-04-09,Tundra,59916.56,5.61,Completed
175919,18,2016-04-21,Prius,41202.55,5.68,Completed
175920,7,2016-04-21,Camry,50974.05,5.39,Completed
175921,4,2016-04-05,Tacoma,33679.73,3.81,Completed
175922,9,2016-04-29,Sienna,47156.56,4.4,Completed
175923,16,2016-04-29,Prius,39473.07,6.06,Completed
175924,6,2016-04-04,Tacoma,39882.14,3.86,Completed
175925,1,2016-04-22,Tundra,53797.78,5.24,Completed
175926,15,2016-04-19,Tacoma,53534.37,4.86,Completed
175927,11,2016-04-25,Corolla,24993.25,4.16,Completed
175928,20,2016-04-15,Tacoma,56901.91,5.77,Completed
175929,14,2016-04-27,Highlander,80787.34,5.1,Completed
175930,10,2016-04-22,Tacoma,36177.3,4.88,Completed
175931,14,2016-04-14,RAV4,54675.03,5.1,Completed
175932,19,2016-04-22,Sienna,54143.52,5.48,Completed
175933,14,2016-04-11,Highlander,76742.66,5.1,Completed
175934,7,2016-04-27,Highlander,83728.83,5.39,Completed
175935,16,2016-04-10,Tundra,62100.53,6.06,Completed
175936,12,2016-04-10,Tundra,58453.13,5.65,Completed
175937,1,2016-04-16,Tacoma,41429.77,5.24,Completed
175938,15,2016-04-01,Tacoma,54229.37,4.86,Completed
175939,2,2016-04-01,RAV4,45539.74,4.0,Completed
175940,1,2016-04-12,Tundra,49855.44,5.24,Completed
175941,1,2016-04-23,Sienna,52868.5,5.24,Completed
175942,8,2016-04-19,Corolla,33502.78,5.84,Pending
175943,16,2016-04-14,Sienna,61907.67,6.06,Pending
175944,17,2016-04-17,Tacoma,35601.79,4.51,Pending
175945,15,2016-04-28,Tundra,59916.37,4.86,Completed
175946,10,2016-04-15,Camry,35920.51,4.88,Completed
175947,13,2016-04-27,Corolla,41457.2,5.61,Completed
175948,12,2016-04-06,Tundra,64068.73,5.65,Completed
175949,14,2016-04-09,Prius,35716.16,5.1,Completed
175950,16,2016-04-10,RAV4,63782.08,6.06,Completed
175951,13,2016-04-18,Sienna,61385.46,5.61,Completed
175952,2,2016-04-07,Corolla,26371.23,4.0,Cancelled
175953,20,2016-04-05,Camry,46376.41,5.77,Completed
175954,5,2016-04-18,RAV4,46586.76,5.34,Completed
175955,18,2016-04-05,Camry,51269.58,5.68,Completed
175956,17,2016-04-29,Tundra,45400.07,4.51,Completed
175957,5,2016-04-29,RAV4,47826.04,5.34,Completed
175958,19,2016-04-23,Sienna,57449.2,5.48,Completed
175959,15,2016-04-06,RAV4,61195.26,4.86,Completed
175960,15,2016-04-09,RAV4,59035.65,4.86,Completed
175961,9,2016-04-03,Tundra,49181.77,4.4,Completed
175962,16,2016-04-12,Tacoma,58788.33,6.06,Completed
175963,7,2016-04-30,Sienna,62941.54,5.39,Completed
175964,9,2016-04-01,Highlander,63018.59,4.4,Pending
175965,10,2016-04-16,Sienna,43962.87,4.88,Completed
175966,1,2016-04-13,Corolla,31876.62,5.24,Completed
175967,14,2016-04-13,Camry,50785.95,5.1,Completed
175968,8,2016-04-08,Highlander,81334.05,5.84,Completed
175969,15,2016-04-16,Sienna,57919.51,4.86,Completed
175970,9,2016-04-03,Prius,32031.52,4.4,Completed
175971,6,2016-04-29,RAV4,43846.47,3.86,Completed
175972,8,2016-04-07,Prius,37333.4,5.84,Cancelled
175973,1,2016-04-29,Corolla,29038.26,5.24,Completed
175974,10,2016-04-14,Tundra,48640.4,4.88,Completed
175975,13,2016-04-14,Sienna,68107.57,5.61,Completed
175976,11,2016-04-22,Tacoma,39109.92,4.16,Completed
175977,6,2016-04-18,Tacoma,41586.54,3.86,Pending
175978,19,2016-04-07,Prius,32602.84,5.48,Completed
175979,6,2016-04-12,Highlander,55106.54,3.86,Completed
175980,5,2016-04-25,Tacoma,41561.81,5.34,Completed
175981,10,2016-04-20,RAV4,47266.17,4.88,Completed
175982,17,2016-04-11,Camry,37545.78,4.51,Completed
175983,2,2016-04-17,Highlander,64941.62,4.0,Completed
175984,6,2016-04-23,Highlander,55071.94,3.86,Completed
175985,13,2016-04-14,Corolla,40166.29,5.61,Completed
175986,9,2016-04-01,Tundra,43752.99,4.4,Completed
175987,6,2016-04-19,Sienna,43513.5,3.86,Completed
175988,17,2016-04-29,Tundra,47330.05,4.51,Completed
175989,4,2016-04-20,Sienna,42258.02,3.81,Completed
175990,19,2016-04-12,RAV4,46971.47,5.48,Completed
175991,5,2016-04-24,Sienna,58547.83,5.34,Completed
175992,12,2016-04-25,RAV4,56513.24,5.65,Pending
175993,18,2016-04-14,Tacoma,62757.86,5.68,Completed
175994,15,2016-04-24,RAV4,54746.4,4.86,Completed
175995,11,2016-04-02,Tacoma,37820.12,4.16,Completed
175996,15,2016-04-25,Camry,47747.75,4.86,Completed
175997,14,2016-04-05,Prius,41159.85,5.1,Completed
175998,14,2016-04-27,Tacoma,50220.55,5.1,Completed
175999,19,2016-04-10,Tacoma,46462.77,5.48,Completed
176000,20,2016-04-05,Prius,42475.88,5.77,Completed
176001,7,2016-04-12,Tacoma,55680.59,5.39,Completed
176002,4,2016-04-01,Camry,30845.22,3.81,Completed
176003,3,2016-04-02,RAV4,65780.85,5.69,Completed
176004,12,2016-04-09,Highlander,85479.14,5.65,Completed
176005,2,2016-04-28,Highlander,63926.41,4.0,Completed
176006,5,2016-04-12,Tundra,48578.29,5.34,Completed
176007,7,2016-04-15,Tacoma,59395.49,5.39,Completed
176008,1,2016-04-10,Sienna,50985.73,5.24,Completed
176009,7,2016-04-06,Highlander,74473.79,5.39,Completed
176010,12,2016-04-19,Camry,45877.54,5.65,Completed
176011,18,2016-04-08,Highlander,92853.46,5.68,Completed
176012,13,2016-04-19,RAV4,65127.46,5.61,Completed
176013,5,2016-04-08,Sienna,54397.64,5.34,Completed
176014,19,2016-04-28,Corolla,31865.65,5.48,Completed
176015,4,2016-04-03,RAV4,41289.45,3.81,Completed
176016,12,2016-04-05,RAV4,56789.3,5.65,Completed
176017,2,2016-04-09,Camry,40979.76,4.0,Completed
176018,3,2016-04-24,Corolla,40653.25,5.69,Completed
176019,8,2016-04-13,Prius,44588.18,5.84,Completed
176020,14,2016-04-09,Corolla,34101.54,5.1,Completed
176021,7,2016-04-01,Sienna,61280.58,5.39,Completed
176022,18,2016-04-19,RAV4,64723.04,5.68,Completed
176023,11,2016-04-06,Prius,31987.84,4.16,Completed
176024,9,2016-04-26,Sienna,46701.03,4.4,Completed
176025,6,2016-04-16,Corolla,23432.41,3.86,Completed
176026,6,2016-04-14,Tundra,41824.29,3.86,Completed
176027,11,2016-04-16,Tacoma,37200.62,4.16,Completed
176028,17,2016-04-21,Sienna,47022.48,4.51,Completed
176029,9,2016-04-19,Sienna,47841.09,4.4,Completed
176030,14,2016-04-08,Prius,38871.63,5.1,Completed
176031,10,2016-04-11,RAV4,45473.89,4.88,Completed
176032,16,2016-04-12,Corolla,34096.18,6.06,Completed
176033,9,2016-04-19,RAV4,43762.63,4.4,Completed
176034,6,2016-04-01,Tundra,44420.15,3.86,Completed
176035,1,2016-04-24,RAV4,53152.42,5.24,Completed
176036,10,2016-04-23,Prius,27903.58,4.88,Completed
176037,17,2016-04-15,Tacoma,36957.59,4.51,Completed
176038,5,2016-04-03,Tundra,54811.12,5.34,Completed
176039,5,2016-04-09,Tacoma,44380.9,5.34,Completed
176040,14,2016-04-05,Prius,38618.76,5.1,Completed
176041,16,2016-04-16,Tacoma,54262.94,6.06,Completed
176042,3,2016-04-07,Camry,56389.98,5.69,Pending
176043,19,2016-04-07,RAV4,46131.67,5.48,Completed
176044,8,2016-04-04,Prius,44451.79,5.84,Pending
176045,15,2016-04-18,Camry,48359.63,4.86,Completed
176046,6,2016-04-21,Corolla,25336.84,3.86,Completed
176047,1,2016-04-18,Camry,44710.67,5.24,Completed
176048,3,2016-04-20,Prius,38939.08,5.69,Completed
176049,10,2016-04-17,Prius,31997.65,4.88,Completed
176050,8,2016-04-11,Camry,47081.7,5.84,Completed
176051,10,2016-04-01,Highlander,64266.23,4.88,Completed
176052,16,2016-04-02,RAV4,60630.9,6.06,Cancelled
176053,5,2016-04-06,Camry,38862.03,5.34,Completed
176054,10,2016-04-02,Highlander,59361.66,4.88,Completed
176055,6,2016-04-02,Highlander,55171.74,3.86,Completed
176056,4,2016-04-10,Tundra,46287.25,3.81,Completed
176057,2,2016-04-01,Sienna,49647.12,4.0,Completed
176058,17,2016-04-29,Corolla,25677.8,4.51,Completed
176059,10,2016-04-23,Tundra,43720.96,4.88,Completed
176060,15,2016-04-15,Prius,44097.06,4.86,Completed
176061,13,2016-04-21,Sienna,65178.85,5.61,Completed
176062,18,2016-04-12,Camry,54221.08,5.68,Completed
176063,9,2016-04-20,Tacoma,36765.13,4.4,Completed
176064,11,2016-04-24,Sienna,44740.8,4.16,Completed
176065,14,2016-04-24,Highlander,75675.78,5.1,Completed
176066,13,2016-04-26,Corolla,35306.26,5.61,Completed
176067,14,2016-04-03,Tacoma,51575.85,5.1,Completed
176068,4,2016-04-15,Corolla,26321.26,3.81,Completed
176069,12,2016-04-13,Tacoma,54352.71,5.65,Completed
176070,12,2016-04-29,Tundra,58864.17,5.65,Completed
176071,16,2016-04-05,Prius,42032.47,6.06,Completed
176072,13,2016-04-07,RAV4,61167.49,5.61,Completed
176073,5,2016-04-20,Tacoma,43054.81,5.34,Completed
176074,2,2016-04-19,Prius,29356.92,4.0,Completed
176075,4,2016-04-16,Tacoma,38941.06,3.81,Completed
176076,8,2016-04-14,Highlander,77199.4,5.84,Completed
176077,8,2016-04-30,Camry,50552.45,5.84,Completed
176078,1,2016-04-12,Highlander,62890.48,5.24,Completed
176079,20,2016-04-02,Sienna,66154.68,5.77,Completed
176080,14,2016-04-05,Highlander,78934.19,5.1,Completed
176081,3,2016-04-28,Sienna,65797.73,5.69,Completed
176082,20,2016-04-04,Corolla,35275.98,5.77,Cancelled
176083,8,2016-04-05,Corolla,38049.47,5.84,Completed
176084,12,2016-04-06,Tacoma,56957.37,5.65,Completed
176085,3,2016-04-08,Corolla,37973.99,5.69,Completed
176086,2,2016-04-24,Sienna,52462.16,4.0,Completed
176087,1,2016-04-07,Camry,40884.13,5.24,Completed
176088,18,2016-04-14,Tundra,69439.73,5.68,Completed
176089,3,2016-04-16,Corolla,35372.62,5.69,Completed
176090,11,2016-04-19,Prius,30770.53,4.16,Completed
176091,6,2016-04-04,RAV4,38215.84,3.86,Completed
176092,2,2016-04-22,Camry,34087.25,4.0,Completed
176093,7,2016-04-25,Prius,41929.17,5.39,Completed
176094,17,2016-04-20,Sienna,45645.21,4.51,Completed
176095,7,2016-04-08,Tundra,61986.31,5.39,Completed
176096,6,2016-04-30,Tundra,41429.98,3.86,Completed
176097,13,2016-04-27,Corolla,40356.15,5.61,Completed
176098,7,2016-04-06,Tundra,65276.25,5.39,Completed
176099,14,2016-04-17,Camry,48552.96,5.1,Completed
176100,12,2016-04-06,Prius,42658.31,5.65,Completed
176101,10,2016-04-26,RAV4,45371.07,4.88,Completed
176102,3,2016-04-02,Highlander,78682.21,5.69,Completed
176103,12,2016-04-07,Sienna,56899.27,5.65,Pending
176104,1,2016-04-20,Highlander,64704.43,5.24,Completed
176105,16,2016-04-25,Tundra,62184.6,6.06,Completed
176106,14,2016-04-11,Corolla,35855.63,5.1,Completed
176107,12,2016-04-24,RAV4,60270.89,5.65,Completed
176108,9,2016-04-08,Camry,35454.46,4.4,Completed
176109,11,2016-04-11,RAV4,38819.23,4.16,Completed
176110,6,2016-04-18,Highlander,60062.87,3.86,Completed
176111,4,2016-04-10,Camry,32911.05,3.81,Completed
176112,14,2016-04-02,Tundra,56154.51,5.1,Completed
176113,6,2016-04-05,Camry,35310.82,3.86,Completed
176114,7,2016-04-25,Corolla,39027.48,5.39,Completed
176115,4,2016-04-04,Camry,36427.61,3.81,Completed
176116,11,2016-04-17,RAV4,45642.25,4.16,Completed
176117,17,2016-04-11,Corolla,26938.03,4.51,Completed
176118,17,2016-04-15,Highlander,60505.21,4.51,Completed
176119,18,2016-04-29,Prius,42644.35,5.68,Completed
176120,15,2016-04-11,Corolla,36510.48,4.86,Completed
176121,2,2016-04-22,Tacoma,37827.86,4.0,Completed
176122,2,2016-04-11,Prius,30834.27,4.0,Completed
176123,13,2016-04-17,Prius,44438.94,5.61,Completed
176124,10,2016-04-17,Tacoma,36515.67,4.88,Completed
176125,1,2016-04-23,Camry,45061.84,5.24,Completed
176126,2,2016-04-25,Tundra,44398.47,4.0,Completed
176127,6,2016-04-24,RAV4,38839.79,3.86,Completed
176128,7,2016-04-07,Prius,45441.02,5.39,Completed
176129,3,2016-04-30,Camry,50003.47,5.69,Completed
176130,4,2016-04-26,Tacoma,38094.92,3.81,Completed
176131,4,2016-04-06,Camry,31411.03,3.81,Completed
176132,3,2016-04-19,Tacoma,52586.35,5.69,Completed
176133,19,2016-04-02,RAV4,49028.15,5.48,Completed
176134,13,2016-04-08,Camry,49143.37,5.61,Completed
176135,17,2016-04-25,Prius,27515.03,4.51,Completed
176136,20,2016-04-15,Camry,49161.4,5.77,Completed
176137,15,2016-04-13,Camry,51973.04,4.86,Completed
176138,12,2016-04-10,Tundra,65775.09,5.65,Cancelled
176139,16,2016-04-11,RAV4,59990.52,6.06,Completed
176140,1,2016-04-24,Camry,39272.39,5.24,Completed
176141,3,2016-04-03,Sienna,64233.15,5.69,Pending
176142,5,2016-04-29,Highlander,63490.93,5.34,Completed
176143,9,2016-04-05,Corolla,23935.21,4.4,Completed
176144,3,2016-04-05,Camry,51581.08,5.69,Completed
176145,4,2016-04-04,Sienna,46261.07,3.81,Completed
176146,6,2016-04-03,Tacoma,36379.75,3.86,Completed
176147,12,2016-04-19,Corolla,38729.0,5.65,Completed
176148,20,2016-04-28,Tundra,58052.7,5.77,Completed
176149,15,2016-04-09,Tundra,58836.37,4.86,Completed
176150,10,2016-04-24,Sienna,44079.63,4.88,Completed
176151,6,2016-04-20,Sienna,45456.26,3.86,Completed
176152,17,2016-04-24,RAV4,39886.81,4.51,Completed
176153,20,2016-04-29,Tundra,59399.82,5.77,Completed
176154,5,2016-04-28,Tacoma,46508.95,5.34,Completed
176155,8,2016-04-12,Tacoma,53912.93,5.84,Completed
176156,11,2016-04-26,Tundra,48238.94,4.16,Completed
176157,2,2016-04-25,Prius,29168.68,4.0,Completed
176158,9,2016-04-03,Camry,39132.19,4.4,Completed
176159,18,2016-04-12,Prius,42366.46,5.68,Completed
176160,2,2016-04-10,RAV4,43900.21,4.0,Completed
176161,13,2016-04-13,Highlander,85050.92,5.61,Completed
176162,2,2016-04-09,Corolla,29334.94,4.0,Completed
176163,13,2016-04-03,Prius,45583.86,5.61,Completed
176164,13,2016-04-21,Tacoma,57307.52,5.61,Completed
176165,14,2016-04-13,Highlander,76449.6,5.1,Completed
176166,13,2016-04-26,Tacoma,61320.0,5.61,Completed
176167,10,2016-04-23,Camry,35002.16,4.88,Completed
176168,14,2016-04-18,Corolla,37345.99,5.1,Completed
176169,20,2016-04-16,Tundra,64839.35,5.77,Completed
176170,1,2016-04-19,Sienna,53020.33,5.24,Completed
176171,1,2016-04-06,Sienna,58044.73,5.24,Completed
176172,13,2016-04-12,Prius,41311.44,5.61,Completed
176173,11,2016-04-17,RAV4,39262.0,4.16,Completed
176174,13,2016-04-24,Camry,54677.14,5.61,Completed
176175,9,2016-04-25,Sienna,50187.42,4.4,Completed
176176,13,2016-04-22,Camry,55611.27,5.61,Completed
176177,19,2016-04-03,Sienna,52690.86,5.48,Completed
176178,19,2016-04-20,Prius,36774.61,5.48,Completed
176179,1,2016-04-24,Tacoma,48246.39,5.24,Pending
176180,20,2016-04-25,Tundra,70171.65,5.77,Completed
176181,17,2016-04-16,Tacoma,41022.07,4.51,Completed
176182,14,2016-04-21,Tacoma,48474.67,5.1,Completed
176183,20,2016-04-10,Camry,50492.84,5.77,Completed
176184,6,2016-04-07,Tundra,47808.77,3.86,Completed
176185,17,2016-04-16,Highlander,58008.78,4.51,Completed
176186,4,2016-04-06,Highlander,60940.99,3.81,Completed
176187,19,2016-04-22,Tundra,55785.78,5.48,Completed
176188,16,2016-04-11,Tundra,61059.49,6.06,Completed
176189,18,2016-04-01,Highlander,79606.88,5.68,Completed
176190,19,2016-04-27,Tacoma,51184.51,5.48,Completed
176191,20,2016-04-07,Tundra,63359.52,5.77,Completed
176192,6,2016-04-23,Tacoma,38946.29,3.86,Completed
176193,8,2016-04-17,Prius,40043.35,5.84,Completed
176194,15,2016-04-01,Corolla,32497.12,4.86,Completed
176195,9,2016-04-13,Sienna,42837.91,4.4,Completed
176196,6,2016-04-13,Sienna,44013.1,3.86,Completed
176197,12,2016-04-06,Prius,43000.61,5.65,Completed
176198,2,2016-04-21,Tacoma,41917.5,4.0,Completed
176199,5,2016-04-11,Sienna,52142.19,5.34,Completed
176200,16,2016-04-12,Sienna,66526.93,6.06,Completed
176201,6,2016-04-15,RAV4,41248.59,3.86,Completed
176202,9,2016-04-10,Camry,32866.88,4.4,Completed
176203,19,2016-04-26,Highlander,63544.61,5.48,Completed
176204,19,2016-04-11,Sienna,57852.77,5.48,Completed
176205,16,2016-04-29,RAV4,54967.32,6.06,Completed
176206,20,2016-04-13,Sienna,58602.83,5.77,Completed
176207,18,2016-04-22,RAV4,65015.71,5.68,Completed
176208,20,2016-04-08,Sienna,65274.55,5.77,Completed
176209,5,2016-04-27,Camry,38272.18,5.34,Completed
176210,6,2016-04-24,Tundra,43166.14,3.86,Completed
176211,7,2016-04-21,Prius,46101.33,5.39,Completed
176212,17,2016-04-12,Tundra,48713.16,4.51,Completed
176213,17,2016-04-04,Tacoma,40416.88,4.51,Completed
176214,3,2016-04-06,Corolla,40539.12,5.69,Pending
176215,3,2016-04-17,Sienna,63092.6,5.69,Pending
176216,7,2016-04-06,Tacoma,56507.88,5.39,Completed
176217,13,2016-04-03,Tundra,71491.89,5.61,Completed
176218,16,2016-04-17,RAV4,63538.72,6.06,Completed
176219,10,2016-04-09,Corolla,25170.8,4.88,Completed
176220,10,2016-04-26,Camry,35271.48,4.88,Completed
176221,5,2016-04-10,RAV4,50293.86,5.34,Completed
176222,8,2016-04-23,Tacoma,57746.35,5.84,Completed
176223,13,2016-04-18,Prius,42767.7,5.61,Completed
176224,4,2016-04-01,Prius,28358.99,3.81,Pending
176225,20,2016-04-26,Corolla,33633.53,5.77,Completed
176226,18,2016-04-11,RAV4,65846.67,5.68,Completed
176227,16,2016-04-21,Prius,45456.78,6.06,Completed
176228,5,2016-04-05,Tacoma,48782.49,5.34,Completed
176229,18,2016-04-17,Sienna,73432.24,5.68,Completed
176230,16,2016-04-21,Sienna,64953.07,6.06,Completed
176231,16,2016-04-13,Camry,52799.79,6.06,Completed
176232,14,2016-04-02,Prius,41896.83,5.1,Completed
176233,7,2016-04-02,Highlander,78514.68,5.39,Completed
176234,11,2016-04-19,Sienna,45694.68,4.16,Completed
176235,4,2016-04-24,Prius,29368.16,3.81,Completed
176236,12,2016-04-26,RAV4,55516.64,5.65,Completed
176237,14,2016-04-25,Sienna,65330.02,5.1,Completed
176238,13,2016-04-12,Sienna,61816.08,5.61,Pending
176239,9,2016-04-12,Highlander,53097.94,4.4,Completed
176240,12,2016-04-20,Prius,38157.25,5.65,Completed
176241,2,2016-04-22,Tacoma,41913.28,4.0,Completed
176242,2,2016-04-21,Tacoma,43065.14,4.0,Completed
176243,20,2016-04-07,Tundra,66523.55,5.77,Completed
176244,19,2016-04-02,Sienna,55191.64,5.48,Pending
176245,3,2016-04-06,Tundra,64658.12,5.69,Completed
176246,13,2016-04-30,Camry,47405.87,5.61,Completed
176247,16,2016-04-30,Corolla,40105.94,6.06,Completed
176248,6,2016-04-16,Highlander,55326.09,3.86,Cancelled
176249,14,2016-04-17,Sienna,65319.85,5.1,Completed
176250,10,2016-04-04,Highlander,55967.26,4.88,Completed
176251,20,2016-04-17,Highlander,74216.34,5.77,Completed
176252,20,2016-04-26,RAV4,62311.19,5.77,Completed
176253,4,2016-04-24,Tacoma,40265.08,3.81,Completed
176254,13,2016-04-20,Tacoma,55038.88,5.61,Completed
176255,2,2016-04-06,Tundra,47423.59,4.0,Completed
176256,10,2016-04-18,Corolla,25457.66,4.88,Completed
176257,12,2016-04-17,Sienna,58470.13,5.65,Completed
176258,9,2016-04-16,Highlander,62674.58,4.4,Completed
176259,2,2016-04-27,Tundra,47916.47,4.0,Completed
176260,5,2016-04-01,Highlander,63779.56,5.34,Completed
176261,15,2016-04-10,RAV4,53621.9,4.86,Completed
176262,18,2016-04-24,Tundra,66276.19,5.68,Completed
176263,10,2016-04-03,Corolla,25740.72,4.88,Completed
176264,2,2016-04-27,Sienna,50706.7,4.0,Completed
176265,14,2016-04-21,Highlander,79979.91,5.1,Completed
176266,19,2016-04-11,Camry,45089.66,5.48,Completed
176267,18,2016-04-19,Corolla,39556.75,5.68,Completed
176268,11,2016-04-11,Camry,37172.12,4.16,Completed
176269,15,2016-04-02,Tacoma,55146.28,4.86,Pending
176270,4,2016-04-25,Camry,33142.54,3.81,Completed
176271,5,2016-04-05,RAV4,52856.42,5.34,Completed
176272,12,2016-04-23,Tacoma,48644.09,5.65,Completed
176273,13,2016-04-21,Prius,46279.24,5.61,Completed
176274,8,2016-04-01,Corolla,38404.99,5.84,Completed
176275,9,2016-04-22,Prius,31092.77,4.4,Completed
176276,13,2016-04-09,Highlander,86882.05,5.61,Completed
176277,4,2016-04-30,Tundra,47205.75,3.81,Completed
176278,15,2016-04-11,Prius,39744.72,4.86,Cancelled
176279,5,2016-04-11,Tundra,58820.93,5.34,Completed
176280,19,2016-04-10,Tacoma,48636.51,5.48,Completed
176281,20,2016-04-23,Prius,44826.92,5.77,Completed
176282,12,2016-04-29,Tacoma,48840.19,5.65,Completed
176283,18,2016-04-23,RAV4,64812.72,5.68,Completed
176284,10,2016-04-05,Corolla,29536.79,4.88,Completed
176285,18,2016-04-11,Camry,54487.23,5.68,Completed
176286,6,2016-04-22,Corolla,26922.32,3.86,Completed
176287,18,2016-04-22,Corolla,41441.99,5.68,Completed
176288,9,2016-04-01,RAV4,42963.48,4.4,Completed
176289,18,2016-04-06,Sienna,63349.96,5.68,Completed
176290,5,2016-04-13,Highlander,67982.09,5.34,Completed
176291,14,2016-04-01,Tacoma,47042.13,5.1,Completed
176292,2,2016-04-09,Camry,39967.89,4.0,Completed
176293,20,2016-04-08,Tacoma,53536.31,5.77,Completed
176294,17,2016-04-17,Sienna,40988.24,4.51,Completed
176295,14,2016-04-18,Tundra,56251.81,5.1,Completed
176296,4,2016-04-29,Highlander,59312.97,3.81,Completed
176297,1,2016-04-28,Highlander,65254.23,5.24,Completed
176298,14,2016-04-06,Highlander,80196.54,5.1,Completed
176299,9,2016-04-23,Sienna,46537.07,4.4,Completed
176300,18,2016-04-11,Prius,45732.65,5.68,Completed
176301,1,2016-04-13,Highlander,68900.03,5.24,Completed
176302,8,2016-04-20,Tundra,65263.39,5.84,Completed
176303,10,2016-04-09,RAV4,42894.47,4.88,Completed
176304,20,2016-04-02,Sienna,64538.34,5.77,Completed
176305,12,2016-04-18,Corolla,32340.61,5.65,Pending
176306,6,2016-04-14,Tundra,48351.65,3.86,Completed
176307,9,2016-04-12,Sienna,49726.27,4.4,Completed
176308,13,2016-04-29,Corolla,34998.96,5.61,Pending
176309,5,2016-04-17,Prius,32791.64,5.34,Completed
176310,20,2016-04-29,Corolla,32965.02,5.77,Completed
176311,12,2016-04-18,Prius,38111.16,5.65,Completed
176312,19,2016-04-30,Highlander,77043.2,5.48,Completed
176313,15,2016-04-11,Sienna,56681.16,4.86,Pending
176314,19,2016-04-06,Camry,41491.91,5.48,Completed
176315,4,2016-04-16,Prius,26224.33,3.81,Completed
176316,10,2016-04-13,RAV4,41522.89,4.88,Completed
176317,2,2016-04-03,Corolla,27467.2,4.0,Completed
176318,6,2016-04-13,Highlander,59784.92,3.86,Completed
176319,17,2016-04-26,Corolla,24150.53,4.51,Completed
176320,1,2016-04-04,Highlander,61147.05,5.24,Completed
176321,20,2016-04-23,Prius,40617.5,5.77,Completed
176322,7,2016-04-04,Corolla,40396.01,5.39,Completed
176323,14,2016-04-06,Tundra,57850.01,5.1,Pending
176324,20,2016-04-23,Camry,54678.43,5.77,Completed
176325,9,2016-04-26,Sienna,48518.65,4.4,Completed
176326,8,2016-04-18,Corolla,34000.43,5.84,Completed
176327,16,2016-04-15,Sienna,59556.94,6.06,Completed
176328,19,2016-04-15,Prius,38869.48,5.48,Completed
176329,16,2016-04-30,Prius,45982.15,6.06,Completed
176330,5,2016-04-26,RAV4,49457.56,5.34,Completed
176331,18,2016-04-21,Camry,56202.43,5.68,Completed
176332,14,2016-04-02,Camry,44012.98,5.1,Completed
176333,4,2016-04-18,Highlander,59336.45,3.81,Completed
176334,1,2016-04-23,Tacoma,41024.23,5.24,Completed
176335,1,2016-04-05,Tundra,51164.54,5.24,Completed
176336,1,2016-04-27,RAV4,53159.67,5.24,Completed
176337,7,2016-04-26,Sienna,63447.98,5.39,Completed
176338,14,2016-04-06,Tacoma,50869.59,5.1,Completed
176339,11,2016-04-07,Tacoma,40395.43,4.16,Completed
176340,10,2016-04-20,Prius,32173.18,4.88,Completed
176341,5,2016-04-23,RAV4,52006.48,5.34,Completed
176342,19,2016-04-26,Prius,35891.26,5.48,Completed
176343,5,2016-04-04,Tacoma,47343.83,5.34,Completed
176344,17,2016-04-17,Tacoma,38662.18,4.51,Completed
176345,9,2016-04-17,RAV4,44643.66,4.4,Completed
176346,19,2016-04-11,Sienna,51257.24,5.48,Completed
176347,16,2016-04-25,Highlander,86311.98,6.06,Completed
176348,19,2016-04-26,RAV4,47511.55,5.48,Completed
176349,18,2016-04-13,RAV4,64556.72,5.68,Completed
176350,19,2016-04-27,Corolla,33042.23,5.48,Pending
176351,3,2016-04-19,Prius,41296.25,5.69,Completed
176352,18,2016-04-05,Tacoma,55156.96,5.68,Completed
176353,10,2016-04-04,Highlander,56538.23,4.88,Completed
176354,15,2016-04-25,Sienna,64463.41,4.86,Completed
176355,20,2016-04-07,Corolla,38300.04,5.77,Completed
176356,3,2016-04-07,Prius,40565.01,5.69,Completed
176357,4,2016-04-10,Corolla,24560.94,3.81,Completed
176358,6,2016-04-24,Tundra,41610.23,3.86,Completed
176359,5,2016-04-25,Sienna,58633.42,5.34,Completed
176360,4,2016-04-01,Tundra,42315.53,3.81,Completed
176361,9,2016-04-02,RAV4,40386.59,4.4,Completed
176362,4,2016-04-28,Tacoma,33226.88,3.81,Completed
176363,20,2016-04-15,Prius,42475.85,5.77,Completed
176364,6,2016-04-14,RAV4,42963.57,3.86,Completed
176365,16,2016-04-26,Tacoma,59117.0,6.06,Completed
176366,2,2016-04-28,Tacoma,40386.01,4.0,Completed
176367,13,2016-04-30,Prius,43162.76,5.61,Completed
176368,2,2016-04-02,Sienna,52458.0,4.0,Completed
176369,4,2016-04-18,Camry,37276.76,3.81,Completed
176370,20,2016-04-23,Highlander,74260.98,5.77,Completed
176371,3,2016-04-30,Corolla,40041.41,5.69,Completed
176372,11,2016-04-10,Tacoma,36720.75,4.16,Completed
176373,3,2016-04-26,Prius,41232.91,5.69,Completed
176374,11,2016-04-16,Prius,32026.63,4.16,Completed
176375,14,2016-04-01,Prius,36346.25,5.1,Completed
176376,18,2016-04-24,Camry,53499.89,5.68,Completed
176377,10,2016-04-14,Camry,38845.93,4.88,Completed
176378,19,2016-04-29,Prius,33418.84,5.48,Completed
176379,19,2016-04-28,Highlander,69625.38,5.48,Completed
176380,8,2016-04-03,Prius,43580.18,5.84,Cancelled
176381,13,2016-04-10,Camry,49715.54,5.61,Completed
176382,18,2016-04-05,Tundra,73060.46,5.68,Completed
176383,13,2016-04-25,Highlander,81212.45,5.61,Completed
176384,4,2016-04-22,Sienna,39755.15,3.81,Completed
176385,7,2016-04-13,Sienna,62754.62,5.39,Completed
176386,1,2016-04-27,Highlander,69166.52,5.24,Completed
176387,19,2016-04-10,Tundra,60249.95,5.48,Completed
176388,13,2016-04-08,RAV4,65249.22,5.61,Completed
176389,12,2016-04-09,Highlander,81473.99,5.65,Completed
176390,8,2016-04-05,Corolla,38478.87,5.84,Completed
176391,19,2016-04-08,Tacoma,50569.04,5.48,Completed
176392,13,2016-04-16,RAV4,65526.82,5.61,Completed
176393,1,2016-04-23,Corolla,27571.59,5.24,Completed
176394,12,2016-04-01,Corolla,38567.2,5.65,Completed
176395,3,2016-04-02,Tacoma,53927.35,5.69,Completed
176396,4,2016-04-20,Highlander,54092.8,3.81,Completed
176397,17,2016-04-30,Prius,28460.67,4.51,Completed
176398,18,2016-04-30,Highlander,85910.86,5.68,Completed
176399,13,2016-04-28,Sienna,70045.28,5.61,Completed
176400,15,2016-04-06,Camry,49941.52,4.86,Completed
176401,17,2016-04-28,Highlander,53610.37,4.51,Completed
176402,14,2016-04-04,Corolla,32126.44,5.1,Completed
176403,2,2016-04-14,Camry,41012.54,4.0,Cancelled
176404,4,2016-04-11,Sienna,45928.21,3.81,Completed
176405,17,2016-04-19,Prius,26429.27,4.51,Completed
176406,13,2016-04-17,Tacoma,57825.37,5.61,Completed
176407,7,2016-04-16,Tundra,62507.44,5.39,Completed
176408,8,2016-04-24,Tacoma,55402.43,5.84,Completed
176409,11,2016-04-19,Highlander,54364.96,4.16,Completed
176410,19,2016-04-13,Highlander,75097.61,5.48,Completed
176411,18,2016-04-13,Prius,42427.26,5.68,Completed
176412,9,2016-04-19,Tacoma,39603.98,4.4,Completed
176413,19,2016-04-12,Tundra,50707.56,5.48,Pending
176414,11,2016-04-15,Tundra,49778.59,4.16,Completed
176415,20,2016-04-11,Highlander,73211.35,5.77,Completed
176416,18,2016-04-11,Camry,52111.35,5.68,Completed
176417,11,2016-04-18,Prius,29625.88,4.16,Completed
176418,13,2016-04-05,Corolla,35261.78,5.61,Completed
176419,17,2016-04-01,Prius,31578.16,4.51,Completed
176420,5,2016-04-30,Sienna,57353.71,5.34,Completed
176421,19,2016-04-16,Camry,42251.81,5.48,Completed
176422,13,2016-04-24,Camry,49090.34,5.61,Completed
176423,18,2016-04-09,Prius,47071.26,5.68,Completed
176424,5,2016-04-09,Prius,32418.79,5.34,Completed
176425,20,2016-04-02,Highlander,84629.23,5.77,Completed
176426,9,2016-04-20,Corolla,24653.92,4.4,Completed
176427,20,2016-04-12,Tundra,60435.4,5.77,Completed
176428,5,2016-04-20,Tacoma,45158.47,5.34,Completed
176429,20,2016-04-20,RAV4,54300.95,5.77,Completed
176430,19,2016-04-04,Tundra,60351.05,5.48,Completed
176431,1,2016-04-21,RAV4,47555.85,5.24,Completed
176432,3,2016-04-04,Corolla,36922.7,5.69,Completed
176433,14,2016-04-02,Tundra,61944.35,5.1,Pending
176434,3,2016-04-05,Highlander,76100.79,5.69,Completed
176435,19,2016-04-08,RAV4,48407.84,5.48,Completed
176436,4,2016-04-30,Sienna,40643.51,3.81,Completed
176437,11,2016-04-18,Sienna,47871.5,4.16,Completed
176438,4,2016-04-04,Sienna,39739.62,3.81,Completed
176439,5,2016-04-06,Prius,31512.28,5.34,Completed
176440,16,2016-04-14,RAV4,60102.13,6.06,Completed
176441,16,2016-04-13,Sienna,62208.42,6.06,Completed
176442,11,2016-04-03,Sienna,47803.7,4.16,Completed
176443,5,2016-04-16,Corolla,33269.7,5.34,Completed
176444,18,2016-04-15,Tacoma,59031.58,5.68,Completed
176445,8,2016-04-19,Prius,39939.0,5.84,Completed
176446,19,2016-04-13,Camry,46179.15,5.48,Completed
176447,7,2016-04-19,Highlander,89474.56,5.39,Completed
176448,13,2016-04-18,Camry,48010.11,5.61,Completed
176449,2,2016-04-15,RAV4,47356.56,4.0,Completed
176450,5,2016-04-12,Camry,42440.91,5.34,Completed
176451,14,2016-04-10,Tacoma,51071.82,5.1,Completed
176452,6,2016-04-22,Corolla,25996.92,3.86,Completed
176453,8,2016-04-21,Camry,50022.24,5.84,Completed
176454,13,2016-04-07,Tundra,59896.88,5.61,Completed
176455,16,2016-04-14,Tacoma,53841.39,6.06,Completed
176456,8,2016-04-09,Camry,50497.84,5.84,Completed
176457,3,2016-04-27,Camry,46332.33,5.69,Completed
176458,12,2016-04-08,Corolla,33993.69,5.65,Completed
176459,8,2016-04-12,Camry,49756.97,5.84,Completed
176460,12,2016-04-11,Tundra,65842.57,5.65,Completed
176461,10,2016-04-02,Corolla,29353.72,4.88,Completed
176462,15,2016-04-05,Camry,52570.98,4.86,Completed
176463,17,2016-04-04,Camry,35547.82,4.51,Completed
176464,18,2016-04-22,Tundra,65175.12,5.68,Completed
176465,6,2016-04-01,Camry,35440.8,3.86,Completed
176466,10,2016-04-21,Sienna,45366.35,4.88,Completed
176467,19,2016-04-14,Highlander,68769.7,5.48,Completed
176468,16,2016-04-16,RAV4,56497.21,6.06,Completed
176469,11,2016-04-20,Highlander,54353.91,4.16,Completed
176470,13,2016-04-10,Tundra,69377.32,5.61,Pending
176471,19,2016-04-11,Tacoma,43741.19,5.48,Completed
176472,11,2016-04-27,Sienna,42491.95,4.16,Completed
176473,16,2016-04-15,Tundra,64713.87,6.06,Pending
176474,1,2016-04-08,Camry,42724.72,5.24,Completed
176475,6,2016-04-02,Prius,30333.46,3.86,Completed
176476,6,2016-04-17,Highlander,54971.46,3.86,Completed
176477,1,2016-04-26,Tundra,49453.46,5.24,Pending
176478,15,2016-04-09,Corolla,32933.41,4.86,Completed
176479,16,2016-04-09,Highlander,83388.2,6.06,Completed
176480,19,2016-04-10,Highlander,72018.63,5.48,Completed
176481,18,2016-04-27,Tundra,65817.27,5.68,Completed
176482,5,2016-04-30,Camry,42580.52,5.34,Completed
176483,16,2016-04-21,Tacoma,51868.09,6.06,Completed
176484,15,2016-04-19,Tacoma,48630.44,4.86,Completed
176485,14,2016-04-21,RAV4,60765.75,5.1,Cancelled
176486,4,2016-04-07,Tacoma,36201.72,3.81,Completed
176487,10,2016-04-27,RAV4,44440.97,4.88,Completed
176488,17,2016-04-20,Tundra,45244.43,4.51,Cancelled
176489,3,2016-04-06,Corolla,39265.49,5.69,Completed
176490,7,2016-04-08,Sienna,66947.59,5.39,Completed
176491,16,2016-04-11,Sienna,66724.11,6.06,Completed
176492,9,2016-04-11,Corolla,25668.39,4.4,Completed
176493,7,2016-04-11,Tundra,66325.84,5.39,Completed
176494,18,2016-04-06,Tundra,63802.76,5.68,Completed
176495,16,2016-04-13,Tundra,64978.72,6.06,Completed
176496,17,2016-04-15,RAV4,38879.42,4.51,Completed
176497,1,2016-04-17,RAV4,43868.69,5.24,Completed
176498,3,2016-04-05,Tundra,63641.58,5.69,Completed
176499,2,2016-04-20,Corolla,25337.83,4.0,Completed
176500,3,2016-04-18,Tundra,70554.55,5.69,Completed
176501,16,2016-04-12,Camry,46597.69,6.06,Completed
176502,4,2016-04-13,Camry,33247.79,3.81,Completed
176503,11,2016-04-01,RAV4,45925.14,4.16,Completed
176504,10,2016-04-10,Camry,38769.62,4.88,Completed
176505,18,2016-04-21,Corolla,36098.23,5.68,Completed
176506,2,2016-04-23,Corolla,28084.61,4.0,Completed
176507,9,2016-04-19,Prius,32258.78,4.4,Completed
176508,5,2016-04-15,Corolla,31582.58,5.34,Completed
176509,17,2016-04-27,Sienna,44829.46,4.51,Completed
176510,10,2016-04-14,Sienna,43900.24,4.88,Completed
176511,8,2016-04-01,Corolla,34316.31,5.84,Completed
176512,5,2016-04-15,RAV4,46293.77,5.34,Completed
176513,6,2016-04-02,Highlander,52275.28,3.86,Completed
176514,14,2016-04-29,Corolla,36755.26,5.1,Completed
176515,1,2016-04-13,Prius,31135.97,5.24,Completed
176516,17,2016-04-18,Highlander,57118.69,4.51,Completed
176517,5,2016-04-21,Corolla,28335.03,5.34,Completed
176518,8,2016-04-14,Tundra,63181.7,5.84,Completed
176519,11,2016-04-04,Tundra,50917.24,4.16,Completed
176520,1,2016-04-22,RAV4,47302.14,5.24,Completed
176521,14,2016-04-26,RAV4,57694.7,5.1,Completed
176522,3,2016-04-05,Corolla,35105.5,5.69,Completed
176523,4,2016-04-02,Tacoma,34526.14,3.81,Completed
176524,10,2016-04-19,Tacoma,42085.5,4.88,Completed
176525,4,2016-04-15,Camry,33244.79,3.81,Pending
176526,20,2016-04-27,Sienna,61516.4,5.77,Completed
176527,9,2016-04-06,Prius,32552.08,4.4,Completed
176528,20,2016-04-10,Tacoma,57171.21,5.77,Completed
176529,10,2016-04-02,Sienna,51631.11,4.88,Completed
176530,1,2016-04-05,RAV4,46205.51,5.24,Completed
176531,16,2016-04-21,Corolla,34192.51,6.06,Completed
176532,10,2016-04-27,Corolla,25133.4,4.88,Completed
176533,3,2016-04-22,Tacoma,58971.34,5.69,Completed
176534,9,2016-04-06,Tundra,41450.63,4.4,Completed
176535,20,2016-04-30,Prius,42864.65,5.77,Completed
176536,16,2016-04-17,Tundra,62005.62,6.06,Pending
176537,20,2016-04-22,Corolla,36736.84,5.77,Completed
176538,6,2016-04-01,Corolla,26921.85,3.86,Completed
176539,8,2016-04-15,Corolla,35112.79,5.84,Completed
176540,8,2016-04-25,Tundra,58869.78,5.84,Completed
176541,16,2016-04-15,Tacoma,59094.85,6.06,Completed
176542,8,2016-04-03,RAV4,59182.73,5.84,Completed
176543,12,2016-04-13,Highlander,86995.69,5.65,Completed
176544,10,2016-04-01,Camry,35347.81,4.88,Completed
176545,4,2016-04-26,RAV4,38843.9,3.81,Completed
176546,9,2016-04-23,Tundra,46243.21,4.4,Completed
176547,7,2016-04-07,RAV4,54079.14,5.39,Completed
176548,16,2016-04-02,Prius,43674.94,6.06,Completed
176549,4,2016-04-03,Highlander,53400.26,3.81,Completed
176550,11,2016-04-19,Corolla,26023.9,4.16,Completed
176551,14,2016-04-10,RAV4,53936.07,5.1,Completed
176552,5,2016-04-15,Camry,44205.81,5.34,Completed
176553,8,2016-04-14,Tacoma,56993.79,5.84,Completed
176554,4,2016-04-12,Prius,30804.48,3.81,Completed
176555,2,2016-04-20,Prius,31176.9,4.0,Completed
176556,3,2016-04-24,Highlander,78423.05,5.69,Completed
176557,4,2016-04-07,Camry,31794.49,3.81,Completed
176558,2,2016-04-30,Corolla,27486.49,4.0,Completed
176559,12,2016-04-28,Sienna,58749.34,5.65,Completed
176560,13,2016-04-24,Camry,52561.64,5.61,Completed
176561,13,2016-04-22,RAV4,61934.74,5.61,Completed
176562,8,2016-04-15,Camry,45649.09,5.84,Completed
176563,20,2016-04-26,Tacoma,58436.38,5.77,Completed
176564,6,2016-04-01,Prius,28107.68,3.86,Completed
176565,14,2016-04-24,Tacoma,47157.22,5.1,Completed
176566,1,2016-04-30,Highlander,64084.19,5.24,Completed
176567,20,2016-04-01,Tacoma,56678.21,5.77,Completed
176568,2,2016-04-14,Highlander,64133.54,4.0,Completed
176569,1,2016-04-20,Camry,44531.74,5.24,Completed
176570,17,2016-04-21,Sienna,45667.63,4.51,Completed
176571,17,2016-04-16,RAV4,39798.31,4.51,Completed
176572,18,2016-04-01,RAV4,66802.56,5.68,Completed
176573,4,2016-04-04,Sienna,47272.53,3.81,Completed
176574,5,2016-04-28,RAV4,45213.05,5.34,Completed
176575,10,2016-04-07,RAV4,42771.83,4.88,Completed
176576,19,2016-04-19,Tundra,56379.38,5.48,Pending
176577,14,2016-04-10,Corolla,37234.7,5.1,Completed
176578,20,2016-04-21,Sienna,68692.34,5.77,Cancelled
176579,11,2016-04-11,Sienna,49697.53,4.16,Completed
176580,3,2016-04-29,Sienna,72204.23,5.69,Completed
176581,6,2016-04-09,RAV4,44261.17,3.86,Completed
176582,1,2016-04-20,Prius,32343.62,5.24,Cancelled
176583,3,2016-04-08,Tundra,71686.02,5.69,Completed
176584,8,2016-04-05,Highlander,73499.39,5.84,Completed
176585,8,2016-04-14,RAV4,52668.06,5.84,Cancelled
176586,17,2016-04-15,Tacoma,37750.07,4.51,Completed
176587,19,2016-04-19,Tacoma,44044.39,5.48,Completed
176588,6,2016-04-20,Tacoma,39438.03,3.86,Completed
176589,18,2016-04-10,Highlander,84601.47,5.68,Completed
176590,13,2016-04-12,Prius,41141.03,5.61,Completed
176591,14,2016-04-24,Corolla,36760.24,5.1,Completed
176592,12,2016-04-20,Highlander,78825.07,5.65,Completed
176593,19,2016-04-27,RAV4,49082.5,5.48,Completed
176594,10,2016-04-26,Camry,33811.75,4.88,Completed
176595,10,2016-04-27,Prius,28720.9,4.88,Completed
176596,10,2016-04-01,Highlander,54917.75,4.88,Completed
176597,3,2016-04-02,Prius,40488.26,5.69,Completed
176598,17,2016-04-01,Tundra,40326.52,4.51,Completed
176599,10,2016-04-26,Tacoma,37480.49,4.88,Completed
176600,12,2016-04-24,Prius,42567.61,5.65,Completed
176601,2,2016-04-20,Sienna,46020.57,4.0,Completed
176602,7,2016-04-25,Camry,50964.22,5.39,Completed
176603,19,2016-04-11,RAV4,46681.73,5.48,Completed
176604,11,2016-04-18,Corolla,25570.34,4.16,Completed
176605,19,2016-04-30,Corolla,31391.7,5.48,Completed
176606,12,2016-04-27,Tacoma,56470.58,5.65,Completed
176607,8,2016-04-11,Camry,50875.24,5.84,Completed
176608,5,2016-04-17,Highlander,73249.26,5.34,Completed
176609,19,2016-04-05,Tundra,60482.42,5.48,Completed
176610,1,2016-04-18,Sienna,48133.26,5.24,Completed
176611,20,2016-04-15,Tacoma,53632.34,5.77,Completed
176612,2,2016-04-25,Tacoma,36819.46,4.0,Completed
176613,10,2016-04-13,Tundra,46060.9,4.88,Completed
176614,11,2016-04-28,Prius,28473.88,4.16,Completed
176615,7,2016-04-23,RAV4,62283.92,5.39,Completed
176616,9,2016-04-30,Corolla,26758.0,4.4,Completed
176617,9,2016-04-19,Highlander,60250.23,4.4,Completed
176618,11,2016-04-19,Sienna,43101.67,4.16,Completed
176619,14,2016-04-16,RAV4,53239.56,5.1,Completed
176620,14,2016-04-23,RAV4,50936.94,5.1,Completed
176621,19,2016-04-23,Corolla,29414.55,5.48,Completed
176622,15,2016-04-15,Corolla,37446.97,4.86,Completed
176623,4,2016-04-18,Tacoma,38871.85,3.81,Completed
176624,12,2016-04-29,Tundra,66873.81,5.65,Completed
176625,14,2016-04-24,Tundra,60623.1,5.1,Completed
176626,9,2016-04-26,Tundra,50170.28,4.4,Completed
176627,15,2016-04-26,Tacoma,51632.48,4.86,Completed
176628,2,2016-04-07,Camry,40346.68,4.0,Completed
176629,3,2016-04-06,Sienna,60611.08,5.69,Completed
176630,7,2016-04-24,Prius,45128.38,5.39,Completed
176631,20,2016-04-04,Tacoma,48736.42,5.77,Completed
176632,4,2016-04-30,Prius,30806.85,3.81,Completed
176633,10,2016-04-20,RAV4,44961.17,4.88,Completed
176634,3,2016-04-03,Tundra,60781.0,5.69,Completed
176635,8,2016-04-02,Prius,38847.55,5.84,Completed
176636,11,2016-04-23,Sienna,44582.17,4.16,Completed
176637,9,2016-04-10,Camry,37103.55,4.4,Pending
176638,4,2016-04-15,Highlander,56616.15,3.81,Completed
176639,11,2016-04-16,Tundra,41859.8,4.16,Completed
176640,5,2016-04-09,Sienna,55266.13,5.34,Completed
176641,4,2016-04-27,Tundra,40625.06,3.81,Completed
176642,10,2016-04-10,RAV4,43132.18,4.88,Completed
176643,7,2016-04-28,Sienna,62353.68,5.39,Completed
176644,15,2016-04-28,Highlander,83430.73,4.86,Completed
176645,3,2016-04-24,RAV4,55113.69,5.69,Completed
176646,6,2016-04-04,Tacoma,35314.04,3.86,Completed
176647,9,2016-04-21,Tundra,44191.08,4.4,Completed
176648,15,2016-04-19,Prius,42069.06,4.86,Cancelled
176649,19,2016-04-14,Prius,32641.15,5.48,Completed
176650,7,2016-04-17,Prius,37876.36,5.39,Completed
176651,20,2016-04-16,Tacoma,59067.35,5.77,Completed
176652,20,2016-04-13,Tundra,61157.42,5.77,Completed
176653,18,2016-04-14,Tundra,74931.04,5.68,Completed
176654,12,2016-04-10,Sienna,63444.33,5.65,Completed
176655,19,2016-04-07,Prius,37292.8,5.48,Completed
176656,9,2016-04-24,Tundra,45192.19,4.4,Completed
176657,12,2016-04-05,RAV4,56022.77,5.65,Completed
176658,2,2016-04-06,Prius,33765.08,4.0,Completed
176659,16,2016-04-25,Highlander,86460.99,6.06,Completed
176660,18,2016-04-20,Corolla,36486.2,5.68,Completed
176661,10,2016-04-14,RAV4,46335.71,4.88,Completed
176662,13,2016-04-28,Camry,55915.15,5.61,Completed
176663,3,2016-04-15,Tundra,64202.41,5.69,Completed
176664,11,2016-04-28,Highlander,60474.65,4.16,Completed
176665,11,2016-04-17,Sienna,45174.44,4.16,Completed
176666,4,2016-04-23,Highlander,56310.92,3.81,Completed
176667,6,2016-04-18,Corolla,28042.41,3.86,Completed
176668,10,2016-04-29,Camry,39649.8,4.88,Completed
176669,6,2016-04-08,Highlander,61590.68,3.86,Completed
176670,5,2016-04-07,Sienna,55010.18,5.34,Completed
176671,4,2016-04-15,RAV4,43421.7,3.81,Completed
176672,10,2016-04-16,Camry,37362.56,4.88,Completed
176673,18,2016-04-04,Camry,51911.15,5.68,Completed
176674,13,2016-04-18,Camry,48079.09,5.61,Completed
176675,9,2016-04-28,Camry,32342.26,4.4,Completed
176676,7,2016-04-13,Tundra,68544.66,5.39,Completed
176677,7,2016-04-17,Tacoma,53592.97,5.39,Completed
176678,11,2016-04-12,Sienna,49772.48,4.16,Completed
176679,7,2016-04-17,Corolla,33823.55,5.39,Completed
176680,2,2016-04-13,Tundra,51380.59,4.0,Completed
176681,14,2016-04-04,Corolla,36037.73,5.1,Completed
176682,2,2016-04-23,Camry,35558.05,4.0,Completed
176683,9,2016-04-03,Corolla,24521.58,4.4,Completed
176684,10,2016-04-27,Highlander,66481.91,4.88,Completed
176685,7,2016-04-10,Highlander,77700.41,5.39,Completed
176686,11,2016-04-09,Tacoma,42344.12,4.16,Completed
176687,8,2016-04-03,Camry,51504.32,5.84,Completed
176688,12,2016-04-14,Corolla,34318.57,5.65,Completed
176689,1,2016-04-04,Prius,35790.05,5.24,Completed
176690,8,2016-04-06,Sienna,58231.64,5.84,Completed
176691,11,2016-04-03,Camry,37032.9,4.16,Completed
176692,15,2016-04-07,Camry,49983.83,4.86,Cancelled
176693,14,2016-04-24,Prius,38509.56,5.1,Completed
176694,19,2016-04-20,Tundra,59324.08,5.48,Completed
176695,17,2016-04-25,Corolla,26325.2,4.51,Completed
176696,4,2016-04-20,Prius,28901.62,3.81,Completed
176697,14,2016-04-21,Highlander,84052.93,5.1,Completed
176698,7,2016-04-13,Tacoma,54129.18,5.39,Completed
176699,14,2016-04-07,Prius,43149.74,5.1,Completed
176700,20,2016-04-14,RAV4,60105.04,5.77,Completed
176701,16,2016-04-06,Prius,41159.14,6.06,Completed
176702,4,2016-04-29,Tundra,46829.63,3.81,Completed
176703,7,2016-04-22,Camry,47426.93,5.39,Completed
176704,19,2016-04-21,Tacoma,43043.39,5.48,Completed
176705,12,2016-04-21,RAV4,61935.85,5.65,Completed
176706,11,2016-04-12,Prius,31715.83,4.16,Completed
176707,11,2016-04-30,Corolla,28131.99,4.16,Completed
176708,19,2016-04-22,RAV4,49366.84,5.48,Completed
176709,13,2016-04-03,Corolla,39096.62,5.61,Completed
176710,9,2016-04-07,RAV4,44167.99,4.4,Completed
176711,1,2016-04-16,Tacoma,40507.16,5.24,Completed
176712,11,2016-04-16,Sienna,50427.64,4.16,Completed
176713,14,2016-04-20,Tundra,63348.04,5.1,Completed
176714,4,2016-04-09,Highlander,57255.39,3.81,Completed
176715,18,2016-04-01,Tundra,68016.74,5.68,Completed
176716,6,2016-04-19,Highlander,59823.94,3.86,Completed
176717,3,2016-04-09,Sienna,70468.59,5.69,Completed
176718,7,2016-04-10,RAV4,54078.64,5.39,Completed
176719,14,2016-04-13,RAV4,56964.71,5.1,Completed
176720,19,2016-04-12,Highlander,69396.09,5.48,Completed
176721,11,2016-04-02,Corolla,28784.54,4.16,Completed
176722,18,2016-04-19,RAV4,59160.48,5.68,Completed
176723,19,2016-04-10,Camry,39129.97,5.48,Completed
176724,2,2016-04-07,Camry,41511.4,4.0,Completed
176725,1,2016-04-22,Tacoma,47510.95,5.24,Completed
176726,17,2016-04-05,Highlander,53217.97,4.51,Completed
176727,4,2016-04-29,Camry,35323.99,3.81,Completed
176728,7,2016-04-04,RAV4,61568.64,5.39,Completed
176729,15,2016-04-16,Tacoma,54346.95,4.86,Completed
176730,10,2016-04-02,Sienna,51237.27,4.88,Completed
176731,1,2016-04-15,Tacoma,44678.96,5.24,Completed
176732,8,2016-04-10,Tacoma,54716.25,5.84,Completed
176733,12,2016-04-12,Prius,42535.84,5.65,Completed
176734,10,2016-04-29,Highlander,64348.51,4.88,Completed
176735,14,2016-04-19,Corolla,37963.05,5.1,Completed
176736,17,2016-04-25,Sienna,42080.44,4.51,Completed
176737,12,2016-04-14,Prius,43370.13,5.65,Completed
176738,11,2016-04-07,Sienna,50496.79,4.16,Completed
176739,5,2016-04-06,Prius,37202.62,5.34,Completed
176740,15,2016-04-24,Tacoma,49985.48,4.86,Completed
176741,17,2016-04-30,RAV4,39955.67,4.51,Completed
176742,16,2016-04-21,Tacoma,54355.62,6.06,Completed
176743,2,2016-04-20,Sienna,50724.61,4.0,Completed
176744,9,2016-04-15,Prius,32619.62,4.4,Completed
176745,9,2016-04-25,Prius,30768.65,4.4,Completed
176746,19,2016-04-08,Corolla,34636.26,5.48,Completed
176747,19,2016-04-23,Tacoma,46475.15,5.48,Completed
176748,6,2016-04-10,Tundra,46776.2,3.86,Completed
176749,7,2016-04-07,Sienna,58357.44,5.39,Completed
176750,5,2016-04-09,Prius,32498.93,5.34,Completed
176751,18,2016-04-23,Camry,54368.12,5.68,Completed
176752,2,2016-04-07,Camry,38647.9,4.0,Completed
176753,15,2016-04-03,Tundra,67498.77,4.86,Completed
176754,8,2016-04-17,Highlander,74589.31,5.84,Completed
176755,18,2016-04-09,Tacoma,55031.99,5.68,Completed
176756,10,2016-04-03,Highlander,58666.16,4.88,Completed
176757,15,2016-04-20,Highlander,71990.33,4.86,Completed
176758,20,2016-04-13,Highlander,86991.45,5.77,Completed
176759,14,2016-04-03,Camry,46558.05,5.1,Completed
176760,13,2016-04-11,Prius,42993.61,5.61,Completed
176761,16,2016-04-06,Camry,55724.43,6.06,Completed
176762,2,2016-04-15,Prius,34494.7,4.0,Completed
176763,5,2016-04-06,Camry,40205.31,5.34,Completed
176764,14,2016-04-19,Corolla,34745.31,5.1,Completed
176765,6,2016-04-24,Sienna,48737.81,3.86,Completed
176766,20,2016-04-09,Tundra,69805.19,5.77,Completed
176767,13,2016-04-15,Camry,53799.7,5.61,Completed
176768,11,2016-04-25,Camry,34782.46,4.16,Completed
176769,6,2016-04-21,RAV4,43212.78,3.86,Completed
176770,18,2016-04-17,RAV4,63212.53,5.68,Completed
176771,18,2016-04-29,Highlander,82660.06,5.68,Completed
176772,9,2016-04-22,Tundra,46494.99,4.4,Completed
176773,8,2016-04-16,Highlander,78610.21,5.84,Completed
176774,5,2016-04-30,Highlander,65436.2,5.34,Completed
176775,16,2016-04-24,Corolla,38308.89,6.06,Pending
176776,6,2016-04-13,Tacoma,38104.32,3.86,Completed
176777,8,2016-04-09,Camry,45636.29,5.84,Completed
176778,13,2016-04-12,Tundra,61986.83,5.61,Completed
176779,9,2016-04-24,Sienna,45192.66,4.4,Completed
176780,4,2016-04-28,Sienna,45170.03,3.81,Completed
176781,7,2016-04-17,Camry,48835.54,5.39,Completed
176782,6,2016-04-19,Corolla,27102.45,3.86,Completed
176783,4,2016-04-21,Sienna,45478.49,3.81,Completed
176784,2,2016-04-28,Highlander,61881.84,4.0,Completed
176785,8,2016-04-13,Tundra,62944.33,5.84,Completed
176786,8,2016-04-08,Tacoma,49330.45,5.84,Completed
176787,11,2016-04-23,RAV4,41133.23,4.16,Completed
176788,8,2016-04-06,Tacoma,58441.07,5.84,Completed
176789,4,2016-04-26,Sienna,46288.53,3.81,Completed
176790,2,2016-04-26,RAV4,43966.54,4.0,Completed
176791,11,2016-04-08,Sienna,41834.89,4.16,Completed
176792,9,2016-04-24,Prius,29882.32,4.4,Completed
176793,7,2016-04-13,Highlander,86182.4,5.39,Completed
176794,12,2016-04-10,RAV4,58129.53,5.65,Completed
176795,12,2016-04-17,Corolla,36027.68,5.65,Completed
176796,18,2016-04-22,Sienna,61862.48,5.68,Completed
176797,6,2016-04-09,Tacoma,40213.01,3.86,Completed
176798,17,2016-04-23,RAV4,39438.31,4.51,Completed
176799,5,2016-04-21,Highlander,74429.21,5.34,Completed
176800,3,2016-04-22,Corolla,34641.06,5.69,Completed
176801,5,2016-04-01,Prius,37156.23,5.34,Completed
176802,13,2016-04-09,RAV4,66292.79,5.61,Completed
176803,4,2016-04-04,Tundra,40677.19,3.81,Completed
176804,9,2016-04-25,Prius,29779.05,4.4,Completed
176805,11,2016-04-28,Corolla,25881.27,4.16,Completed
176806,19,2016-04-21,Highlander,70629.22,5.48,Completed
176807,13,2016-04-28,Sienna,70422.35,5.61,Completed
176808,3,2016-04-16,Prius,40628.98,5.69,Completed
176809,19,2016-04-12,Sienna,57129.09,5.48,Completed
176810,20,2016-04-10,Camry,53642.92,5.77,Completed
176811,5,2016-04-30,Prius,33507.95,5.34,Completed
176812,16,2016-04-07,Highlander,88897.18,6.06,Completed
176813,19,2016-04-24,Corolla,32210.47,5.48,Pending
176814,11,2016-04-29,RAV4,38808.02,4.16,Completed
176815,6,2016-04-07,Corolla,27205.14,3.86,Completed
176816,10,2016-04-18,RAV4,39987.37,4.88,Completed
176817,2,2016-04-19,Sienna,52393.27,4.0,Completed
176818,4,2016-04-01,Sienna,45450.18,3.81,Completed
176819,16,2016-04-02,RAV4,63907.33,6.06,Completed
176820,16,2016-04-07,Prius,46415.39,6.06,Completed
176821,12,2016-04-02,Highlander,75386.83,5.65,Completed
176822,15,2016-04-07,Highlander,73553.31,4.86,Cancelled
176823,20,2016-04-07,Tacoma,55437.67,5.77,Completed
176824,6,2016-04-28,Prius,26803.12,3.86,Completed
176825,9,2016-04-30,Camry,36104.16,4.4,Completed
176826,9,2016-04-25,Prius,30231.22,4.4,Completed
176827,5,2016-04-15,Tacoma,42686.11,5.34,Completed
176828,6,2016-04-08,Prius,30329.1,3.86,Completed
176829,13,2016-04-05,RAV4,55911.79,5.61,Completed
176830,19,2016-04-17,Highlander,71772.87,5.48,Completed
176831,4,2016-04-30,RAV4,36932.36,3.81,Completed
176832,12,2016-04-01,RAV4,58887.67,5.65,Completed
176833,13,2016-04-25,RAV4,58143.45,5.61,Completed
176834,5,2016-04-20,Highlander,63001.25,5.34,Completed
176835,13,2016-04-13,Camry,55226.95,5.61,Completed
176836,15,2016-04-10,Tundra,62608.07,4.86,Completed
176837,5,2016-04-18,Tacoma,49376.3,5.34,Completed
176838,19,2016-04-06,Camry,39921.06,5.48,Completed
176839,4,2016-04-04,Prius,26553.12,3.81,Completed
176840,13,2016-04-14,Tundra,67675.06,5.61,Completed
176841,2,2016-04-01,Sienna,49577.91,4.0,Completed
176842,6,2016-04-17,Tundra,41015.06,3.86,Completed
176843,3,2016-04-15,Corolla,35905.31,5.69,Completed
176844,11,2016-04-29,Sienna,46417.71,4.16,Completed
176845,9,2016-04-10,Camry,35211.55,4.4,Cancelled
176846,8,2016-04-06,Corolla,37698.89,5.84,Completed
176847,5,2016-04-28,RAV4,49024.94,5.34,Completed
176848,14,2016-04-01,RAV4,51663.85,5.1,Completed
176849,13,2016-04-17,Prius,44642.49,5.61,Completed
176850,11,2016-04-07,Corolla,28259.63,4.16,Completed
176851,12,2016-04-11,Highlander,84119.13,5.65,Completed
176852,4,2016-04-28,Sienna,47229.46,3.81,Completed
176853,9,2016-04-08,Corolla,26524.16,4.4,Completed
176854,6,2016-04-02,Tacoma,41634.16,3.86,Completed
176855,7,2016-04-10,Corolla,38747.66,5.39,Completed
176856,1,2016-04-02,Tundra,55115.28,5.24,Completed
176857,10,2016-04-05,Tacoma,41131.26,4.88,Completed
176858,4,2016-04-13,Tacoma,35974.15,3.81,Completed
176859,3,2016-04-26,Tundra,71642.81,5.69,Completed
176860,4,2016-04-20,Tundra,45951.06,3.81,Completed
176861,20,2016-04-13,Sienna,60763.76,5.77,Completed
176862,4,2016-04-10,Prius,27705.69,3.81,Completed
176863,8,2016-04-21,Sienna,67416.35,5.84,Completed
176864,2,2016-04-28,Sienna,47126.47,4.0,Completed
176865,10,2016-04-12,Tundra,43064.1,4.88,Completed
176866,14,2016-04-22,Corolla,35865.97,5.1,Completed
176867,15,2016-04-26,Highlander,81009.74,4.86,Completed
176868,4,2016-04-16,RAV4,36963.37,3.81,Completed
176869,20,2016-04-12,Corolla,36114.02,5.77,Completed
176870,11,2016-04-27,RAV4,40644.52,4.16,Completed
176871,12,2016-04-10,RAV4,60061.01,5.65,Completed
176872,4,2016-04-06,Corolla,27222.47,3.81,Completed
176873,10,2016-04-27,Tundra,48951.15,4.88,Completed
176874,9,2016-04-16,Prius,30830.76,4.4,Completed
176875,19,2016-04-16,Corolla,33122.73,5.48,Completed
176876,6,2016-04-12,Tacoma,38517.04,3.86,Completed
176877,2,2016-04-05,Tundra,48119.14,4.0,Completed
176878,8,2016-04-21,Prius,37643.97,5.84,Completed
176879,4,2016-04-17,Tundra,41186.96,3.81,Completed
176880,18,2016-04-10,RAV4,67099.03,5.68,Completed
176881,13,2016-04-15,Tacoma,55378.95,5.61,Completed
176882,18,2016-04-04,Tacoma,53128.71,5.68,Completed
176883,9,2016-04-14,Sienna,41457.37,4.4,Completed
176884,5,2016-04-27,Sienna,53035.91,5.34,Completed
176885,11,2016-04-19,Tundra,48674.82,4.16,Completed
176886,3,2016-04-28,Tundra,59891.62,5.69,Completed
176887,13,2016-04-05,Sienna,66998.6,5.61,Completed
176888,16,2016-04-26,Corolla,39732.58,6.06,Completed
176889,16,2016-04-12,RAV4,60541.77,6.06,Completed
176890,16,2016-04-04,Highlander,79668.11,6.06,Completed
176891,12,2016-04-06,Sienna,61111.09,5.65,Completed
176892,10,2016-04-15,Tundra,46958.45,4.88,Completed
176893,17,2016-04-17,Sienna,47517.1,4.51,Pending
176894,8,2016-04-07,Corolla,34853.97,5.84,Completed
176895,16,2016-04-11,Highlander,84431.13,6.06,Completed
176896,20,2016-04-26,Highlander,79216.83,5.77,Completed
176897,1,2016-04-30,Highlander,62129.01,5.24,Completed
176898,8,2016-04-15,Highlander,86950.49,5.84,Pending
176899,15,2016-04-30,Corolla,38052.5,4.86,Completed
176900,2,2016-04-23,Tacoma,38700.52,4.0,Completed
176901,13,2016-04-07,Tacoma,53442.35,5.61,Completed
176902,18,2016-04-13,Camry,47998.75,5.68,Completed
176903,2,2016-04-02,Corolla,25497.59,4.0,Completed
176904,12,2016-04-08,Prius,42838.66,5.65,Completed
176905,16,2016-04-09,Highlander,87657.31,6.06,Completed
176906,11,2016-04-23,Corolla,28915.28,4.16,Completed
176907,10,2016-04-09,Tundra,48976.04,4.88,Completed
176908,5,2016-04-19,Prius,36248.3,5.34,Completed
176909,5,2016-04-08,Camry,37746.38,5.34,Completed
176910,9,2016-04-09,RAV4,42069.95,4.4,Completed
176911,13,2016-04-03,Tacoma,60742.01,5.61,Completed
176912,1,2016-04-24,Camry,44006.31,5.24,Completed
176913,10,2016-04-19,Highlander,65130.89,4.88,Completed
176914,2,2016-04-16,Prius,34506.98,4.0,Completed
176915,19,2016-04-09,Camry,43836.13,5.48,Completed
176916,11,2016-04-19,Prius,30531.35,4.16,Completed
176917,19,2016-04-17,Highlander,72242.58,5.48,Completed
176918,8,2016-04-08,Sienna,57157.43,5.84,Completed
176919,11,2016-04-21,Tacoma,40603.8,4.16,Completed
176920,4,2016-04-23,RAV4,37474.87,3.81,Completed
176921,7,2016-04-14,Tundra,65862.6,5.39,Completed
176922,16,2016-04-21,Tundra,66852.87,6.06,Completed
176923,9,2016-04-21,Highlander,60081.0,4.4,Completed
176924,10,2016-04-07,Tacoma,41467.0,4.88,Completed
176925,19,2016-04-06,Tundra,55899.31,5.48,Completed
176926,4,2016-04-24,Tacoma,34725.52,3.81,Completed
176927,15,2016-04-07,Corolla,37620.08,4.86,Completed
176928,16,2016-04-13,Tundra,61891.38,6.06,Completed
176929,3,2016-04-30,RAV4,60828.48,5.69,Completed
176930,12,2016-04-29,Camry,45715.95,5.65,Pending
176931,20,2016-04-22,Corolla,34224.53,5.77,Completed
176932,9,2016-04-20,Tacoma,40176.71,4.4,Completed
176933,11,2016-04-06,Highlander,61567.53,4.16,Completed
176934,7,2016-04-17,Corolla,39516.47,5.39,Completed
176935,13,2016-04-02,Camry,51751.72,5.61,Completed
176936,9,2016-04-30,Highlander,59701.15,4.4,Completed
176937,11,2016-04-02,Tundra,43789.65,4.16,Completed
176938,11,2016-04-03,RAV4,40350.06,4.16,Completed
176939,4,2016-04-29,Corolla,25655.84,3.81,Completed
176940,7,2016-04-03,Corolla,38681.3,5.39,Cancelled
176941,17,2016-04-19,Corolla,24440.68,4.51,Completed
176942,13,2016-04-17,Corolla,37472.58,5.61,Completed
176943,20,2016-04-13,Corolla,36754.96,5.77,Completed
176944,7,2016-04-02,Sienna,59446.98,5.39,Completed
176945,15,2016-04-07,Corolla,37598.53,4.86,Completed
176946,2,2016-04-21,Tacoma,39563.34,4.0,Completed
176947,4,2016-04-24,Highlander,60613.84,3.81,Completed
176948,20,2016-04-01,Highlander,76977.77,5.77,Cancelled
176949,4,2016-04-23,RAV4,36556.44,3.81,Completed
176950,20,2016-04-25,Highlander,76865.39,5.77,Completed
176951,7,2016-04-07,Camry,52758.15,5.39,Completed
176952,17,2016-04-19,Prius,29835.71,4.51,Completed
176953,11,2016-04-10,Tundra,45697.39,4.16,Completed
176954,15,2016-04-02,Prius,37617.78,4.86,Completed
176955,15,2016-04-14,Tundra,61558.33,4.86,Completed
176956,7,2016-04-19,Tundra,63197.81,5.39,Completed
176957,1,2016-04-08,Sienna,48176.9,5.24,Completed
176958,16,2016-04-27,RAV4,63208.7,6.06,Completed
176959,13,2016-04-25,RAV4,56792.06,5.61,Completed
176960,5,2016-04-12,RAV4,45985.29,5.34,Completed
176961,17,2016-04-26,Sienna,46228.48,4.51,Completed
176962,16,2016-04-26,Corolla,36740.16,6.06,Completed
176963,7,2016-04-13,RAV4,62908.52,5.39,Completed
176964,17,2016-04-26,Highlander,57152.3,4.51,Completed
176965,2,2016-04-17,Sienna,45164.66,4.0,Completed
176966,6,2016-04-04,Camry,32095.64,3.86,Completed
176967,7,2016-04-01,Prius,39779.36,5.39,Completed
176968,6,2016-04-07,RAV4,39892.74,3.86,Completed
176969,9,2016-04-17,Corolla,24178.4,4.4,Completed
176970,16,2016-04-01,RAV4,59576.52,6.06,Completed
176971,17,2016-04-11,RAV4,44031.76,4.51,Completed
176972,6,2016-04-25,Tacoma,37677.65,3.86,Completed
176973,12,2016-04-15,Camry,46623.17,5.65,Completed
176974,13,2016-04-19,Corolla,39016.43,5.61,Completed
176975,7,2016-04-10,Camry,50222.22,5.39,Completed
176976,11,2016-04-09,RAV4,45679.84,4.16,Completed
176977,18,2016-04-28,Tacoma,62389.21,5.68,Completed
176978,1,2016-04-17,Highlander,66740.17,5.24,Completed
176979,5,2016-04-19,RAV4,48213.15,5.34,Completed
176980,12,2016-04-12,Camry,52237.67,5.65,Completed
176981,17,2016-04-14,Camry,32288.17,4.51,Completed
176982,7,2016-04-06,Prius,42200.43,5.39,Completed
176983,9,2016-04-07,Corolla,25150.0,4.4,Completed
176984,17,2016-04-26,Prius,31829.65,4.51,Cancelled
176985,7,2016-04-05,Highlander,82167.36,5.39,Completed
176986,8,2016-04-16,Sienna,66432.57,5.84,Completed
176987,5,2016-04-09,Prius,31701.55,5.34,Pending
176988,11,2016-04-14,Corolla,24813.06,4.16,Pending
176989,1,2016-04-01,Prius,36566.51,5.24,Completed
176990,20,2016-04-09,Tacoma,56806.82,5.77,Completed
176991,6,2016-04-23,Sienna,48032.29,3.86,Completed
176992,15,2016-04-25,Tundra,67540.18,4.86,Cancelled
176993,2,2016-04-07,Tundra,49708.8,4.0,Completed
176994,7,2016-04-06,Sienna,61483.33,5.39,Completed
176995,6,2016-04-11,RAV4,44902.74,3.86,Completed
176996,16,2016-04-15,Camry,52975.12,6.06,Completed
176997,20,2016-04-12,Corolla,38792.1,5.77,Completed
176998,10,2016-04-12,Highlander,62505.16,4.88,Completed
176999,16,2016-04-29,Tacoma,54276.62,6.06,Completed
177000,5,2016-04-24,Prius,32005.92,5.34,Completed
177001,18,2016-04-09,Highlander,86201.32,5.68,Completed
177002,20,2016-04-26,Corolla,39782.01,5.77,Completed
177003,3,2016-04-06,Highlander,83545.44,5.69,Completed
177004,5,2016-04-23,Tundra,56983.51,5.34,Completed
177005,6,2016-04-19,RAV4,42197.75,3.86,Completed
177006,11,2016-04-23,Tundra,43317.48,4.16,Completed
177007,4,2016-04-21,Corolla,26184.3,3.81,Completed
177008,10,2016-04-15,Prius,33462.0,4.88,Completed
177009,12,2016-04-02,Highlander,83084.59,5.65,Completed
177010,19,2016-04-03,Tundra,50934.32,5.48,Completed
177011,6,2016-04-22,Sienna,49301.69,3.86,Completed
177012,18,2016-04-28,Sienna,74087.52,5.68,Completed
177013,13,2016-04-24,Sienna,71846.57,5.61,Completed
177014,19,2016-04-04,Sienna,51902.02,5.48,Completed
177015,8,2016-04-19,RAV4,52577.43,5.84,Completed
177016,12,2016-04-16,Corolla,37527.1,5.65,Completed
177017,9,2016-04-17,RAV4,41768.32,4.4,Completed
177018,10,2016-04-19,RAV4,43983.17,4.88,Completed
177019,8,2016-04-05,Highlander,84425.4,5.84,Completed
177020,15,2016-04-09,Tundra,60937.24,4.86,Cancelled
177021,9,2016-04-06,Tacoma,42296.48,4.4,Completed
177022,7,2016-04-10,Highlander,86205.71,5.39,Completed
177023,9,2016-04-25,Corolla,24627.03,4.4,Completed
177024,18,2016-04-11,Camry,58216.62,5.68,Completed
177025,16,2016-04-06,Prius,45374.46,6.06,Completed
177026,7,2016-04-30,Tundra,60943.31,5.39,Completed
177027,18,2016-04-21,Highlander,79637.5,5.68,Completed
177028,6,2016-04-25,Sienna,41046.14,3.86,Completed
177029,4,2016-04-05,Camry,35971.08,3.81,Completed
177030,14,2016-04-26,RAV4,50415.69,5.1,Completed
177031,1,2016-04-10,Highlander,66713.05,5.24,Completed
177032,8,2016-04-22,Corolla,37653.02,5.84,Completed
177033,16,2016-04-09,Corolla,39148.83,6.06,Completed
177034,18,2016-04-27,Prius,46587.7,5.68,Completed
177035,17,2016-04-10,Tundra,48908.42,4.51,Completed
177036,6,2016-04-25,Tacoma,36713.93,3.86,Completed
177037,17,2016-04-30,Sienna,46633.28,4.51,Pending
177038,18,2016-04-22,RAV4,61611.97,5.68,Completed
177039,6,2016-04-01,Prius,26858.07,3.86,Completed
177040,4,2016-04-17,Tacoma,37256.7,3.81,Completed
177041,6,2016-04-13,Corolla,27941.73,3.86,Completed
177042,20,2016-04-08,Corolla,39897.08,5.77,Completed
177043,18,2016-04-26,Corolla,39127.63,5.68,Completed
177044,20,2016-04-08,Tacoma,48736.93,5.77,Completed
177045,7,2016-04-11,Sienna,57968.28,5.39,Completed
177046,11,2016-04-27,Prius,28313.82,4.16,Completed
177047,1,2016-04-10,Highlander,68202.61,5.24,Completed
177048,2,2016-04-10,Camry,38624.26,4.0,Completed
177049,4,2016-04-28,Tacoma,34295.03,3.81,Completed
177050,3,2016-04-13,Camry,53911.51,5.69,Completed
177051,5,2016-04-03,Prius,31743.22,5.34,Pending
177052,5,2016-04-06,Tacoma,42807.13,5.34,Completed
177053,10,2016-04-28,Tundra,47448.29,4.88,Completed
177054,16,2016-04-09,RAV4,64557.02,6.06,Completed
177055,14,2016-04-08,Highlander,80740.14,5.1,Completed
177056,9,2016-04-13,Highlander,61990.49,4.4,Completed
177057,3,2016-04-16,RAV4,58601.16,5.69,Completed
177058,10,2016-04-26,Tacoma,39786.5,4.88,Completed
177059,15,2016-04-25,Corolla,35989.08,4.86,Completed
177060,9,2016-04-29,Tacoma,36436.0,4.4,Completed
177061,17,2016-04-25,Sienna,46928.99,4.51,Completed
177062,10,2016-04-06,Corolla,26476.92,4.88,Completed
177063,6,2016-04-22,RAV4,42621.34,3.86,Completed
177064,13,2016-04-02,RAV4,63271.74,5.61,Completed
177065,4,2016-04-25,Sienna,46296.91,3.81,Completed
177066,6,2016-04-21,Highlander,60488.05,3.86,Completed
177067,3,2016-04-22,Tundra,63144.23,5.69,Completed
177068,20,2016-04-23,Camry,50400.59,5.77,Completed
177069,11,2016-04-10,Highlander,64815.7,4.16,Completed
177070,20,2016-04-30,RAV4,55703.0,5.77,Completed
177071,4,2016-04-07,Sienna,45046.21,3.81,Completed
177072,17,2016-04-09,RAV4,38140.54,4.51,Completed
177073,10,2016-04-25,Sienna,43431.23,4.88,Completed
177074,17,2016-04-30,Sienna,44534.75,4.51,Completed
177075,13,2016-04-05,Corolla,40907.11,5.61,Completed
177076,5,2016-04-06,Prius,31454.95,5.34,Completed
177077,5,2016-04-19,Corolla,30986.23,5.34,Completed
177078,13,2016-04-10,Camry,48970.76,5.61,Completed
177079,10,2016-04-24,Prius,30698.31,4.88,Completed
177080,14,2016-04-22,Tundra,59366.67,5.1,Completed
177081,18,2016-04-17,Prius,44325.99,5.68,Completed
177082,11,2016-04-19,Tundra,42180.43,4.16,Completed
177083,2,2016-04-14,Prius,28609.84,4.0,Completed
177084,4,2016-04-07,RAV4,41454.49,3.81,Completed
177085,19,2016-04-20,Tundra,51315.36,5.48,Completed
177086,11,2016-04-13,Sienna,49501.89,4.16,Completed
177087,5,2016-04-13,Tundra,51172.98,5.34,Completed
177088,6,2016-04-23,Highlander,58751.32,3.86,Completed
177089,2,2016-04-08,Tundra,49491.63,4.0,Completed
177090,5,2016-04-25,Tundra,50122.34,5.34,Pending
177091,15,2016-04-07,Tundra,59896.2,4.86,Completed
177092,3,2016-04-19,Corolla,39216.74,5.69,Completed
177093,15,2016-04-04,Highlander,86704.37,4.86,Completed
177094,6,2016-04-19,Highlander,61381.85,3.86,Completed
177095,8,2016-04-02,Tundra,64675.01,5.84,Completed
177096,14,2016-04-25,Corolla,32628.04,5.1,Completed
177097,9,2016-04-13,Sienna,48690.43,4.4,Completed
177098,8,2016-04-17,Tundra,59059.45,5.84,Completed
177099,19,2016-04-28,RAV4,47183.61,5.48,Completed
177100,13,2016-04-21,Corolla,34944.98,5.61,Completed
177101,1,2016-04-16,Prius,36425.97,5.24,Completed
177102,17,2016-04-22,Highlander,60031.69,4.51,Completed
177103,20,2016-04-17,Tacoma,50118.45,5.77,Completed
177104,18,2016-04-09,Sienna,69823.99,5.68,Completed
177105,5,2016-04-29,RAV4,48300.89,5.34,Completed
177106,1,2016-04-18,RAV4,49124.09,5.24,Completed
177107,15,2016-04-05,Prius,43778.51,4.86,Completed
177108,7,2016-04-10,Tundra,66900.15,5.39,Completed
177109,9,2016-04-03,Tacoma,36664.25,4.4,Completed
177110,7,2016-04-06,Sienna,68397.06,5.39,Completed
177111,19,2016-04-12,Tundra,53057.25,5.48,Completed
177112,16,2016-04-20,Tacoma,52140.88,6.06,Completed
177113,10,2016-04-21,Sienna,46387.23,4.88,Completed
177114,20,2016-04-05,Highlander,77341.85,5.77,Completed
177115,14,2016-04-26,RAV4,57049.8,5.1,Completed
177116,18,2016-04-15,RAV4,62207.18,5.68,Completed
177117,17,2016-04-27,Tundra,41229.61,4.51,Completed
177118,20,2016-04-16,Highlander,88023.94,5.77,Completed
177119,5,2016-04-25,Highlander,72668.56,5.34,Completed
177120,17,2016-04-17,RAV4,38855.15,4.51,Completed
177121,6,2016-04-13,Camry,32521.96,3.86,Completed
177122,2,2016-04-04,Tacoma,41451.08,4.0,Completed
177123,1,2016-04-16,Camry,38045.85,5.24,Cancelled
177124,6,2016-04-01,Corolla,24715.22,3.86,Completed
177125,5,2016-04-08,RAV4,51539.86,5.34,Completed
177126,3,2016-04-17,Highlander,91292.13,5.69,Completed
177127,16,2016-04-04,RAV4,58807.0,6.06,Completed
177128,4,2016-04-24,Tundra,44803.74,3.81,Completed
177129,3,2016-04-05,Prius,46971.79,5.69,Completed
177130,3,2016-04-04,Highlander,88079.16,5.69,Completed
177131,9,2016-04-16,Prius,31612.74,4.4,Completed
177132,13,2016-04-09,Tundra,65045.35,5.61,Completed
177133,10,2016-04-16,Prius,33687.96,4.88,Completed
177134,20,2016-04-02,Corolla,36875.57,5.77,Completed
177135,9,2016-04-04,Prius,32438.58,4.4,Completed
177136,20,2016-04-16,Tacoma,51446.17,5.77,Completed
177137,15,2016-04-10,Highlander,83221.24,4.86,Pending
177138,19,2016-04-04,Highlander,75807.22,5.48,Completed
177139,6,2016-04-18,Camry,37996.5,3.86,Completed
177140,13,2016-04-14,Tundra,60399.76,5.61,Cancelled
177141,8,2016-04-15,Highlander,74349.5,5.84,Completed
177142,18,2016-04-10,Sienna,67925.73,5.68,Completed
177143,5,2016-04-26,Sienna,56487.59,5.34,Completed
177144,7,2016-04-18,Highlander,83247.23,5.39,Completed
177145,10,2016-04-30,Corolla,28948.58,4.88,Completed
177146,16,2016-04-11,Sienna,69730.18,6.06,Completed
177147,13,2016-04-11,RAV4,61026.6,5.61,Completed
177148,12,2016-04-12,Camry,49264.39,5.65,Completed
177149,8,2016-04-17,RAV4,57440.7,5.84,Completed
177150,14,2016-04-05,Sienna,61434.3,5.1,Completed
177151,3,2016-04-10,Corolla,41447.06,5.69,Completed
177152,15,2016-04-14,Tacoma,48942.56,4.86,Completed
177153,18,2016-04-27,Prius,47701.16,5.68,Completed
177154,19,2016-04-28,Sienna,50665.42,5.48,Completed
177155,17,2016-04-26,Prius,26647.57,4.51,Completed
177156,2,2016-04-30,Camry,35017.46,4.0,Completed
177157,7,2016-04-12,Prius,41400.1,5.39,Completed
177158,18,2016-04-23,Highlander,83811.82,5.68,Completed
177159,4,2016-04-08,Highlander,50286.45,3.81,Completed
177160,9,2016-04-03,Tundra,47723.43,4.4,Completed
177161,3,2016-04-23,Sienna,62727.26,5.69,Completed
177162,18,2016-04-30,Tundra,66483.64,5.68,Cancelled
177163,7,2016-04-03,Highlander,78754.23,5.39,Completed
177164,18,2016-04-14,Corolla,40896.4,5.68,Completed
177165,8,2016-04-02,Camry,51442.3,5.84,Completed
177166,12,2016-04-04,Prius,39987.39,5.65,Completed
177167,7,2016-04-27,Sienna,60218.96,5.39,Completed
177168,17,2016-04-14,Highlander,53393.46,4.51,Completed
177169,19,2016-04-05,Corolla,33266.84,5.48,Completed
177170,15,2016-04-30,Camry,46909.98,4.86,Completed
177171,11,2016-04-14,Prius,27178.57,4.16,Completed
177172,5,2016-04-26,Camry,39575.94,5.34,Completed
177173,2,2016-04-27,Prius,28490.99,4.0,Completed
177174,19,2016-04-07,Camry,46688.31,5.48,Completed
177175,14,2016-04-02,Camry,47596.68,5.1,Completed
177176,6,2016-04-21,Camry,37700.01,3.86,Completed
177177,20,2016-04-27,Sienna,57558.34,5.77,Completed
177178,4,2016-04-07,Highlander,51757.78,3.81,Completed
177179,2,2016-04-25,Prius,33061.57,4.0,Completed
177180,10,2016-04-15,Highlander,59036.77,4.88,Pending
177181,13,2016-04-08,Highlander,90593.61,5.61,Completed
177182,16,2016-04-18,Highlander,86702.44,6.06,Completed
177183,2,2016-04-14,Tundra,51133.0,4.0,Completed
177184,5,2016-04-19,Sienna,58076.93,5.34,Completed
177185,2,2016-04-19,Tundra,49772.9,4.0,Completed
177186,19,2016-04-09,Highlander,67128.02,5.48,Completed
177187,6,2016-04-25,Camry,37615.54,3.86,Completed
177188,17,2016-04-06,Camry,31951.04,4.51,Completed
177189,4,2016-04-24,Sienna,47243.5,3.81,Completed
177190,10,2016-04-17,Prius,27990.38,4.88,Completed
177191,16,2016-04-03,Tacoma,52322.03,6.06,Completed
177192,3,2016-04-18,Sienna,65543.3,5.69,Completed
177193,12,2016-04-08,Camry,48467.18,5.65,Completed
177194,7,2016-04-06,Tundra,60987.17,5.39,Completed
177195,11,2016-04-04,Highlander,53439.55,4.16,Completed
177196,19,2016-04-29,Camry,39006.15,5.48,Completed
177197,16,2016-04-23,Tacoma,52565.15,6.06,Completed
177198,20,2016-04-11,Corolla,35877.85,5.77,Completed
177199,10,2016-04-26,Corolla,29423.73,4.88,Completed
177200,5,2016-04-26,Highlander,69392.7,5.34,Completed
177201,6,2016-04-10,Prius,26315.45,3.86,Completed
177202,20,2016-04-19,Tundra,58192.03,5.77,Completed
177203,4,2016-04-11,RAV4,39413.21,3.81,Completed
177204,11,2016-04-01,RAV4,42850.07,4.16,Completed
177205,13,2016-04-02,Corolla,41342.25,5.61,Completed
177206,17,2016-04-21,Highlander,62234.08,4.51,Completed
177207,17,2016-04-16,Tundra,43727.05,4.51,Completed
177208,9,2016-04-13,Tacoma,42153.23,4.4,Completed
177209,17,2016-04-23,Tundra,42629.14,4.51,Completed
177210,19,2016-04-21,Corolla,28569.12,5.48,Completed
177211,9,2016-04-01,Camry,37331.19,4.4,Completed
177212,16,2016-04-11,Highlander,90399.62,6.06,Completed
177213,4,2016-04-17,RAV4,38774.58,3.81,Completed
177214,2,2016-04-01,Camry,36796.86,4.0,Completed
177215,6,2016-04-03,Tundra,46309.67,3.86,Completed
177216,7,2016-04-24,Tundra,61421.43,5.39,Completed
177217,6,2016-04-21,Tundra,45409.35,3.86,Completed
177218,16,2016-04-30,RAV4,53575.57,6.06,Completed
177219,16,2016-04-29,Tacoma,57430.51,6.06,Completed
177220,13,2016-04-17,Sienna,64249.59,5.61,Completed
177221,16,2016-04-08,Highlander,75124.63,6.06,Completed
177222,18,2016-04-18,Tundra,63668.47,5.68,Completed
177223,2,2016-04-18,Corolla,26352.36,4.0,Completed
177224,15,2016-04-06,Tundra,58958.79,4.86,Completed
177225,16,2016-04-13,Tacoma,57955.39,6.06,Pending
177226,13,2016-04-22,RAV4,62099.26,5.61,Completed
177227,14,2016-04-23,Tacoma,47779.22,5.1,Completed
177228,4,2016-04-02,Highlander,55354.29,3.81,Completed
177229,6,2016-04-13,RAV4,42276.46,3.86,Completed
177230,16,2016-04-26,Corolla,35185.15,6.06,Completed
177231,17,2016-04-19,Tacoma,37123.56,4.51,Completed
177232,17,2016-04-05,Prius,30118.04,4.51,Completed
177233,7,2016-04-07,Prius,42895.08,5.39,Cancelled
177234,10,2016-04-07,Prius,27933.15,4.88,Completed
177235,11,2016-04-26,Corolla,26199.52,4.16,Completed
177236,7,2016-04-02,Tundra,66777.28,5.39,Completed
177237,19,2016-04-22,Tundra,58923.66,5.48,Completed
177238,14,2016-04-05,Highlander,74348.22,5.1,Completed
177239,16,2016-04-25,RAV4,63707.45,6.06,Completed
177240,7,2016-04-23,Tacoma,57947.74,5.39,Completed
177241,3,2016-04-20,Corolla,35993.19,5.69,Completed
177242,19,2016-04-02,Tundra,56072.35,5.48,Completed
177243,20,2016-04-01,Sienna,66424.84,5.77,Completed
177244,17,2016-04-14,Sienna,43922.76,4.51,Completed
177245,8,2016-04-02,Sienna,62275.78,5.84,Completed
177246,9,2016-04-06,Tacoma,37997.79,4.4,Completed
177247,19,2016-04-01,RAV4,48157.49,5.48,Completed
177248,9,2016-04-20,Tacoma,40537.03,4.4,Completed
177249,8,2016-04-20,Sienna,63636.39,5.84,Completed
177250,8,2016-04-26,Camry,49729.46,5.84,Completed
177251,18,2016-04-12,Highlander,87655.29,5.68,Completed
177252,15,2016-04-14,Highlander,72391.5,4.86,Completed
177253,1,2016-04-24,Camry,42883.63,5.24,Completed
177254,14,2016-04-16,Highlander,83521.2,5.1,Completed
177255,11,2016-04-15,RAV4,40681.31,4.16,Completed
177256,3,2016-04-13,Corolla,39864.94,5.69,Completed
177257,7,2016-04-19,Tundra,66301.5,5.39,Completed
177258,6,2016-04-21,Tacoma,34098.5,3.86,Completed
177259,1,2016-04-29,Tacoma,47886.02,5.24,Completed
177260,12,2016-04-22,Sienna,62990.79,5.65,Completed
177261,1,2016-04-30,RAV4,49476.27,5.24,Completed
177262,12,2016-04-21,Prius,39495.89,5.65,Completed
177263,2,2016-04-30,Sienna,50325.56,4.0,Completed
177264,15,2016-04-17,Highlander,74781.12,4.86,Completed
177265,11,2016-04-06,Corolla,25823.3,4.16,Completed
177266,8,2016-04-16,Sienna,62378.62,5.84,Completed
177267,19,2016-04-10,Tundra,57798.48,5.48,Completed
177268,13,2016-04-18,RAV4,57264.67,5.61,Completed
177269,16,2016-04-29,Highlander,78860.93,6.06,Completed
177270,10,2016-04-01,Camry,37938.46,4.88,Completed
177271,8,2016-04-27,Highlander,83991.02,5.84,Completed
177272,4,2016-04-12,Camry,35723.37,3.81,Completed
177273,6,2016-04-16,Corolla,25704.95,3.86,Completed
177274,14,2016-04-16,Sienna,63060.94,5.1,Completed
177275,19,2016-04-05,RAV4,53743.91,5.48,Completed
177276,2,2016-04-28,Tundra,47578.01,4.0,Completed
177277,15,2016-04-14,Tacoma,50550.2,4.86,Completed
177278,19,2016-04-13,Camry,45285.79,5.48,Completed
177279,8,2016-04-11,Sienna,60228.68,5.84,Completed
177280,7,2016-04-15,Highlander,76179.92,5.39,Completed
177281,18,2016-04-28,Camry,52097.34,5.68,Completed
177282,10,2016-04-01,Tacoma,39088.99,4.88,Completed
177283,20,2016-04-05,Tundra,67942.13,5.77,Completed
177284,7,2016-04-16,RAV4,55783.61,5.39,Completed
177285,3,2016-04-29,Sienna,72404.85,5.69,Completed
177286,12,2016-04-14,Sienna,63946.86,5.65,Completed
177287,17,2016-04-14,Highlander,55884.71,4.51,Completed
177288,13,2016-04-20,RAV4,57832.74,5.61,Completed
177289,13,2016-04-22,Camry,52149.09,5.61,Completed
177290,9,2016-04-06,Highlander,62971.05,4.4,Completed
177291,4,2016-04-04,Tacoma,37391.81,3.81,Completed
177292,1,2016-04-05,Tundra,57228.73,5.24,Pending
177293,17,2016-04-03,Camry,36226.28,4.51,Completed
177294,13,2016-04-19,RAV4,62434.6,5.61,Completed
177295,6,2016-04-21,Corolla,27717.09,3.86,Completed
177296,17,2016-04-26,Camry,32145.69,4.51,Completed
177297,12,2016-04-01,Sienna,57110.68,5.65,Completed
177298,7,2016-04-21,Tacoma,51268.25,5.39,Completed
177299,16,2016-04-19,Corolla,34382.24,6.06,Completed
177300,11,2016-04-28,Tundra,44417.63,4.16,Completed
177301,4,2016-04-06,RAV4,40862.29,3.81,Completed
177302,15,2016-04-19,Prius,40622.61,4.86,Completed
177303,16,2016-04-24,Prius,42189.24,6.06,Completed
177304,8,2016-04-12,Tacoma,55178.17,5.84,Completed
177305,17,2016-04-17,Sienna,43961.66,4.51,Completed
177306,6,2016-04-05,Prius,26740.08,3.86,Completed
177307,12,2016-04-19,Corolla,33209.78,5.65,Completed
177308,18,2016-04-13,Corolla,36922.0,5.68,Completed
177309,9,2016-04-05,Tacoma,36673.27,4.4,Completed
177310,9,2016-04-23,Highlander,55289.51,4.4,Completed
177311,15,2016-04-21,RAV4,58660.6,4.86,Completed
177312,2,2016-04-19,RAV4,40652.27,4.0,Completed
177313,13,2016-04-12,Camry,54755.54,5.61,Completed
177314,8,2016-04-11,RAV4,58240.83,5.84,Completed
177315,11,2016-04-27,Corolla,25501.75,4.16,Completed
177316,11,2016-04-06,RAV4,38245.38,4.16,Completed
177317,3,2016-04-13,Tundra,63545.08,5.69,Pending
177318,14,2016-04-22,Highlander,82048.8,5.1,Completed
177319,18,2016-04-30,Camry,54768.38,5.68,Completed
177320,8,2016-04-17,Tacoma,54018.7,5.84,Completed
177321,18,2016-04-02,Camry,52517.65,5.68,Completed
177322,17,2016-04-20,Tundra,46984.25,4.51,Completed
177323,8,2016-04-14,Corolla,39126.47,5.84,Completed
177324,4,2016-04-02,Camry,31963.92,3.81,Completed
177325,15,2016-04-20,Tacoma,51536.52,4.86,Completed
177326,10,2016-04-16,Sienna,48608.74,4.88,Completed
177327,6,2016-04-06,RAV4,39420.43,3.86,Completed
177328,11,2016-04-20,Tundra,51098.07,4.16,Completed
177329,3,2016-04-29,Camry,46667.04,5.69,Completed
177330,3,2016-04-14,Camry,51321.63,5.69,Completed
177331,4,2016-04-06,RAV4,42623.46,3.81,Completed
177332,5,2016-04-28,Camry,41625.39,5.34,Completed
177333,14,2016-04-12,Camry,42941.08,5.1,Completed
177334,13,2016-04-11,Sienna,70909.14,5.61,Completed
177335,2,2016-04-04,Prius,33895.15,4.0,Completed
177336,3,2016-04-18,Sienna,65260.16,5.69,Completed
177337,11,2016-04-06,RAV4,46341.79,4.16,Completed
177338,9,2016-04-19,Tacoma,41834.64,4.4,Completed
177339,2,2016-04-30,Sienna,46646.67,4.0,Completed
177340,8,2016-04-23,Camry,50573.69,5.84,Completed
177341,11,2016-04-08,Prius,29029.85,4.16,Completed
177342,3,2016-04-11,Tacoma,59900.88,5.69,Completed
177343,16,2016-04-18,RAV4,58748.05,6.06,Completed
177344,17,2016-04-08,Tundra,48711.6,4.51,Completed
177345,18,2016-04-01,Corolla,40701.39,5.68,Pending
177346,18,2016-04-21,Sienna,71888.87,5.68,Completed
177347,17,2016-04-30,Camry,36880.19,4.51,Completed
177348,4,2016-04-24,Sienna,40684.04,3.81,Completed
177349,12,2016-04-02,Prius,43261.48,5.65,Completed
177350,19,2016-04-02,Corolla,29769.34,5.48,Completed
177351,10,2016-04-10,Tacoma,38892.03,4.88,Completed
177352,8,2016-04-21,RAV4,59267.81,5.84,Completed
177353,13,2016-04-09,Sienna,59884.79,5.61,Completed
177354,13,2016-04-05,Sienna,60015.9,5.61,Completed
177355,12,2016-04-04,RAV4,55872.8,5.65,Pending
177356,15,2016-04-21,Tundra,62110.66,4.86,Completed
177357,6,2016-04-23,Highlander,53978.86,3.86,Completed
177358,1,2016-04-16,Corolla,29804.1,5.24,Completed
177359,15,2016-04-26,Tundra,58070.17,4.86,Completed
177360,13,2016-04-17,Highlander,82119.55,5.61,Completed
177361,5,2016-04-10,Prius,33137.7,5.34,Completed
177362,14,2016-04-04,Tacoma,49073.01,5.1,Cancelled
177363,5,2016-04-06,RAV4,46257.49,5.34,Completed
177364,17,2016-04-26,Tundra,48336.63,4.51,Completed
177365,20,2016-04-19,RAV4,52408.43,5.77,Completed
177366,3,2016-04-29,Camry,49212.02,5.69,Pending
177367,13,2016-04-19,Tacoma,51312.39,5.61,Completed
177368,9,2016-04-14,Highlander,56128.63,4.4,Completed
177369,10,2016-04-11,RAV4,46979.38,4.88,Completed
177370,7,2016-04-13,Corolla,39215.95,5.39,Completed
177371,10,2016-04-20,RAV4,43066.59,4.88,Completed
177372,15,2016-04-10,Sienna,59606.46,4.86,Completed
177373,5,2016-04-20,Sienna,49913.74,5.34,Completed
177374,6,2016-04-26,Tacoma,37278.33,3.86,Completed
177375,8,2016-04-11,Corolla,38559.65,5.84,Completed
177376,10,2016-04-22,Corolla,26362.12,4.88,Completed
177377,9,2016-04-11,Sienna,42754.99,4.4,Completed
177378,9,2016-04-24,Corolla,23886.42,4.4,Completed
177379,1,2016-04-15,Sienna,51947.68,5.24,Completed
177380,7,2016-04-23,Tacoma,58178.27,5.39,Completed
177381,11,2016-04-22,Sienna,50203.35,4.16,Completed
177382,16,2016-04-26,Sienna,62034.33,6.06,Completed
177383,12,2016-04-06,RAV4,58811.72,5.65,Completed
177384,10,2016-04-10,Sienna,43245.1,4.88,Completed
177385,16,2016-04-18,Highlander,82248.24,6.06,Completed
177386,3,2016-04-07,Tacoma,54975.25,5.69,Completed
177387,15,2016-04-25,Tundra,57909.74,4.86,Pending
177388,17,2016-04-18,Corolla,25327.95,4.51,Completed
177389,20,2016-04-22,Prius,42881.19,5.77,Completed
177390,15,2016-04-07,Prius,38361.23,4.86,Completed
177391,14,2016-04-05,Sienna,57249.27,5.1,Completed
177392,8,2016-04-19,RAV4,62702.46,5.84,Completed
177393,12,2016-04-03,Corolla,35829.08,5.65,Completed
177394,18,2016-04-13,Tundra,63748.28,5.68,Completed
177395,6,2016-04-24,Sienna,45012.22,3.86,Completed
177396,2,2016-04-23,Highlander,61442.75,4.0,Completed
177397,4,2016-04-10,Tacoma,36721.4,3.81,Completed
177398,6,2016-04-05,Prius,31972.88,3.86,Completed
177399,14,2016-04-09,Camry,51238.92,5.1,Completed
177400,19,2016-04-28,RAV4,51670.42,5.48,Completed
177401,19,2016-04-03,Sienna,55357.85,5.48,Completed
177402,15,2016-04-16,Camry,53357.5,4.86,Completed
177403,9,2016-04-04,Sienna,45424.88,4.4,Completed
177404,1,2016-04-18,Prius,34341.22,5.24,Completed
177405,13,2016-04-29,Camry,54946.55,5.61,Completed
177406,16,2016-04-01,Sienna,60591.93,6.06,Completed
177407,2,2016-04-16,Tundra,49283.01,4.0,Completed
177408,18,2016-04-13,Sienna,67698.54,5.68,Completed
177409,4,2016-04-11,Corolla,25969.97,3.81,Completed
177410,12,2016-04-05,Prius,41315.17,5.65,Cancelled
177411,11,2016-04-03,RAV4,42150.63,4.16,Completed
177412,2,2016-04-09,Prius,29191.67,4.0,Completed
177413,9,2016-04-20,Camry,37506.05,4.4,Completed
177414,6,2016-04-06,Prius,31138.56,3.86,Completed
177415,15,2016-04-09,RAV4,55447.86,4.86,Completed
177416,13,2016-04-02,Camry,53930.22,5.61,Completed
177417,3,2016-04-13,RAV4,61849.99,5.69,Completed
177418,15,2016-04-29,Highlander,79862.62,4.86,Completed
177419,10,2016-04-12,RAV4,46969.3,4.88,Pending
177420,14,2016-04-18,Sienna,61960.9,5.1,Completed
177421,4,2016-04-24,Corolla,26655.5,3.81,Completed
177422,12,2016-04-03,Highlander,82047.27,5.65,Completed
177423,16,2016-04-22,Tacoma,57263.34,6.06,Completed
177424,14,2016-04-27,Highlander,81115.95,5.1,Completed
177425,19,2016-04-10,Highlander,72908.55,5.48,Completed
177426,10,2016-04-22,Highlander,59802.35,4.88,Completed
177427,20,2016-04-14,Corolla,33691.44,5.77,Completed
177428,17,2016-04-26,Prius,31836.47,4.51,Completed
177429,3,2016-04-18,Prius,45452.28,5.69,Completed
177430,5,2016-04-17,Prius,31447.19,5.34,Completed
177431,14,2016-04-13,RAV4,55251.88,5.1,Completed
177432,2,2016-04-13,Prius,31083.88,4.0,Completed
177433,3,2016-04-16,Sienna,61007.15,5.69,Completed
177434,15,2016-04-19,Highlander,79069.58,4.86,Completed
177435,15,2016-04-17,Tacoma,57509.7,4.86,Completed
177436,1,2016-04-01,Tundra,51697.42,5.24,Completed
177437,9,2016-04-24,Sienna,41922.57,4.4,Completed
177438,16,2016-04-09,RAV4,54288.55,6.06,Completed
177439,11,2016-04-24,Tundra,49716.61,4.16,Completed
177440,20,2016-04-26,Tacoma,49773.93,5.77,Completed
177441,17,2016-04-21,Prius,29229.08,4.51,Completed
177442,8,2016-04-02,Camry,48195.77,5.84,Completed
177443,20,2016-04-29,Prius,38598.86,5.77,Completed
177444,1,2016-04-03,Highlander,71921.37,5.24,Completed
177445,2,2016-04-09,Highlander,61064.66,4.0,Completed
177446,12,2016-04-05,RAV4,58155.52,5.65,Completed
177447,18,2016-04-03,Sienna,62731.8,5.68,Completed
177448,13,2016-04-30,Highlander,89337.56,5.61,Completed
177449,3,2016-04-21,Camry,48205.69,5.69,Completed
177450,10,2016-04-08,Tundra,47597.45,4.88,Completed
177451,10,2016-04-22,Camry,37334.97,4.88,Completed
177452,13,2016-04-06,Corolla,36483.05,5.61,Completed
177453,18,2016-04-15,Highlander,92899.39,5.68,Completed
177454,20,2016-04-07,Tacoma,56827.91,5.77,Completed
177455,5,2016-04-26,Tundra,57647.23,5.34,Completed
177456,17,2016-04-13,Corolla,23385.04,4.51,Completed
177457,4,2016-04-03,RAV4,43261.78,3.81,Completed
177458,16,2016-04-14,Highlander,85208.68,6.06,Completed
177459,14,2016-04-19,Sienna,56123.54,5.1,Completed
177460,9,2016-04-19,Tacoma,35433.32,4.4,Completed
177461,11,2016-04-22,Highlander,59357.25,4.16,Completed
177462,10,2016-04-11,Highlander,62918.57,4.88,Completed
177463,1,2016-04-07,Tundra,54362.71,5.24,Completed
177464,15,2016-04-20,Corolla,35938.06,4.86,Completed
177465,10,2016-04-27,Tundra,48719.7,4.88,Completed
177466,6,2016-04-01,Sienna,43373.15,3.86,Completed
177467,15,2016-04-10,Sienna,67419.43,4.86,Completed
177468,15,2016-04-13,Camry,44004.82,4.86,Completed
177469,13,2016-04-08,Camry,47135.69,5.61,Completed
177470,5,2016-04-03,Tundra,52741.57,5.34,Completed
177471,19,2016-04-11,Prius,33822.22,5.48,Completed
177472,1,2016-04-16,Camry,44634.48,5.24,Completed
177473,2,2016-04-21,Highlander,60974.11,4.0,Completed
177474,9,2016-04-14,Corolla,27702.21,4.4,Completed
177475,6,2016-04-12,Camry,37251.4,3.86,Completed
177476,9,2016-04-27,Highlander,60199.03,4.4,Completed
177477,6,2016-04-02,Camry,33439.48,3.86,Completed
177478,12,2016-04-02,Camry,49256.41,5.65,Completed
177479,7,2016-04-10,Prius,40167.1,5.39,Completed
177480,14,2016-04-20,Camry,43076.21,5.1,Completed
177481,10,2016-04-05,Camry,40124.01,4.88,Completed
177482,18,2016-04-22,Camry,57876.42,5.68,Completed
177483,3,2016-04-23,Camry,55345.65,5.69,Completed
177484,9,2016-04-28,Tundra,43254.33,4.4,Completed
177485,4,2016-04-16,Sienna,42551.79,3.81,Completed
177486,3,2016-04-26,RAV4,58729.55,5.69,Completed
177487,1,2016-04-22,Prius,33536.59,5.24,Completed
177488,13,2016-04-01,Prius,42739.71,5.61,Completed
177489,9,2016-04-11,Prius,28367.87,4.4,Completed
177490,6,2016-04-22,Tundra,46456.38,3.86,Completed
177491,10,2016-04-10,Corolla,27519.62,4.88,Completed
177492,16,2016-04-02,Camry,51887.17,6.06,Completed
177493,20,2016-04-21,Sienna,62462.25,5.77,Completed
177494,8,2016-04-26,Highlander,77946.65,5.84,Completed
177495,17,2016-04-14,Corolla,25460.51,4.51,Completed
177496,16,2016-04-28,Camry,48649.9,6.06,Completed
177497,8,2016-04-01,Prius,41448.09,5.84,Completed
177498,4,2016-04-30,Corolla,25970.05,3.81,Completed
177499,2,2016-04-01,Corolla,29196.78,4.0,Completed
177500,13,2016-04-01,Camry,54279.25,5.61,Completed
177501,7,2016-04-02,Highlander,78181.28,5.39,Pending
177502,12,2016-04-09,Tacoma,48233.6,5.65,Completed
177503,2,2016-04-04,Sienna,47103.05,4.0,Completed
177504,6,2016-04-24,Corolla,25029.11,3.86,Completed
177505,6,2016-04-10,Tundra,44393.28,3.86,Completed
177506,14,2016-04-03,Tundra,66595.07,5.1,Completed
177507,17,2016-04-25,Highlander,52849.13,4.51,Completed
177508,12,2016-04-30,Camry,50757.51,5.65,Completed
177509,3,2016-04-08,Corolla,39003.06,5.69,Completed
177510,16,2016-04-18,RAV4,57488.94,6.06,Completed
177511,11,2016-04-24,Highlander,61647.43,4.16,Completed
177512,20,2016-04-25,Sienna,57836.41,5.77,Completed
177513,15,2016-04-15,Prius,43973.28,4.86,Completed
177514,18,2016-04-11,Highlander,87533.05,5.68,Completed
177515,14,2016-04-26,Prius,40593.68,5.1,Completed
177516,9,2016-04-21,Prius,29337.47,4.4,Completed
177517,13,2016-04-19,Prius,46392.62,5.61,Completed
177518,2,2016-04-25,Highlander,64822.1,4.0,Completed
177519,8,2016-04-08,Prius,43787.21,5.84,Completed
177520,4,2016-04-10,Tundra,41226.58,3.81,Completed
177521,20,2016-04-19,Sienna,61247.74,5.77,Completed
177522,7,2016-04-17,Corolla,34214.69,5.39,Pending
177523,9,2016-04-21,Highlander,56917.01,4.4,Completed
177524,3,2016-04-19,Sienna,63667.94,5.69,Completed
177525,14,2016-04-07,Highlander,73309.64,5.1,Completed
177526,14,2016-04-14,Highlander,75812.2,5.1,Completed
177527,16,2016-04-27,Tundra,64020.29,6.06,Completed
177528,2,2016-04-27,Camry,35154.13,4.0,Completed
177529,10,2016-04-12,Tundra,45954.18,4.88,Completed
177530,4,2016-04-09,Corolla,23532.42,3.81,Completed
177531,12,2016-04-01,Camry,46095.1,5.65,Completed
177532,11,2016-04-19,Camry,34954.78,4.16,Completed
177533,14,2016-04-20,Tundra,57499.74,5.1,Completed
177534,17,2016-04-30,Tundra,42214.28,4.51,Pending
177535,10,2016-04-27,Tundra,44254.89,4.88,Completed
177536,19,2016-04-18,Camry,42339.57,5.48,Completed
177537,6,2016-04-20,Highlander,54901.56,3.86,Completed
177538,2,2016-04-18,RAV4,44512.09,4.0,Completed
177539,19,2016-04-26,Tundra,59072.59,5.48,Completed
177540,18,2016-04-13,Tacoma,58466.66,5.68,Completed
177541,15,2016-04-15,Corolla,38167.5,4.86,Completed
177542,15,2016-04-30,Sienna,68065.51,4.86,Completed
177543,5,2016-04-23,Highlander,74490.6,5.34,Completed
177544,15,2016-04-22,Highlander,73552.63,4.86,Completed
177545,15,2016-04-29,Corolla,37664.57,4.86,Completed
177546,5,2016-04-12,Tundra,54988.0,5.34,Completed
177547,6,2016-04-15,Camry,31915.6,3.86,Completed
177548,10,2016-04-02,Sienna,46525.05,4.88,Completed
177549,16,2016-04-05,Corolla,37292.79,6.06,Completed
177550,12,2016-04-19,Tundra,68756.83,5.65,Completed
177551,17,2016-04-21,Sienna,43902.09,4.51,Completed
177552,7,2016-04-04,Tacoma,55081.9,5.39,Completed
177553,18,2016-04-26,Corolla,35730.9,5.68,Completed
177554,5,2016-04-27,Camry,42570.39,5.34,Completed
177555,6,2016-04-24,Camry,32601.96,3.86,Pending
177556,19,2016-04-15,Tundra,53945.75,5.48,Completed
177557,6,2016-04-19,Corolla,26212.05,3.86,Completed
177558,14,2016-04-29,Highlander,84555.09,5.1,Completed
177559,10,2016-04-11,Prius,33025.6,4.88,Completed
177560,15,2016-04-10,Sienna,63797.91,4.86,Completed
177561,12,2016-04-27,Highlander,71973.82,5.65,Completed
177562,12,2016-04-27,Tundra,59944.94,5.65,Completed
177563,7,2016-04-21,Tacoma,50592.45,5.39,Completed
177564,7,2016-04-17,Sienna,66891.18,5.39,Completed
177565,6,2016-04-18,RAV4,39118.48,3.86,Completed
177566,11,2016-04-08,Tacoma,35573.19,4.16,Completed
177567,16,2016-04-24,Prius,46500.69,6.06,Completed
177568,16,2016-04-05,Camry,46621.84,6.06,Completed
177569,19,2016-04-20,Prius,34190.39,5.48,Completed
177570,8,2016-04-09,Corolla,36491.96,5.84,Completed
177571,17,2016-04-18,Highlander,58575.67,4.51,Completed
177572,16,2016-04-28,Corolla,35223.77,6.06,Completed
177573,20,2016-04-17,Prius,42959.59,5.77,Completed
177574,11,2016-04-14,Prius,31777.82,4.16,Completed
177575,7,2016-04-20,RAV4,56289.91,5.39,Completed
177576,4,2016-04-17,Prius,25869.72,3.81,Completed
177577,10,2016-04-07,Highlander,63704.24,4.88,Completed
177578,18,2016-04-10,Highlander,78269.83,5.68,Completed
177579,1,2016-04-13,RAV4,45387.09,5.24,Completed
177580,12,2016-04-22,Prius,41009.13,5.65,Completed
177581,19,2016-04-08,Tacoma,47964.87,5.48,Completed
177582,5,2016-04-14,Highlander,68087.61,5.34,Completed
177583,15,2016-04-20,RAV4,56082.44,4.86,Pending
177584,19,2016-04-12,Highlander,67757.97,5.48,Completed
177585,13,2016-04-29,Tundra,71483.77,5.61,Completed
177586,8,2016-04-10,Tundra,63639.05,5.84,Completed
177587,2,2016-04-14,Sienna,43723.24,4.0,Completed
177588,3,2016-04-01,Corolla,36681.15,5.69,Completed
177589,14,2016-04-17,Highlander,83906.86,5.1,Completed
177590,14,2016-04-26,RAV4,52019.2,5.1,Completed
177591,20,2016-04-17,Prius,41731.57,5.77,Completed
177592,2,2016-04-29,Highlander,66359.77,4.0,Completed
177593,5,2016-04-06,Tacoma,48788.52,5.34,Completed
177594,1,2016-04-01,Tundra,51400.41,5.24,Completed
177595,14,2016-04-12,Tacoma,51041.4,5.1,Completed
177596,14,2016-04-23,Tacoma,55251.79,5.1,Completed
177597,19,2016-04-06,Tacoma,45307.69,5.48,Completed
177598,18,2016-04-20,Sienna,74287.28,5.68,Completed
177599,18,2016-04-30,Sienna,63547.83,5.68,Completed
177600,1,2016-04-30,Prius,34905.7,5.24,Pending
177601,10,2016-04-23,Highlander,58092.47,4.88,Completed
177602,2,2016-04-30,Tacoma,42727.13,4.0,Completed
177603,11,2016-04-24,RAV4,39027.08,4.16,Completed
177604,11,2016-04-18,Prius,29027.88,4.16,Completed
177605,20,2016-04-21,Corolla,33605.39,5.77,Completed
177606,4,2016-04-01,Corolla,24393.31,3.81,Completed
177607,11,2016-04-03,Tundra,42568.43,4.16,Completed
177608,8,2016-04-02,Tacoma,52272.75,5.84,Completed
177609,19,2016-04-29,Corolla,33540.67,5.48,Completed
177610,7,2016-04-03,Sienna,67671.24,5.39,Completed
177611,4,2016-04-08,Corolla,25666.1,3.81,Pending
177612,1,2016-04-16,Tundra,57798.4,5.24,Completed
177613,17,2016-04-30,Prius,27821.46,4.51,Completed
177614,4,2016-04-07,RAV4,37142.65,3.81,Completed
177615,12,2016-04-13,RAV4,59757.53,5.65,Completed
177616,2,2016-04-22,Tacoma,41348.9,4.0,Completed
177617,13,2016-04-16,RAV4,56280.38,5.61,Completed
177618,15,2016-04-21,Tacoma,49427.29,4.86,Completed
177619,7,2016-04-09,Tacoma,59447.79,5.39,Completed
177620,19,2016-04-27,Camry,42208.85,5.48,Completed
177621,3,2016-04-09,Prius,45650.07,5.69,Completed
177622,3,2016-04-20,Camry,52006.06,5.69,Completed
177623,14,2016-04-03,Highlander,80556.98,5.1,Completed
177624,12,2016-04-08,Prius,37121.3,5.65,Completed
177625,15,2016-04-29,Sienna,58211.52,4.86,Completed
177626,13,2016-04-26,Tacoma,60922.43,5.61,Completed
177627,3,2016-04-24,Prius,43763.53,5.69,Completed
177628,19,2016-04-18,Camry,43215.3,5.48,Completed
177629,2,2016-04-23,Highlander,57891.86,4.0,Completed
177630,6,2016-04-09,Sienna,46697.09,3.86,Pending
177631,20,2016-04-27,Highlander,75398.17,5.77,Completed
177632,18,2016-04-26,Highlander,84612.47,5.68,Completed
177633,19,2016-04-20,Highlander,65840.28,5.48,Completed
177634,6,2016-04-28,Camry,34747.49,3.86,Completed
177635,10,2016-04-04,Highlander,64768.56,4.88,Completed
177636,15,2016-04-13,Sienna,64532.02,4.86,Completed
177637,8,2016-04-16,Tundra,67065.42,5.84,Completed
177638,4,2016-04-04,Highlander,60672.21,3.81,Completed
177639,16,2016-04-06,Tacoma,60176.69,6.06,Completed
177640,16,2016-04-05,Corolla,33706.55,6.06,Completed
177641,20,2016-04-10,RAV4,63620.55,5.77,Completed
177642,7,2016-04-12,Camry,54483.87,5.39,Completed
177643,17,2016-04-05,RAV4,41121.17,4.51,Completed
177644,13,2016-04-29,RAV4,56954.46,5.61,Completed
177645,13,2016-04-19,Camry,53756.02,5.61,Completed
177646,9,2016-04-17,Tacoma,38353.79,4.4,Completed
177647,13,2016-04-07,Corolla,36363.54,5.61,Completed
177648,6,2016-04-18,Tacoma,36095.55,3.86,Completed
177649,17,2016-04-05,RAV4,41471.96,4.51,Completed
177650,3,2016-04-13,Camry,52644.85,5.69,Completed
177651,2,2016-04-24,RAV4,43674.06,4.0,Completed
177652,14,2016-04-11,Sienna,54843.28,5.1,Completed
177653,1,2016-04-07,Sienna,58073.29,5.24,Completed
177654,2,2016-04-26,RAV4,42518.36,4.0,Completed
177655,12,2016-04-06,Tacoma,50332.06,5.65,Completed
177656,4,2016-04-10,RAV4,39882.12,3.81,Completed
177657,19,2016-04-27,Highlander,69170.77,5.48,Completed
177658,19,2016-04-08,Tacoma,48715.06,5.48,Completed
177659,13,2016-04-17,Tacoma,53742.42,5.61,Completed
177660,17,2016-04-21,RAV4,40335.19,4.51,Completed
177661,8,2016-04-06,Tundra,66030.2,5.84,Completed
177662,5,2016-04-19,Prius,31508.44,5.34,Completed
177663,12,2016-04-06,Tundra,61944.96,5.65,Completed
177664,20,2016-04-11,RAV4,59469.44,5.77,Completed
177665,7,2016-04-04,RAV4,59060.22,5.39,Completed
177666,11,2016-04-22,Highlander,54535.01,4.16,Pending
177667,7,2016-04-17,Tundra,61624.62,5.39,Completed
177668,6,2016-04-01,RAV4,41282.29,3.86,Completed
177669,19,2016-04-18,Tacoma,47635.5,5.48,Completed
177670,19,2016-04-12,Highlander,72271.32,5.48,Completed
177671,13,2016-04-09,Highlander,84758.1,5.61,Completed
177672,9,2016-04-17,Highlander,57092.64,4.4,Completed
177673,17,2016-04-24,Camry,35579.33,4.51,Completed
177674,19,2016-04-20,Sienna,49949.33,5.48,Completed
177675,14,2016-04-23,Corolla,32992.09,5.1,Completed
177676,15,2016-04-08,Sienna,64087.69,4.86,Completed
177677,12,2016-04-05,Highlander,79992.2,5.65,Completed
177678,8,2016-04-06,RAV4,62270.85,5.84,Completed
177679,11,2016-04-18,Corolla,27511.33,4.16,Completed
177680,13,2016-04-02,Tundra,63521.19,5.61,Completed
177681,16,2016-04-06,Camry,55163.4,6.06,Completed
177682,20,2016-04-02,Corolla,37751.7,5.77,Completed
177683,13,2016-04-16,Tacoma,50713.16,5.61,Completed
177684,17,2016-04-20,Tundra,42858.69,4.51,Completed
177685,5,2016-04-10,Tacoma,49130.46,5.34,Completed
177686,10,2016-04-20,Camry,38454.27,4.88,Completed
177687,1,2016-04-07,Tundra,57207.9,5.24,Completed
177688,15,2016-04-21,Camry,48506.08,4.86,Completed
177689,10,2016-04-30,RAV4,45378.68,4.88,Completed
177690,15,2016-04-07,Sienna,60707.24,4.86,Completed
177691,18,2016-04-03,Corolla,35699.88,5.68,Completed
177692,20,2016-04-22,Highlander,87302.92,5.77,Completed
177693,2,2016-04-20,Highlander,56950.51,4.0,Completed
177694,16,2016-04-03,RAV4,63066.42,6.06,Completed
177695,4,2016-04-28,Tundra,46766.43,3.81,Completed
177696,4,2016-04-22,Tacoma,39057.92,3.81,Pending
177697,1,2016-04-14,Prius,35067.11,5.24,Completed
177698,8,2016-04-15,Sienna,66467.84,5.84,Completed
177699,1,2016-04-20,Corolla,30925.39,5.24,Completed
177700,6,2016-04-09,Corolla,26770.22,3.86,Completed
177701,10,2016-04-29,Tacoma,36671.0,4.88,Completed
177702,8,2016-04-05,Tacoma,53804.29,5.84,Completed
177703,14,2016-04-07,Camry,46922.45,5.1,Completed
177704,19,2016-04-29,Tundra,60797.68,5.48,Completed
177705,8,2016-04-03,Tundra,63063.75,5.84,Completed
177706,1,2016-04-17,Prius,33634.68,5.24,Cancelled
177707,12,2016-04-22,Corolla,32654.35,5.65,Completed
177708,1,2016-04-05,Prius,31592.73,5.24,Completed
177709,12,2016-04-26,Tacoma,52469.65,5.65,Completed
177710,12,2016-04-16,Tundra,62524.51,5.65,Completed
177711,16,2016-04-25,Prius,39199.85,6.06,Completed
177712,19,2016-04-01,Prius,36512.05,5.48,Completed
177713,17,2016-04-16,Corolla,27237.54,4.51,Completed
177714,9,2016-04-08,Highlander,58585.29,4.4,Completed
177715,12,2016-04-02,Prius,37194.06,5.65,Completed
177716,4,2016-04-17,Corolla,27084.02,3.81,Completed
177717,15,2016-04-19,Tundra,60483.9,4.86,Cancelled
177718,11,2016-04-12,RAV4,38388.41,4.16,Completed
177719,3,2016-04-10,Tacoma,55400.14,5.69,Completed
177720,6,2016-04-01,Highlander,62502.23,3.86,Completed
177721,12,2016-04-19,RAV4,60191.22,5.65,Completed
177722,9,2016-04-04,Camry,38177.56,4.4,Completed
177723,1,2016-04-06,Tacoma,41824.04,5.24,Completed
177724,15,2016-04-21,Tundra,68071.8,4.86,Completed
177725,4,2016-04-09,Corolla,25836.0,3.81,Completed
177726,15,2016-04-17,Tacoma,51123.91,4.86,Completed
177727,12,2016-04-23,Sienna,60927.06,5.65,Completed
177728,19,2016-04-12,Highlander,76302.12,5.48,Completed
177729,14,2016-04-25,Prius,41563.18,5.1,Completed
177730,14,2016-04-03,Sienna,55013.87,5.1,Completed
177731,20,2016-04-18,Corolla,38991.95,5.77,Completed
177732,12,2016-04-25,Sienna,66970.21,5.65,Completed
177733,16,2016-04-28,Camry,47567.66,6.06,Completed
177734,11,2016-04-03,RAV4,44935.74,4.16,Completed
177735,16,2016-04-05,Tundra,67013.37,6.06,Completed
177736,2,2016-04-29,Camry,37529.52,4.0,Cancelled
177737,8,2016-04-09,Sienna,57022.01,5.84,Completed
177738,2,2016-04-17,Corolla,25031.88,4.0,Completed
177739,20,2016-04-18,Sienna,59684.18,5.77,Completed
177740,7,2016-04-23,Tacoma,54873.52,5.39,Completed
177741,5,2016-04-18,Camry,41050.3,5.34,Completed
177742,3,2016-04-10,Prius,43647.44,5.69,Completed
177743,8,2016-04-24,Highlander,75776.21,5.84,Completed
177744,14,2016-04-04,Highlander,76382.43,5.1,Completed
177745,5,2016-04-12,Tacoma,44413.52,5.34,Pending
177746,10,2016-04-01,Prius,31363.13,4.88,Completed
177747,4,2016-04-15,Sienna,43806.12,3.81,Completed
177748,6,2016-04-16,Tundra,45993.2,3.86,Completed
177749,9,2016-04-12,Corolla,23698.35,4.4,Completed
177750,3,2016-04-20,RAV4,60679.64,5.69,Completed
177751,18,2016-04-27,Tundra,73126.79,5.68,Completed
177752,9,2016-04-24,Tundra,48260.44,4.4,Completed
177753,4,2016-04-14,Tundra,47213.4,3.81,Completed
177754,17,2016-04-12,Sienna,40149.76,4.51,Completed
177755,4,2016-04-24,Highlander,55326.63,3.81,Completed
177756,19,2016-04-30,Corolla,31427.08,5.48,Completed
177757,14,2016-04-29,Tundra,61741.79,5.1,Completed
177758,2,2016-04-21,RAV4,41706.98,4.0,Completed
177759,6,2016-04-12,Tundra,48866.61,3.86,Completed
177760,2,2016-04-28,Corolla,29150.58,4.0,Completed
177761,14,2016-04-06,Tundra,62135.13,5.1,Pending
177762,4,2016-04-08,Camry,32450.72,3.81,Completed
177763,16,2016-04-26,Prius,39568.09,6.06,Completed
177764,11,2016-04-21,Prius,29236.57,4.16,Completed
177765,15,2016-04-01,Tacoma,54437.58,4.86,Completed
177766,3,2016-04-10,Sienna,67206.4,5.69,Cancelled
177767,6,2016-04-04,Sienna,45698.8,3.86,Completed
177768,18,2016-04-05,Tundra,67942.9,5.68,Completed
177769,5,2016-04-24,Corolla,33448.47,5.34,Completed
177770,5,2016-04-24,Tundra,49824.73,5.34,Completed
177771,5,2016-04-14,RAV4,51992.2,5.34,Completed
177772,15,2016-04-28,Camry,45256.37,4.86,Completed
177773,13,2016-04-14,Sienna,63064.77,5.61,Completed
177774,15,2016-04-06,Tacoma,57265.99,4.86,Completed
177775,3,2016-04-01,Prius,40635.12,5.69,Completed
177776,14,2016-04-14,RAV4,58260.61,5.1,Completed
177777,9,2016-04-11,Sienna,49041.7,4.4,Cancelled
177778,17,2016-04-24,Prius,28601.63,4.51,Cancelled
177779,17,2016-04-29,Camry,32935.85,4.51,Completed
177780,10,2016-04-07,Highlander,62328.82,4.88,Completed
177781,20,2016-04-23,Tundra,62638.85,5.77,Completed
177782,19,2016-04-16,Camry,40114.85,5.48,Completed
177783,2,2016-04-30,Highlander,58756.77,4.0,Completed
177784,18,2016-04-20,Sienna,62245.59,5.68,Completed
177785,4,2016-04-28,Highlander,59689.48,3.81,Completed
177786,20,2016-04-30,Prius,38643.24,5.77,Completed
177787,1,2016-04-12,RAV4,44575.78,5.24,Completed
177788,15,2016-04-14,Corolla,37416.44,4.86,Completed
177789,14,2016-04-01,RAV4,53684.58,5.1,Completed
177790,17,2016-04-10,Camry,38225.28,4.51,Completed
177791,19,2016-04-17,Tundra,59391.76,5.48,Completed
177792,17,2016-04-01,RAV4,36785.45,4.51,Completed
177793,16,2016-04-17,Sienna,63879.23,6.06,Completed
177794,9,2016-04-04,Tundra,44899.92,4.4,Completed
177795,3,2016-04-28,RAV4,59207.27,5.69,Completed
177796,17,2016-04-20,Sienna,41076.39,4.51,Completed
177797,5,2016-04-10,Tacoma,49131.66,5.34,Completed
177798,6,2016-04-01,Prius,31809.75,3.86,Completed
177799,13,2016-04-04,Camry,50307.4,5.61,Completed
177800,7,2016-04-10,Tundra,62282.72,5.39,Completed
177801,15,2016-04-04,Highlander,84965.92,4.86,Completed
177802,1,2016-04-08,Tundra,54149.81,5.24,Completed
177803,9,2016-04-13,Prius,31869.18,4.4,Completed
177804,8,2016-04-12,Camry,44674.48,5.84,Completed
177805,7,2016-04-09,Camry,52517.27,5.39,Completed
177806,18,2016-04-05,Highlander,89156.05,5.68,Completed
177807,20,2016-04-15,Highlander,86346.79,5.77,Completed
177808,5,2016-04-07,Prius,32495.59,5.34,Completed
177809,14,2016-04-17,Prius,40303.35,5.1,Completed
177810,14,2016-04-12,Camry,50244.31,5.1,Completed
177811,8,2016-04-25,Highlander,74298.42,5.84,Completed
177812,19,2016-04-08,Prius,36855.85,5.48,Completed
177813,8,2016-04-09,Sienna,64351.87,5.84,Completed
177814,12,2016-04-24,Tundra,67537.72,5.65,Completed
177815,17,2016-04-13,Corolla,24450.26,4.51,Completed
177816,6,2016-04-30,Prius,30943.88,3.86,Completed
177817,16,2016-04-04,Highlander,76417.78,6.06,Completed
177818,11,2016-04-07,Tacoma,41511.79,4.16,Completed
177819,4,2016-04-11,Prius,28132.12,3.81,Completed
177820,7,2016-04-29,Prius,40835.03,5.39,Completed
177821,11,2016-04-04,Corolla,26385.19,4.16,Completed
177822,2,2016-04-16,Tacoma,40471.76,4.0,Completed
177823,17,2016-04-17,Sienna,43596.08,4.51,Completed
177824,7,2016-04-21,RAV4,62896.69,5.39,Completed
177825,16,2016-04-07,Sienna,69869.37,6.06,Completed
177826,18,2016-04-22,Camry,52295.92,5.68,Completed
177827,4,2016-04-27,Tundra,45379.79,3.81,Completed
177828,14,2016-04-13,Tundra,56998.37,5.1,Completed
177829,20,2016-04-23,Highlander,88071.45,5.77,Completed
177830,16,2016-04-23,Tundra,63132.22,6.06,Completed
177831,11,2016-04-23,RAV4,44030.57,4.16,Completed
177832,4,2016-04-14,RAV4,42836.89,3.81,Completed
177833,14,2016-04-26,Corolla,37655.72,5.1,Completed
177834,20,2016-04-23,Highlander,84110.74,5.77,Completed
177835,6,2016-04-03,Prius,26297.18,3.86,Completed
177836,20,2016-04-24,Sienna,66589.85,5.77,Completed
177837,14,2016-04-15,Sienna,57582.09,5.1,Completed
177838,5,2016-04-30,Corolla,31043.17,5.34,Completed
177839,10,2016-04-07,Camry,36057.26,4.88,Completed
177840,18,2016-04-22,Highlander,89135.85,5.68,Completed
177841,16,2016-04-29,Tundra,60337.59,6.06,Completed
177842,3,2016-04-16,Highlander,76532.08,5.69,Completed
177843,15,2016-04-12,Prius,39226.65,4.86,Completed
177844,6,2016-04-16,Corolla,23913.8,3.86,Completed
177845,17,2016-04-14,Corolla,24731.88,4.51,Completed
177846,8,2016-04-19,Corolla,34939.07,5.84,Completed
177847,13,2016-04-09,Tacoma,51567.18,5.61,Completed
177848,7,2016-04-06,Highlander,89608.37,5.39,Completed
177849,6,2016-04-19,Prius,28444.29,3.86,Completed
177850,2,2016-04-12,Highlander,56260.63,4.0,Completed
177851,15,2016-04-27,Sienna,63108.89,4.86,Completed
177852,17,2016-04-03,Corolla,23437.31,4.51,Completed
177853,19,2016-04-06,Tundra,55887.34,5.48,Completed
177854,7,2016-04-21,Tacoma,55584.91,5.39,Completed
177855,6,2016-04-05,Sienna,43025.56,3.86,Completed
177856,12,2016-04-17,Corolla,39172.13,5.65,Cancelled
177857,19,2016-04-17,Tacoma,42114.31,5.48,Cancelled
177858,17,2016-04-07,Camry,32630.88,4.51,Completed
177859,14,2016-04-13,Corolla,35292.67,5.1,Completed
177860,16,2016-04-02,Tacoma,60124.97,6.06,Completed
177861,15,2016-04-26,Tundra,56959.9,4.86,Completed
177862,20,2016-04-27,Tacoma,53222.14,5.77,Completed
177863,3,2016-04-18,Corolla,39789.21,5.69,Completed
177864,5,2016-04-16,Prius,34415.49,5.34,Completed
177865,13,2016-04-06,Sienna,63219.91,5.61,Completed
177866,3,2016-04-17,Tacoma,51485.48,5.69,Completed
177867,4,2016-04-03,RAV4,39518.57,3.81,Completed
177868,5,2016-04-24,Tacoma,47530.1,5.34,Completed
177869,3,2016-04-21,Corolla,36134.92,5.69,Completed
177870,9,2016-04-15,Tundra,41655.24,4.4,Completed
177871,8,2016-04-26,Prius,40361.63,5.84,Completed
177872,3,2016-04-16,Prius,46718.22,5.69,Completed
177873,16,2016-04-11,Highlander,75402.41,6.06,Completed
177874,12,2016-04-12,Corolla,33038.24,5.65,Completed
177875,2,2016-04-05,Camry,34219.3,4.0,Completed
177876,11,2016-04-05,RAV4,44186.48,4.16,Completed
177877,9,2016-04-16,Camry,33787.0,4.4,Completed
177878,9,2016-04-29,RAV4,44105.94,4.4,Completed
177879,18,2016-04-23,RAV4,67212.14,5.68,Completed
177880,8,2016-04-06,Camry,53910.35,5.84,Completed
177881,12,2016-04-26,Camry,44469.93,5.65,Completed
177882,11,2016-04-12,Tundra,44781.94,4.16,Completed
177883,19,2016-04-13,Highlander,76942.49,5.48,Completed
177884,15,2016-04-08,RAV4,54237.5,4.86,Completed
177885,19,2016-04-10,Tacoma,47674.59,5.48,Completed
177886,17,2016-04-27,Sienna,48085.4,4.51,Completed
177887,3,2016-04-16,Tundra,65822.79,5.69,Completed
177888,12,2016-04-13,Prius,43590.81,5.65,Completed
177889,4,2016-04-25,Prius,29700.41,3.81,Completed
177890,17,2016-04-12,Prius,30950.3,4.51,Completed
177891,3,2016-04-25,RAV4,56148.41,5.69,Cancelled
177892,14,2016-04-14,Corolla,32567.5,5.1,Completed
177893,6,2016-04-30,Highlander,60878.77,3.86,Completed
177894,5,2016-04-18,Highlander,65997.69,5.34,Completed
177895,14,2016-04-07,Highlander,81572.44,5.1,Completed
177896,4,2016-04-23,Tacoma,35445.88,3.81,Completed
177897,5,2016-04-23,Highlander,62875.32,5.34,Completed
177898,15,2016-04-08,Camry,45155.68,4.86,Completed
177899,17,2016-04-28,Tacoma,37067.14,4.51,Completed
177900,5,2016-04-24,Tundra,53992.79,5.34,Completed
177901,19,2016-04-22,RAV4,46070.71,5.48,Completed
177902,7,2016-04-18,Prius,39261.65,5.39,Completed
177903,3,2016-04-22,RAV4,60284.77,5.69,Completed
177904,12,2016-04-30,Tacoma,52460.46,5.65,Completed
177905,8,2016-04-09,Highlander,74893.55,5.84,Completed
177906,5,2016-04-29,Tacoma,47436.8,5.34,Completed
177907,20,2016-04-17,Prius,39313.71,5.77,Completed
177908,12,2016-04-11,RAV4,55025.21,5.65,Completed
177909,13,2016-04-20,Highlander,88590.13,5.61,Completed
177910,7,2016-04-23,Prius,42807.39,5.39,Completed
177911,10,2016-04-20,Highlander,63899.47,4.88,Completed
177912,4,2016-04-15,Sienna,40052.46,3.81,Completed
177913,3,2016-04-22,Corolla,35238.78,5.69,Completed
177914,7,2016-04-05,Camry,51723.02,5.39,Completed
177915,15,2016-04-29,Prius,38330.46,4.86,Completed
177916,18,2016-04-15,RAV4,60049.28,5.68,Completed
177917,8,2016-04-21,Prius,37717.43,5.84,Completed
177918,20,2016-04-17,Corolla,32914.98,5.77,Completed
177919,15,2016-04-12,Sienna,58960.91,4.86,Completed
177920,9,2016-04-21,Tacoma,37722.4,4.4,Completed
177921,18,2016-04-19,Highlander,90190.91,5.68,Completed
177922,9,2016-04-28,Tundra,47640.99,4.4,Completed
177923,17,2016-04-20,Sienna,48946.58,4.51,Completed
177924,12,2016-04-05,Tacoma,55038.18,5.65,Completed
177925,9,2016-04-09,Corolla,27548.29,4.4,Completed
177926,14,2016-04-13,RAV4,54821.5,5.1,Completed
177927,14,2016-04-15,Tundra,56058.83,5.1,Completed
177928,15,2016-04-30,Tundra,64350.51,4.86,Completed
177929,5,2016-04-08,Highlander,67871.98,5.34,Completed
177930,20,2016-04-15,Prius,41725.22,5.77,Completed
177931,9,2016-04-02,Sienna,45186.59,4.4,Completed
177932,18,2016-04-06,RAV4,60974.25,5.68,Completed
177933,6,2016-04-03,Tundra,42277.26,3.86,Completed
177934,8,2016-04-17,Corolla,36753.16,5.84,Completed
177935,12,2016-04-26,Corolla,38622.29,5.65,Completed
177936,17,2016-04-10,Corolla,26931.99,4.51,Completed
177937,3,2016-04-04,RAV4,60422.21,5.69,Completed
177938,3,2016-04-29,Sienna,70062.6,5.69,Completed
177939,3,2016-04-11,RAV4,55119.27,5.69,Completed
177940,18,2016-04-20,Tundra,73268.31,5.68,Completed
177941,8,2016-04-04,Tundra,63485.47,5.84,Completed
177942,16,2016-04-22,Sienna,70838.67,6.06,Completed
177943,2,2016-04-23,Camry,37144.2,4.0,Completed
177944,5,2016-04-08,Corolla,30384.63,5.34,Completed
177945,9,2016-04-22,Corolla,24371.29,4.4,Completed
177946,20,2016-04-01,Prius,42235.4,5.77,Completed
177947,9,2016-04-03,Tundra,44678.99,4.4,Cancelled
177948,1,2016-04-12,Sienna,47676.59,5.24,Completed
177949,1,2016-04-26,Highlander,63207.54,5.24,Completed
177950,14,2016-04-03,Camry,50349.23,5.1,Completed
177951,5,2016-04-20,Highlander,73880.05,5.34,Completed
177952,11,2016-04-17,Camry,38408.76,4.16,Completed
177953,14,2016-04-01,Tundra,55221.67,5.1,Completed
177954,19,2016-04-29,Camry,40657.73,5.48,Completed
177955,16,2016-04-03,Tundra,67025.24,6.06,Completed
177956,11,2016-04-18,RAV4,44461.7,4.16,Completed
177957,18,2016-04-12,Sienna,62199.62,5.68,Completed
177958,11,2016-04-15,Prius,30469.4,4.16,Completed
177959,5,2016-04-23,Camry,43803.33,5.34,Completed
177960,11,2016-04-18,Highlander,61924.37,4.16,Completed
177961,13,2016-04-04,Corolla,36550.29,5.61,Completed
177962,19,2016-04-20,Camry,39873.89,5.48,Completed
177963,17,2016-04-04,Tacoma,38879.59,4.51,Completed
177964,1,2016-04-23,Camry,43785.86,5.24,Pending
177965,12,2016-04-14,Sienna,57476.81,5.65,Completed
177966,18,2016-04-10,Tundra,64168.7,5.68,Completed
177967,8,2016-04-28,Tundra,61402.22,5.84,Completed
177968,6,2016-04-16,Camry,32816.77,3.86,Completed
177969,2,2016-04-25,Tacoma,39786.08,4.0,Completed
177970,5,2016-04-09,Prius,34943.94,5.34,Cancelled
177971,14,2016-04-18,Corolla,34618.38,5.1,Completed
177972,9,2016-04-20,Prius,30158.81,4.4,Completed
177973,16,2016-04-16,Tacoma,55911.35,6.06,Completed
177974,15,2016-04-22,Tundra,68039.4,4.86,Completed
177975,13,2016-04-17,Sienna,60934.13,5.61,Completed
177976,11,2016-04-17,Tacoma,42228.8,4.16,Completed
177977,13,2016-04-29,Tundra,61347.46,5.61,Completed
177978,16,2016-04-20,Tundra,59714.33,6.06,Completed
177979,11,2016-04-29,Prius,28275.58,4.16,Completed
177980,15,2016-04-22,Tacoma,48920.7,4.86,Completed
177981,7,2016-04-01,Prius,45626.57,5.39,Completed
177982,18,2016-04-16,Tacoma,59992.35,5.68,Completed
177983,16,2016-04-19,Sienna,65834.51,6.06,Completed
177984,2,2016-04-06,Tundra,52334.75,4.0,Completed
177985,18,2016-04-14,Corolla,42821.14,5.68,Completed
177986,9,2016-04-14,Tacoma,38317.19,4.4,Completed
177987,14,2016-04-03,Sienna,57447.72,5.1,Completed
177988,20,2016-04-14,Sienna,65009.22,5.77,Completed
177989,19,2016-04-21,Corolla,29524.65,5.48,Completed
177990,10,2016-04-22,Corolla,29227.63,4.88,Completed
177991,7,2016-04-06,Highlander,75740.49,5.39,Completed
177992,8,2016-04-22,Sienna,63449.75,5.84,Pending
177993,7,2016-04-10,Prius,38626.25,5.39,Completed
177994,15,2016-04-10,Corolla,36707.92,4.86,Completed
177995,7,2016-04-02,RAV4,59948.14,5.39,Completed
177996,2,2016-04-23,Highlander,58821.61,4.0,Completed
177997,18,2016-04-26,Tundra,63851.36,5.68,Completed
177998,17,2016-04-25,Highlander,60545.26,4.51,Completed
177999,4,2016-04-20,Sienna,41098.31,3.81,Completed
178000,10,2016-04-12,Tacoma,36483.72,4.88,Pending
178001,4,2016-04-13,Tacoma,37748.63,3.81,Completed
178002,19,2016-04-05,Sienna,51108.5,5.48,Completed
178003,1,2016-04-19,Corolla,28528.28,5.24,Completed
178004,2,2016-04-03,Tundra,51787.35,4.0,Completed
178005,6,2016-04-04,Prius,26888.76,3.86,Completed
178006,12,2016-04-03,Corolla,33986.02,5.65,Completed
178007,20,2016-04-23,Tacoma,56500.16,5.77,Completed
178008,4,2016-04-12,Sienna,45507.19,3.81,Completed
178009,7,2016-04-14,RAV4,54789.76,5.39,Completed
178010,5,2016-04-06,Tacoma,44406.88,5.34,Completed
178011,3,2016-04-08,Sienna,68301.69,5.69,Completed
178012,8,2016-04-09,Camry,51919.99,5.84,Completed
178013,1,2016-04-21,Tundra,55980.14,5.24,Completed
178014,20,2016-04-24,Camry,46258.42,5.77,Completed
178015,5,2016-04-16,Tundra,55255.28,5.34,Completed
178016,14,2016-04-30,Corolla,34067.73,5.1,Completed
178017,19,2016-04-29,RAV4,50278.29,5.48,Completed
178018,15,2016-04-26,RAV4,60279.31,4.86,Completed
178019,12,2016-04-19,Corolla,37485.07,5.65,Completed
178020,11,2016-04-24,Tundra,49217.24,4.16,Completed
178021,9,2016-04-21,RAV4,42694.96,4.4,Completed
178022,12,2016-04-09,Prius,42857.64,5.65,Completed
178023,14,2016-04-23,Prius,38771.89,5.1,Completed
178024,19,2016-04-01,RAV4,53461.37,5.48,Completed
178025,9,2016-04-06,Prius,28188.4,4.4,Completed
178026,2,2016-04-16,Corolla,27704.31,4.0,Completed
178027,7,2016-04-02,Sienna,67892.55,5.39,Completed
178028,20,2016-04-06,Sienna,58434.29,5.77,Completed
178029,10,2016-04-20,Tacoma,43238.68,4.88,Completed
178030,3,2016-04-07,Camry,54992.56,5.69,Completed
178031,13,2016-04-27,Camry,52242.97,5.61,Completed
178032,13,2016-04-22,Prius,46709.75,5.61,Completed
178033,8,2016-04-29,Sienna,66038.71,5.84,Completed
178034,3,2016-04-15,RAV4,61394.23,5.69,Completed
178035,5,2016-04-24,Tundra,51211.92,5.34,Completed
178036,7,2016-04-19,Highlander,86834.28,5.39,Completed
178037,20,2016-04-15,RAV4,63014.7,5.77,Completed
178038,2,2016-04-15,Highlander,60099.64,4.0,Completed
178039,4,2016-04-26,Sienna,45017.77,3.81,Completed
178040,2,2016-04-28,Prius,29726.12,4.0,Completed
178041,20,2016-04-27,Camry,52608.12,5.77,Completed
178042,19,2016-04-28,Highlander,73577.58,5.48,Completed
178043,19,2016-04-11,Camry,41377.01,5.48,Completed
178044,4,2016-04-11,Tundra,39555.13,3.81,Completed
178045,1,2016-04-24,Prius,37148.32,5.24,Completed
178046,18,2016-04-09,Highlander,84946.55,5.68,Completed
178047,13,2016-04-23,RAV4,61935.91,5.61,Completed
178048,7,2016-04-09,Prius,44266.95,5.39,Completed
178049,20,2016-04-07,Camry,50327.22,5.77,Completed
178050,13,2016-04-10,Prius,43780.98,5.61,Completed
178051,20,2016-04-01,Tundra,58984.87,5.77,Completed
178052,7,2016-04-22,Corolla,38393.3,5.39,Completed
178053,18,2016-04-23,Tacoma,54134.33,5.68,Completed
178054,2,2016-04-29,Sienna,53049.96,4.0,Completed
178055,17,2016-04-14,Tundra,48882.76,4.51,Completed
178056,14,2016-04-17,Tundra,59350.2,5.1,Completed
178057,17,2016-04-23,Tundra,45892.77,4.51,Completed
178058,14,2016-04-28,Sienna,64363.4,5.1,Completed
178059,20,2016-04-08,RAV4,57366.0,5.77,Completed
178060,13,2016-04-16,RAV4,59898.39,5.61,Completed
178061,4,2016-04-10,Tundra,43582.17,3.81,Completed
178062,6,2016-04-07,Corolla,24511.8,3.86,Completed
178063,18,2016-04-27,Corolla,37484.6,5.68,Completed
178064,15,2016-04-13,Tacoma,51877.68,4.86,Completed
178065,5,2016-04-29,Camry,42183.88,5.34,Completed
178066,6,2016-04-10,Sienna,42744.79,3.86,Completed
178067,7,2016-04-07,Sienna,59835.76,5.39,Completed
178068,15,2016-04-06,Prius,40530.52,4.86,Completed
178069,16,2016-04-22,RAV4,55817.58,6.06,Completed
178070,9,2016-04-23,Prius,31892.39,4.4,Completed
178071,1,2016-04-15,Highlander,67023.25,5.24,Completed
178072,12,2016-04-08,Camry,46875.69,5.65,Completed
178073,7,2016-04-11,Highlander,82989.34,5.39,Completed
178074,11,2016-04-25,Tacoma,37556.69,4.16,Completed
178075,10,2016-04-15,Sienna,48904.35,4.88,Completed
178076,9,2016-04-24,Tundra,46792.71,4.4,Completed
178077,19,2016-04-17,Sienna,50344.74,5.48,Completed
178078,13,2016-04-20,Sienna,59724.26,5.61,Completed
178079,8,2016-04-12,Corolla,34068.32,5.84,Completed
178080,17,2016-04-26,Tundra,43564.0,4.51,Completed
178081,18,2016-04-02,Tundra,71912.06,5.68,Completed
178082,7,2016-04-18,Prius,39974.59,5.39,Completed
178083,8,2016-04-23,RAV4,59874.75,5.84,Completed
178084,14,2016-04-27,Tundra,63922.81,5.1,Completed
178085,6,2016-04-26,Sienna,41595.6,3.86,Completed
178086,2,2016-04-08,Sienna,46037.48,4.0,Completed
178087,4,2016-04-27,Camry,32634.24,3.81,Completed
178088,20,2016-04-12,RAV4,63166.27,5.77,Completed
178089,17,2016-04-01,RAV4,44386.98,4.51,Completed
178090,16,2016-04-22,RAV4,59863.3,6.06,Completed
178091,1,2016-04-15,Tacoma,47778.59,5.24,Completed
178092,7,2016-04-11,Tundra,69569.21,5.39,Completed
178093,10,2016-04-15,Highlander,58680.94,4.88,Completed
178094,14,2016-04-29,RAV4,50889.72,5.1,Completed
178095,17,2016-04-17,Prius,27274.8,4.51,Completed
178096,15,2016-04-16,Camry,53228.76,4.86,Completed
178097,5,2016-04-20,Prius,33074.96,5.34,Completed
178098,14,2016-04-06,Tundra,56217.17,5.1,Completed
178099,5,2016-04-23,Tundra,58025.25,5.34,Completed
178100,5,2016-04-09,Prius,31985.34,5.34,Completed
178101,19,2016-04-28,Tundra,57378.7,5.48,Completed
178102,14,2016-04-12,Prius,42535.54,5.1,Completed
178103,16,2016-04-23,Tundra,67130.2,6.06,Pending
178104,7,2016-04-10,Prius,37964.92,5.39,Completed
178105,11,2016-04-30,Tacoma,42490.82,4.16,Completed
178106,1,2016-04-05,Camry,40663.27,5.24,Completed
178107,13,2016-04-17,Tundra,68710.22,5.61,Cancelled
178108,19,2016-04-14,Highlander,76909.94,5.48,Completed
178109,16,2016-04-25,Camry,48848.69,6.06,Completed
178110,20,2016-04-12,Prius,43392.18,5.77,Completed
178111,18,2016-04-07,Tundra,65782.39,5.68,Completed
178112,9,2016-04-07,Sienna,48699.23,4.4,Completed
178113,17,2016-04-06,Corolla,24524.15,4.51,Completed
178114,6,2016-04-10,Prius,30500.42,3.86,Completed
178115,4,2016-04-04,Prius,28514.55,3.81,Completed
178116,16,2016-04-01,Prius,41639.27,6.06,Completed
178117,1,2016-04-15,Sienna,53738.64,5.24,Completed
178118,17,2016-04-11,RAV4,40624.04,4.51,Completed
178119,16,2016-04-10,Sienna,71197.88,6.06,Completed
178120,12,2016-04-26,Tundra,58911.05,5.65,Completed
178121,10,2016-04-27,Sienna,47438.33,4.88,Completed
178122,5,2016-04-27,Camry,45127.8,5.34,Completed
178123,11,2016-04-15,Tacoma,42304.62,4.16,Completed
178124,18,2016-04-10,Tundra,67673.21,5.68,Completed
178125,14,2016-04-30,RAV4,56674.01,5.1,Completed
178126,20,2016-04-05,Camry,46415.26,5.77,Completed
178127,5,2016-04-20,RAV4,52952.9,5.34,Completed
178128,2,2016-04-09,Camry,38536.77,4.0,Completed
178129,15,2016-04-03,Highlander,76367.99,4.86,Completed
178130,8,2016-04-16,RAV4,62491.5,5.84,Completed
178131,4,2016-04-30,Prius,31328.9,3.81,Completed
178132,12,2016-04-02,RAV4,59724.27,5.65,Completed
178133,19,2016-04-21,Camry,44595.08,5.48,Completed
178134,18,2016-04-26,Camry,48875.07,5.68,Completed
178135,9,2016-04-05,RAV4,44875.61,4.4,Completed
178136,12,2016-04-29,Camry,45288.3,5.65,Completed
178137,13,2016-04-12,Tundra,65779.76,5.61,Completed
178138,8,2016-04-06,Tundra,65865.66,5.84,Completed
178139,1,2016-04-30,Camry,43180.93,5.24,Completed
178140,2,2016-04-19,Tacoma,44193.86,4.0,Completed
178141,7,2016-04-26,Camry,47124.28,5.39,Completed
178142,20,2016-04-09,Prius,37425.18,5.77,Completed
178143,12,2016-04-11,Tacoma,49674.19,5.65,Completed
178144,6,2016-04-12,RAV4,43835.58,3.86,Completed
178145,2,2016-04-29,Highlander,57717.38,4.0,Completed
178146,6,2016-04-08,Highlander,52074.73,3.86,Completed
178147,5,2016-04-21,Tundra,54833.33,5.34,Completed
178148,13,2016-04-27,Highlander,84841.13,5.61,Completed
178149,5,2016-04-13,Sienna,57518.91,5.34,Completed
178150,9,2016-04-05,Corolla,26626.02,4.4,Completed
178151,8,2016-04-19,Camry,54255.66,5.84,Completed
178152,5,2016-04-10,Highlander,74023.14,5.34,Completed
178153,10,2016-04-14,Prius,27900.33,4.88,Completed
178154,13,2016-04-12,RAV4,54723.19,5.61,Completed
178155,16,2016-04-16,Prius,38408.66,6.06,Completed
178156,4,2016-04-03,Camry,37020.49,3.81,Completed
178157,8,2016-04-08,Sienna,57135.33,5.84,Completed
178158,19,2016-04-15,Corolla,34391.59,5.48,Completed
178159,2,2016-04-13,Camry,34896.4,4.0,Completed
178160,6,2016-04-02,Sienna,42058.45,3.86,Completed
178161,3,2016-04-19,Tundra,67675.81,5.69,Completed
178162,5,2016-04-30,Corolla,29040.91,5.34,Completed
178163,17,2016-04-25,Tundra,44141.67,4.51,Pending
178164,5,2016-04-20,Corolla,29872.49,5.34,Completed
178165,14,2016-04-21,Tacoma,51098.94,5.1,Completed
178166,8,2016-04-15,Camry,46012.47,5.84,Completed
178167,3,2016-04-28,Highlander,91893.22,5.69,Completed
178168,9,2016-04-19,Camry,38353.01,4.4,Completed
178169,12,2016-04-13,Tundra,63106.01,5.65,Completed
178170,14,2016-04-18,Corolla,35693.36,5.1,Completed
178171,5,2016-04-16,Tundra,57712.29,5.34,Completed
178172,2,2016-04-01,Camry,38932.17,4.0,Completed
178173,12,2016-04-14,Corolla,32737.84,5.65,Completed
178174,8,2016-04-13,Tundra,67909.51,5.84,Completed
178175,17,2016-04-17,Tundra,40886.16,4.51,Completed
178176,19,2016-04-03,Sienna,57878.21,5.48,Completed
178177,8,2016-04-29,Highlander,76125.55,5.84,Completed
178178,5,2016-04-24,Tundra,50774.03,5.34,Completed
178179,4,2016-04-03,Sienna,42318.99,3.81,Completed
178180,5,2016-04-27,Prius,36481.96,5.34,Completed
178181,17,2016-04-07,Tundra,43343.42,4.51,Completed
178182,9,2016-04-21,Tacoma,36211.21,4.4,Completed
178183,10,2016-04-11,Tundra,46665.64,4.88,Completed
178184,19,2016-04-14,Camry,41989.82,5.48,Completed
178185,20,2016-04-25,Tundra,60026.63,5.77,Completed
178186,9,2016-04-10,Highlander,58532.75,4.4,Completed
178187,4,2016-04-10,Corolla,24297.73,3.81,Completed
178188,3,2016-04-04,Corolla,35080.19,5.69,Completed
178189,12,2016-04-13,Sienna,58083.85,5.65,Completed
178190,12,2016-04-16,Camry,50791.38,5.65,Completed
178191,18,2016-04-04,Prius,40728.69,5.68,Completed
178192,3,2016-04-17,Corolla,34278.65,5.69,Completed
178193,12,2016-04-10,Tundra,59370.31,5.65,Completed
178194,15,2016-04-01,Tundra,60649.56,4.86,Completed
178195,19,2016-04-26,Sienna,55019.22,5.48,Completed
178196,7,2016-04-28,Tacoma,54385.79,5.39,Completed
178197,6,2016-04-06,Tundra,42127.47,3.86,Pending
178198,15,2016-04-25,Sienna,59063.1,4.86,Completed
178199,5,2016-04-04,RAV4,44656.43,5.34,Pending
178200,15,2016-04-27,Prius,37461.41,4.86,Completed
178201,4,2016-04-18,Prius,26463.61,3.81,Completed
178202,18,2016-04-29,Sienna,66555.65,5.68,Completed
178203,10,2016-04-19,Highlander,61347.26,4.88,Completed
178204,12,2016-04-06,Sienna,65309.52,5.65,Completed
178205,18,2016-04-26,Highlander,91850.72,5.68,Completed
178206,7,2016-04-23,Tacoma,57026.2,5.39,Completed
178207,10,2016-04-01,Tacoma,39136.99,4.88,Completed
178208,18,2016-04-10,Highlander,81171.15,5.68,Completed
178209,19,2016-04-28,Highlander,65816.08,5.48,Completed
178210,14,2016-04-13,Camry,50399.36,5.1,Completed
178211,9,2016-04-16,Corolla,25253.39,4.4,Completed
178212,2,2016-04-14,Corolla,25786.22,4.0,Completed
178213,13,2016-04-08,Tundra,63671.52,5.61,Completed
178214,15,2016-04-03,Sienna,58740.06,4.86,Completed
178215,1,2016-04-17,Corolla,28618.9,5.24,Completed
178216,17,2016-04-02,Camry,37408.85,4.51,Completed
178217,7,2016-04-26,Camry,50816.34,5.39,Completed
178218,9,2016-04-18,Tacoma,40520.55,4.4,Completed
178219,3,2016-04-12,Camry,49116.27,5.69,Completed
178220,1,2016-04-01,Tundra,49782.52,5.24,Completed
178221,4,2016-04-30,Highlander,55654.92,3.81,Completed
178222,1,2016-04-24,Camry,41549.52,5.24,Cancelled
178223,19,2016-04-25,Camry,42050.64,5.48,Completed
178224,18,2016-04-08,Camry,53719.9,5.68,Completed
178225,9,2016-04-30,RAV4,41930.43,4.4,Completed
178226,3,2016-04-23,Tacoma,50111.42,5.69,Completed
178227,19,2016-04-11,Tacoma,42246.53,5.48,Completed
178228,19,2016-04-02,RAV4,52719.96,5.48,Completed
178229,3,2016-04-17,Highlander,83111.14,5.69,Completed
178230,2,2016-04-23,RAV4,43893.31,4.0,Completed
178231,10,2016-04-18,Sienna,44474.07,4.88,Completed
178232,10,2016-04-09,Camry,34233.7,4.88,Completed
178233,19,2016-04-04,Prius,32396.51,5.48,Completed
178234,13,2016-04-13,Tundra,59774.11,5.61,Completed
178235,14,2016-04-04,Sienna,62535.38,5.1,Completed
178236,16,2016-04-12,Prius,39564.87,6.06,Completed
178237,10,2016-04-14,Highlander,57589.62,4.88,Completed
178238,8,2016-04-04,Camry,47577.91,5.84,Completed
178239,3,2016-04-21,Sienna,67907.92,5.69,Completed
178240,15,2016-04-21,Highlander,86824.5,4.86,Completed
178241,19,2016-04-04,Sienna,49909.29,5.48,Completed
178242,18,2016-04-23,Tundra,65552.13,5.68,Completed
178243,11,2016-04-24,Corolla,25913.05,4.16,Completed
178244,1,2016-04-08,Corolla,28531.24,5.24,Completed
178245,9,2016-04-08,Camry,33025.58,4.4,Completed
178246,3,2016-04-04,Corolla,36478.99,5.69,Completed
178247,1,2016-04-10,Corolla,31180.23,5.24,Completed
178248,8,2016-04-21,Tacoma,48944.36,5.84,Completed
178249,9,2016-04-24,Tacoma,36007.87,4.4,Completed
178250,17,2016-04-13,Highlander,59308.88,4.51,Completed
178251,18,2016-04-22,Highlander,94197.72,5.68,Completed
178252,6,2016-04-07,Highlander,51728.33,3.86,Completed
178253,5,2016-04-02,Sienna,57342.93,5.34,Completed
178254,18,2016-04-30,Camry,50387.25,5.68,Completed
178255,3,2016-04-01,RAV4,61389.17,5.69,Completed
178256,20,2016-04-27,Sienna,59533.42,5.77,Completed
178257,2,2016-04-03,Tacoma,43071.29,4.0,Completed
178258,6,2016-04-02,RAV4,38812.46,3.86,Completed
178259,7,2016-04-07,Sienna,69202.35,5.39,Completed
178260,6,2016-04-04,Highlander,58127.88,3.86,Completed
178261,6,2016-04-17,Highlander,59766.03,3.86,Completed
178262,6,2016-04-05,Tundra,47292.87,3.86,Completed
178263,7,2016-04-19,Highlander,88094.12,5.39,Completed
178264,14,2016-04-18,Corolla,37253.7,5.1,Completed
178265,13,2016-04-04,Corolla,37453.88,5.61,Completed
178266,19,2016-04-18,Corolla,32295.49,5.48,Completed
178267,4,2016-04-30,RAV4,42549.56,3.81,Completed
178268,18,2016-04-07,Camry,52138.38,5.68,Completed
178269,2,2016-04-13,Tundra,50027.69,4.0,Completed
178270,8,2016-04-24,Tacoma,51456.38,5.84,Completed
178271,4,2016-04-27,Highlander,54791.02,3.81,Completed
178272,17,2016-04-05,Corolla,26045.24,4.51,Completed
178273,7,2016-04-15,Prius,39168.96,5.39,Completed
178274,8,2016-04-11,Prius,38821.56,5.84,Completed
178275,14,2016-04-17,Camry,49136.5,5.1,Completed
178276,18,2016-04-23,Tacoma,56830.56,5.68,Completed
178277,1,2016-04-19,RAV4,45306.67,5.24,Completed
178278,7,2016-04-30,Corolla,34243.34,5.39,Completed
178279,3,2016-04-13,Tacoma,55956.83,5.69,Completed
178280,14,2016-04-07,Camry,42979.23,5.1,Completed
178281,10,2016-04-04,Corolla,29028.52,4.88,Completed
178282,4,2016-04-25,Tundra,44106.43,3.81,Completed
178283,14,2016-04-13,Highlander,71271.52,5.1,Completed
178284,12,2016-04-01,Prius,37933.18,5.65,Completed
178285,9,2016-04-02,Tacoma,38142.58,4.4,Completed
178286,19,2016-04-23,RAV4,51804.35,5.48,Completed
178287,8,2016-04-29,Sienna,60680.33,5.84,Completed
178288,20,2016-04-19,Highlander,78692.6,5.77,Completed
178289,8,2016-04-01,Tundra,58828.62,5.84,Pending
178290,13,2016-04-07,Tundra,62096.06,5.61,Completed
178291,17,2016-04-12,Highlander,54228.25,4.51,Completed
178292,12,2016-04-25,Sienna,68196.54,5.65,Completed
178293,15,2016-04-15,Corolla,34650.35,4.86,Completed
178294,5,2016-04-08,Tacoma,41725.08,5.34,Completed
178295,2,2016-04-21,Tundra,46403.26,4.0,Completed
178296,9,2016-04-10,Tundra,44093.57,4.4,Completed
178297,20,2016-04-21,Sienna,69708.87,5.77,Completed
178298,8,2016-04-21,Sienna,64528.98,5.84,Completed
178299,10,2016-04-26,Tacoma,39675.04,4.88,Completed
178300,6,2016-04-27,Highlander,62325.12,3.86,Completed
178301,5,2016-04-14,Tundra,59154.08,5.34,Completed
178302,9,2016-04-19,Sienna,43765.45,4.4,Completed
178303,1,2016-04-27,Tundra,53731.86,5.24,Completed
178304,3,2016-04-22,Sienna,60492.34,5.69,Completed
178305,1,2016-04-25,Sienna,49265.45,5.24,Completed
178306,14,2016-04-12,Highlander,72367.96,5.1,Completed
178307,1,2016-04-25,Tacoma,48683.97,5.24,Completed
178308,9,2016-04-19,Highlander,62029.46,4.4,Completed
178309,2,2016-04-27,RAV4,43172.05,4.0,Completed
178310,4,2016-04-18,Highlander,51702.29,3.81,Completed
178311,18,2016-04-21,Tundra,73598.27,5.68,Completed
178312,11,2016-04-22,Corolla,28732.48,4.16,Completed
178313,5,2016-04-14,Sienna,54218.83,5.34,Completed
178314,16,2016-04-06,RAV4,65068.45,6.06,Completed
178315,6,2016-04-27,Highlander,60328.03,3.86,Completed
178316,1,2016-04-09,Prius,36033.19,5.24,Completed
178317,9,2016-04-25,RAV4,39771.35,4.4,Completed
178318,6,2016-04-25,Camry,33703.06,3.86,Completed
178319,16,2016-04-07,Prius,38148.7,6.06,Completed
178320,4,2016-04-27,Prius,26712.29,3.81,Completed
178321,3,2016-04-22,Highlander,82377.79,5.69,Completed
178322,15,2016-04-04,Tacoma,56932.92,4.86,Completed
178323,12,2016-04-28,RAV4,61717.15,5.65,Completed
178324,20,2016-04-24,Tundra,58904.42,5.77,Completed
178325,8,2016-04-08,Camry,52475.4,5.84,Completed
178326,12,2016-04-16,Camry,48950.14,5.65,Cancelled
178327,20,2016-04-01,Tundra,60181.5,5.77,Completed
178328,16,2016-04-06,Tacoma,53657.76,6.06,Completed
178329,13,2016-04-10,Prius,46968.7,5.61,Completed
178330,11,2016-04-16,Tacoma,41805.16,4.16,Completed
178331,5,2016-04-18,Prius,34444.24,5.34,Completed
178332,7,2016-04-14,Tacoma,59026.68,5.39,Completed
178333,17,2016-04-13,Tundra,47104.52,4.51,Completed
178334,17,2016-04-09,RAV4,38805.93,4.51,Completed
178335,8,2016-04-03,Tacoma,55873.51,5.84,Completed
178336,3,2016-04-19,Corolla,40397.79,5.69,Completed
178337,16,2016-04-21,Tundra,67651.6,6.06,Completed
178338,3,2016-04-25,Camry,56360.8,5.69,Completed
178339,15,2016-04-10,Highlander,81695.21,4.86,Completed
178340,18,2016-04-29,Prius,44800.39,5.68,Completed
178341,8,2016-04-04,Corolla,34106.08,5.84,Completed
178342,17,2016-04-27,Corolla,25571.52,4.51,Completed
178343,14,2016-04-19,Highlander,82366.82,5.1,Completed
178344,19,2016-04-09,Camry,41637.62,5.48,Completed
178345,18,2016-04-29,Tundra,65266.89,5.68,Completed
178346,15,2016-04-09,Camry,47432.11,4.86,Completed
178347,7,2016-04-23,Camry,46019.38,5.39,Completed
178348,14,2016-04-24,Camry,51642.42,5.1,Completed
178349,9,2016-04-04,Sienna,42403.45,4.4,Completed
178350,13,2016-04-09,Tundra,72413.63,5.61,Completed
178351,5,2016-04-09,RAV4,44971.66,5.34,Completed
178352,7,2016-04-12,Highlander,76978.3,5.39,Completed
178353,13,2016-04-18,Prius,45911.6,5.61,Completed
178354,12,2016-04-08,Highlander,73195.26,5.65,Completed
178355,13,2016-04-26,RAV4,65695.08,5.61,Completed
178356,19,2016-04-22,Prius,34039.65,5.48,Completed
178357,7,2016-04-22,Sienna,66561.38,5.39,Completed
178358,15,2016-04-01,Corolla,33183.48,4.86,Completed
178359,20,2016-04-03,Tundra,57955.98,5.77,Completed
178360,9,2016-04-18,Sienna,44181.06,4.4,Completed
178361,19,2016-04-20,Highlander,71567.38,5.48,Completed
178362,18,2016-04-15,Highlander,80190.36,5.68,Completed
178363,4,2016-04-16,RAV4,42904.37,3.81,Completed
178364,15,2016-04-12,Corolla,36680.92,4.86,Completed
178365,17,2016-04-19,RAV4,42518.7,4.51,Completed
178366,8,2016-04-11,Tacoma,49341.88,5.84,Completed
178367,14,2016-04-13,Tundra,55268.53,5.1,Completed
178368,15,2016-04-07,Corolla,37791.55,4.86,Completed
178369,2,2016-04-18,Camry,40825.86,4.0,Completed
178370,12,2016-04-11,Tundra,59976.55,5.65,Completed
178371,1,2016-04-26,Sienna,55003.78,5.24,Completed
178372,13,2016-04-05,Camry,50433.82,5.61,Cancelled
178373,18,2016-04-26,RAV4,61414.4,5.68,Completed
178374,5,2016-04-07,Sienna,55673.56,5.34,Completed
178375,10,2016-04-16,Tundra,46862.4,4.88,Completed
178376,2,2016-04-07,Highlander,56501.04,4.0,Completed
178377,3,2016-04-19,Tacoma,60748.19,5.69,Completed
178378,9,2016-04-01,Tundra,46279.65,4.4,Completed
178379,7,2016-04-24,RAV4,62829.35,5.39,Completed
178380,7,2016-04-14,Camry,45493.06,5.39,Completed
178381,6,2016-04-12,RAV4,42418.03,3.86,Completed
178382,20,2016-04-11,Corolla,35663.3,5.77,Completed
178383,4,2016-04-15,Tundra,45047.4,3.81,Completed
178384,10,2016-04-03,Corolla,29671.41,4.88,Completed
178385,19,2016-04-03,Tacoma,48649.32,5.48,Completed
178386,1,2016-04-21,Camry,39810.89,5.24,Completed
178387,17,2016-04-19,Prius,26688.57,4.51,Completed
178388,18,2016-04-01,Highlander,93254.4,5.68,Completed
178389,3,2016-04-24,RAV4,59505.67,5.69,Completed
178390,5,2016-04-25,RAV4,44927.27,5.34,Completed
178391,16,2016-04-14,RAV4,63041.32,6.06,Completed
178392,16,2016-04-06,Sienna,59219.27,6.06,Completed
178393,18,2016-04-03,Prius,43851.04,5.68,Completed
178394,19,2016-04-24,Highlander,75582.43,5.48,Completed
178395,4,2016-04-07,Prius,26828.42,3.81,Completed
178396,11,2016-04-18,Highlander,54726.07,4.16,Completed
178397,9,2016-04-09,Corolla,28275.12,4.4,Completed
178398,16,2016-04-12,Prius,39801.1,6.06,Completed
178399,10,2016-04-18,Tacoma,43388.17,4.88,Completed
178400,16,2016-04-30,RAV4,64329.72,6.06,Completed
178401,3,2016-04-22,Prius,41559.05,5.69,Completed
178402,6,2016-04-30,Camry,33494.98,3.86,Completed
178403,18,2016-04-10,Corolla,41937.14,5.68,Completed
178404,10,2016-04-21,Prius,33829.18,4.88,Completed
178405,13,2016-04-02,Prius,46677.97,5.61,Completed
178406,1,2016-04-17,Sienna,57153.42,5.24,Completed
178407,7,2016-04-29,Sienna,69087.19,5.39,Completed
178408,9,2016-04-04,Tacoma,38593.07,4.4,Completed
178409,4,2016-04-30,RAV4,37484.61,3.81,Completed
178410,10,2016-04-11,Highlander,58682.12,4.88,Completed
178411,6,2016-04-17,RAV4,37843.37,3.86,Completed
178412,20,2016-04-15,Sienna,60727.95,5.77,Completed
178413,2,2016-04-05,Camry,39179.55,4.0,Completed
178414,2,2016-04-28,Highlander,67747.54,4.0,Completed
178415,5,2016-04-11,Prius,35964.83,5.34,Completed
178416,7,2016-04-11,Sienna,61081.49,5.39,Completed
178417,8,2016-04-07,Camry,44713.76,5.84,Pending
178418,5,2016-04-08,Tundra,54356.55,5.34,Completed
178419,7,2016-04-08,Corolla,35634.82,5.39,Completed
178420,11,2016-04-18,Tacoma,38574.05,4.16,Completed
178421,12,2016-04-19,RAV4,56639.83,5.65,Completed
178422,7,2016-04-24,Tundra,68652.42,5.39,Completed
178423,1,2016-04-06,Tacoma,47802.09,5.24,Completed
178424,3,2016-04-09,Tundra,69056.99,5.69,Cancelled
178425,20,2016-04-10,Corolla,39316.24,5.77,Cancelled
178426,2,2016-04-10,Highlander,55651.33,4.0,Completed
178427,13,2016-04-28,Sienna,68505.67,5.61,Completed
178428,7,2016-04-10,Prius,39591.45,5.39,Completed
178429,12,2016-04-20,Highlander,84189.16,5.65,Completed
178430,8,2016-04-10,Prius,37873.93,5.84,Completed
178431,4,2016-04-02,Tacoma,35194.28,3.81,Completed
178432,1,2016-04-10,Highlander,64894.18,5.24,Completed
178433,14,2016-04-25,Sienna,65702.82,5.1,Completed
178434,6,2016-04-15,Sienna,42344.14,3.86,Completed
178435,10,2016-04-01,Tacoma,37786.42,4.88,Completed
178436,9,2016-04-24,Tacoma,38951.84,4.4,Completed
178437,7,2016-04-17,Tacoma,50624.86,5.39,Completed
178438,14,2016-04-06,Corolla,31850.84,5.1,Completed
178439,7,2016-04-26,Tacoma,52303.35,5.39,Completed
178440,17,2016-04-28,Highlander,52316.85,4.51,Cancelled
178441,10,2016-04-27,Tacoma,39730.82,4.88,Completed
178442,19,2016-04-11,Tacoma,45304.08,5.48,Completed
178443,12,2016-04-08,Camry,48989.42,5.65,Completed
178444,11,2016-04-15,RAV4,38934.96,4.16,Completed
178445,1,2016-04-04,Camry,44023.98,5.24,Completed
178446,8,2016-04-15,Tundra,59390.13,5.84,Completed
178447,2,2016-04-20,Highlander,67213.91,4.0,Completed
178448,16,2016-04-24,Prius,43284.89,6.06,Completed
178449,7,2016-04-13,Corolla,34075.51,5.39,Completed
178450,19,2016-04-02,Highlander,70993.94,5.48,Completed
178451,5,2016-04-22,Corolla,27794.96,5.34,Completed
178452,3,2016-04-19,Prius,46593.49,5.69,Completed
178453,9,2016-04-21,Tacoma,34939.39,4.4,Completed
178454,2,2016-04-28,Tacoma,41825.27,4.0,Pending
178455,5,2016-04-30,Tacoma,46032.03,5.34,Completed
178456,12,2016-04-01,RAV4,62815.12,5.65,Completed
178457,18,2016-04-22,Prius,46909.57,5.68,Completed
178458,10,2016-04-21,RAV4,42198.46,4.88,Completed
178459,10,2016-04-04,Sienna,45626.75,4.88,Completed
178460,16,2016-04-06,Corolla,36256.79,6.06,Completed
178461,8,2016-04-26,RAV4,63563.95,5.84,Completed
178462,18,2016-04-24,Camry,52495.47,5.68,Completed
178463,20,2016-04-21,Sienna,66641.46,5.77,Pending
178464,7,2016-04-20,RAV4,56695.4,5.39,Completed
178465,8,2016-04-22,Prius,38534.09,5.84,Completed
178466,15,2016-04-06,RAV4,52135.75,4.86,Completed
178467,15,2016-04-16,Sienna,66146.11,4.86,Completed
178468,18,2016-04-30,Corolla,39447.73,5.68,Completed
178469,4,2016-04-08,Camry,36777.9,3.81,Completed
178470,4,2016-04-20,Tacoma,34701.96,3.81,Completed
178471,18,2016-04-21,RAV4,62374.1,5.68,Completed
178472,13,2016-04-03,Prius,43167.95,5.61,Pending
178473,17,2016-04-26,Prius,28434.53,4.51,Completed
178474,2,2016-04-01,Prius,28700.45,4.0,Completed
178475,15,2016-04-03,Highlander,80832.91,4.86,Completed
178476,19,2016-04-23,Tacoma,43869.52,5.48,Completed
178477,20,2016-04-09,RAV4,55995.01,5.77,Completed
178478,11,2016-04-20,Prius,29561.07,4.16,Completed
178479,16,2016-04-17,RAV4,65268.07,6.06,Completed
178480,19,2016-04-06,Tacoma,50905.19,5.48,Completed
178481,5,2016-04-18,Highlander,71841.22,5.34,Completed
178482,7,2016-04-22,Tacoma,59550.58,5.39,Completed
178483,10,2016-04-06,RAV4,42495.08,4.88,Completed
178484,13,2016-04-23,Prius,42951.4,5.61,Completed
178485,1,2016-04-13,Tundra,51347.7,5.24,Completed
178486,17,2016-04-11,Camry,37103.93,4.51,Completed
178487,5,2016-04-19,RAV4,47592.98,5.34,Completed
178488,14,2016-04-17,Camry,46228.1,5.1,Completed
178489,19,2016-04-01,RAV4,54690.22,5.48,Completed
178490,12,2016-04-04,Sienna,68073.76,5.65,Completed
178491,3,2016-04-27,Tundra,66223.26,5.69,Pending
178492,19,2016-04-01,Tacoma,42569.81,5.48,Completed
178493,8,2016-04-25,Tacoma,49349.74,5.84,Completed
178494,3,2016-04-05,Tundra,60544.33,5.69,Completed
178495,19,2016-04-07,RAV4,55427.17,5.48,Completed
178496,4,2016-04-04,Highlander,59180.57,3.81,Completed
178497,9,2016-04-21,Prius,29251.41,4.4,Completed
178498,18,2016-04-13,Camry,49782.98,5.68,Completed
178499,19,2016-04-26,Tundra,58523.26,5.48,Completed
178500,19,2016-04-04,Tundra,58366.56,5.48,Completed
178501,9,2016-04-17,Prius,30240.95,4.4,Completed
178502,12,2016-04-23,Tundra,63107.73,5.65,Completed
178503,1,2016-04-27,Camry,38096.08,5.24,Completed
178504,19,2016-04-22,Tundra,50288.52,5.48,Completed
178505,5,2016-04-16,Corolla,30643.74,5.34,Completed
178506,17,2016-04-12,Prius,30829.7,4.51,Completed
178507,8,2016-04-09,Tacoma,58524.5,5.84,Completed
178508,1,2016-04-08,Tundra,53064.56,5.24,Completed
178509,13,2016-04-18,Tacoma,53035.38,5.61,Completed
178510,20,2016-04-03,Camry,46703.89,5.77,Completed
178511,20,2016-04-09,Tundra,62413.37,5.77,Completed
178512,2,2016-04-09,Corolla,26586.03,4.0,Completed
178513,12,2016-04-20,Prius,42865.99,5.65,Completed
178514,10,2016-04-20,Tacoma,38326.01,4.88,Completed
178515,11,2016-04-27,Prius,30580.18,4.16,Completed
178516,9,2016-04-01,Tundra,47154.76,4.4,Completed
178517,9,2016-04-05,Tacoma,37200.69,4.4,Completed
178518,3,2016-04-09,Corolla,36472.63,5.69,Completed
178519,13,2016-04-25,Tacoma,58514.6,5.61,Completed
178520,8,2016-04-01,Tundra,62698.35,5.84,Completed
178521,18,2016-04-21,Tundra,65812.68,5.68,Pending
178522,9,2016-04-30,Tacoma,41446.52,4.4,Completed
178523,1,2016-04-06,Highlander,71463.08,5.24,Completed
178524,16,2016-04-27,Corolla,33624.84,6.06,Completed
178525,15,2016-04-10,Camry,53252.58,4.86,Completed
178526,15,2016-04-06,RAV4,52167.8,4.86,Completed
178527,18,2016-04-26,Corolla,35161.77,5.68,Completed
178528,12,2016-04-02,Tacoma,49510.28,5.65,Completed
178529,4,2016-04-11,Sienna,46452.91,3.81,Completed
178530,16,2016-04-20,Tundra,66168.6,6.06,Pending
178531,19,2016-04-09,Camry,43245.54,5.48,Completed
178532,5,2016-04-16,Highlander,73226.05,5.34,Completed
178533,6,2016-04-09,Prius,31417.72,3.86,Completed
178534,15,2016-04-24,Prius,36920.35,4.86,Completed
178535,5,2016-04-08,Sienna,53743.72,5.34,Completed
178536,12,2016-04-10,Corolla,38550.38,5.65,Completed
178537,13,2016-04-21,RAV4,61454.03,5.61,Completed
178538,1,2016-04-27,Corolla,30429.44,5.24,Completed
178539,10,2016-04-13,Corolla,24634.31,4.88,Completed
178540,1,2016-04-24,Tacoma,41915.3,5.24,Pending
178541,18,2016-04-18,Tacoma,52739.08,5.68,Completed
178542,15,2016-04-24,Corolla,38198.35,4.86,Completed
178543,18,2016-04-07,Highlander,90204.52,5.68,Completed
178544,18,2016-04-26,Camry,49699.95,5.68,Completed
178545,13,2016-04-15,Corolla,39276.61,5.61,Completed
178546,14,2016-04-17,Corolla,35401.94,5.1,Completed
178547,11,2016-04-22,Tundra,42720.65,4.16,Completed
178548,3,2016-04-19,Highlander,83231.69,5.69,Completed
178549,1,2016-04-11,Camry,39038.15,5.24,Completed
178550,16,2016-04-25,Camry,49296.47,6.06,Completed
178551,7,2016-04-06,RAV4,54349.46,5.39,Pending
178552,20,2016-04-27,Highlander,80782.54,5.77,Completed
178553,3,2016-04-06,Highlander,89729.84,5.69,Completed
178554,14,2016-04-08,Tacoma,51015.55,5.1,Completed
178555,7,2016-04-10,Prius,38595.6,5.39,Completed
178556,16,2016-04-26,Highlander,76040.71,6.06,Completed
178557,3,2016-04-26,Camry,48954.73,5.69,Completed
178558,2,2016-04-21,Tacoma,37256.8,4.0,Completed
178559,8,2016-04-12,Corolla,32633.17,5.84,Completed
178560,17,2016-04-05,Sienna,45252.35,4.51,Completed
178561,3,2016-04-18,Corolla,39289.18,5.69,Completed
178562,3,2016-04-13,Camry,50208.2,5.69,Completed
178563,20,2016-04-22,Corolla,34823.61,5.77,Completed
178564,10,2016-04-20,Camry,40276.14,4.88,Completed
178565,15,2016-04-14,Camry,51968.22,4.86,Completed
178566,19,2016-04-09,Sienna,50529.45,5.48,Completed
178567,10,2016-04-29,Highlander,60569.66,4.88,Completed
178568,1,2016-04-06,Sienna,53360.16,5.24,Completed
178569,10,2016-04-05,Prius,33608.07,4.88,Completed
178570,8,2016-04-23,Prius,38341.92,5.84,Completed
178571,6,2016-04-19,Sienna,45465.41,3.86,Completed
178572,1,2016-04-30,Tundra,48383.14,5.24,Completed
178573,15,2016-04-18,Sienna,65184.31,4.86,Completed
178574,1,2016-04-24,Tacoma,41740.23,5.24,Completed
178575,17,2016-04-13,Tacoma,36035.82,4.51,Completed
178576,11,2016-04-16,Corolla,28793.16,4.16,Completed
178577,4,2016-04-20,RAV4,42249.34,3.81,Completed
178578,1,2016-04-30,Tundra,53706.46,5.24,Completed
178579,17,2016-04-13,Highlander,61462.92,4.51,Completed
178580,8,2016-04-18,Prius,43403.68,5.84,Pending
178581,7,2016-04-02,Tacoma,54618.46,5.39,Completed
178582,20,2016-04-10,Tacoma,55705.6,5.77,Cancelled
178583,19,2016-04-08,Tacoma,42106.28,5.48,Completed
178584,1,2016-04-20,Tacoma,41673.06,5.24,Completed
178585,9,2016-04-09,Sienna,47494.8,4.4,Completed
178586,11,2016-04-02,Camry,33694.21,4.16,Completed
178587,19,2016-04-07,Sienna,54449.26,5.48,Completed
178588,1,2016-04-08,Tundra,48435.07,5.24,Completed
178589,10,2016-04-06,Tacoma,37678.55,4.88,Pending
178590,19,2016-04-03,Highlander,64256.86,5.48,Completed
178591,7,2016-04-06,RAV4,54292.72,5.39,Completed
178592,17,2016-04-16,Tacoma,33893.88,4.51,Completed
178593,18,2016-04-25,Tundra,64919.07,5.68,Completed
178594,15,2016-04-09,Camry,50894.23,4.86,Completed
178595,19,2016-04-12,Corolla,32304.66,5.48,Completed
178596,17,2016-04-28,RAV4,38853.36,4.51,Completed
178597,2,2016-04-11,Highlander,66536.09,4.0,Completed
178598,2,2016-04-02,Highlander,58131.73,4.0,Completed
178599,10,2016-04-29,Sienna,45098.06,4.88,Completed
178600,19,2016-04-29,Corolla,30428.96,5.48,Completed
178601,8,2016-04-10,Corolla,34169.36,5.84,Completed
178602,3,2016-04-23,Camry,46481.36,5.69,Completed
178603,15,2016-04-09,Tundra,67162.97,4.86,Completed
178604,11,2016-04-29,Tundra,46307.01,4.16,Completed
178605,14,2016-04-14,Tundra,65000.21,5.1,Completed
178606,9,2016-04-18,Prius,32768.39,4.4,Completed
178607,17,2016-04-01,Sienna,48002.15,4.51,Completed
178608,7,2016-04-15,Tacoma,57674.36,5.39,Completed
178609,7,2016-04-20,Camry,49582.07,5.39,Completed
178610,4,2016-04-22,RAV4,36961.04,3.81,Completed
178611,14,2016-04-02,Sienna,54882.44,5.1,Completed
178612,11,2016-04-08,Sienna,42559.44,4.16,Completed
178613,1,2016-04-02,Highlander,61639.64,5.24,Completed
178614,5,2016-04-17,Camry,45562.52,5.34,Completed
178615,1,2016-04-23,Camry,45121.49,5.24,Completed
178616,12,2016-04-29,Tundra,62677.92,5.65,Pending
178617,6,2016-04-25,Tacoma,40692.93,3.86,Completed
178618,3,2016-04-25,Prius,46141.78,5.69,Completed
178619,6,2016-04-07,Camry,31680.14,3.86,Completed
178620,9,2016-04-24,Corolla,24104.88,4.4,Completed
178621,5,2016-04-12,Highlander,64451.13,5.34,Completed
178622,5,2016-04-22,Prius,33848.55,5.34,Completed
178623,12,2016-04-25,Tacoma,54407.42,5.65,Completed
178624,6,2016-04-30,Sienna,43073.52,3.86,Completed
178625,15,2016-04-18,Sienna,62262.04,4.86,Completed
178626,4,2016-04-28,Prius,29522.87,3.81,Completed
178627,1,2016-04-09,Camry,41518.92,5.24,Completed
178628,16,2016-04-25,Tundra,60161.36,6.06,Completed
178629,14,2016-04-04,Tacoma,54298.08,5.1,Completed
178630,18,2016-04-24,Prius,47135.85,5.68,Completed
178631,9,2016-04-15,Camry,35981.28,4.4,Completed
178632,11,2016-04-04,RAV4,43350.38,4.16,Completed
178633,17,2016-04-06,RAV4,42425.59,4.51,Completed
178634,7,2016-04-11,RAV4,63199.52,5.39,Completed
178635,11,2016-04-19,Tundra,47509.87,4.16,Completed
178636,14,2016-04-19,Prius,40307.48,5.1,Completed
178637,9,2016-04-23,Prius,27562.11,4.4,Completed
178638,7,2016-04-19,Tundra,62433.88,5.39,Completed
178639,14,2016-04-20,Highlander,78576.0,5.1,Completed
178640,15,2016-04-20,Camry,52822.88,4.86,Completed
178641,4,2016-04-26,Tundra,46512.86,3.81,Completed
178642,5,2016-04-30,Prius,33568.46,5.34,Completed
178643,10,2016-04-16,Tundra,50389.9,4.88,Completed
178644,2,2016-04-08,Tundra,51465.23,4.0,Completed
178645,13,2016-04-24,RAV4,62097.16,5.61,Completed
178646,10,2016-04-16,Tundra,51388.9,4.88,Completed
178647,15,2016-04-30,Tacoma,50630.66,4.86,Completed
178648,12,2016-04-11,Highlander,75000.23,5.65,Completed
178649,11,2016-04-26,Highlander,53290.14,4.16,Completed
178650,15,2016-04-07,Tacoma,55432.97,4.86,Completed
178651,15,2016-04-30,Tundra,67913.06,4.86,Completed
178652,7,2016-04-30,Sienna,59962.49,5.39,Completed
178653,11,2016-04-25,Tacoma,35485.66,4.16,Completed
178654,15,2016-04-01,Camry,53402.3,4.86,Completed
178655,1,2016-04-02,Prius,31894.73,5.24,Completed
178656,19,2016-04-17,Tundra,55346.01,5.48,Completed
178657,6,2016-04-01,Highlander,58533.69,3.86,Completed
178658,9,2016-04-22,Corolla,26325.48,4.4,Completed
178659,3,2016-04-30,Tundra,65897.97,5.69,Completed
178660,17,2016-04-27,Tundra,47183.39,4.51,Completed
178661,2,2016-04-27,Camry,41466.89,4.0,Completed
178662,2,2016-04-13,RAV4,40806.23,4.0,Completed
178663,15,2016-04-24,Corolla,32378.76,4.86,Completed
178664,6,2016-04-16,Prius,31733.7,3.86,Completed
178665,16,2016-04-23,Corolla,39591.05,6.06,Completed
178666,14,2016-04-22,Tundra,60747.76,5.1,Completed
178667,5,2016-04-03,Camry,39503.62,5.34,Completed
178668,8,2016-04-03,Corolla,38653.24,5.84,Completed
178669,7,2016-04-17,RAV4,64440.86,5.39,Completed
178670,16,2016-04-03,Prius,46328.7,6.06,Completed
178671,13,2016-04-03,Tundra,63473.58,5.61,Completed
178672,20,2016-04-28,Tacoma,58518.52,5.77,Completed
178673,3,2016-04-03,Prius,40674.3,5.69,Completed
178674,2,2016-04-02,Highlander,59600.8,4.0,Completed
178675,4,2016-04-11,Camry,37472.26,3.81,Completed
178676,9,2016-04-30,Corolla,28440.7,4.4,Completed
178677,10,2016-04-15,Prius,28226.4,4.88,Completed
178678,20,2016-04-06,Prius,40866.1,5.77,Completed
178679,2,2016-04-04,Corolla,28715.13,4.0,Completed
178680,16,2016-04-12,Sienna,69943.01,6.06,Completed
178681,17,2016-04-18,Camry,36600.86,4.51,Completed
178682,16,2016-04-13,Camry,52531.32,6.06,Completed
178683,4,2016-04-22,Tundra,41999.79,3.81,Completed
178684,19,2016-04-01,Tundra,54969.74,5.48,Completed
178685,7,2016-04-22,Highlander,87272.8,5.39,Completed
178686,2,2016-04-30,Corolla,30517.65,4.0,Completed
178687,3,2016-04-28,RAV4,66225.86,5.69,Completed
178688,14,2016-04-01,Tundra,60967.73,5.1,Completed
178689,10,2016-04-03,Tacoma,39943.76,4.88,Completed
178690,18,2016-04-16,Highlander,94708.2,5.68,Completed
178691,14,2016-04-18,RAV4,54537.55,5.1,Completed
178692,13,2016-04-02,Corolla,35136.24,5.61,Completed
178693,13,2016-04-03,RAV4,62746.08,5.61,Completed
178694,5,2016-04-13,Highlander,63160.4,5.34,Completed
178695,12,2016-04-25,Prius,38852.25,5.65,Completed
178696,6,2016-04-06,RAV4,39623.85,3.86,Completed
178697,10,2016-04-24,Camry,39885.02,4.88,Completed
178698,15,2016-04-04,Camry,53215.01,4.86,Cancelled
178699,10,2016-04-19,Tundra,49099.4,4.88,Completed
178700,6,2016-04-07,Camry,36684.16,3.86,Completed
178701,13,2016-04-03,Highlander,80884.4,5.61,Completed
178702,9,2016-04-17,Tundra,49020.0,4.4,Completed
178703,19,2016-04-11,RAV4,46669.25,5.48,Completed
178704,8,2016-04-01,Prius,38751.43,5.84,Completed
178705,11,2016-04-04,Sienna,42540.22,4.16,Completed
178706,6,2016-04-07,Prius,30690.62,3.86,Completed
178707,2,2016-04-10,Highlander,59697.88,4.0,Completed
178708,9,2016-04-24,Tundra,44765.14,4.4,Completed
178709,5,2016-04-27,Sienna,51551.92,5.34,Completed
178710,15,2016-04-25,Sienna,62696.62,4.86,Completed
178711,10,2016-04-24,Prius,28950.87,4.88,Completed
178712,7,2016-04-18,Camry,54391.18,5.39,Completed
178713,6,2016-04-03,Tacoma,35593.7,3.86,Completed
178714,5,2016-04-06,Tacoma,46552.35,5.34,Cancelled
178715,7,2016-04-12,Camry,52203.15,5.39,Completed
178716,18,2016-04-11,Camry,58007.59,5.68,Completed
178717,10,2016-04-02,Prius,29567.41,4.88,Completed
178718,5,2016-04-13,Tundra,54426.47,5.34,Completed
178719,4,2016-04-18,Tundra,47849.8,3.81,Completed
178720,11,2016-04-26,Corolla,26455.81,4.16,Completed
178721,8,2016-04-05,Highlander,87395.59,5.84,Completed
178722,19,2016-04-09,Highlander,65385.9,5.48,Completed
178723,14,2016-04-09,Camry,44152.01,5.1,Completed
178724,8,2016-04-15,RAV4,54360.15,5.84,Completed
178725,2,2016-04-17,Corolla,25060.24,4.0,Completed
178726,5,2016-04-12,Highlander,63133.63,5.34,Completed
178727,3,2016-04-21,Highlander,89295.08,5.69,Completed
178728,16,2016-04-16,Highlander,76476.83,6.06,Completed
178729,7,2016-04-18,Tundra,59226.5,5.39,Completed
178730,19,2016-04-22,Tundra,56647.2,5.48,Completed
178731,12,2016-04-24,Prius,43563.62,5.65,Completed
178732,6,2016-04-09,RAV4,37802.65,3.86,Completed
178733,18,2016-04-24,Corolla,36701.48,5.68,Completed
178734,19,2016-04-09,Highlander,68750.64,5.48,Completed
178735,10,2016-04-26,Tacoma,37677.52,4.88,Completed
178736,16,2016-04-03,Corolla,36447.24,6.06,Completed
178737,8,2016-04-21,Tundra,61534.79,5.84,Completed
178738,2,2016-04-18,Sienna,43845.98,4.0,Completed
178739,4,2016-04-18,Corolla,25858.18,3.81,Completed
178740,12,2016-04-07,Sienna,60817.13,5.65,Completed
178741,19,2016-04-09,RAV4,49308.58,5.48,Completed
178742,18,2016-04-20,Tundra,68846.23,5.68,Completed
178743,6,2016-04-29,Corolla,27763.41,3.86,Completed
178744,1,2016-04-09,Highlander,63601.67,5.24,Completed
178745,15,2016-04-01,Tacoma,54309.61,4.86,Completed
178746,14,2016-04-14,Prius,39680.85,5.1,Completed
178747,17,2016-04-01,Tacoma,40213.82,4.51,Completed
178748,15,2016-04-20,Tundra,63642.4,4.86,Completed
178749,15,2016-04-15,Highlander,83735.55,4.86,Completed
178750,16,2016-04-10,Tacoma,58010.85,6.06,Completed
178751,9,2016-04-29,Tundra,43820.72,4.4,Completed
178752,9,2016-04-10,Tundra,41848.61,4.4,Completed
178753,17,2016-04-19,Camry,33472.88,4.51,Completed
178754,3,2016-04-20,Corolla,38795.47,5.69,Completed
178755,9,2016-04-05,Highlander,54715.65,4.4,Completed
178756,13,2016-04-27,Sienna,62883.64,5.61,Completed
178757,7,2016-04-02,Highlander,75012.5,5.39,Completed
178758,16,2016-04-28,Camry,46561.87,6.06,Completed
178759,18,2016-04-01,Prius,48558.15,5.68,Completed
178760,4,2016-04-29,Tacoma,38512.53,3.81,Completed
178761,14,2016-04-30,Camry,43529.21,5.1,Completed
178762,4,2016-04-06,Corolla,24802.26,3.81,Completed
178763,7,2016-04-29,Highlander,81561.02,5.39,Completed
178764,13,2016-04-02,Tundra,67683.23,5.61,Completed
178765,12,2016-04-04,Highlander,80261.78,5.65,Completed
178766,14,2016-04-09,Camry,44111.11,5.1,Completed
178767,18,2016-04-29,Sienna,66645.6,5.68,Completed
178768,20,2016-04-05,Highlander,84667.58,5.77,Completed
178769,1,2016-04-14,Tacoma,47012.38,5.24,Completed
178770,11,2016-04-18,Sienna,45347.38,4.16,Completed
178771,20,2016-04-10,Highlander,79017.81,5.77,Completed
178772,6,2016-04-04,Camry,35713.91,3.86,Completed
178773,17,2016-04-11,Sienna,44758.35,4.51,Completed
178774,17,2016-04-14,Corolla,23801.66,4.51,Completed
178775,10,2016-04-29,Highlander,65103.33,4.88,Completed
178776,18,2016-04-23,Camry,48793.05,5.68,Completed
178777,16,2016-04-07,Highlander,78115.34,6.06,Completed
178778,10,2016-04-15,Camry,37290.56,4.88,Completed
178779,6,2016-04-03,Corolla,26529.93,3.86,Completed
178780,13,2016-04-22,Highlander,77870.05,5.61,Completed
178781,8,2016-04-04,RAV4,54999.61,5.84,Completed
178782,2,2016-04-16,Tundra,53147.48,4.0,Completed
178783,6,2016-04-09,Tacoma,40781.4,3.86,Completed
178784,8,2016-04-20,Highlander,88514.17,5.84,Completed
178785,14,2016-04-09,Tundra,65061.14,5.1,Completed
178786,15,2016-04-18,RAV4,57311.84,4.86,Completed
178787,12,2016-04-22,Corolla,39232.89,5.65,Completed
178788,6,2016-04-16,RAV4,40000.76,3.86,Completed
178789,8,2016-04-23,Highlander,86121.47,5.84,Completed
178790,11,2016-04-22,Tundra,42687.83,4.16,Completed
178791,12,2016-04-20,Highlander,77614.76,5.65,Completed
178792,10,2016-04-19,Sienna,43953.03,4.88,Completed
178793,6,2016-04-15,Corolla,26734.55,3.86,Completed
178794,3,2016-04-26,Tundra,61064.17,5.69,Completed
178795,15,2016-04-27,RAV4,57681.54,4.86,Completed
178796,11,2016-04-02,Highlander,55089.56,4.16,Completed
178797,5,2016-04-13,Prius,37580.1,5.34,Pending
178798,4,2016-04-30,Sienna,43028.08,3.81,Completed
178799,7,2016-04-25,Tundra,69384.53,5.39,Completed
178800,17,2016-04-18,Highlander,60200.17,4.51,Completed
178801,14,2016-04-17,Camry,49321.86,5.1,Completed
178802,13,2016-04-07,Tundra,62404.39,5.61,Completed
178803,13,2016-04-25,Sienna,63380.5,5.61,Cancelled
178804,7,2016-04-05,Corolla,39870.67,5.39,Completed
178805,4,2016-04-23,Sienna,44272.0,3.81,Completed
178806,5,2016-04-17,Tacoma,40954.58,5.34,Completed
178807,14,2016-04-22,Highlander,71653.62,5.1,Completed
178808,10,2016-04-12,RAV4,46259.62,4.88,Completed
178809,11,2016-04-21,Tacoma,36793.82,4.16,Completed
178810,1,2016-04-23,Tacoma,45030.45,5.24,Completed
178811,8,2016-04-15,Tacoma,52530.82,5.84,Completed
178812,1,2016-04-02,Tacoma,48520.94,5.24,Completed
178813,19,2016-04-22,Tacoma,47722.79,5.48,Completed
178814,15,2016-04-14,Sienna,57979.79,4.86,Completed
178815,18,2016-04-22,Camry,55764.01,5.68,Completed
178816,5,2016-04-14,Sienna,53190.53,5.34,Completed
178817,11,2016-04-28,Tundra,47481.18,4.16,Completed
178818,10,2016-04-30,RAV4,45679.59,4.88,Completed
178819,3,2016-04-22,Prius,40767.95,5.69,Completed
178820,10,2016-04-27,RAV4,42221.56,4.88,Completed
178821,13,2016-04-03,Tundra,69253.55,5.61,Completed
178822,7,2016-04-25,RAV4,55254.82,5.39,Completed
178823,4,2016-04-07,Sienna,42154.59,3.81,Completed
178824,3,2016-04-05,Highlander,85376.14,5.69,Cancelled
178825,13,2016-04-20,Highlander,83760.29,5.61,Completed
178826,10,2016-04-26,Sienna,43157.78,4.88,Completed
178827,20,2016-04-01,Tundra,66439.12,5.77,Completed
178828,3,2016-04-29,Tacoma,54392.58,5.69,Completed
178829,12,2016-04-05,Corolla,38993.14,5.65,Completed
178830,14,2016-04-18,Prius,42112.08,5.1,Completed
178831,8,2016-04-02,Corolla,35502.96,5.84,Completed
178832,19,2016-04-26,Sienna,49791.19,5.48,Completed
178833,4,2016-04-30,Prius,26380.12,3.81,Completed
178834,4,2016-04-14,Tundra,42218.98,3.81,Completed
178835,15,2016-04-09,RAV4,52372.13,4.86,Completed
178836,19,2016-04-26,RAV4,49791.0,5.48,Completed
178837,5,2016-04-29,Tacoma,45907.57,5.34,Completed
178838,19,2016-04-01,Corolla,33831.69,5.48,Completed
178839,11,2016-04-15,Corolla,25216.15,4.16,Completed
178840,3,2016-04-08,Prius,45574.84,5.69,Completed
178841,1,2016-04-05,Corolla,28230.24,5.24,Completed
178842,13,2016-04-25,Camry,52963.37,5.61,Completed
178843,19,2016-04-25,RAV4,49860.79,5.48,Completed
178844,4,2016-04-03,Highlander,54171.67,3.81,Completed
178845,11,2016-04-01,Highlander,62943.87,4.16,Completed
178846,3,2016-04-24,Tacoma,54031.1,5.69,Completed
178847,3,2016-04-05,RAV4,56775.73,5.69,Completed
178848,15,2016-04-29,Corolla,34927.43,4.86,Completed
178849,7,2016-04-10,Highlander,81058.58,5.39,Completed
178850,9,2016-04-17,Sienna,43066.69,4.4,Completed
178851,19,2016-04-23,Highlander,70775.63,5.48,Completed
178852,6,2016-04-17,Highlander,57004.89,3.86,Completed
178853,12,2016-04-13,Highlander,87085.14,5.65,Completed
178854,13,2016-04-25,Camry,52740.38,5.61,Completed
178855,12,2016-04-05,Camry,53693.82,5.65,Completed
178856,6,2016-04-30,Highlander,55190.31,3.86,Completed
178857,20,2016-04-20,Corolla,37336.06,5.77,Completed
178858,14,2016-04-26,RAV4,53014.17,5.1,Completed
178859,6,2016-04-12,Camry,37308.86,3.86,Completed
178860,16,2016-04-21,Highlander,82545.82,6.06,Completed
178861,16,2016-04-14,Tacoma,56243.65,6.06,Completed
178862,14,2016-04-12,RAV4,53684.92,5.1,Completed
178863,19,2016-04-11,Sienna,50461.46,5.48,Cancelled
178864,3,2016-04-10,Prius,40534.81,5.69,Completed
178865,7,2016-04-07,Highlander,79682.34,5.39,Completed
178866,5,2016-04-29,RAV4,52576.29,5.34,Completed
178867,16,2016-04-21,RAV4,60874.09,6.06,Completed
178868,19,2016-04-04,Tundra,53951.69,5.48,Completed
178869,2,2016-04-20,Highlander,60646.28,4.0,Completed
178870,15,2016-04-06,RAV4,51808.22,4.86,Completed
178871,5,2016-04-29,Highlander,65752.41,5.34,Completed
178872,17,2016-04-14,Corolla,25243.89,4.51,Completed
178873,8,2016-04-10,Corolla,33833.07,5.84,Completed
178874,20,2016-04-06,Tacoma,52370.09,5.77,Completed
178875,20,2016-04-29,RAV4,57774.39,5.77,Completed
178876,12,2016-04-09,Prius,38709.54,5.65,Completed
178877,10,2016-04-20,Sienna,43846.7,4.88,Completed
178878,13,2016-04-20,Tacoma,52992.46,5.61,Completed
178879,10,2016-04-30,Prius,31730.54,4.88,Completed
178880,13,2016-04-06,Tundra,65095.02,5.61,Pending
178881,9,2016-04-26,RAV4,41470.57,4.4,Completed
178882,16,2016-04-02,Tundra,69155.87,6.06,Completed
178883,8,2016-04-18,Camry,53009.72,5.84,Completed
178884,18,2016-04-17,RAV4,64343.29,5.68,Completed
178885,18,2016-04-24,RAV4,66224.23,5.68,Completed
178886,13,2016-04-23,Camry,49495.71,5.61,Completed
178887,13,2016-04-10,Highlander,77198.34,5.61,Completed
178888,3,2016-04-25,Camry,46744.12,5.69,Completed
178889,13,2016-04-11,Corolla,40822.65,5.61,Completed
178890,14,2016-04-20,Highlander,73630.14,5.1,Completed
178891,8,2016-04-13,RAV4,60530.51,5.84,Completed
178892,9,2016-04-29,Prius,32541.1,4.4,Completed
178893,17,2016-04-01,Highlander,58838.39,4.51,Completed
178894,11,2016-04-22,RAV4,46232.5,4.16,Completed
178895,19,2016-04-29,Prius,35924.55,5.48,Completed
178896,20,2016-04-06,Corolla,33054.9,5.77,Completed
178897,19,2016-04-23,RAV4,54548.87,5.48,Completed
178898,6,2016-04-10,RAV4,40911.49,3.86,Completed
178899,8,2016-04-22,Prius,41447.53,5.84,Completed
178900,1,2016-04-28,Tacoma,41582.87,5.24,Completed
178901,4,2016-04-21,Highlander,53309.66,3.81,Completed
178902,16,2016-04-17,Tacoma,54201.77,6.06,Completed
178903,15,2016-04-06,Corolla,32864.17,4.86,Completed
178904,15,2016-04-08,Sienna,65694.13,4.86,Completed
178905,14,2016-04-03,Tacoma,52028.9,5.1,Completed
178906,8,2016-04-21,Camry,47483.85,5.84,Completed
178907,7,2016-04-15,Camry,50393.88,5.39,Completed
178908,11,2016-04-20,Highlander,62251.54,4.16,Completed
178909,19,2016-04-05,Corolla,29378.82,5.48,Completed
178910,18,2016-04-04,Prius,40320.61,5.68,Completed
178911,17,2016-04-06,Highlander,53050.83,4.51,Completed
178912,18,2016-04-18,Prius,41156.69,5.68,Completed
178913,7,2016-04-09,Camry,50218.67,5.39,Completed
178914,5,2016-04-23,Tacoma,44680.07,5.34,Completed
178915,3,2016-04-18,Corolla,39489.05,5.69,Completed
178916,16,2016-04-22,RAV4,53668.36,6.06,Completed
178917,4,2016-04-04,Sienna,44463.61,3.81,Completed
178918,14,2016-04-23,Corolla,32540.77,5.1,Completed
178919,6,2016-04-08,Sienna,47896.63,3.86,Completed
178920,10,2016-04-03,Prius,30094.52,4.88,Completed
178921,12,2016-04-21,Camry,47659.34,5.65,Completed
178922,6,2016-04-09,Corolla,28275.86,3.86,Completed
178923,2,2016-04-05,Camry,40965.3,4.0,Completed
178924,5,2016-04-13,Prius,32031.7,5.34,Completed
178925,14,2016-04-12,Highlander,83621.49,5.1,Completed
178926,17,2016-04-24,RAV4,44242.56,4.51,Completed
178927,20,2016-04-05,Tundra,68589.34,5.77,Completed
178928,7,2016-04-16,Corolla,35675.02,5.39,Completed
178929,17,2016-04-02,Tacoma,34211.37,4.51,Completed
178930,13,2016-04-02,Sienna,62737.28,5.61,Completed
178931,6,2016-04-23,Sienna,48685.96,3.86,Completed
178932,15,2016-04-19,Sienna,65157.51,4.86,Completed
178933,7,2016-04-22,Corolla,33552.22,5.39,Completed
178934,7,2016-04-16,Tacoma,53557.55,5.39,Completed
178935,16,2016-04-26,Tacoma,51321.19,6.06,Completed
178936,4,2016-04-07,Corolla,23516.6,3.81,Completed
178937,11,2016-04-06,RAV4,45277.32,4.16,Completed
178938,18,2016-04-18,Highlander,93991.5,5.68,Cancelled
178939,20,2016-04-30,Tacoma,56686.95,5.77,Completed
178940,13,2016-04-29,Tundra,63506.52,5.61,Completed
178941,2,2016-04-15,Tacoma,41921.3,4.0,Completed
178942,13,2016-04-02,Highlander,80818.36,5.61,Completed
178943,8,2016-04-20,RAV4,62284.95,5.84,Completed
178944,2,2016-04-21,Corolla,26902.04,4.0,Completed
178945,19,2016-04-03,Tundra,55573.53,5.48,Completed
178946,9,2016-04-16,Prius,29546.06,4.4,Completed
178947,12,2016-04-26,Camry,45070.26,5.65,Completed
178948,11,2016-04-16,Prius,31444.23,4.16,Completed
178949,11,2016-04-20,Tacoma,39385.87,4.16,Completed
178950,20,2016-04-28,Prius,39804.71,5.77,Completed
178951,18,2016-04-02,Camry,57687.63,5.68,Completed
178952,11,2016-04-08,RAV4,39897.98,4.16,Completed
178953,15,2016-04-15,Prius,39501.38,4.86,Completed
178954,6,2016-04-02,Tundra,45133.11,3.86,Completed
178955,1,2016-04-13,Tacoma,40797.44,5.24,Completed
178956,12,2016-04-11,Camry,46362.61,5.65,Completed
178957,1,2016-04-21,Camry,38997.97,5.24,Pending
178958,12,2016-04-15,Highlander,76349.78,5.65,Completed
178959,20,2016-04-16,Camry,51375.03,5.77,Completed
178960,10,2016-04-09,Highlander,58402.99,4.88,Completed
178961,7,2016-04-12,Sienna,62233.85,5.39,Completed
178962,7,2016-04-16,Camry,55071.28,5.39,Completed
178963,19,2016-04-05,Corolla,33245.65,5.48,Completed
178964,7,2016-04-18,Highlander,84853.81,5.39,Completed
178965,6,2016-04-07,Tundra,43734.93,3.86,Completed
178966,12,2016-04-29,Sienna,61786.6,5.65,Completed
178967,9,2016-04-12,RAV4,45160.57,4.4,Completed
178968,5,2016-04-21,Camry,42567.73,5.34,Completed
178969,16,2016-04-14,Sienna,65973.36,6.06,Completed
178970,2,2016-04-04,Tacoma,41664.73,4.0,Completed
178971,12,2016-04-01,Prius,42678.23,5.65,Completed
178972,11,2016-04-19,Highlander,56731.9,4.16,Completed
178973,11,2016-04-01,Camry,33126.23,4.16,Completed
178974,3,2016-04-11,Sienna,69025.46,5.69,Completed
178975,11,2016-04-16,Camry,38965.07,4.16,Completed
178976,14,2016-04-01,Tacoma,54668.2,5.1,Completed
178977,1,2016-04-02,Sienna,51460.0,5.24,Completed
178978,1,2016-04-03,Camry,41558.51,5.24,Completed
178979,7,2016-04-22,Tacoma,50859.2,5.39,Completed
178980,10,2016-04-19,Tacoma,40336.97,4.88,Completed
178981,1,2016-04-20,RAV4,45479.05,5.24,Completed
178982,12,2016-04-23,Tacoma,51592.59,5.65,Completed
178983,13,2016-04-13,Tundra,61958.03,5.61,Pending
178984,2,2016-04-07,Tundra,52498.8,4.0,Completed
178985,19,2016-04-27,Tundra,59493.54,5.48,Completed
178986,11,2016-04-18,Tundra,48459.29,4.16,Completed
178987,6,2016-04-16,Highlander,52414.87,3.86,Completed
178988,2,2016-04-13,Tundra,52110.39,4.0,Completed
178989,3,2016-04-12,Sienna,71565.61,5.69,Completed
178990,14,2016-04-21,Sienna,57420.86,5.1,Completed
178991,18,2016-04-05,Camry,54079.43,5.68,Completed
178992,6,2016-04-27,Highlander,61240.71,3.86,Completed
178993,1,2016-04-15,Highlander,73823.39,5.24,Completed
178994,1,2016-04-23,Prius,32377.27,5.24,Completed
178995,20,2016-04-10,Tundra,64651.8,5.77,Completed
178996,18,2016-04-25,Sienna,68229.78,5.68,Pending
178997,16,2016-04-04,Corolla,40572.44,6.06,Completed
178998,3,2016-04-15,Camry,53863.98,5.69,Completed
178999,18,2016-04-28,Tundra,70481.89,5.68,Completed
179000,7,2016-04-11,Camry,50658.88,5.39,Completed
179001,3,2016-04-09,Prius,40924.12,5.69,Completed
179002,20,2016-04-27,Tacoma,53649.15,5.77,Completed
179003,19,2016-04-10,Prius,35436.31,5.48,Completed
179004,15,2016-04-04,Prius,39649.46,4.86,Completed
179005,11,2016-04-06,Highlander,62620.58,4.16,Completed
179006,9,2016-04-14,Sienna,48619.78,4.4,Completed
179007,1,2016-04-27,Prius,32725.63,5.24,Completed
179008,20,2016-04-30,Tacoma,50110.08,5.77,Completed
179009,4,2016-04-26,Corolla,23688.48,3.81,Completed
179010,13,2016-04-25,Corolla,34846.35,5.61,Completed
179011,2,2016-04-18,Corolla,29352.45,4.0,Completed
179012,12,2016-04-29,Corolla,38940.37,5.65,Completed
179013,5,2016-04-17,Corolla,32043.47,5.34,Completed
179014,18,2016-04-11,Camry,58258.0,5.68,Completed
179015,13,2016-04-15,RAV4,59108.76,5.61,Cancelled
179016,19,2016-04-07,RAV4,51299.19,5.48,Completed
179017,16,2016-04-22,Prius,40629.11,6.06,Completed
179018,15,2016-04-01,Highlander,77504.25,4.86,Completed
179019,19,2016-04-04,Tacoma,49230.55,5.48,Completed
179020,9,2016-04-01,Highlander,54734.43,4.4,Completed
179021,15,2016-04-01,Highlander,80589.14,4.86,Completed
179022,3,2016-04-25,Tundra,62316.61,5.69,Completed
179023,7,2016-04-24,Sienna,70395.76,5.39,Completed
179024,19,2016-04-29,RAV4,49732.59,5.48,Completed
179025,16,2016-04-08,Sienna,59552.76,6.06,Cancelled
179026,1,2016-04-20,Sienna,55271.33,5.24,Completed
179027,14,2016-04-07,Sienna,60808.57,5.1,Completed
179028,10,2016-04-17,Camry,38392.67,4.88,Completed
179029,13,2016-04-10,Sienna,70062.74,5.61,Completed
179030,9,2016-04-10,Tundra,43911.19,4.4,Completed
179031,10,2016-04-25,Tacoma,38664.3,4.88,Completed
179032,4,2016-04-10,Tacoma,38603.2,3.81,Completed
179033,15,2016-04-24,Tundra,61138.32,4.86,Completed
179034,2,2016-04-26,RAV4,40248.4,4.0,Completed
179035,11,2016-04-08,Sienna,49409.31,4.16,Completed
179036,15,2016-04-01,RAV4,55403.37,4.86,Completed
179037,13,2016-04-23,Highlander,87223.92,5.61,Completed
179038,3,2016-04-22,Prius,45643.03,5.69,Completed
179039,11,2016-04-19,Corolla,24670.38,4.16,Completed
179040,5,2016-04-20,Camry,38277.36,5.34,Completed
179041,3,2016-04-06,Tacoma,55057.06,5.69,Completed
179042,8,2016-04-19,Corolla,36750.19,5.84,Completed
179043,10,2016-04-10,Tacoma,41295.9,4.88,Completed
179044,11,2016-04-28,Prius,30617.89,4.16,Completed
179045,12,2016-04-10,Highlander,75372.92,5.65,Completed
179046,10,2016-04-23,Camry,40573.99,4.88,Completed
179047,11,2016-04-08,RAV4,41587.82,4.16,Completed
179048,8,2016-04-10,Highlander,75131.62,5.84,Completed
179049,7,2016-04-29,Corolla,34707.27,5.39,Completed
179050,15,2016-04-18,Tacoma,48162.91,4.86,Completed
179051,5,2016-04-10,Tacoma,41569.55,5.34,Completed
179052,17,2016-04-21,Highlander,56167.31,4.51,Completed
179053,14,2016-04-18,Corolla,38094.26,5.1,Completed
179054,16,2016-04-19,RAV4,59815.03,6.06,Completed
179055,15,2016-04-07,RAV4,58798.0,4.86,Completed
179056,17,2016-04-02,Corolla,24102.41,4.51,Completed
179057,7,2016-04-24,Prius,40794.8,5.39,Completed
179058,8,2016-04-21,RAV4,63268.24,5.84,Completed
179059,2,2016-04-16,Camry,36614.96,4.0,Completed
179060,18,2016-04-10,Corolla,41849.29,5.68,Completed
179061,7,2016-04-23,Camry,47199.12,5.39,Completed
179062,6,2016-04-24,Camry,37946.27,3.86,Completed
179063,13,2016-04-29,Tacoma,58104.12,5.61,Completed
179064,17,2016-04-07,Corolla,25283.66,4.51,Completed
179065,15,2016-04-02,Camry,49858.59,4.86,Completed
179066,7,2016-04-14,Tundra,70325.35,5.39,Completed
179067,5,2016-04-09,Tundra,56569.89,5.34,Completed
179068,3,2016-04-16,Corolla,37186.21,5.69,Completed
179069,17,2016-04-23,Highlander,52514.3,4.51,Completed
179070,7,2016-04-27,RAV4,53771.6,5.39,Completed
179071,18,2016-04-13,Tacoma,56168.84,5.68,Completed
179072,9,2016-04-12,Highlander,54106.47,4.4,Completed
179073,8,2016-04-26,RAV4,59931.87,5.84,Completed
179074,10,2016-04-19,Prius,30162.21,4.88,Completed
179075,16,2016-04-17,Tundra,63744.65,6.06,Completed
179076,1,2016-04-04,RAV4,51858.61,5.24,Completed
179077,10,2016-04-28,Camry,38984.38,4.88,Completed
179078,1,2016-04-22,Prius,32900.07,5.24,Completed
179079,6,2016-04-28,RAV4,40385.13,3.86,Completed
179080,18,2016-04-04,Prius,47230.4,5.68,Completed
179081,6,2016-04-06,Highlander,54207.34,3.86,Completed
179082,13,2016-04-28,Tundra,71160.44,5.61,Completed
179083,16,2016-04-16,Camry,55813.24,6.06,Completed
179084,18,2016-04-04,RAV4,59161.68,5.68,Completed
179085,5,2016-04-15,Prius,35771.01,5.34,Completed
179086,11,2016-04-19,Sienna,45740.45,4.16,Completed
179087,5,2016-04-29,Tundra,52306.91,5.34,Completed
179088,2,2016-04-11,Camry,34604.12,4.0,Completed
179089,15,2016-04-21,Tundra,61769.29,4.86,Completed
179090,16,2016-04-26,Tundra,71631.74,6.06,Completed
179091,9,2016-04-27,Prius,29118.44,4.4,Completed
179092,9,2016-04-15,Prius,30921.83,4.4,Cancelled
179093,3,2016-04-11,RAV4,65629.67,5.69,Completed
179094,2,2016-04-02,Corolla,29319.8,4.0,Completed
179095,10,2016-04-25,Camry,34055.84,4.88,Completed
179096,20,2016-04-24,Camry,50166.47,5.77,Completed
179097,16,2016-04-03,Prius,41454.54,6.06,Completed
179098,16,2016-04-02,Corolla,37678.33,6.06,Completed
179099,7,2016-04-08,Tacoma,51323.97,5.39,Completed
179100,19,2016-04-05,Corolla,31503.36,5.48,Completed
179101,10,2016-04-09,Tundra,47895.95,4.88,Completed
179102,8,2016-04-14,Sienna,62525.3,5.84,Completed
179103,20,2016-04-29,Highlander,83137.71,5.77,Completed
179104,10,2016-04-09,Sienna,48234.8,4.88,Completed
179105,2,2016-04-26,Corolla,26315.94,4.0,Completed
179106,3,2016-04-28,Prius,41157.81,5.69,Completed
179107,17,2016-04-12,Tacoma,35720.07,4.51,Completed
179108,10,2016-04-14,Highlander,54824.14,4.88,Completed
179109,20,2016-04-29,Camry,51690.71,5.77,Cancelled
179110,16,2016-04-05,Prius,44201.28,6.06,Completed
179111,6,2016-04-10,Highlander,62222.02,3.86,Completed
179112,17,2016-04-17,Highlander,53152.2,4.51,Completed
179113,7,2016-04-11,Corolla,36539.1,5.39,Completed
179114,8,2016-04-10,Prius,40432.32,5.84,Completed
179115,1,2016-04-02,Sienna,51627.41,5.24,Completed
179116,17,2016-04-07,Sienna,47074.38,4.51,Completed
179117,5,2016-04-15,Camry,40501.64,5.34,Completed
179118,13,2016-04-08,Sienna,72190.0,5.61,Completed
179119,3,2016-04-23,Corolla,39538.76,5.69,Completed
179120,1,2016-04-01,Corolla,31072.68,5.24,Completed
179121,14,2016-04-08,Prius,40445.73,5.1,Completed
179122,15,2016-04-25,Tundra,60829.64,4.86,Completed
179123,2,2016-04-23,Sienna,49059.77,4.0,Completed
179124,14,2016-04-28,Camry,42785.01,5.1,Completed
179125,10,2016-04-11,Prius,29543.25,4.88,Completed
179126,17,2016-04-15,RAV4,37747.12,4.51,Completed
179127,20,2016-04-26,Sienna,57698.86,5.77,Completed
179128,4,2016-04-06,Sienna,45249.61,3.81,Completed
179129,20,2016-04-04,Prius,40199.51,5.77,Completed
179130,9,2016-04-27,Tacoma,38897.48,4.4,Completed
179131,3,2016-04-14,RAV4,57215.89,5.69,Cancelled
179132,20,2016-04-06,Camry,53791.37,5.77,Completed
179133,5,2016-04-08,Sienna,54529.36,5.34,Completed
179134,14,2016-04-13,Tundra,60720.51,5.1,Completed
179135,12,2016-04-28,Sienna,57680.77,5.65,Completed
179136,7,2016-04-01,Camry,47452.24,5.39,Completed
179137,20,2016-04-06,Camry,46853.53,5.77,Completed
179138,3,2016-04-27,Tundra,61607.54,5.69,Completed
179139,18,2016-04-11,Sienna,66277.19,5.68,Completed
179140,12,2016-04-17,RAV4,57203.42,5.65,Pending
179141,2,2016-04-03,Prius,30106.23,4.0,Completed
179142,6,2016-04-06,Tundra,41655.97,3.86,Completed
179143,20,2016-04-14,Prius,40824.24,5.77,Completed
179144,15,2016-04-14,Tundra,57686.6,4.86,Completed
179145,11,2016-04-10,Corolla,24736.47,4.16,Completed
179146,17,2016-04-15,Sienna,46233.06,4.51,Completed
179147,6,2016-04-05,Prius,26579.83,3.86,Completed
179148,18,2016-04-27,Highlander,88904.02,5.68,Completed
179149,19,2016-04-09,Sienna,52933.02,5.48,Completed
179150,6,2016-04-05,Prius,30017.89,3.86,Completed
179151,20,2016-04-12,Corolla,34827.78,5.77,Cancelled
179152,12,2016-04-08,Highlander,80740.05,5.65,Completed
179153,19,2016-04-04,Prius,33126.51,5.48,Completed
179154,1,2016-04-15,RAV4,45727.29,5.24,Completed
179155,10,2016-04-02,Camry,38597.94,4.88,Completed
179156,13,2016-04-01,RAV4,55228.01,5.61,Completed
179157,3,2016-04-07,Highlander,85911.01,5.69,Pending
179158,20,2016-04-02,RAV4,60425.19,5.77,Completed
179159,1,2016-04-20,Tundra,53227.62,5.24,Completed
179160,13,2016-04-17,Highlander,83834.44,5.61,Completed
179161,1,2016-04-30,Camry,41364.14,5.24,Completed
179162,6,2016-04-14,Tundra,48892.79,3.86,Completed
179163,1,2016-04-12,Sienna,50876.87,5.24,Completed
179164,15,2016-04-03,Prius,43971.97,4.86,Completed
179165,1,2016-04-04,Prius,37834.68,5.24,Completed
179166,4,2016-04-05,Tundra,44536.28,3.81,Completed
179167,15,2016-04-28,Prius,38004.77,4.86,Completed
179168,20,2016-04-03,Corolla,36038.54,5.77,Completed
179169,2,2016-04-08,Sienna,47957.86,4.0,Completed
179170,15,2016-04-21,Prius,39673.11,4.86,Completed
179171,3,2016-04-28,RAV4,59528.16,5.69,Completed
179172,5,2016-04-25,Tundra,53854.63,5.34,Completed
179173,16,2016-04-15,Tundra,61826.03,6.06,Completed
179174,6,2016-04-28,RAV4,38697.3,3.86,Completed
179175,10,2016-04-15,Tundra,43838.16,4.88,Completed
179176,14,2016-04-02,Highlander,72818.31,5.1,Completed
179177,18,2016-04-26,Corolla,37438.42,5.68,Completed
179178,13,2016-04-29,Camry,54295.04,5.61,Completed
179179,4,2016-04-26,Corolla,25509.25,3.81,Completed
179180,4,2016-04-30,Tundra,42899.23,3.81,Pending
179181,13,2016-04-04,Sienna,68030.83,5.61,Completed
179182,12,2016-04-16,Tundra,62502.56,5.65,Completed
179183,15,2016-04-25,Corolla,35848.78,4.86,Completed
179184,14,2016-04-24,Prius,43287.49,5.1,Completed
179185,4,2016-04-16,Sienna,40761.23,3.81,Completed
179186,16,2016-04-12,Corolla,34884.76,6.06,Completed
179187,2,2016-04-20,RAV4,47328.06,4.0,Completed
179188,20,2016-04-13,Highlander,88631.41,5.77,Completed
179189,14,2016-04-11,Highlander,74778.68,5.1,Pending
179190,14,2016-04-29,Sienna,60280.22,5.1,Completed
179191,6,2016-04-04,Camry,37637.96,3.86,Completed
179192,2,2016-04-09,Tacoma,41980.11,4.0,Completed
179193,4,2016-04-04,Highlander,51479.38,3.81,Completed
179194,11,2016-04-05,Highlander,63568.59,4.16,Completed
179195,1,2016-04-17,RAV4,44777.13,5.24,Completed
179196,15,2016-04-17,RAV4,58001.54,4.86,Completed
179197,11,2016-04-07,Sienna,43477.65,4.16,Completed
179198,6,2016-04-20,Sienna,43771.84,3.86,Completed
179199,2,2016-04-17,Camry,36649.53,4.0,Completed
179200,1,2016-04-22,Highlander,74174.98,5.24,Completed
179201,11,2016-04-25,Corolla,25741.19,4.16,Completed
179202,2,2016-04-21,RAV4,43847.67,4.0,Completed
179203,5,2016-04-24,Camry,44813.32,5.34,Completed
179204,1,2016-04-22,Tundra,48867.52,5.24,Completed
179205,18,2016-04-12,Prius,40157.08,5.68,Completed
179206,9,2016-04-02,Prius,27891.49,4.4,Completed
179207,1,2016-04-12,RAV4,45845.45,5.24,Completed
179208,12,2016-04-04,Camry,47795.05,5.65,Completed
179209,7,2016-04-04,Tacoma,58667.66,5.39,Completed
179210,5,2016-04-19,Sienna,57168.52,5.34,Completed
179211,2,2016-04-02,Highlander,56115.25,4.0,Completed
179212,6,2016-04-20,Tundra,42439.89,3.86,Completed
179213,11,2016-04-18,Camry,35707.21,4.16,Completed
179214,16,2016-04-03,Highlander,81433.7,6.06,Completed
179215,13,2016-04-14,Camry,50012.14,5.61,Completed
179216,10,2016-04-13,Tundra,48058.78,4.88,Completed
179217,3,2016-04-04,Tacoma,54410.52,5.69,Completed
179218,15,2016-04-24,Tacoma,56253.15,4.86,Completed
179219,8,2016-04-14,Camry,53021.52,5.84,Completed
179220,5,2016-04-26,Highlander,65017.75,5.34,Completed
179221,3,2016-04-05,Camry,46747.21,5.69,Completed
179222,7,2016-04-15,RAV4,56146.41,5.39,Completed
179223,8,2016-04-06,Camry,51203.05,5.84,Completed
179224,4,2016-04-02,Highlander,57656.67,3.81,Completed
179225,5,2016-04-18,Camry,40731.62,5.34,Completed
179226,5,2016-04-06,Tacoma,49267.23,5.34,Completed
179227,4,2016-04-02,Prius,26075.76,3.81,Pending
179228,16,2016-04-30,Camry,48965.06,6.06,Completed
179229,11,2016-04-30,Sienna,46732.11,4.16,Completed
179230,15,2016-04-08,Sienna,64006.02,4.86,Completed
179231,7,2016-04-07,Sienna,60345.7,5.39,Completed
179232,20,2016-04-01,Sienna,57712.65,5.77,Completed
179233,14,2016-04-28,RAV4,55904.59,5.1,Completed
179234,15,2016-04-04,Prius,38908.01,4.86,Completed
179235,14,2016-04-29,Highlander,82638.29,5.1,Completed
179236,11,2016-04-05,Sienna,42066.33,4.16,Cancelled
179237,8,2016-04-08,Sienna,60642.68,5.84,Completed
179238,13,2016-04-18,RAV4,59910.83,5.61,Completed
179239,17,2016-04-20,Tundra,43086.14,4.51,Completed
179240,15,2016-04-11,Tundra,60922.52,4.86,Completed
179241,10,2016-04-24,Sienna,50639.92,4.88,Completed
179242,8,2016-04-24,Prius,41746.27,5.84,Completed
179243,6,2016-04-21,Tacoma,39461.83,3.86,Completed
179244,1,2016-04-02,Prius,36666.05,5.24,Completed
179245,13,2016-04-20,RAV4,61086.77,5.61,Completed
179246,9,2016-04-13,RAV4,37983.81,4.4,Completed
179247,12,2016-04-14,Highlander,72636.53,5.65,Completed
179248,10,2016-04-11,Corolla,28348.66,4.88,Completed
179249,3,2016-04-16,Corolla,35457.96,5.69,Completed
179250,2,2016-04-02,Corolla,29136.81,4.0,Completed
179251,10,2016-04-24,Sienna,49804.97,4.88,Completed
179252,20,2016-04-25,Corolla,34437.87,5.77,Completed
179253,9,2016-04-07,RAV4,40956.15,4.4,Completed
179254,3,2016-04-16,Highlander,78581.97,5.69,Completed
179255,18,2016-04-09,Camry,50575.45,5.68,Completed
179256,12,2016-04-05,Highlander,78578.6,5.65,Completed
179257,7,2016-04-13,RAV4,53494.17,5.39,Completed
179258,7,2016-04-03,Tundra,59321.69,5.39,Completed
179259,20,2016-04-28,Camry,47394.18,5.77,Completed
179260,19,2016-04-20,Tundra,57109.77,5.48,Completed
179261,11,2016-04-16,Tundra,48184.62,4.16,Completed
179262,8,2016-04-09,Tacoma,54040.07,5.84,Completed
179263,20,2016-04-20,Corolla,35689.76,5.77,Completed
179264,11,2016-04-22,Camry,35348.44,4.16,Completed
179265,15,2016-04-19,Sienna,65503.9,4.86,Completed
179266,7,2016-04-12,Camry,55276.66,5.39,Completed
179267,16,2016-04-04,RAV4,62869.21,6.06,Completed
179268,15,2016-04-26,Corolla,32395.3,4.86,Cancelled
179269,9,2016-04-02,Corolla,26022.29,4.4,Completed
179270,12,2016-04-01,Prius,39798.24,5.65,Completed
179271,6,2016-04-23,RAV4,42506.84,3.86,Completed
179272,4,2016-04-13,Tacoma,33511.09,3.81,Completed
179273,14,2016-04-17,Sienna,63288.25,5.1,Completed
179274,17,2016-04-25,RAV4,41031.84,4.51,Completed
179275,15,2016-04-08,Prius,39312.06,4.86,Completed
179276,9,2016-04-08,Tacoma,41242.4,4.4,Completed
179277,14,2016-04-10,Tacoma,46262.85,5.1,Completed
179278,7,2016-04-05,Sienna,65982.82,5.39,Completed
179279,4,2016-04-08,RAV4,37693.48,3.81,Completed
179280,8,2016-04-28,Tacoma,51721.38,5.84,Completed
179281,16,2016-04-30,Tundra,70258.08,6.06,Completed
179282,4,2016-04-04,Tundra,43958.2,3.81,Completed
179283,4,2016-04-20,Prius,28611.51,3.81,Completed
179284,12,2016-04-13,Corolla,34136.23,5.65,Completed
179285,17,2016-04-13,Corolla,25722.67,4.51,Completed
179286,20,2016-04-05,Tundra,63697.07,5.77,Completed
179287,16,2016-04-23,Sienna,65575.29,6.06,Completed
179288,6,2016-04-10,Prius,30333.37,3.86,Completed
179289,15,2016-04-29,Corolla,36807.65,4.86,Completed
179290,18,2016-04-01,Highlander,88638.48,5.68,Completed
179291,17,2016-04-03,Highlander,57826.67,4.51,Completed
179292,15,2016-04-23,Highlander,86729.8,4.86,Pending
179293,19,2016-04-01,Tundra,50641.65,5.48,Completed
179294,8,2016-04-17,Highlander,75625.14,5.84,Completed
179295,7,2016-04-02,Highlander,84302.1,5.39,Completed
179296,4,2016-04-06,RAV4,42405.15,3.81,Completed
179297,16,2016-04-11,Tacoma,53807.66,6.06,Completed
179298,3,2016-04-19,Tundra,69450.2,5.69,Completed
179299,8,2016-04-09,Corolla,35419.99,5.84,Completed
179300,14,2016-04-27,Corolla,35495.17,5.1,Completed
179301,2,2016-04-28,Highlander,57899.94,4.0,Completed
179302,20,2016-04-16,Camry,51474.09,5.77,Completed
179303,18,2016-04-17,Tundra,74301.85,5.68,Completed
179304,1,2016-04-02,Prius,33407.58,5.24,Completed
179305,19,2016-04-20,Tacoma,45293.1,5.48,Completed
179306,1,2016-04-29,Sienna,48869.96,5.24,Completed
179307,12,2016-04-02,Corolla,38868.29,5.65,Completed
179308,13,2016-04-03,RAV4,58632.23,5.61,Completed
179309,20,2016-04-13,Tundra,62700.86,5.77,Completed
179310,13,2016-04-15,Tacoma,59101.01,5.61,Completed
179311,5,2016-04-13,Highlander,68492.02,5.34,Completed
179312,14,2016-04-09,RAV4,52651.94,5.1,Completed
179313,2,2016-04-04,Corolla,25391.34,4.0,Completed
179314,7,2016-04-26,Prius,38953.41,5.39,Completed
179315,13,2016-04-21,Tundra,64830.45,5.61,Completed
179316,10,2016-04-05,Tundra,52117.16,4.88,Completed
179317,4,2016-04-06,RAV4,36321.25,3.81,Completed
179318,1,2016-04-29,Corolla,32390.62,5.24,Completed
179319,13,2016-04-20,Tundra,69345.94,5.61,Completed
179320,10,2016-04-16,Corolla,24682.26,4.88,Cancelled
179321,7,2016-04-03,Tundra,64295.88,5.39,Completed
179322,7,2016-04-17,Highlander,82141.5,5.39,Pending
179323,6,2016-04-30,Tundra,46699.74,3.86,Completed
179324,4,2016-04-14,Corolla,25104.67,3.81,Completed
179325,16,2016-04-26,Corolla,36504.04,6.06,Cancelled
179326,8,2016-04-11,Tacoma,50448.58,5.84,Completed
179327,8,2016-04-15,RAV4,56557.27,5.84,Completed
179328,4,2016-04-11,Tundra,40345.6,3.81,Completed
179329,4,2016-04-30,Tacoma,36322.91,3.81,Completed
179330,5,2016-04-07,Corolla,32818.53,5.34,Completed
179331,5,2016-04-02,Sienna,58272.02,5.34,Completed
179332,13,2016-04-03,Camry,51647.43,5.61,Completed
179333,2,2016-04-08,Tundra,48516.59,4.0,Completed
179334,13,2016-04-26,Highlander,84137.48,5.61,Completed
179335,14,2016-04-30,RAV4,59358.83,5.1,Completed
179336,19,2016-04-26,Corolla,31679.22,5.48,Completed
179337,19,2016-04-22,Tundra,56920.72,5.48,Cancelled
179338,8,2016-04-27,Camry,52813.13,5.84,Completed
179339,12,2016-04-23,Sienna,58512.46,5.65,Completed
179340,1,2016-04-14,Tacoma,43615.02,5.24,Pending
179341,8,2016-04-09,Camry,46652.88,5.84,Completed
179342,10,2016-04-07,Corolla,28563.08,4.88,Completed
179343,6,2016-04-20,Camry,33108.2,3.86,Completed
179344,18,2016-04-16,Tundra,62870.93,5.68,Completed
179345,20,2016-04-10,Camry,46239.56,5.77,Completed
179346,10,2016-04-18,Corolla,28137.47,4.88,Completed
179347,19,2016-04-23,Camry,41905.8,5.48,Completed
179348,9,2016-04-27,Tacoma,35475.53,4.4,Completed
179349,19,2016-04-17,Corolla,28759.56,5.48,Completed
179350,5,2016-04-05,Sienna,56121.02,5.34,Completed
179351,15,2016-04-14,Tacoma,49853.5,4.86,Completed
179352,8,2016-04-29,Camry,49542.04,5.84,Completed
179353,2,2016-04-12,Corolla,25710.82,4.0,Completed
179354,18,2016-04-24,Tundra,61540.01,5.68,Completed
179355,20,2016-04-29,RAV4,59410.46,5.77,Completed
179356,19,2016-04-11,Highlander,72309.32,5.48,Completed
179357,13,2016-04-07,Highlander,76895.83,5.61,Completed
179358,4,2016-04-23,Sienna,44861.43,3.81,Completed
179359,10,2016-04-14,Tacoma,36283.07,4.88,Completed
179360,6,2016-04-26,RAV4,41544.61,3.86,Completed
179361,3,2016-04-28,RAV4,58088.73,5.69,Completed
179362,6,2016-04-17,Camry,33638.51,3.86,Completed
179363,10,2016-04-11,Sienna,47490.62,4.88,Completed
179364,4,2016-04-14,Corolla,25827.17,3.81,Completed
179365,18,2016-04-07,Tundra,61922.87,5.68,Completed
179366,1,2016-04-03,Prius,33177.64,5.24,Completed
179367,15,2016-04-05,Sienna,59731.14,4.86,Completed
179368,19,2016-04-30,RAV4,54365.13,5.48,Completed
179369,6,2016-04-03,Camry,38245.58,3.86,Completed
179370,5,2016-04-16,RAV4,51036.06,5.34,Completed
179371,10,2016-04-30,Tundra,51319.78,4.88,Completed
179372,11,2016-04-09,RAV4,45823.36,4.16,Completed
179373,16,2016-04-04,Sienna,63507.27,6.06,Completed
179374,4,2016-04-20,Highlander,58957.6,3.81,Completed
179375,7,2016-04-23,Tundra,65688.48,5.39,Completed
179376,10,2016-04-03,Sienna,47762.47,4.88,Completed
179377,12,2016-04-06,RAV4,61679.71,5.65,Completed
179378,19,2016-04-10,Sienna,54666.32,5.48,Completed
179379,7,2016-04-28,Camry,51109.76,5.39,Completed
179380,2,2016-04-28,Highlander,56758.59,4.0,Completed
179381,7,2016-04-14,Corolla,36235.27,5.39,Completed
179382,5,2016-04-18,Tacoma,46445.4,5.34,Completed
179383,9,2016-04-30,Highlander,58673.49,4.4,Completed
179384,3,2016-04-30,RAV4,60865.76,5.69,Cancelled
179385,2,2016-04-24,Camry,40689.95,4.0,Completed
179386,14,2016-04-23,Tundra,65513.12,5.1,Completed
179387,18,2016-04-14,Sienna,68586.0,5.68,Completed
179388,16,2016-04-16,Tundra,60466.54,6.06,Completed
179389,8,2016-04-28,Tundra,67498.47,5.84,Completed
179390,20,2016-04-30,Tundra,61631.55,5.77,Completed
179391,6,2016-04-17,Tundra,48458.26,3.86,Completed
179392,19,2016-04-19,Sienna,55122.25,5.48,Completed
179393,6,2016-04-13,Tundra,47187.79,3.86,Completed
179394,6,2016-04-01,Tacoma,38795.12,3.86,Completed
179395,16,2016-04-03,Sienna,61526.26,6.06,Completed
179396,16,2016-04-06,RAV4,60603.71,6.06,Completed
179397,19,2016-04-12,Tacoma,44704.77,5.48,Completed
179398,8,2016-04-20,Sienna,58124.89,5.84,Completed
179399,18,2016-04-18,Corolla,42559.01,5.68,Completed
179400,2,2016-04-21,Highlander,66406.81,4.0,Completed
179401,18,2016-04-11,Corolla,37749.72,5.68,Completed
179402,8,2016-04-29,Tundra,68736.98,5.84,Completed
179403,2,2016-04-12,Camry,35736.93,4.0,Completed
179404,8,2016-04-02,Sienna,62051.99,5.84,Completed
179405,18,2016-04-20,Tacoma,62074.22,5.68,Completed
179406,19,2016-04-05,Camry,46265.91,5.48,Completed
179407,10,2016-04-15,Tundra,48039.82,4.88,Completed
179408,9,2016-04-11,Sienna,41736.32,4.4,Completed
179409,1,2016-04-03,Tundra,56772.36,5.24,Completed
179410,10,2016-04-05,RAV4,44937.59,4.88,Completed
179411,13,2016-04-09,Camry,50175.09,5.61,Completed
179412,9,2016-04-23,Tacoma,34902.11,4.4,Completed
179413,8,2016-04-12,Tacoma,54207.66,5.84,Completed
179414,2,2016-04-30,Corolla,25860.53,4.0,Completed
179415,16,2016-04-03,Tacoma,53790.04,6.06,Completed
179416,16,2016-04-22,Tundra,58853.98,6.06,Completed
179417,12,2016-04-18,Tundra,66361.53,5.65,Completed
179418,16,2016-04-14,Camry,51806.02,6.06,Completed
179419,5,2016-04-24,RAV4,49059.14,5.34,Completed
179420,9,2016-04-12,Prius,27305.87,4.4,Completed
179421,20,2016-04-27,Sienna,66479.9,5.77,Completed
179422,7,2016-04-21,Sienna,66881.21,5.39,Completed
179423,12,2016-04-24,Tundra,62807.65,5.65,Completed
179424,15,2016-04-02,Camry,50748.95,4.86,Completed
179425,6,2016-04-29,Highlander,51897.98,3.86,Completed
179426,8,2016-04-27,RAV4,62021.89,5.84,Completed
179427,14,2016-04-10,Sienna,54549.13,5.1,Completed
179428,4,2016-04-09,RAV4,37862.62,3.81,Completed
179429,11,2016-04-18,RAV4,45034.3,4.16,Completed
179430,10,2016-04-04,Prius,30947.68,4.88,Completed
179431,3,2016-04-04,Sienna,62849.36,5.69,Completed
179432,3,2016-04-04,Highlander,89769.51,5.69,Completed
179433,20,2016-04-19,Highlander,77944.35,5.77,Completed
179434,8,2016-04-14,Tacoma,53962.33,5.84,Completed
179435,8,2016-04-10,Camry,50997.51,5.84,Completed
179436,10,2016-04-08,Tacoma,38989.88,4.88,Completed
179437,6,2016-04-24,Camry,36554.47,3.86,Completed
179438,7,2016-04-25,Tundra,63943.87,5.39,Completed
179439,10,2016-04-05,RAV4,39608.24,4.88,Completed
179440,20,2016-04-27,Prius,44545.5,5.77,Completed
179441,4,2016-04-08,Highlander,61269.79,3.81,Completed
179442,11,2016-04-27,Highlander,55623.73,4.16,Completed
179443,14,2016-04-05,Tundra,58367.55,5.1,Completed
179444,20,2016-04-20,RAV4,63865.87,5.77,Completed
179445,9,2016-04-25,Prius,32284.14,4.4,Completed
179446,14,2016-04-17,Tundra,55555.04,5.1,Completed
179447,13,2016-04-29,Sienna,61298.93,5.61,Completed
179448,18,2016-04-20,Sienna,71682.71,5.68,Completed
179449,2,2016-04-24,Prius,29622.5,4.0,Completed
179450,3,2016-04-19,Sienna,66054.58,5.69,Completed
179451,1,2016-04-20,Prius,36790.61,5.24,Completed
179452,6,2016-04-02,Sienna,48901.31,3.86,Completed
179453,1,2016-04-18,Sienna,50828.98,5.24,Pending
179454,19,2016-04-20,Camry,40245.87,5.48,Completed
179455,3,2016-04-24,Prius,46504.96,5.69,Completed
179456,2,2016-04-21,Sienna,47507.53,4.0,Completed
179457,2,2016-04-11,Sienna,47503.99,4.0,Completed
179458,3,2016-04-07,Tundra,64192.12,5.69,Completed
179459,5,2016-04-15,Prius,36743.81,5.34,Completed
179460,9,2016-04-11,Tacoma,36064.75,4.4,Completed
179461,7,2016-04-04,Sienna,69656.75,5.39,Completed
179462,12,2016-04-19,Tacoma,48921.41,5.65,Completed
179463,4,2016-04-27,Camry,31971.08,3.81,Completed
179464,15,2016-04-05,RAV4,57607.14,4.86,Completed
179465,14,2016-04-28,Sienna,61751.86,5.1,Completed
179466,7,2016-04-02,Tacoma,50194.13,5.39,Completed
179467,15,2016-04-23,Prius,43667.21,4.86,Completed
179468,7,2016-04-29,Tundra,58373.61,5.39,Completed
179469,15,2016-04-23,RAV4,57114.06,4.86,Completed
179470,2,2016-04-04,Camry,37268.79,4.0,Pending
179471,16,2016-04-06,Camry,52060.13,6.06,Completed
179472,19,2016-04-22,Sienna,60572.71,5.48,Completed
179473,15,2016-04-25,Camry,49904.31,4.86,Completed
179474,7,2016-04-27,Prius,44994.43,5.39,Completed
179475,17,2016-04-17,Camry,33423.38,4.51,Completed
179476,5,2016-04-29,Highlander,69829.78,5.34,Completed
179477,1,2016-04-24,Sienna,51876.0,5.24,Completed
179478,7,2016-04-04,Tacoma,49351.44,5.39,Completed
179479,19,2016-04-12,Camry,39908.69,5.48,Completed
179480,19,2016-04-24,Tundra,54513.12,5.48,Completed
179481,10,2016-04-04,Corolla,26179.93,4.88,Completed
179482,13,2016-04-26,Tacoma,59358.11,5.61,Completed
179483,2,2016-04-24,RAV4,47276.67,4.0,Completed
179484,10,2016-04-15,Tacoma,40353.0,4.88,Completed
179485,8,2016-04-16,Prius,44238.4,5.84,Pending
179486,5,2016-04-25,RAV4,50703.4,5.34,Completed
179487,8,2016-04-18,Sienna,58430.46,5.84,Completed
179488,17,2016-04-09,Prius,30966.48,4.51,Completed
179489,12,2016-04-23,Tacoma,55444.64,5.65,Completed
179490,4,2016-04-05,Camry,32777.6,3.81,Completed
179491,10,2016-04-02,Prius,33000.43,4.88,Completed
179492,4,2016-04-14,Prius,28783.5,3.81,Cancelled
179493,6,2016-04-14,Tacoma,36943.59,3.86,Completed
179494,12,2016-04-16,Tundra,62221.98,5.65,Completed
179495,2,2016-04-25,Corolla,26474.56,4.0,Completed
179496,2,2016-04-22,Corolla,26701.83,4.0,Completed
179497,17,2016-04-09,Sienna,41876.49,4.51,Completed
179498,14,2016-04-20,Tundra,59723.13,5.1,Completed
179499,4,2016-04-09,Tacoma,39105.34,3.81,Completed
179500,7,2016-04-26,Prius,40940.03,5.39,Completed
179501,11,2016-04-06,Highlander,60442.78,4.16,Completed
179502,1,2016-04-17,Prius,34306.74,5.24,Completed
179503,14,2016-04-12,Highlander,71282.8,5.1,Pending
179504,15,2016-04-04,Camry,50769.43,4.86,Completed
179505,4,2016-04-21,Tundra,45370.68,3.81,Completed
179506,1,2016-04-01,Highlander,65190.38,5.24,Completed
179507,4,2016-04-23,Highlander,51002.28,3.81,Completed
179508,13,2016-04-14,Highlander,84826.81,5.61,Completed
179509,1,2016-04-10,Tacoma,40807.65,5.24,Completed
179510,7,2016-04-09,Corolla,36661.43,5.39,Completed
179511,14,2016-04-29,Sienna,54817.57,5.1,Completed
179512,2,2016-04-28,Prius,34021.22,4.0,Completed
179513,15,2016-04-27,Corolla,34488.47,4.86,Pending
179514,15,2016-04-13,Camry,52498.98,4.86,Completed
179515,11,2016-04-08,Camry,34766.66,4.16,Completed
179516,17,2016-04-23,Sienna,47512.85,4.51,Completed
179517,12,2016-04-18,Tacoma,52076.81,5.65,Completed
179518,14,2016-04-11,Tundra,56489.08,5.1,Completed
179519,17,2016-04-05,Sienna,40761.8,4.51,Completed
179520,7,2016-04-29,Highlander,85055.48,5.39,Completed
179521,6,2016-04-04,Tacoma,41209.05,3.86,Completed
179522,20,2016-04-12,Prius,40479.84,5.77,Completed
179523,1,2016-04-29,Sienna,50081.47,5.24,Completed
179524,17,2016-04-16,RAV4,40044.09,4.51,Completed
179525,5,2016-04-05,Highlander,66202.07,5.34,Completed
179526,9,2016-04-20,Tundra,47384.35,4.4,Completed
179527,13,2016-04-29,Corolla,35014.99,5.61,Completed
179528,12,2016-04-10,Corolla,35818.68,5.65,Completed
179529,2,2016-04-05,Highlander,56597.5,4.0,Completed
179530,10,2016-04-18,Highlander,59353.52,4.88,Completed
179531,5,2016-04-22,Sienna,58226.2,5.34,Completed
179532,5,2016-04-27,Prius,33583.96,5.34,Completed
179533,4,2016-04-23,Corolla,24064.24,3.81,Completed
179534,1,2016-04-23,Highlander,65277.91,5.24,Completed
179535,8,2016-04-24,Highlander,81870.42,5.84,Completed
179536,19,2016-04-23,Tundra,53325.34,5.48,Completed
179537,20,2016-04-27,Highlander,73202.14,5.77,Completed
179538,10,2016-04-30,Prius,32679.71,4.88,Completed
179539,3,2016-04-05,Highlander,91339.67,5.69,Cancelled
179540,7,2016-04-12,Sienna,65970.93,5.39,Completed
179541,12,2016-04-01,Tundra,67957.28,5.65,Completed
179542,9,2016-04-06,Sienna,47736.59,4.4,Completed
179543,12,2016-04-24,Camry,44617.85,5.65,Completed
179544,12,2016-04-09,Highlander,83163.32,5.65,Completed
179545,9,2016-04-02,Corolla,28145.99,4.4,Completed
179546,9,2016-04-21,Highlander,58126.35,4.4,Completed
179547,17,2016-04-10,Prius,28686.39,4.51,Completed
179548,4,2016-04-30,Sienna,47053.24,3.81,Completed
179549,13,2016-04-01,Prius,42348.82,5.61,Completed
179550,18,2016-04-20,RAV4,64846.55,5.68,Completed
179551,20,2016-04-29,Camry,49924.62,5.77,Completed
179552,1,2016-04-29,Prius,36217.73,5.24,Cancelled
179553,18,2016-04-03,Tacoma,59902.37,5.68,Completed
179554,15,2016-04-11,RAV4,55048.85,4.86,Pending
179555,6,2016-04-29,RAV4,38508.26,3.86,Completed
179556,20,2016-04-02,Sienna,60354.99,5.77,Completed
179557,19,2016-04-21,Prius,38332.99,5.48,Completed
179558,10,2016-04-29,Sienna,42830.74,4.88,Completed
179559,6,2016-04-03,Tacoma,37069.94,3.86,Completed
179560,5,2016-04-29,Camry,39893.86,5.34,Completed
179561,18,2016-04-23,Camry,55386.68,5.68,Completed
179562,1,2016-04-30,RAV4,46154.63,5.24,Completed
179563,3,2016-04-18,RAV4,56438.93,5.69,Completed
179564,4,2016-04-10,Tacoma,36814.74,3.81,Completed
179565,8,2016-04-01,Sienna,65242.83,5.84,Completed
179566,1,2016-04-02,Tacoma,47091.89,5.24,Completed
179567,11,2016-04-29,Tacoma,41342.8,4.16,Completed
179568,10,2016-04-01,Tundra,44748.13,4.88,Completed
179569,16,2016-04-10,Prius,46104.98,6.06,Completed
179570,9,2016-04-29,Highlander,59685.13,4.4,Completed
179571,8,2016-04-10,Prius,41229.93,5.84,Completed
179572,13,2016-04-18,Prius,40703.22,5.61,Completed
179573,6,2016-04-11,Highlander,53610.6,3.86,Completed
179574,10,2016-04-28,Corolla,28258.09,4.88,Completed
179575,4,2016-04-01,Prius,30269.56,3.81,Completed
179576,11,2016-04-10,RAV4,39676.93,4.16,Completed
179577,19,2016-04-22,Sienna,59131.64,5.48,Completed
179578,15,2016-04-01,Tundra,61655.28,4.86,Completed
179579,2,2016-04-12,RAV4,45898.01,4.0,Completed
179580,7,2016-04-15,Tacoma,55979.52,5.39,Completed
179581,17,2016-04-23,Camry,35830.7,4.51,Completed
179582,13,2016-04-25,Highlander,82656.78,5.61,Completed
179583,15,2016-04-25,Sienna,64976.71,4.86,Completed
179584,10,2016-04-08,Tundra,51735.12,4.88,Completed
179585,15,2016-04-03,Tacoma,52293.75,4.86,Completed
179586,19,2016-04-19,Sienna,50438.53,5.48,Completed
179587,11,2016-04-21,Camry,34818.5,4.16,Completed
179588,3,2016-04-02,Tundra,67253.51,5.69,Pending
179589,16,2016-04-14,Tacoma,54511.76,6.06,Completed
179590,8,2016-04-20,Corolla,37209.56,5.84,Completed
179591,2,2016-04-27,Prius,32531.1,4.0,Completed
179592,10,2016-04-17,Highlander,55896.96,4.88,Completed
179593,4,2016-04-27,RAV4,39966.59,3.81,Completed
179594,20,2016-04-09,Camry,45926.3,5.77,Completed
179595,1,2016-04-29,Prius,34771.62,5.24,Completed
179596,20,2016-04-24,Tacoma,51733.62,5.77,Completed
179597,10,2016-04-23,RAV4,39870.42,4.88,Completed
179598,16,2016-04-09,Prius,44512.86,6.06,Completed
179599,9,2016-04-01,Tundra,42024.78,4.4,Completed
179600,6,2016-04-06,Highlander,53279.51,3.86,Completed
179601,3,2016-04-21,Sienna,68085.84,5.69,Completed
179602,16,2016-04-08,Corolla,37076.58,6.06,Completed
179603,13,2016-04-07,Highlander,91098.91,5.61,Pending
179604,15,2016-04-15,RAV4,59663.4,4.86,Completed
179605,3,2016-04-19,Prius,46957.37,5.69,Completed
179606,8,2016-04-16,Prius,39411.87,5.84,Completed
179607,2,2016-04-04,Corolla,26862.48,4.0,Completed
179608,14,2016-04-20,Sienna,61734.7,5.1,Completed
179609,9,2016-04-06,RAV4,42598.63,4.4,Completed
179610,13,2016-04-09,Tundra,69054.09,5.61,Completed
179611,9,2016-04-06,Corolla,27355.51,4.4,Completed
179612,2,2016-04-30,Prius,32058.57,4.0,Completed
179613,7,2016-04-15,RAV4,62765.8,5.39,Completed
179614,20,2016-04-02,Corolla,34910.87,5.77,Completed
179615,12,2016-04-07,Corolla,34750.24,5.65,Completed
179616,15,2016-04-28,Prius,40445.09,4.86,Completed
179617,13,2016-04-15,RAV4,60431.86,5.61,Completed
179618,16,2016-04-28,Corolla,36336.24,6.06,Completed
179619,19,2016-04-14,Highlander,75520.26,5.48,Completed
179620,19,2016-04-25,Tundra,51822.67,5.48,Completed
179621,9,2016-04-01,RAV4,41812.8,4.4,Completed
179622,18,2016-04-05,Camry,55531.94,5.68,Completed
179623,1,2016-04-24,RAV4,49689.7,5.24,Completed
179624,15,2016-04-27,Highlander,76353.4,4.86,Completed
179625,11,2016-04-20,RAV4,44400.82,4.16,Completed
179626,17,2016-04-21,RAV4,37326.28,4.51,Completed
179627,18,2016-04-06,Tacoma,57376.75,5.68,Completed
179628,11,2016-04-19,Camry,37480.41,4.16,Completed
179629,5,2016-04-28,RAV4,51817.05,5.34,Completed
179630,10,2016-04-15,Corolla,29835.0,4.88,Completed
179631,13,2016-04-10,Tundra,72852.25,5.61,Completed
179632,11,2016-04-27,Tacoma,37350.53,4.16,Completed
179633,3,2016-04-14,Tacoma,51481.43,5.69,Completed
179634,1,2016-04-24,Sienna,48065.2,5.24,Completed
179635,6,2016-04-19,Prius,31911.53,3.86,Completed
179636,11,2016-04-22,Tacoma,38313.67,4.16,Completed
179637,19,2016-04-11,Highlander,64462.58,5.48,Completed
179638,12,2016-04-28,RAV4,61092.9,5.65,Completed
179639,9,2016-04-24,RAV4,41884.33,4.4,Completed
179640,1,2016-04-25,Corolla,29104.14,5.24,Completed
179641,20,2016-04-08,RAV4,53730.34,5.77,Completed
179642,2,2016-04-15,Corolla,27901.79,4.0,Completed
179643,16,2016-04-25,Camry,54116.87,6.06,Cancelled
179644,13,2016-04-23,Camry,47220.73,5.61,Completed
179645,16,2016-04-27,Sienna,66198.37,6.06,Completed
179646,19,2016-04-23,Tacoma,45755.74,5.48,Completed
179647,2,2016-04-13,Prius,28402.47,4.0,Completed
179648,19,2016-04-20,Highlander,73209.07,5.48,Completed
179649,3,2016-04-22,Tacoma,61034.46,5.69,Completed
179650,8,2016-04-01,Tacoma,49285.68,5.84,Completed
179651,18,2016-04-22,Corolla,41581.09,5.68,Completed
179652,16,2016-04-13,Sienna,66084.2,6.06,Completed
179653,8,2016-04-20,Tundra,60004.98,5.84,Completed
179654,20,2016-04-30,Tacoma,54589.87,5.77,Completed
179655,7,2016-04-07,Camry,52924.08,5.39,Cancelled
179656,12,2016-04-05,RAV4,58009.11,5.65,Completed
179657,2,2016-04-04,Tacoma,43867.74,4.0,Completed
179658,3,2016-04-08,Corolla,38952.78,5.69,Completed
179659,9,2016-04-13,RAV4,45046.37,4.4,Completed
179660,19,2016-04-30,Tundra,58797.96,5.48,Completed
179661,15,2016-04-22,Tacoma,53582.11,4.86,Completed
179662,8,2016-04-26,Prius,41019.79,5.84,Completed
179663,7,2016-04-09,Prius,44225.18,5.39,Completed
179664,1,2016-04-07,Prius,33476.07,5.24,Pending
179665,14,2016-04-28,Corolla,33774.55,5.1,Completed
179666,19,2016-04-18,Tundra,55100.34,5.48,Cancelled
179667,4,2016-04-19,Tacoma,36097.08,3.81,Completed
179668,8,2016-04-19,Corolla,39632.49,5.84,Completed
179669,20,2016-04-05,RAV4,59958.27,5.77,Completed
179670,2,2016-04-19,RAV4,47941.06,4.0,Completed
179671,1,2016-04-29,Tundra,51570.59,5.24,Completed
179672,11,2016-04-18,Tacoma,38375.99,4.16,Completed
179673,6,2016-04-05,Highlander,61571.59,3.86,Completed
179674,9,2016-04-26,Tacoma,40920.96,4.4,Completed
179675,7,2016-04-05,Camry,50025.5,5.39,Completed
179676,5,2016-04-21,Corolla,31367.04,5.34,Completed
179677,15,2016-04-17,Sienna,62587.61,4.86,Completed
179678,9,2016-04-08,Tundra,45137.97,4.4,Completed
179679,2,2016-04-04,Corolla,29574.85,4.0,Completed
179680,7,2016-04-21,RAV4,57394.0,5.39,Cancelled
179681,9,2016-04-05,Highlander,56066.83,4.4,Completed
179682,19,2016-04-03,Tacoma,44253.46,5.48,Completed
179683,18,2016-04-01,Tundra,69344.74,5.68,Completed
179684,10,2016-04-14,Prius,28393.12,4.88,Completed
179685,17,2016-04-04,RAV4,43566.62,4.51,Completed
179686,3,2016-04-14,RAV4,60752.31,5.69,Completed
179687,8,2016-04-19,Prius,39943.06,5.84,Completed
179688,1,2016-04-20,Camry,40309.57,5.24,Completed
179689,13,2016-04-13,RAV4,65276.85,5.61,Completed
179690,10,2016-04-11,Highlander,66098.74,4.88,Completed
179691,15,2016-04-11,Corolla,34759.18,4.86,Completed
179692,4,2016-04-19,Prius,29318.79,3.81,Completed
179693,9,2016-04-24,Camry,36953.6,4.4,Completed
179694,20,2016-04-06,Camry,48545.73,5.77,Completed
179695,11,2016-04-13,Prius,32068.6,4.16,Completed
179696,5,2016-04-01,Highlander,62719.56,5.34,Completed
179697,17,2016-04-24,Corolla,25053.47,4.51,Completed
179698,16,2016-04-21,RAV4,60557.43,6.06,Completed
179699,13,2016-04-12,Tundra,66984.81,5.61,Completed
179700,7,2016-04-14,RAV4,60082.88,5.39,Completed
179701,12,2016-04-15,RAV4,58723.39,5.65,Completed
179702,9,2016-04-26,Tundra,44265.2,4.4,Completed
179703,12,2016-04-06,Tacoma,56099.84,5.65,Completed
179704,4,2016-04-02,Sienna,43386.11,3.81,Completed
179705,1,2016-04-05,Prius,31497.33,5.24,Completed
179706,7,2016-04-21,Prius,37936.25,5.39,Completed
179707,15,2016-04-25,Corolla,35260.33,4.86,Completed
179708,14,2016-04-05,Highlander,77303.58,5.1,Completed
179709,14,2016-04-17,Tundra,58498.19,5.1,Completed
179710,19,2016-04-28,Tundra,53498.13,5.48,Completed
179711,7,2016-04-24,Highlander,87181.35,5.39,Completed
179712,2,2016-04-02,Prius,34639.73,4.0,Cancelled
179713,15,2016-04-21,Tacoma,57515.76,4.86,Completed
179714,18,2016-04-04,RAV4,64440.76,5.68,Completed
179715,12,2016-04-25,RAV4,60590.76,5.65,Completed
179716,17,2016-04-29,Sienna,45948.89,4.51,Completed
179717,9,2016-04-01,Sienna,44066.98,4.4,Completed
179718,5,2016-04-03,Tundra,53951.6,5.34,Completed
179719,6,2016-04-23,Corolla,25715.6,3.86,Completed
179720,16,2016-04-21,Highlander,79676.56,6.06,Completed
179721,17,2016-04-02,Camry,36981.87,4.51,Completed
179722,10,2016-04-01,Highlander,55553.47,4.88,Pending
179723,14,2016-04-25,Prius,42970.92,5.1,Completed
179724,1,2016-04-15,Corolla,31887.36,5.24,Completed
179725,6,2016-04-08,Tundra,48719.58,3.86,Completed
179726,19,2016-04-18,RAV4,50074.25,5.48,Completed
179727,17,2016-04-05,Tacoma,35963.39,4.51,Completed
179728,6,2016-04-22,RAV4,43055.82,3.86,Completed
179729,10,2016-04-12,Tundra,47274.36,4.88,Completed
179730,3,2016-04-28,Highlander,89649.99,5.69,Completed
179731,5,2016-04-12,Sienna,54250.58,5.34,Completed
179732,5,2016-04-28,RAV4,48938.82,5.34,Completed
179733,1,2016-04-22,Tacoma,48219.1,5.24,Completed
179734,11,2016-04-26,RAV4,43852.97,4.16,Completed
179735,8,2016-04-21,Corolla,37268.82,5.84,Completed
179736,3,2016-04-21,Tacoma,52323.08,5.69,Completed
179737,4,2016-04-22,Corolla,22790.62,3.81,Completed
179738,6,2016-04-19,Tundra,47673.97,3.86,Completed
179739,18,2016-04-16,RAV4,62909.72,5.68,Completed
179740,5,2016-04-26,Prius,32925.83,5.34,Completed
179741,16,2016-04-23,Highlander,77009.84,6.06,Completed
179742,12,2016-04-20,Tundra,58300.51,5.65,Completed
179743,10,2016-04-20,Highlander,56539.6,4.88,Pending
179744,11,2016-04-13,Camry,37280.51,4.16,Completed
179745,8,2016-04-27,Camry,47409.54,5.84,Completed
179746,1,2016-04-16,Highlander,69807.75,5.24,Completed
179747,8,2016-04-01,RAV4,54617.66,5.84,Completed
179748,13,2016-04-14,Corolla,40676.75,5.61,Completed
179749,14,2016-04-22,Highlander,75266.54,5.1,Completed
179750,2,2016-04-25,Highlander,59412.01,4.0,Completed
179751,15,2016-04-21,Prius,38233.5,4.86,Completed
179752,20,2016-04-04,Tundra,66232.57,5.77,Completed
179753,11,2016-04-05,Sienna,49704.48,4.16,Completed
179754,10,2016-04-03,Prius,31064.54,4.88,Completed
179755,17,2016-04-01,Prius,31608.86,4.51,Completed
179756,15,2016-04-14,Highlander,81169.77,4.86,Completed
179757,4,2016-04-03,Tundra,46243.78,3.81,Completed
179758,17,2016-04-07,RAV4,39182.51,4.51,Completed
179759,10,2016-04-09,Prius,30720.69,4.88,Completed
179760,8,2016-04-03,RAV4,53946.2,5.84,Completed
179761,2,2016-04-25,RAV4,46076.61,4.0,Completed
179762,7,2016-04-17,Camry,49648.69,5.39,Completed
179763,18,2016-04-30,RAV4,63938.64,5.68,Completed
179764,20,2016-04-13,Camry,46906.48,5.77,Completed
179765,8,2016-04-20,Prius,37158.57,5.84,Completed
179766,10,2016-04-17,Camry,34439.39,4.88,Completed
179767,6,2016-04-20,Sienna,45538.67,3.86,Pending
179768,19,2016-04-01,Corolla,30468.48,5.48,Completed
179769,11,2016-04-22,Tacoma,37506.01,4.16,Completed
179770,11,2016-04-13,Tacoma,39614.48,4.16,Completed
179771,19,2016-04-01,Corolla,31961.08,5.48,Completed
179772,9,2016-04-03,Highlander,54584.44,4.4,Completed
179773,13,2016-04-29,Camry,55736.09,5.61,Completed
179774,18,2016-04-08,Sienna,72909.47,5.68,Completed
179775,4,2016-04-06,Tundra,40979.02,3.81,Completed
179776,19,2016-04-21,Tacoma,46885.59,5.48,Pending
179777,7,2016-04-05,Tundra,58123.98,5.39,Completed
179778,1,2016-04-14,Sienna,54846.5,5.24,Completed
179779,17,2016-04-25,Sienna,46349.36,4.51,Completed
179780,4,2016-04-21,Tundra,43815.58,3.81,Completed
179781,17,2016-04-27,Corolla,26437.37,4.51,Completed
179782,5,2016-04-26,Corolla,30599.13,5.34,Completed
179783,17,2016-04-22,Prius,31029.55,4.51,Completed
179784,11,2016-04-27,Prius,28121.38,4.16,Completed
179785,12,2016-04-15,Camry,45956.83,5.65,Completed
179786,3,2016-04-14,Sienna,70975.17,5.69,Completed
179787,5,2016-04-09,Tacoma,41654.5,5.34,Completed
179788,19,2016-04-08,Tacoma,43352.14,5.48,Completed
179789,10,2016-04-01,Sienna,50914.32,4.88,Completed
179790,1,2016-04-11,Prius,33065.29,5.24,Completed
179791,15,2016-04-04,Tacoma,52047.49,4.86,Completed
179792,16,2016-04-06,Tundra,66794.15,6.06,Completed
179793,5,2016-04-07,Tacoma,45449.62,5.34,Completed
179794,1,2016-04-17,Prius,37811.78,5.24,Completed
179795,1,2016-04-20,Tundra,52859.3,5.24,Completed
179796,5,2016-04-25,Sienna,51419.29,5.34,Completed
179797,12,2016-04-11,Camry,48416.61,5.65,Completed
179798,13,2016-04-27,RAV4,54478.18,5.61,Completed
179799,6,2016-04-17,Sienna,43512.35,3.86,Completed
179800,19,2016-04-18,Corolla,31230.87,5.48,Completed
179801,14,2016-04-25,Highlander,75548.94,5.1,Completed
179802,20,2016-04-05,Highlander,85641.44,5.77,Completed
179803,13,2016-04-18,RAV4,61950.95,5.61,Completed
179804,5,2016-04-05,Corolla,31007.41,5.34,Completed
179805,8,2016-04-15,Sienna,58739.59,5.84,Completed
179806,9,2016-04-26,Tacoma,36950.09,4.4,Completed
179807,16,2016-04-03,Corolla,37813.23,6.06,Completed
179808,16,2016-04-06,Highlander,82571.82,6.06,Completed
179809,17,2016-04-07,Tacoma,38160.24,4.51,Completed
179810,7,2016-04-11,Camry,49773.84,5.39,Completed
179811,12,2016-04-05,Highlander,81880.98,5.65,Completed
179812,8,2016-04-03,Tundra,63281.4,5.84,Completed
179813,2,2016-04-14,Sienna,52708.91,4.0,Completed
179814,6,2016-04-10,Corolla,24107.8,3.86,Completed
179815,18,2016-04-06,Sienna,71621.26,5.68,Completed
179816,16,2016-04-04,Prius,40138.02,6.06,Completed
179817,12,2016-04-09,Tacoma,56935.16,5.65,Completed
179818,10,2016-04-28,Sienna,44144.03,4.88,Completed
179819,14,2016-04-15,Corolla,33971.79,5.1,Completed
179820,5,2016-04-16,Prius,35437.52,5.34,Completed
179821,15,2016-04-05,Corolla,37912.08,4.86,Completed
179822,5,2016-04-25,Sienna,54083.13,5.34,Completed
179823,7,2016-04-01,RAV4,61986.81,5.39,Completed
179824,14,2016-04-25,RAV4,54421.86,5.1,Completed
179825,15,2016-04-20,Highlander,85257.52,4.86,Completed
179826,20,2016-04-06,Tundra,69327.71,5.77,Completed
179827,17,2016-04-21,Tacoma,35801.88,4.51,Completed
179828,12,2016-04-22,Sienna,62008.0,5.65,Completed
179829,10,2016-04-13,Sienna,49492.6,4.88,Completed
179830,10,2016-04-30,Highlander,57995.43,4.88,Pending
179831,4,2016-04-11,Tundra,44508.3,3.81,Completed
179832,18,2016-04-15,Camry,54405.05,5.68,Completed
179833,15,2016-04-06,Sienna,67653.63,4.86,Completed
179834,14,2016-04-17,Corolla,33024.4,5.1,Completed
179835,4,2016-04-28,Highlander,59609.94,3.81,Completed
179836,5,2016-04-16,Tundra,50080.09,5.34,Completed
179837,2,2016-04-17,Tundra,44312.12,4.0,Completed
179838,8,2016-04-19,Camry,53314.17,5.84,Completed
179839,2,2016-04-23,Prius,30589.53,4.0,Completed
179840,15,2016-04-06,Sienna,57092.69,4.86,Completed
179841,4,2016-04-05,Prius,27804.82,3.81,Completed
179842,8,2016-04-24,Tacoma,57802.66,5.84,Completed
179843,3,2016-04-16,Prius,43278.4,5.69,Completed
179844,12,2016-04-03,Tacoma,57769.03,5.65,Completed
179845,10,2016-04-16,Highlander,65885.6,4.88,Completed
179846,14,2016-04-08,Sienna,63082.4,5.1,Completed
179847,3,2016-04-05,RAV4,65857.01,5.69,Completed
179848,12,2016-04-13,Tundra,56896.96,5.65,Cancelled
179849,2,2016-04-13,Tundra,47684.01,4.0,Completed
179850,5,2016-04-24,Tundra,50863.46,5.34,Completed
179851,20,2016-04-04,Sienna,69888.16,5.77,Completed
179852,12,2016-04-26,Corolla,37091.17,5.65,Completed
179853,16,2016-04-14,Tundra,62525.63,6.06,Completed
179854,11,2016-04-28,Sienna,45267.15,4.16,Completed
179855,1,2016-04-07,Highlander,73546.93,5.24,Completed
179856,14,2016-04-29,Highlander,75747.94,5.1,Completed
179857,8,2016-04-22,RAV4,61639.43,5.84,Completed
179858,20,2016-04-22,Sienna,63263.08,5.77,Completed
179859,2,2016-04-20,Sienna,46190.78,4.0,Completed
179860,8,2016-04-18,Tundra,60335.01,5.84,Completed
179861,15,2016-04-16,Corolla,32569.36,4.86,Completed
179862,20,2016-04-08,Prius,41772.27,5.77,Completed
179863,14,2016-04-27,Sienna,61981.88,5.1,Completed
179864,10,2016-04-22,Corolla,27739.88,4.88,Completed
179865,16,2016-04-08,Sienna,63511.09,6.06,Completed
179866,12,2016-04-03,Prius,43634.64,5.65,Completed
179867,7,2016-04-10,Tundra,61212.51,5.39,Completed
179868,18,2016-04-06,Corolla,39020.38,5.68,Completed
179869,3,2016-04-08,Highlander,82943.02,5.69,Completed
179870,3,2016-04-17,Corolla,38847.57,5.69,Completed
179871,2,2016-04-06,Tundra,51934.92,4.0,Cancelled
179872,14,2016-04-23,Sienna,63170.39,5.1,Completed
179873,8,2016-04-08,Prius,40102.93,5.84,Completed
179874,2,2016-04-12,Corolla,30057.27,4.0,Completed
179875,3,2016-04-19,Tacoma,51453.58,5.69,Completed
179876,18,2016-04-05,Tacoma,56895.07,5.68,Completed
179877,2,2016-04-12,Sienna,44662.93,4.0,Completed
179878,12,2016-04-02,Sienna,61280.61,5.65,Completed
179879,2,2016-04-16,Sienna,52152.12,4.0,Completed
179880,12,2016-04-13,RAV4,56874.03,5.65,Completed
179881,1,2016-04-07,Tacoma,44071.47,5.24,Completed
179882,8,2016-04-26,Sienna,65972.46,5.84,Completed
179883,16,2016-04-21,Tundra,69569.35,6.06,Completed
179884,9,2016-04-28,Tundra,49319.7,4.4,Completed
179885,17,2016-04-01,Tacoma,38267.21,4.51,Completed
179886,12,2016-04-04,Highlander,74712.2,5.65,Completed
179887,16,2016-04-03,Highlander,90653.9,6.06,Completed
179888,6,2016-04-30,RAV4,44739.18,3.86,Completed
179889,12,2016-04-24,Sienna,60570.07,5.65,Completed
179890,8,2016-04-12,RAV4,56921.23,5.84,Pending
179891,9,2016-04-16,RAV4,44821.81,4.4,Completed
179892,19,2016-04-24,RAV4,55389.46,5.48,Completed
179893,8,2016-04-08,RAV4,53163.61,5.84,Completed
179894,10,2016-04-08,Camry,40176.33,4.88,Completed
179895,4,2016-04-13,RAV4,42154.29,3.81,Completed
179896,5,2016-04-04,Prius,36959.73,5.34,Completed
179897,20,2016-04-20,Highlander,75498.64,5.77,Completed
179898,3,2016-04-07,Sienna,64467.7,5.69,Completed
179899,11,2016-04-11,Sienna,44559.95,4.16,Completed
179900,17,2016-04-25,Sienna,41861.4,4.51,Completed
179901,2,2016-04-09,Highlander,62821.7,4.0,Completed
179902,10,2016-04-02,Sienna,43965.63,4.88,Completed
179903,4,2016-04-26,Corolla,24834.68,3.81,Completed
179904,13,2016-04-21,Prius,47081.62,5.61,Completed
179905,6,2016-04-21,Prius,30520.34,3.86,Completed
179906,6,2016-04-24,Highlander,59808.23,3.86,Completed
179907,5,2016-04-14,RAV4,49981.03,5.34,Completed
179908,7,2016-04-18,RAV4,64542.27,5.39,Completed
179909,13,2016-04-09,Prius,42753.26,5.61,Completed
179910,15,2016-04-05,Camry,52407.96,4.86,Completed
179911,14,2016-04-15,Tundra,57339.4,5.1,Completed
179912,5,2016-04-05,Tacoma,44643.01,5.34,Completed
179913,7,2016-04-25,RAV4,58315.18,5.39,Completed
179914,15,2016-04-26,Tundra,60675.85,4.86,Completed
179915,17,2016-04-18,RAV4,38422.2,4.51,Completed
179916,18,2016-04-14,Highlander,83956.38,5.68,Completed
179917,12,2016-04-10,Highlander,79063.53,5.65,Completed
179918,2,2016-04-14,Corolla,27554.82,4.0,Completed
179919,20,2016-04-18,Tacoma,48777.56,5.77,Completed
179920,14,2016-04-24,Tundra,63159.87,5.1,Completed
179921,4,2016-04-24,Tundra,44431.94,3.81,Completed
179922,4,2016-04-26,Prius,31139.99,3.81,Completed
179923,9,2016-04-26,Tacoma,36857.98,4.4,Completed
179924,11,2016-04-10,Tundra,46199.82,4.16,Completed
179925,9,2016-04-09,RAV4,39663.52,4.4,Completed
179926,8,2016-04-07,Tacoma,57974.65,5.84,Completed
179927,6,2016-04-12,Tacoma,38695.46,3.86,Completed
179928,11,2016-04-20,Highlander,60357.58,4.16,Completed
179929,9,2016-04-11,Tacoma,41240.41,4.4,Cancelled
179930,2,2016-04-03,Highlander,65420.23,4.0,Completed
179931,6,2016-04-15,Tundra,49243.6,3.86,Completed
179932,5,2016-04-08,Tacoma,45210.32,5.34,Completed
179933,9,2016-04-20,Camry,37757.9,4.4,Completed
179934,8,2016-04-22,Tundra,60980.84,5.84,Completed
179935,13,2016-04-16,RAV4,57981.23,5.61,Completed
179936,7,2016-04-10,Tacoma,57103.08,5.39,Completed
179937,2,2016-04-19,Sienna,44709.26,4.0,Completed
179938,6,2016-04-24,Prius,30065.82,3.86,Completed
179939,10,2016-04-01,Tacoma,40548.55,4.88,Completed
179940,1,2016-04-09,RAV4,49050.29,5.24,Completed
179941,14,2016-04-08,Tacoma,54648.92,5.1,Completed
179942,7,2016-04-30,Corolla,40323.47,5.39,Completed
179943,1,2016-04-10,Tacoma,48526.0,5.24,Completed
179944,19,2016-04-12,Tacoma,49545.21,5.48,Completed
179945,9,2016-04-25,Prius,29780.34,4.4,Completed
179946,4,2016-04-29,Corolla,25321.58,3.81,Completed
179947,10,2016-04-30,Highlander,66569.34,4.88,Completed
179948,19,2016-04-21,Camry,39540.59,5.48,Completed
179949,3,2016-04-21,Sienna,68594.07,5.69,Completed
179950,17,2016-04-28,Tundra,45997.79,4.51,Completed
179951,8,2016-04-19,Camry,47471.99,5.84,Completed
179952,7,2016-04-19,Sienna,63248.65,5.39,Completed
179953,10,2016-04-02,Camry,38902.88,4.88,Completed
179954,2,2016-04-04,Tundra,53243.62,4.0,Completed
179955,10,2016-04-06,RAV4,43198.09,4.88,Completed
179956,16,2016-04-12,Highlander,81396.35,6.06,Completed
179957,5,2016-04-17,Tundra,52433.93,5.34,Completed
179958,9,2016-04-08,RAV4,43356.17,4.4,Completed
179959,5,2016-04-14,Tundra,55617.13,5.34,Completed
179960,1,2016-04-10,Tundra,57013.34,5.24,Completed
179961,5,2016-04-02,Highlander,65765.29,5.34,Completed
179962,14,2016-04-18,Tundra,62071.98,5.1,Completed
179963,11,2016-04-10,Prius,28001.83,4.16,Completed
179964,20,2016-04-12,Camry,53268.41,5.77,Completed
179965,3,2016-04-15,Corolla,39844.84,5.69,Completed
179966,12,2016-04-19,RAV4,58969.47,5.65,Completed
179967,15,2016-04-03,Highlander,76843.57,4.86,Completed
179968,20,2016-04-10,Highlander,84570.99,5.77,Completed
179969,19,2016-04-06,Tundra,54438.44,5.48,Completed
179970,18,2016-04-24,Tundra,62705.18,5.68,Completed
179971,3,2016-04-16,RAV4,60580.98,5.69,Completed
179972,17,2016-04-09,RAV4,44488.55,4.51,Completed
179973,18,2016-04-05,Sienna,70936.96,5.68,Completed
179974,4,2016-04-14,Sienna,39671.52,3.81,Completed
179975,19,2016-04-30,RAV4,47921.38,5.48,Completed
179976,6,2016-04-04,Corolla,27016.0,3.86,Completed
179977,13,2016-04-03,Camry,53439.03,5.61,Completed
179978,19,2016-04-09,RAV4,55280.93,5.48,Completed
179979,15,2016-04-27,Prius,43072.61,4.86,Completed
179980,16,2016-04-16,Prius,44636.62,6.06,Completed
179981,19,2016-04-17,Prius,36460.61,5.48,Completed
179982,3,2016-04-02,RAV4,65376.82,5.69,Completed
179983,9,2016-04-24,Highlander,61484.39,4.4,Completed
179984,17,2016-04-09,Corolla,27648.22,4.51,Completed
179985,17,2016-04-17,Corolla,27970.89,4.51,Completed
179986,9,2016-04-18,Camry,39253.46,4.4,Completed
179987,3,2016-04-11,Highlander,78580.31,5.69,Completed
179988,11,2016-04-05,Prius,30812.29,4.16,Completed
179989,2,2016-04-08,RAV4,42364.11,4.0,Completed
179990,15,2016-04-01,Prius,37685.61,4.86,Completed
179991,10,2016-04-07,Highlander,58144.19,4.88,Completed
179992,4,2016-04-10,RAV4,38239.73,3.81,Completed
179993,1,2016-04-11,Tundra,56227.76,5.24,Completed
179994,7,2016-04-27,Sienna,60715.16,5.39,Completed
179995,1,2016-04-05,Tacoma,44858.03,5.24,Completed
179996,15,2016-04-23,Highlander,87499.57,4.86,Completed
179997,5,2016-04-09,Corolla,29912.64,5.34,Completed
179998,14,2016-04-15,Highlander,80265.43,5.1,Cancelled
179999,8,2016-04-06,Prius,38935.66,5.84,Completed
180000,17,2016-04-18,Sienna,45917.9,4.51,Completed
180001,10,2016-04-24,Highlander,58188.99,4.88,Completed
180002,16,2016-04-09,Highlander,78224.64,6.06,Completed
180003,18,2016-04-08,Corolla,36859.41,5.68,Completed
180004,2,2016-04-24,RAV4,46965.37,4.0,Completed
180005,20,2016-04-05,Sienna,65307.66,5.77,Completed
180006,11,2016-04-13,Prius,27219.88,4.16,Completed
180007,18,2016-04-18,Prius,41086.75,5.68,Completed
180008,12,2016-04-12,Camry,52766.15,5.65,Completed
180009,8,2016-04-17,Tundra,57279.03,5.84,Completed
180010,13,2016-04-15,Corolla,41200.57,5.61,Completed
180011,6,2016-04-04,Tacoma,34744.94,3.86,Completed
180012,3,2016-04-12,Tundra,65032.65,5.69,Completed
180013,13,2016-04-13,Camry,46617.57,5.61,Completed
180014,18,2016-04-02,Sienna,73536.93,5.68,Completed
180015,13,2016-04-05,Corolla,38134.43,5.61,Completed
180016,17,2016-04-20,Camry,37628.86,4.51,Completed
180017,3,2016-04-29,Highlander,78737.18,5.69,Completed
180018,8,2016-04-20,Camry,51453.25,5.84,Completed
180019,5,2016-04-27,Prius,36206.3,5.34,Completed
180020,10,2016-04-01,Sienna,46306.45,4.88,Completed
180021,17,2016-04-21,Highlander,51306.28,4.51,Completed
180022,5,2016-04-25,Tundra,49684.46,5.34,Completed
180023,5,2016-04-20,Sienna,50257.03,5.34,Completed
180024,2,2016-04-26,Sienna,51724.47,4.0,Completed
180025,15,2016-04-28,Highlander,72251.57,4.86,Completed
180026,4,2016-04-21,Tundra,47484.15,3.81,Completed
180027,5,2016-04-22,Highlander,68997.21,5.34,Completed
180028,1,2016-04-04,Camry,38697.91,5.24,Pending
180029,7,2016-04-07,Sienna,60616.72,5.39,Completed
180030,10,2016-04-08,Prius,32644.14,4.88,Completed
180031,7,2016-04-24,Tundra,67527.57,5.39,Completed
180032,3,2016-04-23,Corolla,37035.84,5.69,Completed
180033,17,2016-04-06,RAV4,40313.46,4.51,Completed
180034,15,2016-04-10,Sienna,66264.87,4.86,Completed
180035,12,2016-04-13,Tundra,67697.16,5.65,Completed
180036,12,2016-04-17,Prius,43129.53,5.65,Completed
180037,19,2016-04-20,Tundra,49846.49,5.48,Completed
180038,3,2016-04-19,Tacoma,54009.91,5.69,Completed
180039,7,2016-04-07,Camry,54540.32,5.39,Completed
180040,4,2016-04-29,Tacoma,33709.34,3.81,Completed
180041,4,2016-04-14,Corolla,25664.97,3.81,Completed
180042,20,2016-04-13,Camry,46283.7,5.77,Completed
180043,17,2016-04-26,Tundra,42782.7,4.51,Completed
180044,17,2016-04-04,Sienna,41130.83,4.51,Completed
180045,8,2016-04-25,RAV4,63016.53,5.84,Completed
180046,14,2016-04-12,Corolla,32924.38,5.1,Completed
180047,12,2016-04-08,Camry,50546.68,5.65,Completed
180048,13,2016-04-18,Sienna,68763.32,5.61,Completed
180049,9,2016-04-20,RAV4,42459.17,4.4,Completed
180050,19,2016-04-26,Camry,40365.11,5.48,Completed
180051,2,2016-04-06,Corolla,30384.47,4.0,Completed
180052,2,2016-04-30,Sienna,52651.84,4.0,Completed
180053,19,2016-04-14,Sienna,56298.37,5.48,Completed
180054,11,2016-04-05,Sienna,43020.23,4.16,Completed
180055,4,2016-04-19,Corolla,26763.8,3.81,Completed
180056,20,2016-04-03,Corolla,36272.28,5.77,Completed
180057,20,2016-04-17,Camry,49167.03,5.77,Completed
180058,13,2016-04-21,Tundra,62793.91,5.61,Completed
180059,1,2016-04-25,RAV4,52009.92,5.24,Completed
180060,11,2016-04-04,Corolla,26791.65,4.16,Completed
180061,8,2016-04-18,Camry,49314.52,5.84,Completed
180062,7,2016-04-12,Highlander,77867.64,5.39,Pending
180063,11,2016-04-28,Camry,39789.59,4.16,Completed
180064,13,2016-04-29,RAV4,56179.2,5.61,Completed
180065,17,2016-04-06,Tundra,41084.12,4.51,Completed
180066,11,2016-04-10,Tacoma,40916.76,4.16,Completed
180067,4,2016-04-15,Highlander,52281.56,3.81,Completed
180068,18,2016-04-12,Tacoma,54235.68,5.68,Pending
180069,17,2016-04-10,Tundra,44147.04,4.51,Completed
180070,2,2016-04-10,Tundra,48856.29,4.0,Completed
180071,19,2016-04-06,Highlander,64166.62,5.48,Completed
180072,4,2016-04-30,Camry,37475.57,3.81,Completed
180073,14,2016-04-25,RAV4,58515.86,5.1,Completed
180074,11,2016-04-30,Prius,31165.23,4.16,Completed
180075,7,2016-04-17,Tundra,61362.12,5.39,Completed
180076,2,2016-04-22,Tacoma,43399.37,4.0,Completed
180077,20,2016-04-29,Highlander,83063.48,5.77,Completed
180078,20,2016-04-30,Corolla,35264.36,5.77,Completed
180079,19,2016-04-30,Sienna,58785.59,5.48,Completed
180080,20,2016-04-06,Corolla,35827.8,5.77,Completed
180081,9,2016-04-12,Tacoma,41974.91,4.4,Completed
180082,7,2016-04-23,Prius,43886.99,5.39,Completed
180083,15,2016-04-07,Tundra,57582.0,4.86,Completed
180084,10,2016-04-05,Sienna,44222.83,4.88,Completed
180085,12,2016-04-29,Highlander,86794.67,5.65,Completed
180086,13,2016-04-21,Corolla,37161.0,5.61,Completed
180087,4,2016-04-17,Highlander,51151.11,3.81,Completed
180088,1,2016-04-07,Camry,45230.07,5.24,Completed
180089,15,2016-04-15,Corolla,34013.73,4.86,Completed
180090,10,2016-04-19,Tacoma,39631.87,4.88,Completed
180091,15,2016-04-01,Tacoma,54578.31,4.86,Completed
180092,7,2016-04-28,Highlander,74408.35,5.39,Completed
180093,11,2016-04-12,Camry,35050.59,4.16,Completed
180094,13,2016-04-20,Tacoma,55480.49,5.61,Completed
180095,15,2016-04-02,Camry,45975.35,4.86,Completed
180096,2,2016-04-05,Tacoma,40640.06,4.0,Completed
180097,4,2016-04-13,Corolla,22630.23,3.81,Completed
180098,3,2016-04-08,Prius,44583.91,5.69,Completed
180099,3,2016-04-21,Sienna,65901.23,5.69,Completed
180100,13,2016-04-10,Tacoma,57750.09,5.61,Completed
180101,5,2016-04-01,Prius,36495.85,5.34,Completed
180102,1,2016-04-01,Highlander,72063.62,5.24,Completed
180103,16,2016-04-07,Corolla,36082.01,6.06,Completed
180104,15,2016-04-17,Sienna,59270.59,4.86,Completed
180105,16,2016-04-07,Corolla,36060.97,6.06,Completed
180106,16,2016-04-30,Tundra,60149.37,6.06,Completed
180107,16,2016-04-15,Camry,52745.26,6.06,Completed
180108,4,2016-04-19,Tundra,46331.81,3.81,Cancelled
180109,2,2016-04-29,Corolla,27366.91,4.0,Completed
180110,19,2016-04-18,Sienna,57799.2,5.48,Completed
180111,17,2016-04-13,RAV4,41906.6,4.51,Completed
180112,10,2016-04-24,Corolla,25960.81,4.88,Pending
180113,10,2016-04-03,Camry,35194.77,4.88,Completed
180114,15,2016-04-01,Sienna,61399.75,4.86,Completed
180115,13,2016-04-17,Camry,54683.64,5.61,Completed
180116,11,2016-04-02,Corolla,28423.53,4.16,Completed
180117,2,2016-04-27,Tacoma,39596.41,4.0,Completed
180118,7,2016-04-01,Corolla,35861.03,5.39,Completed
180119,16,2016-04-24,Sienna,59307.08,6.06,Pending
180120,16,2016-04-16,Camry,52392.05,6.06,Completed
180121,5,2016-04-02,Corolla,32939.11,5.34,Completed
180122,17,2016-04-08,Corolla,26667.22,4.51,Completed
180123,18,2016-04-28,Tacoma,59437.66,5.68,Completed
180124,11,2016-04-13,Tundra,50967.73,4.16,Completed
180125,12,2016-04-18,Corolla,38304.11,5.65,Completed
180126,17,2016-04-07,Tundra,46033.26,4.51,Completed
180127,20,2016-04-11,Corolla,40041.43,5.77,Completed
180128,12,2016-04-01,RAV4,56945.69,5.65,Pending
180129,7,2016-04-20,Corolla,35506.39,5.39,Completed
180130,17,2016-04-10,RAV4,44334.84,4.51,Completed
180131,8,2016-04-16,Sienna,68646.69,5.84,Completed
180132,11,2016-04-10,Camry,35161.19,4.16,Completed
180133,8,2016-04-23,Camry,48218.62,5.84,Completed
180134,4,2016-04-15,RAV4,37806.85,3.81,Completed
180135,11,2016-04-04,Tundra,47993.72,4.16,Completed
180136,12,2016-04-12,Camry,44994.99,5.65,Completed
180137,20,2016-04-03,Tacoma,52828.86,5.77,Completed
180138,4,2016-04-01,Tundra,40441.42,3.81,Completed
180139,13,2016-04-24,Sienna,63148.33,5.61,Completed
180140,19,2016-04-20,Tundra,54727.77,5.48,Completed
180141,2,2016-04-22,Corolla,27708.21,4.0,Completed
180142,6,2016-04-20,Highlander,52471.9,3.86,Completed
180143,16,2016-04-15,Camry,46454.41,6.06,Completed
180144,15,2016-04-17,Highlander,74964.14,4.86,Completed
180145,9,2016-04-16,Tacoma,40469.0,4.4,Completed
180146,15,2016-04-17,Tundra,57433.14,4.86,Completed
180147,2,2016-04-24,RAV4,48286.87,4.0,Completed
180148,8,2016-04-14,Sienna,62841.38,5.84,Completed
180149,16,2016-04-29,Corolla,38920.35,6.06,Completed
180150,4,2016-04-28,Highlander,60013.36,3.81,Completed
180151,9,2016-04-08,Corolla,23835.96,4.4,Completed
180152,13,2016-04-22,Sienna,64857.84,5.61,Completed
180153,13,2016-04-27,Tacoma,56061.15,5.61,Completed
180154,19,2016-04-21,Camry,42999.6,5.48,Completed
180155,3,2016-04-21,Tundra,71453.63,5.69,Completed
180156,13,2016-04-13,RAV4,61021.44,5.61,Completed
180157,6,2016-04-07,Sienna,45102.73,3.86,Pending
180158,9,2016-04-13,Tacoma,39169.7,4.4,Completed
180159,6,2016-04-21,Tacoma,38066.99,3.86,Completed
180160,11,2016-04-26,Corolla,25830.13,4.16,Completed
180161,18,2016-04-26,Corolla,42883.71,5.68,Completed
180162,19,2016-04-01,RAV4,55075.2,5.48,Completed
180163,17,2016-04-16,Highlander,54524.51,4.51,Completed
180164,19,2016-04-11,Tacoma,42078.66,5.48,Completed
180165,17,2016-04-21,Tundra,47131.01,4.51,Completed
180166,12,2016-04-12,Tacoma,54323.57,5.65,Completed
180167,15,2016-04-14,RAV4,61245.25,4.86,Completed
180168,11,2016-04-24,RAV4,41008.8,4.16,Completed
180169,12,2016-04-13,Prius,40359.22,5.65,Completed
180170,9,2016-04-03,Tundra,45767.43,4.4,Completed
180171,2,2016-04-28,Tundra,48632.88,4.0,Completed
180172,1,2016-04-20,Tundra,53958.77,5.24,Completed
180173,4,2016-04-30,Corolla,27143.23,3.81,Completed
180174,18,2016-04-21,Camry,55792.08,5.68,Completed
180175,12,2016-04-07,Highlander,76000.37,5.65,Completed
180176,2,2016-04-22,Highlander,56709.44,4.0,Completed
180177,13,2016-04-14,Camry,50364.28,5.61,Completed
180178,10,2016-04-10,Tundra,51477.47,4.88,Completed
180179,4,2016-04-26,Prius,26876.74,3.81,Completed
180180,15,2016-04-20,Sienna,60517.65,4.86,Completed
180181,10,2016-04-06,Tacoma,37973.33,4.88,Completed
180182,14,2016-04-13,Camry,47917.47,5.1,Completed
180183,6,2016-04-04,RAV4,42775.21,3.86,Completed
180184,3,2016-04-20,Tundra,66220.75,5.69,Completed
180185,18,2016-04-04,Corolla,37687.54,5.68,Completed
180186,5,2016-04-08,Corolla,32664.24,5.34,Completed
180187,6,2016-04-02,Sienna,43971.07,3.86,Completed
180188,18,2016-04-21,Tacoma,62961.11,5.68,Completed
180189,1,2016-04-30,Tundra,54080.13,5.24,Completed
180190,19,2016-04-05,Tacoma,42853.95,5.48,Completed
180191,3,2016-04-07,Corolla,39765.98,5.69,Completed
180192,17,2016-04-09,Camry,33490.76,4.51,Completed
180193,14,2016-04-16,Camry,43928.09,5.1,Completed
180194,2,2016-04-08,Tundra,49123.5,4.0,Completed
180195,3,2016-04-12,Tacoma,59158.91,5.69,Completed
180196,9,2016-04-20,RAV4,42845.32,4.4,Completed
180197,5,2016-04-06,Tacoma,47374.83,5.34,Completed
180198,13,2016-04-04,Highlander,90044.26,5.61,Completed
180199,12,2016-04-18,Highlander,75554.1,5.65,Completed
180200,12,2016-04-24,Tacoma,54387.88,5.65,Completed
180201,20,2016-04-30,RAV4,52691.99,5.77,Completed
180202,4,2016-04-29,Tundra,42597.39,3.81,Completed
180203,3,2016-04-11,Corolla,38076.74,5.69,Completed
180204,9,2016-04-08,Corolla,25416.9,4.4,Completed
180205,17,2016-04-03,Prius,30505.05,4.51,Completed
180206,20,2016-04-07,Tundra,60873.65,5.77,Completed
180207,16,2016-04-28,Highlander,90233.32,6.06,Completed
180208,13,2016-04-26,Camry,46779.92,5.61,Completed
180209,17,2016-04-20,Sienna,41127.01,4.51,Completed
180210,11,2016-04-29,Prius,29429.42,4.16,Completed
180211,7,2016-04-07,Sienna,65305.55,5.39,Completed
180212,19,2016-04-12,Sienna,59591.65,5.48,Completed
180213,18,2016-04-05,Corolla,40668.29,5.68,Completed
180214,8,2016-04-07,Tacoma,48584.3,5.84,Completed
180215,9,2016-04-01,Corolla,25833.5,4.4,Completed
180216,14,2016-04-05,Corolla,37034.91,5.1,Completed
180217,16,2016-04-30,RAV4,61138.17,6.06,Completed
180218,8,2016-04-14,Prius,39904.16,5.84,Completed
180219,18,2016-04-10,Prius,42749.98,5.68,Completed
180220,4,2016-04-08,Sienna,43539.56,3.81,Completed
180221,11,2016-04-11,RAV4,38884.86,4.16,Completed
180222,15,2016-04-27,RAV4,57197.43,4.86,Completed
180223,6,2016-04-01,Tundra,40928.82,3.86,Completed
180224,8,2016-04-14,Camry,50930.33,5.84,Completed
180225,9,2016-04-12,Sienna,42110.5,4.4,Completed
180226,20,2016-04-13,Sienna,65117.11,5.77,Completed
180227,10,2016-04-28,Tacoma,37589.09,4.88,Completed
180228,6,2016-04-08,RAV4,37914.64,3.86,Completed
180229,4,2016-04-25,Camry,35230.09,3.81,Completed
180230,16,2016-04-30,RAV4,60994.08,6.06,Completed
180231,20,2016-04-23,Camry,52914.15,5.77,Completed
180232,11,2016-04-17,Prius,28035.33,4.16,Completed
180233,18,2016-04-25,Tundra,72122.28,5.68,Completed
180234,13,2016-04-18,Tacoma,58919.08,5.61,Completed
180235,14,2016-04-17,Tundra,66242.55,5.1,Completed
180236,20,2016-04-12,Corolla,36666.56,5.77,Completed
180237,15,2016-04-01,Prius,37117.46,4.86,Completed
180238,1,2016-04-07,Corolla,32884.89,5.24,Completed
180239,3,2016-04-01,Highlander,80664.66,5.69,Completed
180240,6,2016-04-27,Sienna,47018.58,3.86,Completed
180241,20,2016-04-18,RAV4,55810.12,5.77,Pending
180242,20,2016-04-30,Camry,45429.76,5.77,Completed
180243,18,2016-04-20,Sienna,73444.04,5.68,Completed
180244,6,2016-04-01,Tundra,48825.18,3.86,Completed
180245,6,2016-04-22,Highlander,53262.54,3.86,Completed
180246,7,2016-04-19,RAV4,56746.16,5.39,Completed
180247,13,2016-04-13,Prius,42322.29,5.61,Completed
180248,12,2016-04-09,Tacoma,50072.52,5.65,Completed
180249,18,2016-04-21,Highlander,85785.73,5.68,Completed
180250,16,2016-04-10,Highlander,80458.43,6.06,Completed
180251,11,2016-04-12,Tacoma,40697.03,4.16,Completed
180252,17,2016-04-10,Tacoma,35480.87,4.51,Completed
180253,2,2016-04-17,Prius,28889.14,4.0,Completed
180254,18,2016-04-16,Tacoma,56377.67,5.68,Completed
180255,17,2016-04-28,RAV4,42052.49,4.51,Completed
180256,4,2016-04-15,Sienna,47553.96,3.81,Completed
180257,1,2016-04-06,Tundra,50786.67,5.24,Completed
180258,10,2016-04-02,Tacoma,43555.2,4.88,Pending
180259,6,2016-04-25,Highlander,55227.64,3.86,Completed
180260,6,2016-04-06,Camry,34373.68,3.86,Completed
180261,6,2016-04-23,Prius,30524.38,3.86,Completed
180262,17,2016-04-26,Corolla,23122.14,4.51,Completed
180263,2,2016-04-25,Highlander,56199.68,4.0,Completed
180264,19,2016-04-21,Prius,35009.57,5.48,Completed
180265,20,2016-04-28,Tacoma,55649.19,5.77,Completed
180266,13,2016-04-07,Prius,41657.11,5.61,Completed
180267,3,2016-04-01,Corolla,41031.98,5.69,Completed
180268,13,2016-04-09,Corolla,34224.86,5.61,Completed
180269,8,2016-04-29,Tacoma,49339.43,5.84,Completed
180270,15,2016-04-03,Sienna,62299.59,4.86,Completed
180271,14,2016-04-25,Sienna,56278.27,5.1,Completed
180272,10,2016-04-18,Prius,29819.02,4.88,Completed
180273,6,2016-04-26,Prius,26810.71,3.86,Completed
180274,13,2016-04-06,Camry,48999.08,5.61,Completed
180275,18,2016-04-25,Camry,51440.0,5.68,Completed
180276,13,2016-04-06,Corolla,41161.29,5.61,Completed
180277,6,2016-04-23,Sienna,45110.27,3.86,Completed
180278,6,2016-04-01,Corolla,26143.71,3.86,Completed
180279,5,2016-04-10,Corolla,33178.5,5.34,Completed
180280,10,2016-04-17,Corolla,26204.46,4.88,Completed
180281,4,2016-04-15,Highlander,58438.28,3.81,Completed
180282,8,2016-04-19,Prius,38386.25,5.84,Completed
180283,8,2016-04-16,RAV4,57348.25,5.84,Pending
180284,19,2016-04-28,Highlander,76673.65,5.48,Completed
180285,20,2016-04-08,Sienna,67965.91,5.77,Completed
180286,9,2016-04-04,Sienna,50422.43,4.4,Completed
180287,3,2016-04-30,Camry,49725.49,5.69,Completed
180288,19,2016-04-14,Highlander,75709.07,5.48,Completed
180289,12,2016-04-22,RAV4,54969.84,5.65,Completed
180290,15,2016-04-28,Camry,50788.06,4.86,Completed
180291,12,2016-04-16,Tacoma,52377.17,5.65,Completed
180292,3,2016-04-25,Sienna,64157.56,5.69,Completed
180293,13,2016-04-21,Corolla,35470.7,5.61,Completed
180294,12,2016-04-16,Tacoma,52748.35,5.65,Completed
180295,16,2016-04-30,Highlander,81540.46,6.06,Cancelled
180296,11,2016-04-27,Sienna,49219.59,4.16,Completed
180297,5,2016-04-24,Corolla,29689.51,5.34,Completed
180298,6,2016-04-07,Tacoma,35060.63,3.86,Completed
180299,9,2016-04-27,Sienna,49899.83,4.4,Completed
180300,2,2016-04-30,Corolla,25638.04,4.0,Completed
180301,10,2016-04-15,Highlander,54610.98,4.88,Completed
180302,6,2016-04-13,RAV4,37810.33,3.86,Completed
180303,20,2016-04-21,Tundra,64129.77,5.77,Completed
180304,20,2016-04-16,Corolla,38701.49,5.77,Completed
180305,20,2016-04-07,Tundra,60024.26,5.77,Completed
180306,5,2016-04-19,Sienna,58669.59,5.34,Completed
180307,18,2016-04-05,Corolla,41859.93,5.68,Completed
180308,13,2016-04-11,Tacoma,55265.61,5.61,Completed
180309,1,2016-04-26,Corolla,32189.35,5.24,Pending
180310,15,2016-04-02,RAV4,58514.79,4.86,Completed
180311,3,2016-04-28,Corolla,36719.45,5.69,Completed
180312,4,2016-04-27,Prius,28743.78,3.81,Completed
180313,17,2016-04-24,Corolla,23581.62,4.51,Completed
180314,3,2016-04-11,RAV4,63641.2,5.69,Completed
180315,15,2016-04-11,Prius,42124.16,4.86,Completed
180316,5,2016-04-01,Camry,40689.67,5.34,Completed
180317,20,2016-04-23,Camry,47207.33,5.77,Completed
180318,20,2016-04-16,RAV4,54323.24,5.77,Completed
180319,5,2016-04-19,Camry,38922.07,5.34,Completed
180320,18,2016-04-13,Tundra,69855.53,5.68,Completed
180321,19,2016-04-01,Tundra,56668.11,5.48,Completed
180322,17,2016-04-30,Tacoma,38572.58,4.51,Completed
180323,2,2016-04-02,Sienna,48655.95,4.0,Completed
180324,11,2016-04-29,Prius,28040.07,4.16,Completed
180325,5,2016-04-13,Prius,33994.88,5.34,Completed
180326,19,2016-04-03,Tundra,56842.12,5.48,Completed
180327,10,2016-04-21,Tundra,45105.8,4.88,Completed
180328,6,2016-04-14,Tundra,45071.03,3.86,Completed
180329,9,2016-04-27,Tundra,41825.87,4.4,Completed
180330,8,2016-04-06,RAV4,54776.47,5.84,Completed
180331,11,2016-04-02,Corolla,28999.32,4.16,Completed
180332,7,2016-04-26,Corolla,38796.94,5.39,Completed
180333,8,2016-04-02,Tundra,58035.54,5.84,Completed
180334,8,2016-04-17,RAV4,53822.47,5.84,Completed
180335,2,2016-04-29,Highlander,67934.91,4.0,Completed
180336,18,2016-04-12,RAV4,56740.24,5.68,Cancelled
180337,5,2016-04-14,Highlander,74334.15,5.34,Completed
180338,2,2016-04-26,Camry,38344.59,4.0,Completed
180339,6,2016-04-26,Camry,34340.14,3.86,Completed
180340,7,2016-04-16,Sienna,63463.39,5.39,Completed
180341,12,2016-04-07,Tacoma,48806.01,5.65,Cancelled
180342,3,2016-04-01,Corolla,34211.57,5.69,Completed
180343,6,2016-04-03,Camry,31594.56,3.86,Completed
180344,18,2016-04-29,Highlander,90227.75,5.68,Completed
180345,10,2016-04-02,RAV4,42924.22,4.88,Completed
180346,19,2016-04-24,Prius,33140.09,5.48,Completed
180347,3,2016-04-25,Sienna,71921.66,5.69,Completed
180348,14,2016-04-27,Highlander,74233.3,5.1,Completed
180349,18,2016-04-08,Corolla,39144.73,5.68,Completed
180350,4,2016-04-27,Prius,25661.52,3.81,Completed
180351,4,2016-04-29,Sienna,45854.94,3.81,Completed
180352,3,2016-04-10,RAV4,61391.71,5.69,Completed
180353,11,2016-04-25,Camry,39048.07,4.16,Completed
180354,13,2016-04-05,Corolla,34324.72,5.61,Completed
180355,4,2016-04-09,Tundra,48171.62,3.81,Completed
180356,18,2016-04-25,Tacoma,59483.2,5.68,Completed
180357,19,2016-04-25,Corolla,29093.45,5.48,Completed
180358,3,2016-04-18,Sienna,66013.62,5.69,Completed
180359,10,2016-04-05,Tacoma,39828.32,4.88,Completed
180360,1,2016-04-24,RAV4,45236.58,5.24,Completed
180361,15,2016-04-06,RAV4,60691.56,4.86,Pending
180362,20,2016-04-13,Corolla,37005.27,5.77,Completed
180363,17,2016-04-28,Sienna,41510.55,4.51,Completed
180364,8,2016-04-24,Highlander,73582.46,5.84,Completed
180365,8,2016-04-15,Tacoma,48785.99,5.84,Completed
180366,11,2016-04-16,Prius,31401.41,4.16,Completed
180367,11,2016-04-12,Corolla,24510.52,4.16,Completed
180368,20,2016-04-25,Camry,48333.11,5.77,Completed
180369,11,2016-04-16,Camry,35916.82,4.16,Completed
180370,7,2016-04-15,Sienna,58308.75,5.39,Completed
180371,1,2016-04-30,Highlander,64439.92,5.24,Completed
180372,8,2016-04-17,RAV4,58874.02,5.84,Completed
180373,2,2016-04-29,Tundra,43783.21,4.0,Completed
180374,6,2016-04-07,Camry,34586.54,3.86,Completed
180375,20,2016-04-01,Tundra,64475.11,5.77,Completed
180376,20,2016-04-19,RAV4,54330.02,5.77,Completed
180377,14,2016-04-17,RAV4,52670.13,5.1,Completed
180378,14,2016-04-22,Corolla,37804.94,5.1,Completed
180379,20,2016-04-06,Camry,52881.93,5.77,Completed
180380,17,2016-04-13,RAV4,41699.56,4.51,Completed
180381,9,2016-04-12,Highlander,58135.32,4.4,Completed
180382,19,2016-04-26,Prius,32754.22,5.48,Completed
180383,20,2016-04-15,Corolla,38680.43,5.77,Completed
180384,19,2016-04-29,Corolla,29728.48,5.48,Completed
180385,17,2016-04-09,Tacoma,38088.73,4.51,Completed
180386,5,2016-04-06,Tundra,58844.31,5.34,Completed
180387,17,2016-04-07,Corolla,24193.99,4.51,Completed
180388,3,2016-04-08,Highlander,82314.9,5.69,Completed
180389,3,2016-04-18,Sienna,69970.9,5.69,Completed
180390,3,2016-04-04,RAV4,62774.1,5.69,Completed
180391,9,2016-04-16,Tundra,45443.29,4.4,Cancelled
180392,10,2016-04-15,Tacoma,43042.03,4.88,Pending
180393,2,2016-04-30,Highlander,67538.88,4.0,Completed
180394,19,2016-04-25,Highlander,67539.28,5.48,Completed
180395,18,2016-04-23,Tacoma,54776.27,5.68,Completed
180396,5,2016-04-19,Corolla,30498.54,5.34,Completed
180397,3,2016-04-01,Sienna,67225.51,5.69,Completed
180398,5,2016-04-04,Corolla,30496.84,5.34,Completed
180399,9,2016-04-18,Camry,38423.37,4.4,Completed
180400,10,2016-04-17,Highlander,65679.77,4.88,Completed
180401,8,2016-04-30,Sienna,67592.9,5.84,Completed
180402,7,2016-04-21,Corolla,33609.88,5.39,Completed
180403,14,2016-04-22,Prius,37862.07,5.1,Completed
180404,7,2016-04-14,Tacoma,56447.22,5.39,Completed
180405,12,2016-04-20,Tundra,64558.35,5.65,Completed
180406,10,2016-04-15,RAV4,47051.7,4.88,Completed
180407,7,2016-04-24,Highlander,79099.79,5.39,Completed
180408,8,2016-04-04,Prius,43159.25,5.84,Completed
180409,8,2016-04-06,RAV4,55448.45,5.84,Pending
180410,9,2016-04-05,Tundra,47817.94,4.4,Completed
180411,12,2016-04-24,RAV4,57116.92,5.65,Completed
180412,12,2016-04-07,Sienna,59688.77,5.65,Completed
180413,12,2016-04-06,Corolla,34511.43,5.65,Completed
180414,1,2016-04-02,Camry,43918.35,5.24,Completed
180415,17,2016-04-09,Prius,31159.67,4.51,Completed
180416,9,2016-04-20,Prius,31362.71,4.4,Completed
180417,3,2016-04-07,Tacoma,57253.65,5.69,Completed
180418,17,2016-04-19,Camry,32618.55,4.51,Completed
180419,13,2016-04-02,Sienna,66679.52,5.61,Completed
180420,18,2016-04-05,Tacoma,56474.85,5.68,Completed
180421,11,2016-04-07,Highlander,55504.46,4.16,Completed
180422,14,2016-04-24,Highlander,72350.84,5.1,Completed
180423,20,2016-04-12,Sienna,67324.24,5.77,Completed
180424,3,2016-04-10,Camry,49979.13,5.69,Completed
180425,4,2016-04-04,Tundra,40916.68,3.81,Completed
180426,7,2016-04-30,Tundra,68338.63,5.39,Completed
180427,17,2016-04-14,Corolla,26175.87,4.51,Completed
180428,7,2016-04-16,Prius,40883.28,5.39,Completed
180429,11,2016-04-05,Camry,32743.33,4.16,Completed
180430,5,2016-04-27,Highlander,62276.54,5.34,Completed
180431,16,2016-04-27,Corolla,38206.63,6.06,Completed
180432,5,2016-04-13,Tacoma,40951.06,5.34,Completed
180433,15,2016-04-17,RAV4,54790.14,4.86,Completed
180434,16,2016-04-05,Tundra,62030.28,6.06,Pending
180435,9,2016-04-14,Corolla,25988.07,4.4,Completed
180436,7,2016-04-26,Camry,51561.64,5.39,Completed
180437,7,2016-04-07,Corolla,36855.92,5.39,Completed
180438,6,2016-04-02,Sienna,42711.91,3.86,Completed
180439,16,2016-04-02,Corolla,39788.82,6.06,Completed
180440,8,2016-04-08,Corolla,33114.03,5.84,Completed
180441,18,2016-04-23,Corolla,37628.27,5.68,Completed
180442,8,2016-04-27,Tundra,67880.38,5.84,Completed
180443,15,2016-04-27,Corolla,38831.26,4.86,Completed
180444,13,2016-04-09,Tacoma,53075.78,5.61,Completed
180445,9,2016-04-28,Prius,32641.56,4.4,Pending
180446,12,2016-04-08,Sienna,68483.43,5.65,Completed
180447,5,2016-04-08,Tundra,52299.71,5.34,Pending
180448,3,2016-04-03,Tacoma,57200.77,5.69,Completed
180449,17,2016-04-22,Tundra,41332.45,4.51,Completed
180450,16,2016-04-17,Tundra,68568.82,6.06,Completed
180451,18,2016-04-24,Sienna,73823.37,5.68,Completed
180452,11,2016-04-24,Tundra,44628.12,4.16,Completed
180453,19,2016-04-27,RAV4,48098.35,5.48,Completed
180454,18,2016-04-02,Prius,44543.05,5.68,Completed
180455,5,2016-04-14,Camry,45216.63,5.34,Cancelled
180456,7,2016-04-01,Tundra,58608.16,5.39,Completed
180457,16,2016-04-05,Corolla,36346.94,6.06,Completed
180458,4,2016-04-04,Highlander,50804.66,3.81,Completed
180459,2,2016-04-08,Highlander,66938.39,4.0,Completed
180460,17,2016-04-17,Highlander,62163.35,4.51,Completed
180461,9,2016-04-25,Sienna,49972.31,4.4,Completed
180462,7,2016-04-08,Prius,43407.69,5.39,Pending
180463,9,2016-04-15,Sienna,44602.44,4.4,Completed
180464,13,2016-04-12,Prius,40137.66,5.61,Completed
180465,20,2016-04-07,Highlander,83555.21,5.77,Completed
180466,16,2016-04-26,Highlander,79299.83,6.06,Completed
180467,4,2016-04-08,Prius,28468.61,3.81,Completed
180468,16,2016-04-15,Prius,42152.58,6.06,Completed
180469,1,2016-04-21,Sienna,51050.76,5.24,Completed
180470,14,2016-04-14,Sienna,56101.69,5.1,Completed
180471,2,2016-04-18,RAV4,48593.21,4.0,Completed
180472,19,2016-04-19,Sienna,60583.25,5.48,Completed
180473,2,2016-04-08,Camry,41604.88,4.0,Completed
180474,13,2016-04-28,Prius,46118.76,5.61,Completed
180475,6,2016-04-01,Prius,28117.05,3.86,Completed
180476,12,2016-04-15,Sienna,56809.76,5.65,Completed
180477,12,2016-04-26,Sienna,66800.21,5.65,Cancelled
180478,17,2016-04-13,Tundra,47275.13,4.51,Completed
180479,19,2016-04-12,Camry,41455.4,5.48,Completed
180480,7,2016-04-20,RAV4,59600.13,5.39,Completed
180481,8,2016-04-11,Tundra,61477.07,5.84,Completed
180482,12,2016-04-02,Tundra,60777.39,5.65,Completed
180483,3,2016-04-09,Tundra,62626.03,5.69,Completed
180484,4,2016-04-28,RAV4,41020.52,3.81,Completed
180485,2,2016-04-10,Highlander,65806.14,4.0,Completed
180486,13,2016-04-09,Tundra,71126.03,5.61,Completed
180487,4,2016-04-12,Highlander,53173.59,3.81,Completed
180488,14,2016-04-12,Tacoma,51451.6,5.1,Completed
180489,11,2016-04-16,Highlander,61676.92,4.16,Completed
180490,5,2016-04-29,Sienna,52577.03,5.34,Cancelled
180491,7,2016-04-28,Camry,53909.33,5.39,Completed
180492,11,2016-04-16,Tacoma,37670.76,4.16,Completed
180493,12,2016-04-12,Tacoma,57312.84,5.65,Completed
180494,1,2016-04-26,Tundra,49952.05,5.24,Completed
180495,20,2016-04-08,Camry,53033.44,5.77,Completed
180496,2,2016-04-15,Prius,34346.34,4.0,Completed
180497,9,2016-04-10,Tundra,42362.44,4.4,Completed
180498,6,2016-04-11,Highlander,60138.46,3.86,Completed
180499,10,2016-04-20,Tundra,50431.26,4.88,Completed
180500,20,2016-04-26,Corolla,35439.88,5.77,Completed
180501,16,2016-04-29,Sienna,60466.57,6.06,Completed
180502,2,2016-04-14,RAV4,44647.63,4.0,Completed
180503,4,2016-04-29,Tundra,43363.55,3.81,Completed
180504,16,2016-04-11,Corolla,34509.3,6.06,Completed
180505,4,2016-04-11,RAV4,42451.54,3.81,Completed
180506,10,2016-04-29,Corolla,29858.94,4.88,Completed
180507,11,2016-04-19,Highlander,61278.84,4.16,Completed
180508,3,2016-04-18,Sienna,63378.76,5.69,Completed
180509,13,2016-04-12,Prius,46742.22,5.61,Completed
180510,8,2016-04-10,Tundra,57747.99,5.84,Completed
180511,13,2016-04-11,RAV4,59330.26,5.61,Completed
180512,8,2016-04-21,Corolla,38599.91,5.84,Completed
180513,20,2016-04-12,Tundra,64871.57,5.77,Completed
180514,15,2016-04-07,Corolla,34845.43,4.86,Completed
180515,14,2016-04-03,Sienna,60402.01,5.1,Completed
180516,3,2016-04-26,Camry,55419.51,5.69,Completed
180517,19,2016-04-19,Tacoma,44031.88,5.48,Cancelled
180518,11,2016-04-01,Camry,35683.17,4.16,Completed
180519,4,2016-04-21,Camry,31657.07,3.81,Completed
180520,9,2016-04-22,Tacoma,39682.69,4.4,Completed
180521,14,2016-04-15,Highlander,70175.69,5.1,Completed
180522,6,2016-04-27,RAV4,40718.29,3.86,Completed
180523,13,2016-04-21,Highlander,86920.2,5.61,Completed
180524,17,2016-04-25,Sienna,44853.11,4.51,Completed
180525,11,2016-04-03,RAV4,40634.68,4.16,Completed
180526,15,2016-04-22,Sienna,61886.44,4.86,Completed
180527,10,2016-04-03,Tundra,51020.98,4.88,Completed
180528,4,2016-04-10,Prius,27607.99,3.81,Completed
180529,10,2016-04-11,Corolla,26134.17,4.88,Completed
180530,11,2016-04-03,Highlander,61622.23,4.16,Completed
180531,2,2016-04-07,Sienna,45306.52,4.0,Completed
180532,5,2016-04-18,Camry,38676.09,5.34,Cancelled
