sale_id,sale_rep_id,sale_date,car_model,sale_amount,commission_pct,sale_status
123067,8,2015-08-14,Tundra,59907.9,5.84,Completed
123068,10,2015-08-22,RAV4,36351.24,4.88,Completed
123069,17,2015-08-29,Corolla,21032.72,4.51,Completed
123070,9,2015-08-07,Tundra,43311.09,4.4,Completed
123071,13,2015-08-20,RAV4,52204.31,5.61,Completed
123072,14,2015-08-12,Prius,35393.81,5.1,Completed
123073,13,2015-08-16,Tundra,62011.56,5.61,Completed
123074,2,2015-08-06,Tacoma,37795.71,4.0,Completed
123075,18,2015-08-08,Tacoma,55130.61,5.68,Completed
123076,5,2015-08-17,Corolla,28698.78,5.34,Completed
123077,20,2015-08-22,RAV4,48743.0,5.77,Completed
123078,20,2015-08-28,RAV4,50526.55,5.77,Completed
123079,19,2015-08-01,Tundra,52080.08,5.48,Completed
123080,4,2015-08-24,Tundra,42618.56,3.81,Completed
123081,4,2015-08-21,Highlander,50731.73,3.81,Completed
123082,18,2015-08-18,Camry,49243.06,5.68,Completed
123083,15,2015-08-31,Corolla,31055.41,4.86,Completed
123084,6,2015-08-10,Camry,30212.69,3.86,Completed
123085,16,2015-08-14,Prius,40539.62,6.06,Completed
123086,20,2015-08-22,Highlander,78211.37,5.77,Completed
123087,17,2015-08-31,Prius,27868.07,4.51,Completed
123088,18,2015-08-23,RAV4,59026.75,5.68,Completed
123089,4,2015-08-07,Tacoma,32271.52,3.81,Completed
123090,15,2015-08-02,Camry,47966.32,4.86,Completed
123091,5,2015-08-27,Highlander,58514.01,5.34,Completed
123092,14,2015-08-09,Tacoma,45188.35,5.1,Completed
123093,4,2015-08-19,Tacoma,35647.16,3.81,Completed
123094,6,2015-08-15,Sienna,36389.64,3.86,Completed
123095,9,2015-08-17,Prius,29594.77,4.4,Completed
123096,14,2015-08-13,Prius,37856.11,5.1,Completed
123097,4,2015-08-14,Camry,29820.05,3.81,Completed
123098,9,2015-08-01,Camry,34930.54,4.4,Completed
123099,6,2015-08-04,Tundra,44276.42,3.86,Completed
123100,20,2015-08-22,Tacoma,51025.51,5.77,Completed
123101,13,2015-08-29,Tacoma,52875.04,5.61,Completed
123102,7,2015-08-10,Tundra,61164.41,5.39,Completed
123103,5,2015-08-26,Highlander,61571.13,5.34,Completed
123104,5,2015-08-09,Tacoma,39480.9,5.34,Completed
123105,8,2015-08-22,RAV4,47891.39,5.84,Completed
123106,10,2015-08-03,Camry,35190.01,4.88,Completed
123107,5,2015-08-31,Sienna,46330.86,5.34,Completed
123108,4,2015-08-26,Sienna,39785.38,3.81,Completed
123109,15,2015-08-29,Highlander,73537.11,4.86,Completed
123110,5,2015-08-29,Highlander,57124.27,5.34,Completed
123111,17,2015-08-05,Prius,28219.61,4.51,Completed
123112,3,2015-08-27,Tundra,55154.21,5.69,Completed
123113,20,2015-08-07,Tacoma,48173.62,5.77,Completed
123114,3,2015-08-25,RAV4,51232.77,5.69,Completed
123115,13,2015-08-01,Camry,45142.76,5.61,Completed
123116,14,2015-08-13,Highlander,72054.3,5.1,Completed
123117,14,2015-08-09,RAV4,49462.0,5.1,Completed
123118,2,2015-08-28,Tacoma,37173.08,4.0,Completed
123119,11,2015-08-08,RAV4,39790.25,4.16,Completed
123120,3,2015-08-13,Highlander,69331.06,5.69,Completed
123121,19,2015-08-16,Camry,41065.77,5.48,Completed
123122,17,2015-08-08,Tacoma,30938.07,4.51,Completed
123123,11,2015-08-19,Prius,26399.94,4.16,Completed
123124,15,2015-08-05,Prius,39662.56,4.86,Completed
123125,13,2015-08-05,Camry,49638.15,5.61,Completed
123126,5,2015-08-08,Highlander,67573.04,5.34,Completed
123127,4,2015-08-05,Highlander,46903.87,3.81,Completed
123128,19,2015-08-22,Tacoma,44448.39,5.48,Completed
123129,17,2015-08-27,Corolla,21222.63,4.51,Completed
123130,1,2015-08-05,Corolla,24920.74,5.24,Completed
123131,2,2015-08-26,Camry,33938.96,4.0,Completed
123132,1,2015-08-28,Camry,37922.08,5.24,Completed
123133,7,2015-08-11,Tundra,58885.5,5.39,Completed
123134,14,2015-08-25,Highlander,69103.86,5.1,Completed
123135,16,2015-08-05,Camry,49488.43,6.06,Completed
123136,7,2015-08-09,RAV4,56814.95,5.39,Completed
123137,5,2015-08-07,RAV4,41222.14,5.34,Completed
123138,11,2015-08-30,Corolla,26100.58,4.16,Completed
123139,3,2015-08-30,Corolla,36648.99,5.69,Pending
123140,16,2015-08-12,Tundra,59709.45,6.06,Completed
123141,15,2015-08-10,Highlander,71977.33,4.86,Completed
123142,13,2015-08-06,Highlander,74353.48,5.61,Completed
123143,10,2015-08-06,Prius,29006.27,4.88,Completed
123144,5,2015-08-31,Prius,30320.8,5.34,Completed
123145,12,2015-08-12,Camry,47592.6,5.65,Completed
123146,2,2015-08-03,Sienna,47388.38,4.0,Pending
123147,1,2015-08-03,Sienna,48438.44,5.24,Completed
123148,15,2015-08-14,Corolla,35426.12,4.86,Completed
123149,18,2015-08-23,Highlander,71403.75,5.68,Completed
123150,14,2015-08-15,Highlander,63830.39,5.1,Completed
123151,6,2015-08-24,Camry,33478.9,3.86,Completed
123152,7,2015-08-28,Corolla,33988.86,5.39,Completed
123153,9,2015-08-07,Sienna,40844.66,4.4,Completed
123154,3,2015-08-27,RAV4,49241.06,5.69,Completed
123155,8,2015-08-24,Highlander,73853.3,5.84,Completed
123156,17,2015-08-07,Tundra,41454.72,4.51,Completed
123157,14,2015-08-23,Camry,42718.16,5.1,Completed
123158,14,2015-08-03,Prius,36609.02,5.1,Completed
123159,8,2015-08-31,Camry,42520.8,5.84,Completed
123160,9,2015-08-15,Corolla,24309.71,4.4,Completed
123161,2,2015-08-08,Sienna,43652.24,4.0,Completed
123162,8,2015-08-13,Prius,39995.64,5.84,Completed
123163,8,2015-08-30,Camry,45933.51,5.84,Pending
123164,3,2015-08-27,Tacoma,52031.52,5.69,Completed
123165,4,2015-08-10,Prius,24638.4,3.81,Completed
123166,4,2015-08-24,Camry,30633.13,3.81,Cancelled
123167,9,2015-08-23,Tundra,38476.84,4.4,Completed
123168,3,2015-08-21,Sienna,54259.17,5.69,Completed
123169,4,2015-08-15,Tundra,41185.04,3.81,Completed
123170,6,2015-08-14,Prius,25023.36,3.86,Completed
123171,5,2015-08-02,Corolla,27173.11,5.34,Completed
123172,19,2015-08-10,Prius,34839.9,5.48,Completed
123173,10,2015-08-05,Tundra,40912.41,4.88,Completed
123174,1,2015-08-04,Corolla,28522.15,5.24,Completed
123175,1,2015-08-26,Prius,32429.02,5.24,Completed
123176,3,2015-08-20,Highlander,74670.87,5.69,Completed
123177,6,2015-08-19,Camry,28758.31,3.86,Completed
123178,9,2015-08-14,Highlander,51755.1,4.4,Completed
123179,11,2015-08-09,Prius,26957.81,4.16,Completed
123180,12,2015-08-27,Tacoma,44684.11,5.65,Completed
123181,8,2015-08-10,Corolla,33274.28,5.84,Cancelled
123182,2,2015-08-03,Highlander,53055.94,4.0,Completed
123183,19,2015-08-24,Tacoma,45055.02,5.48,Completed
123184,16,2015-08-10,Prius,35276.67,6.06,Completed
123185,2,2015-08-10,RAV4,43784.67,4.0,Completed
123186,3,2015-08-30,Prius,40488.66,5.69,Completed
123187,14,2015-08-11,Tundra,58108.4,5.1,Completed
123188,7,2015-08-07,Corolla,34225.13,5.39,Completed
123189,11,2015-08-27,Prius,27288.33,4.16,Completed
123190,10,2015-08-23,RAV4,37811.24,4.88,Completed
123191,17,2015-08-27,RAV4,36941.48,4.51,Completed
123192,7,2015-08-03,Sienna,60591.23,5.39,Completed
123193,7,2015-08-10,Highlander,78022.47,5.39,Completed
123194,16,2015-08-09,Tacoma,50009.31,6.06,Completed
123195,14,2015-08-22,Highlander,67810.64,5.1,Pending
123196,16,2015-08-19,Corolla,32849.64,6.06,Completed
123197,16,2015-08-13,Sienna,54521.81,6.06,Completed
123198,13,2015-08-08,Corolla,31161.02,5.61,Completed
123199,6,2015-08-04,RAV4,38096.01,3.86,Completed
123200,16,2015-08-22,Corolla,33596.9,6.06,Completed
123201,12,2015-08-14,Sienna,60834.44,5.65,Completed
123202,4,2015-08-07,Tundra,35808.61,3.81,Completed
123203,17,2015-08-07,Tundra,43207.16,4.51,Completed
123204,4,2015-08-12,Corolla,20396.4,3.81,Completed
123205,4,2015-08-12,Prius,25691.6,3.81,Completed
123206,13,2015-08-01,Prius,38071.18,5.61,Completed
123207,10,2015-08-11,Sienna,41969.3,4.88,Completed
123208,7,2015-08-25,Prius,34183.84,5.39,Completed
123209,11,2015-08-03,Camry,35183.21,4.16,Completed
123210,4,2015-08-12,RAV4,32604.27,3.81,Completed
123211,6,2015-08-07,Tundra,42080.82,3.86,Completed
123212,15,2015-08-12,Tacoma,43021.47,4.86,Completed
123213,3,2015-08-03,Highlander,79884.59,5.69,Completed
123214,14,2015-08-31,Highlander,66521.03,5.1,Completed
123215,11,2015-08-28,Sienna,42828.95,4.16,Completed
123216,18,2015-08-26,Corolla,31733.12,5.68,Completed
123217,4,2015-08-28,Tacoma,33041.76,3.81,Completed
123218,13,2015-08-22,Highlander,72143.22,5.61,Completed
123219,3,2015-08-18,RAV4,50406.57,5.69,Cancelled
123220,11,2015-08-28,Corolla,21767.44,4.16,Completed
123221,18,2015-08-21,Prius,43033.57,5.68,Completed
123222,3,2015-08-06,RAV4,55425.01,5.69,Completed
123223,8,2015-08-13,Tundra,53878.0,5.84,Completed
123224,19,2015-08-18,Highlander,64604.06,5.48,Completed
123225,10,2015-08-10,RAV4,42350.39,4.88,Completed
123226,14,2015-08-10,Prius,33928.97,5.1,Completed
123227,6,2015-08-08,Tacoma,33538.97,3.86,Completed
123228,20,2015-08-04,RAV4,55150.14,5.77,Completed
123229,18,2015-08-20,Camry,43989.82,5.68,Completed
123230,20,2015-08-20,RAV4,50645.03,5.77,Completed
123231,15,2015-08-30,RAV4,49365.72,4.86,Completed
123232,18,2015-08-26,Corolla,38012.96,5.68,Completed
123233,5,2015-08-04,RAV4,42641.59,5.34,Completed
123234,4,2015-08-06,Sienna,37022.56,3.81,Completed
123235,9,2015-08-19,Corolla,22077.57,4.4,Completed
123236,18,2015-08-29,RAV4,61091.45,5.68,Completed
123237,11,2015-08-08,Corolla,25045.9,4.16,Completed
123238,1,2015-08-01,Corolla,28033.39,5.24,Completed
123239,1,2015-08-26,Sienna,49554.24,5.24,Completed
123240,8,2015-08-01,Highlander,75977.07,5.84,Completed
123241,12,2015-08-20,Tacoma,45977.9,5.65,Completed
123242,2,2015-08-06,Sienna,40090.74,4.0,Completed
123243,18,2015-08-15,Highlander,85960.38,5.68,Completed
123244,8,2015-08-10,Camry,46818.87,5.84,Completed
123245,3,2015-08-07,Tacoma,52965.1,5.69,Completed
123246,15,2015-08-08,Highlander,77461.23,4.86,Completed
123247,2,2015-08-13,Camry,31963.19,4.0,Completed
123248,5,2015-08-21,Highlander,56030.51,5.34,Completed
123249,3,2015-08-24,Corolla,37362.7,5.69,Completed
123250,17,2015-08-23,RAV4,38109.72,4.51,Completed
123251,13,2015-08-16,Tundra,63056.99,5.61,Completed
123252,8,2015-08-21,Prius,34521.09,5.84,Completed
123253,8,2015-08-16,Sienna,53074.86,5.84,Completed
123254,3,2015-08-06,Highlander,71294.74,5.69,Completed
123255,10,2015-08-13,Tundra,45277.56,4.88,Completed
123256,15,2015-08-01,Corolla,29953.34,4.86,Completed
123257,3,2015-08-23,Tacoma,48710.41,5.69,Completed
123258,14,2015-08-16,Tacoma,48639.47,5.1,Completed
123259,11,2015-08-07,Tundra,44912.64,4.16,Completed
123260,13,2015-08-11,Tacoma,55126.17,5.61,Completed
123261,7,2015-08-19,Tacoma,48014.53,5.39,Completed
123262,1,2015-08-07,RAV4,42320.61,5.24,Completed
123263,13,2015-08-23,Tundra,57999.07,5.61,Completed
123264,8,2015-08-30,RAV4,49362.13,5.84,Completed
123265,7,2015-08-31,Sienna,52498.63,5.39,Completed
123266,14,2015-08-19,Sienna,52915.13,5.1,Completed
123267,14,2015-08-09,Corolla,29925.29,5.1,Completed
123268,18,2015-08-19,Camry,50338.65,5.68,Completed
123269,9,2015-08-01,Tacoma,34242.42,4.4,Completed
123270,10,2015-08-30,Tacoma,38699.12,4.88,Completed
123271,17,2015-08-19,Tacoma,33345.09,4.51,Completed
123272,16,2015-08-09,RAV4,48421.03,6.06,Completed
123273,9,2015-08-21,Tundra,39463.31,4.4,Completed
123274,8,2015-08-22,Sienna,59713.58,5.84,Completed
123275,16,2015-08-16,Sienna,64155.01,6.06,Completed
123276,9,2015-08-03,Prius,28735.86,4.4,Completed
123277,2,2015-08-25,Tundra,40642.62,4.0,Completed
123278,12,2015-08-10,Corolla,31079.05,5.65,Completed
123279,12,2015-08-08,RAV4,48289.07,5.65,Completed
123280,19,2015-08-10,Prius,33659.28,5.48,Completed
123281,13,2015-08-17,Tundra,55229.6,5.61,Completed
123282,2,2015-08-05,Sienna,42259.35,4.0,Completed
123283,19,2015-08-23,Prius,30922.3,5.48,Pending
123284,15,2015-08-04,Tundra,59764.52,4.86,Completed
123285,20,2015-08-19,Sienna,59817.44,5.77,Completed
123286,5,2015-08-18,Tacoma,38132.02,5.34,Completed
123287,13,2015-08-01,Corolla,32147.41,5.61,Pending
123288,9,2015-08-24,Sienna,38080.18,4.4,Completed
123289,20,2015-08-05,Highlander,78769.18,5.77,Completed
123290,5,2015-08-02,Prius,30017.79,5.34,Completed
123291,13,2015-08-08,RAV4,51577.35,5.61,Completed
123292,11,2015-08-28,Camry,31737.37,4.16,Completed
123293,8,2015-08-03,Highlander,77752.53,5.84,Completed
123294,15,2015-08-24,Tacoma,51845.21,4.86,Completed
123295,2,2015-08-25,Corolla,23404.26,4.0,Completed
123296,1,2015-08-27,Sienna,45661.31,5.24,Completed
123297,14,2015-08-09,Tundra,50797.74,5.1,Completed
123298,12,2015-08-28,Camry,41854.32,5.65,Completed
123299,9,2015-08-30,Tundra,44351.99,4.4,Completed
123300,9,2015-08-03,Sienna,41692.1,4.4,Completed
123301,5,2015-08-14,Tacoma,38310.39,5.34,Completed
123302,12,2015-08-22,Tacoma,42989.46,5.65,Completed
123303,3,2015-08-02,Sienna,63970.99,5.69,Completed
123304,11,2015-08-15,Highlander,51140.08,4.16,Completed
123305,3,2015-08-13,Highlander,78539.82,5.69,Completed
123306,5,2015-08-14,Corolla,28158.26,5.34,Completed
123307,3,2015-08-04,Camry,42356.29,5.69,Completed
123308,2,2015-08-19,Tundra,42530.53,4.0,Completed
123309,10,2015-08-04,RAV4,42774.36,4.88,Completed
123310,13,2015-08-22,RAV4,59075.04,5.61,Completed
123311,1,2015-08-10,Highlander,61213.42,5.24,Completed
123312,3,2015-08-03,Camry,45559.83,5.69,Completed
123313,6,2015-08-18,Corolla,24587.17,3.86,Completed
123314,6,2015-08-02,RAV4,39740.82,3.86,Completed
123315,7,2015-08-21,Prius,37974.47,5.39,Completed
123316,7,2015-08-17,Prius,34414.31,5.39,Completed
123317,12,2015-08-05,Tacoma,43275.23,5.65,Completed
123318,13,2015-08-16,Camry,49490.65,5.61,Completed
123319,16,2015-08-30,Camry,42970.22,6.06,Completed
123320,8,2015-08-16,Corolla,33248.81,5.84,Completed
123321,10,2015-08-11,RAV4,37369.27,4.88,Completed
123322,2,2015-08-14,Corolla,22601.14,4.0,Completed
123323,4,2015-08-31,Tundra,38652.74,3.81,Completed
123324,3,2015-08-22,Corolla,31766.16,5.69,Completed
123325,4,2015-08-08,RAV4,39076.39,3.81,Completed
123326,8,2015-08-15,Sienna,62118.75,5.84,Cancelled
123327,14,2015-08-15,Sienna,55679.14,5.1,Completed
123328,8,2015-08-01,Corolla,31527.94,5.84,Completed
123329,1,2015-08-13,Tundra,47818.07,5.24,Completed
123330,3,2015-08-06,Prius,34886.98,5.69,Completed
123331,8,2015-08-02,Sienna,62375.19,5.84,Completed
123332,3,2015-08-22,Prius,40118.73,5.69,Completed
123333,16,2015-08-27,Highlander,73650.37,6.06,Completed
123334,1,2015-08-07,Corolla,25822.66,5.24,Completed
123335,2,2015-08-08,Tacoma,37333.92,4.0,Completed
123336,6,2015-08-23,RAV4,38926.91,3.86,Completed
123337,2,2015-08-14,RAV4,40212.31,4.0,Completed
123338,15,2015-08-15,Camry,47927.41,4.86,Completed
123339,16,2015-08-16,Tacoma,46552.38,6.06,Completed
123340,12,2015-08-19,Tacoma,51495.69,5.65,Completed
123341,13,2015-08-02,Camry,42707.93,5.61,Completed
123342,14,2015-08-07,Camry,45431.52,5.1,Cancelled
123343,12,2015-08-08,Sienna,55578.46,5.65,Completed
123344,11,2015-08-28,Tacoma,38100.22,4.16,Completed
123345,4,2015-08-26,Camry,33342.22,3.81,Completed
123346,2,2015-08-22,Prius,30204.52,4.0,Completed
123347,9,2015-08-21,Tacoma,34705.84,4.4,Completed
123348,15,2015-08-16,Prius,34754.75,4.86,Completed
123349,14,2015-08-12,Camry,45209.8,5.1,Completed
123350,16,2015-08-15,Tacoma,51933.09,6.06,Completed
123351,18,2015-08-24,RAV4,60345.17,5.68,Completed
123352,3,2015-08-18,Prius,37047.01,5.69,Completed
123353,19,2015-08-05,Tundra,53378.5,5.48,Completed
123354,9,2015-08-10,Camry,34315.57,4.4,Completed
123355,15,2015-08-09,Corolla,33309.75,4.86,Completed
123356,1,2015-08-10,Corolla,27448.52,5.24,Completed
123357,5,2015-08-23,Sienna,46300.86,5.34,Pending
123358,6,2015-08-21,RAV4,39606.01,3.86,Completed
123359,9,2015-08-01,Corolla,21467.73,4.4,Completed
123360,19,2015-08-21,Tundra,47299.46,5.48,Completed
123361,20,2015-08-22,Sienna,63076.94,5.77,Completed
123362,20,2015-08-24,Corolla,31035.92,5.77,Completed
123363,12,2015-08-17,Camry,40348.13,5.65,Completed
123364,3,2015-08-22,Corolla,36940.92,5.69,Completed
123365,1,2015-08-13,Highlander,59854.66,5.24,Completed
123366,8,2015-08-18,Sienna,55628.19,5.84,Completed
123367,18,2015-08-02,RAV4,59803.79,5.68,Completed
123368,6,2015-08-28,Camry,30605.11,3.86,Completed
123369,20,2015-08-10,RAV4,55794.39,5.77,Completed
123370,3,2015-08-16,Camry,45156.06,5.69,Completed
123371,19,2015-08-17,Tundra,52178.11,5.48,Completed
123372,6,2015-08-30,Camry,31720.42,3.86,Completed
123373,7,2015-08-25,Camry,40857.24,5.39,Completed
123374,2,2015-08-21,Highlander,60256.52,4.0,Completed
123375,6,2015-08-03,Corolla,23957.23,3.86,Completed
123376,6,2015-08-17,Sienna,43667.16,3.86,Completed
123377,15,2015-08-04,RAV4,55388.3,4.86,Completed
123378,18,2015-08-08,Sienna,57820.8,5.68,Completed
123379,20,2015-08-21,Tacoma,50433.16,5.77,Completed
123380,12,2015-08-28,Highlander,70039.17,5.65,Cancelled
123381,9,2015-08-21,Camry,29720.18,4.4,Completed
123382,7,2015-08-26,Tundra,63521.42,5.39,Completed
123383,17,2015-08-14,Corolla,24358.08,4.51,Completed
123384,20,2015-08-28,Sienna,53543.51,5.77,Completed
123385,5,2015-08-13,Camry,34512.09,5.34,Completed
123386,20,2015-08-09,RAV4,53800.0,5.77,Completed
123387,19,2015-08-24,Sienna,52575.56,5.48,Completed
123388,9,2015-08-16,Prius,28628.25,4.4,Completed
123389,19,2015-08-02,Sienna,54045.37,5.48,Completed
123390,18,2015-08-06,Corolla,37110.49,5.68,Completed
123391,10,2015-08-16,RAV4,40925.03,4.88,Completed
123392,15,2015-08-29,RAV4,51900.92,4.86,Completed
123393,9,2015-08-30,Highlander,51309.36,4.4,Completed
123394,11,2015-08-04,Highlander,51389.91,4.16,Completed
123395,6,2015-08-21,Highlander,56693.68,3.86,Completed
123396,12,2015-08-18,Prius,38633.19,5.65,Completed
123397,20,2015-08-24,Sienna,60839.66,5.77,Completed
123398,2,2015-08-20,RAV4,41136.16,4.0,Completed
123399,8,2015-08-16,Highlander,69410.97,5.84,Completed
123400,16,2015-08-22,RAV4,51349.6,6.06,Cancelled
123401,14,2015-08-18,Sienna,49500.06,5.1,Completed
123402,11,2015-08-31,RAV4,37034.3,4.16,Completed
123403,8,2015-08-03,Camry,40088.93,5.84,Completed
123404,4,2015-08-07,Sienna,37614.75,3.81,Completed
123405,5,2015-08-28,Tundra,49567.82,5.34,Completed
123406,1,2015-08-06,Camry,39165.52,5.24,Completed
123407,5,2015-08-22,RAV4,42865.71,5.34,Completed
123408,18,2015-08-01,Tacoma,55842.83,5.68,Completed
123409,6,2015-08-12,Highlander,50275.71,3.86,Completed
123410,18,2015-08-04,Camry,45326.51,5.68,Completed
123411,10,2015-08-23,Corolla,22504.34,4.88,Completed
123412,13,2015-08-04,Highlander,77776.76,5.61,Completed
123413,9,2015-08-19,RAV4,37416.7,4.4,Completed
123414,18,2015-08-11,Camry,51479.92,5.68,Completed
123415,6,2015-08-23,RAV4,38695.34,3.86,Completed
123416,11,2015-08-01,Corolla,24869.21,4.16,Pending
123417,20,2015-08-13,Camry,40492.55,5.77,Completed
123418,3,2015-08-19,Camry,45691.25,5.69,Completed
123419,1,2015-08-27,Sienna,43384.86,5.24,Completed
123420,6,2015-08-15,Highlander,53672.79,3.86,Completed
123421,5,2015-08-18,Corolla,25538.12,5.34,Completed
123422,1,2015-08-05,Tundra,52086.93,5.24,Completed
123423,13,2015-08-18,Sienna,56399.25,5.61,Pending
123424,14,2015-08-02,Highlander,75965.85,5.1,Completed
123425,6,2015-08-16,Tundra,42835.71,3.86,Completed
123426,6,2015-08-22,Camry,32379.71,3.86,Completed
123427,13,2015-08-19,Tacoma,51868.28,5.61,Completed
123428,3,2015-08-17,Tundra,54949.24,5.69,Completed
123429,1,2015-08-22,Highlander,66622.91,5.24,Cancelled
123430,2,2015-08-11,Sienna,39834.73,4.0,Completed
123431,7,2015-08-17,Corolla,34922.22,5.39,Completed
123432,20,2015-08-23,Tacoma,47371.95,5.77,Completed
123433,16,2015-08-28,RAV4,48267.16,6.06,Completed
123434,13,2015-08-14,Camry,48007.31,5.61,Completed
123435,3,2015-08-08,Prius,39827.99,5.69,Completed
123436,18,2015-08-21,Corolla,32572.86,5.68,Completed
123437,11,2015-08-29,Camry,34732.42,4.16,Completed
123438,12,2015-08-04,Corolla,30359.44,5.65,Completed
123439,4,2015-08-31,Tacoma,32209.79,3.81,Completed
123440,19,2015-08-12,RAV4,47096.7,5.48,Completed
123441,9,2015-08-03,Corolla,22472.22,4.4,Completed
123442,15,2015-08-18,RAV4,53874.41,4.86,Completed
123443,9,2015-08-04,Tundra,44844.54,4.4,Completed
123444,15,2015-08-24,Corolla,29853.25,4.86,Completed
123445,5,2015-08-08,Corolla,30378.16,5.34,Completed
123446,19,2015-08-03,Prius,31170.38,5.48,Completed
123447,1,2015-08-12,Sienna,45125.2,5.24,Completed
123448,12,2015-08-17,Corolla,34614.82,5.65,Completed
123449,15,2015-08-05,Highlander,73129.93,4.86,Completed
123450,12,2015-08-31,Highlander,78207.56,5.65,Completed
123451,17,2015-08-18,Camry,32261.02,4.51,Completed
123452,1,2015-08-24,Tundra,49080.95,5.24,Completed
123453,4,2015-08-14,Camry,28995.49,3.81,Completed
123454,19,2015-08-04,Highlander,64698.38,5.48,Completed
123455,15,2015-08-31,Highlander,70525.09,4.86,Completed
123456,19,2015-08-03,Highlander,65916.22,5.48,Completed
123457,13,2015-08-01,Tacoma,51040.47,5.61,Completed
123458,17,2015-08-27,Tacoma,31501.51,4.51,Completed
123459,13,2015-08-20,Highlander,81779.42,5.61,Cancelled
123460,11,2015-08-16,Highlander,52949.7,4.16,Completed
123461,10,2015-08-18,RAV4,40961.62,4.88,Completed
123462,16,2015-08-18,Prius,38548.88,6.06,Completed
123463,20,2015-08-24,Tacoma,52351.98,5.77,Completed
123464,2,2015-08-22,Corolla,22606.41,4.0,Completed
123465,5,2015-08-10,Sienna,44990.35,5.34,Completed
123466,2,2015-08-17,Corolla,27316.49,4.0,Completed
123467,10,2015-08-28,Prius,25222.7,4.88,Completed
123468,7,2015-08-15,Corolla,30567.52,5.39,Completed
123469,16,2015-08-08,Sienna,55033.63,6.06,Completed
123470,11,2015-08-05,Tacoma,36993.05,4.16,Completed
123471,4,2015-08-29,Tacoma,34534.23,3.81,Completed
123472,6,2015-08-16,Corolla,21253.41,3.86,Completed
123473,19,2015-08-23,Sienna,47195.14,5.48,Completed
123474,19,2015-08-10,Tacoma,40430.74,5.48,Completed
123475,14,2015-08-03,RAV4,54021.95,5.1,Pending
123476,13,2015-08-12,RAV4,49026.26,5.61,Completed
123477,17,2015-08-20,Corolla,23106.21,4.51,Pending
123478,4,2015-08-04,Corolla,23773.92,3.81,Completed
123479,16,2015-08-19,Prius,39950.57,6.06,Completed
123480,12,2015-08-27,RAV4,49516.19,5.65,Completed
123481,17,2015-08-07,Prius,25499.82,4.51,Completed
123482,16,2015-08-06,Tacoma,49827.59,6.06,Completed
123483,19,2015-08-28,Camry,36515.88,5.48,Completed
123484,11,2015-08-24,Tacoma,35700.33,4.16,Completed
123485,11,2015-08-26,Tacoma,34180.82,4.16,Completed
123486,20,2015-08-12,RAV4,52922.93,5.77,Completed
123487,18,2015-08-04,Prius,38203.24,5.68,Completed
123488,8,2015-08-05,Sienna,55730.97,5.84,Completed
123489,13,2015-08-22,Sienna,64048.48,5.61,Completed
123490,7,2015-08-17,Highlander,73666.8,5.39,Completed
123491,6,2015-08-14,Corolla,23961.61,3.86,Completed
123492,14,2015-08-27,Sienna,51252.22,5.1,Completed
123493,1,2015-08-14,Tacoma,43526.89,5.24,Completed
123494,17,2015-08-11,Corolla,23970.22,4.51,Completed
123495,2,2015-08-25,Sienna,47258.6,4.0,Completed
123496,14,2015-08-17,Camry,44209.66,5.1,Completed
123497,2,2015-08-26,Prius,28183.71,4.0,Completed
123498,5,2015-08-08,Tundra,47637.05,5.34,Completed
123499,8,2015-08-18,Tundra,61619.24,5.84,Completed
123500,8,2015-08-18,Sienna,54952.53,5.84,Completed
123501,13,2015-08-30,Sienna,57218.05,5.61,Completed
123502,19,2015-08-28,Sienna,48454.98,5.48,Completed
123503,4,2015-08-20,RAV4,38977.91,3.81,Completed
123504,15,2015-08-29,Corolla,31173.26,4.86,Completed
123505,9,2015-08-04,Camry,33505.38,4.4,Completed
123506,7,2015-08-29,Corolla,34193.72,5.39,Completed
123507,3,2015-08-07,RAV4,50110.61,5.69,Completed
123508,5,2015-08-28,RAV4,48139.03,5.34,Completed
123509,20,2015-08-21,Highlander,66382.28,5.77,Completed
123510,8,2015-08-07,Camry,42183.38,5.84,Completed
123511,15,2015-08-29,RAV4,56547.89,4.86,Completed
123512,14,2015-08-13,Highlander,72438.69,5.1,Completed
123513,1,2015-08-29,Tundra,48459.66,5.24,Completed
123514,16,2015-08-27,Tundra,61912.83,6.06,Completed
123515,10,2015-08-08,Camry,31890.85,4.88,Completed
123516,13,2015-08-07,Corolla,37324.75,5.61,Completed
123517,16,2015-08-29,Tacoma,44713.63,6.06,Completed
123518,11,2015-08-26,Camry,35430.78,4.16,Completed
123519,16,2015-08-26,Tacoma,51154.43,6.06,Completed
123520,5,2015-08-22,Highlander,65093.55,5.34,Completed
123521,13,2015-08-10,Camry,47444.43,5.61,Completed
123522,11,2015-08-29,Tacoma,37703.38,4.16,Completed
123523,13,2015-08-31,Camry,44450.27,5.61,Completed
123524,20,2015-08-22,Prius,38375.25,5.77,Completed
123525,17,2015-08-14,Highlander,46285.08,4.51,Completed
123526,5,2015-08-14,Camry,34422.75,5.34,Completed
123527,1,2015-08-31,Prius,30049.96,5.24,Completed
123528,11,2015-08-22,Corolla,25410.14,4.16,Completed
123529,4,2015-08-09,Tacoma,33659.17,3.81,Completed
123530,9,2015-08-23,Tacoma,37274.83,4.4,Completed
123531,14,2015-08-19,Camry,39842.3,5.1,Completed
123532,15,2015-08-20,Tundra,57025.98,4.86,Completed
123533,3,2015-08-02,Tundra,58961.89,5.69,Completed
123534,8,2015-08-10,Tundra,59413.31,5.84,Completed
123535,17,2015-08-12,Prius,26732.36,4.51,Completed
123536,14,2015-08-16,Tundra,59622.95,5.1,Completed
123537,6,2015-08-15,Tacoma,31728.64,3.86,Completed
123538,7,2015-08-23,Sienna,57700.79,5.39,Completed
123539,20,2015-08-19,Sienna,53176.2,5.77,Completed
123540,17,2015-08-29,RAV4,39709.07,4.51,Completed
123541,1,2015-08-06,Highlander,64977.76,5.24,Completed
123542,6,2015-08-31,Corolla,24117.02,3.86,Completed
123543,9,2015-08-15,Highlander,54496.66,4.4,Completed
123544,11,2015-08-23,Sienna,38351.77,4.16,Completed
123545,12,2015-08-14,Tundra,60871.86,5.65,Completed
123546,14,2015-08-06,Sienna,55165.36,5.1,Completed
123547,5,2015-08-20,Camry,39173.75,5.34,Completed
123548,5,2015-08-07,Tacoma,43403.36,5.34,Completed
123549,7,2015-08-30,Camry,49465.06,5.39,Completed
123550,5,2015-08-20,Tacoma,38000.34,5.34,Completed
123551,4,2015-08-18,Tundra,37725.39,3.81,Completed
123552,14,2015-08-24,Tundra,55042.13,5.1,Completed
123553,15,2015-08-26,Tacoma,43097.55,4.86,Completed
123554,16,2015-08-21,Prius,36926.8,6.06,Completed
123555,10,2015-08-11,Corolla,24877.0,4.88,Completed
123556,12,2015-08-27,Camry,48391.16,5.65,Completed
123557,15,2015-08-13,Prius,35021.44,4.86,Completed
123558,2,2015-08-12,Camry,32498.75,4.0,Pending
123559,10,2015-08-10,Camry,36401.33,4.88,Completed
123560,10,2015-08-09,Corolla,26629.97,4.88,Completed
123561,14,2015-08-08,Highlander,66374.25,5.1,Completed
123562,11,2015-08-10,Sienna,37942.57,4.16,Completed
123563,2,2015-08-31,Prius,27356.79,4.0,Completed
123564,7,2015-08-10,Highlander,73897.18,5.39,Completed
123565,16,2015-08-08,RAV4,55419.14,6.06,Completed
123566,2,2015-08-18,Corolla,25805.6,4.0,Completed
123567,9,2015-08-15,RAV4,37656.76,4.4,Completed
123568,4,2015-08-16,Highlander,49716.88,3.81,Completed
123569,11,2015-08-24,Sienna,38891.97,4.16,Completed
123570,14,2015-08-08,Corolla,32162.32,5.1,Completed
123571,9,2015-08-24,RAV4,41009.67,4.4,Completed
123572,10,2015-08-22,Corolla,24650.87,4.88,Completed
123573,4,2015-08-10,Corolla,22643.37,3.81,Completed
123574,15,2015-08-14,Highlander,75998.37,4.86,Completed
123575,4,2015-08-13,Camry,30889.63,3.81,Completed
123576,3,2015-08-09,RAV4,54791.32,5.69,Completed
123577,3,2015-08-02,Prius,37025.06,5.69,Completed
123578,18,2015-08-20,Tundra,56953.7,5.68,Completed
123579,11,2015-08-11,Highlander,50326.55,4.16,Completed
123580,5,2015-08-07,Prius,33996.61,5.34,Completed
123581,4,2015-08-23,Tacoma,30654.63,3.81,Completed
123582,16,2015-08-08,Tacoma,53545.09,6.06,Completed
123583,11,2015-08-17,Sienna,41431.08,4.16,Completed
123584,15,2015-08-29,Sienna,55369.79,4.86,Completed
123585,2,2015-08-24,Highlander,52124.72,4.0,Completed
123586,1,2015-08-26,Camry,33595.48,5.24,Completed
123587,15,2015-08-27,Highlander,70392.18,4.86,Completed
123588,9,2015-08-23,Tundra,43388.55,4.4,Completed
123589,18,2015-08-07,Tundra,62274.43,5.68,Completed
123590,2,2015-08-22,Camry,35798.51,4.0,Completed
123591,17,2015-08-01,Tacoma,32984.16,4.51,Completed
123592,9,2015-08-23,Tacoma,32100.61,4.4,Completed
123593,12,2015-08-23,Tacoma,45322.46,5.65,Completed
123594,7,2015-08-11,RAV4,53752.21,5.39,Completed
123595,9,2015-08-22,Prius,24729.04,4.4,Completed
123596,19,2015-08-19,Camry,38302.05,5.48,Completed
123597,17,2015-08-04,Camry,31558.24,4.51,Completed
123598,17,2015-08-02,Tundra,36953.24,4.51,Completed
123599,9,2015-08-01,Tacoma,31817.6,4.4,Completed
123600,2,2015-08-25,Prius,29381.39,4.0,Completed
123601,17,2015-08-13,Sienna,40629.99,4.51,Completed
123602,3,2015-08-07,Highlander,72641.78,5.69,Completed
123603,1,2015-08-17,Highlander,58157.7,5.24,Completed
123604,6,2015-08-08,Tundra,37917.92,3.86,Completed
123605,7,2015-08-15,Tacoma,50539.75,5.39,Completed
123606,19,2015-08-22,Camry,35094.87,5.48,Completed
123607,20,2015-08-25,Highlander,66878.02,5.77,Completed
123608,2,2015-08-03,Tundra,47316.46,4.0,Completed
123609,15,2015-08-23,Prius,37615.71,4.86,Completed
123610,7,2015-08-11,Tacoma,48972.98,5.39,Completed
123611,4,2015-08-25,Tacoma,30540.04,3.81,Completed
123612,7,2015-08-29,Corolla,33179.43,5.39,Completed
123613,6,2015-08-31,Camry,28790.21,3.86,Pending
123614,18,2015-08-20,RAV4,53538.64,5.68,Completed
123615,13,2015-08-13,Sienna,53769.3,5.61,Completed
123616,13,2015-08-27,Corolla,33176.95,5.61,Completed
123617,13,2015-08-06,Corolla,33868.04,5.61,Completed
123618,9,2015-08-02,Corolla,21653.4,4.4,Completed
123619,19,2015-08-14,Tundra,46477.01,5.48,Cancelled
123620,9,2015-08-02,RAV4,40526.6,4.4,Completed
123621,16,2015-08-16,RAV4,48681.37,6.06,Completed
123622,3,2015-08-26,Tacoma,47369.87,5.69,Completed
123623,8,2015-08-29,Prius,35775.4,5.84,Completed
123624,1,2015-08-21,Corolla,24702.89,5.24,Completed
123625,17,2015-08-02,Sienna,42846.5,4.51,Pending
123626,16,2015-08-15,Corolla,35801.97,6.06,Pending
123627,13,2015-08-22,Tundra,59018.75,5.61,Completed
123628,13,2015-08-28,Sienna,61341.33,5.61,Completed
123629,9,2015-08-23,Highlander,53997.69,4.4,Completed
123630,14,2015-08-08,Camry,46868.91,5.1,Completed
123631,18,2015-08-05,Tacoma,56879.48,5.68,Pending
123632,8,2015-08-25,Sienna,53368.04,5.84,Completed
123633,2,2015-08-29,Tundra,41325.63,4.0,Completed
123634,5,2015-08-06,Prius,31074.38,5.34,Cancelled
123635,17,2015-08-17,RAV4,35224.69,4.51,Completed
123636,11,2015-08-26,Corolla,23780.54,4.16,Completed
123637,13,2015-08-24,Tundra,56877.04,5.61,Completed
123638,14,2015-08-20,Camry,43363.69,5.1,Completed
123639,17,2015-08-27,Tacoma,35074.35,4.51,Completed
123640,20,2015-08-08,Camry,46646.71,5.77,Completed
123641,8,2015-08-22,Camry,40876.79,5.84,Completed
123642,12,2015-08-19,Corolla,30991.83,5.65,Completed
123643,5,2015-08-13,Highlander,57201.08,5.34,Completed
123644,4,2015-08-13,Camry,32506.3,3.81,Completed
123645,8,2015-08-05,Prius,34256.35,5.84,Completed
123646,18,2015-08-09,Camry,46713.01,5.68,Completed
123647,1,2015-08-27,Highlander,64281.29,5.24,Completed
123648,2,2015-08-30,Sienna,45512.93,4.0,Completed
123649,10,2015-08-02,Tundra,45056.17,4.88,Completed
123650,8,2015-08-21,Tundra,53396.62,5.84,Completed
123651,15,2015-08-02,Camry,41390.44,4.86,Completed
123652,8,2015-08-18,Highlander,79773.09,5.84,Completed
123653,12,2015-08-03,RAV4,47801.03,5.65,Completed
123654,13,2015-08-30,Highlander,80373.83,5.61,Completed
123655,16,2015-08-02,Tacoma,45791.02,6.06,Completed
123656,9,2015-08-25,RAV4,40343.04,4.4,Completed
123657,15,2015-08-05,Camry,42420.25,4.86,Completed
123658,1,2015-08-30,Highlander,66419.44,5.24,Completed
123659,15,2015-08-15,Tacoma,44361.26,4.86,Completed
123660,19,2015-08-16,Prius,33673.66,5.48,Completed
123661,6,2015-08-05,Tundra,40968.66,3.86,Completed
123662,19,2015-08-15,Sienna,46353.79,5.48,Pending
123663,1,2015-08-11,Highlander,57324.89,5.24,Pending
123664,17,2015-08-29,Camry,34247.46,4.51,Completed
123665,14,2015-08-03,RAV4,46100.38,5.1,Completed
123666,20,2015-08-14,Tundra,52402.93,5.77,Completed
123667,13,2015-08-28,RAV4,55786.94,5.61,Completed
123668,11,2015-08-03,Highlander,51190.84,4.16,Pending
123669,20,2015-08-12,Tundra,55969.34,5.77,Completed
123670,6,2015-08-30,RAV4,36579.42,3.86,Completed
123671,17,2015-08-30,Highlander,54993.68,4.51,Completed
123672,12,2015-08-30,Highlander,73803.32,5.65,Completed
123673,20,2015-08-05,Tacoma,45016.98,5.77,Completed
123674,12,2015-08-20,Prius,37759.28,5.65,Completed
123675,1,2015-08-25,Sienna,50217.5,5.24,Completed
123676,14,2015-08-15,Corolla,30526.64,5.1,Completed
123677,4,2015-08-21,Camry,29763.81,3.81,Completed
123678,11,2015-08-16,Highlander,51110.25,4.16,Completed
123679,12,2015-08-26,Prius,33640.44,5.65,Completed
123680,4,2015-08-22,Sienna,38534.34,3.81,Completed
123681,2,2015-08-08,Tundra,44672.73,4.0,Completed
123682,17,2015-08-07,Prius,25274.34,4.51,Completed
123683,13,2015-08-09,Tacoma,54077.95,5.61,Completed
123684,18,2015-08-24,Sienna,67439.03,5.68,Completed
123685,8,2015-08-01,Highlander,73666.78,5.84,Completed
123686,6,2015-08-18,RAV4,35991.33,3.86,Completed
123687,5,2015-08-16,Tundra,43614.44,5.34,Completed
123688,19,2015-08-31,RAV4,49531.02,5.48,Completed
123689,10,2015-08-14,Camry,35230.69,4.88,Completed
123690,7,2015-08-03,Corolla,29910.81,5.39,Completed
123691,2,2015-08-24,RAV4,41306.49,4.0,Completed
123692,13,2015-08-13,Sienna,63149.81,5.61,Completed
123693,16,2015-08-27,Prius,37973.23,6.06,Completed
123694,9,2015-08-02,Tacoma,37909.13,4.4,Completed
123695,5,2015-08-17,Prius,31845.1,5.34,Completed
123696,5,2015-08-29,Highlander,61715.33,5.34,Completed
123697,17,2015-08-02,Highlander,46697.81,4.51,Completed
123698,14,2015-08-15,Corolla,29596.74,5.1,Completed
123699,4,2015-08-14,Prius,26880.5,3.81,Completed
123700,10,2015-08-08,Camry,30649.38,4.88,Pending
123701,6,2015-08-09,Corolla,24230.88,3.86,Completed
123702,6,2015-08-15,RAV4,38876.98,3.86,Completed
123703,18,2015-08-02,Camry,48339.31,5.68,Completed
123704,5,2015-08-28,Prius,32062.19,5.34,Completed
123705,18,2015-08-29,Camry,47498.07,5.68,Completed
123706,1,2015-08-12,Highlander,58787.11,5.24,Completed
123707,18,2015-08-02,Tacoma,55107.53,5.68,Completed
123708,6,2015-08-10,RAV4,36048.0,3.86,Completed
123709,7,2015-08-13,Tacoma,46564.97,5.39,Completed
123710,8,2015-08-23,Sienna,52387.3,5.84,Completed
123711,20,2015-08-03,Sienna,61495.74,5.77,Cancelled
123712,9,2015-08-15,Prius,26238.44,4.4,Completed
123713,8,2015-08-05,Tundra,59504.79,5.84,Completed
123714,17,2015-08-07,Highlander,46966.72,4.51,Completed
123715,11,2015-08-27,Tacoma,35903.61,4.16,Completed
123716,17,2015-08-28,Sienna,38891.09,4.51,Completed
123717,8,2015-08-25,Sienna,56358.08,5.84,Completed
123718,14,2015-08-19,Sienna,57756.53,5.1,Pending
123719,7,2015-08-30,Highlander,69713.74,5.39,Completed
123720,4,2015-08-11,Tacoma,34531.73,3.81,Completed
123721,6,2015-08-01,RAV4,40133.33,3.86,Completed
123722,4,2015-08-02,Highlander,52911.21,3.81,Completed
123723,2,2015-08-18,Corolla,24739.12,4.0,Completed
123724,20,2015-08-10,Prius,36573.1,5.77,Completed
123725,7,2015-08-05,Tundra,57034.87,5.39,Completed
123726,10,2015-08-01,RAV4,35689.05,4.88,Completed
123727,11,2015-08-13,Prius,26863.07,4.16,Completed
123728,7,2015-08-04,Tundra,55172.19,5.39,Completed
123729,14,2015-08-01,Camry,43708.39,5.1,Completed
123730,3,2015-08-13,Sienna,55510.77,5.69,Completed
123731,13,2015-08-09,RAV4,53302.59,5.61,Completed
123732,13,2015-08-19,Prius,40117.51,5.61,Completed
123733,16,2015-08-14,Corolla,30810.1,6.06,Completed
123734,15,2015-08-18,RAV4,49067.43,4.86,Completed
123735,1,2015-08-27,Sienna,44534.17,5.24,Completed
123736,19,2015-08-23,Camry,42677.93,5.48,Completed
123737,1,2015-08-29,Tacoma,42798.8,5.24,Completed
123738,7,2015-08-30,Tundra,55129.58,5.39,Completed
123739,10,2015-08-08,Camry,31348.3,4.88,Completed
123740,7,2015-08-20,Corolla,31128.87,5.39,Completed
123741,16,2015-08-08,Camry,44525.0,6.06,Completed
123742,5,2015-08-06,Corolla,28660.6,5.34,Completed
123743,6,2015-08-04,Camry,28586.04,3.86,Completed
123744,16,2015-08-16,Tundra,61070.04,6.06,Completed
123745,11,2015-08-24,Tacoma,36390.31,4.16,Completed
123746,6,2015-08-06,Prius,26819.59,3.86,Completed
123747,19,2015-08-14,Prius,32424.23,5.48,Completed
123748,18,2015-08-11,Prius,42499.58,5.68,Completed
123749,1,2015-08-16,RAV4,43100.69,5.24,Completed
123750,5,2015-08-11,Tacoma,38293.29,5.34,Completed
123751,3,2015-08-09,Prius,39278.04,5.69,Completed
123752,12,2015-08-25,Tundra,55765.48,5.65,Completed
123753,1,2015-08-10,Prius,33426.35,5.24,Completed
123754,13,2015-08-18,Tundra,56539.96,5.61,Completed
123755,9,2015-08-16,Tundra,41115.41,4.4,Completed
123756,9,2015-08-05,Tundra,41546.65,4.4,Completed
123757,12,2015-08-10,Highlander,67872.88,5.65,Pending
123758,12,2015-08-27,Sienna,52299.55,5.65,Completed
123759,8,2015-08-12,Highlander,79152.38,5.84,Completed
123760,4,2015-08-08,Prius,26178.42,3.81,Completed
123761,9,2015-08-02,Camry,34586.67,4.4,Completed
123762,13,2015-08-16,RAV4,58280.08,5.61,Completed
123763,9,2015-08-19,RAV4,41362.65,4.4,Completed
123764,7,2015-08-18,Camry,43390.98,5.39,Completed
123765,14,2015-08-28,Camry,38976.31,5.1,Completed
123766,13,2015-08-16,Prius,39638.21,5.61,Completed
123767,2,2015-08-20,Sienna,47332.05,4.0,Completed
123768,20,2015-08-27,RAV4,53671.02,5.77,Completed
123769,11,2015-08-31,RAV4,39993.38,4.16,Completed
123770,4,2015-08-10,Sienna,41249.37,3.81,Completed
123771,3,2015-08-24,Tacoma,48950.29,5.69,Completed
123772,6,2015-08-23,RAV4,38268.53,3.86,Cancelled
123773,7,2015-08-05,RAV4,57699.73,5.39,Completed
123774,4,2015-08-14,Corolla,21675.83,3.81,Completed
123775,15,2015-08-21,Tundra,57194.86,4.86,Completed
123776,1,2015-08-24,Highlander,56578.38,5.24,Completed
123777,15,2015-08-24,Corolla,32009.37,4.86,Completed
123778,15,2015-08-24,Sienna,60135.35,4.86,Completed
123779,14,2015-08-18,RAV4,51877.8,5.1,Completed
123780,6,2015-08-07,Corolla,24015.86,3.86,Completed
123781,11,2015-08-30,Prius,28896.58,4.16,Completed
123782,1,2015-08-31,Sienna,51807.57,5.24,Completed
123783,16,2015-08-09,Camry,45781.73,6.06,Completed
123784,6,2015-08-12,Tacoma,36120.34,3.86,Completed
123785,18,2015-08-21,RAV4,61126.87,5.68,Completed
123786,11,2015-08-26,Highlander,56886.71,4.16,Completed
123787,13,2015-08-10,Prius,36545.86,5.61,Completed
123788,4,2015-08-31,Sienna,38493.94,3.81,Completed
123789,16,2015-08-24,Tacoma,52931.33,6.06,Completed
123790,15,2015-08-18,Highlander,73990.45,4.86,Completed
123791,6,2015-08-04,Tacoma,30768.12,3.86,Completed
123792,17,2015-08-06,Tacoma,31501.18,4.51,Completed
123793,4,2015-08-07,Prius,26145.74,3.81,Completed
123794,19,2015-08-29,Highlander,58943.56,5.48,Completed
123795,14,2015-08-19,Tundra,55043.66,5.1,Completed
123796,4,2015-08-24,Tundra,39246.67,3.81,Completed
123797,19,2015-08-01,Tundra,48687.41,5.48,Completed
123798,1,2015-08-11,Prius,29766.02,5.24,Completed
123799,8,2015-08-04,Sienna,51741.86,5.84,Completed
123800,20,2015-08-10,Corolla,30678.64,5.77,Completed
123801,11,2015-08-16,Highlander,48081.64,4.16,Completed
123802,14,2015-08-08,RAV4,48183.26,5.1,Completed
123803,18,2015-08-28,Tundra,56178.35,5.68,Completed
123804,5,2015-08-07,Prius,29216.16,5.34,Completed
123805,18,2015-08-14,Highlander,73651.05,5.68,Completed
123806,14,2015-08-14,Sienna,52775.14,5.1,Completed
123807,8,2015-08-24,Camry,46933.03,5.84,Completed
123808,19,2015-08-14,Corolla,26666.41,5.48,Completed
123809,7,2015-08-27,RAV4,57218.57,5.39,Completed
123810,1,2015-08-21,Highlander,62772.24,5.24,Completed
123811,4,2015-08-10,Sienna,41376.2,3.81,Completed
123812,20,2015-08-03,Corolla,31681.19,5.77,Completed
123813,10,2015-08-25,Camry,32147.62,4.88,Completed
123814,7,2015-08-23,RAV4,49565.28,5.39,Completed
123815,2,2015-08-29,Tacoma,39242.35,4.0,Completed
123816,20,2015-08-29,Camry,45928.65,5.77,Completed
123817,4,2015-08-11,RAV4,36743.87,3.81,Completed
123818,18,2015-08-06,Camry,43295.25,5.68,Completed
123819,15,2015-08-02,RAV4,48635.4,4.86,Completed
123820,20,2015-08-12,Sienna,58418.89,5.77,Completed
123821,16,2015-08-06,Corolla,32235.49,6.06,Completed
123822,2,2015-08-20,Corolla,22916.89,4.0,Completed
123823,15,2015-08-12,Highlander,70202.27,4.86,Completed
123824,7,2015-08-17,RAV4,51927.26,5.39,Completed
123825,18,2015-08-25,Tundra,63104.62,5.68,Completed
123826,10,2015-08-01,Highlander,50510.37,4.88,Completed
123827,8,2015-08-01,Prius,33873.48,5.84,Cancelled
123828,9,2015-08-29,Tundra,43328.59,4.4,Completed
123829,5,2015-08-29,RAV4,41129.43,5.34,Completed
123830,8,2015-08-25,Sienna,58112.72,5.84,Completed
123831,6,2015-08-15,Camry,30147.25,3.86,Completed
123832,13,2015-08-11,Sienna,56652.54,5.61,Completed
123833,12,2015-08-02,RAV4,46561.62,5.65,Completed
123834,8,2015-08-03,RAV4,50464.94,5.84,Completed
123835,13,2015-08-04,Camry,48476.97,5.61,Completed
123836,5,2015-08-11,Tundra,46597.1,5.34,Completed
123837,3,2015-08-16,Prius,42052.81,5.69,Completed
123838,6,2015-08-06,Tacoma,33544.69,3.86,Completed
123839,1,2015-08-28,Highlander,63631.24,5.24,Completed
123840,20,2015-08-24,Tacoma,44116.44,5.77,Completed
123841,7,2015-08-09,Corolla,35902.47,5.39,Completed
123842,7,2015-08-01,Camry,45396.53,5.39,Completed
123843,17,2015-08-20,Sienna,38352.7,4.51,Pending
123844,18,2015-08-21,Sienna,62450.0,5.68,Completed
123845,14,2015-08-01,Tundra,52139.38,5.1,Completed
123846,5,2015-08-27,Tundra,49785.25,5.34,Cancelled
123847,16,2015-08-07,Highlander,68759.05,6.06,Completed
123848,10,2015-08-27,Corolla,25377.93,4.88,Completed
123849,19,2015-08-29,Highlander,64097.52,5.48,Completed
123850,7,2015-08-12,Sienna,60849.02,5.39,Completed
123851,3,2015-08-26,Camry,47906.98,5.69,Completed
123852,12,2015-08-16,RAV4,52169.03,5.65,Completed
123853,8,2015-08-13,Tacoma,48541.58,5.84,Completed
123854,16,2015-08-20,RAV4,53513.01,6.06,Completed
123855,19,2015-08-16,Tundra,47105.15,5.48,Completed
123856,20,2015-08-16,Sienna,57226.33,5.77,Completed
123857,16,2015-08-09,Tundra,53868.15,6.06,Completed
123858,1,2015-08-19,Corolla,29042.72,5.24,Completed
123859,13,2015-08-11,Camry,44072.38,5.61,Completed
123860,14,2015-08-07,Highlander,64027.55,5.1,Completed
123861,16,2015-08-11,Tacoma,50187.94,6.06,Completed
123862,11,2015-08-17,Sienna,40155.8,4.16,Completed
123863,15,2015-08-30,Camry,45497.24,4.86,Completed
123864,20,2015-08-22,Highlander,77495.88,5.77,Completed
123865,12,2015-08-06,Tundra,55770.8,5.65,Cancelled
123866,12,2015-08-27,Tundra,51338.66,5.65,Completed
123867,7,2015-08-10,Highlander,73606.54,5.39,Completed
123868,15,2015-08-27,Highlander,74601.91,4.86,Completed
123869,6,2015-08-17,Camry,32560.53,3.86,Completed
123870,8,2015-08-22,RAV4,48946.85,5.84,Completed
123871,3,2015-08-29,Sienna,57003.63,5.69,Completed
123872,17,2015-08-04,Tacoma,32453.52,4.51,Completed
123873,4,2015-08-20,Corolla,22040.01,3.81,Completed
123874,12,2015-08-11,Prius,37365.86,5.65,Completed
123875,10,2015-08-16,Tundra,46277.89,4.88,Completed
123876,19,2015-08-20,RAV4,42677.49,5.48,Completed
123877,9,2015-08-17,Tundra,38920.03,4.4,Completed
123878,6,2015-08-03,Highlander,51092.01,3.86,Completed
123879,2,2015-08-19,Camry,32998.04,4.0,Completed
123880,8,2015-08-28,Highlander,71887.2,5.84,Completed
123881,15,2015-08-16,Tacoma,48949.33,4.86,Pending
123882,4,2015-08-28,RAV4,36461.7,3.81,Completed
123883,11,2015-08-19,Tundra,42257.87,4.16,Completed
123884,12,2015-08-11,Prius,33174.06,5.65,Completed
123885,18,2015-08-09,Prius,42994.59,5.68,Completed
123886,12,2015-08-20,Tacoma,49102.06,5.65,Completed
123887,6,2015-08-31,Sienna,36654.12,3.86,Completed
123888,3,2015-08-08,Tacoma,51572.81,5.69,Completed
123889,19,2015-08-26,Corolla,31060.81,5.48,Completed
123890,18,2015-08-05,Prius,38816.63,5.68,Completed
123891,11,2015-08-11,Prius,27456.8,4.16,Completed
123892,2,2015-08-08,RAV4,39824.17,4.0,Completed
123893,9,2015-08-10,Corolla,22391.88,4.4,Completed
123894,16,2015-08-30,Tundra,60706.34,6.06,Completed
123895,20,2015-08-15,RAV4,56257.32,5.77,Completed
123896,10,2015-08-02,Highlander,55651.38,4.88,Completed
123897,1,2015-08-17,Sienna,46320.29,5.24,Completed
123898,12,2015-08-08,Tundra,57073.72,5.65,Completed
123899,7,2015-08-11,Highlander,67227.8,5.39,Completed
123900,2,2015-08-10,Prius,28467.19,4.0,Completed
123901,14,2015-08-05,RAV4,52914.79,5.1,Completed
123902,9,2015-08-02,Tacoma,34391.38,4.4,Completed
123903,12,2015-08-15,Sienna,54285.94,5.65,Completed
123904,7,2015-08-11,Corolla,30053.42,5.39,Completed
123905,8,2015-08-16,Tacoma,46648.79,5.84,Completed
123906,7,2015-08-10,Camry,41895.08,5.39,Completed
123907,12,2015-08-03,Tundra,54624.26,5.65,Completed
123908,16,2015-08-25,Camry,47040.53,6.06,Completed
123909,3,2015-08-30,Tacoma,54882.63,5.69,Completed
123910,1,2015-08-21,Tundra,52197.76,5.24,Completed
123911,2,2015-08-26,Highlander,50380.72,4.0,Completed
123912,17,2015-08-01,Tacoma,30689.09,4.51,Completed
123913,8,2015-08-23,Corolla,35712.75,5.84,Completed
123914,19,2015-08-19,Camry,38370.2,5.48,Pending
123915,16,2015-08-17,Corolla,32544.72,6.06,Completed
123916,13,2015-08-10,Tacoma,48311.41,5.61,Completed
123917,7,2015-08-29,Prius,34095.63,5.39,Completed
123918,9,2015-08-12,RAV4,36098.16,4.4,Completed
123919,5,2015-08-05,RAV4,40231.08,5.34,Completed
123920,2,2015-08-09,RAV4,36392.94,4.0,Completed
123921,6,2015-08-18,Camry,32089.28,3.86,Completed
123922,7,2015-08-20,Sienna,60950.18,5.39,Completed
123923,3,2015-08-26,Prius,35082.99,5.69,Completed
123924,4,2015-08-28,Highlander,46241.86,3.81,Completed
123925,5,2015-08-18,Camry,37470.86,5.34,Completed
123926,3,2015-08-04,Camry,42050.99,5.69,Completed
123927,6,2015-08-02,Tacoma,32907.45,3.86,Completed
123928,17,2015-08-28,Tundra,39168.84,4.51,Completed
123929,6,2015-08-30,Prius,25588.74,3.86,Completed
123930,3,2015-08-31,Highlander,77726.01,5.69,Completed
123931,15,2015-08-21,RAV4,51825.79,4.86,Completed
123932,3,2015-08-23,Tundra,55736.52,5.69,Completed
123933,18,2015-08-16,Tacoma,50095.54,5.68,Completed
123934,12,2015-08-13,RAV4,55949.88,5.65,Completed
123935,11,2015-08-31,RAV4,37517.67,4.16,Completed
123936,1,2015-08-08,Sienna,49543.08,5.24,Completed
123937,10,2015-08-22,Prius,26383.14,4.88,Completed
123938,10,2015-08-24,Tundra,43639.47,4.88,Completed
123939,11,2015-08-14,Prius,28844.69,4.16,Completed
123940,20,2015-08-11,Prius,34795.61,5.77,Completed
123941,16,2015-08-04,RAV4,53564.99,6.06,Completed
123942,7,2015-08-11,Tundra,56686.59,5.39,Completed
123943,6,2015-08-15,RAV4,39780.82,3.86,Completed
123944,1,2015-08-03,Tacoma,39256.86,5.24,Completed
123945,13,2015-08-17,Highlander,75105.96,5.61,Completed
123946,6,2015-08-15,Tacoma,36393.4,3.86,Completed
123947,17,2015-08-02,Tacoma,32684.87,4.51,Completed
123948,18,2015-08-19,Prius,39547.48,5.68,Completed
123949,3,2015-08-19,Camry,45318.88,5.69,Completed
123950,12,2015-08-01,Tacoma,48842.5,5.65,Completed
123951,20,2015-08-11,Tacoma,52803.64,5.77,Completed
123952,4,2015-08-14,Camry,31847.93,3.81,Completed
123953,15,2015-08-05,Camry,43365.04,4.86,Completed
123954,13,2015-08-29,Tundra,65003.37,5.61,Completed
123955,10,2015-08-23,Tacoma,33835.53,4.88,Completed
123956,4,2015-08-01,Corolla,24004.31,3.81,Completed
123957,3,2015-08-11,RAV4,55457.07,5.69,Completed
123958,15,2015-08-11,Tacoma,46515.9,4.86,Completed
123959,3,2015-08-21,Camry,44017.12,5.69,Completed
123960,12,2015-08-20,Corolla,35289.22,5.65,Completed
123961,17,2015-08-28,Corolla,21310.35,4.51,Completed
123962,11,2015-08-26,Sienna,42735.09,4.16,Completed
123963,12,2015-08-22,Highlander,70929.29,5.65,Completed
123964,5,2015-08-24,Corolla,25212.31,5.34,Completed
123965,17,2015-08-09,Prius,28074.84,4.51,Completed
123966,13,2015-08-09,Corolla,30935.39,5.61,Completed
123967,10,2015-08-01,RAV4,38462.46,4.88,Completed
123968,10,2015-08-27,Camry,36130.52,4.88,Completed
123969,16,2015-08-16,Highlander,75222.53,6.06,Completed
123970,6,2015-08-25,Camry,33276.88,3.86,Completed
123971,9,2015-08-01,Prius,26309.01,4.4,Completed
123972,14,2015-08-04,Highlander,73980.22,5.1,Completed
123973,2,2015-08-24,Corolla,25268.48,4.0,Completed
123974,8,2015-08-03,Camry,42174.66,5.84,Completed
123975,7,2015-08-20,Prius,36140.57,5.39,Completed
123976,12,2015-08-26,Highlander,73325.94,5.65,Completed
123977,5,2015-08-19,RAV4,43477.64,5.34,Completed
123978,9,2015-08-20,Sienna,43602.26,4.4,Completed
123979,15,2015-08-07,Sienna,55797.45,4.86,Completed
123980,20,2015-08-17,RAV4,56498.52,5.77,Completed
123981,9,2015-08-18,Sienna,40065.34,4.4,Completed
123982,9,2015-08-13,Corolla,22416.96,4.4,Completed
123983,8,2015-08-14,Tundra,60305.47,5.84,Completed
123984,3,2015-08-31,Tacoma,46147.86,5.69,Completed
123985,6,2015-08-19,Highlander,54706.66,3.86,Completed
123986,1,2015-08-16,Corolla,24648.4,5.24,Completed
123987,8,2015-08-05,Prius,37105.41,5.84,Completed
123988,3,2015-08-29,Sienna,55993.84,5.69,Completed
123989,6,2015-08-21,Camry,33271.45,3.86,Completed
123990,8,2015-08-25,Sienna,59392.48,5.84,Completed
123991,11,2015-08-15,Prius,25845.3,4.16,Completed
123992,2,2015-08-17,Tacoma,34199.07,4.0,Completed
123993,15,2015-08-25,Camry,40359.5,4.86,Completed
123994,12,2015-08-02,Camry,41784.98,5.65,Completed
123995,9,2015-08-29,Highlander,48624.73,4.4,Completed
123996,2,2015-08-26,Tundra,44437.92,4.0,Completed
123997,17,2015-08-16,Camry,34424.59,4.51,Completed
123998,10,2015-08-25,Prius,28297.84,4.88,Completed
123999,4,2015-08-01,Sienna,40683.12,3.81,Completed
124000,5,2015-08-29,Camry,39535.94,5.34,Completed
124001,17,2015-08-17,RAV4,36598.89,4.51,Completed
124002,2,2015-08-04,RAV4,36227.46,4.0,Completed
124003,7,2015-08-16,Corolla,30161.49,5.39,Completed
124004,6,2015-08-29,RAV4,39705.9,3.86,Completed
124005,15,2015-08-15,Tacoma,51286.86,4.86,Completed
124006,14,2015-08-04,Tundra,51720.35,5.1,Completed
124007,19,2015-08-23,Tundra,47216.84,5.48,Completed
124008,18,2015-08-03,Prius,36223.13,5.68,Completed
124009,17,2015-08-16,Sienna,39304.3,4.51,Completed
124010,5,2015-08-02,Prius,31672.65,5.34,Completed
124011,7,2015-08-12,Camry,49618.1,5.39,Completed
124012,3,2015-08-14,Camry,50452.15,5.69,Completed
124013,5,2015-08-21,Highlander,61788.32,5.34,Completed
124014,9,2015-08-18,Highlander,55062.53,4.4,Completed
124015,18,2015-08-05,Highlander,71314.2,5.68,Completed
124016,5,2015-08-18,RAV4,45043.71,5.34,Completed
124017,16,2015-08-09,Camry,44828.9,6.06,Completed
124018,11,2015-08-16,RAV4,40514.17,4.16,Completed
124019,16,2015-08-18,Camry,47807.47,6.06,Completed
124020,10,2015-08-23,Camry,30958.51,4.88,Completed
124021,1,2015-08-17,Camry,35468.71,5.24,Completed
124022,20,2015-08-18,Corolla,30320.01,5.77,Pending
124023,6,2015-08-14,Corolla,23314.11,3.86,Completed
124024,11,2015-08-19,Corolla,22267.81,4.16,Pending
124025,13,2015-08-30,Tacoma,54189.01,5.61,Completed
124026,1,2015-08-13,Tundra,44668.36,5.24,Completed
124027,3,2015-08-12,Camry,41957.45,5.69,Completed
124028,9,2015-08-20,Corolla,23705.55,4.4,Completed
124029,16,2015-08-25,Sienna,55766.07,6.06,Completed
124030,12,2015-08-15,Highlander,74684.1,5.65,Completed
124031,7,2015-08-17,Camry,43567.29,5.39,Completed
124032,17,2015-08-19,Corolla,21035.14,4.51,Completed
124033,19,2015-08-17,Prius,34022.76,5.48,Completed
124034,3,2015-08-16,Corolla,30760.19,5.69,Completed
124035,12,2015-08-21,RAV4,56099.12,5.65,Completed
124036,13,2015-08-18,Highlander,78091.98,5.61,Completed
124037,19,2015-08-05,Prius,32773.95,5.48,Completed
124038,8,2015-08-03,Tacoma,49374.57,5.84,Completed
124039,17,2015-08-20,Corolla,25103.12,4.51,Completed
124040,2,2015-08-18,Sienna,40684.63,4.0,Completed
124041,15,2015-08-01,Prius,36705.27,4.86,Completed
124042,2,2015-08-24,Prius,28905.54,4.0,Completed
124043,7,2015-08-14,Highlander,72649.62,5.39,Completed
124044,16,2015-08-14,Camry,45681.71,6.06,Completed
124045,18,2015-08-19,Highlander,79002.57,5.68,Completed
124046,20,2015-08-10,Camry,43554.08,5.77,Cancelled
124047,20,2015-08-06,Highlander,66589.28,5.77,Completed
124048,7,2015-08-07,Tundra,59956.93,5.39,Completed
124049,6,2015-08-22,Prius,24851.14,3.86,Completed
124050,7,2015-08-27,Prius,39828.68,5.39,Completed
124051,7,2015-08-18,Sienna,60306.71,5.39,Completed
124052,4,2015-08-04,RAV4,33454.28,3.81,Completed
124053,16,2015-08-13,RAV4,58557.93,6.06,Completed
124054,17,2015-08-30,Tundra,43424.17,4.51,Cancelled
124055,17,2015-08-10,Tundra,42967.24,4.51,Completed
124056,2,2015-08-01,RAV4,43610.87,4.0,Completed
124057,6,2015-08-29,Sienna,42957.84,3.86,Completed
124058,12,2015-08-30,Sienna,60439.49,5.65,Completed
124059,15,2015-08-04,Tacoma,44937.22,4.86,Completed
124060,16,2015-08-11,Tundra,61848.34,6.06,Completed
124061,8,2015-08-30,Camry,41583.84,5.84,Completed
124062,4,2015-08-10,Sienna,37875.5,3.81,Completed
124063,6,2015-08-20,Tundra,38558.48,3.86,Completed
124064,7,2015-08-22,Prius,38947.86,5.39,Completed
124065,5,2015-08-17,Camry,40058.62,5.34,Completed
124066,1,2015-08-26,Highlander,64399.04,5.24,Completed
124067,14,2015-08-20,Tacoma,49553.77,5.1,Cancelled
124068,5,2015-08-30,Highlander,56218.62,5.34,Completed
124069,12,2015-08-02,Corolla,35485.56,5.65,Completed
124070,15,2015-08-25,Camry,46935.2,4.86,Completed
124071,18,2015-08-29,Tundra,66756.51,5.68,Completed
124072,7,2015-08-14,Camry,46605.31,5.39,Completed
124073,20,2015-08-17,Prius,34284.9,5.77,Completed
124074,7,2015-08-12,Sienna,57932.78,5.39,Completed
124075,14,2015-08-04,Highlander,64273.02,5.1,Completed
124076,8,2015-08-26,Highlander,75286.2,5.84,Completed
124077,17,2015-08-09,Tacoma,36883.19,4.51,Completed
124078,18,2015-08-16,Prius,43295.33,5.68,Pending
124079,16,2015-08-13,RAV4,56576.59,6.06,Completed
124080,9,2015-08-15,RAV4,38770.04,4.4,Completed
124081,15,2015-08-12,RAV4,49218.4,4.86,Completed
124082,5,2015-08-23,Camry,40500.6,5.34,Completed
124083,8,2015-08-04,Prius,38899.16,5.84,Completed
124084,16,2015-08-11,Corolla,34584.03,6.06,Pending
124085,10,2015-08-18,Sienna,40404.31,4.88,Completed
124086,15,2015-08-24,Sienna,53137.51,4.86,Completed
124087,7,2015-08-06,RAV4,56809.71,5.39,Cancelled
124088,8,2015-08-09,Highlander,78891.2,5.84,Completed
124089,2,2015-08-03,Highlander,52117.27,4.0,Completed
124090,1,2015-08-19,Camry,35055.67,5.24,Completed
124091,16,2015-08-31,RAV4,50093.79,6.06,Completed
124092,7,2015-08-22,Sienna,60813.97,5.39,Completed
124093,14,2015-08-22,Tundra,54012.41,5.1,Completed
124094,4,2015-08-31,Prius,26209.99,3.81,Completed
124095,9,2015-08-01,Sienna,42247.97,4.4,Completed
124096,3,2015-08-30,Sienna,53719.66,5.69,Completed
124097,16,2015-08-03,RAV4,53648.35,6.06,Completed
124098,11,2015-08-04,Tundra,41170.15,4.16,Completed
124099,3,2015-08-01,Tacoma,51147.43,5.69,Completed
124100,16,2015-08-01,Tundra,57962.97,6.06,Completed
124101,12,2015-08-27,Camry,44734.69,5.65,Completed
124102,13,2015-08-09,Highlander,75976.38,5.61,Completed
124103,13,2015-08-29,Highlander,81338.53,5.61,Completed
124104,13,2015-08-05,Sienna,58704.24,5.61,Completed
124105,8,2015-08-27,Camry,46131.24,5.84,Completed
124106,13,2015-08-31,Sienna,57845.24,5.61,Completed
124107,4,2015-08-11,RAV4,39397.47,3.81,Completed
124108,4,2015-08-29,Prius,26668.2,3.81,Completed
124109,18,2015-08-07,Prius,41782.69,5.68,Completed
124110,3,2015-08-03,RAV4,57301.84,5.69,Completed
124111,3,2015-08-26,Sienna,56145.35,5.69,Completed
124112,17,2015-08-28,Camry,30386.63,4.51,Completed
124113,20,2015-08-01,Tundra,60020.87,5.77,Completed
124114,19,2015-08-09,RAV4,42737.99,5.48,Completed
124115,2,2015-08-26,Camry,37333.18,4.0,Completed
124116,6,2015-08-23,Sienna,42233.49,3.86,Completed
124117,2,2015-08-23,Highlander,50659.26,4.0,Completed
124118,3,2015-08-01,Corolla,36229.84,5.69,Completed
124119,2,2015-08-16,Highlander,54304.95,4.0,Completed
124120,20,2015-08-07,RAV4,51652.97,5.77,Completed
124121,7,2015-08-30,Prius,39087.92,5.39,Completed
124122,12,2015-08-08,Prius,34272.04,5.65,Completed
124123,11,2015-08-01,Prius,27921.95,4.16,Completed
124124,19,2015-08-08,Tundra,50618.57,5.48,Completed
124125,20,2015-08-21,Highlander,67816.28,5.77,Completed
124126,7,2015-08-11,Camry,47266.31,5.39,Cancelled
124127,3,2015-08-05,Tacoma,49860.82,5.69,Completed
124128,4,2015-08-27,Prius,27465.18,3.81,Completed
124129,18,2015-08-11,Prius,42256.77,5.68,Completed
124130,9,2015-08-22,Highlander,50312.7,4.4,Completed
124131,18,2015-08-04,Prius,43428.27,5.68,Completed
124132,4,2015-08-26,Camry,30813.7,3.81,Completed
124133,9,2015-08-21,Corolla,22631.0,4.4,Completed
124134,16,2015-08-12,Tundra,55379.71,6.06,Completed
124135,18,2015-08-08,Tacoma,47402.86,5.68,Completed
124136,3,2015-08-12,Prius,37070.74,5.69,Completed
124137,8,2015-08-17,Tacoma,47589.7,5.84,Completed
124138,14,2015-08-05,Camry,43891.14,5.1,Completed
124139,20,2015-08-08,RAV4,53683.62,5.77,Completed
124140,6,2015-08-08,Corolla,22427.92,3.86,Completed
124141,12,2015-08-16,Prius,37302.2,5.65,Completed
124142,18,2015-08-04,Prius,39264.72,5.68,Completed
124143,4,2015-08-11,Corolla,23478.5,3.81,Completed
124144,5,2015-08-12,Highlander,56262.61,5.34,Completed
124145,14,2015-08-09,Tacoma,45362.34,5.1,Completed
124146,18,2015-08-11,Tundra,62274.82,5.68,Completed
124147,11,2015-08-18,Corolla,24267.54,4.16,Completed
124148,1,2015-08-26,Corolla,29009.35,5.24,Completed
124149,2,2015-08-13,Corolla,26896.84,4.0,Completed
124150,17,2015-08-05,Camry,28310.03,4.51,Completed
124151,7,2015-08-29,RAV4,51648.47,5.39,Completed
124152,4,2015-08-30,RAV4,39609.15,3.81,Completed
124153,2,2015-08-20,Tundra,48037.17,4.0,Completed
124154,17,2015-08-01,Highlander,53298.13,4.51,Completed
124155,8,2015-08-14,RAV4,48155.76,5.84,Completed
124156,4,2015-08-10,Highlander,50128.91,3.81,Completed
124157,11,2015-08-15,Tacoma,33519.97,4.16,Completed
124158,4,2015-08-18,RAV4,39015.54,3.81,Completed
124159,5,2015-08-31,RAV4,47138.09,5.34,Completed
124160,13,2015-08-01,Tundra,57781.57,5.61,Completed
124161,10,2015-08-22,Tundra,38944.82,4.88,Completed
124162,9,2015-08-03,Tacoma,35723.77,4.4,Completed
124163,5,2015-08-28,Tacoma,42403.96,5.34,Completed
124164,11,2015-08-22,RAV4,41960.44,4.16,Completed
124165,13,2015-08-15,Corolla,34042.68,5.61,Completed
124166,5,2015-08-22,Tundra,50209.42,5.34,Completed
124167,7,2015-08-08,Camry,43389.66,5.39,Completed
124168,18,2015-08-23,Tundra,58845.18,5.68,Completed
124169,11,2015-08-22,Tacoma,34905.76,4.16,Completed
124170,4,2015-08-16,Tundra,37894.14,3.81,Completed
124171,9,2015-08-29,Corolla,22340.8,4.4,Completed
124172,5,2015-08-23,Prius,33762.39,5.34,Completed
124173,13,2015-08-27,Sienna,54543.96,5.61,Completed
124174,3,2015-08-10,Camry,47821.13,5.69,Completed
124175,13,2015-08-01,Highlander,77107.68,5.61,Completed
124176,16,2015-08-24,Tacoma,46311.33,6.06,Completed
124177,7,2015-08-25,Camry,44750.53,5.39,Completed
124178,7,2015-08-13,Highlander,75137.36,5.39,Completed
124179,14,2015-08-25,Camry,44307.35,5.1,Completed
124180,13,2015-08-04,Tacoma,52017.06,5.61,Completed
124181,19,2015-08-14,RAV4,45718.06,5.48,Completed
124182,2,2015-08-05,Prius,27561.52,4.0,Completed
124183,1,2015-08-15,Tundra,48675.91,5.24,Completed
124184,16,2015-08-21,Sienna,57887.1,6.06,Completed
124185,13,2015-08-05,Sienna,55252.09,5.61,Completed
124186,5,2015-08-06,Tundra,44944.97,5.34,Completed
124187,9,2015-08-18,Tacoma,35852.18,4.4,Completed
124188,14,2015-08-06,Highlander,74576.53,5.1,Completed
124189,19,2015-08-13,Corolla,30633.52,5.48,Completed
124190,19,2015-08-02,Camry,36376.59,5.48,Completed
124191,18,2015-08-17,Highlander,71588.19,5.68,Completed
124192,14,2015-08-16,Prius,34973.86,5.1,Completed
124193,13,2015-08-08,RAV4,50979.45,5.61,Completed
124194,16,2015-08-25,Tundra,54908.22,6.06,Completed
124195,10,2015-08-21,Prius,28942.85,4.88,Completed
124196,10,2015-08-24,Highlander,56262.33,4.88,Completed
124197,16,2015-08-06,Camry,44609.97,6.06,Completed
124198,3,2015-08-23,Sienna,61436.26,5.69,Completed
124199,4,2015-08-12,Tundra,38760.36,3.81,Completed
124200,14,2015-08-31,Corolla,30854.24,5.1,Completed
124201,8,2015-08-19,RAV4,53830.57,5.84,Completed
124202,1,2015-08-30,Tacoma,37756.38,5.24,Completed
124203,20,2015-08-14,Sienna,54982.18,5.77,Completed
124204,10,2015-08-21,Corolla,23234.73,4.88,Completed
124205,1,2015-08-01,Tundra,52351.77,5.24,Completed
124206,17,2015-08-19,Tacoma,32007.02,4.51,Completed
124207,2,2015-08-03,Sienna,41723.02,4.0,Completed
124208,14,2015-08-01,Camry,39936.02,5.1,Completed
124209,16,2015-08-23,Sienna,63463.09,6.06,Completed
124210,9,2015-08-07,Highlander,58011.39,4.4,Completed
124211,7,2015-08-25,Prius,40109.57,5.39,Completed
124212,11,2015-08-10,Sienna,42470.48,4.16,Completed
124213,11,2015-08-02,Tacoma,37835.01,4.16,Completed
124214,12,2015-08-07,Sienna,58255.9,5.65,Completed
124215,18,2015-08-15,Tundra,56061.26,5.68,Completed
124216,7,2015-08-19,Prius,36265.14,5.39,Completed
124217,1,2015-08-12,Corolla,27762.99,5.24,Completed
124218,13,2015-08-30,Corolla,37431.58,5.61,Completed
124219,7,2015-08-06,Prius,34075.01,5.39,Completed
124220,11,2015-08-02,Highlander,50035.97,4.16,Completed
124221,14,2015-08-28,Tacoma,49151.5,5.1,Completed
124222,17,2015-08-13,Sienna,40747.06,4.51,Completed
124223,12,2015-08-21,Highlander,73313.56,5.65,Completed
124224,18,2015-08-09,Camry,51141.14,5.68,Completed
124225,8,2015-08-24,Tacoma,45527.54,5.84,Completed
124226,2,2015-08-21,Tundra,39952.51,4.0,Completed
124227,12,2015-08-09,Tacoma,45036.49,5.65,Completed
124228,14,2015-08-31,Highlander,70265.93,5.1,Completed
124229,1,2015-08-12,Highlander,66021.7,5.24,Completed
124230,8,2015-08-03,Highlander,78099.68,5.84,Completed
124231,13,2015-08-10,Highlander,68372.22,5.61,Completed
124232,16,2015-08-20,Sienna,56169.2,6.06,Completed
124233,2,2015-08-27,Tundra,42197.59,4.0,Completed
124234,9,2015-08-20,Sienna,43476.41,4.4,Completed
124235,4,2015-08-25,Camry,32612.41,3.81,Completed
124236,1,2015-08-10,Camry,34750.62,5.24,Completed
124237,12,2015-08-15,RAV4,54329.05,5.65,Completed
124238,7,2015-08-05,Tundra,55347.28,5.39,Completed
124239,9,2015-08-07,Tacoma,31470.37,4.4,Completed
124240,5,2015-08-08,Tundra,45861.37,5.34,Completed
124241,18,2015-08-16,Tundra,59923.12,5.68,Completed
124242,10,2015-08-18,Highlander,54164.2,4.88,Completed
124243,10,2015-08-29,Highlander,58969.63,4.88,Completed
124244,2,2015-08-19,Sienna,40064.0,4.0,Completed
124245,10,2015-08-05,Tacoma,32760.79,4.88,Completed
124246,2,2015-08-05,Camry,33415.72,4.0,Completed
124247,20,2015-08-20,Corolla,32259.55,5.77,Completed
124248,13,2015-08-23,Corolla,34514.12,5.61,Pending
124249,15,2015-08-26,Sienna,50940.06,4.86,Completed
124250,12,2015-08-01,Tacoma,50483.71,5.65,Completed
124251,5,2015-08-25,Tundra,45577.29,5.34,Cancelled
124252,19,2015-08-08,RAV4,46076.78,5.48,Completed
124253,4,2015-08-20,Tundra,36546.98,3.81,Completed
124254,17,2015-08-08,Highlander,52382.24,4.51,Completed
124255,16,2015-08-04,Sienna,55706.18,6.06,Completed
124256,3,2015-08-14,Highlander,72970.88,5.69,Completed
124257,13,2015-08-05,Tacoma,48506.94,5.61,Completed
124258,5,2015-08-24,Tacoma,38690.32,5.34,Completed
124259,17,2015-08-07,Prius,27854.19,4.51,Completed
124260,17,2015-08-08,Camry,28541.73,4.51,Completed
124261,19,2015-08-19,Prius,35603.09,5.48,Completed
124262,2,2015-08-18,Corolla,23197.47,4.0,Pending
124263,14,2015-08-09,Sienna,51341.72,5.1,Completed
124264,18,2015-08-17,Camry,48221.4,5.68,Completed
124265,4,2015-08-20,Sienna,36647.7,3.81,Completed
124266,10,2015-08-19,Highlander,52791.42,4.88,Completed
124267,19,2015-08-27,Highlander,67695.03,5.48,Completed
124268,15,2015-08-05,Tacoma,50412.28,4.86,Completed
124269,1,2015-08-21,Sienna,46420.29,5.24,Completed
124270,18,2015-08-16,Tundra,66500.25,5.68,Completed
124271,19,2015-08-05,RAV4,49126.38,5.48,Completed
124272,19,2015-08-12,Highlander,57896.9,5.48,Pending
124273,9,2015-08-10,Camry,33770.47,4.4,Completed
124274,3,2015-08-10,Camry,48853.79,5.69,Completed
124275,5,2015-08-09,Camry,41247.66,5.34,Completed
124276,14,2015-08-27,Prius,34378.92,5.1,Completed
124277,16,2015-08-02,Sienna,54337.81,6.06,Completed
124278,7,2015-08-21,Tundra,63308.42,5.39,Completed
124279,12,2015-08-31,Highlander,68158.2,5.65,Completed
124280,14,2015-08-20,Sienna,56237.4,5.1,Completed
124281,3,2015-08-29,Prius,36626.09,5.69,Completed
124282,18,2015-08-24,Prius,38107.1,5.68,Completed
124283,12,2015-08-30,Camry,44061.46,5.65,Completed
124284,19,2015-08-19,Corolla,31045.87,5.48,Completed
124285,15,2015-08-29,Tundra,53457.76,4.86,Completed
124286,4,2015-08-22,Tundra,41991.29,3.81,Completed
124287,19,2015-08-09,Tundra,46880.5,5.48,Completed
124288,6,2015-08-08,RAV4,35143.49,3.86,Pending
124289,9,2015-08-26,Prius,27379.87,4.4,Completed
124290,20,2015-08-03,Sienna,60255.46,5.77,Cancelled
124291,8,2015-08-30,Corolla,30839.83,5.84,Completed
124292,6,2015-08-02,Prius,24700.53,3.86,Completed
124293,17,2015-08-27,RAV4,38620.62,4.51,Completed
124294,20,2015-08-12,Prius,36742.7,5.77,Completed
124295,14,2015-08-14,Highlander,63504.01,5.1,Completed
124296,1,2015-08-23,Highlander,65424.37,5.24,Completed
124297,15,2015-08-18,Tundra,51605.31,4.86,Completed
124298,11,2015-08-11,Tundra,45539.69,4.16,Completed
124299,5,2015-08-11,Corolla,25249.78,5.34,Completed
124300,11,2015-08-24,RAV4,37950.77,4.16,Completed
124301,17,2015-08-05,Tacoma,35199.28,4.51,Completed
124302,18,2015-08-05,RAV4,53687.97,5.68,Completed
124303,13,2015-08-10,Highlander,80309.45,5.61,Completed
124304,2,2015-08-13,Camry,30715.54,4.0,Completed
124305,9,2015-08-12,RAV4,35415.17,4.4,Completed
124306,2,2015-08-04,Tacoma,36229.3,4.0,Completed
124307,11,2015-08-20,Sienna,40859.54,4.16,Completed
124308,19,2015-08-30,Tundra,46188.86,5.48,Completed
124309,1,2015-08-20,Tacoma,36349.64,5.24,Cancelled
124310,8,2015-08-07,Prius,36852.7,5.84,Completed
124311,19,2015-08-06,Tundra,51159.41,5.48,Completed
124312,5,2015-08-06,Corolla,28756.45,5.34,Completed
124313,3,2015-08-06,Prius,41350.97,5.69,Completed
124314,11,2015-08-31,Highlander,54745.05,4.16,Completed
124315,14,2015-08-02,RAV4,47629.9,5.1,Completed
124316,19,2015-08-20,Tundra,46179.11,5.48,Completed
124317,13,2015-08-08,Camry,43944.8,5.61,Completed
124318,18,2015-08-05,Corolla,35374.82,5.68,Completed
124319,2,2015-08-03,Tacoma,40262.62,4.0,Pending
124320,3,2015-08-18,Highlander,77760.76,5.69,Completed
124321,3,2015-08-08,Corolla,34160.58,5.69,Completed
124322,14,2015-08-30,RAV4,50204.42,5.1,Completed
124323,4,2015-08-10,RAV4,38999.89,3.81,Completed
124324,18,2015-08-26,Highlander,85685.24,5.68,Completed
124325,8,2015-08-22,Sienna,56779.72,5.84,Completed
124326,15,2015-08-17,Sienna,55654.29,4.86,Completed
124327,7,2015-08-21,RAV4,48231.63,5.39,Cancelled
124328,2,2015-08-06,Tacoma,35723.71,4.0,Completed
124329,4,2015-08-07,Prius,23166.59,3.81,Completed
124330,11,2015-08-24,Camry,31130.68,4.16,Completed
124331,2,2015-08-17,RAV4,37932.1,4.0,Completed
124332,10,2015-08-08,Camry,32116.75,4.88,Completed
124333,4,2015-08-05,Camry,33660.13,3.81,Completed
124334,7,2015-08-24,Sienna,59360.49,5.39,Completed
124335,20,2015-08-07,RAV4,51634.29,5.77,Completed
124336,20,2015-08-07,Prius,39982.37,5.77,Completed
124337,6,2015-08-13,RAV4,39131.79,3.86,Completed
124338,17,2015-08-04,Corolla,22639.05,4.51,Completed
124339,18,2015-08-23,Highlander,77455.21,5.68,Completed
124340,15,2015-08-25,Sienna,56419.6,4.86,Completed
124341,6,2015-08-04,Corolla,25056.51,3.86,Completed
124342,10,2015-08-22,Sienna,40832.1,4.88,Completed
124343,17,2015-08-16,Sienna,41283.05,4.51,Completed
124344,18,2015-08-10,Corolla,38037.23,5.68,Completed
124345,18,2015-08-01,Prius,41673.01,5.68,Completed
124346,9,2015-08-29,Sienna,41869.44,4.4,Completed
124347,8,2015-08-26,Tundra,56717.2,5.84,Completed
124348,14,2015-08-21,Tacoma,47148.35,5.1,Completed
124349,18,2015-08-21,Corolla,38496.39,5.68,Completed
124350,1,2015-08-09,Tacoma,41336.28,5.24,Completed
124351,5,2015-08-28,Prius,31223.39,5.34,Completed
124352,18,2015-08-06,Sienna,59032.68,5.68,Completed
124353,8,2015-08-29,Sienna,59394.68,5.84,Completed
124354,18,2015-08-13,Prius,36841.09,5.68,Completed
124355,16,2015-08-31,RAV4,57002.61,6.06,Completed
124356,2,2015-08-15,Corolla,27174.58,4.0,Completed
124357,8,2015-08-11,Corolla,32731.4,5.84,Completed
124358,2,2015-08-25,Tundra,45871.74,4.0,Completed
124359,10,2015-08-23,Tacoma,34678.28,4.88,Completed
124360,17,2015-08-19,Corolla,23827.5,4.51,Completed
124361,7,2015-08-11,Tacoma,52003.9,5.39,Completed
124362,14,2015-08-01,Corolla,28582.94,5.1,Completed
124363,19,2015-08-03,Corolla,29561.59,5.48,Completed
124364,13,2015-08-04,Tundra,62729.98,5.61,Completed
124365,11,2015-08-17,Tundra,41241.93,4.16,Completed
124366,7,2015-08-18,Tacoma,44929.01,5.39,Completed
124367,10,2015-08-02,Corolla,24093.05,4.88,Completed
124368,2,2015-08-24,Corolla,25557.47,4.0,Completed
124369,1,2015-08-23,Highlander,63692.22,5.24,Completed
124370,9,2015-08-16,Corolla,23864.95,4.4,Completed
124371,10,2015-08-29,RAV4,36321.55,4.88,Completed
124372,3,2015-08-11,Highlander,72281.88,5.69,Completed
124373,3,2015-08-10,Camry,49949.54,5.69,Completed
124374,3,2015-08-24,Sienna,63938.0,5.69,Completed
124375,7,2015-08-21,Corolla,32504.2,5.39,Completed
124376,6,2015-08-30,Prius,28507.75,3.86,Completed
124377,5,2015-08-09,Highlander,65299.07,5.34,Completed
124378,19,2015-08-04,Prius,34801.43,5.48,Completed
124379,7,2015-08-13,Corolla,35615.54,5.39,Completed
124380,20,2015-08-29,Camry,43047.04,5.77,Completed
124381,20,2015-08-02,Highlander,66723.18,5.77,Completed
124382,14,2015-08-05,RAV4,46684.2,5.1,Completed
124383,1,2015-08-10,Prius,30658.9,5.24,Completed
124384,3,2015-08-26,Highlander,82912.36,5.69,Completed
124385,2,2015-08-20,Corolla,27268.95,4.0,Completed
124386,16,2015-08-09,Camry,41843.48,6.06,Completed
124387,16,2015-08-25,Tundra,56010.6,6.06,Completed
124388,8,2015-08-02,Prius,39345.77,5.84,Completed
124389,5,2015-08-17,Tundra,49578.77,5.34,Completed
124390,16,2015-08-18,Corolla,31210.42,6.06,Completed
124391,9,2015-08-23,Sienna,40229.43,4.4,Cancelled
124392,4,2015-08-18,Sienna,40310.37,3.81,Completed
124393,17,2015-08-04,Sienna,41050.03,4.51,Completed
124394,14,2015-08-02,Sienna,56364.85,5.1,Completed
124395,14,2015-08-08,Corolla,29154.86,5.1,Completed
124396,3,2015-08-04,Tacoma,54251.1,5.69,Completed
124397,16,2015-08-29,Corolla,33908.93,6.06,Completed
124398,10,2015-08-20,Prius,27431.69,4.88,Completed
124399,17,2015-08-13,Highlander,54079.21,4.51,Completed
124400,3,2015-08-29,Tundra,65331.43,5.69,Pending
124401,13,2015-08-21,Prius,39836.25,5.61,Completed
124402,12,2015-08-20,Sienna,54743.47,5.65,Completed
124403,15,2015-08-25,Sienna,60681.32,4.86,Completed
124404,11,2015-08-14,Tacoma,35596.65,4.16,Completed
124405,15,2015-08-24,Camry,47153.05,4.86,Completed
124406,14,2015-08-21,Prius,38421.49,5.1,Completed
124407,16,2015-08-12,Prius,35614.26,6.06,Completed
124408,4,2015-08-06,RAV4,37389.35,3.81,Completed
124409,4,2015-08-28,Sienna,36114.11,3.81,Cancelled
124410,12,2015-08-16,Tacoma,43134.93,5.65,Completed
124411,2,2015-08-12,Tacoma,35551.82,4.0,Cancelled
124412,15,2015-08-01,Tacoma,52080.0,4.86,Completed
124413,5,2015-08-27,Prius,34267.26,5.34,Completed
124414,6,2015-08-08,Highlander,52844.92,3.86,Completed
124415,20,2015-08-23,Highlander,74701.88,5.77,Completed
124416,15,2015-08-02,Camry,46606.75,4.86,Completed
124417,17,2015-08-01,Tundra,41364.98,4.51,Pending
124418,16,2015-08-30,RAV4,50702.4,6.06,Completed
124419,17,2015-08-09,Camry,30247.54,4.51,Completed
124420,15,2015-08-11,Camry,46245.66,4.86,Completed
124421,6,2015-08-21,Camry,31896.75,3.86,Completed
124422,8,2015-08-18,Camry,40176.69,5.84,Completed
124423,6,2015-08-30,Prius,25831.18,3.86,Completed
124424,2,2015-08-30,Tacoma,36289.09,4.0,Completed
124425,1,2015-08-13,Tacoma,37466.87,5.24,Completed
124426,11,2015-08-08,Highlander,51487.89,4.16,Completed
124427,15,2015-08-06,RAV4,53150.74,4.86,Completed
124428,6,2015-08-03,Tacoma,30985.27,3.86,Completed
124429,13,2015-08-12,Camry,45620.13,5.61,Completed
124430,15,2015-08-29,Tacoma,49709.06,4.86,Completed
124431,7,2015-08-13,Prius,39995.12,5.39,Completed
124432,19,2015-08-11,RAV4,42197.65,5.48,Completed
124433,15,2015-08-14,Highlander,69620.93,4.86,Completed
124434,16,2015-08-05,Highlander,77267.1,6.06,Completed
124435,13,2015-08-27,Sienna,62474.09,5.61,Cancelled
124436,17,2015-08-26,Sienna,40412.96,4.51,Completed
124437,1,2015-08-02,Camry,35281.38,5.24,Completed
124438,19,2015-08-24,Sienna,51937.4,5.48,Completed
124439,2,2015-08-28,Sienna,47349.13,4.0,Completed
124440,10,2015-08-27,Prius,26155.82,4.88,Completed
124441,17,2015-08-30,Prius,24169.57,4.51,Completed
124442,4,2015-08-17,Prius,24962.54,3.81,Completed
124443,20,2015-08-03,Sienna,57795.08,5.77,Completed
124444,15,2015-08-21,Corolla,30176.09,4.86,Pending
124445,15,2015-08-16,RAV4,55135.42,4.86,Completed
124446,15,2015-08-26,Tacoma,51699.02,4.86,Completed
124447,9,2015-08-31,Highlander,50164.04,4.4,Completed
124448,6,2015-08-23,Sienna,42874.69,3.86,Completed
124449,9,2015-08-11,Camry,29830.5,4.4,Completed
124450,13,2015-08-17,Corolla,31488.11,5.61,Completed
124451,10,2015-08-08,RAV4,40756.05,4.88,Completed
124452,8,2015-08-07,Sienna,53158.52,5.84,Completed
124453,12,2015-08-31,RAV4,51239.17,5.65,Completed
124454,2,2015-08-08,Corolla,27355.48,4.0,Completed
124455,3,2015-08-27,Tacoma,51686.61,5.69,Completed
124456,16,2015-08-15,Camry,44229.39,6.06,Completed
124457,1,2015-08-18,Sienna,46334.03,5.24,Completed
124458,1,2015-08-05,Highlander,60587.22,5.24,Completed
124459,4,2015-08-09,Corolla,22416.75,3.81,Completed
124460,18,2015-08-25,Tacoma,53761.14,5.68,Completed
124461,16,2015-08-28,Tacoma,45344.12,6.06,Completed
124462,20,2015-08-22,Highlander,69578.16,5.77,Completed
124463,14,2015-08-22,Highlander,76129.21,5.1,Completed
124464,3,2015-08-22,Tacoma,49902.44,5.69,Completed
124465,1,2015-08-27,Highlander,63494.62,5.24,Completed
124466,13,2015-08-19,Corolla,36225.74,5.61,Completed
124467,11,2015-08-25,Highlander,48233.46,4.16,Completed
124468,18,2015-08-06,Sienna,62134.1,5.68,Completed
124469,12,2015-08-05,Tundra,52578.04,5.65,Completed
124470,14,2015-08-29,Camry,41095.08,5.1,Completed
124471,2,2015-08-11,Prius,28507.17,4.0,Completed
124472,1,2015-08-18,RAV4,44760.76,5.24,Completed
124473,15,2015-08-23,Prius,34515.13,4.86,Completed
124474,14,2015-08-25,Prius,37745.85,5.1,Completed
124475,7,2015-08-10,Sienna,60426.5,5.39,Completed
124476,9,2015-08-20,Prius,26018.43,4.4,Completed
124477,4,2015-08-19,Tacoma,31774.0,3.81,Completed
124478,2,2015-08-17,Corolla,26336.83,4.0,Completed
124479,5,2015-08-04,Camry,40205.85,5.34,Completed
124480,7,2015-08-17,Camry,46044.45,5.39,Completed
124481,8,2015-08-13,Tundra,58129.17,5.84,Completed
124482,2,2015-08-13,RAV4,43478.4,4.0,Completed
124483,17,2015-08-11,Camry,33360.39,4.51,Completed
124484,11,2015-08-11,Prius,29202.78,4.16,Completed
124485,11,2015-08-18,Sienna,39367.21,4.16,Cancelled
124486,12,2015-08-16,Highlander,69865.23,5.65,Completed
124487,17,2015-08-25,Sienna,43326.77,4.51,Completed
124488,18,2015-08-29,Corolla,36166.28,5.68,Completed
124489,7,2015-08-06,Camry,49205.79,5.39,Completed
124490,14,2015-08-07,RAV4,48387.34,5.1,Completed
124491,1,2015-08-13,Corolla,26350.31,5.24,Completed
124492,10,2015-08-07,Camry,36348.17,4.88,Completed
124493,5,2015-08-04,Tundra,46039.18,5.34,Completed
124494,11,2015-08-22,Corolla,22622.31,4.16,Completed
124495,20,2015-08-27,Sienna,53380.13,5.77,Completed
124496,19,2015-08-08,Camry,37440.63,5.48,Completed
124497,14,2015-08-06,Camry,46784.25,5.1,Completed
124498,11,2015-08-08,Prius,28700.44,4.16,Completed
124499,10,2015-08-02,Highlander,52161.03,4.88,Completed
124500,2,2015-08-24,Tundra,43853.75,4.0,Completed
124501,8,2015-08-24,Corolla,34596.67,5.84,Completed
124502,8,2015-08-11,Sienna,52879.67,5.84,Completed
124503,14,2015-08-25,Tacoma,43242.21,5.1,Completed
124504,19,2015-08-22,Tacoma,43669.97,5.48,Completed
124505,2,2015-08-29,RAV4,38762.77,4.0,Completed
124506,18,2015-08-12,Tundra,63317.82,5.68,Completed
124507,9,2015-08-12,Corolla,22821.01,4.4,Completed
124508,15,2015-08-09,RAV4,50948.16,4.86,Completed
124509,16,2015-08-22,Prius,35044.5,6.06,Completed
124510,19,2015-08-31,Tundra,46226.13,5.48,Completed
124511,7,2015-08-10,Tundra,57594.23,5.39,Completed
124512,11,2015-08-30,Camry,30202.23,4.16,Completed
124513,6,2015-08-18,Prius,23835.85,3.86,Completed
124514,14,2015-08-18,Sienna,56696.59,5.1,Completed
124515,4,2015-08-06,Camry,28522.1,3.81,Completed
124516,11,2015-08-09,Corolla,23410.09,4.16,Completed
124517,14,2015-08-15,Prius,33425.99,5.1,Completed
124518,19,2015-08-19,Corolla,25703.19,5.48,Completed
124519,20,2015-08-10,Tundra,57216.26,5.77,Completed
124520,11,2015-08-22,Highlander,51014.85,4.16,Completed
124521,7,2015-08-17,Tundra,55373.73,5.39,Completed
124522,14,2015-08-30,Corolla,33471.52,5.1,Completed
124523,3,2015-08-15,Highlander,76783.15,5.69,Completed
124524,20,2015-08-03,Corolla,32304.52,5.77,Completed
124525,11,2015-08-19,Highlander,51435.7,4.16,Completed
124526,17,2015-08-13,Prius,25156.59,4.51,Completed
124527,6,2015-08-11,Corolla,21344.64,3.86,Pending
124528,4,2015-08-24,Tundra,36653.29,3.81,Completed
124529,15,2015-08-18,Highlander,71191.1,4.86,Completed
124530,15,2015-08-03,Prius,36640.77,4.86,Completed
124531,20,2015-08-24,Camry,47213.52,5.77,Completed
124532,10,2015-08-27,Sienna,42207.28,4.88,Completed
124533,20,2015-08-04,Prius,36455.08,5.77,Completed
124534,2,2015-08-12,Prius,27682.7,4.0,Completed
124535,11,2015-08-20,Sienna,39096.27,4.16,Cancelled
124536,20,2015-08-13,Sienna,61215.24,5.77,Completed
124537,3,2015-08-03,Tundra,59908.24,5.69,Completed
124538,3,2015-08-22,Corolla,36193.88,5.69,Completed
124539,16,2015-08-12,Tundra,57020.39,6.06,Completed
124540,15,2015-08-12,Sienna,52141.14,4.86,Completed
124541,12,2015-08-09,Tundra,50902.73,5.65,Completed
124542,11,2015-08-30,Highlander,48904.89,4.16,Pending
124543,7,2015-08-08,Prius,39216.72,5.39,Completed
124544,10,2015-08-28,Tundra,45728.51,4.88,Completed
124545,12,2015-08-07,Tacoma,51287.45,5.65,Completed
124546,3,2015-08-20,RAV4,58323.02,5.69,Completed
124547,8,2015-08-24,Tundra,59757.87,5.84,Completed
124548,9,2015-08-19,Highlander,53746.3,4.4,Completed
124549,4,2015-08-19,Tacoma,35826.66,3.81,Completed
124550,17,2015-08-15,Tacoma,33362.58,4.51,Completed
124551,7,2015-08-28,Prius,41370.98,5.39,Completed
124552,12,2015-08-31,Highlander,72831.5,5.65,Completed
124553,20,2015-08-21,Tacoma,49002.7,5.77,Completed
124554,11,2015-08-12,RAV4,35898.97,4.16,Completed
124555,16,2015-08-07,Tacoma,45867.47,6.06,Completed
124556,12,2015-08-16,RAV4,55967.23,5.65,Completed
124557,12,2015-08-04,Sienna,55436.02,5.65,Completed
124558,9,2015-08-17,Tundra,44656.68,4.4,Pending
124559,12,2015-08-03,Tacoma,44758.48,5.65,Completed
124560,3,2015-08-05,RAV4,50188.29,5.69,Pending
124561,13,2015-08-09,Corolla,36649.28,5.61,Completed
124562,3,2015-08-09,Tundra,56815.18,5.69,Completed
124563,18,2015-08-04,Camry,43313.07,5.68,Completed
124564,19,2015-08-20,RAV4,46326.6,5.48,Completed
124565,8,2015-08-04,Tacoma,44823.88,5.84,Completed
124566,12,2015-08-15,RAV4,48577.58,5.65,Completed
124567,15,2015-08-16,Camry,43644.35,4.86,Completed
124568,11,2015-08-30,Prius,29868.16,4.16,Completed
124569,17,2015-08-28,Sienna,41301.23,4.51,Completed
124570,12,2015-08-19,Corolla,33683.34,5.65,Completed
124571,17,2015-08-12,Highlander,53819.73,4.51,Completed
124572,9,2015-08-02,RAV4,38400.14,4.4,Completed
124573,12,2015-08-21,Corolla,32123.14,5.65,Completed
124574,2,2015-08-07,Sienna,47971.76,4.0,Completed
124575,15,2015-08-04,Sienna,59305.43,4.86,Completed
124576,10,2015-08-23,RAV4,40961.76,4.88,Completed
124577,6,2015-08-06,Tundra,38391.41,3.86,Completed
124578,16,2015-08-20,Prius,34987.42,6.06,Completed
124579,8,2015-08-25,Camry,42270.67,5.84,Cancelled
124580,10,2015-08-27,Tundra,40709.31,4.88,Completed
124581,19,2015-08-30,Corolla,30828.07,5.48,Completed
124582,16,2015-08-16,Highlander,72062.72,6.06,Completed
124583,7,2015-08-16,Sienna,60853.62,5.39,Completed
124584,2,2015-08-03,Corolla,27463.62,4.0,Completed
124585,17,2015-08-25,Camry,28542.11,4.51,Completed
124586,8,2015-08-26,Sienna,56649.16,5.84,Completed
124587,5,2015-08-17,Camry,38767.65,5.34,Completed
124588,7,2015-08-10,Camry,45714.77,5.39,Completed
124589,8,2015-08-01,Camry,47167.04,5.84,Completed
124590,6,2015-08-31,Sienna,42046.89,3.86,Completed
124591,13,2015-08-31,Tacoma,46817.77,5.61,Completed
124592,5,2015-08-21,Tundra,48265.85,5.34,Completed
124593,17,2015-08-21,Tacoma,33145.39,4.51,Completed
124594,1,2015-08-20,Prius,31482.77,5.24,Completed
124595,11,2015-08-02,Tacoma,36758.49,4.16,Completed
124596,14,2015-08-25,Camry,45681.84,5.1,Completed
124597,16,2015-08-21,Corolla,35473.71,6.06,Completed
124598,4,2015-08-10,Tundra,38774.39,3.81,Pending
124599,7,2015-08-30,Prius,37589.1,5.39,Completed
124600,3,2015-08-03,Highlander,80627.43,5.69,Completed
124601,15,2015-08-31,Corolla,33463.94,4.86,Completed
124602,8,2015-08-15,Corolla,33621.18,5.84,Completed
124603,20,2015-08-09,Tacoma,46429.31,5.77,Completed
124604,3,2015-08-23,Tundra,61408.69,5.69,Completed
124605,16,2015-08-18,Corolla,33404.76,6.06,Completed
124606,4,2015-08-03,Highlander,49934.71,3.81,Completed
124607,9,2015-08-04,RAV4,34742.91,4.4,Completed
124608,4,2015-08-10,Tundra,36775.43,3.81,Completed
124609,18,2015-08-13,Prius,40258.18,5.68,Completed
124610,18,2015-08-20,Tacoma,46892.25,5.68,Pending
124611,13,2015-08-22,Prius,40494.17,5.61,Completed
124612,6,2015-08-13,Tundra,42106.87,3.86,Completed
124613,15,2015-08-28,Highlander,72495.97,4.86,Completed
124614,15,2015-08-31,Tundra,56108.59,4.86,Completed
124615,6,2015-08-02,Corolla,25249.22,3.86,Completed
124616,14,2015-08-06,Corolla,31586.04,5.1,Completed
124617,7,2015-08-06,Camry,43257.49,5.39,Completed
124618,9,2015-08-01,Tacoma,34836.89,4.4,Completed
124619,5,2015-08-11,Corolla,25283.68,5.34,Completed
124620,13,2015-08-19,Corolla,36183.2,5.61,Completed
124621,15,2015-08-21,Tacoma,45243.77,4.86,Completed
124622,4,2015-08-10,Tacoma,35587.33,3.81,Completed
124623,3,2015-08-10,Highlander,80982.95,5.69,Completed
124624,11,2015-08-08,Sienna,41100.25,4.16,Completed
124625,6,2015-08-03,Tundra,39909.05,3.86,Completed
124626,19,2015-08-27,Tacoma,45529.91,5.48,Completed
124627,8,2015-08-29,Highlander,69272.06,5.84,Completed
124628,16,2015-08-17,Sienna,61175.94,6.06,Pending
124629,14,2015-08-30,Corolla,32732.07,5.1,Completed
124630,8,2015-08-27,RAV4,54121.16,5.84,Completed
124631,12,2015-08-09,RAV4,52422.63,5.65,Completed
124632,5,2015-08-24,Camry,37468.7,5.34,Completed
124633,5,2015-08-16,Camry,37964.69,5.34,Completed
124634,1,2015-08-19,Sienna,45784.04,5.24,Completed
124635,16,2015-08-14,Camry,43624.32,6.06,Completed
124636,20,2015-08-13,Corolla,30681.85,5.77,Completed
124637,13,2015-08-08,Tacoma,46339.48,5.61,Completed
124638,2,2015-08-30,Prius,25608.45,4.0,Completed
124639,11,2015-08-06,Tundra,41769.66,4.16,Completed
124640,15,2015-08-26,RAV4,49850.83,4.86,Completed
124641,11,2015-08-22,Corolla,23376.88,4.16,Completed
124642,18,2015-08-24,Camry,46646.66,5.68,Completed
124643,13,2015-08-24,Prius,42266.28,5.61,Completed
124644,3,2015-08-12,Camry,44519.43,5.69,Completed
124645,9,2015-08-16,Tundra,44444.37,4.4,Completed
124646,15,2015-08-20,Prius,35121.62,4.86,Completed
124647,12,2015-08-26,Tundra,52894.23,5.65,Completed
124648,5,2015-08-21,Tundra,48938.96,5.34,Completed
124649,15,2015-08-16,Highlander,75284.63,4.86,Pending
124650,5,2015-08-11,Tacoma,38016.77,5.34,Completed
124651,14,2015-08-01,Prius,32040.12,5.1,Completed
124652,20,2015-08-22,Highlander,69312.04,5.77,Completed
124653,12,2015-08-17,RAV4,50364.38,5.65,Completed
124654,12,2015-08-31,Highlander,69159.14,5.65,Completed
124655,19,2015-08-22,Highlander,57706.58,5.48,Completed
124656,16,2015-08-08,Sienna,56861.24,6.06,Completed
124657,8,2015-08-15,RAV4,51474.18,5.84,Completed
124658,17,2015-08-10,Prius,27611.97,4.51,Cancelled
124659,1,2015-08-09,Camry,40045.32,5.24,Completed
124660,11,2015-08-04,Tacoma,33800.02,4.16,Completed
124661,8,2015-08-01,Tacoma,51646.58,5.84,Completed
124662,8,2015-08-14,Corolla,33842.55,5.84,Completed
124663,8,2015-08-28,Prius,35445.92,5.84,Completed
124664,3,2015-08-20,Sienna,59076.14,5.69,Completed
124665,11,2015-08-26,Sienna,39881.98,4.16,Completed
124666,6,2015-08-02,Sienna,43948.55,3.86,Cancelled
124667,11,2015-08-17,Camry,30243.18,4.16,Completed
124668,20,2015-08-30,Corolla,32152.58,5.77,Completed
124669,6,2015-08-18,Camry,32172.47,3.86,Completed
124670,11,2015-08-05,Corolla,25112.84,4.16,Completed
124671,10,2015-08-19,Prius,29976.27,4.88,Completed
124672,8,2015-08-05,Highlander,71711.03,5.84,Completed
124673,1,2015-08-05,Camry,40052.91,5.24,Completed
124674,10,2015-08-22,Tundra,43594.1,4.88,Completed
124675,3,2015-08-11,Sienna,62773.74,5.69,Completed
124676,9,2015-08-03,Corolla,22261.3,4.4,Completed
124677,3,2015-08-07,Camry,46743.66,5.69,Completed
124678,20,2015-08-27,Highlander,72797.59,5.77,Completed
124679,14,2015-08-08,Prius,36936.61,5.1,Completed
124680,20,2015-08-09,Tundra,57201.37,5.77,Completed
124681,10,2015-08-25,Prius,26392.11,4.88,Completed
124682,12,2015-08-03,RAV4,54703.16,5.65,Completed
124683,2,2015-08-04,Corolla,23703.45,4.0,Completed
124684,2,2015-08-21,RAV4,40738.83,4.0,Completed
124685,8,2015-08-02,Highlander,69820.84,5.84,Completed
124686,5,2015-08-23,Sienna,51574.81,5.34,Completed
124687,20,2015-08-18,Tacoma,52119.99,5.77,Completed
124688,10,2015-08-01,RAV4,41570.44,4.88,Completed
124689,2,2015-08-29,Tacoma,40398.09,4.0,Completed
124690,18,2015-08-10,Corolla,35909.58,5.68,Completed
124691,2,2015-08-31,Corolla,23463.8,4.0,Completed
124692,17,2015-08-31,RAV4,37307.05,4.51,Completed
124693,19,2015-08-28,Tacoma,43725.57,5.48,Completed
124694,4,2015-08-12,Tundra,39831.68,3.81,Completed
124695,17,2015-08-26,Sienna,40437.87,4.51,Completed
124696,11,2015-08-29,Corolla,21857.8,4.16,Completed
124697,10,2015-08-25,Sienna,46310.51,4.88,Completed
124698,14,2015-08-03,Corolla,28265.47,5.1,Completed
124699,11,2015-08-14,Tacoma,37606.59,4.16,Completed
124700,13,2015-08-16,Tacoma,48712.71,5.61,Completed
124701,9,2015-08-27,Camry,30856.2,4.4,Completed
124702,13,2015-08-09,Camry,47614.79,5.61,Completed
124703,3,2015-08-10,Tacoma,51229.49,5.69,Completed
124704,2,2015-08-06,Tundra,43391.02,4.0,Pending
124705,11,2015-08-14,Sienna,44292.22,4.16,Completed
124706,9,2015-08-01,Highlander,56591.43,4.4,Completed
124707,7,2015-08-24,Camry,49107.67,5.39,Completed
124708,17,2015-08-23,Corolla,21346.42,4.51,Completed
124709,4,2015-08-02,RAV4,37569.31,3.81,Completed
124710,14,2015-08-09,Corolla,31847.24,5.1,Completed
124711,16,2015-08-17,Prius,35552.39,6.06,Completed
124712,9,2015-08-25,Tundra,41831.04,4.4,Completed
124713,11,2015-08-03,RAV4,35967.55,4.16,Completed
124714,1,2015-08-15,Camry,36172.83,5.24,Completed
124715,3,2015-08-02,RAV4,54192.69,5.69,Completed
124716,13,2015-08-11,Camry,47391.91,5.61,Completed
124717,9,2015-08-13,Sienna,44362.45,4.4,Completed
124718,20,2015-08-06,Highlander,68454.3,5.77,Completed
124719,13,2015-08-17,Tundra,57150.11,5.61,Completed
124720,5,2015-08-07,Corolla,28559.43,5.34,Cancelled
124721,16,2015-08-18,Highlander,77883.71,6.06,Completed
124722,14,2015-08-29,Highlander,64606.82,5.1,Completed
124723,8,2015-08-02,Corolla,30375.26,5.84,Completed
124724,17,2015-08-03,Tundra,38096.33,4.51,Completed
124725,5,2015-08-23,Highlander,64578.23,5.34,Completed
124726,8,2015-08-10,Sienna,62602.88,5.84,Completed
124727,2,2015-08-03,Camry,34147.21,4.0,Completed
124728,4,2015-08-10,Sienna,39211.92,3.81,Completed
124729,6,2015-08-30,Camry,32526.08,3.86,Completed
124730,8,2015-08-10,Camry,40457.8,5.84,Completed
124731,5,2015-08-31,Corolla,25461.54,5.34,Completed
124732,4,2015-08-27,Tacoma,31545.39,3.81,Completed
124733,15,2015-08-22,Tundra,59573.96,4.86,Pending
124734,8,2015-08-19,RAV4,50701.83,5.84,Cancelled
124735,11,2015-08-10,Highlander,52761.53,4.16,Completed
124736,15,2015-08-08,Camry,42767.18,4.86,Completed
124737,6,2015-08-02,Tundra,40860.56,3.86,Completed
124738,1,2015-08-29,RAV4,45109.11,5.24,Completed
124739,3,2015-08-11,Sienna,64788.48,5.69,Completed
124740,1,2015-08-13,Prius,32588.52,5.24,Completed
124741,6,2015-08-20,Corolla,22973.89,3.86,Completed
124742,10,2015-08-13,RAV4,40741.19,4.88,Completed
124743,3,2015-08-15,Corolla,33624.2,5.69,Completed
124744,2,2015-08-11,Sienna,45496.03,4.0,Completed
124745,2,2015-08-03,Tacoma,35550.93,4.0,Completed
124746,9,2015-08-16,Corolla,22685.43,4.4,Completed
124747,3,2015-08-01,Camry,45826.99,5.69,Completed
124748,14,2015-08-23,Tacoma,50385.36,5.1,Completed
124749,2,2015-08-11,RAV4,37780.74,4.0,Completed
124750,12,2015-08-17,Highlander,71156.45,5.65,Completed
124751,14,2015-08-29,RAV4,50331.98,5.1,Completed
124752,5,2015-08-03,Camry,34716.61,5.34,Completed
124753,16,2015-08-05,Sienna,62110.91,6.06,Completed
124754,20,2015-08-10,RAV4,52225.66,5.77,Completed
124755,13,2015-08-25,Camry,42661.73,5.61,Completed
124756,16,2015-08-10,Camry,42716.35,6.06,Completed
124757,8,2015-08-18,Highlander,70148.53,5.84,Completed
124758,5,2015-08-05,Corolla,27812.36,5.34,Completed
124759,3,2015-08-15,Sienna,56137.09,5.69,Completed
124760,18,2015-08-16,Tundra,64546.85,5.68,Completed
124761,13,2015-08-08,Camry,48362.29,5.61,Completed
124762,9,2015-08-03,Prius,28358.48,4.4,Completed
124763,1,2015-08-25,RAV4,46229.31,5.24,Completed
124764,1,2015-08-02,Tacoma,36460.46,5.24,Completed
124765,1,2015-08-15,Tundra,47634.3,5.24,Completed
124766,7,2015-08-20,Tundra,62713.79,5.39,Completed
124767,17,2015-08-22,Camry,32638.81,4.51,Completed
124768,1,2015-08-24,Highlander,66129.23,5.24,Completed
124769,19,2015-08-19,Camry,38904.38,5.48,Completed
124770,1,2015-08-31,RAV4,40737.79,5.24,Cancelled
124771,16,2015-08-14,Camry,49582.18,6.06,Completed
124772,3,2015-08-28,Sienna,64705.01,5.69,Completed
124773,19,2015-08-28,Prius,30360.97,5.48,Completed
124774,10,2015-08-14,Camry,32657.01,4.88,Completed
124775,16,2015-08-20,Corolla,31309.76,6.06,Completed
124776,18,2015-08-19,Camry,48288.19,5.68,Completed
124777,2,2015-08-04,Camry,36483.32,4.0,Completed
124778,20,2015-08-25,Sienna,59469.42,5.77,Completed
124779,4,2015-08-15,Corolla,22018.39,3.81,Completed
124780,5,2015-08-02,Highlander,63249.53,5.34,Completed
124781,12,2015-08-19,Prius,36917.43,5.65,Completed
124782,14,2015-08-22,Tundra,56899.18,5.1,Completed
124783,15,2015-08-31,Corolla,31755.12,4.86,Completed
124784,16,2015-08-04,Highlander,75843.62,6.06,Completed
124785,19,2015-08-09,RAV4,44191.53,5.48,Completed
124786,4,2015-08-07,Tacoma,35483.0,3.81,Completed
124787,6,2015-08-13,Highlander,49918.74,3.86,Completed
124788,17,2015-08-21,Camry,28754.6,4.51,Completed
124789,13,2015-08-11,Corolla,33225.01,5.61,Completed
124790,9,2015-08-20,Tundra,43992.78,4.4,Completed
124791,5,2015-08-04,Prius,34275.89,5.34,Completed
124792,3,2015-08-14,RAV4,56055.53,5.69,Completed
124793,12,2015-08-22,Tundra,56829.62,5.65,Completed
124794,16,2015-08-25,Tacoma,50249.33,6.06,Completed
124795,7,2015-08-12,Highlander,72092.7,5.39,Completed
124796,15,2015-08-05,Highlander,76684.5,4.86,Completed
124797,14,2015-08-31,RAV4,51036.25,5.1,Completed
124798,14,2015-08-07,Corolla,31466.01,5.1,Completed
124799,3,2015-08-23,Tacoma,46083.98,5.69,Completed
124800,20,2015-08-28,Camry,43908.61,5.77,Pending
124801,10,2015-08-16,Tacoma,38856.61,4.88,Completed
124802,10,2015-08-11,Tacoma,32887.0,4.88,Completed
124803,16,2015-08-10,Highlander,76871.4,6.06,Completed
124804,14,2015-08-06,Tacoma,44547.73,5.1,Completed
124805,18,2015-08-19,RAV4,57421.74,5.68,Cancelled
124806,9,2015-08-30,Prius,26543.61,4.4,Completed
124807,20,2015-08-01,RAV4,57367.06,5.77,Completed
124808,7,2015-08-23,Prius,37051.2,5.39,Completed
124809,4,2015-08-06,Prius,23599.77,3.81,Completed
124810,8,2015-08-27,Highlander,74967.34,5.84,Completed
124811,15,2015-08-29,RAV4,55193.56,4.86,Completed
124812,18,2015-08-25,RAV4,51336.43,5.68,Completed
124813,9,2015-08-23,Corolla,24995.86,4.4,Completed
124814,9,2015-08-15,RAV4,34381.98,4.4,Completed
124815,14,2015-08-28,Sienna,52009.96,5.1,Completed
124816,7,2015-08-29,RAV4,55790.87,5.39,Completed
124817,11,2015-08-22,RAV4,40355.29,4.16,Completed
124818,15,2015-08-09,Highlander,72964.68,4.86,Completed
124819,10,2015-08-11,Corolla,23829.53,4.88,Completed
124820,18,2015-08-01,Tundra,64603.89,5.68,Completed
124821,4,2015-08-03,Tundra,37548.43,3.81,Completed
124822,20,2015-08-17,Tundra,60248.21,5.77,Completed
124823,12,2015-08-11,Tacoma,51854.49,5.65,Completed
124824,2,2015-08-10,Highlander,55926.12,4.0,Cancelled
124825,4,2015-08-16,Tundra,35823.11,3.81,Completed
124826,13,2015-08-09,Corolla,32519.56,5.61,Completed
124827,14,2015-08-04,Prius,36611.26,5.1,Completed
124828,19,2015-08-01,Tundra,50866.03,5.48,Completed
124829,15,2015-08-21,Prius,33411.8,4.86,Cancelled
124830,14,2015-08-17,RAV4,49880.1,5.1,Completed
124831,5,2015-08-18,Sienna,47375.84,5.34,Completed
124832,15,2015-08-14,Prius,39998.96,4.86,Completed
124833,13,2015-08-28,Highlander,68583.55,5.61,Pending
124834,17,2015-08-16,RAV4,33583.1,4.51,Completed
124835,6,2015-08-10,Sienna,43410.06,3.86,Completed
124836,18,2015-08-25,Camry,44046.67,5.68,Completed
124837,18,2015-08-29,Camry,52317.22,5.68,Completed
124838,10,2015-08-06,Camry,34829.73,4.88,Completed
124839,12,2015-08-25,Camry,46447.73,5.65,Completed
124840,16,2015-08-05,Corolla,32110.96,6.06,Completed
124841,4,2015-08-18,RAV4,38634.87,3.81,Completed
124842,3,2015-08-02,RAV4,51680.44,5.69,Completed
124843,7,2015-08-02,RAV4,49644.79,5.39,Completed
124844,2,2015-08-28,Prius,27720.73,4.0,Pending
124845,5,2015-08-02,Tundra,53259.09,5.34,Completed
124846,19,2015-08-05,Tacoma,41193.31,5.48,Completed
124847,4,2015-08-30,Prius,27515.51,3.81,Completed
124848,4,2015-08-30,Tacoma,30627.74,3.81,Completed
124849,4,2015-08-02,Highlander,48903.04,3.81,Completed
124850,8,2015-08-05,Corolla,35226.1,5.84,Completed
124851,18,2015-08-17,Prius,38390.07,5.68,Completed
124852,15,2015-08-23,Corolla,33691.92,4.86,Completed
124853,4,2015-08-13,Sienna,40327.84,3.81,Completed
124854,2,2015-08-30,Camry,32789.42,4.0,Completed
124855,10,2015-08-28,RAV4,41283.0,4.88,Completed
124856,7,2015-08-17,Corolla,31710.64,5.39,Completed
124857,16,2015-08-19,Camry,45125.19,6.06,Completed
124858,2,2015-08-14,Highlander,53303.63,4.0,Completed
124859,17,2015-08-04,Highlander,54938.33,4.51,Completed
124860,9,2015-08-23,Prius,25528.98,4.4,Completed
124861,16,2015-08-11,RAV4,53858.19,6.06,Completed
124862,7,2015-08-09,Corolla,34662.88,5.39,Completed
124863,16,2015-08-19,Camry,43332.3,6.06,Completed
124864,11,2015-08-29,Camry,32240.79,4.16,Completed
124865,11,2015-08-27,Prius,25009.82,4.16,Completed
124866,9,2015-08-05,Prius,27813.85,4.4,Completed
124867,7,2015-08-29,Corolla,30476.47,5.39,Completed
124868,14,2015-08-31,Sienna,49348.58,5.1,Completed
124869,1,2015-08-06,RAV4,47705.34,5.24,Completed
124870,19,2015-08-14,Camry,36322.31,5.48,Completed
124871,10,2015-08-12,RAV4,40508.77,4.88,Completed
124872,10,2015-08-13,Prius,30442.83,4.88,Completed
124873,17,2015-08-11,Highlander,52268.66,4.51,Completed
124874,18,2015-08-09,Sienna,58124.76,5.68,Completed
124875,16,2015-08-10,Highlander,79463.92,6.06,Completed
124876,9,2015-08-07,Tacoma,32364.25,4.4,Completed
124877,18,2015-08-17,Camry,46905.32,5.68,Completed
124878,20,2015-08-02,Tundra,58583.95,5.77,Completed
124879,8,2015-08-19,Prius,40224.08,5.84,Completed
124880,1,2015-08-01,RAV4,39213.17,5.24,Completed
124881,15,2015-08-13,Prius,40337.61,4.86,Completed
124882,7,2015-08-17,Sienna,61621.91,5.39,Completed
124883,6,2015-08-20,Tundra,41764.08,3.86,Completed
124884,11,2015-08-09,RAV4,41455.35,4.16,Completed
124885,18,2015-08-17,Highlander,83260.73,5.68,Completed
124886,2,2015-08-18,RAV4,42221.96,4.0,Completed
124887,3,2015-08-06,Corolla,30848.15,5.69,Completed
124888,18,2015-08-31,Tundra,58728.36,5.68,Completed
124889,14,2015-08-21,Prius,38661.64,5.1,Completed
124890,8,2015-08-11,RAV4,50850.77,5.84,Completed
124891,16,2015-08-25,Prius,38297.6,6.06,Completed
124892,5,2015-08-25,Prius,33209.76,5.34,Completed
124893,19,2015-08-14,Corolla,26013.49,5.48,Completed
124894,1,2015-08-05,Tacoma,42787.54,5.24,Completed
124895,12,2015-08-18,Camry,45693.27,5.65,Completed
124896,15,2015-08-06,Highlander,76261.9,4.86,Completed
124897,15,2015-08-25,Corolla,29437.84,4.86,Completed
124898,16,2015-08-30,RAV4,49610.42,6.06,Completed
124899,6,2015-08-19,Corolla,22381.18,3.86,Completed
124900,10,2015-08-19,RAV4,41497.13,4.88,Pending
124901,15,2015-08-05,RAV4,47181.73,4.86,Completed
124902,20,2015-08-26,Tacoma,48581.58,5.77,Completed
124903,11,2015-08-18,Camry,30760.21,4.16,Completed
124904,19,2015-08-25,RAV4,41834.88,5.48,Completed
124905,14,2015-08-31,Tacoma,46457.73,5.1,Completed
124906,11,2015-08-27,Tundra,39495.7,4.16,Completed
124907,8,2015-08-21,Tacoma,49081.2,5.84,Completed
124908,11,2015-08-30,RAV4,39596.49,4.16,Completed
124909,9,2015-08-05,RAV4,39941.29,4.4,Completed
124910,20,2015-08-06,Tacoma,43581.73,5.77,Completed
124911,4,2015-08-26,RAV4,33921.03,3.81,Completed
124912,19,2015-08-14,Camry,35231.5,5.48,Completed
124913,11,2015-08-02,Tundra,44621.86,4.16,Completed
124914,1,2015-08-08,Tundra,45574.49,5.24,Completed
124915,11,2015-08-09,Tacoma,32038.75,4.16,Completed
124916,7,2015-08-15,Highlander,75476.18,5.39,Completed
124917,12,2015-08-20,Corolla,32053.53,5.65,Cancelled
124918,12,2015-08-01,Camry,39986.13,5.65,Completed
124919,19,2015-08-13,Camry,36802.71,5.48,Completed
124920,13,2015-08-06,Camry,49129.11,5.61,Completed
124921,3,2015-08-20,Tacoma,47459.95,5.69,Completed
124922,3,2015-08-18,Corolla,36770.27,5.69,Completed
124923,19,2015-08-03,Sienna,52687.53,5.48,Completed
124924,12,2015-08-30,Prius,35304.88,5.65,Completed
124925,4,2015-08-30,Tacoma,33760.77,3.81,Completed
124926,3,2015-08-24,Tacoma,51252.42,5.69,Completed
124927,17,2015-08-11,Tundra,43186.78,4.51,Completed
124928,18,2015-08-19,Tundra,58438.75,5.68,Completed
124929,6,2015-08-05,Camry,33037.76,3.86,Completed
124930,3,2015-08-10,Prius,42169.97,5.69,Completed
124931,10,2015-08-21,Tacoma,37921.99,4.88,Completed
124932,7,2015-08-28,Tacoma,47341.22,5.39,Completed
124933,16,2015-08-16,Sienna,63296.63,6.06,Pending
124934,7,2015-08-14,Corolla,33209.77,5.39,Completed
124935,10,2015-08-20,Corolla,24608.3,4.88,Completed
124936,20,2015-08-05,Sienna,53560.51,5.77,Completed
124937,2,2015-08-14,Tacoma,34128.18,4.0,Completed
124938,3,2015-08-31,Sienna,64773.32,5.69,Completed
124939,1,2015-08-29,Corolla,25911.72,5.24,Pending
124940,10,2015-08-17,Camry,31962.3,4.88,Completed
124941,12,2015-08-20,Prius,36911.38,5.65,Completed
124942,11,2015-08-25,Corolla,25340.11,4.16,Completed
124943,14,2015-08-13,Camry,41179.29,5.1,Completed
124944,7,2015-08-06,Tundra,53286.77,5.39,Completed
124945,7,2015-08-22,RAV4,58150.87,5.39,Completed
124946,3,2015-08-30,Camry,44771.16,5.69,Completed
124947,16,2015-08-21,RAV4,48253.05,6.06,Completed
124948,13,2015-08-09,Tacoma,46701.64,5.61,Completed
124949,3,2015-08-16,Sienna,58964.22,5.69,Completed
124950,19,2015-08-29,Highlander,68506.91,5.48,Completed
124951,4,2015-08-08,Sienna,41168.15,3.81,Completed
124952,1,2015-08-07,Prius,31691.66,5.24,Pending
124953,3,2015-08-29,Tundra,62000.21,5.69,Cancelled
124954,17,2015-08-27,RAV4,36288.25,4.51,Completed
124955,14,2015-08-28,Prius,37932.61,5.1,Completed
124956,19,2015-08-27,Camry,41633.24,5.48,Completed
124957,8,2015-08-16,Corolla,35104.65,5.84,Completed
124958,8,2015-08-25,Corolla,32449.59,5.84,Completed
124959,15,2015-08-07,Sienna,58560.86,4.86,Completed
124960,7,2015-08-25,RAV4,51381.67,5.39,Completed
124961,18,2015-08-01,Camry,46326.05,5.68,Completed
124962,12,2015-08-12,RAV4,47039.31,5.65,Completed
124963,17,2015-08-20,RAV4,37698.36,4.51,Completed
124964,9,2015-08-01,Highlander,48017.79,4.4,Completed
124965,7,2015-08-12,Corolla,35821.76,5.39,Completed
124966,9,2015-08-06,Camry,33217.53,4.4,Completed
124967,20,2015-08-03,Prius,34882.91,5.77,Completed
124968,12,2015-08-10,Camry,43047.56,5.65,Completed
124969,18,2015-08-27,RAV4,51679.98,5.68,Completed
124970,4,2015-08-16,Tundra,40568.08,3.81,Completed
124971,15,2015-08-11,Sienna,50985.29,4.86,Completed
124972,7,2015-08-20,Camry,41032.34,5.39,Completed
124973,5,2015-08-18,Highlander,60025.5,5.34,Completed
124974,6,2015-08-25,Tacoma,33805.2,3.86,Completed
124975,20,2015-08-11,Tacoma,49409.81,5.77,Completed
124976,9,2015-08-09,Tacoma,37735.29,4.4,Completed
124977,8,2015-08-18,RAV4,54413.29,5.84,Completed
124978,17,2015-08-01,Tundra,36323.8,4.51,Completed
124979,6,2015-08-31,Highlander,53881.35,3.86,Pending
124980,12,2015-08-22,Tundra,61625.38,5.65,Completed
124981,3,2015-08-09,Tundra,61138.67,5.69,Completed
124982,17,2015-08-08,RAV4,39334.56,4.51,Completed
124983,11,2015-08-16,Tundra,42682.31,4.16,Completed
124984,2,2015-08-07,RAV4,43205.61,4.0,Completed
124985,5,2015-08-27,Sienna,52404.28,5.34,Completed
124986,6,2015-08-06,Prius,27740.87,3.86,Completed
124987,18,2015-08-06,Corolla,33911.98,5.68,Completed
124988,15,2015-08-26,Tacoma,43049.25,4.86,Completed
124989,1,2015-08-10,Corolla,27669.07,5.24,Completed
124990,5,2015-08-09,Tacoma,38673.48,5.34,Completed
124991,6,2015-08-20,Camry,34634.11,3.86,Completed
124992,1,2015-08-05,Camry,38188.53,5.24,Completed
124993,12,2015-08-02,Highlander,77394.03,5.65,Completed
124994,9,2015-08-07,RAV4,38921.8,4.4,Completed
124995,20,2015-08-03,Sienna,53906.33,5.77,Completed
124996,10,2015-08-30,Corolla,24756.31,4.88,Completed
124997,16,2015-08-25,Prius,39661.99,6.06,Completed
124998,16,2015-08-09,Sienna,53099.85,6.06,Completed
124999,9,2015-08-26,Highlander,53048.12,4.4,Completed
125000,1,2015-08-14,Highlander,58140.92,5.24,Completed
125001,6,2015-08-25,Prius,24412.1,3.86,Completed
125002,17,2015-08-05,Camry,33591.39,4.51,Completed
125003,11,2015-08-15,Tacoma,32310.26,4.16,Pending
125004,11,2015-08-30,RAV4,41551.33,4.16,Completed
125005,14,2015-08-06,Tacoma,50570.28,5.1,Completed
125006,15,2015-08-13,Prius,33695.52,4.86,Completed
125007,3,2015-08-02,RAV4,51255.29,5.69,Completed
125008,6,2015-08-22,Highlander,53852.83,3.86,Completed
125009,10,2015-08-29,RAV4,39664.76,4.88,Completed
125010,7,2015-08-12,Prius,39279.26,5.39,Completed
125011,4,2015-08-05,Camry,32997.93,3.81,Completed
125012,18,2015-08-26,Camry,44718.91,5.68,Completed
125013,13,2015-08-31,Tundra,62494.93,5.61,Completed
125014,19,2015-08-11,Tundra,53339.61,5.48,Completed
125015,1,2015-08-01,RAV4,47583.35,5.24,Completed
125016,16,2015-08-12,RAV4,49931.59,6.06,Completed
125017,19,2015-08-03,Sienna,45566.21,5.48,Completed
125018,10,2015-08-28,Highlander,55746.93,4.88,Completed
125019,19,2015-08-01,Tundra,48867.33,5.48,Completed
125020,10,2015-08-18,Highlander,50723.55,4.88,Completed
125021,10,2015-08-18,RAV4,38378.75,4.88,Completed
125022,13,2015-08-03,Corolla,35408.47,5.61,Completed
125023,3,2015-08-26,Sienna,62685.94,5.69,Completed
125024,17,2015-08-22,Highlander,55417.49,4.51,Completed
125025,2,2015-08-05,RAV4,41198.93,4.0,Completed
125026,14,2015-08-11,Prius,36212.38,5.1,Completed
125027,20,2015-08-02,Highlander,80486.61,5.77,Completed
125028,11,2015-08-08,Prius,25838.1,4.16,Completed
125029,13,2015-08-20,Prius,39262.5,5.61,Completed
125030,13,2015-08-21,Prius,37212.71,5.61,Completed
125031,13,2015-08-09,Tundra,56647.07,5.61,Completed
125032,19,2015-08-18,Corolla,30954.29,5.48,Completed
125033,12,2015-08-31,Corolla,32945.0,5.65,Completed
125034,5,2015-08-23,Camry,38037.09,5.34,Completed
125035,18,2015-08-29,Tacoma,47579.16,5.68,Completed
125036,4,2015-08-13,Prius,23379.76,3.81,Completed
125037,18,2015-08-02,Tundra,66455.91,5.68,Completed
125038,1,2015-08-01,Camry,40160.89,5.24,Completed
125039,9,2015-08-06,RAV4,38832.82,4.4,Completed
125040,18,2015-08-24,Tundra,56424.11,5.68,Completed
125041,5,2015-08-22,Prius,34554.75,5.34,Completed
125042,5,2015-08-28,Sienna,47354.01,5.34,Completed
125043,15,2015-08-30,Prius,33975.38,4.86,Completed
125044,9,2015-08-22,Tundra,42536.15,4.4,Completed
125045,5,2015-08-29,Sienna,49118.82,5.34,Completed
125046,17,2015-08-11,Tundra,36438.78,4.51,Completed
125047,4,2015-08-03,Sienna,35485.73,3.81,Completed
125048,7,2015-08-02,Tundra,57566.7,5.39,Completed
125049,18,2015-08-19,Corolla,35331.49,5.68,Cancelled
125050,3,2015-08-07,Tundra,55367.75,5.69,Completed
125051,3,2015-08-21,Tacoma,54510.5,5.69,Completed
125052,13,2015-08-13,RAV4,55750.4,5.61,Completed
125053,11,2015-08-20,Corolla,24969.5,4.16,Completed
125054,17,2015-08-11,Tundra,43238.36,4.51,Completed
125055,1,2015-08-19,RAV4,44043.77,5.24,Completed
125056,9,2015-08-31,Prius,26387.32,4.4,Completed
125057,3,2015-08-16,RAV4,58702.87,5.69,Completed
125058,11,2015-08-26,Highlander,55078.64,4.16,Completed
125059,19,2015-08-18,Tundra,52272.35,5.48,Completed
125060,9,2015-08-09,Camry,33008.99,4.4,Completed
125061,19,2015-08-10,Tundra,47617.18,5.48,Completed
125062,18,2015-08-07,Tundra,59033.95,5.68,Completed
125063,19,2015-08-16,Sienna,47436.53,5.48,Completed
125064,8,2015-08-10,Prius,37616.85,5.84,Completed
125065,13,2015-08-20,RAV4,51417.29,5.61,Completed
125066,6,2015-08-06,Corolla,24110.67,3.86,Completed
125067,12,2015-08-29,RAV4,49354.9,5.65,Completed
125068,18,2015-08-05,Camry,52188.09,5.68,Completed
125069,8,2015-08-29,RAV4,54163.58,5.84,Completed
125070,18,2015-08-30,RAV4,58943.11,5.68,Completed
125071,17,2015-08-29,Highlander,51002.46,4.51,Completed
125072,17,2015-08-16,Tacoma,31051.31,4.51,Completed
125073,18,2015-08-28,Sienna,57718.59,5.68,Completed
125074,2,2015-08-27,Highlander,54215.8,4.0,Pending
125075,1,2015-08-23,RAV4,45288.92,5.24,Completed
125076,20,2015-08-07,Prius,36139.73,5.77,Completed
125077,12,2015-08-20,Tundra,58396.93,5.65,Completed
125078,15,2015-08-01,Corolla,29940.71,4.86,Completed
125079,15,2015-08-08,Camry,46698.65,4.86,Completed
125080,1,2015-08-14,RAV4,40244.36,5.24,Completed
125081,20,2015-08-12,Tundra,57270.29,5.77,Completed
125082,8,2015-08-11,Corolla,35288.43,5.84,Completed
125083,5,2015-08-11,RAV4,44114.8,5.34,Completed
125084,16,2015-08-16,Highlander,75085.01,6.06,Completed
125085,19,2015-08-25,Tacoma,45150.96,5.48,Completed
125086,17,2015-08-12,Tundra,43640.48,4.51,Completed
125087,5,2015-08-23,Tacoma,40929.32,5.34,Completed
125088,16,2015-08-17,Corolla,36040.41,6.06,Completed
125089,15,2015-08-27,RAV4,53502.98,4.86,Completed
125090,15,2015-08-15,Tundra,52528.09,4.86,Completed
125091,13,2015-08-19,Corolla,35179.78,5.61,Completed
125092,6,2015-08-28,RAV4,35024.35,3.86,Completed
125093,9,2015-08-17,Tundra,37899.55,4.4,Completed
125094,17,2015-08-23,Highlander,49830.32,4.51,Completed
125095,14,2015-08-04,Tundra,59765.83,5.1,Completed
125096,15,2015-08-09,Camry,47159.59,4.86,Completed
125097,10,2015-08-18,Tacoma,32712.15,4.88,Completed
125098,16,2015-08-27,Sienna,58142.42,6.06,Completed
125099,5,2015-08-21,RAV4,45482.43,5.34,Completed
125100,1,2015-08-31,Tundra,52340.3,5.24,Cancelled
125101,14,2015-08-02,Camry,41860.97,5.1,Completed
125102,7,2015-08-06,RAV4,49310.78,5.39,Completed
125103,8,2015-08-21,Corolla,33820.7,5.84,Completed
125104,3,2015-08-14,Prius,36071.69,5.69,Completed
125105,11,2015-08-03,Highlander,52759.12,4.16,Completed
125106,2,2015-08-25,Tacoma,38154.72,4.0,Completed
125107,10,2015-08-20,Tundra,42134.31,4.88,Completed
125108,3,2015-08-25,Camry,50313.74,5.69,Completed
125109,16,2015-08-20,Sienna,55537.31,6.06,Completed
125110,15,2015-08-12,Camry,44990.05,4.86,Completed
125111,16,2015-08-29,Highlander,70517.33,6.06,Completed
125112,10,2015-08-14,Prius,29572.21,4.88,Completed
125113,7,2015-08-17,Tundra,61154.84,5.39,Completed
125114,19,2015-08-01,Sienna,48507.09,5.48,Completed
125115,2,2015-08-03,Corolla,23134.54,4.0,Completed
125116,14,2015-08-14,Prius,37422.91,5.1,Completed
125117,4,2015-08-19,Highlander,49842.68,3.81,Completed
125118,14,2015-08-02,Sienna,57509.77,5.1,Completed
125119,19,2015-08-02,Corolla,28898.52,5.48,Cancelled
125120,8,2015-08-26,Highlander,78393.26,5.84,Completed
125121,16,2015-08-05,Prius,40224.83,6.06,Completed
125122,8,2015-08-01,Prius,34012.72,5.84,Completed
125123,18,2015-08-20,Camry,47276.24,5.68,Completed
125124,1,2015-08-30,Tundra,44713.66,5.24,Completed
125125,13,2015-08-30,Corolla,35104.45,5.61,Completed
125126,4,2015-08-28,Sienna,42759.3,3.81,Completed
125127,8,2015-08-31,Tacoma,51681.56,5.84,Completed
125128,4,2015-08-16,RAV4,36120.66,3.81,Completed
125129,4,2015-08-01,Tacoma,33627.51,3.81,Cancelled
125130,8,2015-08-10,Tacoma,51112.85,5.84,Completed
125131,8,2015-08-22,Prius,40216.01,5.84,Completed
125132,18,2015-08-11,Tacoma,48926.92,5.68,Pending
125133,5,2015-08-21,Corolla,29523.64,5.34,Completed
125134,7,2015-08-24,Tacoma,51262.61,5.39,Completed
125135,19,2015-08-16,RAV4,43623.33,5.48,Completed
125136,2,2015-08-08,Sienna,46323.0,4.0,Completed
125137,14,2015-08-13,Sienna,58699.79,5.1,Completed
125138,4,2015-08-29,Corolla,22876.27,3.81,Completed
125139,15,2015-08-12,Tundra,55881.14,4.86,Completed
125140,6,2015-08-31,Sienna,41137.0,3.86,Completed
125141,9,2015-08-23,Tacoma,36152.97,4.4,Completed
125142,17,2015-08-21,Camry,33172.26,4.51,Completed
125143,15,2015-08-15,Prius,38730.79,4.86,Completed
125144,6,2015-08-20,Tundra,43403.29,3.86,Completed
125145,3,2015-08-05,RAV4,54364.55,5.69,Completed
125146,11,2015-08-28,Prius,25108.96,4.16,Completed
125147,14,2015-08-01,Highlander,72123.25,5.1,Completed
125148,17,2015-08-31,Tacoma,32543.94,4.51,Completed
125149,4,2015-08-15,Sienna,36929.26,3.81,Pending
125150,11,2015-08-06,Prius,28866.65,4.16,Completed
125151,4,2015-08-08,Tundra,39376.12,3.81,Completed
125152,3,2015-08-04,Camry,44493.54,5.69,Completed
125153,1,2015-08-11,Camry,38562.27,5.24,Completed
125154,18,2015-08-03,Camry,51917.37,5.68,Completed
125155,14,2015-08-09,Tacoma,46573.78,5.1,Completed
125156,17,2015-08-28,Camry,29525.18,4.51,Completed
125157,13,2015-08-04,RAV4,53836.34,5.61,Completed
125158,9,2015-08-12,Tacoma,35679.16,4.4,Completed
125159,11,2015-08-12,Prius,27925.19,4.16,Completed
125160,4,2015-08-07,Prius,25929.29,3.81,Completed
125161,19,2015-08-10,Highlander,64774.6,5.48,Completed
125162,5,2015-08-25,Prius,31659.53,5.34,Pending
125163,2,2015-08-15,Tacoma,36752.9,4.0,Completed
125164,13,2015-08-23,Tundra,58395.74,5.61,Completed
125165,10,2015-08-21,Corolla,23934.12,4.88,Completed
125166,17,2015-08-16,Camry,29063.2,4.51,Completed
125167,20,2015-08-15,Camry,49087.84,5.77,Completed
125168,9,2015-08-28,Camry,33652.21,4.4,Completed
125169,2,2015-08-25,Prius,25795.31,4.0,Completed
125170,8,2015-08-11,Corolla,35040.63,5.84,Completed
125171,13,2015-08-12,Tundra,57807.04,5.61,Completed
125172,8,2015-08-03,Tundra,57740.47,5.84,Completed
125173,4,2015-08-10,Tundra,38834.85,3.81,Pending
125174,15,2015-08-21,Sienna,61040.61,4.86,Completed
125175,16,2015-08-21,RAV4,58387.86,6.06,Completed
125176,6,2015-08-02,Camry,30684.4,3.86,Completed
125177,17,2015-08-31,Corolla,22848.95,4.51,Completed
125178,10,2015-08-20,Sienna,39743.67,4.88,Completed
125179,17,2015-08-15,Tundra,40664.81,4.51,Completed
125180,18,2015-08-26,Corolla,32338.38,5.68,Completed
125181,3,2015-08-19,Sienna,55249.01,5.69,Completed
125182,19,2015-08-14,Sienna,53278.69,5.48,Completed
125183,8,2015-08-22,Corolla,32346.13,5.84,Completed
125184,1,2015-08-03,Tundra,45084.45,5.24,Completed
125185,4,2015-08-11,Tacoma,32122.4,3.81,Completed
125186,3,2015-08-21,Prius,36545.37,5.69,Completed
125187,13,2015-08-23,Sienna,63519.85,5.61,Completed
125188,2,2015-08-09,Tacoma,38853.29,4.0,Completed
125189,8,2015-08-12,Highlander,79655.61,5.84,Completed
125190,5,2015-08-28,RAV4,43846.89,5.34,Completed
125191,6,2015-08-07,RAV4,40108.54,3.86,Completed
125192,18,2015-08-14,Prius,38112.1,5.68,Completed
125193,19,2015-08-30,Highlander,66376.66,5.48,Completed
125194,17,2015-08-21,Sienna,39474.43,4.51,Completed
125195,7,2015-08-21,RAV4,55450.23,5.39,Completed
125196,7,2015-08-25,Tundra,52392.47,5.39,Completed
125197,15,2015-08-28,Sienna,53163.62,4.86,Completed
125198,19,2015-08-31,Tacoma,38387.72,5.48,Completed
125199,9,2015-08-03,Prius,24628.07,4.4,Completed
125200,18,2015-08-14,Highlander,81029.34,5.68,Completed
125201,3,2015-08-03,RAV4,50519.18,5.69,Completed
125202,4,2015-08-07,Prius,24574.27,3.81,Pending
125203,1,2015-08-18,Tacoma,43328.04,5.24,Completed
125204,16,2015-08-18,Corolla,33096.34,6.06,Completed
125205,9,2015-08-11,Tundra,38656.11,4.4,Completed
125206,8,2015-08-19,Tundra,59916.08,5.84,Completed
125207,5,2015-08-24,Tacoma,42717.32,5.34,Completed
125208,8,2015-08-01,Highlander,67680.1,5.84,Completed
125209,20,2015-08-13,Tundra,57734.08,5.77,Completed
125210,4,2015-08-08,Highlander,52095.69,3.81,Completed
125211,4,2015-08-05,Camry,29672.51,3.81,Completed
125212,9,2015-08-28,Corolla,25746.85,4.4,Completed
125213,9,2015-08-18,RAV4,37125.37,4.4,Pending
125214,7,2015-08-18,RAV4,57907.43,5.39,Completed
125215,11,2015-08-29,Sienna,44436.78,4.16,Pending
125216,4,2015-08-21,Tacoma,32967.45,3.81,Completed
125217,6,2015-08-18,Tacoma,34987.77,3.86,Completed
125218,10,2015-08-19,Prius,29976.38,4.88,Cancelled
125219,6,2015-08-02,Tacoma,34521.91,3.86,Completed
125220,5,2015-08-15,Prius,32707.6,5.34,Completed
125221,19,2015-08-30,Prius,30724.32,5.48,Completed
125222,19,2015-08-06,Camry,36529.87,5.48,Completed
125223,10,2015-08-13,Highlander,55895.84,4.88,Completed
125224,9,2015-08-18,Tacoma,37823.24,4.4,Completed
125225,8,2015-08-09,Highlander,70557.88,5.84,Completed
125226,12,2015-08-23,Highlander,78322.0,5.65,Pending
125227,12,2015-08-01,RAV4,48162.11,5.65,Completed
125228,15,2015-08-06,Prius,35146.91,4.86,Completed
125229,11,2015-08-01,Highlander,49165.97,4.16,Completed
125230,14,2015-08-23,Tundra,54724.79,5.1,Completed
125231,15,2015-08-17,Tundra,52648.47,4.86,Completed
125232,12,2015-08-18,Prius,39079.29,5.65,Completed
125233,5,2015-08-23,Prius,32550.0,5.34,Completed
125234,19,2015-08-28,Corolla,31232.26,5.48,Completed
125235,19,2015-08-17,RAV4,46620.94,5.48,Completed
125236,15,2015-08-27,Corolla,29790.88,4.86,Completed
125237,12,2015-08-26,Highlander,76703.55,5.65,Completed
125238,18,2015-08-26,Tacoma,56662.98,5.68,Completed
125239,1,2015-08-03,Tacoma,38294.52,5.24,Completed
125240,12,2015-08-04,RAV4,51589.64,5.65,Completed
125241,1,2015-08-11,RAV4,45289.61,5.24,Completed
125242,10,2015-08-01,Camry,35646.78,4.88,Completed
125243,19,2015-08-12,Corolla,25774.66,5.48,Completed
125244,7,2015-08-18,Highlander,73726.86,5.39,Completed
125245,10,2015-08-07,Corolla,26434.18,4.88,Completed
125246,9,2015-08-01,Prius,27271.68,4.4,Completed
125247,20,2015-08-23,Tacoma,51684.02,5.77,Completed
125248,4,2015-08-19,Highlander,47712.55,3.81,Completed
125249,12,2015-08-01,Prius,35869.67,5.65,Completed
125250,1,2015-08-28,RAV4,47891.31,5.24,Completed
125251,18,2015-08-03,Highlander,84502.54,5.68,Completed
125252,12,2015-08-10,Tundra,60985.01,5.65,Completed
125253,15,2015-08-06,RAV4,48248.7,4.86,Completed
125254,4,2015-08-17,Sienna,38545.57,3.81,Completed
125255,1,2015-08-03,RAV4,41859.92,5.24,Completed
125256,1,2015-08-04,RAV4,42345.38,5.24,Completed
125257,14,2015-08-28,Highlander,75752.54,5.1,Completed
125258,3,2015-08-04,Sienna,60886.67,5.69,Completed
125259,13,2015-08-24,Prius,39947.52,5.61,Completed
125260,20,2015-08-02,Tacoma,43847.04,5.77,Completed
125261,1,2015-08-23,Corolla,27369.25,5.24,Completed
125262,11,2015-08-09,Camry,34449.05,4.16,Completed
125263,20,2015-08-22,Corolla,30790.29,5.77,Completed
125264,3,2015-08-06,Tacoma,53655.2,5.69,Completed
125265,8,2015-08-12,Prius,40121.19,5.84,Completed
125266,2,2015-08-21,Camry,32589.78,4.0,Completed
125267,12,2015-08-25,Highlander,68789.03,5.65,Completed
125268,10,2015-08-15,Camry,35449.62,4.88,Cancelled
125269,14,2015-08-24,Prius,35216.89,5.1,Completed
125270,17,2015-08-17,Tundra,44026.62,4.51,Completed
125271,10,2015-08-19,Sienna,39689.03,4.88,Completed
125272,6,2015-08-10,RAV4,34839.5,3.86,Completed
125273,19,2015-08-10,Prius,30463.7,5.48,Completed
125274,11,2015-08-04,RAV4,35386.42,4.16,Completed
125275,13,2015-08-05,Prius,39113.96,5.61,Completed
125276,16,2015-08-06,Highlander,78922.42,6.06,Completed
125277,17,2015-08-30,Camry,29429.13,4.51,Completed
125278,16,2015-08-23,Prius,40306.23,6.06,Completed
125279,10,2015-08-28,Highlander,51357.36,4.88,Completed
125280,10,2015-08-03,RAV4,40749.38,4.88,Cancelled
125281,3,2015-08-15,Camry,43505.12,5.69,Completed
125282,7,2015-08-29,RAV4,52714.37,5.39,Cancelled
125283,4,2015-08-22,Highlander,51494.68,3.81,Cancelled
125284,4,2015-08-16,Sienna,40099.69,3.81,Completed
125285,16,2015-08-20,Corolla,35824.39,6.06,Completed
125286,17,2015-08-27,Tundra,41059.33,4.51,Completed
125287,13,2015-08-22,Camry,49189.29,5.61,Completed
125288,7,2015-08-18,Camry,47843.85,5.39,Completed
125289,13,2015-08-24,Tacoma,51296.85,5.61,Completed
125290,15,2015-08-26,RAV4,55054.81,4.86,Completed
125291,6,2015-08-19,Tacoma,34449.07,3.86,Completed
125292,1,2015-08-21,Corolla,27341.26,5.24,Completed
125293,10,2015-08-21,Corolla,23348.42,4.88,Completed
125294,9,2015-08-29,Corolla,23618.99,4.4,Completed
125295,7,2015-08-17,Tundra,62180.4,5.39,Completed
125296,9,2015-08-10,Camry,29135.67,4.4,Completed
125297,8,2015-08-11,RAV4,47567.1,5.84,Completed
125298,14,2015-08-01,Corolla,33460.63,5.1,Completed
125299,15,2015-08-27,Camry,47801.12,4.86,Completed
125300,7,2015-08-10,Prius,39850.16,5.39,Completed
125301,18,2015-08-12,Camry,47026.29,5.68,Completed
125302,9,2015-08-19,Sienna,43202.42,4.4,Completed
125303,4,2015-08-13,Camry,28828.06,3.81,Completed
125304,18,2015-08-25,Prius,42415.49,5.68,Completed
125305,6,2015-08-28,Tacoma,35565.13,3.86,Completed
125306,18,2015-08-06,Tacoma,52990.63,5.68,Completed
125307,5,2015-08-20,Tundra,45899.86,5.34,Completed
125308,9,2015-08-22,Tacoma,32069.13,4.4,Completed
125309,12,2015-08-01,RAV4,49108.08,5.65,Completed
125310,16,2015-08-29,Corolla,35486.86,6.06,Completed
125311,2,2015-08-05,Corolla,26413.63,4.0,Completed
125312,7,2015-08-10,Highlander,69331.66,5.39,Completed
125313,3,2015-08-03,Highlander,82414.02,5.69,Completed
125314,5,2015-08-10,Camry,37319.11,5.34,Completed
125315,7,2015-08-24,Corolla,30127.63,5.39,Completed
125316,14,2015-08-15,RAV4,46239.29,5.1,Completed
125317,7,2015-08-12,Camry,43782.44,5.39,Completed
125318,13,2015-08-23,Corolla,31422.18,5.61,Completed
125319,5,2015-08-22,Sienna,45354.98,5.34,Cancelled
125320,6,2015-08-11,Corolla,23627.66,3.86,Completed
125321,4,2015-08-26,Tacoma,32749.28,3.81,Completed
125322,20,2015-08-27,Sienna,57801.05,5.77,Completed
125323,16,2015-08-13,Camry,43544.69,6.06,Completed
125324,15,2015-08-18,Sienna,53956.24,4.86,Completed
125325,16,2015-08-12,Tacoma,52632.2,6.06,Completed
125326,6,2015-08-06,Camry,31056.77,3.86,Cancelled
125327,14,2015-08-03,Corolla,33043.36,5.1,Completed
125328,11,2015-08-11,Corolla,21684.14,4.16,Completed
125329,9,2015-08-31,Sienna,42770.63,4.4,Completed
125330,6,2015-08-17,Corolla,22593.22,3.86,Completed
125331,11,2015-08-04,Sienna,44905.18,4.16,Completed
125332,9,2015-08-20,Tundra,37340.07,4.4,Completed
125333,17,2015-08-20,Highlander,49149.61,4.51,Completed
125334,7,2015-08-21,Prius,37109.04,5.39,Completed
125335,5,2015-08-25,Sienna,44793.85,5.34,Completed
125336,14,2015-08-10,Highlander,74183.47,5.1,Completed
125337,15,2015-08-26,Highlander,65009.9,4.86,Completed
125338,17,2015-08-29,Sienna,42770.39,4.51,Completed
125339,7,2015-08-26,Corolla,32182.24,5.39,Cancelled
125340,14,2015-08-19,Sienna,51055.61,5.1,Completed
125341,3,2015-08-05,Tundra,59788.97,5.69,Completed
125342,13,2015-08-08,Camry,43715.4,5.61,Completed
125343,2,2015-08-08,Camry,31962.2,4.0,Completed
125344,16,2015-08-23,Tacoma,45796.38,6.06,Completed
125345,20,2015-08-29,Camry,40462.32,5.77,Completed
125346,1,2015-08-24,Highlander,65622.9,5.24,Completed
125347,10,2015-08-07,Camry,34458.81,4.88,Pending
125348,3,2015-08-22,Camry,50192.88,5.69,Completed
125349,5,2015-08-22,RAV4,44146.52,5.34,Completed
125350,15,2015-08-15,Tundra,61395.57,4.86,Completed
125351,16,2015-08-26,Prius,35031.41,6.06,Completed
125352,16,2015-08-31,Tacoma,50438.43,6.06,Completed
125353,6,2015-08-04,Tacoma,30787.51,3.86,Completed
125354,11,2015-08-17,Highlander,50282.89,4.16,Completed
125355,5,2015-08-25,RAV4,41419.34,5.34,Completed
125356,16,2015-08-18,Tundra,54529.42,6.06,Completed
125357,6,2015-08-18,Tacoma,37206.13,3.86,Completed
125358,13,2015-08-19,Sienna,57708.74,5.61,Completed
125359,20,2015-08-06,Camry,47409.17,5.77,Completed
125360,13,2015-08-10,Prius,39669.26,5.61,Completed
125361,16,2015-08-13,Camry,46981.27,6.06,Completed
125362,1,2015-08-30,RAV4,42182.98,5.24,Completed
125363,8,2015-08-12,Camry,41782.74,5.84,Completed
125364,8,2015-08-22,Prius,34389.84,5.84,Completed
125365,18,2015-08-19,Highlander,73394.91,5.68,Completed
125366,5,2015-08-24,Highlander,58402.31,5.34,Completed
125367,1,2015-08-09,Corolla,28877.71,5.24,Completed
125368,2,2015-08-11,Prius,27135.1,4.0,Completed
125369,18,2015-08-19,Corolla,31993.59,5.68,Completed
125370,16,2015-08-26,Tundra,58384.18,6.06,Completed
125371,17,2015-08-26,Corolla,21588.58,4.51,Completed
125372,14,2015-08-08,Camry,44931.51,5.1,Completed
125373,3,2015-08-08,Tacoma,49680.63,5.69,Completed
125374,6,2015-08-03,Prius,27402.61,3.86,Completed
125375,18,2015-08-03,Prius,43216.35,5.68,Completed
125376,6,2015-08-26,Corolla,22935.22,3.86,Completed
125377,4,2015-08-22,Camry,33108.28,3.81,Completed
125378,20,2015-08-29,Tundra,53133.2,5.77,Completed
125379,1,2015-08-18,RAV4,46072.94,5.24,Completed
125380,17,2015-08-11,Tundra,40344.29,4.51,Completed
125381,11,2015-08-21,Tundra,45920.2,4.16,Completed
125382,3,2015-08-21,Camry,45653.95,5.69,Completed
125383,15,2015-08-10,Prius,36463.9,4.86,Completed
125384,17,2015-08-01,Camry,30323.56,4.51,Completed
125385,18,2015-08-17,Sienna,64016.97,5.68,Pending
125386,11,2015-08-26,Tacoma,32117.98,4.16,Completed
125387,8,2015-08-08,Tacoma,47305.06,5.84,Completed
125388,3,2015-08-05,RAV4,51165.91,5.69,Completed
125389,14,2015-08-19,Highlander,72101.23,5.1,Completed
125390,17,2015-08-18,Tacoma,30525.37,4.51,Completed
125391,8,2015-08-30,Tundra,60662.47,5.84,Completed
125392,12,2015-08-01,Tacoma,47139.18,5.65,Completed
125393,13,2015-08-21,Prius,42611.2,5.61,Completed
125394,20,2015-08-10,Highlander,66572.41,5.77,Completed
125395,1,2015-08-27,Prius,29610.28,5.24,Completed
125396,8,2015-08-08,Prius,38450.87,5.84,Completed
125397,15,2015-08-12,Highlander,68017.53,4.86,Completed
125398,7,2015-08-16,Prius,38824.43,5.39,Pending
125399,20,2015-08-22,Tacoma,45255.51,5.77,Completed
125400,4,2015-08-31,Highlander,49240.51,3.81,Completed
125401,8,2015-08-07,Highlander,67413.06,5.84,Completed
125402,7,2015-08-12,Highlander,79963.27,5.39,Completed
125403,12,2015-08-08,Highlander,73443.06,5.65,Completed
125404,6,2015-08-19,Sienna,36980.32,3.86,Cancelled
125405,13,2015-08-04,Tacoma,52311.21,5.61,Completed
125406,20,2015-08-27,Camry,42005.69,5.77,Completed
125407,16,2015-08-09,Prius,36707.14,6.06,Completed
125408,12,2015-08-13,Sienna,52645.66,5.65,Completed
125409,7,2015-08-23,Prius,41370.98,5.39,Completed
125410,19,2015-08-18,Camry,40909.09,5.48,Completed
125411,4,2015-08-07,Sienna,37842.96,3.81,Completed
125412,10,2015-08-06,RAV4,36030.04,4.88,Completed
125413,2,2015-08-27,Tundra,45370.62,4.0,Completed
125414,9,2015-08-23,Prius,25721.52,4.4,Completed
125415,8,2015-08-18,Tundra,57255.67,5.84,Completed
125416,13,2015-08-12,Prius,40150.76,5.61,Completed
125417,3,2015-08-10,Tacoma,50249.23,5.69,Completed
125418,10,2015-08-02,Sienna,40900.69,4.88,Completed
125419,14,2015-08-13,Highlander,70774.08,5.1,Completed
125420,9,2015-08-28,RAV4,41515.34,4.4,Completed
125421,3,2015-08-20,Sienna,55557.07,5.69,Completed
125422,3,2015-08-14,Corolla,35513.96,5.69,Completed
125423,20,2015-08-18,Prius,38184.88,5.77,Completed
125424,9,2015-08-04,Corolla,21422.09,4.4,Completed
125425,1,2015-08-18,Camry,40332.94,5.24,Pending
125426,13,2015-08-23,RAV4,57248.78,5.61,Completed
125427,6,2015-08-10,Tundra,39114.48,3.86,Completed
125428,6,2015-08-25,Tacoma,31460.7,3.86,Completed
125429,14,2015-08-03,RAV4,49218.63,5.1,Completed
125430,5,2015-08-13,Camry,39900.36,5.34,Completed
125431,18,2015-08-28,Corolla,35134.06,5.68,Completed
125432,3,2015-08-11,Corolla,31774.88,5.69,Completed
125433,14,2015-08-11,Corolla,28205.97,5.1,Completed
125434,10,2015-08-13,Prius,27036.95,4.88,Completed
125435,17,2015-08-12,Tundra,39494.04,4.51,Completed
125436,15,2015-08-30,Sienna,61042.83,4.86,Completed
125437,3,2015-08-06,RAV4,51142.94,5.69,Completed
125438,10,2015-08-19,Highlander,59513.63,4.88,Completed
125439,19,2015-08-09,Sienna,54032.31,5.48,Completed
125440,17,2015-08-23,Highlander,49387.43,4.51,Completed
125441,10,2015-08-23,Sienna,41188.83,4.88,Completed
125442,4,2015-08-29,Tacoma,32344.55,3.81,Completed
125443,4,2015-08-17,Sienna,36916.35,3.81,Completed
125444,4,2015-08-16,Tacoma,30818.28,3.81,Completed
125445,6,2015-08-24,Camry,31581.92,3.86,Completed
125446,18,2015-08-17,Tundra,65965.65,5.68,Completed
125447,17,2015-08-14,Highlander,53194.91,4.51,Completed
125448,8,2015-08-23,Highlander,72296.07,5.84,Completed
125449,6,2015-08-30,Camry,34630.87,3.86,Completed
125450,10,2015-08-19,RAV4,36832.02,4.88,Completed
125451,4,2015-08-01,Camry,27711.31,3.81,Completed
125452,4,2015-08-02,Tundra,42839.61,3.81,Completed
125453,17,2015-08-24,Camry,31674.58,4.51,Completed
125454,8,2015-08-26,Highlander,73783.79,5.84,Completed
125455,4,2015-08-28,Tundra,39782.28,3.81,Completed
125456,9,2015-08-24,RAV4,36548.69,4.4,Completed
125457,11,2015-08-06,Tundra,42898.47,4.16,Completed
125458,10,2015-08-31,Tacoma,33217.02,4.88,Completed
125459,13,2015-08-01,RAV4,51951.62,5.61,Completed
125460,19,2015-08-10,Prius,30588.49,5.48,Completed
125461,7,2015-08-07,Prius,38022.94,5.39,Completed
125462,11,2015-08-01,Prius,29810.23,4.16,Completed
125463,20,2015-08-21,Sienna,60503.77,5.77,Completed
125464,20,2015-08-03,RAV4,56010.78,5.77,Completed
125465,20,2015-08-20,RAV4,55360.45,5.77,Completed
125466,17,2015-08-16,Tundra,36812.36,4.51,Completed
125467,13,2015-08-27,Highlander,80163.23,5.61,Completed
125468,12,2015-08-07,Tacoma,48659.39,5.65,Completed
125469,19,2015-08-01,Prius,32779.99,5.48,Completed
125470,9,2015-08-23,Tacoma,37102.91,4.4,Completed
125471,10,2015-08-31,Corolla,22377.62,4.88,Completed
125472,6,2015-08-05,Tacoma,36063.35,3.86,Completed
125473,5,2015-08-09,Corolla,27748.68,5.34,Completed
125474,19,2015-08-08,Highlander,58055.18,5.48,Completed
125475,15,2015-08-10,Sienna,52345.53,4.86,Completed
125476,11,2015-08-24,Tundra,39431.18,4.16,Completed
125477,6,2015-08-26,Tacoma,33818.63,3.86,Completed
125478,14,2015-08-06,Highlander,74020.8,5.1,Cancelled
125479,10,2015-08-02,Highlander,50916.94,4.88,Completed
125480,13,2015-08-15,Camry,47433.04,5.61,Completed
125481,10,2015-08-10,Prius,27685.33,4.88,Completed
125482,3,2015-08-15,Prius,38414.36,5.69,Completed
125483,10,2015-08-15,Tundra,42396.02,4.88,Completed
125484,3,2015-08-14,RAV4,56439.17,5.69,Completed
125485,1,2015-08-08,Tundra,49722.94,5.24,Completed
125486,12,2015-08-04,Highlander,75148.5,5.65,Completed
125487,8,2015-08-08,Camry,41161.18,5.84,Completed
125488,10,2015-08-29,Corolla,25857.86,4.88,Cancelled
125489,19,2015-08-20,Highlander,67422.53,5.48,Completed
125490,19,2015-08-17,Tacoma,41169.28,5.48,Completed
125491,12,2015-08-25,RAV4,48997.36,5.65,Completed
125492,2,2015-08-05,Tundra,44638.1,4.0,Completed
125493,19,2015-08-02,Camry,41399.89,5.48,Completed
125494,15,2015-08-07,RAV4,47445.09,4.86,Completed
125495,2,2015-08-21,Prius,31161.88,4.0,Completed
125496,16,2015-08-05,Tacoma,47978.67,6.06,Completed
125497,11,2015-08-07,RAV4,34841.02,4.16,Completed
125498,15,2015-08-09,RAV4,55354.84,4.86,Completed
125499,14,2015-08-29,Camry,43560.83,5.1,Completed
125500,9,2015-08-15,Sienna,38101.97,4.4,Completed
125501,13,2015-08-20,Tundra,55543.05,5.61,Pending
125502,6,2015-08-27,Corolla,23168.31,3.86,Completed
125503,17,2015-08-23,Prius,27226.07,4.51,Completed
125504,16,2015-08-24,Tacoma,44423.16,6.06,Completed
125505,9,2015-08-08,RAV4,35655.28,4.4,Completed
125506,10,2015-08-30,RAV4,37784.83,4.88,Completed
125507,19,2015-08-22,Camry,40262.96,5.48,Completed
125508,9,2015-08-13,Tacoma,35595.63,4.4,Completed
125509,4,2015-08-12,Prius,24537.53,3.81,Completed
125510,20,2015-08-03,RAV4,48515.01,5.77,Completed
125511,1,2015-08-24,Prius,31457.83,5.24,Completed
125512,18,2015-08-14,RAV4,54695.87,5.68,Completed
125513,5,2015-08-26,Tacoma,40189.6,5.34,Completed
125514,16,2015-08-26,Tacoma,47218.21,6.06,Completed
125515,8,2015-08-10,Camry,44420.0,5.84,Completed
125516,7,2015-08-23,Tundra,54683.6,5.39,Completed
125517,19,2015-08-16,RAV4,41395.76,5.48,Completed
125518,15,2015-08-27,Corolla,29303.36,4.86,Completed
125519,2,2015-08-17,Camry,32961.22,4.0,Completed
125520,10,2015-08-20,RAV4,40262.67,4.88,Completed
125521,12,2015-08-29,Tundra,61193.94,5.65,Pending
125522,12,2015-08-10,Sienna,54180.81,5.65,Completed
125523,1,2015-08-16,Camry,34646.51,5.24,Completed
125524,4,2015-08-06,Tundra,36833.37,3.81,Completed
125525,8,2015-08-12,Highlander,72031.86,5.84,Completed
125526,11,2015-08-29,Sienna,41825.57,4.16,Completed
125527,5,2015-08-23,Tacoma,41729.88,5.34,Completed
125528,18,2015-08-21,Prius,42173.58,5.68,Completed
125529,13,2015-08-14,Sienna,55006.25,5.61,Completed
125530,15,2015-08-03,Prius,39249.92,4.86,Completed
125531,2,2015-08-26,Tacoma,37218.62,4.0,Completed
125532,13,2015-08-12,Sienna,55101.29,5.61,Completed
125533,5,2015-08-08,Tundra,51361.05,5.34,Completed
125534,13,2015-08-21,Highlander,72541.82,5.61,Completed
125535,14,2015-08-02,Corolla,33731.01,5.1,Cancelled
125536,1,2015-08-31,RAV4,46944.32,5.24,Completed
125537,17,2015-08-30,Highlander,49808.12,4.51,Completed
125538,3,2015-08-10,Tacoma,48052.53,5.69,Completed
125539,16,2015-08-09,Corolla,33368.91,6.06,Completed
125540,17,2015-08-04,Tacoma,35573.58,4.51,Completed
125541,7,2015-08-31,Highlander,67591.86,5.39,Completed
125542,6,2015-08-03,Sienna,37688.26,3.86,Completed
125543,14,2015-08-07,RAV4,47083.38,5.1,Completed
125544,2,2015-08-29,RAV4,43452.17,4.0,Completed
125545,17,2015-08-01,Corolla,21258.87,4.51,Completed
125546,17,2015-08-04,Prius,23835.05,4.51,Completed
125547,11,2015-08-06,Camry,31619.61,4.16,Completed
125548,17,2015-08-12,Tacoma,33169.3,4.51,Completed
125549,6,2015-08-07,Tacoma,35497.11,3.86,Completed
125550,19,2015-08-21,Prius,30132.52,5.48,Completed
125551,4,2015-08-01,Highlander,47987.54,3.81,Completed
125552,9,2015-08-14,Tacoma,32722.86,4.4,Completed
125553,19,2015-08-12,Camry,35753.21,5.48,Completed
125554,2,2015-08-14,Highlander,57208.77,4.0,Completed
125555,20,2015-08-20,Prius,39425.86,5.77,Completed
125556,10,2015-08-21,Corolla,23510.11,4.88,Cancelled
125557,10,2015-08-06,Corolla,22883.67,4.88,Completed
125558,18,2015-08-06,Corolla,37296.28,5.68,Completed
125559,14,2015-08-30,Camry,41904.98,5.1,Completed
125560,19,2015-08-01,Tacoma,41201.15,5.48,Completed
125561,5,2015-08-05,Sienna,51909.16,5.34,Completed
125562,2,2015-08-26,RAV4,37845.26,4.0,Completed
125563,8,2015-08-11,Highlander,65554.99,5.84,Completed
125564,17,2015-08-29,Sienna,37910.74,4.51,Completed
125565,5,2015-08-14,Highlander,64960.11,5.34,Completed
125566,6,2015-08-06,RAV4,36912.0,3.86,Completed
125567,16,2015-08-13,Camry,47154.32,6.06,Completed
125568,4,2015-08-29,Sienna,39477.9,3.81,Completed
125569,7,2015-08-29,Camry,44740.24,5.39,Completed
125570,18,2015-08-07,RAV4,55425.57,5.68,Completed
125571,2,2015-08-27,RAV4,36393.26,4.0,Completed
125572,17,2015-08-10,Tacoma,32248.08,4.51,Completed
125573,2,2015-08-29,Corolla,24647.66,4.0,Completed
125574,11,2015-08-18,RAV4,38520.09,4.16,Pending
125575,1,2015-08-30,Tacoma,36408.64,5.24,Completed
125576,10,2015-08-31,Tacoma,38689.0,4.88,Completed
125577,9,2015-08-27,Highlander,49783.86,4.4,Completed
125578,10,2015-08-17,Prius,27029.56,4.88,Completed
125579,10,2015-08-19,RAV4,39644.66,4.88,Completed
125580,18,2015-08-21,Tundra,67040.98,5.68,Completed
125581,14,2015-08-02,Camry,45967.65,5.1,Completed
125582,10,2015-08-11,Tundra,45368.52,4.88,Completed
125583,17,2015-08-03,Prius,24189.74,4.51,Completed
125584,9,2015-08-27,Tacoma,35165.05,4.4,Completed
125585,5,2015-08-14,Sienna,46459.19,5.34,Completed
125586,8,2015-08-25,Highlander,76523.38,5.84,Completed
125587,10,2015-08-16,Prius,27245.02,4.88,Completed
125588,18,2015-08-08,Corolla,37661.52,5.68,Completed
125589,4,2015-08-05,Corolla,23405.78,3.81,Completed
125590,1,2015-08-03,Prius,31666.15,5.24,Completed
125591,14,2015-08-29,RAV4,52700.18,5.1,Completed
125592,18,2015-08-23,Camry,47108.68,5.68,Completed
125593,19,2015-08-15,RAV4,46454.82,5.48,Completed
125594,15,2015-08-16,RAV4,53680.14,4.86,Completed
125595,7,2015-08-10,RAV4,51808.07,5.39,Completed
125596,13,2015-08-25,Prius,41441.55,5.61,Completed
125597,11,2015-08-01,Camry,31949.26,4.16,Completed
125598,1,2015-08-04,Highlander,63772.77,5.24,Completed
125599,14,2015-08-22,Tundra,55456.82,5.1,Completed
125600,8,2015-08-14,Tundra,59560.66,5.84,Completed
125601,9,2015-08-18,Highlander,53529.27,4.4,Completed
125602,15,2015-08-31,Prius,34381.93,4.86,Completed
125603,14,2015-08-31,Tundra,54993.13,5.1,Completed
125604,11,2015-08-07,Camry,31664.36,4.16,Completed
125605,1,2015-08-14,Sienna,45983.18,5.24,Completed
125606,20,2015-08-19,Tacoma,45340.39,5.77,Completed
125607,9,2015-08-01,Sienna,37226.71,4.4,Completed
125608,17,2015-08-23,Sienna,38390.47,4.51,Completed
125609,16,2015-08-13,Prius,38494.73,6.06,Completed
125610,2,2015-08-21,Sienna,45098.79,4.0,Completed
125611,11,2015-08-04,Sienna,38085.82,4.16,Completed
125612,13,2015-08-18,Sienna,56908.6,5.61,Completed
125613,4,2015-08-03,RAV4,35204.07,3.81,Completed
125614,6,2015-08-02,Tacoma,33683.14,3.86,Completed
125615,15,2015-08-14,Highlander,71212.83,4.86,Completed
125616,6,2015-08-30,Tundra,41880.38,3.86,Completed
125617,14,2015-08-19,RAV4,47734.59,5.1,Completed
125618,18,2015-08-22,Camry,52476.72,5.68,Completed
125619,4,2015-08-15,Highlander,51906.59,3.81,Completed
125620,2,2015-08-17,Prius,25947.74,4.0,Completed
125621,19,2015-08-20,RAV4,41530.56,5.48,Completed
125622,8,2015-08-26,Tundra,60706.0,5.84,Completed
125623,6,2015-08-22,Sienna,39693.06,3.86,Completed
125624,14,2015-08-23,Corolla,31728.3,5.1,Completed
125625,6,2015-08-11,Prius,28612.13,3.86,Completed
125626,13,2015-08-28,Prius,36502.38,5.61,Completed
125627,1,2015-08-16,Camry,39731.43,5.24,Completed
125628,17,2015-08-19,Tacoma,36742.41,4.51,Completed
125629,12,2015-08-05,Camry,45464.74,5.65,Completed
125630,19,2015-08-16,Sienna,54075.64,5.48,Completed
125631,18,2015-08-10,Corolla,33175.86,5.68,Completed
125632,1,2015-08-22,Tacoma,40892.71,5.24,Completed
125633,18,2015-08-29,Sienna,55752.74,5.68,Completed
125634,7,2015-08-28,Tacoma,53442.82,5.39,Completed
125635,11,2015-08-31,Prius,25577.0,4.16,Completed
125636,13,2015-08-23,Corolla,33355.84,5.61,Completed
125637,17,2015-08-02,Sienna,39605.72,4.51,Completed
125638,18,2015-08-11,RAV4,57731.34,5.68,Completed
125639,3,2015-08-13,RAV4,55393.58,5.69,Completed
125640,13,2015-08-19,Highlander,81656.3,5.61,Completed
125641,12,2015-08-26,Camry,47199.75,5.65,Completed
125642,4,2015-08-16,Sienna,36355.8,3.81,Completed
125643,12,2015-08-03,RAV4,48995.25,5.65,Completed
125644,19,2015-08-19,Prius,34430.82,5.48,Pending
125645,4,2015-08-09,Prius,26957.33,3.81,Completed
125646,11,2015-08-14,Camry,29381.14,4.16,Completed
125647,18,2015-08-22,RAV4,51279.37,5.68,Completed
125648,8,2015-08-31,Sienna,51644.13,5.84,Completed
125649,15,2015-08-25,Sienna,52231.12,4.86,Completed
125650,20,2015-08-22,Prius,36967.6,5.77,Completed
125651,6,2015-08-26,Camry,28573.97,3.86,Completed
125652,19,2015-08-31,Camry,41543.02,5.48,Completed
125653,8,2015-08-16,Corolla,34039.68,5.84,Completed
125654,12,2015-08-16,Tacoma,49636.75,5.65,Cancelled
125655,20,2015-08-25,RAV4,48102.46,5.77,Completed
125656,19,2015-08-01,Tacoma,44970.97,5.48,Completed
125657,12,2015-08-29,RAV4,50386.96,5.65,Completed
125658,9,2015-08-25,RAV4,37004.53,4.4,Pending
125659,15,2015-08-30,Sienna,56808.27,4.86,Completed
125660,4,2015-08-22,Tundra,42113.19,3.81,Completed
125661,15,2015-08-30,Corolla,31966.04,4.86,Completed
125662,9,2015-08-27,Prius,29323.45,4.4,Completed
125663,16,2015-08-27,Tacoma,53638.4,6.06,Completed
125664,11,2015-08-07,Highlander,56898.87,4.16,Pending
125665,3,2015-08-10,Tundra,54702.41,5.69,Completed
125666,4,2015-08-13,RAV4,34852.72,3.81,Completed
125667,3,2015-08-03,Tacoma,49206.6,5.69,Completed
125668,13,2015-08-02,Highlander,78576.01,5.61,Completed
125669,4,2015-08-04,Highlander,50736.16,3.81,Completed
125670,14,2015-08-28,Tacoma,42997.59,5.1,Completed
125671,4,2015-08-23,Sienna,38852.99,3.81,Completed
125672,6,2015-08-21,Prius,28869.83,3.86,Completed
125673,3,2015-08-31,Corolla,34877.52,5.69,Completed
125674,5,2015-08-24,RAV4,43274.14,5.34,Completed
125675,17,2015-08-12,Tacoma,33504.91,4.51,Completed
125676,8,2015-08-18,Highlander,73993.67,5.84,Completed
125677,8,2015-08-24,Tacoma,46167.1,5.84,Completed
125678,18,2015-08-25,RAV4,50723.75,5.68,Completed
125679,15,2015-08-08,Tacoma,49078.97,4.86,Completed
125680,11,2015-08-27,Highlander,56536.72,4.16,Pending
125681,8,2015-08-04,Prius,34724.81,5.84,Completed
125682,19,2015-08-22,Sienna,52035.99,5.48,Completed
125683,7,2015-08-01,Corolla,33868.72,5.39,Completed
125684,6,2015-08-17,Tacoma,36865.66,3.86,Completed
125685,2,2015-08-25,Highlander,60461.76,4.0,Completed
125686,16,2015-08-13,Tacoma,50340.96,6.06,Completed
125687,14,2015-08-02,Camry,46268.47,5.1,Completed
125688,17,2015-08-14,RAV4,36151.22,4.51,Completed
125689,5,2015-08-15,Camry,40537.32,5.34,Completed
125690,16,2015-08-24,Highlander,77680.48,6.06,Completed
125691,16,2015-08-16,Tundra,57469.95,6.06,Completed
125692,16,2015-08-03,RAV4,58649.1,6.06,Completed
125693,6,2015-08-16,RAV4,34064.05,3.86,Completed
125694,13,2015-08-23,Highlander,75727.86,5.61,Completed
125695,14,2015-08-29,Corolla,32036.7,5.1,Completed
125696,7,2015-08-29,Camry,41140.6,5.39,Completed
125697,9,2015-08-23,Corolla,24038.85,4.4,Completed
125698,6,2015-08-30,Tacoma,31945.18,3.86,Completed
125699,6,2015-08-12,Camry,31552.11,3.86,Completed
125700,20,2015-08-24,RAV4,49891.31,5.77,Completed
125701,6,2015-08-16,Sienna,42795.2,3.86,Completed
125702,3,2015-08-17,Tacoma,51195.52,5.69,Completed
125703,10,2015-08-07,RAV4,41648.15,4.88,Completed
125704,7,2015-08-28,Tacoma,52965.96,5.39,Completed
125705,18,2015-08-17,RAV4,61537.93,5.68,Completed
125706,9,2015-08-30,Prius,24521.94,4.4,Completed
125707,20,2015-08-13,Sienna,56725.91,5.77,Completed
125708,5,2015-08-18,Prius,28824.7,5.34,Completed
125709,2,2015-08-22,Camry,32208.25,4.0,Pending
125710,16,2015-08-19,Tacoma,49418.58,6.06,Completed
125711,7,2015-08-22,Highlander,77488.41,5.39,Completed
125712,2,2015-08-10,Highlander,52958.08,4.0,Completed
125713,6,2015-08-23,Camry,31228.87,3.86,Completed
125714,17,2015-08-26,Tundra,41418.03,4.51,Completed
125715,9,2015-08-27,RAV4,34437.63,4.4,Completed
125716,3,2015-08-10,Tacoma,48055.75,5.69,Completed
125717,8,2015-08-28,Highlander,67549.92,5.84,Completed
125718,4,2015-08-20,Sienna,39461.54,3.81,Completed
125719,7,2015-08-10,Highlander,69392.75,5.39,Completed
125720,20,2015-08-21,Tacoma,43660.84,5.77,Completed
125721,12,2015-08-05,RAV4,54924.3,5.65,Completed
125722,5,2015-08-30,Highlander,56725.66,5.34,Completed
125723,6,2015-08-29,Corolla,21747.15,3.86,Completed
125724,5,2015-08-13,Tacoma,40233.52,5.34,Completed
125725,14,2015-08-01,Prius,35391.51,5.1,Completed
125726,2,2015-08-13,Camry,31662.33,4.0,Completed
125727,1,2015-08-19,Tundra,44604.95,5.24,Completed
125728,14,2015-08-01,Tacoma,43856.3,5.1,Completed
125729,16,2015-08-15,Camry,46155.49,6.06,Completed
125730,1,2015-08-11,RAV4,42993.7,5.24,Completed
125731,5,2015-08-30,RAV4,42330.44,5.34,Completed
125732,15,2015-08-04,Sienna,51331.55,4.86,Completed
125733,13,2015-08-21,Highlander,74223.04,5.61,Completed
125734,12,2015-08-04,Tundra,54771.06,5.65,Completed
125735,5,2015-08-22,Highlander,63659.72,5.34,Completed
125736,7,2015-08-18,Prius,39349.77,5.39,Completed
125737,18,2015-08-28,Highlander,71173.12,5.68,Completed
125738,15,2015-08-30,Corolla,29729.99,4.86,Completed
125739,12,2015-08-17,Corolla,29486.05,5.65,Completed
125740,19,2015-08-27,Corolla,28723.88,5.48,Completed
125741,5,2015-08-09,Corolla,26319.19,5.34,Completed
125742,9,2015-08-02,Tacoma,33332.78,4.4,Completed
125743,17,2015-08-24,Corolla,22363.6,4.51,Completed
125744,4,2015-08-14,Corolla,24378.04,3.81,Completed
125745,1,2015-08-09,Tacoma,36326.39,5.24,Completed
125746,7,2015-08-30,Sienna,56775.57,5.39,Completed
125747,19,2015-08-21,RAV4,49875.48,5.48,Completed
125748,14,2015-08-30,Tacoma,46673.81,5.1,Completed
125749,1,2015-08-01,Sienna,46862.41,5.24,Completed
125750,13,2015-08-08,RAV4,58098.75,5.61,Completed
125751,10,2015-08-25,Prius,25214.93,4.88,Completed
125752,7,2015-08-22,Camry,42351.18,5.39,Completed
125753,7,2015-08-15,Tacoma,51307.08,5.39,Completed
125754,4,2015-08-15,RAV4,37310.47,3.81,Completed
125755,7,2015-08-14,Tacoma,52809.6,5.39,Completed
125756,5,2015-08-21,Tundra,53101.63,5.34,Completed
125757,16,2015-08-02,Highlander,71487.25,6.06,Completed
125758,2,2015-08-10,Corolla,22629.46,4.0,Completed
125759,17,2015-08-09,Corolla,22902.13,4.51,Completed
125760,11,2015-08-10,Prius,27773.79,4.16,Completed
125761,3,2015-08-31,Prius,39479.85,5.69,Completed
125762,6,2015-08-23,Sienna,43707.69,3.86,Completed
125763,16,2015-08-08,Corolla,35592.37,6.06,Completed
125764,3,2015-08-13,Tundra,65108.74,5.69,Completed
125765,4,2015-08-13,Camry,33334.56,3.81,Completed
125766,12,2015-08-30,RAV4,52475.36,5.65,Completed
125767,4,2015-08-04,Tundra,36881.96,3.81,Completed
125768,18,2015-08-22,Highlander,72040.01,5.68,Completed
125769,1,2015-08-27,Prius,32054.64,5.24,Completed
125770,6,2015-08-15,Camry,28692.14,3.86,Completed
125771,8,2015-08-11,RAV4,55247.64,5.84,Completed
125772,18,2015-08-12,Corolla,34752.9,5.68,Completed
125773,19,2015-08-05,Tundra,49601.07,5.48,Completed
125774,18,2015-08-13,RAV4,54432.73,5.68,Completed
125775,4,2015-08-29,Tacoma,31899.72,3.81,Completed
125776,6,2015-08-15,Camry,33580.41,3.86,Completed
125777,4,2015-08-01,Tundra,36360.81,3.81,Completed
125778,20,2015-08-27,Sienna,60572.14,5.77,Completed
125779,20,2015-08-22,Corolla,30402.74,5.77,Completed
125780,12,2015-08-09,Sienna,50814.1,5.65,Completed
125781,19,2015-08-26,Highlander,58597.1,5.48,Completed
125782,7,2015-08-13,RAV4,54970.11,5.39,Completed
125783,13,2015-08-09,Highlander,79328.59,5.61,Completed
125784,8,2015-08-18,Tundra,51731.4,5.84,Completed
125785,19,2015-08-03,Camry,39961.97,5.48,Completed
125786,16,2015-08-09,RAV4,54019.52,6.06,Completed
125787,5,2015-08-27,Tacoma,41506.0,5.34,Pending
125788,17,2015-08-12,Prius,25436.33,4.51,Completed
125789,12,2015-08-22,Tacoma,44764.5,5.65,Completed
125790,6,2015-08-27,Sienna,44230.54,3.86,Completed
125791,9,2015-08-25,Camry,32377.5,4.4,Completed
125792,2,2015-08-16,Camry,37443.3,4.0,Completed
125793,17,2015-08-15,Prius,28324.18,4.51,Cancelled
125794,2,2015-08-29,Sienna,39927.93,4.0,Completed
125795,10,2015-08-26,Tundra,39894.13,4.88,Completed
125796,9,2015-08-12,Highlander,50668.26,4.4,Completed
125797,16,2015-08-27,Highlander,75197.6,6.06,Completed
125798,1,2015-08-08,Camry,39311.23,5.24,Completed
125799,3,2015-08-06,Prius,39440.09,5.69,Completed
125800,18,2015-08-21,RAV4,55020.9,5.68,Completed
125801,15,2015-08-08,Corolla,32948.33,4.86,Completed
125802,20,2015-08-18,Highlander,68806.9,5.77,Completed
125803,2,2015-08-01,Prius,25933.19,4.0,Completed
125804,8,2015-08-14,Corolla,34597.27,5.84,Completed
125805,20,2015-08-28,Highlander,73119.04,5.77,Completed
125806,9,2015-08-20,Prius,26860.83,4.4,Completed
125807,1,2015-08-03,RAV4,43818.42,5.24,Completed
125808,15,2015-08-23,Tacoma,50564.49,4.86,Completed
125809,20,2015-08-31,Corolla,29823.96,5.77,Completed
125810,13,2015-08-24,Corolla,32138.3,5.61,Completed
125811,19,2015-08-04,RAV4,45616.87,5.48,Completed
125812,8,2015-08-26,Highlander,68936.74,5.84,Completed
125813,10,2015-08-02,Highlander,57410.42,4.88,Completed
125814,9,2015-08-11,Tundra,45294.64,4.4,Completed
125815,4,2015-08-30,RAV4,35818.75,3.81,Completed
125816,12,2015-08-24,Sienna,57316.82,5.65,Completed
125817,12,2015-08-08,RAV4,48335.46,5.65,Completed
125818,16,2015-08-04,Tundra,55844.53,6.06,Completed
125819,13,2015-08-26,Highlander,79170.94,5.61,Completed
125820,8,2015-08-31,RAV4,50933.82,5.84,Completed
125821,19,2015-08-26,RAV4,45474.57,5.48,Completed
125822,19,2015-08-12,Tundra,47779.55,5.48,Completed
125823,4,2015-08-29,Sienna,42638.74,3.81,Pending
125824,16,2015-08-01,Prius,34866.3,6.06,Completed
125825,10,2015-08-13,Corolla,26865.0,4.88,Completed
125826,8,2015-08-02,RAV4,52292.43,5.84,Completed
125827,8,2015-08-04,Camry,42144.86,5.84,Completed
125828,11,2015-08-02,Highlander,55629.47,4.16,Completed
125829,2,2015-08-20,Tundra,42422.65,4.0,Completed
125830,8,2015-08-29,Tacoma,45578.04,5.84,Completed
125831,15,2015-08-24,Camry,44692.45,4.86,Completed
125832,2,2015-08-10,Camry,33799.54,4.0,Pending
125833,11,2015-08-03,RAV4,35270.07,4.16,Completed
125834,17,2015-08-30,Corolla,21947.15,4.51,Completed
125835,13,2015-08-18,Corolla,30719.19,5.61,Completed
125836,10,2015-08-14,Tacoma,39282.14,4.88,Completed
125837,4,2015-08-07,Corolla,21610.37,3.81,Completed
125838,19,2015-08-07,Tacoma,43134.82,5.48,Completed
125839,15,2015-08-25,RAV4,54514.73,4.86,Completed
125840,2,2015-08-08,Camry,35184.45,4.0,Completed
125841,11,2015-08-08,Highlander,54046.28,4.16,Completed
125842,8,2015-08-12,Tundra,51532.15,5.84,Completed
125843,1,2015-08-19,Tacoma,44172.07,5.24,Completed
125844,9,2015-08-30,Sienna,39292.15,4.4,Completed
125845,16,2015-08-07,Sienna,53827.89,6.06,Completed
125846,11,2015-08-29,Highlander,58498.9,4.16,Pending
125847,18,2015-08-07,Tacoma,51260.18,5.68,Cancelled
125848,12,2015-08-29,Corolla,30769.19,5.65,Completed
125849,2,2015-08-29,Corolla,26927.06,4.0,Completed
125850,3,2015-08-17,Camry,43520.05,5.69,Cancelled
125851,4,2015-08-24,Tundra,38762.03,3.81,Completed
125852,12,2015-08-20,Tacoma,44521.59,5.65,Completed
125853,7,2015-08-25,Sienna,63777.11,5.39,Completed
125854,17,2015-08-08,Sienna,42009.28,4.51,Completed
125855,10,2015-08-22,Tundra,42054.14,4.88,Completed
125856,15,2015-08-23,Prius,35069.24,4.86,Completed
125857,15,2015-08-11,Tundra,57865.59,4.86,Completed
125858,9,2015-08-12,Corolla,24266.65,4.4,Completed
125859,18,2015-08-15,Tundra,56942.21,5.68,Completed
125860,1,2015-08-01,Highlander,58693.6,5.24,Completed
125861,7,2015-08-11,Corolla,30880.92,5.39,Completed
125862,4,2015-08-07,RAV4,38006.04,3.81,Completed
125863,3,2015-08-23,Tacoma,49925.88,5.69,Pending
125864,17,2015-08-29,Tacoma,32023.8,4.51,Completed
125865,4,2015-08-16,Tacoma,35750.97,3.81,Completed
125866,3,2015-08-15,RAV4,53278.59,5.69,Completed
125867,20,2015-08-26,Prius,40945.73,5.77,Completed
125868,19,2015-08-31,Sienna,49667.43,5.48,Completed
125869,4,2015-08-28,Prius,25263.8,3.81,Completed
125870,7,2015-08-05,Camry,41194.45,5.39,Completed
125871,3,2015-08-21,Sienna,59440.38,5.69,Completed
125872,19,2015-08-01,Tundra,45752.09,5.48,Completed
125873,14,2015-08-03,Corolla,32809.75,5.1,Completed
125874,15,2015-08-30,Tacoma,43027.6,4.86,Completed
125875,9,2015-08-19,Highlander,49348.73,4.4,Completed
125876,19,2015-08-10,RAV4,46576.78,5.48,Pending
125877,6,2015-08-07,Highlander,50469.51,3.86,Completed
125878,3,2015-08-11,Camry,49806.36,5.69,Completed
125879,7,2015-08-13,Tacoma,53164.79,5.39,Completed
125880,17,2015-08-08,RAV4,33473.72,4.51,Completed
125881,3,2015-08-23,Corolla,32830.91,5.69,Completed
125882,10,2015-08-28,Highlander,53675.64,4.88,Completed
125883,12,2015-08-23,Tacoma,49687.53,5.65,Completed
125884,5,2015-08-14,Prius,31723.41,5.34,Completed
125885,5,2015-08-14,Corolla,27601.77,5.34,Completed
125886,2,2015-08-30,Highlander,60092.6,4.0,Completed
125887,1,2015-08-16,Highlander,57799.79,5.24,Completed
125888,18,2015-08-08,Corolla,32794.3,5.68,Completed
125889,19,2015-08-25,Sienna,54226.31,5.48,Completed
125890,20,2015-08-11,Corolla,34915.66,5.77,Completed
125891,9,2015-08-18,Prius,25959.26,4.4,Completed
125892,4,2015-08-30,Corolla,21051.38,3.81,Completed
125893,13,2015-08-10,Tacoma,52883.43,5.61,Completed
125894,7,2015-08-28,Camry,41303.74,5.39,Completed
125895,17,2015-08-13,Highlander,46437.89,4.51,Completed
125896,19,2015-08-20,Highlander,64960.29,5.48,Completed
125897,18,2015-08-02,Tacoma,49371.57,5.68,Completed
125898,5,2015-08-13,RAV4,41568.11,5.34,Completed
125899,9,2015-08-31,Tacoma,36089.63,4.4,Completed
125900,10,2015-08-08,Prius,30056.8,4.88,Completed
125901,2,2015-08-06,Prius,26172.73,4.0,Completed
125902,18,2015-08-21,Corolla,35320.68,5.68,Completed
125903,16,2015-08-08,Tacoma,49952.7,6.06,Completed
125904,10,2015-08-19,Prius,28516.9,4.88,Completed
125905,18,2015-08-17,Tundra,61772.32,5.68,Completed
125906,13,2015-08-20,Tacoma,51122.44,5.61,Completed
125907,11,2015-08-27,Tacoma,36290.43,4.16,Completed
125908,18,2015-08-29,Corolla,34706.26,5.68,Completed
125909,10,2015-08-19,Tundra,44110.24,4.88,Completed
125910,1,2015-08-02,Tundra,49341.31,5.24,Completed
125911,16,2015-08-18,Sienna,61442.01,6.06,Completed
125912,2,2015-08-27,Corolla,26831.59,4.0,Completed
125913,18,2015-08-28,Corolla,33810.92,5.68,Completed
125914,9,2015-08-25,RAV4,39472.9,4.4,Completed
125915,12,2015-08-13,Tundra,55217.25,5.65,Completed
125916,18,2015-08-06,Camry,46764.94,5.68,Completed
125917,1,2015-08-04,Highlander,66663.34,5.24,Completed
125918,4,2015-08-09,Highlander,47099.07,3.81,Completed
125919,15,2015-08-23,RAV4,54906.47,4.86,Completed
125920,16,2015-08-03,Highlander,68250.55,6.06,Completed
125921,20,2015-08-06,Prius,35082.84,5.77,Completed
125922,13,2015-08-03,Sienna,54032.33,5.61,Completed
125923,20,2015-08-15,Corolla,30680.65,5.77,Completed
125924,3,2015-08-14,Highlander,68378.25,5.69,Completed
125925,5,2015-08-07,RAV4,44267.39,5.34,Completed
125926,12,2015-08-19,Prius,35147.42,5.65,Completed
125927,11,2015-08-26,Prius,29567.72,4.16,Completed
125928,2,2015-08-10,RAV4,40384.29,4.0,Completed
125929,6,2015-08-14,Prius,24686.31,3.86,Completed
125930,16,2015-08-20,Tacoma,44675.49,6.06,Completed
125931,15,2015-08-15,Tundra,53792.19,4.86,Completed
125932,1,2015-08-13,Highlander,59946.02,5.24,Completed
125933,20,2015-08-20,Camry,44651.73,5.77,Completed
125934,19,2015-08-10,Sienna,49249.27,5.48,Completed
125935,7,2015-08-07,Prius,40680.67,5.39,Completed
125936,10,2015-08-25,RAV4,41637.77,4.88,Completed
125937,2,2015-08-19,Prius,29862.97,4.0,Pending
125938,20,2015-08-31,Tundra,54960.69,5.77,Completed
125939,8,2015-08-10,Highlander,72321.31,5.84,Completed
125940,7,2015-08-26,Corolla,36361.5,5.39,Completed
125941,10,2015-08-25,Prius,29181.56,4.88,Completed
125942,18,2015-08-16,RAV4,58097.7,5.68,Completed
125943,17,2015-08-20,Camry,28939.84,4.51,Completed
125944,13,2015-08-29,Highlander,75578.55,5.61,Completed
125945,10,2015-08-25,Camry,32339.07,4.88,Completed
125946,9,2015-08-30,Highlander,47728.03,4.4,Completed
125947,14,2015-08-12,Camry,44750.94,5.1,Completed
125948,8,2015-08-04,Tacoma,47412.33,5.84,Completed
125949,20,2015-08-11,RAV4,57646.45,5.77,Completed
125950,10,2015-08-23,Tundra,42025.72,4.88,Completed
125951,19,2015-08-09,Tacoma,41879.3,5.48,Completed
125952,14,2015-08-04,Highlander,69694.61,5.1,Completed
125953,15,2015-08-31,Prius,33278.28,4.86,Completed
125954,2,2015-08-19,Camry,33340.9,4.0,Completed
125955,1,2015-08-27,Camry,36618.94,5.24,Completed
125956,17,2015-08-22,Sienna,38871.57,4.51,Completed
125957,5,2015-08-27,Tundra,49192.22,5.34,Completed
125958,9,2015-08-11,Prius,25297.76,4.4,Completed
125959,12,2015-08-16,RAV4,56453.85,5.65,Completed
125960,14,2015-08-13,Sienna,51934.83,5.1,Completed
125961,19,2015-08-14,Sienna,48373.86,5.48,Completed
125962,10,2015-08-13,Sienna,38545.09,4.88,Completed
125963,8,2015-08-08,Prius,34737.86,5.84,Completed
125964,6,2015-08-28,Tundra,37665.56,3.86,Completed
125965,17,2015-08-12,Corolla,23329.57,4.51,Completed
125966,11,2015-08-19,RAV4,40564.74,4.16,Completed
125967,3,2015-08-30,RAV4,59631.07,5.69,Completed
125968,13,2015-08-18,Tundra,63387.71,5.61,Completed
125969,14,2015-08-26,Corolla,30234.97,5.1,Completed
125970,2,2015-08-31,Camry,32670.39,4.0,Pending
125971,18,2015-08-23,Tacoma,48073.94,5.68,Completed
125972,3,2015-08-16,Tacoma,52869.47,5.69,Completed
125973,7,2015-08-21,RAV4,51493.32,5.39,Completed
125974,12,2015-08-12,RAV4,55300.8,5.65,Completed
125975,6,2015-08-17,Tundra,37677.62,3.86,Completed
125976,4,2015-08-10,Tundra,40954.18,3.81,Completed
125977,20,2015-08-04,Camry,40629.82,5.77,Completed
125978,6,2015-08-11,Camry,33011.81,3.86,Completed
125979,18,2015-08-29,Sienna,61541.6,5.68,Completed
125980,12,2015-08-29,Camry,44885.34,5.65,Completed
125981,6,2015-08-08,Highlander,49372.23,3.86,Completed
125982,4,2015-08-24,Corolla,20996.04,3.81,Completed
125983,12,2015-08-26,RAV4,48828.17,5.65,Completed
125984,15,2015-08-10,Tacoma,47521.65,4.86,Completed
125985,4,2015-08-24,Tundra,41800.51,3.81,Completed
125986,10,2015-08-16,Highlander,53698.63,4.88,Completed
125987,12,2015-08-21,Prius,34211.57,5.65,Completed
125988,2,2015-08-13,Camry,35782.16,4.0,Completed
125989,5,2015-08-26,Highlander,64782.07,5.34,Completed
125990,1,2015-08-05,Highlander,56535.31,5.24,Completed
125991,11,2015-08-12,Prius,27970.4,4.16,Completed
125992,20,2015-08-23,RAV4,51884.04,5.77,Completed
125993,13,2015-08-11,RAV4,52857.33,5.61,Completed
125994,2,2015-08-28,RAV4,37203.42,4.0,Completed
125995,3,2015-08-22,Camry,46545.19,5.69,Completed
125996,2,2015-08-16,Sienna,47562.69,4.0,Completed
125997,2,2015-08-25,Prius,28425.64,4.0,Completed
125998,8,2015-08-30,Sienna,52385.25,5.84,Completed
125999,2,2015-08-16,Highlander,58414.64,4.0,Completed
126000,3,2015-08-02,Prius,41130.58,5.69,Completed
126001,10,2015-08-21,Corolla,25595.53,4.88,Completed
126002,12,2015-08-07,Tacoma,43890.17,5.65,Completed
126003,18,2015-08-30,Prius,38154.08,5.68,Completed
126004,20,2015-08-10,Prius,35295.95,5.77,Completed
126005,8,2015-08-15,Highlander,73305.7,5.84,Completed
126006,1,2015-08-15,Sienna,47682.32,5.24,Completed
126007,15,2015-08-30,Highlander,66758.71,4.86,Completed
126008,9,2015-08-23,Prius,25524.77,4.4,Cancelled
126009,4,2015-08-29,Highlander,50616.2,3.81,Completed
126010,4,2015-08-15,Corolla,21011.75,3.81,Completed
126011,19,2015-08-30,Corolla,26529.74,5.48,Completed
126012,13,2015-08-28,Prius,37741.68,5.61,Completed
126013,12,2015-08-18,RAV4,54543.16,5.65,Completed
126014,13,2015-08-09,Tacoma,51547.57,5.61,Completed
126015,19,2015-08-11,Corolla,29831.42,5.48,Completed
126016,4,2015-08-11,Prius,27168.58,3.81,Completed
126017,2,2015-08-25,RAV4,39594.87,4.0,Completed
126018,1,2015-08-31,RAV4,45020.34,5.24,Completed
126019,11,2015-08-17,Corolla,22926.47,4.16,Completed
126020,3,2015-08-15,Sienna,61758.18,5.69,Completed
126021,19,2015-08-09,Tacoma,38158.04,5.48,Completed
126022,17,2015-08-18,Sienna,36833.32,4.51,Completed
126023,13,2015-08-17,Prius,39999.23,5.61,Completed
126024,6,2015-08-28,Tundra,40668.4,3.86,Completed
126025,1,2015-08-08,Tacoma,43222.77,5.24,Completed
126026,19,2015-08-20,Corolla,28561.94,5.48,Completed
126027,11,2015-08-31,RAV4,38352.13,4.16,Completed
126028,2,2015-08-08,Corolla,25860.59,4.0,Completed
126029,14,2015-08-09,Highlander,66811.58,5.1,Completed
126030,3,2015-08-07,RAV4,57399.17,5.69,Completed
126031,3,2015-08-05,RAV4,55108.44,5.69,Completed
126032,6,2015-08-26,Tundra,42788.36,3.86,Completed
126033,2,2015-08-13,Prius,26468.75,4.0,Completed
126034,20,2015-08-24,Prius,38713.29,5.77,Completed
126035,3,2015-08-31,Camry,49029.59,5.69,Completed
126036,12,2015-08-27,Tacoma,51195.38,5.65,Completed
126037,14,2015-08-24,Highlander,75982.52,5.1,Completed
126038,15,2015-08-17,Tundra,51290.34,4.86,Completed
126039,8,2015-08-22,Tacoma,47473.79,5.84,Completed
126040,16,2015-08-19,Sienna,58802.13,6.06,Completed
126041,5,2015-08-07,Tundra,49671.47,5.34,Completed
126042,18,2015-08-30,Camry,45890.73,5.68,Completed
126043,14,2015-08-10,Camry,43122.75,5.1,Completed
126044,11,2015-08-29,Highlander,51195.81,4.16,Completed
126045,19,2015-08-09,Highlander,61918.72,5.48,Completed
126046,20,2015-08-18,Prius,38616.1,5.77,Completed
126047,11,2015-08-10,RAV4,38315.06,4.16,Completed
126048,18,2015-08-26,Highlander,82855.79,5.68,Completed
126049,3,2015-08-21,Tacoma,46691.93,5.69,Completed
126050,13,2015-08-25,Corolla,31457.13,5.61,Completed
126051,18,2015-08-23,Corolla,38133.22,5.68,Completed
126052,6,2015-08-26,Sienna,38916.25,3.86,Completed
126053,15,2015-08-24,Prius,39664.8,4.86,Completed
126054,12,2015-08-13,Tacoma,50247.49,5.65,Completed
126055,20,2015-08-24,Tundra,59856.11,5.77,Completed
126056,11,2015-08-06,Corolla,24217.97,4.16,Completed
126057,16,2015-08-19,RAV4,54779.29,6.06,Completed
126058,13,2015-08-13,Camry,49476.54,5.61,Completed
126059,12,2015-08-01,Prius,36961.19,5.65,Completed
126060,8,2015-08-17,Corolla,30712.98,5.84,Completed
126061,14,2015-08-09,Prius,36693.38,5.1,Completed
126062,16,2015-08-31,Tacoma,53619.85,6.06,Completed
126063,18,2015-08-28,Corolla,32605.01,5.68,Completed
126064,15,2015-08-05,Camry,41862.56,4.86,Completed
126065,9,2015-08-29,Corolla,25542.39,4.4,Completed
126066,20,2015-08-04,Sienna,58636.53,5.77,Completed
126067,3,2015-08-01,Tacoma,46219.11,5.69,Completed
126068,15,2015-08-04,Sienna,51659.55,4.86,Completed
126069,1,2015-08-27,Camry,37312.67,5.24,Completed
126070,3,2015-08-02,Sienna,62021.66,5.69,Completed
126071,16,2015-08-26,Tacoma,47303.34,6.06,Completed
126072,11,2015-08-04,Corolla,23548.88,4.16,Completed
126073,17,2015-08-16,RAV4,39821.4,4.51,Completed
126074,9,2015-08-16,Tacoma,35419.29,4.4,Completed
126075,19,2015-08-12,Prius,30472.54,5.48,Completed
126076,2,2015-08-11,Tacoma,37441.7,4.0,Completed
126077,13,2015-08-24,Tacoma,54258.58,5.61,Completed
126078,15,2015-08-10,Tundra,61853.75,4.86,Completed
126079,1,2015-08-18,Tacoma,42970.91,5.24,Completed
126080,20,2015-08-20,RAV4,54886.62,5.77,Completed
126081,16,2015-08-21,Corolla,35624.02,6.06,Completed
126082,7,2015-08-02,Highlander,75418.69,5.39,Completed
126083,4,2015-08-26,Prius,24639.96,3.81,Cancelled
126084,4,2015-08-04,Camry,31039.25,3.81,Completed
126085,20,2015-08-17,Sienna,58599.14,5.77,Completed
126086,19,2015-08-22,Corolla,30885.42,5.48,Completed
126087,4,2015-08-02,Prius,26921.93,3.81,Completed
126088,16,2015-08-09,Prius,41110.56,6.06,Completed
126089,5,2015-08-07,RAV4,45543.18,5.34,Completed
126090,4,2015-08-22,Sienna,39318.61,3.81,Completed
126091,12,2015-08-31,Prius,36998.25,5.65,Completed
126092,14,2015-08-12,Tundra,56334.51,5.1,Completed
126093,13,2015-08-28,Highlander,75846.48,5.61,Completed
126094,15,2015-08-07,Corolla,30208.36,4.86,Completed
126095,3,2015-08-01,Sienna,57536.49,5.69,Completed
126096,17,2015-08-19,Tacoma,30772.67,4.51,Completed
126097,4,2015-08-29,Camry,28185.01,3.81,Completed
126098,16,2015-08-22,Highlander,73015.72,6.06,Completed
126099,10,2015-08-01,RAV4,36976.0,4.88,Completed
126100,18,2015-08-16,Tacoma,52508.56,5.68,Completed
126101,20,2015-08-22,Corolla,35629.03,5.77,Completed
126102,9,2015-08-25,Tundra,38321.54,4.4,Completed
126103,16,2015-08-17,Sienna,62347.91,6.06,Completed
126104,6,2015-08-17,Prius,26645.99,3.86,Completed
126105,17,2015-08-05,Highlander,48354.93,4.51,Completed
126106,8,2015-08-05,Camry,47578.26,5.84,Completed
126107,15,2015-08-08,Corolla,29460.18,4.86,Completed
126108,1,2015-08-06,Corolla,29219.29,5.24,Completed
126109,14,2015-08-03,Corolla,31474.01,5.1,Completed
126110,9,2015-08-07,Corolla,23453.47,4.4,Cancelled
126111,7,2015-08-25,Tundra,55988.88,5.39,Completed
126112,20,2015-08-15,Tundra,55673.51,5.77,Completed
126113,14,2015-08-13,Camry,41156.37,5.1,Completed
126114,17,2015-08-06,Highlander,50489.4,4.51,Completed
126115,11,2015-08-17,Sienna,37592.28,4.16,Completed
126116,19,2015-08-26,RAV4,48868.02,5.48,Completed
126117,7,2015-08-18,Corolla,32039.95,5.39,Completed
126118,14,2015-08-06,Camry,42986.8,5.1,Completed
126119,12,2015-08-28,Tundra,58973.28,5.65,Completed
126120,12,2015-08-04,Tacoma,47875.04,5.65,Completed
126121,17,2015-08-10,Prius,26518.87,4.51,Completed
126122,4,2015-08-10,Tundra,38486.94,3.81,Completed
126123,13,2015-08-18,Highlander,71482.18,5.61,Completed
126124,2,2015-08-02,Prius,25610.69,4.0,Pending
126125,6,2015-08-13,Highlander,55168.57,3.86,Completed
126126,12,2015-08-08,Prius,39419.76,5.65,Completed
126127,16,2015-08-19,Camry,50155.95,6.06,Completed
126128,2,2015-08-18,Tacoma,39691.26,4.0,Completed
126129,14,2015-08-02,Sienna,50905.88,5.1,Completed
126130,8,2015-08-02,Tacoma,43517.5,5.84,Completed
126131,18,2015-08-28,Tundra,66948.75,5.68,Completed
126132,17,2015-08-02,RAV4,37944.09,4.51,Completed
126133,11,2015-08-09,Tundra,43564.41,4.16,Completed
126134,16,2015-08-20,RAV4,58503.05,6.06,Completed
126135,19,2015-08-06,Camry,38461.79,5.48,Completed
126136,2,2015-08-27,RAV4,35904.17,4.0,Completed
126137,17,2015-08-24,Prius,26687.21,4.51,Completed
126138,3,2015-08-01,Corolla,33931.8,5.69,Completed
126139,16,2015-08-31,Tacoma,54143.9,6.06,Completed
126140,7,2015-08-04,Prius,40182.97,5.39,Completed
126141,13,2015-08-23,Tacoma,46568.96,5.61,Completed
126142,12,2015-08-14,Prius,33294.28,5.65,Completed
126143,3,2015-08-02,Corolla,35751.41,5.69,Cancelled
126144,2,2015-08-27,Tacoma,39705.6,4.0,Completed
126145,2,2015-08-28,Prius,28498.09,4.0,Completed
126146,18,2015-08-15,Tacoma,48418.14,5.68,Completed
126147,13,2015-08-20,Prius,36617.68,5.61,Completed
126148,11,2015-08-17,RAV4,36588.16,4.16,Completed
126149,19,2015-08-19,Corolla,29765.11,5.48,Completed
126150,20,2015-08-29,Sienna,54936.39,5.77,Completed
126151,16,2015-08-03,RAV4,57351.71,6.06,Completed
126152,17,2015-08-29,Camry,29784.03,4.51,Completed
126153,6,2015-08-29,Corolla,24662.97,3.86,Completed
126154,10,2015-08-28,Tundra,41054.27,4.88,Completed
126155,19,2015-08-05,Corolla,30698.21,5.48,Completed
126156,4,2015-08-03,Highlander,54576.48,3.81,Completed
126157,6,2015-08-04,Highlander,47184.01,3.86,Completed
126158,15,2015-08-12,Camry,44856.2,4.86,Completed
126159,9,2015-08-31,Prius,29402.29,4.4,Completed
126160,6,2015-08-04,Prius,27765.86,3.86,Completed
126161,11,2015-08-27,Prius,24681.11,4.16,Completed
126162,13,2015-08-20,Highlander,82604.98,5.61,Completed
126163,18,2015-08-13,Sienna,55960.09,5.68,Completed
126164,20,2015-08-30,Prius,34029.52,5.77,Completed
126165,8,2015-08-31,Prius,37650.94,5.84,Completed
126166,2,2015-08-13,Corolla,25456.98,4.0,Completed
126167,16,2015-08-26,Tacoma,51307.66,6.06,Completed
126168,4,2015-08-07,Tacoma,31535.42,3.81,Completed
126169,17,2015-08-23,Highlander,53417.09,4.51,Completed
126170,19,2015-08-02,Corolla,28725.44,5.48,Completed
126171,19,2015-08-13,Corolla,31171.74,5.48,Completed
126172,4,2015-08-08,Corolla,21063.33,3.81,Completed
126173,10,2015-08-31,Corolla,25235.21,4.88,Completed
126174,18,2015-08-29,Prius,38885.14,5.68,Completed
126175,16,2015-08-10,Tundra,62633.64,6.06,Completed
126176,2,2015-08-08,Prius,27743.63,4.0,Completed
126177,7,2015-08-29,Tundra,53358.83,5.39,Completed
126178,10,2015-08-20,Camry,36207.17,4.88,Completed
126179,16,2015-08-19,Highlander,77474.87,6.06,Completed
126180,6,2015-08-19,Highlander,53617.9,3.86,Completed
126181,19,2015-08-08,Camry,41215.24,5.48,Completed
126182,8,2015-08-05,Corolla,34535.15,5.84,Completed
126183,2,2015-08-31,Highlander,50419.1,4.0,Completed
126184,14,2015-08-02,Corolla,30326.53,5.1,Completed
126185,7,2015-08-07,Corolla,36089.94,5.39,Pending
126186,16,2015-08-31,Camry,46502.44,6.06,Completed
126187,13,2015-08-09,Tundra,64596.75,5.61,Completed
126188,19,2015-08-15,Corolla,27820.86,5.48,Completed
126189,6,2015-08-03,Tundra,36890.13,3.86,Completed
126190,14,2015-08-18,Camry,44582.25,5.1,Completed
126191,4,2015-08-11,Corolla,21445.96,3.81,Completed
126192,18,2015-08-16,Sienna,63602.86,5.68,Completed
126193,4,2015-08-13,Sienna,35619.85,3.81,Completed
126194,17,2015-08-31,Tacoma,34215.48,4.51,Completed
126195,9,2015-08-12,Camry,33816.74,4.4,Completed
126196,10,2015-08-12,Corolla,26161.44,4.88,Completed
126197,15,2015-08-06,Tundra,52717.82,4.86,Completed
126198,8,2015-08-09,Prius,37413.79,5.84,Completed
126199,9,2015-08-30,Sienna,44824.73,4.4,Completed
126200,13,2015-08-05,Prius,40583.55,5.61,Completed
126201,12,2015-08-08,Tundra,56195.38,5.65,Completed
126202,19,2015-08-02,Highlander,63526.74,5.48,Completed
126203,15,2015-08-06,Sienna,61890.45,4.86,Completed
126204,7,2015-08-22,Corolla,30199.51,5.39,Completed
126205,18,2015-08-08,Camry,52037.06,5.68,Completed
126206,9,2015-08-11,Tacoma,35743.73,4.4,Pending
126207,13,2015-08-14,RAV4,57878.79,5.61,Completed
126208,13,2015-08-27,Prius,38418.34,5.61,Completed
126209,3,2015-08-04,Highlander,78192.71,5.69,Completed
126210,17,2015-08-27,Corolla,22370.51,4.51,Completed
126211,3,2015-08-16,Camry,48211.09,5.69,Completed
126212,14,2015-08-22,Tacoma,46586.14,5.1,Completed
126213,19,2015-08-19,Tundra,51823.82,5.48,Completed
126214,2,2015-08-18,Prius,27176.85,4.0,Completed
126215,8,2015-08-14,Sienna,57331.27,5.84,Completed
126216,3,2015-08-29,Tundra,59033.68,5.69,Completed
126217,4,2015-08-09,Corolla,24292.83,3.81,Completed
126218,4,2015-08-28,Tacoma,31803.23,3.81,Completed
126219,2,2015-08-25,Tundra,46757.57,4.0,Completed
126220,3,2015-08-24,Prius,34909.91,5.69,Completed
126221,10,2015-08-06,Tacoma,36478.26,4.88,Completed
126222,14,2015-08-14,Sienna,59789.42,5.1,Completed
126223,9,2015-08-24,Corolla,26027.31,4.4,Completed
126224,2,2015-08-29,Tacoma,35306.48,4.0,Completed
126225,4,2015-08-20,Corolla,21706.3,3.81,Completed
126226,9,2015-08-02,Sienna,39652.02,4.4,Completed
126227,7,2015-08-04,Highlander,80046.28,5.39,Completed
126228,8,2015-08-08,Sienna,53466.54,5.84,Completed
126229,15,2015-08-04,Prius,36380.22,4.86,Completed
126230,9,2015-08-08,Tacoma,35716.32,4.4,Completed
126231,8,2015-08-13,Tacoma,52066.56,5.84,Completed
126232,6,2015-08-31,Highlander,48494.48,3.86,Completed
126233,15,2015-08-31,Tacoma,50884.31,4.86,Completed
126234,15,2015-08-26,Prius,37316.81,4.86,Completed
126235,8,2015-08-13,Tacoma,46707.74,5.84,Completed
126236,4,2015-08-08,Tundra,42909.5,3.81,Completed
126237,12,2015-08-23,Tacoma,50741.71,5.65,Completed
126238,18,2015-08-30,Sienna,61529.47,5.68,Completed
126239,7,2015-08-17,Tacoma,44469.02,5.39,Completed
126240,9,2015-08-07,Sienna,43857.75,4.4,Completed
126241,2,2015-08-04,Camry,32509.29,4.0,Completed
126242,12,2015-08-21,Corolla,35030.97,5.65,Completed
126243,8,2015-08-25,Highlander,73467.88,5.84,Completed
126244,18,2015-08-22,Tundra,56773.14,5.68,Completed
126245,17,2015-08-01,Corolla,25126.77,4.51,Completed
126246,5,2015-08-08,RAV4,46195.59,5.34,Completed
126247,11,2015-08-15,Tundra,39922.53,4.16,Completed
126248,8,2015-08-28,RAV4,51459.94,5.84,Completed
126249,9,2015-08-25,Tacoma,35042.38,4.4,Completed
126250,1,2015-08-10,Camry,36036.43,5.24,Completed
126251,3,2015-08-21,Sienna,59428.53,5.69,Completed
126252,13,2015-08-16,Prius,37098.14,5.61,Completed
126253,5,2015-08-20,RAV4,44958.66,5.34,Completed
126254,17,2015-08-24,Prius,24091.88,4.51,Completed
126255,1,2015-08-15,Camry,34964.56,5.24,Completed
126256,17,2015-08-28,Highlander,46290.31,4.51,Completed
126257,9,2015-08-11,RAV4,41230.61,4.4,Completed
126258,17,2015-08-04,Prius,23545.48,4.51,Completed
126259,5,2015-08-28,Tacoma,37655.83,5.34,Completed
126260,8,2015-08-30,Prius,36298.03,5.84,Completed
126261,16,2015-08-21,Corolla,36253.18,6.06,Completed
126262,4,2015-08-06,Prius,25522.74,3.81,Completed
126263,14,2015-08-15,Tundra,59047.73,5.1,Completed
126264,18,2015-08-15,Highlander,74363.21,5.68,Completed
126265,7,2015-08-06,Tundra,61228.03,5.39,Completed
126266,13,2015-08-09,Tacoma,48874.97,5.61,Completed
126267,9,2015-08-28,RAV4,35710.46,4.4,Completed
126268,6,2015-08-16,RAV4,35152.87,3.86,Completed
126269,15,2015-08-02,Tundra,53425.72,4.86,Completed
126270,2,2015-08-20,Highlander,57989.0,4.0,Completed
126271,5,2015-08-29,Corolla,29621.2,5.34,Completed
126272,8,2015-08-06,Highlander,66115.9,5.84,Completed
126273,1,2015-08-31,Camry,39423.12,5.24,Completed
126274,3,2015-08-02,Camry,49982.93,5.69,Completed
126275,10,2015-08-08,Corolla,25097.15,4.88,Completed
126276,2,2015-08-16,RAV4,41550.81,4.0,Completed
126277,14,2015-08-26,Highlander,75395.96,5.1,Completed
126278,14,2015-08-20,Camry,45520.85,5.1,Completed
126279,11,2015-08-13,Prius,28186.4,4.16,Completed
126280,9,2015-08-15,Sienna,43691.07,4.4,Completed
126281,10,2015-08-26,Highlander,52172.57,4.88,Completed
126282,8,2015-08-10,Prius,35419.59,5.84,Completed
126283,9,2015-08-20,Camry,35332.34,4.4,Completed
126284,14,2015-08-24,Camry,42303.33,5.1,Completed
126285,13,2015-08-13,Tundra,57305.69,5.61,Completed
126286,11,2015-08-07,Camry,34725.62,4.16,Completed
126287,1,2015-08-12,RAV4,42949.35,5.24,Completed
126288,20,2015-08-16,Highlander,69491.13,5.77,Pending
126289,12,2015-08-02,RAV4,50319.95,5.65,Completed
126290,18,2015-08-11,Tacoma,55434.29,5.68,Completed
126291,1,2015-08-25,RAV4,42194.5,5.24,Completed
126292,8,2015-08-07,Sienna,55832.51,5.84,Completed
126293,20,2015-08-25,Sienna,59300.62,5.77,Completed
126294,2,2015-08-25,RAV4,40535.64,4.0,Completed
126295,20,2015-08-20,Sienna,57123.09,5.77,Completed
126296,8,2015-08-10,Highlander,67163.62,5.84,Cancelled
126297,14,2015-08-16,Camry,44508.12,5.1,Completed
126298,15,2015-08-02,Highlander,67320.48,4.86,Completed
126299,7,2015-08-26,Highlander,66954.49,5.39,Completed
126300,1,2015-08-11,RAV4,47038.16,5.24,Completed
126301,14,2015-08-14,Corolla,30056.06,5.1,Completed
126302,9,2015-08-24,Tacoma,34729.41,4.4,Completed
126303,17,2015-08-28,Highlander,48604.09,4.51,Completed
126304,2,2015-08-14,Tundra,40945.79,4.0,Completed
126305,12,2015-08-07,Prius,33887.14,5.65,Completed
126306,15,2015-08-08,Corolla,31000.22,4.86,Completed
126307,1,2015-08-23,Prius,32720.79,5.24,Completed
126308,13,2015-08-04,RAV4,51395.35,5.61,Completed
126309,20,2015-08-10,Highlander,65928.0,5.77,Completed
126310,6,2015-08-19,RAV4,39783.0,3.86,Completed
126311,19,2015-08-09,Corolla,31214.96,5.48,Completed
126312,10,2015-08-28,RAV4,37710.74,4.88,Completed
126313,12,2015-08-01,Prius,39732.91,5.65,Completed
126314,17,2015-08-20,RAV4,34896.09,4.51,Completed
126315,17,2015-08-10,Tacoma,31330.19,4.51,Completed
126316,16,2015-08-13,Prius,39861.7,6.06,Completed
126317,10,2015-08-26,Sienna,41509.21,4.88,Completed
126318,7,2015-08-20,Corolla,32410.55,5.39,Completed
126319,6,2015-08-17,Tundra,36604.12,3.86,Completed
126320,14,2015-08-21,Highlander,68787.21,5.1,Completed
126321,8,2015-08-03,Tundra,54118.63,5.84,Completed
126322,6,2015-08-02,Corolla,23145.31,3.86,Completed
126323,5,2015-08-16,RAV4,48106.87,5.34,Completed
126324,17,2015-08-05,Tacoma,35567.34,4.51,Completed
126325,2,2015-08-11,Prius,26537.38,4.0,Completed
126326,19,2015-08-31,Sienna,47217.39,5.48,Completed
126327,2,2015-08-12,Prius,26149.69,4.0,Completed
126328,13,2015-08-15,Sienna,55639.38,5.61,Completed
126329,11,2015-08-12,Highlander,57455.73,4.16,Completed
126330,9,2015-08-12,Tacoma,33674.42,4.4,Completed
126331,10,2015-08-05,Corolla,22641.64,4.88,Completed
126332,8,2015-08-29,Highlander,71944.74,5.84,Completed
126333,19,2015-08-15,Highlander,67794.91,5.48,Pending
126334,15,2015-08-15,Sienna,58542.12,4.86,Completed
126335,19,2015-08-18,Corolla,27724.38,5.48,Completed
126336,18,2015-08-05,Tundra,58634.65,5.68,Completed
126337,7,2015-08-19,Corolla,32000.47,5.39,Completed
126338,9,2015-08-20,Corolla,25661.35,4.4,Completed
126339,16,2015-08-06,Corolla,32457.46,6.06,Completed
126340,18,2015-08-09,Highlander,84513.83,5.68,Completed
126341,11,2015-08-23,Camry,31842.8,4.16,Completed
126342,8,2015-08-03,RAV4,49791.94,5.84,Completed
126343,3,2015-08-03,Sienna,65063.48,5.69,Completed
126344,19,2015-08-06,Highlander,62358.76,5.48,Completed
126345,11,2015-08-16,Sienna,38752.27,4.16,Pending
126346,5,2015-08-18,Sienna,47272.62,5.34,Completed
126347,15,2015-08-23,Tundra,61077.9,4.86,Completed
126348,2,2015-08-07,Camry,33695.97,4.0,Completed
126349,13,2015-08-16,Sienna,61194.89,5.61,Completed
126350,20,2015-08-08,Highlander,72821.42,5.77,Completed
126351,15,2015-08-17,Camry,44223.15,4.86,Pending
126352,7,2015-08-11,Tacoma,50403.53,5.39,Completed
126353,6,2015-08-05,Tacoma,35515.38,3.86,Completed
126354,6,2015-08-25,Prius,25143.82,3.86,Completed
126355,1,2015-08-20,Prius,31429.5,5.24,Completed
126356,3,2015-08-10,Highlander,72614.77,5.69,Completed
126357,3,2015-08-14,Corolla,36862.96,5.69,Completed
126358,15,2015-08-28,Camry,48318.39,4.86,Completed
126359,10,2015-08-15,Tundra,40604.86,4.88,Completed
126360,11,2015-08-06,Camry,32484.17,4.16,Completed
126361,10,2015-08-23,Highlander,53138.89,4.88,Completed
126362,3,2015-08-17,Tacoma,51462.68,5.69,Completed
126363,8,2015-08-19,Highlander,78907.44,5.84,Completed
126364,18,2015-08-13,Corolla,33484.91,5.68,Completed
126365,13,2015-08-09,Tundra,65352.18,5.61,Completed
126366,2,2015-08-29,Prius,30214.55,4.0,Completed
126367,11,2015-08-21,Corolla,22976.89,4.16,Completed
126368,12,2015-08-15,Camry,44184.37,5.65,Completed
126369,18,2015-08-10,Prius,43147.5,5.68,Completed
126370,10,2015-08-06,Camry,33002.4,4.88,Completed
126371,19,2015-08-21,Tacoma,41976.91,5.48,Completed
126372,2,2015-08-03,Tacoma,35137.78,4.0,Completed
126373,4,2015-08-30,Prius,23395.61,3.81,Completed
126374,16,2015-08-15,Prius,39650.91,6.06,Completed
126375,17,2015-08-02,Prius,28443.08,4.51,Completed
126376,8,2015-08-24,RAV4,53158.81,5.84,Completed
126377,9,2015-08-11,Tundra,38615.16,4.4,Completed
126378,7,2015-08-18,RAV4,48218.1,5.39,Completed
126379,13,2015-08-23,Tacoma,47732.33,5.61,Pending
126380,19,2015-08-11,Sienna,45714.72,5.48,Completed
126381,7,2015-08-31,RAV4,50652.43,5.39,Completed
126382,4,2015-08-02,Tundra,40065.12,3.81,Completed
126383,1,2015-08-10,Highlander,65518.11,5.24,Completed
126384,9,2015-08-18,Tundra,39746.05,4.4,Completed
126385,19,2015-08-02,Camry,39296.58,5.48,Completed
126386,19,2015-08-06,Tacoma,40429.94,5.48,Completed
126387,14,2015-08-04,Highlander,66569.7,5.1,Completed
126388,9,2015-08-10,Highlander,47573.95,4.4,Completed
126389,9,2015-08-20,Corolla,25310.31,4.4,Completed
126390,10,2015-08-10,Camry,31813.34,4.88,Completed
126391,9,2015-08-04,Prius,24956.68,4.4,Completed
126392,4,2015-08-21,Prius,26137.71,3.81,Completed
126393,4,2015-08-21,Tacoma,32258.21,3.81,Completed
126394,18,2015-08-31,Corolla,34909.4,5.68,Completed
126395,19,2015-08-12,Corolla,30290.25,5.48,Completed
126396,9,2015-08-25,Prius,26819.07,4.4,Completed
126397,8,2015-08-10,Highlander,69781.06,5.84,Cancelled
126398,16,2015-08-27,Highlander,71150.37,6.06,Completed
126399,7,2015-08-13,Highlander,74908.57,5.39,Completed
126400,10,2015-08-12,Sienna,45346.99,4.88,Completed
126401,2,2015-08-18,Sienna,45372.34,4.0,Completed
126402,6,2015-08-03,Prius,27959.9,3.86,Pending
126403,17,2015-08-17,Sienna,40669.62,4.51,Completed
126404,5,2015-08-03,RAV4,46836.21,5.34,Completed
126405,16,2015-08-27,Sienna,62278.52,6.06,Completed
126406,8,2015-08-06,Highlander,77524.81,5.84,Completed
126407,4,2015-08-10,RAV4,34524.8,3.81,Completed
126408,3,2015-08-11,Highlander,82549.25,5.69,Completed
126409,7,2015-08-26,Camry,46324.78,5.39,Completed
126410,6,2015-08-07,Corolla,24513.78,3.86,Completed
126411,3,2015-08-24,Corolla,34902.66,5.69,Completed
126412,11,2015-08-27,Corolla,24516.82,4.16,Completed
126413,16,2015-08-05,Tundra,58707.9,6.06,Completed
126414,13,2015-08-19,Highlander,75133.33,5.61,Completed
126415,9,2015-08-02,Corolla,25589.3,4.4,Completed
126416,16,2015-08-28,Highlander,69979.72,6.06,Completed
126417,14,2015-08-22,Tundra,52970.52,5.1,Completed
126418,18,2015-08-05,Highlander,81883.35,5.68,Completed
126419,6,2015-08-04,Prius,24238.68,3.86,Completed
126420,19,2015-08-25,Prius,32929.68,5.48,Completed
126421,16,2015-08-06,Sienna,59566.41,6.06,Completed
126422,12,2015-08-30,Sienna,57398.62,5.65,Completed
126423,3,2015-08-06,Tacoma,53006.87,5.69,Completed
126424,7,2015-08-19,Camry,45135.05,5.39,Completed
126425,10,2015-08-12,Tacoma,35800.6,4.88,Completed
126426,14,2015-08-28,RAV4,48294.45,5.1,Completed
126427,8,2015-08-26,Camry,45261.06,5.84,Completed
126428,11,2015-08-14,Camry,34381.89,4.16,Completed
126429,15,2015-08-25,Highlander,74330.43,4.86,Completed
126430,10,2015-08-13,Prius,30353.01,4.88,Completed
126431,2,2015-08-28,Sienna,44995.59,4.0,Completed
126432,6,2015-08-30,Camry,31835.99,3.86,Completed
126433,16,2015-08-28,Highlander,71909.46,6.06,Completed
126434,7,2015-08-05,Prius,36402.8,5.39,Completed
126435,18,2015-08-22,Prius,39167.92,5.68,Completed
126436,5,2015-08-08,RAV4,44388.89,5.34,Completed
126437,5,2015-08-22,Sienna,44332.18,5.34,Completed
126438,8,2015-08-02,Prius,34871.19,5.84,Completed
126439,15,2015-08-07,RAV4,50487.99,4.86,Completed
126440,1,2015-08-13,Highlander,64233.08,5.24,Cancelled
126441,16,2015-08-21,Prius,36840.91,6.06,Completed
126442,2,2015-08-13,Highlander,52743.21,4.0,Completed
126443,13,2015-08-13,Corolla,33348.27,5.61,Completed
126444,4,2015-08-19,Prius,26713.23,3.81,Pending
126445,15,2015-08-25,RAV4,50005.81,4.86,Completed
126446,19,2015-08-15,RAV4,47036.6,5.48,Completed
126447,6,2015-08-25,Corolla,22935.81,3.86,Completed
126448,18,2015-08-30,Tacoma,51568.66,5.68,Completed
126449,13,2015-08-25,RAV4,50531.4,5.61,Completed
126450,2,2015-08-03,Corolla,22908.5,4.0,Completed
126451,6,2015-08-04,RAV4,35942.05,3.86,Completed
126452,6,2015-08-10,Sienna,38368.78,3.86,Cancelled
126453,15,2015-08-12,Prius,35834.3,4.86,Completed
126454,10,2015-08-25,Corolla,23733.72,4.88,Completed
126455,13,2015-08-12,Tacoma,50165.47,5.61,Completed
126456,4,2015-08-09,Tundra,39014.8,3.81,Completed
126457,1,2015-08-18,Highlander,56173.0,5.24,Completed
126458,20,2015-08-07,Prius,38920.7,5.77,Completed
126459,1,2015-08-27,Tacoma,41105.19,5.24,Completed
126460,3,2015-08-25,Prius,40385.58,5.69,Completed
126461,16,2015-08-04,Camry,43956.81,6.06,Completed
126462,10,2015-08-17,Camry,30691.69,4.88,Completed
126463,3,2015-08-08,RAV4,49861.82,5.69,Completed
126464,19,2015-08-29,RAV4,42212.4,5.48,Completed
126465,8,2015-08-15,Highlander,67613.38,5.84,Completed
126466,6,2015-08-12,Camry,32813.74,3.86,Completed
126467,5,2015-08-07,Sienna,50059.61,5.34,Completed
126468,9,2015-08-11,Tacoma,33036.68,4.4,Completed
126469,9,2015-08-28,Corolla,24210.83,4.4,Completed
126470,14,2015-08-15,RAV4,47849.26,5.1,Completed
126471,19,2015-08-18,Tacoma,42508.94,5.48,Completed
126472,12,2015-08-30,Prius,34648.92,5.65,Completed
126473,8,2015-08-13,Corolla,29416.29,5.84,Completed
126474,7,2015-08-20,Sienna,58817.82,5.39,Completed
126475,11,2015-08-25,Corolla,23980.92,4.16,Completed
126476,15,2015-08-10,Camry,43993.29,4.86,Completed
126477,8,2015-08-23,Sienna,58704.23,5.84,Completed
126478,9,2015-08-15,RAV4,38523.9,4.4,Completed
126479,4,2015-08-17,Tundra,43274.59,3.81,Completed
126480,11,2015-08-22,Camry,35393.78,4.16,Completed
126481,6,2015-08-01,Corolla,23027.85,3.86,Completed
126482,6,2015-08-25,Tundra,44074.48,3.86,Completed
126483,20,2015-08-14,Sienna,52054.21,5.77,Completed
126484,11,2015-08-14,Tacoma,33732.1,4.16,Completed
126485,18,2015-08-06,Prius,40856.95,5.68,Completed
126486,15,2015-08-26,Prius,39463.03,4.86,Completed
126487,16,2015-08-15,Corolla,34489.43,6.06,Completed
126488,12,2015-08-10,Sienna,61722.06,5.65,Completed
126489,4,2015-08-26,Highlander,45433.19,3.81,Completed
126490,10,2015-08-05,Corolla,23725.47,4.88,Completed
126491,15,2015-08-07,RAV4,50227.08,4.86,Completed
126492,20,2015-08-09,RAV4,53567.16,5.77,Completed
126493,20,2015-08-31,Tacoma,53128.78,5.77,Completed
126494,2,2015-08-26,Tacoma,33499.93,4.0,Completed
126495,1,2015-08-11,Tacoma,36793.88,5.24,Completed
126496,12,2015-08-04,Prius,35300.0,5.65,Completed
126497,11,2015-08-28,Tundra,39430.59,4.16,Completed
126498,10,2015-08-03,RAV4,39766.35,4.88,Completed
126499,18,2015-08-12,Prius,38743.07,5.68,Completed
126500,4,2015-08-11,Highlander,48774.44,3.81,Pending
126501,3,2015-08-30,RAV4,55508.34,5.69,Completed
126502,3,2015-08-04,RAV4,57976.68,5.69,Completed
126503,15,2015-08-10,Sienna,61110.32,4.86,Completed
126504,16,2015-08-21,RAV4,53269.37,6.06,Completed
126505,5,2015-08-19,Tacoma,39031.77,5.34,Completed
126506,12,2015-08-19,Corolla,32236.85,5.65,Completed
126507,12,2015-08-14,Sienna,61002.07,5.65,Completed
126508,9,2015-08-23,Tacoma,36106.94,4.4,Completed
126509,6,2015-08-15,RAV4,37511.12,3.86,Completed
126510,20,2015-08-31,Tundra,55632.47,5.77,Completed
126511,19,2015-08-21,RAV4,47062.31,5.48,Completed
126512,7,2015-08-23,Tundra,63681.15,5.39,Completed
126513,11,2015-08-15,Corolla,24206.07,4.16,Completed
126514,4,2015-08-07,Prius,25107.1,3.81,Completed
126515,1,2015-08-11,RAV4,42677.76,5.24,Completed
126516,9,2015-08-01,Highlander,55591.02,4.4,Completed
126517,15,2015-08-26,Tacoma,47179.27,4.86,Completed
126518,11,2015-08-28,Corolla,24359.65,4.16,Completed
126519,10,2015-08-15,Tundra,45337.16,4.88,Completed
126520,12,2015-08-03,Tacoma,49443.99,5.65,Pending
126521,10,2015-08-21,RAV4,41703.06,4.88,Completed
126522,15,2015-08-15,Tacoma,45782.66,4.86,Completed
126523,13,2015-08-12,Highlander,70074.62,5.61,Completed
126524,16,2015-08-19,Tacoma,49097.72,6.06,Completed
126525,8,2015-08-17,Tundra,56265.66,5.84,Completed
126526,13,2015-08-04,Highlander,71622.91,5.61,Cancelled
126527,6,2015-08-28,Highlander,52565.22,3.86,Completed
126528,8,2015-08-01,Tacoma,51404.1,5.84,Completed
126529,10,2015-08-25,Tacoma,38900.55,4.88,Completed
126530,7,2015-08-24,Tacoma,49869.41,5.39,Completed
126531,19,2015-08-07,Prius,29966.73,5.48,Completed
126532,6,2015-08-29,Prius,24041.82,3.86,Completed
126533,3,2015-08-09,Tundra,64228.9,5.69,Completed
126534,12,2015-08-03,Highlander,73184.73,5.65,Completed
126535,11,2015-08-14,Tacoma,36452.71,4.16,Completed
126536,17,2015-08-29,Camry,28877.44,4.51,Completed
126537,15,2015-08-30,Highlander,68889.32,4.86,Completed
126538,10,2015-08-09,Prius,26904.76,4.88,Completed
126539,9,2015-08-08,RAV4,40839.34,4.4,Completed
126540,6,2015-08-24,Highlander,46467.42,3.86,Completed
126541,19,2015-08-27,Sienna,44861.75,5.48,Completed
126542,1,2015-08-28,Tacoma,42009.3,5.24,Completed
126543,7,2015-08-14,RAV4,47811.93,5.39,Completed
126544,3,2015-08-15,Sienna,60558.24,5.69,Completed
126545,12,2015-08-19,RAV4,50333.93,5.65,Completed
126546,6,2015-08-10,Prius,26252.78,3.86,Completed
126547,15,2015-08-29,Highlander,75058.5,4.86,Completed
126548,17,2015-08-11,Prius,28047.32,4.51,Completed
126549,11,2015-08-25,Camry,31497.56,4.16,Completed
126550,8,2015-08-02,RAV4,49186.35,5.84,Completed
126551,7,2015-08-31,Tacoma,44649.43,5.39,Completed
126552,17,2015-08-13,RAV4,39059.92,4.51,Completed
126553,8,2015-08-08,Camry,42536.71,5.84,Completed
126554,2,2015-08-02,Camry,37238.14,4.0,Completed
126555,2,2015-08-15,Camry,36969.08,4.0,Completed
126556,6,2015-08-20,Tundra,44215.99,3.86,Completed
126557,16,2015-08-11,RAV4,53491.1,6.06,Completed
126558,6,2015-08-23,RAV4,34775.96,3.86,Completed
126559,1,2015-08-29,Tundra,43949.25,5.24,Completed
126560,14,2015-08-28,Tacoma,48021.57,5.1,Completed
126561,5,2015-08-15,RAV4,47544.78,5.34,Completed
126562,18,2015-08-30,Sienna,59732.16,5.68,Completed
126563,3,2015-08-28,Tundra,59657.05,5.69,Completed
126564,4,2015-08-17,RAV4,32473.72,3.81,Completed
126565,13,2015-08-04,Camry,45255.16,5.61,Completed
126566,17,2015-08-11,Highlander,48647.06,4.51,Completed
126567,12,2015-08-03,Tundra,61908.92,5.65,Completed
126568,11,2015-08-09,Corolla,24028.19,4.16,Completed
126569,4,2015-08-09,Prius,27154.78,3.81,Completed
126570,19,2015-08-13,Corolla,29502.76,5.48,Completed
126571,7,2015-08-05,Sienna,57874.4,5.39,Completed
126572,4,2015-08-25,Camry,30526.72,3.81,Completed
126573,18,2015-08-29,Camry,48392.03,5.68,Completed
126574,18,2015-08-14,Tacoma,50368.27,5.68,Completed
126575,9,2015-08-11,Prius,26113.72,4.4,Completed
126576,19,2015-08-05,Tacoma,40727.83,5.48,Completed
126577,14,2015-08-30,Camry,45840.37,5.1,Completed
126578,1,2015-08-06,Sienna,43485.44,5.24,Completed
126579,17,2015-08-08,Tacoma,36784.29,4.51,Completed
126580,1,2015-08-08,Highlander,59108.59,5.24,Completed
126581,5,2015-08-05,RAV4,45045.65,5.34,Completed
126582,19,2015-08-04,Corolla,29320.24,5.48,Completed
126583,12,2015-08-24,Prius,39320.64,5.65,Completed
126584,14,2015-08-13,Highlander,67619.99,5.1,Completed
126585,13,2015-08-01,Highlander,81955.92,5.61,Completed
126586,4,2015-08-15,Tacoma,31854.8,3.81,Completed
126587,2,2015-08-27,Camry,35719.5,4.0,Completed
126588,11,2015-08-08,Sienna,37584.61,4.16,Completed
126589,18,2015-08-21,Highlander,76582.31,5.68,Pending
126590,17,2015-08-11,Sienna,40136.29,4.51,Completed
126591,8,2015-08-09,Tundra,52007.76,5.84,Completed
126592,15,2015-08-12,Sienna,54410.91,4.86,Completed
126593,1,2015-08-12,Sienna,49495.41,5.24,Completed
126594,20,2015-08-28,Corolla,35973.73,5.77,Completed
126595,4,2015-08-12,Camry,30110.98,3.81,Completed
126596,6,2015-08-18,Sienna,37413.17,3.86,Completed
126597,10,2015-08-26,Tacoma,34154.7,4.88,Completed
126598,10,2015-08-01,Prius,28243.41,4.88,Completed
126599,12,2015-08-23,RAV4,55753.08,5.65,Completed
126600,7,2015-08-20,RAV4,53766.16,5.39,Completed
126601,13,2015-08-01,Tacoma,46140.36,5.61,Completed
126602,5,2015-08-26,Corolla,25721.82,5.34,Completed
126603,18,2015-08-03,Prius,40510.88,5.68,Completed
126604,13,2015-08-16,Corolla,33687.37,5.61,Completed
126605,4,2015-08-18,Tacoma,34793.2,3.81,Completed
126606,15,2015-08-03,Tacoma,44025.03,4.86,Completed
126607,1,2015-08-02,Tacoma,38808.91,5.24,Completed
126608,13,2015-08-17,Corolla,32572.36,5.61,Completed
126609,8,2015-08-10,Tundra,54911.95,5.84,Completed
126610,1,2015-08-14,RAV4,42737.92,5.24,Completed
126611,18,2015-08-16,Sienna,58068.65,5.68,Completed
126612,17,2015-08-05,Highlander,53341.55,4.51,Completed
126613,15,2015-08-16,Corolla,30084.81,4.86,Completed
126614,2,2015-08-20,Highlander,58380.62,4.0,Completed
126615,12,2015-08-25,Prius,36735.06,5.65,Completed
126616,15,2015-08-15,Tacoma,45927.18,4.86,Completed
126617,13,2015-08-03,Corolla,31435.12,5.61,Completed
126618,18,2015-08-07,Tundra,64292.11,5.68,Completed
126619,16,2015-08-23,Tundra,60577.3,6.06,Completed
126620,8,2015-08-06,Tundra,53802.12,5.84,Completed
126621,12,2015-08-22,Sienna,60015.18,5.65,Completed
126622,20,2015-08-31,Highlander,71385.65,5.77,Completed
126623,4,2015-08-19,Tacoma,34487.82,3.81,Completed
126624,7,2015-08-07,Highlander,74534.49,5.39,Completed
126625,5,2015-08-22,Corolla,28742.97,5.34,Completed
126626,9,2015-08-09,Prius,24794.7,4.4,Completed
126627,9,2015-08-21,Prius,26906.4,4.4,Completed
126628,1,2015-08-29,Tundra,47988.64,5.24,Completed
126629,11,2015-08-05,Tundra,45842.59,4.16,Completed
126630,17,2015-08-08,RAV4,40005.4,4.51,Completed
126631,10,2015-08-20,Prius,28273.37,4.88,Completed
126632,9,2015-08-13,RAV4,35930.68,4.4,Completed
126633,6,2015-08-28,Corolla,21711.34,3.86,Completed
126634,9,2015-08-13,Prius,24771.79,4.4,Completed
126635,20,2015-08-22,Tundra,61651.39,5.77,Completed
126636,13,2015-08-06,Corolla,34379.09,5.61,Completed
126637,19,2015-08-19,Corolla,29671.87,5.48,Cancelled
126638,6,2015-08-09,Sienna,37962.87,3.86,Completed
126639,5,2015-08-06,Tacoma,36722.11,5.34,Completed
126640,6,2015-08-01,Highlander,50134.05,3.86,Completed
126641,12,2015-08-31,Tacoma,46647.07,5.65,Completed
126642,14,2015-08-17,Highlander,72468.26,5.1,Completed
126643,1,2015-08-08,RAV4,45145.96,5.24,Completed
126644,15,2015-08-25,Tacoma,47149.79,4.86,Completed
126645,18,2015-08-27,Sienna,59764.68,5.68,Completed
126646,6,2015-08-07,Prius,26046.56,3.86,Completed
126647,3,2015-08-28,Highlander,69587.88,5.69,Completed
126648,10,2015-08-14,Highlander,49881.41,4.88,Completed
126649,4,2015-08-17,Highlander,54122.71,3.81,Completed
126650,11,2015-08-18,Corolla,23562.17,4.16,Completed
126651,13,2015-08-28,Tacoma,48133.12,5.61,Completed
126652,19,2015-08-30,Sienna,46208.39,5.48,Completed
126653,6,2015-08-14,Corolla,22193.39,3.86,Completed
126654,14,2015-08-25,Tundra,54899.79,5.1,Completed
126655,8,2015-08-08,Corolla,34475.93,5.84,Completed
126656,12,2015-08-25,RAV4,50375.4,5.65,Completed
126657,2,2015-08-24,Camry,32160.23,4.0,Completed
126658,4,2015-08-04,Sienna,41213.66,3.81,Completed
126659,12,2015-08-17,Tacoma,45316.54,5.65,Completed
126660,15,2015-08-07,Tacoma,44990.52,4.86,Completed
126661,17,2015-08-01,Tacoma,32211.82,4.51,Completed
126662,2,2015-08-08,Tundra,39784.52,4.0,Completed
126663,8,2015-08-20,Prius,38849.0,5.84,Completed
126664,9,2015-08-21,Tundra,41500.29,4.4,Completed
126665,19,2015-08-05,Prius,31654.85,5.48,Completed
126666,8,2015-08-28,Camry,44323.34,5.84,Completed
126667,6,2015-08-10,Sienna,39572.23,3.86,Completed
126668,17,2015-08-21,Tacoma,34572.13,4.51,Completed
126669,14,2015-08-02,RAV4,54234.16,5.1,Completed
126670,19,2015-08-28,Sienna,50279.6,5.48,Completed
126671,9,2015-08-18,Sienna,38114.06,4.4,Completed
126672,11,2015-08-30,Corolla,24240.93,4.16,Completed
126673,14,2015-08-08,Tundra,57460.94,5.1,Completed
126674,14,2015-08-27,Camry,39053.51,5.1,Completed
126675,1,2015-08-26,Corolla,28624.25,5.24,Completed
126676,13,2015-08-28,Camry,46884.08,5.61,Completed
126677,13,2015-08-13,Highlander,68820.37,5.61,Completed
126678,8,2015-08-22,Highlander,79571.23,5.84,Completed
126679,19,2015-08-26,RAV4,41015.41,5.48,Completed
126680,19,2015-08-26,RAV4,46061.89,5.48,Completed
126681,4,2015-08-28,Prius,25936.2,3.81,Completed
126682,12,2015-08-15,Camry,42222.89,5.65,Completed
126683,18,2015-08-29,Sienna,59495.62,5.68,Completed
126684,13,2015-08-30,RAV4,59464.8,5.61,Completed
126685,20,2015-08-29,Tundra,59007.05,5.77,Completed
126686,14,2015-08-02,Camry,41871.44,5.1,Completed
126687,9,2015-08-14,Prius,29455.9,4.4,Completed
126688,14,2015-08-24,RAV4,49991.59,5.1,Cancelled
126689,12,2015-08-09,Sienna,56982.84,5.65,Completed
126690,19,2015-08-03,RAV4,41713.86,5.48,Completed
126691,9,2015-08-26,RAV4,38911.29,4.4,Completed
126692,12,2015-08-21,Corolla,35049.4,5.65,Completed
126693,13,2015-08-14,Corolla,35012.83,5.61,Completed
126694,20,2015-08-27,RAV4,54185.99,5.77,Cancelled
126695,13,2015-08-13,Tacoma,49471.17,5.61,Completed
126696,2,2015-08-05,Camry,30868.62,4.0,Completed
126697,20,2015-08-10,Tacoma,48648.68,5.77,Completed
126698,5,2015-08-14,RAV4,44817.29,5.34,Completed
126699,9,2015-08-22,Tacoma,34561.3,4.4,Completed
126700,6,2015-08-28,RAV4,33456.49,3.86,Completed
126701,19,2015-08-04,Tundra,54588.47,5.48,Cancelled
126702,6,2015-08-01,Corolla,25460.71,3.86,Completed
126703,7,2015-08-11,Tacoma,48913.36,5.39,Completed
126704,19,2015-08-04,Highlander,64440.19,5.48,Completed
126705,14,2015-08-06,Camry,41420.45,5.1,Completed
126706,19,2015-08-09,Tundra,46071.07,5.48,Cancelled
126707,2,2015-08-10,RAV4,42687.45,4.0,Completed
126708,17,2015-08-15,Tundra,42077.51,4.51,Completed
126709,17,2015-08-01,Sienna,39005.24,4.51,Completed
126710,10,2015-08-29,Tundra,42287.21,4.88,Completed
126711,9,2015-08-16,Prius,25371.9,4.4,Cancelled
126712,2,2015-08-30,Sienna,42949.97,4.0,Completed
126713,19,2015-08-18,Tacoma,41120.03,5.48,Completed
126714,1,2015-08-14,RAV4,43719.64,5.24,Completed
126715,17,2015-08-01,Corolla,23464.12,4.51,Completed
126716,14,2015-08-23,Tacoma,43675.8,5.1,Cancelled
126717,3,2015-08-15,Camry,50751.75,5.69,Completed
126718,16,2015-08-18,Corolla,30489.05,6.06,Completed
126719,5,2015-08-01,RAV4,46496.1,5.34,Completed
126720,2,2015-08-25,Camry,33374.29,4.0,Completed
126721,15,2015-08-24,Sienna,61596.24,4.86,Completed
126722,3,2015-08-02,RAV4,51599.01,5.69,Completed
126723,10,2015-08-24,Sienna,45109.19,4.88,Completed
126724,5,2015-08-21,Tacoma,38120.2,5.34,Completed
126725,5,2015-08-06,Tundra,45077.24,5.34,Completed
126726,14,2015-08-19,Tacoma,49090.16,5.1,Completed
126727,18,2015-08-18,Tacoma,48512.95,5.68,Completed
126728,2,2015-08-14,Tacoma,36829.72,4.0,Pending
126729,13,2015-08-29,Sienna,60815.05,5.61,Completed
126730,18,2015-08-10,Corolla,36317.5,5.68,Completed
126731,14,2015-08-08,RAV4,48414.04,5.1,Completed
126732,14,2015-08-06,Sienna,50671.09,5.1,Completed
126733,13,2015-08-27,Prius,41341.72,5.61,Completed
126734,20,2015-08-28,Corolla,30337.02,5.77,Completed
126735,16,2015-08-21,RAV4,51207.97,6.06,Completed
126736,11,2015-08-15,Camry,31883.36,4.16,Completed
126737,2,2015-08-24,Camry,34443.26,4.0,Completed
126738,9,2015-08-01,Tundra,45385.86,4.4,Completed
126739,2,2015-08-14,Tundra,40281.8,4.0,Completed
126740,6,2015-08-22,Sienna,40240.0,3.86,Completed
126741,18,2015-08-29,Tundra,64558.6,5.68,Completed
126742,11,2015-08-29,Tundra,44965.77,4.16,Completed
126743,6,2015-08-12,Sienna,37144.34,3.86,Completed
126744,13,2015-08-27,Tundra,63201.69,5.61,Completed
126745,10,2015-08-26,Sienna,41631.35,4.88,Completed
126746,12,2015-08-09,Prius,34826.2,5.65,Completed
126747,17,2015-08-06,RAV4,37754.9,4.51,Completed
126748,14,2015-08-31,Tacoma,42858.3,5.1,Pending
126749,16,2015-08-31,Sienna,56419.44,6.06,Completed
126750,16,2015-08-13,Tundra,59868.27,6.06,Completed
126751,11,2015-08-24,Tundra,45238.42,4.16,Completed
126752,4,2015-08-13,Highlander,52752.54,3.81,Completed
126753,13,2015-08-30,Tacoma,49121.9,5.61,Completed
126754,9,2015-08-21,Prius,26172.98,4.4,Completed
126755,20,2015-08-07,Sienna,53673.47,5.77,Completed
126756,17,2015-08-26,RAV4,33144.54,4.51,Completed
126757,12,2015-08-01,Tacoma,43789.57,5.65,Completed
126758,4,2015-08-21,Camry,27949.48,3.81,Completed
126759,11,2015-08-16,RAV4,38985.05,4.16,Completed
126760,6,2015-08-05,Corolla,23415.93,3.86,Completed
126761,20,2015-08-07,Tacoma,50777.5,5.77,Completed
126762,19,2015-08-07,Corolla,29807.93,5.48,Cancelled
126763,14,2015-08-28,Tacoma,46546.01,5.1,Completed
126764,14,2015-08-13,Corolla,28693.51,5.1,Completed
126765,11,2015-08-20,Sienna,37760.61,4.16,Cancelled
126766,2,2015-08-20,Prius,28008.71,4.0,Completed
126767,6,2015-08-19,Tundra,36972.17,3.86,Completed
126768,14,2015-08-03,Sienna,59526.91,5.1,Completed
126769,10,2015-08-20,Tundra,42836.1,4.88,Cancelled
126770,7,2015-08-01,Corolla,31544.26,5.39,Completed
126771,17,2015-08-27,Camry,33664.52,4.51,Completed
126772,2,2015-08-20,Tacoma,39887.75,4.0,Completed
126773,17,2015-08-23,Camry,29969.45,4.51,Completed
126774,13,2015-08-07,Highlander,74680.74,5.61,Pending
126775,4,2015-08-30,Sienna,42506.99,3.81,Completed
126776,5,2015-08-11,Tundra,51185.53,5.34,Completed
126777,14,2015-08-23,Prius,36242.84,5.1,Completed
126778,9,2015-08-19,Camry,34976.86,4.4,Completed
126779,18,2015-08-04,Highlander,76495.63,5.68,Completed
126780,8,2015-08-16,Corolla,29806.5,5.84,Completed
126781,16,2015-08-01,Corolla,33996.55,6.06,Completed
126782,17,2015-08-17,Corolla,21375.51,4.51,Completed
126783,18,2015-08-11,Tundra,63702.67,5.68,Completed
126784,14,2015-08-12,Tundra,49851.3,5.1,Completed
126785,7,2015-08-10,Tundra,59663.07,5.39,Completed
126786,10,2015-08-15,Highlander,52721.08,4.88,Completed
126787,12,2015-08-02,Camry,46995.34,5.65,Completed
126788,4,2015-08-30,Highlander,54039.72,3.81,Completed
126789,18,2015-08-23,RAV4,56345.88,5.68,Completed
126790,19,2015-08-25,Camry,35086.33,5.48,Completed
126791,18,2015-08-30,RAV4,52101.41,5.68,Completed
126792,20,2015-08-09,Prius,38342.96,5.77,Completed
126793,19,2015-08-17,Tacoma,43585.96,5.48,Completed
126794,9,2015-08-03,Corolla,24114.99,4.4,Completed
126795,5,2015-08-05,Sienna,51958.74,5.34,Completed
126796,8,2015-08-08,Tundra,57864.19,5.84,Completed
126797,6,2015-08-13,Corolla,23990.53,3.86,Completed
126798,5,2015-08-14,Tacoma,41073.98,5.34,Completed
126799,1,2015-08-09,Highlander,58202.13,5.24,Completed
126800,4,2015-08-29,Corolla,20932.37,3.81,Completed
126801,13,2015-08-14,Prius,36822.16,5.61,Completed
126802,3,2015-08-25,Corolla,32071.38,5.69,Completed
126803,9,2015-08-24,Tundra,39203.04,4.4,Completed
126804,9,2015-08-20,RAV4,39796.59,4.4,Completed
126805,16,2015-08-15,RAV4,52386.8,6.06,Cancelled
126806,8,2015-08-10,Sienna,52645.84,5.84,Completed
126807,9,2015-08-18,RAV4,36734.27,4.4,Completed
126808,2,2015-08-03,RAV4,38307.13,4.0,Completed
126809,5,2015-08-25,Prius,29801.81,5.34,Completed
126810,17,2015-08-06,Sienna,42000.78,4.51,Completed
126811,16,2015-08-08,Tacoma,46494.36,6.06,Completed
126812,7,2015-08-27,Camry,42918.01,5.39,Completed
126813,1,2015-08-23,Prius,28877.86,5.24,Completed
126814,4,2015-08-26,RAV4,32411.53,3.81,Completed
126815,5,2015-08-22,Highlander,66539.27,5.34,Cancelled
126816,10,2015-08-23,Sienna,39164.68,4.88,Completed
126817,18,2015-08-24,Camry,50981.88,5.68,Completed
126818,9,2015-08-20,RAV4,40568.09,4.4,Completed
126819,18,2015-08-01,Camry,44441.92,5.68,Completed
126820,7,2015-08-20,Camry,42363.09,5.39,Completed
126821,1,2015-08-22,Camry,38785.82,5.24,Completed
126822,13,2015-08-05,Tundra,60940.42,5.61,Completed
126823,4,2015-08-31,Corolla,21537.53,3.81,Completed
126824,5,2015-08-18,Prius,33151.65,5.34,Completed
126825,12,2015-08-14,Highlander,76783.32,5.65,Completed
126826,15,2015-08-03,Camry,41434.16,4.86,Completed
126827,13,2015-08-04,Prius,35157.23,5.61,Completed
126828,18,2015-08-15,Camry,52492.26,5.68,Completed
126829,2,2015-08-29,Sienna,42345.09,4.0,Completed
126830,2,2015-08-04,Highlander,55567.01,4.0,Completed
126831,2,2015-08-17,Tacoma,38196.41,4.0,Completed
126832,15,2015-08-12,Tundra,59051.73,4.86,Completed
126833,11,2015-08-02,Sienna,42706.26,4.16,Completed
126834,20,2015-08-05,Camry,47532.6,5.77,Completed
126835,11,2015-08-06,Highlander,55241.14,4.16,Completed
126836,9,2015-08-16,Tundra,42286.21,4.4,Completed
126837,4,2015-08-09,Sienna,37161.45,3.81,Cancelled
126838,6,2015-08-12,Highlander,53907.57,3.86,Completed
126839,10,2015-08-27,Camry,33154.62,4.88,Completed
126840,3,2015-08-04,Prius,39782.64,5.69,Completed
126841,15,2015-08-17,Corolla,34633.69,4.86,Completed
126842,1,2015-08-24,Highlander,58506.07,5.24,Completed
126843,17,2015-08-11,Tundra,43362.02,4.51,Completed
126844,1,2015-08-10,Tacoma,38935.47,5.24,Completed
126845,4,2015-08-15,RAV4,38570.45,3.81,Completed
126846,11,2015-08-28,Camry,35682.61,4.16,Pending
126847,6,2015-08-20,Highlander,48005.95,3.86,Pending
126848,15,2015-08-08,Camry,40160.42,4.86,Completed
126849,14,2015-08-05,Corolla,30816.65,5.1,Completed
126850,18,2015-08-31,Corolla,33673.77,5.68,Completed
126851,19,2015-08-16,Tundra,47283.53,5.48,Completed
126852,11,2015-08-07,Highlander,53188.84,4.16,Completed
126853,9,2015-08-31,Tundra,37672.88,4.4,Completed
126854,11,2015-08-31,Camry,31635.98,4.16,Completed
126855,16,2015-08-20,Corolla,34021.37,6.06,Completed
126856,12,2015-08-10,RAV4,55054.26,5.65,Completed
126857,17,2015-08-20,Camry,29904.73,4.51,Completed
126858,9,2015-08-09,Tundra,38456.1,4.4,Completed
126859,13,2015-08-19,Sienna,62131.16,5.61,Completed
126860,20,2015-08-21,RAV4,56939.57,5.77,Completed
126861,10,2015-08-09,Corolla,22196.0,4.88,Completed
126862,2,2015-08-09,RAV4,35937.5,4.0,Completed
126863,16,2015-08-02,Highlander,78831.38,6.06,Completed
126864,20,2015-08-25,Highlander,79456.95,5.77,Completed
126865,9,2015-08-22,Tundra,40178.32,4.4,Completed
126866,14,2015-08-24,Highlander,72996.14,5.1,Completed
126867,8,2015-08-29,Highlander,66112.16,5.84,Completed
126868,20,2015-08-29,Prius,40024.01,5.77,Completed
126869,13,2015-08-30,Corolla,36458.89,5.61,Completed
126870,1,2015-08-10,Sienna,51578.64,5.24,Completed
126871,13,2015-08-06,Sienna,60133.98,5.61,Completed
126872,12,2015-08-03,Corolla,33152.12,5.65,Completed
126873,10,2015-08-07,Corolla,23276.29,4.88,Completed
126874,5,2015-08-18,RAV4,42577.89,5.34,Completed
126875,4,2015-08-25,RAV4,35863.72,3.81,Completed
126876,13,2015-08-06,Camry,48080.31,5.61,Completed
126877,12,2015-08-05,RAV4,51496.54,5.65,Completed
126878,8,2015-08-10,Tacoma,47257.2,5.84,Completed
126879,16,2015-08-06,Tundra,58945.97,6.06,Completed
126880,1,2015-08-06,Tacoma,43388.67,5.24,Completed
126881,8,2015-08-29,Corolla,33361.14,5.84,Completed
126882,13,2015-08-01,Sienna,62818.43,5.61,Completed
126883,17,2015-08-07,RAV4,38280.53,4.51,Pending
126884,15,2015-08-15,RAV4,53631.5,4.86,Completed
126885,12,2015-08-27,Prius,39393.76,5.65,Pending
126886,14,2015-08-23,Sienna,53603.09,5.1,Completed
126887,19,2015-08-18,Camry,36162.21,5.48,Completed
126888,1,2015-08-22,Camry,35067.28,5.24,Completed
126889,14,2015-08-09,Tacoma,41966.88,5.1,Completed
126890,3,2015-08-13,Prius,41812.01,5.69,Completed
126891,8,2015-08-25,Tacoma,46787.53,5.84,Completed
126892,5,2015-08-23,Camry,34781.75,5.34,Completed
126893,2,2015-08-15,Tundra,44786.72,4.0,Completed
126894,13,2015-08-15,Highlander,79002.09,5.61,Completed
126895,16,2015-08-27,Tacoma,44774.3,6.06,Completed
126896,13,2015-08-21,Prius,40019.96,5.61,Completed
126897,15,2015-08-09,Corolla,30463.23,4.86,Completed
126898,4,2015-08-22,Corolla,22413.21,3.81,Completed
126899,11,2015-08-01,Sienna,43852.87,4.16,Completed
126900,2,2015-08-10,Highlander,55265.45,4.0,Completed
126901,17,2015-08-08,RAV4,37926.68,4.51,Completed
126902,12,2015-08-06,Corolla,29510.43,5.65,Completed
126903,11,2015-08-19,Sienna,39068.79,4.16,Completed
126904,3,2015-08-30,Tundra,57081.89,5.69,Completed
126905,3,2015-08-12,Camry,46183.5,5.69,Completed
126906,18,2015-08-13,Sienna,59997.07,5.68,Completed
126907,11,2015-08-24,Sienna,39390.94,4.16,Completed
126908,19,2015-08-31,RAV4,44362.84,5.48,Completed
126909,16,2015-08-02,Tacoma,47997.4,6.06,Completed
126910,10,2015-08-17,Tundra,45487.79,4.88,Completed
126911,18,2015-08-25,Sienna,61199.6,5.68,Completed
126912,1,2015-08-05,Sienna,48228.85,5.24,Completed
126913,9,2015-08-10,Prius,25559.06,4.4,Completed
126914,7,2015-08-30,Tacoma,50630.11,5.39,Completed
126915,18,2015-08-01,Highlander,78283.5,5.68,Completed
126916,12,2015-08-03,Tacoma,44922.44,5.65,Completed
126917,18,2015-08-09,Highlander,79765.61,5.68,Completed
126918,17,2015-08-06,Tundra,38236.79,4.51,Completed
126919,19,2015-08-13,Tacoma,42405.37,5.48,Completed
126920,17,2015-08-11,RAV4,33924.46,4.51,Completed
126921,11,2015-08-04,Sienna,38081.01,4.16,Completed
126922,8,2015-08-26,Sienna,53501.31,5.84,Completed
126923,10,2015-08-03,Sienna,40549.93,4.88,Pending
126924,5,2015-08-31,Tacoma,40273.96,5.34,Cancelled
126925,13,2015-08-21,Sienna,61080.89,5.61,Completed
126926,18,2015-08-08,Tacoma,52849.88,5.68,Cancelled
126927,20,2015-08-22,Highlander,72274.85,5.77,Completed
126928,2,2015-08-21,RAV4,40075.87,4.0,Completed
126929,2,2015-08-17,Tacoma,39812.82,4.0,Completed
126930,17,2015-08-29,Camry,31602.96,4.51,Completed
126931,6,2015-08-22,Camry,31398.24,3.86,Completed
126932,11,2015-08-19,RAV4,41686.04,4.16,Completed
126933,1,2015-08-24,Tundra,49983.41,5.24,Completed
126934,15,2015-08-11,Corolla,29933.86,4.86,Completed
126935,8,2015-08-14,Tacoma,52817.07,5.84,Completed
126936,1,2015-08-23,Tundra,50866.06,5.24,Completed
126937,18,2015-08-01,Tacoma,48237.53,5.68,Completed
126938,3,2015-08-17,Prius,41122.49,5.69,Completed
126939,8,2015-08-03,Highlander,66783.46,5.84,Completed
126940,11,2015-08-05,Highlander,55968.96,4.16,Completed
126941,9,2015-08-19,Tundra,37698.88,4.4,Completed
126942,2,2015-08-27,Sienna,45072.46,4.0,Completed
126943,3,2015-08-16,Corolla,32095.21,5.69,Completed
126944,12,2015-08-02,Corolla,34314.44,5.65,Completed
126945,2,2015-08-23,Tacoma,38369.77,4.0,Completed
126946,19,2015-08-25,RAV4,47787.94,5.48,Completed
126947,15,2015-08-15,Prius,34739.3,4.86,Pending
126948,5,2015-08-05,Tacoma,38019.41,5.34,Completed
126949,9,2015-08-17,Sienna,38509.72,4.4,Completed
126950,12,2015-08-08,Tundra,53450.47,5.65,Completed
126951,7,2015-08-22,Tundra,54786.53,5.39,Completed
126952,12,2015-08-04,Prius,37353.97,5.65,Completed
126953,18,2015-08-20,RAV4,51463.27,5.68,Completed
126954,17,2015-08-22,Sienna,38309.63,4.51,Completed
126955,13,2015-08-22,Corolla,33945.55,5.61,Completed
126956,4,2015-08-21,Prius,26889.46,3.81,Completed
126957,18,2015-08-29,RAV4,53502.57,5.68,Completed
126958,19,2015-08-31,Prius,30405.57,5.48,Completed
126959,4,2015-08-02,Camry,30532.12,3.81,Completed
126960,16,2015-08-25,Prius,36718.7,6.06,Completed
126961,20,2015-08-24,Corolla,33664.63,5.77,Completed
126962,6,2015-08-15,Sienna,41639.64,3.86,Completed
126963,16,2015-08-24,Highlander,73161.61,6.06,Completed
126964,13,2015-08-03,Tacoma,51097.73,5.61,Completed
126965,17,2015-08-17,Camry,31425.62,4.51,Completed
126966,18,2015-08-23,RAV4,53761.39,5.68,Completed
126967,10,2015-08-22,Tacoma,34113.23,4.88,Completed
126968,4,2015-08-30,Camry,28164.33,3.81,Completed
126969,17,2015-08-06,RAV4,34455.8,4.51,Completed
126970,7,2015-08-05,Tundra,59748.23,5.39,Completed
126971,13,2015-08-19,Corolla,33279.05,5.61,Completed
126972,19,2015-08-27,Prius,34728.5,5.48,Completed
126973,8,2015-08-10,Sienna,56573.29,5.84,Completed
126974,6,2015-08-19,Camry,33188.06,3.86,Completed
126975,15,2015-08-05,RAV4,47109.23,4.86,Completed
126976,12,2015-08-12,Tacoma,51069.02,5.65,Completed
126977,1,2015-08-15,Camry,38537.32,5.24,Completed
126978,7,2015-08-05,Corolla,31526.67,5.39,Completed
126979,4,2015-08-12,Prius,26501.02,3.81,Completed
126980,10,2015-08-20,Corolla,24408.31,4.88,Completed
126981,11,2015-08-02,Camry,29578.05,4.16,Completed
126982,15,2015-08-29,Corolla,33360.36,4.86,Completed
126983,8,2015-08-16,Tacoma,49606.54,5.84,Completed
126984,7,2015-08-20,Prius,37312.91,5.39,Completed
126985,18,2015-08-21,Tundra,67388.89,5.68,Completed
126986,10,2015-08-24,Highlander,54806.77,4.88,Completed
126987,5,2015-08-06,Sienna,47010.03,5.34,Completed
126988,7,2015-08-31,Prius,38089.75,5.39,Completed
126989,2,2015-08-11,Corolla,27107.08,4.0,Completed
126990,5,2015-08-11,Highlander,55627.33,5.34,Completed
126991,1,2015-08-06,Prius,33522.75,5.24,Completed
126992,19,2015-08-15,Corolla,26032.14,5.48,Completed
126993,8,2015-08-09,Tundra,52137.25,5.84,Completed
126994,16,2015-08-05,Tundra,63996.85,6.06,Completed
126995,12,2015-08-16,Tundra,53104.05,5.65,Completed
126996,8,2015-08-15,Tundra,57281.53,5.84,Completed
126997,11,2015-08-10,Tacoma,38261.52,4.16,Completed
126998,2,2015-08-08,Highlander,51782.09,4.0,Completed
126999,9,2015-08-27,Tundra,42134.79,4.4,Completed
127000,1,2015-08-27,Tacoma,43364.75,5.24,Completed
127001,20,2015-08-10,RAV4,54919.86,5.77,Completed
127002,19,2015-08-24,Camry,39045.57,5.48,Completed
127003,3,2015-08-12,Sienna,54165.78,5.69,Completed
127004,20,2015-08-17,Prius,41071.79,5.77,Completed
127005,7,2015-08-12,Corolla,32769.55,5.39,Completed
127006,18,2015-08-21,Highlander,71516.93,5.68,Completed
127007,5,2015-08-30,Camry,35135.39,5.34,Completed
127008,10,2015-08-18,Corolla,23876.91,4.88,Completed
127009,4,2015-08-14,Tundra,41825.74,3.81,Completed
127010,7,2015-08-10,Tacoma,51743.86,5.39,Completed
127011,1,2015-08-15,Prius,33322.0,5.24,Completed
127012,1,2015-08-13,Prius,31147.28,5.24,Completed
127013,4,2015-08-01,Tacoma,30901.45,3.81,Completed
127014,11,2015-08-22,Highlander,55871.41,4.16,Completed
127015,15,2015-08-01,Tundra,51232.5,4.86,Completed
127016,18,2015-08-20,Sienna,63021.64,5.68,Completed
127017,12,2015-08-10,Prius,36501.04,5.65,Completed
127018,11,2015-08-07,Prius,28166.96,4.16,Completed
127019,13,2015-08-31,Tacoma,49555.31,5.61,Completed
127020,7,2015-08-24,Sienna,57383.06,5.39,Completed
127021,10,2015-08-15,Sienna,39271.95,4.88,Completed
127022,12,2015-08-03,RAV4,53539.51,5.65,Completed
127023,16,2015-08-22,Sienna,61943.37,6.06,Completed
127024,11,2015-08-16,Tacoma,36722.85,4.16,Completed
127025,17,2015-08-02,RAV4,39011.96,4.51,Completed
127026,11,2015-08-06,Highlander,48285.35,4.16,Completed
127027,1,2015-08-19,Camry,40339.52,5.24,Completed
127028,10,2015-08-17,RAV4,38590.96,4.88,Completed
127029,1,2015-08-14,Sienna,51922.55,5.24,Completed
127030,18,2015-08-25,Tundra,66435.71,5.68,Pending
127031,3,2015-08-10,Tundra,60493.53,5.69,Completed
127032,18,2015-08-08,Sienna,58365.89,5.68,Completed
127033,8,2015-08-28,RAV4,47636.11,5.84,Completed
127034,12,2015-08-18,Prius,38962.42,5.65,Completed
127035,16,2015-08-09,Tundra,62312.48,6.06,Completed
127036,6,2015-08-18,Highlander,53511.73,3.86,Completed
127037,14,2015-08-07,Tacoma,41990.12,5.1,Completed
127038,14,2015-08-12,Corolla,30469.13,5.1,Completed
127039,20,2015-08-04,Camry,42759.05,5.77,Completed
127040,18,2015-08-19,Camry,48098.68,5.68,Completed
127041,2,2015-08-21,Tacoma,37069.27,4.0,Completed
127042,4,2015-08-17,Sienna,35886.35,3.81,Completed
127043,8,2015-08-08,Tacoma,48412.87,5.84,Completed
127044,15,2015-08-09,Highlander,68104.46,4.86,Completed
127045,17,2015-08-21,Prius,26302.56,4.51,Completed
127046,7,2015-08-30,Camry,43712.25,5.39,Completed
127047,5,2015-08-25,Tacoma,38785.49,5.34,Completed
127048,13,2015-08-14,Camry,46223.51,5.61,Completed
127049,7,2015-08-22,Camry,42408.78,5.39,Completed
127050,10,2015-08-29,Tacoma,37717.14,4.88,Completed
127051,19,2015-08-10,Highlander,59105.6,5.48,Completed
127052,13,2015-08-23,Corolla,34905.87,5.61,Completed
127053,17,2015-08-28,Tacoma,32686.17,4.51,Completed
127054,14,2015-08-27,Highlander,71230.94,5.1,Completed
127055,8,2015-08-05,Tundra,57789.48,5.84,Completed
127056,18,2015-08-29,Camry,44051.67,5.68,Completed
127057,5,2015-08-18,Tacoma,44117.06,5.34,Completed
127058,19,2015-08-10,Sienna,49409.88,5.48,Completed
127059,2,2015-08-10,Highlander,60702.29,4.0,Completed
127060,7,2015-08-12,Sienna,60080.39,5.39,Completed
127061,1,2015-08-18,Camry,39255.79,5.24,Completed
127062,9,2015-08-22,Corolla,24947.79,4.4,Completed
127063,15,2015-08-20,Tundra,60726.19,4.86,Completed
127064,7,2015-08-06,Tacoma,49687.72,5.39,Completed
127065,11,2015-08-13,Tundra,44699.56,4.16,Completed
127066,19,2015-08-28,Corolla,26613.12,5.48,Completed
127067,19,2015-08-04,Prius,35554.47,5.48,Completed
127068,16,2015-08-17,Corolla,31039.03,6.06,Completed
127069,20,2015-08-20,RAV4,51204.45,5.77,Completed
127070,3,2015-08-22,Prius,37202.58,5.69,Completed
127071,17,2015-08-03,Prius,25416.68,4.51,Completed
127072,20,2015-08-16,Corolla,31167.38,5.77,Completed
127073,1,2015-08-15,RAV4,45745.25,5.24,Completed
127074,7,2015-08-25,Camry,43647.83,5.39,Completed
127075,3,2015-08-10,Tundra,61706.11,5.69,Completed
127076,9,2015-08-08,Tacoma,31753.99,4.4,Completed
127077,5,2015-08-01,Camry,35722.64,5.34,Completed
127078,18,2015-08-06,Highlander,81887.7,5.68,Completed
127079,18,2015-08-22,Camry,43812.19,5.68,Completed
127080,2,2015-08-20,Tundra,41630.39,4.0,Completed
127081,11,2015-08-12,Corolla,22255.72,4.16,Completed
127082,9,2015-08-18,Tacoma,37862.56,4.4,Completed
127083,7,2015-08-07,Corolla,31256.39,5.39,Pending
127084,1,2015-08-09,Prius,33152.69,5.24,Completed
127085,13,2015-08-14,RAV4,52026.93,5.61,Completed
127086,2,2015-08-16,Highlander,55314.97,4.0,Completed
127087,7,2015-08-14,Tundra,56134.54,5.39,Completed
127088,7,2015-08-16,Corolla,31897.6,5.39,Completed
127089,15,2015-08-14,Sienna,51279.28,4.86,Completed
127090,2,2015-08-18,Tundra,44924.3,4.0,Completed
127091,14,2015-08-15,Prius,33995.43,5.1,Completed
127092,6,2015-08-18,Tacoma,35504.41,3.86,Completed
127093,12,2015-08-19,Camry,44178.75,5.65,Completed
127094,9,2015-08-07,Highlander,52549.01,4.4,Completed
127095,10,2015-08-29,Prius,30414.15,4.88,Completed
127096,5,2015-08-14,RAV4,40457.0,5.34,Completed
127097,18,2015-08-19,Tundra,64947.93,5.68,Completed
127098,17,2015-08-23,Prius,23495.76,4.51,Completed
127099,1,2015-08-16,Prius,31928.0,5.24,Cancelled
127100,19,2015-08-28,RAV4,45385.57,5.48,Completed
127101,3,2015-08-08,Highlander,69253.24,5.69,Completed
127102,17,2015-08-11,Highlander,47449.38,4.51,Completed
127103,1,2015-08-17,Highlander,56336.32,5.24,Completed
127104,2,2015-08-04,Camry,32668.72,4.0,Completed
127105,14,2015-08-08,Highlander,67794.94,5.1,Completed
127106,9,2015-08-16,Corolla,22659.77,4.4,Completed
127107,14,2015-08-22,Camry,42193.31,5.1,Completed
127108,10,2015-08-27,Corolla,24830.84,4.88,Completed
127109,13,2015-08-01,Corolla,33268.94,5.61,Completed
127110,15,2015-08-06,Tacoma,45866.5,4.86,Completed
127111,11,2015-08-17,RAV4,35606.8,4.16,Completed
127112,4,2015-08-07,Tundra,41361.8,3.81,Completed
127113,1,2015-08-06,Tacoma,41571.44,5.24,Pending
127114,17,2015-08-09,Sienna,40918.49,4.51,Completed
127115,4,2015-08-20,Prius,26637.98,3.81,Completed
127116,19,2015-08-20,RAV4,49017.17,5.48,Pending
127117,2,2015-08-10,Highlander,50562.42,4.0,Completed
127118,1,2015-08-10,Corolla,27777.88,5.24,Completed
127119,7,2015-08-27,RAV4,49115.32,5.39,Pending
127120,14,2015-08-31,Tacoma,47519.76,5.1,Completed
127121,15,2015-08-21,Tacoma,46243.93,4.86,Completed
127122,7,2015-08-01,Corolla,30276.5,5.39,Completed
127123,10,2015-08-09,Highlander,55155.1,4.88,Completed
127124,16,2015-08-27,Highlander,78137.49,6.06,Completed
127125,18,2015-08-10,Sienna,62276.59,5.68,Completed
127126,12,2015-08-18,Highlander,68604.23,5.65,Completed
127127,4,2015-08-20,RAV4,35637.93,3.81,Completed
127128,12,2015-08-17,Highlander,66394.98,5.65,Completed
127129,4,2015-08-13,Tundra,37844.33,3.81,Completed
127130,15,2015-08-07,Tacoma,48616.38,4.86,Completed
127131,12,2015-08-21,Prius,39647.83,5.65,Completed
127132,16,2015-08-01,Camry,45270.09,6.06,Completed
127133,10,2015-08-17,Tundra,45387.13,4.88,Completed
127134,19,2015-08-04,Sienna,50673.24,5.48,Completed
127135,7,2015-08-15,Sienna,60519.12,5.39,Completed
127136,11,2015-08-02,Tacoma,36163.54,4.16,Completed
127137,11,2015-08-10,Sienna,38513.54,4.16,Completed
127138,4,2015-08-11,Tundra,37254.44,3.81,Completed
127139,10,2015-08-04,Prius,28991.53,4.88,Completed
127140,19,2015-08-19,Sienna,52531.1,5.48,Completed
127141,10,2015-08-29,Corolla,26406.1,4.88,Completed
127142,1,2015-08-03,Highlander,59095.04,5.24,Completed
127143,15,2015-08-05,Tundra,53540.9,4.86,Completed
127144,13,2015-08-15,Corolla,35154.33,5.61,Completed
127145,20,2015-08-21,Highlander,69107.61,5.77,Completed
127146,18,2015-08-27,Sienna,61481.49,5.68,Completed
127147,3,2015-08-04,Prius,40478.15,5.69,Completed
127148,5,2015-08-30,Tacoma,43202.01,5.34,Completed
127149,12,2015-08-24,Tundra,61879.26,5.65,Pending
127150,13,2015-08-18,Camry,46368.49,5.61,Completed
127151,10,2015-08-28,Tundra,45874.93,4.88,Completed
127152,5,2015-08-29,Highlander,66085.56,5.34,Completed
127153,14,2015-08-04,Corolla,29999.94,5.1,Completed
127154,6,2015-08-30,Highlander,49875.8,3.86,Completed
127155,20,2015-08-30,Highlander,80001.66,5.77,Completed
127156,9,2015-08-18,Prius,28567.19,4.4,Completed
127157,6,2015-08-18,Corolla,24576.01,3.86,Completed
127158,8,2015-08-23,RAV4,53393.65,5.84,Completed
127159,6,2015-08-06,Sienna,43065.14,3.86,Completed
127160,14,2015-08-08,Sienna,54474.2,5.1,Cancelled
127161,11,2015-08-13,Corolla,24282.56,4.16,Completed
127162,9,2015-08-31,Tundra,39230.22,4.4,Completed
127163,7,2015-08-08,Sienna,62904.92,5.39,Completed
127164,16,2015-08-21,Corolla,36483.73,6.06,Completed
127165,20,2015-08-18,RAV4,57037.54,5.77,Completed
127166,14,2015-08-29,Tundra,56340.04,5.1,Completed
127167,4,2015-08-15,Corolla,21538.16,3.81,Completed
127168,16,2015-08-11,Tacoma,53230.75,6.06,Completed
127169,5,2015-08-27,Corolla,28322.28,5.34,Completed
127170,2,2015-08-13,Sienna,42143.05,4.0,Pending
127171,3,2015-08-18,Sienna,59158.28,5.69,Completed
127172,6,2015-08-26,Tundra,37098.21,3.86,Completed
127173,12,2015-08-14,Highlander,77654.48,5.65,Completed
127174,1,2015-08-19,Camry,36608.47,5.24,Completed
127175,4,2015-08-28,Prius,28054.52,3.81,Completed
127176,13,2015-08-23,Sienna,62727.16,5.61,Completed
127177,8,2015-08-30,RAV4,49818.14,5.84,Completed
127178,1,2015-08-28,Tundra,47779.21,5.24,Completed
127179,16,2015-08-07,Highlander,69138.08,6.06,Completed
127180,18,2015-08-07,Sienna,56656.64,5.68,Completed
127181,4,2015-08-12,Tundra,38193.02,3.81,Completed
127182,13,2015-08-26,Corolla,32110.28,5.61,Completed
127183,3,2015-08-27,Camry,41867.91,5.69,Completed
127184,6,2015-08-02,Tundra,41230.1,3.86,Completed
127185,9,2015-08-16,Tundra,38666.0,4.4,Completed
127186,6,2015-08-27,Prius,24161.44,3.86,Completed
127187,18,2015-08-09,Sienna,61536.24,5.68,Completed
127188,12,2015-08-08,Tacoma,44199.61,5.65,Completed
127189,13,2015-08-19,Sienna,55603.26,5.61,Completed
127190,18,2015-08-27,RAV4,53130.83,5.68,Completed
127191,7,2015-08-05,Prius,37286.81,5.39,Completed
127192,5,2015-08-25,Tacoma,40894.9,5.34,Completed
127193,19,2015-08-05,Tundra,48935.62,5.48,Completed
127194,9,2015-08-15,Prius,29010.27,4.4,Completed
127195,3,2015-08-04,Sienna,58421.02,5.69,Completed
127196,9,2015-08-28,Corolla,23521.2,4.4,Completed
127197,19,2015-08-15,Highlander,58208.2,5.48,Completed
127198,16,2015-08-12,Highlander,80836.08,6.06,Completed
127199,9,2015-08-05,Tundra,38690.7,4.4,Completed
127200,2,2015-08-20,Tundra,40815.76,4.0,Cancelled
127201,10,2015-08-25,Camry,35741.63,4.88,Completed
127202,11,2015-08-15,Prius,29613.69,4.16,Cancelled
127203,16,2015-08-23,Tacoma,53799.93,6.06,Completed
127204,15,2015-08-27,RAV4,56623.71,4.86,Completed
127205,11,2015-08-12,Sienna,41085.6,4.16,Completed
127206,20,2015-08-06,Camry,48424.61,5.77,Completed
127207,11,2015-08-07,Corolla,24482.42,4.16,Completed
127208,19,2015-08-22,Tundra,51194.75,5.48,Completed
127209,13,2015-08-25,Prius,41803.68,5.61,Completed
127210,12,2015-08-12,Tacoma,44308.35,5.65,Completed
127211,2,2015-08-04,Camry,37050.51,4.0,Completed
127212,17,2015-08-25,Corolla,21930.25,4.51,Completed
127213,1,2015-08-21,Camry,40627.89,5.24,Completed
127214,16,2015-08-21,Tundra,59426.31,6.06,Completed
127215,4,2015-08-17,Tacoma,33767.09,3.81,Completed
127216,9,2015-08-25,Tacoma,36515.5,4.4,Completed
127217,15,2015-08-06,Camry,43602.66,4.86,Completed
127218,13,2015-08-13,Sienna,54373.97,5.61,Completed
127219,14,2015-08-23,RAV4,53000.42,5.1,Cancelled
127220,18,2015-08-28,Corolla,35046.82,5.68,Completed
127221,5,2015-08-05,RAV4,40019.51,5.34,Completed
127222,3,2015-08-26,Corolla,35226.21,5.69,Completed
127223,15,2015-08-03,Camry,46331.78,4.86,Completed
127224,5,2015-08-03,RAV4,45428.96,5.34,Cancelled
127225,8,2015-08-12,Sienna,61563.59,5.84,Completed
127226,16,2015-08-28,RAV4,58603.8,6.06,Completed
127227,4,2015-08-17,Corolla,24711.46,3.81,Completed
127228,19,2015-08-16,Sienna,54459.43,5.48,Completed
127229,14,2015-08-15,Tacoma,50093.5,5.1,Completed
127230,20,2015-08-26,Prius,39092.73,5.77,Completed
127231,16,2015-08-14,Highlander,69351.43,6.06,Completed
127232,12,2015-08-05,Prius,34889.86,5.65,Completed
127233,3,2015-08-27,Camry,43367.31,5.69,Completed
127234,5,2015-08-11,Tundra,45464.06,5.34,Completed
127235,19,2015-08-02,Highlander,66615.54,5.48,Completed
127236,20,2015-08-22,Corolla,32375.94,5.77,Cancelled
127237,6,2015-08-25,Tundra,41138.68,3.86,Completed
127238,16,2015-08-22,Camry,44462.45,6.06,Completed
127239,6,2015-08-02,Corolla,25358.99,3.86,Completed
127240,15,2015-08-06,RAV4,48251.0,4.86,Completed
127241,2,2015-08-24,Tacoma,34168.47,4.0,Completed
127242,4,2015-08-01,Prius,24157.31,3.81,Completed
127243,12,2015-08-07,Highlander,65148.43,5.65,Completed
127244,6,2015-08-20,Highlander,46998.74,3.86,Completed
127245,9,2015-08-18,Sienna,39528.23,4.4,Completed
127246,20,2015-08-14,Tacoma,46158.46,5.77,Completed
127247,9,2015-08-13,RAV4,40137.34,4.4,Completed
127248,15,2015-08-27,Sienna,61524.41,4.86,Completed
127249,1,2015-08-21,Tacoma,38119.57,5.24,Completed
127250,19,2015-08-27,Highlander,64460.08,5.48,Completed
127251,2,2015-08-10,Prius,27563.53,4.0,Completed
127252,4,2015-08-18,Tacoma,31865.71,3.81,Completed
127253,10,2015-08-19,Highlander,58594.42,4.88,Completed
127254,5,2015-08-04,Tacoma,40890.01,5.34,Completed
127255,14,2015-08-26,Highlander,72764.72,5.1,Completed
127256,6,2015-08-24,Highlander,52619.58,3.86,Completed
127257,19,2015-08-05,Tundra,49851.8,5.48,Completed
127258,4,2015-08-29,Highlander,46647.83,3.81,Completed
127259,19,2015-08-24,Sienna,54473.59,5.48,Pending
127260,13,2015-08-17,Corolla,32891.58,5.61,Completed
127261,19,2015-08-03,Tacoma,43105.64,5.48,Completed
127262,17,2015-08-23,Highlander,47690.99,4.51,Completed
127263,5,2015-08-18,Corolla,26146.06,5.34,Completed
127264,6,2015-08-04,Sienna,43537.66,3.86,Completed
127265,10,2015-08-09,RAV4,42160.33,4.88,Completed
127266,9,2015-08-07,Highlander,55313.13,4.4,Completed
127267,1,2015-08-21,Highlander,55908.8,5.24,Completed
127268,16,2015-08-30,Camry,45568.77,6.06,Completed
127269,11,2015-08-26,RAV4,39469.27,4.16,Completed
127270,18,2015-08-26,Tundra,67405.35,5.68,Completed
127271,3,2015-08-22,Prius,42199.41,5.69,Completed
127272,1,2015-08-13,Prius,33841.53,5.24,Completed
127273,12,2015-08-08,Highlander,72202.09,5.65,Completed
127274,2,2015-08-17,RAV4,41078.24,4.0,Completed
127275,4,2015-08-10,Prius,27888.73,3.81,Completed
127276,14,2015-08-01,Prius,36647.17,5.1,Pending
127277,12,2015-08-08,Prius,34240.02,5.65,Completed
127278,12,2015-08-10,RAV4,46521.03,5.65,Completed
127279,5,2015-08-20,Sienna,48821.15,5.34,Completed
127280,16,2015-08-20,Tacoma,46003.16,6.06,Completed
127281,12,2015-08-29,Tacoma,48951.77,5.65,Completed
127282,13,2015-08-29,Prius,38748.3,5.61,Completed
127283,1,2015-08-27,Tacoma,41515.23,5.24,Completed
127284,4,2015-08-28,Tundra,40930.34,3.81,Pending
127285,15,2015-08-21,Corolla,31933.22,4.86,Cancelled
127286,2,2015-08-17,Camry,33014.69,4.0,Completed
127287,11,2015-08-20,Prius,26228.67,4.16,Completed
127288,4,2015-08-10,Tundra,38508.71,3.81,Completed
127289,2,2015-08-04,Tacoma,39848.6,4.0,Completed
127290,17,2015-08-09,RAV4,39153.87,4.51,Completed
127291,11,2015-08-04,Sienna,39471.51,4.16,Completed
127292,14,2015-08-26,Sienna,53591.73,5.1,Completed
127293,16,2015-08-23,Highlander,75885.26,6.06,Completed
127294,11,2015-08-17,Sienna,40093.21,4.16,Pending
127295,15,2015-08-05,Prius,37562.11,4.86,Completed
127296,10,2015-08-26,RAV4,39017.6,4.88,Completed
127297,12,2015-08-27,Prius,40085.49,5.65,Completed
127298,15,2015-08-16,Camry,39999.26,4.86,Completed
127299,15,2015-08-23,Sienna,57336.95,4.86,Completed
127300,2,2015-08-07,Camry,33823.91,4.0,Completed
127301,7,2015-08-11,Highlander,68850.18,5.39,Completed
127302,7,2015-08-24,Prius,34821.47,5.39,Completed
127303,15,2015-08-21,Tundra,58385.29,4.86,Completed
127304,5,2015-08-01,Highlander,60178.7,5.34,Completed
127305,17,2015-08-13,Highlander,51719.6,4.51,Completed
127306,9,2015-08-05,Tacoma,37752.01,4.4,Completed
127307,9,2015-08-09,Prius,28321.01,4.4,Completed
127308,11,2015-08-17,RAV4,35389.33,4.16,Completed
127309,12,2015-08-09,Tundra,60471.8,5.65,Completed
127310,5,2015-08-12,Tacoma,43560.53,5.34,Completed
127311,14,2015-08-19,Prius,32687.19,5.1,Completed
127312,4,2015-08-27,RAV4,38393.44,3.81,Pending
127313,5,2015-08-17,Tacoma,41388.15,5.34,Completed
127314,5,2015-08-31,Tacoma,42731.96,5.34,Completed
127315,19,2015-08-24,Prius,32905.87,5.48,Pending
127316,16,2015-08-27,Camry,41623.16,6.06,Completed
127317,8,2015-08-31,Tacoma,46869.15,5.84,Completed
127318,17,2015-08-11,Prius,24455.38,4.51,Completed
127319,17,2015-08-17,Tundra,41179.92,4.51,Completed
127320,6,2015-08-10,Corolla,21329.01,3.86,Completed
127321,4,2015-08-26,Tundra,38850.23,3.81,Completed
127322,16,2015-08-24,Corolla,31656.19,6.06,Completed
127323,1,2015-08-09,Prius,33129.24,5.24,Completed
127324,8,2015-08-15,Sienna,55050.87,5.84,Completed
127325,15,2015-08-07,RAV4,47634.43,4.86,Completed
127326,15,2015-08-18,RAV4,49481.7,4.86,Completed
127327,1,2015-08-20,RAV4,44141.26,5.24,Completed
127328,6,2015-08-31,Corolla,25320.65,3.86,Completed
127329,16,2015-08-24,Prius,39584.38,6.06,Completed
127330,12,2015-08-12,Camry,44406.73,5.65,Completed
127331,18,2015-08-27,Tundra,65261.51,5.68,Completed
127332,11,2015-08-09,Prius,27223.63,4.16,Completed
127333,16,2015-08-22,RAV4,48948.53,6.06,Completed
127334,17,2015-08-23,Highlander,46985.0,4.51,Completed
127335,2,2015-08-29,Corolla,24427.75,4.0,Completed
127336,11,2015-08-30,Tacoma,38572.35,4.16,Completed
127337,8,2015-08-07,Camry,41032.08,5.84,Completed
127338,10,2015-08-29,Sienna,41430.25,4.88,Completed
127339,13,2015-08-22,Tundra,61055.3,5.61,Completed
127340,14,2015-08-23,Tundra,51810.94,5.1,Completed
127341,12,2015-08-25,RAV4,56039.27,5.65,Completed
127342,12,2015-08-11,Corolla,34988.85,5.65,Completed
127343,14,2015-08-22,Prius,34332.7,5.1,Completed
127344,15,2015-08-02,Tundra,58526.05,4.86,Completed
127345,15,2015-08-12,Tacoma,46466.82,4.86,Completed
127346,18,2015-08-12,Camry,52645.34,5.68,Completed
127347,11,2015-08-25,Camry,33582.49,4.16,Completed
127348,17,2015-08-12,Camry,32219.19,4.51,Completed
127349,5,2015-08-03,Corolla,29483.58,5.34,Completed
127350,7,2015-08-10,Tacoma,49610.93,5.39,Completed
127351,2,2015-08-15,Highlander,50201.6,4.0,Completed
127352,19,2015-08-13,Sienna,54055.76,5.48,Completed
127353,9,2015-08-11,Tundra,44500.35,4.4,Completed
127354,18,2015-08-31,Prius,43836.97,5.68,Completed
127355,3,2015-08-07,Prius,36773.67,5.69,Completed
127356,17,2015-08-06,Camry,28852.51,4.51,Completed
127357,16,2015-08-23,Tacoma,48275.39,6.06,Cancelled
127358,6,2015-08-12,Camry,33739.51,3.86,Completed
127359,11,2015-08-08,Tundra,38817.39,4.16,Completed
127360,8,2015-08-18,Corolla,31434.04,5.84,Completed
127361,6,2015-08-05,Tundra,42972.59,3.86,Completed
127362,13,2015-08-27,Prius,41942.36,5.61,Completed
127363,9,2015-08-14,Prius,29173.89,4.4,Completed
127364,10,2015-08-23,Camry,31364.91,4.88,Completed
127365,1,2015-08-19,Prius,33048.83,5.24,Completed
127366,17,2015-08-30,RAV4,37158.43,4.51,Completed
127367,14,2015-08-20,RAV4,44909.83,5.1,Completed
127368,17,2015-08-02,Highlander,50186.33,4.51,Completed
127369,7,2015-08-10,RAV4,52594.83,5.39,Completed
127370,16,2015-08-05,RAV4,55896.27,6.06,Completed
127371,3,2015-08-23,RAV4,58407.1,5.69,Completed
127372,6,2015-08-17,RAV4,37421.68,3.86,Completed
127373,5,2015-08-23,RAV4,40785.72,5.34,Completed
127374,13,2015-08-27,Prius,36755.65,5.61,Completed
127375,8,2015-08-29,Tacoma,45472.61,5.84,Completed
127376,12,2015-08-06,Prius,35398.18,5.65,Completed
127377,7,2015-08-24,Prius,40182.43,5.39,Completed
127378,14,2015-08-16,Sienna,51521.67,5.1,Completed
127379,10,2015-08-14,Tacoma,38049.96,4.88,Completed
127380,5,2015-08-25,Tacoma,37969.12,5.34,Completed
127381,9,2015-08-24,Camry,31503.52,4.4,Pending
127382,13,2015-08-24,Tacoma,49658.05,5.61,Completed
127383,14,2015-08-12,Corolla,28849.61,5.1,Completed
127384,15,2015-08-22,Corolla,32555.29,4.86,Completed
127385,3,2015-08-04,Tacoma,54927.17,5.69,Completed
127386,19,2015-08-08,Prius,31749.96,5.48,Completed
127387,15,2015-08-12,Camry,42626.3,4.86,Completed
127388,9,2015-08-17,Highlander,48692.31,4.4,Completed
127389,6,2015-08-22,Sienna,39546.2,3.86,Completed
127390,3,2015-08-04,Tacoma,52541.62,5.69,Completed
127391,20,2015-08-18,Prius,35592.16,5.77,Completed
127392,1,2015-08-05,Tacoma,43598.9,5.24,Completed
127393,6,2015-08-09,RAV4,36433.01,3.86,Completed
127394,14,2015-08-08,Tacoma,41567.29,5.1,Completed
127395,20,2015-08-27,Tundra,56967.83,5.77,Completed
127396,16,2015-08-19,Tacoma,50177.08,6.06,Pending
127397,16,2015-08-30,Highlander,72176.87,6.06,Completed
127398,11,2015-08-20,RAV4,39803.25,4.16,Completed
127399,6,2015-08-03,RAV4,39619.14,3.86,Completed
127400,6,2015-08-27,RAV4,37133.85,3.86,Completed
127401,15,2015-08-21,Tacoma,51142.13,4.86,Completed
127402,7,2015-08-20,Highlander,72861.63,5.39,Completed
127403,1,2015-08-03,Sienna,50951.69,5.24,Completed
127404,6,2015-08-10,Prius,25880.56,3.86,Completed
127405,17,2015-08-12,Corolla,21439.87,4.51,Completed
127406,5,2015-08-09,Corolla,29182.89,5.34,Completed
127407,2,2015-08-05,Tundra,46818.64,4.0,Completed
127408,20,2015-08-25,Tacoma,46860.48,5.77,Completed
127409,4,2015-08-28,Tundra,43083.98,3.81,Pending
127410,5,2015-08-09,Tundra,46111.64,5.34,Completed
127411,6,2015-08-28,Corolla,25257.69,3.86,Completed
127412,11,2015-08-26,Camry,31884.81,4.16,Completed
127413,16,2015-08-28,Tacoma,53550.92,6.06,Completed
127414,10,2015-08-26,RAV4,40906.74,4.88,Completed
127415,5,2015-08-09,RAV4,46446.68,5.34,Completed
127416,4,2015-08-11,Highlander,51990.55,3.81,Completed
127417,7,2015-08-06,RAV4,50931.31,5.39,Completed
127418,7,2015-08-26,Prius,41125.84,5.39,Completed
127419,2,2015-08-15,Highlander,54258.18,4.0,Pending
127420,20,2015-08-06,Highlander,75575.06,5.77,Completed
127421,8,2015-08-10,Tundra,54363.16,5.84,Pending
127422,11,2015-08-18,Corolla,25821.64,4.16,Completed
127423,2,2015-08-14,Sienna,46445.04,4.0,Completed
127424,9,2015-08-21,Camry,29360.66,4.4,Completed
127425,11,2015-08-19,Highlander,58180.62,4.16,Completed
127426,3,2015-08-28,Tacoma,51642.55,5.69,Completed
127427,8,2015-08-13,Prius,34935.1,5.84,Completed
127428,7,2015-08-05,Sienna,60617.51,5.39,Completed
127429,17,2015-08-02,Prius,27745.88,4.51,Completed
127430,4,2015-08-07,Tacoma,34205.3,3.81,Completed
127431,19,2015-08-08,Corolla,28603.44,5.48,Completed
127432,15,2015-08-18,RAV4,47253.86,4.86,Completed
127433,13,2015-08-30,Sienna,63048.1,5.61,Completed
127434,6,2015-08-23,Prius,27545.37,3.86,Completed
127435,9,2015-08-10,RAV4,35460.58,4.4,Completed
127436,10,2015-08-10,Corolla,23133.41,4.88,Completed
127437,17,2015-08-05,Tundra,43641.06,4.51,Completed
127438,7,2015-08-17,Camry,41327.37,5.39,Completed
127439,17,2015-08-11,Tacoma,33892.05,4.51,Completed
127440,4,2015-08-21,RAV4,35617.65,3.81,Completed
127441,6,2015-08-14,Corolla,23713.84,3.86,Completed
127442,15,2015-08-16,Tacoma,48322.48,4.86,Pending
127443,1,2015-08-16,Highlander,61999.41,5.24,Completed
127444,1,2015-08-23,Highlander,64209.06,5.24,Completed
127445,16,2015-08-11,Prius,37577.7,6.06,Completed
127446,20,2015-08-22,Tacoma,44745.36,5.77,Completed
127447,2,2015-08-07,Sienna,47165.66,4.0,Completed
127448,5,2015-08-18,RAV4,43550.24,5.34,Completed
127449,9,2015-08-17,Sienna,41195.05,4.4,Completed
127450,4,2015-08-11,Corolla,20788.08,3.81,Completed
127451,10,2015-08-05,Sienna,45065.1,4.88,Cancelled
127452,14,2015-08-14,Corolla,33214.09,5.1,Completed
127453,15,2015-08-23,Tacoma,45197.54,4.86,Completed
127454,20,2015-08-08,Sienna,61039.64,5.77,Completed
127455,15,2015-08-31,Tundra,53043.4,4.86,Completed
127456,4,2015-08-17,Prius,26765.29,3.81,Completed
127457,11,2015-08-14,Camry,35199.76,4.16,Completed
127458,15,2015-08-18,Corolla,35048.37,4.86,Completed
127459,18,2015-08-21,RAV4,56248.46,5.68,Completed
127460,5,2015-08-01,Tacoma,43869.91,5.34,Completed
127461,11,2015-08-18,Prius,29587.96,4.16,Completed
127462,9,2015-08-03,Highlander,52904.25,4.4,Cancelled
127463,5,2015-08-13,RAV4,41820.91,5.34,Completed
127464,10,2015-08-03,Tundra,39784.32,4.88,Completed
127465,4,2015-08-16,Highlander,47042.27,3.81,Completed
127466,5,2015-08-21,RAV4,44921.64,5.34,Completed
127467,12,2015-08-17,Tacoma,51573.5,5.65,Completed
127468,5,2015-08-20,Highlander,58387.64,5.34,Completed
127469,20,2015-08-17,Prius,39360.02,5.77,Completed
127470,20,2015-08-07,Tundra,57791.98,5.77,Completed
127471,6,2015-08-30,Camry,33265.73,3.86,Completed
127472,8,2015-08-18,Sienna,53084.54,5.84,Completed
127473,7,2015-08-02,Camry,49710.93,5.39,Completed
127474,6,2015-08-19,Prius,26155.45,3.86,Completed
127475,18,2015-08-13,Sienna,57062.22,5.68,Completed
127476,14,2015-08-29,Highlander,71325.11,5.1,Completed
127477,19,2015-08-18,RAV4,47134.76,5.48,Completed
127478,6,2015-08-18,Highlander,46675.56,3.86,Completed
127479,15,2015-08-06,Corolla,35059.34,4.86,Completed
127480,4,2015-08-25,Highlander,46491.17,3.81,Completed
127481,2,2015-08-26,RAV4,36686.2,4.0,Completed
127482,18,2015-08-10,Prius,41110.54,5.68,Completed
127483,16,2015-08-14,Prius,35802.81,6.06,Completed
127484,11,2015-08-23,Highlander,52336.63,4.16,Completed
127485,10,2015-08-26,RAV4,40317.88,4.88,Completed
127486,14,2015-08-30,RAV4,47302.11,5.1,Completed
127487,18,2015-08-03,Tacoma,48961.04,5.68,Completed
127488,5,2015-08-03,Tacoma,42086.52,5.34,Completed
127489,9,2015-08-29,Tundra,39454.83,4.4,Completed
127490,8,2015-08-28,Highlander,70692.58,5.84,Completed
127491,6,2015-08-07,Prius,27476.91,3.86,Completed
127492,13,2015-08-07,Tacoma,49556.09,5.61,Completed
127493,7,2015-08-09,Tundra,56606.32,5.39,Completed
127494,10,2015-08-26,Corolla,25047.66,4.88,Completed
127495,2,2015-08-08,Camry,32057.78,4.0,Completed
127496,5,2015-08-24,Prius,29033.87,5.34,Completed
127497,4,2015-08-22,Highlander,48140.74,3.81,Completed
127498,3,2015-08-04,RAV4,57421.58,5.69,Completed
127499,20,2015-08-20,Sienna,51861.2,5.77,Completed
127500,14,2015-08-13,Tundra,53704.59,5.1,Completed
127501,7,2015-08-12,Prius,38452.13,5.39,Completed
127502,18,2015-08-28,Highlander,80155.12,5.68,Completed
127503,2,2015-08-08,Corolla,27190.51,4.0,Completed
127504,11,2015-08-05,RAV4,39666.49,4.16,Completed
127505,14,2015-08-24,Tundra,54164.36,5.1,Completed
127506,19,2015-08-24,Corolla,31181.71,5.48,Completed
127507,6,2015-08-16,RAV4,37314.78,3.86,Pending
127508,2,2015-08-30,Tundra,47425.99,4.0,Completed
127509,18,2015-08-11,RAV4,52669.86,5.68,Completed
127510,14,2015-08-23,Prius,37163.34,5.1,Completed
127511,19,2015-08-09,Sienna,50913.85,5.48,Completed
127512,11,2015-08-26,Prius,27986.53,4.16,Completed
127513,6,2015-08-15,Tundra,43108.67,3.86,Completed
127514,20,2015-08-23,Prius,40623.1,5.77,Completed
127515,8,2015-08-23,RAV4,47269.3,5.84,Completed
127516,9,2015-08-16,Sienna,37473.3,4.4,Completed
127517,14,2015-08-14,Tundra,57841.24,5.1,Completed
127518,14,2015-08-31,Sienna,58236.77,5.1,Completed
127519,17,2015-08-25,Sienna,42772.81,4.51,Completed
127520,7,2015-08-21,Prius,39894.11,5.39,Completed
127521,5,2015-08-23,Sienna,48431.17,5.34,Completed
127522,2,2015-08-06,Prius,27779.37,4.0,Completed
127523,6,2015-08-11,RAV4,33547.7,3.86,Completed
127524,8,2015-08-22,Tacoma,43299.76,5.84,Completed
127525,2,2015-08-17,RAV4,36633.01,4.0,Completed
127526,5,2015-08-23,Tundra,46327.39,5.34,Completed
127527,12,2015-08-05,RAV4,56532.16,5.65,Completed
127528,12,2015-08-31,Tundra,54041.5,5.65,Completed
127529,16,2015-08-29,Sienna,64309.03,6.06,Completed
127530,8,2015-08-23,Corolla,31355.45,5.84,Completed
127531,13,2015-08-19,Highlander,81421.63,5.61,Completed
127532,3,2015-08-10,RAV4,49030.32,5.69,Completed
127533,3,2015-08-16,Prius,40213.69,5.69,Completed
127534,16,2015-08-15,RAV4,53018.79,6.06,Completed
127535,16,2015-08-04,Camry,45546.68,6.06,Completed
127536,1,2015-08-23,Highlander,64390.98,5.24,Completed
127537,2,2015-08-23,Camry,33756.17,4.0,Cancelled
127538,15,2015-08-07,Camry,45679.7,4.86,Completed
127539,2,2015-08-03,RAV4,42366.61,4.0,Completed
127540,16,2015-08-31,Sienna,63321.82,6.06,Completed
127541,15,2015-08-18,Camry,47886.53,4.86,Completed
127542,6,2015-08-15,Tundra,39957.75,3.86,Completed
127543,10,2015-08-06,RAV4,40860.53,4.88,Completed
127544,17,2015-08-19,Tacoma,36632.13,4.51,Completed
127545,13,2015-08-02,Corolla,33061.13,5.61,Completed
127546,3,2015-08-28,Sienna,55432.57,5.69,Completed
127547,17,2015-08-16,RAV4,39201.17,4.51,Completed
127548,8,2015-08-21,Camry,46497.38,5.84,Completed
127549,6,2015-08-27,Camry,33856.77,3.86,Completed
127550,8,2015-08-09,RAV4,50271.13,5.84,Completed
127551,14,2015-08-13,Sienna,58587.05,5.1,Completed
127552,7,2015-08-12,Sienna,60936.95,5.39,Completed
127553,17,2015-08-09,RAV4,37602.15,4.51,Completed
127554,17,2015-08-24,Highlander,52892.71,4.51,Completed
127555,2,2015-08-21,RAV4,41534.82,4.0,Completed
127556,10,2015-08-08,Prius,27017.53,4.88,Completed
127557,11,2015-08-13,Tundra,42530.8,4.16,Completed
127558,15,2015-08-19,Highlander,69744.85,4.86,Pending
127559,6,2015-08-01,RAV4,35160.46,3.86,Pending
127560,10,2015-08-09,Camry,30264.71,4.88,Completed
127561,19,2015-08-19,Tundra,44971.21,5.48,Completed
127562,10,2015-08-20,Tundra,40418.04,4.88,Completed
127563,10,2015-08-17,RAV4,41751.54,4.88,Completed
127564,13,2015-08-21,Highlander,69029.83,5.61,Completed
127565,11,2015-08-29,Highlander,49444.91,4.16,Completed
127566,14,2015-08-11,RAV4,46806.15,5.1,Completed
127567,19,2015-08-02,Corolla,29421.82,5.48,Completed
127568,4,2015-08-10,Corolla,21774.99,3.81,Completed
127569,14,2015-08-09,Sienna,59431.74,5.1,Completed
127570,7,2015-08-15,Camry,45043.28,5.39,Completed
127571,12,2015-08-16,Corolla,33636.87,5.65,Completed
127572,4,2015-08-03,RAV4,33422.17,3.81,Completed
127573,20,2015-08-02,Prius,38175.68,5.77,Pending
127574,11,2015-08-31,Camry,30779.49,4.16,Completed
127575,2,2015-08-03,Tundra,42571.42,4.0,Completed
127576,17,2015-08-18,Highlander,52558.13,4.51,Cancelled
127577,8,2015-08-11,Sienna,60443.21,5.84,Completed
127578,7,2015-08-14,Corolla,34963.28,5.39,Completed
127579,19,2015-08-03,Camry,37540.75,5.48,Completed
127580,9,2015-08-16,Camry,29381.39,4.4,Completed
127581,12,2015-08-26,Camry,41994.5,5.65,Completed
127582,8,2015-08-02,Corolla,29759.76,5.84,Pending
127583,12,2015-08-19,Highlander,76941.45,5.65,Completed
127584,12,2015-08-05,Highlander,74788.47,5.65,Completed
127585,11,2015-08-02,Corolla,23949.83,4.16,Completed
127586,16,2015-08-28,Corolla,30727.26,6.06,Completed
127587,17,2015-08-16,Prius,24021.29,4.51,Completed
127588,12,2015-08-30,Prius,34786.04,5.65,Completed
127589,1,2015-08-12,Tundra,49856.5,5.24,Completed
127590,16,2015-08-27,Prius,41621.48,6.06,Completed
127591,7,2015-08-11,Tacoma,47698.21,5.39,Completed
127592,11,2015-08-29,Prius,29586.78,4.16,Completed
127593,2,2015-08-02,Tundra,46183.44,4.0,Completed
127594,20,2015-08-26,Highlander,65891.62,5.77,Completed
127595,16,2015-08-21,Corolla,31305.51,6.06,Completed
127596,17,2015-08-25,Tacoma,34780.71,4.51,Completed
127597,19,2015-08-09,Prius,30086.73,5.48,Completed
127598,4,2015-08-14,Highlander,49823.61,3.81,Completed
127599,11,2015-08-13,Prius,26595.09,4.16,Completed
127600,3,2015-08-09,Tundra,63806.25,5.69,Completed
127601,2,2015-08-11,Tacoma,35284.94,4.0,Completed
127602,5,2015-08-20,Highlander,63184.01,5.34,Completed
127603,15,2015-08-01,Prius,40221.31,4.86,Completed
127604,1,2015-08-09,RAV4,47443.31,5.24,Completed
127605,6,2015-08-02,Camry,33035.22,3.86,Completed
127606,7,2015-08-20,Corolla,33361.64,5.39,Pending
127607,13,2015-08-18,Prius,36693.2,5.61,Completed
127608,2,2015-08-09,RAV4,36135.83,4.0,Completed
127609,4,2015-08-17,Prius,26145.39,3.81,Completed
127610,7,2015-08-25,Sienna,53874.26,5.39,Completed
127611,12,2015-08-14,Highlander,74514.63,5.65,Completed
127612,7,2015-08-04,Tundra,61444.52,5.39,Completed
127613,1,2015-08-11,Tacoma,39537.84,5.24,Completed
127614,20,2015-08-28,Highlander,74347.99,5.77,Completed
127615,14,2015-08-13,Tundra,49323.69,5.1,Completed
127616,12,2015-08-25,Prius,34969.89,5.65,Completed
127617,11,2015-08-24,Corolla,22485.62,4.16,Completed
127618,7,2015-08-23,Corolla,33829.7,5.39,Completed
127619,12,2015-08-09,RAV4,53813.83,5.65,Completed
127620,17,2015-08-05,RAV4,37263.82,4.51,Completed
127621,17,2015-08-27,Corolla,22195.2,4.51,Completed
127622,12,2015-08-16,Tundra,58162.94,5.65,Completed
127623,16,2015-08-09,RAV4,49966.47,6.06,Completed
127624,5,2015-08-08,Sienna,51408.38,5.34,Completed
127625,17,2015-08-18,Prius,26530.53,4.51,Completed
127626,13,2015-08-09,Prius,36465.51,5.61,Completed
127627,20,2015-08-17,Corolla,33944.9,5.77,Completed
127628,18,2015-08-17,Corolla,35654.64,5.68,Completed
127629,12,2015-08-07,Corolla,32528.5,5.65,Completed
127630,14,2015-08-07,Tundra,57209.6,5.1,Completed
127631,2,2015-08-21,Highlander,50433.69,4.0,Completed
127632,3,2015-08-25,Highlander,79724.23,5.69,Completed
127633,11,2015-08-26,Camry,35627.28,4.16,Completed
127634,1,2015-08-04,Highlander,58853.92,5.24,Completed
127635,20,2015-08-06,Highlander,74915.63,5.77,Cancelled
127636,17,2015-08-21,Highlander,51324.74,4.51,Pending
127637,5,2015-08-06,Highlander,56685.12,5.34,Completed
127638,5,2015-08-25,Corolla,25985.17,5.34,Completed
127639,12,2015-08-13,Prius,39921.85,5.65,Completed
127640,2,2015-08-14,Highlander,51748.87,4.0,Completed
127641,5,2015-08-07,Tacoma,40457.31,5.34,Completed
127642,16,2015-08-06,Prius,35162.92,6.06,Completed
127643,2,2015-08-06,Tacoma,35052.8,4.0,Completed
127644,2,2015-08-01,Tundra,42523.24,4.0,Completed
127645,8,2015-08-09,Prius,40228.39,5.84,Completed
127646,1,2015-08-08,RAV4,45079.14,5.24,Completed
127647,12,2015-08-08,Highlander,79147.0,5.65,Completed
127648,19,2015-08-01,Camry,40381.09,5.48,Completed
127649,10,2015-08-17,RAV4,38934.93,4.88,Completed
127650,19,2015-08-14,Camry,38102.74,5.48,Completed
127651,13,2015-08-27,RAV4,54534.33,5.61,Completed
127652,20,2015-08-14,Tundra,52683.33,5.77,Completed
127653,13,2015-08-03,Tundra,58367.22,5.61,Completed
127654,18,2015-08-07,Tacoma,55209.38,5.68,Completed
127655,5,2015-08-16,Tacoma,37833.45,5.34,Completed
127656,4,2015-08-23,Sienna,35665.18,3.81,Completed
127657,10,2015-08-17,RAV4,40172.87,4.88,Completed
127658,10,2015-08-27,Corolla,23127.71,4.88,Completed
127659,11,2015-08-15,Highlander,56244.9,4.16,Completed
127660,8,2015-08-07,Prius,38940.24,5.84,Completed
127661,4,2015-08-17,Highlander,49499.31,3.81,Completed
127662,11,2015-08-16,Highlander,51809.09,4.16,Completed
127663,15,2015-08-12,Camry,45437.67,4.86,Pending
127664,8,2015-08-06,Tacoma,51663.58,5.84,Completed
127665,2,2015-08-04,Prius,27246.21,4.0,Completed
127666,16,2015-08-30,Prius,34408.85,6.06,Completed
127667,3,2015-08-22,Corolla,31141.35,5.69,Completed
127668,20,2015-08-03,Prius,37748.08,5.77,Completed
127669,8,2015-08-19,RAV4,54887.21,5.84,Cancelled
127670,6,2015-08-22,Corolla,22735.58,3.86,Completed
127671,10,2015-08-02,Corolla,22438.87,4.88,Completed
127672,2,2015-08-25,Highlander,52028.42,4.0,Completed
127673,10,2015-08-02,Camry,35320.82,4.88,Completed
127674,4,2015-08-27,RAV4,38469.15,3.81,Cancelled
127675,15,2015-08-30,Sienna,58589.01,4.86,Completed
127676,6,2015-08-05,Highlander,52367.79,3.86,Completed
127677,6,2015-08-12,Corolla,23232.61,3.86,Completed
127678,16,2015-08-06,Sienna,53087.02,6.06,Completed
127679,16,2015-08-22,Sienna,58881.87,6.06,Completed
127680,12,2015-08-14,Tacoma,44424.08,5.65,Completed
127681,2,2015-08-12,Corolla,24334.04,4.0,Completed
127682,11,2015-08-10,Sienna,41139.51,4.16,Completed
127683,9,2015-08-27,RAV4,40829.82,4.4,Completed
127684,3,2015-08-19,Tundra,62750.99,5.69,Completed
127685,18,2015-08-07,Tundra,60514.16,5.68,Completed
127686,3,2015-08-07,Corolla,36342.59,5.69,Completed
127687,9,2015-08-28,RAV4,39906.08,4.4,Completed
127688,20,2015-08-27,Camry,42669.92,5.77,Completed
127689,12,2015-08-22,Sienna,60721.24,5.65,Completed
127690,5,2015-08-18,Tacoma,44345.02,5.34,Completed
127691,20,2015-08-21,Corolla,30429.8,5.77,Completed
127692,16,2015-08-12,Prius,37389.68,6.06,Completed
127693,7,2015-08-20,Camry,48180.89,5.39,Completed
127694,12,2015-08-31,RAV4,53038.89,5.65,Completed
127695,8,2015-08-01,RAV4,52535.34,5.84,Completed
127696,10,2015-08-29,Tundra,38695.5,4.88,Completed
127697,17,2015-08-09,RAV4,33748.61,4.51,Completed
127698,1,2015-08-11,Corolla,26931.07,5.24,Completed
127699,9,2015-08-21,Highlander,48987.2,4.4,Completed
127700,4,2015-08-17,Prius,25051.39,3.81,Completed
127701,15,2015-08-30,Tacoma,44435.72,4.86,Completed
127702,4,2015-08-27,Camry,28228.81,3.81,Completed
127703,8,2015-08-18,Corolla,32392.85,5.84,Completed
127704,12,2015-08-31,Sienna,57058.14,5.65,Completed
127705,11,2015-08-27,Corolla,25630.75,4.16,Completed
127706,3,2015-08-29,Highlander,75170.04,5.69,Completed
127707,19,2015-08-31,Tundra,50804.51,5.48,Completed
127708,13,2015-08-22,Camry,47661.06,5.61,Completed
127709,11,2015-08-04,Sienna,39482.81,4.16,Completed
127710,5,2015-08-20,Tundra,47898.75,5.34,Completed
127711,1,2015-08-24,Highlander,56535.49,5.24,Completed
127712,6,2015-08-23,Tundra,39826.35,3.86,Completed
127713,11,2015-08-29,Tundra,40943.01,4.16,Completed
127714,4,2015-08-29,Tundra,43199.84,3.81,Completed
127715,20,2015-08-14,Prius,37463.81,5.77,Completed
127716,9,2015-08-07,RAV4,36424.25,4.4,Completed
127717,5,2015-08-20,RAV4,48162.05,5.34,Completed
127718,8,2015-08-29,Sienna,56250.74,5.84,Completed
127719,8,2015-08-12,Sienna,61501.08,5.84,Completed
127720,5,2015-08-01,Corolla,29705.47,5.34,Completed
127721,4,2015-08-12,Tundra,36970.7,3.81,Completed
127722,14,2015-08-14,Sienna,56470.77,5.1,Completed
127723,8,2015-08-05,Sienna,60154.91,5.84,Completed
127724,12,2015-08-14,Prius,40287.28,5.65,Completed
127725,4,2015-08-15,Tundra,42002.43,3.81,Completed
127726,19,2015-08-19,Camry,38071.0,5.48,Completed
127727,8,2015-08-31,Sienna,53563.05,5.84,Completed
127728,6,2015-08-27,Camry,30505.44,3.86,Completed
127729,2,2015-08-10,Prius,25671.91,4.0,Completed
127730,15,2015-08-03,Prius,37325.11,4.86,Completed
127731,13,2015-08-04,Corolla,35707.01,5.61,Completed
127732,20,2015-08-09,Prius,37663.86,5.77,Completed
127733,18,2015-08-29,RAV4,57831.48,5.68,Pending
127734,10,2015-08-01,Prius,28006.54,4.88,Completed
127735,17,2015-08-26,RAV4,33018.74,4.51,Completed
127736,5,2015-08-03,RAV4,47280.75,5.34,Completed
127737,5,2015-08-12,Prius,29252.96,5.34,Completed
127738,20,2015-08-13,Sienna,54250.03,5.77,Pending
127739,13,2015-08-14,Camry,45035.99,5.61,Completed
127740,10,2015-08-13,Prius,30459.25,4.88,Completed
127741,2,2015-08-25,Sienna,40852.18,4.0,Completed
127742,20,2015-08-01,Tundra,56874.95,5.77,Completed
127743,9,2015-08-11,Prius,28265.18,4.4,Completed
127744,15,2015-08-02,Tundra,57002.25,4.86,Completed
127745,18,2015-08-31,Tundra,55592.64,5.68,Completed
127746,9,2015-08-25,Camry,35092.9,4.4,Completed
127747,19,2015-08-16,Tundra,46865.72,5.48,Completed
127748,11,2015-08-30,Tacoma,33932.86,4.16,Completed
127749,10,2015-08-02,Corolla,23719.46,4.88,Completed
127750,3,2015-08-15,Tacoma,45705.36,5.69,Completed
127751,13,2015-08-25,Highlander,72958.9,5.61,Completed
127752,17,2015-08-04,Sienna,41651.86,4.51,Completed
127753,17,2015-08-09,Highlander,48391.83,4.51,Pending
127754,10,2015-08-13,Corolla,24811.38,4.88,Completed
127755,5,2015-08-01,Corolla,26446.53,5.34,Completed
127756,7,2015-08-18,Tacoma,50575.41,5.39,Completed
127757,10,2015-08-11,Tundra,38674.27,4.88,Completed
127758,17,2015-08-31,RAV4,38459.09,4.51,Completed
127759,16,2015-08-09,Tacoma,53526.97,6.06,Completed
127760,2,2015-08-23,Tacoma,34481.07,4.0,Completed
127761,1,2015-08-30,Tundra,49292.3,5.24,Completed
127762,15,2015-08-23,Corolla,34938.21,4.86,Completed
127763,2,2015-08-15,Highlander,51490.46,4.0,Completed
127764,11,2015-08-31,Highlander,55418.68,4.16,Completed
127765,13,2015-08-20,Prius,37689.2,5.61,Completed
127766,10,2015-08-07,Sienna,40735.64,4.88,Completed
127767,3,2015-08-28,Corolla,35617.26,5.69,Completed
127768,11,2015-08-01,RAV4,37113.24,4.16,Completed
127769,5,2015-08-22,Camry,35435.65,5.34,Completed
127770,5,2015-08-14,Prius,30558.34,5.34,Completed
127771,19,2015-08-31,Highlander,66874.98,5.48,Completed
127772,1,2015-08-15,Tacoma,40676.67,5.24,Completed
127773,5,2015-08-30,RAV4,44823.29,5.34,Completed
127774,16,2015-08-16,Prius,39143.89,6.06,Completed
127775,19,2015-08-30,Prius,29850.34,5.48,Completed
127776,19,2015-08-31,Corolla,26933.42,5.48,Completed
127777,14,2015-08-08,Tundra,51143.56,5.1,Completed
127778,5,2015-08-23,Corolla,27141.28,5.34,Completed
127779,10,2015-08-21,Camry,32289.44,4.88,Completed
127780,20,2015-08-22,Prius,39373.11,5.77,Completed
127781,2,2015-08-21,Tacoma,38171.16,4.0,Completed
127782,12,2015-08-25,Corolla,32325.05,5.65,Completed
127783,17,2015-08-06,Prius,25117.91,4.51,Completed
127784,13,2015-08-03,Highlander,72380.26,5.61,Completed
127785,8,2015-08-22,Tundra,59649.17,5.84,Completed
127786,9,2015-08-27,Corolla,22971.14,4.4,Completed
127787,14,2015-08-20,Sienna,49659.69,5.1,Completed
127788,15,2015-08-15,Camry,45802.4,4.86,Completed
127789,6,2015-08-25,Corolla,24890.26,3.86,Completed
127790,8,2015-08-17,Highlander,68970.66,5.84,Completed
127791,5,2015-08-20,Tundra,52657.46,5.34,Completed
127792,15,2015-08-13,Corolla,32740.26,4.86,Completed
127793,12,2015-08-02,Camry,47500.77,5.65,Completed
127794,15,2015-08-21,Corolla,31665.46,4.86,Completed
127795,14,2015-08-19,Highlander,73625.57,5.1,Completed
127796,17,2015-08-19,Sienna,36202.5,4.51,Completed
127797,19,2015-08-09,Camry,40731.27,5.48,Completed
127798,18,2015-08-31,Sienna,60723.68,5.68,Completed
127799,3,2015-08-13,Corolla,36103.36,5.69,Completed
127800,1,2015-08-12,Camry,37363.48,5.24,Completed
127801,15,2015-08-25,Sienna,60565.59,4.86,Completed
127802,3,2015-08-04,Prius,35670.21,5.69,Completed
127803,18,2015-08-18,Corolla,37401.16,5.68,Completed
127804,10,2015-08-26,Corolla,24815.44,4.88,Completed
127805,4,2015-08-28,Tacoma,32269.9,3.81,Pending
127806,11,2015-08-04,Tundra,40034.84,4.16,Completed
127807,9,2015-08-14,Highlander,52881.28,4.4,Completed
127808,13,2015-08-06,Corolla,31587.57,5.61,Completed
127809,13,2015-08-12,RAV4,49628.13,5.61,Completed
127810,3,2015-08-23,Prius,35304.33,5.69,Completed
127811,5,2015-08-06,Prius,31334.27,5.34,Completed
127812,1,2015-08-19,Tundra,44606.89,5.24,Completed
127813,8,2015-08-13,Tundra,53956.02,5.84,Completed
127814,16,2015-08-30,RAV4,49802.79,6.06,Completed
127815,8,2015-08-14,RAV4,51626.52,5.84,Completed
127816,12,2015-08-28,Corolla,31760.79,5.65,Completed
127817,14,2015-08-19,Sienna,56393.28,5.1,Completed
127818,19,2015-08-02,Sienna,48943.61,5.48,Completed
127819,18,2015-08-24,Tundra,61343.86,5.68,Completed
127820,15,2015-08-29,Tundra,51003.51,4.86,Completed
127821,8,2015-08-13,Sienna,53609.36,5.84,Completed
127822,9,2015-08-28,Corolla,22696.75,4.4,Completed
127823,10,2015-08-07,Camry,36481.19,4.88,Completed
127824,12,2015-08-13,Tundra,51887.57,5.65,Completed
127825,1,2015-08-18,Camry,34387.14,5.24,Completed
127826,4,2015-08-05,Sienna,39968.98,3.81,Completed
127827,15,2015-08-22,Sienna,57230.29,4.86,Completed
127828,16,2015-08-03,Camry,49266.13,6.06,Cancelled
127829,4,2015-08-05,Corolla,21667.06,3.81,Completed
127830,8,2015-08-20,Camry,43158.15,5.84,Completed
127831,10,2015-08-30,Tundra,44486.33,4.88,Completed
127832,18,2015-08-11,RAV4,55814.01,5.68,Cancelled
127833,14,2015-08-02,Tacoma,42394.77,5.1,Completed
127834,7,2015-08-03,RAV4,56121.49,5.39,Completed
127835,1,2015-08-22,Highlander,59814.94,5.24,Completed
127836,1,2015-08-24,Corolla,30020.61,5.24,Completed
127837,18,2015-08-01,Highlander,74754.47,5.68,Completed
127838,12,2015-08-29,Camry,43539.8,5.65,Completed
127839,15,2015-08-10,Prius,38150.79,4.86,Completed
127840,15,2015-08-20,RAV4,50075.98,4.86,Completed
127841,8,2015-08-21,Prius,34075.52,5.84,Completed
127842,5,2015-08-24,Highlander,65805.39,5.34,Completed
127843,7,2015-08-12,Corolla,34826.31,5.39,Completed
127844,8,2015-08-24,Corolla,35692.68,5.84,Completed
127845,13,2015-08-24,Prius,36734.56,5.61,Completed
127846,1,2015-08-22,Sienna,47133.72,5.24,Completed
127847,2,2015-08-15,Sienna,42681.94,4.0,Completed
127848,13,2015-08-01,Corolla,31640.98,5.61,Completed
127849,12,2015-08-05,Highlander,68255.3,5.65,Completed
127850,16,2015-08-31,Highlander,70508.55,6.06,Completed
127851,4,2015-08-14,Sienna,40351.36,3.81,Completed
127852,16,2015-08-01,Camry,45407.99,6.06,Completed
127853,7,2015-08-07,Tundra,57406.53,5.39,Completed
127854,13,2015-08-22,Tundra,56787.04,5.61,Completed
127855,11,2015-08-16,Tundra,45678.63,4.16,Completed
127856,17,2015-08-30,Highlander,53351.74,4.51,Completed
127857,7,2015-08-31,Corolla,34224.1,5.39,Completed
127858,3,2015-08-15,Tundra,63696.99,5.69,Completed
127859,14,2015-08-28,RAV4,54697.52,5.1,Completed
127860,18,2015-08-11,Sienna,66832.58,5.68,Completed
127861,5,2015-08-17,RAV4,41115.35,5.34,Completed
127862,3,2015-08-20,Corolla,32018.8,5.69,Completed
127863,19,2015-08-28,Corolla,27288.49,5.48,Completed
127864,4,2015-08-26,RAV4,36212.34,3.81,Completed
127865,16,2015-08-21,Corolla,32513.47,6.06,Completed
127866,3,2015-08-02,Camry,46024.92,5.69,Completed
127867,11,2015-08-22,Highlander,57201.72,4.16,Completed
127868,20,2015-08-12,Prius,40355.81,5.77,Completed
127869,13,2015-08-24,RAV4,59384.81,5.61,Completed
127870,19,2015-08-02,Prius,33556.44,5.48,Completed
127871,16,2015-08-03,RAV4,54494.24,6.06,Completed
127872,11,2015-08-15,Prius,25323.81,4.16,Completed
127873,13,2015-08-28,Prius,39640.63,5.61,Completed
127874,20,2015-08-06,Camry,44246.55,5.77,Completed
127875,16,2015-08-24,Tundra,58397.6,6.06,Completed
127876,17,2015-08-03,Highlander,48932.69,4.51,Completed
127877,19,2015-08-20,Camry,39769.95,5.48,Completed
127878,19,2015-08-21,Camry,40270.92,5.48,Completed
127879,3,2015-08-15,Tundra,60046.82,5.69,Completed
127880,6,2015-08-21,Highlander,53269.17,3.86,Completed
127881,13,2015-08-02,Tacoma,48052.58,5.61,Completed
127882,4,2015-08-28,Tundra,39062.5,3.81,Completed
127883,9,2015-08-12,Tacoma,36608.05,4.4,Completed
127884,9,2015-08-09,Tundra,37895.46,4.4,Completed
127885,15,2015-08-03,Tundra,56228.39,4.86,Completed
127886,10,2015-08-31,RAV4,38347.47,4.88,Completed
127887,17,2015-08-11,RAV4,33509.05,4.51,Completed
127888,7,2015-08-10,Camry,42653.32,5.39,Completed
127889,3,2015-08-22,Camry,43890.75,5.69,Completed
127890,4,2015-08-13,Highlander,55222.58,3.81,Completed
127891,13,2015-08-01,Highlander,78416.52,5.61,Completed
127892,16,2015-08-25,Camry,44038.15,6.06,Completed
127893,4,2015-08-25,Tundra,39864.88,3.81,Completed
127894,4,2015-08-20,Camry,31342.34,3.81,Completed
127895,11,2015-08-19,RAV4,38010.03,4.16,Completed
127896,17,2015-08-14,Highlander,52654.33,4.51,Completed
127897,1,2015-08-14,Highlander,66746.25,5.24,Completed
127898,2,2015-08-25,Sienna,45622.08,4.0,Completed
127899,5,2015-08-06,Corolla,26098.74,5.34,Completed
127900,11,2015-08-22,Sienna,38545.9,4.16,Completed
127901,5,2015-08-15,Highlander,58353.97,5.34,Completed
127902,17,2015-08-07,Tundra,39243.03,4.51,Completed
127903,12,2015-08-28,Sienna,58361.0,5.65,Completed
127904,3,2015-08-01,Corolla,32967.26,5.69,Completed
127905,7,2015-08-18,RAV4,50569.5,5.39,Completed
127906,11,2015-08-11,Corolla,22197.03,4.16,Completed
127907,9,2015-08-08,RAV4,35666.53,4.4,Completed
127908,1,2015-08-18,Highlander,59462.56,5.24,Completed
127909,6,2015-08-08,Prius,23696.28,3.86,Completed
127910,8,2015-08-03,RAV4,53284.37,5.84,Completed
127911,8,2015-08-07,Tacoma,48304.09,5.84,Completed
127912,12,2015-08-21,Tundra,59343.84,5.65,Completed
127913,1,2015-08-19,Camry,33714.28,5.24,Completed
127914,18,2015-08-11,Highlander,70501.96,5.68,Completed
127915,3,2015-08-25,Sienna,63553.41,5.69,Completed
127916,10,2015-08-13,Corolla,25917.79,4.88,Completed
127917,16,2015-08-15,Prius,37410.29,6.06,Completed
127918,7,2015-08-01,Highlander,67307.29,5.39,Completed
127919,2,2015-08-15,Tacoma,34244.89,4.0,Completed
127920,13,2015-08-05,Prius,36729.73,5.61,Completed
127921,9,2015-08-01,Sienna,44779.33,4.4,Completed
127922,11,2015-08-15,Highlander,52635.4,4.16,Completed
127923,2,2015-08-25,Corolla,26270.62,4.0,Completed
127924,5,2015-08-02,Sienna,50721.36,5.34,Cancelled
127925,11,2015-08-07,Tundra,39385.4,4.16,Completed
127926,6,2015-08-20,Prius,26914.3,3.86,Completed
127927,8,2015-08-20,Tundra,56956.67,5.84,Completed
127928,9,2015-08-17,Tundra,38425.52,4.4,Completed
127929,5,2015-08-11,Tundra,50557.98,5.34,Completed
127930,18,2015-08-31,Prius,40881.72,5.68,Completed
127931,2,2015-08-20,Camry,31633.78,4.0,Completed
127932,6,2015-08-04,Highlander,54135.06,3.86,Pending
127933,1,2015-08-23,Tacoma,42462.76,5.24,Completed
127934,2,2015-08-13,Sienna,44543.8,4.0,Completed
127935,11,2015-08-08,RAV4,35189.71,4.16,Completed
127936,8,2015-08-08,Corolla,34455.65,5.84,Completed
127937,3,2015-08-28,Sienna,63793.03,5.69,Completed
127938,17,2015-08-03,Corolla,21892.81,4.51,Completed
127939,5,2015-08-01,Tundra,51211.38,5.34,Completed
127940,13,2015-08-24,Camry,45042.04,5.61,Cancelled
127941,6,2015-08-10,Sienna,42862.06,3.86,Completed
127942,9,2015-08-20,Prius,28466.05,4.4,Completed
127943,9,2015-08-23,Camry,35324.62,4.4,Completed
127944,9,2015-08-24,Tacoma,33427.73,4.4,Completed
127945,15,2015-08-21,Prius,33094.35,4.86,Completed
127946,1,2015-08-18,Highlander,54739.41,5.24,Completed
127947,13,2015-08-17,Sienna,63759.5,5.61,Completed
127948,3,2015-08-17,Corolla,36542.91,5.69,Completed
127949,17,2015-08-22,Prius,28257.81,4.51,Completed
127950,4,2015-08-17,RAV4,36162.68,3.81,Completed
127951,8,2015-08-29,Tundra,59532.12,5.84,Completed
127952,19,2015-08-14,Tundra,52563.5,5.48,Completed
127953,1,2015-08-31,Highlander,64484.97,5.24,Completed
127954,5,2015-08-20,Sienna,47370.29,5.34,Completed
127955,3,2015-08-25,Sienna,64114.28,5.69,Completed
127956,13,2015-08-05,Prius,34931.57,5.61,Completed
127957,8,2015-08-15,Camry,42406.01,5.84,Completed
127958,19,2015-08-04,Tacoma,44043.15,5.48,Completed
127959,3,2015-08-21,Tacoma,54421.34,5.69,Completed
127960,14,2015-08-16,Corolla,31361.23,5.1,Completed
127961,12,2015-08-26,Camry,45935.33,5.65,Completed
127962,3,2015-08-07,Prius,41777.43,5.69,Completed
127963,12,2015-08-04,Prius,34411.62,5.65,Completed
127964,18,2015-08-23,Highlander,75864.17,5.68,Completed
127965,9,2015-08-31,Sienna,39917.11,4.4,Completed
127966,5,2015-08-23,Prius,29634.03,5.34,Completed
127967,3,2015-08-21,Tacoma,49318.23,5.69,Completed
127968,4,2015-08-07,Camry,27932.4,3.81,Completed
127969,11,2015-08-03,Prius,25415.61,4.16,Pending
127970,2,2015-08-26,RAV4,40794.98,4.0,Completed
127971,2,2015-08-10,Sienna,41742.63,4.0,Completed
127972,3,2015-08-20,Corolla,32404.37,5.69,Completed
127973,7,2015-08-18,Tacoma,49905.71,5.39,Completed
127974,14,2015-08-26,Highlander,68768.72,5.1,Completed
127975,19,2015-08-12,Camry,36365.49,5.48,Completed
127976,8,2015-08-21,Camry,47420.39,5.84,Completed
127977,5,2015-08-08,Tundra,45370.29,5.34,Completed
127978,3,2015-08-11,Tundra,63658.45,5.69,Completed
127979,18,2015-08-19,Sienna,59390.41,5.68,Completed
127980,2,2015-08-10,Camry,32866.18,4.0,Completed
127981,17,2015-08-09,Tundra,41190.44,4.51,Completed
127982,9,2015-08-25,Tacoma,35750.49,4.4,Completed
127983,4,2015-08-20,RAV4,34390.43,3.81,Completed
127984,6,2015-08-26,RAV4,39776.07,3.86,Completed
127985,11,2015-08-26,Highlander,54446.57,4.16,Completed
127986,8,2015-08-21,Tacoma,50012.16,5.84,Completed
127987,1,2015-08-20,Camry,38063.11,5.24,Completed
127988,4,2015-08-27,Prius,25067.36,3.81,Completed
127989,20,2015-08-14,Tacoma,46921.48,5.77,Completed
127990,1,2015-08-04,Tacoma,38125.59,5.24,Completed
127991,16,2015-08-19,Tundra,53177.09,6.06,Completed
127992,19,2015-08-08,Camry,39529.01,5.48,Completed
127993,17,2015-08-20,Corolla,23416.82,4.51,Completed
127994,13,2015-08-29,Highlander,82149.1,5.61,Completed
127995,15,2015-08-10,Sienna,60433.5,4.86,Completed
127996,2,2015-08-31,Corolla,23730.81,4.0,Completed
127997,13,2015-08-25,Tacoma,49773.62,5.61,Completed
127998,10,2015-08-20,Highlander,57574.24,4.88,Completed
127999,5,2015-08-27,Prius,31084.25,5.34,Completed
128000,11,2015-08-05,Tundra,38567.25,4.16,Completed
128001,10,2015-08-06,Camry,32098.57,4.88,Completed
128002,2,2015-08-29,Highlander,52473.4,4.0,Completed
128003,9,2015-08-10,RAV4,34447.49,4.4,Completed
128004,2,2015-08-13,Highlander,57310.2,4.0,Completed
128005,14,2015-08-09,Tacoma,46385.98,5.1,Completed
128006,18,2015-08-21,Tacoma,47270.49,5.68,Completed
128007,10,2015-08-17,Prius,29646.44,4.88,Completed
128008,19,2015-08-25,Tundra,47335.97,5.48,Completed
128009,7,2015-08-03,RAV4,50675.97,5.39,Pending
128010,3,2015-08-10,Camry,48822.25,5.69,Completed
128011,8,2015-08-22,Prius,36156.11,5.84,Completed
128012,17,2015-08-19,Camry,33344.5,4.51,Cancelled
128013,14,2015-08-16,Tundra,51665.12,5.1,Completed
128014,14,2015-08-08,Highlander,66093.85,5.1,Completed
128015,18,2015-08-26,RAV4,61150.88,5.68,Completed
128016,2,2015-08-13,Tacoma,39846.31,4.0,Completed
128017,19,2015-08-02,Sienna,50420.01,5.48,Completed
128018,17,2015-08-31,Corolla,24031.5,4.51,Completed
128019,15,2015-08-16,Camry,47130.71,4.86,Completed
128020,9,2015-08-16,Highlander,55043.72,4.4,Completed
128021,7,2015-08-28,Sienna,58793.61,5.39,Completed
128022,1,2015-08-09,Corolla,28688.28,5.24,Completed
128023,19,2015-08-01,Sienna,52494.6,5.48,Completed
128024,18,2015-08-13,Tundra,65350.57,5.68,Completed
128025,16,2015-08-01,Prius,37779.09,6.06,Completed
128026,2,2015-08-27,Camry,36295.05,4.0,Completed
128027,2,2015-08-14,Tacoma,37144.53,4.0,Completed
128028,11,2015-08-03,Tacoma,33505.79,4.16,Pending
128029,19,2015-08-16,Corolla,26228.96,5.48,Pending
128030,16,2015-08-04,RAV4,58676.36,6.06,Completed
128031,7,2015-08-16,Prius,39386.96,5.39,Completed
128032,3,2015-08-07,Sienna,59764.3,5.69,Completed
128033,6,2015-08-04,Highlander,49989.01,3.86,Completed
128034,15,2015-08-20,Prius,36974.95,4.86,Completed
128035,19,2015-08-04,Corolla,29002.2,5.48,Completed
128036,7,2015-08-06,Corolla,31061.88,5.39,Completed
128037,15,2015-08-18,Tacoma,50425.69,4.86,Completed
128038,8,2015-08-29,RAV4,54573.08,5.84,Completed
128039,11,2015-08-02,RAV4,39276.39,4.16,Completed
128040,2,2015-08-29,Tacoma,34038.59,4.0,Completed
128041,3,2015-08-23,Highlander,68281.0,5.69,Completed
128042,17,2015-08-06,Camry,29753.68,4.51,Cancelled
128043,5,2015-08-17,Camry,40143.15,5.34,Completed
128044,10,2015-08-30,Highlander,58017.99,4.88,Completed
128045,17,2015-08-25,Tacoma,35985.41,4.51,Completed
128046,2,2015-08-20,Prius,29634.19,4.0,Completed
128047,12,2015-08-11,Camry,46827.84,5.65,Completed
128048,19,2015-08-26,Tacoma,38864.47,5.48,Completed
128049,1,2015-08-28,Tundra,43623.98,5.24,Completed
128050,13,2015-08-11,Highlander,75045.46,5.61,Completed
128051,14,2015-08-30,RAV4,48167.03,5.1,Completed
128052,19,2015-08-23,Tacoma,41155.5,5.48,Completed
128053,5,2015-08-04,Sienna,50306.96,5.34,Completed
128054,17,2015-08-15,RAV4,38710.23,4.51,Completed
128055,6,2015-08-04,Highlander,53401.29,3.86,Completed
128056,8,2015-08-19,Tacoma,49802.15,5.84,Completed
128057,17,2015-08-29,Corolla,23363.02,4.51,Completed
128058,4,2015-08-01,RAV4,37760.55,3.81,Completed
128059,1,2015-08-01,Sienna,49193.69,5.24,Completed
128060,1,2015-08-17,RAV4,40194.82,5.24,Completed
128061,4,2015-08-07,Sienna,36569.93,3.81,Completed
128062,17,2015-08-02,Prius,27298.57,4.51,Completed
128063,8,2015-08-02,Sienna,52246.91,5.84,Completed
128064,18,2015-08-14,Prius,40749.33,5.68,Completed
128065,5,2015-08-21,RAV4,47371.17,5.34,Completed
128066,13,2015-08-16,RAV4,53324.75,5.61,Completed
128067,2,2015-08-13,Prius,29410.78,4.0,Completed
128068,16,2015-08-25,Prius,41553.59,6.06,Completed
128069,15,2015-08-31,Prius,39191.36,4.86,Completed
128070,6,2015-08-26,Camry,33928.86,3.86,Completed
128071,14,2015-08-30,Prius,34085.24,5.1,Completed
128072,13,2015-08-27,Tacoma,53071.46,5.61,Completed
128073,12,2015-08-13,Corolla,29365.96,5.65,Completed
128074,8,2015-08-06,Corolla,34947.24,5.84,Completed
128075,18,2015-08-09,Camry,43999.61,5.68,Completed
128076,1,2015-08-31,Tundra,46541.02,5.24,Completed
128077,12,2015-08-28,Tundra,51391.69,5.65,Completed
128078,11,2015-08-14,Sienna,45740.44,4.16,Completed
128079,13,2015-08-02,RAV4,54844.37,5.61,Completed
128080,14,2015-08-23,Sienna,55750.63,5.1,Completed
128081,8,2015-08-02,Camry,44342.72,5.84,Completed
128082,13,2015-08-05,Camry,48842.75,5.61,Completed
128083,1,2015-08-19,Sienna,49002.32,5.24,Completed
128084,20,2015-08-28,Highlander,76474.17,5.77,Completed
128085,1,2015-08-15,Corolla,27580.72,5.24,Completed
128086,17,2015-08-04,RAV4,34510.9,4.51,Completed
128087,16,2015-08-14,Tacoma,49760.42,6.06,Completed
128088,15,2015-08-26,Highlander,77288.46,4.86,Completed
128089,19,2015-08-09,Highlander,66560.42,5.48,Completed
128090,13,2015-08-22,Camry,43188.64,5.61,Completed
128091,12,2015-08-13,Tacoma,44462.09,5.65,Completed
128092,16,2015-08-13,Sienna,56297.58,6.06,Completed
128093,2,2015-08-22,Tundra,41558.86,4.0,Completed
128094,3,2015-08-02,Highlander,79550.36,5.69,Completed
128095,20,2015-08-19,Tacoma,44059.85,5.77,Completed
128096,10,2015-08-03,Highlander,58085.58,4.88,Completed
128097,10,2015-08-30,Camry,35334.53,4.88,Completed
128098,17,2015-08-15,Prius,26059.68,4.51,Completed
128099,5,2015-08-28,Sienna,44501.91,5.34,Completed
128100,17,2015-08-04,Prius,27930.56,4.51,Completed
128101,18,2015-08-15,Prius,38461.84,5.68,Pending
128102,6,2015-08-15,Camry,30540.91,3.86,Completed
128103,19,2015-08-05,Prius,34322.82,5.48,Completed
128104,14,2015-08-16,Tundra,55913.5,5.1,Completed
128105,11,2015-08-12,Tacoma,38474.23,4.16,Completed
128106,12,2015-08-02,Camry,43612.9,5.65,Completed
128107,19,2015-08-09,Tundra,48410.91,5.48,Completed
128108,3,2015-08-23,Camry,42055.99,5.69,Completed
128109,14,2015-08-23,Highlander,74572.8,5.1,Completed
128110,3,2015-08-04,Tundra,62352.47,5.69,Completed
128111,16,2015-08-18,Corolla,33983.02,6.06,Completed
128112,14,2015-08-20,Sienna,49923.78,5.1,Completed
128113,8,2015-08-15,Corolla,31404.77,5.84,Completed
128114,6,2015-08-30,Tacoma,33825.61,3.86,Completed
128115,16,2015-08-04,Prius,40152.85,6.06,Completed
128116,16,2015-08-13,RAV4,55489.84,6.06,Completed
128117,10,2015-08-09,Prius,29312.29,4.88,Completed
128118,9,2015-08-02,Sienna,45223.14,4.4,Completed
128119,4,2015-08-26,RAV4,33364.05,3.81,Completed
128120,19,2015-08-15,Sienna,48361.59,5.48,Completed
128121,9,2015-08-31,Prius,26559.11,4.4,Completed
128122,14,2015-08-18,RAV4,53166.76,5.1,Completed
128123,19,2015-08-19,Camry,38250.1,5.48,Completed
128124,4,2015-08-01,RAV4,37444.37,3.81,Completed
128125,12,2015-08-18,Sienna,58383.71,5.65,Completed
128126,3,2015-08-08,RAV4,52811.36,5.69,Completed
128127,14,2015-08-25,Highlander,66145.36,5.1,Completed
128128,11,2015-08-06,Tacoma,31910.94,4.16,Completed
128129,16,2015-08-02,Corolla,31423.16,6.06,Completed
128130,4,2015-08-07,Camry,32912.41,3.81,Completed
128131,8,2015-08-29,Tacoma,50475.82,5.84,Cancelled
128132,2,2015-08-03,Tacoma,39036.76,4.0,Completed
128133,13,2015-08-17,Corolla,34392.8,5.61,Completed
128134,3,2015-08-09,RAV4,56173.68,5.69,Completed
128135,5,2015-08-05,Corolla,26042.63,5.34,Completed
128136,18,2015-08-23,Sienna,64272.1,5.68,Completed
128137,10,2015-08-28,Tundra,46691.69,4.88,Completed
128138,12,2015-08-12,Sienna,54315.37,5.65,Completed
128139,4,2015-08-10,Sienna,41030.03,3.81,Completed
128140,8,2015-08-25,Sienna,51928.82,5.84,Completed
128141,3,2015-08-15,RAV4,52707.34,5.69,Completed
128142,13,2015-08-18,RAV4,59065.57,5.61,Completed
128143,14,2015-08-07,Camry,41139.87,5.1,Completed
128144,16,2015-08-11,RAV4,53517.16,6.06,Completed
128145,19,2015-08-28,Tundra,47167.48,5.48,Completed
128146,14,2015-08-23,Prius,33816.8,5.1,Completed
128147,6,2015-08-15,Tundra,40039.35,3.86,Completed
128148,4,2015-08-01,Prius,25723.76,3.81,Completed
128149,4,2015-08-14,Corolla,23459.97,3.81,Completed
128150,12,2015-08-01,Corolla,35426.0,5.65,Completed
128151,17,2015-08-06,Corolla,24606.45,4.51,Completed
128152,14,2015-08-06,Tacoma,46967.89,5.1,Completed
128153,2,2015-08-20,Camry,35634.85,4.0,Completed
128154,15,2015-08-26,Prius,39243.23,4.86,Completed
128155,20,2015-08-24,Sienna,54711.83,5.77,Completed
128156,6,2015-08-29,Camry,31431.72,3.86,Completed
128157,12,2015-08-26,Camry,40041.86,5.65,Completed
128158,11,2015-08-23,Camry,31327.59,4.16,Completed
128159,20,2015-08-08,Tundra,54639.31,5.77,Completed
128160,11,2015-08-03,Tacoma,35548.4,4.16,Completed
128161,6,2015-08-21,Tacoma,35245.22,3.86,Completed
128162,18,2015-08-12,Camry,46877.13,5.68,Completed
128163,1,2015-08-23,RAV4,41189.66,5.24,Completed
128164,17,2015-08-23,Highlander,52389.46,4.51,Completed
128165,1,2015-08-06,Prius,28594.72,5.24,Completed
128166,19,2015-08-15,Tundra,50169.43,5.48,Completed
128167,8,2015-08-10,Tacoma,43309.0,5.84,Completed
128168,11,2015-08-05,RAV4,34623.29,4.16,Completed
128169,17,2015-08-07,Tacoma,36523.04,4.51,Completed
128170,3,2015-08-24,Sienna,60652.45,5.69,Completed
128171,7,2015-08-24,Camry,42201.0,5.39,Completed
128172,19,2015-08-28,Sienna,51066.94,5.48,Completed
128173,8,2015-08-21,Corolla,35013.25,5.84,Completed
128174,16,2015-08-01,Highlander,69813.31,6.06,Completed
128175,8,2015-08-09,RAV4,47368.79,5.84,Completed
128176,16,2015-08-24,RAV4,54843.38,6.06,Completed
128177,6,2015-08-17,Tundra,43699.06,3.86,Completed
128178,1,2015-08-15,RAV4,46421.38,5.24,Completed
128179,15,2015-08-17,Highlander,74037.06,4.86,Completed
128180,9,2015-08-03,RAV4,37372.68,4.4,Completed
128181,1,2015-08-18,Corolla,25006.11,5.24,Completed
128182,12,2015-08-25,Highlander,67962.86,5.65,Completed
128183,20,2015-08-13,Highlander,74541.96,5.77,Completed
128184,2,2015-08-31,Tacoma,38451.59,4.0,Completed
128185,11,2015-08-26,Tacoma,38162.4,4.16,Completed
128186,5,2015-08-25,Corolla,26814.45,5.34,Completed
128187,16,2015-08-11,Prius,36280.38,6.06,Completed
128188,19,2015-08-05,Camry,38212.67,5.48,Completed
128189,6,2015-08-28,Corolla,24213.02,3.86,Completed
128190,6,2015-08-25,RAV4,39148.65,3.86,Cancelled
128191,16,2015-08-13,Highlander,73781.33,6.06,Completed
128192,19,2015-08-04,Sienna,47333.86,5.48,Completed
128193,2,2015-08-06,Sienna,42753.89,4.0,Completed
128194,11,2015-08-22,Corolla,21777.48,4.16,Cancelled
128195,2,2015-08-08,Prius,27995.77,4.0,Completed
128196,1,2015-08-09,Sienna,46984.87,5.24,Completed
128197,2,2015-08-12,Highlander,57282.58,4.0,Completed
128198,8,2015-08-26,Tacoma,45944.13,5.84,Completed
128199,10,2015-08-23,Tundra,40895.05,4.88,Completed
128200,6,2015-08-03,Highlander,55534.74,3.86,Completed
128201,11,2015-08-11,Tundra,45567.13,4.16,Completed
128202,18,2015-08-06,Sienna,60400.93,5.68,Completed
128203,9,2015-08-20,Tacoma,37415.86,4.4,Completed
128204,2,2015-08-10,RAV4,41897.4,4.0,Cancelled
128205,3,2015-08-20,Sienna,60949.19,5.69,Completed
128206,7,2015-08-04,Camry,47925.86,5.39,Completed
128207,18,2015-08-21,Highlander,70686.69,5.68,Completed
128208,17,2015-08-09,Prius,23506.93,4.51,Completed
128209,19,2015-08-03,Sienna,47928.6,5.48,Completed
128210,3,2015-08-18,Camry,47012.76,5.69,Cancelled
128211,5,2015-08-09,Corolla,26890.56,5.34,Completed
128212,15,2015-08-05,Tundra,60561.68,4.86,Completed
128213,17,2015-08-27,Highlander,52225.02,4.51,Completed
128214,5,2015-08-08,Camry,38509.48,5.34,Completed
128215,13,2015-08-29,Tundra,62037.93,5.61,Completed
128216,16,2015-08-24,Prius,39022.34,6.06,Completed
128217,1,2015-08-06,Highlander,66851.07,5.24,Pending
128218,4,2015-08-23,Tacoma,30199.25,3.81,Completed
128219,20,2015-08-31,RAV4,48900.21,5.77,Completed
128220,14,2015-08-14,Tundra,56082.51,5.1,Completed
128221,2,2015-08-04,Camry,33954.38,4.0,Completed
128222,4,2015-08-25,Tacoma,30124.07,3.81,Completed
128223,19,2015-08-15,Highlander,58693.94,5.48,Completed
128224,7,2015-08-07,Sienna,62183.76,5.39,Completed
128225,15,2015-08-18,Tundra,57579.31,4.86,Completed
128226,2,2015-08-20,Camry,34891.03,4.0,Completed
128227,5,2015-08-01,Tundra,51699.26,5.34,Completed
128228,4,2015-08-10,Tundra,39000.89,3.81,Completed
128229,4,2015-08-08,RAV4,33440.56,3.81,Completed
128230,6,2015-08-09,Prius,26564.33,3.86,Completed
128231,11,2015-08-21,Tacoma,33729.24,4.16,Completed
128232,19,2015-08-25,Camry,40779.03,5.48,Completed
128233,19,2015-08-03,Camry,40112.02,5.48,Completed
128234,16,2015-08-25,RAV4,58194.86,6.06,Completed
128235,8,2015-08-09,Camry,46501.01,5.84,Completed
128236,17,2015-08-17,Tacoma,33092.07,4.51,Completed
128237,3,2015-08-10,Camry,43177.84,5.69,Completed
128238,14,2015-08-09,Tacoma,41905.11,5.1,Completed
128239,4,2015-08-26,Tacoma,36041.47,3.81,Completed
128240,15,2015-08-31,Highlander,72071.66,4.86,Completed
128241,6,2015-08-24,Prius,25217.75,3.86,Completed
128242,6,2015-08-06,RAV4,39382.1,3.86,Completed
128243,16,2015-08-08,Camry,43964.81,6.06,Completed
128244,15,2015-08-27,Sienna,53974.8,4.86,Completed
128245,12,2015-08-09,Tundra,55636.69,5.65,Completed
128246,9,2015-08-15,Sienna,43438.5,4.4,Completed
128247,19,2015-08-20,RAV4,49047.95,5.48,Completed
128248,15,2015-08-03,Tundra,58734.68,4.86,Completed
128249,6,2015-08-29,Prius,28239.58,3.86,Completed
128250,14,2015-08-09,Camry,38756.71,5.1,Completed
128251,9,2015-08-25,Highlander,54062.26,4.4,Completed
128252,15,2015-08-03,Sienna,54061.64,4.86,Completed
128253,7,2015-08-25,Tacoma,45897.04,5.39,Completed
128254,4,2015-08-07,Highlander,45670.23,3.81,Completed
128255,4,2015-08-13,RAV4,34559.67,3.81,Completed
128256,16,2015-08-06,RAV4,51732.6,6.06,Completed
128257,13,2015-08-13,Prius,40911.65,5.61,Completed
128258,13,2015-08-04,Corolla,32905.42,5.61,Completed
128259,10,2015-08-22,Highlander,54093.97,4.88,Completed
128260,12,2015-08-06,Corolla,32104.29,5.65,Completed
128261,19,2015-08-31,Prius,32005.65,5.48,Completed
128262,8,2015-08-04,Prius,37083.54,5.84,Completed
128263,15,2015-08-08,Tundra,52859.85,4.86,Completed
128264,9,2015-08-07,Tundra,45283.94,4.4,Completed
128265,3,2015-08-18,Tacoma,46743.44,5.69,Completed
128266,16,2015-08-29,Prius,40421.52,6.06,Cancelled
128267,6,2015-08-11,Corolla,21705.36,3.86,Completed
128268,18,2015-08-19,Sienna,67324.42,5.68,Completed
128269,11,2015-08-17,Tundra,40072.51,4.16,Completed
128270,17,2015-08-20,Prius,27904.24,4.51,Completed
128271,10,2015-08-29,Corolla,26744.37,4.88,Completed
128272,7,2015-08-19,Camry,42089.13,5.39,Completed
128273,7,2015-08-23,Prius,34241.15,5.39,Completed
128274,1,2015-08-26,RAV4,40776.54,5.24,Completed
128275,6,2015-08-03,RAV4,39039.42,3.86,Completed
128276,20,2015-08-08,Sienna,52041.39,5.77,Completed
128277,17,2015-08-21,Tundra,40582.78,4.51,Completed
128278,4,2015-08-14,RAV4,39277.27,3.81,Completed
128279,17,2015-08-29,Prius,28178.75,4.51,Completed
128280,4,2015-08-12,Corolla,24021.09,3.81,Completed
128281,20,2015-08-09,Highlander,74110.31,5.77,Completed
128282,18,2015-08-22,Sienna,59066.4,5.68,Completed
128283,19,2015-08-12,Tacoma,38405.2,5.48,Cancelled
128284,14,2015-08-22,Sienna,59020.34,5.1,Completed
128285,15,2015-08-22,Prius,38877.75,4.86,Completed
128286,9,2015-08-17,Corolla,23572.26,4.4,Completed
128287,12,2015-08-17,Prius,34810.39,5.65,Completed
128288,6,2015-08-21,Corolla,22066.13,3.86,Completed
128289,12,2015-08-09,Tundra,56305.92,5.65,Completed
128290,14,2015-08-12,Camry,42364.28,5.1,Completed
128291,9,2015-08-01,RAV4,34952.07,4.4,Completed
128292,19,2015-08-06,Sienna,44794.62,5.48,Completed
128293,9,2015-08-30,RAV4,34481.74,4.4,Completed
128294,3,2015-08-08,Corolla,34589.81,5.69,Completed
128295,6,2015-08-25,Tundra,41510.47,3.86,Completed
128296,17,2015-08-26,Highlander,47221.44,4.51,Completed
128297,5,2015-08-09,Tacoma,42260.94,5.34,Completed
128298,7,2015-08-01,RAV4,50550.21,5.39,Completed
128299,9,2015-08-06,Prius,27361.81,4.4,Completed
128300,19,2015-08-28,Highlander,61563.99,5.48,Completed
128301,4,2015-08-25,Tundra,40879.35,3.81,Completed
128302,13,2015-08-27,Corolla,37016.14,5.61,Completed
128303,18,2015-08-31,Corolla,33104.58,5.68,Completed
128304,8,2015-08-14,Sienna,55258.43,5.84,Completed
128305,11,2015-08-06,Camry,33784.85,4.16,Completed
128306,6,2015-08-14,Highlander,54975.03,3.86,Cancelled
128307,17,2015-08-05,RAV4,33569.69,4.51,Completed
128308,18,2015-08-20,Tacoma,56599.62,5.68,Completed
128309,17,2015-08-27,Camry,28185.56,4.51,Completed
128310,4,2015-08-29,Sienna,38403.75,3.81,Completed
128311,5,2015-08-21,Prius,30774.49,5.34,Completed
128312,13,2015-08-08,Tacoma,47356.77,5.61,Completed
128313,1,2015-08-26,Camry,38491.82,5.24,Completed
128314,17,2015-08-13,Sienna,41689.5,4.51,Completed
128315,19,2015-08-06,Highlander,58944.2,5.48,Pending
128316,7,2015-08-28,Highlander,78533.83,5.39,Completed
128317,9,2015-08-06,RAV4,38980.57,4.4,Completed
128318,8,2015-08-09,Tacoma,48898.56,5.84,Pending
128319,8,2015-08-18,Sienna,54772.6,5.84,Completed
128320,20,2015-08-09,Corolla,34848.4,5.77,Completed
128321,15,2015-08-13,Tundra,61999.54,4.86,Completed
128322,1,2015-08-16,Corolla,24940.99,5.24,Pending
128323,14,2015-08-03,Highlander,73605.82,5.1,Completed
128324,1,2015-08-26,Corolla,27058.88,5.24,Completed
128325,2,2015-08-03,Prius,26402.95,4.0,Completed
128326,5,2015-08-17,Prius,33306.26,5.34,Completed
128327,14,2015-08-18,Camry,40195.04,5.1,Completed
128328,9,2015-08-17,RAV4,36662.03,4.4,Completed
128329,17,2015-08-30,Highlander,55128.79,4.51,Completed
128330,20,2015-08-14,Tacoma,49926.26,5.77,Completed
128331,4,2015-08-06,Tacoma,33396.79,3.81,Completed
128332,20,2015-08-13,RAV4,53585.64,5.77,Completed
128333,3,2015-08-07,Tundra,60188.54,5.69,Completed
128334,12,2015-08-27,Sienna,60106.7,5.65,Completed
128335,19,2015-08-09,Corolla,30007.35,5.48,Completed
128336,11,2015-08-28,Tundra,42094.7,4.16,Completed
128337,5,2015-08-20,Tacoma,37417.04,5.34,Completed
128338,19,2015-08-03,Tundra,45035.68,5.48,Completed
128339,9,2015-08-29,Tundra,40184.84,4.4,Completed
128340,6,2015-08-23,Tundra,37279.24,3.86,Completed
128341,13,2015-08-12,Corolla,31702.33,5.61,Completed
128342,18,2015-08-06,Camry,44218.29,5.68,Completed
128343,2,2015-08-11,Prius,27910.93,4.0,Completed
128344,16,2015-08-15,Camry,44207.31,6.06,Completed
128345,8,2015-08-07,RAV4,48612.35,5.84,Completed
128346,3,2015-08-06,Tundra,55327.87,5.69,Completed
128347,3,2015-08-11,Tundra,63409.46,5.69,Completed
128348,13,2015-08-08,RAV4,49361.32,5.61,Completed
128349,3,2015-08-20,Highlander,78644.14,5.69,Completed
128350,15,2015-08-03,RAV4,49673.31,4.86,Completed
128351,2,2015-08-01,Tacoma,35388.18,4.0,Completed
128352,18,2015-08-07,Camry,47068.82,5.68,Completed
128353,10,2015-08-07,RAV4,39711.9,4.88,Completed
128354,10,2015-08-27,Highlander,52902.9,4.88,Completed
128355,19,2015-08-22,RAV4,47704.41,5.48,Completed
128356,11,2015-08-30,Tacoma,38349.81,4.16,Pending
128357,8,2015-08-06,Tundra,57013.68,5.84,Completed
128358,2,2015-08-27,Tacoma,37779.63,4.0,Completed
128359,6,2015-08-14,Corolla,24400.1,3.86,Completed
128360,16,2015-08-04,Sienna,58734.95,6.06,Completed
128361,12,2015-08-10,Tacoma,44567.19,5.65,Completed
128362,18,2015-08-06,Tacoma,53915.99,5.68,Completed
128363,11,2015-08-13,Highlander,55035.46,4.16,Completed
128364,17,2015-08-30,Corolla,22602.36,4.51,Completed
128365,8,2015-08-17,Tundra,58415.31,5.84,Completed
128366,20,2015-08-28,Camry,42067.34,5.77,Completed
128367,18,2015-08-27,Sienna,64204.7,5.68,Completed
128368,4,2015-08-10,Prius,25092.95,3.81,Completed
128369,11,2015-08-30,Prius,28611.85,4.16,Completed
128370,18,2015-08-23,Highlander,77872.42,5.68,Completed
128371,10,2015-08-29,Tacoma,36689.69,4.88,Completed
128372,16,2015-08-13,Tacoma,46798.69,6.06,Completed
128373,3,2015-08-06,Sienna,55544.67,5.69,Completed
128374,19,2015-08-15,Camry,42508.9,5.48,Completed
128375,1,2015-08-25,Corolla,29192.57,5.24,Completed
128376,6,2015-08-26,Tundra,41482.6,3.86,Completed
128377,8,2015-08-15,RAV4,51403.44,5.84,Completed
128378,3,2015-08-17,Corolla,31833.16,5.69,Completed
128379,3,2015-08-25,RAV4,58588.7,5.69,Completed
128380,11,2015-08-12,Tacoma,35049.14,4.16,Completed
128381,14,2015-08-14,Highlander,68550.95,5.1,Completed
128382,2,2015-08-18,Highlander,54492.7,4.0,Completed
128383,3,2015-08-07,RAV4,51294.1,5.69,Completed
128384,3,2015-08-10,Tundra,65411.23,5.69,Completed
128385,5,2015-08-08,Sienna,52043.38,5.34,Completed
128386,16,2015-08-21,Tundra,57844.3,6.06,Completed
128387,3,2015-08-09,Tundra,61777.92,5.69,Completed
128388,1,2015-08-19,Camry,38577.13,5.24,Completed
128389,5,2015-08-30,Camry,38077.19,5.34,Completed
128390,19,2015-08-18,Tundra,50763.3,5.48,Completed
128391,16,2015-08-28,Camry,48176.06,6.06,Completed
128392,19,2015-08-17,Tacoma,43887.61,5.48,Completed
128393,13,2015-08-15,RAV4,59292.14,5.61,Completed
128394,10,2015-08-30,Camry,33712.64,4.88,Completed
128395,10,2015-08-13,Highlander,50539.48,4.88,Completed
128396,16,2015-08-20,Camry,44896.78,6.06,Completed
128397,8,2015-08-12,Prius,39641.0,5.84,Completed
128398,10,2015-08-06,RAV4,41359.44,4.88,Completed
128399,5,2015-08-19,RAV4,41496.26,5.34,Completed
128400,1,2015-08-16,RAV4,43475.85,5.24,Completed
128401,4,2015-08-06,Corolla,23516.75,3.81,Completed
128402,1,2015-08-21,Sienna,46575.44,5.24,Completed
128403,1,2015-08-07,RAV4,46508.49,5.24,Completed
128404,19,2015-08-18,Tundra,51156.09,5.48,Completed
128405,8,2015-08-10,Prius,39011.48,5.84,Completed
128406,3,2015-08-07,Tacoma,50851.36,5.69,Completed
128407,11,2015-08-11,Prius,25793.03,4.16,Completed
128408,11,2015-08-06,Corolla,25112.61,4.16,Completed
128409,19,2015-08-20,Highlander,69629.4,5.48,Completed
128410,1,2015-08-03,Tacoma,40716.05,5.24,Completed
128411,7,2015-08-31,Corolla,35370.07,5.39,Completed
128412,17,2015-08-16,Camry,34160.21,4.51,Completed
128413,1,2015-08-08,Tacoma,42691.64,5.24,Completed
128414,9,2015-08-13,Highlander,53956.28,4.4,Completed
128415,10,2015-08-27,RAV4,41675.76,4.88,Completed
128416,7,2015-08-20,Tacoma,49302.86,5.39,Pending
128417,12,2015-08-14,Corolla,34492.89,5.65,Completed
128418,6,2015-08-07,Sienna,41105.65,3.86,Completed
128419,10,2015-08-05,Tacoma,33701.24,4.88,Completed
128420,14,2015-08-12,Prius,34150.16,5.1,Completed
128421,8,2015-08-10,Tacoma,44406.5,5.84,Completed
128422,11,2015-08-07,Sienna,41405.18,4.16,Completed
128423,17,2015-08-05,Corolla,24067.61,4.51,Completed
128424,6,2015-08-08,Tundra,39422.98,3.86,Completed
128425,7,2015-08-29,Camry,43036.56,5.39,Completed
128426,18,2015-08-12,Tundra,61327.37,5.68,Completed
128427,12,2015-08-06,Sienna,55384.5,5.65,Completed
128428,15,2015-08-22,Prius,33522.79,4.86,Completed
128429,2,2015-08-06,Highlander,55583.45,4.0,Completed
128430,16,2015-08-24,Tacoma,47451.08,6.06,Completed
128431,17,2015-08-02,Sienna,36103.12,4.51,Completed
128432,14,2015-08-11,RAV4,52733.07,5.1,Completed
128433,10,2015-08-27,Camry,34009.49,4.88,Completed
128434,12,2015-08-13,Camry,45866.16,5.65,Completed
128435,7,2015-08-23,Sienna,52872.49,5.39,Completed
128436,6,2015-08-06,Highlander,50112.99,3.86,Completed
128437,9,2015-08-28,Corolla,21575.87,4.4,Completed
128438,9,2015-08-19,Prius,28476.64,4.4,Completed
128439,4,2015-08-13,Sienna,39556.7,3.81,Completed
128440,1,2015-08-26,Sienna,51322.02,5.24,Completed
128441,20,2015-08-10,Sienna,57109.85,5.77,Completed
128442,5,2015-08-10,Sienna,48039.65,5.34,Completed
128443,19,2015-08-04,Camry,37265.95,5.48,Completed
128444,13,2015-08-28,Tundra,64121.26,5.61,Pending
128445,8,2015-08-21,Camry,46638.15,5.84,Completed
128446,13,2015-08-31,Sienna,64229.64,5.61,Completed
128447,3,2015-08-13,Tacoma,47580.06,5.69,Completed
128448,20,2015-08-22,Tacoma,53050.33,5.77,Completed
128449,14,2015-08-28,Tacoma,46498.63,5.1,Completed
128450,4,2015-08-17,RAV4,32810.79,3.81,Completed
128451,5,2015-08-01,Tacoma,37391.3,5.34,Completed
128452,20,2015-08-13,Tacoma,44244.77,5.77,Completed
128453,7,2015-08-27,Camry,42341.83,5.39,Cancelled
128454,18,2015-08-06,Prius,37967.7,5.68,Completed
128455,11,2015-08-15,Tundra,38239.98,4.16,Completed
128456,6,2015-08-21,RAV4,33753.51,3.86,Pending
128457,10,2015-08-17,Highlander,51041.31,4.88,Completed
128458,15,2015-08-05,Corolla,31106.54,4.86,Completed
128459,7,2015-08-27,Tundra,58131.5,5.39,Completed
128460,14,2015-08-11,Sienna,52142.56,5.1,Completed
128461,19,2015-08-16,Corolla,26208.79,5.48,Completed
128462,8,2015-08-04,Sienna,53873.55,5.84,Pending
128463,4,2015-08-17,RAV4,33052.46,3.81,Completed
128464,11,2015-08-09,Highlander,58218.03,4.16,Completed
128465,9,2015-08-06,Sienna,43219.29,4.4,Completed
128466,11,2015-08-03,Tundra,44860.7,4.16,Completed
128467,20,2015-08-26,Tundra,56619.61,5.77,Completed
128468,11,2015-08-05,RAV4,36838.17,4.16,Completed
128469,11,2015-08-30,Corolla,24326.82,4.16,Completed
128470,6,2015-08-10,Camry,34364.04,3.86,Completed
128471,12,2015-08-30,Camry,48305.66,5.65,Completed
128472,4,2015-08-30,Prius,25803.95,3.81,Completed
128473,17,2015-08-11,RAV4,40120.01,4.51,Completed
128474,4,2015-08-15,Corolla,23340.78,3.81,Completed
128475,9,2015-08-19,Corolla,23083.19,4.4,Completed
128476,12,2015-08-14,Sienna,51465.61,5.65,Completed
128477,4,2015-08-08,Corolla,23068.95,3.81,Completed
128478,15,2015-08-28,Sienna,53692.0,4.86,Completed
128479,2,2015-08-23,Prius,28639.05,4.0,Completed
128480,18,2015-08-04,Tacoma,49863.35,5.68,Completed
128481,6,2015-08-12,Tundra,43135.47,3.86,Completed
128482,6,2015-08-03,Sienna,41205.77,3.86,Pending
128483,3,2015-08-08,Tundra,61540.7,5.69,Completed
128484,3,2015-08-07,Prius,41923.2,5.69,Completed
128485,13,2015-08-03,Highlander,70160.37,5.61,Completed
128486,14,2015-08-25,Highlander,73772.95,5.1,Completed
128487,17,2015-08-07,Prius,24965.78,4.51,Completed
128488,17,2015-08-12,Prius,25941.09,4.51,Completed
128489,15,2015-08-24,Camry,40112.25,4.86,Completed
128490,2,2015-08-03,Tacoma,35289.48,4.0,Completed
128491,4,2015-08-11,Highlander,53547.16,3.81,Completed
128492,14,2015-08-05,Corolla,32653.44,5.1,Completed
128493,1,2015-08-16,Tacoma,43871.45,5.24,Completed
128494,9,2015-08-19,Tacoma,34375.84,4.4,Completed
128495,11,2015-08-02,Corolla,24804.45,4.16,Completed
128496,15,2015-08-08,Tundra,56919.72,4.86,Completed
128497,6,2015-08-01,Highlander,55294.04,3.86,Completed
128498,14,2015-08-18,Corolla,31859.52,5.1,Completed
128499,10,2015-08-04,Camry,35127.05,4.88,Completed
128500,2,2015-08-08,Tundra,42210.29,4.0,Completed
128501,19,2015-08-26,Corolla,30310.02,5.48,Completed
128502,7,2015-08-25,Highlander,80075.55,5.39,Completed
128503,4,2015-08-06,RAV4,36222.17,3.81,Completed
128504,13,2015-08-26,Tundra,64215.38,5.61,Completed
128505,1,2015-08-15,Camry,39193.95,5.24,Completed
128506,3,2015-08-04,Tundra,58477.02,5.69,Completed
128507,10,2015-08-16,RAV4,38851.45,4.88,Completed
128508,15,2015-08-29,Tundra,56593.92,4.86,Pending
128509,9,2015-08-08,Corolla,22724.32,4.4,Completed
128510,18,2015-08-02,RAV4,54705.82,5.68,Completed
128511,12,2015-08-02,Sienna,52368.42,5.65,Completed
128512,4,2015-08-14,Sienna,35933.43,3.81,Completed
128513,8,2015-08-28,Corolla,35795.71,5.84,Completed
128514,6,2015-08-02,Camry,33425.01,3.86,Completed
128515,8,2015-08-23,Highlander,66042.43,5.84,Completed
128516,7,2015-08-07,Prius,38505.89,5.39,Completed
128517,12,2015-08-12,Camry,47892.33,5.65,Pending
128518,12,2015-08-23,Corolla,30744.48,5.65,Completed
128519,3,2015-08-19,Highlander,69141.28,5.69,Completed
128520,9,2015-08-15,Camry,29520.58,4.4,Completed
128521,18,2015-08-28,Highlander,83415.38,5.68,Completed
128522,2,2015-08-03,Highlander,56292.93,4.0,Completed
128523,4,2015-08-06,RAV4,37122.2,3.81,Completed
128524,19,2015-08-03,RAV4,46057.78,5.48,Completed
128525,13,2015-08-15,Tundra,61129.06,5.61,Completed
128526,14,2015-08-20,Camry,43777.59,5.1,Completed
128527,13,2015-08-08,Sienna,56552.61,5.61,Completed
128528,18,2015-08-26,Prius,41863.21,5.68,Completed
128529,5,2015-08-18,Highlander,61453.25,5.34,Completed
128530,2,2015-08-03,Camry,33727.85,4.0,Completed
128531,14,2015-08-22,Prius,33282.44,5.1,Completed
128532,13,2015-08-15,Tacoma,54747.24,5.61,Completed
128533,2,2015-08-25,Highlander,54951.12,4.0,Completed
128534,6,2015-08-27,Sienna,37859.04,3.86,Completed
128535,12,2015-08-11,Sienna,57338.5,5.65,Completed
128536,17,2015-08-05,Sienna,39043.47,4.51,Completed
128537,3,2015-08-14,Tacoma,47465.69,5.69,Completed
128538,2,2015-08-31,Sienna,43126.12,4.0,Completed
128539,1,2015-08-09,Camry,33548.97,5.24,Completed
128540,6,2015-08-14,Corolla,21284.82,3.86,Completed
128541,7,2015-08-13,RAV4,55806.81,5.39,Completed
128542,16,2015-08-02,Highlander,76822.2,6.06,Completed
128543,13,2015-08-14,RAV4,52637.41,5.61,Completed
128544,2,2015-08-11,Camry,34484.74,4.0,Completed
128545,8,2015-08-18,Tacoma,48484.93,5.84,Completed
128546,20,2015-08-25,Sienna,56395.39,5.77,Completed
128547,18,2015-08-20,Tundra,66532.43,5.68,Completed
128548,10,2015-08-01,Camry,36465.92,4.88,Completed
128549,10,2015-08-21,Tacoma,36772.26,4.88,Completed
128550,20,2015-08-17,Tacoma,45304.32,5.77,Cancelled
128551,2,2015-08-03,Camry,35246.94,4.0,Completed
128552,11,2015-08-13,Tacoma,36511.3,4.16,Completed
128553,8,2015-08-23,RAV4,53507.16,5.84,Completed
128554,17,2015-08-04,Prius,27654.97,4.51,Completed
128555,18,2015-08-28,RAV4,60590.33,5.68,Completed
128556,14,2015-08-10,Camry,41253.86,5.1,Completed
128557,2,2015-08-24,Prius,26097.57,4.0,Completed
128558,10,2015-08-23,RAV4,40375.95,4.88,Completed
128559,7,2015-08-05,Tundra,59992.27,5.39,Completed
128560,10,2015-08-22,Tundra,46983.0,4.88,Completed
128561,17,2015-08-20,Highlander,52810.08,4.51,Cancelled
128562,8,2015-08-28,Highlander,74559.9,5.84,Completed
128563,6,2015-08-06,Tacoma,36007.53,3.86,Completed
128564,10,2015-08-13,RAV4,36987.9,4.88,Completed
128565,16,2015-08-07,Tundra,54893.77,6.06,Completed
128566,19,2015-08-28,Sienna,49132.97,5.48,Completed
128567,17,2015-08-06,Highlander,55599.4,4.51,Completed
128568,12,2015-08-23,Tacoma,48463.41,5.65,Completed
128569,13,2015-08-25,Tacoma,46018.09,5.61,Completed
128570,15,2015-08-20,RAV4,56563.46,4.86,Completed
128571,12,2015-08-30,Tacoma,51086.47,5.65,Completed
128572,4,2015-08-13,Highlander,54579.75,3.81,Completed
128573,15,2015-08-12,Tacoma,47230.11,4.86,Completed
128574,20,2015-08-18,Sienna,56950.95,5.77,Completed
128575,17,2015-08-27,Sienna,38958.88,4.51,Completed
128576,20,2015-08-28,Tundra,58778.18,5.77,Completed
128577,1,2015-08-27,Prius,31734.36,5.24,Cancelled
128578,8,2015-08-10,Tundra,61660.77,5.84,Completed
128579,4,2015-08-19,Tacoma,30632.33,3.81,Completed
128580,4,2015-08-07,RAV4,35726.65,3.81,Completed
128581,10,2015-08-12,Highlander,53653.51,4.88,Completed
128582,9,2015-08-20,Camry,30366.23,4.4,Completed
128583,13,2015-08-14,Sienna,60573.79,5.61,Completed
128584,9,2015-08-02,Corolla,22489.76,4.4,Completed
128585,11,2015-08-15,Tundra,43314.75,4.16,Completed
128586,17,2015-08-03,Tacoma,32383.28,4.51,Pending
128587,4,2015-08-23,Prius,25965.0,3.81,Completed
128588,19,2015-08-10,Sienna,48465.87,5.48,Completed
128589,19,2015-08-29,Corolla,28851.21,5.48,Completed
128590,16,2015-08-21,Prius,41467.4,6.06,Completed
128591,9,2015-08-18,Sienna,42272.99,4.4,Completed
128592,2,2015-08-25,Tacoma,33186.33,4.0,Completed
128593,11,2015-08-21,Camry,33889.63,4.16,Completed
128594,8,2015-08-11,Tundra,62824.21,5.84,Completed
128595,11,2015-08-28,RAV4,41631.85,4.16,Completed
128596,3,2015-08-09,Tacoma,46504.04,5.69,Completed
128597,14,2015-08-01,Prius,33091.26,5.1,Completed
128598,15,2015-08-16,RAV4,47685.03,4.86,Completed
128599,4,2015-08-14,Tacoma,35131.67,3.81,Completed
128600,2,2015-08-07,Sienna,39453.13,4.0,Completed
128601,5,2015-08-23,Camry,36672.67,5.34,Completed
128602,3,2015-08-17,RAV4,55839.52,5.69,Pending
128603,20,2015-08-26,Camry,46779.44,5.77,Completed
128604,2,2015-08-20,Highlander,60394.43,4.0,Completed
128605,4,2015-08-13,Highlander,51699.82,3.81,Completed
128606,2,2015-08-24,Tundra,41718.39,4.0,Completed
128607,7,2015-08-01,Highlander,69766.99,5.39,Completed
128608,13,2015-08-18,RAV4,53867.72,5.61,Completed
128609,19,2015-08-17,Tacoma,41608.46,5.48,Completed
128610,5,2015-08-31,Highlander,60310.92,5.34,Completed
128611,18,2015-08-26,Highlander,84609.28,5.68,Completed
128612,17,2015-08-30,Tacoma,36970.7,4.51,Cancelled
128613,3,2015-08-13,Highlander,83141.54,5.69,Completed
128614,9,2015-08-30,Tacoma,36832.17,4.4,Completed
128615,16,2015-08-30,Highlander,74941.87,6.06,Completed
128616,7,2015-08-17,Highlander,80678.59,5.39,Completed
128617,14,2015-08-19,Tacoma,49352.22,5.1,Completed
128618,12,2015-08-10,Sienna,57559.72,5.65,Completed
128619,17,2015-08-23,Prius,26567.74,4.51,Completed
128620,16,2015-08-02,Camry,48139.94,6.06,Completed
128621,5,2015-08-13,Corolla,29138.97,5.34,Completed
128622,8,2015-08-15,Camry,40182.34,5.84,Completed
128623,13,2015-08-25,Tundra,54169.0,5.61,Completed
128624,8,2015-08-23,Highlander,67801.92,5.84,Completed
128625,7,2015-08-09,Sienna,53865.22,5.39,Completed
128626,14,2015-08-27,Corolla,30325.44,5.1,Completed
128627,7,2015-08-18,Tacoma,51460.47,5.39,Completed
128628,9,2015-08-30,Prius,27317.58,4.4,Completed
128629,5,2015-08-17,Corolla,30002.46,5.34,Completed
128630,5,2015-08-23,Corolla,26790.81,5.34,Completed
128631,2,2015-08-30,Prius,27105.38,4.0,Completed
128632,17,2015-08-19,Tundra,42434.34,4.51,Completed
128633,16,2015-08-13,Tundra,53936.63,6.06,Completed
128634,12,2015-08-01,Highlander,72574.25,5.65,Completed
128635,3,2015-08-16,Camry,50068.17,5.69,Completed
128636,13,2015-08-19,Highlander,73831.81,5.61,Completed
128637,13,2015-08-20,Corolla,35780.57,5.61,Completed
128638,7,2015-08-19,Highlander,77350.85,5.39,Completed
128639,13,2015-08-28,Camry,49695.18,5.61,Completed
128640,6,2015-08-14,Prius,26661.3,3.86,Pending
128641,8,2015-08-01,Sienna,54303.63,5.84,Completed
128642,8,2015-08-02,Highlander,67873.69,5.84,Completed
128643,6,2015-08-14,Sienna,44352.93,3.86,Completed
128644,2,2015-08-21,Corolla,25011.74,4.0,Completed
128645,5,2015-08-07,Corolla,28068.59,5.34,Completed
128646,3,2015-08-15,Highlander,82033.62,5.69,Completed
128647,2,2015-08-24,Tacoma,35693.4,4.0,Completed
128648,13,2015-08-20,Tacoma,47372.59,5.61,Completed
128649,7,2015-08-24,Corolla,34800.92,5.39,Completed
128650,14,2015-08-29,Camry,40989.96,5.1,Pending
128651,12,2015-08-26,Tacoma,46236.76,5.65,Completed
128652,6,2015-08-15,Sienna,37385.29,3.86,Completed
128653,15,2015-08-06,Highlander,66533.35,4.86,Completed
128654,10,2015-08-31,Camry,31848.84,4.88,Completed
128655,20,2015-08-13,Camry,42324.14,5.77,Completed
128656,5,2015-08-05,Prius,33170.43,5.34,Completed
128657,8,2015-08-26,RAV4,56333.94,5.84,Completed
128658,16,2015-08-02,Tacoma,46541.29,6.06,Completed
128659,9,2015-08-10,RAV4,36350.02,4.4,Completed
128660,16,2015-08-11,Highlander,72450.45,6.06,Cancelled
128661,14,2015-08-21,Camry,44523.71,5.1,Completed
128662,4,2015-08-04,Sienna,39939.11,3.81,Cancelled
128663,9,2015-08-23,Camry,31315.36,4.4,Completed
128664,5,2015-08-23,Prius,31233.71,5.34,Completed
128665,5,2015-08-26,Tundra,49019.36,5.34,Completed
128666,4,2015-08-08,RAV4,33941.2,3.81,Completed
128667,8,2015-08-19,Sienna,55027.95,5.84,Completed
128668,12,2015-08-01,Corolla,29354.34,5.65,Completed
128669,3,2015-08-31,Tacoma,48909.77,5.69,Completed
128670,8,2015-08-29,Tacoma,51989.2,5.84,Completed
128671,1,2015-08-27,RAV4,41388.52,5.24,Completed
128672,9,2015-08-18,Prius,24756.62,4.4,Completed
128673,17,2015-08-12,RAV4,40216.43,4.51,Completed
128674,10,2015-08-01,Prius,30371.31,4.88,Completed
128675,15,2015-08-22,Tundra,51732.54,4.86,Completed
128676,6,2015-08-20,Tacoma,34456.22,3.86,Completed
128677,12,2015-08-27,Camry,40722.5,5.65,Completed
128678,19,2015-08-19,Sienna,49838.94,5.48,Completed
128679,17,2015-08-25,Corolla,23860.02,4.51,Cancelled
128680,17,2015-08-22,Tacoma,35625.95,4.51,Completed
128681,7,2015-08-14,Tundra,58696.95,5.39,Completed
128682,2,2015-08-05,Sienna,45155.64,4.0,Completed
128683,1,2015-08-29,Camry,40111.73,5.24,Completed
128684,1,2015-08-20,Tacoma,42975.15,5.24,Completed
128685,3,2015-08-07,RAV4,52800.18,5.69,Completed
128686,19,2015-08-18,Prius,31828.08,5.48,Completed
128687,4,2015-08-20,Highlander,50819.19,3.81,Completed
128688,14,2015-08-30,Tundra,59965.45,5.1,Pending
128689,1,2015-08-08,RAV4,43354.13,5.24,Completed
128690,10,2015-08-05,Prius,29934.73,4.88,Completed
128691,3,2015-08-06,Prius,37597.28,5.69,Completed
128692,15,2015-08-02,Highlander,71194.2,4.86,Completed
128693,10,2015-08-14,Camry,30306.0,4.88,Completed
128694,9,2015-08-06,Highlander,48057.43,4.4,Completed
128695,6,2015-08-26,Corolla,25117.66,3.86,Completed
128696,12,2015-08-17,RAV4,53613.49,5.65,Completed
128697,3,2015-08-23,RAV4,50688.22,5.69,Completed
128698,17,2015-08-27,Tacoma,36091.82,4.51,Completed
128699,17,2015-08-09,RAV4,37247.46,4.51,Completed
128700,20,2015-08-16,RAV4,57422.91,5.77,Completed
128701,8,2015-08-31,Sienna,58702.86,5.84,Completed
128702,2,2015-08-26,Sienna,40411.96,4.0,Completed
128703,9,2015-08-08,Tacoma,38272.74,4.4,Completed
128704,13,2015-08-30,Highlander,82202.26,5.61,Completed
128705,8,2015-08-19,RAV4,51359.08,5.84,Completed
128706,9,2015-08-17,Prius,26092.19,4.4,Completed
128707,3,2015-08-23,Highlander,77087.09,5.69,Completed
128708,10,2015-08-20,Corolla,24601.89,4.88,Completed
128709,13,2015-08-26,Sienna,60513.32,5.61,Completed
128710,19,2015-08-10,Prius,35404.27,5.48,Completed
128711,2,2015-08-02,RAV4,36760.4,4.0,Completed
128712,9,2015-08-02,RAV4,41337.66,4.4,Completed
128713,2,2015-08-03,Highlander,56147.66,4.0,Completed
128714,17,2015-08-01,RAV4,37597.24,4.51,Completed
128715,11,2015-08-17,Corolla,24386.66,4.16,Completed
128716,18,2015-08-12,RAV4,54092.0,5.68,Completed
128717,2,2015-08-31,Prius,27438.92,4.0,Completed
128718,17,2015-08-07,Tundra,42473.12,4.51,Completed
128719,11,2015-08-12,Highlander,49631.84,4.16,Completed
128720,3,2015-08-01,Tacoma,50967.84,5.69,Completed
128721,10,2015-08-10,Tundra,43440.19,4.88,Completed
128722,7,2015-08-17,Highlander,79300.93,5.39,Completed
128723,4,2015-08-08,Corolla,23455.97,3.81,Completed
128724,2,2015-08-16,Prius,29885.52,4.0,Completed
128725,6,2015-08-30,Corolla,24636.32,3.86,Completed
128726,12,2015-08-02,RAV4,56308.74,5.65,Completed
128727,16,2015-08-16,Tundra,58035.78,6.06,Completed
128728,8,2015-08-13,Corolla,29391.63,5.84,Completed
128729,4,2015-08-14,Camry,33351.26,3.81,Completed
128730,20,2015-08-09,Highlander,79828.76,5.77,Completed
128731,1,2015-08-13,Sienna,45063.55,5.24,Completed
128732,6,2015-08-09,Tacoma,36772.84,3.86,Completed
128733,2,2015-08-31,RAV4,39495.09,4.0,Completed
128734,3,2015-08-30,Highlander,81413.08,5.69,Completed
128735,1,2015-08-27,Highlander,62463.55,5.24,Completed
128736,2,2015-08-12,Prius,30674.16,4.0,Completed
128737,12,2015-08-15,Tundra,55197.96,5.65,Pending
128738,19,2015-08-13,Corolla,27641.94,5.48,Completed
128739,20,2015-08-14,Tundra,61237.34,5.77,Completed
128740,9,2015-08-22,Camry,33831.93,4.4,Completed
128741,11,2015-08-29,Tacoma,32213.57,4.16,Completed
128742,1,2015-08-25,Tundra,49379.77,5.24,Completed
128743,5,2015-08-23,Prius,28805.71,5.34,Completed
128744,1,2015-08-25,Sienna,49128.0,5.24,Completed
128745,16,2015-08-07,Prius,40849.41,6.06,Completed
128746,19,2015-08-10,Camry,35797.09,5.48,Completed
128747,20,2015-08-13,Prius,40397.71,5.77,Completed
128748,19,2015-08-17,Tundra,47161.76,5.48,Completed
128749,16,2015-08-26,Camry,46121.41,6.06,Completed
128750,15,2015-08-13,RAV4,51906.18,4.86,Pending
128751,16,2015-08-11,Tundra,57766.19,6.06,Completed
128752,1,2015-08-23,Highlander,59446.8,5.24,Completed
128753,2,2015-08-12,Corolla,25089.21,4.0,Completed
128754,2,2015-08-31,Tacoma,33664.25,4.0,Pending
128755,14,2015-08-14,RAV4,48141.24,5.1,Completed
128756,7,2015-08-09,Corolla,32720.12,5.39,Completed
128757,6,2015-08-11,RAV4,40397.51,3.86,Completed
128758,7,2015-08-08,Highlander,67286.42,5.39,Completed
128759,16,2015-08-13,Corolla,33681.7,6.06,Completed
128760,3,2015-08-05,Tacoma,47311.53,5.69,Completed
128761,18,2015-08-16,Corolla,34737.45,5.68,Completed
128762,11,2015-08-18,Prius,25292.46,4.16,Completed
128763,1,2015-08-09,Sienna,49738.04,5.24,Completed
128764,4,2015-08-11,Prius,28010.34,3.81,Completed
128765,9,2015-08-26,Sienna,43993.69,4.4,Completed
128766,11,2015-08-07,Camry,33092.67,4.16,Completed
128767,3,2015-08-25,Corolla,34997.97,5.69,Completed
128768,10,2015-08-12,Corolla,22808.13,4.88,Pending
128769,7,2015-08-20,Camry,45863.8,5.39,Completed
128770,15,2015-08-22,Sienna,59299.68,4.86,Completed
128771,15,2015-08-26,Tundra,55364.91,4.86,Completed
128772,10,2015-08-18,Camry,35924.69,4.88,Completed
128773,5,2015-08-24,RAV4,45671.56,5.34,Completed
128774,7,2015-08-04,Highlander,67838.73,5.39,Completed
128775,15,2015-08-04,Tacoma,45663.53,4.86,Completed
128776,13,2015-08-03,Sienna,63062.86,5.61,Completed
128777,15,2015-08-12,Prius,35915.44,4.86,Completed
128778,14,2015-08-30,Sienna,57627.73,5.1,Completed
128779,12,2015-08-27,Tacoma,48994.53,5.65,Completed
128780,13,2015-08-04,Tundra,60313.31,5.61,Completed
128781,19,2015-08-07,Highlander,63336.75,5.48,Completed
128782,18,2015-08-09,Tundra,64172.19,5.68,Pending
128783,10,2015-08-21,Corolla,22069.26,4.88,Completed
128784,11,2015-08-30,Highlander,50941.87,4.16,Completed
128785,8,2015-08-08,Tundra,54315.41,5.84,Completed
128786,11,2015-08-27,Tacoma,33957.04,4.16,Completed
128787,5,2015-08-26,RAV4,48052.83,5.34,Completed
128788,10,2015-08-16,Highlander,54036.53,4.88,Completed
128789,7,2015-08-17,Corolla,31046.77,5.39,Completed
128790,4,2015-08-29,RAV4,34078.26,3.81,Completed
128791,4,2015-08-29,Highlander,50543.79,3.81,Completed
128792,4,2015-08-15,Camry,30207.5,3.81,Completed
128793,7,2015-08-23,RAV4,57403.17,5.39,Completed
128794,8,2015-08-08,Sienna,59283.64,5.84,Completed
128795,16,2015-08-23,Prius,37196.76,6.06,Completed
128796,5,2015-08-04,Prius,32986.38,5.34,Completed
128797,18,2015-08-23,Sienna,66055.89,5.68,Completed
128798,1,2015-08-10,RAV4,46141.64,5.24,Completed
128799,19,2015-08-14,Prius,31631.28,5.48,Completed
128800,4,2015-08-01,Camry,30246.44,3.81,Completed
128801,15,2015-08-22,Camry,44499.79,4.86,Completed
128802,9,2015-08-20,Tacoma,32394.14,4.4,Completed
128803,9,2015-08-20,Prius,26590.13,4.4,Completed
128804,17,2015-08-26,Tundra,43519.94,4.51,Completed
128805,14,2015-08-20,Corolla,33793.82,5.1,Completed
128806,1,2015-08-25,Tacoma,43637.6,5.24,Completed
128807,5,2015-08-09,Highlander,57965.85,5.34,Completed
128808,1,2015-08-14,Prius,30958.4,5.24,Completed
128809,10,2015-08-15,Tundra,44368.62,4.88,Completed
128810,4,2015-08-29,RAV4,39187.7,3.81,Completed
128811,13,2015-08-08,Highlander,72687.93,5.61,Completed
128812,6,2015-08-21,Tacoma,37228.76,3.86,Completed
128813,1,2015-08-05,Corolla,25832.21,5.24,Completed
128814,12,2015-08-02,RAV4,49507.38,5.65,Completed
128815,14,2015-08-28,Tacoma,47074.79,5.1,Completed
128816,1,2015-08-07,Sienna,47044.7,5.24,Completed
128817,14,2015-08-06,Prius,36474.35,5.1,Completed
128818,15,2015-08-25,Camry,40747.12,4.86,Completed
128819,11,2015-08-28,Tundra,40412.33,4.16,Completed
128820,3,2015-08-27,Camry,45752.43,5.69,Completed
128821,10,2015-08-16,Tacoma,34233.95,4.88,Completed
128822,14,2015-08-20,Tacoma,47219.06,5.1,Completed
128823,19,2015-08-31,RAV4,49706.3,5.48,Completed
128824,5,2015-08-22,Tacoma,36892.42,5.34,Completed
128825,17,2015-08-25,RAV4,36345.01,4.51,Completed
128826,20,2015-08-20,Corolla,32891.88,5.77,Completed
128827,18,2015-08-22,Tacoma,49226.51,5.68,Pending
128828,19,2015-08-06,RAV4,46503.7,5.48,Completed
128829,16,2015-08-24,Prius,38438.19,6.06,Completed
128830,12,2015-08-30,Corolla,31566.96,5.65,Completed
128831,9,2015-08-05,Tundra,42310.31,4.4,Completed
128832,10,2015-08-13,RAV4,37146.53,4.88,Completed
128833,20,2015-08-16,Sienna,54151.35,5.77,Completed
128834,11,2015-08-20,Tundra,39956.44,4.16,Completed
128835,13,2015-08-12,Tundra,63699.49,5.61,Completed
128836,14,2015-08-26,Prius,33955.67,5.1,Completed
128837,2,2015-08-22,Camry,32438.76,4.0,Completed
128838,20,2015-08-05,Corolla,35872.8,5.77,Completed
128839,4,2015-08-10,Corolla,22221.58,3.81,Completed
128840,15,2015-08-07,Highlander,67566.62,4.86,Completed
128841,11,2015-08-05,Corolla,23513.99,4.16,Completed
128842,14,2015-08-28,Sienna,56181.18,5.1,Completed
128843,1,2015-08-24,Sienna,50486.45,5.24,Completed
128844,17,2015-08-31,Prius,28679.2,4.51,Completed
128845,1,2015-08-20,Prius,28196.64,5.24,Completed
128846,6,2015-08-20,Sienna,40107.8,3.86,Cancelled
128847,3,2015-08-03,Sienna,57031.21,5.69,Completed
128848,2,2015-08-24,RAV4,39987.05,4.0,Completed
128849,16,2015-08-04,Camry,46539.09,6.06,Completed
128850,7,2015-08-30,RAV4,49003.01,5.39,Completed
128851,5,2015-08-16,Tacoma,38814.53,5.34,Completed
128852,15,2015-08-17,Camry,40891.99,4.86,Completed
128853,4,2015-08-11,Corolla,23626.59,3.81,Completed
128854,17,2015-08-23,Tacoma,33846.16,4.51,Completed
128855,11,2015-08-14,Tacoma,31891.33,4.16,Completed
128856,12,2015-08-01,Prius,38933.16,5.65,Completed
128857,14,2015-08-02,Tundra,52159.61,5.1,Completed
128858,2,2015-08-03,Corolla,25487.41,4.0,Completed
128859,18,2015-08-15,RAV4,54544.74,5.68,Completed
128860,7,2015-08-03,Corolla,33646.03,5.39,Completed
128861,9,2015-08-30,Prius,26958.58,4.4,Completed
128862,10,2015-08-07,Highlander,52205.97,4.88,Completed
128863,2,2015-08-03,Sienna,44440.46,4.0,Completed
128864,16,2015-08-21,Tundra,55891.33,6.06,Completed
128865,17,2015-08-09,Tacoma,34954.22,4.51,Completed
128866,11,2015-08-12,Corolla,23264.14,4.16,Completed
128867,3,2015-08-04,Camry,44884.02,5.69,Completed
128868,2,2015-08-03,Highlander,50801.59,4.0,Completed
128869,6,2015-08-31,Camry,30405.93,3.86,Pending
128870,3,2015-08-08,Camry,45616.1,5.69,Completed
128871,20,2015-08-16,Sienna,61912.35,5.77,Completed
128872,8,2015-08-28,Highlander,70546.31,5.84,Completed
128873,10,2015-08-20,RAV4,42725.81,4.88,Completed
128874,6,2015-08-09,Corolla,21598.4,3.86,Cancelled
128875,16,2015-08-14,Prius,36830.01,6.06,Completed
128876,9,2015-08-25,Sienna,37861.93,4.4,Completed
128877,12,2015-08-11,Highlander,78985.35,5.65,Completed
128878,9,2015-08-27,Corolla,24895.44,4.4,Completed
128879,3,2015-08-05,Corolla,34474.46,5.69,Completed
128880,4,2015-08-30,Prius,28112.99,3.81,Completed
128881,15,2015-08-16,Sienna,61083.49,4.86,Completed
128882,10,2015-08-20,Tundra,39565.06,4.88,Completed
128883,7,2015-08-11,Prius,37749.06,5.39,Completed
128884,3,2015-08-27,Sienna,56557.13,5.69,Completed
128885,9,2015-08-01,RAV4,37454.17,4.4,Completed
128886,9,2015-08-26,Highlander,55131.84,4.4,Completed
128887,5,2015-08-21,RAV4,46788.05,5.34,Completed
128888,16,2015-08-31,Highlander,82058.85,6.06,Completed
128889,5,2015-08-23,Camry,37942.63,5.34,Completed
128890,16,2015-08-08,Camry,41470.41,6.06,Completed
128891,10,2015-08-24,Tundra,46428.68,4.88,Completed
128892,17,2015-08-12,Camry,28720.81,4.51,Completed
128893,2,2015-08-27,Sienna,44701.64,4.0,Completed
128894,7,2015-08-24,Camry,45234.06,5.39,Pending
128895,20,2015-08-29,Prius,35145.83,5.77,Completed
128896,18,2015-08-10,Corolla,37047.11,5.68,Completed
128897,9,2015-08-21,Tacoma,34346.0,4.4,Completed
128898,4,2015-08-11,Prius,24702.14,3.81,Completed
128899,10,2015-08-19,Corolla,25627.9,4.88,Completed
128900,10,2015-08-29,Tundra,44266.05,4.88,Completed
128901,3,2015-08-01,Tacoma,50354.63,5.69,Completed
128902,9,2015-08-17,Camry,30905.3,4.4,Completed
128903,1,2015-08-04,Sienna,50026.88,5.24,Completed
128904,16,2015-08-17,RAV4,51815.77,6.06,Completed
128905,8,2015-08-18,Corolla,33358.33,5.84,Completed
128906,15,2015-08-26,Sienna,53659.83,4.86,Completed
128907,10,2015-08-17,Highlander,49260.3,4.88,Completed
128908,3,2015-08-06,Sienna,60059.95,5.69,Completed
128909,2,2015-08-15,Corolla,23219.8,4.0,Completed
128910,12,2015-08-25,RAV4,53909.58,5.65,Completed
128911,9,2015-08-08,Camry,34377.71,4.4,Completed
128912,6,2015-08-19,Prius,27755.45,3.86,Completed
128913,3,2015-08-11,Sienna,58012.77,5.69,Cancelled
128914,5,2015-08-13,Corolla,24943.94,5.34,Completed
128915,19,2015-08-16,Highlander,68337.55,5.48,Completed
128916,19,2015-08-22,Sienna,49642.51,5.48,Completed
128917,1,2015-08-07,Corolla,29029.71,5.24,Completed
128918,10,2015-08-10,Tacoma,35294.51,4.88,Completed
128919,6,2015-08-18,Corolla,21566.43,3.86,Completed
128920,11,2015-08-10,Highlander,58378.62,4.16,Completed
128921,16,2015-08-05,Highlander,72449.69,6.06,Completed
128922,12,2015-08-04,Highlander,68971.34,5.65,Completed
128923,9,2015-08-07,Camry,34887.81,4.4,Completed
128924,11,2015-08-10,Sienna,39461.06,4.16,Completed
128925,8,2015-08-09,Sienna,57752.06,5.84,Completed
128926,8,2015-08-06,Corolla,34117.22,5.84,Completed
128927,15,2015-08-01,Prius,36538.62,4.86,Completed
128928,20,2015-08-29,Tundra,59768.3,5.77,Cancelled
128929,16,2015-08-22,RAV4,51240.53,6.06,Completed
128930,11,2015-08-12,Tacoma,35224.65,4.16,Completed
128931,11,2015-08-11,Tacoma,35297.01,4.16,Pending
128932,19,2015-08-22,RAV4,42691.73,5.48,Completed
128933,3,2015-08-01,Highlander,82505.23,5.69,Completed
128934,10,2015-08-15,Tacoma,34493.78,4.88,Completed
128935,11,2015-08-16,Corolla,25300.0,4.16,Completed
128936,18,2015-08-22,Tacoma,53506.92,5.68,Completed
128937,13,2015-08-03,RAV4,50807.22,5.61,Completed
128938,17,2015-08-14,Camry,31423.51,4.51,Completed
128939,5,2015-08-21,Corolla,29710.01,5.34,Completed
128940,11,2015-08-29,RAV4,40205.84,4.16,Completed
128941,4,2015-08-07,Prius,25183.61,3.81,Completed
128942,19,2015-08-20,Prius,33134.02,5.48,Completed
128943,11,2015-08-14,Prius,24818.81,4.16,Completed
128944,5,2015-08-16,RAV4,46032.15,5.34,Completed
128945,16,2015-08-05,Camry,46080.45,6.06,Completed
128946,19,2015-08-17,Tundra,47329.96,5.48,Completed
128947,12,2015-08-25,Sienna,58063.65,5.65,Completed
128948,14,2015-08-30,Highlander,65824.06,5.1,Completed
128949,7,2015-08-27,Sienna,60483.2,5.39,Completed
128950,18,2015-08-04,Highlander,83012.25,5.68,Completed
128951,12,2015-08-02,Tacoma,47671.48,5.65,Completed
128952,9,2015-08-11,Camry,31003.6,4.4,Completed
128953,7,2015-08-11,Sienna,61949.33,5.39,Completed
128954,15,2015-08-04,Sienna,60002.74,4.86,Completed
128955,14,2015-08-30,Tundra,54483.19,5.1,Completed
128956,16,2015-08-19,Tacoma,47032.53,6.06,Completed
128957,20,2015-08-12,Sienna,58097.06,5.77,Completed
128958,2,2015-08-07,Tundra,41393.07,4.0,Completed
128959,10,2015-08-01,Prius,26356.05,4.88,Completed
128960,5,2015-08-19,Sienna,44923.35,5.34,Pending
128961,8,2015-08-15,Camry,44750.66,5.84,Completed
128962,2,2015-08-04,RAV4,35931.15,4.0,Completed
128963,8,2015-08-03,Prius,37698.78,5.84,Completed
128964,1,2015-08-29,RAV4,43779.72,5.24,Completed
128965,13,2015-08-14,Highlander,74118.3,5.61,Completed
128966,10,2015-08-03,Sienna,46472.2,4.88,Completed
128967,12,2015-08-20,Camry,42348.37,5.65,Completed
128968,6,2015-08-01,Corolla,22126.61,3.86,Completed
128969,12,2015-08-19,Corolla,32343.37,5.65,Completed
128970,7,2015-08-15,Sienna,61766.14,5.39,Pending
128971,15,2015-08-15,Tundra,53312.55,4.86,Completed
128972,3,2015-08-26,Sienna,64171.16,5.69,Completed
128973,6,2015-08-04,RAV4,36141.89,3.86,Completed
128974,10,2015-08-21,RAV4,36260.32,4.88,Completed
128975,12,2015-08-09,Camry,40281.67,5.65,Completed
128976,9,2015-08-29,Tundra,44927.2,4.4,Completed
128977,3,2015-08-13,RAV4,57735.85,5.69,Completed
128978,15,2015-08-27,Highlander,67552.4,4.86,Completed
128979,5,2015-08-05,Tundra,51740.57,5.34,Completed
128980,3,2015-08-02,Tundra,55015.74,5.69,Completed
128981,12,2015-08-04,Corolla,33850.63,5.65,Completed
128982,11,2015-08-04,Prius,27561.93,4.16,Completed
128983,17,2015-08-17,Camry,31820.77,4.51,Completed
128984,2,2015-08-19,Prius,29252.69,4.0,Completed
128985,9,2015-08-22,Sienna,41940.06,4.4,Pending
128986,15,2015-08-02,RAV4,55554.2,4.86,Completed
128987,13,2015-08-14,Sienna,56164.57,5.61,Completed
128988,16,2015-08-09,Corolla,34939.45,6.06,Completed
128989,12,2015-08-01,Corolla,31214.19,5.65,Completed
128990,17,2015-08-05,Tundra,41724.52,4.51,Completed
128991,16,2015-08-14,RAV4,52534.2,6.06,Completed
128992,4,2015-08-06,Corolla,21434.82,3.81,Completed
128993,2,2015-08-03,Tundra,42251.64,4.0,Completed
128994,1,2015-08-22,Highlander,61419.99,5.24,Completed
128995,7,2015-08-25,Tacoma,51658.85,5.39,Completed
128996,19,2015-08-20,Tundra,51503.53,5.48,Pending
128997,2,2015-08-24,Highlander,52093.1,4.0,Completed
128998,3,2015-08-06,RAV4,59613.75,5.69,Pending
128999,8,2015-08-15,Camry,46757.74,5.84,Completed
129000,15,2015-08-24,Corolla,32491.91,4.86,Completed
129001,5,2015-08-20,Prius,32996.9,5.34,Completed
129002,15,2015-08-28,RAV4,47684.59,4.86,Completed
129003,7,2015-08-12,Tacoma,44325.67,5.39,Completed
129004,2,2015-08-11,Tundra,45711.41,4.0,Completed
129005,2,2015-08-25,Camry,33537.83,4.0,Completed
129006,19,2015-08-15,Tacoma,46010.01,5.48,Completed
129007,7,2015-08-18,Corolla,31059.56,5.39,Completed
129008,16,2015-08-22,RAV4,50974.49,6.06,Pending
129009,20,2015-08-14,RAV4,51138.03,5.77,Completed
129010,4,2015-08-03,Camry,33280.19,3.81,Completed
129011,8,2015-08-06,Prius,40548.38,5.84,Completed
129012,2,2015-08-31,Prius,30963.26,4.0,Completed
129013,20,2015-08-07,Highlander,66856.32,5.77,Completed
129014,5,2015-08-05,Camry,37170.79,5.34,Completed
129015,15,2015-08-31,Sienna,60053.56,4.86,Completed
129016,14,2015-08-30,Corolla,31959.99,5.1,Completed
129017,14,2015-08-10,RAV4,51165.98,5.1,Completed
129018,7,2015-08-22,Highlander,76076.24,5.39,Completed
129019,20,2015-08-18,Tacoma,47656.48,5.77,Completed
129020,16,2015-08-10,Tacoma,47634.67,6.06,Cancelled
129021,18,2015-08-09,Corolla,36693.51,5.68,Completed
129022,10,2015-08-29,Tundra,45121.73,4.88,Completed
129023,18,2015-08-01,RAV4,60854.05,5.68,Completed
129024,4,2015-08-28,RAV4,35780.76,3.81,Completed
129025,20,2015-08-30,Tundra,52960.86,5.77,Completed
129026,11,2015-08-15,Tacoma,32238.01,4.16,Completed
129027,15,2015-08-10,Highlander,70872.91,4.86,Completed
129028,12,2015-08-10,Tundra,55741.1,5.65,Completed
129029,17,2015-08-10,Sienna,38617.89,4.51,Completed
129030,4,2015-08-16,Sienna,37201.01,3.81,Completed
129031,4,2015-08-17,RAV4,36610.25,3.81,Completed
129032,1,2015-08-25,Sienna,48117.64,5.24,Completed
129033,7,2015-08-15,RAV4,55295.07,5.39,Completed
129034,11,2015-08-28,Tacoma,33305.8,4.16,Completed
129035,2,2015-08-26,Highlander,53147.31,4.0,Completed
129036,20,2015-08-05,Corolla,33018.4,5.77,Completed
129037,13,2015-08-24,Sienna,54159.55,5.61,Completed
129038,1,2015-08-11,Tacoma,36404.83,5.24,Completed
129039,1,2015-08-11,Prius,33535.85,5.24,Completed
129040,2,2015-08-29,Sienna,46065.72,4.0,Completed
129041,18,2015-08-25,Tundra,57708.04,5.68,Completed
129042,13,2015-08-23,Camry,46580.32,5.61,Completed
129043,20,2015-08-27,Corolla,31434.03,5.77,Completed
129044,10,2015-08-27,Prius,29338.64,4.88,Completed
129045,6,2015-08-31,Corolla,21628.1,3.86,Cancelled
129046,14,2015-08-25,Tacoma,42798.07,5.1,Completed
129047,9,2015-08-17,Highlander,52325.09,4.4,Completed
129048,10,2015-08-04,Corolla,25164.14,4.88,Completed
