sale_id,sale_rep_id,sale_date,car_model,sale_amount,commission_pct,sale_status
472717,11,2020-03-25,Tundra,36017.67,4.16,Completed
472718,20,2020-03-09,Prius,31507.97,5.77,Completed
472719,4,2020-03-04,Tacoma,25720.34,3.81,Completed
472720,16,2020-03-09,Prius,35403.04,6.06,Completed
472721,14,2020-03-22,Highlander,59864.84,5.1,Completed
472722,20,2020-03-15,Corolla,29880.86,5.77,Completed
472723,11,2020-03-20,Corolla,20998.19,4.16,Completed
472724,9,2020-03-07,Tacoma,27113.2,4.4,Completed
472725,11,2020-03-24,Highlander,46651.39,4.16,Completed
472726,18,2020-03-12,Sienna,47265.2,5.68,Completed
472727,4,2020-03-16,Prius,20187.49,3.81,Completed
472728,18,2020-03-01,Corolla,30933.86,5.68,Completed
472729,1,2020-03-27,Sienna,39639.53,5.24,Pending
472730,17,2020-03-23,Tacoma,30331.44,4.51,Completed
472731,11,2020-03-27,Highlander,47623.68,4.16,Pending
472732,14,2020-03-07,Tundra,42135.91,5.1,Completed
472733,5,2020-03-18,Corolla,22776.64,5.34,Completed
472734,19,2020-03-10,RAV4,42687.03,5.48,Completed
472735,1,2020-03-30,Highlander,51882.8,5.24,Completed
472736,4,2020-03-10,Corolla,19085.87,3.81,Completed
472737,12,2020-03-12,Highlander,66455.83,5.65,Completed
472738,13,2020-03-07,Tundra,46997.11,5.61,Completed
472739,8,2020-03-19,Highlander,65551.72,5.84,Completed
472740,12,2020-03-07,Highlander,60234.59,5.65,Cancelled
472741,19,2020-03-14,Highlander,58722.78,5.48,Completed
472742,14,2020-03-04,Tundra,47983.7,5.1,Completed
472743,11,2020-03-14,Tacoma,32580.63,4.16,Completed
472744,7,2020-03-15,Highlander,58725.24,5.39,Completed
472745,13,2020-03-03,Camry,37371.51,5.61,Completed
472746,19,2020-03-25,Tacoma,38186.83,5.48,Completed
472747,16,2020-03-01,Highlander,63919.04,6.06,Completed
472748,15,2020-03-24,Prius,30238.76,4.86,Cancelled
472749,16,2020-03-31,Corolla,28423.96,6.06,Completed
472750,2,2020-03-06,Corolla,19699.06,4.0,Completed
472751,14,2020-03-13,Corolla,27090.05,5.1,Completed
472752,12,2020-03-09,Tacoma,42843.73,5.65,Completed
472753,1,2020-03-30,RAV4,38804.34,5.24,Completed
472754,10,2020-03-21,Tundra,34185.6,4.88,Completed
472755,20,2020-03-27,Tacoma,45330.7,5.77,Completed
472756,15,2020-03-19,Tundra,44258.81,4.86,Completed
472757,16,2020-03-13,Camry,36859.25,6.06,Completed
472758,18,2020-03-18,Sienna,54330.54,5.68,Completed
472759,13,2020-03-04,Tacoma,43571.7,5.61,Completed
472760,10,2020-03-13,Tacoma,29952.04,4.88,Completed
472761,20,2020-03-11,Highlander,59835.03,5.77,Cancelled
472762,18,2020-03-25,Camry,44113.3,5.68,Completed
472763,4,2020-03-31,Sienna,34411.58,3.81,Completed
472764,10,2020-03-08,Tundra,33185.47,4.88,Completed
472765,1,2020-03-30,Camry,29317.46,5.24,Completed
472766,10,2020-03-13,RAV4,33495.73,4.88,Completed
472767,13,2020-03-23,Sienna,46544.32,5.61,Completed
472768,10,2020-03-29,Camry,29840.47,4.88,Pending
472769,8,2020-03-08,Tacoma,40926.08,5.84,Completed
472770,14,2020-03-17,Camry,36916.74,5.1,Completed
472771,20,2020-03-06,RAV4,44009.28,5.77,Completed
472772,15,2020-03-05,Tacoma,40659.86,4.86,Completed
472773,5,2020-03-23,Highlander,57323.94,5.34,Completed
472774,13,2020-03-22,Camry,37871.89,5.61,Completed
472775,20,2020-03-12,Tundra,50643.78,5.77,Completed
472776,3,2020-03-07,Tundra,49453.38,5.69,Completed
472777,12,2020-03-21,RAV4,40542.3,5.65,Completed
472778,10,2020-03-18,Prius,23816.26,4.88,Completed
472779,17,2020-03-22,Corolla,20864.76,4.51,Pending
472780,3,2020-03-23,Highlander,62242.25,5.69,Completed
472781,8,2020-03-09,Tacoma,37073.43,5.84,Completed
472782,8,2020-03-22,Tacoma,44826.29,5.84,Completed
472783,6,2020-03-27,Camry,27004.46,3.86,Completed
472784,6,2020-03-20,Tundra,34533.89,3.86,Completed
472785,13,2020-03-28,Tacoma,41991.8,5.61,Completed
472786,17,2020-03-13,Tacoma,26845.75,4.51,Completed
472787,17,2020-03-31,Sienna,36643.57,4.51,Completed
472788,2,2020-03-12,Corolla,23065.74,4.0,Completed
472789,7,2020-03-22,RAV4,46406.32,5.39,Pending
472790,11,2020-03-20,RAV4,33533.19,4.16,Completed
472791,6,2020-03-19,Highlander,45701.11,3.86,Completed
472792,9,2020-03-18,Sienna,36530.56,4.4,Completed
472793,16,2020-03-02,Tundra,52957.11,6.06,Completed
472794,12,2020-03-06,Corolla,25933.44,5.65,Completed
472795,12,2020-03-11,Prius,31552.54,5.65,Completed
472796,7,2020-03-06,Camry,36142.83,5.39,Completed
472797,13,2020-03-12,Corolla,29158.31,5.61,Completed
472798,3,2020-03-08,Tundra,54489.34,5.69,Completed
472799,17,2020-03-06,Tundra,35192.45,4.51,Completed
472800,12,2020-03-08,Tacoma,44332.87,5.65,Completed
472801,12,2020-03-21,Corolla,28192.47,5.65,Completed
472802,16,2020-03-24,Highlander,62598.71,6.06,Completed
472803,11,2020-03-04,Tundra,32814.07,4.16,Completed
472804,17,2020-03-06,Camry,27986.19,4.51,Cancelled
472805,10,2020-03-31,Camry,28750.34,4.88,Completed
472806,19,2020-03-10,Tundra,43144.43,5.48,Completed
472807,11,2020-03-04,Tacoma,28061.03,4.16,Completed
472808,20,2020-03-30,Prius,34360.13,5.77,Completed
472809,4,2020-03-27,Corolla,19653.05,3.81,Completed
472810,5,2020-03-12,Tacoma,34447.29,5.34,Completed
472811,3,2020-03-18,Highlander,64600.38,5.69,Completed
472812,3,2020-03-10,Sienna,52500.36,5.69,Completed
472813,15,2020-03-28,Prius,28868.53,4.86,Completed
472814,5,2020-03-25,Tundra,40436.18,5.34,Completed
472815,10,2020-03-09,RAV4,36609.43,4.88,Completed
472816,10,2020-03-26,Prius,22880.44,4.88,Completed
472817,4,2020-03-24,Tacoma,27403.83,3.81,Completed
472818,2,2020-03-31,RAV4,33206.3,4.0,Completed
472819,16,2020-03-16,Tundra,47525.87,6.06,Completed
472820,19,2020-03-25,Prius,25255.25,5.48,Completed
472821,15,2020-03-16,Prius,30420.78,4.86,Cancelled
472822,6,2020-03-18,RAV4,28909.33,3.86,Completed
472823,14,2020-03-07,Tacoma,41659.96,5.1,Completed
472824,9,2020-03-29,RAV4,34212.31,4.4,Completed
472825,16,2020-03-29,Highlander,68694.07,6.06,Completed
472826,4,2020-03-07,Tundra,36627.14,3.81,Completed
472827,13,2020-03-09,Camry,36457.92,5.61,Completed
472828,4,2020-03-13,Prius,23689.45,3.81,Completed
472829,8,2020-03-11,Highlander,65545.12,5.84,Completed
472830,7,2020-03-14,Sienna,51337.08,5.39,Completed
472831,19,2020-03-08,Tacoma,34559.71,5.48,Completed
472832,7,2020-03-13,Sienna,53754.26,5.39,Completed
472833,3,2020-03-21,Tacoma,45160.59,5.69,Completed
472834,2,2020-03-18,Corolla,20143.01,4.0,Completed
472835,11,2020-03-10,Corolla,21887.51,4.16,Completed
472836,9,2020-03-25,Prius,21230.94,4.4,Completed
472837,9,2020-03-15,Corolla,20790.46,4.4,Completed
472838,16,2020-03-18,Corolla,27685.75,6.06,Completed
472839,18,2020-03-17,Sienna,49969.38,5.68,Completed
472840,17,2020-03-13,Highlander,44588.11,4.51,Completed
472841,1,2020-03-26,Tacoma,37688.31,5.24,Completed
472842,10,2020-03-24,Corolla,21102.21,4.88,Completed
472843,15,2020-03-12,RAV4,45524.16,4.86,Completed
472844,6,2020-03-10,Corolla,20472.49,3.86,Completed
472845,16,2020-03-20,RAV4,46198.29,6.06,Completed
472846,4,2020-03-08,Corolla,19043.23,3.81,Completed
472847,9,2020-03-22,Sienna,37640.56,4.4,Completed
472848,18,2020-03-01,RAV4,50514.5,5.68,Pending
472849,14,2020-03-27,Sienna,42930.35,5.1,Completed
472850,18,2020-03-12,Tacoma,39970.97,5.68,Completed
472851,7,2020-03-21,Tundra,51852.34,5.39,Completed
472852,17,2020-03-09,Tundra,36771.04,4.51,Completed
472853,10,2020-03-30,RAV4,36121.6,4.88,Completed
472854,11,2020-03-17,Corolla,21688.98,4.16,Completed
472855,13,2020-03-01,Sienna,55711.54,5.61,Completed
472856,6,2020-03-23,Camry,25449.82,3.86,Completed
472857,15,2020-03-20,Highlander,55437.45,4.86,Completed
472858,10,2020-03-07,Tundra,36655.65,4.88,Completed
472859,20,2020-03-25,Highlander,66757.41,5.77,Completed
472860,8,2020-03-21,Highlander,56202.65,5.84,Completed
472861,3,2020-03-05,Highlander,65216.82,5.69,Completed
472862,9,2020-03-11,RAV4,30149.73,4.4,Completed
472863,18,2020-03-09,RAV4,48348.28,5.68,Completed
472864,7,2020-03-02,Corolla,30910.83,5.39,Completed
472865,12,2020-03-12,Prius,33710.25,5.65,Completed
472866,18,2020-03-15,Corolla,29902.16,5.68,Completed
472867,10,2020-03-21,Prius,24907.25,4.88,Completed
472868,4,2020-03-22,RAV4,30523.09,3.81,Completed
472869,6,2020-03-09,Sienna,36128.32,3.86,Completed
472870,1,2020-03-10,Tundra,44501.46,5.24,Completed
472871,2,2020-03-20,RAV4,34851.86,4.0,Completed
472872,13,2020-03-06,Tacoma,46581.7,5.61,Completed
472873,6,2020-03-10,Camry,26096.72,3.86,Completed
472874,13,2020-03-05,Corolla,31559.46,5.61,Completed
472875,11,2020-03-16,Corolla,18841.79,4.16,Completed
472876,17,2020-03-30,Tacoma,29109.82,4.51,Completed
472877,14,2020-03-27,Camry,38557.57,5.1,Completed
472878,2,2020-03-18,Tacoma,29685.34,4.0,Completed
472879,1,2020-03-31,RAV4,37775.27,5.24,Completed
472880,5,2020-03-07,Tundra,43943.57,5.34,Completed
472881,17,2020-03-27,RAV4,32695.44,4.51,Completed
472882,16,2020-03-08,Camry,36792.42,6.06,Completed
472883,15,2020-03-05,Camry,39342.08,4.86,Pending
472884,14,2020-03-15,Tundra,51011.58,5.1,Completed
472885,4,2020-03-09,RAV4,33168.82,3.81,Completed
472886,6,2020-03-09,Prius,20965.2,3.86,Completed
472887,13,2020-03-23,Camry,39309.09,5.61,Completed
472888,6,2020-03-12,RAV4,31286.93,3.86,Completed
472889,18,2020-03-13,Sienna,53747.99,5.68,Completed
472890,19,2020-03-22,Highlander,51945.61,5.48,Completed
472891,3,2020-03-19,Tacoma,39280.01,5.69,Completed
472892,6,2020-03-17,Camry,27444.84,3.86,Completed
472893,10,2020-03-27,Corolla,20191.69,4.88,Completed
472894,5,2020-03-01,Prius,28343.45,5.34,Completed
472895,17,2020-03-17,RAV4,30359.49,4.51,Completed
472896,3,2020-03-12,Tacoma,40393.43,5.69,Completed
472897,12,2020-03-03,Highlander,65529.42,5.65,Completed
472898,13,2020-03-21,Camry,37035.52,5.61,Completed
472899,19,2020-03-29,Highlander,57904.65,5.48,Completed
472900,6,2020-03-08,Corolla,18954.79,3.86,Completed
472901,7,2020-03-08,Tacoma,39903.59,5.39,Completed
472902,18,2020-03-14,RAV4,51177.77,5.68,Completed
472903,10,2020-03-07,Corolla,20397.88,4.88,Completed
472904,3,2020-03-07,Corolla,29272.23,5.69,Completed
472905,17,2020-03-16,Tacoma,29155.51,4.51,Completed
472906,18,2020-03-27,Sienna,57172.87,5.68,Completed
472907,1,2020-03-09,Tacoma,32871.09,5.24,Completed
472908,12,2020-03-16,Camry,40083.56,5.65,Completed
472909,4,2020-03-25,Camry,23959.35,3.81,Completed
472910,3,2020-03-05,Sienna,48856.26,5.69,Completed
472911,1,2020-03-21,Prius,26685.75,5.24,Completed
472912,12,2020-03-10,RAV4,48328.0,5.65,Completed
472913,8,2020-03-31,Prius,30292.29,5.84,Completed
472914,18,2020-03-24,Tundra,55183.64,5.68,Completed
472915,11,2020-03-20,RAV4,32664.78,4.16,Completed
472916,3,2020-03-07,Highlander,65343.11,5.69,Completed
472917,18,2020-03-12,Sienna,52498.47,5.68,Completed
472918,10,2020-03-02,Corolla,22552.54,4.88,Completed
472919,8,2020-03-08,RAV4,47600.19,5.84,Completed
472920,20,2020-03-02,RAV4,44971.54,5.77,Completed
472921,7,2020-03-29,Tacoma,44447.07,5.39,Cancelled
472922,3,2020-03-26,Tundra,51831.0,5.69,Completed
472923,12,2020-03-21,Tundra,49603.54,5.65,Completed
472924,13,2020-03-13,Prius,32068.25,5.61,Completed
472925,6,2020-03-27,Highlander,42651.23,3.86,Completed
472926,3,2020-03-09,Corolla,28575.42,5.69,Pending
472927,15,2020-03-25,Tacoma,43165.23,4.86,Completed
472928,20,2020-03-14,Tacoma,37623.82,5.77,Completed
472929,14,2020-03-05,Camry,35748.12,5.1,Completed
472930,14,2020-03-27,RAV4,44780.61,5.1,Completed
472931,10,2020-03-09,Corolla,20318.69,4.88,Completed
472932,9,2020-03-06,Highlander,44244.61,4.4,Completed
472933,7,2020-03-09,Prius,33333.49,5.39,Completed
472934,15,2020-03-24,Prius,28754.61,4.86,Completed
472935,14,2020-03-25,RAV4,44476.04,5.1,Completed
472936,18,2020-03-07,Sienna,54337.32,5.68,Completed
472937,11,2020-03-28,Camry,28672.92,4.16,Completed
472938,1,2020-03-22,Tacoma,35146.16,5.24,Completed
472939,17,2020-03-15,Tundra,36606.73,4.51,Completed
472940,14,2020-03-13,Highlander,59952.78,5.1,Completed
472941,1,2020-03-03,Prius,24264.02,5.24,Completed
472942,20,2020-03-03,Tundra,46512.5,5.77,Completed
472943,13,2020-03-13,Tundra,54147.69,5.61,Completed
472944,7,2020-03-11,Sienna,49930.59,5.39,Completed
472945,9,2020-03-07,Camry,26848.98,4.4,Completed
472946,2,2020-03-18,Tundra,37867.8,4.0,Completed
472947,1,2020-03-22,Camry,30481.51,5.24,Completed
472948,11,2020-03-12,RAV4,30731.89,4.16,Completed
472949,17,2020-03-18,Tundra,32045.75,4.51,Completed
472950,12,2020-03-01,Sienna,45095.53,5.65,Completed
472951,1,2020-03-05,RAV4,39686.37,5.24,Completed
472952,13,2020-03-08,Corolla,29420.51,5.61,Completed
472953,11,2020-03-28,RAV4,35601.89,4.16,Completed
472954,5,2020-03-24,Highlander,48307.34,5.34,Completed
472955,3,2020-03-01,Tacoma,42848.83,5.69,Completed
472956,10,2020-03-02,Sienna,37579.79,4.88,Completed
472957,6,2020-03-05,Highlander,41942.16,3.86,Completed
472958,16,2020-03-28,Camry,39607.44,6.06,Completed
472959,8,2020-03-28,Tundra,51114.1,5.84,Completed
472960,18,2020-03-03,Camry,42272.44,5.68,Completed
472961,2,2020-03-26,Tundra,37501.92,4.0,Completed
472962,18,2020-03-11,Highlander,66968.3,5.68,Completed
472963,2,2020-03-02,Highlander,45811.03,4.0,Completed
472964,4,2020-03-24,Prius,21673.65,3.81,Completed
472965,20,2020-03-11,Tacoma,42360.65,5.77,Pending
472966,16,2020-03-26,Tundra,49140.46,6.06,Completed
472967,20,2020-03-11,Tundra,51182.42,5.77,Completed
472968,18,2020-03-24,Camry,39935.14,5.68,Completed
472969,11,2020-03-23,Prius,23325.13,4.16,Completed
472970,20,2020-03-25,Highlander,61350.34,5.77,Completed
472971,16,2020-03-26,RAV4,50127.6,6.06,Completed
472972,15,2020-03-06,Sienna,46028.8,4.86,Completed
472973,12,2020-03-17,Corolla,29845.35,5.65,Completed
472974,3,2020-03-06,RAV4,45160.86,5.69,Completed
472975,19,2020-03-22,Highlander,59495.8,5.48,Completed
472976,14,2020-03-27,Highlander,54510.48,5.1,Completed
472977,3,2020-03-10,Tacoma,38582.74,5.69,Completed
472978,15,2020-03-09,Tacoma,41351.4,4.86,Completed
472979,10,2020-03-23,Tacoma,28399.0,4.88,Completed
472980,7,2020-03-04,Prius,31936.08,5.39,Completed
472981,15,2020-03-28,Tundra,50888.12,4.86,Completed
472982,2,2020-03-01,Camry,26959.67,4.0,Completed
472983,4,2020-03-26,RAV4,31415.27,3.81,Completed
472984,13,2020-03-08,Tundra,52111.41,5.61,Completed
472985,17,2020-03-08,Tundra,31043.59,4.51,Completed
472986,5,2020-03-01,Corolla,23682.99,5.34,Completed
472987,12,2020-03-21,Tacoma,40504.87,5.65,Completed
472988,1,2020-03-03,Prius,25505.06,5.24,Completed
472989,15,2020-03-01,Highlander,59150.35,4.86,Completed
472990,3,2020-03-21,Prius,34535.46,5.69,Completed
472991,18,2020-03-26,Corolla,30725.36,5.68,Completed
472992,19,2020-03-15,Corolla,22252.22,5.48,Completed
472993,2,2020-03-27,Camry,28242.2,4.0,Completed
472994,8,2020-03-29,Corolla,29521.82,5.84,Completed
472995,4,2020-03-07,RAV4,32528.24,3.81,Completed
472996,12,2020-03-31,Prius,33086.04,5.65,Completed
472997,2,2020-03-21,Sienna,35872.21,4.0,Completed
472998,14,2020-03-02,Prius,27692.05,5.1,Completed
472999,6,2020-03-21,RAV4,32195.09,3.86,Completed
473000,14,2020-03-08,Corolla,24588.08,5.1,Completed
473001,4,2020-03-23,Highlander,40535.33,3.81,Completed
473002,20,2020-03-29,Highlander,59229.51,5.77,Completed
473003,4,2020-03-19,RAV4,29892.17,3.81,Completed
473004,12,2020-03-28,RAV4,45500.77,5.65,Completed
473005,12,2020-03-08,Camry,35141.2,5.65,Completed
473006,8,2020-03-27,Highlander,57649.1,5.84,Completed
473007,18,2020-03-10,Highlander,64297.48,5.68,Completed
473008,16,2020-03-04,Tacoma,39204.64,6.06,Completed
473009,12,2020-03-25,Camry,40407.32,5.65,Completed
473010,11,2020-03-16,Tundra,37768.64,4.16,Completed
473011,14,2020-03-18,RAV4,40586.12,5.1,Completed
473012,5,2020-03-01,Tundra,45318.79,5.34,Completed
473013,14,2020-03-24,Highlander,54141.88,5.1,Completed
473014,20,2020-03-10,Corolla,26560.72,5.77,Completed
473015,11,2020-03-06,Highlander,44647.73,4.16,Completed
473016,5,2020-03-11,Camry,31058.93,5.34,Completed
473017,15,2020-03-25,RAV4,43824.26,4.86,Completed
473018,10,2020-03-13,Sienna,38717.7,4.88,Completed
473019,20,2020-03-27,Tundra,50723.69,5.77,Completed
473020,14,2020-03-05,Prius,29872.95,5.1,Completed
473021,19,2020-03-01,RAV4,36390.3,5.48,Completed
473022,20,2020-03-21,Camry,38843.38,5.77,Completed
473023,19,2020-03-10,Tundra,44494.1,5.48,Completed
473024,8,2020-03-07,Highlander,67460.77,5.84,Completed
473025,15,2020-03-28,Tundra,51797.8,4.86,Completed
473026,18,2020-03-14,Tundra,47581.65,5.68,Completed
473027,5,2020-03-28,RAV4,37779.53,5.34,Completed
473028,7,2020-03-12,Corolla,29509.43,5.39,Completed
473029,6,2020-03-25,RAV4,32679.23,3.86,Completed
473030,2,2020-03-25,Highlander,51092.2,4.0,Completed
473031,13,2020-03-15,RAV4,50411.17,5.61,Completed
473032,20,2020-03-30,Camry,37994.65,5.77,Completed
473033,14,2020-03-30,Corolla,28728.03,5.1,Completed
473034,15,2020-03-03,Corolla,28810.62,4.86,Completed
473035,2,2020-03-26,Tundra,36788.65,4.0,Completed
473036,6,2020-03-02,RAV4,31626.19,3.86,Completed
473037,11,2020-03-28,Sienna,35011.85,4.16,Completed
473038,15,2020-03-04,Corolla,25666.15,4.86,Completed
473039,1,2020-03-28,Tundra,40687.75,5.24,Completed
473040,12,2020-03-29,RAV4,43102.31,5.65,Completed
473041,1,2020-03-24,Tundra,43941.75,5.24,Completed
473042,15,2020-03-08,Tundra,46621.81,4.86,Completed
473043,19,2020-03-03,Prius,28268.25,5.48,Completed
473044,8,2020-03-18,Tundra,49513.42,5.84,Completed
473045,5,2020-03-07,Highlander,57642.77,5.34,Completed
473046,3,2020-03-18,Corolla,28930.9,5.69,Completed
473047,1,2020-03-07,Tacoma,37139.73,5.24,Completed
473048,1,2020-03-28,Tundra,40683.58,5.24,Completed
473049,4,2020-03-04,Camry,27516.86,3.81,Completed
473050,20,2020-03-02,Tundra,53647.59,5.77,Completed
473051,5,2020-03-19,Camry,34823.1,5.34,Completed
473052,20,2020-03-29,Corolla,27756.41,5.77,Completed
473053,19,2020-03-14,Highlander,54296.13,5.48,Pending
473054,8,2020-03-28,Tundra,50417.25,5.84,Completed
473055,19,2020-03-18,Camry,33919.4,5.48,Completed
473056,17,2020-03-09,Camry,27151.93,4.51,Completed
473057,17,2020-03-25,RAV4,30941.8,4.51,Completed
473058,20,2020-03-21,Tacoma,41219.44,5.77,Completed
473059,20,2020-03-01,Sienna,47438.11,5.77,Completed
473060,12,2020-03-11,Sienna,44509.43,5.65,Completed
473061,9,2020-03-10,RAV4,33282.67,4.4,Completed
473062,16,2020-03-01,Prius,33762.56,6.06,Completed
473063,2,2020-03-27,Corolla,22417.14,4.0,Completed
473064,16,2020-03-02,Tundra,49285.43,6.06,Completed
473065,17,2020-03-03,Tundra,33169.37,4.51,Completed
473066,2,2020-03-27,Prius,22507.68,4.0,Completed
473067,14,2020-03-06,Tacoma,41408.61,5.1,Completed
473068,18,2020-03-15,Corolla,31901.04,5.68,Completed
473069,1,2020-03-29,Tundra,41694.98,5.24,Completed
473070,2,2020-03-04,Camry,29149.1,4.0,Completed
473071,5,2020-03-06,Sienna,43300.1,5.34,Completed
473072,9,2020-03-10,Sienna,33523.17,4.4,Completed
473073,6,2020-03-22,Corolla,17957.6,3.86,Completed
473074,9,2020-03-08,Corolla,18968.24,4.4,Completed
473075,18,2020-03-11,Tacoma,48115.22,5.68,Completed
473076,18,2020-03-15,Corolla,30663.78,5.68,Completed
473077,10,2020-03-20,RAV4,36278.87,4.88,Completed
473078,5,2020-03-30,Tundra,42983.8,5.34,Completed
473079,15,2020-03-20,Highlander,60908.68,4.86,Completed
473080,20,2020-03-11,Prius,30447.12,5.77,Completed
473081,4,2020-03-19,Corolla,18011.85,3.81,Completed
473082,18,2020-03-11,Prius,36204.61,5.68,Completed
473083,10,2020-03-28,Prius,23015.02,4.88,Completed
473084,15,2020-03-18,Camry,40210.77,4.86,Completed
473085,20,2020-03-02,Sienna,46421.63,5.77,Completed
473086,15,2020-03-29,Sienna,46280.36,4.86,Completed
473087,2,2020-03-02,Corolla,21079.43,4.0,Completed
473088,18,2020-03-07,Highlander,68574.37,5.68,Completed
473089,19,2020-03-03,Sienna,44510.67,5.48,Completed
473090,2,2020-03-19,Tundra,38127.9,4.0,Completed
473091,6,2020-03-15,Sienna,33077.63,3.86,Completed
473092,16,2020-03-16,Corolla,28336.48,6.06,Completed
473093,12,2020-03-14,Camry,34677.96,5.65,Completed
473094,10,2020-03-16,Tacoma,28040.33,4.88,Completed
473095,12,2020-03-08,Tundra,46921.89,5.65,Completed
473096,14,2020-03-07,Corolla,28242.72,5.1,Completed
473097,1,2020-03-19,Tundra,42440.19,5.24,Cancelled
473098,14,2020-03-05,Tacoma,40934.52,5.1,Completed
473099,16,2020-03-17,Camry,38776.52,6.06,Completed
473100,7,2020-03-08,Prius,34486.65,5.39,Completed
473101,5,2020-03-14,Tacoma,32322.72,5.34,Completed
473102,3,2020-03-27,Tundra,48399.79,5.69,Completed
473103,16,2020-03-26,Highlander,57623.58,6.06,Completed
473104,1,2020-03-23,Highlander,56015.16,5.24,Completed
473105,9,2020-03-02,Corolla,19465.43,4.4,Completed
473106,9,2020-03-15,Highlander,45411.0,4.4,Completed
473107,16,2020-03-10,Sienna,52938.99,6.06,Completed
473108,5,2020-03-07,RAV4,35098.2,5.34,Completed
473109,20,2020-03-08,RAV4,40761.32,5.77,Completed
473110,17,2020-03-24,Prius,20872.56,4.51,Completed
473111,12,2020-03-20,Sienna,52915.54,5.65,Completed
473112,9,2020-03-25,Tundra,33987.74,4.4,Completed
473113,19,2020-03-25,Sienna,44444.0,5.48,Completed
473114,14,2020-03-15,Corolla,24988.39,5.1,Completed
473115,5,2020-03-21,Tundra,41920.01,5.34,Completed
473116,18,2020-03-27,Tundra,53257.56,5.68,Completed
473117,8,2020-03-26,Corolla,27311.63,5.84,Cancelled
473118,6,2020-03-20,RAV4,30087.68,3.86,Completed
473119,10,2020-03-23,Prius,25967.17,4.88,Completed
473120,11,2020-03-27,Corolla,19684.53,4.16,Completed
473121,13,2020-03-01,RAV4,42816.56,5.61,Completed
473122,7,2020-03-23,Tundra,48949.52,5.39,Completed
473123,15,2020-03-25,Sienna,49131.81,4.86,Completed
473124,18,2020-03-30,Prius,31080.91,5.68,Completed
473125,17,2020-03-03,RAV4,33142.39,4.51,Completed
473126,13,2020-03-02,RAV4,46085.56,5.61,Completed
473127,3,2020-03-06,RAV4,48138.45,5.69,Completed
473128,8,2020-03-03,Tacoma,41896.57,5.84,Completed
473129,1,2020-03-02,Tundra,40843.55,5.24,Completed
473130,9,2020-03-31,Corolla,20049.49,4.4,Completed
473131,19,2020-03-08,RAV4,35253.79,5.48,Completed
473132,3,2020-03-29,Prius,34857.46,5.69,Completed
473133,13,2020-03-22,Prius,35309.25,5.61,Completed
473134,14,2020-03-28,RAV4,45172.31,5.1,Completed
473135,16,2020-03-19,RAV4,42414.53,6.06,Completed
473136,15,2020-03-28,RAV4,42693.81,4.86,Completed
473137,15,2020-03-11,Tundra,45955.43,4.86,Completed
473138,11,2020-03-14,Corolla,19093.05,4.16,Completed
473139,6,2020-03-18,Prius,20979.21,3.86,Completed
473140,9,2020-03-01,Camry,27717.68,4.4,Pending
473141,20,2020-03-28,Highlander,57633.17,5.77,Completed
473142,7,2020-03-06,Corolla,30553.68,5.39,Completed
473143,18,2020-03-24,Corolla,30892.77,5.68,Completed
473144,13,2020-03-11,Camry,37543.58,5.61,Completed
473145,17,2020-03-13,RAV4,33400.53,4.51,Cancelled
473146,13,2020-03-05,Corolla,30739.32,5.61,Pending
473147,8,2020-03-03,Corolla,27270.14,5.84,Completed
473148,8,2020-03-08,Highlander,58536.21,5.84,Completed
473149,11,2020-03-02,Camry,27094.86,4.16,Completed
473150,1,2020-03-27,Tacoma,32876.93,5.24,Completed
473151,10,2020-03-14,Tundra,39619.53,4.88,Completed
473152,10,2020-03-05,Sienna,35638.32,4.88,Completed
473153,16,2020-03-02,Prius,33687.42,6.06,Completed
473154,20,2020-03-11,Corolla,25781.61,5.77,Completed
473155,8,2020-03-29,Tacoma,43511.39,5.84,Completed
473156,3,2020-03-17,Camry,38190.8,5.69,Completed
473157,5,2020-03-03,Corolla,24985.42,5.34,Completed
473158,4,2020-03-10,Tundra,33538.78,3.81,Completed
473159,9,2020-03-27,Corolla,19663.83,4.4,Completed
473160,9,2020-03-22,Sienna,38766.8,4.4,Completed
473161,15,2020-03-27,Sienna,45791.49,4.86,Completed
473162,1,2020-03-19,Tundra,40318.13,5.24,Pending
473163,13,2020-03-08,Highlander,69160.58,5.61,Completed
473164,18,2020-03-02,Tacoma,42456.24,5.68,Completed
473165,1,2020-03-26,Corolla,22293.07,5.24,Completed
473166,17,2020-03-16,Highlander,43660.17,4.51,Cancelled
473167,12,2020-03-24,RAV4,41927.4,5.65,Completed
473168,13,2020-03-06,Camry,41569.42,5.61,Completed
473169,19,2020-03-18,RAV4,38922.78,5.48,Completed
473170,10,2020-03-10,Corolla,20000.55,4.88,Completed
473171,7,2020-03-27,Sienna,46304.62,5.39,Completed
473172,19,2020-03-03,Tundra,42280.68,5.48,Completed
473173,7,2020-03-15,Sienna,53025.28,5.39,Completed
473174,2,2020-03-04,RAV4,33601.8,4.0,Completed
473175,8,2020-03-05,RAV4,41715.07,5.84,Completed
473176,11,2020-03-06,Tacoma,31599.64,4.16,Completed
473177,16,2020-03-14,Camry,37580.52,6.06,Completed
473178,6,2020-03-18,Highlander,48470.47,3.86,Completed
473179,17,2020-03-10,Corolla,19144.18,4.51,Completed
473180,17,2020-03-05,Corolla,18764.64,4.51,Completed
473181,9,2020-03-29,RAV4,32766.78,4.4,Pending
473182,5,2020-03-05,Corolla,25602.47,5.34,Completed
473183,1,2020-03-12,Corolla,21904.25,5.24,Completed
473184,3,2020-03-03,RAV4,42998.55,5.69,Completed
473185,13,2020-03-08,RAV4,43304.74,5.61,Completed
473186,16,2020-03-29,Tundra,46660.3,6.06,Completed
473187,8,2020-03-26,Camry,36227.34,5.84,Completed
473188,18,2020-03-09,Corolla,30752.59,5.68,Completed
473189,3,2020-03-21,Tacoma,46856.87,5.69,Completed
473190,4,2020-03-01,Tacoma,28210.44,3.81,Completed
473191,4,2020-03-26,Camry,26516.51,3.81,Completed
473192,11,2020-03-02,Tundra,36019.91,4.16,Completed
473193,8,2020-03-01,Prius,33389.5,5.84,Completed
473194,18,2020-03-22,Sienna,48544.25,5.68,Completed
473195,17,2020-03-14,RAV4,30278.29,4.51,Completed
473196,18,2020-03-27,Camry,44774.49,5.68,Completed
473197,14,2020-03-10,RAV4,39744.46,5.1,Completed
473198,14,2020-03-15,Tacoma,39868.44,5.1,Pending
473199,7,2020-03-13,Highlander,58089.78,5.39,Completed
473200,20,2020-03-12,RAV4,46321.25,5.77,Completed
473201,8,2020-03-16,Tundra,45345.24,5.84,Completed
473202,2,2020-03-23,Camry,28736.01,4.0,Completed
473203,6,2020-03-01,RAV4,32042.15,3.86,Completed
473204,14,2020-03-09,Tundra,46206.34,5.1,Completed
473205,5,2020-03-27,Camry,31516.61,5.34,Completed
473206,3,2020-03-21,Corolla,28471.84,5.69,Completed
473207,19,2020-03-22,Corolla,25428.9,5.48,Completed
473208,18,2020-03-03,Prius,34797.84,5.68,Completed
473209,8,2020-03-05,Sienna,47133.83,5.84,Completed
473210,19,2020-03-18,RAV4,37566.04,5.48,Completed
473211,15,2020-03-12,Corolla,27446.96,4.86,Completed
473212,14,2020-03-16,Highlander,61267.02,5.1,Completed
473213,5,2020-03-23,Camry,29499.25,5.34,Completed
473214,20,2020-03-02,Tacoma,41705.4,5.77,Completed
473215,14,2020-03-27,Corolla,27643.9,5.1,Completed
473216,9,2020-03-31,Camry,27044.94,4.4,Completed
473217,3,2020-03-06,Tundra,53667.58,5.69,Completed
473218,9,2020-03-09,Tundra,37139.75,4.4,Completed
473219,6,2020-03-28,Highlander,41708.91,3.86,Completed
473220,16,2020-03-23,Tacoma,41035.8,6.06,Completed
473221,14,2020-03-18,Tundra,47687.71,5.1,Completed
473222,17,2020-03-10,Tacoma,26559.09,4.51,Completed
473223,6,2020-03-16,RAV4,33551.86,3.86,Completed
473224,18,2020-03-26,Sienna,53369.63,5.68,Completed
473225,15,2020-03-31,Prius,30305.67,4.86,Completed
473226,12,2020-03-07,RAV4,42764.11,5.65,Completed
473227,2,2020-03-11,Camry,31336.11,4.0,Completed
473228,3,2020-03-02,Prius,35618.21,5.69,Completed
473229,10,2020-03-17,Highlander,46513.89,4.88,Completed
473230,8,2020-03-21,RAV4,42664.62,5.84,Completed
473231,18,2020-03-21,Prius,37560.46,5.68,Completed
473232,14,2020-03-12,Prius,29886.01,5.1,Completed
473233,16,2020-03-14,Tundra,47169.47,6.06,Completed
473234,5,2020-03-12,Tundra,39293.68,5.34,Completed
473235,18,2020-03-25,Sienna,51240.17,5.68,Completed
473236,8,2020-03-25,Sienna,44755.3,5.84,Completed
473237,6,2020-03-14,Tundra,32187.03,3.86,Completed
473238,11,2020-03-03,RAV4,31199.2,4.16,Pending
473239,4,2020-03-20,Tundra,35643.83,3.81,Completed
473240,17,2020-03-08,Prius,20279.35,4.51,Completed
473241,2,2020-03-06,Corolla,22915.8,4.0,Completed
473242,17,2020-03-07,Camry,28266.11,4.51,Completed
473243,7,2020-03-24,RAV4,45913.15,5.39,Completed
473244,8,2020-03-06,Sienna,52146.19,5.84,Completed
473245,20,2020-03-11,Highlander,58272.05,5.77,Completed
473246,7,2020-03-27,Corolla,27136.56,5.39,Completed
473247,13,2020-03-30,Sienna,52209.09,5.61,Completed
473248,14,2020-03-01,Corolla,24758.48,5.1,Completed
473249,4,2020-03-30,RAV4,29486.88,3.81,Completed
473250,17,2020-03-07,RAV4,32292.84,4.51,Completed
473251,19,2020-03-11,Highlander,51995.45,5.48,Completed
473252,3,2020-03-06,Tacoma,38698.41,5.69,Completed
473253,11,2020-03-30,Tacoma,27667.47,4.16,Completed
473254,16,2020-03-31,Camry,41742.33,6.06,Completed
473255,15,2020-03-11,Tundra,44464.56,4.86,Completed
473256,5,2020-03-28,Camry,30962.93,5.34,Completed
473257,16,2020-03-07,Tacoma,40197.28,6.06,Completed
473258,4,2020-03-17,Prius,21869.59,3.81,Completed
473259,2,2020-03-28,Sienna,35680.67,4.0,Completed
473260,15,2020-03-29,Corolla,25485.65,4.86,Completed
473261,5,2020-03-30,Prius,25267.73,5.34,Completed
473262,5,2020-03-24,Sienna,42212.17,5.34,Completed
473263,6,2020-03-17,Highlander,43349.52,3.86,Completed
473264,3,2020-03-26,Prius,30745.16,5.69,Completed
473265,14,2020-03-29,Sienna,48067.7,5.1,Completed
473266,15,2020-03-24,Tacoma,38136.06,4.86,Completed
473267,18,2020-03-28,RAV4,45124.82,5.68,Completed
473268,14,2020-03-17,Tundra,42670.71,5.1,Completed
473269,6,2020-03-27,Highlander,45973.42,3.86,Completed
473270,3,2020-03-21,Camry,41624.19,5.69,Completed
473271,2,2020-03-11,RAV4,33108.56,4.0,Completed
473272,13,2020-03-31,Camry,38792.47,5.61,Completed
473273,20,2020-03-22,Highlander,63608.01,5.77,Completed
473274,16,2020-03-12,Corolla,29354.5,6.06,Completed
473275,3,2020-03-11,Tundra,50625.48,5.69,Completed
473276,2,2020-03-20,Prius,23222.22,4.0,Completed
473277,17,2020-03-24,Tacoma,31338.76,4.51,Completed
473278,13,2020-03-22,Corolla,28712.5,5.61,Completed
473279,15,2020-03-14,Tacoma,41514.08,4.86,Pending
473280,14,2020-03-08,RAV4,46100.35,5.1,Completed
473281,4,2020-03-21,Camry,26235.73,3.81,Completed
473282,14,2020-03-08,Corolla,24336.84,5.1,Completed
473283,14,2020-03-01,Tacoma,37158.36,5.1,Completed
473284,3,2020-03-08,Tundra,54186.19,5.69,Completed
473285,14,2020-03-27,Sienna,42414.97,5.1,Completed
473286,9,2020-03-31,Highlander,43586.11,4.4,Completed
473287,9,2020-03-21,RAV4,33101.13,4.4,Completed
473288,17,2020-03-21,Camry,28719.22,4.51,Completed
473289,12,2020-03-26,RAV4,43178.81,5.65,Completed
473290,11,2020-03-14,Camry,28922.56,4.16,Completed
473291,16,2020-03-10,Tacoma,38461.6,6.06,Completed
473292,20,2020-03-11,Highlander,57166.62,5.77,Completed
473293,7,2020-03-16,Prius,29754.15,5.39,Completed
473294,12,2020-03-02,Sienna,49588.92,5.65,Completed
473295,8,2020-03-14,Prius,28713.9,5.84,Pending
473296,20,2020-03-09,Sienna,47968.81,5.77,Completed
473297,17,2020-03-27,RAV4,28725.67,4.51,Completed
473298,18,2020-03-24,Tacoma,43382.12,5.68,Completed
473299,3,2020-03-14,Tacoma,42611.87,5.69,Completed
473300,7,2020-03-24,Tundra,50945.26,5.39,Pending
473301,14,2020-03-12,Prius,27738.71,5.1,Completed
473302,17,2020-03-14,Tacoma,30390.1,4.51,Completed
473303,5,2020-03-11,Sienna,44314.1,5.34,Completed
473304,16,2020-03-04,Tacoma,39152.46,6.06,Completed
473305,20,2020-03-28,Highlander,56858.27,5.77,Completed
473306,9,2020-03-17,Highlander,49307.39,4.4,Completed
473307,20,2020-03-07,Camry,41832.08,5.77,Completed
473308,15,2020-03-30,Tacoma,39617.11,4.86,Completed
473309,7,2020-03-07,Corolla,30904.41,5.39,Completed
473310,14,2020-03-01,Sienna,43848.17,5.1,Completed
473311,18,2020-03-26,RAV4,52481.2,5.68,Completed
473312,7,2020-03-28,Tacoma,40281.11,5.39,Completed
473313,10,2020-03-04,Corolla,19198.81,4.88,Completed
473314,8,2020-03-01,Corolla,28672.67,5.84,Cancelled
473315,19,2020-03-13,Tundra,43002.23,5.48,Completed
473316,15,2020-03-11,Tundra,50499.5,4.86,Completed
473317,20,2020-03-29,Prius,29228.82,5.77,Completed
473318,20,2020-03-08,Highlander,67971.06,5.77,Completed
473319,14,2020-03-29,Prius,32207.31,5.1,Completed
473320,8,2020-03-02,Tacoma,42067.85,5.84,Completed
473321,13,2020-03-06,Prius,33993.33,5.61,Completed
473322,17,2020-03-18,Sienna,36265.74,4.51,Completed
473323,14,2020-03-13,Sienna,45242.31,5.1,Completed
473324,3,2020-03-29,Tundra,50646.18,5.69,Completed
473325,8,2020-03-04,Sienna,51032.94,5.84,Completed
473326,8,2020-03-22,Camry,41496.76,5.84,Pending
473327,15,2020-03-17,Corolla,28594.86,4.86,Completed
473328,19,2020-03-10,Camry,32282.53,5.48,Completed
473329,12,2020-03-17,RAV4,43031.72,5.65,Completed
473330,6,2020-03-27,Tundra,35642.88,3.86,Completed
473331,10,2020-03-27,Sienna,33034.72,4.88,Completed
473332,18,2020-03-11,Corolla,31655.71,5.68,Completed
473333,18,2020-03-25,Prius,32548.41,5.68,Completed
473334,19,2020-03-04,Camry,31716.24,5.48,Completed
473335,9,2020-03-08,Camry,28506.35,4.4,Completed
473336,12,2020-03-14,Corolla,29126.24,5.65,Completed
473337,14,2020-03-30,Highlander,58588.16,5.1,Completed
473338,9,2020-03-23,Camry,27906.31,4.4,Completed
473339,15,2020-03-06,Prius,29958.47,4.86,Completed
473340,18,2020-03-04,Corolla,27053.39,5.68,Completed
473341,20,2020-03-26,Tacoma,40023.57,5.77,Completed
473342,9,2020-03-29,Tundra,35892.48,4.4,Completed
473343,14,2020-03-02,Highlander,65215.33,5.1,Completed
473344,10,2020-03-07,Tundra,36854.09,4.88,Completed
473345,10,2020-03-02,Sienna,36762.55,4.88,Pending
473346,16,2020-03-19,Sienna,48462.25,6.06,Completed
473347,20,2020-03-04,Tacoma,44104.9,5.77,Completed
473348,17,2020-03-18,Tacoma,30128.85,4.51,Completed
473349,1,2020-03-16,Prius,28871.11,5.24,Completed
473350,8,2020-03-07,Corolla,30451.63,5.84,Completed
473351,5,2020-03-06,Prius,27182.51,5.34,Completed
473352,13,2020-03-08,Sienna,49816.96,5.61,Completed
473353,3,2020-03-27,Tacoma,41043.34,5.69,Completed
473354,14,2020-03-29,Corolla,29268.27,5.1,Completed
473355,12,2020-03-21,RAV4,39770.3,5.65,Completed
473356,19,2020-03-20,Camry,33275.1,5.48,Completed
473357,17,2020-03-29,Tacoma,28124.39,4.51,Completed
473358,3,2020-03-29,Highlander,66630.93,5.69,Completed
473359,15,2020-03-05,Corolla,27719.62,4.86,Completed
473360,12,2020-03-29,Sienna,52831.56,5.65,Completed
473361,6,2020-03-19,RAV4,31808.07,3.86,Completed
473362,13,2020-03-12,Highlander,66999.7,5.61,Completed
473363,17,2020-03-03,Tundra,32561.96,4.51,Completed
473364,11,2020-03-25,Tacoma,31391.85,4.16,Completed
473365,18,2020-03-13,Camry,38623.87,5.68,Completed
473366,10,2020-03-12,Tacoma,28457.91,4.88,Completed
473367,2,2020-03-17,Tacoma,28670.61,4.0,Completed
473368,13,2020-03-24,Sienna,47223.38,5.61,Completed
473369,8,2020-03-02,RAV4,42626.36,5.84,Completed
473370,6,2020-03-01,Corolla,20600.04,3.86,Completed
473371,2,2020-03-25,Prius,25650.31,4.0,Completed
473372,8,2020-03-20,Tacoma,42142.69,5.84,Completed
473373,9,2020-03-26,RAV4,34886.11,4.4,Completed
473374,18,2020-03-21,Sienna,57507.05,5.68,Completed
473375,9,2020-03-02,RAV4,34490.64,4.4,Completed
473376,7,2020-03-28,RAV4,49806.66,5.39,Completed
473377,3,2020-03-29,Tacoma,39394.04,5.69,Completed
473378,14,2020-03-10,Camry,34511.27,5.1,Completed
473379,8,2020-03-28,Camry,38343.01,5.84,Completed
473380,7,2020-03-29,Tacoma,43747.9,5.39,Completed
473381,10,2020-03-07,Tacoma,31227.82,4.88,Completed
473382,18,2020-03-15,Prius,35299.13,5.68,Completed
473383,13,2020-03-26,RAV4,44234.16,5.61,Completed
473384,14,2020-03-22,Prius,32538.54,5.1,Completed
473385,11,2020-03-21,Camry,27100.89,4.16,Completed
473386,16,2020-03-11,Tundra,46206.37,6.06,Completed
473387,5,2020-03-31,Corolla,24682.49,5.34,Completed
473388,15,2020-03-26,Tundra,52391.92,4.86,Completed
473389,13,2020-03-07,Tacoma,45034.84,5.61,Completed
473390,5,2020-03-28,Tacoma,33935.85,5.34,Completed
473391,12,2020-03-23,Camry,35771.74,5.65,Completed
473392,8,2020-03-30,Highlander,56023.02,5.84,Completed
473393,16,2020-03-21,Corolla,30017.14,6.06,Completed
473394,12,2020-03-27,Tundra,44583.12,5.65,Completed
473395,5,2020-03-12,RAV4,40860.83,5.34,Completed
473396,4,2020-03-07,Highlander,45024.79,3.81,Completed
473397,7,2020-03-30,Corolla,30650.7,5.39,Completed
473398,17,2020-03-31,Tacoma,28307.83,4.51,Pending
473399,19,2020-03-06,Prius,26493.44,5.48,Completed
473400,7,2020-03-13,Tundra,47779.31,5.39,Completed
473401,1,2020-03-27,Tundra,38708.53,5.24,Completed
473402,14,2020-03-02,Camry,37630.39,5.1,Completed
473403,10,2020-03-01,Camry,27844.26,4.88,Completed
473404,5,2020-03-06,Camry,29942.03,5.34,Completed
473405,6,2020-03-05,Tacoma,30247.27,3.86,Completed
473406,2,2020-03-28,Tacoma,33675.18,4.0,Completed
473407,6,2020-03-14,Tundra,35432.8,3.86,Completed
473408,9,2020-03-12,Prius,23015.69,4.4,Completed
473409,18,2020-03-07,Tundra,50686.37,5.68,Completed
473410,16,2020-03-19,Camry,37860.78,6.06,Completed
473411,7,2020-03-20,Tundra,54069.37,5.39,Completed
473412,4,2020-03-22,RAV4,30458.53,3.81,Completed
473413,11,2020-03-09,Tundra,35792.34,4.16,Completed
473414,19,2020-03-16,Prius,30303.71,5.48,Completed
473415,10,2020-03-19,Tacoma,30617.21,4.88,Completed
473416,9,2020-03-06,RAV4,30162.24,4.4,Completed
473417,15,2020-03-13,Tacoma,43792.6,4.86,Completed
473418,17,2020-03-28,Tacoma,28141.24,4.51,Completed
473419,18,2020-03-31,Prius,36266.02,5.68,Completed
473420,7,2020-03-04,Corolla,27602.76,5.39,Completed
473421,18,2020-03-02,Prius,33036.59,5.68,Completed
473422,8,2020-03-27,Sienna,49507.02,5.84,Completed
473423,1,2020-03-18,RAV4,40133.13,5.24,Completed
473424,20,2020-03-01,Highlander,59187.18,5.77,Completed
473425,3,2020-03-30,Camry,40102.7,5.69,Completed
473426,1,2020-03-12,RAV4,38520.06,5.24,Completed
473427,8,2020-03-27,Tundra,51885.1,5.84,Completed
473428,19,2020-03-15,Tacoma,37856.55,5.48,Completed
473429,20,2020-03-11,Sienna,44429.94,5.77,Completed
473430,3,2020-03-19,Sienna,49411.98,5.69,Completed
473431,8,2020-03-03,RAV4,42954.72,5.84,Completed
473432,2,2020-03-03,Camry,30541.42,4.0,Completed
473433,2,2020-03-22,Highlander,49297.8,4.0,Completed
473434,12,2020-03-21,Prius,32991.96,5.65,Completed
473435,7,2020-03-04,Highlander,61259.29,5.39,Completed
473436,18,2020-03-07,Sienna,47408.2,5.68,Completed
473437,4,2020-03-17,RAV4,31770.25,3.81,Completed
473438,8,2020-03-03,RAV4,46697.47,5.84,Completed
473439,17,2020-03-16,RAV4,31417.84,4.51,Completed
473440,10,2020-03-28,Corolla,19463.35,4.88,Completed
473441,17,2020-03-28,Corolla,18184.72,4.51,Completed
473442,7,2020-03-03,Tundra,52564.6,5.39,Completed
473443,1,2020-03-17,Tundra,41516.37,5.24,Completed
473444,3,2020-03-05,Highlander,68239.52,5.69,Pending
473445,5,2020-03-08,Highlander,57365.13,5.34,Completed
473446,19,2020-03-09,Prius,26480.51,5.48,Completed
473447,16,2020-03-25,Prius,33186.76,6.06,Completed
473448,16,2020-03-21,Highlander,64153.21,6.06,Completed
473449,16,2020-03-12,Corolla,27999.26,6.06,Completed
473450,19,2020-03-07,Corolla,23633.52,5.48,Cancelled
473451,13,2020-03-05,Tacoma,39615.77,5.61,Completed
473452,14,2020-03-19,Camry,36612.73,5.1,Completed
473453,19,2020-03-15,Corolla,25756.24,5.48,Completed
473454,7,2020-03-20,Camry,36499.96,5.39,Completed
473455,2,2020-03-16,Sienna,35796.7,4.0,Completed
473456,20,2020-03-09,Sienna,48040.77,5.77,Completed
473457,10,2020-03-29,Prius,22834.98,4.88,Completed
473458,13,2020-03-31,Sienna,48662.45,5.61,Completed
473459,7,2020-03-21,Camry,42046.57,5.39,Completed
473460,5,2020-03-13,Tacoma,32255.43,5.34,Completed
473461,16,2020-03-02,Sienna,47046.82,6.06,Completed
473462,4,2020-03-14,Prius,20751.32,3.81,Completed
473463,14,2020-03-05,Sienna,43862.17,5.1,Completed
473464,14,2020-03-11,Tacoma,42213.17,5.1,Completed
473465,1,2020-03-15,Camry,33240.86,5.24,Completed
473466,2,2020-03-20,Tacoma,31348.27,4.0,Completed
473467,3,2020-03-16,Highlander,66809.14,5.69,Completed
473468,17,2020-03-17,RAV4,32986.2,4.51,Completed
473469,6,2020-03-25,RAV4,34590.07,3.86,Completed
473470,3,2020-03-01,Highlander,62764.11,5.69,Completed
473471,15,2020-03-01,Highlander,64140.73,4.86,Completed
473472,2,2020-03-08,Highlander,44919.26,4.0,Completed
473473,19,2020-03-04,Camry,35269.87,5.48,Completed
473474,1,2020-03-05,Corolla,24889.18,5.24,Completed
473475,11,2020-03-02,Tacoma,29455.96,4.16,Completed
473476,10,2020-03-27,Sienna,37916.65,4.88,Completed
473477,19,2020-03-16,Prius,29199.57,5.48,Completed
473478,3,2020-03-18,Prius,30896.91,5.69,Completed
473479,1,2020-03-06,Highlander,56405.02,5.24,Completed
473480,9,2020-03-25,Tacoma,27443.11,4.4,Completed
473481,15,2020-03-14,RAV4,45394.1,4.86,Pending
473482,8,2020-03-27,Highlander,65954.42,5.84,Completed
473483,20,2020-03-20,Sienna,47571.2,5.77,Completed
473484,10,2020-03-01,Camry,30989.66,4.88,Completed
473485,10,2020-03-29,RAV4,35193.82,4.88,Completed
473486,6,2020-03-10,Corolla,20965.79,3.86,Completed
473487,7,2020-03-20,Highlander,57438.52,5.39,Completed
473488,3,2020-03-22,Prius,31179.33,5.69,Completed
473489,9,2020-03-12,Tacoma,27666.63,4.4,Completed
473490,14,2020-03-31,Corolla,27242.54,5.1,Completed
473491,10,2020-03-14,Corolla,22412.58,4.88,Completed
473492,16,2020-03-01,Highlander,59507.79,6.06,Completed
473493,12,2020-03-13,Corolla,25918.22,5.65,Completed
473494,12,2020-03-19,Tundra,52876.05,5.65,Completed
473495,15,2020-03-07,RAV4,40131.39,4.86,Completed
473496,12,2020-03-01,Tundra,46530.91,5.65,Completed
473497,11,2020-03-31,Camry,29175.17,4.16,Completed
473498,16,2020-03-28,Prius,30458.92,6.06,Completed
473499,4,2020-03-30,Prius,20980.04,3.81,Completed
473500,18,2020-03-06,RAV4,44323.6,5.68,Completed
473501,3,2020-03-04,Tacoma,40994.65,5.69,Pending
473502,8,2020-03-11,Camry,37615.35,5.84,Completed
473503,8,2020-03-16,Prius,34838.13,5.84,Completed
473504,14,2020-03-19,Prius,30070.38,5.1,Completed
473505,7,2020-03-23,RAV4,42377.67,5.39,Completed
473506,20,2020-03-03,Tacoma,42360.41,5.77,Completed
473507,17,2020-03-06,Highlander,40311.68,4.51,Completed
473508,20,2020-03-26,Tundra,46969.0,5.77,Completed
473509,6,2020-03-10,Corolla,19924.77,3.86,Completed
473510,7,2020-03-16,Highlander,63413.8,5.39,Completed
473511,14,2020-03-23,Prius,29529.34,5.1,Completed
473512,20,2020-03-10,Prius,32761.23,5.77,Completed
473513,18,2020-03-11,Tundra,49433.37,5.68,Completed
473514,16,2020-03-16,Camry,41020.12,6.06,Completed
473515,2,2020-03-12,RAV4,31154.7,4.0,Pending
473516,16,2020-03-27,Corolla,31284.18,6.06,Completed
473517,1,2020-03-28,Sienna,43261.57,5.24,Completed
473518,14,2020-03-18,Tundra,46348.22,5.1,Completed
473519,13,2020-03-17,Prius,35382.29,5.61,Completed
473520,14,2020-03-31,Prius,31023.52,5.1,Completed
473521,10,2020-03-01,Highlander,44429.68,4.88,Completed
473522,9,2020-03-27,Tundra,32789.44,4.4,Completed
473523,16,2020-03-22,RAV4,45577.73,6.06,Completed
473524,2,2020-03-15,Corolla,21870.61,4.0,Completed
473525,11,2020-03-10,Tacoma,30442.4,4.16,Completed
473526,17,2020-03-22,Camry,25250.66,4.51,Completed
473527,20,2020-03-15,Highlander,60550.26,5.77,Completed
473528,11,2020-03-17,Corolla,20391.68,4.16,Completed
473529,16,2020-03-30,Tacoma,43217.06,6.06,Completed
473530,2,2020-03-11,Prius,26581.12,4.0,Completed
473531,12,2020-03-11,RAV4,43016.32,5.65,Completed
473532,1,2020-03-15,Sienna,44686.03,5.24,Completed
473533,13,2020-03-21,Prius,35449.79,5.61,Completed
473534,6,2020-03-25,Tacoma,31456.7,3.86,Completed
473535,3,2020-03-08,RAV4,42224.93,5.69,Pending
473536,11,2020-03-01,Camry,29209.02,4.16,Completed
473537,6,2020-03-30,RAV4,29182.7,3.86,Completed
473538,10,2020-03-06,Prius,24014.95,4.88,Completed
473539,15,2020-03-28,Highlander,65622.31,4.86,Completed
473540,19,2020-03-02,Tacoma,38599.39,5.48,Completed
473541,7,2020-03-13,Sienna,47769.51,5.39,Completed
473542,10,2020-03-03,Sienna,34116.88,4.88,Completed
473543,1,2020-03-26,Highlander,53872.06,5.24,Completed
473544,2,2020-03-29,Prius,22798.08,4.0,Completed
473545,9,2020-03-25,Sienna,34354.68,4.4,Completed
473546,7,2020-03-17,Tacoma,42527.01,5.39,Completed
473547,13,2020-03-14,Corolla,31237.25,5.61,Completed
473548,2,2020-03-22,Tundra,36346.46,4.0,Completed
473549,3,2020-03-15,Sienna,46922.42,5.69,Completed
473550,7,2020-03-19,Tundra,50577.43,5.39,Completed
473551,9,2020-03-31,Corolla,20121.01,4.4,Completed
473552,15,2020-03-22,RAV4,45618.96,4.86,Completed
473553,2,2020-03-19,Tacoma,31048.24,4.0,Completed
473554,8,2020-03-27,Tundra,44065.24,5.84,Completed
473555,1,2020-03-06,Highlander,51679.08,5.24,Completed
473556,1,2020-03-24,Camry,31361.07,5.24,Completed
473557,5,2020-03-08,Tacoma,35916.72,5.34,Completed
473558,18,2020-03-10,Camry,41573.65,5.68,Completed
473559,19,2020-03-14,Sienna,39049.03,5.48,Completed
473560,11,2020-03-04,Sienna,34562.53,4.16,Completed
473561,12,2020-03-07,Highlander,61106.9,5.65,Cancelled
473562,14,2020-03-01,Camry,35189.88,5.1,Completed
473563,6,2020-03-20,Corolla,19954.03,3.86,Completed
473564,11,2020-03-03,Sienna,37022.61,4.16,Completed
473565,7,2020-03-03,Prius,31580.52,5.39,Completed
473566,17,2020-03-06,Corolla,20700.14,4.51,Completed
473567,8,2020-03-02,Tundra,51166.46,5.84,Completed
473568,1,2020-03-08,Prius,26573.72,5.24,Completed
473569,4,2020-03-31,Corolla,21100.13,3.81,Completed
473570,11,2020-03-08,Tundra,38033.22,4.16,Completed
473571,2,2020-03-05,Tundra,37819.64,4.0,Completed
473572,20,2020-03-15,Tacoma,44371.2,5.77,Completed
473573,3,2020-03-07,Tacoma,43536.46,5.69,Completed
473574,6,2020-03-19,Corolla,19544.81,3.86,Completed
473575,9,2020-03-31,Highlander,41594.15,4.4,Completed
473576,17,2020-03-02,Prius,23186.73,4.51,Completed
473577,10,2020-03-01,Tacoma,30767.34,4.88,Completed
473578,3,2020-03-07,Corolla,26659.9,5.69,Completed
473579,1,2020-03-24,Tundra,38843.5,5.24,Completed
473580,18,2020-03-19,Tundra,48378.05,5.68,Completed
473581,7,2020-03-05,RAV4,42883.03,5.39,Completed
473582,4,2020-03-29,Sienna,36956.41,3.81,Completed
473583,6,2020-03-19,RAV4,34329.65,3.86,Completed
473584,5,2020-03-14,Sienna,44214.27,5.34,Completed
473585,1,2020-03-27,Prius,24230.11,5.24,Completed
473586,3,2020-03-17,Prius,34480.04,5.69,Completed
473587,16,2020-03-29,Tacoma,42437.88,6.06,Completed
473588,1,2020-03-06,Corolla,22852.46,5.24,Completed
473589,4,2020-03-10,Highlander,38944.68,3.81,Completed
473590,19,2020-03-12,Corolla,23533.84,5.48,Completed
473591,8,2020-03-26,Sienna,49927.26,5.84,Pending
473592,2,2020-03-17,Sienna,35185.01,4.0,Completed
473593,5,2020-03-21,Tacoma,34083.65,5.34,Completed
473594,5,2020-03-03,Tacoma,37386.0,5.34,Completed
473595,12,2020-03-10,Highlander,59191.53,5.65,Completed
473596,8,2020-03-12,Highlander,67961.82,5.84,Completed
473597,10,2020-03-18,Tundra,35321.97,4.88,Completed
473598,17,2020-03-28,Tacoma,29599.53,4.51,Completed
473599,11,2020-03-29,Tacoma,30952.14,4.16,Completed
473600,11,2020-03-29,Tacoma,32000.21,4.16,Completed
473601,9,2020-03-29,Highlander,41313.68,4.4,Pending
473602,2,2020-03-02,Camry,31406.53,4.0,Completed
473603,8,2020-03-25,Corolla,26729.04,5.84,Completed
473604,20,2020-03-18,Sienna,47460.72,5.77,Completed
473605,7,2020-03-30,Tundra,54263.01,5.39,Completed
473606,13,2020-03-25,RAV4,45828.24,5.61,Completed
473607,10,2020-03-24,Corolla,21087.78,4.88,Completed
473608,2,2020-03-08,Tacoma,28690.93,4.0,Completed
473609,7,2020-03-22,Prius,32123.71,5.39,Completed
473610,11,2020-03-04,RAV4,32042.0,4.16,Completed
473611,15,2020-03-18,Camry,38189.4,4.86,Completed
473612,19,2020-03-21,Highlander,58921.11,5.48,Pending
473613,14,2020-03-22,Highlander,62549.26,5.1,Completed
473614,8,2020-03-13,Tundra,46906.98,5.84,Completed
473615,17,2020-03-19,Corolla,20442.77,4.51,Completed
473616,3,2020-03-30,Sienna,52555.07,5.69,Completed
473617,13,2020-03-05,Corolla,30778.13,5.61,Completed
473618,9,2020-03-30,Tundra,38217.59,4.4,Completed
473619,4,2020-03-20,Camry,24439.79,3.81,Completed
473620,2,2020-03-12,RAV4,30752.18,4.0,Completed
473621,19,2020-03-03,RAV4,37983.19,5.48,Completed
473622,12,2020-03-15,Tundra,51679.02,5.65,Completed
473623,12,2020-03-08,Highlander,62410.37,5.65,Completed
473624,16,2020-03-31,Tacoma,44966.23,6.06,Completed
473625,4,2020-03-10,Tundra,36057.63,3.81,Completed
473626,14,2020-03-18,Tacoma,41552.87,5.1,Completed
473627,17,2020-03-29,Tacoma,31670.15,4.51,Completed
473628,18,2020-03-27,Tundra,48427.62,5.68,Completed
473629,18,2020-03-20,Tacoma,44748.54,5.68,Completed
473630,13,2020-03-22,Tacoma,40295.53,5.61,Completed
473631,11,2020-03-24,Highlander,41987.87,4.16,Completed
473632,3,2020-03-03,Tacoma,39725.86,5.69,Completed
473633,11,2020-03-24,Corolla,19778.46,4.16,Completed
473634,12,2020-03-01,Highlander,61722.91,5.65,Completed
473635,5,2020-03-03,Tundra,37962.02,5.34,Completed
473636,5,2020-03-08,Tundra,38886.76,5.34,Completed
473637,14,2020-03-13,Highlander,58242.16,5.1,Completed
473638,11,2020-03-17,RAV4,35110.46,4.16,Pending
473639,13,2020-03-30,Tundra,54921.02,5.61,Completed
473640,11,2020-03-07,Corolla,18775.91,4.16,Completed
473641,15,2020-03-05,Highlander,55678.11,4.86,Pending
473642,13,2020-03-02,Camry,37206.31,5.61,Completed
473643,5,2020-03-14,RAV4,40407.75,5.34,Pending
473644,10,2020-03-03,RAV4,36236.38,4.88,Completed
473645,7,2020-03-16,Camry,36030.36,5.39,Completed
473646,18,2020-03-27,Tundra,50044.44,5.68,Completed
473647,16,2020-03-12,RAV4,49450.46,6.06,Completed
473648,16,2020-03-25,Camry,37073.79,6.06,Completed
473649,17,2020-03-15,Highlander,43304.3,4.51,Completed
473650,16,2020-03-28,Tundra,52279.06,6.06,Completed
473651,15,2020-03-01,Camry,36697.54,4.86,Completed
473652,14,2020-03-27,Sienna,50448.35,5.1,Completed
473653,16,2020-03-10,Tundra,54127.45,6.06,Cancelled
473654,2,2020-03-28,Sienna,37373.55,4.0,Completed
473655,20,2020-03-12,Tundra,47035.71,5.77,Completed
473656,15,2020-03-31,Highlander,61023.48,4.86,Completed
473657,11,2020-03-18,Sienna,33484.97,4.16,Completed
473658,18,2020-03-17,Prius,33003.76,5.68,Completed
473659,15,2020-03-30,Prius,28307.26,4.86,Completed
473660,3,2020-03-04,Tundra,52208.64,5.69,Completed
473661,10,2020-03-24,Tundra,39226.14,4.88,Cancelled
473662,1,2020-03-16,Tacoma,36727.22,5.24,Completed
473663,14,2020-03-28,RAV4,45899.64,5.1,Completed
473664,20,2020-03-03,Highlander,58389.87,5.77,Completed
473665,1,2020-03-14,Camry,29919.32,5.24,Completed
473666,1,2020-03-10,Highlander,56408.31,5.24,Completed
473667,19,2020-03-01,Camry,30293.48,5.48,Completed
473668,10,2020-03-12,Camry,27579.29,4.88,Completed
473669,10,2020-03-01,Camry,31378.25,4.88,Completed
473670,10,2020-03-19,Tundra,33784.22,4.88,Completed
473671,20,2020-03-14,Sienna,52647.85,5.77,Completed
473672,3,2020-03-10,Tacoma,45907.5,5.69,Completed
473673,20,2020-03-30,Corolla,30175.1,5.77,Completed
473674,16,2020-03-29,RAV4,43782.76,6.06,Completed
473675,18,2020-03-07,Tundra,56190.53,5.68,Completed
473676,20,2020-03-31,Camry,41666.56,5.77,Completed
473677,3,2020-03-05,Camry,43327.95,5.69,Completed
473678,3,2020-03-23,Camry,41913.3,5.69,Completed
473679,19,2020-03-12,Prius,29449.32,5.48,Completed
473680,13,2020-03-25,Highlander,63161.64,5.61,Completed
473681,18,2020-03-28,Prius,37487.09,5.68,Completed
473682,19,2020-03-30,Sienna,46026.18,5.48,Completed
473683,2,2020-03-03,Camry,30163.15,4.0,Completed
473684,14,2020-03-09,Tacoma,38460.16,5.1,Completed
473685,7,2020-03-30,Tacoma,37688.89,5.39,Completed
473686,5,2020-03-06,Tundra,40493.28,5.34,Completed
473687,7,2020-03-03,RAV4,49028.77,5.39,Completed
473688,10,2020-03-29,RAV4,36064.13,4.88,Completed
473689,1,2020-03-29,Corolla,25181.29,5.24,Completed
473690,12,2020-03-04,Highlander,59377.45,5.65,Completed
473691,7,2020-03-20,Highlander,62133.92,5.39,Completed
473692,12,2020-03-02,RAV4,40030.2,5.65,Completed
473693,7,2020-03-09,Sienna,46916.66,5.39,Completed
473694,8,2020-03-16,Highlander,63018.57,5.84,Completed
473695,7,2020-03-21,Tacoma,38249.77,5.39,Completed
473696,8,2020-03-08,Camry,36065.31,5.84,Completed
473697,3,2020-03-07,Camry,42565.68,5.69,Completed
473698,15,2020-03-27,Corolla,30255.57,4.86,Completed
473699,6,2020-03-14,Camry,28130.95,3.86,Completed
473700,9,2020-03-07,Camry,26043.3,4.4,Completed
473701,5,2020-03-19,Corolla,24330.24,5.34,Completed
473702,12,2020-03-16,Tacoma,39156.3,5.65,Completed
473703,7,2020-03-02,Prius,34319.8,5.39,Completed
473704,2,2020-03-28,Sienna,36902.35,4.0,Completed
473705,2,2020-03-16,Sienna,39717.04,4.0,Completed
473706,17,2020-03-27,Tacoma,26178.0,4.51,Completed
473707,1,2020-03-08,Tacoma,33855.66,5.24,Completed
473708,13,2020-03-07,Tacoma,41371.49,5.61,Completed
473709,13,2020-03-30,Sienna,46353.66,5.61,Completed
473710,19,2020-03-28,Prius,28863.95,5.48,Completed
473711,2,2020-03-11,Tacoma,31128.37,4.0,Completed
473712,13,2020-03-08,Camry,40718.35,5.61,Completed
473713,20,2020-03-03,Corolla,30403.11,5.77,Completed
473714,19,2020-03-03,Tacoma,34443.11,5.48,Completed
473715,14,2020-03-27,Highlander,56362.15,5.1,Completed
473716,3,2020-03-31,Prius,31831.95,5.69,Completed
473717,1,2020-03-08,Tacoma,36830.89,5.24,Completed
473718,15,2020-03-17,Prius,30904.87,4.86,Completed
473719,3,2020-03-03,Corolla,26290.32,5.69,Completed
473720,2,2020-03-13,Prius,22567.01,4.0,Completed
473721,13,2020-03-09,Highlander,71311.86,5.61,Completed
473722,19,2020-03-08,Tundra,41780.03,5.48,Completed
473723,3,2020-03-24,Corolla,27318.72,5.69,Completed
473724,8,2020-03-13,Tacoma,38364.7,5.84,Completed
473725,3,2020-03-08,Prius,35505.12,5.69,Completed
473726,3,2020-03-29,Sienna,50575.12,5.69,Completed
473727,17,2020-03-10,Tundra,37613.09,4.51,Completed
473728,18,2020-03-20,Camry,41671.51,5.68,Completed
473729,2,2020-03-31,Tundra,34850.76,4.0,Completed
473730,14,2020-03-22,Tundra,44495.82,5.1,Completed
473731,20,2020-03-28,Camry,37826.04,5.77,Pending
473732,14,2020-03-18,Tacoma,37779.33,5.1,Completed
473733,19,2020-03-30,Prius,25948.83,5.48,Completed
473734,7,2020-03-17,Prius,29337.83,5.39,Completed
473735,1,2020-03-02,Prius,26592.68,5.24,Completed
473736,5,2020-03-07,Highlander,53177.36,5.34,Completed
473737,18,2020-03-05,Sienna,49472.72,5.68,Completed
473738,19,2020-03-25,Tundra,45931.39,5.48,Completed
473739,9,2020-03-16,Corolla,21704.06,4.4,Completed
473740,7,2020-03-28,Camry,34970.93,5.39,Completed
473741,10,2020-03-09,Tacoma,30806.81,4.88,Completed
473742,2,2020-03-20,Highlander,47905.51,4.0,Completed
473743,20,2020-03-17,Camry,36731.31,5.77,Completed
473744,4,2020-03-16,Tacoma,30792.24,3.81,Completed
473745,2,2020-03-09,Prius,24438.71,4.0,Completed
473746,20,2020-03-30,Highlander,62746.75,5.77,Completed
473747,17,2020-03-24,RAV4,31863.98,4.51,Completed
473748,8,2020-03-25,Camry,40540.86,5.84,Completed
473749,20,2020-03-10,Sienna,45512.21,5.77,Completed
473750,8,2020-03-16,Sienna,49193.64,5.84,Completed
473751,13,2020-03-22,Tacoma,41715.74,5.61,Completed
473752,7,2020-03-31,Camry,39306.94,5.39,Completed
473753,13,2020-03-19,Prius,31156.66,5.61,Completed
473754,14,2020-03-06,Tacoma,41969.28,5.1,Completed
473755,10,2020-03-23,Camry,26551.75,4.88,Completed
473756,7,2020-03-03,Sienna,50939.61,5.39,Completed
473757,2,2020-03-30,Corolla,19916.96,4.0,Completed
473758,19,2020-03-05,Highlander,52050.98,5.48,Completed
473759,10,2020-03-15,Camry,28222.5,4.88,Completed
473760,13,2020-03-03,Tacoma,40409.25,5.61,Completed
473761,14,2020-03-01,Sienna,43155.28,5.1,Completed
473762,20,2020-03-31,Camry,38358.36,5.77,Completed
473763,18,2020-03-17,Tacoma,43621.89,5.68,Completed
473764,4,2020-03-08,Tacoma,29585.29,3.81,Completed
473765,16,2020-03-10,Camry,36276.13,6.06,Completed
473766,10,2020-03-07,Camry,31231.38,4.88,Completed
473767,14,2020-03-06,Sienna,50129.85,5.1,Completed
473768,11,2020-03-29,Camry,26867.9,4.16,Completed
473769,18,2020-03-17,Camry,44165.36,5.68,Completed
473770,18,2020-03-24,Tacoma,44598.27,5.68,Completed
473771,20,2020-03-12,Tacoma,38684.89,5.77,Completed
473772,19,2020-03-10,Highlander,54237.45,5.48,Completed
473773,11,2020-03-26,Sienna,38645.44,4.16,Completed
473774,12,2020-03-20,RAV4,47529.36,5.65,Completed
473775,11,2020-03-16,Highlander,46331.34,4.16,Completed
473776,10,2020-03-17,Highlander,44110.3,4.88,Completed
473777,2,2020-03-24,Camry,27251.63,4.0,Completed
473778,2,2020-03-25,Corolla,22244.62,4.0,Completed
473779,3,2020-03-21,Camry,40955.53,5.69,Pending
473780,17,2020-03-22,Highlander,44512.1,4.51,Completed
473781,12,2020-03-23,RAV4,44867.74,5.65,Completed
473782,1,2020-03-18,RAV4,35036.74,5.24,Completed
473783,20,2020-03-17,RAV4,40729.41,5.77,Completed
473784,20,2020-03-04,Corolla,25885.45,5.77,Completed
473785,20,2020-03-15,Highlander,58274.01,5.77,Completed
473786,17,2020-03-13,Highlander,45885.06,4.51,Completed
473787,10,2020-03-17,Camry,29764.48,4.88,Completed
473788,16,2020-03-04,Corolla,29914.32,6.06,Completed
473789,10,2020-03-14,Prius,22209.28,4.88,Completed
473790,7,2020-03-11,Corolla,25688.91,5.39,Completed
473791,16,2020-03-11,Sienna,50790.31,6.06,Completed
473792,12,2020-03-27,RAV4,43938.1,5.65,Completed
473793,3,2020-03-23,Corolla,27777.11,5.69,Completed
473794,9,2020-03-11,Sienna,35552.0,4.4,Completed
473795,17,2020-03-07,Sienna,37059.96,4.51,Completed
473796,14,2020-03-09,Camry,36154.88,5.1,Completed
473797,3,2020-03-02,Highlander,58652.12,5.69,Completed
473798,7,2020-03-27,Prius,32737.75,5.39,Completed
473799,14,2020-03-29,Prius,30847.52,5.1,Completed
473800,1,2020-03-15,RAV4,35630.17,5.24,Completed
473801,6,2020-03-09,Tundra,33936.14,3.86,Completed
473802,14,2020-03-22,Tundra,51419.84,5.1,Completed
473803,5,2020-03-11,Highlander,48629.68,5.34,Completed
473804,11,2020-03-17,Corolla,18593.79,4.16,Completed
473805,19,2020-03-31,Corolla,25595.62,5.48,Completed
473806,13,2020-03-04,Highlander,67774.6,5.61,Completed
473807,6,2020-03-16,Prius,21779.17,3.86,Completed
473808,19,2020-03-20,Tacoma,35004.66,5.48,Completed
473809,5,2020-03-15,Tundra,38074.12,5.34,Completed
473810,2,2020-03-21,RAV4,32093.2,4.0,Completed
473811,18,2020-03-30,Tacoma,40102.92,5.68,Completed
473812,18,2020-03-29,Prius,34191.09,5.68,Completed
473813,11,2020-03-05,Corolla,19094.31,4.16,Completed
473814,15,2020-03-12,Camry,39320.73,4.86,Completed
473815,18,2020-03-29,Tacoma,47328.67,5.68,Completed
473816,16,2020-03-14,Tacoma,42504.56,6.06,Completed
473817,13,2020-03-19,RAV4,46535.91,5.61,Completed
473818,4,2020-03-24,Corolla,20571.24,3.81,Completed
473819,12,2020-03-11,Tacoma,38723.65,5.65,Completed
473820,14,2020-03-13,Tundra,47346.55,5.1,Completed
473821,10,2020-03-04,Tacoma,31705.15,4.88,Completed
473822,18,2020-03-28,Tundra,51302.39,5.68,Completed
473823,14,2020-03-06,Corolla,25278.43,5.1,Completed
473824,7,2020-03-29,Prius,34398.15,5.39,Completed
473825,11,2020-03-22,Prius,23615.28,4.16,Completed
473826,15,2020-03-31,Camry,34282.65,4.86,Completed
473827,15,2020-03-01,Tacoma,39936.55,4.86,Completed
473828,8,2020-03-10,Highlander,56060.43,5.84,Completed
473829,11,2020-03-16,Camry,26230.91,4.16,Completed
473830,20,2020-03-23,Highlander,68205.07,5.77,Completed
473831,5,2020-03-11,Tacoma,38329.64,5.34,Completed
473832,1,2020-03-01,Prius,26054.61,5.24,Cancelled
473833,10,2020-03-26,Tacoma,33412.45,4.88,Completed
473834,6,2020-03-30,Prius,21423.38,3.86,Completed
473835,1,2020-03-09,Highlander,47096.91,5.24,Pending
473836,9,2020-03-07,Highlander,46563.48,4.4,Completed
473837,1,2020-03-20,Camry,31291.43,5.24,Completed
473838,19,2020-03-06,Camry,34529.93,5.48,Completed
473839,18,2020-03-18,Camry,40823.88,5.68,Completed
473840,7,2020-03-10,Corolla,26107.29,5.39,Completed
473841,1,2020-03-07,Prius,25473.66,5.24,Completed
473842,18,2020-03-20,Tundra,55575.09,5.68,Completed
473843,15,2020-03-19,Prius,30472.21,4.86,Completed
473844,3,2020-03-24,RAV4,46286.82,5.69,Completed
473845,8,2020-03-09,Camry,37910.27,5.84,Completed
473846,2,2020-03-27,RAV4,34414.8,4.0,Completed
473847,7,2020-03-27,Tundra,50395.12,5.39,Pending
473848,13,2020-03-15,Corolla,29700.69,5.61,Completed
473849,9,2020-03-30,Camry,25089.87,4.4,Completed
473850,10,2020-03-21,Prius,24643.99,4.88,Completed
473851,4,2020-03-01,Tundra,35392.25,3.81,Pending
473852,19,2020-03-21,Corolla,23172.9,5.48,Completed
473853,7,2020-03-20,Sienna,53402.22,5.39,Completed
473854,2,2020-03-30,Tacoma,32114.86,4.0,Completed
473855,6,2020-03-20,Prius,20596.39,3.86,Completed
473856,10,2020-03-09,Prius,22414.47,4.88,Completed
473857,1,2020-03-09,Prius,28968.36,5.24,Completed
473858,19,2020-03-28,Sienna,39041.92,5.48,Completed
473859,2,2020-03-08,Highlander,43796.65,4.0,Completed
473860,9,2020-03-12,RAV4,35482.48,4.4,Completed
473861,8,2020-03-19,Tacoma,43810.12,5.84,Completed
473862,11,2020-03-30,Camry,30319.34,4.16,Completed
473863,13,2020-03-21,Tundra,51153.89,5.61,Completed
473864,10,2020-03-14,Corolla,18988.75,4.88,Completed
473865,20,2020-03-14,Tundra,44420.62,5.77,Completed
473866,13,2020-03-05,Highlander,70510.76,5.61,Completed
473867,18,2020-03-15,Camry,38053.06,5.68,Completed
473868,11,2020-03-09,RAV4,33520.61,4.16,Completed
473869,20,2020-03-15,Prius,30555.53,5.77,Completed
473870,13,2020-03-16,Corolla,27101.98,5.61,Completed
473871,2,2020-03-07,Sienna,38953.42,4.0,Completed
473872,17,2020-03-01,Tacoma,28529.7,4.51,Completed
473873,13,2020-03-14,Tundra,49220.02,5.61,Completed
473874,9,2020-03-07,Corolla,18473.13,4.4,Completed
473875,16,2020-03-02,Sienna,47458.93,6.06,Completed
473876,14,2020-03-26,Highlander,58693.17,5.1,Completed
473877,6,2020-03-18,Sienna,33325.69,3.86,Completed
473878,3,2020-03-03,Sienna,47657.79,5.69,Completed
473879,19,2020-03-10,Prius,29104.69,5.48,Completed
473880,4,2020-03-21,Camry,27987.45,3.81,Completed
473881,12,2020-03-04,Tundra,49993.54,5.65,Completed
473882,8,2020-03-05,Highlander,62061.14,5.84,Completed
473883,13,2020-03-18,Prius,34102.76,5.61,Completed
473884,11,2020-03-02,Tundra,37103.08,4.16,Completed
473885,13,2020-03-30,RAV4,47017.45,5.61,Completed
473886,10,2020-03-28,Corolla,21391.94,4.88,Completed
473887,10,2020-03-31,Tacoma,31801.04,4.88,Completed
473888,5,2020-03-30,Highlander,52084.19,5.34,Completed
473889,12,2020-03-05,Camry,40206.81,5.65,Completed
473890,19,2020-03-31,Tacoma,36789.95,5.48,Completed
473891,20,2020-03-20,Camry,34794.07,5.77,Completed
473892,1,2020-03-10,Tundra,42186.0,5.24,Completed
473893,18,2020-03-23,Sienna,53157.37,5.68,Completed
473894,5,2020-03-17,Corolla,25071.49,5.34,Cancelled
473895,13,2020-03-09,Tacoma,43928.72,5.61,Completed
473896,13,2020-03-01,Sienna,46896.18,5.61,Completed
473897,3,2020-03-08,Tundra,52703.41,5.69,Cancelled
473898,14,2020-03-02,Highlander,61042.61,5.1,Completed
473899,19,2020-03-24,RAV4,40846.24,5.48,Completed
473900,1,2020-03-09,RAV4,37818.41,5.24,Completed
473901,15,2020-03-13,Tacoma,41149.46,4.86,Completed
473902,13,2020-03-03,Prius,33627.93,5.61,Completed
473903,12,2020-03-05,Highlander,58817.5,5.65,Completed
473904,8,2020-03-26,Tundra,52378.97,5.84,Completed
473905,15,2020-03-09,Tacoma,44279.46,4.86,Completed
473906,15,2020-03-19,Corolla,27176.69,4.86,Completed
473907,4,2020-03-03,Tacoma,28285.98,3.81,Completed
473908,11,2020-03-09,Corolla,18590.94,4.16,Completed
473909,19,2020-03-15,Tundra,40082.72,5.48,Completed
473910,16,2020-03-21,Camry,41854.31,6.06,Completed
473911,8,2020-03-22,Highlander,58889.85,5.84,Completed
473912,17,2020-03-26,Corolla,21333.44,4.51,Completed
473913,9,2020-03-05,Corolla,21668.1,4.4,Completed
473914,18,2020-03-24,Sienna,48224.11,5.68,Completed
473915,11,2020-03-11,Prius,23026.94,4.16,Completed
473916,13,2020-03-16,RAV4,41923.38,5.61,Completed
473917,8,2020-03-20,Tundra,44726.45,5.84,Completed
473918,10,2020-03-02,Sienna,39352.4,4.88,Cancelled
473919,2,2020-03-28,RAV4,34674.15,4.0,Completed
473920,13,2020-03-16,RAV4,42212.96,5.61,Completed
473921,16,2020-03-29,Camry,38390.59,6.06,Completed
473922,20,2020-03-23,Tacoma,42003.54,5.77,Completed
473923,18,2020-03-26,Highlander,69629.29,5.68,Completed
473924,8,2020-03-26,Prius,29335.24,5.84,Completed
473925,14,2020-03-07,Tundra,45598.72,5.1,Completed
473926,17,2020-03-30,Sienna,32788.11,4.51,Completed
473927,6,2020-03-24,RAV4,33330.83,3.86,Completed
473928,17,2020-03-24,Tundra,33251.19,4.51,Completed
473929,18,2020-03-29,Prius,33792.68,5.68,Completed
473930,9,2020-03-23,Prius,24592.5,4.4,Completed
473931,15,2020-03-27,Tundra,47025.04,4.86,Completed
473932,3,2020-03-13,Tundra,50604.3,5.69,Completed
473933,9,2020-03-29,Corolla,19500.94,4.4,Completed
473934,7,2020-03-19,Sienna,48529.12,5.39,Cancelled
473935,10,2020-03-24,Tacoma,27799.56,4.88,Completed
473936,6,2020-03-07,Sienna,35334.29,3.86,Completed
473937,14,2020-03-16,Sienna,44254.94,5.1,Completed
473938,3,2020-03-07,Prius,32042.07,5.69,Completed
473939,14,2020-03-17,Tundra,48077.56,5.1,Completed
473940,5,2020-03-31,Sienna,44637.81,5.34,Completed
473941,11,2020-03-28,RAV4,31823.55,4.16,Completed
473942,9,2020-03-01,RAV4,29527.54,4.4,Completed
473943,7,2020-03-25,Highlander,65418.85,5.39,Completed
473944,2,2020-03-07,RAV4,30764.01,4.0,Completed
473945,2,2020-03-22,RAV4,32380.18,4.0,Completed
473946,5,2020-03-16,Prius,24860.36,5.34,Completed
473947,3,2020-03-07,Sienna,49530.73,5.69,Completed
473948,4,2020-03-17,Prius,20811.38,3.81,Completed
473949,14,2020-03-25,Tundra,46675.28,5.1,Pending
473950,14,2020-03-02,RAV4,39160.87,5.1,Completed
473951,6,2020-03-01,Tundra,35572.21,3.86,Completed
473952,10,2020-03-20,Camry,28468.73,4.88,Completed
473953,8,2020-03-17,Sienna,46243.58,5.84,Completed
473954,11,2020-03-07,Sienna,37434.33,4.16,Completed
473955,4,2020-03-08,Corolla,20730.9,3.81,Completed
473956,1,2020-03-05,Highlander,54039.95,5.24,Completed
473957,8,2020-03-30,RAV4,45659.14,5.84,Completed
473958,20,2020-03-08,RAV4,45061.37,5.77,Completed
473959,16,2020-03-24,Highlander,59285.3,6.06,Completed
473960,18,2020-03-07,Tundra,57376.32,5.68,Completed
473961,17,2020-03-19,Camry,28297.92,4.51,Completed
473962,10,2020-03-30,Highlander,42891.6,4.88,Completed
473963,15,2020-03-02,Highlander,65658.51,4.86,Completed
473964,9,2020-03-12,Tacoma,32310.42,4.4,Completed
473965,8,2020-03-29,Highlander,67029.51,5.84,Completed
473966,20,2020-03-04,RAV4,41649.3,5.77,Completed
473967,9,2020-03-17,Highlander,43137.38,4.4,Completed
473968,6,2020-03-09,Tacoma,29451.53,3.86,Completed
473969,15,2020-03-10,Prius,31536.9,4.86,Completed
473970,18,2020-03-09,Highlander,65531.52,5.68,Completed
473971,2,2020-03-11,Tundra,34982.61,4.0,Completed
473972,15,2020-03-10,RAV4,42571.43,4.86,Completed
473973,8,2020-03-16,RAV4,47172.4,5.84,Completed
473974,11,2020-03-18,Tundra,38381.78,4.16,Completed
473975,3,2020-03-29,Corolla,26390.61,5.69,Completed
473976,5,2020-03-30,RAV4,34983.55,5.34,Completed
473977,12,2020-03-27,RAV4,44645.98,5.65,Completed
473978,6,2020-03-15,Tundra,32605.78,3.86,Completed
473979,16,2020-03-13,RAV4,42789.71,6.06,Completed
473980,5,2020-03-23,Highlander,55533.53,5.34,Completed
473981,17,2020-03-02,Corolla,19721.17,4.51,Completed
473982,3,2020-03-31,Tacoma,46385.37,5.69,Completed
473983,12,2020-03-16,Tundra,50904.88,5.65,Completed
473984,18,2020-03-01,Tundra,51163.17,5.68,Completed
473985,19,2020-03-11,Tacoma,33579.47,5.48,Completed
473986,13,2020-03-19,RAV4,46334.05,5.61,Completed
473987,19,2020-03-28,Sienna,46334.28,5.48,Completed
473988,3,2020-03-12,Sienna,45714.93,5.69,Completed
473989,19,2020-03-22,Sienna,46245.07,5.48,Completed
473990,3,2020-03-06,Corolla,27816.61,5.69,Completed
473991,14,2020-03-17,Highlander,55422.55,5.1,Completed
473992,2,2020-03-24,Highlander,46391.74,4.0,Completed
473993,14,2020-03-13,Corolla,27283.78,5.1,Completed
473994,14,2020-03-04,Tacoma,38308.86,5.1,Completed
473995,17,2020-03-02,Prius,22382.7,4.51,Cancelled
473996,8,2020-03-29,Tundra,48801.1,5.84,Completed
473997,18,2020-03-24,Sienna,52490.69,5.68,Completed
473998,14,2020-03-23,Tundra,43606.61,5.1,Pending
473999,2,2020-03-19,Camry,28923.87,4.0,Completed
474000,7,2020-03-29,Camry,36774.21,5.39,Completed
474001,19,2020-03-17,Tacoma,36990.74,5.48,Completed
474002,12,2020-03-06,RAV4,44024.95,5.65,Completed
474003,1,2020-03-16,Prius,26588.19,5.24,Completed
474004,3,2020-03-28,Camry,36963.68,5.69,Completed
474005,4,2020-03-29,Sienna,35573.74,3.81,Completed
474006,2,2020-03-16,Tundra,40772.41,4.0,Completed
474007,2,2020-03-16,Camry,28763.29,4.0,Completed
474008,17,2020-03-05,Camry,24112.39,4.51,Completed
474009,7,2020-03-16,Prius,30748.72,5.39,Completed
474010,4,2020-03-06,RAV4,30234.67,3.81,Completed
474011,19,2020-03-25,Prius,26299.99,5.48,Completed
474012,16,2020-03-15,Prius,34468.03,6.06,Completed
474013,10,2020-03-05,Camry,27850.72,4.88,Completed
474014,14,2020-03-31,Tacoma,41595.74,5.1,Completed
474015,20,2020-03-31,Prius,33972.63,5.77,Completed
474016,11,2020-03-30,Tundra,37815.18,4.16,Completed
474017,18,2020-03-14,Tacoma,46150.77,5.68,Completed
474018,2,2020-03-01,Sienna,37661.9,4.0,Completed
474019,5,2020-03-23,Corolla,24912.56,5.34,Completed
474020,2,2020-03-03,Corolla,21315.95,4.0,Completed
474021,18,2020-03-21,RAV4,44723.96,5.68,Completed
474022,16,2020-03-31,Tundra,53325.58,6.06,Completed
474023,18,2020-03-26,Tundra,47368.15,5.68,Completed
474024,6,2020-03-26,Sienna,36853.92,3.86,Pending
474025,5,2020-03-08,Corolla,25174.91,5.34,Completed
474026,20,2020-03-09,RAV4,46223.78,5.77,Completed
474027,9,2020-03-14,Camry,26979.22,4.4,Completed
474028,19,2020-03-28,Tacoma,32634.58,5.48,Completed
474029,6,2020-03-16,Highlander,40915.24,3.86,Completed
474030,13,2020-03-13,Camry,40950.36,5.61,Completed
474031,12,2020-03-08,Sienna,52385.97,5.65,Completed
474032,7,2020-03-13,Tacoma,39124.69,5.39,Completed
474033,6,2020-03-04,Camry,24522.28,3.86,Completed
474034,18,2020-03-17,Tundra,51000.15,5.68,Completed
474035,14,2020-03-17,Sienna,43181.31,5.1,Completed
474036,16,2020-03-24,Prius,29770.24,6.06,Completed
474037,2,2020-03-02,RAV4,31793.1,4.0,Completed
474038,19,2020-03-03,Tundra,43625.38,5.48,Completed
474039,7,2020-03-29,Highlander,59511.74,5.39,Completed
474040,7,2020-03-22,Prius,32950.77,5.39,Completed
474041,7,2020-03-26,Camry,38393.04,5.39,Completed
474042,17,2020-03-01,Corolla,21592.47,4.51,Pending
474043,6,2020-03-14,RAV4,30826.53,3.86,Completed
474044,18,2020-03-17,Tacoma,43119.28,5.68,Completed
474045,2,2020-03-25,Prius,22731.05,4.0,Completed
474046,1,2020-03-10,Highlander,51160.74,5.24,Completed
474047,12,2020-03-28,Highlander,59294.2,5.65,Completed
474048,20,2020-03-23,Tundra,47720.84,5.77,Completed
474049,13,2020-03-09,Corolla,29229.42,5.61,Completed
474050,14,2020-03-09,Tacoma,42933.42,5.1,Completed
474051,19,2020-03-17,Prius,25182.01,5.48,Completed
474052,7,2020-03-14,Corolla,31047.5,5.39,Completed
474053,20,2020-03-05,RAV4,40667.12,5.77,Completed
474054,20,2020-03-30,Prius,33244.71,5.77,Completed
474055,20,2020-03-15,Tacoma,40998.9,5.77,Completed
474056,4,2020-03-19,Sienna,33509.55,3.81,Completed
474057,1,2020-03-08,Corolla,24760.7,5.24,Completed
474058,16,2020-03-05,RAV4,50190.81,6.06,Completed
474059,2,2020-03-15,Camry,28342.69,4.0,Completed
474060,16,2020-03-14,Prius,31109.49,6.06,Completed
474061,6,2020-03-10,Corolla,18360.93,3.86,Completed
474062,6,2020-03-23,Prius,24443.33,3.86,Cancelled
474063,6,2020-03-03,Sienna,35910.5,3.86,Completed
474064,14,2020-03-24,Prius,29620.13,5.1,Completed
474065,18,2020-03-05,Corolla,32914.45,5.68,Completed
474066,9,2020-03-27,Highlander,49398.47,4.4,Completed
474067,20,2020-03-28,Camry,35837.33,5.77,Completed
474068,20,2020-03-22,Camry,35278.7,5.77,Completed
474069,16,2020-03-28,Highlander,63146.22,6.06,Cancelled
474070,18,2020-03-14,Camry,38429.78,5.68,Completed
474071,6,2020-03-12,Tundra,31823.25,3.86,Completed
474072,3,2020-03-31,Corolla,31069.87,5.69,Completed
474073,18,2020-03-27,Prius,35758.65,5.68,Cancelled
474074,3,2020-03-01,Camry,38726.4,5.69,Completed
474075,7,2020-03-12,Tundra,45808.65,5.39,Completed
474076,3,2020-03-06,Tundra,49251.59,5.69,Completed
474077,2,2020-03-26,RAV4,36725.26,4.0,Completed
474078,3,2020-03-30,Sienna,48082.1,5.69,Completed
474079,7,2020-03-08,Tacoma,39435.52,5.39,Completed
474080,14,2020-03-08,Prius,32721.95,5.1,Completed
474081,4,2020-03-17,Highlander,45823.81,3.81,Completed
474082,9,2020-03-12,Highlander,48064.85,4.4,Completed
474083,12,2020-03-27,Prius,33731.11,5.65,Completed
474084,8,2020-03-24,Sienna,51018.82,5.84,Completed
474085,15,2020-03-09,Camry,37901.32,4.86,Completed
474086,4,2020-03-15,Tundra,34481.7,3.81,Completed
474087,17,2020-03-27,Prius,20885.97,4.51,Pending
474088,6,2020-03-21,RAV4,31580.11,3.86,Completed
474089,16,2020-03-26,RAV4,42531.25,6.06,Completed
474090,18,2020-03-13,RAV4,47326.57,5.68,Completed
474091,13,2020-03-04,Highlander,68431.7,5.61,Completed
474092,17,2020-03-15,Corolla,18601.47,4.51,Completed
474093,7,2020-03-14,Tundra,54113.97,5.39,Completed
474094,16,2020-03-18,Tundra,49833.52,6.06,Completed
474095,2,2020-03-18,Prius,22799.02,4.0,Completed
474096,8,2020-03-03,Corolla,27003.92,5.84,Completed
474097,14,2020-03-06,Prius,27819.17,5.1,Completed
474098,19,2020-03-17,Prius,27323.65,5.48,Completed
474099,9,2020-03-30,Corolla,21727.51,4.4,Completed
474100,2,2020-03-22,Tacoma,29202.96,4.0,Completed
474101,1,2020-03-12,Sienna,37769.39,5.24,Completed
474102,19,2020-03-28,Tundra,45147.65,5.48,Completed
474103,20,2020-03-28,Tundra,53127.67,5.77,Completed
474104,17,2020-03-06,Prius,23184.66,4.51,Completed
474105,17,2020-03-15,Prius,20639.85,4.51,Completed
474106,6,2020-03-28,Prius,22005.61,3.86,Completed
474107,9,2020-03-20,Sienna,34873.97,4.4,Completed
474108,6,2020-03-21,Corolla,21546.15,3.86,Completed
474109,18,2020-03-31,Highlander,72484.48,5.68,Completed
474110,2,2020-03-06,Tundra,40154.67,4.0,Completed
474111,12,2020-03-02,Tundra,46901.52,5.65,Completed
474112,14,2020-03-26,RAV4,40712.77,5.1,Completed
474113,8,2020-03-22,Sienna,45632.52,5.84,Cancelled
474114,17,2020-03-20,Tundra,33581.78,4.51,Completed
474115,14,2020-03-27,Camry,32805.53,5.1,Completed
474116,15,2020-03-03,Highlander,65005.06,4.86,Completed
474117,16,2020-03-03,Tundra,46584.12,6.06,Completed
474118,3,2020-03-30,RAV4,47593.99,5.69,Completed
474119,12,2020-03-23,Prius,31610.35,5.65,Completed
474120,13,2020-03-11,RAV4,44445.88,5.61,Completed
474121,3,2020-03-19,RAV4,50166.9,5.69,Completed
474122,11,2020-03-15,Tundra,33411.71,4.16,Completed
474123,8,2020-03-28,Corolla,28461.48,5.84,Completed
474124,6,2020-03-30,Prius,23011.81,3.86,Completed
474125,2,2020-03-04,Corolla,23167.78,4.0,Completed
474126,10,2020-03-16,Prius,25851.5,4.88,Completed
474127,5,2020-03-04,Sienna,40522.23,5.34,Completed
474128,20,2020-03-18,Camry,38232.34,5.77,Completed
474129,5,2020-03-24,Highlander,53258.96,5.34,Completed
474130,5,2020-03-29,Tundra,45531.56,5.34,Completed
474131,2,2020-03-28,Camry,30256.51,4.0,Completed
474132,3,2020-03-22,Sienna,49954.18,5.69,Completed
474133,10,2020-03-31,Highlander,46300.29,4.88,Completed
474134,14,2020-03-24,Tacoma,36163.52,5.1,Completed
474135,6,2020-03-10,Prius,22315.51,3.86,Completed
474136,19,2020-03-21,Tacoma,39401.87,5.48,Completed
474137,13,2020-03-15,Tacoma,43207.44,5.61,Completed
474138,18,2020-03-29,Prius,36998.41,5.68,Completed
474139,12,2020-03-16,Highlander,56262.8,5.65,Completed
474140,8,2020-03-03,Highlander,67194.25,5.84,Completed
474141,16,2020-03-03,Prius,34948.01,6.06,Completed
474142,1,2020-03-30,RAV4,39263.48,5.24,Cancelled
474143,10,2020-03-18,Prius,25460.03,4.88,Completed
474144,12,2020-03-16,Tundra,45786.75,5.65,Completed
474145,20,2020-03-03,Corolla,28743.05,5.77,Completed
474146,1,2020-03-02,Sienna,40854.97,5.24,Completed
474147,20,2020-03-04,Camry,37374.84,5.77,Completed
474148,16,2020-03-03,RAV4,45829.51,6.06,Completed
474149,17,2020-03-21,Sienna,37106.9,4.51,Completed
474150,8,2020-03-17,Tundra,45773.09,5.84,Completed
474151,10,2020-03-18,Highlander,47337.6,4.88,Completed
474152,5,2020-03-15,Sienna,41227.31,5.34,Completed
474153,13,2020-03-08,Prius,34115.78,5.61,Completed
474154,11,2020-03-01,Tacoma,27363.85,4.16,Completed
474155,11,2020-03-10,Highlander,46664.24,4.16,Completed
474156,1,2020-03-18,Corolla,25336.15,5.24,Cancelled
474157,3,2020-03-18,Prius,33587.46,5.69,Completed
474158,1,2020-03-24,Camry,31022.42,5.24,Completed
474159,13,2020-03-30,RAV4,49458.26,5.61,Completed
474160,13,2020-03-04,Sienna,46816.58,5.61,Completed
474161,12,2020-03-25,Corolla,26199.61,5.65,Completed
474162,2,2020-03-17,Camry,30684.87,4.0,Completed
474163,7,2020-03-23,RAV4,41761.93,5.39,Completed
474164,20,2020-03-03,Highlander,63049.44,5.77,Completed
474165,6,2020-03-26,RAV4,34122.72,3.86,Completed
474166,15,2020-03-05,Highlander,62351.59,4.86,Completed
474167,5,2020-03-10,Tacoma,33164.81,5.34,Completed
474168,17,2020-03-22,Prius,24380.45,4.51,Completed
474169,10,2020-03-13,Sienna,33048.88,4.88,Completed
474170,7,2020-03-21,RAV4,44462.55,5.39,Completed
474171,7,2020-03-07,Highlander,65886.91,5.39,Completed
474172,18,2020-03-03,Corolla,31117.72,5.68,Cancelled
474173,12,2020-03-15,Tacoma,38412.51,5.65,Completed
474174,15,2020-03-13,Corolla,25831.99,4.86,Completed
474175,4,2020-03-04,Tacoma,29853.09,3.81,Completed
474176,13,2020-03-19,Tacoma,45394.97,5.61,Completed
474177,13,2020-03-04,RAV4,49137.62,5.61,Completed
474178,1,2020-03-20,Tacoma,31347.4,5.24,Completed
474179,17,2020-03-15,Camry,27147.82,4.51,Completed
474180,19,2020-03-17,Tacoma,38558.43,5.48,Completed
474181,6,2020-03-06,Prius,22595.55,3.86,Completed
474182,4,2020-03-10,RAV4,28547.79,3.81,Completed
474183,4,2020-03-17,RAV4,31176.96,3.81,Completed
474184,9,2020-03-25,Tundra,35900.19,4.4,Completed
474185,14,2020-03-30,Sienna,45387.19,5.1,Completed
474186,17,2020-03-09,Camry,28217.47,4.51,Completed
474187,16,2020-03-11,Sienna,46148.45,6.06,Completed
474188,14,2020-03-25,Prius,28143.86,5.1,Completed
474189,2,2020-03-12,Camry,27057.51,4.0,Completed
474190,5,2020-03-17,Camry,34121.1,5.34,Completed
474191,20,2020-03-21,Tundra,51319.2,5.77,Completed
474192,14,2020-03-01,Camry,38838.68,5.1,Completed
474193,18,2020-03-14,RAV4,46231.83,5.68,Completed
474194,11,2020-03-02,Tundra,38712.41,4.16,Completed
474195,10,2020-03-01,Camry,27169.5,4.88,Completed
474196,5,2020-03-09,Camry,29948.78,5.34,Completed
474197,3,2020-03-22,Sienna,49267.12,5.69,Completed
474198,11,2020-03-28,Tacoma,27863.29,4.16,Completed
474199,14,2020-03-07,Tacoma,42320.49,5.1,Completed
474200,10,2020-03-13,Highlander,43694.54,4.88,Completed
474201,11,2020-03-14,Prius,21849.81,4.16,Completed
474202,9,2020-03-05,Camry,25288.66,4.4,Completed
474203,19,2020-03-03,Camry,34817.15,5.48,Completed
474204,16,2020-03-10,Tundra,50644.33,6.06,Completed
474205,3,2020-03-27,Corolla,26390.41,5.69,Completed
474206,10,2020-03-05,Highlander,46336.23,4.88,Completed
474207,15,2020-03-14,Highlander,57818.15,4.86,Completed
474208,3,2020-03-25,Corolla,28373.23,5.69,Completed
474209,16,2020-03-02,Tacoma,40482.0,6.06,Completed
474210,11,2020-03-18,Camry,28250.76,4.16,Completed
474211,4,2020-03-16,Corolla,20284.14,3.81,Completed
474212,9,2020-03-04,Highlander,49006.12,4.4,Completed
474213,3,2020-03-11,Prius,29721.03,5.69,Completed
474214,12,2020-03-03,Highlander,56957.19,5.65,Completed
474215,11,2020-03-24,Corolla,19881.93,4.16,Completed
474216,15,2020-03-25,RAV4,44771.13,4.86,Completed
474217,19,2020-03-20,RAV4,36554.6,5.48,Completed
474218,10,2020-03-16,Tacoma,28433.73,4.88,Completed
474219,8,2020-03-07,Corolla,27051.69,5.84,Completed
474220,12,2020-03-26,Camry,39257.31,5.65,Completed
474221,12,2020-03-01,Highlander,56044.44,5.65,Completed
474222,5,2020-03-02,Tacoma,34082.49,5.34,Completed
474223,5,2020-03-06,Highlander,56744.89,5.34,Completed
474224,17,2020-03-14,Camry,26363.78,4.51,Completed
474225,7,2020-03-19,Camry,36802.6,5.39,Completed
474226,3,2020-03-04,Camry,39904.6,5.69,Completed
474227,6,2020-03-27,Camry,25236.62,3.86,Completed
474228,17,2020-03-30,Sienna,33082.94,4.51,Completed
474229,8,2020-03-19,Highlander,67014.94,5.84,Completed
474230,10,2020-03-25,RAV4,30862.45,4.88,Completed
474231,9,2020-03-16,Camry,26842.42,4.4,Completed
474232,14,2020-03-01,Camry,37700.75,5.1,Completed
474233,11,2020-03-18,RAV4,32174.66,4.16,Completed
474234,18,2020-03-20,RAV4,45107.99,5.68,Completed
474235,14,2020-03-10,Corolla,25929.93,5.1,Completed
474236,2,2020-03-09,Prius,26145.49,4.0,Completed
474237,12,2020-03-13,Sienna,49127.84,5.65,Completed
474238,13,2020-03-25,Corolla,26978.36,5.61,Completed
474239,10,2020-03-04,Sienna,33732.75,4.88,Completed
474240,12,2020-03-08,Tacoma,38432.38,5.65,Completed
474241,12,2020-03-13,Sienna,45191.68,5.65,Completed
474242,8,2020-03-30,RAV4,46116.46,5.84,Completed
474243,15,2020-03-14,Prius,31630.13,4.86,Pending
474244,10,2020-03-13,Highlander,46328.52,4.88,Pending
474245,20,2020-03-28,Tundra,47466.66,5.77,Pending
474246,16,2020-03-11,Sienna,49636.38,6.06,Completed
474247,14,2020-03-16,Prius,32955.16,5.1,Completed
474248,14,2020-03-28,Sienna,47594.78,5.1,Completed
474249,12,2020-03-05,Camry,38401.13,5.65,Completed
474250,3,2020-03-20,Highlander,63787.36,5.69,Completed
474251,2,2020-03-26,Tundra,36390.81,4.0,Completed
474252,12,2020-03-26,RAV4,43936.94,5.65,Completed
474253,10,2020-03-12,Camry,31289.53,4.88,Pending
474254,10,2020-03-28,Corolla,22882.04,4.88,Completed
474255,14,2020-03-26,Camry,34377.19,5.1,Completed
474256,13,2020-03-07,Prius,31848.46,5.61,Completed
474257,14,2020-03-20,Sienna,46349.57,5.1,Completed
474258,2,2020-03-05,Camry,28903.91,4.0,Completed
474259,17,2020-03-13,Highlander,47197.46,4.51,Completed
474260,2,2020-03-28,Tundra,37494.99,4.0,Completed
474261,19,2020-03-07,Tundra,44391.69,5.48,Completed
474262,17,2020-03-12,RAV4,34301.67,4.51,Completed
474263,17,2020-03-23,Highlander,39573.09,4.51,Completed
474264,15,2020-03-13,Prius,32738.05,4.86,Completed
474265,13,2020-03-30,Tacoma,46870.09,5.61,Completed
474266,19,2020-03-15,Camry,35632.95,5.48,Completed
474267,17,2020-03-20,Prius,21707.43,4.51,Completed
474268,9,2020-03-05,Tacoma,30015.49,4.4,Completed
474269,16,2020-03-03,Tundra,50227.38,6.06,Completed
474270,15,2020-03-12,Tundra,46161.62,4.86,Completed
474271,3,2020-03-02,RAV4,50639.62,5.69,Completed
474272,3,2020-03-13,Corolla,27536.83,5.69,Completed
474273,16,2020-03-09,Highlander,59252.36,6.06,Completed
474274,7,2020-03-07,RAV4,46418.14,5.39,Completed
474275,5,2020-03-03,RAV4,36996.93,5.34,Completed
474276,7,2020-03-20,Prius,33505.88,5.39,Completed
474277,15,2020-03-15,Sienna,44467.99,4.86,Completed
474278,7,2020-03-27,Tacoma,40422.29,5.39,Completed
474279,3,2020-03-29,Tacoma,39425.1,5.69,Completed
474280,18,2020-03-13,Tacoma,46944.63,5.68,Completed
474281,15,2020-03-04,Highlander,58304.06,4.86,Completed
474282,14,2020-03-16,Tundra,45706.16,5.1,Completed
474283,6,2020-03-20,Tacoma,26478.33,3.86,Completed
474284,16,2020-03-25,Camry,37950.83,6.06,Completed
474285,13,2020-03-13,Highlander,71166.19,5.61,Completed
474286,4,2020-03-23,Tundra,34064.2,3.81,Completed
474287,8,2020-03-28,Highlander,59129.17,5.84,Completed
474288,6,2020-03-15,RAV4,34146.98,3.86,Completed
474289,3,2020-03-14,Tacoma,42359.62,5.69,Completed
474290,1,2020-03-10,Tacoma,34108.59,5.24,Pending
474291,8,2020-03-05,Corolla,27967.79,5.84,Completed
474292,5,2020-03-29,Camry,32564.26,5.34,Completed
474293,5,2020-03-05,Sienna,37810.71,5.34,Completed
474294,6,2020-03-21,RAV4,33137.42,3.86,Completed
474295,4,2020-03-19,RAV4,28250.15,3.81,Completed
474296,8,2020-03-28,Sienna,44330.12,5.84,Completed
474297,20,2020-03-08,Highlander,65831.7,5.77,Completed
474298,19,2020-03-13,Prius,26631.84,5.48,Completed
474299,1,2020-03-12,Camry,29601.76,5.24,Completed
474300,18,2020-03-03,Highlander,64307.49,5.68,Completed
474301,8,2020-03-24,Highlander,65869.64,5.84,Completed
474302,20,2020-03-18,Highlander,61601.13,5.77,Completed
474303,5,2020-03-01,Highlander,56831.49,5.34,Completed
474304,7,2020-03-06,RAV4,47109.98,5.39,Completed
474305,20,2020-03-19,Highlander,60961.2,5.77,Completed
474306,16,2020-03-21,Sienna,49104.17,6.06,Completed
474307,1,2020-03-29,Corolla,23552.77,5.24,Completed
474308,8,2020-03-01,Tacoma,39069.75,5.84,Completed
474309,9,2020-03-20,Camry,27943.16,4.4,Completed
474310,16,2020-03-30,Corolla,31291.42,6.06,Completed
474311,4,2020-03-06,Tundra,30824.87,3.81,Completed
474312,9,2020-03-31,RAV4,35030.98,4.4,Completed
474313,2,2020-03-29,Tundra,38177.31,4.0,Completed
474314,19,2020-03-20,RAV4,35593.51,5.48,Completed
474315,1,2020-03-18,Corolla,21918.62,5.24,Completed
474316,8,2020-03-31,Corolla,26828.12,5.84,Completed
474317,16,2020-03-12,Corolla,27985.55,6.06,Completed
474318,20,2020-03-25,RAV4,43511.23,5.77,Completed
474319,4,2020-03-18,Prius,23567.84,3.81,Completed
474320,3,2020-03-22,RAV4,48139.39,5.69,Completed
474321,14,2020-03-08,Prius,31234.51,5.1,Completed
474322,18,2020-03-19,Corolla,27953.71,5.68,Completed
474323,19,2020-03-19,Corolla,24355.3,5.48,Completed
474324,1,2020-03-28,Camry,32304.74,5.24,Completed
474325,13,2020-03-10,Highlander,61707.06,5.61,Completed
474326,6,2020-03-26,Tacoma,26595.37,3.86,Completed
474327,15,2020-03-18,Sienna,48536.98,4.86,Completed
474328,20,2020-03-27,Tacoma,43886.35,5.77,Completed
474329,1,2020-03-28,Camry,31658.77,5.24,Completed
474330,12,2020-03-12,Tundra,45496.01,5.65,Completed
474331,14,2020-03-06,Tundra,47668.12,5.1,Pending
474332,19,2020-03-26,Prius,26111.4,5.48,Completed
474333,3,2020-03-07,Tundra,54876.57,5.69,Completed
474334,15,2020-03-31,Tundra,49114.88,4.86,Completed
474335,14,2020-03-18,Highlander,64954.97,5.1,Completed
474336,12,2020-03-01,Highlander,61196.68,5.65,Completed
474337,1,2020-03-18,Tundra,40462.08,5.24,Completed
474338,17,2020-03-27,Sienna,37191.82,4.51,Completed
474339,8,2020-03-08,Camry,39699.2,5.84,Completed
474340,1,2020-03-07,RAV4,39090.47,5.24,Completed
474341,8,2020-03-24,RAV4,40867.02,5.84,Pending
474342,2,2020-03-22,RAV4,31336.15,4.0,Completed
474343,17,2020-03-16,Tundra,34984.18,4.51,Completed
474344,6,2020-03-14,Tacoma,29320.28,3.86,Completed
474345,4,2020-03-21,Camry,26808.01,3.81,Completed
474346,15,2020-03-23,Corolla,30085.64,4.86,Completed
474347,14,2020-03-19,Corolla,28766.92,5.1,Completed
474348,8,2020-03-16,Tundra,46467.82,5.84,Completed
474349,19,2020-03-05,Tacoma,36950.61,5.48,Pending
474350,12,2020-03-27,Corolla,25947.22,5.65,Completed
474351,13,2020-03-29,Tundra,53255.66,5.61,Completed
474352,11,2020-03-03,RAV4,32490.12,4.16,Pending
474353,19,2020-03-05,Sienna,46112.16,5.48,Completed
474354,7,2020-03-29,Tundra,45625.88,5.39,Completed
474355,4,2020-03-23,Tacoma,28858.89,3.81,Completed
474356,19,2020-03-23,Prius,30178.87,5.48,Completed
474357,16,2020-03-25,Prius,31164.86,6.06,Completed
474358,8,2020-03-21,Camry,35863.29,5.84,Completed
474359,8,2020-03-30,Camry,40645.87,5.84,Completed
474360,6,2020-03-30,Highlander,45427.21,3.86,Completed
474361,1,2020-03-15,Corolla,25238.13,5.24,Completed
474362,1,2020-03-05,Camry,33273.07,5.24,Completed
474363,19,2020-03-02,Tacoma,38586.74,5.48,Completed
474364,6,2020-03-31,Corolla,21003.81,3.86,Completed
474365,15,2020-03-29,Prius,31926.68,4.86,Completed
474366,11,2020-03-26,Tundra,34899.63,4.16,Completed
474367,5,2020-03-24,Tundra,42067.36,5.34,Completed
474368,20,2020-03-08,Prius,31705.31,5.77,Completed
474369,15,2020-03-24,Corolla,25754.18,4.86,Cancelled
474370,8,2020-03-10,Tacoma,38645.04,5.84,Cancelled
474371,7,2020-03-26,Camry,36257.23,5.39,Completed
474372,2,2020-03-30,Prius,23540.87,4.0,Completed
474373,15,2020-03-29,Highlander,63370.15,4.86,Completed
474374,12,2020-03-23,Tacoma,41181.91,5.65,Completed
474375,6,2020-03-01,Sienna,35053.38,3.86,Completed
474376,10,2020-03-13,Sienna,33935.08,4.88,Completed
474377,1,2020-03-20,Camry,29259.82,5.24,Completed
474378,10,2020-03-04,Sienna,38924.39,4.88,Completed
474379,4,2020-03-11,Tacoma,29669.38,3.81,Completed
474380,19,2020-03-18,Corolla,22628.35,5.48,Completed
474381,11,2020-03-21,Camry,28646.08,4.16,Completed
474382,16,2020-03-06,Corolla,31385.12,6.06,Completed
474383,9,2020-03-26,Corolla,21727.12,4.4,Completed
474384,1,2020-03-25,Sienna,38552.51,5.24,Completed
474385,17,2020-03-25,Prius,21873.05,4.51,Completed
474386,10,2020-03-17,Prius,25320.85,4.88,Completed
474387,4,2020-03-21,Tacoma,30042.62,3.81,Completed
474388,16,2020-03-04,Corolla,28324.94,6.06,Completed
474389,15,2020-03-04,RAV4,46659.13,4.86,Completed
474390,19,2020-03-04,Highlander,49248.7,5.48,Cancelled
474391,16,2020-03-02,Tacoma,38800.88,6.06,Completed
474392,5,2020-03-20,Highlander,57481.31,5.34,Completed
474393,5,2020-03-07,Camry,32965.89,5.34,Completed
474394,6,2020-03-30,Camry,27079.02,3.86,Completed
474395,1,2020-03-06,RAV4,34423.21,5.24,Completed
474396,8,2020-03-15,Tundra,48179.14,5.84,Completed
474397,3,2020-03-28,Tacoma,43802.84,5.69,Completed
474398,5,2020-03-21,Corolla,22111.1,5.34,Completed
474399,18,2020-03-17,Highlander,65676.53,5.68,Completed
474400,18,2020-03-23,Camry,41511.52,5.68,Completed
474401,17,2020-03-06,Tundra,37632.34,4.51,Completed
474402,3,2020-03-16,Sienna,55171.47,5.69,Completed
474403,10,2020-03-06,Corolla,20251.7,4.88,Completed
474404,13,2020-03-31,Prius,31031.75,5.61,Completed
474405,15,2020-03-03,Prius,32989.0,4.86,Completed
474406,11,2020-03-14,RAV4,32873.02,4.16,Completed
474407,20,2020-03-08,RAV4,47764.03,5.77,Completed
474408,20,2020-03-25,Tacoma,42237.21,5.77,Completed
474409,7,2020-03-01,Highlander,66682.23,5.39,Completed
474410,7,2020-03-24,Prius,33213.07,5.39,Completed
474411,4,2020-03-01,Corolla,20604.02,3.81,Completed
474412,6,2020-03-07,Prius,20949.57,3.86,Completed
474413,4,2020-03-28,Corolla,20185.5,3.81,Completed
474414,3,2020-03-01,RAV4,44876.02,5.69,Completed
474415,6,2020-03-09,Camry,28807.27,3.86,Completed
474416,7,2020-03-23,RAV4,48265.37,5.39,Completed
474417,6,2020-03-07,Camry,25550.99,3.86,Completed
474418,7,2020-03-15,RAV4,47781.65,5.39,Completed
474419,14,2020-03-07,Corolla,27397.49,5.1,Completed
474420,11,2020-03-28,Sienna,32999.79,4.16,Completed
474421,1,2020-03-25,Tacoma,36243.77,5.24,Completed
474422,5,2020-03-08,Prius,27801.59,5.34,Completed
474423,15,2020-03-12,Corolla,24996.83,4.86,Completed
474424,11,2020-03-04,RAV4,31463.58,4.16,Completed
474425,15,2020-03-08,Corolla,25047.26,4.86,Completed
474426,17,2020-03-30,Tundra,33535.24,4.51,Completed
474427,16,2020-03-29,Tundra,52466.94,6.06,Completed
474428,14,2020-03-03,Corolla,28075.14,5.1,Completed
474429,18,2020-03-16,Highlander,61329.93,5.68,Completed
474430,13,2020-03-19,Sienna,48183.86,5.61,Pending
474431,17,2020-03-08,Corolla,20998.8,4.51,Completed
474432,16,2020-03-03,RAV4,42454.16,6.06,Completed
474433,4,2020-03-30,Prius,21705.12,3.81,Pending
474434,19,2020-03-06,Tundra,44929.03,5.48,Cancelled
474435,15,2020-03-08,Tacoma,39554.49,4.86,Completed
474436,2,2020-03-20,Sienna,35308.4,4.0,Completed
474437,13,2020-03-08,Corolla,27290.18,5.61,Completed
474438,9,2020-03-20,Tacoma,31661.87,4.4,Completed
474439,13,2020-03-14,RAV4,42245.37,5.61,Completed
474440,7,2020-03-28,Tundra,52267.4,5.39,Completed
474441,11,2020-03-29,Sienna,33639.3,4.16,Completed
474442,2,2020-03-29,RAV4,30758.66,4.0,Completed
474443,5,2020-03-03,Sienna,39238.34,5.34,Completed
474444,13,2020-03-20,Prius,32303.43,5.61,Completed
474445,19,2020-03-27,Sienna,46138.24,5.48,Completed
474446,1,2020-03-04,Prius,27366.1,5.24,Completed
474447,14,2020-03-26,Sienna,51280.49,5.1,Completed
474448,12,2020-03-08,Sienna,43692.54,5.65,Completed
474449,13,2020-03-01,Sienna,46723.84,5.61,Completed
474450,9,2020-03-10,Highlander,48859.65,4.4,Completed
474451,16,2020-03-26,Highlander,62190.28,6.06,Completed
474452,15,2020-03-22,Tacoma,43200.24,4.86,Completed
474453,13,2020-03-06,Camry,41041.29,5.61,Completed
474454,7,2020-03-08,Sienna,48792.42,5.39,Completed
474455,15,2020-03-06,Highlander,65210.35,4.86,Completed
474456,5,2020-03-19,Prius,24789.92,5.34,Completed
474457,11,2020-03-14,Tundra,37522.52,4.16,Completed
474458,20,2020-03-25,Corolla,30014.89,5.77,Completed
474459,19,2020-03-12,Tundra,42704.76,5.48,Completed
474460,10,2020-03-12,RAV4,35273.49,4.88,Completed
474461,14,2020-03-23,Prius,28088.59,5.1,Pending
474462,10,2020-03-24,Tacoma,30580.13,4.88,Completed
474463,20,2020-03-01,Prius,33895.6,5.77,Completed
474464,8,2020-03-27,Highlander,66774.99,5.84,Completed
474465,13,2020-03-13,RAV4,47555.77,5.61,Completed
474466,10,2020-03-09,Prius,22854.61,4.88,Completed
474467,4,2020-03-17,Tundra,32494.97,3.81,Completed
474468,18,2020-03-04,Sienna,55094.4,5.68,Completed
474469,12,2020-03-28,Tacoma,38523.63,5.65,Completed
474470,3,2020-03-15,Prius,29805.05,5.69,Completed
474471,16,2020-03-28,Highlander,63259.36,6.06,Completed
474472,8,2020-03-28,Highlander,59426.27,5.84,Completed
474473,9,2020-03-14,Tacoma,32109.86,4.4,Completed
474474,10,2020-03-28,Prius,25488.95,4.88,Completed
474475,14,2020-03-23,Prius,30873.12,5.1,Completed
474476,7,2020-03-07,Highlander,67592.0,5.39,Completed
474477,1,2020-03-19,Prius,29119.0,5.24,Completed
474478,18,2020-03-24,Corolla,29846.83,5.68,Completed
474479,17,2020-03-22,Sienna,34306.37,4.51,Completed
474480,3,2020-03-29,Corolla,26757.66,5.69,Completed
474481,9,2020-03-16,Prius,21305.4,4.4,Completed
474482,15,2020-03-26,Highlander,62833.22,4.86,Completed
474483,12,2020-03-09,Prius,34016.81,5.65,Completed
474484,6,2020-03-29,Sienna,35221.28,3.86,Pending
474485,3,2020-03-30,Tundra,53107.79,5.69,Completed
474486,6,2020-03-25,Corolla,21424.12,3.86,Completed
474487,6,2020-03-12,RAV4,28838.2,3.86,Completed
474488,7,2020-03-19,RAV4,42317.13,5.39,Completed
474489,5,2020-03-26,Sienna,43186.51,5.34,Completed
474490,19,2020-03-27,Sienna,41457.25,5.48,Completed
474491,20,2020-03-31,Highlander,59018.69,5.77,Completed
474492,17,2020-03-09,Tundra,32911.99,4.51,Completed
474493,3,2020-03-29,RAV4,43058.66,5.69,Completed
474494,5,2020-03-14,Tacoma,31585.81,5.34,Completed
474495,6,2020-03-13,Camry,29077.12,3.86,Completed
474496,18,2020-03-04,Sienna,55659.68,5.68,Pending
474497,2,2020-03-01,Highlander,50077.86,4.0,Completed
474498,20,2020-03-05,Tundra,47446.27,5.77,Completed
474499,4,2020-03-02,Highlander,43588.48,3.81,Completed
474500,10,2020-03-23,Prius,23539.49,4.88,Pending
474501,7,2020-03-08,Sienna,53257.04,5.39,Completed
474502,14,2020-03-10,Tacoma,37703.68,5.1,Completed
474503,5,2020-03-31,Sienna,38633.54,5.34,Completed
474504,12,2020-03-17,Highlander,64600.74,5.65,Completed
474505,10,2020-03-15,Tacoma,33423.66,4.88,Completed
474506,17,2020-03-03,Tacoma,28476.72,4.51,Completed
474507,16,2020-03-03,Sienna,54247.92,6.06,Completed
474508,16,2020-03-31,Tundra,50626.48,6.06,Completed
474509,7,2020-03-04,Highlander,64742.81,5.39,Completed
474510,9,2020-03-23,Prius,23941.24,4.4,Completed
474511,19,2020-03-22,Prius,25489.38,5.48,Completed
474512,6,2020-03-12,Camry,26387.1,3.86,Completed
474513,2,2020-03-21,Corolla,20020.23,4.0,Completed
474514,9,2020-03-10,Sienna,31848.12,4.4,Completed
474515,9,2020-03-23,RAV4,35159.33,4.4,Completed
474516,16,2020-03-07,Tundra,49703.68,6.06,Completed
474517,17,2020-03-23,Prius,21726.4,4.51,Pending
474518,8,2020-03-21,Tundra,44971.29,5.84,Completed
474519,3,2020-03-04,RAV4,50315.82,5.69,Completed
474520,2,2020-03-30,Corolla,21854.84,4.0,Completed
474521,6,2020-03-12,Tacoma,28038.7,3.86,Completed
474522,11,2020-03-12,RAV4,33236.14,4.16,Completed
474523,20,2020-03-09,Tacoma,41231.71,5.77,Completed
474524,15,2020-03-21,Camry,37547.13,4.86,Completed
474525,8,2020-03-29,Prius,30535.07,5.84,Completed
474526,14,2020-03-25,Tundra,42824.81,5.1,Completed
474527,14,2020-03-26,RAV4,39189.94,5.1,Completed
474528,8,2020-03-15,Corolla,28475.16,5.84,Completed
474529,2,2020-03-30,Tundra,39776.99,4.0,Completed
474530,14,2020-03-29,Highlander,63081.11,5.1,Completed
474531,4,2020-03-16,RAV4,33781.01,3.81,Completed
474532,2,2020-03-10,Tacoma,33269.05,4.0,Completed
474533,9,2020-03-16,Tacoma,31723.51,4.4,Completed
474534,19,2020-03-07,Camry,31490.32,5.48,Completed
474535,14,2020-03-02,RAV4,41308.33,5.1,Completed
474536,15,2020-03-07,Highlander,59065.48,4.86,Completed
474537,4,2020-03-08,Tacoma,25817.37,3.81,Completed
474538,12,2020-03-17,Camry,36077.19,5.65,Pending
474539,18,2020-03-07,Sienna,48190.2,5.68,Completed
474540,8,2020-03-02,Tundra,46025.68,5.84,Completed
474541,4,2020-03-25,Tacoma,26032.64,3.81,Completed
474542,14,2020-03-30,Prius,31709.06,5.1,Completed
474543,3,2020-03-11,Tacoma,44207.67,5.69,Completed
474544,18,2020-03-15,Tacoma,43955.09,5.68,Completed
474545,15,2020-03-04,RAV4,47454.15,4.86,Completed
474546,6,2020-03-11,Sienna,36217.52,3.86,Completed
474547,12,2020-03-05,Camry,36758.65,5.65,Completed
474548,11,2020-03-17,Highlander,42253.15,4.16,Completed
474549,11,2020-03-13,Camry,27246.74,4.16,Completed
474550,13,2020-03-09,Camry,40232.03,5.61,Completed
474551,7,2020-03-12,Sienna,48888.54,5.39,Completed
474552,9,2020-03-04,Sienna,35213.84,4.4,Completed
474553,11,2020-03-04,Prius,22483.29,4.16,Completed
474554,12,2020-03-29,Tundra,47039.31,5.65,Completed
474555,2,2020-03-05,Prius,25764.39,4.0,Completed
474556,11,2020-03-02,Sienna,39022.52,4.16,Completed
474557,11,2020-03-18,Prius,22808.47,4.16,Completed
474558,6,2020-03-26,Sienna,31469.41,3.86,Pending
474559,20,2020-03-06,RAV4,41120.52,5.77,Completed
474560,9,2020-03-15,Tundra,33549.26,4.4,Completed
474561,4,2020-03-19,Tacoma,26443.65,3.81,Completed
474562,20,2020-03-08,Corolla,26580.24,5.77,Completed
474563,2,2020-03-06,Highlander,48011.7,4.0,Completed
474564,5,2020-03-17,Corolla,25518.78,5.34,Completed
474565,19,2020-03-06,Highlander,56241.11,5.48,Completed
474566,18,2020-03-22,Corolla,32853.9,5.68,Completed
474567,5,2020-03-17,RAV4,39840.65,5.34,Completed
474568,15,2020-03-17,Corolla,29392.96,4.86,Cancelled
474569,5,2020-03-06,Highlander,51081.19,5.34,Completed
474570,5,2020-03-08,Corolla,22153.55,5.34,Completed
474571,7,2020-03-17,Highlander,62917.85,5.39,Completed
474572,19,2020-03-25,RAV4,39022.11,5.48,Completed
474573,11,2020-03-24,Prius,24170.66,4.16,Completed
474574,3,2020-03-08,Corolla,29103.81,5.69,Completed
474575,3,2020-03-23,Corolla,27741.66,5.69,Completed
474576,13,2020-03-15,Corolla,27763.4,5.61,Completed
474577,10,2020-03-08,Prius,24334.65,4.88,Completed
474578,3,2020-03-29,Highlander,62935.12,5.69,Completed
474579,19,2020-03-07,Camry,35090.69,5.48,Completed
474580,19,2020-03-17,Sienna,45672.01,5.48,Completed
474581,16,2020-03-25,RAV4,48947.51,6.06,Completed
474582,3,2020-03-31,Camry,39061.79,5.69,Completed
474583,20,2020-03-07,Tacoma,42742.16,5.77,Completed
474584,12,2020-03-05,Prius,31129.84,5.65,Completed
474585,9,2020-03-21,Prius,22067.92,4.4,Completed
474586,1,2020-03-14,Tacoma,34169.63,5.24,Completed
474587,13,2020-03-31,Sienna,55496.59,5.61,Completed
474588,3,2020-03-24,Corolla,26857.23,5.69,Completed
474589,2,2020-03-02,Highlander,46674.08,4.0,Completed
474590,9,2020-03-11,Tacoma,26910.85,4.4,Completed
474591,10,2020-03-12,Camry,31209.72,4.88,Completed
474592,19,2020-03-10,Prius,30262.16,5.48,Completed
474593,12,2020-03-06,RAV4,44320.27,5.65,Completed
474594,8,2020-03-15,Highlander,62076.41,5.84,Completed
474595,18,2020-03-31,Tacoma,47979.99,5.68,Completed
474596,14,2020-03-21,Highlander,61183.44,5.1,Completed
474597,2,2020-03-21,Tundra,33808.4,4.0,Completed
474598,19,2020-03-19,Prius,25438.39,5.48,Completed
474599,8,2020-03-18,Highlander,63898.62,5.84,Completed
474600,16,2020-03-17,Corolla,26322.89,6.06,Completed
474601,10,2020-03-02,RAV4,32725.39,4.88,Completed
474602,5,2020-03-26,Highlander,54868.93,5.34,Completed
474603,11,2020-03-11,Tundra,36799.1,4.16,Completed
474604,13,2020-03-02,Sienna,51609.46,5.61,Completed
474605,16,2020-03-14,Highlander,59658.41,6.06,Completed
474606,20,2020-03-06,RAV4,46312.08,5.77,Completed
474607,16,2020-03-16,Tacoma,40730.66,6.06,Completed
474608,2,2020-03-31,RAV4,30736.73,4.0,Completed
474609,20,2020-03-01,Camry,40060.74,5.77,Completed
474610,6,2020-03-29,Tacoma,29946.11,3.86,Completed
474611,17,2020-03-14,Camry,28345.1,4.51,Completed
474612,9,2020-03-28,Prius,22358.42,4.4,Completed
474613,6,2020-03-20,Tundra,31779.15,3.86,Completed
474614,3,2020-03-24,Tundra,51202.9,5.69,Completed
474615,20,2020-03-02,Prius,31128.28,5.77,Completed
474616,17,2020-03-28,Corolla,20589.28,4.51,Completed
474617,18,2020-03-09,RAV4,47019.73,5.68,Completed
474618,3,2020-03-09,Prius,32918.9,5.69,Completed
474619,9,2020-03-26,Camry,30348.28,4.4,Completed
474620,11,2020-03-12,Tundra,32584.39,4.16,Completed
474621,17,2020-03-07,Tundra,33332.99,4.51,Completed
474622,12,2020-03-27,Tundra,48587.83,5.65,Completed
474623,14,2020-03-28,Highlander,59732.37,5.1,Completed
474624,14,2020-03-14,Camry,39071.85,5.1,Completed
474625,19,2020-03-14,Sienna,39956.92,5.48,Completed
474626,10,2020-03-01,Tacoma,28655.55,4.88,Completed
474627,13,2020-03-14,RAV4,47051.98,5.61,Completed
474628,1,2020-03-27,Tundra,43884.91,5.24,Completed
474629,6,2020-03-27,Tacoma,29427.91,3.86,Pending
474630,17,2020-03-22,Corolla,18624.31,4.51,Completed
474631,11,2020-03-11,Highlander,47737.46,4.16,Completed
474632,4,2020-03-08,Tundra,31132.33,3.81,Completed
474633,6,2020-03-30,Highlander,41246.49,3.86,Completed
474634,16,2020-03-17,Tundra,47788.4,6.06,Completed
474635,6,2020-03-21,Camry,27545.3,3.86,Completed
474636,4,2020-03-23,Tacoma,30577.85,3.81,Completed
474637,10,2020-03-28,Corolla,22424.65,4.88,Completed
474638,3,2020-03-15,Sienna,54943.11,5.69,Completed
474639,7,2020-03-19,Tacoma,39387.34,5.39,Cancelled
474640,11,2020-03-28,Corolla,20233.68,4.16,Completed
474641,13,2020-03-16,Tacoma,39951.18,5.61,Completed
474642,4,2020-03-01,Highlander,42438.4,3.81,Completed
474643,3,2020-03-05,Corolla,27197.86,5.69,Completed
474644,18,2020-03-19,Highlander,60500.61,5.68,Completed
474645,14,2020-03-05,Camry,34049.53,5.1,Completed
474646,13,2020-03-16,Tacoma,41433.91,5.61,Completed
474647,10,2020-03-28,Highlander,42939.89,4.88,Completed
474648,14,2020-03-27,Tacoma,37348.71,5.1,Completed
474649,15,2020-03-11,Tundra,52697.72,4.86,Completed
474650,5,2020-03-24,Sienna,41610.85,5.34,Completed
474651,7,2020-03-12,RAV4,48076.24,5.39,Completed
474652,7,2020-03-04,Camry,41010.08,5.39,Completed
474653,14,2020-03-05,Tundra,46111.8,5.1,Cancelled
474654,20,2020-03-25,Sienna,53046.33,5.77,Completed
474655,13,2020-03-29,Tundra,53753.62,5.61,Completed
474656,10,2020-03-16,Tacoma,33471.15,4.88,Completed
474657,10,2020-03-17,RAV4,35753.52,4.88,Completed
474658,10,2020-03-30,RAV4,32565.3,4.88,Completed
474659,5,2020-03-24,Sienna,37848.44,5.34,Cancelled
474660,15,2020-03-17,Highlander,60198.8,4.86,Completed
474661,10,2020-03-18,Sienna,38403.7,4.88,Completed
474662,18,2020-03-03,RAV4,47880.22,5.68,Cancelled
474663,20,2020-03-09,Corolla,30047.39,5.77,Completed
474664,15,2020-03-02,RAV4,45545.94,4.86,Completed
474665,18,2020-03-17,Tacoma,41174.12,5.68,Completed
474666,14,2020-03-11,Tundra,43362.16,5.1,Completed
474667,9,2020-03-30,Camry,30051.1,4.4,Completed
474668,2,2020-03-22,Sienna,40211.38,4.0,Completed
474669,10,2020-03-03,Prius,25386.53,4.88,Completed
474670,5,2020-03-03,Corolla,21852.26,5.34,Completed
474671,12,2020-03-24,Corolla,25234.97,5.65,Completed
474672,4,2020-03-09,RAV4,28585.48,3.81,Completed
474673,14,2020-03-01,Tacoma,42183.79,5.1,Completed
474674,12,2020-03-22,Camry,35614.65,5.65,Completed
474675,15,2020-03-15,Sienna,50191.5,4.86,Completed
474676,11,2020-03-27,Camry,26081.97,4.16,Completed
474677,8,2020-03-24,Prius,33063.4,5.84,Completed
474678,12,2020-03-03,Corolla,27780.5,5.65,Completed
474679,19,2020-03-21,Sienna,45269.7,5.48,Completed
474680,19,2020-03-02,Prius,27209.47,5.48,Completed
474681,2,2020-03-05,Sienna,34351.34,4.0,Completed
474682,5,2020-03-14,Sienna,39761.83,5.34,Completed
474683,10,2020-03-25,Camry,30220.23,4.88,Completed
474684,5,2020-03-11,Tundra,43748.58,5.34,Completed
474685,2,2020-03-10,Camry,26751.94,4.0,Completed
474686,9,2020-03-27,Tacoma,29949.29,4.4,Completed
474687,1,2020-03-08,Tacoma,32598.01,5.24,Completed
474688,3,2020-03-19,Corolla,29125.75,5.69,Cancelled
474689,9,2020-03-16,Tacoma,26945.44,4.4,Completed
474690,12,2020-03-17,Tacoma,43670.35,5.65,Completed
474691,19,2020-03-30,Highlander,53649.8,5.48,Completed
474692,17,2020-03-05,Camry,29241.44,4.51,Completed
474693,1,2020-03-12,Sienna,44400.48,5.24,Completed
474694,15,2020-03-02,Corolla,24952.82,4.86,Completed
474695,1,2020-03-03,Highlander,47283.72,5.24,Completed
474696,18,2020-03-20,Camry,37003.96,5.68,Completed
474697,11,2020-03-28,Tundra,33286.83,4.16,Completed
474698,1,2020-03-29,Tacoma,32771.89,5.24,Completed
474699,8,2020-03-21,Tacoma,42268.64,5.84,Completed
474700,20,2020-03-01,Prius,34066.68,5.77,Completed
474701,4,2020-03-31,Sienna,34523.7,3.81,Completed
474702,10,2020-03-10,Sienna,34365.13,4.88,Completed
474703,1,2020-03-07,Tacoma,33503.95,5.24,Completed
474704,13,2020-03-08,Camry,39652.84,5.61,Completed
474705,10,2020-03-21,Highlander,43507.41,4.88,Completed
474706,12,2020-03-14,Prius,28656.86,5.65,Completed
474707,6,2020-03-09,RAV4,28652.86,3.86,Completed
474708,6,2020-03-07,Corolla,18233.63,3.86,Completed
474709,3,2020-03-04,Camry,43362.28,5.69,Completed
474710,5,2020-03-21,Highlander,57033.97,5.34,Completed
474711,5,2020-03-13,Tundra,39444.1,5.34,Completed
474712,18,2020-03-02,Sienna,53973.35,5.68,Completed
474713,12,2020-03-31,Highlander,60823.92,5.65,Completed
474714,15,2020-03-18,Sienna,52766.66,4.86,Completed
474715,17,2020-03-30,Sienna,37036.83,4.51,Completed
474716,10,2020-03-16,RAV4,35261.46,4.88,Completed
474717,3,2020-03-10,Corolla,30469.24,5.69,Completed
474718,17,2020-03-06,Highlander,45573.25,4.51,Completed
474719,3,2020-03-22,RAV4,44282.62,5.69,Completed
474720,1,2020-03-16,RAV4,40339.26,5.24,Completed
474721,3,2020-03-19,Corolla,27910.36,5.69,Cancelled
474722,6,2020-03-17,Corolla,18058.85,3.86,Completed
474723,20,2020-03-17,Sienna,47626.62,5.77,Completed
474724,17,2020-03-07,Tacoma,28056.4,4.51,Completed
474725,2,2020-03-23,Highlander,51690.37,4.0,Completed
474726,18,2020-03-01,Highlander,70926.36,5.68,Completed
474727,8,2020-03-09,Camry,40569.53,5.84,Completed
474728,6,2020-03-26,Prius,24563.84,3.86,Completed
474729,3,2020-03-24,Highlander,63869.38,5.69,Completed
474730,4,2020-03-16,Tundra,34369.29,3.81,Completed
474731,4,2020-03-17,Camry,23724.19,3.81,Pending
474732,15,2020-03-15,Corolla,30044.57,4.86,Completed
474733,1,2020-03-26,RAV4,38909.59,5.24,Completed
474734,8,2020-03-06,Tundra,48764.18,5.84,Completed
474735,16,2020-03-16,Prius,33980.17,6.06,Completed
474736,20,2020-03-20,Camry,36621.18,5.77,Pending
474737,8,2020-03-23,Camry,41479.72,5.84,Completed
474738,18,2020-03-02,Prius,35559.91,5.68,Completed
474739,5,2020-03-23,Tundra,41165.66,5.34,Completed
474740,13,2020-03-17,Tundra,52537.64,5.61,Completed
474741,1,2020-03-28,Sienna,43861.41,5.24,Completed
474742,14,2020-03-02,Tacoma,40842.41,5.1,Completed
474743,11,2020-03-06,Camry,27182.18,4.16,Completed
474744,18,2020-03-31,Tundra,54486.77,5.68,Completed
474745,10,2020-03-19,Tacoma,32380.29,4.88,Completed
474746,19,2020-03-01,Tacoma,38455.66,5.48,Completed
474747,3,2020-03-30,Prius,31775.3,5.69,Completed
474748,9,2020-03-22,Prius,22896.97,4.4,Completed
474749,18,2020-03-26,Prius,35300.4,5.68,Completed
474750,9,2020-03-03,Prius,24004.79,4.4,Completed
474751,10,2020-03-20,Corolla,20206.07,4.88,Completed
474752,11,2020-03-30,Tundra,33237.76,4.16,Completed
474753,17,2020-03-07,Corolla,19280.15,4.51,Completed
474754,13,2020-03-19,Tundra,55542.99,5.61,Completed
474755,10,2020-03-16,Corolla,21608.51,4.88,Completed
474756,13,2020-03-09,Tacoma,40788.74,5.61,Completed
474757,10,2020-03-25,Prius,21442.57,4.88,Completed
474758,20,2020-03-23,Prius,34953.2,5.77,Completed
474759,3,2020-03-26,Prius,32484.81,5.69,Completed
474760,11,2020-03-25,Tacoma,28441.23,4.16,Completed
474761,13,2020-03-23,Camry,38646.51,5.61,Completed
474762,7,2020-03-31,Tundra,48018.8,5.39,Completed
474763,6,2020-03-09,Camry,28980.46,3.86,Completed
474764,6,2020-03-29,RAV4,32447.51,3.86,Completed
474765,7,2020-03-19,Tacoma,37687.97,5.39,Completed
474766,20,2020-03-15,Camry,40862.73,5.77,Pending
474767,16,2020-03-15,RAV4,45598.51,6.06,Completed
474768,3,2020-03-15,Prius,34405.49,5.69,Completed
474769,6,2020-03-02,Sienna,34868.28,3.86,Completed
474770,17,2020-03-19,Prius,23816.66,4.51,Completed
474771,5,2020-03-13,Corolla,21599.07,5.34,Completed
474772,12,2020-03-01,Camry,36015.49,5.65,Completed
474773,14,2020-03-05,Tundra,48337.78,5.1,Completed
474774,10,2020-03-20,Corolla,20940.41,4.88,Completed
474775,14,2020-03-15,RAV4,44189.26,5.1,Completed
474776,4,2020-03-16,Corolla,21170.1,3.81,Completed
474777,12,2020-03-29,Tundra,43671.66,5.65,Completed
474778,15,2020-03-26,Corolla,25654.31,4.86,Completed
474779,7,2020-03-19,Camry,39010.77,5.39,Completed
474780,14,2020-03-14,Prius,32583.85,5.1,Completed
474781,18,2020-03-01,Tacoma,43928.5,5.68,Completed
474782,2,2020-03-09,Camry,26773.72,4.0,Completed
474783,12,2020-03-09,RAV4,39686.37,5.65,Completed
474784,10,2020-03-27,Sienna,33821.2,4.88,Completed
474785,12,2020-03-06,Camry,37067.27,5.65,Completed
474786,11,2020-03-01,Tundra,35555.6,4.16,Completed
474787,2,2020-03-07,Tundra,37212.19,4.0,Completed
474788,7,2020-03-18,Corolla,30291.0,5.39,Completed
474789,4,2020-03-17,RAV4,33220.09,3.81,Completed
474790,7,2020-03-26,Corolla,29785.04,5.39,Completed
474791,9,2020-03-12,Prius,23639.92,4.4,Completed
474792,9,2020-03-02,RAV4,32121.94,4.4,Completed
474793,18,2020-03-11,Tundra,50733.33,5.68,Completed
474794,6,2020-03-16,Tacoma,31805.75,3.86,Completed
474795,10,2020-03-02,Prius,21800.68,4.88,Completed
474796,10,2020-03-02,Sienna,34855.94,4.88,Completed
474797,4,2020-03-24,Camry,28696.17,3.81,Completed
474798,7,2020-03-18,Sienna,48136.77,5.39,Completed
474799,20,2020-03-04,Camry,40802.63,5.77,Completed
474800,2,2020-03-12,RAV4,33308.68,4.0,Completed
474801,16,2020-03-05,Sienna,50261.11,6.06,Completed
474802,14,2020-03-22,Corolla,27291.39,5.1,Completed
474803,10,2020-03-15,Tacoma,30275.54,4.88,Completed
474804,19,2020-03-30,Prius,28604.33,5.48,Completed
474805,11,2020-03-10,Sienna,32446.37,4.16,Completed
474806,10,2020-03-06,Sienna,35418.88,4.88,Completed
474807,1,2020-03-28,RAV4,39993.03,5.24,Completed
474808,12,2020-03-10,Highlander,57454.33,5.65,Completed
474809,12,2020-03-08,Corolla,27994.69,5.65,Completed
474810,13,2020-03-13,Prius,31534.27,5.61,Completed
474811,11,2020-03-10,Tundra,33671.93,4.16,Completed
474812,12,2020-03-04,Tundra,44780.38,5.65,Completed
474813,11,2020-03-14,RAV4,34372.39,4.16,Completed
474814,17,2020-03-08,Tacoma,30280.41,4.51,Completed
474815,3,2020-03-18,Sienna,47832.09,5.69,Completed
474816,1,2020-03-20,Highlander,53681.82,5.24,Completed
474817,17,2020-03-19,Prius,20602.12,4.51,Completed
474818,7,2020-03-07,Tundra,47751.81,5.39,Completed
474819,14,2020-03-01,Camry,33548.44,5.1,Completed
474820,13,2020-03-11,Prius,35506.66,5.61,Completed
474821,15,2020-03-26,RAV4,48169.06,4.86,Completed
474822,2,2020-03-25,Sienna,36305.6,4.0,Completed
474823,6,2020-03-10,Highlander,41161.08,3.86,Completed
474824,18,2020-03-26,Highlander,65361.45,5.68,Completed
474825,16,2020-03-30,RAV4,41887.83,6.06,Completed
474826,3,2020-03-28,RAV4,50340.55,5.69,Completed
474827,12,2020-03-22,RAV4,47756.37,5.65,Completed
474828,10,2020-03-24,Corolla,20436.0,4.88,Completed
474829,13,2020-03-17,Sienna,48987.67,5.61,Completed
474830,2,2020-03-17,Tundra,34752.55,4.0,Completed
474831,19,2020-03-08,Tacoma,32576.44,5.48,Completed
474832,2,2020-03-23,Corolla,22907.76,4.0,Completed
474833,2,2020-03-09,Prius,25800.08,4.0,Completed
474834,17,2020-03-14,Tacoma,27364.04,4.51,Completed
474835,17,2020-03-04,Corolla,20448.14,4.51,Completed
474836,20,2020-03-22,Corolla,26262.98,5.77,Completed
474837,1,2020-03-29,Tacoma,31303.0,5.24,Completed
474838,17,2020-03-30,Sienna,31273.58,4.51,Completed
474839,12,2020-03-21,Camry,38476.82,5.65,Completed
474840,17,2020-03-16,Prius,21898.64,4.51,Completed
474841,20,2020-03-15,Tacoma,38597.0,5.77,Completed
474842,12,2020-03-03,Prius,29245.42,5.65,Completed
474843,3,2020-03-27,Tacoma,39622.67,5.69,Completed
474844,1,2020-03-12,Highlander,55404.75,5.24,Completed
474845,8,2020-03-26,Tundra,44524.82,5.84,Completed
474846,19,2020-03-04,Prius,29758.0,5.48,Completed
474847,12,2020-03-13,Sienna,45307.38,5.65,Completed
474848,9,2020-03-31,Tacoma,30726.25,4.4,Completed
474849,18,2020-03-17,Sienna,50769.1,5.68,Completed
474850,4,2020-03-22,RAV4,33576.83,3.81,Completed
474851,4,2020-03-19,Corolla,18108.48,3.81,Completed
474852,16,2020-03-02,RAV4,48151.05,6.06,Cancelled
474853,13,2020-03-08,Prius,35980.12,5.61,Completed
474854,4,2020-03-06,Camry,26197.84,3.81,Completed
474855,11,2020-03-18,Tundra,33744.5,4.16,Completed
474856,11,2020-03-14,Tundra,38787.63,4.16,Completed
474857,15,2020-03-22,Sienna,44519.35,4.86,Completed
474858,12,2020-03-16,RAV4,44235.37,5.65,Completed
474859,18,2020-03-19,Corolla,30391.94,5.68,Completed
474860,20,2020-03-09,Highlander,64522.94,5.77,Completed
474861,20,2020-03-23,Tundra,48944.99,5.77,Completed
474862,14,2020-03-05,RAV4,41871.18,5.1,Completed
474863,12,2020-03-08,Prius,30872.53,5.65,Completed
474864,5,2020-03-30,Corolla,24733.88,5.34,Completed
474865,13,2020-03-18,Prius,36400.34,5.61,Completed
474866,10,2020-03-27,RAV4,35552.7,4.88,Completed
474867,16,2020-03-07,Highlander,62677.72,6.06,Completed
474868,2,2020-03-26,Prius,22968.62,4.0,Completed
474869,1,2020-03-08,Tacoma,33536.94,5.24,Completed
474870,3,2020-03-18,Camry,41245.68,5.69,Completed
474871,11,2020-03-11,Camry,30338.66,4.16,Completed
474872,20,2020-03-27,Prius,34307.27,5.77,Completed
474873,9,2020-03-31,RAV4,32905.39,4.4,Completed
474874,20,2020-03-23,Camry,38067.62,5.77,Completed
474875,1,2020-03-30,Tundra,42694.31,5.24,Completed
474876,2,2020-03-17,Tacoma,34592.21,4.0,Completed
474877,13,2020-03-12,Prius,35678.48,5.61,Completed
474878,14,2020-03-07,Sienna,48722.63,5.1,Completed
474879,15,2020-03-23,Tacoma,38971.04,4.86,Completed
474880,5,2020-03-22,Tundra,40285.93,5.34,Completed
474881,18,2020-03-31,Highlander,66421.6,5.68,Completed
474882,13,2020-03-02,RAV4,44510.34,5.61,Completed
474883,10,2020-03-04,Tacoma,29243.06,4.88,Completed
474884,15,2020-03-23,Tacoma,42649.46,4.86,Completed
474885,6,2020-03-13,RAV4,34101.63,3.86,Completed
474886,7,2020-03-20,Prius,31111.65,5.39,Completed
474887,10,2020-03-10,Tacoma,33723.17,4.88,Completed
474888,10,2020-03-21,RAV4,32216.64,4.88,Completed
474889,6,2020-03-05,Camry,26826.21,3.86,Completed
474890,1,2020-03-01,Tundra,40680.71,5.24,Completed
474891,3,2020-03-07,RAV4,50408.3,5.69,Completed
474892,1,2020-03-31,RAV4,37137.58,5.24,Completed
474893,20,2020-03-26,RAV4,44913.37,5.77,Completed
474894,17,2020-03-01,RAV4,29606.28,4.51,Completed
474895,17,2020-03-17,RAV4,34061.52,4.51,Completed
474896,3,2020-03-06,Sienna,49569.26,5.69,Completed
474897,16,2020-03-04,Corolla,27867.28,6.06,Completed
474898,15,2020-03-02,Tacoma,38557.49,4.86,Completed
474899,9,2020-03-03,Corolla,19007.34,4.4,Pending
474900,12,2020-03-01,RAV4,42201.72,5.65,Completed
474901,2,2020-03-28,Tundra,39614.43,4.0,Completed
474902,12,2020-03-31,Prius,29261.78,5.65,Completed
474903,4,2020-03-18,Tacoma,30644.61,3.81,Completed
474904,14,2020-03-21,Prius,27444.9,5.1,Completed
474905,1,2020-03-21,Prius,26365.63,5.24,Completed
474906,17,2020-03-15,Camry,27357.13,4.51,Completed
474907,17,2020-03-26,Tundra,35443.42,4.51,Completed
474908,17,2020-03-05,Prius,24258.95,4.51,Completed
474909,3,2020-03-16,Tacoma,39250.9,5.69,Completed
474910,6,2020-03-05,Prius,20702.52,3.86,Completed
474911,12,2020-03-19,RAV4,48389.49,5.65,Completed
474912,11,2020-03-11,RAV4,34661.34,4.16,Completed
474913,14,2020-03-20,Camry,37959.67,5.1,Completed
474914,9,2020-03-17,Prius,23376.36,4.4,Completed
474915,4,2020-03-22,RAV4,30947.73,3.81,Completed
474916,15,2020-03-22,Sienna,47269.0,4.86,Completed
474917,7,2020-03-09,Highlander,64079.84,5.39,Completed
474918,11,2020-03-27,Corolla,20903.73,4.16,Completed
474919,17,2020-03-09,Highlander,42720.06,4.51,Completed
474920,6,2020-03-08,Tacoma,27931.61,3.86,Completed
474921,9,2020-03-02,Corolla,20847.3,4.4,Completed
474922,20,2020-03-07,Corolla,25679.6,5.77,Cancelled
474923,6,2020-03-07,Tundra,34784.1,3.86,Completed
474924,16,2020-03-15,Corolla,31289.5,6.06,Completed
474925,16,2020-03-15,Tacoma,41310.45,6.06,Completed
474926,19,2020-03-25,RAV4,36836.71,5.48,Completed
474927,8,2020-03-20,Sienna,49863.17,5.84,Completed
474928,12,2020-03-05,Camry,39093.8,5.65,Completed
474929,17,2020-03-24,Tacoma,30003.61,4.51,Completed
474930,16,2020-03-26,Tundra,53548.34,6.06,Completed
474931,9,2020-03-12,Highlander,49016.22,4.4,Completed
474932,7,2020-03-25,Highlander,58366.49,5.39,Completed
474933,5,2020-03-11,RAV4,39441.83,5.34,Completed
474934,7,2020-03-15,Camry,36979.5,5.39,Completed
474935,17,2020-03-29,Prius,23754.25,4.51,Completed
474936,3,2020-03-01,Tacoma,45353.86,5.69,Completed
474937,5,2020-03-09,RAV4,37279.79,5.34,Completed
474938,8,2020-03-27,Prius,28740.09,5.84,Completed
474939,4,2020-03-03,Corolla,18011.68,3.81,Completed
474940,6,2020-03-17,Sienna,32904.19,3.86,Completed
474941,12,2020-03-28,Prius,29217.89,5.65,Completed
474942,17,2020-03-04,Tundra,37481.15,4.51,Completed
474943,14,2020-03-25,Highlander,55198.36,5.1,Completed
474944,15,2020-03-30,Tundra,43808.02,4.86,Completed
474945,15,2020-03-29,RAV4,43849.1,4.86,Completed
474946,1,2020-03-05,RAV4,39320.02,5.24,Completed
474947,6,2020-03-13,Tundra,37238.78,3.86,Completed
474948,5,2020-03-15,Camry,29346.66,5.34,Completed
474949,5,2020-03-21,RAV4,34384.39,5.34,Cancelled
474950,9,2020-03-18,Corolla,21847.19,4.4,Completed
474951,18,2020-03-06,Prius,34309.55,5.68,Completed
474952,16,2020-03-09,Tundra,54468.56,6.06,Completed
474953,9,2020-03-08,Prius,21661.7,4.4,Pending
474954,13,2020-03-04,Tundra,48308.27,5.61,Completed
474955,19,2020-03-03,Tundra,41517.86,5.48,Completed
474956,11,2020-03-13,Highlander,42536.63,4.16,Completed
474957,10,2020-03-03,Tacoma,30795.52,4.88,Completed
474958,5,2020-03-27,RAV4,36276.88,5.34,Completed
474959,14,2020-03-15,Highlander,64391.46,5.1,Completed
474960,14,2020-03-19,RAV4,42460.08,5.1,Completed
474961,8,2020-03-16,Camry,35167.65,5.84,Completed
474962,2,2020-03-30,Sienna,34015.68,4.0,Completed
474963,9,2020-03-30,Tacoma,29409.31,4.4,Completed
474964,4,2020-03-20,Tundra,34623.31,3.81,Completed
474965,7,2020-03-15,Tundra,52724.18,5.39,Completed
474966,14,2020-03-18,Corolla,27063.29,5.1,Completed
474967,20,2020-03-24,Highlander,57256.86,5.77,Completed
474968,17,2020-03-09,Corolla,18532.01,4.51,Completed
474969,2,2020-03-26,Prius,23576.53,4.0,Completed
474970,3,2020-03-31,Highlander,59271.28,5.69,Completed
474971,13,2020-03-06,Prius,30599.02,5.61,Completed
474972,7,2020-03-18,Tacoma,37644.79,5.39,Completed
474973,15,2020-03-25,Corolla,27689.09,4.86,Completed
474974,14,2020-03-16,Sienna,49113.94,5.1,Completed
474975,19,2020-03-28,Sienna,38347.53,5.48,Completed
474976,12,2020-03-03,Tundra,51144.3,5.65,Completed
474977,14,2020-03-04,Corolla,29058.46,5.1,Completed
474978,13,2020-03-04,Corolla,27290.72,5.61,Completed
474979,20,2020-03-25,Tundra,50596.63,5.77,Completed
474980,3,2020-03-10,Prius,34691.72,5.69,Pending
474981,2,2020-03-10,Tacoma,29725.7,4.0,Completed
474982,5,2020-03-24,Highlander,54541.8,5.34,Completed
474983,20,2020-03-05,Corolla,28522.26,5.77,Completed
474984,4,2020-03-26,Camry,27072.34,3.81,Completed
474985,1,2020-03-24,Highlander,50435.49,5.24,Completed
474986,18,2020-03-25,Highlander,63033.3,5.68,Completed
474987,7,2020-03-13,Prius,30424.9,5.39,Completed
474988,4,2020-03-30,Tacoma,30246.31,3.81,Completed
474989,19,2020-03-17,Corolla,25137.78,5.48,Completed
474990,6,2020-03-26,Tacoma,28629.63,3.86,Completed
474991,7,2020-03-31,Highlander,61750.64,5.39,Completed
474992,6,2020-03-25,RAV4,28833.02,3.86,Completed
474993,17,2020-03-18,Camry,24203.43,4.51,Completed
474994,6,2020-03-17,RAV4,34198.77,3.86,Completed
474995,6,2020-03-18,Camry,28488.07,3.86,Completed
474996,6,2020-03-29,Highlander,46307.38,3.86,Completed
474997,5,2020-03-17,Highlander,54970.77,5.34,Completed
474998,20,2020-03-26,RAV4,42663.61,5.77,Completed
474999,4,2020-03-28,Tacoma,27502.22,3.81,Completed
475000,17,2020-03-22,Tundra,36255.66,4.51,Completed
475001,8,2020-03-13,Corolla,28336.11,5.84,Completed
475002,20,2020-03-14,Camry,39451.28,5.77,Completed
475003,13,2020-03-07,Tacoma,44204.0,5.61,Completed
475004,10,2020-03-03,Corolla,22083.25,4.88,Completed
475005,2,2020-03-22,RAV4,30873.26,4.0,Completed
475006,19,2020-03-15,Prius,25855.53,5.48,Completed
475007,6,2020-03-25,Camry,25410.26,3.86,Completed
475008,3,2020-03-13,RAV4,50964.18,5.69,Completed
475009,16,2020-03-25,Tacoma,43804.15,6.06,Completed
475010,16,2020-03-05,Tacoma,39368.75,6.06,Completed
475011,11,2020-03-08,Corolla,21155.97,4.16,Completed
475012,19,2020-03-05,Tundra,44424.77,5.48,Completed
475013,2,2020-03-20,Corolla,20378.84,4.0,Completed
475014,8,2020-03-04,Tacoma,44821.1,5.84,Completed
475015,9,2020-03-27,Highlander,42314.88,4.4,Completed
475016,20,2020-03-10,Tacoma,42680.5,5.77,Completed
475017,5,2020-03-01,Tacoma,33946.3,5.34,Completed
475018,7,2020-03-24,Corolla,30042.11,5.39,Completed
475019,6,2020-03-10,Sienna,32343.44,3.86,Completed
475020,6,2020-03-06,Camry,24642.13,3.86,Completed
475021,4,2020-03-25,RAV4,30367.33,3.81,Completed
475022,5,2020-03-18,Tacoma,35478.55,5.34,Completed
475023,1,2020-03-30,Camry,34467.21,5.24,Completed
475024,4,2020-03-10,RAV4,27899.14,3.81,Completed
475025,10,2020-03-27,Tacoma,32483.05,4.88,Completed
475026,1,2020-03-24,Prius,28771.29,5.24,Completed
475027,1,2020-03-14,Tacoma,33342.91,5.24,Completed
475028,15,2020-03-10,RAV4,43224.82,4.86,Completed
475029,8,2020-03-07,Camry,35596.32,5.84,Completed
475030,9,2020-03-15,Tundra,37972.84,4.4,Pending
475031,18,2020-03-27,Sienna,53541.47,5.68,Completed
475032,4,2020-03-28,Sienna,30416.2,3.81,Completed
475033,18,2020-03-24,Sienna,53748.88,5.68,Completed
475034,16,2020-03-09,Tacoma,46197.21,6.06,Completed
475035,13,2020-03-30,Corolla,28343.06,5.61,Completed
475036,4,2020-03-12,Camry,24098.31,3.81,Completed
475037,14,2020-03-31,Tundra,45110.31,5.1,Completed
475038,16,2020-03-12,Sienna,49281.93,6.06,Completed
475039,12,2020-03-29,Highlander,56578.91,5.65,Completed
475040,17,2020-03-11,Corolla,21024.66,4.51,Completed
475041,7,2020-03-03,Prius,29994.98,5.39,Completed
475042,8,2020-03-02,Tundra,47367.14,5.84,Completed
475043,1,2020-03-30,Highlander,57149.85,5.24,Completed
475044,2,2020-03-23,Tacoma,31011.6,4.0,Completed
475045,18,2020-03-03,Tundra,50882.5,5.68,Completed
475046,10,2020-03-03,Tundra,38846.76,4.88,Completed
475047,1,2020-03-17,RAV4,34007.1,5.24,Completed
475048,20,2020-03-03,Tundra,45360.08,5.77,Completed
475049,20,2020-03-03,RAV4,45455.57,5.77,Pending
475050,3,2020-03-16,Highlander,62519.75,5.69,Completed
475051,15,2020-03-17,RAV4,47415.92,4.86,Completed
475052,15,2020-03-20,Tacoma,38613.11,4.86,Completed
475053,20,2020-03-25,RAV4,41177.35,5.77,Completed
475054,20,2020-03-24,Tundra,44552.61,5.77,Completed
475055,2,2020-03-25,Highlander,47752.81,4.0,Completed
475056,5,2020-03-12,Prius,28447.67,5.34,Completed
475057,14,2020-03-13,RAV4,40959.65,5.1,Completed
475058,15,2020-03-24,Highlander,60661.57,4.86,Completed
475059,6,2020-03-08,Prius,22679.81,3.86,Completed
475060,6,2020-03-20,Camry,27574.74,3.86,Completed
475061,3,2020-03-17,Tacoma,42479.95,5.69,Completed
475062,15,2020-03-31,Prius,31831.27,4.86,Completed
475063,12,2020-03-07,Sienna,52810.03,5.65,Completed
475064,20,2020-03-31,Tundra,52544.76,5.77,Completed
475065,8,2020-03-29,Tundra,44642.29,5.84,Completed
475066,20,2020-03-17,Sienna,51893.49,5.77,Completed
475067,9,2020-03-14,Corolla,20453.54,4.4,Completed
475068,1,2020-03-18,Camry,33020.89,5.24,Completed
475069,10,2020-03-31,Camry,30147.09,4.88,Completed
475070,3,2020-03-23,Sienna,52982.42,5.69,Completed
475071,16,2020-03-22,Corolla,31387.24,6.06,Completed
475072,8,2020-03-15,Prius,32986.18,5.84,Completed
475073,8,2020-03-20,Prius,32534.94,5.84,Completed
475074,10,2020-03-13,RAV4,30654.87,4.88,Completed
475075,12,2020-03-29,Highlander,57605.52,5.65,Completed
475076,20,2020-03-08,Camry,37525.15,5.77,Completed
475077,18,2020-03-25,Corolla,31937.67,5.68,Completed
475078,8,2020-03-25,Highlander,67016.94,5.84,Completed
475079,13,2020-03-07,Camry,40888.91,5.61,Completed
475080,6,2020-03-21,Tundra,37742.14,3.86,Completed
475081,15,2020-03-21,Sienna,45171.44,4.86,Completed
475082,10,2020-03-25,Sienna,38921.99,4.88,Completed
475083,19,2020-03-19,Tundra,45412.6,5.48,Completed
475084,15,2020-03-14,Tundra,47628.16,4.86,Completed
475085,1,2020-03-03,Tundra,44415.23,5.24,Completed
475086,13,2020-03-09,Sienna,52024.01,5.61,Completed
475087,5,2020-03-22,Highlander,47844.2,5.34,Completed
475088,10,2020-03-23,Highlander,46604.57,4.88,Completed
475089,15,2020-03-30,Camry,36018.97,4.86,Completed
475090,13,2020-03-29,Sienna,51583.65,5.61,Completed
475091,17,2020-03-20,Tundra,37565.49,4.51,Completed
475092,3,2020-03-05,Tacoma,41225.37,5.69,Completed
475093,9,2020-03-05,Highlander,44307.08,4.4,Completed
475094,16,2020-03-20,Tundra,52924.93,6.06,Completed
475095,17,2020-03-21,RAV4,30557.84,4.51,Completed
475096,12,2020-03-06,Corolla,29459.19,5.65,Completed
475097,6,2020-03-07,Tundra,31650.23,3.86,Completed
475098,20,2020-03-21,Prius,32168.78,5.77,Completed
475099,2,2020-03-06,Corolla,21478.9,4.0,Completed
475100,2,2020-03-13,Corolla,20713.55,4.0,Completed
475101,3,2020-03-07,Tundra,49322.21,5.69,Completed
475102,6,2020-03-30,Corolla,19039.18,3.86,Completed
475103,20,2020-03-20,Corolla,28774.14,5.77,Completed
475104,18,2020-03-08,Tundra,54219.66,5.68,Completed
475105,19,2020-03-31,Highlander,54817.76,5.48,Completed
475106,18,2020-03-15,RAV4,44747.33,5.68,Completed
475107,3,2020-03-04,Highlander,62156.75,5.69,Completed
475108,4,2020-03-24,Tacoma,30236.41,3.81,Completed
475109,3,2020-03-11,Highlander,66499.55,5.69,Completed
475110,5,2020-03-16,Tundra,40379.09,5.34,Completed
475111,2,2020-03-23,Tacoma,31959.79,4.0,Completed
475112,12,2020-03-05,Tacoma,42944.88,5.65,Completed
475113,5,2020-03-01,Highlander,52667.9,5.34,Completed
475114,3,2020-03-17,Tundra,54174.18,5.69,Completed
475115,8,2020-03-15,Tundra,45939.71,5.84,Completed
475116,9,2020-03-08,Camry,25567.11,4.4,Completed
475117,8,2020-03-09,Highlander,67892.03,5.84,Completed
475118,12,2020-03-26,Sienna,44427.2,5.65,Completed
475119,1,2020-03-06,Sienna,37137.62,5.24,Completed
475120,8,2020-03-16,Tacoma,38352.29,5.84,Completed
475121,15,2020-03-05,Prius,32260.24,4.86,Completed
475122,9,2020-03-04,Tacoma,30624.45,4.4,Completed
475123,8,2020-03-11,Highlander,61810.56,5.84,Completed
475124,16,2020-03-16,Tundra,51425.37,6.06,Completed
475125,13,2020-03-09,Prius,30571.02,5.61,Completed
475126,2,2020-03-24,Tacoma,31400.38,4.0,Completed
475127,16,2020-03-04,RAV4,47408.8,6.06,Completed
475128,13,2020-03-09,Corolla,28106.83,5.61,Completed
475129,1,2020-03-02,Prius,26080.42,5.24,Completed
475130,5,2020-03-18,Corolla,23483.58,5.34,Completed
475131,13,2020-03-09,Tundra,46830.43,5.61,Completed
475132,18,2020-03-09,Sienna,48547.75,5.68,Completed
475133,9,2020-03-20,Tundra,34914.42,4.4,Completed
475134,4,2020-03-13,Tundra,34639.1,3.81,Completed
475135,18,2020-03-15,RAV4,49904.92,5.68,Completed
475136,11,2020-03-09,Corolla,20665.55,4.16,Completed
475137,7,2020-03-10,Prius,30670.32,5.39,Completed
475138,19,2020-03-04,Corolla,24624.83,5.48,Completed
475139,4,2020-03-12,Tundra,32605.38,3.81,Completed
475140,11,2020-03-09,Prius,22755.87,4.16,Completed
475141,16,2020-03-01,Highlander,66700.78,6.06,Completed
475142,14,2020-03-06,Corolla,26019.19,5.1,Completed
475143,8,2020-03-06,RAV4,41692.58,5.84,Cancelled
475144,18,2020-03-21,Prius,35886.08,5.68,Completed
475145,17,2020-03-10,Corolla,21162.41,4.51,Completed
475146,17,2020-03-20,Prius,21728.91,4.51,Pending
475147,1,2020-03-01,RAV4,37269.18,5.24,Completed
475148,19,2020-03-14,Highlander,50339.74,5.48,Completed
475149,3,2020-03-06,RAV4,44834.91,5.69,Completed
475150,11,2020-03-25,RAV4,32468.96,4.16,Completed
475151,1,2020-03-08,Sienna,39172.95,5.24,Completed
475152,9,2020-03-13,RAV4,35100.21,4.4,Completed
475153,14,2020-03-27,Corolla,26861.08,5.1,Completed
475154,4,2020-03-25,Prius,22962.05,3.81,Completed
475155,12,2020-03-23,RAV4,41719.91,5.65,Completed
475156,4,2020-03-20,Highlander,45769.96,3.81,Completed
475157,3,2020-03-06,Corolla,29448.66,5.69,Completed
475158,15,2020-03-20,Corolla,25486.22,4.86,Completed
475159,19,2020-03-07,Tacoma,39407.64,5.48,Completed
475160,7,2020-03-09,Tacoma,44474.66,5.39,Completed
475161,1,2020-03-02,Corolla,22595.15,5.24,Completed
475162,8,2020-03-08,RAV4,44329.62,5.84,Completed
475163,1,2020-03-20,Tundra,38366.5,5.24,Completed
475164,16,2020-03-09,Camry,37572.82,6.06,Completed
475165,16,2020-03-02,Corolla,29490.43,6.06,Completed
475166,15,2020-03-28,Prius,34362.24,4.86,Completed
475167,10,2020-03-01,Tacoma,29793.96,4.88,Completed
475168,12,2020-03-25,Camry,35710.31,5.65,Completed
475169,10,2020-03-21,Sienna,33394.26,4.88,Completed
475170,15,2020-03-24,Camry,37928.9,4.86,Completed
475171,8,2020-03-26,Sienna,49219.92,5.84,Completed
475172,9,2020-03-18,Highlander,48557.7,4.4,Completed
475173,14,2020-03-23,Highlander,60545.86,5.1,Completed
475174,17,2020-03-22,Tundra,36711.74,4.51,Completed
475175,14,2020-03-01,Tundra,43381.81,5.1,Completed
475176,8,2020-03-12,Camry,41280.94,5.84,Completed
475177,20,2020-03-30,Prius,34087.43,5.77,Completed
475178,8,2020-03-22,Tacoma,40610.96,5.84,Completed
475179,6,2020-03-29,Tacoma,26376.9,3.86,Completed
475180,5,2020-03-02,Tacoma,33061.57,5.34,Completed
475181,20,2020-03-04,Prius,29610.93,5.77,Completed
475182,16,2020-03-12,Tundra,47773.2,6.06,Completed
475183,18,2020-03-28,Camry,44046.15,5.68,Completed
475184,14,2020-03-31,Tundra,50080.33,5.1,Completed
475185,2,2020-03-21,Prius,21985.16,4.0,Completed
475186,3,2020-03-12,Sienna,49836.5,5.69,Completed
475187,3,2020-03-06,Sienna,52208.71,5.69,Completed
475188,19,2020-03-19,Corolla,24329.76,5.48,Completed
475189,16,2020-03-13,Camry,36361.83,6.06,Completed
475190,1,2020-03-15,Prius,25504.77,5.24,Completed
475191,12,2020-03-27,Sienna,45897.83,5.65,Pending
475192,11,2020-03-01,Tundra,37516.89,4.16,Completed
475193,15,2020-03-26,Highlander,60466.61,4.86,Completed
475194,6,2020-03-03,Tacoma,30390.91,3.86,Completed
475195,16,2020-03-02,RAV4,43229.13,6.06,Completed
475196,6,2020-03-10,Tacoma,30938.06,3.86,Completed
475197,11,2020-03-24,Corolla,20438.11,4.16,Completed
475198,20,2020-03-23,RAV4,42296.17,5.77,Completed
475199,5,2020-03-24,Tacoma,35752.79,5.34,Completed
475200,13,2020-03-23,Corolla,30738.05,5.61,Completed
475201,18,2020-03-09,Sienna,49067.9,5.68,Completed
475202,1,2020-03-16,Tacoma,34663.38,5.24,Completed
475203,9,2020-03-17,Tacoma,32773.82,4.4,Completed
475204,4,2020-03-19,Camry,26671.03,3.81,Completed
475205,17,2020-03-01,Corolla,20275.46,4.51,Completed
475206,13,2020-03-16,RAV4,46174.62,5.61,Completed
475207,19,2020-03-09,Camry,35686.32,5.48,Completed
475208,15,2020-03-31,RAV4,44304.56,4.86,Cancelled
475209,17,2020-03-29,Highlander,43969.46,4.51,Completed
475210,9,2020-03-08,Sienna,31880.59,4.4,Completed
475211,17,2020-03-06,Prius,22453.96,4.51,Completed
475212,1,2020-03-04,Sienna,43303.53,5.24,Completed
475213,2,2020-03-18,Prius,25442.16,4.0,Completed
475214,2,2020-03-06,RAV4,33161.97,4.0,Completed
475215,7,2020-03-02,Highlander,58111.4,5.39,Completed
475216,15,2020-03-21,RAV4,44531.13,4.86,Completed
475217,10,2020-03-30,Sienna,37163.45,4.88,Completed
475218,7,2020-03-13,Corolla,27628.11,5.39,Completed
475219,11,2020-03-08,Tundra,34643.72,4.16,Pending
475220,1,2020-03-22,Corolla,21126.08,5.24,Completed
475221,13,2020-03-12,Highlander,70685.39,5.61,Completed
475222,14,2020-03-27,RAV4,45784.79,5.1,Completed
475223,18,2020-03-10,Tundra,56899.76,5.68,Completed
475224,5,2020-03-05,Tacoma,33044.74,5.34,Completed
475225,17,2020-03-27,Corolla,19826.76,4.51,Completed
475226,14,2020-03-09,Tacoma,36439.51,5.1,Completed
475227,16,2020-03-25,Tacoma,39058.38,6.06,Completed
475228,6,2020-03-09,Tacoma,29454.41,3.86,Completed
475229,16,2020-03-03,Highlander,60546.47,6.06,Completed
475230,12,2020-03-25,Corolla,29466.91,5.65,Completed
475231,11,2020-03-14,Camry,27220.08,4.16,Completed
475232,10,2020-03-14,Highlander,46314.67,4.88,Completed
475233,17,2020-03-06,Tundra,33316.38,4.51,Completed
475234,6,2020-03-02,Camry,27683.44,3.86,Completed
475235,8,2020-03-30,Camry,36316.91,5.84,Completed
475236,16,2020-03-09,Highlander,61647.47,6.06,Completed
475237,16,2020-03-01,RAV4,49624.79,6.06,Completed
475238,12,2020-03-10,Sienna,51503.05,5.65,Completed
475239,18,2020-03-27,Tacoma,47686.99,5.68,Completed
475240,9,2020-03-18,Tundra,37583.6,4.4,Completed
475241,8,2020-03-16,Corolla,26410.08,5.84,Completed
475242,9,2020-03-24,Tacoma,32094.1,4.4,Completed
475243,10,2020-03-15,RAV4,33796.98,4.88,Completed
475244,10,2020-03-08,RAV4,36296.5,4.88,Completed
475245,2,2020-03-29,RAV4,35182.86,4.0,Completed
475246,1,2020-03-13,Corolla,24784.81,5.24,Completed
475247,11,2020-03-01,Camry,26184.5,4.16,Completed
475248,12,2020-03-13,Prius,33525.75,5.65,Completed
475249,5,2020-03-20,Camry,33152.23,5.34,Completed
475250,12,2020-03-10,Highlander,64507.73,5.65,Completed
475251,12,2020-03-03,Highlander,64133.03,5.65,Completed
475252,9,2020-03-08,Sienna,33824.4,4.4,Completed
475253,5,2020-03-01,Corolla,24063.71,5.34,Completed
475254,13,2020-03-13,Highlander,71295.68,5.61,Completed
475255,18,2020-03-12,RAV4,49161.68,5.68,Completed
475256,15,2020-03-31,Camry,37113.43,4.86,Completed
475257,13,2020-03-10,Tundra,48935.93,5.61,Completed
475258,2,2020-03-05,Highlander,48232.16,4.0,Completed
475259,18,2020-03-27,Prius,34155.35,5.68,Completed
475260,16,2020-03-12,Corolla,25930.93,6.06,Completed
475261,14,2020-03-12,Sienna,46222.53,5.1,Cancelled
475262,6,2020-03-01,Prius,23585.65,3.86,Completed
475263,1,2020-03-29,Prius,24923.63,5.24,Completed
475264,9,2020-03-12,Tundra,36137.31,4.4,Completed
475265,12,2020-03-23,Sienna,45964.69,5.65,Completed
475266,1,2020-03-17,Camry,30958.13,5.24,Completed
475267,14,2020-03-25,RAV4,40588.72,5.1,Completed
475268,15,2020-03-08,Sienna,43995.37,4.86,Completed
475269,14,2020-03-23,Corolla,24779.18,5.1,Completed
475270,20,2020-03-21,Tundra,47941.21,5.77,Completed
475271,17,2020-03-02,Sienna,32488.71,4.51,Pending
475272,4,2020-03-18,Sienna,33787.54,3.81,Completed
475273,10,2020-03-29,Prius,23524.29,4.88,Completed
475274,14,2020-03-31,Sienna,47997.25,5.1,Completed
475275,7,2020-03-21,RAV4,44029.96,5.39,Completed
475276,19,2020-03-03,Corolla,24091.91,5.48,Completed
475277,16,2020-03-31,Corolla,30873.58,6.06,Completed
475278,6,2020-03-12,Corolla,20460.41,3.86,Completed
475279,16,2020-03-02,Corolla,26904.6,6.06,Completed
475280,2,2020-03-14,Corolla,20835.55,4.0,Completed
475281,3,2020-03-28,Highlander,68716.23,5.69,Completed
475282,9,2020-03-26,Prius,24432.16,4.4,Pending
475283,20,2020-03-31,Tundra,49076.28,5.77,Completed
475284,16,2020-03-01,Camry,39514.94,6.06,Completed
475285,15,2020-03-22,Tundra,45768.1,4.86,Completed
475286,6,2020-03-28,Camry,24812.62,3.86,Completed
475287,15,2020-03-11,Highlander,55535.95,4.86,Completed
475288,14,2020-03-13,Camry,39824.38,5.1,Completed
475289,4,2020-03-29,Corolla,20795.92,3.81,Cancelled
475290,15,2020-03-26,Tacoma,39834.36,4.86,Completed
475291,6,2020-03-26,RAV4,30697.04,3.86,Completed
475292,14,2020-03-20,Tacoma,40033.04,5.1,Completed
475293,8,2020-03-09,Corolla,29029.61,5.84,Completed
475294,12,2020-03-04,Camry,36016.61,5.65,Completed
475295,15,2020-03-26,Sienna,51496.7,4.86,Completed
475296,12,2020-03-07,Sienna,51072.0,5.65,Completed
475297,20,2020-03-22,Tacoma,43254.17,5.77,Completed
475298,18,2020-03-16,RAV4,49765.69,5.68,Completed
475299,18,2020-03-13,Sienna,51647.76,5.68,Completed
475300,1,2020-03-14,Highlander,54601.46,5.24,Completed
475301,8,2020-03-25,Sienna,47309.39,5.84,Completed
475302,8,2020-03-16,Prius,34474.54,5.84,Completed
475303,3,2020-03-23,Tacoma,39907.59,5.69,Completed
475304,7,2020-03-15,Prius,33897.75,5.39,Completed
475305,19,2020-03-21,Sienna,46427.96,5.48,Completed
475306,13,2020-03-17,Corolla,27846.42,5.61,Completed
475307,20,2020-03-27,Prius,29167.11,5.77,Completed
475308,20,2020-03-23,Highlander,59819.45,5.77,Completed
475309,3,2020-03-18,Tacoma,40498.75,5.69,Completed
475310,11,2020-03-18,RAV4,30321.13,4.16,Completed
475311,15,2020-03-18,Tacoma,37932.36,4.86,Completed
475312,15,2020-03-06,Tacoma,38203.12,4.86,Completed
475313,18,2020-03-21,Tacoma,44143.28,5.68,Completed
475314,14,2020-03-09,Corolla,26769.38,5.1,Completed
475315,20,2020-03-18,Prius,33847.09,5.77,Completed
475316,10,2020-03-10,Camry,27083.92,4.88,Completed
475317,17,2020-03-25,Prius,22437.18,4.51,Completed
475318,10,2020-03-06,Prius,22865.1,4.88,Completed
475319,5,2020-03-22,Highlander,57366.36,5.34,Completed
475320,19,2020-03-01,Prius,29115.52,5.48,Completed
475321,8,2020-03-03,Highlander,64929.95,5.84,Completed
475322,9,2020-03-01,RAV4,29135.55,4.4,Completed
475323,8,2020-03-25,Highlander,56994.29,5.84,Completed
475324,12,2020-03-31,Prius,32762.51,5.65,Pending
475325,2,2020-03-09,Prius,26357.73,4.0,Completed
475326,12,2020-03-18,Sienna,47331.33,5.65,Completed
475327,1,2020-03-29,Highlander,55587.39,5.24,Completed
475328,7,2020-03-31,Sienna,46596.52,5.39,Completed
475329,3,2020-03-03,Tundra,47052.92,5.69,Cancelled
475330,19,2020-03-22,Tundra,43119.7,5.48,Completed
475331,5,2020-03-06,Camry,34751.22,5.34,Completed
475332,6,2020-03-12,Corolla,19506.56,3.86,Completed
475333,2,2020-03-02,Corolla,22306.69,4.0,Completed
475334,10,2020-03-03,Camry,30605.36,4.88,Completed
475335,15,2020-03-31,Highlander,60386.19,4.86,Completed
475336,2,2020-03-29,Sienna,33656.24,4.0,Completed
475337,1,2020-03-20,Sienna,42531.94,5.24,Completed
475338,8,2020-03-07,Sienna,44035.77,5.84,Completed
475339,3,2020-03-24,Tundra,53975.58,5.69,Completed
475340,12,2020-03-01,Highlander,65486.32,5.65,Completed
475341,2,2020-03-17,Tacoma,30732.31,4.0,Completed
475342,6,2020-03-20,Tundra,33789.9,3.86,Completed
475343,14,2020-03-24,Prius,28319.07,5.1,Completed
475344,14,2020-03-18,Tacoma,36006.85,5.1,Completed
475345,17,2020-03-05,Corolla,19692.82,4.51,Completed
475346,9,2020-03-22,RAV4,34454.96,4.4,Completed
475347,11,2020-03-06,Prius,25264.85,4.16,Completed
475348,14,2020-03-03,Tundra,42324.03,5.1,Completed
475349,7,2020-03-23,RAV4,45570.17,5.39,Completed
475350,13,2020-03-21,Prius,32186.43,5.61,Completed
475351,17,2020-03-21,RAV4,33822.68,4.51,Completed
475352,19,2020-03-03,Highlander,57507.51,5.48,Completed
475353,8,2020-03-11,Camry,39452.31,5.84,Completed
475354,10,2020-03-11,Corolla,21076.86,4.88,Completed
475355,4,2020-03-06,Prius,20704.63,3.81,Completed
475356,19,2020-03-28,Tundra,39954.6,5.48,Completed
475357,5,2020-03-29,Sienna,37299.11,5.34,Completed
475358,11,2020-03-17,Highlander,42845.49,4.16,Completed
475359,11,2020-03-06,RAV4,31567.26,4.16,Completed
475360,3,2020-03-31,Camry,38359.69,5.69,Completed
475361,3,2020-03-07,Corolla,27203.35,5.69,Completed
475362,9,2020-03-03,Prius,23061.82,4.4,Completed
475363,1,2020-03-11,Tacoma,31163.24,5.24,Completed
475364,15,2020-03-05,RAV4,47226.47,4.86,Pending
475365,15,2020-03-31,Highlander,63772.5,4.86,Completed
475366,6,2020-03-07,Sienna,31149.01,3.86,Completed
475367,19,2020-03-14,Tacoma,38955.92,5.48,Completed
475368,10,2020-03-14,Camry,29634.44,4.88,Completed
475369,17,2020-03-28,Highlander,43111.7,4.51,Completed
475370,17,2020-03-01,Camry,29384.31,4.51,Completed
475371,13,2020-03-30,Prius,30385.22,5.61,Completed
475372,12,2020-03-22,Prius,29640.95,5.65,Completed
475373,19,2020-03-04,Highlander,51601.87,5.48,Completed
475374,9,2020-03-17,Sienna,32485.29,4.4,Completed
475375,4,2020-03-26,Prius,20087.12,3.81,Completed
475376,9,2020-03-29,Camry,29605.85,4.4,Completed
475377,11,2020-03-18,Camry,27128.43,4.16,Pending
475378,18,2020-03-02,Sienna,57213.62,5.68,Completed
475379,5,2020-03-23,RAV4,39552.76,5.34,Completed
475380,10,2020-03-08,Tacoma,29591.6,4.88,Completed
475381,13,2020-03-22,Tundra,50242.44,5.61,Completed
475382,9,2020-03-04,Sienna,36936.0,4.4,Completed
475383,5,2020-03-01,RAV4,40198.92,5.34,Cancelled
475384,4,2020-03-25,Camry,27991.25,3.81,Completed
475385,20,2020-03-22,RAV4,43549.42,5.77,Completed
475386,6,2020-03-25,Highlander,40215.73,3.86,Completed
475387,17,2020-03-09,Corolla,20736.12,4.51,Completed
475388,3,2020-03-25,Corolla,29201.97,5.69,Completed
475389,3,2020-03-31,Camry,42536.9,5.69,Completed
475390,9,2020-03-05,Prius,23198.62,4.4,Completed
475391,15,2020-03-17,RAV4,47324.08,4.86,Completed
475392,10,2020-03-23,RAV4,30647.2,4.88,Completed
475393,15,2020-03-24,Sienna,52621.33,4.86,Completed
475394,10,2020-03-18,Tundra,39292.61,4.88,Completed
475395,6,2020-03-22,RAV4,32550.56,3.86,Completed
475396,15,2020-03-31,Corolla,29839.71,4.86,Completed
475397,12,2020-03-03,Tacoma,36917.4,5.65,Completed
475398,1,2020-03-13,Tacoma,35044.66,5.24,Completed
475399,20,2020-03-21,Prius,33957.66,5.77,Completed
475400,19,2020-03-28,Tundra,45583.17,5.48,Completed
475401,5,2020-03-13,Tundra,37926.38,5.34,Completed
475402,11,2020-03-01,Tacoma,30824.71,4.16,Completed
475403,19,2020-03-25,Camry,31364.52,5.48,Completed
475404,11,2020-03-20,Prius,24515.65,4.16,Completed
475405,7,2020-03-10,Tacoma,39816.44,5.39,Completed
475406,17,2020-03-29,Tundra,34872.79,4.51,Completed
475407,17,2020-03-11,Corolla,21417.87,4.51,Completed
475408,1,2020-03-27,Highlander,49893.21,5.24,Completed
475409,10,2020-03-14,RAV4,35277.33,4.88,Completed
475410,8,2020-03-01,Corolla,28345.57,5.84,Completed
475411,5,2020-03-21,Highlander,48326.74,5.34,Completed
475412,20,2020-03-29,Tacoma,39401.83,5.77,Completed
475413,8,2020-03-10,Sienna,52835.16,5.84,Completed
475414,2,2020-03-03,Tundra,40771.61,4.0,Completed
475415,15,2020-03-08,Corolla,27697.29,4.86,Completed
475416,5,2020-03-10,Tacoma,32858.76,5.34,Completed
475417,3,2020-03-21,Corolla,28612.52,5.69,Completed
475418,2,2020-03-16,Prius,24227.84,4.0,Completed
475419,9,2020-03-04,Tacoma,30143.22,4.4,Cancelled
475420,16,2020-03-02,Corolla,28721.75,6.06,Completed
475421,10,2020-03-16,Tacoma,29973.86,4.88,Completed
475422,14,2020-03-14,Tundra,42659.73,5.1,Completed
475423,12,2020-03-27,Sienna,43794.92,5.65,Completed
475424,7,2020-03-13,Tundra,54403.03,5.39,Completed
475425,2,2020-03-06,Corolla,22029.44,4.0,Completed
475426,6,2020-03-10,RAV4,33163.07,3.86,Completed
475427,12,2020-03-13,Tacoma,37187.82,5.65,Completed
475428,20,2020-03-20,Sienna,53929.52,5.77,Completed
475429,3,2020-03-26,Tacoma,42356.36,5.69,Completed
475430,14,2020-03-13,Highlander,63225.35,5.1,Completed
475431,13,2020-03-08,Corolla,30541.38,5.61,Completed
475432,6,2020-03-31,RAV4,31191.54,3.86,Cancelled
475433,19,2020-03-06,Tacoma,38083.9,5.48,Completed
475434,4,2020-03-31,RAV4,32055.72,3.81,Completed
475435,14,2020-03-15,Sienna,50355.69,5.1,Cancelled
475436,8,2020-03-05,Sienna,52557.67,5.84,Completed
475437,6,2020-03-14,Highlander,40811.21,3.86,Completed
475438,4,2020-03-20,Sienna,32699.59,3.81,Completed
475439,3,2020-03-14,Sienna,53570.03,5.69,Completed
475440,11,2020-03-21,Sienna,38248.13,4.16,Completed
475441,13,2020-03-31,Camry,38010.17,5.61,Completed
475442,15,2020-03-04,Tacoma,39722.57,4.86,Completed
475443,3,2020-03-25,Prius,35828.27,5.69,Completed
475444,4,2020-03-30,Prius,21549.81,3.81,Completed
475445,11,2020-03-07,Camry,29217.32,4.16,Completed
475446,10,2020-03-24,Tundra,33651.88,4.88,Completed
475447,2,2020-03-02,Prius,25682.08,4.0,Completed
475448,3,2020-03-31,Tundra,51348.89,5.69,Completed
475449,10,2020-03-16,Prius,23983.27,4.88,Cancelled
475450,5,2020-03-12,Corolla,22858.72,5.34,Completed
475451,13,2020-03-05,Camry,41973.82,5.61,Completed
475452,5,2020-03-12,Prius,25166.42,5.34,Completed
475453,19,2020-03-29,Prius,25857.16,5.48,Completed
475454,15,2020-03-09,Prius,34110.67,4.86,Completed
475455,13,2020-03-30,Highlander,70797.67,5.61,Completed
475456,15,2020-03-21,Prius,33279.77,4.86,Completed
475457,12,2020-03-25,RAV4,46935.01,5.65,Pending
475458,20,2020-03-28,Sienna,45953.52,5.77,Completed
475459,11,2020-03-15,Prius,21297.37,4.16,Completed
475460,10,2020-03-04,Highlander,46899.08,4.88,Completed
475461,12,2020-03-25,RAV4,44637.67,5.65,Completed
475462,12,2020-03-08,Sienna,51109.01,5.65,Completed
475463,9,2020-03-21,RAV4,29308.49,4.4,Completed
475464,4,2020-03-01,Corolla,17885.38,3.81,Completed
475465,6,2020-03-12,Corolla,20272.24,3.86,Completed
475466,10,2020-03-31,Corolla,20169.96,4.88,Completed
475467,19,2020-03-04,Tundra,44285.71,5.48,Completed
475468,12,2020-03-18,Tundra,46580.58,5.65,Completed
475469,18,2020-03-19,Prius,30749.35,5.68,Completed
475470,3,2020-03-03,Sienna,49543.24,5.69,Completed
475471,20,2020-03-24,Highlander,56853.27,5.77,Completed
475472,7,2020-03-20,RAV4,48290.11,5.39,Completed
475473,15,2020-03-09,Sienna,43431.7,4.86,Completed
475474,5,2020-03-09,Prius,26369.54,5.34,Completed
475475,1,2020-03-17,RAV4,33878.61,5.24,Completed
475476,20,2020-03-09,Camry,41890.29,5.77,Completed
475477,3,2020-03-06,Highlander,64347.38,5.69,Completed
475478,10,2020-03-15,Highlander,46988.85,4.88,Completed
475479,7,2020-03-30,RAV4,44048.1,5.39,Completed
475480,2,2020-03-02,RAV4,35724.04,4.0,Completed
475481,17,2020-03-29,Prius,22707.93,4.51,Completed
475482,20,2020-03-16,RAV4,45297.65,5.77,Completed
475483,7,2020-03-03,Camry,38670.81,5.39,Completed
475484,10,2020-03-30,Highlander,49728.09,4.88,Completed
475485,8,2020-03-07,Prius,31253.32,5.84,Completed
475486,6,2020-03-27,Highlander,46725.87,3.86,Cancelled
475487,11,2020-03-10,Prius,22479.5,4.16,Completed
475488,10,2020-03-06,Tacoma,32526.52,4.88,Completed
475489,9,2020-03-06,Camry,28627.99,4.4,Pending
475490,14,2020-03-24,Tundra,50522.13,5.1,Completed
475491,9,2020-03-04,Highlander,45701.85,4.4,Completed
475492,1,2020-03-19,Prius,29109.82,5.24,Completed
475493,10,2020-03-16,Tacoma,31933.18,4.88,Completed
475494,7,2020-03-11,Tacoma,42007.13,5.39,Completed
475495,20,2020-03-30,Prius,31129.04,5.77,Completed
475496,16,2020-03-28,Camry,42191.23,6.06,Completed
475497,4,2020-03-16,Corolla,20547.14,3.81,Completed
475498,19,2020-03-15,Sienna,44977.88,5.48,Completed
475499,2,2020-03-04,Prius,25681.76,4.0,Completed
475500,18,2020-03-11,Corolla,28282.56,5.68,Completed
475501,1,2020-03-31,Tundra,44939.14,5.24,Completed
475502,14,2020-03-09,Prius,29714.65,5.1,Pending
475503,6,2020-03-30,Tacoma,28387.97,3.86,Completed
475504,6,2020-03-13,Camry,27736.61,3.86,Completed
475505,9,2020-03-25,Prius,25152.77,4.4,Completed
475506,3,2020-03-20,Corolla,30417.18,5.69,Completed
475507,15,2020-03-17,Corolla,27171.88,4.86,Completed
475508,2,2020-03-25,Highlander,48653.01,4.0,Completed
475509,5,2020-03-02,Tundra,42376.71,5.34,Completed
475510,9,2020-03-13,Tacoma,31544.06,4.4,Completed
475511,13,2020-03-24,Tacoma,44393.13,5.61,Completed
475512,5,2020-03-22,Prius,27252.12,5.34,Completed
475513,18,2020-03-12,Tacoma,40348.94,5.68,Completed
475514,8,2020-03-13,Highlander,57213.35,5.84,Completed
475515,4,2020-03-25,Camry,27297.99,3.81,Completed
475516,12,2020-03-08,Highlander,67291.26,5.65,Completed
475517,8,2020-03-28,RAV4,40956.15,5.84,Completed
475518,2,2020-03-27,Highlander,47057.17,4.0,Cancelled
475519,15,2020-03-24,Camry,40468.63,4.86,Pending
475520,18,2020-03-12,Highlander,70446.09,5.68,Completed
475521,16,2020-03-30,Tacoma,40166.02,6.06,Completed
475522,16,2020-03-23,Sienna,50929.94,6.06,Completed
475523,19,2020-03-08,Camry,35921.66,5.48,Completed
475524,6,2020-03-04,Tundra,34189.38,3.86,Completed
475525,14,2020-03-14,Prius,31665.08,5.1,Completed
475526,15,2020-03-29,Corolla,26776.04,4.86,Completed
475527,8,2020-03-30,Prius,30043.72,5.84,Completed
475528,14,2020-03-28,Highlander,59029.13,5.1,Completed
475529,16,2020-03-21,Corolla,27169.52,6.06,Completed
475530,13,2020-03-01,Tacoma,44793.38,5.61,Completed
475531,10,2020-03-06,Tundra,38856.15,4.88,Completed
475532,7,2020-03-02,Highlander,66120.32,5.39,Completed
475533,20,2020-03-05,Tundra,49012.62,5.77,Completed
475534,5,2020-03-26,RAV4,40719.74,5.34,Completed
475535,8,2020-03-14,Prius,30762.26,5.84,Completed
475536,2,2020-03-09,Highlander,52243.58,4.0,Completed
475537,13,2020-03-12,Tacoma,41591.82,5.61,Completed
475538,14,2020-03-13,Corolla,27590.63,5.1,Completed
475539,2,2020-03-06,Camry,31206.51,4.0,Completed
475540,7,2020-03-30,Highlander,69098.37,5.39,Completed
475541,8,2020-03-04,Corolla,25593.82,5.84,Completed
475542,10,2020-03-25,Tundra,35421.52,4.88,Cancelled
475543,9,2020-03-22,Prius,24977.4,4.4,Completed
475544,4,2020-03-26,Tacoma,26915.61,3.81,Cancelled
475545,8,2020-03-07,Sienna,46796.57,5.84,Completed
475546,10,2020-03-16,Prius,25622.46,4.88,Completed
475547,6,2020-03-24,Highlander,40103.97,3.86,Completed
475548,8,2020-03-15,RAV4,42667.98,5.84,Completed
475549,6,2020-03-04,Camry,29652.66,3.86,Completed
475550,11,2020-03-30,Prius,22681.53,4.16,Completed
475551,19,2020-03-27,Prius,30211.97,5.48,Cancelled
475552,9,2020-03-21,Prius,22219.07,4.4,Completed
475553,20,2020-03-27,Prius,30477.68,5.77,Completed
475554,10,2020-03-15,Prius,22007.51,4.88,Completed
475555,6,2020-03-05,Sienna,32172.02,3.86,Completed
475556,7,2020-03-07,Tacoma,43857.23,5.39,Completed
475557,1,2020-03-05,RAV4,39691.85,5.24,Completed
475558,10,2020-03-19,Tacoma,28131.39,4.88,Completed
475559,18,2020-03-12,Sienna,47449.13,5.68,Completed
475560,12,2020-03-22,Tacoma,38757.93,5.65,Completed
475561,8,2020-03-25,Highlander,66284.29,5.84,Completed
475562,15,2020-03-20,Tacoma,43401.34,4.86,Completed
475563,18,2020-03-17,Prius,32308.41,5.68,Completed
475564,7,2020-03-02,RAV4,48155.15,5.39,Completed
475565,20,2020-03-25,Tacoma,45185.77,5.77,Completed
475566,6,2020-03-22,Prius,23970.83,3.86,Completed
475567,6,2020-03-02,Tacoma,27835.52,3.86,Completed
475568,7,2020-03-18,Camry,36971.24,5.39,Completed
475569,11,2020-03-26,Sienna,35072.56,4.16,Completed
475570,8,2020-03-27,Tundra,48588.7,5.84,Completed
475571,19,2020-03-23,RAV4,40658.64,5.48,Completed
475572,2,2020-03-21,Tacoma,30647.37,4.0,Completed
475573,6,2020-03-18,Prius,20830.86,3.86,Completed
475574,6,2020-03-28,Camry,28723.55,3.86,Pending
475575,3,2020-03-15,Camry,38338.17,5.69,Completed
475576,19,2020-03-02,Sienna,45981.15,5.48,Completed
475577,18,2020-03-27,RAV4,48388.36,5.68,Completed
475578,16,2020-03-14,Tundra,45547.07,6.06,Completed
475579,2,2020-03-02,Sienna,36207.03,4.0,Completed
475580,20,2020-03-02,Prius,33227.31,5.77,Completed
475581,17,2020-03-14,Prius,23490.52,4.51,Completed
475582,13,2020-03-20,Camry,38962.79,5.61,Completed
475583,17,2020-03-14,Tacoma,30489.35,4.51,Completed
475584,12,2020-03-03,Prius,30785.45,5.65,Completed
475585,1,2020-03-29,Corolla,22774.12,5.24,Completed
475586,13,2020-03-13,Tundra,47667.07,5.61,Completed
475587,10,2020-03-11,Tacoma,31190.67,4.88,Completed
475588,2,2020-03-25,Camry,30623.47,4.0,Completed
475589,20,2020-03-27,Tacoma,40406.35,5.77,Completed
475590,5,2020-03-16,Corolla,23098.57,5.34,Completed
475591,11,2020-03-10,Corolla,20373.18,4.16,Completed
475592,9,2020-03-30,Sienna,37253.21,4.4,Completed
475593,2,2020-03-18,Sienna,38851.33,4.0,Completed
475594,15,2020-03-06,Sienna,45107.19,4.86,Pending
475595,17,2020-03-23,Tundra,36775.98,4.51,Completed
475596,15,2020-03-19,Corolla,27341.39,4.86,Completed
475597,10,2020-03-27,Prius,24985.48,4.88,Completed
475598,16,2020-03-02,Tundra,51591.45,6.06,Completed
475599,3,2020-03-23,Corolla,28456.79,5.69,Completed
475600,15,2020-03-26,Sienna,50931.57,4.86,Completed
475601,19,2020-03-02,Sienna,46150.22,5.48,Completed
475602,1,2020-03-06,RAV4,37690.57,5.24,Completed
475603,15,2020-03-22,Corolla,27910.43,4.86,Completed
475604,14,2020-03-21,Camry,35934.13,5.1,Completed
475605,20,2020-03-02,Sienna,51494.53,5.77,Completed
475606,6,2020-03-14,Corolla,19615.7,3.86,Completed
475607,13,2020-03-26,Sienna,48124.45,5.61,Completed
475608,12,2020-03-31,Tacoma,38977.5,5.65,Completed
475609,2,2020-03-19,Prius,22886.13,4.0,Completed
475610,13,2020-03-11,Tacoma,40478.03,5.61,Completed
475611,6,2020-03-16,Camry,24461.11,3.86,Completed
475612,8,2020-03-05,RAV4,45189.9,5.84,Completed
475613,12,2020-03-26,Corolla,25221.43,5.65,Completed
475614,9,2020-03-31,Sienna,34661.17,4.4,Completed
475615,11,2020-03-02,Highlander,47331.05,4.16,Completed
475616,10,2020-03-09,Highlander,47347.24,4.88,Completed
475617,7,2020-03-31,Sienna,51472.87,5.39,Completed
475618,12,2020-03-02,Highlander,59602.23,5.65,Completed
475619,16,2020-03-08,Tundra,45597.09,6.06,Completed
475620,18,2020-03-04,Tacoma,40776.62,5.68,Completed
475621,7,2020-03-17,Prius,30113.91,5.39,Completed
475622,8,2020-03-30,Camry,38139.43,5.84,Completed
475623,11,2020-03-25,Tundra,36717.84,4.16,Completed
475624,12,2020-03-01,Tacoma,37245.86,5.65,Completed
475625,15,2020-03-28,Tundra,52068.19,4.86,Completed
475626,1,2020-03-11,Sienna,42004.73,5.24,Completed
475627,10,2020-03-22,Tacoma,32904.85,4.88,Completed
475628,14,2020-03-26,RAV4,46514.93,5.1,Completed
475629,11,2020-03-29,Sienna,34154.59,4.16,Completed
475630,8,2020-03-01,Tacoma,37501.55,5.84,Completed
475631,6,2020-03-08,Highlander,43818.91,3.86,Cancelled
475632,14,2020-03-21,Sienna,49870.62,5.1,Completed
475633,19,2020-03-12,Highlander,51514.44,5.48,Completed
475634,16,2020-03-09,RAV4,43276.88,6.06,Pending
475635,19,2020-03-14,Camry,36531.74,5.48,Completed
475636,10,2020-03-27,Sienna,36934.68,4.88,Completed
475637,6,2020-03-15,RAV4,33179.34,3.86,Completed
475638,13,2020-03-24,Camry,42828.9,5.61,Completed
475639,19,2020-03-11,RAV4,41978.92,5.48,Completed
475640,8,2020-03-17,Camry,39968.32,5.84,Completed
475641,8,2020-03-16,Highlander,59526.6,5.84,Completed
475642,20,2020-03-03,Camry,39189.22,5.77,Completed
475643,7,2020-03-30,Prius,30319.15,5.39,Completed
475644,13,2020-03-22,Tacoma,42005.97,5.61,Completed
475645,8,2020-03-30,Tundra,48361.88,5.84,Completed
475646,15,2020-03-20,Camry,39649.75,4.86,Completed
475647,15,2020-03-30,Prius,30835.63,4.86,Completed
475648,4,2020-03-13,Tacoma,25899.01,3.81,Completed
475649,4,2020-03-26,Sienna,30516.23,3.81,Completed
475650,18,2020-03-16,Prius,33523.29,5.68,Cancelled
475651,17,2020-03-03,Camry,26216.39,4.51,Completed
475652,16,2020-03-20,RAV4,44835.39,6.06,Completed
475653,20,2020-03-02,Corolla,26572.28,5.77,Completed
475654,20,2020-03-20,Camry,40359.3,5.77,Completed
475655,9,2020-03-28,Corolla,21508.46,4.4,Completed
475656,13,2020-03-23,Camry,41629.35,5.61,Completed
475657,6,2020-03-10,Corolla,18671.51,3.86,Completed
475658,4,2020-03-29,RAV4,29138.57,3.81,Completed
475659,16,2020-03-01,Corolla,27575.52,6.06,Completed
475660,3,2020-03-11,Tacoma,39843.08,5.69,Completed
475661,16,2020-03-27,Tacoma,44367.59,6.06,Completed
475662,15,2020-03-21,RAV4,45005.69,4.86,Completed
475663,9,2020-03-19,Tacoma,26889.92,4.4,Completed
475664,5,2020-03-22,Prius,26423.17,5.34,Completed
475665,2,2020-03-11,Prius,25704.09,4.0,Completed
475666,5,2020-03-23,Tacoma,32550.81,5.34,Completed
475667,5,2020-03-15,RAV4,40376.56,5.34,Completed
475668,7,2020-03-15,Tundra,52684.17,5.39,Completed
475669,9,2020-03-19,Highlander,46381.11,4.4,Completed
475670,14,2020-03-26,Corolla,26693.6,5.1,Completed
475671,13,2020-03-09,Corolla,27977.0,5.61,Completed
475672,11,2020-03-29,RAV4,33405.02,4.16,Completed
475673,20,2020-03-08,Corolla,28330.21,5.77,Completed
475674,9,2020-03-08,Camry,27117.2,4.4,Completed
475675,12,2020-03-02,Camry,39165.43,5.65,Completed
475676,1,2020-03-05,Sienna,37385.63,5.24,Completed
475677,10,2020-03-27,Prius,24260.0,4.88,Completed
475678,2,2020-03-16,Highlander,51655.45,4.0,Completed
475679,20,2020-03-14,Tacoma,42626.13,5.77,Pending
475680,13,2020-03-22,RAV4,42187.69,5.61,Completed
475681,17,2020-03-04,Corolla,20795.02,4.51,Completed
475682,17,2020-03-22,Tacoma,28643.27,4.51,Completed
475683,7,2020-03-07,Corolla,26213.68,5.39,Completed
475684,6,2020-03-03,Tundra,36917.01,3.86,Completed
475685,4,2020-03-17,Tundra,34051.9,3.81,Completed
475686,5,2020-03-24,Prius,25539.79,5.34,Completed
475687,8,2020-03-26,Tacoma,43969.3,5.84,Completed
475688,6,2020-03-14,Sienna,36792.86,3.86,Completed
475689,8,2020-03-04,Tacoma,41949.51,5.84,Completed
475690,4,2020-03-04,Camry,24733.05,3.81,Completed
475691,10,2020-03-24,Camry,25872.75,4.88,Completed
475692,19,2020-03-06,Corolla,24478.51,5.48,Completed
475693,16,2020-03-14,Tacoma,45928.44,6.06,Completed
475694,14,2020-03-17,Sienna,42815.5,5.1,Completed
475695,9,2020-03-23,Highlander,43555.47,4.4,Completed
475696,4,2020-03-08,RAV4,31037.83,3.81,Completed
475697,10,2020-03-17,Camry,26031.79,4.88,Completed
475698,3,2020-03-12,Tacoma,44217.75,5.69,Completed
475699,10,2020-03-23,Prius,26074.1,4.88,Completed
475700,8,2020-03-03,Prius,32366.16,5.84,Completed
475701,15,2020-03-15,Prius,28646.51,4.86,Completed
475702,2,2020-03-01,Tundra,35349.55,4.0,Completed
475703,20,2020-03-30,Camry,37880.2,5.77,Completed
475704,9,2020-03-30,Highlander,47548.87,4.4,Completed
475705,15,2020-03-27,RAV4,47680.28,4.86,Completed
475706,19,2020-03-09,Camry,32061.06,5.48,Completed
475707,8,2020-03-20,Corolla,26560.61,5.84,Completed
475708,7,2020-03-22,Corolla,29550.43,5.39,Completed
475709,13,2020-03-14,Highlander,65498.01,5.61,Completed
475710,5,2020-03-27,Tundra,43241.9,5.34,Completed
475711,18,2020-03-13,RAV4,47397.74,5.68,Completed
475712,11,2020-03-13,RAV4,30682.75,4.16,Completed
475713,14,2020-03-13,Camry,34932.68,5.1,Completed
475714,18,2020-03-01,Camry,40931.68,5.68,Completed
475715,20,2020-03-21,Camry,36335.7,5.77,Completed
475716,10,2020-03-22,Tacoma,29359.53,4.88,Completed
475717,17,2020-03-01,Prius,20941.93,4.51,Completed
475718,11,2020-03-30,Tacoma,31994.97,4.16,Completed
475719,8,2020-03-15,Highlander,60721.3,5.84,Completed
475720,18,2020-03-30,Sienna,49296.32,5.68,Completed
475721,2,2020-03-27,Prius,25928.16,4.0,Completed
475722,9,2020-03-21,Prius,21530.36,4.4,Completed
475723,16,2020-03-24,Corolla,30597.54,6.06,Completed
475724,3,2020-03-18,RAV4,50010.65,5.69,Completed
475725,16,2020-03-14,Tacoma,42289.63,6.06,Completed
475726,9,2020-03-17,Tacoma,26871.05,4.4,Completed
475727,12,2020-03-23,RAV4,45300.56,5.65,Completed
475728,17,2020-03-05,Sienna,32715.2,4.51,Completed
475729,13,2020-03-02,Sienna,48897.99,5.61,Completed
475730,6,2020-03-06,RAV4,30292.41,3.86,Completed
475731,2,2020-03-30,Prius,26493.72,4.0,Completed
475732,16,2020-03-17,Corolla,29688.52,6.06,Completed
475733,15,2020-03-21,Highlander,58139.1,4.86,Completed
475734,4,2020-03-18,Prius,22908.33,3.81,Completed
475735,20,2020-03-22,Prius,34373.25,5.77,Completed
475736,9,2020-03-04,Tundra,34284.51,4.4,Completed
475737,8,2020-03-29,Highlander,60777.36,5.84,Completed
475738,11,2020-03-23,Corolla,19707.54,4.16,Completed
475739,6,2020-03-04,Prius,24419.42,3.86,Completed
475740,17,2020-03-03,Corolla,19830.0,4.51,Completed
475741,6,2020-03-06,Corolla,21231.94,3.86,Completed
475742,15,2020-03-13,Sienna,46922.1,4.86,Completed
475743,16,2020-03-03,Camry,35293.82,6.06,Completed
475744,18,2020-03-17,Corolla,29023.14,5.68,Completed
475745,11,2020-03-16,Sienna,36902.49,4.16,Completed
475746,20,2020-03-11,Sienna,53416.21,5.77,Completed
475747,18,2020-03-25,Highlander,62031.46,5.68,Completed
475748,17,2020-03-13,RAV4,32369.58,4.51,Completed
475749,18,2020-03-05,Highlander,70925.47,5.68,Completed
475750,18,2020-03-15,RAV4,45828.58,5.68,Completed
475751,6,2020-03-19,Tacoma,27302.66,3.86,Completed
475752,7,2020-03-18,Camry,37047.2,5.39,Completed
475753,12,2020-03-14,RAV4,41474.52,5.65,Completed
475754,3,2020-03-04,Prius,32655.36,5.69,Completed
475755,3,2020-03-14,RAV4,49529.13,5.69,Completed
475756,1,2020-03-15,Sienna,41969.62,5.24,Completed
475757,14,2020-03-19,Tacoma,43017.07,5.1,Completed
475758,20,2020-03-12,Tundra,46725.62,5.77,Completed
475759,13,2020-03-20,Corolla,28013.5,5.61,Completed
475760,3,2020-03-04,Prius,32720.12,5.69,Completed
475761,7,2020-03-27,Tacoma,38081.52,5.39,Completed
475762,12,2020-03-20,RAV4,47332.75,5.65,Completed
475763,13,2020-03-08,Sienna,46030.11,5.61,Completed
475764,4,2020-03-08,Sienna,35118.59,3.81,Completed
475765,15,2020-03-04,Prius,28865.37,4.86,Completed
475766,20,2020-03-18,Corolla,28668.83,5.77,Completed
475767,2,2020-03-30,Prius,24755.55,4.0,Completed
475768,11,2020-03-24,Prius,23052.13,4.16,Completed
475769,17,2020-03-07,Corolla,17724.43,4.51,Completed
475770,8,2020-03-08,Highlander,61073.27,5.84,Completed
475771,15,2020-03-31,Sienna,51056.04,4.86,Completed
475772,18,2020-03-29,Prius,34904.83,5.68,Completed
475773,6,2020-03-04,Tacoma,28453.79,3.86,Completed
475774,15,2020-03-11,Tundra,43538.76,4.86,Completed
475775,7,2020-03-23,RAV4,44281.32,5.39,Completed
475776,4,2020-03-04,Corolla,17387.4,3.81,Completed
475777,19,2020-03-18,Tundra,45327.05,5.48,Completed
475778,10,2020-03-24,Highlander,49157.52,4.88,Completed
475779,2,2020-03-17,Corolla,21368.78,4.0,Completed
475780,19,2020-03-23,Sienna,43261.86,5.48,Completed
475781,15,2020-03-22,RAV4,47289.02,4.86,Completed
475782,8,2020-03-06,Tacoma,38784.49,5.84,Completed
475783,8,2020-03-10,Tundra,46566.35,5.84,Completed
475784,11,2020-03-05,RAV4,31894.06,4.16,Completed
475785,16,2020-03-22,Sienna,50961.41,6.06,Completed
475786,6,2020-03-03,Tundra,34805.23,3.86,Completed
475787,5,2020-03-13,RAV4,35019.6,5.34,Completed
475788,6,2020-03-26,RAV4,33465.23,3.86,Completed
475789,8,2020-03-26,Tacoma,42360.73,5.84,Completed
475790,10,2020-03-09,Sienna,33371.3,4.88,Completed
475791,12,2020-03-10,Corolla,26599.51,5.65,Completed
475792,17,2020-03-18,Tacoma,26867.91,4.51,Completed
475793,19,2020-03-11,Prius,28097.14,5.48,Completed
475794,4,2020-03-28,Camry,24721.3,3.81,Completed
475795,6,2020-03-14,Corolla,21585.77,3.86,Completed
475796,8,2020-03-29,Tacoma,42735.11,5.84,Completed
475797,6,2020-03-02,RAV4,30926.4,3.86,Completed
475798,9,2020-03-01,Sienna,36953.6,4.4,Completed
475799,13,2020-03-12,Highlander,61579.58,5.61,Completed
475800,19,2020-03-20,Tacoma,33879.91,5.48,Completed
475801,8,2020-03-11,Tundra,49173.48,5.84,Completed
475802,5,2020-03-10,Camry,31762.7,5.34,Pending
475803,10,2020-03-08,Prius,21998.13,4.88,Completed
475804,9,2020-03-01,Highlander,47478.14,4.4,Completed
475805,13,2020-03-30,Tacoma,42186.85,5.61,Completed
475806,6,2020-03-11,Highlander,45872.1,3.86,Pending
475807,4,2020-03-15,Prius,22572.97,3.81,Completed
475808,14,2020-03-28,Tacoma,37640.37,5.1,Completed
475809,20,2020-03-11,Prius,32002.9,5.77,Completed
475810,11,2020-03-11,Highlander,43684.89,4.16,Completed
475811,18,2020-03-05,Sienna,48027.85,5.68,Cancelled
475812,1,2020-03-12,RAV4,37021.32,5.24,Completed
475813,10,2020-03-20,Tacoma,33127.08,4.88,Completed
475814,12,2020-03-16,RAV4,39795.12,5.65,Completed
475815,13,2020-03-14,Camry,39274.48,5.61,Pending
475816,3,2020-03-10,Tacoma,45044.37,5.69,Completed
475817,19,2020-03-30,Corolla,25998.78,5.48,Completed
475818,1,2020-03-06,Highlander,53155.49,5.24,Completed
475819,7,2020-03-14,Camry,40996.39,5.39,Completed
475820,11,2020-03-27,Sienna,36639.0,4.16,Completed
475821,16,2020-03-21,Camry,41559.95,6.06,Completed
475822,19,2020-03-25,Sienna,38520.36,5.48,Completed
475823,5,2020-03-07,Prius,25684.83,5.34,Completed
475824,16,2020-03-10,Sienna,51639.72,6.06,Completed
475825,12,2020-03-07,Tundra,47517.65,5.65,Completed
475826,11,2020-03-30,Sienna,33186.6,4.16,Completed
475827,3,2020-03-22,Corolla,27586.49,5.69,Cancelled
475828,17,2020-03-17,Corolla,19397.28,4.51,Completed
475829,13,2020-03-28,RAV4,47996.44,5.61,Completed
475830,9,2020-03-16,Tacoma,28768.83,4.4,Completed
475831,9,2020-03-03,Tacoma,32428.14,4.4,Completed
475832,17,2020-03-02,Corolla,20003.95,4.51,Completed
475833,6,2020-03-10,Corolla,20471.66,3.86,Completed
475834,1,2020-03-16,Camry,31517.78,5.24,Completed
475835,18,2020-03-24,Corolla,28856.44,5.68,Completed
475836,4,2020-03-24,RAV4,29014.86,3.81,Completed
475837,1,2020-03-17,RAV4,37859.89,5.24,Completed
475838,16,2020-03-28,Sienna,47559.96,6.06,Pending
475839,11,2020-03-13,Sienna,35229.63,4.16,Completed
475840,4,2020-03-02,Tundra,34343.73,3.81,Completed
475841,9,2020-03-09,Tacoma,27311.46,4.4,Completed
475842,19,2020-03-17,Camry,36200.95,5.48,Pending
475843,11,2020-03-29,Camry,28323.74,4.16,Completed
475844,12,2020-03-26,Corolla,28674.14,5.65,Completed
475845,16,2020-03-28,Corolla,28394.33,6.06,Completed
475846,15,2020-03-20,RAV4,46609.27,4.86,Completed
475847,19,2020-03-14,Corolla,24547.21,5.48,Completed
475848,18,2020-03-26,RAV4,45167.26,5.68,Completed
475849,18,2020-03-25,Tacoma,45399.65,5.68,Completed
475850,3,2020-03-11,Tundra,51552.6,5.69,Completed
475851,17,2020-03-31,Sienna,36751.1,4.51,Completed
475852,11,2020-03-14,Highlander,43784.9,4.16,Completed
475853,2,2020-03-12,Corolla,23192.92,4.0,Completed
475854,7,2020-03-10,Sienna,45089.55,5.39,Completed
475855,3,2020-03-08,Sienna,55546.17,5.69,Completed
475856,3,2020-03-10,Tundra,45825.08,5.69,Completed
475857,10,2020-03-25,Camry,29750.15,4.88,Completed
475858,12,2020-03-04,Tundra,47099.47,5.65,Cancelled
475859,11,2020-03-04,Tacoma,29864.48,4.16,Completed
475860,8,2020-03-14,RAV4,46546.65,5.84,Completed
475861,18,2020-03-31,Sienna,48531.82,5.68,Completed
475862,5,2020-03-12,Prius,28876.98,5.34,Completed
475863,18,2020-03-09,Tacoma,43001.27,5.68,Completed
475864,6,2020-03-23,Tacoma,28275.24,3.86,Completed
475865,6,2020-03-02,Tundra,34302.6,3.86,Completed
475866,15,2020-03-31,Tacoma,42443.62,4.86,Completed
475867,15,2020-03-22,Highlander,65692.92,4.86,Completed
475868,20,2020-03-26,RAV4,42003.4,5.77,Completed
475869,9,2020-03-06,Camry,27609.68,4.4,Completed
475870,11,2020-03-11,RAV4,33030.73,4.16,Completed
475871,19,2020-03-01,Camry,30109.3,5.48,Completed
475872,9,2020-03-25,Tundra,34240.48,4.4,Completed
475873,17,2020-03-13,Sienna,34181.97,4.51,Completed
475874,11,2020-03-13,Tundra,32830.59,4.16,Completed
475875,6,2020-03-15,Tundra,34218.82,3.86,Completed
475876,2,2020-03-11,Camry,29520.87,4.0,Completed
475877,20,2020-03-07,Tundra,48740.86,5.77,Completed
475878,7,2020-03-11,Prius,34538.11,5.39,Completed
475879,11,2020-03-21,Prius,24175.71,4.16,Completed
475880,12,2020-03-04,Tundra,50580.49,5.65,Completed
475881,12,2020-03-17,RAV4,47557.6,5.65,Completed
475882,6,2020-03-14,Highlander,43291.1,3.86,Cancelled
475883,11,2020-03-12,Highlander,44675.14,4.16,Completed
475884,15,2020-03-16,RAV4,42988.08,4.86,Pending
475885,14,2020-03-24,Prius,31133.23,5.1,Completed
475886,9,2020-03-29,Camry,25045.44,4.4,Completed
475887,8,2020-03-13,Highlander,67313.21,5.84,Completed
475888,16,2020-03-09,Tacoma,39549.3,6.06,Completed
475889,4,2020-03-05,Highlander,42956.22,3.81,Completed
475890,1,2020-03-09,Camry,30581.95,5.24,Completed
475891,5,2020-03-18,Corolla,21917.92,5.34,Completed
475892,7,2020-03-10,Camry,42162.29,5.39,Completed
475893,6,2020-03-13,Camry,28571.47,3.86,Completed
475894,4,2020-03-17,RAV4,33416.04,3.81,Completed
475895,18,2020-03-11,Prius,30794.48,5.68,Completed
475896,16,2020-03-21,Tacoma,42993.11,6.06,Completed
475897,6,2020-03-14,Highlander,48348.04,3.86,Completed
475898,19,2020-03-01,Corolla,26049.92,5.48,Completed
475899,10,2020-03-02,Prius,23903.0,4.88,Completed
475900,9,2020-03-16,Tacoma,31502.17,4.4,Completed
475901,6,2020-03-12,Prius,21422.1,3.86,Completed
475902,6,2020-03-07,Tundra,33886.45,3.86,Completed
475903,1,2020-03-03,Sienna,39181.17,5.24,Completed
475904,15,2020-03-10,Camry,36197.63,4.86,Completed
475905,11,2020-03-10,Tacoma,28566.06,4.16,Completed
475906,13,2020-03-07,Sienna,54424.43,5.61,Completed
475907,14,2020-03-21,RAV4,45023.17,5.1,Completed
475908,20,2020-03-07,Corolla,28073.65,5.77,Completed
475909,9,2020-03-01,Corolla,21480.51,4.4,Completed
475910,17,2020-03-14,Tundra,31635.1,4.51,Completed
475911,12,2020-03-03,Corolla,28949.48,5.65,Completed
475912,17,2020-03-05,Prius,22989.8,4.51,Completed
475913,11,2020-03-06,Sienna,36857.15,4.16,Completed
475914,2,2020-03-25,RAV4,35851.68,4.0,Completed
475915,3,2020-03-25,Corolla,26921.08,5.69,Completed
475916,14,2020-03-06,Corolla,28732.02,5.1,Completed
475917,14,2020-03-07,Tundra,42271.81,5.1,Completed
475918,1,2020-03-22,Tundra,41564.21,5.24,Completed
475919,13,2020-03-30,Highlander,66261.32,5.61,Completed
475920,13,2020-03-17,Sienna,48534.31,5.61,Completed
475921,20,2020-03-19,Sienna,45507.76,5.77,Completed
475922,3,2020-03-21,Prius,30380.89,5.69,Completed
475923,13,2020-03-12,Sienna,48322.4,5.61,Completed
475924,4,2020-03-15,Highlander,46648.26,3.81,Completed
475925,17,2020-03-19,Prius,24432.22,4.51,Completed
475926,3,2020-03-30,RAV4,44731.28,5.69,Completed
475927,8,2020-03-14,Camry,39827.11,5.84,Completed
475928,8,2020-03-05,Corolla,26774.17,5.84,Completed
475929,9,2020-03-01,Corolla,22076.31,4.4,Completed
475930,19,2020-03-09,Prius,25689.04,5.48,Pending
475931,15,2020-03-10,RAV4,45770.8,4.86,Completed
475932,17,2020-03-14,Prius,23239.17,4.51,Completed
475933,1,2020-03-26,Corolla,21253.66,5.24,Completed
475934,14,2020-03-07,Highlander,55353.94,5.1,Completed
475935,15,2020-03-25,Prius,33923.71,4.86,Completed
475936,9,2020-03-14,Prius,21590.05,4.4,Pending
475937,12,2020-03-07,Camry,34499.36,5.65,Completed
475938,17,2020-03-31,Corolla,17859.67,4.51,Completed
475939,1,2020-03-31,Corolla,24218.23,5.24,Completed
475940,6,2020-03-27,Camry,27685.74,3.86,Completed
475941,10,2020-03-24,Prius,23671.85,4.88,Completed
475942,9,2020-03-19,Sienna,33077.38,4.4,Completed
475943,9,2020-03-04,Corolla,20995.08,4.4,Completed
475944,3,2020-03-04,Tacoma,42052.27,5.69,Completed
475945,11,2020-03-10,Highlander,48322.12,4.16,Completed
475946,1,2020-03-11,Sienna,43715.1,5.24,Completed
475947,19,2020-03-25,Highlander,51211.96,5.48,Cancelled
475948,17,2020-03-06,RAV4,32499.63,4.51,Pending
475949,14,2020-03-24,RAV4,40940.7,5.1,Completed
475950,5,2020-03-14,Camry,32051.6,5.34,Completed
475951,5,2020-03-22,Corolla,22211.75,5.34,Completed
475952,15,2020-03-10,Corolla,26711.22,4.86,Completed
475953,18,2020-03-17,Tundra,56418.92,5.68,Completed
475954,16,2020-03-08,Tundra,49642.69,6.06,Completed
475955,19,2020-03-19,Prius,29345.83,5.48,Completed
475956,16,2020-03-25,Sienna,53330.66,6.06,Completed
475957,15,2020-03-22,Tacoma,42603.38,4.86,Completed
475958,11,2020-03-01,Sienna,34301.43,4.16,Completed
475959,10,2020-03-29,Tacoma,29063.2,4.88,Completed
475960,17,2020-03-05,Sienna,32532.13,4.51,Completed
475961,6,2020-03-30,Tacoma,30750.28,3.86,Completed
475962,16,2020-03-18,Camry,36099.36,6.06,Completed
475963,13,2020-03-01,Sienna,55723.36,5.61,Completed
475964,12,2020-03-05,Highlander,59480.54,5.65,Pending
475965,4,2020-03-09,RAV4,28483.93,3.81,Completed
475966,7,2020-03-18,RAV4,43998.56,5.39,Completed
475967,20,2020-03-11,Highlander,60083.98,5.77,Completed
475968,3,2020-03-21,Sienna,48041.75,5.69,Completed
475969,14,2020-03-12,Corolla,27542.14,5.1,Completed
475970,16,2020-03-19,RAV4,41696.11,6.06,Completed
475971,14,2020-03-27,Sienna,46931.76,5.1,Completed
475972,1,2020-03-07,Sienna,42144.94,5.24,Completed
475973,3,2020-03-31,Highlander,63593.86,5.69,Completed
475974,2,2020-03-02,Tundra,35711.14,4.0,Completed
475975,16,2020-03-31,Corolla,30519.57,6.06,Completed
475976,2,2020-03-10,Prius,23202.57,4.0,Cancelled
475977,16,2020-03-05,Corolla,30308.53,6.06,Completed
475978,12,2020-03-22,Sienna,49814.27,5.65,Completed
475979,17,2020-03-26,RAV4,29408.56,4.51,Completed
475980,8,2020-03-07,Camry,39482.18,5.84,Completed
475981,10,2020-03-20,Tacoma,28831.38,4.88,Completed
475982,18,2020-03-31,Camry,40130.28,5.68,Completed
475983,8,2020-03-13,Prius,32214.12,5.84,Completed
475984,4,2020-03-01,Tacoma,27799.79,3.81,Completed
475985,13,2020-03-18,Sienna,53833.03,5.61,Completed
475986,15,2020-03-14,Sienna,51444.77,4.86,Completed
475987,2,2020-03-09,RAV4,34126.42,4.0,Completed
475988,17,2020-03-13,RAV4,30187.25,4.51,Completed
475989,20,2020-03-21,Sienna,51676.97,5.77,Completed
475990,5,2020-03-28,Tacoma,32551.52,5.34,Completed
475991,17,2020-03-17,Sienna,31645.41,4.51,Completed
475992,3,2020-03-24,Tacoma,45123.86,5.69,Completed
475993,17,2020-03-12,Tacoma,30452.05,4.51,Completed
475994,1,2020-03-17,Tundra,38082.36,5.24,Completed
475995,1,2020-03-14,Highlander,47811.57,5.24,Completed
475996,18,2020-03-14,Prius,36604.05,5.68,Completed
475997,20,2020-03-22,RAV4,47807.69,5.77,Completed
475998,6,2020-03-25,Highlander,41460.49,3.86,Completed
475999,19,2020-03-27,Prius,29872.45,5.48,Completed
476000,8,2020-03-11,Corolla,30422.79,5.84,Completed
476001,13,2020-03-12,Tundra,49835.52,5.61,Completed
476002,6,2020-03-28,Camry,27729.2,3.86,Completed
476003,4,2020-03-14,Camry,28926.84,3.81,Completed
476004,9,2020-03-24,Prius,21041.73,4.4,Completed
476005,12,2020-03-27,Sienna,45812.65,5.65,Completed
476006,17,2020-03-08,Camry,28841.5,4.51,Completed
476007,15,2020-03-13,Camry,40569.19,4.86,Completed
476008,4,2020-03-18,Tacoma,25839.47,3.81,Completed
476009,10,2020-03-16,Highlander,46690.61,4.88,Completed
476010,6,2020-03-18,Camry,25791.41,3.86,Completed
476011,20,2020-03-28,Highlander,60847.9,5.77,Completed
476012,4,2020-03-15,Camry,26560.94,3.81,Completed
476013,19,2020-03-29,Camry,32930.83,5.48,Completed
476014,18,2020-03-10,Prius,30851.88,5.68,Completed
476015,16,2020-03-21,Highlander,60814.0,6.06,Completed
476016,3,2020-03-27,Highlander,65468.87,5.69,Completed
476017,13,2020-03-09,Sienna,53886.57,5.61,Completed
476018,15,2020-03-06,Tacoma,43311.44,4.86,Completed
476019,16,2020-03-12,Corolla,28373.67,6.06,Completed
476020,3,2020-03-09,Sienna,49977.52,5.69,Completed
476021,12,2020-03-21,Sienna,49099.59,5.65,Pending
476022,19,2020-03-15,Tundra,39827.63,5.48,Completed
476023,4,2020-03-14,Highlander,44563.79,3.81,Completed
476024,7,2020-03-29,RAV4,40865.17,5.39,Completed
476025,3,2020-03-19,Tundra,50542.63,5.69,Completed
476026,2,2020-03-09,Highlander,46266.62,4.0,Completed
476027,2,2020-03-03,Camry,30125.59,4.0,Completed
476028,3,2020-03-27,Tacoma,43237.18,5.69,Completed
476029,8,2020-03-25,Highlander,63419.13,5.84,Completed
476030,10,2020-03-02,Sienna,34473.15,4.88,Completed
476031,5,2020-03-30,Sienna,44122.23,5.34,Completed
476032,4,2020-03-28,Prius,22821.59,3.81,Completed
476033,16,2020-03-30,Highlander,60364.15,6.06,Completed
476034,9,2020-03-14,Camry,29958.27,4.4,Completed
476035,1,2020-03-05,RAV4,40794.11,5.24,Completed
476036,10,2020-03-22,RAV4,30342.31,4.88,Completed
476037,17,2020-03-01,Tundra,35579.36,4.51,Completed
476038,18,2020-03-02,Prius,33575.23,5.68,Completed
476039,18,2020-03-21,Tundra,52161.53,5.68,Completed
476040,8,2020-03-05,Tacoma,44623.28,5.84,Completed
476041,19,2020-03-15,Camry,30361.4,5.48,Cancelled
476042,18,2020-03-12,Highlander,70779.97,5.68,Completed
476043,11,2020-03-28,RAV4,34096.29,4.16,Completed
476044,7,2020-03-08,RAV4,46471.61,5.39,Completed
476045,6,2020-03-13,Tacoma,30863.93,3.86,Completed
476046,9,2020-03-02,RAV4,33935.37,4.4,Completed
476047,7,2020-03-31,Corolla,26490.97,5.39,Completed
476048,5,2020-03-01,Camry,34635.94,5.34,Completed
476049,15,2020-03-09,Corolla,28746.44,4.86,Completed
476050,8,2020-03-11,Highlander,58231.34,5.84,Completed
476051,4,2020-03-18,RAV4,33271.33,3.81,Completed
476052,3,2020-03-25,Prius,31478.25,5.69,Completed
476053,4,2020-03-07,Prius,21656.32,3.81,Completed
476054,11,2020-03-20,Sienna,36129.41,4.16,Completed
476055,16,2020-03-20,Highlander,62755.07,6.06,Completed
476056,5,2020-03-10,RAV4,34015.05,5.34,Completed
476057,9,2020-03-09,Corolla,19591.2,4.4,Completed
476058,6,2020-03-18,Prius,22809.0,3.86,Completed
476059,13,2020-03-22,Prius,35078.58,5.61,Completed
476060,13,2020-03-09,Prius,31228.66,5.61,Completed
476061,9,2020-03-08,Highlander,46778.68,4.4,Completed
476062,17,2020-03-31,Sienna,35838.65,4.51,Completed
476063,2,2020-03-24,Prius,22461.1,4.0,Completed
476064,14,2020-03-28,Sienna,48218.8,5.1,Completed
476065,20,2020-03-24,Highlander,57159.13,5.77,Completed
476066,5,2020-03-23,RAV4,39066.16,5.34,Completed
476067,4,2020-03-11,Sienna,35505.56,3.81,Completed
476068,3,2020-03-03,Tacoma,38925.45,5.69,Completed
476069,15,2020-03-16,Tundra,52541.27,4.86,Completed
476070,9,2020-03-23,Sienna,38768.15,4.4,Completed
476071,9,2020-03-26,RAV4,34592.94,4.4,Completed
476072,9,2020-03-06,Tacoma,27557.33,4.4,Completed
476073,7,2020-03-19,RAV4,44001.16,5.39,Completed
476074,4,2020-03-25,Tundra,36509.44,3.81,Completed
476075,3,2020-03-14,Tacoma,40161.21,5.69,Completed
476076,2,2020-03-24,Camry,27972.17,4.0,Completed
476077,9,2020-03-19,Tacoma,31896.54,4.4,Completed
476078,11,2020-03-18,Corolla,21247.12,4.16,Completed
476079,1,2020-03-14,Camry,31395.18,5.24,Completed
476080,9,2020-03-21,Prius,25245.58,4.4,Completed
476081,11,2020-03-26,Corolla,19289.86,4.16,Completed
476082,2,2020-03-15,Corolla,22096.28,4.0,Completed
476083,8,2020-03-20,Tundra,45227.66,5.84,Completed
476084,18,2020-03-09,Sienna,54065.73,5.68,Completed
476085,6,2020-03-03,RAV4,29875.93,3.86,Completed
476086,1,2020-03-31,Tacoma,33972.58,5.24,Completed
476087,16,2020-03-04,Highlander,60983.97,6.06,Completed
476088,11,2020-03-21,Prius,22243.09,4.16,Completed
476089,12,2020-03-31,RAV4,47031.08,5.65,Completed
476090,16,2020-03-05,Prius,34018.58,6.06,Completed
476091,10,2020-03-07,Tundra,40263.29,4.88,Completed
476092,4,2020-03-12,Tacoma,30583.66,3.81,Completed
476093,9,2020-03-28,Sienna,36715.34,4.4,Completed
476094,2,2020-03-09,RAV4,30799.79,4.0,Completed
476095,2,2020-03-26,Sienna,35289.88,4.0,Pending
476096,15,2020-03-16,Tacoma,43403.27,4.86,Completed
476097,20,2020-03-07,Sienna,45847.97,5.77,Completed
476098,14,2020-03-16,Tacoma,41177.08,5.1,Completed
476099,7,2020-03-26,Tacoma,43819.91,5.39,Completed
476100,2,2020-03-31,Camry,29832.97,4.0,Completed
476101,7,2020-03-14,RAV4,45044.5,5.39,Completed
476102,9,2020-03-10,Camry,27817.33,4.4,Completed
476103,9,2020-03-07,Tacoma,28259.88,4.4,Completed
476104,9,2020-03-08,RAV4,30570.18,4.4,Completed
476105,11,2020-03-27,Highlander,47874.84,4.16,Completed
476106,1,2020-03-23,Tundra,41619.81,5.24,Completed
476107,5,2020-03-08,RAV4,39932.03,5.34,Completed
476108,17,2020-03-15,Sienna,36121.09,4.51,Completed
476109,2,2020-03-16,Tundra,37354.95,4.0,Completed
476110,17,2020-03-07,Tacoma,30023.54,4.51,Completed
476111,15,2020-03-13,RAV4,48110.8,4.86,Completed
476112,12,2020-03-18,Sienna,44792.31,5.65,Completed
476113,11,2020-03-07,Sienna,32269.35,4.16,Completed
476114,6,2020-03-01,Tundra,34321.85,3.86,Completed
476115,13,2020-03-27,Camry,42809.13,5.61,Completed
476116,15,2020-03-03,Prius,32376.94,4.86,Completed
476117,14,2020-03-22,Highlander,64681.61,5.1,Completed
476118,13,2020-03-28,Tacoma,45178.14,5.61,Completed
476119,8,2020-03-07,Prius,29773.11,5.84,Completed
476120,13,2020-03-27,Prius,35686.2,5.61,Completed
476121,7,2020-03-08,Camry,37096.78,5.39,Completed
476122,13,2020-03-03,Tacoma,40971.06,5.61,Completed
476123,20,2020-03-01,Tundra,51951.77,5.77,Completed
476124,20,2020-03-06,RAV4,46042.21,5.77,Completed
476125,16,2020-03-02,Highlander,69319.11,6.06,Completed
476126,14,2020-03-02,Tacoma,40206.38,5.1,Cancelled
476127,20,2020-03-16,Tacoma,43949.05,5.77,Completed
476128,20,2020-03-29,Camry,35370.83,5.77,Completed
476129,16,2020-03-23,RAV4,47908.7,6.06,Completed
476130,1,2020-03-13,Tacoma,36912.83,5.24,Completed
476131,14,2020-03-17,Highlander,63747.49,5.1,Completed
476132,12,2020-03-06,Sienna,52896.88,5.65,Completed
476133,1,2020-03-18,Prius,25313.44,5.24,Completed
476134,18,2020-03-14,Prius,35350.35,5.68,Completed
476135,14,2020-03-16,Tacoma,42039.38,5.1,Completed
476136,18,2020-03-28,Prius,37010.37,5.68,Completed
476137,17,2020-03-25,Highlander,46266.01,4.51,Completed
476138,19,2020-03-10,Tacoma,33530.5,5.48,Completed
476139,6,2020-03-02,Tacoma,26442.8,3.86,Pending
476140,20,2020-03-24,Prius,30180.77,5.77,Completed
476141,6,2020-03-18,Highlander,46731.4,3.86,Completed
476142,3,2020-03-31,Camry,40279.59,5.69,Cancelled
476143,2,2020-03-21,Corolla,20529.95,4.0,Completed
476144,18,2020-03-29,Sienna,52236.82,5.68,Completed
476145,10,2020-03-05,Tundra,37254.71,4.88,Completed
476146,11,2020-03-15,Prius,22151.09,4.16,Completed
476147,2,2020-03-10,Highlander,51285.1,4.0,Completed
476148,1,2020-03-04,Sienna,42512.14,5.24,Completed
476149,17,2020-03-26,Tundra,31050.17,4.51,Completed
476150,4,2020-03-29,Tundra,33505.72,3.81,Completed
476151,17,2020-03-26,Corolla,19347.59,4.51,Completed
476152,2,2020-03-11,Tacoma,29465.87,4.0,Completed
476153,9,2020-03-15,Prius,21141.0,4.4,Completed
476154,20,2020-03-05,Prius,30927.99,5.77,Completed
476155,13,2020-03-28,RAV4,45628.43,5.61,Completed
476156,14,2020-03-28,RAV4,39417.11,5.1,Cancelled
476157,13,2020-03-10,Camry,38649.68,5.61,Completed
476158,13,2020-03-05,Corolla,30360.81,5.61,Completed
476159,4,2020-03-05,RAV4,27788.98,3.81,Completed
476160,9,2020-03-31,RAV4,30839.19,4.4,Completed
476161,15,2020-03-29,Highlander,62259.68,4.86,Completed
476162,4,2020-03-04,Highlander,39082.09,3.81,Completed
476163,3,2020-03-03,Corolla,30081.01,5.69,Completed
476164,7,2020-03-16,Prius,33850.25,5.39,Completed
476165,3,2020-03-07,Sienna,45658.54,5.69,Pending
476166,4,2020-03-24,Highlander,42849.06,3.81,Completed
476167,14,2020-03-07,Prius,27389.43,5.1,Completed
476168,1,2020-03-04,Sienna,41012.25,5.24,Completed
476169,20,2020-03-29,Corolla,29003.98,5.77,Completed
476170,7,2020-03-28,Sienna,49448.25,5.39,Completed
476171,8,2020-03-07,Sienna,51957.22,5.84,Completed
476172,9,2020-03-12,Sienna,37180.91,4.4,Completed
476173,19,2020-03-20,Camry,36136.36,5.48,Cancelled
476174,13,2020-03-13,RAV4,48966.03,5.61,Completed
476175,5,2020-03-12,Sienna,37333.27,5.34,Completed
476176,9,2020-03-23,Tundra,37262.57,4.4,Completed
476177,15,2020-03-19,Highlander,58428.35,4.86,Completed
476178,12,2020-03-11,Tacoma,41942.79,5.65,Completed
476179,14,2020-03-10,Highlander,61186.85,5.1,Completed
476180,11,2020-03-09,RAV4,31805.12,4.16,Completed
476181,11,2020-03-26,RAV4,33043.24,4.16,Completed
476182,3,2020-03-13,Prius,32472.84,5.69,Completed
476183,14,2020-03-27,Camry,35223.37,5.1,Completed
476184,9,2020-03-28,Camry,27031.58,4.4,Completed
476185,11,2020-03-30,RAV4,34460.99,4.16,Completed
476186,9,2020-03-04,Corolla,21791.61,4.4,Completed
476187,19,2020-03-26,Tacoma,39212.04,5.48,Completed
476188,1,2020-03-26,Corolla,24814.89,5.24,Completed
476189,6,2020-03-16,Prius,21505.15,3.86,Completed
476190,4,2020-03-30,Sienna,36627.73,3.81,Completed
476191,6,2020-03-11,Tundra,37474.85,3.86,Completed
476192,8,2020-03-16,Corolla,29567.16,5.84,Completed
476193,13,2020-03-14,Tacoma,47158.29,5.61,Completed
476194,17,2020-03-31,RAV4,31520.75,4.51,Completed
476195,16,2020-03-29,Tundra,49759.37,6.06,Completed
476196,16,2020-03-17,Tundra,45631.64,6.06,Completed
476197,18,2020-03-22,Tacoma,44463.8,5.68,Completed
476198,18,2020-03-02,Prius,34465.04,5.68,Completed
476199,17,2020-03-08,Camry,29047.22,4.51,Cancelled
476200,14,2020-03-13,Sienna,42799.72,5.1,Pending
476201,18,2020-03-02,Tacoma,46208.89,5.68,Completed
476202,18,2020-03-25,Tacoma,40593.18,5.68,Completed
476203,3,2020-03-26,Sienna,52474.79,5.69,Completed
476204,13,2020-03-15,RAV4,44549.92,5.61,Completed
476205,3,2020-03-04,RAV4,48500.26,5.69,Completed
476206,11,2020-03-31,RAV4,30575.11,4.16,Completed
476207,7,2020-03-17,Corolla,25909.7,5.39,Completed
476208,15,2020-03-09,Sienna,48930.64,4.86,Cancelled
476209,1,2020-03-18,Highlander,54528.66,5.24,Completed
476210,17,2020-03-10,Prius,20307.81,4.51,Completed
476211,16,2020-03-17,Highlander,69865.58,6.06,Completed
476212,8,2020-03-22,Highlander,64315.69,5.84,Completed
476213,19,2020-03-17,Camry,33568.2,5.48,Completed
476214,2,2020-03-26,Tundra,36970.51,4.0,Completed
476215,10,2020-03-20,Corolla,22300.48,4.88,Completed
476216,3,2020-03-19,Tacoma,46985.88,5.69,Completed
476217,7,2020-03-23,Highlander,66572.61,5.39,Completed
476218,2,2020-03-24,Prius,22633.18,4.0,Completed
476219,20,2020-03-15,Tacoma,41113.62,5.77,Completed
476220,11,2020-03-15,Corolla,20876.03,4.16,Completed
476221,8,2020-03-05,Tacoma,40503.52,5.84,Completed
476222,2,2020-03-19,Corolla,21290.75,4.0,Completed
476223,15,2020-03-20,Tacoma,36990.82,4.86,Completed
476224,19,2020-03-30,Tundra,46233.69,5.48,Completed
476225,2,2020-03-10,Camry,29799.8,4.0,Completed
476226,13,2020-03-22,Sienna,55929.42,5.61,Completed
476227,1,2020-03-17,Prius,26882.95,5.24,Completed
476228,16,2020-03-11,Tacoma,40348.56,6.06,Completed
476229,4,2020-03-03,Tundra,30530.03,3.81,Completed
476230,14,2020-03-30,Prius,32408.72,5.1,Completed
476231,19,2020-03-14,Corolla,25877.64,5.48,Completed
476232,4,2020-03-28,Prius,19926.57,3.81,Completed
476233,15,2020-03-01,Prius,29345.04,4.86,Completed
476234,17,2020-03-26,Tundra,37025.72,4.51,Completed
476235,15,2020-03-26,Prius,29197.42,4.86,Completed
476236,4,2020-03-15,RAV4,29839.59,3.81,Completed
476237,15,2020-03-06,Highlander,64232.38,4.86,Completed
476238,3,2020-03-19,RAV4,44615.77,5.69,Completed
476239,19,2020-03-31,RAV4,40291.69,5.48,Completed
476240,8,2020-03-01,Highlander,67066.33,5.84,Completed
476241,4,2020-03-05,Corolla,19779.0,3.81,Completed
476242,1,2020-03-13,Tacoma,33638.98,5.24,Completed
476243,16,2020-03-23,Highlander,64670.92,6.06,Completed
476244,6,2020-03-02,Camry,24921.73,3.86,Completed
476245,10,2020-03-30,Highlander,50662.17,4.88,Completed
476246,17,2020-03-24,Corolla,21590.96,4.51,Completed
476247,17,2020-03-31,Sienna,33278.83,4.51,Completed
476248,1,2020-03-29,Tundra,38846.33,5.24,Completed
476249,3,2020-03-03,Camry,43389.03,5.69,Completed
476250,1,2020-03-15,Tacoma,36595.61,5.24,Completed
476251,9,2020-03-05,Highlander,41737.69,4.4,Completed
476252,11,2020-03-06,RAV4,35004.17,4.16,Completed
476253,5,2020-03-24,Sienna,42168.66,5.34,Completed
476254,2,2020-03-12,Sienna,39419.37,4.0,Completed
476255,10,2020-03-03,Camry,29256.62,4.88,Completed
476256,4,2020-03-15,Tundra,33879.31,3.81,Completed
476257,12,2020-03-13,Corolla,26016.66,5.65,Completed
476258,13,2020-03-24,Tundra,54044.2,5.61,Completed
476259,17,2020-03-28,Camry,29025.41,4.51,Completed
476260,13,2020-03-12,Camry,42037.23,5.61,Completed
476261,20,2020-03-13,Camry,35017.98,5.77,Completed
476262,5,2020-03-29,Prius,28897.39,5.34,Completed
476263,2,2020-03-25,Highlander,44925.23,4.0,Completed
476264,20,2020-03-11,Tundra,52420.44,5.77,Completed
476265,17,2020-03-08,Camry,28766.52,4.51,Completed
476266,6,2020-03-20,Highlander,39684.18,3.86,Completed
476267,15,2020-03-31,Corolla,29850.53,4.86,Completed
476268,18,2020-03-06,Sienna,53499.66,5.68,Completed
476269,20,2020-03-19,Tundra,52969.53,5.77,Completed
476270,18,2020-03-26,Tacoma,43729.81,5.68,Completed
476271,15,2020-03-15,RAV4,41477.53,4.86,Completed
476272,9,2020-03-23,Camry,28950.49,4.4,Completed
476273,8,2020-03-02,Camry,39036.32,5.84,Completed
476274,6,2020-03-12,Prius,20589.38,3.86,Completed
476275,5,2020-03-18,Corolla,22767.03,5.34,Completed
476276,7,2020-03-31,Sienna,48102.78,5.39,Completed
476277,14,2020-03-20,Sienna,50670.0,5.1,Completed
476278,8,2020-03-26,RAV4,43816.84,5.84,Completed
476279,4,2020-03-06,Corolla,19420.89,3.81,Completed
476280,19,2020-03-24,Corolla,22353.11,5.48,Completed
476281,20,2020-03-12,Camry,34636.47,5.77,Completed
476282,15,2020-03-26,Tacoma,41329.34,4.86,Completed
476283,13,2020-03-22,RAV4,42357.1,5.61,Completed
476284,1,2020-03-29,Prius,26231.33,5.24,Completed
476285,13,2020-03-22,Sienna,53084.91,5.61,Completed
476286,19,2020-03-16,Sienna,42902.14,5.48,Completed
476287,5,2020-03-09,Tacoma,36629.1,5.34,Completed
476288,1,2020-03-24,Prius,25925.7,5.24,Completed
476289,7,2020-03-13,Prius,32648.88,5.39,Completed
476290,7,2020-03-08,Corolla,30177.23,5.39,Completed
476291,3,2020-03-24,Tacoma,44490.1,5.69,Completed
476292,11,2020-03-18,Tacoma,29080.27,4.16,Completed
476293,16,2020-03-20,Sienna,49249.62,6.06,Completed
476294,1,2020-03-28,RAV4,39960.81,5.24,Completed
476295,13,2020-03-28,Camry,40294.44,5.61,Completed
476296,8,2020-03-28,Sienna,52408.19,5.84,Completed
476297,18,2020-03-02,Sienna,54421.02,5.68,Completed
476298,12,2020-03-23,Highlander,61697.05,5.65,Completed
476299,9,2020-03-09,Tacoma,31110.12,4.4,Completed
476300,5,2020-03-18,Tundra,38168.68,5.34,Completed
476301,13,2020-03-18,Corolla,28723.03,5.61,Completed
476302,10,2020-03-13,Sienna,33427.35,4.88,Completed
476303,20,2020-03-06,Tacoma,40569.34,5.77,Completed
476304,15,2020-03-02,Corolla,27761.23,4.86,Completed
476305,8,2020-03-13,Tundra,47590.43,5.84,Completed
476306,6,2020-03-13,Camry,25046.49,3.86,Completed
476307,10,2020-03-29,RAV4,36067.25,4.88,Completed
476308,1,2020-03-20,RAV4,35264.53,5.24,Completed
476309,19,2020-03-23,Camry,34989.48,5.48,Completed
476310,14,2020-03-17,Camry,36950.11,5.1,Completed
476311,4,2020-03-05,Camry,25733.01,3.81,Completed
476312,1,2020-03-16,Camry,30825.8,5.24,Completed
476313,5,2020-03-20,Corolla,21419.89,5.34,Completed
476314,3,2020-03-19,Highlander,70123.6,5.69,Completed
476315,5,2020-03-27,Tacoma,32339.99,5.34,Completed
476316,7,2020-03-07,Tundra,51597.84,5.39,Completed
476317,15,2020-03-18,Sienna,44015.41,4.86,Completed
476318,16,2020-03-09,Highlander,62177.96,6.06,Completed
476319,13,2020-03-22,Highlander,61560.77,5.61,Completed
476320,11,2020-03-06,Tacoma,28828.33,4.16,Completed
476321,3,2020-03-11,Sienna,46414.92,5.69,Cancelled
476322,16,2020-03-19,Camry,37976.25,6.06,Completed
476323,10,2020-03-03,Sienna,38006.17,4.88,Completed
476324,16,2020-03-06,RAV4,47051.11,6.06,Completed
476325,16,2020-03-07,Tundra,46776.82,6.06,Completed
476326,5,2020-03-09,Prius,27340.51,5.34,Completed
476327,5,2020-03-01,Prius,29167.57,5.34,Completed
476328,7,2020-03-30,Highlander,65181.23,5.39,Completed
476329,19,2020-03-23,Prius,27858.52,5.48,Completed
476330,15,2020-03-31,Tacoma,37227.87,4.86,Completed
476331,5,2020-03-17,RAV4,34702.8,5.34,Completed
476332,19,2020-03-28,Corolla,25018.7,5.48,Completed
476333,10,2020-03-24,Tacoma,31204.92,4.88,Completed
476334,20,2020-03-28,Sienna,52512.06,5.77,Completed
476335,18,2020-03-05,Tacoma,40010.87,5.68,Completed
476336,17,2020-03-24,Tacoma,27421.31,4.51,Completed
476337,3,2020-03-09,Sienna,46250.02,5.69,Completed
476338,4,2020-03-11,RAV4,31135.5,3.81,Completed
476339,18,2020-03-21,Camry,40695.81,5.68,Completed
476340,15,2020-03-10,Tacoma,41388.26,4.86,Completed
476341,8,2020-03-12,Highlander,59115.57,5.84,Completed
476342,15,2020-03-15,Sienna,51546.48,4.86,Completed
476343,20,2020-03-25,Tundra,50446.77,5.77,Completed
476344,13,2020-03-05,Prius,31085.8,5.61,Completed
476345,4,2020-03-30,RAV4,28136.55,3.81,Completed
476346,13,2020-03-20,Corolla,31650.26,5.61,Completed
476347,7,2020-03-27,Sienna,48677.1,5.39,Completed
476348,7,2020-03-29,Tacoma,38469.98,5.39,Completed
476349,15,2020-03-02,RAV4,43018.77,4.86,Completed
476350,12,2020-03-12,Highlander,65605.26,5.65,Completed
476351,9,2020-03-25,Prius,24027.07,4.4,Completed
476352,19,2020-03-03,Tundra,45804.63,5.48,Completed
476353,11,2020-03-03,Highlander,48176.88,4.16,Completed
476354,20,2020-03-12,Camry,36817.91,5.77,Completed
476355,5,2020-03-25,Prius,29416.47,5.34,Completed
476356,15,2020-03-07,Sienna,48077.51,4.86,Completed
476357,14,2020-03-27,Camry,38352.31,5.1,Completed
476358,19,2020-03-20,Camry,35142.85,5.48,Completed
476359,14,2020-03-09,Prius,31958.49,5.1,Completed
476360,15,2020-03-29,Tundra,48813.5,4.86,Completed
476361,3,2020-03-05,Tacoma,45472.04,5.69,Completed
476362,16,2020-03-18,Sienna,45213.76,6.06,Completed
476363,1,2020-03-11,Sienna,43427.85,5.24,Completed
476364,4,2020-03-24,Tundra,35722.17,3.81,Completed
476365,11,2020-03-08,Highlander,48838.42,4.16,Completed
476366,20,2020-03-28,Camry,38857.27,5.77,Completed
476367,5,2020-03-13,RAV4,36335.35,5.34,Completed
476368,7,2020-03-09,RAV4,45423.81,5.39,Completed
476369,1,2020-03-19,Camry,31954.2,5.24,Completed
476370,13,2020-03-01,Tacoma,43335.0,5.61,Completed
476371,3,2020-03-31,RAV4,50792.05,5.69,Completed
476372,5,2020-03-12,Sienna,45330.25,5.34,Completed
476373,11,2020-03-16,Corolla,21346.37,4.16,Completed
476374,6,2020-03-01,Prius,22899.28,3.86,Completed
476375,16,2020-03-16,Camry,35876.15,6.06,Completed
476376,7,2020-03-13,Sienna,48559.18,5.39,Completed
476377,8,2020-03-26,Tundra,51204.89,5.84,Completed
476378,11,2020-03-12,Tacoma,30203.57,4.16,Completed
476379,7,2020-03-26,Tundra,46016.85,5.39,Completed
476380,6,2020-03-24,Tundra,34368.41,3.86,Completed
476381,10,2020-03-12,Corolla,22050.62,4.88,Completed
476382,18,2020-03-26,RAV4,48556.53,5.68,Completed
476383,18,2020-03-02,Tundra,57171.1,5.68,Completed
476384,13,2020-03-28,Prius,31911.08,5.61,Completed
476385,14,2020-03-31,Prius,29973.21,5.1,Completed
476386,13,2020-03-17,Corolla,31465.47,5.61,Completed
476387,14,2020-03-02,Prius,28270.01,5.1,Completed
476388,14,2020-03-29,Tacoma,41289.6,5.1,Completed
476389,13,2020-03-10,Corolla,28532.32,5.61,Completed
476390,20,2020-03-02,Prius,29188.56,5.77,Completed
476391,19,2020-03-27,Corolla,22564.44,5.48,Completed
476392,10,2020-03-18,RAV4,34670.12,4.88,Pending
476393,6,2020-03-09,Highlander,42281.58,3.86,Completed
476394,12,2020-03-09,Prius,28654.39,5.65,Completed
476395,4,2020-03-24,Sienna,34359.64,3.81,Completed
476396,6,2020-03-11,Tacoma,29282.34,3.86,Cancelled
476397,4,2020-03-02,Highlander,44275.15,3.81,Completed
476398,6,2020-03-04,Tacoma,30308.5,3.86,Completed
476399,17,2020-03-10,Sienna,31595.61,4.51,Completed
476400,12,2020-03-07,RAV4,48182.52,5.65,Completed
476401,20,2020-03-05,Prius,32987.9,5.77,Completed
476402,7,2020-03-07,RAV4,41795.11,5.39,Completed
476403,9,2020-03-07,Camry,28001.39,4.4,Completed
476404,4,2020-03-23,Camry,26544.46,3.81,Completed
476405,1,2020-03-24,Corolla,21096.09,5.24,Completed
476406,16,2020-03-22,RAV4,41789.31,6.06,Completed
476407,12,2020-03-13,RAV4,44044.02,5.65,Completed
476408,14,2020-03-31,Tundra,49549.64,5.1,Completed
476409,19,2020-03-23,Sienna,42848.21,5.48,Completed
476410,7,2020-03-22,Camry,35100.16,5.39,Pending
476411,17,2020-03-13,Tacoma,30273.94,4.51,Completed
476412,9,2020-03-24,Tundra,38393.56,4.4,Completed
476413,13,2020-03-24,RAV4,44042.21,5.61,Completed
476414,10,2020-03-09,RAV4,30235.62,4.88,Completed
476415,15,2020-03-02,Sienna,44950.73,4.86,Completed
476416,1,2020-03-16,Sienna,39599.45,5.24,Completed
476417,19,2020-03-20,Tundra,42758.61,5.48,Completed
476418,19,2020-03-05,Prius,27941.18,5.48,Completed
476419,10,2020-03-19,RAV4,36058.36,4.88,Completed
476420,1,2020-03-21,Sienna,41943.41,5.24,Completed
476421,16,2020-03-11,Prius,32735.75,6.06,Completed
476422,4,2020-03-28,Tundra,31113.99,3.81,Completed
476423,4,2020-03-08,RAV4,28848.63,3.81,Completed
476424,7,2020-03-13,Camry,37483.12,5.39,Completed
476425,19,2020-03-20,Highlander,57532.7,5.48,Completed
476426,3,2020-03-16,Sienna,51418.08,5.69,Completed
476427,11,2020-03-29,Corolla,19942.97,4.16,Completed
476428,9,2020-03-29,Sienna,32035.5,4.4,Completed
476429,11,2020-03-29,RAV4,33221.87,4.16,Completed
476430,6,2020-03-10,Prius,21405.85,3.86,Completed
476431,1,2020-03-25,Camry,32926.13,5.24,Completed
476432,16,2020-03-12,Highlander,65334.11,6.06,Completed
476433,6,2020-03-08,Sienna,34367.32,3.86,Completed
476434,18,2020-03-29,Highlander,69167.75,5.68,Completed
476435,6,2020-03-04,Camry,24973.67,3.86,Completed
476436,4,2020-03-03,Prius,20880.06,3.81,Completed
476437,14,2020-03-23,Camry,38751.92,5.1,Completed
476438,15,2020-03-03,Tundra,49675.89,4.86,Completed
476439,6,2020-03-26,Tundra,36688.06,3.86,Completed
476440,10,2020-03-22,Prius,22655.66,4.88,Completed
476441,11,2020-03-25,Prius,23802.66,4.16,Completed
476442,3,2020-03-01,Corolla,27710.58,5.69,Completed
476443,3,2020-03-11,Tacoma,41706.97,5.69,Completed
476444,14,2020-03-22,Highlander,64884.21,5.1,Completed
476445,12,2020-03-30,Tacoma,42395.17,5.65,Cancelled
476446,8,2020-03-12,Tacoma,41375.76,5.84,Completed
476447,16,2020-03-01,Sienna,52474.17,6.06,Completed
476448,3,2020-03-06,Highlander,61858.55,5.69,Completed
476449,18,2020-03-03,Tundra,54551.69,5.68,Completed
476450,10,2020-03-20,Prius,23529.84,4.88,Completed
476451,7,2020-03-01,Corolla,29227.56,5.39,Completed
476452,10,2020-03-15,Camry,28672.84,4.88,Completed
476453,20,2020-03-19,Corolla,25341.67,5.77,Completed
476454,3,2020-03-21,Prius,32414.45,5.69,Completed
476455,12,2020-03-25,Camry,35915.96,5.65,Completed
476456,16,2020-03-04,Camry,36594.16,6.06,Completed
476457,10,2020-03-28,RAV4,34557.66,4.88,Completed
476458,18,2020-03-24,Prius,33238.32,5.68,Completed
476459,8,2020-03-04,Tacoma,42058.59,5.84,Completed
476460,9,2020-03-02,Camry,25342.15,4.4,Completed
476461,9,2020-03-12,Sienna,37219.93,4.4,Completed
476462,2,2020-03-08,Camry,28527.65,4.0,Completed
476463,7,2020-03-07,Camry,41698.85,5.39,Completed
476464,18,2020-03-02,Highlander,69290.59,5.68,Completed
476465,13,2020-03-08,Corolla,30699.22,5.61,Completed
476466,8,2020-03-23,Sienna,46798.54,5.84,Completed
476467,14,2020-03-21,Sienna,44277.51,5.1,Completed
476468,5,2020-03-22,Sienna,41008.64,5.34,Completed
476469,8,2020-03-01,Highlander,57838.86,5.84,Completed
476470,12,2020-03-18,Tundra,49192.65,5.65,Completed
476471,12,2020-03-28,Sienna,44230.55,5.65,Completed
476472,13,2020-03-12,Camry,40008.5,5.61,Cancelled
476473,4,2020-03-09,Tacoma,28114.13,3.81,Completed
476474,18,2020-03-03,Camry,43516.68,5.68,Completed
476475,3,2020-03-28,RAV4,46366.19,5.69,Completed
476476,15,2020-03-18,Sienna,49712.75,4.86,Completed
476477,10,2020-03-15,Prius,23906.53,4.88,Completed
476478,11,2020-03-01,Camry,26068.28,4.16,Completed
476479,3,2020-03-27,Corolla,26778.87,5.69,Completed
476480,5,2020-03-14,RAV4,36102.78,5.34,Completed
476481,19,2020-03-06,Camry,34122.27,5.48,Completed
476482,16,2020-03-01,Tacoma,39526.62,6.06,Completed
476483,15,2020-03-17,RAV4,41223.79,4.86,Completed
476484,6,2020-03-21,Tundra,32000.21,3.86,Completed
476485,13,2020-03-12,RAV4,50872.94,5.61,Completed
476486,9,2020-03-22,Prius,22932.57,4.4,Completed
476487,14,2020-03-09,Highlander,54223.33,5.1,Completed
476488,16,2020-03-24,Tundra,49083.59,6.06,Completed
476489,18,2020-03-03,Tundra,47837.77,5.68,Completed
476490,11,2020-03-01,RAV4,33474.45,4.16,Completed
476491,15,2020-03-03,Corolla,26394.84,4.86,Completed
476492,17,2020-03-24,Highlander,41979.5,4.51,Completed
476493,11,2020-03-20,Tundra,33470.22,4.16,Completed
476494,12,2020-03-05,RAV4,46755.4,5.65,Completed
476495,2,2020-03-24,Sienna,40955.83,4.0,Completed
476496,6,2020-03-08,Corolla,21452.21,3.86,Completed
476497,7,2020-03-01,Camry,36763.1,5.39,Completed
476498,8,2020-03-16,Prius,32315.42,5.84,Completed
476499,18,2020-03-21,RAV4,52346.92,5.68,Completed
476500,4,2020-03-07,Corolla,17881.68,3.81,Completed
476501,9,2020-03-18,Tundra,37075.99,4.4,Completed
476502,11,2020-03-03,Camry,27069.36,4.16,Completed
476503,15,2020-03-05,Corolla,30349.07,4.86,Completed
476504,18,2020-03-04,Prius,33045.92,5.68,Completed
476505,14,2020-03-14,Corolla,26781.26,5.1,Cancelled
476506,10,2020-03-17,Tundra,33817.0,4.88,Completed
476507,1,2020-03-21,Corolla,24885.46,5.24,Completed
476508,12,2020-03-02,Highlander,63309.34,5.65,Completed
476509,19,2020-03-01,Tacoma,39127.65,5.48,Completed
476510,15,2020-03-28,Tacoma,40047.51,4.86,Completed
476511,20,2020-03-01,Camry,38504.5,5.77,Completed
476512,5,2020-03-12,Tacoma,34990.5,5.34,Completed
476513,12,2020-03-27,Tacoma,41521.21,5.65,Completed
476514,17,2020-03-03,Tundra,37654.4,4.51,Pending
476515,9,2020-03-09,Prius,24591.7,4.4,Completed
476516,4,2020-03-31,Corolla,19844.14,3.81,Completed
476517,19,2020-03-10,RAV4,39788.52,5.48,Completed
476518,18,2020-03-08,Sienna,51762.47,5.68,Completed
476519,18,2020-03-26,Highlander,69430.85,5.68,Completed
476520,16,2020-03-24,Prius,34981.83,6.06,Completed
476521,13,2020-03-22,RAV4,49864.54,5.61,Completed
476522,1,2020-03-15,RAV4,38731.5,5.24,Completed
476523,4,2020-03-10,Corolla,17743.96,3.81,Completed
476524,16,2020-03-28,Prius,29991.84,6.06,Completed
476525,15,2020-03-31,Camry,37302.54,4.86,Completed
476526,7,2020-03-26,Tundra,49846.85,5.39,Completed
476527,19,2020-03-31,RAV4,42005.08,5.48,Completed
476528,9,2020-03-10,Tacoma,28863.94,4.4,Completed
476529,13,2020-03-09,RAV4,46261.94,5.61,Completed
476530,19,2020-03-17,Camry,34756.5,5.48,Completed
476531,5,2020-03-31,Camry,29057.04,5.34,Pending
476532,1,2020-03-13,Tundra,37625.64,5.24,Cancelled
476533,13,2020-03-22,Tundra,48577.89,5.61,Completed
476534,11,2020-03-01,Prius,25494.49,4.16,Completed
476535,5,2020-03-26,Corolla,21821.34,5.34,Completed
476536,12,2020-03-18,Prius,28865.24,5.65,Completed
476537,18,2020-03-22,Prius,37313.66,5.68,Completed
476538,10,2020-03-19,Camry,25897.52,4.88,Cancelled
476539,9,2020-03-08,Prius,24491.63,4.4,Completed
476540,20,2020-03-24,Sienna,52511.44,5.77,Completed
476541,2,2020-03-08,Tacoma,34108.33,4.0,Completed
476542,11,2020-03-18,RAV4,35493.31,4.16,Completed
476543,7,2020-03-06,RAV4,45640.17,5.39,Completed
476544,18,2020-03-29,Camry,43985.46,5.68,Completed
476545,11,2020-03-05,Prius,21405.94,4.16,Completed
476546,4,2020-03-23,Prius,22747.59,3.81,Completed
476547,4,2020-03-25,Tundra,32941.45,3.81,Completed
476548,12,2020-03-14,Sienna,44137.13,5.65,Completed
476549,9,2020-03-27,Tundra,36257.57,4.4,Completed
476550,5,2020-03-09,Sienna,43985.31,5.34,Completed
476551,2,2020-03-29,Camry,29118.24,4.0,Completed
476552,8,2020-03-20,Corolla,29396.82,5.84,Completed
476553,8,2020-03-24,RAV4,43975.97,5.84,Completed
476554,13,2020-03-18,Tacoma,42276.63,5.61,Completed
476555,17,2020-03-27,RAV4,28513.24,4.51,Completed
476556,9,2020-03-08,Prius,21489.58,4.4,Completed
476557,20,2020-03-21,Highlander,62347.96,5.77,Completed
476558,12,2020-03-29,Sienna,48027.88,5.65,Completed
476559,6,2020-03-10,Highlander,45191.09,3.86,Completed
476560,12,2020-03-28,Sienna,46413.44,5.65,Completed
476561,16,2020-03-13,Prius,32810.74,6.06,Completed
476562,14,2020-03-22,Highlander,63116.36,5.1,Completed
476563,8,2020-03-20,Prius,33449.49,5.84,Completed
476564,17,2020-03-28,Highlander,47552.41,4.51,Completed
476565,6,2020-03-30,Camry,26767.66,3.86,Completed
476566,2,2020-03-17,Corolla,22436.13,4.0,Completed
476567,20,2020-03-31,Highlander,68190.85,5.77,Cancelled
476568,1,2020-03-16,Camry,31865.51,5.24,Completed
476569,2,2020-03-20,RAV4,37102.54,4.0,Completed
476570,18,2020-03-23,Corolla,29021.18,5.68,Completed
476571,15,2020-03-13,RAV4,46066.73,4.86,Completed
476572,2,2020-03-17,Sienna,36184.4,4.0,Completed
476573,12,2020-03-08,Highlander,60361.55,5.65,Pending
476574,6,2020-03-01,Prius,22296.3,3.86,Completed
476575,10,2020-03-30,Sienna,37885.48,4.88,Completed
476576,16,2020-03-05,Highlander,63844.17,6.06,Completed
476577,19,2020-03-23,Sienna,38696.76,5.48,Completed
476578,18,2020-03-20,Prius,34476.5,5.68,Completed
476579,11,2020-03-03,Sienna,34308.14,4.16,Completed
476580,14,2020-03-29,RAV4,39736.88,5.1,Completed
476581,4,2020-03-01,Prius,23165.55,3.81,Completed
476582,3,2020-03-30,Camry,37072.47,5.69,Completed
476583,19,2020-03-25,Corolla,24732.99,5.48,Completed
476584,11,2020-03-07,Sienna,34246.59,4.16,Completed
476585,14,2020-03-07,Highlander,62869.38,5.1,Completed
476586,4,2020-03-28,Tacoma,27420.85,3.81,Completed
476587,15,2020-03-27,Tacoma,42321.63,4.86,Completed
476588,18,2020-03-31,Camry,38378.98,5.68,Completed
476589,14,2020-03-26,Tundra,51057.48,5.1,Completed
476590,6,2020-03-20,RAV4,32538.09,3.86,Completed
476591,16,2020-03-31,Tundra,46915.92,6.06,Completed
476592,12,2020-03-26,Tacoma,36775.68,5.65,Completed
476593,17,2020-03-09,Highlander,47705.25,4.51,Completed
476594,9,2020-03-31,Tundra,36121.39,4.4,Completed
476595,18,2020-03-25,RAV4,45965.79,5.68,Completed
476596,2,2020-03-25,Camry,26652.35,4.0,Completed
476597,7,2020-03-19,Tacoma,39217.32,5.39,Completed
476598,9,2020-03-05,Corolla,19330.44,4.4,Completed
476599,14,2020-03-11,Corolla,25490.89,5.1,Completed
476600,7,2020-03-31,Tacoma,37744.23,5.39,Completed
476601,1,2020-03-13,Tundra,38546.77,5.24,Completed
476602,19,2020-03-30,Corolla,23698.52,5.48,Completed
476603,5,2020-03-30,Corolla,23739.56,5.34,Completed
476604,19,2020-03-12,Corolla,22726.46,5.48,Completed
476605,7,2020-03-04,Tacoma,45245.62,5.39,Completed
476606,20,2020-03-16,Tacoma,42391.43,5.77,Completed
476607,9,2020-03-15,Prius,21687.33,4.4,Completed
476608,7,2020-03-10,Corolla,29696.12,5.39,Completed
476609,19,2020-03-21,Tacoma,35444.4,5.48,Completed
476610,6,2020-03-09,Tacoma,26420.05,3.86,Completed
476611,20,2020-03-14,RAV4,48551.99,5.77,Completed
476612,13,2020-03-19,Highlander,64465.42,5.61,Completed
476613,8,2020-03-28,Highlander,63990.59,5.84,Completed
476614,18,2020-03-29,Tacoma,44017.6,5.68,Completed
476615,7,2020-03-11,Highlander,58185.78,5.39,Completed
476616,18,2020-03-22,Tundra,47737.99,5.68,Completed
476617,20,2020-03-06,Camry,41036.18,5.77,Completed
476618,2,2020-03-17,Highlander,52305.93,4.0,Completed
476619,7,2020-03-21,Sienna,46024.0,5.39,Completed
476620,13,2020-03-07,Camry,43639.92,5.61,Completed
476621,5,2020-03-11,Highlander,51412.81,5.34,Completed
476622,16,2020-03-22,Tacoma,40641.96,6.06,Completed
476623,3,2020-03-23,Prius,36031.3,5.69,Completed
476624,15,2020-03-27,Sienna,49080.82,4.86,Pending
476625,9,2020-03-04,Highlander,42105.58,4.4,Completed
476626,12,2020-03-01,Tundra,44982.83,5.65,Completed
476627,2,2020-03-03,Highlander,48016.31,4.0,Completed
476628,5,2020-03-28,Camry,34364.36,5.34,Completed
476629,14,2020-03-10,Prius,30610.25,5.1,Completed
476630,15,2020-03-05,Camry,34745.52,4.86,Completed
476631,18,2020-03-08,RAV4,52455.24,5.68,Completed
476632,6,2020-03-16,Tacoma,28440.24,3.86,Completed
476633,5,2020-03-20,Sienna,39082.42,5.34,Completed
476634,1,2020-03-23,Camry,34708.09,5.24,Completed
476635,18,2020-03-29,Highlander,61598.66,5.68,Completed
476636,8,2020-03-18,Tundra,44231.14,5.84,Completed
476637,12,2020-03-04,Sienna,45147.93,5.65,Cancelled
476638,5,2020-03-01,Corolla,25413.02,5.34,Completed
476639,13,2020-03-09,Highlander,68542.19,5.61,Completed
476640,3,2020-03-19,Tacoma,45231.0,5.69,Completed
476641,3,2020-03-20,Prius,30036.66,5.69,Completed
476642,16,2020-03-27,Tundra,46152.93,6.06,Completed
476643,9,2020-03-25,RAV4,35404.49,4.4,Completed
476644,9,2020-03-18,Tacoma,27176.99,4.4,Completed
476645,15,2020-03-16,Tacoma,39534.83,4.86,Completed
476646,1,2020-03-23,Tacoma,35375.69,5.24,Completed
476647,12,2020-03-21,Tacoma,41424.12,5.65,Completed
476648,6,2020-03-30,RAV4,31691.3,3.86,Completed
476649,17,2020-03-25,Camry,28958.54,4.51,Completed
476650,19,2020-03-28,Sienna,45491.12,5.48,Cancelled
476651,7,2020-03-12,Highlander,62040.47,5.39,Completed
476652,8,2020-03-21,Camry,36825.74,5.84,Completed
476653,9,2020-03-23,Tundra,34003.49,4.4,Completed
476654,18,2020-03-19,RAV4,51552.25,5.68,Completed
476655,1,2020-03-12,Prius,23926.89,5.24,Completed
476656,1,2020-03-26,Sienna,44153.63,5.24,Completed
476657,6,2020-03-28,Tacoma,30038.89,3.86,Completed
476658,18,2020-03-27,Camry,41489.64,5.68,Completed
476659,17,2020-03-15,Highlander,46718.49,4.51,Completed
476660,9,2020-03-27,Camry,27603.46,4.4,Completed
476661,11,2020-03-24,Highlander,44564.03,4.16,Completed
476662,17,2020-03-13,Sienna,32955.57,4.51,Completed
476663,19,2020-03-29,Tacoma,38108.8,5.48,Completed
476664,12,2020-03-29,Prius,31430.32,5.65,Completed
476665,20,2020-03-23,Camry,39232.17,5.77,Completed
476666,9,2020-03-08,Tundra,36632.1,4.4,Completed
476667,3,2020-03-16,Camry,38124.09,5.69,Completed
476668,19,2020-03-30,Sienna,44145.85,5.48,Completed
476669,20,2020-03-30,Sienna,46978.9,5.77,Completed
476670,2,2020-03-06,Sienna,37986.84,4.0,Completed
476671,7,2020-03-11,Sienna,44965.53,5.39,Completed
476672,8,2020-03-30,Corolla,29683.32,5.84,Completed
476673,14,2020-03-31,Highlander,58137.76,5.1,Completed
476674,4,2020-03-14,RAV4,33293.07,3.81,Completed
476675,6,2020-03-22,Prius,24095.16,3.86,Completed
476676,17,2020-03-03,Prius,23636.14,4.51,Completed
476677,15,2020-03-02,Tacoma,39849.69,4.86,Completed
476678,19,2020-03-17,Prius,30056.75,5.48,Completed
476679,10,2020-03-09,Corolla,19418.57,4.88,Completed
476680,10,2020-03-08,Camry,30839.6,4.88,Completed
476681,18,2020-03-12,Sienna,48831.68,5.68,Completed
476682,14,2020-03-13,RAV4,38913.05,5.1,Completed
476683,15,2020-03-18,Highlander,58798.34,4.86,Completed
476684,10,2020-03-21,Tundra,33273.85,4.88,Completed
476685,11,2020-03-04,RAV4,31819.9,4.16,Completed
476686,17,2020-03-12,Sienna,32775.59,4.51,Completed
476687,19,2020-03-28,Camry,36094.96,5.48,Completed
476688,13,2020-03-04,Corolla,26745.36,5.61,Completed
476689,18,2020-03-04,Prius,34325.29,5.68,Completed
476690,14,2020-03-13,Prius,28222.56,5.1,Completed
476691,8,2020-03-07,RAV4,42993.17,5.84,Completed
476692,6,2020-03-04,Tundra,34065.88,3.86,Completed
476693,20,2020-03-07,RAV4,43325.92,5.77,Completed
476694,16,2020-03-05,RAV4,45457.2,6.06,Completed
476695,16,2020-03-08,Camry,35961.62,6.06,Completed
476696,7,2020-03-04,Corolla,29576.61,5.39,Completed
476697,2,2020-03-01,Sienna,38012.86,4.0,Completed
476698,8,2020-03-01,Camry,34490.14,5.84,Cancelled
476699,16,2020-03-30,Prius,30961.28,6.06,Completed
476700,20,2020-03-27,Highlander,60533.11,5.77,Completed
476701,2,2020-03-02,Prius,24819.92,4.0,Completed
476702,13,2020-03-04,Tundra,53217.26,5.61,Completed
476703,15,2020-03-23,Highlander,63981.72,4.86,Completed
476704,18,2020-03-11,Tacoma,39920.54,5.68,Completed
476705,6,2020-03-13,RAV4,29620.53,3.86,Completed
476706,4,2020-03-14,Prius,22591.09,3.81,Completed
476707,1,2020-03-20,Tundra,38591.83,5.24,Completed
476708,8,2020-03-10,Highlander,66613.87,5.84,Completed
476709,6,2020-03-30,Sienna,35432.79,3.86,Cancelled
476710,14,2020-03-15,RAV4,40223.56,5.1,Completed
476711,5,2020-03-17,Tacoma,34604.43,5.34,Completed
476712,17,2020-03-09,Highlander,45215.58,4.51,Completed
476713,12,2020-03-25,Sienna,44701.38,5.65,Completed
476714,1,2020-03-25,Highlander,50495.72,5.24,Completed
476715,10,2020-03-21,Prius,22943.15,4.88,Completed
476716,14,2020-03-30,Corolla,27489.38,5.1,Completed
476717,4,2020-03-07,Camry,26732.16,3.81,Completed
476718,3,2020-03-04,Tundra,46692.0,5.69,Completed
476719,7,2020-03-01,Prius,30622.87,5.39,Cancelled
476720,17,2020-03-27,Prius,21906.6,4.51,Completed
476721,9,2020-03-29,Tundra,36256.3,4.4,Completed
476722,3,2020-03-06,RAV4,49204.88,5.69,Completed
476723,6,2020-03-25,Camry,24788.85,3.86,Completed
476724,2,2020-03-15,Corolla,22102.4,4.0,Completed
476725,8,2020-03-05,Prius,31562.98,5.84,Completed
476726,13,2020-03-18,RAV4,43754.34,5.61,Completed
476727,6,2020-03-15,Sienna,33612.23,3.86,Completed
476728,9,2020-03-06,Camry,28886.17,4.4,Completed
476729,6,2020-03-29,RAV4,34733.28,3.86,Completed
476730,16,2020-03-16,Prius,29374.8,6.06,Completed
476731,6,2020-03-26,Camry,29287.61,3.86,Completed
476732,18,2020-03-30,Tacoma,48061.13,5.68,Completed
476733,7,2020-03-19,Corolla,25598.19,5.39,Completed
476734,13,2020-03-06,Tacoma,41102.72,5.61,Completed
476735,10,2020-03-10,Corolla,19987.23,4.88,Completed
476736,11,2020-03-31,Sienna,36361.71,4.16,Completed
476737,1,2020-03-09,Tacoma,32178.14,5.24,Completed
476738,1,2020-03-17,Tacoma,37747.16,5.24,Completed
476739,16,2020-03-10,Corolla,31248.21,6.06,Completed
476740,13,2020-03-24,Tacoma,43174.17,5.61,Completed
476741,5,2020-03-06,Prius,25912.93,5.34,Completed
476742,2,2020-03-23,RAV4,35301.86,4.0,Completed
476743,5,2020-03-02,Highlander,47496.61,5.34,Completed
476744,17,2020-03-02,Tacoma,27853.9,4.51,Completed
476745,9,2020-03-19,Corolla,19052.72,4.4,Completed
476746,4,2020-03-09,Tacoma,27148.9,3.81,Completed
476747,18,2020-03-21,Camry,44736.94,5.68,Completed
476748,15,2020-03-18,Prius,33099.94,4.86,Completed
476749,15,2020-03-04,Corolla,25247.46,4.86,Completed
476750,7,2020-03-11,Tacoma,43335.72,5.39,Completed
476751,15,2020-03-20,Sienna,49400.67,4.86,Completed
476752,4,2020-03-16,Highlander,39948.35,3.81,Completed
476753,17,2020-03-16,Corolla,20557.67,4.51,Completed
476754,20,2020-03-29,RAV4,42258.4,5.77,Completed
476755,19,2020-03-10,Sienna,38490.16,5.48,Completed
476756,4,2020-03-19,Highlander,42936.23,3.81,Completed
476757,15,2020-03-18,Highlander,60421.77,4.86,Completed
476758,2,2020-03-17,Sienna,35357.41,4.0,Completed
476759,20,2020-03-28,Corolla,29514.87,5.77,Completed
476760,14,2020-03-10,Sienna,42984.94,5.1,Completed
476761,5,2020-03-02,Tundra,37398.23,5.34,Completed
476762,19,2020-03-08,Camry,33056.1,5.48,Completed
476763,15,2020-03-07,RAV4,41249.99,4.86,Completed
476764,19,2020-03-22,Camry,32711.81,5.48,Cancelled
476765,7,2020-03-24,RAV4,45968.92,5.39,Completed
476766,13,2020-03-28,Camry,41783.14,5.61,Completed
476767,15,2020-03-29,Tundra,45900.22,4.86,Completed
476768,5,2020-03-06,Corolla,21665.86,5.34,Completed
476769,14,2020-03-14,Highlander,58083.12,5.1,Completed
476770,15,2020-03-12,Sienna,51306.49,4.86,Completed
476771,19,2020-03-25,Highlander,55331.89,5.48,Completed
476772,2,2020-03-03,Tundra,34369.68,4.0,Completed
476773,2,2020-03-22,RAV4,35598.39,4.0,Completed
476774,10,2020-03-12,RAV4,31283.95,4.88,Completed
476775,15,2020-03-10,Tacoma,41118.52,4.86,Completed
476776,11,2020-03-19,RAV4,30697.08,4.16,Completed
476777,7,2020-03-20,Corolla,26060.28,5.39,Completed
476778,5,2020-03-18,Corolla,22408.03,5.34,Completed
476779,3,2020-03-04,Camry,37720.84,5.69,Completed
476780,9,2020-03-29,Camry,29569.09,4.4,Completed
476781,8,2020-03-19,Highlander,61172.95,5.84,Completed
476782,20,2020-03-04,Corolla,25735.61,5.77,Completed
476783,13,2020-03-11,Tacoma,40006.21,5.61,Completed
476784,19,2020-03-28,Corolla,22084.88,5.48,Completed
476785,9,2020-03-09,Tundra,33492.68,4.4,Completed
476786,18,2020-03-17,Corolla,28012.77,5.68,Pending
476787,14,2020-03-10,Corolla,25669.3,5.1,Completed
476788,2,2020-03-07,Tacoma,29143.95,4.0,Completed
476789,13,2020-03-28,Highlander,67909.6,5.61,Completed
476790,19,2020-03-15,Corolla,24335.77,5.48,Completed
476791,2,2020-03-06,Tacoma,33465.3,4.0,Completed
476792,3,2020-03-12,Highlander,59642.82,5.69,Completed
476793,15,2020-03-03,Tacoma,39520.8,4.86,Completed
476794,20,2020-03-02,Sienna,48954.7,5.77,Completed
476795,15,2020-03-29,Camry,36789.18,4.86,Completed
476796,2,2020-03-06,Tacoma,34207.89,4.0,Completed
476797,14,2020-03-30,Highlander,56711.57,5.1,Completed
476798,16,2020-03-07,Corolla,29541.9,6.06,Completed
476799,8,2020-03-26,Camry,34554.64,5.84,Completed
476800,15,2020-03-21,Prius,29979.23,4.86,Completed
476801,18,2020-03-08,Tundra,53424.86,5.68,Completed
476802,12,2020-03-21,Prius,31526.25,5.65,Completed
476803,13,2020-03-12,Camry,41469.42,5.61,Completed
476804,17,2020-03-07,Corolla,18773.51,4.51,Completed
476805,3,2020-03-15,Tacoma,45153.05,5.69,Completed
476806,2,2020-03-24,Sienna,38379.29,4.0,Completed
476807,4,2020-03-15,Camry,24850.88,3.81,Completed
476808,8,2020-03-13,Sienna,45674.74,5.84,Pending
476809,20,2020-03-24,Corolla,29500.67,5.77,Completed
476810,17,2020-03-19,Camry,24490.53,4.51,Completed
476811,20,2020-03-07,Tundra,52202.53,5.77,Completed
476812,2,2020-03-25,Camry,29369.17,4.0,Completed
476813,7,2020-03-25,Sienna,51291.13,5.39,Completed
476814,12,2020-03-16,Sienna,52099.99,5.65,Completed
476815,6,2020-03-22,Tundra,36482.56,3.86,Pending
476816,3,2020-03-12,RAV4,45927.67,5.69,Completed
476817,10,2020-03-06,RAV4,35177.78,4.88,Completed
476818,3,2020-03-03,Prius,29886.57,5.69,Completed
476819,8,2020-03-02,Highlander,56308.36,5.84,Completed
476820,4,2020-03-31,Highlander,39856.0,3.81,Completed
476821,7,2020-03-31,RAV4,41229.83,5.39,Completed
476822,8,2020-03-17,Camry,37829.73,5.84,Completed
476823,17,2020-03-21,Camry,24699.19,4.51,Completed
476824,20,2020-03-08,Highlander,58329.85,5.77,Completed
476825,13,2020-03-16,Camry,35864.3,5.61,Completed
476826,18,2020-03-01,Prius,35857.85,5.68,Completed
476827,16,2020-03-09,Corolla,28206.48,6.06,Completed
476828,16,2020-03-03,Corolla,28700.53,6.06,Completed
476829,5,2020-03-19,Prius,28368.51,5.34,Completed
476830,9,2020-03-27,Tacoma,26998.03,4.4,Completed
476831,1,2020-03-28,RAV4,39094.83,5.24,Completed
476832,11,2020-03-25,Sienna,34654.33,4.16,Completed
476833,19,2020-03-26,RAV4,38576.92,5.48,Completed
476834,7,2020-03-11,Tacoma,43097.12,5.39,Completed
476835,16,2020-03-07,Corolla,26084.14,6.06,Completed
476836,3,2020-03-19,Prius,32574.56,5.69,Completed
476837,1,2020-03-15,RAV4,35102.58,5.24,Completed
476838,8,2020-03-11,Corolla,26412.03,5.84,Completed
476839,6,2020-03-23,Tundra,35066.91,3.86,Completed
476840,1,2020-03-09,RAV4,37275.69,5.24,Completed
476841,11,2020-03-10,Tundra,34681.57,4.16,Completed
476842,6,2020-03-08,RAV4,31083.46,3.86,Completed
476843,7,2020-03-09,Camry,34940.49,5.39,Completed
476844,8,2020-03-09,Tundra,52152.42,5.84,Completed
476845,15,2020-03-11,Tundra,50827.43,4.86,Completed
476846,18,2020-03-03,Tacoma,47534.64,5.68,Completed
476847,9,2020-03-21,Prius,21732.19,4.4,Completed
476848,6,2020-03-18,RAV4,32309.81,3.86,Completed
476849,2,2020-03-09,Camry,30352.14,4.0,Completed
476850,9,2020-03-28,Highlander,44906.14,4.4,Completed
476851,11,2020-03-03,Tacoma,31388.1,4.16,Completed
476852,4,2020-03-18,Sienna,35745.9,3.81,Completed
476853,6,2020-03-31,Corolla,20294.11,3.86,Cancelled
476854,4,2020-03-20,Camry,28829.25,3.81,Completed
476855,6,2020-03-24,Prius,20555.78,3.86,Pending
476856,11,2020-03-30,RAV4,30716.58,4.16,Completed
476857,16,2020-03-27,Prius,33218.7,6.06,Completed
476858,14,2020-03-21,RAV4,41734.67,5.1,Completed
476859,4,2020-03-19,Prius,22019.21,3.81,Completed
476860,1,2020-03-17,Prius,25271.2,5.24,Completed
476861,4,2020-03-07,Camry,24524.88,3.81,Pending
476862,1,2020-03-11,Corolla,22586.93,5.24,Completed
476863,12,2020-03-30,Camry,38739.8,5.65,Completed
476864,7,2020-03-08,Tacoma,44017.51,5.39,Completed
476865,6,2020-03-05,Highlander,47123.99,3.86,Completed
476866,14,2020-03-06,Sienna,47504.22,5.1,Completed
476867,17,2020-03-27,Prius,23381.49,4.51,Completed
476868,12,2020-03-17,RAV4,40048.85,5.65,Completed
476869,6,2020-03-12,Tacoma,26685.31,3.86,Completed
476870,14,2020-03-13,Tundra,48001.27,5.1,Completed
476871,2,2020-03-12,Camry,30229.17,4.0,Completed
476872,18,2020-03-13,Tundra,49017.84,5.68,Completed
476873,10,2020-03-29,RAV4,36208.02,4.88,Completed
476874,19,2020-03-05,Highlander,55014.04,5.48,Completed
476875,11,2020-03-15,Prius,24493.27,4.16,Completed
476876,8,2020-03-07,Tacoma,41809.43,5.84,Completed
476877,4,2020-03-31,RAV4,28047.0,3.81,Completed
476878,12,2020-03-21,RAV4,40161.28,5.65,Completed
476879,4,2020-03-11,Camry,26432.37,3.81,Cancelled
476880,1,2020-03-09,Sienna,41792.46,5.24,Completed
476881,3,2020-03-08,Camry,40244.6,5.69,Completed
476882,2,2020-03-27,Tacoma,34497.39,4.0,Completed
476883,5,2020-03-06,Tacoma,37460.85,5.34,Completed
476884,19,2020-03-23,Tundra,39162.53,5.48,Completed
476885,14,2020-03-27,Sienna,43622.3,5.1,Completed
476886,7,2020-03-28,Camry,35665.15,5.39,Completed
476887,7,2020-03-13,Camry,37573.56,5.39,Completed
476888,19,2020-03-20,Sienna,46493.24,5.48,Completed
476889,17,2020-03-25,Corolla,21028.36,4.51,Completed
476890,12,2020-03-22,Prius,33061.24,5.65,Completed
476891,8,2020-03-04,Prius,29266.95,5.84,Completed
476892,3,2020-03-16,Corolla,29383.27,5.69,Completed
476893,13,2020-03-29,Tacoma,39481.42,5.61,Completed
476894,14,2020-03-25,Highlander,61745.13,5.1,Completed
476895,18,2020-03-06,RAV4,45058.84,5.68,Completed
476896,16,2020-03-18,Highlander,60827.46,6.06,Completed
476897,14,2020-03-16,Highlander,60911.79,5.1,Completed
476898,16,2020-03-11,Sienna,51400.93,6.06,Completed
476899,12,2020-03-30,Tundra,48445.98,5.65,Completed
476900,20,2020-03-21,Corolla,28175.41,5.77,Pending
476901,2,2020-03-01,Tacoma,32454.19,4.0,Completed
476902,9,2020-03-06,Tacoma,32682.31,4.4,Completed
476903,16,2020-03-18,Corolla,30956.37,6.06,Completed
476904,2,2020-03-02,RAV4,33335.3,4.0,Completed
476905,8,2020-03-07,Prius,32908.25,5.84,Completed
476906,12,2020-03-25,Tacoma,43190.9,5.65,Completed
476907,3,2020-03-28,Corolla,29026.1,5.69,Completed
476908,10,2020-03-05,Highlander,48381.36,4.88,Completed
476909,6,2020-03-04,Highlander,40495.72,3.86,Completed
476910,8,2020-03-01,Sienna,49592.92,5.84,Completed
476911,10,2020-03-28,Camry,31143.91,4.88,Completed
476912,9,2020-03-14,Prius,24470.77,4.4,Completed
476913,19,2020-03-22,Camry,32053.66,5.48,Completed
476914,2,2020-03-20,Corolla,22608.24,4.0,Completed
476915,19,2020-03-16,Tacoma,37352.44,5.48,Completed
476916,6,2020-03-19,Highlander,40647.58,3.86,Completed
476917,18,2020-03-16,Tacoma,40771.67,5.68,Cancelled
476918,14,2020-03-03,Tundra,48424.18,5.1,Completed
476919,10,2020-03-21,Tundra,34523.51,4.88,Completed
476920,12,2020-03-26,Highlander,60312.84,5.65,Completed
476921,4,2020-03-27,Corolla,20822.13,3.81,Completed
476922,8,2020-03-10,Corolla,27487.59,5.84,Completed
476923,18,2020-03-28,RAV4,46691.0,5.68,Completed
476924,3,2020-03-03,Tacoma,41836.99,5.69,Completed
476925,3,2020-03-27,Camry,43549.81,5.69,Completed
476926,7,2020-03-01,Tacoma,37863.08,5.39,Completed
476927,5,2020-03-26,Tundra,45414.31,5.34,Completed
476928,9,2020-03-22,Prius,22191.59,4.4,Completed
476929,5,2020-03-02,Tacoma,36796.91,5.34,Completed
476930,2,2020-03-12,Highlander,49275.62,4.0,Completed
476931,8,2020-03-11,Tundra,53690.16,5.84,Completed
476932,17,2020-03-30,Highlander,43059.35,4.51,Completed
476933,9,2020-03-27,Prius,21168.73,4.4,Completed
476934,11,2020-03-25,Camry,28960.02,4.16,Completed
476935,1,2020-03-13,Sienna,44711.48,5.24,Completed
476936,10,2020-03-14,Prius,25596.45,4.88,Completed
476937,11,2020-03-21,Sienna,36538.49,4.16,Completed
476938,2,2020-03-28,Sienna,39972.41,4.0,Completed
476939,6,2020-03-12,Highlander,47962.29,3.86,Completed
476940,15,2020-03-31,RAV4,44361.2,4.86,Completed
476941,2,2020-03-02,Camry,27994.46,4.0,Completed
476942,5,2020-03-07,RAV4,34383.97,5.34,Completed
476943,15,2020-03-19,Prius,32919.25,4.86,Completed
476944,18,2020-03-10,Highlander,71519.1,5.68,Completed
476945,20,2020-03-14,RAV4,42995.49,5.77,Completed
476946,9,2020-03-11,Highlander,42600.57,4.4,Completed
476947,5,2020-03-23,RAV4,34557.9,5.34,Completed
476948,5,2020-03-11,Camry,30465.0,5.34,Completed
476949,6,2020-03-08,Highlander,48156.13,3.86,Completed
476950,5,2020-03-02,Corolla,25907.98,5.34,Completed
476951,10,2020-03-24,Prius,21469.2,4.88,Cancelled
476952,18,2020-03-26,Tundra,53327.88,5.68,Completed
476953,8,2020-03-18,Highlander,64936.88,5.84,Completed
476954,4,2020-03-04,Prius,21211.39,3.81,Completed
476955,12,2020-03-17,Tundra,48768.58,5.65,Completed
476956,4,2020-03-21,Tacoma,27437.55,3.81,Completed
476957,9,2020-03-07,Highlander,42587.26,4.4,Completed
476958,7,2020-03-28,Tacoma,38116.57,5.39,Completed
476959,7,2020-03-29,Camry,37889.29,5.39,Completed
476960,19,2020-03-05,Tacoma,36951.25,5.48,Completed
476961,4,2020-03-26,Tundra,35942.6,3.81,Completed
476962,3,2020-03-02,RAV4,45809.09,5.69,Completed
476963,6,2020-03-07,Corolla,20767.83,3.86,Completed
476964,7,2020-03-22,Tacoma,45471.95,5.39,Completed
476965,6,2020-03-05,Tacoma,28344.61,3.86,Completed
476966,20,2020-03-08,Highlander,65035.81,5.77,Completed
476967,5,2020-03-19,Highlander,47451.15,5.34,Completed
476968,20,2020-03-20,Tundra,47845.54,5.77,Completed
476969,8,2020-03-25,Tacoma,42181.59,5.84,Completed
476970,10,2020-03-22,RAV4,32080.61,4.88,Completed
476971,16,2020-03-22,Prius,30538.66,6.06,Completed
476972,9,2020-03-12,Corolla,21509.86,4.4,Completed
476973,9,2020-03-16,Tacoma,27295.47,4.4,Completed
476974,6,2020-03-06,Camry,26152.04,3.86,Completed
476975,12,2020-03-18,Sienna,51784.35,5.65,Completed
476976,3,2020-03-03,Prius,33009.34,5.69,Completed
476977,11,2020-03-12,RAV4,31929.63,4.16,Completed
476978,7,2020-03-05,Camry,38961.81,5.39,Completed
476979,5,2020-03-16,Camry,29353.0,5.34,Completed
476980,9,2020-03-25,Tacoma,29390.73,4.4,Completed
476981,15,2020-03-14,Tundra,46931.62,4.86,Completed
476982,20,2020-03-04,Corolla,28205.21,5.77,Completed
476983,16,2020-03-14,Highlander,66743.1,6.06,Completed
476984,12,2020-03-29,Camry,34962.82,5.65,Completed
476985,8,2020-03-27,Highlander,61169.23,5.84,Completed
476986,7,2020-03-31,Tundra,48939.62,5.39,Completed
476987,8,2020-03-27,Highlander,65420.63,5.84,Completed
476988,13,2020-03-25,Highlander,63443.47,5.61,Completed
476989,6,2020-03-26,Camry,27716.85,3.86,Completed
476990,9,2020-03-03,Tundra,35334.18,4.4,Completed
476991,9,2020-03-10,Corolla,19794.53,4.4,Completed
476992,14,2020-03-31,RAV4,40649.06,5.1,Completed
476993,13,2020-03-27,Prius,30764.26,5.61,Pending
476994,14,2020-03-30,Highlander,57331.0,5.1,Completed
476995,17,2020-03-11,Prius,20813.9,4.51,Completed
476996,9,2020-03-01,Tacoma,27838.39,4.4,Completed
476997,6,2020-03-15,Prius,24275.09,3.86,Completed
476998,7,2020-03-22,Camry,36691.35,5.39,Completed
476999,15,2020-03-06,RAV4,47645.99,4.86,Completed
477000,14,2020-03-18,Camry,35481.88,5.1,Completed
477001,20,2020-03-28,Camry,39579.7,5.77,Completed
477002,15,2020-03-07,Tundra,52205.8,4.86,Completed
477003,5,2020-03-23,Tacoma,35264.31,5.34,Pending
477004,19,2020-03-19,Sienna,42004.95,5.48,Completed
477005,17,2020-03-13,RAV4,30996.51,4.51,Completed
477006,4,2020-03-27,Corolla,19942.04,3.81,Completed
477007,15,2020-03-26,Tundra,50845.26,4.86,Completed
477008,16,2020-03-16,Camry,39977.73,6.06,Completed
477009,12,2020-03-11,Camry,40317.31,5.65,Completed
477010,19,2020-03-18,Tundra,46700.59,5.48,Completed
477011,4,2020-03-31,Tacoma,30278.51,3.81,Completed
477012,15,2020-03-28,Tundra,48531.79,4.86,Completed
477013,10,2020-03-13,Tacoma,33613.16,4.88,Completed
477014,19,2020-03-28,Highlander,54016.8,5.48,Completed
477015,19,2020-03-11,Tundra,45160.39,5.48,Completed
477016,1,2020-03-26,Corolla,23500.65,5.24,Completed
477017,1,2020-03-30,Camry,34676.56,5.24,Cancelled
477018,11,2020-03-05,Prius,21204.13,4.16,Completed
477019,7,2020-03-08,Highlander,67118.49,5.39,Pending
477020,9,2020-03-20,Tundra,38870.84,4.4,Completed
477021,15,2020-03-19,Corolla,28678.51,4.86,Completed
477022,16,2020-03-07,Sienna,47212.98,6.06,Completed
477023,17,2020-03-31,Sienna,32563.89,4.51,Completed
477024,1,2020-03-10,Tundra,44263.84,5.24,Completed
477025,9,2020-03-11,Tacoma,28739.97,4.4,Completed
477026,6,2020-03-19,Camry,29254.3,3.86,Completed
477027,11,2020-03-22,Sienna,37632.05,4.16,Completed
477028,19,2020-03-11,Tundra,45842.02,5.48,Completed
477029,14,2020-03-21,Camry,33388.7,5.1,Completed
477030,13,2020-03-03,Tacoma,38979.93,5.61,Pending
477031,7,2020-03-22,RAV4,43493.07,5.39,Completed
477032,8,2020-03-16,Prius,32104.88,5.84,Completed
477033,20,2020-03-25,Prius,31860.76,5.77,Completed
477034,7,2020-03-20,Prius,31577.23,5.39,Completed
477035,9,2020-03-23,Tundra,35195.79,4.4,Pending
477036,13,2020-03-31,Sienna,48534.59,5.61,Completed
477037,7,2020-03-02,Corolla,28872.91,5.39,Completed
477038,4,2020-03-31,Tundra,31503.57,3.81,Completed
477039,17,2020-03-14,Sienna,30996.11,4.51,Completed
477040,20,2020-03-06,Tacoma,42127.07,5.77,Completed
477041,16,2020-03-07,Tundra,53135.68,6.06,Completed
477042,11,2020-03-02,Prius,23970.55,4.16,Completed
477043,18,2020-03-05,Highlander,67343.43,5.68,Completed
477044,17,2020-03-23,Camry,27543.86,4.51,Completed
477045,4,2020-03-05,Prius,23445.51,3.81,Completed
477046,6,2020-03-13,Sienna,33301.51,3.86,Completed
477047,8,2020-03-30,Tundra,49171.3,5.84,Completed
477048,14,2020-03-21,RAV4,46621.12,5.1,Completed
477049,1,2020-03-24,Camry,32309.27,5.24,Completed
477050,4,2020-03-23,RAV4,29499.33,3.81,Completed
477051,14,2020-03-31,Highlander,55729.08,5.1,Completed
477052,6,2020-03-25,Prius,23150.5,3.86,Completed
477053,15,2020-03-22,Prius,33069.69,4.86,Completed
477054,14,2020-03-21,Sienna,46012.75,5.1,Completed
477055,17,2020-03-08,RAV4,31008.71,4.51,Completed
477056,7,2020-03-02,RAV4,48888.03,5.39,Completed
477057,1,2020-03-02,RAV4,39744.11,5.24,Completed
477058,8,2020-03-06,Highlander,59492.01,5.84,Completed
477059,1,2020-03-13,Camry,33080.69,5.24,Completed
477060,6,2020-03-09,Sienna,32821.29,3.86,Completed
477061,16,2020-03-26,Tacoma,44050.51,6.06,Cancelled
477062,13,2020-03-17,Highlander,63345.93,5.61,Completed
477063,8,2020-03-02,Prius,30135.42,5.84,Completed
477064,2,2020-03-20,Corolla,21047.09,4.0,Completed
477065,12,2020-03-15,Corolla,27731.26,5.65,Completed
477066,12,2020-03-12,RAV4,45295.31,5.65,Completed
477067,9,2020-03-29,RAV4,33415.52,4.4,Completed
477068,9,2020-03-19,Camry,26546.54,4.4,Completed
477069,20,2020-03-16,Corolla,29617.62,5.77,Completed
477070,15,2020-03-16,Prius,32630.75,4.86,Completed
477071,13,2020-03-11,RAV4,44656.88,5.61,Completed
477072,1,2020-03-09,RAV4,39837.06,5.24,Completed
477073,3,2020-03-05,RAV4,50589.17,5.69,Completed
477074,18,2020-03-23,RAV4,44385.92,5.68,Completed
477075,7,2020-03-23,Highlander,61851.62,5.39,Completed
477076,2,2020-03-20,RAV4,34376.97,4.0,Cancelled
477077,13,2020-03-22,Prius,33574.68,5.61,Completed
477078,2,2020-03-30,Camry,29030.64,4.0,Completed
477079,10,2020-03-17,Sienna,35313.07,4.88,Completed
477080,15,2020-03-10,Camry,38060.68,4.86,Completed
477081,17,2020-03-31,RAV4,34242.23,4.51,Completed
477082,15,2020-03-01,Camry,36500.01,4.86,Completed
477083,4,2020-03-27,Tundra,32379.91,3.81,Completed
477084,19,2020-03-04,Camry,32708.29,5.48,Completed
477085,18,2020-03-07,Corolla,31980.62,5.68,Completed
477086,18,2020-03-07,Sienna,53691.5,5.68,Completed
477087,1,2020-03-30,Corolla,22146.52,5.24,Cancelled
477088,13,2020-03-31,Tacoma,43494.64,5.61,Completed
477089,6,2020-03-09,Tundra,34944.33,3.86,Completed
477090,6,2020-03-03,Tacoma,27658.68,3.86,Completed
477091,15,2020-03-27,Corolla,26817.12,4.86,Completed
477092,18,2020-03-31,Prius,33089.06,5.68,Completed
477093,9,2020-03-17,RAV4,33687.58,4.4,Completed
477094,15,2020-03-08,Highlander,55554.02,4.86,Cancelled
477095,5,2020-03-22,Prius,26604.39,5.34,Completed
477096,20,2020-03-07,Highlander,68587.0,5.77,Completed
477097,7,2020-03-20,Corolla,29618.57,5.39,Pending
477098,7,2020-03-05,Tacoma,38062.57,5.39,Completed
477099,11,2020-03-13,Corolla,20224.94,4.16,Completed
477100,15,2020-03-01,Sienna,50091.82,4.86,Completed
477101,11,2020-03-06,Highlander,45989.45,4.16,Pending
477102,7,2020-03-11,Camry,38056.25,5.39,Completed
477103,7,2020-03-31,Tacoma,44116.96,5.39,Completed
477104,6,2020-03-11,Corolla,19003.63,3.86,Completed
477105,11,2020-03-21,Tacoma,28501.76,4.16,Cancelled
477106,7,2020-03-26,Tacoma,39499.51,5.39,Completed
477107,9,2020-03-26,Prius,22101.23,4.4,Completed
477108,7,2020-03-14,Corolla,28153.94,5.39,Completed
477109,10,2020-03-24,Tacoma,28645.31,4.88,Completed
477110,2,2020-03-05,RAV4,33301.46,4.0,Completed
477111,4,2020-03-17,Highlander,43045.87,3.81,Completed
477112,8,2020-03-07,Camry,39580.46,5.84,Completed
477113,8,2020-03-15,Camry,35066.13,5.84,Completed
477114,5,2020-03-05,RAV4,40400.3,5.34,Completed
477115,1,2020-03-11,Tacoma,35564.84,5.24,Completed
477116,5,2020-03-22,Tundra,41415.91,5.34,Completed
477117,18,2020-03-02,Camry,43662.19,5.68,Completed
477118,19,2020-03-24,Corolla,25288.84,5.48,Completed
477119,5,2020-03-20,Tundra,39258.85,5.34,Completed
477120,6,2020-03-13,Highlander,43805.48,3.86,Completed
477121,7,2020-03-24,Corolla,30775.15,5.39,Completed
477122,12,2020-03-13,Camry,37219.47,5.65,Completed
477123,11,2020-03-29,Highlander,43458.38,4.16,Completed
477124,5,2020-03-21,Sienna,42193.56,5.34,Completed
477125,8,2020-03-19,Highlander,67086.57,5.84,Completed
477126,1,2020-03-26,Tundra,37421.78,5.24,Completed
477127,10,2020-03-18,Sienna,38961.94,4.88,Completed
477128,16,2020-03-30,Tundra,50009.49,6.06,Completed
477129,7,2020-03-25,Highlander,65900.18,5.39,Completed
477130,12,2020-03-04,Prius,28889.16,5.65,Completed
477131,11,2020-03-19,Camry,29473.65,4.16,Completed
477132,2,2020-03-22,Corolla,19843.04,4.0,Completed
477133,15,2020-03-14,Prius,30996.78,4.86,Completed
477134,16,2020-03-02,Highlander,61467.23,6.06,Pending
477135,19,2020-03-31,Prius,26540.7,5.48,Completed
477136,14,2020-03-13,Sienna,42657.29,5.1,Completed
477137,13,2020-03-24,RAV4,48164.94,5.61,Completed
477138,9,2020-03-05,Highlander,49092.0,4.4,Completed
477139,1,2020-03-02,RAV4,37475.2,5.24,Completed
477140,18,2020-03-26,Tacoma,44425.33,5.68,Completed
477141,15,2020-03-10,Sienna,46023.65,4.86,Completed
477142,17,2020-03-23,Tacoma,28611.77,4.51,Completed
477143,20,2020-03-29,Camry,36116.31,5.77,Completed
477144,6,2020-03-10,Camry,25413.04,3.86,Completed
477145,11,2020-03-09,RAV4,35715.9,4.16,Completed
477146,10,2020-03-04,Camry,30264.91,4.88,Completed
477147,13,2020-03-15,Tacoma,39916.61,5.61,Completed
477148,20,2020-03-23,Camry,37384.37,5.77,Completed
477149,20,2020-03-05,Highlander,65525.89,5.77,Completed
477150,4,2020-03-24,Camry,27619.04,3.81,Completed
477151,19,2020-03-07,Tacoma,32779.72,5.48,Completed
477152,13,2020-03-02,RAV4,45528.34,5.61,Cancelled
477153,20,2020-03-18,Prius,32187.85,5.77,Completed
477154,1,2020-03-29,Camry,31173.66,5.24,Completed
477155,19,2020-03-27,Prius,26346.52,5.48,Completed
477156,10,2020-03-11,Tundra,40259.94,4.88,Completed
477157,17,2020-03-07,Sienna,33707.67,4.51,Completed
477158,9,2020-03-30,Highlander,42450.84,4.4,Completed
477159,6,2020-03-04,Tundra,33679.81,3.86,Completed
477160,15,2020-03-29,Tacoma,37632.95,4.86,Completed
477161,16,2020-03-11,Camry,35275.93,6.06,Completed
477162,9,2020-03-22,Tacoma,28506.14,4.4,Completed
477163,12,2020-03-19,Prius,30616.13,5.65,Completed
477164,5,2020-03-08,Tundra,43142.01,5.34,Completed
477165,11,2020-03-04,Tundra,32503.95,4.16,Completed
477166,20,2020-03-15,Tacoma,40476.53,5.77,Completed
477167,3,2020-03-04,Prius,30887.29,5.69,Completed
477168,7,2020-03-24,Tundra,53212.27,5.39,Cancelled
477169,6,2020-03-01,Sienna,33541.21,3.86,Completed
477170,16,2020-03-10,RAV4,44898.46,6.06,Completed
477171,1,2020-03-15,RAV4,38521.08,5.24,Completed
477172,7,2020-03-09,Tundra,50493.24,5.39,Completed
477173,13,2020-03-06,Corolla,28242.03,5.61,Completed
477174,18,2020-03-09,Tacoma,43390.93,5.68,Completed
477175,6,2020-03-02,Highlander,41391.97,3.86,Completed
477176,9,2020-03-18,Tacoma,29493.64,4.4,Completed
477177,18,2020-03-31,Tundra,48084.71,5.68,Cancelled
477178,6,2020-03-10,Tacoma,31361.99,3.86,Pending
477179,19,2020-03-12,Tundra,43482.61,5.48,Completed
477180,19,2020-03-05,Camry,30104.32,5.48,Completed
477181,3,2020-03-26,Sienna,45765.94,5.69,Completed
477182,15,2020-03-12,RAV4,42123.44,4.86,Completed
477183,16,2020-03-07,RAV4,46016.02,6.06,Completed
477184,20,2020-03-18,RAV4,41580.76,5.77,Completed
477185,6,2020-03-30,Corolla,19975.29,3.86,Completed
477186,15,2020-03-19,Camry,39219.38,4.86,Completed
477187,5,2020-03-24,Prius,27360.59,5.34,Completed
477188,4,2020-03-22,Tacoma,31145.7,3.81,Completed
477189,2,2020-03-29,Sienna,38587.26,4.0,Completed
477190,16,2020-03-18,Tundra,46028.11,6.06,Completed
477191,10,2020-03-04,Prius,22865.88,4.88,Completed
477192,9,2020-03-16,Corolla,18540.99,4.4,Completed
477193,20,2020-03-23,Tacoma,43618.37,5.77,Completed
477194,12,2020-03-05,Tundra,47068.19,5.65,Completed
477195,18,2020-03-09,Corolla,27548.49,5.68,Completed
477196,11,2020-03-08,Sienna,35297.35,4.16,Completed
477197,12,2020-03-04,Corolla,29286.98,5.65,Completed
477198,8,2020-03-28,Corolla,25212.01,5.84,Completed
477199,13,2020-03-17,Sienna,50836.67,5.61,Completed
477200,9,2020-03-31,Corolla,20962.2,4.4,Completed
477201,14,2020-03-22,Tacoma,40168.63,5.1,Completed
477202,19,2020-03-05,Tundra,43070.81,5.48,Completed
477203,14,2020-03-10,Corolla,26772.53,5.1,Completed
477204,19,2020-03-10,Prius,27980.94,5.48,Completed
477205,17,2020-03-07,Tacoma,27314.49,4.51,Completed
477206,1,2020-03-02,Prius,24199.32,5.24,Completed
477207,13,2020-03-08,Tacoma,44255.13,5.61,Completed
477208,20,2020-03-10,Sienna,53805.55,5.77,Completed
477209,14,2020-03-02,RAV4,42372.29,5.1,Completed
477210,8,2020-03-18,Tacoma,37756.88,5.84,Completed
477211,11,2020-03-25,RAV4,32781.73,4.16,Pending
477212,2,2020-03-29,Prius,25260.03,4.0,Completed
477213,17,2020-03-31,Corolla,20656.62,4.51,Completed
477214,5,2020-03-22,Tundra,39014.04,5.34,Cancelled
477215,8,2020-03-11,Highlander,68126.07,5.84,Completed
477216,5,2020-03-15,Prius,27223.35,5.34,Completed
477217,6,2020-03-25,Camry,25076.6,3.86,Completed
477218,5,2020-03-07,Sienna,39930.34,5.34,Completed
477219,13,2020-03-03,Highlander,62425.64,5.61,Completed
477220,10,2020-03-12,Tacoma,31738.19,4.88,Completed
477221,15,2020-03-24,Camry,38229.1,4.86,Completed
477222,10,2020-03-01,Tacoma,31755.09,4.88,Completed
477223,6,2020-03-06,Sienna,33439.01,3.86,Completed
477224,14,2020-03-02,Prius,31397.3,5.1,Completed
477225,4,2020-03-28,Corolla,19464.21,3.81,Completed
477226,11,2020-03-29,Highlander,45215.94,4.16,Completed
477227,13,2020-03-31,Tundra,47701.95,5.61,Completed
477228,16,2020-03-26,Tundra,55029.98,6.06,Completed
477229,16,2020-03-07,Tacoma,43047.59,6.06,Completed
477230,1,2020-03-28,RAV4,38147.02,5.24,Completed
477231,9,2020-03-13,Camry,26842.13,4.4,Completed
477232,5,2020-03-11,Tacoma,32595.54,5.34,Completed
477233,15,2020-03-02,RAV4,45567.08,4.86,Completed
477234,3,2020-03-28,Camry,40583.92,5.69,Completed
477235,18,2020-03-21,Camry,41754.02,5.68,Completed
477236,2,2020-03-21,Corolla,21363.04,4.0,Completed
477237,15,2020-03-29,Tacoma,40705.89,4.86,Completed
477238,5,2020-03-22,Prius,26007.2,5.34,Completed
477239,17,2020-03-26,Camry,28950.14,4.51,Completed
477240,7,2020-03-10,Corolla,27206.75,5.39,Completed
477241,8,2020-03-04,Highlander,65591.25,5.84,Completed
477242,7,2020-03-19,Corolla,30337.7,5.39,Completed
477243,9,2020-03-13,Sienna,32509.71,4.4,Completed
477244,4,2020-03-03,Highlander,42749.21,3.81,Completed
477245,13,2020-03-18,Tundra,52555.71,5.61,Completed
477246,20,2020-03-29,Corolla,25526.86,5.77,Completed
477247,5,2020-03-05,Prius,24735.35,5.34,Completed
477248,14,2020-03-20,Highlander,60891.4,5.1,Completed
477249,7,2020-03-08,Camry,38346.75,5.39,Completed
477250,11,2020-03-26,Sienna,32840.82,4.16,Completed
477251,2,2020-03-28,Highlander,47914.29,4.0,Completed
477252,8,2020-03-14,Corolla,29208.57,5.84,Completed
477253,19,2020-03-11,Prius,25207.58,5.48,Completed
477254,18,2020-03-19,RAV4,46812.55,5.68,Completed
477255,18,2020-03-14,Highlander,72158.38,5.68,Completed
477256,1,2020-03-23,Camry,30437.35,5.24,Pending
477257,10,2020-03-17,Corolla,22864.93,4.88,Completed
477258,6,2020-03-24,Camry,25446.36,3.86,Completed
477259,6,2020-03-31,Tacoma,31332.93,3.86,Completed
477260,18,2020-03-27,Corolla,29949.29,5.68,Completed
477261,9,2020-03-27,Prius,24864.8,4.4,Completed
477262,16,2020-03-02,Tundra,52866.62,6.06,Completed
477263,5,2020-03-07,Sienna,37495.12,5.34,Completed
477264,14,2020-03-06,Prius,32202.72,5.1,Completed
477265,5,2020-03-27,Camry,32727.87,5.34,Completed
477266,8,2020-03-23,Prius,33768.3,5.84,Completed
477267,20,2020-03-27,Tacoma,44559.04,5.77,Completed
477268,10,2020-03-17,Highlander,42365.76,4.88,Completed
477269,6,2020-03-04,Prius,22351.49,3.86,Completed
477270,4,2020-03-14,Tundra,32764.75,3.81,Completed
477271,9,2020-03-09,RAV4,35129.44,4.4,Completed
477272,15,2020-03-16,Sienna,51382.28,4.86,Completed
477273,5,2020-03-11,Tacoma,37802.83,5.34,Completed
477274,19,2020-03-22,Tacoma,34380.2,5.48,Completed
477275,9,2020-03-22,Tacoma,31592.03,4.4,Completed
477276,5,2020-03-12,Tundra,38643.55,5.34,Completed
477277,5,2020-03-06,RAV4,41139.73,5.34,Completed
477278,17,2020-03-08,Highlander,40563.11,4.51,Completed
477279,15,2020-03-18,Tacoma,39394.2,4.86,Completed
477280,14,2020-03-24,Camry,33877.12,5.1,Completed
477281,5,2020-03-18,Camry,32363.01,5.34,Completed
477282,15,2020-03-05,RAV4,46025.9,4.86,Completed
477283,2,2020-03-06,Highlander,45512.3,4.0,Completed
477284,14,2020-03-16,Corolla,28195.94,5.1,Completed
477285,13,2020-03-30,RAV4,45049.11,5.61,Completed
477286,10,2020-03-20,Corolla,18852.4,4.88,Pending
477287,20,2020-03-30,RAV4,49278.43,5.77,Completed
477288,18,2020-03-08,RAV4,49368.62,5.68,Completed
477289,2,2020-03-28,RAV4,33894.89,4.0,Completed
477290,4,2020-03-13,Camry,28812.09,3.81,Completed
477291,7,2020-03-14,Corolla,25790.15,5.39,Completed
477292,14,2020-03-14,Camry,32896.15,5.1,Completed
477293,12,2020-03-10,Tundra,44197.23,5.65,Completed
477294,2,2020-03-20,RAV4,35748.97,4.0,Completed
477295,18,2020-03-03,Highlander,67910.58,5.68,Completed
477296,9,2020-03-30,Tacoma,28097.51,4.4,Completed
477297,12,2020-03-10,Prius,33573.68,5.65,Completed
477298,3,2020-03-31,Camry,41233.59,5.69,Completed
477299,20,2020-03-02,Tundra,51857.25,5.77,Completed
477300,20,2020-03-01,Sienna,48881.0,5.77,Cancelled
477301,14,2020-03-21,Prius,32668.6,5.1,Completed
477302,7,2020-03-13,Camry,42424.94,5.39,Completed
477303,11,2020-03-30,Prius,22092.22,4.16,Completed
477304,7,2020-03-10,Sienna,52071.89,5.39,Completed
477305,3,2020-03-17,Prius,30796.99,5.69,Completed
477306,7,2020-03-05,Tundra,50523.86,5.39,Completed
477307,17,2020-03-08,Sienna,36056.93,4.51,Completed
477308,4,2020-03-06,Camry,24367.8,3.81,Completed
477309,7,2020-03-30,Highlander,63584.59,5.39,Completed
477310,19,2020-03-27,Camry,33036.36,5.48,Completed
477311,9,2020-03-12,Sienna,32551.5,4.4,Completed
477312,10,2020-03-05,Sienna,37592.14,4.88,Completed
477313,14,2020-03-30,Highlander,64718.25,5.1,Completed
477314,19,2020-03-17,Sienna,40946.13,5.48,Completed
477315,7,2020-03-02,Highlander,66128.08,5.39,Completed
477316,4,2020-03-13,Sienna,32454.51,3.81,Completed
477317,1,2020-03-25,Prius,29032.11,5.24,Completed
477318,1,2020-03-13,Highlander,51138.36,5.24,Completed
477319,15,2020-03-13,Tacoma,38381.99,4.86,Completed
477320,10,2020-03-15,Tundra,38383.36,4.88,Cancelled
477321,7,2020-03-17,Corolla,29354.81,5.39,Completed
477322,9,2020-03-05,Highlander,42295.04,4.4,Completed
477323,13,2020-03-31,Camry,39787.19,5.61,Completed
477324,7,2020-03-07,Sienna,50140.38,5.39,Completed
477325,18,2020-03-06,Tacoma,46505.51,5.68,Completed
477326,11,2020-03-23,Sienna,35161.65,4.16,Completed
477327,3,2020-03-13,Prius,35285.09,5.69,Completed
477328,16,2020-03-15,Tacoma,38863.85,6.06,Completed
477329,16,2020-03-14,Corolla,26404.6,6.06,Completed
477330,16,2020-03-21,Corolla,29914.82,6.06,Completed
477331,17,2020-03-18,Sienna,32729.74,4.51,Cancelled
477332,15,2020-03-30,Corolla,30078.22,4.86,Completed
477333,1,2020-03-10,Highlander,49676.24,5.24,Completed
477334,6,2020-03-28,Prius,20652.79,3.86,Completed
477335,16,2020-03-17,Highlander,65971.21,6.06,Completed
477336,6,2020-03-15,Tundra,35399.08,3.86,Completed
477337,7,2020-03-30,Highlander,60933.64,5.39,Cancelled
477338,5,2020-03-23,Corolla,22337.14,5.34,Completed
477339,14,2020-03-01,Tundra,46432.26,5.1,Completed
477340,13,2020-03-27,Camry,36750.03,5.61,Completed
477341,8,2020-03-04,Tundra,47514.06,5.84,Completed
477342,13,2020-03-31,Tacoma,45165.22,5.61,Completed
477343,20,2020-03-23,Sienna,51429.81,5.77,Completed
477344,9,2020-03-16,Tacoma,27787.08,4.4,Completed
477345,16,2020-03-11,Prius,31312.34,6.06,Completed
477346,10,2020-03-10,Prius,22532.04,4.88,Completed
477347,18,2020-03-25,Corolla,28431.24,5.68,Completed
477348,4,2020-03-03,Sienna,32162.0,3.81,Completed
477349,20,2020-03-03,Camry,36395.89,5.77,Completed
477350,11,2020-03-06,Highlander,45716.34,4.16,Completed
477351,19,2020-03-26,Sienna,42741.97,5.48,Completed
477352,19,2020-03-22,Tacoma,38723.38,5.48,Completed
477353,12,2020-03-01,Camry,35925.77,5.65,Completed
477354,9,2020-03-11,RAV4,34008.48,4.4,Completed
477355,3,2020-03-11,Tacoma,40325.26,5.69,Completed
477356,9,2020-03-23,Camry,25345.28,4.4,Completed
477357,6,2020-03-20,Tacoma,27451.29,3.86,Completed
477358,17,2020-03-31,Tundra,34740.87,4.51,Cancelled
477359,5,2020-03-25,RAV4,38348.34,5.34,Completed
477360,10,2020-03-07,Highlander,44324.76,4.88,Completed
477361,20,2020-03-06,Corolla,25705.82,5.77,Completed
477362,8,2020-03-17,Sienna,50200.32,5.84,Completed
477363,18,2020-03-19,Tundra,54380.1,5.68,Completed
477364,17,2020-03-10,Tacoma,26189.21,4.51,Completed
477365,9,2020-03-06,Tundra,35734.08,4.4,Completed
477366,3,2020-03-18,Camry,43564.64,5.69,Completed
477367,1,2020-03-18,Tundra,41411.13,5.24,Completed
477368,3,2020-03-25,Corolla,29310.8,5.69,Completed
477369,12,2020-03-28,Corolla,28704.13,5.65,Completed
477370,17,2020-03-07,Highlander,40980.29,4.51,Completed
477371,9,2020-03-09,Sienna,36676.5,4.4,Completed
477372,17,2020-03-28,Tacoma,31259.97,4.51,Completed
477373,3,2020-03-06,Camry,36504.36,5.69,Completed
477374,12,2020-03-20,RAV4,39982.81,5.65,Completed
477375,15,2020-03-22,Sienna,49423.69,4.86,Completed
477376,18,2020-03-27,RAV4,50880.1,5.68,Completed
477377,15,2020-03-23,Highlander,57130.75,4.86,Completed
477378,19,2020-03-14,Tacoma,36609.58,5.48,Completed
477379,14,2020-03-16,RAV4,45586.92,5.1,Completed
477380,7,2020-03-30,Sienna,49611.72,5.39,Completed
477381,19,2020-03-28,Prius,29362.84,5.48,Completed
477382,19,2020-03-17,Prius,27782.48,5.48,Completed
477383,17,2020-03-09,Corolla,18213.43,4.51,Completed
477384,9,2020-03-25,Prius,23117.9,4.4,Completed
477385,3,2020-03-10,Tundra,55172.0,5.69,Completed
477386,4,2020-03-15,Highlander,45142.63,3.81,Completed
477387,6,2020-03-17,Sienna,35097.76,3.86,Completed
477388,10,2020-03-07,Sienna,37818.05,4.88,Completed
477389,19,2020-03-21,Tundra,39279.9,5.48,Completed
477390,1,2020-03-05,Sienna,37351.67,5.24,Completed
477391,11,2020-03-07,Tundra,36027.05,4.16,Pending
477392,4,2020-03-08,RAV4,31180.21,3.81,Completed
477393,14,2020-03-17,Prius,30224.86,5.1,Completed
477394,2,2020-03-12,RAV4,34723.52,4.0,Completed
477395,20,2020-03-28,Tundra,49401.5,5.77,Completed
477396,1,2020-03-01,Camry,28686.96,5.24,Completed
477397,16,2020-03-13,Tundra,47417.79,6.06,Completed
477398,19,2020-03-22,Tundra,42689.18,5.48,Completed
477399,3,2020-03-12,Sienna,46122.68,5.69,Completed
477400,1,2020-03-24,Sienna,43129.88,5.24,Completed
477401,3,2020-03-25,Prius,31068.97,5.69,Completed
477402,17,2020-03-03,RAV4,32125.98,4.51,Completed
477403,7,2020-03-27,Tundra,49930.38,5.39,Completed
477404,7,2020-03-21,Tundra,50483.28,5.39,Completed
477405,10,2020-03-12,Tacoma,30957.38,4.88,Completed
477406,1,2020-03-25,Prius,25552.81,5.24,Completed
477407,18,2020-03-26,Prius,35893.27,5.68,Pending
477408,12,2020-03-07,Prius,33170.36,5.65,Completed
477409,8,2020-03-06,Corolla,29131.65,5.84,Completed
477410,7,2020-03-11,Highlander,58605.36,5.39,Completed
477411,5,2020-03-17,Camry,29124.62,5.34,Completed
477412,9,2020-03-29,Prius,21898.8,4.4,Completed
477413,9,2020-03-31,Highlander,49605.53,4.4,Cancelled
477414,19,2020-03-04,Tacoma,35220.12,5.48,Completed
477415,13,2020-03-15,Highlander,59928.87,5.61,Completed
477416,18,2020-03-18,Tacoma,43067.21,5.68,Completed
477417,11,2020-03-16,Camry,27427.89,4.16,Completed
477418,18,2020-03-21,Prius,33161.52,5.68,Completed
477419,1,2020-03-15,Tacoma,35894.46,5.24,Completed
477420,3,2020-03-10,Tundra,52318.36,5.69,Completed
477421,2,2020-03-20,Highlander,43695.47,4.0,Completed
477422,14,2020-03-15,Corolla,25364.67,5.1,Completed
477423,14,2020-03-22,Camry,34827.97,5.1,Completed
477424,20,2020-03-07,Tacoma,41079.31,5.77,Completed
477425,4,2020-03-25,Corolla,18941.1,3.81,Completed
477426,5,2020-03-23,RAV4,37073.98,5.34,Completed
477427,19,2020-03-27,Tacoma,38585.45,5.48,Completed
477428,9,2020-03-17,Highlander,41304.77,4.4,Completed
477429,11,2020-03-23,Highlander,43464.32,4.16,Completed
477430,17,2020-03-29,Prius,22432.85,4.51,Completed
477431,11,2020-03-01,Sienna,37765.07,4.16,Completed
477432,1,2020-03-01,Tacoma,34945.2,5.24,Completed
477433,13,2020-03-24,Tacoma,45390.57,5.61,Pending
477434,2,2020-03-07,Prius,23640.74,4.0,Completed
477435,4,2020-03-23,Highlander,39477.8,3.81,Completed
477436,18,2020-03-02,Tundra,47961.44,5.68,Completed
477437,14,2020-03-28,Highlander,58612.06,5.1,Completed
477438,1,2020-03-06,RAV4,37978.76,5.24,Completed
477439,4,2020-03-18,Sienna,31728.79,3.81,Completed
477440,12,2020-03-29,Sienna,44089.92,5.65,Completed
477441,2,2020-03-29,RAV4,34734.94,4.0,Completed
477442,16,2020-03-15,Highlander,65405.5,6.06,Completed
477443,7,2020-03-23,Highlander,69560.3,5.39,Completed
477444,16,2020-03-19,Prius,34644.67,6.06,Completed
477445,5,2020-03-12,Tacoma,34856.88,5.34,Completed
477446,16,2020-03-01,Sienna,47963.58,6.06,Completed
477447,13,2020-03-08,Tundra,51027.45,5.61,Completed
477448,1,2020-03-30,Tundra,41755.78,5.24,Completed
477449,10,2020-03-02,Prius,21511.08,4.88,Completed
477450,11,2020-03-25,RAV4,35733.3,4.16,Completed
477451,10,2020-03-19,Camry,27899.46,4.88,Completed
477452,16,2020-03-07,Tacoma,42120.96,6.06,Completed
477453,10,2020-03-22,Camry,29236.79,4.88,Completed
477454,3,2020-03-19,Tundra,49947.33,5.69,Completed
477455,20,2020-03-07,Prius,34924.05,5.77,Completed
477456,5,2020-03-09,Tacoma,37494.22,5.34,Completed
477457,5,2020-03-08,Prius,24672.57,5.34,Completed
477458,6,2020-03-17,Prius,21833.23,3.86,Completed
477459,15,2020-03-06,RAV4,44789.35,4.86,Completed
477460,4,2020-03-24,RAV4,32043.03,3.81,Completed
477461,8,2020-03-26,Tundra,44655.77,5.84,Completed
477462,10,2020-03-24,Tundra,36118.57,4.88,Completed
477463,6,2020-03-10,RAV4,33008.7,3.86,Completed
477464,11,2020-03-29,Tacoma,31487.96,4.16,Completed
477465,1,2020-03-15,Highlander,47296.72,5.24,Cancelled
477466,16,2020-03-16,Tacoma,43978.11,6.06,Cancelled
477467,4,2020-03-31,Camry,25500.5,3.81,Completed
477468,2,2020-03-05,Highlander,48641.18,4.0,Completed
477469,20,2020-03-12,Tacoma,43598.51,5.77,Completed
477470,2,2020-03-05,Tacoma,31778.47,4.0,Completed
477471,2,2020-03-16,Camry,26460.36,4.0,Cancelled
477472,5,2020-03-28,Tacoma,32049.17,5.34,Completed
477473,18,2020-03-16,Tacoma,44969.42,5.68,Completed
477474,2,2020-03-02,RAV4,34606.52,4.0,Completed
477475,1,2020-03-15,Sienna,43604.48,5.24,Completed
477476,18,2020-03-16,Prius,32774.15,5.68,Completed
477477,3,2020-03-28,Camry,39010.4,5.69,Completed
477478,20,2020-03-24,Corolla,29522.41,5.77,Completed
477479,15,2020-03-06,Camry,35365.28,4.86,Completed
477480,2,2020-03-03,Tacoma,32461.36,4.0,Completed
477481,14,2020-03-08,Highlander,54392.42,5.1,Completed
477482,9,2020-03-26,RAV4,31694.5,4.4,Completed
477483,10,2020-03-16,RAV4,34239.08,4.88,Completed
477484,10,2020-03-29,Camry,27318.21,4.88,Completed
477485,8,2020-03-12,RAV4,43503.25,5.84,Completed
477486,20,2020-03-13,Sienna,50752.78,5.77,Completed
477487,2,2020-03-19,Sienna,38630.64,4.0,Completed
477488,12,2020-03-09,Tacoma,38838.42,5.65,Completed
477489,14,2020-03-30,Tundra,44359.72,5.1,Completed
477490,13,2020-03-12,Prius,35301.94,5.61,Completed
477491,13,2020-03-06,Prius,34850.72,5.61,Completed
477492,3,2020-03-06,Tundra,49424.51,5.69,Completed
477493,18,2020-03-01,Tacoma,44469.21,5.68,Completed
477494,4,2020-03-20,Camry,25726.37,3.81,Cancelled
477495,6,2020-03-29,Camry,27981.11,3.86,Completed
477496,20,2020-03-12,Camry,40602.65,5.77,Completed
477497,11,2020-03-22,Corolla,20121.99,4.16,Completed
477498,9,2020-03-12,Camry,25143.32,4.4,Completed
477499,17,2020-03-15,Corolla,18897.81,4.51,Completed
477500,2,2020-03-22,Sienna,35996.08,4.0,Completed
477501,16,2020-03-19,Highlander,67765.27,6.06,Completed
477502,14,2020-03-22,RAV4,40588.42,5.1,Completed
477503,20,2020-03-30,Tacoma,44975.92,5.77,Completed
477504,14,2020-03-16,Corolla,26810.17,5.1,Completed
477505,6,2020-03-17,Camry,28130.99,3.86,Completed
477506,2,2020-03-19,Tacoma,33450.46,4.0,Completed
477507,14,2020-03-06,Tacoma,41374.74,5.1,Completed
477508,19,2020-03-19,Corolla,26020.19,5.48,Completed
477509,18,2020-03-23,RAV4,50776.96,5.68,Completed
477510,4,2020-03-16,Tacoma,25850.32,3.81,Completed
477511,7,2020-03-06,Prius,29068.13,5.39,Completed
477512,10,2020-03-24,Prius,23682.66,4.88,Completed
477513,16,2020-03-17,Highlander,68028.07,6.06,Completed
477514,16,2020-03-01,RAV4,42813.59,6.06,Completed
477515,15,2020-03-12,Sienna,50334.73,4.86,Completed
477516,16,2020-03-26,Camry,39062.76,6.06,Pending
477517,11,2020-03-02,RAV4,29466.89,4.16,Completed
477518,11,2020-03-23,Corolla,21096.39,4.16,Completed
477519,5,2020-03-29,Tacoma,38272.93,5.34,Completed
477520,2,2020-03-17,Tacoma,28838.92,4.0,Completed
477521,16,2020-03-03,RAV4,48382.78,6.06,Completed
477522,6,2020-03-25,Sienna,33577.88,3.86,Completed
477523,17,2020-03-22,Corolla,20662.51,4.51,Completed
477524,2,2020-03-30,Prius,24705.54,4.0,Completed
477525,6,2020-03-08,Corolla,18870.64,3.86,Completed
477526,12,2020-03-08,Tacoma,37150.87,5.65,Completed
477527,1,2020-03-09,Highlander,54553.6,5.24,Completed
477528,4,2020-03-12,Camry,27096.87,3.81,Completed
477529,14,2020-03-26,Highlander,64729.73,5.1,Completed
477530,1,2020-03-25,Tacoma,32180.23,5.24,Completed
477531,18,2020-03-14,Prius,32034.38,5.68,Completed
477532,5,2020-03-27,Highlander,53726.54,5.34,Completed
477533,11,2020-03-15,Sienna,34992.55,4.16,Completed
477534,14,2020-03-28,Corolla,28788.98,5.1,Completed
477535,5,2020-03-29,RAV4,37967.72,5.34,Completed
477536,19,2020-03-24,Tundra,41566.67,5.48,Completed
477537,10,2020-03-17,Sienna,39124.11,4.88,Cancelled
477538,12,2020-03-28,Sienna,46372.33,5.65,Completed
477539,7,2020-03-01,Corolla,26210.85,5.39,Completed
477540,9,2020-03-24,Prius,21098.61,4.4,Completed
477541,9,2020-03-09,Tundra,36643.26,4.4,Completed
477542,18,2020-03-11,Camry,39970.76,5.68,Completed
477543,18,2020-03-17,Corolla,27132.8,5.68,Completed
477544,10,2020-03-15,Prius,25716.22,4.88,Completed
477545,18,2020-03-21,Tundra,55571.26,5.68,Completed
477546,19,2020-03-31,Camry,36404.83,5.48,Completed
477547,18,2020-03-03,Highlander,68935.17,5.68,Completed
477548,5,2020-03-11,Tundra,42783.74,5.34,Completed
477549,2,2020-03-18,Tundra,35943.28,4.0,Completed
477550,15,2020-03-24,Prius,31427.48,4.86,Completed
477551,18,2020-03-19,Highlander,73628.3,5.68,Completed
477552,9,2020-03-11,Tacoma,30082.47,4.4,Completed
477553,3,2020-03-08,Highlander,66601.23,5.69,Completed
477554,6,2020-03-04,Highlander,47952.34,3.86,Completed
477555,14,2020-03-16,Camry,35957.67,5.1,Pending
477556,11,2020-03-13,Highlander,46054.06,4.16,Completed
477557,1,2020-03-02,RAV4,39858.9,5.24,Completed
477558,8,2020-03-18,Corolla,29577.6,5.84,Pending
477559,2,2020-03-25,Prius,23883.74,4.0,Completed
477560,17,2020-03-05,Prius,22340.91,4.51,Completed
477561,3,2020-03-27,Prius,31540.23,5.69,Completed
477562,7,2020-03-18,Highlander,66139.51,5.39,Completed
477563,10,2020-03-14,Camry,28504.84,4.88,Completed
477564,2,2020-03-05,Highlander,46022.19,4.0,Completed
477565,12,2020-03-15,RAV4,44455.8,5.65,Completed
477566,20,2020-03-20,Sienna,47304.36,5.77,Completed
477567,11,2020-03-08,Sienna,38835.82,4.16,Completed
477568,7,2020-03-25,RAV4,47447.02,5.39,Completed
477569,14,2020-03-16,Prius,30263.74,5.1,Completed
477570,10,2020-03-30,Tundra,39549.0,4.88,Completed
477571,14,2020-03-02,Tacoma,39180.18,5.1,Completed
477572,20,2020-03-20,Sienna,48213.42,5.77,Completed
477573,18,2020-03-20,RAV4,45255.03,5.68,Completed
477574,9,2020-03-29,Prius,21951.07,4.4,Completed
477575,10,2020-03-30,Prius,22142.17,4.88,Completed
477576,8,2020-03-22,Tacoma,45022.69,5.84,Cancelled
477577,4,2020-03-19,Highlander,41066.2,3.81,Completed
477578,5,2020-03-11,Prius,24838.9,5.34,Completed
477579,10,2020-03-18,Sienna,33211.79,4.88,Completed
477580,18,2020-03-01,Prius,32159.13,5.68,Completed
477581,11,2020-03-16,Tacoma,28298.94,4.16,Cancelled
477582,15,2020-03-05,RAV4,43485.77,4.86,Completed
477583,15,2020-03-11,Tacoma,43180.76,4.86,Completed
477584,4,2020-03-09,Prius,21703.41,3.81,Completed
477585,5,2020-03-14,Prius,28004.0,5.34,Completed
477586,13,2020-03-17,RAV4,47045.45,5.61,Completed
477587,2,2020-03-18,Tacoma,33393.72,4.0,Completed
477588,17,2020-03-29,Sienna,35864.35,4.51,Completed
477589,17,2020-03-31,Corolla,19737.86,4.51,Completed
477590,19,2020-03-17,Sienna,44500.81,5.48,Pending
477591,1,2020-03-20,Camry,29150.86,5.24,Completed
477592,7,2020-03-18,RAV4,44908.99,5.39,Completed
477593,12,2020-03-12,Tacoma,36787.55,5.65,Completed
477594,15,2020-03-14,Highlander,64125.2,4.86,Pending
477595,19,2020-03-10,Corolla,24577.89,5.48,Completed
477596,8,2020-03-11,Tundra,44170.64,5.84,Completed
477597,10,2020-03-21,Highlander,42181.69,4.88,Completed
477598,8,2020-03-11,Tacoma,40649.57,5.84,Completed
477599,14,2020-03-25,Sienna,45818.73,5.1,Completed
477600,5,2020-03-18,Sienna,42942.52,5.34,Completed
477601,19,2020-03-04,Tacoma,37759.95,5.48,Completed
477602,16,2020-03-11,Prius,31957.49,6.06,Completed
477603,16,2020-03-12,Camry,39656.6,6.06,Completed
477604,19,2020-03-24,Tundra,46517.39,5.48,Completed
477605,9,2020-03-29,Sienna,38030.68,4.4,Completed
477606,3,2020-03-21,Corolla,31890.66,5.69,Completed
477607,17,2020-03-16,Tundra,33005.65,4.51,Completed
477608,2,2020-03-19,Highlander,43933.38,4.0,Completed
477609,6,2020-03-14,RAV4,30613.77,3.86,Completed
477610,8,2020-03-20,Tundra,44111.99,5.84,Completed
477611,18,2020-03-23,Camry,40691.53,5.68,Completed
477612,8,2020-03-17,Tacoma,39373.87,5.84,Completed
477613,18,2020-03-24,RAV4,47224.57,5.68,Completed
477614,2,2020-03-03,RAV4,34436.85,4.0,Completed
477615,18,2020-03-02,Tacoma,46791.21,5.68,Completed
477616,11,2020-03-12,Camry,29633.44,4.16,Completed
477617,11,2020-03-25,Sienna,33879.17,4.16,Completed
477618,15,2020-03-09,Tacoma,38692.99,4.86,Completed
477619,5,2020-03-23,Tundra,45232.22,5.34,Completed
477620,11,2020-03-12,Camry,27995.78,4.16,Completed
477621,9,2020-03-12,Tacoma,28732.88,4.4,Completed
477622,9,2020-03-29,Sienna,33885.09,4.4,Completed
477623,1,2020-03-08,Camry,32741.32,5.24,Completed
477624,6,2020-03-25,Camry,25552.85,3.86,Completed
477625,11,2020-03-19,Tundra,38218.24,4.16,Completed
477626,5,2020-03-05,Highlander,48892.83,5.34,Completed
477627,6,2020-03-28,RAV4,28740.26,3.86,Completed
477628,20,2020-03-03,Tundra,49672.65,5.77,Completed
477629,12,2020-03-30,Tundra,46891.86,5.65,Completed
477630,6,2020-03-19,Highlander,44533.67,3.86,Pending
477631,10,2020-03-27,Highlander,46033.14,4.88,Completed
477632,15,2020-03-13,Highlander,60487.04,4.86,Completed
477633,7,2020-03-05,Camry,36704.65,5.39,Completed
477634,20,2020-03-23,Highlander,67720.2,5.77,Completed
477635,12,2020-03-07,Highlander,61337.64,5.65,Completed
477636,20,2020-03-01,Tundra,52797.11,5.77,Completed
477637,10,2020-03-02,Prius,24786.31,4.88,Completed
477638,7,2020-03-29,Camry,35773.25,5.39,Completed
477639,14,2020-03-29,Sienna,47844.06,5.1,Completed
477640,8,2020-03-14,RAV4,48901.68,5.84,Completed
477641,6,2020-03-21,Tacoma,26949.63,3.86,Completed
477642,17,2020-03-14,Sienna,34935.94,4.51,Completed
477643,7,2020-03-01,Tacoma,41801.67,5.39,Completed
477644,15,2020-03-08,RAV4,40877.88,4.86,Completed
477645,17,2020-03-08,Highlander,46720.33,4.51,Completed
477646,14,2020-03-13,Tacoma,40141.94,5.1,Completed
477647,1,2020-03-06,Highlander,48532.91,5.24,Completed
477648,11,2020-03-30,RAV4,30874.55,4.16,Completed
477649,9,2020-03-10,Tundra,36224.73,4.4,Completed
477650,16,2020-03-31,Tundra,47211.62,6.06,Completed
477651,9,2020-03-11,Prius,23465.39,4.4,Completed
477652,12,2020-03-15,Corolla,29265.31,5.65,Completed
477653,15,2020-03-20,Tacoma,36870.22,4.86,Completed
477654,17,2020-03-19,Tundra,35869.95,4.51,Completed
477655,12,2020-03-07,Camry,35450.25,5.65,Completed
477656,14,2020-03-09,Corolla,27024.61,5.1,Completed
477657,2,2020-03-25,Highlander,46189.53,4.0,Completed
477658,7,2020-03-04,RAV4,42648.76,5.39,Completed
477659,13,2020-03-01,Prius,29923.98,5.61,Completed
477660,11,2020-03-10,Corolla,18531.64,4.16,Completed
477661,6,2020-03-28,Sienna,36702.73,3.86,Completed
477662,19,2020-03-29,Tacoma,37454.67,5.48,Completed
477663,19,2020-03-14,Tundra,40468.09,5.48,Completed
477664,8,2020-03-10,Camry,40304.64,5.84,Completed
477665,3,2020-03-29,RAV4,50002.69,5.69,Completed
477666,18,2020-03-03,RAV4,43509.54,5.68,Completed
477667,19,2020-03-29,Camry,32187.9,5.48,Completed
477668,12,2020-03-06,Highlander,64710.73,5.65,Completed
477669,17,2020-03-30,Corolla,20512.86,4.51,Completed
477670,9,2020-03-03,Tundra,32118.05,4.4,Completed
477671,3,2020-03-12,RAV4,43028.94,5.69,Completed
477672,12,2020-03-22,RAV4,46680.65,5.65,Completed
477673,5,2020-03-06,RAV4,39583.33,5.34,Completed
477674,2,2020-03-25,Camry,28197.92,4.0,Completed
477675,13,2020-03-05,Sienna,53705.14,5.61,Completed
477676,17,2020-03-12,Tacoma,27609.06,4.51,Completed
477677,15,2020-03-15,Prius,33901.52,4.86,Completed
477678,11,2020-03-07,Tundra,33488.1,4.16,Completed
477679,18,2020-03-27,Corolla,30492.77,5.68,Completed
477680,12,2020-03-22,Tundra,50136.81,5.65,Completed
477681,8,2020-03-10,Highlander,58971.9,5.84,Completed
477682,1,2020-03-05,Tacoma,36767.23,5.24,Completed
477683,16,2020-03-14,RAV4,41489.24,6.06,Completed
477684,20,2020-03-07,Prius,33754.23,5.77,Completed
477685,9,2020-03-20,Tundra,32730.77,4.4,Completed
477686,1,2020-03-14,Tundra,37181.13,5.24,Completed
477687,18,2020-03-20,RAV4,49219.59,5.68,Completed
477688,18,2020-03-28,Prius,32853.93,5.68,Completed
477689,12,2020-03-05,Prius,29782.53,5.65,Completed
477690,8,2020-03-24,Corolla,26051.99,5.84,Completed
477691,4,2020-03-10,Corolla,19275.8,3.81,Completed
477692,4,2020-03-16,Prius,20793.29,3.81,Completed
477693,9,2020-03-28,Tacoma,27724.52,4.4,Completed
477694,14,2020-03-01,Tacoma,37469.63,5.1,Completed
477695,8,2020-03-05,Sienna,52671.77,5.84,Completed
477696,5,2020-03-28,Camry,33946.16,5.34,Completed
477697,3,2020-03-31,Corolla,30689.69,5.69,Completed
477698,6,2020-03-04,Sienna,36824.43,3.86,Completed
477699,11,2020-03-04,Prius,20952.06,4.16,Completed
477700,15,2020-03-06,Corolla,27726.09,4.86,Completed
477701,17,2020-03-11,Prius,22491.17,4.51,Completed
477702,19,2020-03-25,Prius,28000.15,5.48,Completed
477703,4,2020-03-05,Highlander,47066.75,3.81,Completed
477704,15,2020-03-14,Prius,28581.29,4.86,Completed
477705,10,2020-03-13,Corolla,19715.17,4.88,Completed
477706,18,2020-03-30,Tacoma,46738.9,5.68,Completed
477707,12,2020-03-07,Corolla,30112.58,5.65,Completed
477708,7,2020-03-07,Camry,34922.04,5.39,Completed
477709,13,2020-03-29,Tacoma,42577.08,5.61,Pending
477710,19,2020-03-28,Prius,25637.63,5.48,Completed
477711,4,2020-03-29,Corolla,20236.2,3.81,Completed
477712,1,2020-03-21,Corolla,23364.04,5.24,Cancelled
477713,11,2020-03-13,Tundra,38618.71,4.16,Completed
477714,8,2020-03-29,Camry,39890.5,5.84,Completed
477715,18,2020-03-20,Tundra,52194.39,5.68,Completed
477716,12,2020-03-18,Highlander,67209.71,5.65,Completed
477717,16,2020-03-25,Highlander,66586.39,6.06,Completed
477718,2,2020-03-09,Tacoma,31993.2,4.0,Completed
477719,6,2020-03-16,Sienna,35028.44,3.86,Completed
477720,2,2020-03-06,Sienna,39619.39,4.0,Completed
477721,5,2020-03-19,Sienna,41146.88,5.34,Completed
477722,7,2020-03-16,Sienna,54220.61,5.39,Completed
477723,20,2020-03-22,Tacoma,38124.18,5.77,Completed
477724,11,2020-03-03,Highlander,47396.17,4.16,Completed
477725,6,2020-03-31,Highlander,47177.71,3.86,Completed
477726,5,2020-03-28,Camry,29052.28,5.34,Completed
477727,6,2020-03-12,Tundra,35475.95,3.86,Completed
477728,15,2020-03-18,Sienna,52484.34,4.86,Completed
477729,7,2020-03-27,Prius,29987.58,5.39,Completed
477730,18,2020-03-08,Highlander,60659.5,5.68,Completed
477731,2,2020-03-29,Corolla,19665.14,4.0,Completed
477732,3,2020-03-27,Highlander,63920.6,5.69,Cancelled
477733,1,2020-03-09,Tacoma,31745.14,5.24,Completed
477734,12,2020-03-20,Highlander,60639.42,5.65,Completed
477735,14,2020-03-07,Highlander,62802.09,5.1,Completed
477736,16,2020-03-23,Tacoma,39423.43,6.06,Completed
477737,13,2020-03-18,Tundra,54055.18,5.61,Completed
477738,2,2020-03-02,Camry,30333.2,4.0,Completed
477739,7,2020-03-22,Sienna,51493.96,5.39,Completed
477740,2,2020-03-12,Corolla,22271.31,4.0,Pending
477741,18,2020-03-19,Corolla,29444.7,5.68,Completed
477742,11,2020-03-09,Tundra,36222.96,4.16,Completed
477743,15,2020-03-21,RAV4,44800.2,4.86,Completed
477744,15,2020-03-14,Camry,38307.32,4.86,Completed
477745,8,2020-03-26,RAV4,45117.97,5.84,Completed
477746,20,2020-03-08,Camry,35089.41,5.77,Completed
477747,7,2020-03-20,Tundra,54364.04,5.39,Completed
477748,17,2020-03-26,RAV4,28860.87,4.51,Completed
477749,4,2020-03-23,Camry,25758.15,3.81,Pending
477750,9,2020-03-23,Tacoma,29559.93,4.4,Completed
477751,15,2020-03-15,Highlander,57801.9,4.86,Completed
477752,20,2020-03-15,Tundra,46861.38,5.77,Completed
477753,17,2020-03-01,Tundra,35417.19,4.51,Completed
477754,12,2020-03-31,Camry,34004.15,5.65,Completed
477755,3,2020-03-21,Camry,39303.07,5.69,Completed
477756,20,2020-03-15,RAV4,48500.77,5.77,Completed
477757,2,2020-03-30,Prius,24961.38,4.0,Completed
477758,16,2020-03-13,Tundra,46291.56,6.06,Completed
477759,5,2020-03-26,Sienna,42987.61,5.34,Completed
477760,6,2020-03-31,Highlander,39904.89,3.86,Completed
477761,20,2020-03-16,Tacoma,44565.8,5.77,Completed
477762,5,2020-03-16,Tacoma,36977.81,5.34,Completed
477763,1,2020-03-03,Tacoma,37549.63,5.24,Completed
477764,2,2020-03-06,Tacoma,32089.91,4.0,Completed
477765,12,2020-03-03,Highlander,63464.14,5.65,Completed
477766,8,2020-03-16,Tundra,44772.17,5.84,Completed
477767,1,2020-03-09,Tacoma,34496.87,5.24,Completed
477768,5,2020-03-12,Camry,31184.11,5.34,Completed
477769,17,2020-03-22,Camry,25752.19,4.51,Completed
477770,9,2020-03-22,Tundra,32808.74,4.4,Completed
477771,12,2020-03-24,Tundra,50164.56,5.65,Completed
477772,9,2020-03-04,Sienna,32706.26,4.4,Completed
477773,11,2020-03-26,Tacoma,30188.06,4.16,Completed
477774,8,2020-03-23,Sienna,53300.25,5.84,Completed
477775,15,2020-03-09,Prius,28362.78,4.86,Completed
477776,13,2020-03-15,Sienna,48530.25,5.61,Completed
477777,17,2020-03-05,Highlander,43797.03,4.51,Completed
477778,19,2020-03-26,Corolla,25453.4,5.48,Completed
477779,8,2020-03-01,Tundra,52332.12,5.84,Completed
477780,17,2020-03-05,Tacoma,27330.34,4.51,Completed
477781,4,2020-03-31,Tundra,36314.15,3.81,Completed
477782,11,2020-03-23,Tundra,35496.54,4.16,Completed
477783,5,2020-03-22,Tundra,45280.33,5.34,Completed
477784,5,2020-03-13,Prius,28021.22,5.34,Completed
477785,6,2020-03-29,Corolla,18221.7,3.86,Completed
477786,3,2020-03-26,RAV4,42048.33,5.69,Completed
477787,10,2020-03-06,Tundra,40184.87,4.88,Completed
477788,15,2020-03-01,Camry,35267.94,4.86,Completed
477789,13,2020-03-02,RAV4,42659.34,5.61,Completed
477790,9,2020-03-20,Tacoma,31640.22,4.4,Completed
477791,17,2020-03-29,Prius,23420.18,4.51,Completed
477792,7,2020-03-24,Highlander,59484.74,5.39,Completed
477793,18,2020-03-18,Sienna,53921.2,5.68,Completed
477794,16,2020-03-18,Camry,37364.07,6.06,Completed
477795,6,2020-03-25,Corolla,20015.19,3.86,Completed
477796,19,2020-03-04,Camry,32088.8,5.48,Completed
477797,6,2020-03-24,Tundra,37408.08,3.86,Completed
477798,11,2020-03-01,Prius,22999.05,4.16,Completed
477799,15,2020-03-27,Tundra,49786.41,4.86,Completed
477800,8,2020-03-22,Highlander,66840.75,5.84,Completed
477801,2,2020-03-01,Sienna,35599.34,4.0,Completed
477802,8,2020-03-17,Prius,29278.29,5.84,Completed
477803,13,2020-03-17,RAV4,49170.35,5.61,Completed
477804,14,2020-03-11,Corolla,28228.98,5.1,Completed
477805,1,2020-03-02,Camry,33367.62,5.24,Completed
477806,19,2020-03-21,Highlander,54377.2,5.48,Completed
477807,1,2020-03-08,Camry,32716.0,5.24,Completed
477808,18,2020-03-25,Highlander,71719.61,5.68,Completed
477809,6,2020-03-05,Tundra,34279.64,3.86,Completed
477810,3,2020-03-26,Sienna,53348.38,5.69,Completed
477811,13,2020-03-14,Sienna,50320.38,5.61,Cancelled
477812,11,2020-03-14,Prius,22917.69,4.16,Completed
477813,6,2020-03-18,Tundra,33729.44,3.86,Completed
477814,18,2020-03-05,RAV4,45955.18,5.68,Completed
477815,5,2020-03-04,RAV4,39126.23,5.34,Completed
477816,12,2020-03-12,RAV4,47938.42,5.65,Completed
477817,12,2020-03-28,Tacoma,42729.48,5.65,Completed
477818,7,2020-03-05,Sienna,45667.29,5.39,Completed
477819,2,2020-03-06,RAV4,35314.8,4.0,Completed
477820,11,2020-03-07,Tundra,35093.63,4.16,Completed
477821,17,2020-03-20,Tacoma,26553.07,4.51,Completed
477822,4,2020-03-25,Tacoma,28462.25,3.81,Pending
477823,15,2020-03-14,Camry,37223.18,4.86,Completed
477824,19,2020-03-20,Highlander,56969.42,5.48,Completed
477825,6,2020-03-05,Corolla,20761.53,3.86,Completed
477826,11,2020-03-06,Highlander,49775.76,4.16,Completed
477827,19,2020-03-13,Highlander,51940.93,5.48,Completed
477828,19,2020-03-28,Prius,27233.02,5.48,Completed
477829,20,2020-03-16,Tundra,46352.52,5.77,Completed
477830,20,2020-03-19,Corolla,26297.26,5.77,Completed
477831,12,2020-03-12,Tacoma,39795.3,5.65,Completed
477832,8,2020-03-07,Prius,29190.01,5.84,Completed
477833,14,2020-03-22,Camry,39946.96,5.1,Completed
477834,5,2020-03-15,Sienna,41342.43,5.34,Completed
477835,10,2020-03-31,Highlander,47636.77,4.88,Completed
477836,6,2020-03-12,Camry,27668.18,3.86,Completed
477837,18,2020-03-27,Corolla,33008.66,5.68,Completed
477838,4,2020-03-28,Camry,28619.6,3.81,Completed
477839,4,2020-03-12,Tacoma,28147.83,3.81,Completed
477840,8,2020-03-18,Sienna,47245.88,5.84,Completed
477841,5,2020-03-18,Sienna,40952.85,5.34,Completed
477842,17,2020-03-25,Camry,26921.73,4.51,Completed
477843,6,2020-03-17,Camry,27952.76,3.86,Completed
477844,5,2020-03-11,Sienna,37502.91,5.34,Completed
477845,2,2020-03-12,Tundra,40275.0,4.0,Completed
477846,17,2020-03-17,Tacoma,29179.87,4.51,Completed
477847,10,2020-03-18,Tacoma,31675.43,4.88,Completed
477848,9,2020-03-22,Prius,23014.83,4.4,Completed
477849,3,2020-03-12,Prius,32299.39,5.69,Completed
477850,9,2020-03-31,Corolla,21679.4,4.4,Completed
477851,5,2020-03-07,Prius,25795.47,5.34,Pending
477852,18,2020-03-03,Camry,40450.38,5.68,Completed
477853,17,2020-03-20,RAV4,28710.42,4.51,Completed
477854,6,2020-03-07,Tacoma,31347.3,3.86,Completed
477855,12,2020-03-17,Sienna,46285.65,5.65,Completed
477856,20,2020-03-29,Sienna,52258.39,5.77,Completed
477857,4,2020-03-14,Prius,23602.36,3.81,Completed
477858,6,2020-03-30,Sienna,31395.18,3.86,Completed
477859,12,2020-03-23,Prius,28750.55,5.65,Completed
477860,16,2020-03-13,Corolla,30915.63,6.06,Completed
477861,4,2020-03-18,Highlander,41935.93,3.81,Completed
477862,10,2020-03-21,Sienna,39647.62,4.88,Completed
477863,4,2020-03-06,Tundra,33149.19,3.81,Completed
477864,15,2020-03-23,Highlander,65646.63,4.86,Completed
477865,1,2020-03-16,Tacoma,37200.62,5.24,Completed
477866,7,2020-03-21,Corolla,31070.26,5.39,Completed
477867,16,2020-03-27,Prius,34862.67,6.06,Completed
477868,15,2020-03-07,Tundra,51603.58,4.86,Completed
477869,7,2020-03-12,Prius,33012.11,5.39,Completed
477870,6,2020-03-25,Tundra,32518.99,3.86,Completed
477871,19,2020-03-11,RAV4,37590.52,5.48,Completed
477872,4,2020-03-01,Prius,23532.25,3.81,Completed
477873,18,2020-03-20,Sienna,56295.22,5.68,Completed
477874,16,2020-03-21,Tundra,46961.69,6.06,Completed
477875,6,2020-03-09,Tundra,32196.18,3.86,Completed
477876,14,2020-03-20,Highlander,61244.21,5.1,Completed
477877,18,2020-03-21,Tundra,49520.39,5.68,Completed
477878,2,2020-03-17,Tacoma,33572.15,4.0,Cancelled
477879,12,2020-03-06,Sienna,52602.16,5.65,Completed
477880,16,2020-03-14,Prius,33633.0,6.06,Completed
477881,13,2020-03-11,Tacoma,39562.26,5.61,Completed
477882,20,2020-03-04,Tacoma,37343.18,5.77,Completed
477883,5,2020-03-14,RAV4,38992.57,5.34,Completed
477884,9,2020-03-20,Corolla,18386.73,4.4,Completed
477885,17,2020-03-10,RAV4,32094.67,4.51,Completed
477886,6,2020-03-25,Sienna,31928.07,3.86,Completed
477887,14,2020-03-21,RAV4,46728.28,5.1,Completed
477888,18,2020-03-29,Sienna,53682.17,5.68,Completed
477889,7,2020-03-04,Prius,34278.06,5.39,Completed
477890,16,2020-03-24,Highlander,59656.87,6.06,Completed
477891,17,2020-03-19,Highlander,43357.3,4.51,Pending
477892,14,2020-03-17,RAV4,38466.97,5.1,Completed
477893,20,2020-03-20,Tacoma,38944.0,5.77,Completed
477894,3,2020-03-12,Camry,39473.99,5.69,Completed
477895,2,2020-03-27,Prius,23946.83,4.0,Completed
477896,3,2020-03-26,Highlander,70068.65,5.69,Completed
477897,17,2020-03-21,Tundra,37473.61,4.51,Completed
477898,3,2020-03-07,RAV4,48406.24,5.69,Completed
477899,13,2020-03-17,Tacoma,41501.99,5.61,Completed
477900,4,2020-03-31,Tacoma,30503.48,3.81,Completed
477901,9,2020-03-11,RAV4,32519.9,4.4,Completed
477902,16,2020-03-01,Camry,41708.64,6.06,Completed
477903,17,2020-03-08,Tundra,31890.91,4.51,Completed
477904,9,2020-03-13,RAV4,30321.11,4.4,Completed
477905,11,2020-03-07,Sienna,36088.05,4.16,Completed
477906,16,2020-03-23,Tacoma,40790.95,6.06,Completed
477907,20,2020-03-02,Prius,33541.62,5.77,Completed
477908,11,2020-03-14,Camry,25464.67,4.16,Completed
477909,11,2020-03-20,Tundra,35446.29,4.16,Completed
477910,12,2020-03-13,Prius,31238.49,5.65,Completed
477911,15,2020-03-28,Highlander,60232.83,4.86,Completed
477912,7,2020-03-02,Tacoma,38397.86,5.39,Completed
477913,11,2020-03-30,Sienna,37711.18,4.16,Completed
477914,15,2020-03-27,Tundra,51034.53,4.86,Completed
477915,13,2020-03-09,Prius,36373.25,5.61,Completed
477916,1,2020-03-31,Tundra,39554.6,5.24,Completed
477917,9,2020-03-14,Prius,21520.18,4.4,Completed
477918,9,2020-03-24,Sienna,33819.99,4.4,Completed
477919,10,2020-03-10,RAV4,32400.75,4.88,Completed
477920,17,2020-03-02,Corolla,21306.02,4.51,Completed
477921,7,2020-03-18,Sienna,45647.64,5.39,Completed
477922,18,2020-03-21,Sienna,47426.56,5.68,Completed
477923,14,2020-03-15,Tundra,44495.21,5.1,Completed
477924,19,2020-03-18,Highlander,49530.68,5.48,Completed
477925,5,2020-03-28,RAV4,36065.94,5.34,Completed
477926,1,2020-03-19,Prius,29153.98,5.24,Completed
477927,20,2020-03-14,Camry,36364.74,5.77,Completed
477928,7,2020-03-13,Sienna,52561.17,5.39,Completed
477929,1,2020-03-10,Prius,26210.99,5.24,Completed
477930,10,2020-03-30,Corolla,21442.14,4.88,Completed
477931,1,2020-03-05,Tundra,41409.58,5.24,Completed
477932,13,2020-03-17,Sienna,50497.36,5.61,Completed
477933,18,2020-03-16,Highlander,67468.5,5.68,Completed
477934,17,2020-03-02,Highlander,46075.16,4.51,Completed
477935,8,2020-03-11,Corolla,27768.0,5.84,Completed
477936,14,2020-03-18,RAV4,42149.42,5.1,Completed
477937,19,2020-03-13,Highlander,57794.62,5.48,Completed
477938,4,2020-03-16,Tacoma,29232.67,3.81,Completed
477939,17,2020-03-17,RAV4,30819.09,4.51,Completed
477940,4,2020-03-06,Camry,25353.53,3.81,Completed
477941,17,2020-03-20,Tundra,33910.06,4.51,Completed
477942,6,2020-03-18,Prius,23067.85,3.86,Completed
477943,15,2020-03-19,Prius,30974.43,4.86,Completed
477944,9,2020-03-07,Camry,30277.88,4.4,Completed
477945,3,2020-03-04,Sienna,51862.81,5.69,Completed
477946,16,2020-03-04,Tundra,52118.36,6.06,Completed
477947,15,2020-03-25,Sienna,49742.67,4.86,Completed
477948,12,2020-03-25,Corolla,27649.25,5.65,Completed
477949,9,2020-03-22,Sienna,34168.57,4.4,Completed
477950,15,2020-03-23,Highlander,65483.23,4.86,Pending
477951,19,2020-03-21,Corolla,22893.79,5.48,Completed
477952,19,2020-03-04,Tacoma,32384.81,5.48,Completed
477953,5,2020-03-30,Corolla,25058.33,5.34,Completed
477954,7,2020-03-24,RAV4,46866.49,5.39,Completed
477955,3,2020-03-01,Prius,30596.68,5.69,Completed
477956,16,2020-03-31,RAV4,42793.24,6.06,Completed
477957,6,2020-03-24,Highlander,42909.43,3.86,Completed
477958,14,2020-03-09,Highlander,63122.13,5.1,Completed
477959,13,2020-03-10,Highlander,65197.02,5.61,Completed
477960,1,2020-03-28,RAV4,39749.18,5.24,Completed
477961,17,2020-03-30,Corolla,18939.69,4.51,Completed
477962,19,2020-03-24,Prius,28482.33,5.48,Completed
477963,11,2020-03-23,RAV4,32195.78,4.16,Completed
477964,3,2020-03-21,Tacoma,45850.96,5.69,Completed
477965,5,2020-03-24,Camry,29494.56,5.34,Pending
477966,17,2020-03-01,Corolla,18957.83,4.51,Completed
477967,7,2020-03-04,Corolla,27174.12,5.39,Completed
477968,4,2020-03-26,Corolla,19227.88,3.81,Completed
477969,9,2020-03-12,RAV4,34257.05,4.4,Completed
477970,10,2020-03-26,RAV4,31002.58,4.88,Completed
477971,12,2020-03-03,Sienna,47339.71,5.65,Completed
477972,1,2020-03-15,Camry,32950.64,5.24,Completed
477973,11,2020-03-15,Highlander,45111.95,4.16,Completed
477974,2,2020-03-25,Sienna,36003.15,4.0,Completed
477975,16,2020-03-29,Highlander,61154.95,6.06,Completed
477976,1,2020-03-07,Tacoma,35510.06,5.24,Completed
477977,5,2020-03-21,Prius,28891.89,5.34,Completed
477978,12,2020-03-11,Highlander,57818.99,5.65,Completed
477979,3,2020-03-29,Camry,38385.57,5.69,Completed
477980,12,2020-03-14,Corolla,26158.52,5.65,Completed
477981,3,2020-03-18,RAV4,49856.47,5.69,Completed
477982,7,2020-03-01,Tundra,54431.54,5.39,Completed
477983,11,2020-03-10,Sienna,38597.4,4.16,Completed
477984,10,2020-03-29,Camry,29527.41,4.88,Completed
477985,19,2020-03-04,Corolla,22068.84,5.48,Completed
477986,9,2020-03-30,Highlander,43990.72,4.4,Completed
477987,4,2020-03-27,Prius,22658.89,3.81,Completed
477988,11,2020-03-19,Sienna,36583.82,4.16,Completed
477989,19,2020-03-19,Tacoma,33396.66,5.48,Completed
477990,14,2020-03-30,Tacoma,37827.14,5.1,Completed
477991,1,2020-03-29,Tacoma,36826.4,5.24,Completed
477992,19,2020-03-15,Sienna,46304.08,5.48,Completed
477993,1,2020-03-10,Prius,27106.56,5.24,Completed
477994,20,2020-03-01,Sienna,47013.85,5.77,Completed
477995,11,2020-03-24,Corolla,18582.02,4.16,Completed
477996,1,2020-03-07,Corolla,25036.45,5.24,Completed
477997,4,2020-03-08,Prius,23002.56,3.81,Completed
477998,4,2020-03-15,Sienna,35688.34,3.81,Completed
477999,8,2020-03-04,Sienna,47214.23,5.84,Completed
478000,14,2020-03-16,Highlander,57960.19,5.1,Completed
478001,18,2020-03-15,Sienna,52237.83,5.68,Completed
478002,6,2020-03-17,Corolla,19216.54,3.86,Completed
478003,19,2020-03-10,Tundra,43897.13,5.48,Completed
478004,16,2020-03-20,Camry,39754.83,6.06,Completed
478005,6,2020-03-22,RAV4,29559.32,3.86,Completed
478006,5,2020-03-30,Prius,28038.54,5.34,Completed
478007,19,2020-03-26,Tacoma,34484.99,5.48,Completed
478008,10,2020-03-11,Sienna,37022.46,4.88,Completed
478009,18,2020-03-29,Camry,38825.94,5.68,Completed
478010,3,2020-03-23,Camry,41006.67,5.69,Completed
478011,7,2020-03-21,Corolla,30076.47,5.39,Completed
478012,17,2020-03-08,Sienna,34755.59,4.51,Completed
478013,16,2020-03-06,RAV4,42459.02,6.06,Completed
478014,13,2020-03-02,RAV4,48559.8,5.61,Completed
478015,18,2020-03-19,Sienna,56192.73,5.68,Completed
478016,20,2020-03-18,Camry,40203.6,5.77,Completed
478017,18,2020-03-19,Prius,31527.47,5.68,Completed
478018,3,2020-03-18,RAV4,49916.67,5.69,Completed
478019,2,2020-03-01,Tacoma,31264.04,4.0,Completed
478020,19,2020-03-04,Camry,31945.68,5.48,Completed
478021,4,2020-03-30,Prius,23303.28,3.81,Completed
478022,12,2020-03-14,Camry,37487.42,5.65,Completed
478023,20,2020-03-30,Prius,32384.55,5.77,Completed
478024,12,2020-03-20,Sienna,49244.25,5.65,Completed
478025,12,2020-03-02,Tundra,46498.47,5.65,Completed
478026,8,2020-03-14,Sienna,49441.29,5.84,Completed
478027,6,2020-03-02,Corolla,20051.16,3.86,Completed
478028,15,2020-03-12,RAV4,40861.31,4.86,Completed
478029,2,2020-03-01,Highlander,44728.42,4.0,Completed
478030,5,2020-03-15,Camry,33316.09,5.34,Completed
478031,19,2020-03-29,RAV4,36490.29,5.48,Completed
478032,12,2020-03-11,Corolla,30318.88,5.65,Completed
478033,10,2020-03-19,Tacoma,32909.74,4.88,Completed
478034,16,2020-03-29,RAV4,42830.15,6.06,Completed
478035,10,2020-03-29,Corolla,21840.44,4.88,Completed
478036,5,2020-03-22,RAV4,39028.75,5.34,Completed
478037,18,2020-03-28,Tundra,55010.13,5.68,Completed
478038,10,2020-03-06,Camry,25751.39,4.88,Completed
478039,12,2020-03-22,Camry,38973.58,5.65,Completed
478040,14,2020-03-24,Highlander,64695.08,5.1,Completed
478041,2,2020-03-29,Tacoma,28985.38,4.0,Completed
478042,5,2020-03-02,RAV4,34008.55,5.34,Completed
478043,7,2020-03-26,Highlander,62520.97,5.39,Completed
478044,19,2020-03-09,Tacoma,35637.61,5.48,Pending
478045,15,2020-03-19,Sienna,48612.01,4.86,Completed
478046,8,2020-03-31,Tacoma,38869.81,5.84,Completed
478047,9,2020-03-15,Camry,28237.13,4.4,Completed
478048,4,2020-03-25,RAV4,32345.19,3.81,Completed
478049,10,2020-03-03,Tacoma,30371.17,4.88,Completed
478050,14,2020-03-29,Highlander,61480.29,5.1,Completed
478051,4,2020-03-30,Highlander,40266.39,3.81,Completed
478052,7,2020-03-20,Tacoma,45942.42,5.39,Completed
478053,18,2020-03-14,RAV4,51208.69,5.68,Completed
478054,11,2020-03-01,Sienna,33313.8,4.16,Completed
478055,9,2020-03-12,Highlander,46751.31,4.4,Completed
478056,1,2020-03-09,Prius,25267.22,5.24,Completed
478057,19,2020-03-19,Tundra,40007.57,5.48,Completed
478058,12,2020-03-14,Camry,34768.84,5.65,Completed
478059,20,2020-03-12,Tacoma,40465.49,5.77,Completed
478060,20,2020-03-25,Corolla,29235.37,5.77,Completed
478061,3,2020-03-12,Camry,43519.65,5.69,Completed
478062,16,2020-03-22,Sienna,50844.09,6.06,Completed
478063,15,2020-03-04,Corolla,25852.38,4.86,Completed
478064,5,2020-03-25,Tacoma,37518.0,5.34,Completed
478065,18,2020-03-03,RAV4,46409.61,5.68,Completed
478066,2,2020-03-19,Tundra,34277.55,4.0,Completed
478067,16,2020-03-11,Camry,41519.84,6.06,Completed
478068,17,2020-03-15,Sienna,34731.29,4.51,Completed
478069,14,2020-03-19,Corolla,25360.99,5.1,Completed
478070,19,2020-03-02,Sienna,45828.87,5.48,Pending
478071,1,2020-03-11,Corolla,23887.42,5.24,Completed
478072,20,2020-03-12,Sienna,52753.28,5.77,Cancelled
478073,15,2020-03-07,Sienna,52655.71,4.86,Completed
478074,9,2020-03-26,Prius,22094.18,4.4,Completed
478075,5,2020-03-16,Corolla,24410.6,5.34,Completed
478076,3,2020-03-12,Tundra,49885.35,5.69,Completed
478077,18,2020-03-16,Prius,32288.42,5.68,Completed
478078,5,2020-03-04,Sienna,42121.16,5.34,Completed
478079,19,2020-03-05,Highlander,49375.86,5.48,Completed
478080,11,2020-03-08,Prius,23833.09,4.16,Completed
478081,1,2020-03-22,Corolla,21437.97,5.24,Pending
478082,6,2020-03-02,Corolla,19316.44,3.86,Completed
478083,8,2020-03-17,Camry,36969.81,5.84,Completed
478084,2,2020-03-22,Prius,25555.1,4.0,Completed
478085,4,2020-03-14,Corolla,20428.24,3.81,Completed
478086,19,2020-03-23,Tundra,46521.52,5.48,Completed
478087,4,2020-03-19,Highlander,43181.54,3.81,Completed
478088,2,2020-03-15,Corolla,22553.93,4.0,Completed
478089,10,2020-03-08,Prius,23763.9,4.88,Completed
478090,20,2020-03-07,Tundra,53728.33,5.77,Completed
478091,1,2020-03-06,Camry,32026.69,5.24,Completed
478092,9,2020-03-28,Camry,30338.51,4.4,Completed
478093,1,2020-03-11,Prius,27522.64,5.24,Completed
478094,14,2020-03-28,Sienna,46752.9,5.1,Completed
478095,4,2020-03-10,Tacoma,29950.16,3.81,Completed
478096,2,2020-03-24,Tundra,33966.0,4.0,Pending
478097,3,2020-03-27,Corolla,28635.2,5.69,Completed
478098,9,2020-03-09,Sienna,34129.45,4.4,Completed
478099,17,2020-03-13,Tacoma,27654.55,4.51,Completed
478100,12,2020-03-06,Tundra,48205.93,5.65,Completed
478101,18,2020-03-01,Sienna,48112.92,5.68,Completed
478102,3,2020-03-25,Corolla,27991.15,5.69,Completed
478103,1,2020-03-31,Tacoma,36138.5,5.24,Completed
478104,16,2020-03-15,Prius,34664.81,6.06,Completed
478105,7,2020-03-14,Corolla,26760.0,5.39,Completed
478106,11,2020-03-23,Sienna,36939.74,4.16,Completed
478107,9,2020-03-17,Sienna,34600.07,4.4,Completed
478108,19,2020-03-12,Tacoma,37032.78,5.48,Completed
478109,20,2020-03-31,Tundra,45161.23,5.77,Completed
478110,20,2020-03-17,Tundra,51710.76,5.77,Completed
478111,14,2020-03-25,Sienna,51290.43,5.1,Completed
478112,13,2020-03-26,Camry,39496.02,5.61,Completed
478113,1,2020-03-21,Corolla,22082.46,5.24,Completed
478114,12,2020-03-02,Corolla,27078.32,5.65,Completed
478115,20,2020-03-01,Tundra,50338.25,5.77,Completed
478116,11,2020-03-25,Sienna,33668.76,4.16,Completed
478117,9,2020-03-01,Tundra,36714.08,4.4,Completed
478118,7,2020-03-24,Corolla,28511.77,5.39,Completed
478119,14,2020-03-09,RAV4,44820.61,5.1,Completed
478120,18,2020-03-04,Sienna,53862.56,5.68,Completed
478121,16,2020-03-02,Camry,42717.15,6.06,Completed
478122,17,2020-03-23,Sienna,31253.82,4.51,Pending
478123,8,2020-03-25,RAV4,46006.58,5.84,Completed
478124,18,2020-03-30,RAV4,51434.72,5.68,Completed
478125,20,2020-03-16,Camry,35286.0,5.77,Completed
478126,9,2020-03-05,RAV4,31883.26,4.4,Completed
478127,4,2020-03-21,Prius,21212.22,3.81,Completed
478128,7,2020-03-20,Highlander,60761.72,5.39,Pending
478129,13,2020-03-06,Prius,32444.81,5.61,Completed
478130,8,2020-03-13,Prius,34000.79,5.84,Completed
478131,15,2020-03-25,Prius,30831.47,4.86,Completed
478132,8,2020-03-24,Highlander,60763.97,5.84,Completed
478133,17,2020-03-11,Highlander,46261.82,4.51,Completed
478134,5,2020-03-30,RAV4,39767.62,5.34,Completed
478135,12,2020-03-26,Sienna,52052.79,5.65,Completed
478136,5,2020-03-08,Highlander,57010.36,5.34,Completed
478137,16,2020-03-04,Sienna,47416.31,6.06,Completed
478138,17,2020-03-01,Camry,25528.89,4.51,Completed
478139,10,2020-03-22,Tundra,33672.66,4.88,Completed
478140,17,2020-03-11,Sienna,36012.26,4.51,Completed
478141,3,2020-03-28,Sienna,47044.33,5.69,Completed
478142,5,2020-03-27,Tacoma,35207.39,5.34,Completed
478143,15,2020-03-19,Tacoma,42503.47,4.86,Completed
478144,3,2020-03-15,Prius,36024.64,5.69,Completed
478145,9,2020-03-29,RAV4,34998.22,4.4,Completed
478146,9,2020-03-28,Tundra,34007.96,4.4,Completed
478147,11,2020-03-25,Prius,22596.53,4.16,Pending
478148,12,2020-03-24,Sienna,47050.05,5.65,Completed
478149,4,2020-03-26,Corolla,18175.19,3.81,Completed
478150,18,2020-03-27,Tacoma,41386.09,5.68,Completed
478151,7,2020-03-24,Sienna,48035.41,5.39,Completed
478152,16,2020-03-21,Corolla,28112.87,6.06,Completed
478153,1,2020-03-24,Tacoma,35436.15,5.24,Completed
478154,19,2020-03-07,Tacoma,34345.32,5.48,Completed
478155,18,2020-03-23,Corolla,32472.17,5.68,Completed
478156,11,2020-03-02,Camry,27772.02,4.16,Completed
478157,12,2020-03-08,Corolla,25931.26,5.65,Completed
478158,9,2020-03-01,Sienna,32184.11,4.4,Completed
478159,18,2020-03-18,RAV4,50237.93,5.68,Completed
478160,16,2020-03-27,Tacoma,38226.11,6.06,Completed
478161,7,2020-03-04,Highlander,61633.49,5.39,Completed
478162,18,2020-03-19,Corolla,32358.5,5.68,Completed
478163,18,2020-03-30,Tacoma,42734.89,5.68,Pending
478164,2,2020-03-27,Corolla,23285.87,4.0,Completed
478165,7,2020-03-13,Sienna,50175.63,5.39,Completed
478166,6,2020-03-29,Sienna,33331.42,3.86,Completed
478167,12,2020-03-10,Camry,34314.56,5.65,Completed
478168,8,2020-03-11,Tacoma,43514.6,5.84,Completed
478169,9,2020-03-10,Highlander,42023.88,4.4,Completed
478170,17,2020-03-07,Highlander,40929.43,4.51,Completed
478171,16,2020-03-25,Prius,30748.96,6.06,Cancelled
478172,14,2020-03-03,RAV4,45954.06,5.1,Completed
478173,20,2020-03-01,RAV4,46905.87,5.77,Completed
478174,16,2020-03-04,Tacoma,41328.4,6.06,Completed
478175,17,2020-03-14,Tundra,31608.32,4.51,Completed
478176,7,2020-03-26,Corolla,31063.25,5.39,Completed
478177,5,2020-03-21,RAV4,39599.87,5.34,Completed
478178,8,2020-03-20,Tacoma,43038.16,5.84,Completed
478179,1,2020-03-26,Camry,34351.45,5.24,Completed
478180,3,2020-03-29,Prius,31183.74,5.69,Completed
478181,12,2020-03-14,Sienna,52187.96,5.65,Completed
478182,12,2020-03-30,Highlander,67105.0,5.65,Completed
478183,15,2020-03-16,Camry,39179.28,4.86,Completed
478184,5,2020-03-28,Corolla,25308.44,5.34,Completed
478185,15,2020-03-10,Tacoma,43344.98,4.86,Completed
478186,4,2020-03-12,Camry,23801.96,3.81,Completed
478187,1,2020-03-06,Sienna,39294.48,5.24,Completed
478188,12,2020-03-10,Highlander,59378.15,5.65,Completed
478189,9,2020-03-29,Prius,20967.29,4.4,Completed
478190,5,2020-03-12,Highlander,50805.1,5.34,Completed
478191,17,2020-03-25,Sienna,33066.05,4.51,Completed
478192,5,2020-03-29,Prius,27474.05,5.34,Completed
478193,13,2020-03-01,Highlander,64063.73,5.61,Pending
478194,19,2020-03-11,Sienna,41244.48,5.48,Completed
478195,6,2020-03-02,Sienna,32203.71,3.86,Completed
478196,15,2020-03-29,Tundra,45751.75,4.86,Cancelled
478197,17,2020-03-03,Sienna,33171.46,4.51,Pending
478198,20,2020-03-24,Tundra,47910.31,5.77,Completed
478199,19,2020-03-28,Highlander,54766.51,5.48,Completed
478200,19,2020-03-16,RAV4,35038.26,5.48,Completed
478201,2,2020-03-04,Prius,23391.58,4.0,Completed
478202,1,2020-03-16,Highlander,49530.26,5.24,Completed
478203,9,2020-03-20,Sienna,34230.41,4.4,Completed
478204,1,2020-03-16,Prius,28065.09,5.24,Completed
478205,19,2020-03-31,Tundra,41705.66,5.48,Completed
478206,3,2020-03-15,Highlander,62788.84,5.69,Completed
478207,2,2020-03-20,Prius,26212.44,4.0,Completed
478208,14,2020-03-03,Prius,27514.1,5.1,Completed
478209,6,2020-03-29,Sienna,32600.74,3.86,Completed
478210,1,2020-03-26,Tundra,44686.78,5.24,Completed
478211,14,2020-03-03,Prius,29642.87,5.1,Completed
478212,15,2020-03-15,Camry,35090.57,4.86,Completed
478213,20,2020-03-24,Corolla,28921.42,5.77,Pending
478214,12,2020-03-21,Highlander,64418.74,5.65,Completed
478215,8,2020-03-20,Highlander,60238.44,5.84,Completed
478216,8,2020-03-16,Highlander,62908.85,5.84,Completed
478217,9,2020-03-19,Tacoma,32468.73,4.4,Completed
478218,9,2020-03-26,Tundra,33930.54,4.4,Completed
478219,4,2020-03-12,Corolla,18635.32,3.81,Completed
478220,3,2020-03-26,Highlander,70996.71,5.69,Completed
478221,6,2020-03-31,Corolla,20592.19,3.86,Completed
478222,3,2020-03-13,Camry,36386.03,5.69,Completed
478223,1,2020-03-12,Prius,27743.73,5.24,Completed
478224,8,2020-03-15,RAV4,45562.43,5.84,Completed
478225,19,2020-03-15,Tundra,41811.09,5.48,Completed
478226,10,2020-03-12,Tundra,38638.83,4.88,Completed
478227,6,2020-03-11,Tacoma,31288.7,3.86,Completed
478228,18,2020-03-20,Highlander,70658.77,5.68,Completed
478229,3,2020-03-17,RAV4,47693.35,5.69,Completed
478230,1,2020-03-16,Highlander,52452.26,5.24,Completed
478231,6,2020-03-27,Corolla,20471.09,3.86,Completed
478232,5,2020-03-08,Prius,24335.96,5.34,Completed
478233,2,2020-03-23,Prius,24397.62,4.0,Completed
478234,13,2020-03-14,Tacoma,43897.12,5.61,Completed
478235,16,2020-03-20,Prius,35551.73,6.06,Completed
478236,5,2020-03-30,Corolla,25333.94,5.34,Completed
478237,2,2020-03-31,Tundra,34556.73,4.0,Completed
478238,14,2020-03-13,Camry,36955.21,5.1,Completed
478239,4,2020-03-03,RAV4,27789.68,3.81,Completed
478240,16,2020-03-09,RAV4,44895.51,6.06,Completed
478241,14,2020-03-27,Tacoma,42011.59,5.1,Completed
478242,14,2020-03-16,Highlander,64820.0,5.1,Completed
478243,12,2020-03-13,Sienna,49312.9,5.65,Completed
478244,3,2020-03-26,Tundra,52559.48,5.69,Completed
478245,11,2020-03-19,Highlander,44545.89,4.16,Completed
478246,10,2020-03-03,Highlander,43782.76,4.88,Completed
478247,14,2020-03-25,Tacoma,36523.9,5.1,Completed
478248,10,2020-03-11,Corolla,21994.83,4.88,Completed
478249,2,2020-03-25,Sienna,36231.83,4.0,Pending
478250,8,2020-03-20,Highlander,62086.96,5.84,Completed
478251,15,2020-03-25,Tundra,50609.55,4.86,Completed
478252,20,2020-03-13,RAV4,42916.51,5.77,Completed
478253,13,2020-03-03,Camry,38146.45,5.61,Completed
478254,17,2020-03-08,Corolla,20461.92,4.51,Completed
478255,9,2020-03-16,Highlander,46410.87,4.4,Completed
478256,20,2020-03-24,Prius,28758.11,5.77,Completed
478257,2,2020-03-14,Tacoma,29262.94,4.0,Completed
478258,12,2020-03-19,Highlander,61302.49,5.65,Completed
478259,12,2020-03-01,Camry,36390.79,5.65,Completed
478260,7,2020-03-07,Corolla,25609.64,5.39,Completed
478261,10,2020-03-19,Prius,22349.66,4.88,Completed
478262,17,2020-03-19,Camry,28987.43,4.51,Completed
478263,1,2020-03-30,Tacoma,32613.5,5.24,Completed
478264,1,2020-03-27,Tundra,39790.33,5.24,Completed
478265,18,2020-03-26,Prius,36214.79,5.68,Completed
478266,3,2020-03-23,Highlander,68224.76,5.69,Completed
478267,4,2020-03-11,Prius,22369.32,3.81,Completed
478268,7,2020-03-11,Highlander,68936.37,5.39,Completed
478269,8,2020-03-23,RAV4,43424.84,5.84,Completed
478270,1,2020-03-30,Prius,25826.09,5.24,Completed
478271,16,2020-03-27,Camry,42884.95,6.06,Completed
478272,20,2020-03-31,Camry,34602.47,5.77,Completed
478273,6,2020-03-13,Corolla,18016.37,3.86,Completed
478274,9,2020-03-23,RAV4,29661.63,4.4,Completed
478275,18,2020-03-18,Tacoma,40700.25,5.68,Completed
478276,13,2020-03-06,Camry,43223.03,5.61,Completed
478277,12,2020-03-03,Camry,40265.03,5.65,Completed
478278,6,2020-03-31,Corolla,17951.3,3.86,Pending
478279,8,2020-03-25,Corolla,27124.81,5.84,Completed
478280,4,2020-03-18,Prius,20899.29,3.81,Completed
478281,20,2020-03-06,Tundra,46296.04,5.77,Completed
478282,9,2020-03-02,Highlander,40933.61,4.4,Completed
478283,4,2020-03-27,Tundra,31093.35,3.81,Completed
478284,10,2020-03-15,Tundra,35739.66,4.88,Completed
478285,7,2020-03-01,Tacoma,45064.77,5.39,Completed
478286,3,2020-03-08,RAV4,50038.8,5.69,Completed
478287,8,2020-03-16,Tacoma,38411.52,5.84,Completed
478288,11,2020-03-12,Corolla,18946.73,4.16,Completed
478289,10,2020-03-09,Tacoma,30014.2,4.88,Completed
478290,20,2020-03-25,Tundra,52904.57,5.77,Completed
478291,15,2020-03-28,Tundra,45590.07,4.86,Completed
478292,8,2020-03-26,Prius,30513.51,5.84,Completed
478293,5,2020-03-03,Corolla,25576.24,5.34,Completed
478294,2,2020-03-16,Sienna,38081.61,4.0,Pending
478295,7,2020-03-26,Sienna,49686.15,5.39,Completed
478296,3,2020-03-12,Tundra,54201.23,5.69,Completed
478297,10,2020-03-03,Tundra,35106.71,4.88,Completed
478298,8,2020-03-10,Tacoma,41378.57,5.84,Completed
478299,7,2020-03-21,Corolla,29938.09,5.39,Completed
478300,4,2020-03-23,Highlander,45051.36,3.81,Completed
478301,16,2020-03-08,Tacoma,46065.16,6.06,Completed
478302,6,2020-03-27,Camry,27116.61,3.86,Completed
478303,19,2020-03-30,Sienna,43946.34,5.48,Pending
478304,14,2020-03-24,Tundra,47930.22,5.1,Completed
478305,19,2020-03-13,Tundra,46658.37,5.48,Completed
478306,16,2020-03-05,Sienna,46785.13,6.06,Completed
478307,11,2020-03-10,RAV4,34762.23,4.16,Completed
478308,20,2020-03-23,Tundra,45188.88,5.77,Completed
478309,14,2020-03-08,Tundra,47546.08,5.1,Completed
478310,20,2020-03-19,Tacoma,44930.27,5.77,Completed
478311,3,2020-03-25,Camry,42350.37,5.69,Completed
478312,11,2020-03-04,RAV4,35062.35,4.16,Completed
478313,1,2020-03-28,Tundra,40157.7,5.24,Pending
478314,20,2020-03-08,Prius,31556.49,5.77,Completed
478315,9,2020-03-31,Corolla,22213.02,4.4,Completed
478316,2,2020-03-19,Prius,26641.62,4.0,Completed
478317,16,2020-03-20,Prius,34054.31,6.06,Completed
478318,8,2020-03-20,Camry,39727.69,5.84,Completed
478319,11,2020-03-13,Tacoma,32351.19,4.16,Completed
478320,20,2020-03-23,Corolla,29821.92,5.77,Completed
478321,4,2020-03-09,RAV4,28605.26,3.81,Pending
478322,15,2020-03-02,Prius,30956.17,4.86,Completed
478323,3,2020-03-09,Highlander,64371.32,5.69,Completed
478324,14,2020-03-15,Corolla,25660.31,5.1,Completed
478325,1,2020-03-08,Highlander,52127.7,5.24,Completed
478326,2,2020-03-19,RAV4,31814.66,4.0,Completed
478327,10,2020-03-27,Tundra,36706.36,4.88,Completed
478328,17,2020-03-17,Prius,21012.98,4.51,Completed
478329,14,2020-03-16,Highlander,60513.75,5.1,Completed
478330,20,2020-03-06,Camry,38901.48,5.77,Completed
478331,20,2020-03-12,Corolla,28853.66,5.77,Completed
478332,1,2020-03-26,Prius,25655.03,5.24,Completed
478333,16,2020-03-14,Camry,37603.08,6.06,Completed
478334,20,2020-03-24,Camry,37116.34,5.77,Completed
478335,18,2020-03-29,RAV4,43483.41,5.68,Completed
478336,10,2020-03-09,Tundra,36256.78,4.88,Completed
478337,5,2020-03-20,Corolla,24570.11,5.34,Completed
478338,11,2020-03-05,Corolla,18586.86,4.16,Completed
478339,20,2020-03-30,Prius,33471.16,5.77,Completed
478340,15,2020-03-22,Tundra,52738.85,4.86,Completed
478341,13,2020-03-22,Camry,42551.53,5.61,Completed
478342,15,2020-03-11,Prius,33915.46,4.86,Completed
478343,12,2020-03-31,Tacoma,42265.65,5.65,Completed
478344,1,2020-03-25,Tacoma,36151.05,5.24,Completed
478345,14,2020-03-22,Camry,32841.31,5.1,Completed
478346,18,2020-03-16,Sienna,56722.74,5.68,Completed
478347,17,2020-03-06,Highlander,41905.23,4.51,Completed
478348,1,2020-03-20,Camry,31708.32,5.24,Completed
478349,1,2020-03-18,Tundra,40890.91,5.24,Completed
478350,13,2020-03-14,Prius,33399.55,5.61,Completed
478351,12,2020-03-27,Sienna,51150.2,5.65,Completed
478352,18,2020-03-12,Tacoma,44061.83,5.68,Completed
478353,6,2020-03-13,RAV4,28468.66,3.86,Completed
478354,9,2020-03-30,Camry,28042.36,4.4,Completed
478355,14,2020-03-23,Tacoma,39143.16,5.1,Completed
478356,10,2020-03-08,Tacoma,33797.31,4.88,Completed
478357,15,2020-03-28,Tacoma,44129.07,4.86,Completed
478358,7,2020-03-09,Prius,34745.51,5.39,Completed
478359,16,2020-03-27,Prius,32679.0,6.06,Completed
478360,20,2020-03-16,Corolla,27465.95,5.77,Completed
478361,10,2020-03-19,Sienna,33512.59,4.88,Completed
478362,9,2020-03-22,Tundra,37242.96,4.4,Completed
478363,9,2020-03-24,Tacoma,30172.42,4.4,Completed
478364,16,2020-03-03,Camry,39849.08,6.06,Completed
478365,16,2020-03-15,Prius,30921.54,6.06,Cancelled
478366,10,2020-03-13,Highlander,49800.38,4.88,Completed
478367,8,2020-03-21,Sienna,48331.59,5.84,Completed
478368,9,2020-03-13,Corolla,21729.5,4.4,Pending
478369,20,2020-03-13,Highlander,61754.61,5.77,Completed
478370,10,2020-03-08,Tundra,35075.96,4.88,Completed
478371,12,2020-03-16,Sienna,47498.02,5.65,Completed
478372,13,2020-03-04,RAV4,44955.91,5.61,Completed
478373,17,2020-03-23,Sienna,31051.14,4.51,Completed
478374,2,2020-03-02,Camry,29243.31,4.0,Completed
478375,9,2020-03-17,RAV4,31383.44,4.4,Completed
478376,5,2020-03-28,Highlander,54315.1,5.34,Completed
478377,1,2020-03-01,Tundra,43406.72,5.24,Completed
478378,16,2020-03-28,Tacoma,43401.61,6.06,Completed
478379,16,2020-03-24,Sienna,50155.81,6.06,Completed
478380,20,2020-03-10,Camry,34482.63,5.77,Completed
478381,15,2020-03-22,RAV4,46429.72,4.86,Completed
478382,13,2020-03-20,Camry,36779.4,5.61,Completed
478383,13,2020-03-26,Prius,32052.38,5.61,Completed
478384,12,2020-03-21,RAV4,42838.09,5.65,Completed
478385,3,2020-03-13,Tacoma,39449.05,5.69,Completed
478386,7,2020-03-20,Tacoma,40952.59,5.39,Completed
478387,11,2020-03-28,Camry,28953.17,4.16,Completed
478388,2,2020-03-22,Sienna,37709.57,4.0,Completed
478389,8,2020-03-17,Sienna,45792.87,5.84,Completed
478390,2,2020-03-17,RAV4,32878.4,4.0,Pending
478391,18,2020-03-22,Prius,32638.93,5.68,Completed
478392,11,2020-03-08,RAV4,31078.91,4.16,Completed
478393,8,2020-03-05,Corolla,28629.39,5.84,Completed
478394,5,2020-03-23,Tundra,42741.72,5.34,Completed
478395,3,2020-03-01,Sienna,47739.26,5.69,Completed
478396,15,2020-03-10,Sienna,45907.98,4.86,Completed
478397,14,2020-03-03,Corolla,25276.27,5.1,Completed
478398,6,2020-03-12,Corolla,18959.9,3.86,Completed
478399,20,2020-03-16,Camry,39244.63,5.77,Completed
478400,19,2020-03-30,RAV4,37222.72,5.48,Completed
478401,9,2020-03-23,RAV4,31899.72,4.4,Completed
478402,6,2020-03-25,Corolla,19079.55,3.86,Completed
478403,3,2020-03-20,Tundra,53420.97,5.69,Completed
478404,11,2020-03-20,Corolla,22110.37,4.16,Completed
478405,15,2020-03-10,Tundra,44799.97,4.86,Completed
478406,15,2020-03-17,RAV4,43911.81,4.86,Completed
478407,7,2020-03-29,Camry,42118.06,5.39,Completed
478408,16,2020-03-17,Sienna,45931.87,6.06,Completed
478409,12,2020-03-31,Camry,36945.88,5.65,Completed
478410,9,2020-03-21,Tundra,37578.93,4.4,Completed
478411,20,2020-03-06,Camry,39896.05,5.77,Completed
478412,19,2020-03-27,Sienna,40961.5,5.48,Completed
478413,19,2020-03-04,Tundra,45814.89,5.48,Completed
478414,2,2020-03-02,Camry,30206.31,4.0,Completed
478415,13,2020-03-18,RAV4,51041.26,5.61,Completed
478416,11,2020-03-31,Highlander,42313.62,4.16,Completed
478417,8,2020-03-09,Corolla,29319.89,5.84,Completed
478418,12,2020-03-30,Tundra,48935.94,5.65,Completed
478419,6,2020-03-04,Tacoma,28908.57,3.86,Completed
478420,5,2020-03-20,Tundra,42233.29,5.34,Completed
478421,9,2020-03-18,Corolla,19283.52,4.4,Completed
478422,9,2020-03-29,Tacoma,32512.25,4.4,Completed
478423,4,2020-03-29,Corolla,18377.52,3.81,Completed
478424,9,2020-03-21,Prius,25173.68,4.4,Completed
478425,3,2020-03-29,Prius,31898.42,5.69,Completed
478426,17,2020-03-06,Tundra,32086.66,4.51,Completed
478427,15,2020-03-16,Tacoma,39818.8,4.86,Completed
478428,16,2020-03-28,RAV4,50247.04,6.06,Completed
478429,1,2020-03-09,Tacoma,34112.79,5.24,Completed
478430,2,2020-03-13,Camry,30941.73,4.0,Completed
478431,12,2020-03-19,Tacoma,39335.15,5.65,Completed
478432,4,2020-03-09,Tundra,32854.37,3.81,Completed
478433,3,2020-03-11,Camry,38678.72,5.69,Completed
478434,8,2020-03-22,Tacoma,41000.5,5.84,Completed
478435,5,2020-03-15,Corolla,22431.37,5.34,Completed
478436,1,2020-03-06,Prius,27641.51,5.24,Completed
478437,15,2020-03-21,RAV4,41831.98,4.86,Completed
478438,3,2020-03-04,Camry,37789.17,5.69,Completed
478439,2,2020-03-18,Camry,30371.54,4.0,Completed
478440,3,2020-03-05,RAV4,49754.09,5.69,Completed
478441,3,2020-03-31,Tundra,54379.2,5.69,Completed
478442,3,2020-03-23,Highlander,64979.82,5.69,Completed
478443,17,2020-03-11,Prius,22793.72,4.51,Completed
478444,6,2020-03-08,Camry,25544.04,3.86,Completed
478445,7,2020-03-11,Prius,32039.38,5.39,Completed
478446,2,2020-03-13,Tundra,36036.74,4.0,Completed
478447,15,2020-03-07,Highlander,63246.4,4.86,Completed
478448,17,2020-03-20,Corolla,17722.34,4.51,Completed
478449,8,2020-03-02,Corolla,27237.38,5.84,Completed
478450,14,2020-03-01,Highlander,59104.98,5.1,Completed
478451,20,2020-03-04,Camry,41288.06,5.77,Completed
478452,12,2020-03-18,RAV4,39781.0,5.65,Completed
478453,16,2020-03-24,RAV4,44000.99,6.06,Completed
478454,4,2020-03-16,Sienna,36742.77,3.81,Completed
478455,10,2020-03-17,Sienna,39550.67,4.88,Completed
478456,8,2020-03-14,Camry,35549.02,5.84,Completed
478457,7,2020-03-28,Sienna,52961.65,5.39,Completed
478458,9,2020-03-29,Highlander,47276.77,4.4,Completed
478459,8,2020-03-18,RAV4,42373.54,5.84,Completed
478460,1,2020-03-24,Tundra,37153.2,5.24,Completed
478461,2,2020-03-10,Highlander,52228.49,4.0,Completed
478462,1,2020-03-24,Tundra,43386.32,5.24,Completed
478463,17,2020-03-28,Sienna,31724.83,4.51,Completed
478464,15,2020-03-31,RAV4,43013.54,4.86,Completed
478465,12,2020-03-18,Tacoma,43044.82,5.65,Completed
478466,20,2020-03-19,Highlander,60454.69,5.77,Pending
478467,1,2020-03-11,Tundra,41933.89,5.24,Completed
478468,12,2020-03-27,RAV4,42459.68,5.65,Completed
478469,7,2020-03-02,Prius,33770.25,5.39,Completed
478470,15,2020-03-11,Sienna,45055.8,4.86,Completed
478471,18,2020-03-22,RAV4,43584.04,5.68,Completed
478472,20,2020-03-11,Highlander,63628.91,5.77,Completed
478473,8,2020-03-17,Highlander,65769.19,5.84,Completed
478474,19,2020-03-29,Tundra,40445.67,5.48,Completed
478475,7,2020-03-03,Tacoma,37892.65,5.39,Completed
478476,5,2020-03-04,Sienna,43523.0,5.34,Completed
478477,1,2020-03-25,Highlander,52315.62,5.24,Completed
478478,12,2020-03-02,RAV4,44396.83,5.65,Completed
478479,7,2020-03-25,Tundra,54188.67,5.39,Completed
478480,17,2020-03-20,Corolla,20270.19,4.51,Completed
478481,10,2020-03-28,Highlander,48419.33,4.88,Completed
478482,6,2020-03-02,Corolla,20591.0,3.86,Completed
478483,17,2020-03-20,Tundra,32160.95,4.51,Completed
478484,12,2020-03-07,RAV4,42276.35,5.65,Completed
478485,2,2020-03-04,RAV4,32771.11,4.0,Completed
478486,11,2020-03-10,Tacoma,30290.5,4.16,Completed
478487,5,2020-03-17,RAV4,37277.32,5.34,Completed
478488,15,2020-03-19,RAV4,41503.54,4.86,Completed
478489,16,2020-03-14,Corolla,30132.81,6.06,Completed
478490,18,2020-03-14,Tacoma,43474.59,5.68,Completed
478491,3,2020-03-18,Sienna,53049.88,5.69,Completed
478492,7,2020-03-03,Prius,34918.02,5.39,Completed
478493,1,2020-03-26,Tundra,44740.06,5.24,Completed
478494,14,2020-03-05,Camry,36529.12,5.1,Completed
478495,12,2020-03-05,RAV4,44147.1,5.65,Completed
478496,20,2020-03-04,Tacoma,40835.83,5.77,Completed
478497,4,2020-03-08,RAV4,30909.55,3.81,Completed
478498,14,2020-03-12,Tacoma,37814.55,5.1,Completed
478499,9,2020-03-27,Camry,29404.13,4.4,Completed
478500,15,2020-03-25,Corolla,25066.54,4.86,Completed
478501,3,2020-03-13,Highlander,67774.42,5.69,Completed
478502,18,2020-03-08,Corolla,29133.62,5.68,Completed
478503,15,2020-03-27,Tundra,48860.04,4.86,Pending
478504,11,2020-03-29,Camry,29663.59,4.16,Completed
478505,4,2020-03-07,Prius,22988.3,3.81,Completed
478506,16,2020-03-01,Corolla,30196.27,6.06,Completed
478507,8,2020-03-20,Tacoma,42174.39,5.84,Completed
478508,10,2020-03-21,Tacoma,28272.11,4.88,Completed
478509,12,2020-03-25,Camry,39757.28,5.65,Cancelled
478510,2,2020-03-27,RAV4,33734.25,4.0,Completed
478511,7,2020-03-06,Corolla,28104.74,5.39,Completed
478512,4,2020-03-11,RAV4,29041.36,3.81,Completed
478513,14,2020-03-17,Tundra,49374.03,5.1,Completed
478514,16,2020-03-15,Prius,29602.95,6.06,Completed
478515,9,2020-03-12,Camry,28051.56,4.4,Completed
478516,17,2020-03-23,Corolla,21012.44,4.51,Completed
478517,13,2020-03-19,Sienna,53031.26,5.61,Completed
478518,19,2020-03-01,Tacoma,37280.55,5.48,Completed
478519,7,2020-03-23,Camry,35598.56,5.39,Completed
478520,9,2020-03-18,Tundra,34147.98,4.4,Completed
478521,19,2020-03-14,Prius,30111.18,5.48,Completed
478522,20,2020-03-01,Tundra,45915.78,5.77,Completed
478523,1,2020-03-06,Prius,26127.5,5.24,Completed
478524,16,2020-03-18,RAV4,41650.72,6.06,Completed
478525,16,2020-03-07,Sienna,54866.91,6.06,Completed
478526,12,2020-03-06,Tacoma,43977.06,5.65,Completed
478527,9,2020-03-11,Prius,24141.64,4.4,Completed
478528,9,2020-03-09,Tundra,38420.85,4.4,Completed
478529,17,2020-03-05,Prius,20517.38,4.51,Completed
478530,14,2020-03-21,Highlander,64035.58,5.1,Completed
478531,18,2020-03-18,RAV4,44315.62,5.68,Completed
478532,3,2020-03-21,Tacoma,43165.37,5.69,Completed
478533,11,2020-03-11,Corolla,20688.03,4.16,Completed
478534,20,2020-03-09,Tundra,44539.93,5.77,Completed
478535,16,2020-03-02,Tundra,46383.18,6.06,Cancelled
478536,10,2020-03-23,Sienna,33186.19,4.88,Completed
478537,8,2020-03-12,RAV4,40606.75,5.84,Completed
478538,16,2020-03-15,Corolla,29072.7,6.06,Completed
478539,8,2020-03-06,Sienna,49559.47,5.84,Completed
478540,4,2020-03-12,Tacoma,30362.57,3.81,Completed
478541,9,2020-03-12,Tundra,32214.6,4.4,Completed
478542,9,2020-03-07,Camry,26146.21,4.4,Completed
478543,5,2020-03-25,RAV4,38916.49,5.34,Completed
478544,7,2020-03-02,RAV4,41590.93,5.39,Pending
478545,10,2020-03-27,Prius,21594.82,4.88,Completed
478546,19,2020-03-27,Corolla,25388.42,5.48,Completed
478547,19,2020-03-17,Camry,33826.79,5.48,Completed
478548,13,2020-03-30,Highlander,61320.85,5.61,Completed
478549,1,2020-03-28,Prius,27720.67,5.24,Completed
478550,4,2020-03-20,Sienna,36648.17,3.81,Completed
478551,20,2020-03-30,RAV4,41728.75,5.77,Completed
478552,16,2020-03-27,Highlander,57520.26,6.06,Completed
478553,10,2020-03-17,Prius,22087.15,4.88,Completed
478554,13,2020-03-28,Sienna,51362.74,5.61,Completed
478555,11,2020-03-31,Corolla,21170.08,4.16,Completed
478556,7,2020-03-19,Tundra,50671.0,5.39,Completed
478557,3,2020-03-28,Sienna,55101.9,5.69,Completed
478558,13,2020-03-23,Corolla,30917.31,5.61,Completed
478559,11,2020-03-30,Tundra,39028.49,4.16,Completed
478560,19,2020-03-04,Prius,26872.74,5.48,Completed
478561,3,2020-03-15,Corolla,27205.01,5.69,Completed
478562,18,2020-03-26,Highlander,61103.95,5.68,Pending
478563,2,2020-03-30,Tacoma,33631.66,4.0,Completed
478564,17,2020-03-29,Prius,23886.99,4.51,Completed
478565,9,2020-03-27,Prius,23134.36,4.4,Completed
478566,16,2020-03-04,Camry,36757.27,6.06,Completed
478567,9,2020-03-10,Tacoma,29811.85,4.4,Completed
478568,3,2020-03-08,Tundra,52491.13,5.69,Completed
478569,9,2020-03-21,Tundra,33899.94,4.4,Pending
478570,14,2020-03-11,Camry,36675.88,5.1,Completed
478571,12,2020-03-27,Camry,40089.95,5.65,Completed
478572,20,2020-03-31,RAV4,42922.45,5.77,Completed
478573,17,2020-03-15,Tacoma,30347.33,4.51,Completed
478574,17,2020-03-13,Highlander,44479.61,4.51,Completed
478575,11,2020-03-14,Highlander,42366.73,4.16,Completed
478576,13,2020-03-14,Highlander,59137.54,5.61,Completed
478577,5,2020-03-08,RAV4,38979.43,5.34,Completed
478578,8,2020-03-26,Prius,29896.06,5.84,Completed
478579,3,2020-03-28,RAV4,48688.84,5.69,Completed
478580,6,2020-03-12,Highlander,48103.66,3.86,Completed
478581,12,2020-03-11,Prius,28302.24,5.65,Completed
478582,16,2020-03-05,Camry,35270.95,6.06,Completed
478583,13,2020-03-18,Highlander,62534.06,5.61,Completed
478584,9,2020-03-24,Corolla,20326.51,4.4,Completed
478585,8,2020-03-22,Camry,38694.08,5.84,Completed
478586,6,2020-03-06,Corolla,18991.18,3.86,Completed
478587,7,2020-03-30,Corolla,27434.63,5.39,Completed
478588,18,2020-03-05,Sienna,47756.72,5.68,Completed
478589,2,2020-03-31,Highlander,46274.47,4.0,Completed
478590,18,2020-03-09,Corolla,31693.58,5.68,Completed
478591,19,2020-03-25,Prius,26899.48,5.48,Completed
478592,5,2020-03-22,Prius,27149.43,5.34,Completed
478593,1,2020-03-20,Corolla,25225.09,5.24,Completed
478594,13,2020-03-30,Prius,36382.73,5.61,Completed
478595,8,2020-03-28,Prius,34373.24,5.84,Completed
478596,18,2020-03-09,Corolla,27910.95,5.68,Completed
478597,10,2020-03-10,Prius,25962.26,4.88,Completed
478598,6,2020-03-17,Camry,26372.69,3.86,Completed
478599,6,2020-03-04,Tacoma,28543.59,3.86,Completed
478600,2,2020-03-02,Camry,29371.44,4.0,Completed
478601,11,2020-03-18,Tacoma,28228.28,4.16,Completed
478602,20,2020-03-27,Tundra,45294.12,5.77,Completed
478603,15,2020-03-23,Tacoma,42719.79,4.86,Completed
478604,6,2020-03-05,RAV4,32063.3,3.86,Completed
478605,7,2020-03-07,Highlander,62789.53,5.39,Completed
478606,4,2020-03-03,RAV4,32523.46,3.81,Completed
478607,6,2020-03-14,Prius,20556.75,3.86,Completed
478608,3,2020-03-10,Tacoma,40949.95,5.69,Completed
478609,4,2020-03-08,Sienna,31411.76,3.81,Completed
478610,11,2020-03-23,Corolla,21133.91,4.16,Completed
478611,13,2020-03-19,RAV4,42620.85,5.61,Completed
478612,11,2020-03-18,Prius,23402.9,4.16,Completed
478613,9,2020-03-30,Sienna,32887.08,4.4,Completed
478614,17,2020-03-12,Corolla,17998.42,4.51,Completed
478615,17,2020-03-17,Corolla,17807.54,4.51,Completed
478616,1,2020-03-12,Prius,27975.67,5.24,Completed
478617,15,2020-03-10,Corolla,27659.25,4.86,Completed
478618,15,2020-03-16,Prius,30833.5,4.86,Completed
478619,11,2020-03-10,Highlander,41842.51,4.16,Completed
478620,16,2020-03-13,Corolla,29769.98,6.06,Completed
478621,9,2020-03-31,RAV4,31664.01,4.4,Completed
478622,14,2020-03-25,Tacoma,35561.94,5.1,Completed
478623,5,2020-03-11,Sienna,44596.82,5.34,Cancelled
478624,20,2020-03-15,Corolla,26712.35,5.77,Completed
478625,4,2020-03-23,Prius,20184.3,3.81,Completed
478626,10,2020-03-07,Corolla,19471.98,4.88,Completed
478627,20,2020-03-05,RAV4,44804.74,5.77,Completed
478628,12,2020-03-26,Prius,34383.8,5.65,Completed
478629,18,2020-03-12,Camry,41729.29,5.68,Completed
478630,2,2020-03-23,RAV4,33083.85,4.0,Completed
478631,11,2020-03-24,Prius,21902.94,4.16,Completed
478632,7,2020-03-09,Tacoma,43482.07,5.39,Completed
478633,17,2020-03-29,Tundra,35555.66,4.51,Completed
478634,12,2020-03-19,Tacoma,42603.3,5.65,Completed
478635,20,2020-03-25,Corolla,26340.98,5.77,Completed
478636,18,2020-03-12,Corolla,30214.51,5.68,Pending
478637,1,2020-03-04,Corolla,22108.43,5.24,Completed
478638,12,2020-03-03,Tundra,44865.6,5.65,Completed
478639,5,2020-03-31,RAV4,36633.68,5.34,Completed
478640,14,2020-03-10,Sienna,44056.85,5.1,Completed
478641,5,2020-03-19,Tacoma,38061.85,5.34,Completed
478642,4,2020-03-23,Camry,26682.2,3.81,Completed
478643,6,2020-03-27,Highlander,41461.37,3.86,Completed
478644,3,2020-03-10,Tundra,53645.32,5.69,Completed
478645,15,2020-03-16,Prius,28546.94,4.86,Completed
478646,3,2020-03-30,Highlander,60192.37,5.69,Completed
478647,2,2020-03-30,Sienna,39210.51,4.0,Completed
478648,13,2020-03-12,Sienna,52398.83,5.61,Completed
478649,20,2020-03-05,Highlander,60833.53,5.77,Cancelled
478650,2,2020-03-01,Tundra,37588.75,4.0,Completed
478651,17,2020-03-20,Tundra,31090.57,4.51,Completed
478652,4,2020-03-29,Camry,23691.47,3.81,Completed
478653,8,2020-03-11,Sienna,48679.98,5.84,Pending
478654,8,2020-03-14,Prius,32287.02,5.84,Completed
478655,18,2020-03-26,Corolla,29146.52,5.68,Completed
478656,7,2020-03-03,RAV4,44265.01,5.39,Completed
478657,8,2020-03-15,Prius,33448.55,5.84,Completed
478658,4,2020-03-15,Camry,26484.92,3.81,Completed
478659,2,2020-03-23,Prius,24510.25,4.0,Completed
478660,17,2020-03-12,Tundra,35407.74,4.51,Completed
478661,8,2020-03-28,Tacoma,43461.01,5.84,Completed
478662,3,2020-03-31,Sienna,46397.16,5.69,Completed
478663,15,2020-03-04,Highlander,66187.35,4.86,Completed
478664,2,2020-03-24,Sienna,35594.89,4.0,Completed
478665,3,2020-03-19,Highlander,60377.48,5.69,Completed
478666,15,2020-03-21,Prius,31755.82,4.86,Completed
478667,5,2020-03-09,Tacoma,37930.29,5.34,Completed
478668,2,2020-03-27,Camry,26435.39,4.0,Completed
478669,7,2020-03-27,RAV4,49210.09,5.39,Completed
478670,11,2020-03-31,Sienna,37489.3,4.16,Completed
478671,5,2020-03-24,Tundra,43884.16,5.34,Completed
478672,11,2020-03-08,RAV4,35000.95,4.16,Completed
478673,4,2020-03-14,Highlander,38960.3,3.81,Completed
478674,16,2020-03-30,Sienna,54974.69,6.06,Completed
478675,13,2020-03-09,Highlander,68647.91,5.61,Completed
478676,1,2020-03-23,Camry,31061.21,5.24,Completed
478677,20,2020-03-07,Sienna,51973.8,5.77,Completed
478678,16,2020-03-26,Prius,33981.95,6.06,Completed
478679,19,2020-03-26,Highlander,59045.8,5.48,Completed
478680,18,2020-03-28,Prius,36543.13,5.68,Completed
478681,13,2020-03-26,Tacoma,41581.39,5.61,Completed
478682,7,2020-03-21,Prius,35134.47,5.39,Completed
478683,10,2020-03-06,Tundra,33030.64,4.88,Completed
478684,18,2020-03-25,Tacoma,47021.12,5.68,Completed
478685,16,2020-03-17,Sienna,53442.25,6.06,Completed
478686,8,2020-03-27,Sienna,52399.33,5.84,Completed
478687,18,2020-03-26,Tacoma,42488.05,5.68,Completed
478688,16,2020-03-27,Highlander,60305.83,6.06,Completed
478689,10,2020-03-26,Sienna,38888.45,4.88,Pending
478690,2,2020-03-02,RAV4,33895.89,4.0,Completed
478691,11,2020-03-24,Sienna,36111.46,4.16,Completed
478692,10,2020-03-24,Tacoma,28953.06,4.88,Completed
478693,10,2020-03-08,Highlander,46480.17,4.88,Completed
478694,9,2020-03-25,Camry,26272.86,4.4,Completed
478695,19,2020-03-12,Corolla,24615.4,5.48,Completed
478696,7,2020-03-31,RAV4,47006.68,5.39,Completed
478697,6,2020-03-20,Corolla,21549.1,3.86,Cancelled
478698,15,2020-03-23,Sienna,49701.68,4.86,Completed
478699,20,2020-03-05,Sienna,48590.58,5.77,Completed
478700,19,2020-03-19,Highlander,53860.09,5.48,Completed
478701,5,2020-03-11,Sienna,41631.77,5.34,Completed
478702,16,2020-03-03,Tacoma,40290.99,6.06,Cancelled
478703,13,2020-03-28,Sienna,55756.53,5.61,Completed
478704,15,2020-03-27,Tacoma,38016.73,4.86,Completed
478705,1,2020-03-04,Tacoma,36663.66,5.24,Completed
478706,3,2020-03-28,Prius,34598.1,5.69,Completed
478707,10,2020-03-27,Prius,26179.04,4.88,Pending
478708,5,2020-03-24,Corolla,24291.59,5.34,Completed
478709,12,2020-03-30,Corolla,29471.41,5.65,Completed
478710,9,2020-03-23,Camry,27257.5,4.4,Completed
478711,8,2020-03-13,Tacoma,39054.02,5.84,Completed
478712,11,2020-03-28,Corolla,18761.78,4.16,Completed
478713,6,2020-03-24,Camry,25824.6,3.86,Completed
478714,15,2020-03-20,Prius,32501.47,4.86,Completed
478715,6,2020-03-13,Camry,28920.36,3.86,Completed
478716,8,2020-03-24,Highlander,64369.86,5.84,Completed
478717,7,2020-03-11,RAV4,48161.39,5.39,Completed
478718,2,2020-03-04,Camry,31057.71,4.0,Completed
478719,9,2020-03-02,Prius,22825.0,4.4,Completed
478720,15,2020-03-13,Camry,37405.09,4.86,Completed
478721,17,2020-03-06,Camry,25574.4,4.51,Completed
478722,18,2020-03-27,Tacoma,42362.69,5.68,Completed
478723,3,2020-03-15,Sienna,55557.16,5.69,Completed
478724,10,2020-03-15,Tacoma,33202.46,4.88,Completed
478725,7,2020-03-02,Highlander,66882.37,5.39,Completed
478726,4,2020-03-03,Tacoma,26830.29,3.81,Completed
478727,20,2020-03-30,Sienna,53262.58,5.77,Completed
478728,20,2020-03-04,Tundra,49569.1,5.77,Cancelled
478729,19,2020-03-30,RAV4,38720.98,5.48,Cancelled
478730,2,2020-03-14,Camry,27408.24,4.0,Completed
478731,6,2020-03-29,Corolla,21007.92,3.86,Completed
478732,6,2020-03-12,Tacoma,29296.96,3.86,Completed
478733,2,2020-03-31,Prius,23335.02,4.0,Completed
478734,20,2020-03-13,Highlander,65896.83,5.77,Completed
478735,4,2020-03-05,Tundra,35051.55,3.81,Completed
478736,18,2020-03-25,Prius,32928.15,5.68,Completed
478737,3,2020-03-15,Sienna,53916.64,5.69,Completed
478738,17,2020-03-01,Highlander,40272.34,4.51,Completed
478739,8,2020-03-08,Highlander,65160.04,5.84,Completed
478740,7,2020-03-29,Camry,38269.5,5.39,Completed
478741,5,2020-03-15,Camry,29246.87,5.34,Completed
478742,6,2020-03-12,Camry,25513.43,3.86,Completed
478743,4,2020-03-28,RAV4,28608.31,3.81,Completed
478744,7,2020-03-27,RAV4,47540.48,5.39,Completed
478745,19,2020-03-20,Prius,24953.22,5.48,Completed
478746,10,2020-03-30,Corolla,20741.41,4.88,Completed
478747,10,2020-03-07,Tundra,38357.21,4.88,Completed
478748,5,2020-03-07,Prius,24958.09,5.34,Completed
478749,7,2020-03-02,Corolla,26660.61,5.39,Completed
478750,8,2020-03-24,Sienna,49624.31,5.84,Completed
478751,8,2020-03-04,Prius,29549.23,5.84,Completed
478752,11,2020-03-18,Highlander,41503.16,4.16,Completed
478753,11,2020-03-05,Prius,24292.94,4.16,Completed
478754,8,2020-03-13,Prius,32796.04,5.84,Completed
478755,13,2020-03-02,Highlander,60521.95,5.61,Completed
478756,18,2020-03-17,Highlander,72919.56,5.68,Completed
478757,8,2020-03-30,Highlander,60553.9,5.84,Completed
478758,4,2020-03-23,Tundra,35546.31,3.81,Completed
478759,15,2020-03-13,Sienna,47963.58,4.86,Cancelled
478760,1,2020-03-07,Tacoma,33041.02,5.24,Completed
478761,1,2020-03-04,Highlander,52328.66,5.24,Completed
478762,18,2020-03-27,Highlander,69777.8,5.68,Completed
478763,14,2020-03-10,Corolla,25159.95,5.1,Completed
478764,8,2020-03-28,Tundra,47238.12,5.84,Completed
478765,5,2020-03-20,Prius,29176.6,5.34,Completed
478766,11,2020-03-22,Tundra,33418.63,4.16,Completed
478767,6,2020-03-02,Camry,26533.65,3.86,Completed
478768,10,2020-03-06,Camry,30604.88,4.88,Completed
478769,13,2020-03-09,Tacoma,44524.85,5.61,Completed
478770,8,2020-03-26,Prius,34588.61,5.84,Completed
478771,15,2020-03-13,Highlander,59091.65,4.86,Completed
478772,18,2020-03-12,Corolla,29098.21,5.68,Completed
478773,11,2020-03-04,RAV4,34365.47,4.16,Completed
478774,3,2020-03-31,Sienna,47284.64,5.69,Completed
478775,19,2020-03-03,Prius,26676.76,5.48,Completed
478776,17,2020-03-31,Sienna,33857.1,4.51,Completed
478777,9,2020-03-11,RAV4,31357.41,4.4,Completed
478778,1,2020-03-06,Corolla,24905.75,5.24,Completed
478779,11,2020-03-25,Corolla,21345.24,4.16,Completed
478780,1,2020-03-05,RAV4,40679.73,5.24,Completed
478781,12,2020-03-19,Prius,29435.71,5.65,Completed
478782,14,2020-03-08,Sienna,42669.32,5.1,Pending
478783,9,2020-03-18,Prius,25117.21,4.4,Completed
478784,1,2020-03-12,Tacoma,33256.06,5.24,Completed
478785,16,2020-03-17,Highlander,57655.15,6.06,Pending
478786,13,2020-03-20,Tundra,48336.8,5.61,Completed
478787,13,2020-03-06,Highlander,66520.5,5.61,Completed
478788,8,2020-03-25,Tacoma,39701.64,5.84,Completed
478789,14,2020-03-12,Sienna,50574.67,5.1,Completed
478790,12,2020-03-21,Sienna,49505.92,5.65,Cancelled
478791,4,2020-03-13,Tundra,33168.71,3.81,Completed
478792,13,2020-03-03,Sienna,50725.35,5.61,Completed
478793,10,2020-03-31,Sienna,36157.05,4.88,Completed
478794,2,2020-03-16,Corolla,22773.22,4.0,Completed
478795,9,2020-03-27,Tacoma,27795.7,4.4,Completed
478796,4,2020-03-21,Tundra,35004.07,3.81,Completed
478797,19,2020-03-27,Corolla,25182.42,5.48,Completed
478798,13,2020-03-12,Tacoma,46803.5,5.61,Completed
478799,1,2020-03-16,Tacoma,33114.64,5.24,Completed
478800,8,2020-03-09,Sienna,46268.54,5.84,Completed
478801,20,2020-03-02,Corolla,28292.9,5.77,Completed
478802,5,2020-03-24,Highlander,50525.27,5.34,Completed
478803,6,2020-03-06,Sienna,32368.5,3.86,Completed
478804,2,2020-03-11,Tacoma,32929.54,4.0,Completed
478805,19,2020-03-22,Camry,34970.56,5.48,Completed
478806,7,2020-03-31,Tundra,53487.53,5.39,Completed
478807,11,2020-03-12,Sienna,38229.11,4.16,Completed
478808,3,2020-03-19,Tacoma,45292.75,5.69,Completed
478809,5,2020-03-24,Highlander,47540.99,5.34,Completed
478810,12,2020-03-10,Tacoma,37050.56,5.65,Completed
478811,10,2020-03-06,Tundra,39436.03,4.88,Completed
478812,16,2020-03-29,Sienna,49804.16,6.06,Completed
478813,17,2020-03-13,RAV4,34406.58,4.51,Completed
478814,8,2020-03-28,Tacoma,40220.4,5.84,Completed
478815,17,2020-03-02,RAV4,34226.3,4.51,Completed
478816,16,2020-03-27,Tacoma,43222.07,6.06,Completed
478817,11,2020-03-22,Camry,26063.95,4.16,Completed
478818,13,2020-03-16,Highlander,62348.49,5.61,Cancelled
478819,19,2020-03-11,Highlander,49146.39,5.48,Completed
478820,18,2020-03-16,Tundra,49290.96,5.68,Cancelled
478821,17,2020-03-02,Tacoma,27906.15,4.51,Completed
478822,18,2020-03-07,Highlander,65692.48,5.68,Completed
478823,8,2020-03-21,Sienna,49861.39,5.84,Completed
478824,11,2020-03-22,Highlander,46430.83,4.16,Completed
478825,20,2020-03-21,Highlander,67337.73,5.77,Completed
478826,18,2020-03-28,Highlander,63554.8,5.68,Completed
478827,6,2020-03-26,Sienna,33659.73,3.86,Completed
478828,12,2020-03-31,RAV4,44698.01,5.65,Completed
478829,6,2020-03-17,Tacoma,28100.07,3.86,Completed
478830,18,2020-03-09,Corolla,28939.08,5.68,Completed
478831,9,2020-03-31,Sienna,34470.27,4.4,Completed
478832,8,2020-03-21,Corolla,26189.82,5.84,Completed
478833,2,2020-03-08,Highlander,48305.58,4.0,Completed
478834,14,2020-03-17,Camry,39048.34,5.1,Completed
478835,6,2020-03-09,Corolla,20501.77,3.86,Completed
478836,11,2020-03-30,Tundra,37313.86,4.16,Completed
478837,6,2020-03-15,Tundra,32366.34,3.86,Completed
478838,19,2020-03-25,Tundra,40854.93,5.48,Completed
478839,5,2020-03-30,Prius,29263.41,5.34,Completed
478840,16,2020-03-14,Sienna,47930.6,6.06,Completed
478841,6,2020-03-17,RAV4,29147.25,3.86,Completed
478842,3,2020-03-10,Sienna,55451.58,5.69,Completed
478843,16,2020-03-31,Tacoma,39501.48,6.06,Completed
478844,2,2020-03-19,Corolla,22985.63,4.0,Completed
478845,1,2020-03-22,Tacoma,32866.57,5.24,Completed
478846,10,2020-03-06,Tundra,40173.71,4.88,Completed
478847,3,2020-03-16,Highlander,65935.22,5.69,Completed
478848,16,2020-03-07,Tundra,50121.11,6.06,Completed
478849,20,2020-03-15,Tundra,49135.05,5.77,Completed
478850,5,2020-03-02,Highlander,47537.04,5.34,Completed
478851,18,2020-03-23,Corolla,31948.08,5.68,Completed
478852,8,2020-03-15,Corolla,26870.5,5.84,Completed
478853,8,2020-03-22,Tacoma,38499.16,5.84,Completed
478854,9,2020-03-08,Camry,29075.03,4.4,Completed
478855,9,2020-03-12,Tundra,34484.94,4.4,Completed
478856,8,2020-03-01,Highlander,58392.69,5.84,Completed
478857,17,2020-03-14,RAV4,33611.16,4.51,Completed
478858,19,2020-03-20,Highlander,49288.1,5.48,Completed
478859,10,2020-03-25,Sienna,35800.96,4.88,Completed
478860,11,2020-03-26,Camry,29619.9,4.16,Completed
478861,18,2020-03-30,Tundra,50951.77,5.68,Completed
478862,19,2020-03-21,Highlander,50169.73,5.48,Completed
478863,5,2020-03-26,Highlander,48057.09,5.34,Completed
478864,11,2020-03-26,Tacoma,30993.18,4.16,Completed
478865,2,2020-03-19,Camry,30811.7,4.0,Completed
478866,14,2020-03-14,RAV4,46625.79,5.1,Completed
478867,19,2020-03-08,Prius,29952.72,5.48,Completed
478868,16,2020-03-24,Tacoma,44727.48,6.06,Completed
478869,10,2020-03-18,Prius,25874.03,4.88,Completed
478870,4,2020-03-10,Camry,27666.24,3.81,Completed
478871,12,2020-03-30,Camry,38205.18,5.65,Completed
478872,9,2020-03-20,Tundra,34316.28,4.4,Completed
478873,14,2020-03-23,Tacoma,42902.53,5.1,Completed
478874,9,2020-03-10,RAV4,29323.63,4.4,Completed
478875,12,2020-03-18,Corolla,24868.05,5.65,Completed
478876,9,2020-03-25,Corolla,22014.84,4.4,Completed
478877,13,2020-03-04,Corolla,31088.36,5.61,Completed
478878,5,2020-03-13,RAV4,41078.06,5.34,Completed
478879,15,2020-03-22,Sienna,48893.27,4.86,Completed
478880,14,2020-03-17,Sienna,48882.11,5.1,Completed
478881,6,2020-03-18,Sienna,36251.99,3.86,Completed
478882,4,2020-03-21,Camry,24175.56,3.81,Completed
478883,3,2020-03-24,Tundra,54954.05,5.69,Completed
478884,18,2020-03-20,Tundra,54839.64,5.68,Completed
478885,12,2020-03-21,Tacoma,36967.11,5.65,Completed
478886,9,2020-03-16,Sienna,32223.28,4.4,Completed
478887,11,2020-03-26,Highlander,44496.44,4.16,Completed
478888,12,2020-03-25,Camry,36874.69,5.65,Completed
478889,10,2020-03-02,Highlander,44928.89,4.88,Completed
478890,9,2020-03-07,Tundra,35328.28,4.4,Completed
478891,17,2020-03-26,Sienna,32361.68,4.51,Completed
478892,17,2020-03-07,Tacoma,29487.44,4.51,Completed
478893,20,2020-03-28,Highlander,56609.13,5.77,Pending
478894,5,2020-03-26,Tacoma,36786.46,5.34,Completed
478895,4,2020-03-18,Prius,20389.59,3.81,Completed
478896,17,2020-03-04,Highlander,45430.82,4.51,Completed
478897,5,2020-03-05,Tacoma,33281.85,5.34,Completed
478898,3,2020-03-23,Camry,39084.11,5.69,Completed
478899,18,2020-03-14,Tacoma,44243.58,5.68,Completed
478900,12,2020-03-09,Prius,32891.28,5.65,Completed
478901,8,2020-03-18,RAV4,47142.9,5.84,Completed
478902,16,2020-03-21,RAV4,42626.66,6.06,Completed
478903,4,2020-03-11,Corolla,17668.14,3.81,Completed
478904,16,2020-03-04,Sienna,53955.62,6.06,Completed
478905,8,2020-03-12,Camry,41285.06,5.84,Completed
478906,7,2020-03-05,Corolla,28747.14,5.39,Completed
478907,9,2020-03-13,RAV4,35176.79,4.4,Completed
478908,11,2020-03-25,Tundra,35164.67,4.16,Completed
478909,20,2020-03-16,Highlander,59540.94,5.77,Completed
478910,20,2020-03-30,RAV4,47650.78,5.77,Completed
478911,10,2020-03-23,Tacoma,29023.13,4.88,Completed
478912,6,2020-03-18,Sienna,34216.67,3.86,Completed
478913,17,2020-03-05,Highlander,44265.29,4.51,Completed
478914,9,2020-03-04,Corolla,19410.79,4.4,Completed
478915,6,2020-03-26,Sienna,36363.14,3.86,Completed
478916,11,2020-03-24,Tundra,36449.54,4.16,Pending
478917,2,2020-03-07,Tundra,37513.61,4.0,Completed
478918,18,2020-03-10,Tacoma,45446.72,5.68,Completed
478919,20,2020-03-14,Highlander,59667.55,5.77,Completed
478920,11,2020-03-09,Camry,27232.97,4.16,Completed
478921,4,2020-03-09,Camry,24184.98,3.81,Completed
478922,11,2020-03-28,Tacoma,29790.59,4.16,Completed
478923,14,2020-03-09,Corolla,24242.5,5.1,Completed
478924,12,2020-03-20,Sienna,50414.76,5.65,Completed
478925,15,2020-03-06,Highlander,62060.45,4.86,Completed
478926,9,2020-03-10,Sienna,34311.89,4.4,Completed
478927,5,2020-03-18,Tacoma,31861.61,5.34,Completed
478928,4,2020-03-11,Tundra,35059.62,3.81,Completed
478929,13,2020-03-06,Tacoma,38788.23,5.61,Completed
478930,8,2020-03-02,Tacoma,42578.27,5.84,Completed
478931,20,2020-03-23,Prius,31677.45,5.77,Completed
478932,18,2020-03-25,Camry,44311.12,5.68,Completed
478933,4,2020-03-23,Corolla,18992.11,3.81,Completed
478934,3,2020-03-17,Corolla,29432.16,5.69,Completed
478935,7,2020-03-22,Corolla,30881.61,5.39,Completed
478936,20,2020-03-04,Corolla,26497.97,5.77,Completed
478937,9,2020-03-05,Prius,22348.27,4.4,Cancelled
478938,16,2020-03-13,Prius,30734.63,6.06,Completed
478939,5,2020-03-01,Tundra,39684.27,5.34,Completed
478940,19,2020-03-14,Highlander,50041.77,5.48,Completed
478941,13,2020-03-22,Tacoma,46263.66,5.61,Completed
478942,14,2020-03-12,Highlander,64925.46,5.1,Completed
478943,2,2020-03-09,RAV4,32372.07,4.0,Completed
478944,20,2020-03-10,Highlander,57340.64,5.77,Completed
478945,12,2020-03-02,Camry,38051.37,5.65,Completed
478946,12,2020-03-07,Tacoma,38182.67,5.65,Completed
478947,6,2020-03-17,Tundra,35239.76,3.86,Completed
478948,20,2020-03-13,Tundra,48958.98,5.77,Completed
478949,4,2020-03-17,Highlander,42500.72,3.81,Completed
478950,18,2020-03-15,Corolla,31529.55,5.68,Completed
478951,20,2020-03-26,Highlander,58294.75,5.77,Completed
478952,6,2020-03-22,Prius,21102.72,3.86,Completed
478953,17,2020-03-18,Camry,24289.04,4.51,Completed
478954,10,2020-03-04,Tacoma,27912.77,4.88,Completed
478955,19,2020-03-11,Corolla,23782.46,5.48,Pending
478956,12,2020-03-03,Tacoma,43943.16,5.65,Completed
478957,2,2020-03-20,Camry,29961.89,4.0,Completed
478958,20,2020-03-17,Sienna,48383.66,5.77,Completed
478959,17,2020-03-09,Corolla,17877.64,4.51,Completed
478960,7,2020-03-02,Highlander,61454.57,5.39,Completed
478961,10,2020-03-29,Sienna,40192.19,4.88,Completed
