sale_id,sale_rep_id,sale_date,car_model,sale_amount,commission_pct,sale_status
63282,7,2014-11-10,Tacoma,46889.86,5.39,Completed
63283,7,2014-11-08,Corolla,29873.44,5.39,Completed
63284,7,2014-11-08,Highlander,73796.51,5.39,Completed
63285,7,2014-11-24,Prius,35651.94,5.39,Completed
63286,3,2014-11-14,Sienna,57256.89,5.69,Completed
63287,15,2014-11-19,Camry,39694.78,4.86,Completed
63288,10,2014-11-28,Tacoma,31680.55,4.88,Completed
63289,5,2014-11-18,Camry,37091.55,5.34,Completed
63290,18,2014-11-02,RAV4,50397.94,5.68,Completed
63291,8,2014-11-13,Sienna,49195.96,5.84,Completed
63292,7,2014-11-01,Sienna,50792.28,5.39,Completed
63293,13,2014-11-22,Camry,42316.0,5.61,Completed
63294,20,2014-11-27,Prius,31617.0,5.77,Completed
63295,20,2014-11-25,Corolla,28133.51,5.77,Completed
63296,6,2014-11-20,Sienna,34503.35,3.86,Completed
63297,9,2014-11-03,Tundra,41996.17,4.4,Completed
63298,4,2014-11-19,Highlander,51181.1,3.81,Completed
63299,2,2014-11-13,Tundra,44146.26,4.0,Completed
63300,14,2014-11-08,Camry,40177.7,5.1,Completed
63301,13,2014-11-14,Sienna,50811.1,5.61,Completed
63302,14,2014-11-12,Camry,38742.5,5.1,Completed
63303,5,2014-11-15,RAV4,43711.75,5.34,Completed
63304,11,2014-11-13,Highlander,46649.94,4.16,Completed
63305,20,2014-11-16,Tundra,48739.77,5.77,Completed
63306,5,2014-11-17,Tundra,41481.27,5.34,Completed
63307,19,2014-11-30,Tacoma,39638.05,5.48,Completed
63308,11,2014-11-08,Corolla,22430.0,4.16,Completed
63309,13,2014-11-03,Prius,34059.48,5.61,Completed
63310,10,2014-11-23,Sienna,39203.17,4.88,Completed
63311,1,2014-11-27,Prius,28585.41,5.24,Completed
63312,9,2014-11-04,Highlander,44611.67,4.4,Completed
63313,17,2014-11-13,Corolla,20568.9,4.51,Completed
63314,17,2014-11-23,Prius,22684.36,4.51,Completed
63315,20,2014-11-15,Tundra,58345.03,5.77,Completed
63316,9,2014-11-16,Corolla,21485.69,4.4,Completed
63317,11,2014-11-04,Corolla,21211.57,4.16,Completed
63318,7,2014-11-25,Tacoma,42234.27,5.39,Completed
63319,10,2014-11-17,Highlander,46161.22,4.88,Completed
63320,3,2014-11-28,Highlander,71502.8,5.69,Completed
63321,12,2014-11-07,Highlander,60883.29,5.65,Completed
63322,14,2014-11-19,Sienna,48628.5,5.1,Completed
63323,16,2014-11-10,Tundra,52714.37,6.06,Completed
63324,1,2014-11-03,Prius,28832.56,5.24,Completed
63325,1,2014-11-29,Tundra,45073.4,5.24,Completed
63326,12,2014-11-01,Camry,40794.59,5.65,Completed
63327,10,2014-11-09,RAV4,35729.9,4.88,Completed
63328,16,2014-11-15,Sienna,51483.48,6.06,Completed
63329,5,2014-11-27,Prius,31341.16,5.34,Completed
63330,18,2014-11-14,Tundra,62430.86,5.68,Completed
63331,8,2014-11-26,Sienna,51304.56,5.84,Completed
63332,7,2014-11-28,Highlander,68976.28,5.39,Completed
63333,9,2014-11-01,Tundra,37199.85,4.4,Completed
63334,6,2014-11-03,Camry,26477.59,3.86,Completed
63335,20,2014-11-16,Camry,43982.42,5.77,Completed
63336,17,2014-11-16,RAV4,32772.73,4.51,Completed
63337,11,2014-11-19,Highlander,51480.96,4.16,Completed
63338,19,2014-11-24,Prius,30962.64,5.48,Completed
63339,18,2014-11-12,Sienna,56816.24,5.68,Completed
63340,17,2014-11-23,Tundra,34870.67,4.51,Completed
63341,9,2014-11-10,Camry,30471.37,4.4,Pending
63342,4,2014-11-11,Corolla,22457.71,3.81,Completed
63343,15,2014-11-18,Tundra,54870.45,4.86,Pending
63344,19,2014-11-24,Prius,27158.17,5.48,Completed
63345,6,2014-11-09,Camry,28942.69,3.86,Completed
63346,4,2014-11-06,Highlander,42834.07,3.81,Completed
63347,7,2014-11-10,Tacoma,48633.04,5.39,Completed
63348,11,2014-11-06,Prius,27206.15,4.16,Completed
63349,3,2014-11-16,Tacoma,44503.54,5.69,Completed
63350,18,2014-11-02,Sienna,58024.72,5.68,Completed
63351,16,2014-11-09,Tacoma,49123.42,6.06,Completed
63352,14,2014-11-07,Corolla,30126.37,5.1,Completed
63353,14,2014-11-21,Sienna,53727.68,5.1,Completed
63354,9,2014-11-13,Tacoma,33156.39,4.4,Completed
63355,11,2014-11-01,Tacoma,35816.77,4.16,Completed
63356,10,2014-11-22,Prius,23573.67,4.88,Pending
63357,4,2014-11-11,Highlander,42080.26,3.81,Completed
63358,3,2014-11-16,Camry,44381.82,5.69,Completed
63359,14,2014-11-13,Tundra,48297.53,5.1,Completed
63360,13,2014-11-29,Camry,46789.58,5.61,Completed
63361,20,2014-11-21,Tacoma,45326.58,5.77,Completed
63362,18,2014-11-07,Prius,39480.73,5.68,Completed
63363,2,2014-11-21,Tundra,41414.84,4.0,Completed
63364,7,2014-11-11,Tacoma,47494.84,5.39,Completed
63365,2,2014-11-08,Sienna,43196.2,4.0,Completed
63366,11,2014-11-26,Corolla,20257.75,4.16,Completed
63367,12,2014-11-01,Sienna,55840.79,5.65,Completed
63368,11,2014-11-18,Camry,32884.56,4.16,Completed
63369,12,2014-11-08,RAV4,46964.66,5.65,Completed
63370,13,2014-11-22,Tundra,59069.28,5.61,Completed
63371,15,2014-11-08,Corolla,27817.64,4.86,Completed
63372,9,2014-11-01,Sienna,34906.63,4.4,Completed
63373,1,2014-11-10,Sienna,43902.54,5.24,Completed
63374,6,2014-11-09,Corolla,23461.16,3.86,Completed
63375,11,2014-11-03,Tacoma,30674.87,4.16,Pending
63376,8,2014-11-20,Sienna,54090.06,5.84,Completed
63377,10,2014-11-19,Tundra,43426.47,4.88,Completed
63378,5,2014-11-12,RAV4,43383.28,5.34,Completed
63379,16,2014-11-09,Highlander,63359.56,6.06,Completed
63380,2,2014-11-06,Highlander,52565.36,4.0,Completed
63381,5,2014-11-19,Prius,28554.33,5.34,Completed
63382,7,2014-11-30,Tacoma,46691.62,5.39,Completed
63383,2,2014-11-26,RAV4,38579.62,4.0,Pending
63384,5,2014-11-11,Corolla,24225.84,5.34,Completed
63385,8,2014-11-30,Tundra,53405.66,5.84,Completed
63386,7,2014-11-20,Corolla,32184.96,5.39,Completed
63387,12,2014-11-29,Tundra,52663.65,5.65,Completed
63388,19,2014-11-06,Sienna,41769.23,5.48,Completed
63389,12,2014-11-16,Corolla,27313.56,5.65,Completed
63390,6,2014-11-25,Sienna,38121.16,3.86,Completed
63391,3,2014-11-20,Corolla,31953.98,5.69,Completed
63392,19,2014-11-19,Tacoma,36793.4,5.48,Completed
63393,16,2014-11-05,Corolla,29568.54,6.06,Completed
63394,5,2014-11-12,Tundra,46772.61,5.34,Completed
63395,1,2014-11-28,Sienna,40060.67,5.24,Completed
63396,9,2014-11-30,Corolla,21429.31,4.4,Completed
63397,3,2014-11-29,Tundra,56403.81,5.69,Completed
63398,2,2014-11-04,Highlander,51671.62,4.0,Completed
63399,16,2014-11-27,Camry,45721.77,6.06,Completed
63400,3,2014-11-16,Sienna,55280.71,5.69,Completed
63401,8,2014-11-20,Corolla,31567.19,5.84,Completed
63402,5,2014-11-13,Sienna,43657.3,5.34,Completed
63403,10,2014-11-16,Sienna,41114.17,4.88,Completed
63404,7,2014-11-30,Camry,37950.97,5.39,Completed
63405,5,2014-11-14,Camry,37418.43,5.34,Completed
63406,12,2014-11-18,Tacoma,40177.88,5.65,Completed
63407,4,2014-11-14,Prius,24965.87,3.81,Completed
63408,12,2014-11-12,RAV4,51491.54,5.65,Completed
63409,4,2014-11-17,Tacoma,33444.16,3.81,Completed
63410,11,2014-11-08,Tundra,36478.86,4.16,Completed
63411,5,2014-11-25,Tacoma,37643.38,5.34,Completed
63412,19,2014-11-30,Camry,36960.25,5.48,Completed
63413,15,2014-11-15,Highlander,65267.13,4.86,Completed
63414,14,2014-11-28,Highlander,63498.66,5.1,Completed
63415,15,2014-11-30,RAV4,43229.7,4.86,Completed
63416,1,2014-11-12,Prius,30244.58,5.24,Completed
63417,14,2014-11-02,RAV4,45592.01,5.1,Completed
63418,3,2014-11-17,Tundra,50487.68,5.69,Completed
63419,16,2014-11-25,Prius,32394.39,6.06,Completed
63420,6,2014-11-26,Prius,22910.71,3.86,Completed
63421,6,2014-11-03,Corolla,20230.08,3.86,Completed
63422,6,2014-11-23,Tundra,40987.95,3.86,Completed
63423,14,2014-11-30,Tacoma,39747.75,5.1,Completed
63424,19,2014-11-03,Prius,30538.64,5.48,Completed
63425,6,2014-11-08,Prius,25700.75,3.86,Completed
63426,3,2014-11-08,Camry,41291.86,5.69,Completed
63427,9,2014-11-07,Corolla,21097.71,4.4,Completed
63428,17,2014-11-12,Camry,26842.68,4.51,Completed
63429,3,2014-11-02,Camry,38880.09,5.69,Completed
63430,5,2014-11-19,Sienna,47510.1,5.34,Completed
63431,15,2014-11-07,Camry,41744.74,4.86,Completed
63432,19,2014-11-17,Sienna,49640.29,5.48,Completed
63433,1,2014-11-02,Corolla,27145.55,5.24,Completed
63434,9,2014-11-03,Prius,25935.82,4.4,Completed
63435,17,2014-11-27,RAV4,33696.36,4.51,Completed
63436,19,2014-11-27,Camry,35387.26,5.48,Completed
63437,19,2014-11-04,Tacoma,41319.52,5.48,Completed
63438,11,2014-11-01,Prius,22913.36,4.16,Completed
63439,2,2014-11-14,Highlander,55011.27,4.0,Completed
63440,8,2014-11-10,Tacoma,41130.77,5.84,Completed
63441,9,2014-11-12,Prius,26115.97,4.4,Completed
63442,7,2014-11-11,Sienna,48757.13,5.39,Completed
63443,8,2014-11-18,Prius,33157.99,5.84,Completed
63444,14,2014-11-17,Sienna,48775.99,5.1,Completed
63445,10,2014-11-09,Prius,26761.32,4.88,Completed
63446,7,2014-11-24,Tacoma,42041.44,5.39,Completed
63447,3,2014-11-26,Tacoma,45947.61,5.69,Completed
63448,19,2014-11-22,Sienna,45747.0,5.48,Completed
63449,2,2014-11-18,Camry,32642.87,4.0,Completed
63450,20,2014-11-28,Camry,40946.53,5.77,Completed
63451,7,2014-11-23,Tacoma,42244.26,5.39,Completed
63452,16,2014-11-16,Corolla,32740.36,6.06,Completed
63453,4,2014-11-10,Prius,21463.68,3.81,Completed
63454,1,2014-11-17,Tundra,45175.34,5.24,Completed
63455,19,2014-11-24,Tundra,42963.82,5.48,Completed
63456,11,2014-11-04,Corolla,23576.34,4.16,Completed
63457,19,2014-11-25,Highlander,59910.06,5.48,Completed
63458,8,2014-11-13,Highlander,65357.39,5.84,Completed
63459,18,2014-11-11,Camry,41665.54,5.68,Completed
63460,19,2014-11-06,Camry,38109.04,5.48,Completed
63461,15,2014-11-18,Camry,41327.1,4.86,Completed
63462,1,2014-11-08,RAV4,36749.28,5.24,Cancelled
63463,3,2014-11-12,Tacoma,49499.78,5.69,Completed
63464,6,2014-11-15,Tacoma,31865.23,3.86,Completed
63465,11,2014-11-01,Tundra,40881.13,4.16,Completed
63466,14,2014-11-15,RAV4,46533.44,5.1,Completed
63467,13,2014-11-21,Sienna,54519.29,5.61,Completed
63468,17,2014-11-19,Camry,27931.0,4.51,Completed
63469,5,2014-11-29,Tacoma,36039.43,5.34,Completed
63470,4,2014-11-23,Highlander,43198.65,3.81,Completed
63471,10,2014-11-06,Camry,28266.2,4.88,Completed
63472,5,2014-11-06,Corolla,27695.61,5.34,Completed
63473,13,2014-11-28,Corolla,29975.5,5.61,Completed
63474,7,2014-11-06,Sienna,52772.49,5.39,Completed
63475,3,2014-11-05,Camry,41780.1,5.69,Completed
63476,6,2014-11-12,Highlander,47751.47,3.86,Completed
63477,4,2014-11-27,Highlander,42825.8,3.81,Completed
63478,8,2014-11-14,Corolla,32310.01,5.84,Completed
63479,8,2014-11-06,Tacoma,46513.47,5.84,Completed
63480,8,2014-11-22,Highlander,71327.24,5.84,Completed
63481,4,2014-11-19,Prius,23185.35,3.81,Completed
63482,20,2014-11-30,Camry,40783.83,5.77,Completed
63483,16,2014-11-12,Prius,38250.98,6.06,Completed
63484,6,2014-11-15,Tundra,40459.05,3.86,Completed
63485,8,2014-11-18,Prius,37174.1,5.84,Completed
63486,18,2014-11-08,Camry,42555.89,5.68,Completed
63487,3,2014-11-09,Corolla,30168.23,5.69,Completed
63488,18,2014-11-22,Highlander,66445.74,5.68,Cancelled
63489,16,2014-11-06,Sienna,51357.35,6.06,Completed
63490,4,2014-11-28,Highlander,47366.82,3.81,Completed
63491,16,2014-11-01,Tacoma,41344.57,6.06,Completed
63492,18,2014-11-28,Camry,45163.32,5.68,Completed
63493,12,2014-11-19,Tundra,54325.29,5.65,Completed
63494,8,2014-11-20,RAV4,46171.83,5.84,Completed
63495,17,2014-11-26,Sienna,39276.79,4.51,Completed
63496,9,2014-11-01,RAV4,37306.8,4.4,Completed
63497,16,2014-11-18,Tacoma,46168.73,6.06,Completed
63498,9,2014-11-12,Highlander,46040.95,4.4,Pending
63499,11,2014-11-21,Prius,25205.88,4.16,Completed
63500,4,2014-11-02,Highlander,48271.76,3.81,Completed
63501,11,2014-11-27,Camry,32772.26,4.16,Completed
63502,20,2014-11-15,RAV4,47427.85,5.77,Completed
63503,5,2014-11-12,Camry,31701.05,5.34,Completed
63504,3,2014-11-23,Prius,35787.07,5.69,Completed
63505,16,2014-11-30,Tundra,56046.91,6.06,Completed
63506,12,2014-11-27,Sienna,47891.26,5.65,Completed
63507,14,2014-11-10,Highlander,69159.32,5.1,Completed
63508,20,2014-11-08,Tundra,53483.88,5.77,Completed
63509,4,2014-11-30,Camry,28652.25,3.81,Completed
63510,15,2014-11-28,Tundra,53464.21,4.86,Completed
63511,3,2014-11-19,Highlander,74733.38,5.69,Completed
63512,15,2014-11-18,RAV4,49301.14,4.86,Pending
63513,3,2014-11-15,Highlander,71924.55,5.69,Completed
63514,1,2014-11-21,Tacoma,37455.68,5.24,Completed
63515,9,2014-11-12,Sienna,40342.3,4.4,Completed
63516,6,2014-11-02,Tacoma,32468.31,3.86,Completed
63517,3,2014-11-11,Tacoma,50870.54,5.69,Completed
63518,5,2014-11-26,Camry,36632.26,5.34,Completed
63519,12,2014-11-17,Corolla,28250.85,5.65,Completed
63520,11,2014-11-30,Sienna,36853.79,4.16,Completed
63521,11,2014-11-05,Highlander,49001.65,4.16,Completed
63522,18,2014-11-30,RAV4,49412.8,5.68,Completed
63523,19,2014-11-13,RAV4,39539.0,5.48,Completed
63524,8,2014-11-18,RAV4,51325.99,5.84,Completed
63525,4,2014-11-05,Sienna,39811.8,3.81,Completed
63526,20,2014-11-30,Highlander,68188.13,5.77,Completed
63527,16,2014-11-27,Camry,44617.85,6.06,Completed
63528,12,2014-11-25,Highlander,68502.27,5.65,Completed
63529,7,2014-11-13,Corolla,33780.36,5.39,Completed
63530,2,2014-11-30,Tacoma,31519.76,4.0,Completed
63531,12,2014-11-22,Tacoma,46734.37,5.65,Completed
63532,17,2014-11-05,Camry,28433.62,4.51,Completed
63533,1,2014-11-16,Camry,34307.71,5.24,Completed
63534,11,2014-11-11,Tundra,38332.26,4.16,Completed
63535,9,2014-11-15,Highlander,47798.87,4.4,Completed
63536,7,2014-11-23,Prius,36205.13,5.39,Completed
63537,11,2014-11-14,Highlander,46069.89,4.16,Completed
63538,12,2014-11-27,Camry,37908.49,5.65,Completed
63539,16,2014-11-15,Highlander,76121.15,6.06,Completed
63540,19,2014-11-22,RAV4,43928.66,5.48,Completed
63541,14,2014-11-16,Prius,30718.63,5.1,Completed
63542,19,2014-11-02,Tundra,45867.03,5.48,Completed
63543,11,2014-11-13,Camry,32305.45,4.16,Completed
63544,6,2014-11-28,Sienna,38617.43,3.86,Completed
63545,5,2014-11-18,Highlander,59790.08,5.34,Cancelled
63546,20,2014-11-18,Camry,38766.38,5.77,Completed
63547,9,2014-11-20,Corolla,22631.97,4.4,Completed
63548,3,2014-11-24,Tundra,57349.46,5.69,Completed
63549,3,2014-11-23,Camry,40583.04,5.69,Completed
63550,14,2014-11-22,Prius,35322.25,5.1,Completed
63551,20,2014-11-23,Tundra,56031.63,5.77,Completed
63552,18,2014-11-06,RAV4,50389.08,5.68,Completed
63553,13,2014-11-28,RAV4,54889.86,5.61,Completed
63554,6,2014-11-20,Prius,24717.74,3.86,Completed
63555,8,2014-11-07,Camry,37383.09,5.84,Completed
63556,14,2014-11-20,Highlander,59294.55,5.1,Completed
63557,13,2014-11-12,Prius,34380.3,5.61,Completed
63558,17,2014-11-04,Corolla,22505.11,4.51,Completed
63559,2,2014-11-08,Highlander,56270.44,4.0,Completed
63560,1,2014-11-28,Tundra,43054.8,5.24,Completed
63561,3,2014-11-17,Sienna,59388.95,5.69,Completed
63562,9,2014-11-08,Tacoma,30228.16,4.4,Completed
63563,12,2014-11-29,RAV4,45386.77,5.65,Completed
63564,18,2014-11-07,Prius,33852.81,5.68,Completed
63565,20,2014-11-14,Corolla,28788.16,5.77,Completed
63566,15,2014-11-14,Prius,36976.67,4.86,Completed
63567,9,2014-11-01,Tundra,41206.93,4.4,Completed
63568,2,2014-11-23,Prius,26828.21,4.0,Completed
63569,14,2014-11-28,Corolla,31039.94,5.1,Completed
63570,20,2014-11-22,Corolla,32085.81,5.77,Completed
63571,18,2014-11-02,Prius,38412.3,5.68,Completed
63572,15,2014-11-29,Corolla,27754.26,4.86,Completed
63573,10,2014-11-29,Sienna,39026.5,4.88,Completed
63574,7,2014-11-25,RAV4,50458.24,5.39,Completed
63575,1,2014-11-23,Corolla,24217.08,5.24,Completed
63576,6,2014-11-11,Highlander,43870.21,3.86,Completed
63577,14,2014-11-27,Tundra,52404.3,5.1,Completed
63578,6,2014-11-03,Corolla,19563.37,3.86,Completed
63579,14,2014-11-26,Prius,30683.91,5.1,Completed
63580,16,2014-11-11,Tundra,52599.37,6.06,Completed
63581,6,2014-11-18,Camry,32156.22,3.86,Completed
63582,5,2014-11-17,Tacoma,41340.25,5.34,Completed
63583,18,2014-11-08,Camry,48292.88,5.68,Completed
63584,8,2014-11-26,Tacoma,40531.04,5.84,Completed
63585,13,2014-11-25,Prius,33523.74,5.61,Completed
63586,18,2014-11-07,Tundra,61171.69,5.68,Completed
63587,14,2014-11-22,Camry,40705.05,5.1,Completed
63588,17,2014-11-18,Prius,26247.52,4.51,Completed
63589,12,2014-11-21,Prius,33409.44,5.65,Completed
63590,15,2014-11-01,Tacoma,39772.81,4.86,Completed
63591,1,2014-11-13,Camry,35355.74,5.24,Completed
63592,13,2014-11-11,Tundra,57925.0,5.61,Completed
63593,11,2014-11-14,Sienna,35119.03,4.16,Completed
63594,17,2014-11-06,Corolla,22908.04,4.51,Completed
63595,10,2014-11-10,Camry,31188.52,4.88,Completed
63596,3,2014-11-22,Sienna,59162.11,5.69,Completed
63597,16,2014-11-07,Camry,43022.66,6.06,Completed
63598,2,2014-11-25,Corolla,21150.13,4.0,Completed
63599,8,2014-11-25,Tacoma,45202.01,5.84,Completed
63600,5,2014-11-19,RAV4,41114.83,5.34,Completed
63601,9,2014-11-17,Sienna,41724.38,4.4,Completed
63602,13,2014-11-26,Corolla,33471.68,5.61,Completed
63603,11,2014-11-22,Prius,24541.68,4.16,Completed
63604,13,2014-11-11,Camry,40293.17,5.61,Completed
63605,17,2014-11-06,Highlander,49816.17,4.51,Completed
63606,8,2014-11-13,Corolla,27755.32,5.84,Completed
63607,8,2014-11-05,Corolla,28374.0,5.84,Completed
63608,15,2014-11-12,Tundra,47316.33,4.86,Completed
63609,8,2014-11-23,Tundra,47758.88,5.84,Completed
63610,12,2014-11-06,Prius,31106.71,5.65,Completed
63611,7,2014-11-24,Prius,35296.28,5.39,Completed
63612,4,2014-11-22,Tundra,34449.88,3.81,Completed
63613,18,2014-11-07,Corolla,29535.37,5.68,Completed
63614,13,2014-11-25,Tundra,52169.1,5.61,Completed
63615,12,2014-11-08,Corolla,31569.06,5.65,Completed
63616,5,2014-11-30,Corolla,25307.87,5.34,Completed
63617,8,2014-11-03,Camry,40977.4,5.84,Cancelled
63618,2,2014-11-20,RAV4,34736.28,4.0,Pending
63619,10,2014-11-24,Highlander,53332.77,4.88,Completed
63620,13,2014-11-24,Sienna,58186.34,5.61,Completed
63621,12,2014-11-29,Tundra,47743.44,5.65,Completed
63622,14,2014-11-19,Prius,33899.91,5.1,Completed
63623,18,2014-11-11,Corolla,32947.23,5.68,Completed
63624,17,2014-11-01,Tundra,36211.33,4.51,Completed
63625,8,2014-11-10,Prius,33090.19,5.84,Completed
63626,1,2014-11-20,Tacoma,36725.26,5.24,Completed
63627,10,2014-11-11,Prius,26310.12,4.88,Completed
63628,7,2014-11-06,Tacoma,44576.99,5.39,Completed
63629,12,2014-11-26,Tundra,52315.85,5.65,Completed
63630,15,2014-11-10,RAV4,48276.96,4.86,Completed
63631,7,2014-11-11,Prius,33609.82,5.39,Completed
63632,6,2014-11-14,Corolla,23381.0,3.86,Completed
63633,2,2014-11-19,Camry,32729.11,4.0,Completed
63634,19,2014-11-09,Corolla,28841.44,5.48,Completed
63635,4,2014-11-26,Tacoma,31511.95,3.81,Completed
63636,9,2014-11-18,Camry,27742.9,4.4,Completed
63637,17,2014-11-25,Tacoma,32293.32,4.51,Completed
63638,19,2014-11-03,Highlander,63583.73,5.48,Completed
63639,17,2014-11-18,Prius,24163.54,4.51,Completed
63640,8,2014-11-05,Camry,43611.25,5.84,Completed
63641,1,2014-11-27,Sienna,43417.48,5.24,Completed
63642,5,2014-11-13,Sienna,44022.44,5.34,Completed
63643,7,2014-11-21,Highlander,64797.28,5.39,Completed
63644,9,2014-11-03,Sienna,39137.11,4.4,Completed
63645,7,2014-11-26,Prius,32641.66,5.39,Completed
63646,17,2014-11-28,Camry,29195.0,4.51,Completed
63647,8,2014-11-28,Tundra,54027.03,5.84,Completed
63648,6,2014-11-05,RAV4,32543.34,3.86,Completed
63649,11,2014-11-05,Sienna,39377.97,4.16,Completed
63650,14,2014-11-12,Camry,38200.3,5.1,Completed
63651,20,2014-11-19,Tacoma,46762.52,5.77,Completed
63652,19,2014-11-29,Highlander,59059.44,5.48,Completed
63653,8,2014-11-06,Camry,41784.33,5.84,Completed
63654,4,2014-11-25,Sienna,39621.41,3.81,Completed
63655,2,2014-11-17,RAV4,36213.66,4.0,Completed
63656,5,2014-11-30,Prius,27936.61,5.34,Completed
63657,18,2014-11-13,Tacoma,45667.89,5.68,Completed
63658,1,2014-11-09,RAV4,37737.75,5.24,Completed
63659,12,2014-11-01,Highlander,72914.7,5.65,Completed
63660,16,2014-11-22,Prius,33482.42,6.06,Completed
63661,11,2014-11-09,Tundra,39481.79,4.16,Completed
63662,4,2014-11-07,Prius,25060.43,3.81,Completed
63663,18,2014-11-08,RAV4,52748.02,5.68,Completed
63664,6,2014-11-05,Tundra,33849.26,3.86,Completed
63665,15,2014-11-13,RAV4,50821.21,4.86,Completed
63666,17,2014-11-07,Tundra,38905.33,4.51,Completed
63667,6,2014-11-30,Corolla,19480.0,3.86,Completed
63668,13,2014-11-03,RAV4,51643.69,5.61,Completed
63669,20,2014-11-07,Prius,32871.28,5.77,Completed
63670,2,2014-11-08,Prius,25832.38,4.0,Completed
63671,12,2014-11-13,Corolla,28586.36,5.65,Completed
63672,13,2014-11-03,Tundra,60217.97,5.61,Completed
63673,11,2014-11-10,Camry,29965.97,4.16,Completed
63674,2,2014-11-11,Tundra,40862.46,4.0,Completed
63675,8,2014-11-03,Prius,34278.9,5.84,Completed
63676,13,2014-11-18,Prius,38493.66,5.61,Completed
63677,19,2014-11-07,Prius,27357.37,5.48,Completed
63678,11,2014-11-16,Tundra,39542.58,4.16,Completed
63679,11,2014-11-30,Tundra,37608.23,4.16,Completed
63680,10,2014-11-09,Prius,25857.15,4.88,Completed
63681,1,2014-11-03,Tundra,40835.47,5.24,Completed
63682,10,2014-11-03,Tundra,42399.97,4.88,Completed
63683,20,2014-11-23,Sienna,55052.41,5.77,Completed
63684,4,2014-11-17,Tacoma,31759.31,3.81,Completed
63685,11,2014-11-26,Corolla,20191.96,4.16,Completed
63686,8,2014-11-04,Tacoma,43119.88,5.84,Completed
63687,3,2014-11-29,Highlander,69082.9,5.69,Completed
63688,3,2014-11-29,Tundra,55930.08,5.69,Completed
63689,14,2014-11-04,Corolla,26212.67,5.1,Completed
63690,8,2014-11-25,Corolla,30982.62,5.84,Completed
63691,12,2014-11-21,Corolla,28441.49,5.65,Completed
63692,4,2014-11-25,Sienna,35791.26,3.81,Completed
63693,20,2014-11-23,Tacoma,40735.01,5.77,Completed
63694,13,2014-11-20,Camry,40844.76,5.61,Completed
63695,11,2014-11-30,Corolla,20443.06,4.16,Completed
63696,5,2014-11-29,RAV4,37744.55,5.34,Completed
63697,3,2014-11-21,Highlander,73680.89,5.69,Completed
63698,15,2014-11-03,Camry,40167.99,4.86,Completed
63699,20,2014-11-13,Sienna,49270.74,5.77,Completed
63700,3,2014-11-11,Sienna,54756.68,5.69,Completed
63701,11,2014-11-17,RAV4,37870.03,4.16,Completed
63702,6,2014-11-26,Camry,27777.52,3.86,Completed
63703,18,2014-11-21,RAV4,51510.98,5.68,Completed
63704,19,2014-11-28,Tundra,47484.96,5.48,Completed
63705,11,2014-11-21,Tundra,39104.75,4.16,Completed
63706,17,2014-11-05,Highlander,50573.82,4.51,Completed
63707,19,2014-11-21,Prius,27282.7,5.48,Completed
63708,8,2014-11-22,Sienna,54767.53,5.84,Completed
63709,10,2014-11-09,Camry,28500.98,4.88,Completed
63710,8,2014-11-05,Prius,31800.79,5.84,Completed
63711,14,2014-11-04,Camry,41277.37,5.1,Completed
63712,15,2014-11-14,Tacoma,40673.92,4.86,Completed
63713,8,2014-11-28,Sienna,51484.9,5.84,Completed
63714,7,2014-11-24,Tacoma,45113.26,5.39,Completed
63715,15,2014-11-08,Tundra,50584.22,4.86,Completed
63716,3,2014-11-20,Highlander,69701.74,5.69,Completed
63717,8,2014-11-08,RAV4,44493.05,5.84,Completed
63718,9,2014-11-22,Camry,31957.58,4.4,Completed
63719,4,2014-11-24,Tundra,39443.07,3.81,Completed
63720,4,2014-11-09,RAV4,35086.53,3.81,Completed
63721,8,2014-11-29,Corolla,28972.01,5.84,Completed
63722,18,2014-11-06,Tacoma,44348.43,5.68,Completed
63723,12,2014-11-22,Camry,42769.6,5.65,Completed
63724,8,2014-11-29,Prius,36346.51,5.84,Completed
63725,19,2014-11-28,RAV4,41122.9,5.48,Completed
63726,6,2014-11-11,RAV4,32935.88,3.86,Completed
63727,3,2014-11-07,Camry,42467.31,5.69,Completed
63728,6,2014-11-03,Tacoma,33742.08,3.86,Completed
63729,12,2014-11-07,RAV4,47493.06,5.65,Completed
63730,15,2014-11-02,Prius,34542.97,4.86,Completed
63731,3,2014-11-30,Sienna,57862.35,5.69,Completed
63732,7,2014-11-05,Tundra,53610.4,5.39,Completed
63733,11,2014-11-25,Tundra,39665.45,4.16,Completed
63734,19,2014-11-19,RAV4,45059.8,5.48,Completed
63735,15,2014-11-28,Prius,36104.08,4.86,Completed
63736,7,2014-11-05,Camry,39959.96,5.39,Completed
63737,13,2014-11-20,Camry,42250.11,5.61,Completed
63738,5,2014-11-29,RAV4,44187.93,5.34,Completed
63739,3,2014-11-18,Highlander,69664.86,5.69,Completed
63740,9,2014-11-16,Tacoma,29673.81,4.4,Completed
63741,2,2014-11-22,RAV4,36072.19,4.0,Completed
63742,19,2014-11-15,Highlander,64154.52,5.48,Completed
63743,14,2014-11-27,Camry,39847.6,5.1,Completed
63744,2,2014-11-15,RAV4,40345.07,4.0,Completed
63745,18,2014-11-21,RAV4,52122.28,5.68,Completed
63746,20,2014-11-17,RAV4,46305.5,5.77,Completed
63747,16,2014-11-10,Prius,38809.8,6.06,Completed
63748,13,2014-11-13,Camry,43641.78,5.61,Completed
63749,9,2014-11-17,Sienna,37923.36,4.4,Completed
63750,16,2014-11-20,Highlander,72965.36,6.06,Completed
63751,11,2014-11-21,Tundra,35417.46,4.16,Completed
63752,16,2014-11-05,Camry,45002.66,6.06,Completed
63753,8,2014-11-01,Camry,40035.52,5.84,Completed
63754,10,2014-11-01,Sienna,38439.7,4.88,Completed
63755,2,2014-11-17,Tundra,40338.35,4.0,Completed
63756,3,2014-11-10,Tacoma,50379.56,5.69,Completed
63757,3,2014-11-28,Prius,38570.61,5.69,Completed
63758,5,2014-11-13,RAV4,43084.48,5.34,Completed
63759,9,2014-11-05,Corolla,21185.45,4.4,Completed
63760,13,2014-11-01,Tacoma,45349.58,5.61,Completed
63761,19,2014-11-20,Tacoma,35660.94,5.48,Completed
63762,15,2014-11-29,Highlander,68046.73,4.86,Completed
63763,6,2014-11-11,Corolla,21543.32,3.86,Completed
63764,5,2014-11-19,Camry,33962.1,5.34,Completed
63765,2,2014-11-19,Sienna,39935.7,4.0,Completed
63766,9,2014-11-24,Tundra,39787.63,4.4,Completed
63767,3,2014-11-26,Sienna,49646.32,5.69,Completed
63768,18,2014-11-08,Sienna,56037.89,5.68,Completed
63769,9,2014-11-23,Corolla,22419.2,4.4,Completed
63770,2,2014-11-10,Sienna,40179.12,4.0,Completed
63771,14,2014-11-24,Corolla,26390.66,5.1,Completed
63772,11,2014-11-17,Highlander,45632.69,4.16,Completed
63773,20,2014-11-08,Tundra,53993.77,5.77,Completed
63774,20,2014-11-09,Tundra,55595.82,5.77,Completed
63775,12,2014-11-30,Tacoma,44157.29,5.65,Completed
63776,8,2014-11-22,Prius,35737.83,5.84,Completed
63777,6,2014-11-19,Sienna,38217.25,3.86,Completed
63778,2,2014-11-16,Camry,32734.48,4.0,Completed
63779,8,2014-11-01,RAV4,51085.98,5.84,Completed
63780,4,2014-11-08,RAV4,35455.4,3.81,Completed
63781,4,2014-11-03,Corolla,22822.13,3.81,Completed
63782,13,2014-11-29,Highlander,73801.1,5.61,Completed
63783,8,2014-11-16,Tacoma,46702.87,5.84,Completed
63784,10,2014-11-26,Prius,24587.29,4.88,Completed
63785,2,2014-11-02,RAV4,38775.91,4.0,Completed
63786,1,2014-11-10,Tundra,44752.27,5.24,Completed
63787,6,2014-11-30,Tundra,39924.79,3.86,Completed
63788,10,2014-11-19,RAV4,34364.98,4.88,Completed
63789,2,2014-11-15,Tacoma,36741.82,4.0,Completed
63790,2,2014-11-11,Corolla,23830.34,4.0,Completed
63791,11,2014-11-11,Sienna,37572.76,4.16,Completed
63792,5,2014-11-09,Sienna,43664.18,5.34,Completed
63793,11,2014-11-12,Tundra,39061.54,4.16,Completed
63794,12,2014-11-04,Corolla,27026.19,5.65,Completed
63795,17,2014-11-02,Tacoma,31705.99,4.51,Completed
63796,18,2014-11-11,Highlander,74293.7,5.68,Cancelled
63797,18,2014-11-06,Prius,39014.61,5.68,Completed
63798,4,2014-11-12,Camry,26419.62,3.81,Completed
63799,12,2014-11-24,Highlander,72624.26,5.65,Completed
63800,1,2014-11-21,Corolla,26741.58,5.24,Completed
63801,18,2014-11-05,RAV4,47416.38,5.68,Completed
63802,11,2014-11-27,Corolla,20113.57,4.16,Completed
63803,15,2014-11-05,Prius,31975.89,4.86,Completed
63804,17,2014-11-06,Camry,27734.59,4.51,Completed
63805,13,2014-11-09,Corolla,30139.65,5.61,Cancelled
63806,8,2014-11-05,Tundra,57349.12,5.84,Completed
63807,11,2014-11-23,Sienna,41972.98,4.16,Completed
63808,10,2014-11-22,Highlander,55467.31,4.88,Completed
63809,10,2014-11-08,Tundra,43423.37,4.88,Completed
63810,11,2014-11-17,Highlander,44996.63,4.16,Completed
63811,10,2014-11-06,Prius,27672.54,4.88,Completed
63812,10,2014-11-21,Sienna,39242.34,4.88,Completed
63813,20,2014-11-14,Tacoma,42987.37,5.77,Completed
63814,19,2014-11-27,Camry,37388.06,5.48,Completed
63815,20,2014-11-12,Corolla,28557.32,5.77,Completed
63816,17,2014-11-14,Prius,23126.05,4.51,Completed
63817,6,2014-11-29,Prius,23942.15,3.86,Pending
63818,8,2014-11-29,Highlander,64050.23,5.84,Completed
63819,18,2014-11-08,Prius,38061.15,5.68,Completed
63820,7,2014-11-15,Tundra,52235.97,5.39,Completed
63821,20,2014-11-27,Sienna,51797.35,5.77,Completed
63822,18,2014-11-08,Camry,41860.66,5.68,Completed
63823,11,2014-11-11,Prius,26352.01,4.16,Completed
63824,15,2014-11-06,RAV4,43873.7,4.86,Completed
63825,10,2014-11-25,Prius,24014.38,4.88,Completed
63826,19,2014-11-10,RAV4,40502.63,5.48,Completed
63827,20,2014-11-28,Prius,36409.4,5.77,Completed
63828,8,2014-11-01,Highlander,70337.4,5.84,Completed
63829,12,2014-11-10,Sienna,51977.09,5.65,Completed
63830,7,2014-11-07,RAV4,49493.22,5.39,Completed
63831,6,2014-11-04,Camry,28601.18,3.86,Completed
63832,9,2014-11-20,Highlander,48137.73,4.4,Completed
63833,8,2014-11-18,Sienna,49228.74,5.84,Completed
63834,1,2014-11-01,Tundra,42112.32,5.24,Completed
63835,1,2014-11-15,Tundra,40937.2,5.24,Completed
63836,1,2014-11-07,Prius,27143.27,5.24,Completed
63837,7,2014-11-24,RAV4,50487.43,5.39,Completed
63838,12,2014-11-03,Prius,35592.41,5.65,Completed
63839,7,2014-11-16,Tacoma,48420.13,5.39,Completed
63840,5,2014-11-25,Tacoma,39179.48,5.34,Completed
63841,19,2014-11-04,Corolla,25737.95,5.48,Completed
63842,10,2014-11-01,Corolla,23626.41,4.88,Completed
63843,2,2014-11-26,RAV4,38309.15,4.0,Completed
63844,19,2014-11-11,Prius,29923.74,5.48,Completed
63845,18,2014-11-03,Sienna,61463.29,5.68,Completed
63846,15,2014-11-24,Camry,41877.75,4.86,Completed
63847,3,2014-11-28,Camry,42015.99,5.69,Completed
63848,18,2014-11-24,RAV4,48269.85,5.68,Completed
63849,2,2014-11-12,Tundra,41098.99,4.0,Completed
63850,13,2014-11-25,Highlander,64827.97,5.61,Completed
63851,4,2014-11-06,Tacoma,29991.82,3.81,Completed
63852,12,2014-11-14,Tacoma,45980.38,5.65,Completed
63853,1,2014-11-10,Tacoma,39372.16,5.24,Completed
63854,1,2014-11-16,Highlander,61135.06,5.24,Completed
63855,20,2014-11-08,Corolla,32856.65,5.77,Completed
63856,6,2014-11-06,Tacoma,31145.41,3.86,Cancelled
63857,19,2014-11-02,Highlander,58356.62,5.48,Completed
63858,16,2014-11-12,Prius,33237.42,6.06,Completed
63859,8,2014-11-08,Prius,32306.06,5.84,Completed
63860,10,2014-11-01,Camry,29538.18,4.88,Completed
63861,10,2014-11-16,Tacoma,33890.16,4.88,Cancelled
63862,8,2014-11-15,Sienna,56958.65,5.84,Completed
63863,4,2014-11-29,Highlander,47909.82,3.81,Completed
63864,14,2014-11-01,Prius,29939.58,5.1,Completed
63865,20,2014-11-23,Corolla,29907.89,5.77,Completed
63866,14,2014-11-20,Camry,36107.6,5.1,Completed
63867,4,2014-11-14,Highlander,49815.92,3.81,Completed
63868,6,2014-11-29,Camry,31803.81,3.86,Completed
63869,18,2014-11-19,Sienna,55706.04,5.68,Completed
63870,12,2014-11-11,Tacoma,40650.69,5.65,Completed
63871,16,2014-11-10,Highlander,75388.02,6.06,Completed
63872,18,2014-11-23,Tacoma,46801.89,5.68,Completed
63873,1,2014-11-12,Camry,35810.42,5.24,Completed
63874,17,2014-11-17,Prius,25883.22,4.51,Completed
63875,15,2014-11-04,Highlander,72075.88,4.86,Completed
63876,8,2014-11-04,Prius,37386.45,5.84,Completed
63877,5,2014-11-14,Prius,31164.31,5.34,Completed
63878,19,2014-11-15,Camry,34789.24,5.48,Completed
63879,2,2014-11-21,Tacoma,33250.19,4.0,Completed
63880,15,2014-11-06,RAV4,48325.69,4.86,Completed
63881,11,2014-11-27,Tacoma,32699.85,4.16,Completed
63882,20,2014-11-24,Camry,41944.64,5.77,Completed
63883,4,2014-11-29,Tacoma,30899.9,3.81,Completed
63884,14,2014-11-14,Camry,36619.61,5.1,Completed
63885,8,2014-11-11,Tacoma,41261.77,5.84,Completed
63886,18,2014-11-09,RAV4,55615.67,5.68,Completed
63887,9,2014-11-15,Prius,26343.32,4.4,Completed
63888,17,2014-11-12,Sienna,37233.1,4.51,Completed
63889,6,2014-11-26,Sienna,38881.47,3.86,Completed
63890,19,2014-11-06,RAV4,45172.36,5.48,Completed
63891,5,2014-11-27,Camry,34147.0,5.34,Completed
63892,6,2014-11-10,Camry,31249.95,3.86,Completed
63893,7,2014-11-08,Corolla,31171.4,5.39,Completed
63894,9,2014-11-12,Tundra,41393.74,4.4,Completed
63895,10,2014-11-06,Tundra,41559.46,4.88,Completed
63896,19,2014-11-23,Tundra,43425.01,5.48,Cancelled
63897,13,2014-11-22,Prius,36566.01,5.61,Completed
63898,4,2014-11-06,Highlander,51242.23,3.81,Completed
63899,17,2014-11-28,Tacoma,31166.18,4.51,Completed
63900,19,2014-11-13,Prius,32272.37,5.48,Completed
63901,11,2014-11-10,Prius,26289.48,4.16,Completed
63902,18,2014-11-25,Tundra,51824.27,5.68,Completed
63903,12,2014-11-30,Tundra,54926.78,5.65,Completed
63904,10,2014-11-22,RAV4,34993.16,4.88,Completed
63905,4,2014-11-05,Corolla,21847.34,3.81,Completed
63906,3,2014-11-02,Tacoma,48456.4,5.69,Completed
63907,11,2014-11-20,RAV4,36846.03,4.16,Completed
63908,9,2014-11-13,Corolla,20910.11,4.4,Completed
63909,16,2014-11-05,Tundra,57738.19,6.06,Pending
63910,7,2014-11-05,RAV4,53325.2,5.39,Completed
63911,10,2014-11-28,Sienna,42895.54,4.88,Completed
63912,16,2014-11-07,Tacoma,44991.68,6.06,Completed
63913,20,2014-11-18,Prius,33175.18,5.77,Completed
63914,13,2014-11-12,RAV4,55367.46,5.61,Completed
63915,10,2014-11-08,Highlander,51717.42,4.88,Completed
63916,15,2014-11-21,Camry,41868.99,4.86,Completed
63917,7,2014-11-11,Prius,33558.55,5.39,Completed
63918,9,2014-11-02,Highlander,46332.16,4.4,Completed
63919,2,2014-11-12,Tundra,38453.12,4.0,Completed
63920,5,2014-11-20,Tacoma,34679.94,5.34,Completed
63921,20,2014-11-07,Corolla,28097.37,5.77,Completed
63922,1,2014-11-27,Tacoma,40423.62,5.24,Completed
63923,1,2014-11-05,Corolla,25686.34,5.24,Completed
63924,4,2014-11-14,Tacoma,28544.47,3.81,Completed
63925,13,2014-11-19,Tundra,55229.54,5.61,Completed
63926,4,2014-11-04,Prius,22599.06,3.81,Completed
63927,8,2014-11-14,Tundra,48779.94,5.84,Completed
63928,13,2014-11-30,Tacoma,46328.51,5.61,Completed
63929,17,2014-11-09,Sienna,33460.57,4.51,Completed
63930,10,2014-11-29,Highlander,52040.96,4.88,Completed
63931,9,2014-11-08,Tacoma,35088.69,4.4,Cancelled
63932,14,2014-11-09,Tacoma,44928.75,5.1,Completed
63933,17,2014-11-19,Highlander,44175.53,4.51,Pending
63934,3,2014-11-27,Tundra,59887.46,5.69,Completed
63935,20,2014-11-18,Highlander,61270.41,5.77,Completed
63936,17,2014-11-26,Tundra,34606.44,4.51,Completed
63937,6,2014-11-30,Prius,22436.36,3.86,Completed
63938,10,2014-11-25,Highlander,53431.67,4.88,Cancelled
63939,16,2014-11-28,Camry,38981.0,6.06,Completed
63940,4,2014-11-18,Camry,27415.93,3.81,Completed
63941,1,2014-11-04,Sienna,41862.51,5.24,Completed
63942,15,2014-11-10,Camry,42489.38,4.86,Completed
63943,13,2014-11-04,Tacoma,48944.48,5.61,Completed
63944,12,2014-11-06,Tacoma,43521.46,5.65,Completed
63945,12,2014-11-13,Corolla,27683.06,5.65,Completed
63946,12,2014-11-30,RAV4,52338.8,5.65,Completed
63947,20,2014-11-23,Corolla,30858.06,5.77,Completed
63948,16,2014-11-30,Tundra,51956.68,6.06,Completed
63949,13,2014-11-24,Camry,42795.54,5.61,Completed
63950,17,2014-11-26,RAV4,32297.25,4.51,Completed
63951,2,2014-11-27,Tacoma,32517.34,4.0,Completed
63952,17,2014-11-23,Corolla,21110.03,4.51,Completed
63953,11,2014-11-13,Camry,30051.28,4.16,Pending
63954,4,2014-11-27,Camry,27435.26,3.81,Completed
63955,14,2014-11-15,Prius,33622.61,5.1,Completed
63956,11,2014-11-27,Camry,28955.16,4.16,Completed
63957,5,2014-11-11,Camry,37582.62,5.34,Completed
63958,7,2014-11-08,Highlander,70417.02,5.39,Completed
63959,2,2014-11-06,Highlander,56047.86,4.0,Completed
63960,15,2014-11-24,Sienna,54586.73,4.86,Completed
63961,6,2014-11-21,Tacoma,31368.38,3.86,Completed
63962,13,2014-11-24,Prius,32726.79,5.61,Completed
63963,8,2014-11-24,Prius,34339.03,5.84,Completed
63964,4,2014-11-25,Camry,30809.19,3.81,Pending
63965,3,2014-11-13,Tacoma,42569.43,5.69,Completed
63966,1,2014-11-05,Prius,29287.65,5.24,Completed
63967,10,2014-11-19,Sienna,38788.48,4.88,Completed
63968,1,2014-11-23,Sienna,42234.92,5.24,Pending
63969,5,2014-11-10,Tundra,47013.28,5.34,Completed
63970,9,2014-11-29,Prius,23687.05,4.4,Completed
63971,1,2014-11-03,Highlander,58204.74,5.24,Completed
63972,3,2014-11-08,Highlander,74578.33,5.69,Completed
63973,19,2014-11-18,RAV4,42274.23,5.48,Completed
63974,10,2014-11-09,Highlander,48909.22,4.88,Completed
63975,11,2014-11-23,Prius,24114.13,4.16,Completed
63976,8,2014-11-28,Camry,39841.58,5.84,Completed
63977,5,2014-11-06,Camry,33850.84,5.34,Completed
63978,6,2014-11-10,Tundra,40599.19,3.86,Pending
63979,14,2014-11-11,Camry,42788.38,5.1,Completed
63980,15,2014-11-23,Highlander,61484.4,4.86,Completed
63981,3,2014-11-06,Highlander,65571.28,5.69,Completed
63982,16,2014-11-23,RAV4,51136.01,6.06,Completed
63983,20,2014-11-09,Highlander,66769.7,5.77,Completed
63984,8,2014-11-23,Tundra,49277.62,5.84,Completed
63985,8,2014-11-08,RAV4,45524.45,5.84,Completed
63986,20,2014-11-14,Camry,37784.24,5.77,Completed
63987,15,2014-11-03,Tundra,53721.51,4.86,Completed
63988,19,2014-11-19,Tacoma,40149.04,5.48,Completed
63989,6,2014-11-17,Highlander,48717.1,3.86,Completed
63990,4,2014-11-27,RAV4,31106.28,3.81,Completed
63991,16,2014-11-30,Sienna,53699.23,6.06,Completed
63992,10,2014-11-17,Corolla,22683.8,4.88,Completed
63993,18,2014-11-29,Highlander,68293.31,5.68,Cancelled
63994,8,2014-11-27,Corolla,30406.16,5.84,Completed
63995,1,2014-11-26,RAV4,41132.6,5.24,Completed
63996,10,2014-11-01,Prius,25458.87,4.88,Completed
63997,20,2014-11-11,RAV4,45138.64,5.77,Pending
63998,10,2014-11-13,RAV4,39647.31,4.88,Completed
63999,17,2014-11-26,RAV4,36826.66,4.51,Pending
64000,10,2014-11-22,Corolla,22442.62,4.88,Completed
64001,3,2014-11-22,Tundra,54092.81,5.69,Completed
64002,10,2014-11-12,Tundra,38338.63,4.88,Completed
64003,9,2014-11-22,Prius,26538.68,4.4,Completed
64004,11,2014-11-09,Highlander,48851.56,4.16,Completed
64005,12,2014-11-06,Tacoma,46510.78,5.65,Completed
64006,19,2014-11-16,Highlander,56918.23,5.48,Completed
64007,3,2014-11-20,RAV4,49930.62,5.69,Completed
64008,18,2014-11-27,Camry,43731.75,5.68,Completed
64009,16,2014-11-27,Camry,41610.51,6.06,Completed
64010,15,2014-11-08,Tacoma,44782.84,4.86,Completed
64011,3,2014-11-29,RAV4,49673.44,5.69,Completed
64012,10,2014-11-09,Tundra,40414.17,4.88,Completed
64013,10,2014-11-22,Highlander,54893.3,4.88,Completed
64014,10,2014-11-01,Tundra,36364.38,4.88,Completed
64015,13,2014-11-22,Sienna,52058.65,5.61,Completed
64016,11,2014-11-24,Sienna,37531.06,4.16,Completed
64017,7,2014-11-18,Prius,36512.04,5.39,Completed
64018,12,2014-11-07,Highlander,71074.72,5.65,Completed
64019,5,2014-11-24,Highlander,58912.57,5.34,Completed
64020,7,2014-11-01,Highlander,67390.07,5.39,Completed
64021,15,2014-11-28,RAV4,50868.69,4.86,Completed
64022,7,2014-11-18,Corolla,33631.44,5.39,Completed
64023,17,2014-11-16,Corolla,22020.14,4.51,Completed
64024,17,2014-11-14,Corolla,21462.9,4.51,Completed
64025,19,2014-11-12,Camry,34701.88,5.48,Completed
64026,12,2014-11-30,Highlander,63299.08,5.65,Completed
64027,10,2014-11-21,Tacoma,36359.09,4.88,Cancelled
64028,16,2014-11-22,Corolla,34054.37,6.06,Completed
64029,9,2014-11-28,Tundra,36708.53,4.4,Completed
64030,7,2014-11-18,Highlander,71036.84,5.39,Completed
64031,7,2014-11-16,RAV4,44807.32,5.39,Completed
64032,14,2014-11-19,Camry,41342.99,5.1,Completed
64033,2,2014-11-28,RAV4,33790.45,4.0,Completed
64034,4,2014-11-16,Tundra,40143.8,3.81,Completed
64035,13,2014-11-13,Tacoma,48116.64,5.61,Completed
64036,11,2014-11-14,Camry,28507.49,4.16,Completed
64037,4,2014-11-04,Corolla,22715.38,3.81,Completed
64038,6,2014-11-12,Corolla,20739.92,3.86,Completed
64039,16,2014-11-20,Corolla,33108.18,6.06,Completed
64040,2,2014-11-23,Corolla,22358.95,4.0,Completed
64041,18,2014-11-27,Prius,39243.94,5.68,Completed
64042,5,2014-11-21,Tacoma,38600.35,5.34,Completed
64043,2,2014-11-30,RAV4,37369.27,4.0,Completed
64044,3,2014-11-30,Tundra,59068.8,5.69,Completed
64045,10,2014-11-20,Prius,24422.57,4.88,Completed
64046,4,2014-11-09,Highlander,47810.75,3.81,Completed
64047,18,2014-11-25,Tacoma,49606.6,5.68,Completed
64048,11,2014-11-09,Tundra,41494.64,4.16,Completed
64049,1,2014-11-27,Camry,32127.9,5.24,Completed
64050,18,2014-11-08,Highlander,65724.39,5.68,Completed
64051,15,2014-11-09,Sienna,56929.88,4.86,Completed
64052,17,2014-11-13,Sienna,34570.6,4.51,Completed
64053,9,2014-11-02,Corolla,20890.95,4.4,Completed
64054,1,2014-11-19,Sienna,43750.52,5.24,Completed
64055,16,2014-11-02,Tundra,57660.02,6.06,Completed
64056,17,2014-11-26,Corolla,21588.66,4.51,Completed
64057,8,2014-11-19,Camry,39494.78,5.84,Completed
64058,15,2014-11-15,Tundra,51680.83,4.86,Completed
64059,11,2014-11-01,Camry,28029.68,4.16,Completed
64060,12,2014-11-14,Sienna,53795.41,5.65,Completed
64061,2,2014-11-22,Corolla,22867.49,4.0,Completed
64062,1,2014-11-09,Corolla,25063.49,5.24,Pending
64063,2,2014-11-27,Tacoma,36306.08,4.0,Completed
64064,9,2014-11-19,Tacoma,29613.69,4.4,Completed
64065,9,2014-11-06,Tacoma,31447.89,4.4,Completed
64066,13,2014-11-12,Sienna,49795.75,5.61,Completed
64067,3,2014-11-28,RAV4,48829.29,5.69,Completed
64068,13,2014-11-09,Camry,39263.84,5.61,Completed
64069,12,2014-11-20,Corolla,32707.27,5.65,Completed
64070,6,2014-11-29,Camry,26439.53,3.86,Completed
64071,16,2014-11-25,Prius,38751.84,6.06,Completed
64072,7,2014-11-05,RAV4,50762.68,5.39,Completed
64073,4,2014-11-27,Highlander,47170.43,3.81,Completed
64074,19,2014-11-09,Sienna,42407.53,5.48,Completed
64075,4,2014-11-23,Prius,26142.14,3.81,Completed
64076,6,2014-11-24,Camry,27818.3,3.86,Completed
64077,10,2014-11-14,RAV4,38621.56,4.88,Completed
64078,16,2014-11-23,Camry,45983.37,6.06,Completed
64079,16,2014-11-23,Tacoma,41274.1,6.06,Completed
64080,14,2014-11-01,Highlander,64874.83,5.1,Completed
64081,15,2014-11-30,Highlander,73259.92,4.86,Completed
64082,20,2014-11-14,Highlander,68373.01,5.77,Completed
64083,20,2014-11-15,Sienna,51377.35,5.77,Completed
64084,9,2014-11-20,Camry,30649.44,4.4,Completed
64085,5,2014-11-19,Tundra,41689.55,5.34,Completed
64086,1,2014-11-24,Highlander,52012.51,5.24,Completed
64087,18,2014-11-12,Prius,36845.02,5.68,Completed
64088,11,2014-11-12,Camry,28559.58,4.16,Completed
64089,5,2014-11-07,Tacoma,38835.64,5.34,Completed
64090,11,2014-11-11,Tacoma,34174.82,4.16,Completed
64091,7,2014-11-07,Sienna,51360.31,5.39,Completed
64092,18,2014-11-05,Sienna,59440.73,5.68,Completed
64093,17,2014-11-06,Prius,23385.39,4.51,Completed
64094,9,2014-11-14,Highlander,52774.93,4.4,Completed
64095,4,2014-11-18,Camry,29664.87,3.81,Completed
64096,7,2014-11-02,Tundra,52359.28,5.39,Completed
64097,17,2014-11-18,Corolla,21790.95,4.51,Completed
64098,16,2014-11-21,Prius,32167.73,6.06,Completed
64099,5,2014-11-07,Corolla,26877.73,5.34,Completed
64100,18,2014-11-25,Tundra,52606.14,5.68,Completed
64101,11,2014-11-18,Tundra,35106.43,4.16,Completed
64102,9,2014-11-11,Sienna,35929.92,4.4,Completed
64103,5,2014-11-20,Tundra,44996.06,5.34,Completed
64104,19,2014-11-03,RAV4,38466.28,5.48,Completed
64105,20,2014-11-13,Corolla,28720.29,5.77,Completed
64106,6,2014-11-04,Corolla,21544.04,3.86,Completed
64107,11,2014-11-11,Highlander,45529.76,4.16,Completed
64108,12,2014-11-05,Camry,37909.5,5.65,Completed
64109,13,2014-11-21,Highlander,76563.0,5.61,Completed
64110,16,2014-11-21,Highlander,74460.94,6.06,Completed
64111,7,2014-11-25,Tacoma,44686.76,5.39,Completed
64112,12,2014-11-03,RAV4,43434.9,5.65,Completed
64113,5,2014-11-20,Camry,33693.79,5.34,Completed
64114,20,2014-11-21,Corolla,29206.25,5.77,Completed
64115,10,2014-11-24,Prius,24889.67,4.88,Completed
64116,2,2014-11-03,Sienna,43108.54,4.0,Completed
64117,15,2014-11-11,Tundra,53173.04,4.86,Completed
64118,2,2014-11-06,Prius,26556.66,4.0,Completed
64119,15,2014-11-24,RAV4,43014.68,4.86,Completed
64120,6,2014-11-22,Corolla,21666.67,3.86,Completed
64121,18,2014-11-16,Prius,33991.78,5.68,Completed
64122,5,2014-11-08,Prius,26954.27,5.34,Completed
64123,14,2014-11-02,Prius,33645.01,5.1,Completed
64124,7,2014-11-09,Tacoma,48351.73,5.39,Completed
64125,2,2014-11-18,Corolla,23487.91,4.0,Completed
64126,12,2014-11-03,Tundra,56881.77,5.65,Completed
64127,19,2014-11-27,RAV4,42943.88,5.48,Completed
64128,5,2014-11-21,RAV4,43876.65,5.34,Completed
64129,15,2014-11-07,Highlander,67824.75,4.86,Pending
64130,17,2014-11-16,RAV4,35971.88,4.51,Completed
64131,4,2014-11-09,Camry,27546.41,3.81,Completed
64132,6,2014-11-18,Camry,28186.73,3.86,Completed
64133,10,2014-11-02,Tundra,43196.48,4.88,Completed
64134,10,2014-11-28,Tacoma,32093.84,4.88,Completed
64135,12,2014-11-01,Camry,38591.52,5.65,Completed
64136,7,2014-11-23,Corolla,32427.42,5.39,Pending
64137,14,2014-11-13,Tundra,53568.53,5.1,Completed
64138,10,2014-11-10,Corolla,24095.06,4.88,Completed
64139,15,2014-11-20,Camry,40145.3,4.86,Completed
64140,5,2014-11-21,Camry,34317.65,5.34,Completed
64141,20,2014-11-25,Corolla,31312.78,5.77,Completed
64142,12,2014-11-24,Sienna,56206.19,5.65,Completed
64143,6,2014-11-18,Sienna,38803.39,3.86,Completed
64144,2,2014-11-26,Prius,26838.99,4.0,Completed
64145,5,2014-11-29,Camry,38073.81,5.34,Completed
64146,4,2014-11-22,Corolla,22235.93,3.81,Completed
64147,19,2014-11-16,Highlander,61367.1,5.48,Completed
64148,15,2014-11-28,Tacoma,47992.66,4.86,Pending
64149,18,2014-11-02,Prius,37537.79,5.68,Completed
64150,8,2014-11-17,Tacoma,45255.74,5.84,Completed
64151,19,2014-11-12,RAV4,38448.65,5.48,Completed
64152,14,2014-11-23,Tundra,51707.13,5.1,Completed
64153,16,2014-11-20,Tundra,59430.23,6.06,Completed
64154,18,2014-11-05,RAV4,48910.47,5.68,Completed
64155,2,2014-11-05,Highlander,48638.82,4.0,Completed
64156,13,2014-11-23,Sienna,58928.57,5.61,Completed
64157,16,2014-11-11,Corolla,28922.65,6.06,Completed
64158,17,2014-11-04,Prius,24515.23,4.51,Completed
64159,16,2014-11-07,Camry,39182.68,6.06,Completed
64160,9,2014-11-12,Corolla,20366.96,4.4,Completed
64161,14,2014-11-11,Sienna,47472.64,5.1,Completed
64162,10,2014-11-30,RAV4,33386.67,4.88,Completed
64163,2,2014-11-14,Prius,26558.88,4.0,Completed
64164,9,2014-11-08,Sienna,41601.12,4.4,Completed
64165,19,2014-11-26,Sienna,42297.77,5.48,Completed
64166,1,2014-11-10,Tundra,47879.37,5.24,Completed
64167,3,2014-11-20,Highlander,70772.09,5.69,Completed
64168,3,2014-11-12,Tundra,59275.05,5.69,Completed
64169,20,2014-11-15,Highlander,70431.61,5.77,Completed
64170,12,2014-11-10,Prius,33539.9,5.65,Completed
64171,4,2014-11-26,RAV4,30804.65,3.81,Completed
64172,3,2014-11-05,Tacoma,42192.73,5.69,Completed
64173,16,2014-11-21,RAV4,53687.72,6.06,Completed
64174,17,2014-11-26,Prius,24884.92,4.51,Completed
64175,18,2014-11-07,Tacoma,43441.05,5.68,Completed
64176,15,2014-11-08,Corolla,32921.26,4.86,Completed
64177,4,2014-11-18,Tacoma,27781.62,3.81,Completed
64178,5,2014-11-13,Tacoma,36581.1,5.34,Completed
64179,13,2014-11-02,Tacoma,49147.33,5.61,Completed
64180,20,2014-11-26,Highlander,65885.62,5.77,Completed
64181,6,2014-11-14,Highlander,48856.0,3.86,Completed
64182,6,2014-11-25,Sienna,34653.99,3.86,Completed
64183,7,2014-11-26,Tundra,52086.9,5.39,Completed
64184,8,2014-11-02,Tacoma,40309.32,5.84,Completed
64185,7,2014-11-08,Highlander,69013.51,5.39,Completed
64186,5,2014-11-11,Highlander,52546.3,5.34,Completed
64187,18,2014-11-25,Highlander,65686.19,5.68,Completed
64188,3,2014-11-03,Tacoma,49174.3,5.69,Completed
64189,16,2014-11-27,Sienna,56441.21,6.06,Completed
64190,15,2014-11-11,Tacoma,46407.89,4.86,Completed
64191,1,2014-11-24,Prius,31476.62,5.24,Completed
64192,18,2014-11-01,Tundra,56951.4,5.68,Completed
64193,1,2014-11-06,Camry,36455.61,5.24,Completed
64194,9,2014-11-07,RAV4,32918.54,4.4,Completed
64195,7,2014-11-12,Corolla,30429.65,5.39,Completed
64196,10,2014-11-19,Tacoma,31548.8,4.88,Completed
64197,8,2014-11-24,Highlander,73017.1,5.84,Completed
64198,12,2014-11-23,RAV4,47691.5,5.65,Completed
64199,9,2014-11-03,Corolla,20302.98,4.4,Completed
64200,19,2014-11-18,Camry,38463.91,5.48,Pending
64201,6,2014-11-06,Prius,25789.08,3.86,Completed
64202,6,2014-11-18,RAV4,37636.19,3.86,Completed
64203,3,2014-11-30,Prius,37398.17,5.69,Completed
64204,19,2014-11-16,Highlander,57636.83,5.48,Completed
64205,6,2014-11-12,Corolla,21448.66,3.86,Completed
64206,9,2014-11-12,RAV4,36162.78,4.4,Completed
64207,8,2014-11-27,Sienna,56439.88,5.84,Completed
64208,17,2014-11-17,Prius,26290.7,4.51,Completed
64209,9,2014-11-24,Sienna,35573.86,4.4,Completed
64210,20,2014-11-28,Corolla,32914.04,5.77,Completed
64211,2,2014-11-17,Corolla,25242.76,4.0,Completed
64212,10,2014-11-10,Camry,27899.11,4.88,Completed
64213,10,2014-11-02,Corolla,24852.93,4.88,Completed
64214,9,2014-11-25,Tundra,35889.26,4.4,Completed
64215,11,2014-11-17,Prius,26063.79,4.16,Completed
64216,1,2014-11-29,Highlander,60486.63,5.24,Completed
64217,17,2014-11-23,RAV4,36723.47,4.51,Completed
64218,1,2014-11-23,Tacoma,38682.4,5.24,Completed
64219,6,2014-11-02,RAV4,34327.67,3.86,Completed
64220,1,2014-11-27,Highlander,51282.92,5.24,Completed
64221,11,2014-11-29,RAV4,32397.95,4.16,Completed
64222,15,2014-11-03,Prius,34891.21,4.86,Completed
64223,7,2014-11-01,RAV4,53181.9,5.39,Completed
64224,20,2014-11-09,Camry,42287.03,5.77,Completed
64225,19,2014-11-24,Tacoma,41273.51,5.48,Completed
64226,15,2014-11-02,Highlander,60098.04,4.86,Completed
64227,6,2014-11-21,Sienna,39146.28,3.86,Completed
64228,10,2014-11-18,Sienna,40319.73,4.88,Completed
64229,7,2014-11-02,Highlander,63072.76,5.39,Completed
64230,2,2014-11-03,Prius,27302.51,4.0,Completed
64231,15,2014-11-09,RAV4,44375.21,4.86,Completed
64232,11,2014-11-22,Tacoma,30713.2,4.16,Completed
64233,1,2014-11-14,Corolla,24785.8,5.24,Completed
64234,2,2014-11-27,RAV4,33391.61,4.0,Completed
64235,19,2014-11-25,Camry,32613.6,5.48,Completed
64236,8,2014-11-01,Prius,35668.15,5.84,Completed
64237,2,2014-11-22,Corolla,21422.86,4.0,Completed
64238,4,2014-11-13,Prius,25746.34,3.81,Completed
64239,19,2014-11-22,Tacoma,36864.51,5.48,Cancelled
64240,3,2014-11-17,RAV4,49031.68,5.69,Completed
64241,2,2014-11-05,RAV4,36809.92,4.0,Completed
64242,19,2014-11-14,Sienna,50011.68,5.48,Completed
64243,4,2014-11-15,Highlander,47217.03,3.81,Completed
64244,19,2014-11-26,Tacoma,38960.96,5.48,Completed
64245,9,2014-11-05,Prius,22513.81,4.4,Completed
64246,16,2014-11-05,Prius,34457.23,6.06,Completed
64247,7,2014-11-19,Corolla,28031.36,5.39,Completed
64248,19,2014-11-11,Highlander,64319.04,5.48,Completed
64249,8,2014-11-03,Corolla,30096.6,5.84,Completed
64250,9,2014-11-02,Tundra,35598.41,4.4,Completed
64251,13,2014-11-09,RAV4,46583.73,5.61,Completed
64252,9,2014-11-27,Sienna,40686.17,4.4,Completed
64253,14,2014-11-24,Sienna,55210.28,5.1,Completed
64254,8,2014-11-12,Camry,43628.22,5.84,Completed
64255,9,2014-11-30,RAV4,35129.27,4.4,Completed
64256,2,2014-11-19,RAV4,38451.0,4.0,Cancelled
64257,14,2014-11-24,Highlander,59023.31,5.1,Completed
64258,9,2014-11-05,Prius,22783.99,4.4,Completed
64259,10,2014-11-08,Tacoma,31177.28,4.88,Completed
64260,13,2014-11-24,Tundra,49899.12,5.61,Completed
64261,1,2014-11-14,Corolla,24467.98,5.24,Completed
64262,5,2014-11-24,Tacoma,36034.88,5.34,Completed
64263,10,2014-11-27,Tundra,36948.07,4.88,Completed
64264,6,2014-11-28,Tundra,39213.18,3.86,Completed
64265,4,2014-11-12,Highlander,46755.9,3.81,Completed
64266,19,2014-11-28,Tacoma,40388.77,5.48,Completed
64267,17,2014-11-01,Tundra,39650.27,4.51,Completed
64268,8,2014-11-24,Prius,33666.53,5.84,Completed
64269,3,2014-11-02,RAV4,46509.75,5.69,Completed
64270,3,2014-11-10,Camry,43757.76,5.69,Completed
64271,10,2014-11-20,Sienna,41009.36,4.88,Completed
64272,9,2014-11-29,Sienna,41826.74,4.4,Completed
64273,6,2014-11-11,Sienna,40328.26,3.86,Completed
64274,7,2014-11-17,Sienna,57866.41,5.39,Completed
64275,13,2014-11-18,Tundra,56513.16,5.61,Completed
64276,12,2014-11-14,Prius,32743.42,5.65,Completed
64277,9,2014-11-17,Corolla,21358.36,4.4,Completed
64278,13,2014-11-15,RAV4,53850.57,5.61,Completed
64279,17,2014-11-10,Prius,23463.02,4.51,Completed
64280,5,2014-11-07,Highlander,59550.71,5.34,Completed
64281,3,2014-11-23,Corolla,28464.06,5.69,Completed
64282,15,2014-11-12,Camry,44177.55,4.86,Pending
64283,13,2014-11-13,Camry,45401.81,5.61,Completed
64284,7,2014-11-08,Sienna,51956.84,5.39,Completed
64285,7,2014-11-26,Sienna,56486.34,5.39,Completed
64286,9,2014-11-29,Tundra,40544.46,4.4,Completed
64287,13,2014-11-09,Camry,42779.4,5.61,Completed
64288,3,2014-11-10,Camry,43651.71,5.69,Completed
64289,11,2014-11-22,Highlander,53120.48,4.16,Completed
64290,17,2014-11-26,Camry,28034.09,4.51,Completed
64291,11,2014-11-30,RAV4,38265.23,4.16,Completed
64292,9,2014-11-12,Sienna,39400.97,4.4,Completed
64293,7,2014-11-30,Camry,40290.81,5.39,Completed
64294,3,2014-11-27,Tacoma,42115.1,5.69,Completed
64295,15,2014-11-19,Prius,34104.16,4.86,Completed
64296,2,2014-11-04,Sienna,40866.24,4.0,Completed
64297,4,2014-11-04,Camry,30565.34,3.81,Completed
64298,14,2014-11-19,Tacoma,38927.05,5.1,Completed
64299,8,2014-11-15,Prius,35057.51,5.84,Completed
64300,8,2014-11-13,Camry,43633.49,5.84,Completed
64301,18,2014-11-12,Tundra,53435.57,5.68,Completed
64302,6,2014-11-10,Tundra,39033.83,3.86,Pending
64303,11,2014-11-15,Tacoma,33747.44,4.16,Completed
64304,1,2014-11-23,Camry,37101.38,5.24,Completed
64305,13,2014-11-13,RAV4,48026.5,5.61,Completed
64306,20,2014-11-20,Camry,43704.84,5.77,Completed
64307,17,2014-11-30,Corolla,20169.76,4.51,Completed
64308,10,2014-11-13,Sienna,38102.76,4.88,Completed
64309,2,2014-11-17,Prius,28409.91,4.0,Completed
64310,8,2014-11-15,Tacoma,42727.31,5.84,Completed
64311,16,2014-11-09,RAV4,52175.97,6.06,Completed
64312,16,2014-11-30,Corolla,31488.13,6.06,Completed
64313,5,2014-11-01,Highlander,52716.26,5.34,Completed
64314,20,2014-11-05,Highlander,62814.4,5.77,Cancelled
64315,4,2014-11-14,Camry,28652.11,3.81,Completed
64316,18,2014-11-22,Highlander,75849.14,5.68,Cancelled
64317,10,2014-11-27,Corolla,21635.84,4.88,Completed
64318,14,2014-11-18,Sienna,50234.79,5.1,Completed
64319,17,2014-11-19,Prius,21823.85,4.51,Completed
64320,11,2014-11-09,Tundra,37620.33,4.16,Completed
64321,7,2014-11-28,Highlander,66443.95,5.39,Completed
64322,15,2014-11-23,Sienna,51767.05,4.86,Completed
64323,16,2014-11-28,Highlander,65960.09,6.06,Completed
64324,18,2014-11-11,RAV4,49733.37,5.68,Completed
64325,8,2014-11-29,Tacoma,40456.8,5.84,Completed
64326,15,2014-11-15,Tundra,57126.23,4.86,Completed
64327,1,2014-11-10,Highlander,51589.01,5.24,Completed
64328,12,2014-11-19,Tundra,47395.11,5.65,Completed
64329,4,2014-11-10,Corolla,22852.19,3.81,Completed
64330,15,2014-11-19,RAV4,48621.54,4.86,Completed
64331,10,2014-11-12,Corolla,23323.4,4.88,Completed
64332,20,2014-11-03,Sienna,55019.81,5.77,Completed
64333,12,2014-11-02,Sienna,57026.41,5.65,Completed
64334,19,2014-11-08,Tundra,44460.24,5.48,Completed
64335,15,2014-11-05,Camry,37978.12,4.86,Completed
64336,1,2014-11-03,Highlander,59487.38,5.24,Completed
64337,15,2014-11-05,Tundra,54111.96,4.86,Completed
64338,15,2014-11-05,Camry,41306.16,4.86,Cancelled
64339,15,2014-11-13,RAV4,52204.81,4.86,Completed
64340,20,2014-11-05,Tundra,54121.08,5.77,Completed
64341,1,2014-11-03,Prius,27229.97,5.24,Completed
64342,8,2014-11-24,Highlander,63176.95,5.84,Completed
64343,7,2014-11-28,Highlander,64535.43,5.39,Completed
64344,19,2014-11-08,Tundra,43292.26,5.48,Completed
64345,17,2014-11-09,Corolla,19386.82,4.51,Completed
64346,3,2014-11-28,Corolla,32810.52,5.69,Completed
64347,6,2014-11-07,Corolla,20555.76,3.86,Completed
64348,6,2014-11-02,RAV4,37516.45,3.86,Completed
64349,12,2014-11-10,Corolla,28372.77,5.65,Completed
64350,5,2014-11-06,Tacoma,40165.03,5.34,Pending
64351,1,2014-11-09,Corolla,25173.72,5.24,Completed
64352,5,2014-11-01,Tundra,46424.45,5.34,Completed
64353,2,2014-11-05,Camry,29654.31,4.0,Completed
64354,19,2014-11-29,Sienna,45040.83,5.48,Completed
64355,16,2014-11-09,Highlander,75836.35,6.06,Cancelled
64356,4,2014-11-30,Corolla,21044.31,3.81,Completed
64357,19,2014-11-15,Prius,28498.69,5.48,Completed
64358,16,2014-11-23,RAV4,51724.36,6.06,Completed
64359,1,2014-11-04,Prius,29422.59,5.24,Completed
64360,17,2014-11-18,Camry,27132.25,4.51,Completed
64361,1,2014-11-03,Tundra,44768.63,5.24,Completed
64362,11,2014-11-05,Camry,32435.93,4.16,Completed
64363,13,2014-11-20,Highlander,69488.13,5.61,Completed
64364,18,2014-11-08,RAV4,53999.28,5.68,Completed
64365,7,2014-11-06,Prius,32444.92,5.39,Completed
64366,7,2014-11-22,Camry,45520.47,5.39,Completed
64367,15,2014-11-21,Highlander,67238.74,4.86,Completed
64368,17,2014-11-12,Corolla,23253.38,4.51,Completed
64369,13,2014-11-21,Camry,44069.09,5.61,Completed
64370,1,2014-11-19,Highlander,57519.6,5.24,Completed
64371,5,2014-11-05,Tacoma,37974.59,5.34,Completed
64372,19,2014-11-05,RAV4,43898.76,5.48,Completed
64373,6,2014-11-29,RAV4,32738.41,3.86,Completed
64374,18,2014-11-23,RAV4,47655.21,5.68,Completed
64375,15,2014-11-09,RAV4,48101.52,4.86,Completed
64376,11,2014-11-13,Tundra,42413.02,4.16,Completed
64377,16,2014-11-05,Corolla,30431.81,6.06,Completed
64378,11,2014-11-02,Tacoma,33991.12,4.16,Completed
64379,13,2014-11-08,Tundra,50134.36,5.61,Completed
64380,16,2014-11-16,Highlander,71093.12,6.06,Completed
64381,5,2014-11-20,Highlander,61375.82,5.34,Pending
64382,19,2014-11-06,Camry,38333.24,5.48,Completed
64383,17,2014-11-26,Camry,30481.35,4.51,Completed
64384,8,2014-11-18,Tundra,56231.42,5.84,Completed
64385,17,2014-11-05,Tacoma,32401.82,4.51,Completed
64386,2,2014-11-09,Highlander,52678.88,4.0,Completed
64387,20,2014-11-08,Highlander,66174.28,5.77,Completed
64388,18,2014-11-23,Sienna,59286.92,5.68,Completed
64389,9,2014-11-01,Highlander,52370.93,4.4,Completed
64390,20,2014-11-10,Tacoma,43224.14,5.77,Completed
64391,16,2014-11-03,Camry,43236.18,6.06,Completed
64392,2,2014-11-06,RAV4,35468.64,4.0,Completed
64393,10,2014-11-05,Tacoma,34393.56,4.88,Completed
64394,12,2014-11-17,Prius,37394.08,5.65,Completed
64395,5,2014-11-21,RAV4,37158.66,5.34,Completed
64396,14,2014-11-18,Corolla,27768.9,5.1,Completed
64397,16,2014-11-09,RAV4,54262.0,6.06,Completed
64398,10,2014-11-18,Corolla,24336.58,4.88,Completed
64399,12,2014-11-02,Prius,37192.66,5.65,Completed
64400,11,2014-11-18,Corolla,23978.1,4.16,Completed
64401,11,2014-11-09,Tacoma,29964.78,4.16,Completed
64402,20,2014-11-29,Prius,36821.5,5.77,Completed
64403,1,2014-11-16,Corolla,25310.6,5.24,Completed
64404,1,2014-11-04,Highlander,61735.94,5.24,Completed
64405,4,2014-11-13,Camry,29744.64,3.81,Completed
64406,5,2014-11-14,Corolla,24565.97,5.34,Completed
64407,15,2014-11-23,Prius,32996.92,4.86,Completed
64408,2,2014-11-21,RAV4,36689.41,4.0,Completed
64409,15,2014-11-21,Highlander,66155.87,4.86,Completed
64410,7,2014-11-15,Tacoma,44195.78,5.39,Completed
64411,19,2014-11-30,Prius,28193.75,5.48,Completed
64412,7,2014-11-07,Tundra,58458.72,5.39,Completed
64413,5,2014-11-27,Highlander,51740.7,5.34,Cancelled
64414,15,2014-11-20,Corolla,31747.96,4.86,Completed
64415,6,2014-11-10,Sienna,39163.55,3.86,Completed
64416,20,2014-11-17,Tacoma,41130.62,5.77,Completed
64417,3,2014-11-18,Prius,38228.98,5.69,Completed
64418,14,2014-11-07,Camry,43017.06,5.1,Completed
64419,2,2014-11-06,Sienna,37309.41,4.0,Pending
64420,14,2014-11-20,Camry,42718.25,5.1,Completed
64421,15,2014-11-25,RAV4,50465.65,4.86,Completed
64422,18,2014-11-02,Sienna,52638.44,5.68,Completed
64423,11,2014-11-25,RAV4,37169.69,4.16,Completed
64424,13,2014-11-21,Tundra,59302.44,5.61,Completed
64425,8,2014-11-07,Camry,42990.15,5.84,Completed
64426,12,2014-11-02,Sienna,49520.43,5.65,Completed
64427,12,2014-11-29,Highlander,65135.67,5.65,Completed
64428,17,2014-11-19,Prius,22281.96,4.51,Completed
64429,19,2014-11-10,Tundra,45873.44,5.48,Completed
64430,5,2014-11-15,Camry,36209.13,5.34,Completed
64431,13,2014-11-17,Sienna,54389.43,5.61,Cancelled
64432,15,2014-11-04,Highlander,64604.83,4.86,Completed
64433,6,2014-11-14,Sienna,35839.57,3.86,Completed
64434,11,2014-11-08,Tundra,41888.58,4.16,Completed
64435,19,2014-11-30,Sienna,45340.72,5.48,Completed
64436,5,2014-11-20,Tacoma,34802.87,5.34,Completed
64437,3,2014-11-19,Highlander,67059.54,5.69,Completed
64438,19,2014-11-01,Tundra,43784.09,5.48,Completed
64439,19,2014-11-05,Prius,29645.91,5.48,Completed
64440,14,2014-11-27,Tundra,55607.72,5.1,Completed
64441,1,2014-11-03,Corolla,26305.4,5.24,Completed
64442,9,2014-11-14,Sienna,39527.87,4.4,Completed
64443,4,2014-11-13,Sienna,34342.38,3.81,Completed
64444,5,2014-11-26,RAV4,38866.85,5.34,Completed
64445,7,2014-11-15,Corolla,33678.41,5.39,Completed
64446,9,2014-11-13,Sienna,37915.03,4.4,Completed
64447,9,2014-11-02,Camry,31024.01,4.4,Completed
64448,6,2014-11-10,Tacoma,31367.5,3.86,Completed
64449,20,2014-11-18,Prius,38084.96,5.77,Completed
64450,6,2014-11-29,Prius,25818.84,3.86,Completed
64451,19,2014-11-30,RAV4,39133.99,5.48,Completed
64452,14,2014-11-10,Highlander,66985.82,5.1,Completed
64453,11,2014-11-01,Tacoma,33199.57,4.16,Completed
64454,12,2014-11-12,RAV4,44024.71,5.65,Completed
64455,1,2014-11-12,Prius,31423.34,5.24,Completed
64456,17,2014-11-03,Tacoma,33519.82,4.51,Completed
64457,20,2014-11-06,Camry,37809.57,5.77,Completed
64458,10,2014-11-07,Tundra,39563.97,4.88,Completed
64459,17,2014-11-28,Camry,27133.35,4.51,Completed
64460,3,2014-11-07,Prius,38009.86,5.69,Completed
64461,9,2014-11-08,Camry,27366.41,4.4,Completed
64462,12,2014-11-30,Tundra,52692.07,5.65,Completed
64463,6,2014-11-21,Tundra,41000.14,3.86,Completed
64464,14,2014-11-27,Tundra,53842.32,5.1,Cancelled
64465,9,2014-11-07,Tundra,37121.15,4.4,Completed
64466,9,2014-11-11,Prius,26946.07,4.4,Completed
64467,1,2014-11-24,Prius,29545.85,5.24,Completed
64468,12,2014-11-23,Camry,41888.59,5.65,Completed
64469,1,2014-11-09,Sienna,42035.14,5.24,Completed
64470,16,2014-11-07,RAV4,53157.36,6.06,Completed
64471,11,2014-11-02,RAV4,36657.76,4.16,Completed
64472,12,2014-11-25,Highlander,67940.56,5.65,Completed
64473,2,2014-11-08,Corolla,24817.4,4.0,Completed
64474,7,2014-11-04,Prius,33487.67,5.39,Completed
64475,18,2014-11-22,Camry,43476.82,5.68,Completed
64476,3,2014-11-01,Tacoma,50327.38,5.69,Cancelled
64477,2,2014-11-28,Corolla,23176.0,4.0,Pending
64478,14,2014-11-23,Camry,41612.03,5.1,Completed
64479,10,2014-11-27,Tundra,42846.51,4.88,Completed
64480,11,2014-11-26,Prius,24207.8,4.16,Completed
64481,12,2014-11-25,Prius,34105.53,5.65,Completed
64482,17,2014-11-28,Camry,27437.14,4.51,Completed
64483,15,2014-11-21,Tacoma,44286.06,4.86,Completed
64484,15,2014-11-08,RAV4,47909.85,4.86,Completed
64485,20,2014-11-24,Tundra,55565.8,5.77,Completed
64486,19,2014-11-13,Sienna,44558.57,5.48,Completed
64487,9,2014-11-30,Corolla,24147.91,4.4,Completed
64488,8,2014-11-19,Prius,36990.65,5.84,Completed
64489,6,2014-11-11,RAV4,36593.11,3.86,Completed
64490,20,2014-11-12,Camry,39032.15,5.77,Completed
64491,6,2014-11-23,Corolla,22342.17,3.86,Completed
64492,12,2014-11-01,Highlander,64525.13,5.65,Completed
64493,13,2014-11-15,Prius,36894.33,5.61,Completed
64494,2,2014-11-06,Highlander,54446.61,4.0,Completed
64495,2,2014-11-30,Prius,27795.82,4.0,Completed
64496,16,2014-11-24,Tundra,52779.27,6.06,Completed
64497,5,2014-11-25,Tacoma,36031.67,5.34,Completed
64498,3,2014-11-03,Tacoma,49788.15,5.69,Completed
64499,11,2014-11-28,Tundra,42231.97,4.16,Completed
64500,5,2014-11-10,Tundra,46446.22,5.34,Completed
64501,1,2014-11-09,Tacoma,35247.71,5.24,Completed
64502,17,2014-11-18,Sienna,40636.67,4.51,Completed
64503,18,2014-11-18,Highlander,73814.76,5.68,Completed
64504,2,2014-11-13,Highlander,48355.93,4.0,Completed
64505,3,2014-11-24,Prius,33390.72,5.69,Completed
64506,7,2014-11-13,Sienna,49624.71,5.39,Completed
64507,3,2014-11-29,Prius,37897.61,5.69,Completed
64508,2,2014-11-04,Tacoma,34236.89,4.0,Completed
64509,17,2014-11-28,Prius,21789.29,4.51,Completed
64510,3,2014-11-18,Sienna,53815.67,5.69,Pending
64511,8,2014-11-08,RAV4,44898.43,5.84,Completed
64512,7,2014-11-25,Sienna,52105.99,5.39,Completed
64513,11,2014-11-05,Tundra,41237.15,4.16,Completed
64514,20,2014-11-11,RAV4,50255.87,5.77,Completed
64515,10,2014-11-30,Sienna,41261.02,4.88,Completed
64516,13,2014-11-10,Highlander,74417.27,5.61,Completed
64517,5,2014-11-06,Prius,27600.86,5.34,Completed
64518,7,2014-11-08,RAV4,50063.24,5.39,Completed
64519,20,2014-11-26,Camry,39787.68,5.77,Completed
64520,13,2014-11-14,Sienna,57275.55,5.61,Completed
64521,18,2014-11-22,Tundra,54489.57,5.68,Completed
64522,14,2014-11-22,Corolla,30604.92,5.1,Completed
64523,7,2014-11-12,RAV4,49257.21,5.39,Completed
64524,14,2014-11-16,Tacoma,45771.65,5.1,Completed
64525,2,2014-11-03,Tacoma,31686.43,4.0,Completed
64526,13,2014-11-05,RAV4,49498.98,5.61,Cancelled
64527,10,2014-11-14,Sienna,41763.09,4.88,Completed
64528,14,2014-11-27,RAV4,45553.14,5.1,Completed
64529,19,2014-11-17,Tacoma,39413.58,5.48,Completed
64530,20,2014-11-18,Highlander,68422.66,5.77,Completed
64531,3,2014-11-19,Tacoma,43033.07,5.69,Completed
64532,14,2014-11-17,Sienna,52224.7,5.1,Completed
64533,12,2014-11-18,Highlander,73322.93,5.65,Completed
64534,20,2014-11-04,Sienna,52536.59,5.77,Completed
64535,1,2014-11-15,Corolla,26085.7,5.24,Completed
64536,15,2014-11-23,RAV4,51716.87,4.86,Completed
64537,16,2014-11-27,Corolla,29826.46,6.06,Completed
64538,8,2014-11-02,Prius,33357.33,5.84,Completed
64539,4,2014-11-15,RAV4,34368.2,3.81,Completed
64540,13,2014-11-11,Tundra,55443.14,5.61,Completed
64541,18,2014-11-06,Sienna,52578.06,5.68,Completed
64542,20,2014-11-17,Highlander,74091.38,5.77,Completed
64543,5,2014-11-08,Corolla,24459.65,5.34,Completed
64544,17,2014-11-03,Corolla,19268.91,4.51,Completed
64545,17,2014-11-01,Camry,29338.29,4.51,Completed
64546,3,2014-11-17,Tacoma,43090.58,5.69,Completed
64547,12,2014-11-30,RAV4,46883.25,5.65,Completed
64548,14,2014-11-10,Camry,39567.32,5.1,Completed
64549,15,2014-11-15,RAV4,46798.52,4.86,Completed
64550,8,2014-11-25,Sienna,53772.32,5.84,Completed
64551,15,2014-11-30,RAV4,44192.81,4.86,Completed
64552,5,2014-11-20,Sienna,43330.96,5.34,Completed
64553,4,2014-11-26,Sienna,40075.45,3.81,Completed
64554,20,2014-11-16,Tundra,52506.95,5.77,Completed
64555,1,2014-11-16,Tacoma,37939.04,5.24,Completed
64556,20,2014-11-19,Tundra,57993.39,5.77,Pending
64557,9,2014-11-04,Sienna,41565.57,4.4,Completed
64558,2,2014-11-29,Highlander,56147.9,4.0,Completed
64559,2,2014-11-15,Tacoma,35520.39,4.0,Completed
64560,14,2014-11-05,Camry,38395.61,5.1,Completed
64561,10,2014-11-01,Tundra,37570.18,4.88,Completed
64562,15,2014-11-09,Tacoma,40489.92,4.86,Completed
64563,3,2014-11-20,Camry,45289.27,5.69,Completed
64564,4,2014-11-11,Prius,22368.31,3.81,Completed
64565,16,2014-11-03,Prius,36343.78,6.06,Completed
64566,2,2014-11-12,Corolla,24198.51,4.0,Completed
64567,1,2014-11-23,Tacoma,39802.07,5.24,Completed
64568,6,2014-11-15,Sienna,41142.6,3.86,Pending
64569,2,2014-11-11,Corolla,21223.95,4.0,Completed
64570,3,2014-11-03,Prius,35306.91,5.69,Completed
64571,15,2014-11-25,Sienna,53882.19,4.86,Completed
64572,13,2014-11-18,Sienna,60340.24,5.61,Completed
64573,17,2014-11-10,Sienna,39870.43,4.51,Completed
64574,13,2014-11-23,Tacoma,50597.98,5.61,Completed
64575,18,2014-11-16,RAV4,51712.93,5.68,Completed
64576,8,2014-11-08,Camry,37475.91,5.84,Pending
64577,18,2014-11-25,Camry,46898.39,5.68,Completed
64578,5,2014-11-24,Tacoma,37822.3,5.34,Completed
64579,11,2014-11-11,RAV4,34058.36,4.16,Completed
64580,6,2014-11-07,Camry,26458.3,3.86,Completed
64581,4,2014-11-26,Tacoma,33875.75,3.81,Completed
64582,3,2014-11-25,Camry,41634.25,5.69,Completed
64583,6,2014-11-12,Sienna,34921.04,3.86,Completed
64584,12,2014-11-16,Sienna,52098.77,5.65,Completed
64585,14,2014-11-02,Camry,40201.14,5.1,Pending
64586,7,2014-11-27,Corolla,28448.45,5.39,Completed
64587,20,2014-11-25,Camry,38343.02,5.77,Completed
64588,1,2014-11-23,Prius,29247.44,5.24,Completed
64589,14,2014-11-25,Camry,36739.32,5.1,Completed
64590,1,2014-11-12,Corolla,26500.65,5.24,Completed
64591,3,2014-11-03,RAV4,49385.81,5.69,Completed
64592,1,2014-11-25,Highlander,52361.8,5.24,Completed
64593,1,2014-11-27,Sienna,40640.41,5.24,Completed
64594,9,2014-11-25,Prius,26450.84,4.4,Completed
64595,17,2014-11-19,Prius,23952.78,4.51,Completed
64596,12,2014-11-28,Corolla,28791.31,5.65,Completed
64597,19,2014-11-25,Highlander,53895.88,5.48,Completed
64598,9,2014-11-27,Prius,27061.52,4.4,Pending
64599,5,2014-11-02,Tundra,40575.55,5.34,Completed
64600,1,2014-11-23,Sienna,44941.06,5.24,Completed
64601,1,2014-11-20,Prius,31405.95,5.24,Completed
64602,6,2014-11-29,Tundra,40118.79,3.86,Completed
64603,9,2014-11-30,Tacoma,35498.4,4.4,Completed
64604,9,2014-11-17,Camry,31284.63,4.4,Completed
64605,19,2014-11-27,Sienna,44742.21,5.48,Completed
64606,19,2014-11-21,Sienna,42860.93,5.48,Completed
64607,5,2014-11-25,Highlander,51824.38,5.34,Cancelled
64608,11,2014-11-06,Camry,28872.37,4.16,Completed
64609,14,2014-11-10,Tacoma,43918.48,5.1,Completed
64610,17,2014-11-20,Prius,22336.49,4.51,Completed
64611,15,2014-11-04,Sienna,53432.7,4.86,Completed
64612,17,2014-11-12,Corolla,21839.12,4.51,Completed
64613,2,2014-11-30,Tundra,44015.7,4.0,Completed
64614,3,2014-11-25,Tacoma,48785.98,5.69,Completed
64615,5,2014-11-09,RAV4,43240.32,5.34,Pending
64616,6,2014-11-08,Corolla,20354.38,3.86,Completed
64617,19,2014-11-01,RAV4,40785.35,5.48,Completed
64618,4,2014-11-16,Corolla,21078.92,3.81,Completed
64619,1,2014-11-30,Tacoma,38623.32,5.24,Completed
64620,11,2014-11-14,Sienna,40831.18,4.16,Completed
64621,3,2014-11-03,Prius,38522.67,5.69,Completed
64622,9,2014-11-27,Camry,32071.21,4.4,Completed
64623,1,2014-11-13,Sienna,43009.06,5.24,Completed
64624,1,2014-11-24,RAV4,44421.52,5.24,Completed
64625,13,2014-11-03,Corolla,31436.06,5.61,Completed
64626,7,2014-11-30,Tacoma,47061.53,5.39,Completed
64627,19,2014-11-28,Sienna,48938.16,5.48,Completed
64628,18,2014-11-28,Tundra,62550.08,5.68,Completed
64629,20,2014-11-17,Tacoma,44715.64,5.77,Completed
64630,3,2014-11-18,Tacoma,49784.81,5.69,Pending
64631,10,2014-11-22,Tacoma,30820.79,4.88,Completed
64632,5,2014-11-07,Sienna,45760.12,5.34,Completed
64633,6,2014-11-17,Corolla,22763.24,3.86,Completed
64634,16,2014-11-29,Camry,44741.3,6.06,Completed
64635,18,2014-11-30,Tundra,60112.24,5.68,Completed
64636,3,2014-11-15,Corolla,33141.07,5.69,Completed
64637,6,2014-11-21,Tacoma,30555.27,3.86,Completed
64638,3,2014-11-30,Tundra,53027.98,5.69,Completed
64639,5,2014-11-18,RAV4,41152.08,5.34,Completed
64640,17,2014-11-16,Tundra,36459.56,4.51,Completed
64641,1,2014-11-20,Tacoma,34612.49,5.24,Completed
64642,12,2014-11-09,Corolla,30883.2,5.65,Completed
64643,15,2014-11-09,Camry,40797.14,4.86,Completed
64644,13,2014-11-14,Camry,39998.1,5.61,Completed
64645,12,2014-11-08,Tacoma,44009.38,5.65,Completed
64646,7,2014-11-30,Highlander,66711.75,5.39,Completed
64647,3,2014-11-30,RAV4,52175.61,5.69,Completed
64648,19,2014-11-18,Tundra,48548.49,5.48,Completed
64649,13,2014-11-21,Highlander,63486.67,5.61,Completed
64650,8,2014-11-21,Highlander,64513.94,5.84,Completed
64651,15,2014-11-10,Tacoma,47439.8,4.86,Completed
64652,13,2014-11-06,Sienna,57055.58,5.61,Completed
64653,19,2014-11-02,Sienna,42600.76,5.48,Completed
64654,4,2014-11-01,Camry,26991.51,3.81,Completed
64655,2,2014-11-06,Camry,30908.45,4.0,Completed
64656,19,2014-11-30,RAV4,41077.62,5.48,Completed
64657,18,2014-11-03,Sienna,55260.11,5.68,Completed
64658,13,2014-11-14,Highlander,67309.27,5.61,Completed
64659,3,2014-11-20,Highlander,76497.7,5.69,Completed
64660,5,2014-11-09,Prius,26740.4,5.34,Completed
64661,10,2014-11-10,Highlander,46840.14,4.88,Completed
64662,6,2014-11-02,Prius,23208.81,3.86,Completed
64663,12,2014-11-08,Corolla,30576.69,5.65,Completed
64664,7,2014-11-10,Highlander,63099.92,5.39,Completed
64665,15,2014-11-30,Camry,41409.74,4.86,Completed
64666,14,2014-11-22,Camry,43424.96,5.1,Completed
64667,13,2014-11-03,Sienna,55195.29,5.61,Completed
64668,15,2014-11-27,Tacoma,44222.25,4.86,Completed
64669,1,2014-11-28,RAV4,39049.33,5.24,Completed
64670,17,2014-11-10,Corolla,19310.11,4.51,Completed
64671,7,2014-11-21,Highlander,68368.13,5.39,Completed
64672,8,2014-11-26,RAV4,45461.51,5.84,Completed
64673,7,2014-11-24,Tacoma,47069.45,5.39,Completed
64674,18,2014-11-25,Highlander,79720.75,5.68,Completed
64675,2,2014-11-07,Sienna,41672.99,4.0,Completed
64676,3,2014-11-12,Sienna,56206.85,5.69,Completed
64677,13,2014-11-20,Tundra,59477.09,5.61,Completed
64678,12,2014-11-12,Tacoma,46486.58,5.65,Completed
64679,9,2014-11-03,Tundra,38116.34,4.4,Completed
64680,17,2014-11-03,Sienna,36516.29,4.51,Completed
64681,13,2014-11-24,Corolla,34575.75,5.61,Completed
64682,7,2014-11-21,RAV4,50412.89,5.39,Completed
64683,3,2014-11-21,Tacoma,42973.07,5.69,Completed
64684,17,2014-11-07,Tundra,36343.23,4.51,Completed
64685,8,2014-11-30,RAV4,44890.72,5.84,Completed
64686,20,2014-11-11,Sienna,57919.56,5.77,Completed
64687,16,2014-11-04,Sienna,52459.58,6.06,Completed
64688,9,2014-11-18,Tundra,39928.96,4.4,Completed
64689,16,2014-11-04,Corolla,30247.8,6.06,Completed
64690,10,2014-11-16,Tacoma,34256.57,4.88,Completed
64691,18,2014-11-20,Tacoma,45846.42,5.68,Completed
64692,19,2014-11-16,Prius,32216.56,5.48,Completed
64693,13,2014-11-25,Sienna,51565.88,5.61,Completed
64694,11,2014-11-15,Corolla,20730.0,4.16,Completed
64695,16,2014-11-12,Sienna,56766.12,6.06,Completed
64696,17,2014-11-09,Corolla,21756.28,4.51,Completed
64697,15,2014-11-06,Sienna,55602.88,4.86,Completed
64698,14,2014-11-15,Sienna,54204.85,5.1,Completed
64699,19,2014-11-08,Tacoma,41751.59,5.48,Completed
64700,14,2014-11-11,Tundra,53342.87,5.1,Completed
64701,9,2014-11-25,Tacoma,33228.14,4.4,Completed
64702,3,2014-11-29,Sienna,55698.97,5.69,Completed
64703,8,2014-11-21,Camry,38278.6,5.84,Completed
64704,2,2014-11-22,Corolla,22796.91,4.0,Completed
64705,13,2014-11-30,Camry,46078.91,5.61,Completed
64706,1,2014-11-25,Tacoma,39365.86,5.24,Completed
64707,17,2014-11-26,Tundra,36576.91,4.51,Completed
64708,1,2014-11-19,Corolla,27317.1,5.24,Cancelled
64709,2,2014-11-19,RAV4,33306.15,4.0,Completed
64710,16,2014-11-30,Tacoma,42084.3,6.06,Completed
64711,2,2014-11-30,Tundra,36858.58,4.0,Completed
64712,4,2014-11-28,RAV4,33732.85,3.81,Completed
64713,8,2014-11-22,Camry,37888.34,5.84,Completed
64714,11,2014-11-01,Prius,26120.34,4.16,Completed
64715,9,2014-11-01,Camry,32805.11,4.4,Completed
64716,1,2014-11-22,Corolla,23340.62,5.24,Completed
64717,1,2014-11-28,Corolla,26417.14,5.24,Completed
64718,16,2014-11-10,Highlander,74646.9,6.06,Completed
64719,2,2014-11-15,Tacoma,32514.52,4.0,Completed
64720,7,2014-11-26,Tundra,51450.28,5.39,Completed
64721,11,2014-11-19,Camry,30610.22,4.16,Completed
64722,14,2014-11-07,Tundra,48122.95,5.1,Completed
64723,6,2014-11-04,Prius,23554.28,3.86,Completed
64724,8,2014-11-29,Tundra,53507.71,5.84,Completed
64725,11,2014-11-30,Corolla,24080.37,4.16,Completed
64726,1,2014-11-20,Camry,35227.1,5.24,Completed
64727,13,2014-11-23,Highlander,70776.25,5.61,Completed
64728,12,2014-11-25,Tacoma,47180.57,5.65,Completed
64729,13,2014-11-06,Camry,44130.79,5.61,Completed
64730,2,2014-11-04,Tacoma,30892.8,4.0,Completed
64731,9,2014-11-22,Tundra,41977.21,4.4,Completed
64732,16,2014-11-19,Tundra,50401.99,6.06,Completed
64733,1,2014-11-08,Sienna,40405.24,5.24,Completed
64734,17,2014-11-19,Prius,26081.62,4.51,Completed
64735,18,2014-11-13,Camry,42136.03,5.68,Completed
64736,16,2014-11-06,Prius,35092.67,6.06,Completed
64737,20,2014-11-08,Highlander,65587.85,5.77,Completed
64738,13,2014-11-25,RAV4,52541.71,5.61,Completed
64739,19,2014-11-21,Tacoma,42579.64,5.48,Completed
64740,11,2014-11-13,Corolla,22140.98,4.16,Completed
64741,5,2014-11-01,Highlander,54319.8,5.34,Completed
64742,4,2014-11-24,Tacoma,30785.02,3.81,Completed
64743,7,2014-11-21,Prius,36070.97,5.39,Completed
64744,8,2014-11-05,Sienna,52989.54,5.84,Completed
64745,16,2014-11-21,Camry,42574.24,6.06,Completed
64746,11,2014-11-13,RAV4,33124.08,4.16,Completed
64747,13,2014-11-28,RAV4,48758.66,5.61,Completed
64748,20,2014-11-25,RAV4,44566.45,5.77,Completed
64749,15,2014-11-18,Camry,39564.88,4.86,Completed
64750,10,2014-11-11,RAV4,34770.23,4.88,Completed
64751,5,2014-11-29,Highlander,60915.46,5.34,Completed
64752,13,2014-11-19,RAV4,50445.02,5.61,Completed
64753,6,2014-11-14,RAV4,36886.39,3.86,Completed
64754,15,2014-11-09,Prius,32690.74,4.86,Completed
64755,6,2014-11-30,Highlander,45590.35,3.86,Completed
64756,11,2014-11-13,Corolla,21759.62,4.16,Completed
64757,1,2014-11-28,Prius,30081.47,5.24,Completed
64758,13,2014-11-30,Highlander,68417.53,5.61,Completed
64759,2,2014-11-27,Camry,30702.31,4.0,Completed
64760,14,2014-11-26,RAV4,44561.57,5.1,Completed
64761,1,2014-11-22,Tundra,43112.14,5.24,Completed
64762,12,2014-11-06,Tacoma,47348.11,5.65,Completed
64763,8,2014-11-09,RAV4,49013.25,5.84,Completed
64764,10,2014-11-05,Camry,31172.74,4.88,Completed
64765,15,2014-11-09,RAV4,47835.55,4.86,Completed
64766,14,2014-11-21,RAV4,47947.49,5.1,Completed
64767,6,2014-11-04,Highlander,49508.01,3.86,Completed
64768,19,2014-11-08,Tundra,42791.96,5.48,Completed
64769,12,2014-11-18,Sienna,57323.56,5.65,Completed
64770,17,2014-11-20,Tundra,36381.46,4.51,Completed
64771,10,2014-11-25,Highlander,48528.96,4.88,Completed
64772,1,2014-11-04,RAV4,39222.02,5.24,Completed
64773,5,2014-11-23,Tundra,44462.8,5.34,Completed
64774,19,2014-11-07,Camry,33657.36,5.48,Completed
64775,4,2014-11-19,RAV4,34669.94,3.81,Completed
64776,17,2014-11-30,Camry,27769.81,4.51,Completed
64777,12,2014-11-03,Highlander,72636.17,5.65,Completed
64778,4,2014-11-07,Highlander,42326.07,3.81,Completed
64779,6,2014-11-05,Prius,25761.08,3.86,Completed
64780,6,2014-11-11,RAV4,34929.7,3.86,Completed
64781,16,2014-11-13,Highlander,75671.95,6.06,Completed
64782,17,2014-11-07,Sienna,36350.08,4.51,Completed
64783,13,2014-11-06,Prius,38073.46,5.61,Completed
64784,12,2014-11-18,Sienna,55785.02,5.65,Completed
64785,5,2014-11-09,Camry,37456.76,5.34,Completed
64786,17,2014-11-22,Highlander,45431.68,4.51,Completed
64787,5,2014-11-30,Tacoma,37414.3,5.34,Completed
64788,11,2014-11-08,Camry,28087.47,4.16,Completed
64789,16,2014-11-28,Camry,38878.51,6.06,Completed
64790,13,2014-11-16,Tacoma,42864.38,5.61,Completed
64791,13,2014-11-01,Prius,35279.2,5.61,Completed
64792,8,2014-11-10,Tacoma,42940.68,5.84,Completed
64793,7,2014-11-30,Sienna,48544.65,5.39,Completed
64794,17,2014-11-23,Sienna,40051.73,4.51,Completed
64795,13,2014-11-13,RAV4,46858.9,5.61,Completed
64796,1,2014-11-11,Corolla,22904.57,5.24,Completed
64797,20,2014-11-07,Sienna,53750.59,5.77,Completed
64798,6,2014-11-16,Sienna,35828.19,3.86,Completed
64799,13,2014-11-09,Tacoma,49720.33,5.61,Completed
64800,19,2014-11-26,Highlander,58776.86,5.48,Completed
64801,1,2014-11-09,Sienna,40736.42,5.24,Completed
64802,6,2014-11-20,Prius,24130.55,3.86,Completed
64803,16,2014-11-10,RAV4,52358.34,6.06,Completed
64804,14,2014-11-06,Prius,32565.16,5.1,Completed
64805,13,2014-11-03,Corolla,34588.25,5.61,Completed
64806,3,2014-11-10,Tacoma,47942.72,5.69,Completed
64807,3,2014-11-10,RAV4,47635.71,5.69,Completed
64808,4,2014-11-29,Tundra,36050.64,3.81,Completed
64809,15,2014-11-01,RAV4,46066.26,4.86,Completed
64810,4,2014-11-02,Corolla,19475.3,3.81,Completed
64811,9,2014-11-17,RAV4,34108.67,4.4,Completed
64812,17,2014-11-26,Highlander,49624.78,4.51,Completed
64813,10,2014-11-28,Sienna,40544.45,4.88,Completed
64814,16,2014-11-30,Corolla,28971.26,6.06,Completed
64815,9,2014-11-08,RAV4,38087.4,4.4,Completed
64816,10,2014-11-21,Corolla,22784.49,4.88,Completed
64817,7,2014-11-23,Highlander,72928.0,5.39,Completed
64818,10,2014-11-12,Tundra,42056.89,4.88,Completed
64819,4,2014-11-05,Camry,28894.96,3.81,Completed
64820,20,2014-11-07,Tacoma,43626.41,5.77,Completed
64821,6,2014-11-23,Tacoma,29461.99,3.86,Completed
64822,18,2014-11-05,Tacoma,43306.36,5.68,Completed
64823,2,2014-11-21,Camry,33902.92,4.0,Completed
64824,10,2014-11-13,Sienna,40661.37,4.88,Completed
64825,17,2014-11-28,Tacoma,29937.64,4.51,Completed
64826,7,2014-11-15,Prius,34151.27,5.39,Completed
64827,5,2014-11-16,Prius,29367.39,5.34,Completed
64828,3,2014-11-04,Highlander,66529.16,5.69,Completed
64829,14,2014-11-11,Sienna,48363.86,5.1,Completed
64830,20,2014-11-05,RAV4,45778.57,5.77,Completed
64831,3,2014-11-01,Sienna,56797.68,5.69,Completed
64832,18,2014-11-19,RAV4,53449.61,5.68,Completed
64833,15,2014-11-20,Camry,37672.2,4.86,Completed
64834,19,2014-11-01,Sienna,45764.75,5.48,Pending
64835,16,2014-11-03,Corolla,31972.78,6.06,Completed
64836,16,2014-11-16,Tundra,49744.42,6.06,Completed
64837,12,2014-11-06,RAV4,49923.85,5.65,Completed
64838,10,2014-11-22,Sienna,37505.36,4.88,Completed
64839,16,2014-11-17,Tacoma,49992.02,6.06,Completed
64840,15,2014-11-03,Corolla,27457.36,4.86,Completed
64841,18,2014-11-26,Sienna,61065.92,5.68,Completed
64842,7,2014-11-13,Tundra,50331.03,5.39,Completed
64843,4,2014-11-21,Tacoma,32088.01,3.81,Completed
64844,9,2014-11-23,Highlander,45771.68,4.4,Completed
64845,12,2014-11-29,RAV4,49679.35,5.65,Completed
64846,2,2014-11-24,Camry,30785.6,4.0,Completed
64847,8,2014-11-14,Tundra,53617.14,5.84,Completed
64848,17,2014-11-26,Highlander,47212.08,4.51,Completed
64849,18,2014-11-23,Highlander,66523.24,5.68,Completed
64850,11,2014-11-09,Tacoma,32381.34,4.16,Completed
64851,14,2014-11-18,Corolla,30716.37,5.1,Completed
64852,20,2014-11-03,Corolla,32200.74,5.77,Completed
64853,11,2014-11-07,Tacoma,33339.34,4.16,Completed
64854,15,2014-11-09,Tundra,48331.77,4.86,Completed
64855,9,2014-11-25,Tacoma,29986.04,4.4,Completed
64856,2,2014-11-30,Highlander,55365.17,4.0,Completed
64857,16,2014-11-24,Tacoma,48741.71,6.06,Completed
64858,9,2014-11-14,Camry,32939.97,4.4,Completed
64859,13,2014-11-25,Tacoma,50679.74,5.61,Completed
64860,8,2014-11-25,Prius,31205.35,5.84,Completed
64861,16,2014-11-09,Highlander,72030.04,6.06,Completed
64862,5,2014-11-22,RAV4,41337.97,5.34,Pending
64863,1,2014-11-16,Tundra,48513.61,5.24,Completed
64864,18,2014-11-07,Corolla,29961.69,5.68,Completed
64865,20,2014-11-12,Corolla,28979.79,5.77,Completed
64866,14,2014-11-17,Corolla,30847.5,5.1,Completed
64867,18,2014-11-09,Corolla,32731.89,5.68,Completed
64868,20,2014-11-29,Camry,40172.09,5.77,Completed
64869,3,2014-11-09,Corolla,34353.5,5.69,Completed
64870,16,2014-11-12,Corolla,33840.06,6.06,Completed
64871,17,2014-11-01,Tacoma,29093.19,4.51,Completed
64872,19,2014-11-28,Corolla,29040.71,5.48,Completed
64873,6,2014-11-09,Prius,23816.22,3.86,Pending
64874,9,2014-11-07,Sienna,37468.92,4.4,Completed
64875,9,2014-11-10,Camry,31181.98,4.4,Completed
64876,2,2014-11-23,Prius,28176.4,4.0,Completed
64877,16,2014-11-30,RAV4,54183.01,6.06,Pending
64878,7,2014-11-04,Highlander,73402.23,5.39,Completed
64879,5,2014-11-08,Tacoma,35170.22,5.34,Completed
64880,19,2014-11-19,RAV4,45080.15,5.48,Completed
64881,20,2014-11-19,RAV4,52142.06,5.77,Completed
64882,15,2014-11-09,Highlander,68405.47,4.86,Pending
64883,13,2014-11-30,Tundra,49910.56,5.61,Pending
64884,6,2014-11-20,Tacoma,31822.87,3.86,Completed
64885,1,2014-11-15,Camry,32968.04,5.24,Completed
64886,8,2014-11-07,Camry,39019.04,5.84,Pending
64887,8,2014-11-18,Tundra,51630.81,5.84,Completed
64888,14,2014-11-30,RAV4,44725.9,5.1,Completed
64889,15,2014-11-27,RAV4,47829.82,4.86,Completed
64890,10,2014-11-02,RAV4,35478.18,4.88,Completed
64891,12,2014-11-29,Prius,32942.96,5.65,Completed
64892,16,2014-11-10,Highlander,73159.64,6.06,Completed
64893,18,2014-11-02,Tacoma,48335.18,5.68,Completed
64894,20,2014-11-14,Prius,36172.44,5.77,Cancelled
64895,15,2014-11-04,Prius,36945.76,4.86,Completed
64896,14,2014-11-30,RAV4,49263.36,5.1,Completed
64897,13,2014-11-04,Corolla,33888.28,5.61,Completed
64898,3,2014-11-10,Prius,37279.12,5.69,Completed
64899,5,2014-11-16,Highlander,58197.94,5.34,Completed
64900,6,2014-11-06,Tacoma,33329.33,3.86,Completed
64901,13,2014-11-15,Prius,37244.72,5.61,Completed
64902,9,2014-11-29,Prius,23158.54,4.4,Completed
64903,2,2014-11-05,Prius,26399.17,4.0,Completed
64904,3,2014-11-12,RAV4,49486.12,5.69,Completed
64905,17,2014-11-26,Tacoma,33397.36,4.51,Completed
64906,17,2014-11-06,RAV4,33433.37,4.51,Completed
64907,16,2014-11-30,Camry,40787.57,6.06,Completed
64908,3,2014-11-09,Prius,32314.06,5.69,Completed
64909,10,2014-11-14,Prius,26027.37,4.88,Completed
64910,5,2014-11-24,Highlander,57867.71,5.34,Pending
64911,1,2014-11-14,Highlander,54051.55,5.24,Pending
64912,19,2014-11-04,Prius,28779.91,5.48,Completed
64913,4,2014-11-19,Camry,29018.88,3.81,Completed
64914,2,2014-11-29,Camry,29980.3,4.0,Completed
64915,16,2014-11-19,Highlander,71175.85,6.06,Completed
64916,16,2014-11-07,Corolla,29119.98,6.06,Completed
64917,16,2014-11-30,Highlander,72976.66,6.06,Completed
64918,11,2014-11-29,Camry,27642.03,4.16,Completed
64919,10,2014-11-14,Corolla,20645.62,4.88,Completed
64920,18,2014-11-28,Sienna,59969.74,5.68,Completed
64921,10,2014-11-11,Corolla,21096.42,4.88,Completed
64922,3,2014-11-28,Camry,46179.95,5.69,Completed
64923,9,2014-11-21,Tundra,35884.7,4.4,Completed
64924,17,2014-11-09,Corolla,19201.33,4.51,Completed
64925,2,2014-11-04,Prius,23922.24,4.0,Completed
64926,7,2014-11-21,Prius,35542.74,5.39,Completed
64927,19,2014-11-25,Highlander,55499.49,5.48,Completed
64928,19,2014-11-11,Tacoma,38607.61,5.48,Completed
64929,15,2014-11-02,Tundra,48582.0,4.86,Completed
64930,11,2014-11-12,Prius,24188.38,4.16,Completed
64931,15,2014-11-14,Corolla,30999.22,4.86,Completed
64932,9,2014-11-28,Camry,27191.48,4.4,Completed
64933,1,2014-11-05,Highlander,57498.8,5.24,Completed
64934,13,2014-11-12,Tacoma,47121.71,5.61,Pending
64935,12,2014-11-28,Sienna,51152.12,5.65,Completed
64936,8,2014-11-28,Tacoma,41633.49,5.84,Completed
64937,18,2014-11-26,Corolla,35080.15,5.68,Completed
64938,12,2014-11-17,Tundra,55733.17,5.65,Completed
64939,19,2014-11-30,Camry,39068.89,5.48,Completed
64940,5,2014-11-17,Corolla,27664.63,5.34,Completed
64941,11,2014-11-29,Tundra,39534.48,4.16,Completed
64942,6,2014-11-15,Sienna,37189.93,3.86,Completed
64943,10,2014-11-11,Tacoma,32917.44,4.88,Completed
64944,13,2014-11-08,RAV4,51619.33,5.61,Completed
64945,1,2014-11-23,Highlander,52685.01,5.24,Completed
64946,11,2014-11-29,Sienna,35077.46,4.16,Completed
64947,20,2014-11-18,Sienna,55700.14,5.77,Completed
64948,13,2014-11-02,Camry,38930.63,5.61,Completed
64949,17,2014-11-09,Highlander,50489.2,4.51,Completed
64950,6,2014-11-30,Tacoma,29248.87,3.86,Completed
64951,10,2014-11-09,Sienna,37311.45,4.88,Completed
64952,1,2014-11-06,Corolla,22823.39,5.24,Pending
64953,11,2014-11-01,Highlander,48735.63,4.16,Completed
64954,2,2014-11-28,Tundra,40593.37,4.0,Completed
64955,14,2014-11-02,RAV4,50160.89,5.1,Completed
64956,10,2014-11-07,Sienna,41312.7,4.88,Completed
64957,14,2014-11-24,Tundra,47909.0,5.1,Completed
64958,6,2014-11-16,Tundra,41197.26,3.86,Completed
64959,17,2014-11-12,Prius,24012.9,4.51,Completed
64960,9,2014-11-15,Tundra,37680.37,4.4,Completed
64961,13,2014-11-01,Tundra,55130.23,5.61,Completed
64962,1,2014-11-27,Tacoma,34929.55,5.24,Completed
64963,17,2014-11-19,Camry,31230.45,4.51,Completed
64964,3,2014-11-09,Tacoma,50580.59,5.69,Completed
64965,2,2014-11-28,Highlander,54401.53,4.0,Completed
64966,9,2014-11-04,RAV4,37755.35,4.4,Completed
64967,3,2014-11-14,Camry,38738.48,5.69,Completed
64968,6,2014-11-23,Tundra,34522.52,3.86,Completed
64969,20,2014-11-01,Tacoma,48883.91,5.77,Completed
64970,8,2014-11-24,Prius,35678.5,5.84,Completed
64971,6,2014-11-07,Camry,27628.2,3.86,Completed
64972,10,2014-11-02,Prius,23282.51,4.88,Completed
64973,2,2014-11-22,Highlander,53784.94,4.0,Completed
64974,20,2014-11-21,Highlander,67715.76,5.77,Completed
64975,8,2014-11-23,Prius,31035.67,5.84,Completed
64976,15,2014-11-05,Tundra,55701.54,4.86,Completed
64977,3,2014-11-28,Sienna,51433.94,5.69,Completed
64978,10,2014-11-27,Tacoma,32578.33,4.88,Completed
64979,11,2014-11-08,Sienna,35225.78,4.16,Pending
64980,7,2014-11-27,Tundra,49655.59,5.39,Completed
64981,9,2014-11-15,Tacoma,32041.5,4.4,Completed
64982,2,2014-11-19,Highlander,53924.45,4.0,Completed
64983,6,2014-11-02,Highlander,52376.56,3.86,Completed
64984,4,2014-11-18,Tacoma,33742.91,3.81,Completed
64985,17,2014-11-10,Camry,29972.8,4.51,Completed
64986,7,2014-11-03,RAV4,46118.73,5.39,Completed
64987,19,2014-11-29,Tacoma,39144.05,5.48,Completed
64988,20,2014-11-15,Tundra,51419.46,5.77,Completed
64989,8,2014-11-15,Sienna,50356.96,5.84,Completed
64990,12,2014-11-23,Tundra,53491.92,5.65,Completed
64991,5,2014-11-13,Camry,35033.5,5.34,Completed
64992,7,2014-11-22,Corolla,29928.74,5.39,Completed
64993,16,2014-11-18,Tundra,51449.58,6.06,Completed
64994,3,2014-11-04,Corolla,30453.0,5.69,Completed
64995,2,2014-11-04,Sienna,39961.17,4.0,Completed
64996,17,2014-11-06,Tundra,34363.33,4.51,Completed
64997,16,2014-11-05,Highlander,72477.09,6.06,Completed
64998,15,2014-11-25,RAV4,46360.45,4.86,Completed
64999,6,2014-11-16,Sienna,38088.17,3.86,Completed
65000,8,2014-11-29,Sienna,47619.65,5.84,Completed
65001,9,2014-11-25,Tundra,42084.84,4.4,Completed
65002,20,2014-11-30,RAV4,51261.0,5.77,Completed
65003,7,2014-11-23,Sienna,55928.07,5.39,Completed
65004,13,2014-11-11,Highlander,75417.44,5.61,Completed
65005,5,2014-11-11,Highlander,56301.33,5.34,Completed
65006,1,2014-11-09,Prius,27219.71,5.24,Completed
65007,7,2014-11-27,Tundra,50684.31,5.39,Completed
65008,20,2014-11-01,Highlander,66309.9,5.77,Completed
65009,20,2014-11-17,Tundra,50362.92,5.77,Completed
65010,20,2014-11-01,Highlander,72676.23,5.77,Completed
65011,14,2014-11-29,RAV4,48208.83,5.1,Completed
65012,9,2014-11-29,Tacoma,29454.57,4.4,Completed
65013,14,2014-11-07,RAV4,49356.8,5.1,Completed
65014,7,2014-11-24,Highlander,66380.42,5.39,Completed
65015,14,2014-11-08,Highlander,69006.98,5.1,Completed
65016,9,2014-11-26,Tundra,35316.26,4.4,Completed
65017,16,2014-11-01,Camry,46056.67,6.06,Completed
65018,9,2014-11-15,Tacoma,34743.89,4.4,Completed
65019,1,2014-11-25,Sienna,44583.67,5.24,Completed
65020,8,2014-11-07,Camry,43842.21,5.84,Completed
65021,3,2014-11-25,Tacoma,42953.31,5.69,Completed
65022,1,2014-11-17,Tundra,46999.43,5.24,Completed
65023,3,2014-11-05,Sienna,57151.94,5.69,Completed
65024,7,2014-11-26,Tacoma,41418.44,5.39,Completed
65025,13,2014-11-12,Tacoma,48602.45,5.61,Completed
65026,16,2014-11-30,Prius,33013.35,6.06,Completed
65027,13,2014-11-17,Tundra,59774.7,5.61,Completed
65028,18,2014-11-15,Sienna,61117.22,5.68,Cancelled
65029,7,2014-11-04,Prius,32294.42,5.39,Completed
65030,9,2014-11-14,Highlander,49573.57,4.4,Completed
65031,3,2014-11-14,Corolla,31761.59,5.69,Completed
65032,17,2014-11-11,Tundra,33833.22,4.51,Completed
65033,14,2014-11-23,Corolla,28482.1,5.1,Completed
65034,6,2014-11-07,Corolla,21911.44,3.86,Completed
65035,4,2014-11-16,Corolla,21169.67,3.81,Completed
65036,5,2014-11-22,Highlander,59334.74,5.34,Completed
65037,20,2014-11-23,Highlander,68951.43,5.77,Completed
65038,15,2014-11-06,Sienna,53551.56,4.86,Completed
65039,5,2014-11-20,Sienna,40910.3,5.34,Completed
65040,17,2014-11-08,Prius,25504.65,4.51,Completed
65041,3,2014-11-26,Sienna,52588.96,5.69,Completed
65042,20,2014-11-23,RAV4,44458.13,5.77,Completed
65043,2,2014-11-14,Sienna,40002.53,4.0,Completed
65044,4,2014-11-05,Prius,21912.85,3.81,Completed
65045,14,2014-11-30,Highlander,59683.88,5.1,Completed
65046,6,2014-11-25,Corolla,19740.93,3.86,Completed
65047,2,2014-11-02,Sienna,42099.41,4.0,Completed
65048,7,2014-11-29,Tundra,54124.97,5.39,Completed
65049,3,2014-11-14,Corolla,31701.36,5.69,Completed
65050,10,2014-11-20,Tundra,38888.18,4.88,Pending
65051,14,2014-11-15,Tundra,51455.13,5.1,Completed
65052,17,2014-11-24,Highlander,49466.0,4.51,Completed
65053,1,2014-11-17,Tundra,40649.71,5.24,Completed
65054,17,2014-11-14,RAV4,30618.26,4.51,Completed
65055,16,2014-11-11,Tundra,57291.03,6.06,Completed
65056,6,2014-11-03,Tacoma,32323.38,3.86,Completed
65057,5,2014-11-17,Highlander,54363.76,5.34,Pending
65058,12,2014-11-21,Camry,44493.08,5.65,Completed
65059,16,2014-11-23,Corolla,29004.05,6.06,Completed
65060,18,2014-11-19,Camry,42089.31,5.68,Pending
65061,4,2014-11-07,Camry,29814.08,3.81,Completed
65062,9,2014-11-29,Camry,31066.11,4.4,Completed
65063,4,2014-11-12,Prius,22145.46,3.81,Completed
65064,12,2014-11-07,Camry,42795.0,5.65,Completed
65065,9,2014-11-22,Sienna,40304.33,4.4,Completed
65066,12,2014-11-21,Camry,40609.61,5.65,Completed
65067,20,2014-11-18,Tundra,49160.44,5.77,Completed
65068,10,2014-11-12,Sienna,42329.68,4.88,Pending
65069,1,2014-11-14,Corolla,23425.02,5.24,Completed
65070,1,2014-11-02,Camry,31528.28,5.24,Cancelled
65071,4,2014-11-24,Tundra,33600.19,3.81,Completed
65072,6,2014-11-25,Tacoma,28629.6,3.86,Completed
65073,4,2014-11-16,Tundra,36384.8,3.81,Completed
65074,17,2014-11-30,Tacoma,30917.95,4.51,Completed
65075,20,2014-11-16,RAV4,51897.41,5.77,Completed
65076,13,2014-11-04,Tundra,54311.46,5.61,Completed
65077,11,2014-11-27,Corolla,21159.95,4.16,Completed
65078,17,2014-11-08,RAV4,35001.2,4.51,Completed
65079,1,2014-11-26,Tacoma,38641.99,5.24,Completed
65080,15,2014-11-10,Camry,44193.0,4.86,Completed
65081,6,2014-11-24,Prius,26038.03,3.86,Completed
65082,12,2014-11-24,Tundra,53368.27,5.65,Completed
65083,17,2014-11-11,Tacoma,30047.6,4.51,Completed
65084,3,2014-11-21,Highlander,65155.29,5.69,Pending
65085,6,2014-11-11,Sienna,39844.59,3.86,Completed
65086,12,2014-11-08,Sienna,56964.65,5.65,Completed
65087,1,2014-11-09,Corolla,24009.1,5.24,Completed
65088,12,2014-11-02,Camry,39934.94,5.65,Completed
65089,14,2014-11-12,Camry,36810.4,5.1,Completed
65090,5,2014-11-18,Corolla,27560.49,5.34,Completed
65091,1,2014-11-09,RAV4,41946.05,5.24,Completed
65092,5,2014-11-23,Tacoma,40748.4,5.34,Completed
65093,13,2014-11-05,Tacoma,45000.12,5.61,Completed
65094,15,2014-11-17,Corolla,29991.0,4.86,Completed
65095,16,2014-11-27,Prius,37173.56,6.06,Completed
65096,20,2014-11-16,RAV4,44213.45,5.77,Completed
65097,10,2014-11-11,Highlander,53146.47,4.88,Completed
65098,13,2014-11-19,Corolla,30743.73,5.61,Completed
65099,19,2014-11-13,Sienna,50041.21,5.48,Completed
65100,12,2014-11-04,RAV4,43987.34,5.65,Completed
65101,12,2014-11-04,Tundra,54116.32,5.65,Completed
65102,13,2014-11-04,Tundra,50518.94,5.61,Completed
65103,8,2014-11-01,Corolla,27339.46,5.84,Completed
65104,6,2014-11-12,RAV4,33155.32,3.86,Completed
65105,12,2014-11-10,Prius,35338.97,5.65,Completed
65106,15,2014-11-29,Corolla,27560.76,4.86,Completed
65107,15,2014-11-05,Tacoma,43926.59,4.86,Completed
65108,16,2014-11-13,Sienna,59677.61,6.06,Completed
65109,19,2014-11-04,Camry,36970.82,5.48,Completed
65110,3,2014-11-22,Highlander,65351.92,5.69,Completed
65111,20,2014-11-12,Camry,42870.55,5.77,Completed
65112,14,2014-11-01,Camry,40071.12,5.1,Completed
65113,3,2014-11-11,Prius,34011.26,5.69,Completed
65114,4,2014-11-23,Tundra,35765.89,3.81,Completed
65115,1,2014-11-15,Prius,30662.31,5.24,Completed
65116,15,2014-11-02,RAV4,47392.52,4.86,Completed
65117,15,2014-11-01,Tacoma,42472.68,4.86,Pending
65118,8,2014-11-22,Camry,42124.62,5.84,Completed
65119,2,2014-11-10,Sienna,44510.5,4.0,Completed
65120,9,2014-11-01,Tacoma,34551.41,4.4,Completed
65121,18,2014-11-25,Tacoma,45357.54,5.68,Completed
65122,13,2014-11-27,RAV4,48864.47,5.61,Completed
65123,18,2014-11-12,Camry,48372.27,5.68,Completed
65124,3,2014-11-14,Sienna,52864.51,5.69,Completed
65125,8,2014-11-23,Camry,37337.29,5.84,Completed
65126,7,2014-11-05,Tacoma,48404.19,5.39,Completed
65127,11,2014-11-18,Prius,25250.47,4.16,Completed
65128,18,2014-11-15,Prius,36606.13,5.68,Completed
65129,3,2014-11-08,Tundra,54240.58,5.69,Completed
65130,8,2014-11-26,RAV4,44288.15,5.84,Completed
65131,16,2014-11-24,RAV4,49088.03,6.06,Completed
65132,16,2014-11-24,Sienna,53544.08,6.06,Completed
65133,8,2014-11-14,Camry,43404.2,5.84,Completed
65134,12,2014-11-02,Tundra,50796.23,5.65,Completed
65135,2,2014-11-19,RAV4,35049.62,4.0,Completed
65136,9,2014-11-01,RAV4,37749.43,4.4,Completed
65137,8,2014-11-20,Tundra,56045.94,5.84,Completed
65138,9,2014-11-12,RAV4,31804.49,4.4,Completed
65139,1,2014-11-05,RAV4,37464.41,5.24,Pending
65140,19,2014-11-15,Sienna,44904.19,5.48,Completed
65141,19,2014-11-11,Highlander,52997.53,5.48,Completed
65142,13,2014-11-11,Corolla,32071.8,5.61,Completed
65143,1,2014-11-22,Camry,37110.61,5.24,Completed
65144,5,2014-11-07,Tundra,47119.04,5.34,Completed
65145,9,2014-11-29,RAV4,36536.48,4.4,Completed
65146,10,2014-11-13,Camry,32276.55,4.88,Completed
65147,6,2014-11-12,Prius,22890.66,3.86,Completed
65148,1,2014-11-27,Prius,29624.56,5.24,Completed
65149,1,2014-11-04,Highlander,58158.22,5.24,Completed
65150,7,2014-11-28,Corolla,33855.74,5.39,Pending
65151,12,2014-11-23,Corolla,29609.47,5.65,Completed
65152,9,2014-11-15,Highlander,47824.5,4.4,Completed
65153,12,2014-11-03,Highlander,63299.49,5.65,Completed
65154,7,2014-11-04,Highlander,74922.51,5.39,Completed
65155,17,2014-11-28,Tundra,33578.65,4.51,Completed
65156,19,2014-11-17,Prius,28677.92,5.48,Completed
65157,4,2014-11-09,Prius,21652.77,3.81,Completed
65158,1,2014-11-09,Sienna,40859.03,5.24,Completed
65159,19,2014-11-19,Prius,30118.19,5.48,Completed
65160,18,2014-11-18,Prius,34374.83,5.68,Completed
65161,4,2014-11-25,Prius,25731.07,3.81,Completed
65162,19,2014-11-24,Sienna,42595.39,5.48,Completed
65163,10,2014-11-01,Sienna,39224.36,4.88,Completed
65164,16,2014-11-11,Corolla,33607.32,6.06,Completed
65165,20,2014-11-21,Camry,37653.18,5.77,Completed
65166,19,2014-11-22,Tacoma,39660.66,5.48,Completed
65167,2,2014-11-28,Corolla,21700.36,4.0,Completed
65168,18,2014-11-11,Prius,34910.62,5.68,Completed
65169,9,2014-11-04,Tundra,37122.09,4.4,Completed
65170,9,2014-11-30,Tacoma,34015.33,4.4,Completed
65171,5,2014-11-30,Prius,28101.43,5.34,Completed
65172,4,2014-11-06,Sienna,35850.05,3.81,Completed
65173,16,2014-11-21,Camry,44082.54,6.06,Completed
65174,4,2014-11-11,Camry,26798.8,3.81,Completed
65175,11,2014-11-04,Tacoma,33702.64,4.16,Completed
65176,15,2014-11-23,Tacoma,40119.46,4.86,Completed
65177,18,2014-11-05,Sienna,61192.72,5.68,Completed
65178,10,2014-11-05,RAV4,36793.17,4.88,Completed
65179,4,2014-11-06,Tacoma,32360.97,3.81,Completed
65180,5,2014-11-02,Tundra,42735.25,5.34,Completed
65181,9,2014-11-25,Corolla,22645.98,4.4,Pending
65182,6,2014-11-13,Tacoma,30226.37,3.86,Completed
65183,13,2014-11-19,Prius,34239.31,5.61,Completed
65184,9,2014-11-22,Tacoma,34310.37,4.4,Completed
65185,19,2014-11-08,Camry,35171.61,5.48,Completed
65186,1,2014-11-28,RAV4,43910.48,5.24,Completed
65187,10,2014-11-29,Tacoma,32773.25,4.88,Completed
65188,18,2014-11-02,Sienna,57198.89,5.68,Completed
65189,8,2014-11-09,Highlander,64128.35,5.84,Completed
65190,10,2014-11-22,Camry,33515.72,4.88,Completed
65191,1,2014-11-21,RAV4,42422.03,5.24,Completed
65192,12,2014-11-19,Camry,43554.66,5.65,Completed
65193,10,2014-11-24,Tacoma,35864.91,4.88,Completed
65194,11,2014-11-06,Tundra,39102.11,4.16,Completed
65195,17,2014-11-14,Highlander,45770.49,4.51,Completed
65196,11,2014-11-06,RAV4,38542.6,4.16,Completed
65197,11,2014-11-30,Tacoma,30474.89,4.16,Completed
65198,5,2014-11-24,Tundra,42207.85,5.34,Completed
65199,16,2014-11-20,Corolla,30855.12,6.06,Completed
65200,20,2014-11-06,Corolla,31402.96,5.77,Cancelled
65201,9,2014-11-16,Prius,26122.11,4.4,Completed
65202,17,2014-11-17,Prius,25169.33,4.51,Completed
65203,9,2014-11-30,Prius,26529.32,4.4,Completed
65204,5,2014-11-18,Highlander,60305.87,5.34,Completed
65205,17,2014-11-18,Sienna,35937.85,4.51,Completed
65206,10,2014-11-25,Tundra,40295.61,4.88,Completed
65207,4,2014-11-11,Camry,30262.77,3.81,Completed
65208,16,2014-11-20,RAV4,52250.64,6.06,Completed
65209,19,2014-11-13,RAV4,45303.61,5.48,Completed
65210,14,2014-11-27,Camry,37028.16,5.1,Completed
65211,5,2014-11-15,Highlander,56593.87,5.34,Completed
65212,12,2014-11-03,Camry,38039.45,5.65,Completed
65213,8,2014-11-17,Sienna,52768.68,5.84,Completed
65214,1,2014-11-19,Sienna,40024.32,5.24,Completed
65215,10,2014-11-20,Tacoma,30675.55,4.88,Completed
65216,15,2014-11-02,Camry,43797.17,4.86,Completed
65217,17,2014-11-21,Highlander,49252.52,4.51,Completed
65218,2,2014-11-13,Camry,30494.17,4.0,Completed
65219,14,2014-11-02,Prius,31112.6,5.1,Completed
65220,13,2014-11-03,Prius,38292.07,5.61,Completed
65221,5,2014-11-29,Camry,33614.59,5.34,Completed
65222,20,2014-11-30,Tundra,53312.6,5.77,Completed
65223,4,2014-11-04,Tundra,39718.62,3.81,Completed
65224,9,2014-11-20,Camry,27854.45,4.4,Completed
65225,19,2014-11-13,Tacoma,36130.03,5.48,Completed
65226,7,2014-11-13,Prius,34256.27,5.39,Completed
65227,9,2014-11-23,Sienna,37353.34,4.4,Completed
65228,18,2014-11-15,Camry,40235.47,5.68,Completed
65229,13,2014-11-06,Tacoma,42200.38,5.61,Completed
65230,17,2014-11-04,RAV4,33527.63,4.51,Completed
65231,18,2014-11-27,Corolla,33236.17,5.68,Completed
65232,7,2014-11-16,Highlander,72551.89,5.39,Completed
65233,16,2014-11-26,Camry,38975.45,6.06,Completed
65234,19,2014-11-26,Sienna,45503.89,5.48,Completed
65235,9,2014-11-21,Sienna,39200.36,4.4,Completed
65236,1,2014-11-25,RAV4,39816.54,5.24,Completed
65237,5,2014-11-04,Camry,33059.21,5.34,Completed
65238,1,2014-11-07,Sienna,39785.19,5.24,Completed
65239,8,2014-11-21,Sienna,50495.09,5.84,Completed
65240,19,2014-11-26,Tundra,44261.54,5.48,Completed
65241,19,2014-11-09,Camry,36225.6,5.48,Completed
65242,9,2014-11-29,Corolla,21097.58,4.4,Completed
65243,13,2014-11-23,Highlander,72501.29,5.61,Completed
65244,7,2014-11-20,Prius,35071.78,5.39,Pending
65245,20,2014-11-20,Camry,44985.13,5.77,Completed
65246,15,2014-11-27,Highlander,65161.06,4.86,Completed
65247,3,2014-11-10,Highlander,64607.81,5.69,Completed
65248,14,2014-11-30,Highlander,58411.38,5.1,Completed
65249,8,2014-11-22,Camry,40219.62,5.84,Completed
65250,3,2014-11-08,RAV4,49273.04,5.69,Completed
65251,8,2014-11-12,Corolla,29605.8,5.84,Completed
65252,10,2014-11-02,Prius,27892.58,4.88,Completed
65253,3,2014-11-23,Sienna,60083.11,5.69,Completed
65254,1,2014-11-16,RAV4,39473.5,5.24,Completed
65255,1,2014-11-17,Corolla,23892.38,5.24,Completed
65256,15,2014-11-15,Prius,30981.88,4.86,Completed
65257,16,2014-11-11,Corolla,32294.86,6.06,Completed
65258,12,2014-11-12,Tundra,55113.8,5.65,Completed
65259,19,2014-11-18,Sienna,49682.4,5.48,Completed
65260,7,2014-11-19,RAV4,51189.85,5.39,Completed
65261,16,2014-11-06,Prius,35490.13,6.06,Completed
65262,15,2014-11-30,Tundra,54830.51,4.86,Completed
65263,13,2014-11-08,RAV4,48712.29,5.61,Completed
65264,5,2014-11-19,Prius,31229.45,5.34,Completed
65265,6,2014-11-05,Camry,29643.71,3.86,Completed
65266,17,2014-11-25,RAV4,31085.46,4.51,Completed
65267,9,2014-11-21,Corolla,20261.68,4.4,Completed
65268,9,2014-11-19,RAV4,31630.06,4.4,Completed
65269,17,2014-11-05,Corolla,19977.46,4.51,Completed
65270,12,2014-11-25,Corolla,29421.4,5.65,Completed
65271,11,2014-11-17,Tacoma,35242.95,4.16,Completed
65272,4,2014-11-23,Tundra,36526.21,3.81,Completed
65273,2,2014-11-05,Prius,24875.29,4.0,Completed
65274,20,2014-11-11,Corolla,29689.36,5.77,Completed
65275,13,2014-11-04,RAV4,54475.28,5.61,Completed
65276,6,2014-11-15,Corolla,21952.48,3.86,Completed
65277,17,2014-11-18,Highlander,43219.08,4.51,Completed
65278,4,2014-11-16,Corolla,22936.31,3.81,Completed
65279,1,2014-11-30,Sienna,40818.08,5.24,Completed
65280,16,2014-11-02,Prius,33167.41,6.06,Completed
65281,6,2014-11-06,Sienna,34570.47,3.86,Completed
65282,1,2014-11-01,Tundra,44685.02,5.24,Completed
65283,9,2014-11-30,Tacoma,35416.92,4.4,Pending
65284,7,2014-11-29,Highlander,67847.91,5.39,Completed
65285,3,2014-11-25,RAV4,53680.26,5.69,Completed
65286,8,2014-11-13,Camry,39712.41,5.84,Completed
65287,3,2014-11-21,Highlander,76956.07,5.69,Completed
65288,14,2014-11-06,Sienna,54223.39,5.1,Cancelled
65289,19,2014-11-26,Sienna,47184.91,5.48,Completed
65290,12,2014-11-17,Tundra,53281.61,5.65,Completed
65291,4,2014-11-21,Corolla,22609.17,3.81,Completed
65292,18,2014-11-24,Tundra,54306.13,5.68,Completed
65293,4,2014-11-09,RAV4,31538.29,3.81,Completed
65294,18,2014-11-25,Prius,38150.43,5.68,Completed
65295,10,2014-11-16,Camry,30739.29,4.88,Completed
65296,8,2014-11-09,Highlander,62000.6,5.84,Completed
65297,12,2014-11-11,Sienna,48231.73,5.65,Completed
65298,4,2014-11-21,Tundra,33154.58,3.81,Completed
65299,5,2014-11-06,Camry,36017.88,5.34,Completed
65300,2,2014-11-13,Sienna,39750.69,4.0,Completed
65301,6,2014-11-18,Camry,31507.71,3.86,Completed
65302,2,2014-11-18,Corolla,21837.08,4.0,Completed
65303,7,2014-11-22,RAV4,51949.69,5.39,Completed
65304,1,2014-11-16,Camry,35018.87,5.24,Completed
65305,2,2014-11-29,Prius,24705.55,4.0,Completed
65306,11,2014-11-22,Corolla,22760.67,4.16,Completed
65307,5,2014-11-03,Sienna,40608.88,5.34,Completed
65308,10,2014-11-08,Highlander,49993.97,4.88,Completed
65309,18,2014-11-23,Tundra,62573.98,5.68,Completed
65310,8,2014-11-13,Tundra,56230.82,5.84,Completed
65311,19,2014-11-06,Camry,39277.88,5.48,Completed
65312,14,2014-11-01,Highlander,64170.26,5.1,Completed
65313,4,2014-11-26,Prius,21669.2,3.81,Completed
65314,2,2014-11-13,RAV4,39543.29,4.0,Pending
65315,17,2014-11-17,Corolla,20312.69,4.51,Completed
65316,5,2014-11-22,Highlander,52998.32,5.34,Completed
65317,16,2014-11-20,Corolla,32678.8,6.06,Completed
65318,9,2014-11-02,Tundra,38748.07,4.4,Pending
65319,10,2014-11-16,Tacoma,32454.6,4.88,Completed
65320,10,2014-11-04,Highlander,52184.92,4.88,Completed
65321,2,2014-11-16,Camry,30494.84,4.0,Completed
65322,9,2014-11-08,Camry,28650.87,4.4,Completed
65323,18,2014-11-04,Camry,40954.43,5.68,Completed
65324,10,2014-11-30,RAV4,36443.53,4.88,Completed
65325,20,2014-11-24,Camry,40959.43,5.77,Completed
65326,11,2014-11-13,Tundra,39423.5,4.16,Completed
65327,3,2014-11-26,Highlander,76700.29,5.69,Completed
65328,8,2014-11-29,RAV4,52641.83,5.84,Completed
65329,6,2014-11-09,Tacoma,34588.72,3.86,Completed
65330,20,2014-11-24,Sienna,50400.54,5.77,Completed
65331,18,2014-11-15,RAV4,53124.41,5.68,Completed
65332,7,2014-11-23,Prius,37787.57,5.39,Completed
65333,2,2014-11-25,Highlander,52498.6,4.0,Completed
65334,17,2014-11-26,Highlander,47635.26,4.51,Completed
65335,18,2014-11-17,Tundra,55692.65,5.68,Completed
65336,20,2014-11-02,Corolla,30085.06,5.77,Completed
65337,15,2014-11-13,Highlander,70780.75,4.86,Completed
65338,1,2014-11-10,Tacoma,37731.48,5.24,Completed
65339,12,2014-11-20,Tacoma,41878.69,5.65,Completed
65340,15,2014-11-02,Corolla,31064.31,4.86,Pending
65341,14,2014-11-06,Camry,40466.66,5.1,Completed
65342,3,2014-11-16,RAV4,50980.32,5.69,Completed
65343,13,2014-11-03,Corolla,33447.64,5.61,Completed
65344,12,2014-11-23,Prius,31759.18,5.65,Completed
65345,6,2014-11-07,Camry,30322.5,3.86,Completed
65346,11,2014-11-22,Tacoma,35608.34,4.16,Completed
65347,12,2014-11-14,Tacoma,42038.66,5.65,Completed
65348,7,2014-11-01,Camry,46053.6,5.39,Completed
65349,16,2014-11-26,Sienna,58555.93,6.06,Completed
65350,14,2014-11-25,Prius,29974.25,5.1,Completed
65351,5,2014-11-02,Camry,38503.85,5.34,Completed
65352,20,2014-11-21,Camry,45524.89,5.77,Completed
65353,17,2014-11-27,Corolla,21880.49,4.51,Completed
65354,7,2014-11-04,Corolla,30554.13,5.39,Completed
65355,5,2014-11-04,Tacoma,35091.47,5.34,Completed
65356,3,2014-11-13,Tacoma,47680.0,5.69,Completed
65357,14,2014-11-06,Corolla,29436.47,5.1,Completed
65358,18,2014-11-12,Prius,38896.19,5.68,Completed
65359,18,2014-11-29,RAV4,48014.91,5.68,Completed
65360,8,2014-11-18,Sienna,49952.95,5.84,Completed
65361,10,2014-11-25,Tacoma,32716.08,4.88,Completed
65362,11,2014-11-05,Tundra,35986.28,4.16,Completed
65363,12,2014-11-14,Tacoma,47232.29,5.65,Completed
65364,18,2014-11-08,RAV4,48752.07,5.68,Completed
65365,1,2014-11-17,Prius,30063.59,5.24,Completed
65366,13,2014-11-08,Sienna,52789.46,5.61,Completed
65367,6,2014-11-01,Tacoma,28847.73,3.86,Completed
65368,1,2014-11-21,Tundra,40486.87,5.24,Completed
65369,5,2014-11-29,Corolla,23688.08,5.34,Completed
65370,10,2014-11-14,Prius,25242.9,4.88,Completed
65371,16,2014-11-06,Camry,39598.17,6.06,Completed
65372,13,2014-11-12,Camry,39670.9,5.61,Completed
65373,16,2014-11-15,Tundra,50769.79,6.06,Completed
65374,7,2014-11-02,Camry,43832.36,5.39,Completed
65375,17,2014-11-25,Corolla,19487.02,4.51,Completed
65376,5,2014-11-18,Tundra,44328.92,5.34,Completed
65377,2,2014-11-08,Highlander,48603.61,4.0,Completed
65378,13,2014-11-09,Sienna,50057.47,5.61,Completed
65379,9,2014-11-13,Sienna,39680.19,4.4,Cancelled
65380,19,2014-11-11,RAV4,39824.71,5.48,Completed
65381,9,2014-11-06,Highlander,44894.08,4.4,Completed
65382,20,2014-11-14,Prius,35267.92,5.77,Completed
65383,11,2014-11-14,Prius,24397.71,4.16,Completed
65384,7,2014-11-30,RAV4,46529.52,5.39,Completed
65385,18,2014-11-19,Highlander,75588.22,5.68,Completed
65386,15,2014-11-27,Corolla,28749.0,4.86,Completed
65387,9,2014-11-08,Camry,31217.58,4.4,Completed
65388,10,2014-11-12,Tacoma,35179.6,4.88,Completed
65389,8,2014-11-28,Sienna,52523.14,5.84,Completed
65390,1,2014-11-24,Sienna,41985.07,5.24,Completed
65391,12,2014-11-02,RAV4,44062.78,5.65,Completed
65392,8,2014-11-29,Corolla,29149.54,5.84,Completed
65393,9,2014-11-21,Camry,31623.87,4.4,Completed
65394,15,2014-11-25,Tundra,47996.62,4.86,Completed
65395,11,2014-11-07,Camry,29476.1,4.16,Cancelled
65396,4,2014-11-03,RAV4,30925.06,3.81,Completed
65397,19,2014-11-20,Sienna,44660.81,5.48,Completed
65398,10,2014-11-14,Sienna,40505.74,4.88,Completed
65399,14,2014-11-24,Highlander,61286.35,5.1,Completed
65400,20,2014-11-11,Prius,38048.1,5.77,Completed
65401,11,2014-11-29,RAV4,38344.02,4.16,Completed
65402,4,2014-11-06,Camry,30306.21,3.81,Completed
65403,20,2014-11-16,Tundra,52122.47,5.77,Completed
65404,15,2014-11-17,RAV4,48307.98,4.86,Completed
65405,14,2014-11-25,Camry,37360.28,5.1,Completed
65406,2,2014-11-15,Camry,32538.29,4.0,Completed
65407,10,2014-11-03,Prius,24682.9,4.88,Pending
65408,11,2014-11-08,Tacoma,34826.57,4.16,Completed
65409,10,2014-11-16,Tacoma,30794.48,4.88,Completed
65410,18,2014-11-16,Corolla,34946.96,5.68,Completed
65411,6,2014-11-18,Tundra,39146.91,3.86,Completed
65412,5,2014-11-13,Camry,31507.23,5.34,Completed
65413,19,2014-11-25,Tundra,45932.78,5.48,Completed
65414,15,2014-11-11,Prius,32879.53,4.86,Completed
65415,17,2014-11-27,Camry,30843.04,4.51,Completed
65416,1,2014-11-24,Corolla,27759.21,5.24,Completed
65417,20,2014-11-08,Corolla,29857.07,5.77,Completed
65418,15,2014-11-28,Tundra,48083.53,4.86,Completed
65419,15,2014-11-12,Tacoma,41957.97,4.86,Completed
65420,3,2014-11-07,Corolla,32263.52,5.69,Completed
65421,15,2014-11-13,Camry,41178.37,4.86,Pending
65422,13,2014-11-26,Tacoma,46213.54,5.61,Completed
65423,14,2014-11-16,Tundra,50946.06,5.1,Completed
65424,17,2014-11-19,Prius,23159.93,4.51,Completed
65425,13,2014-11-24,Highlander,67650.26,5.61,Completed
65426,8,2014-11-16,Tacoma,44145.86,5.84,Completed
65427,18,2014-11-02,Tundra,58836.15,5.68,Pending
65428,3,2014-11-16,Prius,38928.78,5.69,Completed
65429,8,2014-11-05,Sienna,48062.04,5.84,Completed
65430,14,2014-11-29,Tundra,48191.65,5.1,Completed
65431,9,2014-11-21,Tacoma,34443.67,4.4,Completed
65432,16,2014-11-17,Highlander,67659.62,6.06,Completed
65433,11,2014-11-12,Tacoma,31516.02,4.16,Completed
65434,1,2014-11-19,Corolla,26939.76,5.24,Completed
65435,11,2014-11-20,Tacoma,32901.84,4.16,Completed
65436,1,2014-11-14,RAV4,38644.61,5.24,Completed
65437,1,2014-11-21,Sienna,47201.85,5.24,Completed
65438,4,2014-11-10,Prius,25098.82,3.81,Completed
65439,16,2014-11-18,Tundra,56089.73,6.06,Completed
65440,4,2014-11-27,Corolla,22198.63,3.81,Completed
65441,12,2014-11-17,RAV4,52010.58,5.65,Pending
65442,20,2014-11-04,RAV4,49072.28,5.77,Completed
65443,17,2014-11-07,Camry,31890.1,4.51,Completed
65444,15,2014-11-17,RAV4,47102.01,4.86,Completed
65445,1,2014-11-25,Sienna,40235.14,5.24,Completed
65446,8,2014-11-07,Highlander,66307.78,5.84,Completed
65447,8,2014-11-29,Highlander,70535.13,5.84,Completed
65448,9,2014-11-26,Highlander,44972.22,4.4,Completed
65449,4,2014-11-03,Sienna,34187.15,3.81,Completed
65450,14,2014-11-13,Sienna,49991.97,5.1,Completed
65451,15,2014-11-02,Camry,44586.23,4.86,Completed
65452,5,2014-11-22,Tundra,45985.23,5.34,Completed
65453,15,2014-11-11,Prius,33743.58,4.86,Completed
65454,10,2014-11-14,Tundra,40112.87,4.88,Completed
65455,5,2014-11-02,Prius,31952.01,5.34,Completed
65456,2,2014-11-15,Corolla,25017.31,4.0,Completed
65457,4,2014-11-25,Tundra,39399.64,3.81,Completed
65458,1,2014-11-21,Camry,33475.78,5.24,Completed
65459,17,2014-11-03,Prius,22461.57,4.51,Completed
65460,11,2014-11-23,Tacoma,33061.83,4.16,Completed
65461,19,2014-11-12,Corolla,24566.69,5.48,Completed
65462,10,2014-11-03,Tacoma,31880.63,4.88,Completed
65463,3,2014-11-06,RAV4,45627.06,5.69,Completed
65464,18,2014-11-14,RAV4,50339.01,5.68,Completed
65465,4,2014-11-02,RAV4,31488.05,3.81,Completed
65466,12,2014-11-28,Highlander,70005.37,5.65,Completed
65467,12,2014-11-02,Tundra,50511.19,5.65,Completed
65468,18,2014-11-10,Corolla,34573.9,5.68,Completed
65469,9,2014-11-24,Sienna,35986.91,4.4,Completed
65470,12,2014-11-25,Camry,39186.64,5.65,Completed
65471,9,2014-11-13,RAV4,32337.98,4.4,Cancelled
65472,15,2014-11-28,Camry,37016.11,4.86,Completed
65473,16,2014-11-20,Sienna,48914.5,6.06,Completed
65474,19,2014-11-25,Prius,31277.51,5.48,Completed
65475,15,2014-11-13,Tundra,50851.2,4.86,Completed
65476,4,2014-11-03,Tundra,38561.7,3.81,Completed
65477,19,2014-11-05,Highlander,64581.75,5.48,Completed
65478,2,2014-11-29,RAV4,38344.7,4.0,Completed
65479,19,2014-11-05,RAV4,46105.13,5.48,Completed
65480,11,2014-11-02,Tundra,42375.95,4.16,Completed
65481,4,2014-11-19,Camry,28692.29,3.81,Completed
65482,9,2014-11-11,Corolla,23647.74,4.4,Completed
65483,12,2014-11-22,Camry,44600.52,5.65,Completed
65484,18,2014-11-19,Camry,42208.36,5.68,Completed
65485,13,2014-11-27,Highlander,64373.23,5.61,Completed
65486,9,2014-11-01,Tacoma,34178.91,4.4,Completed
65487,11,2014-11-11,Highlander,51104.13,4.16,Completed
65488,7,2014-11-20,Highlander,71398.25,5.39,Completed
65489,18,2014-11-25,Tundra,56114.0,5.68,Completed
65490,7,2014-11-18,Highlander,70176.34,5.39,Completed
65491,13,2014-11-29,Sienna,53160.16,5.61,Completed
65492,11,2014-11-03,Sienna,39609.26,4.16,Completed
65493,4,2014-11-17,Highlander,50484.92,3.81,Completed
65494,20,2014-11-04,Camry,43254.26,5.77,Completed
65495,14,2014-11-10,Camry,39392.86,5.1,Completed
65496,14,2014-11-13,Prius,32496.73,5.1,Completed
65497,7,2014-11-14,Tundra,55889.74,5.39,Completed
65498,4,2014-11-05,Sienna,36915.13,3.81,Completed
65499,5,2014-11-21,Tacoma,39734.18,5.34,Completed
65500,9,2014-11-10,Highlander,50510.76,4.4,Completed
65501,1,2014-11-08,RAV4,38175.89,5.24,Pending
65502,15,2014-11-01,Sienna,55920.15,4.86,Pending
65503,4,2014-11-27,Corolla,19638.12,3.81,Completed
65504,18,2014-11-18,Prius,33369.04,5.68,Completed
65505,18,2014-11-30,Sienna,56788.7,5.68,Completed
65506,13,2014-11-23,RAV4,48032.75,5.61,Completed
65507,5,2014-11-21,Tacoma,39018.4,5.34,Completed
65508,17,2014-11-19,Tundra,36443.5,4.51,Pending
65509,12,2014-11-01,Tacoma,42023.21,5.65,Completed
65510,11,2014-11-09,Highlander,53182.22,4.16,Completed
65511,3,2014-11-20,Corolla,32227.67,5.69,Completed
65512,20,2014-11-21,Corolla,28987.76,5.77,Completed
65513,7,2014-11-13,Sienna,50708.5,5.39,Completed
65514,5,2014-11-06,Tacoma,35047.63,5.34,Completed
65515,14,2014-11-29,Prius,35582.52,5.1,Completed
65516,18,2014-11-23,Corolla,29928.92,5.68,Completed
65517,14,2014-11-10,Tundra,54474.83,5.1,Completed
65518,14,2014-11-30,Camry,37876.34,5.1,Completed
65519,13,2014-11-27,Prius,39186.85,5.61,Completed
65520,11,2014-11-25,Camry,28002.19,4.16,Completed
65521,9,2014-11-12,Highlander,45349.74,4.4,Completed
65522,20,2014-11-14,RAV4,50024.74,5.77,Completed
65523,20,2014-11-02,Highlander,62816.95,5.77,Completed
65524,19,2014-11-21,RAV4,39480.37,5.48,Pending
65525,4,2014-11-14,Camry,28813.15,3.81,Completed
65526,5,2014-11-01,Corolla,27157.84,5.34,Completed
65527,17,2014-11-30,Tacoma,32669.41,4.51,Completed
65528,16,2014-11-09,Tundra,59790.68,6.06,Completed
65529,12,2014-11-17,Corolla,27079.43,5.65,Completed
65530,18,2014-11-20,RAV4,52191.26,5.68,Completed
65531,4,2014-11-03,Tundra,35735.39,3.81,Completed
65532,20,2014-11-12,Highlander,64817.8,5.77,Completed
65533,3,2014-11-30,Prius,34257.14,5.69,Completed
65534,13,2014-11-02,Corolla,33911.85,5.61,Completed
65535,3,2014-11-21,RAV4,48519.3,5.69,Completed
65536,1,2014-11-15,RAV4,42615.42,5.24,Completed
65537,10,2014-11-07,Sienna,40123.57,4.88,Completed
65538,20,2014-11-03,Highlander,72272.42,5.77,Completed
65539,9,2014-11-28,RAV4,33581.91,4.4,Completed
65540,3,2014-11-26,Tacoma,50388.4,5.69,Completed
65541,14,2014-11-13,Tacoma,43015.3,5.1,Completed
65542,19,2014-11-09,Sienna,45781.3,5.48,Completed
65543,19,2014-11-12,Highlander,53852.15,5.48,Completed
65544,2,2014-11-16,Sienna,37386.43,4.0,Pending
65545,16,2014-11-13,Camry,41423.82,6.06,Completed
65546,5,2014-11-28,Prius,31572.73,5.34,Completed
65547,10,2014-11-25,Tacoma,32081.13,4.88,Completed
65548,2,2014-11-18,Tundra,38528.45,4.0,Completed
65549,13,2014-11-25,Corolla,31641.19,5.61,Completed
65550,8,2014-11-11,RAV4,48185.76,5.84,Completed
65551,2,2014-11-19,Prius,28633.09,4.0,Completed
65552,6,2014-11-27,Tundra,37739.01,3.86,Cancelled
65553,5,2014-11-11,Tacoma,41171.33,5.34,Completed
65554,11,2014-11-24,Highlander,50974.09,4.16,Completed
65555,3,2014-11-07,Sienna,57863.21,5.69,Completed
65556,9,2014-11-05,Sienna,36083.66,4.4,Completed
65557,15,2014-11-08,Highlander,62062.25,4.86,Completed
65558,4,2014-11-05,Camry,26361.49,3.81,Completed
65559,19,2014-11-17,Tundra,46883.1,5.48,Completed
65560,7,2014-11-10,Camry,43445.22,5.39,Completed
65561,11,2014-11-25,Tacoma,35059.2,4.16,Pending
65562,14,2014-11-24,Tacoma,40808.28,5.1,Completed
65563,2,2014-11-01,Corolla,23913.71,4.0,Completed
65564,9,2014-11-20,Camry,28917.25,4.4,Completed
65565,5,2014-11-26,Sienna,47806.87,5.34,Completed
65566,9,2014-11-22,Tundra,41741.65,4.4,Completed
65567,7,2014-11-03,Camry,38432.29,5.39,Completed
65568,17,2014-11-29,Highlander,47759.2,4.51,Completed
65569,14,2014-11-08,Tacoma,45315.29,5.1,Completed
65570,8,2014-11-30,Sienna,51101.15,5.84,Completed
65571,6,2014-11-27,Tundra,39841.19,3.86,Completed
65572,3,2014-11-05,Tundra,51925.28,5.69,Completed
65573,17,2014-11-10,RAV4,31717.29,4.51,Completed
65574,6,2014-11-07,Highlander,44597.77,3.86,Completed
65575,6,2014-11-28,Camry,28742.37,3.86,Pending
65576,17,2014-11-15,RAV4,33648.18,4.51,Completed
65577,15,2014-11-29,Prius,36640.6,4.86,Completed
65578,14,2014-11-25,Highlander,60763.07,5.1,Completed
65579,13,2014-11-07,Sienna,57781.14,5.61,Cancelled
65580,13,2014-11-02,RAV4,53868.98,5.61,Completed
65581,2,2014-11-03,Corolla,23788.32,4.0,Completed
65582,20,2014-11-21,Camry,40465.47,5.77,Completed
65583,19,2014-11-14,Corolla,24327.45,5.48,Completed
65584,3,2014-11-09,Highlander,76138.09,5.69,Completed
65585,1,2014-11-11,Tacoma,35713.73,5.24,Completed
65586,4,2014-11-14,Camry,29199.82,3.81,Completed
65587,1,2014-11-30,Tundra,47595.69,5.24,Completed
65588,20,2014-11-13,Tacoma,43000.59,5.77,Completed
65589,14,2014-11-14,Tacoma,44071.78,5.1,Completed
65590,1,2014-11-23,Prius,31212.1,5.24,Completed
65591,16,2014-11-06,Tundra,59410.84,6.06,Completed
65592,4,2014-11-25,Camry,28574.09,3.81,Completed
65593,13,2014-11-23,Corolla,34033.72,5.61,Completed
65594,5,2014-11-24,Camry,38249.76,5.34,Completed
65595,8,2014-11-13,Prius,31586.0,5.84,Completed
65596,2,2014-11-24,Sienna,38367.19,4.0,Completed
65597,5,2014-11-08,Camry,33466.28,5.34,Completed
65598,10,2014-11-13,Prius,28157.94,4.88,Completed
65599,4,2014-11-12,RAV4,35393.64,3.81,Completed
65600,14,2014-11-07,Tacoma,45086.33,5.1,Completed
65601,14,2014-11-09,Highlander,61792.13,5.1,Completed
65602,20,2014-11-21,Camry,39160.21,5.77,Completed
65603,20,2014-11-12,Highlander,67783.01,5.77,Completed
65604,19,2014-11-17,Corolla,24456.53,5.48,Completed
65605,5,2014-11-04,Tundra,45356.0,5.34,Completed
65606,4,2014-11-19,Tacoma,28375.82,3.81,Completed
65607,3,2014-11-19,RAV4,50881.19,5.69,Completed
65608,3,2014-11-12,Tacoma,47281.4,5.69,Completed
65609,17,2014-11-21,Prius,22496.8,4.51,Completed
65610,15,2014-11-06,Highlander,61175.23,4.86,Completed
65611,6,2014-11-15,Tundra,36697.6,3.86,Completed
65612,13,2014-11-09,Tacoma,43795.29,5.61,Completed
65613,1,2014-11-16,RAV4,42017.24,5.24,Completed
65614,17,2014-11-07,Highlander,43455.28,4.51,Completed
65615,10,2014-11-22,Tacoma,33439.93,4.88,Completed
65616,8,2014-11-26,Camry,42666.31,5.84,Completed
65617,12,2014-11-03,Sienna,50234.59,5.65,Completed
65618,8,2014-11-10,Corolla,30158.15,5.84,Completed
65619,5,2014-11-19,Tacoma,36028.89,5.34,Completed
65620,7,2014-11-19,Prius,32836.42,5.39,Completed
65621,17,2014-11-07,Sienna,35072.41,4.51,Completed
65622,4,2014-11-05,Sienna,33492.5,3.81,Completed
65623,19,2014-11-24,Camry,39363.13,5.48,Completed
65624,13,2014-11-16,Corolla,29642.18,5.61,Completed
65625,13,2014-11-22,RAV4,55386.67,5.61,Completed
65626,15,2014-11-01,Camry,40556.6,4.86,Completed
65627,16,2014-11-26,Sienna,54444.5,6.06,Completed
65628,17,2014-11-01,RAV4,33077.63,4.51,Completed
65629,9,2014-11-04,RAV4,32344.63,4.4,Completed
65630,7,2014-11-27,Prius,34248.18,5.39,Completed
65631,19,2014-11-18,Camry,34850.82,5.48,Completed
65632,18,2014-11-11,Corolla,33124.29,5.68,Completed
65633,6,2014-11-02,Prius,22767.32,3.86,Completed
65634,19,2014-11-16,Prius,28316.97,5.48,Cancelled
65635,1,2014-11-23,Sienna,46124.68,5.24,Completed
65636,16,2014-11-21,Sienna,55459.1,6.06,Completed
65637,17,2014-11-28,Prius,25904.15,4.51,Completed
65638,7,2014-11-11,Highlander,63862.53,5.39,Completed
65639,20,2014-11-21,Prius,31269.17,5.77,Completed
65640,10,2014-11-05,Corolla,23418.75,4.88,Completed
65641,3,2014-11-12,Camry,43037.01,5.69,Completed
65642,5,2014-11-23,Sienna,47031.89,5.34,Completed
65643,2,2014-11-14,Prius,28102.67,4.0,Completed
65644,10,2014-11-22,Tundra,38157.37,4.88,Completed
65645,16,2014-11-20,Camry,45348.76,6.06,Completed
65646,18,2014-11-04,Camry,43619.14,5.68,Completed
65647,12,2014-11-12,Highlander,67639.99,5.65,Completed
65648,2,2014-11-09,RAV4,37278.59,4.0,Completed
65649,11,2014-11-04,Sienna,35417.18,4.16,Completed
65650,8,2014-11-01,Corolla,29168.69,5.84,Completed
65651,7,2014-11-18,Tacoma,49132.65,5.39,Completed
65652,4,2014-11-28,Prius,23922.59,3.81,Completed
65653,6,2014-11-23,Sienna,37037.31,3.86,Completed
65654,8,2014-11-17,RAV4,52758.05,5.84,Completed
65655,9,2014-11-01,Highlander,49320.74,4.4,Completed
65656,20,2014-11-01,Camry,44454.67,5.77,Completed
65657,18,2014-11-10,Corolla,29974.28,5.68,Completed
65658,17,2014-11-18,Camry,29233.44,4.51,Completed
65659,19,2014-11-24,Tacoma,41024.11,5.48,Completed
65660,16,2014-11-22,Corolla,28073.51,6.06,Completed
65661,3,2014-11-13,Highlander,63461.61,5.69,Completed
65662,1,2014-11-08,RAV4,38038.61,5.24,Completed
65663,12,2014-11-23,Highlander,72158.56,5.65,Completed
65664,2,2014-11-19,Camry,31126.4,4.0,Completed
65665,6,2014-11-09,Corolla,20118.16,3.86,Completed
65666,9,2014-11-10,Tacoma,34334.84,4.4,Completed
65667,8,2014-11-21,Camry,38285.28,5.84,Completed
65668,2,2014-11-21,Tacoma,36599.32,4.0,Completed
65669,12,2014-11-30,Sienna,48321.86,5.65,Completed
65670,13,2014-11-27,Camry,47288.93,5.61,Pending
65671,19,2014-11-09,Tacoma,35982.43,5.48,Completed
65672,9,2014-11-10,Highlander,52379.06,4.4,Completed
65673,20,2014-11-15,Prius,34286.74,5.77,Completed
65674,15,2014-11-29,Tacoma,40296.54,4.86,Completed
65675,12,2014-11-28,Tundra,56175.04,5.65,Completed
65676,19,2014-11-01,Camry,38342.5,5.48,Completed
65677,6,2014-11-26,Prius,25312.42,3.86,Completed
65678,5,2014-11-27,Sienna,45053.26,5.34,Completed
65679,16,2014-11-18,Tacoma,44790.8,6.06,Completed
65680,6,2014-11-09,Sienna,38174.08,3.86,Completed
65681,12,2014-11-30,Camry,39982.17,5.65,Completed
65682,13,2014-11-02,Camry,45325.25,5.61,Completed
65683,12,2014-11-15,Tundra,47513.2,5.65,Completed
65684,19,2014-11-30,Highlander,63631.64,5.48,Completed
65685,20,2014-11-09,Tundra,57232.38,5.77,Completed
65686,8,2014-11-19,Tacoma,45041.63,5.84,Completed
65687,11,2014-11-28,Corolla,23942.76,4.16,Completed
65688,18,2014-11-23,Tundra,58133.94,5.68,Completed
65689,14,2014-11-22,Sienna,49565.69,5.1,Completed
65690,14,2014-11-24,Tacoma,40236.87,5.1,Completed
65691,16,2014-11-19,Corolla,28066.03,6.06,Completed
65692,15,2014-11-20,Tundra,56027.34,4.86,Completed
65693,20,2014-11-09,Camry,41862.07,5.77,Completed
65694,15,2014-11-26,Prius,33997.64,4.86,Completed
65695,11,2014-11-09,Camry,29689.52,4.16,Completed
65696,16,2014-11-07,Prius,33964.96,6.06,Completed
65697,18,2014-11-22,RAV4,48851.62,5.68,Completed
65698,12,2014-11-02,Tacoma,47492.25,5.65,Completed
65699,14,2014-11-25,Tacoma,41271.22,5.1,Completed
65700,2,2014-11-05,RAV4,33945.85,4.0,Completed
65701,8,2014-11-14,Highlander,63953.59,5.84,Completed
65702,17,2014-11-24,Sienna,35360.89,4.51,Completed
65703,15,2014-11-21,Corolla,28750.87,4.86,Completed
65704,1,2014-11-17,RAV4,42964.0,5.24,Completed
65705,17,2014-11-18,Prius,23075.73,4.51,Completed
65706,12,2014-11-12,Prius,35018.8,5.65,Completed
65707,2,2014-11-04,RAV4,34032.06,4.0,Completed
65708,10,2014-11-18,Sienna,39448.44,4.88,Completed
65709,11,2014-11-17,Camry,27963.41,4.16,Pending
65710,5,2014-11-29,Highlander,57077.09,5.34,Completed
65711,11,2014-11-30,Tundra,37106.95,4.16,Completed
65712,16,2014-11-17,Corolla,29848.74,6.06,Completed
65713,1,2014-11-16,Camry,33523.84,5.24,Completed
65714,14,2014-11-12,Tacoma,40524.55,5.1,Completed
65715,11,2014-11-22,Highlander,47454.0,4.16,Completed
65716,7,2014-11-14,Tundra,50431.69,5.39,Completed
65717,5,2014-11-23,Tacoma,41375.63,5.34,Completed
65718,10,2014-11-30,Corolla,21350.79,4.88,Completed
65719,14,2014-11-05,Prius,30687.39,5.1,Completed
65720,1,2014-11-10,Tacoma,39268.02,5.24,Completed
65721,11,2014-11-02,RAV4,38884.74,4.16,Completed
65722,2,2014-11-26,Sienna,37407.94,4.0,Completed
65723,14,2014-11-05,RAV4,50004.87,5.1,Completed
65724,12,2014-11-03,Highlander,70459.08,5.65,Completed
65725,4,2014-11-09,Tacoma,28185.51,3.81,Completed
65726,2,2014-11-16,Prius,24914.49,4.0,Completed
65727,1,2014-11-22,Tundra,41178.34,5.24,Completed
65728,15,2014-11-01,RAV4,44656.18,4.86,Completed
65729,5,2014-11-01,Sienna,40738.97,5.34,Completed
65730,7,2014-11-21,Camry,43628.27,5.39,Completed
65731,8,2014-11-27,Sienna,50478.0,5.84,Completed
65732,8,2014-11-28,Corolla,27523.32,5.84,Completed
65733,18,2014-11-21,Tundra,62682.26,5.68,Completed
65734,5,2014-11-22,Camry,36504.19,5.34,Completed
65735,17,2014-11-27,Sienna,37336.32,4.51,Completed
65736,14,2014-11-12,RAV4,43740.04,5.1,Completed
65737,12,2014-11-26,Camry,42159.7,5.65,Completed
65738,16,2014-11-05,Corolla,29749.74,6.06,Completed
65739,8,2014-11-20,Tacoma,41750.84,5.84,Completed
65740,1,2014-11-12,Prius,28888.89,5.24,Completed
65741,10,2014-11-02,Camry,29595.66,4.88,Completed
65742,11,2014-11-15,Corolla,21151.68,4.16,Completed
65743,2,2014-11-17,Camry,32947.75,4.0,Completed
65744,6,2014-11-19,Sienna,38615.51,3.86,Pending
65745,20,2014-11-14,Tacoma,42057.28,5.77,Completed
65746,2,2014-11-21,Highlander,49030.15,4.0,Completed
65747,16,2014-11-13,Tacoma,46386.51,6.06,Completed
65748,13,2014-11-28,Tundra,57601.52,5.61,Completed
65749,8,2014-11-01,Highlander,64912.0,5.84,Completed
65750,6,2014-11-13,Corolla,19582.85,3.86,Completed
65751,3,2014-11-24,Tundra,58301.57,5.69,Completed
65752,10,2014-11-09,Tacoma,32841.37,4.88,Pending
65753,10,2014-11-17,Corolla,21527.5,4.88,Completed
65754,7,2014-11-03,Prius,33401.01,5.39,Completed
65755,6,2014-11-09,RAV4,36739.11,3.86,Completed
65756,19,2014-11-28,RAV4,40686.07,5.48,Pending
65757,9,2014-11-11,Highlander,50059.52,4.4,Completed
65758,1,2014-11-01,Sienna,42520.32,5.24,Completed
65759,18,2014-11-05,RAV4,55612.41,5.68,Completed
65760,20,2014-11-16,Prius,37033.11,5.77,Completed
65761,14,2014-11-12,RAV4,47416.18,5.1,Completed
65762,11,2014-11-23,Highlander,49108.61,4.16,Completed
65763,20,2014-11-25,Highlander,73309.7,5.77,Completed
65764,3,2014-11-13,RAV4,45346.14,5.69,Completed
65765,9,2014-11-01,Sienna,40420.3,4.4,Completed
65766,19,2014-11-16,Camry,36776.57,5.48,Completed
65767,19,2014-11-02,Highlander,60797.99,5.48,Completed
65768,18,2014-11-23,Corolla,31986.82,5.68,Completed
65769,5,2014-11-11,Camry,33482.63,5.34,Completed
65770,6,2014-11-08,Tacoma,29733.54,3.86,Completed
65771,3,2014-11-25,Corolla,31104.71,5.69,Completed
65772,19,2014-11-13,RAV4,44573.52,5.48,Completed
65773,2,2014-11-18,Corolla,24818.17,4.0,Completed
65774,6,2014-11-30,Tacoma,31516.42,3.86,Completed
65775,18,2014-11-06,Highlander,75423.96,5.68,Pending
65776,20,2014-11-25,Tacoma,46939.51,5.77,Completed
65777,9,2014-11-23,Camry,28236.95,4.4,Completed
65778,9,2014-11-06,Highlander,46595.76,4.4,Completed
65779,12,2014-11-29,Highlander,68656.87,5.65,Completed
65780,4,2014-11-30,Tundra,34487.45,3.81,Completed
65781,16,2014-11-06,Corolla,29875.31,6.06,Completed
65782,4,2014-11-11,RAV4,32278.34,3.81,Completed
65783,14,2014-11-04,Prius,33209.17,5.1,Completed
65784,11,2014-11-06,RAV4,34450.84,4.16,Cancelled
65785,5,2014-11-02,Highlander,60359.94,5.34,Completed
65786,10,2014-11-29,Prius,27892.64,4.88,Completed
65787,12,2014-11-19,Highlander,71867.65,5.65,Completed
65788,19,2014-11-22,Camry,37813.06,5.48,Completed
65789,20,2014-11-22,Tacoma,42994.52,5.77,Completed
65790,1,2014-11-29,Camry,33554.13,5.24,Completed
65791,5,2014-11-16,RAV4,41315.91,5.34,Completed
65792,17,2014-11-04,Tacoma,31148.57,4.51,Completed
65793,20,2014-11-21,Corolla,30648.45,5.77,Completed
65794,14,2014-11-26,Camry,42554.33,5.1,Completed
65795,7,2014-11-12,Tundra,54033.92,5.39,Completed
65796,11,2014-11-16,RAV4,32810.22,4.16,Pending
65797,12,2014-11-01,Tacoma,40132.97,5.65,Completed
65798,20,2014-11-09,Corolla,32210.44,5.77,Completed
65799,17,2014-11-21,Corolla,20873.83,4.51,Completed
65800,3,2014-11-04,Tacoma,42172.46,5.69,Completed
65801,16,2014-11-14,Prius,36798.69,6.06,Completed
65802,18,2014-11-19,Corolla,31052.23,5.68,Completed
65803,18,2014-11-08,Camry,47156.35,5.68,Completed
65804,15,2014-11-13,Corolla,32154.25,4.86,Completed
65805,5,2014-11-27,RAV4,42836.24,5.34,Completed
65806,17,2014-11-09,Tacoma,34447.51,4.51,Completed
65807,9,2014-11-03,Prius,23050.1,4.4,Completed
65808,6,2014-11-29,Camry,28410.6,3.86,Completed
65809,10,2014-11-11,Prius,26334.46,4.88,Completed
65810,3,2014-11-18,RAV4,55047.31,5.69,Completed
65811,6,2014-11-10,Prius,23785.21,3.86,Completed
65812,2,2014-11-25,Tundra,42465.36,4.0,Completed
65813,5,2014-11-27,RAV4,38229.27,5.34,Completed
65814,13,2014-11-13,Tacoma,51164.57,5.61,Completed
65815,11,2014-11-22,Highlander,46145.49,4.16,Completed
65816,8,2014-11-12,RAV4,43490.16,5.84,Completed
65817,12,2014-11-15,Prius,35621.14,5.65,Completed
65818,5,2014-11-10,RAV4,40401.21,5.34,Pending
65819,17,2014-11-10,Prius,25583.24,4.51,Completed
65820,18,2014-11-25,Corolla,31964.58,5.68,Completed
65821,18,2014-11-09,Highlander,74167.16,5.68,Completed
65822,15,2014-11-23,Highlander,70524.29,4.86,Pending
65823,19,2014-11-24,Tundra,49438.75,5.48,Completed
65824,19,2014-11-22,Corolla,28462.74,5.48,Completed
65825,18,2014-11-13,Tacoma,47951.2,5.68,Completed
65826,5,2014-11-26,Sienna,46359.36,5.34,Completed
65827,3,2014-11-12,Prius,33915.7,5.69,Completed
65828,17,2014-11-18,Tacoma,33425.7,4.51,Completed
65829,10,2014-11-06,Tundra,36847.29,4.88,Completed
65830,7,2014-11-17,Camry,45363.71,5.39,Completed
65831,15,2014-11-05,Corolla,27501.5,4.86,Completed
65832,20,2014-11-07,Tacoma,41497.02,5.77,Completed
65833,14,2014-11-14,Sienna,54567.18,5.1,Completed
65834,6,2014-11-18,Corolla,21017.83,3.86,Completed
65835,13,2014-11-02,Sienna,56865.49,5.61,Completed
65836,12,2014-11-24,Sienna,48267.47,5.65,Completed
65837,6,2014-11-22,Tundra,34328.17,3.86,Completed
65838,16,2014-11-19,Prius,33536.97,6.06,Completed
65839,3,2014-11-16,RAV4,55275.66,5.69,Completed
65840,6,2014-11-17,Tundra,33978.62,3.86,Completed
65841,14,2014-11-22,Highlander,59602.46,5.1,Completed
65842,15,2014-11-06,Highlander,70601.79,4.86,Completed
65843,2,2014-11-23,RAV4,38855.64,4.0,Completed
65844,14,2014-11-12,Highlander,66172.82,5.1,Cancelled
65845,15,2014-11-08,Camry,42284.46,4.86,Pending
65846,6,2014-11-21,Corolla,20789.56,3.86,Completed
65847,7,2014-11-01,Sienna,53353.14,5.39,Completed
65848,4,2014-11-15,Camry,29152.59,3.81,Completed
65849,16,2014-11-28,Sienna,56151.12,6.06,Completed
65850,11,2014-11-29,RAV4,35489.34,4.16,Completed
65851,8,2014-11-14,Corolla,31283.37,5.84,Pending
65852,5,2014-11-20,Tundra,43513.89,5.34,Completed
65853,14,2014-11-20,Prius,30746.42,5.1,Completed
65854,9,2014-11-27,Camry,29484.1,4.4,Completed
65855,6,2014-11-09,Highlander,49709.58,3.86,Completed
65856,2,2014-11-11,Prius,26901.31,4.0,Completed
65857,10,2014-11-16,Prius,23779.65,4.88,Completed
65858,11,2014-11-22,Tacoma,31176.61,4.16,Completed
65859,13,2014-11-01,Prius,35677.28,5.61,Completed
65860,3,2014-11-05,Camry,43804.75,5.69,Completed
65861,17,2014-11-16,Tacoma,31447.98,4.51,Completed
65862,1,2014-11-15,Corolla,25398.39,5.24,Completed
65863,3,2014-11-08,Highlander,65598.77,5.69,Completed
65864,20,2014-11-17,Prius,37735.19,5.77,Completed
65865,15,2014-11-19,Camry,39579.91,4.86,Completed
65866,10,2014-11-21,Camry,31210.63,4.88,Completed
65867,4,2014-11-28,RAV4,36356.39,3.81,Completed
65868,7,2014-11-04,Highlander,64335.75,5.39,Completed
65869,10,2014-11-15,Camry,30536.23,4.88,Completed
65870,9,2014-11-23,Tundra,35550.61,4.4,Completed
65871,5,2014-11-21,Sienna,41485.75,5.34,Cancelled
65872,6,2014-11-26,Tundra,38654.04,3.86,Completed
65873,6,2014-11-03,Tacoma,34246.97,3.86,Completed
65874,10,2014-11-04,RAV4,35043.48,4.88,Completed
65875,4,2014-11-28,RAV4,31909.95,3.81,Completed
65876,10,2014-11-30,Highlander,52014.3,4.88,Completed
65877,4,2014-11-21,Highlander,44069.07,3.81,Completed
65878,15,2014-11-13,Corolla,32008.26,4.86,Completed
65879,13,2014-11-23,Highlander,76144.76,5.61,Completed
65880,19,2014-11-13,Highlander,62804.3,5.48,Completed
65881,20,2014-11-06,Prius,37713.4,5.77,Completed
65882,17,2014-11-07,Highlander,49670.61,4.51,Completed
65883,15,2014-11-17,Prius,32032.17,4.86,Completed
65884,16,2014-11-30,Camry,42245.61,6.06,Completed
65885,14,2014-11-30,Camry,41042.74,5.1,Pending
65886,1,2014-11-02,Tacoma,36812.15,5.24,Completed
65887,4,2014-11-08,Sienna,34189.85,3.81,Completed
65888,5,2014-11-15,Tundra,42754.64,5.34,Completed
65889,11,2014-11-01,Prius,25417.9,4.16,Completed
65890,3,2014-11-02,RAV4,45554.88,5.69,Completed
65891,6,2014-11-24,RAV4,35069.87,3.86,Completed
65892,19,2014-11-08,Highlander,60877.58,5.48,Completed
65893,13,2014-11-26,Tundra,51248.41,5.61,Completed
65894,15,2014-11-06,Tacoma,44449.22,4.86,Completed
65895,10,2014-11-28,Sienna,35972.68,4.88,Completed
65896,13,2014-11-13,Tacoma,46494.94,5.61,Completed
65897,6,2014-11-01,Corolla,22054.36,3.86,Completed
65898,9,2014-11-02,Highlander,50462.87,4.4,Completed
65899,4,2014-11-29,Corolla,21815.08,3.81,Completed
65900,5,2014-11-29,RAV4,41635.61,5.34,Completed
65901,9,2014-11-13,Prius,23376.57,4.4,Completed
65902,19,2014-11-26,Sienna,41921.48,5.48,Completed
65903,9,2014-11-23,Sienna,38160.07,4.4,Completed
65904,9,2014-11-08,RAV4,36686.45,4.4,Completed
65905,18,2014-11-28,Sienna,59986.0,5.68,Completed
65906,16,2014-11-15,Camry,41960.75,6.06,Cancelled
65907,9,2014-11-06,RAV4,31816.66,4.4,Completed
65908,17,2014-11-04,Highlander,49000.15,4.51,Completed
65909,12,2014-11-22,Prius,31558.85,5.65,Completed
65910,18,2014-11-19,Tacoma,50922.05,5.68,Completed
65911,16,2014-11-19,Camry,40481.33,6.06,Completed
65912,18,2014-11-18,Sienna,61937.8,5.68,Completed
65913,15,2014-11-10,RAV4,45898.77,4.86,Completed
65914,11,2014-11-05,Tacoma,32163.36,4.16,Completed
65915,9,2014-11-24,Corolla,21985.43,4.4,Completed
65916,4,2014-11-05,Sienna,34284.36,3.81,Completed
65917,5,2014-11-22,Highlander,58518.43,5.34,Completed
65918,11,2014-11-08,RAV4,37144.8,4.16,Completed
65919,20,2014-11-01,Tundra,57096.33,5.77,Completed
65920,5,2014-11-08,Prius,28298.94,5.34,Completed
65921,12,2014-11-04,Prius,33720.0,5.65,Cancelled
65922,4,2014-11-05,Sienna,38160.31,3.81,Pending
65923,7,2014-11-11,RAV4,48423.34,5.39,Completed
65924,2,2014-11-14,Sienna,41741.71,4.0,Completed
65925,12,2014-11-14,Sienna,51876.32,5.65,Completed
65926,16,2014-11-16,RAV4,48554.11,6.06,Completed
65927,7,2014-11-30,Prius,34565.38,5.39,Completed
65928,17,2014-11-21,Sienna,40508.69,4.51,Completed
65929,13,2014-11-15,Prius,38275.95,5.61,Completed
65930,18,2014-11-26,Prius,40244.19,5.68,Completed
65931,1,2014-11-28,Highlander,57103.67,5.24,Completed
65932,11,2014-11-27,Tundra,35692.39,4.16,Completed
65933,5,2014-11-05,Highlander,62241.35,5.34,Completed
65934,18,2014-11-29,Tundra,52390.51,5.68,Completed
65935,15,2014-11-08,Sienna,56253.92,4.86,Completed
65936,4,2014-11-07,Tacoma,32451.23,3.81,Completed
65937,11,2014-11-01,Sienna,38936.31,4.16,Completed
65938,4,2014-11-08,RAV4,35823.27,3.81,Completed
65939,7,2014-11-10,Camry,45142.84,5.39,Completed
65940,4,2014-11-20,Highlander,47457.63,3.81,Completed
65941,20,2014-11-04,RAV4,46585.19,5.77,Completed
65942,6,2014-11-19,RAV4,37490.51,3.86,Pending
65943,15,2014-11-30,Corolla,28414.42,4.86,Completed
65944,16,2014-11-16,Prius,37918.32,6.06,Completed
65945,19,2014-11-03,Tundra,50617.0,5.48,Completed
65946,17,2014-11-19,Tacoma,29868.71,4.51,Completed
65947,16,2014-11-20,RAV4,51827.83,6.06,Completed
65948,4,2014-11-22,Camry,29419.57,3.81,Completed
65949,1,2014-11-14,Sienna,43383.8,5.24,Completed
65950,12,2014-11-19,Prius,34708.08,5.65,Completed
65951,20,2014-11-15,Tacoma,47650.38,5.77,Completed
65952,20,2014-11-19,Prius,35043.08,5.77,Completed
65953,11,2014-11-13,Tundra,36830.53,4.16,Completed
65954,7,2014-11-15,RAV4,44283.12,5.39,Completed
65955,10,2014-11-19,RAV4,37095.78,4.88,Completed
65956,18,2014-11-08,Corolla,30368.89,5.68,Completed
65957,4,2014-11-21,Highlander,43599.39,3.81,Completed
65958,20,2014-11-07,RAV4,47837.13,5.77,Completed
65959,18,2014-11-03,Prius,35587.45,5.68,Completed
65960,5,2014-11-26,Sienna,42039.41,5.34,Completed
65961,19,2014-11-28,Camry,34407.47,5.48,Completed
65962,10,2014-11-25,RAV4,34445.45,4.88,Completed
65963,5,2014-11-20,Corolla,25826.03,5.34,Completed
65964,12,2014-11-28,Sienna,47791.13,5.65,Completed
65965,11,2014-11-27,Sienna,36778.3,4.16,Completed
65966,9,2014-11-04,Tundra,37685.49,4.4,Completed
65967,11,2014-11-27,Prius,27395.15,4.16,Completed
65968,17,2014-11-18,Corolla,21927.77,4.51,Completed
65969,3,2014-11-14,Tacoma,50454.58,5.69,Completed
65970,9,2014-11-21,RAV4,34297.14,4.4,Pending
65971,15,2014-11-13,Tundra,55556.13,4.86,Completed
65972,10,2014-11-10,Tacoma,33187.43,4.88,Completed
65973,15,2014-11-09,Tacoma,47508.0,4.86,Completed
65974,13,2014-11-07,Camry,40052.22,5.61,Completed
65975,10,2014-11-03,Prius,26562.77,4.88,Completed
65976,2,2014-11-04,RAV4,38519.11,4.0,Completed
65977,5,2014-11-16,Tacoma,40660.22,5.34,Completed
65978,9,2014-11-30,RAV4,31689.45,4.4,Completed
65979,19,2014-11-01,Sienna,46343.31,5.48,Completed
65980,10,2014-11-26,Prius,24937.68,4.88,Completed
65981,16,2014-11-20,Highlander,72384.3,6.06,Completed
65982,8,2014-11-01,Prius,34800.61,5.84,Completed
65983,15,2014-11-25,Prius,37147.18,4.86,Completed
65984,18,2014-11-17,Corolla,35306.76,5.68,Completed
65985,1,2014-11-04,Tacoma,38710.08,5.24,Completed
65986,6,2014-11-20,Tundra,35009.97,3.86,Completed
65987,7,2014-11-15,Corolla,28065.16,5.39,Completed
65988,15,2014-11-14,RAV4,46969.31,4.86,Completed
65989,12,2014-11-21,Tacoma,44300.17,5.65,Completed
65990,9,2014-11-05,Highlander,53239.88,4.4,Completed
65991,12,2014-11-13,Highlander,72297.8,5.65,Completed
65992,9,2014-11-09,Sienna,38981.43,4.4,Completed
65993,13,2014-11-15,Tundra,51900.34,5.61,Completed
65994,4,2014-11-21,Tundra,37830.36,3.81,Pending
65995,17,2014-11-02,Camry,30407.99,4.51,Completed
65996,12,2014-11-27,Highlander,61241.71,5.65,Completed
65997,6,2014-11-14,Corolla,20003.28,3.86,Completed
65998,19,2014-11-08,Prius,31692.35,5.48,Completed
65999,16,2014-11-05,Tacoma,42941.18,6.06,Completed
66000,17,2014-11-01,Highlander,51368.82,4.51,Completed
66001,17,2014-11-30,RAV4,33202.64,4.51,Completed
66002,18,2014-11-01,Camry,40140.69,5.68,Completed
66003,16,2014-11-18,Tacoma,43897.04,6.06,Pending
66004,3,2014-11-25,Highlander,74373.27,5.69,Completed
66005,20,2014-11-09,Tacoma,47355.67,5.77,Completed
66006,4,2014-11-11,Camry,27932.1,3.81,Completed
66007,1,2014-11-08,Tundra,47285.0,5.24,Completed
66008,12,2014-11-25,Prius,35738.16,5.65,Completed
66009,5,2014-11-18,Highlander,62430.84,5.34,Completed
66010,5,2014-11-08,Sienna,42219.99,5.34,Completed
66011,6,2014-11-03,Tundra,37316.32,3.86,Completed
66012,5,2014-11-25,Corolla,26216.18,5.34,Completed
66013,13,2014-11-27,Tundra,51985.03,5.61,Completed
66014,16,2014-11-07,Sienna,50744.5,6.06,Completed
66015,18,2014-11-15,RAV4,53196.63,5.68,Completed
66016,10,2014-11-30,Tundra,37188.43,4.88,Completed
66017,5,2014-11-27,Camry,33002.95,5.34,Completed
66018,10,2014-11-02,Prius,27319.89,4.88,Completed
66019,12,2014-11-10,Highlander,67816.09,5.65,Completed
66020,11,2014-11-02,Highlander,53773.76,4.16,Completed
66021,16,2014-11-16,Corolla,32653.36,6.06,Completed
66022,1,2014-11-04,Camry,34100.96,5.24,Completed
66023,6,2014-11-17,RAV4,34770.2,3.86,Completed
66024,6,2014-11-07,Sienna,40178.59,3.86,Completed
66025,19,2014-11-09,Tacoma,35316.76,5.48,Completed
66026,8,2014-11-14,Tundra,52752.84,5.84,Completed
66027,18,2014-11-15,Sienna,56400.63,5.68,Completed
66028,14,2014-11-05,Prius,30900.44,5.1,Completed
66029,9,2014-11-06,Sienna,40851.42,4.4,Completed
66030,13,2014-11-24,RAV4,47530.29,5.61,Completed
66031,8,2014-11-06,Camry,41532.16,5.84,Completed
66032,6,2014-11-29,Corolla,20539.16,3.86,Completed
66033,2,2014-11-22,Sienna,41049.67,4.0,Completed
66034,9,2014-11-18,Prius,22542.04,4.4,Completed
66035,5,2014-11-20,Corolla,23198.32,5.34,Completed
66036,9,2014-11-28,RAV4,32230.96,4.4,Completed
66037,4,2014-11-12,RAV4,35640.39,3.81,Completed
66038,10,2014-11-19,RAV4,39361.93,4.88,Completed
66039,20,2014-11-04,RAV4,49620.76,5.77,Completed
66040,10,2014-11-10,Corolla,21632.24,4.88,Completed
66041,18,2014-11-05,Tundra,60847.52,5.68,Completed
66042,14,2014-11-29,Tundra,54736.1,5.1,Completed
66043,14,2014-11-01,Prius,35912.11,5.1,Completed
66044,19,2014-11-28,RAV4,44714.68,5.48,Completed
66045,8,2014-11-18,Camry,39826.34,5.84,Completed
66046,13,2014-11-20,Sienna,57780.18,5.61,Completed
66047,2,2014-11-23,Camry,30563.32,4.0,Completed
66048,7,2014-11-21,Tacoma,46209.56,5.39,Completed
66049,20,2014-11-17,Tacoma,48239.58,5.77,Completed
66050,17,2014-11-20,Tundra,34414.51,4.51,Completed
66051,15,2014-11-25,RAV4,50831.25,4.86,Completed
66052,2,2014-11-19,Prius,27894.52,4.0,Completed
66053,3,2014-11-19,Camry,41676.95,5.69,Completed
66054,19,2014-11-14,Corolla,23863.68,5.48,Completed
66055,15,2014-11-29,Camry,41979.14,4.86,Completed
66056,17,2014-11-06,RAV4,34650.87,4.51,Completed
66057,7,2014-11-29,Sienna,52003.3,5.39,Completed
66058,6,2014-11-11,Tacoma,30780.44,3.86,Completed
66059,13,2014-11-09,Sienna,52464.3,5.61,Completed
66060,4,2014-11-04,Sienna,34643.24,3.81,Completed
66061,17,2014-11-27,Sienna,38141.58,4.51,Completed
66062,1,2014-11-22,Tundra,44605.88,5.24,Pending
66063,2,2014-11-10,RAV4,34197.7,4.0,Completed
66064,11,2014-11-04,Prius,26423.73,4.16,Completed
66065,4,2014-11-10,Camry,28381.9,3.81,Completed
66066,20,2014-11-06,Tundra,48438.16,5.77,Completed
66067,19,2014-11-11,Sienna,49521.35,5.48,Completed
66068,3,2014-11-13,Highlander,73991.55,5.69,Completed
66069,2,2014-11-22,Camry,32756.5,4.0,Completed
66070,9,2014-11-27,RAV4,36855.69,4.4,Completed
66071,15,2014-11-13,Highlander,72496.74,4.86,Completed
66072,17,2014-11-20,Prius,24428.98,4.51,Completed
66073,7,2014-11-02,Corolla,30794.33,5.39,Completed
66074,18,2014-11-13,Tundra,53923.65,5.68,Completed
66075,9,2014-11-28,Prius,26735.15,4.4,Completed
66076,6,2014-11-16,Tacoma,28690.88,3.86,Completed
66077,5,2014-11-22,Prius,29002.63,5.34,Completed
66078,7,2014-11-03,Prius,34674.23,5.39,Completed
66079,10,2014-11-26,Camry,33719.57,4.88,Completed
66080,15,2014-11-08,Highlander,65237.73,4.86,Completed
66081,9,2014-11-23,Sienna,40927.9,4.4,Completed
66082,4,2014-11-05,Camry,30778.74,3.81,Completed
66083,9,2014-11-30,RAV4,33096.46,4.4,Completed
66084,7,2014-11-10,Highlander,70176.62,5.39,Cancelled
66085,12,2014-11-22,Prius,33443.9,5.65,Completed
66086,15,2014-11-01,Tacoma,39990.53,4.86,Completed
66087,6,2014-11-17,Camry,28692.41,3.86,Cancelled
66088,8,2014-11-08,Tacoma,48095.86,5.84,Completed
66089,7,2014-11-04,Corolla,29652.5,5.39,Completed
66090,17,2014-11-20,Sienna,40411.76,4.51,Completed
66091,12,2014-11-24,Camry,40801.33,5.65,Completed
66092,15,2014-11-18,Prius,32758.25,4.86,Completed
66093,13,2014-11-16,RAV4,51627.44,5.61,Completed
66094,9,2014-11-22,Highlander,51159.53,4.4,Completed
66095,12,2014-11-15,Prius,37195.16,5.65,Completed
66096,10,2014-11-17,Tacoma,32136.45,4.88,Completed
66097,11,2014-11-03,Prius,27116.61,4.16,Completed
66098,4,2014-11-29,Tundra,39437.08,3.81,Completed
66099,12,2014-11-20,Highlander,60860.94,5.65,Completed
66100,1,2014-11-26,Highlander,56525.65,5.24,Completed
66101,9,2014-11-11,Corolla,22062.69,4.4,Completed
66102,10,2014-11-24,Tundra,43073.22,4.88,Completed
66103,1,2014-11-22,Camry,32141.07,5.24,Completed
66104,11,2014-11-03,Sienna,37475.66,4.16,Completed
66105,19,2014-11-22,Camry,35660.49,5.48,Completed
66106,1,2014-11-20,Camry,34043.34,5.24,Completed
66107,8,2014-11-11,Sienna,52324.62,5.84,Completed
66108,19,2014-11-26,Camry,35124.35,5.48,Completed
66109,5,2014-11-27,RAV4,37338.3,5.34,Completed
66110,3,2014-11-06,Highlander,70554.3,5.69,Completed
66111,7,2014-11-15,Sienna,53158.69,5.39,Completed
66112,20,2014-11-12,Prius,37604.21,5.77,Completed
66113,9,2014-11-19,Corolla,21069.04,4.4,Completed
66114,7,2014-11-01,RAV4,51648.49,5.39,Completed
66115,13,2014-11-28,Highlander,65018.34,5.61,Completed
66116,4,2014-11-19,Camry,29151.29,3.81,Completed
66117,8,2014-11-15,RAV4,51583.01,5.84,Completed
66118,15,2014-11-25,Corolla,27138.31,4.86,Completed
66119,5,2014-11-30,Tacoma,35290.8,5.34,Completed
66120,3,2014-11-10,Corolla,34577.34,5.69,Completed
66121,2,2014-11-19,Sienna,41882.27,4.0,Completed
66122,1,2014-11-09,Tundra,42982.23,5.24,Completed
66123,4,2014-11-21,RAV4,33288.42,3.81,Completed
66124,1,2014-11-21,Sienna,42480.24,5.24,Completed
66125,18,2014-11-01,Prius,36537.21,5.68,Completed
66126,16,2014-11-20,Prius,34363.37,6.06,Completed
66127,9,2014-11-03,Highlander,52841.12,4.4,Completed
66128,10,2014-11-26,Highlander,51014.95,4.88,Completed
66129,5,2014-11-06,Highlander,54354.57,5.34,Completed
66130,20,2014-11-19,Highlander,66466.83,5.77,Completed
66131,9,2014-11-30,Sienna,38046.01,4.4,Completed
66132,4,2014-11-05,Highlander,43217.58,3.81,Completed
66133,10,2014-11-26,Highlander,50031.29,4.88,Completed
66134,5,2014-11-05,Tundra,43877.3,5.34,Completed
66135,15,2014-11-28,Corolla,27455.14,4.86,Completed
66136,8,2014-11-22,Corolla,30452.96,5.84,Completed
66137,7,2014-11-18,Corolla,28024.74,5.39,Cancelled
66138,8,2014-11-24,Tundra,51940.54,5.84,Completed
66139,3,2014-11-04,Tacoma,42494.07,5.69,Completed
66140,13,2014-11-07,Corolla,32626.61,5.61,Completed
66141,7,2014-11-15,Highlander,67318.14,5.39,Completed
66142,18,2014-11-25,Sienna,56826.2,5.68,Completed
66143,7,2014-11-13,Corolla,33202.2,5.39,Completed
66144,15,2014-11-01,Tundra,50952.27,4.86,Completed
66145,8,2014-11-05,Tacoma,41731.7,5.84,Completed
66146,14,2014-11-10,Camry,38686.42,5.1,Completed
66147,5,2014-11-04,Tundra,45477.35,5.34,Completed
66148,3,2014-11-07,Tacoma,44606.59,5.69,Completed
66149,12,2014-11-19,RAV4,50714.04,5.65,Completed
66150,5,2014-11-12,RAV4,38517.56,5.34,Completed
66151,3,2014-11-16,Camry,40216.01,5.69,Completed
66152,15,2014-11-25,RAV4,43426.95,4.86,Completed
66153,14,2014-11-07,Prius,35200.35,5.1,Completed
66154,1,2014-11-27,Tundra,46807.73,5.24,Completed
66155,6,2014-11-27,RAV4,32597.67,3.86,Completed
66156,20,2014-11-18,RAV4,49427.42,5.77,Completed
66157,16,2014-11-15,Highlander,71615.86,6.06,Cancelled
66158,1,2014-11-06,Tacoma,37918.8,5.24,Completed
66159,13,2014-11-09,RAV4,53049.07,5.61,Completed
66160,17,2014-11-08,Corolla,21575.0,4.51,Completed
66161,8,2014-11-23,Highlander,68217.76,5.84,Completed
66162,4,2014-11-08,Corolla,19689.08,3.81,Completed
66163,11,2014-11-06,Sienna,36668.87,4.16,Completed
66164,18,2014-11-01,Tundra,55917.13,5.68,Completed
66165,15,2014-11-18,Tacoma,45702.54,4.86,Completed
66166,14,2014-11-21,Sienna,54796.49,5.1,Completed
66167,4,2014-11-04,Sienna,39058.88,3.81,Completed
66168,9,2014-11-07,Tundra,38687.75,4.4,Completed
66169,16,2014-11-10,Sienna,49137.35,6.06,Completed
66170,3,2014-11-14,Sienna,56241.97,5.69,Completed
66171,20,2014-11-28,Camry,38013.75,5.77,Completed
66172,13,2014-11-17,Camry,39880.53,5.61,Completed
66173,17,2014-11-20,Tacoma,31481.91,4.51,Completed
66174,15,2014-11-04,Prius,31151.18,4.86,Completed
66175,17,2014-11-15,Sienna,40136.98,4.51,Completed
66176,14,2014-11-03,Corolla,31238.39,5.1,Completed
66177,1,2014-11-09,Tundra,44198.95,5.24,Completed
66178,18,2014-11-24,Highlander,76570.59,5.68,Completed
66179,19,2014-11-18,Tundra,42195.46,5.48,Completed
66180,14,2014-11-15,Sienna,51130.41,5.1,Completed
66181,5,2014-11-22,Prius,31794.12,5.34,Completed
66182,15,2014-11-15,Prius,32673.07,4.86,Completed
66183,3,2014-11-13,Tacoma,43694.23,5.69,Completed
66184,11,2014-11-27,Corolla,22271.45,4.16,Completed
66185,13,2014-11-26,Camry,46413.19,5.61,Pending
66186,7,2014-11-03,Camry,38955.77,5.39,Completed
66187,14,2014-11-06,Tacoma,42754.86,5.1,Completed
66188,8,2014-11-19,Sienna,52272.27,5.84,Completed
66189,20,2014-11-02,Corolla,32684.26,5.77,Completed
66190,7,2014-11-23,Corolla,30171.32,5.39,Completed
66191,10,2014-11-19,Sienna,41799.37,4.88,Completed
66192,8,2014-11-09,Camry,37267.65,5.84,Completed
66193,8,2014-11-21,Camry,37282.97,5.84,Pending
66194,5,2014-11-29,RAV4,43029.3,5.34,Completed
66195,14,2014-11-29,RAV4,42769.93,5.1,Completed
66196,8,2014-11-14,RAV4,53049.08,5.84,Completed
66197,7,2014-11-20,Corolla,31593.75,5.39,Completed
66198,6,2014-11-07,Corolla,21152.4,3.86,Completed
66199,20,2014-11-09,Tacoma,47161.55,5.77,Completed
66200,7,2014-11-12,Tundra,56847.19,5.39,Cancelled
66201,15,2014-11-21,Camry,38108.04,4.86,Completed
66202,15,2014-11-04,Sienna,56710.01,4.86,Completed
66203,13,2014-11-29,Tacoma,47784.76,5.61,Completed
66204,12,2014-11-05,Corolla,31614.21,5.65,Completed
66205,13,2014-11-04,RAV4,47471.04,5.61,Completed
66206,20,2014-11-14,Prius,33859.94,5.77,Completed
66207,16,2014-11-02,Sienna,54548.12,6.06,Completed
66208,10,2014-11-16,Tacoma,32176.81,4.88,Completed
66209,16,2014-11-24,Prius,36577.45,6.06,Completed
66210,9,2014-11-08,RAV4,35507.55,4.4,Completed
66211,10,2014-11-29,Camry,33577.98,4.88,Completed
66212,9,2014-11-14,Tacoma,32225.52,4.4,Completed
66213,6,2014-11-22,Prius,24677.08,3.86,Completed
66214,17,2014-11-11,Tundra,35053.51,4.51,Completed
66215,12,2014-11-27,Sienna,50640.89,5.65,Completed
66216,19,2014-11-23,RAV4,45260.99,5.48,Completed
66217,12,2014-11-17,Tundra,52525.02,5.65,Completed
66218,16,2014-11-28,Corolla,31010.97,6.06,Completed
66219,17,2014-11-09,Highlander,46238.73,4.51,Completed
66220,9,2014-11-18,Sienna,41527.44,4.4,Completed
66221,2,2014-11-29,Tundra,42633.28,4.0,Completed
66222,20,2014-11-14,Tacoma,44429.94,5.77,Completed
66223,4,2014-11-30,Prius,23473.58,3.81,Completed
66224,7,2014-11-17,Tundra,51234.31,5.39,Completed
66225,17,2014-11-06,Tacoma,32276.84,4.51,Completed
66226,13,2014-11-18,Corolla,31839.99,5.61,Completed
66227,8,2014-11-23,Camry,45066.84,5.84,Pending
66228,1,2014-11-04,Prius,31543.02,5.24,Completed
66229,9,2014-11-04,Camry,27166.61,4.4,Completed
66230,3,2014-11-07,Corolla,28984.53,5.69,Completed
66231,17,2014-11-06,Camry,31239.54,4.51,Completed
66232,12,2014-11-12,RAV4,47567.68,5.65,Completed
66233,7,2014-11-16,RAV4,46240.37,5.39,Completed
66234,1,2014-11-01,Prius,29991.77,5.24,Completed
66235,20,2014-11-26,RAV4,44528.65,5.77,Completed
66236,8,2014-11-28,Tacoma,47449.97,5.84,Completed
66237,19,2014-11-18,Corolla,25229.89,5.48,Completed
66238,20,2014-11-08,Tundra,56913.29,5.77,Completed
66239,4,2014-11-05,Highlander,46252.39,3.81,Completed
66240,16,2014-11-03,Corolla,32951.12,6.06,Completed
66241,10,2014-11-12,Camry,31144.13,4.88,Completed
66242,5,2014-11-21,Prius,31400.71,5.34,Completed
66243,19,2014-11-15,RAV4,40755.4,5.48,Completed
66244,8,2014-11-24,Corolla,28486.93,5.84,Completed
66245,19,2014-11-30,Tacoma,37545.49,5.48,Completed
66246,8,2014-11-27,Camry,39232.77,5.84,Completed
66247,9,2014-11-02,Tundra,37202.84,4.4,Completed
66248,6,2014-11-13,Sienna,38852.84,3.86,Completed
66249,15,2014-11-10,Prius,36358.4,4.86,Completed
66250,5,2014-11-30,RAV4,41656.79,5.34,Completed
66251,10,2014-11-05,Camry,31612.52,4.88,Completed
66252,18,2014-11-11,Tundra,58830.36,5.68,Completed
66253,10,2014-11-11,Highlander,45813.09,4.88,Completed
66254,14,2014-11-12,Sienna,51949.92,5.1,Completed
66255,9,2014-11-07,Camry,31687.32,4.4,Completed
66256,17,2014-11-21,Corolla,19808.73,4.51,Pending
66257,10,2014-11-27,Highlander,46702.12,4.88,Completed
66258,1,2014-11-07,Tacoma,34590.42,5.24,Completed
66259,19,2014-11-20,Highlander,60459.19,5.48,Cancelled
66260,19,2014-11-15,Tundra,48758.77,5.48,Completed
66261,11,2014-11-04,RAV4,32992.59,4.16,Completed
66262,10,2014-11-13,RAV4,34950.8,4.88,Completed
66263,3,2014-11-11,Corolla,30346.38,5.69,Cancelled
66264,4,2014-11-25,Prius,22964.48,3.81,Completed
66265,16,2014-11-27,Corolla,30929.51,6.06,Completed
66266,1,2014-11-16,Tacoma,34646.81,5.24,Completed
66267,10,2014-11-11,Sienna,41142.6,4.88,Completed
66268,6,2014-11-03,Corolla,19595.31,3.86,Completed
66269,5,2014-11-12,Prius,28510.21,5.34,Completed
66270,14,2014-11-23,RAV4,46910.01,5.1,Completed
66271,16,2014-11-13,Corolla,29470.61,6.06,Completed
66272,11,2014-11-06,Prius,22695.64,4.16,Completed
66273,7,2014-11-21,Tundra,50269.01,5.39,Cancelled
66274,16,2014-11-23,RAV4,51583.09,6.06,Completed
66275,9,2014-11-15,Camry,29916.99,4.4,Completed
66276,16,2014-11-04,RAV4,50742.13,6.06,Completed
66277,1,2014-11-10,Camry,36949.04,5.24,Completed
66278,20,2014-11-19,Highlander,66967.0,5.77,Completed
66279,11,2014-11-22,Highlander,44939.14,4.16,Completed
66280,9,2014-11-21,Corolla,23465.25,4.4,Completed
66281,5,2014-11-05,Tundra,42690.43,5.34,Completed
66282,6,2014-11-28,Highlander,46155.32,3.86,Completed
66283,8,2014-11-03,Tundra,58052.35,5.84,Completed
66284,16,2014-11-08,RAV4,46312.69,6.06,Completed
66285,4,2014-11-18,Tundra,38602.81,3.81,Completed
66286,8,2014-11-05,Sienna,51102.14,5.84,Completed
66287,16,2014-11-08,Corolla,28583.05,6.06,Completed
66288,12,2014-11-20,Corolla,27549.37,5.65,Completed
66289,10,2014-11-07,Camry,31176.31,4.88,Completed
66290,2,2014-11-28,Highlander,54397.35,4.0,Completed
66291,4,2014-11-05,RAV4,34402.27,3.81,Completed
66292,9,2014-11-03,Highlander,46986.34,4.4,Completed
66293,16,2014-11-12,Tacoma,42253.29,6.06,Completed
66294,2,2014-11-12,Highlander,47107.03,4.0,Pending
66295,15,2014-11-14,Highlander,61282.85,4.86,Completed
66296,20,2014-11-26,RAV4,45880.79,5.77,Completed
66297,14,2014-11-26,Tundra,48709.06,5.1,Completed
66298,8,2014-11-18,Tacoma,46122.87,5.84,Completed
66299,9,2014-11-27,Corolla,22368.74,4.4,Completed
66300,15,2014-11-18,Sienna,48851.51,4.86,Pending
66301,18,2014-11-08,Camry,45103.27,5.68,Completed
66302,20,2014-11-01,Corolla,31854.61,5.77,Completed
66303,14,2014-11-08,Prius,35285.83,5.1,Completed
66304,5,2014-11-13,Camry,34169.26,5.34,Completed
66305,4,2014-11-23,Corolla,22092.07,3.81,Completed
66306,6,2014-11-04,Highlander,51979.38,3.86,Completed
66307,11,2014-11-07,Sienna,39276.2,4.16,Completed
66308,9,2014-11-12,Tacoma,34600.3,4.4,Completed
66309,3,2014-11-14,Camry,38951.6,5.69,Completed
66310,19,2014-11-14,RAV4,40018.48,5.48,Completed
66311,6,2014-11-22,Sienna,36850.55,3.86,Completed
66312,18,2014-11-08,Camry,47194.75,5.68,Completed
66313,3,2014-11-16,Camry,40362.06,5.69,Completed
66314,3,2014-11-11,Prius,37081.8,5.69,Completed
66315,13,2014-11-05,Camry,43950.46,5.61,Completed
66316,14,2014-11-24,Prius,32187.67,5.1,Completed
66317,2,2014-11-06,Highlander,53064.29,4.0,Completed
66318,11,2014-11-16,Tacoma,34638.82,4.16,Completed
66319,3,2014-11-12,Highlander,65434.31,5.69,Completed
66320,20,2014-11-20,Camry,45388.18,5.77,Completed
66321,9,2014-11-02,Corolla,21157.91,4.4,Completed
66322,7,2014-11-29,Corolla,28133.38,5.39,Completed
66323,8,2014-11-13,Sienna,50075.67,5.84,Completed
66324,11,2014-11-17,Tundra,37121.05,4.16,Completed
66325,5,2014-11-26,Camry,38373.61,5.34,Completed
66326,17,2014-11-27,Tacoma,28816.79,4.51,Completed
66327,3,2014-11-05,Sienna,55356.81,5.69,Completed
66328,20,2014-11-24,Tacoma,47850.01,5.77,Completed
66329,2,2014-11-09,Sienna,39476.86,4.0,Completed
66330,9,2014-11-30,Highlander,52249.76,4.4,Completed
66331,20,2014-11-11,Tundra,51194.66,5.77,Completed
66332,6,2014-11-02,Prius,24318.79,3.86,Completed
66333,3,2014-11-20,Sienna,53580.56,5.69,Completed
66334,5,2014-11-12,RAV4,41237.06,5.34,Completed
66335,13,2014-11-22,Sienna,60451.35,5.61,Completed
66336,15,2014-11-12,Highlander,71780.5,4.86,Completed
66337,13,2014-11-06,Highlander,66058.36,5.61,Completed
66338,11,2014-11-14,Sienna,40671.35,4.16,Completed
66339,9,2014-11-25,Highlander,47771.56,4.4,Completed
66340,14,2014-11-07,Tacoma,39741.08,5.1,Completed
66341,17,2014-11-17,Prius,25845.04,4.51,Completed
66342,7,2014-11-10,Camry,43690.52,5.39,Completed
66343,11,2014-11-17,Highlander,49915.9,4.16,Completed
66344,3,2014-11-27,Tundra,55083.4,5.69,Completed
66345,15,2014-11-23,Sienna,55994.46,4.86,Completed
66346,15,2014-11-11,RAV4,52440.34,4.86,Completed
66347,12,2014-11-06,Camry,40794.39,5.65,Pending
66348,17,2014-11-23,Highlander,50781.18,4.51,Completed
66349,20,2014-11-10,Camry,37504.03,5.77,Completed
66350,10,2014-11-09,Tacoma,33304.76,4.88,Completed
66351,9,2014-11-06,Corolla,21988.55,4.4,Completed
66352,7,2014-11-29,Tacoma,45578.1,5.39,Completed
66353,12,2014-11-12,Sienna,49792.74,5.65,Completed
66354,6,2014-11-18,Highlander,43066.09,3.86,Cancelled
66355,2,2014-11-26,Corolla,22622.05,4.0,Completed
66356,12,2014-11-18,Corolla,32324.56,5.65,Completed
66357,2,2014-11-04,Corolla,25245.89,4.0,Completed
66358,10,2014-11-07,Prius,24929.15,4.88,Completed
66359,12,2014-11-03,Camry,42359.29,5.65,Completed
66360,2,2014-11-07,Tacoma,36471.66,4.0,Completed
66361,5,2014-11-18,RAV4,41207.2,5.34,Completed
66362,6,2014-11-05,Prius,21967.17,3.86,Completed
66363,8,2014-11-06,Prius,35117.06,5.84,Completed
66364,10,2014-11-18,Camry,33387.35,4.88,Completed
66365,14,2014-11-22,Highlander,58608.5,5.1,Completed
66366,20,2014-11-17,Tacoma,42173.09,5.77,Completed
66367,7,2014-11-30,Tacoma,41218.63,5.39,Cancelled
66368,15,2014-11-09,Sienna,55647.54,4.86,Completed
66369,1,2014-11-09,Tacoma,39785.32,5.24,Completed
66370,7,2014-11-16,RAV4,48961.29,5.39,Completed
66371,3,2014-11-22,Sienna,56745.88,5.69,Completed
66372,13,2014-11-01,Highlander,71610.05,5.61,Completed
66373,7,2014-11-03,Tundra,56674.01,5.39,Completed
66374,8,2014-11-20,Tacoma,48332.08,5.84,Completed
66375,8,2014-11-23,RAV4,46071.52,5.84,Completed
66376,10,2014-11-16,Tacoma,36386.22,4.88,Completed
66377,16,2014-11-29,Corolla,28503.2,6.06,Completed
66378,1,2014-11-13,Corolla,23705.14,5.24,Completed
66379,3,2014-11-02,RAV4,47989.91,5.69,Completed
66380,17,2014-11-08,Highlander,50550.56,4.51,Completed
66381,20,2014-11-25,Prius,36334.49,5.77,Completed
66382,5,2014-11-26,Prius,29307.84,5.34,Completed
66383,13,2014-11-22,Camry,39662.23,5.61,Completed
66384,15,2014-11-21,Tundra,55277.47,4.86,Completed
66385,4,2014-11-02,Tundra,35284.86,3.81,Cancelled
66386,18,2014-11-17,Corolla,32838.57,5.68,Completed
66387,15,2014-11-22,Camry,38476.6,4.86,Completed
66388,3,2014-11-10,Corolla,33884.5,5.69,Completed
66389,2,2014-11-05,RAV4,36422.96,4.0,Completed
66390,9,2014-11-13,Tundra,41046.71,4.4,Completed
66391,9,2014-11-18,Corolla,23887.11,4.4,Completed
66392,12,2014-11-11,RAV4,49370.41,5.65,Completed
66393,7,2014-11-03,Camry,44785.35,5.39,Completed
66394,8,2014-11-22,RAV4,45329.14,5.84,Completed
66395,13,2014-11-19,Camry,47138.51,5.61,Completed
66396,10,2014-11-18,Prius,27638.73,4.88,Completed
66397,2,2014-11-06,Tundra,39925.42,4.0,Completed
66398,17,2014-11-09,RAV4,36352.82,4.51,Completed
66399,18,2014-11-28,Tacoma,44897.68,5.68,Completed
66400,11,2014-11-14,Sienna,40788.91,4.16,Completed
66401,18,2014-11-02,Sienna,59683.92,5.68,Completed
66402,12,2014-11-04,Corolla,30857.48,5.65,Completed
66403,20,2014-11-20,Camry,37439.66,5.77,Completed
66404,13,2014-11-02,Prius,38922.66,5.61,Completed
66405,10,2014-11-10,Tundra,40925.39,4.88,Cancelled
66406,8,2014-11-05,Highlander,65446.5,5.84,Completed
66407,16,2014-11-07,Prius,37796.46,6.06,Completed
66408,1,2014-11-03,Camry,36007.71,5.24,Completed
66409,9,2014-11-22,Corolla,21798.54,4.4,Completed
66410,8,2014-11-08,Sienna,53302.08,5.84,Completed
66411,16,2014-11-23,Prius,38021.97,6.06,Completed
66412,15,2014-11-17,Camry,43861.61,4.86,Completed
66413,1,2014-11-13,Prius,27279.48,5.24,Completed
66414,4,2014-11-20,Camry,25743.17,3.81,Completed
66415,20,2014-11-06,Sienna,55438.67,5.77,Completed
66416,16,2014-11-05,Sienna,58147.08,6.06,Completed
66417,14,2014-11-07,Tacoma,44305.77,5.1,Completed
66418,17,2014-11-18,Tundra,37431.79,4.51,Completed
66419,1,2014-11-30,Camry,31830.5,5.24,Completed
66420,1,2014-11-01,Camry,37687.04,5.24,Completed
66421,15,2014-11-30,Corolla,31283.5,4.86,Completed
66422,14,2014-11-20,Corolla,27714.67,5.1,Completed
66423,14,2014-11-30,Highlander,64307.74,5.1,Completed
66424,5,2014-11-06,Tacoma,34109.13,5.34,Completed
66425,2,2014-11-05,Sienna,38040.9,4.0,Completed
66426,20,2014-11-30,Tacoma,40939.65,5.77,Completed
66427,5,2014-11-22,RAV4,38816.71,5.34,Completed
66428,5,2014-11-30,Camry,37935.98,5.34,Completed
66429,9,2014-11-07,Camry,30561.89,4.4,Completed
66430,14,2014-11-28,Corolla,29946.82,5.1,Completed
66431,15,2014-11-06,Sienna,55661.96,4.86,Completed
66432,17,2014-11-02,Tacoma,28366.44,4.51,Completed
66433,8,2014-11-18,Sienna,53614.24,5.84,Completed
66434,17,2014-11-17,Sienna,39156.23,4.51,Completed
66435,13,2014-11-22,Camry,44386.09,5.61,Completed
66436,18,2014-11-04,Camry,41012.52,5.68,Completed
66437,6,2014-11-04,Corolla,20796.76,3.86,Completed
66438,18,2014-11-03,Prius,36679.11,5.68,Completed
66439,18,2014-11-04,RAV4,48309.64,5.68,Completed
66440,6,2014-11-07,Sienna,35424.57,3.86,Completed
66441,1,2014-11-05,RAV4,37350.6,5.24,Completed
66442,1,2014-11-11,Corolla,23587.45,5.24,Completed
66443,18,2014-11-14,Camry,46211.99,5.68,Completed
66444,9,2014-11-18,Tacoma,33698.8,4.4,Completed
66445,2,2014-11-09,RAV4,35927.59,4.0,Completed
66446,12,2014-11-10,Highlander,70447.76,5.65,Completed
66447,19,2014-11-13,Sienna,41920.56,5.48,Pending
66448,6,2014-11-13,Prius,23825.58,3.86,Completed
66449,13,2014-11-19,Tacoma,44530.96,5.61,Completed
66450,4,2014-11-12,Camry,30722.87,3.81,Completed
66451,19,2014-11-16,RAV4,42656.16,5.48,Completed
66452,20,2014-11-26,Prius,35920.95,5.77,Completed
66453,9,2014-11-20,Prius,24966.45,4.4,Completed
66454,3,2014-11-18,Highlander,68379.35,5.69,Completed
66455,16,2014-11-05,Corolla,33240.07,6.06,Completed
66456,4,2014-11-05,Highlander,51044.7,3.81,Completed
66457,20,2014-11-22,Tacoma,43578.17,5.77,Completed
66458,2,2014-11-02,Tundra,37762.47,4.0,Completed
66459,11,2014-11-30,Highlander,46477.94,4.16,Completed
66460,20,2014-11-24,Camry,45026.25,5.77,Completed
66461,4,2014-11-05,Camry,26633.46,3.81,Completed
66462,8,2014-11-22,Highlander,64098.41,5.84,Completed
66463,13,2014-11-20,Tacoma,45605.75,5.61,Completed
66464,4,2014-11-29,Camry,30835.07,3.81,Completed
66465,17,2014-11-18,Camry,30467.96,4.51,Completed
66466,15,2014-11-21,Tacoma,43167.0,4.86,Completed
66467,5,2014-11-24,Prius,31920.29,5.34,Pending
66468,2,2014-11-24,Tundra,38051.94,4.0,Completed
66469,11,2014-11-26,Highlander,51394.39,4.16,Completed
66470,13,2014-11-28,Corolla,34687.92,5.61,Completed
66471,14,2014-11-27,Highlander,62891.27,5.1,Completed
66472,19,2014-11-16,Prius,28236.01,5.48,Completed
66473,14,2014-11-28,Highlander,67723.51,5.1,Completed
66474,2,2014-11-12,Sienna,41862.02,4.0,Completed
66475,6,2014-11-27,Sienna,35920.36,3.86,Completed
66476,17,2014-11-02,Tundra,36864.93,4.51,Completed
66477,12,2014-11-01,Sienna,51442.7,5.65,Completed
66478,7,2014-11-07,Highlander,65886.29,5.39,Completed
66479,15,2014-11-22,Highlander,65916.17,4.86,Completed
66480,16,2014-11-04,Camry,39968.16,6.06,Completed
66481,1,2014-11-20,Corolla,25045.01,5.24,Completed
66482,20,2014-11-29,RAV4,50448.06,5.77,Completed
66483,3,2014-11-25,Highlander,70595.88,5.69,Completed
66484,19,2014-11-18,Sienna,49537.57,5.48,Completed
66485,20,2014-11-17,Prius,35037.12,5.77,Pending
66486,18,2014-11-10,Prius,39371.71,5.68,Completed
66487,8,2014-11-17,RAV4,44875.06,5.84,Completed
66488,15,2014-11-14,Tacoma,46178.75,4.86,Completed
66489,10,2014-11-22,Sienna,37979.45,4.88,Completed
66490,13,2014-11-07,Corolla,34582.96,5.61,Completed
66491,10,2014-11-22,RAV4,33608.98,4.88,Completed
66492,18,2014-11-22,Camry,45865.05,5.68,Completed
66493,7,2014-11-05,Camry,38136.65,5.39,Completed
66494,2,2014-11-16,Camry,32284.0,4.0,Completed
66495,13,2014-11-14,Tundra,52078.76,5.61,Completed
66496,13,2014-11-20,RAV4,48132.62,5.61,Completed
66497,19,2014-11-12,Tacoma,36436.61,5.48,Completed
66498,7,2014-11-10,Tacoma,41184.97,5.39,Completed
66499,18,2014-11-02,Camry,43246.75,5.68,Completed
66500,1,2014-11-06,Sienna,40248.74,5.24,Completed
66501,8,2014-11-01,Tundra,51903.73,5.84,Completed
66502,6,2014-11-08,Prius,23604.75,3.86,Completed
66503,18,2014-11-07,Camry,48497.98,5.68,Completed
66504,19,2014-11-08,Corolla,28907.86,5.48,Completed
66505,17,2014-11-18,Corolla,22469.03,4.51,Completed
66506,14,2014-11-22,RAV4,48388.98,5.1,Completed
66507,9,2014-11-29,Corolla,24098.37,4.4,Completed
66508,16,2014-11-24,Prius,35586.81,6.06,Completed
66509,4,2014-11-03,RAV4,36129.22,3.81,Completed
66510,3,2014-11-06,Prius,32694.99,5.69,Pending
66511,9,2014-11-16,Corolla,21764.38,4.4,Completed
66512,13,2014-11-20,Corolla,29629.51,5.61,Cancelled
66513,14,2014-11-07,Corolla,29852.61,5.1,Completed
66514,5,2014-11-19,Highlander,57577.83,5.34,Completed
66515,12,2014-11-11,Tundra,52018.11,5.65,Completed
66516,11,2014-11-17,Tacoma,30685.02,4.16,Completed
66517,13,2014-11-01,Sienna,59711.42,5.61,Completed
66518,11,2014-11-12,Corolla,21453.36,4.16,Completed
66519,7,2014-11-05,RAV4,53891.63,5.39,Pending
66520,1,2014-11-13,Prius,28357.15,5.24,Completed
66521,15,2014-11-25,Sienna,56171.21,4.86,Completed
66522,15,2014-11-27,Prius,33988.25,4.86,Completed
66523,5,2014-11-27,Highlander,53035.64,5.34,Completed
66524,9,2014-11-08,Corolla,21839.03,4.4,Completed
66525,13,2014-11-27,Prius,37818.09,5.61,Completed
66526,7,2014-11-26,Camry,39869.24,5.39,Completed
66527,8,2014-11-15,Tacoma,42482.67,5.84,Completed
66528,10,2014-11-09,Camry,29649.36,4.88,Completed
66529,16,2014-11-07,Highlander,73146.31,6.06,Completed
66530,7,2014-11-29,Highlander,67250.5,5.39,Completed
66531,15,2014-11-05,Prius,35253.36,4.86,Completed
66532,17,2014-11-30,Tacoma,31036.83,4.51,Completed
66533,17,2014-11-08,Prius,25336.36,4.51,Completed
66534,2,2014-11-12,Sienna,36960.73,4.0,Completed
66535,12,2014-11-15,RAV4,47812.43,5.65,Completed
66536,12,2014-11-25,Tundra,56387.4,5.65,Completed
66537,8,2014-11-14,Highlander,62657.75,5.84,Completed
66538,19,2014-11-12,Tundra,49529.11,5.48,Completed
66539,9,2014-11-07,Highlander,51717.15,4.4,Completed
66540,17,2014-11-28,Tacoma,29354.61,4.51,Completed
66541,12,2014-11-05,Camry,39088.57,5.65,Completed
66542,1,2014-11-13,Sienna,44607.83,5.24,Completed
66543,13,2014-11-07,Prius,36917.11,5.61,Completed
66544,3,2014-11-13,Tundra,59358.42,5.69,Completed
66545,3,2014-11-04,Camry,47266.05,5.69,Completed
66546,19,2014-11-25,Camry,33506.28,5.48,Completed
66547,9,2014-11-11,Tundra,41745.33,4.4,Completed
66548,12,2014-11-02,Highlander,62887.28,5.65,Completed
66549,16,2014-11-11,Sienna,56862.53,6.06,Completed
66550,16,2014-11-02,Prius,35679.5,6.06,Completed
66551,8,2014-11-25,Sienna,57636.46,5.84,Completed
66552,5,2014-11-22,Highlander,58836.8,5.34,Completed
66553,11,2014-11-15,Camry,28730.55,4.16,Completed
66554,10,2014-11-04,Camry,32013.32,4.88,Completed
66555,19,2014-11-17,RAV4,44938.01,5.48,Completed
66556,7,2014-11-12,Corolla,31141.81,5.39,Completed
66557,11,2014-11-12,Prius,27260.03,4.16,Completed
66558,2,2014-11-27,Camry,32262.34,4.0,Completed
66559,4,2014-11-16,Sienna,34545.47,3.81,Completed
66560,16,2014-11-06,Highlander,68931.94,6.06,Completed
66561,8,2014-11-22,Camry,43578.85,5.84,Completed
66562,17,2014-11-29,Highlander,42780.46,4.51,Completed
66563,12,2014-11-20,RAV4,50383.63,5.65,Completed
66564,1,2014-11-18,Corolla,24061.87,5.24,Completed
66565,8,2014-11-24,Highlander,64552.47,5.84,Completed
66566,20,2014-11-26,Sienna,54419.03,5.77,Completed
66567,17,2014-11-10,Tundra,36185.48,4.51,Completed
66568,20,2014-11-25,RAV4,51848.36,5.77,Completed
66569,3,2014-11-16,Prius,37897.98,5.69,Completed
66570,11,2014-11-02,Highlander,49178.2,4.16,Completed
66571,18,2014-11-07,Tacoma,50444.67,5.68,Completed
66572,15,2014-11-16,Prius,33539.11,4.86,Completed
66573,15,2014-11-05,Tundra,49372.1,4.86,Completed
66574,6,2014-11-14,Prius,26771.59,3.86,Completed
66575,17,2014-11-20,Prius,23711.28,4.51,Completed
66576,3,2014-11-19,Highlander,74514.16,5.69,Completed
66577,9,2014-11-19,Camry,32288.41,4.4,Completed
66578,15,2014-11-30,Sienna,54142.43,4.86,Completed
66579,11,2014-11-24,Highlander,50908.33,4.16,Completed
66580,13,2014-11-01,Sienna,57384.05,5.61,Completed
66581,15,2014-11-18,Tacoma,46161.57,4.86,Completed
66582,6,2014-11-24,Tundra,40227.38,3.86,Completed
66583,7,2014-11-02,RAV4,50516.59,5.39,Completed
66584,13,2014-11-29,RAV4,54058.34,5.61,Completed
66585,2,2014-11-12,Tundra,41103.51,4.0,Completed
66586,3,2014-11-23,Tundra,56467.79,5.69,Completed
66587,4,2014-11-15,Sienna,36384.96,3.81,Completed
66588,10,2014-11-01,Sienna,40813.85,4.88,Completed
66589,10,2014-11-29,Camry,31804.59,4.88,Completed
66590,16,2014-11-25,Highlander,75631.01,6.06,Completed
66591,8,2014-11-02,Tundra,57633.25,5.84,Completed
66592,19,2014-11-14,RAV4,42723.48,5.48,Completed
66593,15,2014-11-06,Tacoma,41680.3,4.86,Completed
66594,14,2014-11-10,Prius,29913.95,5.1,Cancelled
66595,18,2014-11-06,Tundra,56029.65,5.68,Completed
66596,1,2014-11-30,Tacoma,35100.3,5.24,Completed
66597,11,2014-11-14,Camry,33050.37,4.16,Completed
66598,3,2014-11-19,Tundra,54650.07,5.69,Completed
66599,10,2014-11-05,Corolla,21119.65,4.88,Completed
66600,4,2014-11-19,Camry,29473.43,3.81,Completed
66601,6,2014-11-24,Corolla,21730.89,3.86,Completed
66602,14,2014-11-27,Tundra,46183.38,5.1,Completed
66603,9,2014-11-04,Highlander,44163.53,4.4,Pending
66604,4,2014-11-20,Tacoma,32142.03,3.81,Completed
66605,10,2014-11-03,Corolla,22737.06,4.88,Completed
66606,6,2014-11-28,Corolla,20898.49,3.86,Completed
66607,10,2014-11-12,Highlander,51565.51,4.88,Completed
66608,18,2014-11-28,Camry,42440.2,5.68,Completed
66609,13,2014-11-14,Prius,37440.78,5.61,Completed
66610,12,2014-11-18,Corolla,29764.32,5.65,Completed
66611,15,2014-11-12,Sienna,52644.36,4.86,Completed
66612,1,2014-11-17,Prius,27435.9,5.24,Completed
66613,12,2014-11-23,Tundra,57486.1,5.65,Completed
66614,5,2014-11-07,Highlander,56368.18,5.34,Completed
66615,15,2014-11-15,Sienna,47094.5,4.86,Completed
66616,5,2014-11-09,Prius,28927.6,5.34,Completed
66617,15,2014-11-20,Tacoma,43325.71,4.86,Completed
66618,18,2014-11-17,Sienna,54451.97,5.68,Completed
66619,9,2014-11-30,Tundra,38711.39,4.4,Completed
66620,14,2014-11-02,Camry,40626.3,5.1,Completed
66621,19,2014-11-22,Corolla,25194.53,5.48,Completed
66622,11,2014-11-24,Corolla,23128.36,4.16,Completed
66623,20,2014-11-20,Sienna,57469.03,5.77,Completed
66624,17,2014-11-29,Camry,31397.72,4.51,Completed
66625,14,2014-11-03,Corolla,26702.0,5.1,Completed
66626,5,2014-11-18,Sienna,48958.56,5.34,Completed
66627,4,2014-11-01,RAV4,33921.52,3.81,Completed
66628,14,2014-11-21,Sienna,49496.93,5.1,Completed
66629,1,2014-11-25,RAV4,43817.62,5.24,Completed
66630,19,2014-11-19,RAV4,41527.58,5.48,Completed
66631,4,2014-11-07,Camry,29980.51,3.81,Completed
66632,8,2014-11-30,Prius,35556.88,5.84,Completed
66633,12,2014-11-08,Corolla,27559.32,5.65,Completed
66634,6,2014-11-03,Highlander,51956.92,3.86,Completed
66635,11,2014-11-30,Tundra,35767.28,4.16,Completed
66636,14,2014-11-12,Corolla,30828.71,5.1,Completed
66637,7,2014-11-09,RAV4,45807.9,5.39,Pending
66638,10,2014-11-07,Corolla,22275.24,4.88,Completed
66639,2,2014-11-06,Camry,31082.17,4.0,Completed
66640,5,2014-11-27,Sienna,46342.88,5.34,Completed
66641,10,2014-11-22,Camry,31051.7,4.88,Completed
66642,11,2014-11-17,RAV4,33099.42,4.16,Pending
66643,13,2014-11-06,Sienna,58807.23,5.61,Completed
66644,10,2014-11-10,RAV4,36509.87,4.88,Completed
66645,16,2014-11-18,Corolla,31756.03,6.06,Completed
66646,20,2014-11-13,Tundra,54935.6,5.77,Completed
66647,11,2014-11-12,Prius,23599.19,4.16,Completed
66648,14,2014-11-06,Corolla,28148.89,5.1,Completed
66649,13,2014-11-26,Corolla,34613.66,5.61,Completed
66650,15,2014-11-07,Prius,36357.5,4.86,Completed
66651,13,2014-11-08,Corolla,28865.53,5.61,Completed
66652,20,2014-11-10,Tundra,54803.87,5.77,Completed
66653,19,2014-11-25,Tundra,44775.09,5.48,Completed
66654,8,2014-11-29,RAV4,45175.16,5.84,Completed
66655,20,2014-11-17,Prius,32161.67,5.77,Completed
66656,16,2014-11-03,Camry,40079.97,6.06,Completed
66657,14,2014-11-26,Tundra,49136.53,5.1,Completed
66658,17,2014-11-01,Prius,25362.38,4.51,Completed
66659,2,2014-11-17,RAV4,37544.8,4.0,Completed
66660,5,2014-11-14,Tacoma,41421.4,5.34,Completed
66661,18,2014-11-24,Corolla,29829.52,5.68,Completed
66662,4,2014-11-02,Camry,27301.06,3.81,Completed
66663,10,2014-11-11,Prius,27521.41,4.88,Cancelled
66664,8,2014-11-30,Corolla,32109.76,5.84,Completed
66665,6,2014-11-20,Tacoma,31100.24,3.86,Completed
66666,18,2014-11-04,Camry,40610.78,5.68,Completed
66667,19,2014-11-15,Tundra,42623.97,5.48,Completed
66668,2,2014-11-26,Corolla,23012.38,4.0,Completed
66669,1,2014-11-20,Camry,34253.15,5.24,Completed
66670,2,2014-11-06,RAV4,38624.82,4.0,Completed
66671,7,2014-11-13,RAV4,45440.22,5.39,Completed
66672,3,2014-11-11,Sienna,59810.06,5.69,Completed
66673,16,2014-11-17,Camry,40426.93,6.06,Completed
66674,8,2014-11-29,Prius,37628.48,5.84,Completed
66675,14,2014-11-23,RAV4,44947.27,5.1,Completed
66676,12,2014-11-19,Prius,34554.63,5.65,Completed
66677,2,2014-11-16,Sienna,40558.8,4.0,Completed
66678,5,2014-11-10,Camry,33837.27,5.34,Completed
66679,12,2014-11-30,Highlander,64479.88,5.65,Completed
66680,10,2014-11-19,Prius,28302.1,4.88,Completed
66681,20,2014-11-15,RAV4,53094.25,5.77,Completed
66682,9,2014-11-14,Camry,31208.36,4.4,Completed
66683,7,2014-11-02,Highlander,70206.28,5.39,Completed
66684,1,2014-11-22,Prius,30739.04,5.24,Completed
66685,16,2014-11-03,Camry,43585.51,6.06,Completed
66686,2,2014-11-10,Prius,25197.11,4.0,Completed
66687,17,2014-11-02,Highlander,49888.5,4.51,Completed
66688,7,2014-11-23,Tacoma,46948.98,5.39,Completed
66689,2,2014-11-22,Tacoma,37204.13,4.0,Completed
66690,16,2014-11-19,Sienna,52351.68,6.06,Completed
66691,6,2014-11-15,RAV4,31058.86,3.86,Completed
66692,10,2014-11-24,Camry,28150.3,4.88,Pending
66693,11,2014-11-13,Prius,27121.47,4.16,Completed
66694,5,2014-11-10,Corolla,27196.38,5.34,Completed
66695,6,2014-11-30,RAV4,32736.54,3.86,Completed
66696,8,2014-11-10,Prius,37351.5,5.84,Completed
66697,10,2014-11-04,Camry,28348.16,4.88,Completed
66698,11,2014-11-13,Prius,22946.75,4.16,Completed
66699,5,2014-11-08,Tundra,43267.65,5.34,Completed
66700,9,2014-11-07,Tacoma,35497.45,4.4,Completed
66701,9,2014-11-02,Corolla,23058.02,4.4,Completed
66702,14,2014-11-06,RAV4,47560.04,5.1,Completed
66703,8,2014-11-26,Sienna,55858.8,5.84,Completed
66704,1,2014-11-13,Sienna,44888.59,5.24,Completed
66705,1,2014-11-03,RAV4,43569.06,5.24,Completed
66706,16,2014-11-18,Tacoma,45215.16,6.06,Completed
66707,20,2014-11-19,Highlander,66481.72,5.77,Completed
66708,18,2014-11-17,Sienna,57426.73,5.68,Completed
66709,16,2014-11-23,Tacoma,43920.39,6.06,Completed
66710,7,2014-11-06,Tacoma,40895.02,5.39,Completed
66711,7,2014-11-04,Tacoma,49118.5,5.39,Completed
66712,10,2014-11-29,Tundra,38524.85,4.88,Completed
66713,14,2014-11-02,Corolla,26989.6,5.1,Completed
66714,10,2014-11-28,Camry,28670.88,4.88,Completed
66715,17,2014-11-08,Corolla,19830.87,4.51,Completed
66716,18,2014-11-06,Tacoma,47217.43,5.68,Completed
66717,18,2014-11-06,Tundra,51466.92,5.68,Completed
66718,18,2014-11-29,RAV4,50903.92,5.68,Completed
66719,5,2014-11-02,RAV4,40709.96,5.34,Completed
66720,18,2014-11-24,Highlander,73964.37,5.68,Completed
66721,8,2014-11-09,Camry,38009.65,5.84,Completed
66722,9,2014-11-25,Highlander,45465.45,4.4,Completed
66723,8,2014-11-05,RAV4,48006.74,5.84,Completed
66724,11,2014-11-30,Corolla,24280.41,4.16,Completed
66725,11,2014-11-09,Tacoma,33848.4,4.16,Completed
66726,11,2014-11-16,Corolla,23852.94,4.16,Completed
66727,17,2014-11-17,Camry,29071.9,4.51,Completed
66728,5,2014-11-12,Sienna,49021.47,5.34,Completed
66729,15,2014-11-09,Tacoma,39797.47,4.86,Completed
66730,11,2014-11-28,Tacoma,35795.18,4.16,Completed
66731,9,2014-11-25,Highlander,48692.75,4.4,Completed
66732,3,2014-11-19,Camry,40909.3,5.69,Completed
66733,12,2014-11-07,Tacoma,47372.94,5.65,Completed
66734,4,2014-11-27,RAV4,35151.37,3.81,Completed
66735,10,2014-11-24,Corolla,21660.29,4.88,Completed
66736,15,2014-11-18,Camry,36824.88,4.86,Completed
66737,19,2014-11-13,Highlander,53220.18,5.48,Completed
66738,14,2014-11-03,Camry,36326.4,5.1,Completed
66739,17,2014-11-08,Prius,25232.71,4.51,Completed
66740,5,2014-11-09,Highlander,51847.77,5.34,Completed
66741,13,2014-11-23,Corolla,34495.59,5.61,Completed
66742,18,2014-11-12,Prius,38057.73,5.68,Completed
66743,9,2014-11-27,Camry,29738.21,4.4,Completed
66744,9,2014-11-14,Tundra,39838.84,4.4,Completed
66745,7,2014-11-01,Corolla,31444.48,5.39,Completed
66746,20,2014-11-18,Camry,45333.95,5.77,Completed
66747,15,2014-11-10,Highlander,60796.41,4.86,Completed
66748,20,2014-11-01,Corolla,30207.67,5.77,Completed
66749,11,2014-11-11,RAV4,32252.64,4.16,Completed
66750,5,2014-11-28,Prius,30733.86,5.34,Completed
66751,17,2014-11-10,Sienna,33554.16,4.51,Completed
66752,9,2014-11-30,Corolla,20521.02,4.4,Completed
66753,20,2014-11-23,Corolla,30871.82,5.77,Completed
66754,12,2014-11-18,Tundra,53105.86,5.65,Completed
66755,19,2014-11-03,RAV4,44966.12,5.48,Completed
66756,7,2014-11-21,Prius,34032.13,5.39,Completed
66757,17,2014-11-24,Camry,31023.04,4.51,Completed
66758,15,2014-11-24,Tundra,52951.96,4.86,Completed
66759,20,2014-11-21,Camry,38328.54,5.77,Completed
66760,2,2014-11-11,Tundra,40101.35,4.0,Completed
66761,17,2014-11-26,Corolla,21298.55,4.51,Completed
66762,4,2014-11-26,Tundra,35328.36,3.81,Completed
66763,20,2014-11-11,Camry,40661.83,5.77,Completed
66764,19,2014-11-05,Camry,36454.41,5.48,Completed
66765,20,2014-11-19,Prius,32882.22,5.77,Completed
66766,2,2014-11-27,Tacoma,33759.13,4.0,Completed
66767,2,2014-11-17,RAV4,40506.88,4.0,Completed
66768,17,2014-11-10,Corolla,22091.85,4.51,Completed
66769,13,2014-11-11,RAV4,54346.95,5.61,Completed
66770,10,2014-11-14,Sienna,36392.96,4.88,Completed
66771,18,2014-11-08,Corolla,35476.48,5.68,Completed
66772,17,2014-11-28,Camry,27629.98,4.51,Completed
66773,10,2014-11-01,Corolla,23545.39,4.88,Completed
66774,3,2014-11-26,Highlander,72106.61,5.69,Completed
66775,19,2014-11-29,Tacoma,39480.13,5.48,Completed
66776,14,2014-11-11,Prius,31979.25,5.1,Completed
66777,1,2014-11-22,Prius,30829.84,5.24,Completed
66778,13,2014-11-14,RAV4,45980.92,5.61,Completed
66779,17,2014-11-03,Tacoma,34307.26,4.51,Completed
66780,13,2014-11-07,RAV4,51610.71,5.61,Cancelled
66781,17,2014-11-15,Tundra,35740.96,4.51,Completed
66782,10,2014-11-06,Corolla,24365.82,4.88,Completed
66783,8,2014-11-01,Tundra,57647.92,5.84,Completed
66784,3,2014-11-05,Highlander,66194.79,5.69,Completed
66785,19,2014-11-12,RAV4,45983.5,5.48,Completed
66786,16,2014-11-15,Camry,38633.14,6.06,Completed
66787,13,2014-11-19,Sienna,50194.06,5.61,Completed
66788,2,2014-11-16,Prius,24109.35,4.0,Pending
66789,12,2014-11-01,Tacoma,41339.46,5.65,Completed
66790,4,2014-11-14,Sienna,36654.05,3.81,Completed
66791,17,2014-11-20,Prius,22024.98,4.51,Completed
66792,16,2014-11-01,Corolla,29578.07,6.06,Completed
66793,12,2014-11-10,Tacoma,44022.59,5.65,Completed
66794,3,2014-11-26,Sienna,54524.99,5.69,Completed
66795,2,2014-11-21,Highlander,53769.2,4.0,Completed
66796,15,2014-11-13,Camry,38258.13,4.86,Completed
66797,12,2014-11-15,Tacoma,45886.34,5.65,Completed
66798,13,2014-11-25,RAV4,52693.55,5.61,Completed
66799,15,2014-11-29,Prius,35680.31,4.86,Completed
66800,13,2014-11-29,Sienna,50695.39,5.61,Completed
66801,14,2014-11-14,Tacoma,40347.55,5.1,Completed
66802,10,2014-11-14,Camry,32520.3,4.88,Pending
66803,9,2014-11-23,Camry,27051.12,4.4,Completed
66804,11,2014-11-16,Tundra,38724.97,4.16,Completed
66805,11,2014-11-11,Tacoma,34194.88,4.16,Completed
66806,1,2014-11-13,Corolla,24591.97,5.24,Completed
66807,3,2014-11-30,Prius,37190.63,5.69,Completed
66808,13,2014-11-06,Prius,33435.83,5.61,Completed
66809,5,2014-11-22,Sienna,42101.86,5.34,Completed
66810,16,2014-11-04,Tundra,50103.79,6.06,Completed
66811,3,2014-11-14,Camry,45632.83,5.69,Completed
66812,6,2014-11-07,Sienna,36308.36,3.86,Completed
66813,17,2014-11-06,Corolla,20134.86,4.51,Completed
66814,17,2014-11-16,Prius,26274.11,4.51,Completed
66815,18,2014-11-15,Camry,47025.24,5.68,Completed
66816,13,2014-11-14,Corolla,31197.21,5.61,Completed
66817,9,2014-11-10,Corolla,23180.52,4.4,Completed
66818,13,2014-11-05,Prius,33969.35,5.61,Completed
66819,9,2014-11-17,Sienna,36685.17,4.4,Completed
66820,20,2014-11-14,Tundra,58347.72,5.77,Cancelled
66821,6,2014-11-19,Prius,26055.36,3.86,Completed
66822,3,2014-11-06,Camry,42787.59,5.69,Completed
66823,10,2014-11-28,Prius,26852.95,4.88,Completed
66824,4,2014-11-03,Highlander,47657.61,3.81,Completed
66825,4,2014-11-04,Tundra,37049.1,3.81,Completed
66826,17,2014-11-01,Prius,21973.28,4.51,Completed
66827,12,2014-11-09,Prius,31104.77,5.65,Completed
66828,18,2014-11-01,Highlander,72469.42,5.68,Completed
66829,17,2014-11-18,Highlander,50672.1,4.51,Completed
66830,18,2014-11-04,Prius,36906.33,5.68,Completed
66831,18,2014-11-05,Sienna,53338.11,5.68,Completed
66832,1,2014-11-22,Sienna,40855.57,5.24,Completed
66833,8,2014-11-20,Highlander,68322.95,5.84,Cancelled
66834,16,2014-11-20,Camry,45560.29,6.06,Completed
66835,14,2014-11-07,Camry,37333.15,5.1,Completed
66836,18,2014-11-23,Tundra,58875.82,5.68,Completed
66837,10,2014-11-04,Highlander,55264.32,4.88,Completed
66838,7,2014-11-12,Sienna,55957.21,5.39,Completed
66839,18,2014-11-14,Highlander,68594.17,5.68,Completed
66840,10,2014-11-19,Prius,25242.33,4.88,Completed
66841,15,2014-11-03,Highlander,65731.57,4.86,Completed
66842,17,2014-11-12,Tacoma,28467.65,4.51,Completed
66843,7,2014-11-24,Prius,36899.67,5.39,Completed
66844,11,2014-11-27,Prius,27480.83,4.16,Completed
66845,16,2014-11-17,Prius,34078.5,6.06,Completed
66846,13,2014-11-23,Tacoma,47554.6,5.61,Completed
66847,11,2014-11-29,Prius,27329.7,4.16,Completed
66848,16,2014-11-16,RAV4,49987.91,6.06,Completed
66849,19,2014-11-10,Sienna,46185.95,5.48,Completed
66850,4,2014-11-27,Tacoma,30213.75,3.81,Completed
66851,4,2014-11-29,Corolla,20982.34,3.81,Completed
66852,19,2014-11-03,Tacoma,39651.33,5.48,Completed
66853,12,2014-11-10,Tacoma,45480.66,5.65,Completed
66854,16,2014-11-08,Highlander,76066.66,6.06,Completed
66855,17,2014-11-19,Tundra,40592.92,4.51,Completed
66856,17,2014-11-19,Tacoma,28358.22,4.51,Completed
66857,7,2014-11-26,Sienna,48448.65,5.39,Completed
66858,9,2014-11-11,Tacoma,29611.79,4.4,Completed
66859,14,2014-11-17,Highlander,62822.46,5.1,Completed
66860,20,2014-11-22,Prius,34947.4,5.77,Completed
66861,20,2014-11-14,Tacoma,48053.37,5.77,Completed
66862,20,2014-11-06,Corolla,31233.66,5.77,Completed
66863,12,2014-11-08,Tundra,50169.77,5.65,Completed
66864,17,2014-11-19,Tundra,37657.36,4.51,Completed
66865,14,2014-11-17,Camry,35797.96,5.1,Completed
66866,17,2014-11-17,Highlander,47256.46,4.51,Completed
66867,8,2014-11-23,Tundra,54097.14,5.84,Completed
66868,16,2014-11-30,Tundra,57260.52,6.06,Completed
66869,4,2014-11-18,Camry,29814.67,3.81,Completed
66870,3,2014-11-22,Prius,38632.82,5.69,Completed
66871,5,2014-11-13,Prius,31406.69,5.34,Completed
66872,10,2014-11-29,Tundra,35823.57,4.88,Completed
66873,14,2014-11-15,Sienna,46451.16,5.1,Completed
66874,4,2014-11-03,Prius,22587.33,3.81,Completed
66875,14,2014-11-29,Tacoma,43184.6,5.1,Completed
66876,17,2014-11-05,Sienna,38126.97,4.51,Completed
66877,3,2014-11-13,Tundra,55713.88,5.69,Completed
66878,20,2014-11-30,Tundra,53476.89,5.77,Completed
66879,2,2014-11-03,RAV4,37474.28,4.0,Pending
66880,4,2014-11-27,Prius,22807.08,3.81,Completed
66881,19,2014-11-07,Sienna,44212.65,5.48,Completed
66882,8,2014-11-27,RAV4,48918.8,5.84,Completed
66883,3,2014-11-27,RAV4,51883.08,5.69,Completed
66884,2,2014-11-23,RAV4,38946.41,4.0,Completed
66885,16,2014-11-06,Camry,38538.28,6.06,Cancelled
66886,19,2014-11-23,Tacoma,35103.07,5.48,Completed
66887,12,2014-11-10,RAV4,48961.34,5.65,Completed
66888,18,2014-11-24,Camry,45704.26,5.68,Completed
66889,11,2014-11-20,Sienna,39316.83,4.16,Completed
66890,9,2014-11-23,Camry,28824.08,4.4,Completed
66891,8,2014-11-30,Highlander,69185.55,5.84,Completed
66892,7,2014-11-19,RAV4,52202.18,5.39,Completed
66893,3,2014-11-26,Corolla,34523.72,5.69,Pending
66894,5,2014-11-27,Corolla,24844.09,5.34,Completed
66895,7,2014-11-20,Tundra,57469.98,5.39,Completed
66896,12,2014-11-28,Corolla,29672.04,5.65,Pending
66897,18,2014-11-05,Sienna,56603.66,5.68,Completed
66898,8,2014-11-16,RAV4,49348.46,5.84,Completed
66899,19,2014-11-14,Highlander,61586.46,5.48,Completed
66900,7,2014-11-13,Tundra,53005.26,5.39,Completed
66901,7,2014-11-28,Highlander,67763.81,5.39,Completed
66902,12,2014-11-17,Prius,33491.91,5.65,Completed
66903,4,2014-11-15,Sienna,36223.41,3.81,Completed
66904,7,2014-11-27,Corolla,30938.79,5.39,Completed
66905,6,2014-11-20,Camry,31610.75,3.86,Completed
66906,13,2014-11-16,Corolla,33368.8,5.61,Completed
66907,5,2014-11-15,Sienna,46819.68,5.34,Completed
66908,14,2014-11-17,Tundra,55209.52,5.1,Cancelled
66909,16,2014-11-12,Camry,46578.09,6.06,Completed
66910,7,2014-11-17,RAV4,48273.51,5.39,Completed
66911,18,2014-11-05,Sienna,58070.4,5.68,Completed
66912,8,2014-11-18,Corolla,29241.96,5.84,Completed
66913,3,2014-11-09,Sienna,52472.61,5.69,Completed
66914,2,2014-11-27,Tundra,40878.55,4.0,Completed
66915,7,2014-11-11,Sienna,52372.93,5.39,Completed
66916,17,2014-11-29,RAV4,30703.04,4.51,Completed
66917,12,2014-11-15,Sienna,55021.63,5.65,Completed
66918,3,2014-11-23,Camry,46860.57,5.69,Completed
66919,1,2014-11-29,Corolla,25977.14,5.24,Completed
66920,5,2014-11-16,Corolla,27865.45,5.34,Completed
66921,14,2014-11-23,Highlander,66982.26,5.1,Completed
66922,8,2014-11-26,Prius,33879.27,5.84,Completed
66923,6,2014-11-09,Corolla,19545.82,3.86,Completed
66924,8,2014-11-18,Highlander,73467.24,5.84,Completed
66925,6,2014-11-29,Corolla,22262.0,3.86,Completed
66926,15,2014-11-28,Highlander,65587.26,4.86,Completed
66927,10,2014-11-29,Sienna,41132.04,4.88,Completed
66928,17,2014-11-21,Corolla,20558.54,4.51,Completed
66929,16,2014-11-02,Camry,38351.3,6.06,Completed
66930,20,2014-11-22,Corolla,30679.12,5.77,Completed
66931,4,2014-11-23,Camry,28370.81,3.81,Completed
66932,19,2014-11-24,RAV4,40304.7,5.48,Completed
66933,11,2014-11-03,Sienna,40125.47,4.16,Completed
66934,13,2014-11-01,Camry,41403.17,5.61,Completed
66935,12,2014-11-16,Sienna,56515.61,5.65,Completed
66936,17,2014-11-29,Sienna,35781.89,4.51,Completed
66937,2,2014-11-05,Tundra,43171.05,4.0,Completed
66938,10,2014-11-20,Tacoma,36293.64,4.88,Pending
66939,7,2014-11-11,Corolla,31237.53,5.39,Completed
66940,9,2014-11-29,Highlander,47212.56,4.4,Completed
66941,2,2014-11-22,Highlander,49908.07,4.0,Completed
66942,20,2014-11-16,Prius,37035.06,5.77,Completed
66943,12,2014-11-01,Corolla,27213.31,5.65,Completed
66944,7,2014-11-11,Tundra,49637.23,5.39,Completed
66945,2,2014-11-19,Tacoma,33863.97,4.0,Completed
66946,3,2014-11-25,Corolla,33920.78,5.69,Completed
66947,17,2014-11-19,Corolla,19942.55,4.51,Completed
66948,14,2014-11-13,Sienna,46119.41,5.1,Completed
66949,1,2014-11-18,Tacoma,37115.46,5.24,Completed
66950,16,2014-11-27,Tundra,58755.36,6.06,Completed
66951,16,2014-11-07,Sienna,49759.55,6.06,Pending
66952,5,2014-11-27,Tacoma,39558.74,5.34,Completed
66953,13,2014-11-27,Tundra,54536.67,5.61,Completed
66954,2,2014-11-14,Highlander,54123.17,4.0,Completed
66955,7,2014-11-17,Tundra,52397.09,5.39,Completed
66956,16,2014-11-01,Sienna,58164.16,6.06,Completed
66957,15,2014-11-22,Corolla,32217.32,4.86,Completed
66958,11,2014-11-09,RAV4,38023.85,4.16,Completed
66959,6,2014-11-14,Tundra,36447.39,3.86,Completed
66960,12,2014-11-10,Corolla,30158.14,5.65,Completed
66961,3,2014-11-01,RAV4,54584.12,5.69,Completed
66962,12,2014-11-25,Tacoma,46780.56,5.65,Completed
66963,19,2014-11-19,Camry,34283.44,5.48,Completed
66964,2,2014-11-10,Prius,26470.56,4.0,Completed
66965,16,2014-11-09,Tundra,56869.5,6.06,Completed
66966,13,2014-11-22,Corolla,33469.3,5.61,Completed
66967,2,2014-11-21,Sienna,42151.62,4.0,Completed
66968,8,2014-11-01,Sienna,57214.29,5.84,Completed
66969,4,2014-11-24,Tacoma,30180.98,3.81,Completed
66970,9,2014-11-21,Tundra,36189.86,4.4,Completed
66971,10,2014-11-22,Sienna,43170.44,4.88,Completed
66972,7,2014-11-25,Corolla,29897.53,5.39,Completed
66973,7,2014-11-12,Camry,43740.92,5.39,Completed
66974,16,2014-11-16,Highlander,69769.46,6.06,Completed
66975,19,2014-11-24,Corolla,26595.72,5.48,Completed
66976,6,2014-11-16,Prius,24773.92,3.86,Completed
66977,13,2014-11-28,Sienna,54804.51,5.61,Completed
66978,5,2014-11-20,Sienna,43924.38,5.34,Cancelled
66979,6,2014-11-29,Corolla,21453.61,3.86,Completed
66980,19,2014-11-25,Sienna,48887.44,5.48,Completed
66981,14,2014-11-14,Highlander,68020.43,5.1,Completed
66982,2,2014-11-08,Camry,29005.72,4.0,Completed
66983,3,2014-11-01,Highlander,73848.13,5.69,Completed
66984,13,2014-11-20,Sienna,54605.11,5.61,Pending
66985,16,2014-11-22,Sienna,57484.07,6.06,Completed
66986,15,2014-11-13,RAV4,49191.02,4.86,Completed
66987,10,2014-11-09,Prius,24111.78,4.88,Completed
66988,2,2014-11-18,RAV4,39263.09,4.0,Completed
66989,13,2014-11-15,Prius,35149.82,5.61,Completed
66990,4,2014-11-17,RAV4,31274.42,3.81,Completed
66991,13,2014-11-03,Highlander,77426.72,5.61,Completed
66992,9,2014-11-19,Tacoma,35494.9,4.4,Completed
66993,5,2014-11-09,Tundra,41426.34,5.34,Completed
66994,9,2014-11-23,Highlander,50497.87,4.4,Completed
66995,9,2014-11-28,Sienna,35950.51,4.4,Completed
66996,16,2014-11-23,Corolla,31324.97,6.06,Completed
66997,10,2014-11-18,Corolla,22650.83,4.88,Completed
66998,15,2014-11-22,Camry,42779.89,4.86,Completed
66999,18,2014-11-29,Tacoma,51438.28,5.68,Completed
67000,15,2014-11-26,Camry,37533.63,4.86,Completed
67001,13,2014-11-20,Tacoma,46294.67,5.61,Completed
67002,8,2014-11-13,Tacoma,40168.77,5.84,Completed
67003,2,2014-11-11,RAV4,40071.1,4.0,Completed
67004,12,2014-11-25,Prius,35577.4,5.65,Completed
67005,8,2014-11-02,Sienna,57588.06,5.84,Completed
67006,8,2014-11-26,Sienna,51934.02,5.84,Completed
67007,8,2014-11-27,Tundra,51995.18,5.84,Completed
67008,7,2014-11-14,Tundra,58908.71,5.39,Completed
67009,20,2014-11-26,Sienna,50343.57,5.77,Completed
67010,6,2014-11-12,Highlander,47992.66,3.86,Completed
67011,14,2014-11-15,Tundra,55714.02,5.1,Completed
67012,7,2014-11-22,Prius,37881.61,5.39,Completed
67013,12,2014-11-18,Sienna,52427.13,5.65,Completed
67014,16,2014-11-13,Highlander,74123.56,6.06,Completed
67015,16,2014-11-24,Sienna,58036.72,6.06,Completed
67016,2,2014-11-06,Sienna,38640.25,4.0,Completed
67017,6,2014-11-21,Tacoma,32711.89,3.86,Completed
67018,11,2014-11-19,Sienna,40325.65,4.16,Completed
67019,4,2014-11-06,Prius,21608.7,3.81,Completed
67020,9,2014-11-13,RAV4,33565.1,4.4,Completed
67021,4,2014-11-22,Sienna,37399.03,3.81,Completed
67022,7,2014-11-25,Tacoma,43940.39,5.39,Completed
67023,8,2014-11-11,RAV4,46936.77,5.84,Completed
67024,10,2014-11-27,Corolla,20875.63,4.88,Completed
67025,4,2014-11-07,Camry,29745.89,3.81,Completed
67026,11,2014-11-26,Camry,33188.27,4.16,Completed
67027,9,2014-11-28,Camry,31092.87,4.4,Completed
67028,6,2014-11-26,RAV4,31936.09,3.86,Completed
67029,6,2014-11-30,RAV4,31551.53,3.86,Completed
67030,13,2014-11-07,Sienna,54478.33,5.61,Completed
67031,19,2014-11-28,Tundra,41849.93,5.48,Pending
67032,17,2014-11-27,Tundra,40730.28,4.51,Pending
67033,16,2014-11-16,RAV4,47747.39,6.06,Cancelled
67034,14,2014-11-26,Prius,32144.54,5.1,Completed
67035,15,2014-11-01,Sienna,48589.67,4.86,Completed
67036,15,2014-11-01,Sienna,54004.25,4.86,Completed
67037,19,2014-11-13,Tundra,45835.87,5.48,Completed
67038,16,2014-11-05,Tundra,56304.79,6.06,Completed
67039,18,2014-11-03,Corolla,35667.55,5.68,Completed
67040,12,2014-11-15,Camry,38165.53,5.65,Completed
67041,13,2014-11-05,Sienna,59864.81,5.61,Completed
67042,1,2014-11-09,Tundra,41987.4,5.24,Completed
67043,13,2014-11-24,Sienna,53741.92,5.61,Completed
67044,5,2014-11-28,Highlander,55740.93,5.34,Completed
67045,11,2014-11-26,RAV4,35407.9,4.16,Completed
67046,1,2014-11-21,Camry,34243.41,5.24,Completed
67047,19,2014-11-26,Sienna,46560.6,5.48,Completed
67048,17,2014-11-03,Tacoma,28465.41,4.51,Completed
67049,17,2014-11-27,Corolla,21307.62,4.51,Completed
67050,11,2014-11-15,Camry,27493.85,4.16,Completed
67051,12,2014-11-12,RAV4,46250.29,5.65,Completed
67052,11,2014-11-21,RAV4,33107.69,4.16,Completed
67053,8,2014-11-21,Highlander,63820.86,5.84,Completed
67054,2,2014-11-07,Camry,31630.44,4.0,Completed
67055,3,2014-11-16,Prius,33237.75,5.69,Completed
67056,3,2014-11-13,RAV4,51942.08,5.69,Completed
67057,6,2014-11-27,RAV4,37303.6,3.86,Completed
67058,8,2014-11-07,RAV4,46383.98,5.84,Completed
67059,11,2014-11-12,Camry,33054.3,4.16,Completed
67060,18,2014-11-04,Highlander,79345.86,5.68,Completed
67061,19,2014-11-04,Camry,37518.5,5.48,Completed
67062,15,2014-11-01,Corolla,30542.79,4.86,Completed
67063,18,2014-11-28,Highlander,77081.35,5.68,Completed
67064,5,2014-11-26,Highlander,59935.34,5.34,Completed
67065,5,2014-11-05,Sienna,41930.27,5.34,Completed
67066,5,2014-11-07,Sienna,41477.96,5.34,Completed
67067,7,2014-11-04,Highlander,71678.78,5.39,Completed
67068,14,2014-11-09,Tundra,49903.99,5.1,Completed
67069,8,2014-11-11,Corolla,32541.15,5.84,Completed
67070,19,2014-11-19,RAV4,44708.11,5.48,Completed
67071,7,2014-11-11,Camry,40082.75,5.39,Completed
67072,16,2014-11-29,Corolla,28044.93,6.06,Completed
67073,14,2014-11-29,Tacoma,41979.86,5.1,Completed
67074,8,2014-11-20,Corolla,31545.05,5.84,Completed
67075,5,2014-11-22,Tundra,49379.09,5.34,Completed
67076,18,2014-11-19,Sienna,59048.97,5.68,Completed
67077,3,2014-11-18,Corolla,29912.97,5.69,Completed
67078,15,2014-11-26,Corolla,28684.37,4.86,Completed
67079,7,2014-11-21,Prius,36915.26,5.39,Completed
67080,19,2014-11-21,Tundra,47538.47,5.48,Completed
67081,16,2014-11-10,RAV4,49135.58,6.06,Cancelled
67082,17,2014-11-13,Corolla,20020.33,4.51,Completed
67083,11,2014-11-07,Camry,28106.56,4.16,Completed
67084,10,2014-11-05,Prius,24007.4,4.88,Completed
67085,5,2014-11-29,Sienna,48700.53,5.34,Completed
67086,16,2014-11-05,Prius,36770.46,6.06,Completed
67087,15,2014-11-07,RAV4,45326.5,4.86,Completed
67088,20,2014-11-15,Prius,32313.72,5.77,Completed
67089,1,2014-11-06,RAV4,40243.78,5.24,Completed
67090,7,2014-11-04,Sienna,57729.11,5.39,Completed
67091,14,2014-11-26,Sienna,53139.4,5.1,Completed
67092,14,2014-11-06,Tundra,48502.18,5.1,Completed
67093,18,2014-11-21,Corolla,35335.06,5.68,Completed
67094,11,2014-11-21,Tacoma,33932.1,4.16,Completed
67095,13,2014-11-15,Tundra,55451.31,5.61,Completed
67096,18,2014-11-22,Tacoma,52350.85,5.68,Completed
67097,4,2014-11-21,Camry,26330.6,3.81,Completed
67098,10,2014-11-02,Tundra,37698.27,4.88,Completed
67099,13,2014-11-04,Prius,34618.43,5.61,Pending
67100,2,2014-11-27,Highlander,50051.29,4.0,Completed
67101,18,2014-11-24,Highlander,74439.28,5.68,Completed
67102,10,2014-11-09,Corolla,24023.19,4.88,Completed
67103,19,2014-11-03,Camry,38019.73,5.48,Completed
67104,11,2014-11-21,Prius,23749.4,4.16,Completed
67105,15,2014-11-06,Camry,38657.36,4.86,Completed
67106,9,2014-11-12,Sienna,34621.22,4.4,Completed
67107,9,2014-11-12,Tundra,41614.51,4.4,Completed
67108,4,2014-11-06,Sienna,39645.14,3.81,Cancelled
67109,15,2014-11-09,Corolla,31876.9,4.86,Completed
67110,8,2014-11-22,Tacoma,45021.74,5.84,Completed
67111,3,2014-11-11,Tundra,51209.47,5.69,Completed
67112,6,2014-11-07,RAV4,33591.0,3.86,Completed
67113,17,2014-11-04,Tacoma,32354.25,4.51,Completed
67114,8,2014-11-21,Tacoma,40371.58,5.84,Completed
67115,20,2014-11-14,RAV4,53128.9,5.77,Completed
67116,11,2014-11-07,Tundra,35088.79,4.16,Cancelled
67117,17,2014-11-30,Highlander,43105.09,4.51,Completed
67118,11,2014-11-19,Tundra,38746.72,4.16,Completed
67119,12,2014-11-12,Camry,43691.42,5.65,Completed
67120,4,2014-11-21,Highlander,44779.54,3.81,Completed
67121,18,2014-11-21,Sienna,61491.6,5.68,Completed
67122,12,2014-11-27,Highlander,66381.05,5.65,Completed
67123,18,2014-11-30,RAV4,50934.08,5.68,Completed
67124,6,2014-11-05,Camry,31279.07,3.86,Cancelled
67125,9,2014-11-22,Highlander,51545.39,4.4,Completed
67126,9,2014-11-30,Prius,24703.15,4.4,Completed
67127,6,2014-11-20,Corolla,19711.83,3.86,Completed
67128,19,2014-11-21,Highlander,63030.82,5.48,Completed
67129,2,2014-11-16,RAV4,39368.68,4.0,Completed
67130,2,2014-11-22,RAV4,40211.82,4.0,Completed
67131,6,2014-11-07,Sienna,39898.11,3.86,Completed
67132,15,2014-11-06,Prius,36862.02,4.86,Completed
67133,8,2014-11-08,Highlander,74134.98,5.84,Completed
67134,18,2014-11-30,Tacoma,45180.71,5.68,Completed
67135,3,2014-11-20,Tacoma,48516.28,5.69,Completed
67136,14,2014-11-07,Highlander,66698.59,5.1,Completed
67137,2,2014-11-05,Highlander,54837.34,4.0,Completed
67138,7,2014-11-21,Prius,33042.94,5.39,Completed
67139,4,2014-11-10,Highlander,43443.92,3.81,Completed
67140,19,2014-11-30,RAV4,46113.9,5.48,Completed
67141,14,2014-11-29,Camry,39597.85,5.1,Completed
67142,4,2014-11-02,Sienna,38606.02,3.81,Completed
67143,12,2014-11-19,Camry,38179.52,5.65,Completed
67144,5,2014-11-22,RAV4,40188.52,5.34,Pending
67145,3,2014-11-03,Corolla,28938.21,5.69,Completed
67146,13,2014-11-14,Prius,33404.74,5.61,Completed
67147,13,2014-11-21,Tundra,54149.6,5.61,Completed
67148,8,2014-11-22,Sienna,52972.67,5.84,Completed
67149,11,2014-11-16,Prius,25670.74,4.16,Completed
67150,3,2014-11-24,RAV4,46173.48,5.69,Completed
67151,16,2014-11-17,Tundra,49213.6,6.06,Completed
67152,1,2014-11-05,Highlander,55349.77,5.24,Completed
67153,2,2014-11-11,Highlander,50714.3,4.0,Completed
67154,11,2014-11-24,Prius,27014.8,4.16,Completed
67155,8,2014-11-02,Corolla,29356.85,5.84,Completed
67156,18,2014-11-23,Camry,47927.97,5.68,Completed
67157,14,2014-11-28,Tacoma,40916.94,5.1,Completed
67158,13,2014-11-14,Corolla,29598.01,5.61,Pending
67159,5,2014-11-16,Sienna,47914.6,5.34,Completed
67160,15,2014-11-07,Highlander,63640.2,4.86,Completed
67161,3,2014-11-19,RAV4,55303.17,5.69,Completed
67162,4,2014-11-06,Camry,28632.39,3.81,Completed
67163,2,2014-11-17,RAV4,37754.15,4.0,Completed
67164,2,2014-11-12,Prius,27703.76,4.0,Completed
67165,16,2014-11-11,Corolla,33602.15,6.06,Completed
67166,10,2014-11-05,Sienna,37111.66,4.88,Completed
67167,7,2014-11-25,RAV4,52879.74,5.39,Completed
67168,6,2014-11-06,Corolla,23308.58,3.86,Completed
67169,7,2014-11-02,Prius,34692.75,5.39,Completed
67170,18,2014-11-09,Tacoma,47330.45,5.68,Completed
67171,5,2014-11-19,Prius,30692.26,5.34,Completed
67172,19,2014-11-20,RAV4,39335.99,5.48,Completed
67173,12,2014-11-13,RAV4,45834.21,5.65,Completed
67174,9,2014-11-12,RAV4,36724.24,4.4,Completed
67175,17,2014-11-08,Tacoma,29165.14,4.51,Completed
67176,1,2014-11-17,Corolla,24618.71,5.24,Completed
67177,2,2014-11-05,Tundra,36879.32,4.0,Completed
67178,4,2014-11-29,Prius,25079.86,3.81,Completed
67179,12,2014-11-19,Tacoma,41244.79,5.65,Completed
67180,9,2014-11-02,Highlander,47273.37,4.4,Completed
67181,18,2014-11-03,Tundra,53566.21,5.68,Completed
67182,3,2014-11-10,RAV4,53446.73,5.69,Completed
67183,7,2014-11-14,RAV4,45024.43,5.39,Completed
67184,11,2014-11-26,RAV4,35159.22,4.16,Completed
67185,16,2014-11-01,Highlander,65538.82,6.06,Completed
67186,11,2014-11-25,Camry,28324.42,4.16,Completed
67187,13,2014-11-23,Highlander,73627.23,5.61,Completed
67188,11,2014-11-18,Highlander,51593.67,4.16,Completed
67189,12,2014-11-05,Tundra,50379.75,5.65,Cancelled
67190,5,2014-11-27,Sienna,40437.82,5.34,Completed
67191,16,2014-11-03,Prius,37672.68,6.06,Completed
67192,8,2014-11-05,Sienna,49620.69,5.84,Completed
67193,4,2014-11-21,Camry,31273.93,3.81,Completed
67194,5,2014-11-09,Corolla,27291.71,5.34,Completed
67195,18,2014-11-24,Camry,43692.78,5.68,Completed
67196,12,2014-11-11,Tundra,48440.42,5.65,Completed
67197,15,2014-11-07,Prius,32699.55,4.86,Completed
67198,7,2014-11-23,Corolla,28163.69,5.39,Completed
67199,9,2014-11-07,Camry,29515.69,4.4,Completed
67200,8,2014-11-20,Tacoma,46894.23,5.84,Completed
67201,14,2014-11-16,Sienna,55517.28,5.1,Completed
67202,9,2014-11-05,Highlander,49831.03,4.4,Completed
67203,9,2014-11-19,Highlander,50051.35,4.4,Completed
67204,10,2014-11-20,Corolla,23826.3,4.88,Completed
67205,5,2014-11-30,Tacoma,37724.08,5.34,Completed
67206,2,2014-11-17,Prius,24293.34,4.0,Completed
67207,5,2014-11-24,Tundra,43305.77,5.34,Completed
67208,3,2014-11-24,Tacoma,49136.86,5.69,Completed
67209,7,2014-11-09,Camry,39708.79,5.39,Completed
67210,14,2014-11-18,Camry,39776.75,5.1,Completed
67211,3,2014-11-05,RAV4,45960.46,5.69,Cancelled
67212,19,2014-11-14,RAV4,40564.25,5.48,Completed
67213,7,2014-11-30,Corolla,31493.54,5.39,Completed
67214,13,2014-11-24,RAV4,47532.56,5.61,Completed
67215,5,2014-11-30,Tacoma,37350.23,5.34,Completed
67216,10,2014-11-16,Tacoma,31055.62,4.88,Completed
67217,19,2014-11-14,RAV4,43512.91,5.48,Completed
67218,4,2014-11-28,Sienna,34784.33,3.81,Completed
67219,8,2014-11-03,Sienna,48390.3,5.84,Completed
67220,10,2014-11-30,Sienna,39569.18,4.88,Completed
67221,5,2014-11-29,Corolla,25447.79,5.34,Completed
67222,6,2014-11-27,Corolla,19467.04,3.86,Completed
67223,20,2014-11-18,RAV4,47848.89,5.77,Completed
67224,7,2014-11-12,Tacoma,41017.12,5.39,Completed
67225,8,2014-11-30,Tundra,51788.09,5.84,Completed
67226,4,2014-11-20,Camry,28450.38,3.81,Completed
67227,4,2014-11-23,RAV4,32964.97,3.81,Completed
67228,1,2014-11-30,Tacoma,34842.41,5.24,Completed
67229,16,2014-11-13,RAV4,45469.04,6.06,Completed
67230,19,2014-11-07,RAV4,40536.72,5.48,Completed
67231,5,2014-11-16,Tacoma,38235.76,5.34,Completed
67232,17,2014-11-29,Corolla,20270.31,4.51,Cancelled
67233,13,2014-11-27,Highlander,71080.6,5.61,Completed
67234,11,2014-11-02,Camry,30387.17,4.16,Completed
67235,3,2014-11-03,Tacoma,46472.52,5.69,Completed
67236,16,2014-11-21,Camry,42757.22,6.06,Completed
67237,7,2014-11-13,Sienna,57123.09,5.39,Completed
67238,8,2014-11-03,RAV4,44674.05,5.84,Completed
67239,11,2014-11-05,Highlander,49879.18,4.16,Completed
67240,1,2014-11-25,Camry,34990.96,5.24,Completed
67241,19,2014-11-09,Tacoma,38565.82,5.48,Completed
67242,6,2014-11-13,Tundra,34738.62,3.86,Completed
67243,19,2014-11-01,Sienna,48372.57,5.48,Completed
67244,8,2014-11-27,RAV4,53136.68,5.84,Completed
67245,2,2014-11-24,Sienna,36790.65,4.0,Completed
67246,13,2014-11-13,Tacoma,51016.23,5.61,Completed
67247,2,2014-11-24,Corolla,21470.69,4.0,Completed
67248,20,2014-11-15,RAV4,51497.84,5.77,Completed
67249,6,2014-11-28,Tacoma,31490.05,3.86,Completed
67250,20,2014-11-27,Highlander,67593.69,5.77,Completed
67251,14,2014-11-05,Highlander,59505.1,5.1,Completed
67252,16,2014-11-02,Sienna,50656.91,6.06,Completed
67253,1,2014-11-09,RAV4,37582.52,5.24,Completed
67254,8,2014-11-24,Tundra,54471.09,5.84,Completed
67255,15,2014-11-07,Camry,43264.37,4.86,Completed
67256,16,2014-11-10,Prius,37442.29,6.06,Completed
67257,14,2014-11-08,Tacoma,42632.9,5.1,Completed
67258,6,2014-11-02,Tacoma,31490.16,3.86,Completed
67259,15,2014-11-02,RAV4,46214.72,4.86,Completed
67260,20,2014-11-10,Prius,35527.78,5.77,Completed
67261,8,2014-11-14,Highlander,70404.18,5.84,Completed
67262,2,2014-11-27,Corolla,21034.04,4.0,Completed
67263,15,2014-11-03,Corolla,29008.99,4.86,Completed
67264,7,2014-11-07,Tacoma,48334.28,5.39,Completed
67265,9,2014-11-29,Sienna,40172.96,4.4,Completed
67266,6,2014-11-27,Highlander,47260.31,3.86,Completed
67267,6,2014-11-29,Sienna,36568.01,3.86,Completed
67268,4,2014-11-25,Corolla,19083.04,3.81,Completed
67269,9,2014-11-11,Corolla,24015.69,4.4,Completed
67270,11,2014-11-03,Camry,31360.75,4.16,Completed
67271,10,2014-11-07,Camry,31020.06,4.88,Completed
67272,11,2014-11-10,Highlander,52174.88,4.16,Completed
67273,3,2014-11-06,Camry,41005.01,5.69,Completed
67274,3,2014-11-04,Sienna,59972.23,5.69,Completed
67275,14,2014-11-22,Corolla,26866.42,5.1,Completed
67276,10,2014-11-17,Sienna,41526.19,4.88,Completed
67277,4,2014-11-22,Camry,29437.12,3.81,Pending
67278,4,2014-11-11,Corolla,21115.41,3.81,Completed
67279,1,2014-11-06,Prius,29717.28,5.24,Completed
67280,9,2014-11-02,Sienna,39532.45,4.4,Completed
67281,5,2014-11-21,Camry,34494.09,5.34,Completed
67282,12,2014-11-01,Tundra,56860.52,5.65,Completed
67283,20,2014-11-13,RAV4,44584.23,5.77,Completed
67284,3,2014-11-01,Tacoma,48967.48,5.69,Completed
67285,12,2014-11-19,Camry,39299.64,5.65,Completed
67286,17,2014-11-27,Corolla,23115.0,4.51,Completed
67287,20,2014-11-27,Tacoma,48309.58,5.77,Completed
67288,9,2014-11-15,Highlander,51254.47,4.4,Completed
67289,19,2014-11-26,Tundra,48553.84,5.48,Completed
67290,20,2014-11-21,Camry,41071.29,5.77,Completed
67291,20,2014-11-15,Corolla,33180.53,5.77,Completed
67292,1,2014-11-28,RAV4,42414.58,5.24,Completed
67293,16,2014-11-05,Tundra,51350.19,6.06,Completed
67294,9,2014-11-14,Tundra,38002.95,4.4,Completed
67295,15,2014-11-06,Prius,32630.09,4.86,Completed
67296,18,2014-11-08,Sienna,53745.62,5.68,Completed
67297,11,2014-11-03,Sienna,39979.74,4.16,Completed
67298,12,2014-11-07,Sienna,49216.22,5.65,Completed
67299,11,2014-11-30,Highlander,49563.57,4.16,Completed
67300,13,2014-11-12,Sienna,59954.55,5.61,Completed
67301,10,2014-11-22,Tacoma,31698.24,4.88,Completed
67302,8,2014-11-30,Corolla,27363.38,5.84,Completed
67303,18,2014-11-26,Tacoma,50982.33,5.68,Completed
67304,6,2014-11-08,Corolla,20449.6,3.86,Completed
67305,6,2014-11-28,Prius,26332.85,3.86,Completed
67306,14,2014-11-10,Prius,36014.25,5.1,Completed
67307,4,2014-11-16,Prius,23490.61,3.81,Completed
67308,6,2014-11-27,Highlander,52369.58,3.86,Completed
67309,9,2014-11-06,Highlander,48607.58,4.4,Completed
67310,6,2014-11-12,Sienna,38062.45,3.86,Completed
67311,5,2014-11-10,Tacoma,39976.68,5.34,Completed
67312,14,2014-11-21,Tacoma,39454.03,5.1,Completed
67313,5,2014-11-09,Highlander,57976.12,5.34,Completed
67314,3,2014-11-07,Tundra,51858.38,5.69,Completed
67315,10,2014-11-06,RAV4,39586.66,4.88,Completed
67316,2,2014-11-07,Sienna,42445.06,4.0,Completed
67317,20,2014-11-08,Corolla,32121.81,5.77,Completed
67318,18,2014-11-15,Highlander,72789.62,5.68,Completed
67319,18,2014-11-12,RAV4,53933.54,5.68,Completed
67320,14,2014-11-27,RAV4,45433.12,5.1,Completed
67321,2,2014-11-12,Corolla,24428.84,4.0,Completed
67322,19,2014-11-28,RAV4,38279.09,5.48,Completed
67323,2,2014-11-01,Sienna,39813.23,4.0,Completed
67324,16,2014-11-18,Corolla,31444.55,6.06,Completed
67325,5,2014-11-19,RAV4,41371.19,5.34,Completed
67326,9,2014-11-30,Tacoma,33731.54,4.4,Pending
67327,4,2014-11-19,Tacoma,28785.81,3.81,Completed
67328,19,2014-11-16,Tacoma,35625.96,5.48,Completed
67329,8,2014-11-21,Prius,31430.48,5.84,Completed
67330,5,2014-11-02,Camry,35350.83,5.34,Completed
67331,20,2014-11-10,Tundra,55316.4,5.77,Completed
67332,11,2014-11-16,Tacoma,32366.68,4.16,Completed
67333,6,2014-11-15,Highlander,46893.77,3.86,Completed
67334,3,2014-11-03,RAV4,53386.88,5.69,Pending
67335,13,2014-11-08,RAV4,46803.47,5.61,Completed
67336,17,2014-11-08,Camry,30393.67,4.51,Completed
67337,2,2014-11-07,Tundra,43686.16,4.0,Completed
67338,11,2014-11-30,Tundra,38549.46,4.16,Completed
67339,6,2014-11-20,Camry,30854.58,3.86,Completed
67340,5,2014-11-21,Highlander,53344.23,5.34,Completed
67341,13,2014-11-05,Tacoma,48843.16,5.61,Completed
67342,6,2014-11-13,RAV4,36412.58,3.86,Completed
67343,15,2014-11-25,Corolla,28331.68,4.86,Completed
67344,19,2014-11-15,Highlander,55099.97,5.48,Completed
67345,8,2014-11-14,Tundra,55830.78,5.84,Completed
67346,11,2014-11-11,RAV4,32383.3,4.16,Completed
67347,4,2014-11-12,Camry,28739.43,3.81,Completed
67348,15,2014-11-20,Prius,35320.55,4.86,Completed
67349,4,2014-11-18,Prius,23293.2,3.81,Completed
67350,6,2014-11-22,Prius,22295.31,3.86,Completed
67351,4,2014-11-20,Camry,26587.25,3.81,Completed
67352,5,2014-11-30,Tundra,40859.98,5.34,Completed
67353,16,2014-11-03,Camry,45348.67,6.06,Completed
67354,10,2014-11-23,RAV4,36335.21,4.88,Completed
67355,11,2014-11-21,Corolla,24117.66,4.16,Completed
67356,19,2014-11-26,Prius,32234.13,5.48,Completed
67357,10,2014-11-26,Camry,31313.96,4.88,Completed
67358,5,2014-11-13,Prius,27562.57,5.34,Completed
67359,3,2014-11-14,Camry,46736.49,5.69,Completed
67360,8,2014-11-25,RAV4,51634.1,5.84,Completed
67361,16,2014-11-14,Tundra,55050.52,6.06,Completed
67362,14,2014-11-27,Tacoma,45010.77,5.1,Completed
67363,7,2014-11-28,Highlander,62595.2,5.39,Completed
67364,7,2014-11-11,Prius,33426.22,5.39,Completed
67365,8,2014-11-16,RAV4,45874.02,5.84,Completed
67366,1,2014-11-08,Highlander,57213.67,5.24,Completed
67367,17,2014-11-25,Camry,29716.32,4.51,Completed
67368,16,2014-11-22,Prius,33861.05,6.06,Completed
67369,3,2014-11-17,Prius,35783.98,5.69,Completed
67370,3,2014-11-03,Camry,38876.53,5.69,Completed
67371,1,2014-11-21,Camry,32930.59,5.24,Completed
67372,5,2014-11-24,RAV4,37109.27,5.34,Completed
67373,14,2014-11-21,Tacoma,45211.16,5.1,Completed
67374,2,2014-11-22,Prius,28777.32,4.0,Completed
67375,14,2014-11-23,Sienna,46997.45,5.1,Completed
67376,12,2014-11-22,Highlander,70488.76,5.65,Completed
67377,19,2014-11-17,Tundra,49224.97,5.48,Completed
67378,10,2014-11-09,Tacoma,35078.13,4.88,Completed
67379,20,2014-11-09,Highlander,67687.43,5.77,Completed
67380,13,2014-11-03,Sienna,56943.19,5.61,Completed
67381,5,2014-11-29,Prius,27578.7,5.34,Completed
67382,7,2014-11-26,Corolla,31940.27,5.39,Completed
67383,14,2014-11-07,Tacoma,42987.41,5.1,Completed
67384,2,2014-11-09,Prius,26187.78,4.0,Completed
67385,11,2014-11-05,Camry,30094.15,4.16,Completed
67386,12,2014-11-25,RAV4,50395.81,5.65,Completed
67387,20,2014-11-26,Highlander,73810.72,5.77,Completed
67388,11,2014-11-22,Camry,29057.97,4.16,Completed
67389,7,2014-11-30,Highlander,66238.17,5.39,Completed
67390,7,2014-11-21,RAV4,47954.0,5.39,Completed
67391,9,2014-11-26,Corolla,20588.85,4.4,Completed
67392,7,2014-11-23,Sienna,59042.88,5.39,Completed
67393,9,2014-11-24,Corolla,22356.41,4.4,Completed
67394,2,2014-11-08,Prius,28132.27,4.0,Completed
67395,2,2014-11-05,Highlander,47435.9,4.0,Completed
67396,16,2014-11-11,Corolla,29139.06,6.06,Completed
67397,20,2014-11-18,Tacoma,47373.7,5.77,Completed
67398,15,2014-11-10,RAV4,46691.98,4.86,Completed
67399,15,2014-11-05,Highlander,60049.77,4.86,Completed
67400,13,2014-11-23,Corolla,33737.04,5.61,Completed
67401,10,2014-11-30,Tundra,38896.78,4.88,Completed
67402,15,2014-11-28,Tacoma,48470.6,4.86,Completed
67403,9,2014-11-12,Tacoma,33683.38,4.4,Completed
67404,8,2014-11-26,Highlander,68357.18,5.84,Completed
67405,1,2014-11-17,RAV4,38519.66,5.24,Completed
67406,14,2014-11-27,Camry,40549.43,5.1,Completed
67407,1,2014-11-08,Tacoma,35875.55,5.24,Completed
67408,12,2014-11-19,Corolla,29576.94,5.65,Completed
67409,1,2014-11-24,Prius,30193.18,5.24,Completed
67410,11,2014-11-28,RAV4,37163.54,4.16,Completed
67411,19,2014-11-22,Corolla,26619.21,5.48,Completed
67412,8,2014-11-09,Highlander,68431.8,5.84,Completed
67413,4,2014-11-07,Prius,21847.97,3.81,Completed
67414,9,2014-11-19,Camry,30718.61,4.4,Completed
67415,18,2014-11-17,Highlander,73619.67,5.68,Completed
67416,15,2014-11-16,Sienna,56284.79,4.86,Completed
67417,5,2014-11-24,Corolla,28169.66,5.34,Pending
67418,19,2014-11-19,Highlander,57633.89,5.48,Completed
67419,17,2014-11-15,Sienna,37961.98,4.51,Completed
67420,1,2014-11-21,Tundra,43795.86,5.24,Completed
67421,14,2014-11-07,Sienna,54753.66,5.1,Completed
67422,8,2014-11-26,Sienna,55113.62,5.84,Completed
67423,6,2014-11-21,Camry,29342.38,3.86,Completed
67424,12,2014-11-09,Corolla,27137.93,5.65,Completed
67425,19,2014-11-30,Prius,31290.75,5.48,Completed
67426,12,2014-11-17,RAV4,49646.23,5.65,Completed
67427,6,2014-11-23,Highlander,48826.54,3.86,Completed
67428,19,2014-11-26,Camry,38640.98,5.48,Completed
67429,8,2014-11-02,Camry,37455.52,5.84,Completed
67430,1,2014-11-02,Prius,26458.06,5.24,Completed
67431,14,2014-11-28,Corolla,29961.44,5.1,Completed
67432,9,2014-11-06,Corolla,23062.42,4.4,Cancelled
67433,1,2014-11-21,Sienna,47312.84,5.24,Completed
67434,3,2014-11-11,Camry,40005.17,5.69,Pending
67435,19,2014-11-08,RAV4,38945.18,5.48,Completed
67436,2,2014-11-12,Sienna,42958.58,4.0,Completed
67437,3,2014-11-02,RAV4,50869.42,5.69,Completed
67438,17,2014-11-20,Sienna,40378.1,4.51,Completed
67439,7,2014-11-14,Corolla,30164.83,5.39,Completed
67440,12,2014-11-20,Corolla,32463.34,5.65,Completed
67441,17,2014-11-29,Camry,27286.07,4.51,Completed
67442,4,2014-11-20,Sienna,38586.27,3.81,Completed
67443,8,2014-11-21,Highlander,63554.38,5.84,Completed
67444,4,2014-11-14,Prius,25981.4,3.81,Completed
67445,2,2014-11-08,Highlander,49385.16,4.0,Completed
67446,1,2014-11-16,Prius,27124.73,5.24,Completed
67447,5,2014-11-03,Tundra,42393.13,5.34,Completed
67448,11,2014-11-24,Camry,31743.1,4.16,Completed
67449,7,2014-11-15,Camry,45144.86,5.39,Completed
67450,5,2014-11-17,Highlander,57024.54,5.34,Completed
67451,2,2014-11-26,Corolla,24756.35,4.0,Completed
67452,9,2014-11-06,Corolla,21251.9,4.4,Completed
67453,19,2014-11-11,Camry,35198.07,5.48,Completed
67454,13,2014-11-01,Tundra,59922.73,5.61,Completed
67455,13,2014-11-23,Sienna,54008.79,5.61,Completed
67456,6,2014-11-25,Corolla,23295.03,3.86,Completed
67457,9,2014-11-27,Sienna,40285.72,4.4,Completed
67458,8,2014-11-24,RAV4,49905.96,5.84,Completed
67459,18,2014-11-30,Corolla,34561.17,5.68,Completed
67460,10,2014-11-30,Camry,30026.51,4.88,Completed
67461,11,2014-11-02,RAV4,38627.25,4.16,Completed
67462,16,2014-11-14,Sienna,57802.05,6.06,Completed
67463,13,2014-11-18,Highlander,76371.81,5.61,Completed
67464,9,2014-11-06,Camry,28997.72,4.4,Completed
67465,9,2014-11-13,Tundra,37082.72,4.4,Completed
67466,1,2014-11-25,Tundra,42042.53,5.24,Completed
67467,8,2014-11-24,Sienna,49219.22,5.84,Completed
67468,7,2014-11-21,RAV4,46847.19,5.39,Completed
67469,5,2014-11-13,Highlander,56757.08,5.34,Completed
67470,17,2014-11-12,Prius,22593.16,4.51,Completed
67471,20,2014-11-13,RAV4,47187.3,5.77,Completed
67472,14,2014-11-27,Camry,39003.87,5.1,Completed
67473,8,2014-11-25,Corolla,30092.48,5.84,Completed
67474,14,2014-11-01,Corolla,26974.96,5.1,Completed
67475,13,2014-11-26,Corolla,33379.71,5.61,Completed
67476,20,2014-11-17,Sienna,54437.88,5.77,Completed
67477,18,2014-11-29,Sienna,56112.24,5.68,Completed
67478,1,2014-11-10,Camry,37894.1,5.24,Completed
67479,15,2014-11-23,Sienna,56435.61,4.86,Completed
67480,6,2014-11-18,Camry,28836.84,3.86,Completed
67481,8,2014-11-06,Prius,35646.02,5.84,Completed
67482,7,2014-11-16,Tacoma,48332.72,5.39,Completed
67483,11,2014-11-29,Camry,27509.32,4.16,Cancelled
67484,2,2014-11-10,Camry,28882.38,4.0,Pending
67485,16,2014-11-06,Corolla,31676.98,6.06,Pending
67486,19,2014-11-07,RAV4,39482.11,5.48,Completed
67487,10,2014-11-20,Tacoma,32752.78,4.88,Completed
67488,6,2014-11-02,Sienna,35389.28,3.86,Completed
67489,2,2014-11-11,Corolla,21379.71,4.0,Completed
67490,16,2014-11-17,Sienna,58699.3,6.06,Completed
67491,7,2014-11-21,RAV4,49470.21,5.39,Completed
67492,5,2014-11-08,RAV4,38487.74,5.34,Completed
67493,5,2014-11-24,Prius,27630.45,5.34,Completed
67494,7,2014-11-07,Tacoma,48409.37,5.39,Completed
67495,12,2014-11-04,Highlander,66038.33,5.65,Completed
67496,19,2014-11-03,RAV4,41747.93,5.48,Completed
67497,18,2014-11-19,Highlander,66904.7,5.68,Completed
67498,20,2014-11-27,Highlander,72875.13,5.77,Completed
67499,20,2014-11-29,Tacoma,40417.58,5.77,Completed
67500,9,2014-11-05,RAV4,34362.69,4.4,Completed
67501,16,2014-11-04,Prius,36157.28,6.06,Completed
67502,5,2014-11-27,Tacoma,35320.03,5.34,Completed
67503,9,2014-11-06,Tundra,38374.9,4.4,Completed
67504,14,2014-11-02,Tundra,50163.74,5.1,Completed
67505,3,2014-11-26,Highlander,68895.52,5.69,Completed
67506,5,2014-11-19,Corolla,24464.21,5.34,Completed
67507,2,2014-11-25,Corolla,23171.54,4.0,Completed
67508,19,2014-11-16,Tundra,43183.38,5.48,Completed
67509,10,2014-11-30,Prius,26369.19,4.88,Completed
67510,2,2014-11-13,Camry,31850.11,4.0,Completed
67511,16,2014-11-20,RAV4,44954.39,6.06,Completed
67512,15,2014-11-12,Tacoma,44133.41,4.86,Completed
67513,8,2014-11-30,Camry,40262.01,5.84,Completed
67514,12,2014-11-16,Highlander,69281.28,5.65,Completed
67515,10,2014-11-30,RAV4,33749.34,4.88,Completed
67516,4,2014-11-28,Corolla,18888.03,3.81,Pending
67517,8,2014-11-11,RAV4,51094.29,5.84,Completed
67518,10,2014-11-20,RAV4,32912.63,4.88,Completed
67519,3,2014-11-29,Prius,32838.66,5.69,Completed
67520,3,2014-11-26,Tundra,57209.37,5.69,Completed
67521,14,2014-11-28,Prius,30510.52,5.1,Cancelled
67522,6,2014-11-05,Sienna,39702.27,3.86,Completed
67523,11,2014-11-08,Highlander,51399.68,4.16,Completed
67524,20,2014-11-25,Camry,43977.18,5.77,Completed
67525,13,2014-11-30,Highlander,70716.4,5.61,Completed
67526,17,2014-11-06,Sienna,34806.01,4.51,Completed
67527,11,2014-11-19,Tundra,41930.84,4.16,Completed
67528,8,2014-11-29,Corolla,29021.91,5.84,Completed
67529,2,2014-11-13,Highlander,53520.86,4.0,Completed
67530,14,2014-11-02,RAV4,49682.56,5.1,Completed
67531,18,2014-11-01,Tundra,56204.82,5.68,Completed
67532,14,2014-11-18,Sienna,50507.27,5.1,Cancelled
67533,13,2014-11-09,Camry,43774.16,5.61,Completed
67534,8,2014-11-20,Camry,38730.5,5.84,Completed
67535,11,2014-11-24,Tundra,41120.42,4.16,Completed
67536,14,2014-11-14,Prius,35039.65,5.1,Completed
67537,17,2014-11-21,RAV4,32535.91,4.51,Completed
67538,15,2014-11-09,Corolla,32495.57,4.86,Completed
67539,9,2014-11-21,Tacoma,29950.15,4.4,Completed
67540,4,2014-11-26,Sienna,36074.79,3.81,Completed
67541,11,2014-11-04,Tundra,40563.06,4.16,Completed
67542,14,2014-11-10,Corolla,27691.14,5.1,Completed
67543,13,2014-11-19,Camry,43843.17,5.61,Completed
67544,11,2014-11-25,Tacoma,33518.67,4.16,Completed
67545,8,2014-11-12,Sienna,57579.52,5.84,Completed
67546,18,2014-11-09,Prius,39849.69,5.68,Pending
67547,5,2014-11-09,Tundra,43072.07,5.34,Pending
67548,14,2014-11-07,Sienna,52086.93,5.1,Completed
67549,14,2014-11-08,Tundra,52232.04,5.1,Completed
67550,1,2014-11-30,Corolla,24379.21,5.24,Cancelled
67551,8,2014-11-11,Camry,45402.49,5.84,Completed
67552,19,2014-11-10,Tacoma,36091.75,5.48,Completed
67553,8,2014-11-30,Highlander,68495.01,5.84,Completed
67554,8,2014-11-07,Sienna,48835.57,5.84,Completed
67555,14,2014-11-15,Sienna,49299.15,5.1,Completed
67556,3,2014-11-12,Sienna,60502.45,5.69,Completed
67557,5,2014-11-12,RAV4,38903.09,5.34,Completed
67558,5,2014-11-24,Camry,38379.34,5.34,Completed
67559,5,2014-11-25,Highlander,55087.7,5.34,Completed
67560,15,2014-11-13,Tacoma,39885.47,4.86,Completed
67561,9,2014-11-14,Highlander,45706.9,4.4,Completed
67562,6,2014-11-30,Prius,22327.16,3.86,Completed
67563,3,2014-11-01,Highlander,65109.42,5.69,Completed
67564,9,2014-11-06,Corolla,23378.9,4.4,Completed
67565,10,2014-11-30,Tundra,40405.13,4.88,Pending
67566,3,2014-11-25,Prius,35373.5,5.69,Completed
67567,5,2014-11-05,Corolla,26235.44,5.34,Completed
67568,18,2014-11-02,RAV4,46988.16,5.68,Completed
67569,6,2014-11-24,Sienna,38703.3,3.86,Completed
67570,20,2014-11-22,Prius,38005.15,5.77,Completed
67571,16,2014-11-28,Corolla,32665.79,6.06,Completed
67572,11,2014-11-28,RAV4,34886.15,4.16,Completed
67573,14,2014-11-03,Highlander,63268.38,5.1,Completed
67574,1,2014-11-05,RAV4,40396.52,5.24,Completed
67575,12,2014-11-29,Corolla,27694.3,5.65,Completed
67576,6,2014-11-29,Tundra,35734.07,3.86,Completed
67577,9,2014-11-12,Tundra,40517.24,4.4,Completed
67578,18,2014-11-16,Tacoma,49382.73,5.68,Completed
67579,2,2014-11-12,Camry,32899.06,4.0,Completed
67580,3,2014-11-21,Tacoma,47519.92,5.69,Completed
67581,6,2014-11-08,Highlander,49525.5,3.86,Completed
67582,16,2014-11-27,Tacoma,44085.95,6.06,Completed
67583,5,2014-11-19,Prius,29841.12,5.34,Completed
67584,1,2014-11-07,Prius,30072.03,5.24,Completed
67585,17,2014-11-24,Tundra,34168.43,4.51,Completed
67586,12,2014-11-03,RAV4,51717.98,5.65,Completed
67587,17,2014-11-03,Tundra,37686.6,4.51,Completed
67588,1,2014-11-28,RAV4,38094.22,5.24,Completed
67589,9,2014-11-14,Camry,30950.89,4.4,Completed
67590,3,2014-11-17,Tacoma,50303.8,5.69,Completed
67591,7,2014-11-04,Highlander,71248.82,5.39,Pending
67592,19,2014-11-23,Tacoma,39174.93,5.48,Completed
67593,2,2014-11-28,Camry,30588.48,4.0,Completed
67594,11,2014-11-02,Prius,22951.87,4.16,Completed
67595,16,2014-11-26,Corolla,29991.61,6.06,Completed
67596,17,2014-11-15,RAV4,36290.05,4.51,Completed
67597,19,2014-11-16,RAV4,45567.79,5.48,Completed
67598,6,2014-11-29,Camry,32111.28,3.86,Completed
67599,18,2014-11-22,RAV4,56315.72,5.68,Completed
67600,8,2014-11-15,RAV4,49968.94,5.84,Completed
67601,18,2014-11-07,RAV4,52390.32,5.68,Completed
67602,10,2014-11-01,Prius,25469.45,4.88,Completed
67603,1,2014-11-07,Prius,26766.27,5.24,Completed
67604,18,2014-11-14,Highlander,70679.02,5.68,Completed
67605,15,2014-11-23,RAV4,44473.27,4.86,Completed
67606,7,2014-11-17,Tacoma,42312.55,5.39,Completed
67607,3,2014-11-16,Sienna,51096.89,5.69,Completed
67608,19,2014-11-06,Highlander,64420.98,5.48,Completed
67609,20,2014-11-23,Camry,42168.86,5.77,Completed
67610,1,2014-11-19,Prius,30904.3,5.24,Completed
67611,11,2014-11-06,Highlander,53705.58,4.16,Completed
67612,1,2014-11-14,Corolla,22983.96,5.24,Completed
67613,19,2014-11-28,Tundra,41676.99,5.48,Completed
67614,10,2014-11-22,Tundra,42660.01,4.88,Completed
67615,7,2014-11-17,Corolla,32971.4,5.39,Completed
67616,12,2014-11-12,Prius,37061.82,5.65,Completed
67617,14,2014-11-12,Prius,34851.23,5.1,Completed
67618,9,2014-11-28,Camry,29536.04,4.4,Completed
67619,10,2014-11-16,Tacoma,35295.3,4.88,Pending
67620,15,2014-11-23,Tundra,52181.8,4.86,Completed
67621,12,2014-11-23,Tundra,50191.34,5.65,Completed
67622,4,2014-11-05,Highlander,47388.53,3.81,Completed
67623,14,2014-11-17,RAV4,49120.38,5.1,Completed
67624,18,2014-11-29,Tacoma,44972.7,5.68,Completed
67625,19,2014-11-03,Highlander,57806.07,5.48,Completed
67626,11,2014-11-07,Highlander,46057.24,4.16,Completed
67627,6,2014-11-21,Tundra,38340.66,3.86,Completed
67628,3,2014-11-22,Prius,37387.69,5.69,Completed
67629,9,2014-11-26,RAV4,38146.89,4.4,Completed
67630,20,2014-11-06,Camry,40610.8,5.77,Completed
67631,2,2014-11-21,Sienna,38768.55,4.0,Completed
67632,13,2014-11-27,Prius,39172.22,5.61,Completed
67633,1,2014-11-29,Camry,31921.61,5.24,Completed
67634,19,2014-11-12,Tacoma,36038.05,5.48,Completed
67635,2,2014-11-14,Tundra,43113.58,4.0,Completed
67636,12,2014-11-13,Prius,31624.69,5.65,Completed
67637,4,2014-11-25,Tacoma,30636.35,3.81,Completed
67638,14,2014-11-11,Highlander,69616.36,5.1,Completed
67639,4,2014-11-15,Tacoma,32509.7,3.81,Completed
67640,4,2014-11-27,Tacoma,30521.33,3.81,Completed
67641,1,2014-11-20,Camry,34169.92,5.24,Completed
67642,16,2014-11-26,Corolla,29113.78,6.06,Completed
67643,8,2014-11-13,Tundra,51008.76,5.84,Completed
67644,18,2014-11-14,Camry,43774.07,5.68,Pending
67645,8,2014-11-05,Prius,33080.29,5.84,Completed
67646,2,2014-11-05,Tundra,37189.6,4.0,Completed
67647,9,2014-11-27,Tundra,35079.5,4.4,Completed
67648,9,2014-11-12,Tundra,38851.94,4.4,Completed
67649,11,2014-11-03,Sienna,39564.15,4.16,Completed
67650,6,2014-11-06,Sienna,40766.17,3.86,Completed
67651,15,2014-11-03,Tacoma,45026.48,4.86,Completed
67652,7,2014-11-26,Sienna,48852.93,5.39,Completed
67653,12,2014-11-16,Sienna,54118.52,5.65,Completed
67654,2,2014-11-18,Tacoma,33817.53,4.0,Completed
67655,10,2014-11-09,Corolla,24513.97,4.88,Completed
67656,10,2014-11-27,Highlander,53444.22,4.88,Completed
67657,20,2014-11-14,RAV4,50861.49,5.77,Completed
67658,18,2014-11-19,Corolla,33715.17,5.68,Completed
67659,6,2014-11-04,Tacoma,30243.55,3.86,Completed
67660,18,2014-11-05,Highlander,73193.35,5.68,Completed
67661,12,2014-11-25,Highlander,72963.58,5.65,Completed
67662,5,2014-11-03,Camry,35138.97,5.34,Completed
67663,7,2014-11-18,Sienna,50324.37,5.39,Completed
67664,8,2014-11-19,Tacoma,46796.9,5.84,Completed
67665,19,2014-11-07,Corolla,26652.57,5.48,Completed
67666,14,2014-11-14,Tundra,50325.97,5.1,Completed
67667,8,2014-11-11,Camry,39207.81,5.84,Completed
67668,2,2014-11-15,Prius,24493.16,4.0,Completed
67669,5,2014-11-16,Sienna,43410.0,5.34,Completed
67670,19,2014-11-10,Tacoma,35036.56,5.48,Completed
67671,5,2014-11-13,Highlander,54731.89,5.34,Completed
67672,10,2014-11-04,Tundra,41355.54,4.88,Completed
67673,15,2014-11-30,Prius,33115.13,4.86,Completed
67674,3,2014-11-25,Tundra,54431.76,5.69,Completed
67675,10,2014-11-21,Highlander,51042.37,4.88,Completed
67676,10,2014-11-11,RAV4,33271.65,4.88,Completed
67677,18,2014-11-13,Sienna,57385.77,5.68,Completed
67678,17,2014-11-19,Highlander,43122.46,4.51,Completed
67679,9,2014-11-02,Highlander,53154.17,4.4,Completed
67680,11,2014-11-01,Sienna,35842.6,4.16,Completed
67681,19,2014-11-05,Corolla,25700.25,5.48,Completed
67682,16,2014-11-07,Tundra,59813.79,6.06,Completed
67683,12,2014-11-05,Prius,35311.53,5.65,Completed
67684,8,2014-11-15,Corolla,30625.35,5.84,Completed
67685,5,2014-11-03,Tundra,42669.05,5.34,Completed
67686,8,2014-11-20,Tundra,49032.86,5.84,Completed
67687,8,2014-11-05,Corolla,29547.25,5.84,Completed
67688,11,2014-11-08,Sienna,39212.48,4.16,Completed
67689,1,2014-11-14,RAV4,37156.53,5.24,Completed
67690,18,2014-11-12,Sienna,57781.9,5.68,Completed
67691,1,2014-11-09,Sienna,42601.33,5.24,Completed
67692,1,2014-11-26,Highlander,60544.24,5.24,Completed
67693,15,2014-11-13,Camry,40457.27,4.86,Completed
67694,20,2014-11-24,Sienna,55163.29,5.77,Completed
67695,5,2014-11-15,Highlander,57644.0,5.34,Pending
67696,14,2014-11-20,Corolla,31754.88,5.1,Completed
67697,8,2014-11-12,Highlander,62749.89,5.84,Completed
67698,9,2014-11-26,Sienna,37580.69,4.4,Completed
67699,15,2014-11-04,Tacoma,40999.62,4.86,Completed
67700,12,2014-11-28,Sienna,51871.21,5.65,Completed
67701,15,2014-11-04,Sienna,53891.84,4.86,Completed
67702,20,2014-11-27,Tundra,51329.03,5.77,Completed
67703,19,2014-11-01,Camry,33658.99,5.48,Completed
67704,13,2014-11-12,Prius,37414.29,5.61,Completed
67705,11,2014-11-06,Camry,27503.43,4.16,Completed
67706,2,2014-11-22,Sienna,43804.16,4.0,Completed
67707,1,2014-11-10,Prius,31422.01,5.24,Completed
67708,3,2014-11-08,Camry,40863.66,5.69,Completed
67709,14,2014-11-23,Highlander,69404.4,5.1,Completed
67710,5,2014-11-20,Tundra,42130.92,5.34,Completed
67711,17,2014-11-03,Corolla,19427.4,4.51,Completed
67712,6,2014-11-25,RAV4,34251.93,3.86,Completed
67713,14,2014-11-01,Tacoma,45643.01,5.1,Completed
67714,4,2014-11-21,Corolla,21153.14,3.81,Completed
67715,18,2014-11-05,Prius,37499.87,5.68,Completed
67716,8,2014-11-29,Sienna,51350.07,5.84,Completed
67717,10,2014-11-10,Camry,33663.45,4.88,Completed
67718,3,2014-11-15,Sienna,58771.63,5.69,Completed
67719,13,2014-11-05,Highlander,67220.51,5.61,Completed
67720,20,2014-11-29,Tacoma,48834.46,5.77,Completed
67721,15,2014-11-01,Tundra,55865.66,4.86,Completed
67722,7,2014-11-26,Sienna,51810.32,5.39,Completed
67723,4,2014-11-25,Prius,21854.91,3.81,Completed
67724,3,2014-11-02,Tacoma,47156.64,5.69,Completed
67725,11,2014-11-10,Prius,24050.7,4.16,Completed
67726,17,2014-11-02,RAV4,31103.15,4.51,Completed
67727,18,2014-11-20,Corolla,35294.87,5.68,Completed
67728,12,2014-11-08,Corolla,31314.45,5.65,Completed
67729,3,2014-11-10,Prius,32490.99,5.69,Completed
67730,14,2014-11-03,Prius,33000.82,5.1,Completed
67731,13,2014-11-05,Tacoma,49779.62,5.61,Completed
67732,10,2014-11-15,Highlander,49617.04,4.88,Completed
67733,19,2014-11-25,Prius,29020.74,5.48,Completed
67734,10,2014-11-02,Tacoma,34081.35,4.88,Completed
67735,1,2014-11-02,Sienna,45801.45,5.24,Completed
67736,7,2014-11-13,Prius,33706.47,5.39,Completed
67737,10,2014-11-09,Corolla,24369.87,4.88,Completed
67738,4,2014-11-07,Corolla,19564.58,3.81,Completed
67739,1,2014-11-15,Tacoma,40553.72,5.24,Completed
67740,12,2014-11-30,Tundra,50517.74,5.65,Completed
67741,19,2014-11-25,Highlander,64358.23,5.48,Completed
67742,19,2014-11-16,Prius,27650.49,5.48,Completed
67743,15,2014-11-12,Tundra,56631.05,4.86,Completed
67744,16,2014-11-15,Tacoma,42346.38,6.06,Completed
67745,20,2014-11-30,Tundra,58145.19,5.77,Completed
67746,20,2014-11-19,Corolla,29859.32,5.77,Completed
67747,11,2014-11-30,RAV4,32839.64,4.16,Completed
67748,9,2014-11-30,Sienna,40776.78,4.4,Completed
67749,2,2014-11-21,Highlander,53613.13,4.0,Completed
67750,17,2014-11-12,Prius,23706.78,4.51,Completed
67751,17,2014-11-23,Corolla,20636.86,4.51,Completed
67752,12,2014-11-28,Tacoma,42572.81,5.65,Completed
67753,20,2014-11-17,Highlander,68061.34,5.77,Completed
67754,7,2014-11-27,Highlander,67087.82,5.39,Completed
67755,14,2014-11-19,Sienna,50211.0,5.1,Completed
67756,5,2014-11-19,Tacoma,36558.65,5.34,Completed
67757,7,2014-11-08,Corolla,28534.34,5.39,Completed
67758,2,2014-11-25,Camry,33672.94,4.0,Completed
67759,11,2014-11-09,Tacoma,32638.13,4.16,Pending
67760,3,2014-11-10,Prius,34000.99,5.69,Completed
67761,19,2014-11-27,Corolla,25648.86,5.48,Completed
67762,19,2014-11-20,Sienna,48175.63,5.48,Completed
67763,20,2014-11-29,Tacoma,46704.29,5.77,Completed
67764,17,2014-11-08,Prius,24515.94,4.51,Completed
67765,1,2014-11-03,Highlander,61770.54,5.24,Completed
67766,4,2014-11-04,Prius,24542.28,3.81,Completed
67767,10,2014-11-16,Tacoma,35059.11,4.88,Completed
67768,2,2014-11-16,Camry,30691.46,4.0,Completed
67769,3,2014-11-09,Camry,44809.94,5.69,Completed
67770,2,2014-11-17,RAV4,33899.28,4.0,Completed
67771,6,2014-11-01,RAV4,33061.93,3.86,Completed
67772,9,2014-11-10,Corolla,22993.56,4.4,Completed
67773,9,2014-11-14,Prius,25865.57,4.4,Completed
67774,3,2014-11-04,RAV4,51604.88,5.69,Completed
67775,16,2014-11-25,Tacoma,43112.87,6.06,Completed
67776,2,2014-11-28,RAV4,33603.65,4.0,Completed
67777,1,2014-11-28,Highlander,61665.49,5.24,Completed
67778,17,2014-11-24,Sienna,38517.38,4.51,Completed
67779,14,2014-11-21,Highlander,58292.37,5.1,Completed
67780,9,2014-11-10,Corolla,20897.58,4.4,Completed
67781,2,2014-11-27,Tacoma,32679.18,4.0,Completed
67782,2,2014-11-18,Sienna,40405.59,4.0,Pending
67783,1,2014-11-05,Tacoma,39697.13,5.24,Completed
67784,3,2014-11-05,Sienna,56101.82,5.69,Completed
67785,9,2014-11-12,Camry,29609.64,4.4,Completed
67786,8,2014-11-10,Tacoma,40162.24,5.84,Completed
67787,15,2014-11-01,Tacoma,42152.92,4.86,Completed
67788,10,2014-11-07,RAV4,35614.81,4.88,Completed
67789,8,2014-11-18,Corolla,31057.73,5.84,Cancelled
67790,5,2014-11-11,Tundra,42549.5,5.34,Completed
67791,10,2014-11-01,Camry,28673.57,4.88,Cancelled
67792,17,2014-11-01,Sienna,37136.61,4.51,Completed
67793,12,2014-11-08,RAV4,47755.53,5.65,Completed
67794,10,2014-11-10,Tundra,40357.56,4.88,Completed
67795,4,2014-11-12,Sienna,39565.59,3.81,Completed
67796,5,2014-11-05,RAV4,40889.02,5.34,Completed
67797,19,2014-11-22,Sienna,45386.76,5.48,Completed
67798,14,2014-11-19,Tacoma,44107.72,5.1,Completed
67799,17,2014-11-17,Tundra,37253.13,4.51,Completed
67800,3,2014-11-06,Corolla,28809.65,5.69,Completed
67801,3,2014-11-27,RAV4,54487.04,5.69,Completed
67802,20,2014-11-13,RAV4,47976.67,5.77,Completed
67803,7,2014-11-17,Sienna,58912.75,5.39,Completed
67804,7,2014-11-18,Prius,36767.55,5.39,Completed
67805,16,2014-11-13,Corolla,33219.02,6.06,Completed
67806,3,2014-11-14,Tacoma,46026.94,5.69,Completed
67807,20,2014-11-19,Camry,41457.58,5.77,Completed
67808,8,2014-11-03,RAV4,45056.74,5.84,Completed
67809,7,2014-11-13,Tundra,58794.94,5.39,Completed
67810,20,2014-11-03,Tacoma,48171.46,5.77,Completed
67811,13,2014-11-24,Tundra,52070.37,5.61,Completed
67812,8,2014-11-21,Highlander,71095.96,5.84,Completed
67813,9,2014-11-06,Prius,26711.14,4.4,Completed
67814,15,2014-11-06,Prius,33219.49,4.86,Pending
67815,18,2014-11-14,Corolla,31681.32,5.68,Completed
67816,17,2014-11-30,Tacoma,34303.42,4.51,Completed
67817,10,2014-11-04,Camry,31996.36,4.88,Completed
67818,11,2014-11-28,Tacoma,30843.06,4.16,Completed
67819,4,2014-11-07,Sienna,33903.73,3.81,Completed
67820,14,2014-11-24,Highlander,68565.19,5.1,Completed
67821,13,2014-11-15,Camry,44357.8,5.61,Completed
67822,1,2014-11-17,RAV4,43488.24,5.24,Completed
67823,16,2014-11-15,Corolla,33243.81,6.06,Completed
67824,6,2014-11-04,Corolla,22506.3,3.86,Completed
67825,19,2014-11-27,Prius,29026.67,5.48,Completed
67826,2,2014-11-15,Corolla,23210.99,4.0,Completed
67827,19,2014-11-25,Camry,36465.13,5.48,Completed
67828,13,2014-11-26,RAV4,45896.75,5.61,Completed
67829,4,2014-11-13,Corolla,18896.84,3.81,Cancelled
67830,6,2014-11-02,Sienna,39604.55,3.86,Completed
67831,10,2014-11-26,Tundra,38514.33,4.88,Completed
67832,14,2014-11-22,Prius,31802.77,5.1,Completed
67833,14,2014-11-26,RAV4,47203.49,5.1,Completed
67834,6,2014-11-14,Prius,24788.76,3.86,Completed
67835,5,2014-11-27,Camry,38248.42,5.34,Completed
67836,3,2014-11-05,Tundra,57452.64,5.69,Completed
67837,14,2014-11-24,Camry,42300.82,5.1,Completed
67838,18,2014-11-16,Tundra,62738.28,5.68,Completed
67839,17,2014-11-05,Tundra,37309.17,4.51,Completed
67840,7,2014-11-30,Camry,43751.32,5.39,Completed
67841,11,2014-11-24,Tacoma,33674.41,4.16,Completed
67842,20,2014-11-18,Tundra,51466.41,5.77,Completed
67843,18,2014-11-19,Highlander,69991.28,5.68,Completed
67844,20,2014-11-09,Tundra,48005.57,5.77,Completed
67845,7,2014-11-13,Sienna,52300.46,5.39,Completed
67846,15,2014-11-16,Highlander,60397.6,4.86,Completed
67847,9,2014-11-07,Highlander,45812.69,4.4,Completed
67848,7,2014-11-12,Tundra,54367.96,5.39,Completed
67849,2,2014-11-19,Sienna,44197.5,4.0,Completed
67850,10,2014-11-10,Corolla,24460.89,4.88,Completed
67851,12,2014-11-04,Highlander,69080.85,5.65,Completed
67852,7,2014-11-15,Tundra,57020.54,5.39,Completed
67853,19,2014-11-22,Camry,34976.26,5.48,Completed
67854,7,2014-11-10,Sienna,51114.37,5.39,Completed
67855,1,2014-11-30,Highlander,54225.92,5.24,Completed
67856,14,2014-11-20,Tundra,51055.21,5.1,Completed
67857,3,2014-11-23,Corolla,31040.21,5.69,Completed
67858,14,2014-11-28,Tacoma,40075.27,5.1,Completed
67859,13,2014-11-12,Highlander,76805.13,5.61,Completed
67860,4,2014-11-25,Corolla,22039.64,3.81,Completed
67861,6,2014-11-13,Corolla,22085.15,3.86,Completed
67862,11,2014-11-12,Highlander,54180.01,4.16,Completed
67863,2,2014-11-14,Camry,31033.01,4.0,Completed
67864,5,2014-11-08,Tacoma,37960.58,5.34,Completed
67865,9,2014-11-28,Camry,32621.96,4.4,Completed
67866,14,2014-11-08,Sienna,53458.83,5.1,Completed
67867,7,2014-11-29,RAV4,44861.85,5.39,Completed
67868,13,2014-11-03,Prius,32462.71,5.61,Completed
67869,7,2014-11-02,Tundra,55366.5,5.39,Completed
67870,1,2014-11-07,Camry,34492.67,5.24,Completed
67871,10,2014-11-30,RAV4,34245.27,4.88,Completed
67872,19,2014-11-12,Prius,28644.79,5.48,Completed
67873,19,2014-11-12,RAV4,41872.07,5.48,Completed
67874,10,2014-11-16,Highlander,47033.55,4.88,Completed
67875,2,2014-11-11,RAV4,36313.64,4.0,Completed
67876,9,2014-11-07,Highlander,50745.83,4.4,Completed
67877,12,2014-11-28,Highlander,62162.22,5.65,Completed
67878,18,2014-11-15,Tundra,51850.51,5.68,Completed
67879,16,2014-11-29,Sienna,57321.23,6.06,Completed
67880,19,2014-11-30,Camry,36865.61,5.48,Completed
67881,14,2014-11-03,Tacoma,45250.64,5.1,Completed
67882,19,2014-11-15,Prius,29560.44,5.48,Completed
67883,13,2014-11-29,Tacoma,47909.04,5.61,Completed
67884,18,2014-11-22,Tundra,52844.91,5.68,Completed
67885,17,2014-11-09,Prius,25391.6,4.51,Completed
67886,3,2014-11-27,Prius,38773.1,5.69,Completed
67887,19,2014-11-30,Prius,31673.12,5.48,Completed
67888,9,2014-11-11,Camry,29567.14,4.4,Completed
67889,10,2014-11-22,Sienna,42966.16,4.88,Completed
67890,19,2014-11-10,Camry,34954.4,5.48,Completed
67891,10,2014-11-04,Tacoma,33584.99,4.88,Completed
67892,5,2014-11-11,Tundra,41912.84,5.34,Completed
67893,15,2014-11-19,Camry,44354.03,4.86,Pending
67894,19,2014-11-20,Corolla,26792.64,5.48,Completed
67895,1,2014-11-19,Camry,32179.88,5.24,Completed
67896,2,2014-11-27,Camry,34340.75,4.0,Completed
67897,15,2014-11-27,RAV4,48926.6,4.86,Completed
67898,11,2014-11-21,Highlander,52855.08,4.16,Pending
67899,17,2014-11-13,Corolla,23408.53,4.51,Completed
67900,1,2014-11-15,Sienna,44278.54,5.24,Completed
67901,16,2014-11-20,Highlander,62657.36,6.06,Completed
67902,7,2014-11-05,Sienna,54724.43,5.39,Pending
67903,19,2014-11-10,Corolla,28972.35,5.48,Completed
67904,5,2014-11-14,Prius,30105.69,5.34,Completed
67905,16,2014-11-09,Camry,44189.3,6.06,Completed
67906,9,2014-11-13,Camry,30894.16,4.4,Completed
67907,11,2014-11-04,Prius,27380.62,4.16,Completed
67908,10,2014-11-06,Prius,25949.41,4.88,Completed
67909,7,2014-11-13,Highlander,72425.92,5.39,Completed
67910,6,2014-11-25,RAV4,34737.79,3.86,Completed
67911,19,2014-11-26,Tacoma,41825.16,5.48,Completed
67912,15,2014-11-25,Camry,38565.69,4.86,Pending
67913,3,2014-11-04,Camry,44306.23,5.69,Pending
67914,17,2014-11-10,Prius,24350.11,4.51,Completed
67915,2,2014-11-03,Sienna,44232.63,4.0,Completed
67916,8,2014-11-24,RAV4,48598.85,5.84,Completed
67917,8,2014-11-06,RAV4,45563.59,5.84,Cancelled
67918,20,2014-11-02,Corolla,32402.23,5.77,Completed
67919,6,2014-11-16,Camry,28983.99,3.86,Completed
67920,7,2014-11-20,Tundra,48987.46,5.39,Cancelled
67921,12,2014-11-27,Highlander,62667.02,5.65,Completed
67922,17,2014-11-30,Tacoma,28757.1,4.51,Completed
67923,1,2014-11-20,Tacoma,34852.72,5.24,Completed
67924,18,2014-11-25,RAV4,51550.77,5.68,Completed
67925,3,2014-11-12,Highlander,67183.33,5.69,Completed
67926,12,2014-11-27,RAV4,46171.7,5.65,Completed
67927,19,2014-11-19,RAV4,40670.24,5.48,Completed
67928,3,2014-11-24,Prius,37187.46,5.69,Completed
67929,9,2014-11-05,RAV4,34561.93,4.4,Completed
67930,14,2014-11-21,RAV4,44775.01,5.1,Pending
67931,3,2014-11-13,Camry,44956.8,5.69,Completed
67932,10,2014-11-17,Camry,28931.5,4.88,Completed
67933,5,2014-11-09,RAV4,39986.58,5.34,Completed
67934,17,2014-11-13,Camry,27948.9,4.51,Completed
67935,14,2014-11-22,Corolla,29612.09,5.1,Completed
67936,8,2014-11-18,Sienna,47689.98,5.84,Completed
67937,12,2014-11-26,Tundra,54518.21,5.65,Completed
67938,20,2014-11-21,RAV4,51507.7,5.77,Completed
67939,13,2014-11-17,Sienna,51173.58,5.61,Completed
67940,9,2014-11-08,Camry,27055.7,4.4,Completed
67941,15,2014-11-25,Highlander,64458.04,4.86,Completed
67942,9,2014-11-02,Prius,23459.61,4.4,Completed
67943,7,2014-11-02,Tacoma,43183.66,5.39,Completed
67944,9,2014-11-14,Highlander,52658.1,4.4,Completed
67945,10,2014-11-04,Corolla,24304.78,4.88,Completed
67946,4,2014-11-19,Camry,25795.54,3.81,Completed
67947,17,2014-11-28,Tundra,36394.04,4.51,Completed
67948,4,2014-11-18,Sienna,39636.85,3.81,Completed
67949,2,2014-11-08,Tundra,39419.58,4.0,Completed
67950,9,2014-11-11,Prius,25482.36,4.4,Completed
67951,1,2014-11-21,Tundra,44526.74,5.24,Completed
67952,20,2014-11-05,Prius,31727.97,5.77,Completed
67953,18,2014-11-04,Camry,42594.96,5.68,Completed
67954,2,2014-11-08,Tundra,40241.57,4.0,Completed
67955,1,2014-11-14,RAV4,36381.26,5.24,Completed
67956,3,2014-11-27,Tacoma,49396.25,5.69,Completed
67957,2,2014-11-30,Highlander,53409.86,4.0,Completed
67958,9,2014-11-24,Sienna,38037.84,4.4,Completed
67959,15,2014-11-02,Prius,34834.7,4.86,Completed
67960,1,2014-11-19,Prius,30618.8,5.24,Completed
67961,19,2014-11-18,Tacoma,37571.28,5.48,Completed
67962,17,2014-11-27,Tundra,36748.05,4.51,Completed
67963,3,2014-11-06,Tundra,49929.88,5.69,Completed
67964,14,2014-11-30,Camry,40919.72,5.1,Pending
67965,18,2014-11-28,Tundra,55525.3,5.68,Completed
67966,8,2014-11-10,Corolla,31508.36,5.84,Completed
67967,1,2014-11-05,RAV4,41264.3,5.24,Completed
67968,12,2014-11-15,Tundra,48631.8,5.65,Completed
67969,4,2014-11-08,Prius,24645.38,3.81,Completed
67970,10,2014-11-30,Tundra,36912.78,4.88,Completed
67971,16,2014-11-10,Highlander,64470.19,6.06,Completed
67972,3,2014-11-27,Camry,42917.46,5.69,Completed
67973,4,2014-11-17,Highlander,49751.45,3.81,Completed
67974,10,2014-11-24,Tundra,36190.97,4.88,Cancelled
67975,13,2014-11-27,Tacoma,44833.68,5.61,Completed
67976,15,2014-11-25,Camry,39512.75,4.86,Completed
67977,19,2014-11-03,Prius,29362.9,5.48,Completed
67978,12,2014-11-24,RAV4,47397.93,5.65,Completed
67979,2,2014-11-19,Prius,27228.16,4.0,Completed
67980,3,2014-11-19,Sienna,52717.15,5.69,Completed
67981,14,2014-11-27,Prius,36100.21,5.1,Completed
67982,13,2014-11-06,RAV4,53792.26,5.61,Completed
67983,6,2014-11-02,Camry,26957.99,3.86,Completed
67984,10,2014-11-22,Highlander,50565.34,4.88,Completed
67985,7,2014-11-04,Camry,42087.98,5.39,Completed
67986,6,2014-11-10,Tundra,39839.04,3.86,Completed
67987,14,2014-11-02,Camry,37678.42,5.1,Completed
67988,3,2014-11-09,Sienna,52155.34,5.69,Completed
67989,19,2014-11-12,Highlander,60185.17,5.48,Completed
67990,18,2014-11-12,RAV4,50520.42,5.68,Completed
67991,1,2014-11-13,Camry,31660.38,5.24,Completed
67992,7,2014-11-06,Prius,31972.04,5.39,Completed
67993,14,2014-11-25,Highlander,60136.44,5.1,Completed
67994,19,2014-11-05,Corolla,25675.89,5.48,Completed
67995,11,2014-11-03,Tundra,35964.57,4.16,Completed
67996,17,2014-11-09,Camry,30310.61,4.51,Completed
67997,17,2014-11-28,Tacoma,29363.82,4.51,Completed
67998,14,2014-11-14,Tacoma,45258.52,5.1,Completed
67999,2,2014-11-08,Corolla,23399.92,4.0,Completed
68000,7,2014-11-22,Prius,32245.56,5.39,Completed
68001,2,2014-11-26,Corolla,23602.74,4.0,Completed
68002,2,2014-11-17,Tundra,41744.54,4.0,Completed
68003,18,2014-11-26,Tundra,57452.45,5.68,Completed
68004,5,2014-11-05,Tacoma,37498.54,5.34,Completed
68005,14,2014-11-03,Corolla,27678.45,5.1,Completed
68006,12,2014-11-23,Highlander,62935.8,5.65,Completed
68007,6,2014-11-05,Camry,27899.53,3.86,Completed
68008,17,2014-11-19,RAV4,35740.79,4.51,Completed
68009,12,2014-11-01,Camry,43491.58,5.65,Completed
68010,14,2014-11-21,Tundra,54117.55,5.1,Completed
68011,19,2014-11-09,Prius,30578.93,5.48,Completed
68012,15,2014-11-20,Highlander,65892.37,4.86,Completed
68013,16,2014-11-02,Prius,37223.87,6.06,Completed
68014,10,2014-11-18,Tacoma,35118.24,4.88,Completed
68015,8,2014-11-10,Tundra,47917.33,5.84,Completed
68016,3,2014-11-10,Corolla,29662.9,5.69,Completed
68017,5,2014-11-01,Camry,32076.75,5.34,Completed
68018,18,2014-11-17,Prius,38415.87,5.68,Completed
68019,9,2014-11-30,Highlander,47328.97,4.4,Completed
68020,6,2014-11-18,Camry,29697.19,3.86,Completed
68021,10,2014-11-28,Corolla,23865.17,4.88,Completed
68022,5,2014-11-22,RAV4,42279.46,5.34,Completed
68023,4,2014-11-21,RAV4,35227.23,3.81,Completed
68024,8,2014-11-10,Tundra,53651.94,5.84,Completed
68025,4,2014-11-10,Camry,25728.69,3.81,Pending
68026,20,2014-11-12,RAV4,44550.23,5.77,Completed
68027,15,2014-11-11,Sienna,54611.27,4.86,Completed
68028,12,2014-11-16,Tacoma,40846.16,5.65,Completed
68029,15,2014-11-26,Camry,42750.92,4.86,Cancelled
68030,18,2014-11-04,Tacoma,48785.09,5.68,Completed
68031,2,2014-11-01,Prius,27592.1,4.0,Completed
68032,20,2014-11-02,Tacoma,43969.44,5.77,Completed
68033,14,2014-11-16,Tacoma,45190.66,5.1,Completed
68034,10,2014-11-12,Prius,26373.67,4.88,Completed
68035,11,2014-11-19,Tacoma,32495.83,4.16,Completed
68036,18,2014-11-29,Highlander,65752.08,5.68,Completed
68037,8,2014-11-23,Prius,36075.25,5.84,Completed
68038,4,2014-11-17,Prius,22132.84,3.81,Completed
68039,2,2014-11-16,Tacoma,32953.77,4.0,Pending
68040,4,2014-11-11,Highlander,47575.64,3.81,Completed
68041,13,2014-11-02,RAV4,51595.03,5.61,Completed
68042,20,2014-11-25,Tundra,55940.36,5.77,Completed
68043,1,2014-11-04,Tundra,45354.34,5.24,Completed
68044,12,2014-11-18,Corolla,30971.28,5.65,Completed
68045,3,2014-11-02,Sienna,50079.17,5.69,Completed
68046,20,2014-11-21,Prius,37895.59,5.77,Completed
68047,14,2014-11-10,Highlander,70289.31,5.1,Completed
68048,3,2014-11-13,Highlander,73729.19,5.69,Completed
68049,2,2014-11-04,Tundra,44352.95,4.0,Completed
68050,10,2014-11-03,Sienna,42664.26,4.88,Completed
68051,17,2014-11-20,Prius,21925.14,4.51,Completed
68052,7,2014-11-09,Corolla,29410.38,5.39,Cancelled
68053,2,2014-11-23,Prius,28458.66,4.0,Completed
68054,17,2014-11-22,Highlander,47760.22,4.51,Pending
68055,4,2014-11-20,Prius,23100.36,3.81,Completed
68056,4,2014-11-08,Tacoma,32514.62,3.81,Completed
68057,18,2014-11-26,Corolla,33880.68,5.68,Completed
68058,10,2014-11-24,Tundra,36718.84,4.88,Completed
68059,14,2014-11-11,Corolla,30637.42,5.1,Completed
68060,1,2014-11-10,Camry,35819.45,5.24,Completed
68061,14,2014-11-18,Highlander,70385.35,5.1,Completed
68062,5,2014-11-07,Highlander,57872.65,5.34,Completed
68063,6,2014-11-30,Highlander,48873.77,3.86,Completed
68064,14,2014-11-05,Camry,36646.72,5.1,Completed
68065,16,2014-11-27,Prius,34630.49,6.06,Completed
68066,20,2014-11-27,Camry,39858.32,5.77,Completed
68067,15,2014-11-08,Prius,36756.12,4.86,Completed
68068,1,2014-11-27,Tundra,39896.14,5.24,Completed
68069,7,2014-11-09,Corolla,31161.16,5.39,Completed
68070,16,2014-11-10,RAV4,51477.56,6.06,Completed
68071,7,2014-11-09,Tundra,57167.83,5.39,Completed
68072,10,2014-11-22,Tundra,36843.83,4.88,Completed
68073,12,2014-11-22,Tacoma,44393.57,5.65,Completed
68074,1,2014-11-19,Corolla,27205.53,5.24,Completed
68075,3,2014-11-13,Tacoma,43738.73,5.69,Completed
68076,19,2014-11-13,Camry,33119.52,5.48,Completed
68077,2,2014-11-23,Corolla,23320.3,4.0,Completed
68078,20,2014-11-08,Prius,34392.03,5.77,Completed
68079,12,2014-11-08,RAV4,44853.48,5.65,Completed
68080,18,2014-11-07,Camry,40471.14,5.68,Completed
68081,5,2014-11-14,Prius,29325.78,5.34,Completed
68082,11,2014-11-12,Tundra,38715.24,4.16,Completed
68083,4,2014-11-18,Prius,24415.21,3.81,Completed
68084,19,2014-11-17,Highlander,55775.57,5.48,Completed
68085,16,2014-11-24,Highlander,62508.55,6.06,Completed
68086,20,2014-11-17,Corolla,30517.9,5.77,Completed
68087,19,2014-11-21,Highlander,64460.69,5.48,Completed
68088,12,2014-11-26,RAV4,47149.07,5.65,Completed
68089,10,2014-11-25,Tacoma,32009.19,4.88,Completed
68090,1,2014-11-22,RAV4,36852.17,5.24,Completed
68091,13,2014-11-22,Highlander,73795.19,5.61,Completed
68092,7,2014-11-24,Sienna,54321.24,5.39,Completed
68093,1,2014-11-24,Camry,37459.71,5.24,Completed
68094,7,2014-11-25,Tacoma,48947.19,5.39,Completed
68095,7,2014-11-02,Prius,35962.41,5.39,Completed
68096,11,2014-11-09,Prius,26703.11,4.16,Completed
68097,13,2014-11-10,Prius,38478.15,5.61,Completed
68098,1,2014-11-05,Highlander,60346.01,5.24,Completed
68099,10,2014-11-10,RAV4,33795.93,4.88,Completed
68100,12,2014-11-05,Camry,39575.22,5.65,Completed
68101,7,2014-11-04,Tundra,49651.53,5.39,Completed
68102,6,2014-11-26,Corolla,19857.41,3.86,Completed
68103,2,2014-11-03,Tacoma,36950.01,4.0,Completed
68104,8,2014-11-20,Corolla,31955.13,5.84,Completed
68105,16,2014-11-05,Highlander,69494.41,6.06,Completed
68106,7,2014-11-09,Camry,41014.22,5.39,Completed
68107,6,2014-11-25,Highlander,49976.82,3.86,Completed
68108,9,2014-11-15,Tundra,35177.77,4.4,Completed
68109,8,2014-11-19,Corolla,28168.64,5.84,Completed
68110,14,2014-11-10,Camry,38738.09,5.1,Completed
68111,12,2014-11-11,Highlander,69518.62,5.65,Completed
68112,5,2014-11-22,Tundra,49308.7,5.34,Completed
68113,14,2014-11-27,Camry,41352.23,5.1,Completed
68114,7,2014-11-21,Sienna,56466.94,5.39,Completed
68115,2,2014-11-09,Highlander,55605.95,4.0,Completed
68116,1,2014-11-02,Sienna,46460.55,5.24,Completed
68117,9,2014-11-30,Camry,27553.99,4.4,Completed
68118,17,2014-11-26,Tacoma,34302.34,4.51,Completed
68119,4,2014-11-20,Tundra,33161.19,3.81,Completed
68120,1,2014-11-15,Tundra,43081.71,5.24,Completed
68121,7,2014-11-22,Corolla,31348.54,5.39,Completed
68122,6,2014-11-17,Prius,23712.0,3.86,Completed
68123,7,2014-11-29,Tacoma,46370.86,5.39,Completed
68124,5,2014-11-05,RAV4,38754.04,5.34,Completed
68125,13,2014-11-09,Tacoma,42456.41,5.61,Completed
68126,5,2014-11-07,Corolla,25697.37,5.34,Completed
68127,19,2014-11-05,RAV4,44617.24,5.48,Completed
68128,20,2014-11-22,Corolla,28469.55,5.77,Completed
68129,10,2014-11-23,Sienna,41585.12,4.88,Completed
68130,11,2014-11-01,Sienna,40850.35,4.16,Completed
68131,8,2014-11-13,Corolla,32464.37,5.84,Completed
68132,12,2014-11-14,Camry,44207.82,5.65,Completed
68133,19,2014-11-22,Tundra,49084.09,5.48,Completed
68134,13,2014-11-30,RAV4,48174.83,5.61,Completed
68135,2,2014-11-12,Tundra,44144.72,4.0,Completed
68136,2,2014-11-14,Tundra,39500.18,4.0,Completed
68137,5,2014-11-18,Sienna,43141.46,5.34,Completed
68138,8,2014-11-07,RAV4,53035.99,5.84,Completed
68139,18,2014-11-09,Sienna,52789.11,5.68,Completed
68140,15,2014-11-29,Highlander,64932.14,4.86,Completed
68141,13,2014-11-02,Tacoma,43434.8,5.61,Completed
68142,5,2014-11-07,Camry,32812.13,5.34,Completed
68143,20,2014-11-22,RAV4,47877.3,5.77,Completed
68144,18,2014-11-01,Camry,44454.54,5.68,Completed
68145,14,2014-11-26,Corolla,27310.98,5.1,Completed
68146,13,2014-11-24,Corolla,28599.02,5.61,Completed
68147,6,2014-11-06,Camry,29476.18,3.86,Completed
68148,6,2014-11-17,Highlander,46350.27,3.86,Completed
68149,5,2014-11-29,Camry,32563.61,5.34,Completed
68150,20,2014-11-15,Tacoma,44309.93,5.77,Completed
68151,15,2014-11-23,RAV4,43271.0,4.86,Completed
68152,11,2014-11-19,Corolla,21731.49,4.16,Completed
68153,9,2014-11-22,RAV4,37646.68,4.4,Completed
68154,9,2014-11-17,Highlander,45393.11,4.4,Completed
68155,5,2014-11-25,Sienna,40506.6,5.34,Completed
68156,6,2014-11-20,Corolla,19372.0,3.86,Completed
68157,10,2014-11-19,Sienna,39432.95,4.88,Completed
68158,17,2014-11-23,Prius,25141.64,4.51,Completed
68159,11,2014-11-26,Highlander,46873.93,4.16,Completed
68160,13,2014-11-17,Camry,39286.94,5.61,Completed
68161,14,2014-11-23,Tacoma,39135.87,5.1,Completed
68162,11,2014-11-22,Corolla,23894.6,4.16,Completed
68163,6,2014-11-20,Prius,26133.78,3.86,Completed
68164,14,2014-11-08,Highlander,63728.28,5.1,Completed
68165,5,2014-11-16,Tundra,41367.06,5.34,Completed
68166,1,2014-11-04,Corolla,27481.71,5.24,Completed
68167,16,2014-11-25,Prius,34348.24,6.06,Completed
68168,4,2014-11-05,Sienna,35839.63,3.81,Completed
68169,11,2014-11-28,Highlander,48377.54,4.16,Completed
68170,12,2014-11-12,Sienna,51103.75,5.65,Completed
68171,11,2014-11-17,Tundra,40213.4,4.16,Completed
68172,8,2014-11-09,Corolla,31355.3,5.84,Completed
68173,8,2014-11-07,RAV4,44227.54,5.84,Completed
68174,1,2014-11-08,Tacoma,37059.22,5.24,Completed
68175,9,2014-11-02,Tundra,38281.52,4.4,Completed
68176,8,2014-11-16,RAV4,46631.82,5.84,Completed
68177,1,2014-11-06,Sienna,46325.71,5.24,Completed
68178,1,2014-11-15,Tundra,45508.84,5.24,Completed
68179,17,2014-11-28,Camry,26230.64,4.51,Completed
68180,16,2014-11-15,RAV4,54478.26,6.06,Completed
68181,9,2014-11-05,Highlander,45945.78,4.4,Completed
68182,14,2014-11-09,Tacoma,44372.57,5.1,Completed
68183,9,2014-11-15,Tundra,36466.12,4.4,Completed
68184,11,2014-11-09,Highlander,52770.22,4.16,Completed
68185,8,2014-11-12,Corolla,31839.29,5.84,Completed
68186,12,2014-11-29,Tacoma,48489.04,5.65,Completed
68187,18,2014-11-06,Prius,33380.69,5.68,Pending
68188,11,2014-11-20,Camry,31372.93,4.16,Completed
68189,7,2014-11-20,RAV4,50730.8,5.39,Completed
68190,2,2014-11-07,Highlander,46965.16,4.0,Completed
68191,19,2014-11-26,Tundra,48782.76,5.48,Completed
68192,16,2014-11-12,Prius,36754.09,6.06,Completed
68193,20,2014-11-22,Sienna,52542.21,5.77,Completed
68194,3,2014-11-19,Corolla,31374.29,5.69,Completed
68195,18,2014-11-10,Prius,36228.09,5.68,Completed
68196,9,2014-11-15,Highlander,53342.8,4.4,Completed
68197,3,2014-11-17,Tacoma,42797.26,5.69,Completed
68198,18,2014-11-17,Corolla,29472.27,5.68,Completed
68199,8,2014-11-09,RAV4,43887.93,5.84,Completed
68200,10,2014-11-16,Highlander,49131.17,4.88,Completed
68201,10,2014-11-22,Camry,31684.8,4.88,Completed
68202,15,2014-11-03,Corolla,27746.83,4.86,Completed
68203,3,2014-11-16,Corolla,30045.8,5.69,Pending
68204,15,2014-11-11,RAV4,50133.2,4.86,Completed
68205,10,2014-11-13,Prius,23783.92,4.88,Completed
68206,4,2014-11-25,RAV4,36314.04,3.81,Completed
68207,8,2014-11-07,RAV4,44282.27,5.84,Completed
68208,10,2014-11-18,Camry,32667.58,4.88,Completed
68209,4,2014-11-08,Sienna,35748.64,3.81,Completed
68210,19,2014-11-16,Corolla,26600.67,5.48,Completed
68211,17,2014-11-01,Corolla,21927.0,4.51,Completed
68212,10,2014-11-11,Sienna,35977.89,4.88,Cancelled
68213,3,2014-11-08,Prius,36209.3,5.69,Completed
68214,17,2014-11-19,Tundra,35454.83,4.51,Completed
68215,12,2014-11-24,Tacoma,45902.36,5.65,Completed
68216,8,2014-11-27,Sienna,48235.14,5.84,Completed
68217,15,2014-11-23,Sienna,48900.94,4.86,Completed
68218,17,2014-11-24,Prius,23991.51,4.51,Completed
68219,12,2014-11-27,Prius,31283.32,5.65,Completed
68220,14,2014-11-12,RAV4,50632.34,5.1,Completed
68221,10,2014-11-27,Tundra,42762.71,4.88,Completed
68222,18,2014-11-22,Prius,36326.13,5.68,Completed
68223,5,2014-11-02,Prius,28920.18,5.34,Completed
68224,2,2014-11-15,Tundra,39775.44,4.0,Completed
68225,18,2014-11-06,RAV4,51239.69,5.68,Completed
68226,18,2014-11-03,Highlander,79679.45,5.68,Completed
68227,6,2014-11-04,Tacoma,29472.67,3.86,Completed
68228,15,2014-11-04,Tacoma,44410.84,4.86,Completed
68229,18,2014-11-23,Tundra,62431.6,5.68,Completed
68230,6,2014-11-04,Tundra,39490.32,3.86,Completed
68231,4,2014-11-28,Camry,28306.78,3.81,Completed
68232,1,2014-11-12,Prius,31267.52,5.24,Completed
68233,14,2014-11-22,Camry,37751.86,5.1,Completed
68234,9,2014-11-23,Tundra,34648.26,4.4,Completed
68235,5,2014-11-05,Prius,30842.5,5.34,Completed
68236,16,2014-11-12,Corolla,33143.76,6.06,Completed
68237,7,2014-11-01,Tundra,54384.39,5.39,Completed
68238,1,2014-11-16,Corolla,27078.64,5.24,Completed
68239,11,2014-11-30,Prius,24783.47,4.16,Completed
68240,3,2014-11-28,Tacoma,50712.45,5.69,Completed
68241,6,2014-11-14,Sienna,34237.1,3.86,Pending
68242,10,2014-11-23,RAV4,36978.9,4.88,Completed
68243,18,2014-11-09,RAV4,50084.67,5.68,Completed
68244,18,2014-11-04,Tundra,54186.37,5.68,Completed
68245,2,2014-11-30,Sienna,36549.38,4.0,Completed
68246,14,2014-11-16,Corolla,30976.06,5.1,Completed
68247,8,2014-11-27,Tacoma,41793.95,5.84,Completed
68248,6,2014-11-25,Sienna,35982.21,3.86,Completed
68249,14,2014-11-16,Tundra,50902.17,5.1,Completed
68250,17,2014-11-10,Tundra,36255.78,4.51,Completed
68251,14,2014-11-09,RAV4,43307.65,5.1,Completed
68252,19,2014-11-19,Highlander,64086.72,5.48,Completed
68253,6,2014-11-29,Camry,28257.35,3.86,Pending
68254,9,2014-11-24,Tundra,35209.24,4.4,Completed
68255,6,2014-11-01,Tacoma,30195.07,3.86,Completed
68256,4,2014-11-10,Tacoma,32261.68,3.81,Completed
68257,19,2014-11-30,RAV4,42661.59,5.48,Completed
68258,18,2014-11-20,RAV4,55238.3,5.68,Completed
68259,16,2014-11-23,RAV4,47305.92,6.06,Completed
68260,9,2014-11-09,Prius,22482.94,4.4,Completed
68261,9,2014-11-26,Tundra,35072.31,4.4,Completed
68262,15,2014-11-04,RAV4,48632.81,4.86,Completed
68263,14,2014-11-12,Sienna,46837.83,5.1,Completed
68264,7,2014-11-26,Sienna,58795.63,5.39,Completed
68265,6,2014-11-18,Prius,25784.89,3.86,Completed
68266,7,2014-11-30,Sienna,53129.2,5.39,Completed
68267,10,2014-11-13,Sienna,37394.25,4.88,Completed
68268,17,2014-11-06,Prius,23644.5,4.51,Completed
68269,14,2014-11-18,Highlander,62726.37,5.1,Completed
68270,10,2014-11-14,Tundra,42748.56,4.88,Completed
68271,12,2014-11-27,RAV4,47905.36,5.65,Completed
68272,8,2014-11-08,Camry,40868.42,5.84,Completed
68273,2,2014-11-18,RAV4,40231.91,4.0,Completed
68274,8,2014-11-13,Camry,41980.87,5.84,Completed
68275,19,2014-11-15,RAV4,45872.57,5.48,Completed
68276,9,2014-11-19,Tundra,41022.86,4.4,Completed
68277,16,2014-11-17,Corolla,32860.4,6.06,Completed
68278,14,2014-11-23,RAV4,47003.72,5.1,Completed
68279,20,2014-11-05,RAV4,47326.6,5.77,Completed
68280,1,2014-11-20,Highlander,54640.72,5.24,Cancelled
68281,18,2014-11-22,RAV4,54748.93,5.68,Completed
68282,1,2014-11-14,RAV4,42625.33,5.24,Completed
68283,10,2014-11-30,Sienna,40079.04,4.88,Completed
68284,12,2014-11-21,RAV4,48288.27,5.65,Completed
68285,7,2014-11-23,Tacoma,46097.8,5.39,Completed
68286,16,2014-11-12,Prius,33119.23,6.06,Completed
68287,10,2014-11-15,Tacoma,35633.0,4.88,Completed
68288,13,2014-11-26,Tundra,53824.24,5.61,Pending
68289,20,2014-11-12,Corolla,29088.14,5.77,Completed
68290,12,2014-11-26,Prius,35391.06,5.65,Completed
68291,3,2014-11-16,RAV4,48236.75,5.69,Completed
68292,1,2014-11-20,Tundra,47500.16,5.24,Completed
68293,17,2014-11-12,Tacoma,30340.18,4.51,Completed
68294,10,2014-11-10,Sienna,36520.13,4.88,Completed
68295,13,2014-11-08,Corolla,29797.13,5.61,Completed
68296,2,2014-11-09,Tundra,39532.1,4.0,Completed
68297,9,2014-11-19,Sienna,39709.61,4.4,Completed
68298,2,2014-11-14,Camry,33924.11,4.0,Completed
68299,1,2014-11-22,Prius,30005.43,5.24,Completed
68300,1,2014-11-10,Tundra,46946.73,5.24,Completed
68301,2,2014-11-30,RAV4,35208.25,4.0,Completed
68302,3,2014-11-16,RAV4,50641.05,5.69,Completed
68303,1,2014-11-11,Corolla,25310.94,5.24,Completed
68304,15,2014-11-26,Corolla,31562.13,4.86,Completed
68305,13,2014-11-13,Tacoma,49824.55,5.61,Completed
68306,2,2014-11-09,Camry,30455.93,4.0,Completed
68307,10,2014-11-24,Corolla,21687.08,4.88,Completed
68308,16,2014-11-06,Camry,44985.02,6.06,Completed
68309,4,2014-11-09,RAV4,35422.11,3.81,Completed
68310,19,2014-11-18,Camry,36836.04,5.48,Completed
68311,8,2014-11-21,Highlander,61306.96,5.84,Completed
68312,10,2014-11-21,Tundra,39190.74,4.88,Completed
68313,16,2014-11-27,RAV4,49720.04,6.06,Completed
68314,20,2014-11-11,Corolla,29038.91,5.77,Completed
68315,3,2014-11-21,Corolla,32662.86,5.69,Completed
68316,6,2014-11-17,Camry,30278.57,3.86,Completed
68317,16,2014-11-09,Prius,37968.41,6.06,Completed
68318,19,2014-11-06,RAV4,44533.31,5.48,Completed
68319,3,2014-11-24,Camry,40613.49,5.69,Completed
68320,3,2014-11-01,Prius,35806.69,5.69,Completed
68321,11,2014-11-30,Corolla,24215.52,4.16,Completed
68322,16,2014-11-15,Prius,34391.72,6.06,Completed
68323,8,2014-11-10,Prius,34734.34,5.84,Cancelled
68324,5,2014-11-16,Corolla,23576.31,5.34,Completed
68325,14,2014-11-21,Tacoma,45223.41,5.1,Completed
68326,19,2014-11-28,Highlander,59085.69,5.48,Completed
68327,16,2014-11-17,Tacoma,42637.68,6.06,Completed
68328,8,2014-11-21,Corolla,32913.15,5.84,Completed
68329,5,2014-11-03,Tacoma,36169.02,5.34,Completed
68330,10,2014-11-06,Camry,31607.99,4.88,Completed
68331,10,2014-11-13,Tacoma,33367.61,4.88,Completed
68332,18,2014-11-04,Highlander,67278.27,5.68,Completed
68333,15,2014-11-14,Highlander,64493.68,4.86,Completed
68334,12,2014-11-12,Sienna,48856.31,5.65,Completed
68335,9,2014-11-05,Tundra,38013.97,4.4,Completed
68336,19,2014-11-22,Tacoma,41348.13,5.48,Completed
68337,14,2014-11-30,Tacoma,42557.68,5.1,Completed
68338,17,2014-11-24,Highlander,49466.63,4.51,Completed
68339,5,2014-11-20,Corolla,24552.35,5.34,Completed
68340,17,2014-11-04,Camry,31920.47,4.51,Completed
68341,4,2014-11-21,Sienna,38932.22,3.81,Completed
68342,16,2014-11-16,Prius,34618.15,6.06,Completed
68343,7,2014-11-14,Tundra,53017.74,5.39,Completed
68344,13,2014-11-01,Tundra,53240.55,5.61,Completed
68345,7,2014-11-14,Tundra,55460.33,5.39,Completed
68346,19,2014-11-02,RAV4,45274.65,5.48,Completed
68347,7,2014-11-27,Sienna,56195.67,5.39,Completed
68348,1,2014-11-01,Camry,35118.98,5.24,Completed
68349,19,2014-11-26,Tacoma,38264.45,5.48,Completed
68350,1,2014-11-14,Prius,26422.39,5.24,Completed
68351,13,2014-11-09,Camry,42517.91,5.61,Completed
68352,4,2014-11-16,Camry,28062.5,3.81,Completed
68353,9,2014-11-25,Sienna,34986.42,4.4,Completed
68354,13,2014-11-18,Prius,34623.56,5.61,Completed
68355,13,2014-11-18,Tacoma,45700.27,5.61,Completed
68356,1,2014-11-15,Tundra,42056.02,5.24,Completed
68357,14,2014-11-13,RAV4,47234.79,5.1,Completed
68358,2,2014-11-06,RAV4,39907.02,4.0,Completed
68359,19,2014-11-15,Tundra,44791.34,5.48,Completed
68360,17,2014-11-07,Corolla,19326.58,4.51,Completed
68361,16,2014-11-17,Prius,37686.48,6.06,Completed
68362,8,2014-11-04,RAV4,51796.01,5.84,Completed
68363,17,2014-11-21,Tacoma,31945.91,4.51,Completed
68364,18,2014-11-02,Camry,46203.83,5.68,Completed
68365,8,2014-11-06,RAV4,46025.23,5.84,Completed
68366,14,2014-11-10,Highlander,68426.93,5.1,Completed
68367,12,2014-11-16,Camry,40023.67,5.65,Completed
68368,8,2014-11-27,Camry,43704.48,5.84,Completed
68369,20,2014-11-27,Tundra,53340.43,5.77,Completed
68370,2,2014-11-18,Corolla,22350.12,4.0,Completed
68371,15,2014-11-29,RAV4,47649.84,4.86,Completed
68372,7,2014-11-13,Highlander,65891.79,5.39,Completed
68373,16,2014-11-03,Tacoma,47437.04,6.06,Completed
68374,19,2014-11-08,Camry,36623.65,5.48,Completed
68375,20,2014-11-09,Prius,34561.16,5.77,Completed
68376,14,2014-11-23,Prius,32773.82,5.1,Completed
68377,4,2014-11-10,Tundra,34619.82,3.81,Completed
68378,16,2014-11-26,Highlander,75821.07,6.06,Completed
68379,13,2014-11-07,Tundra,51338.85,5.61,Completed
68380,3,2014-11-10,Camry,43227.17,5.69,Completed
68381,20,2014-11-16,Prius,31925.05,5.77,Completed
68382,7,2014-11-21,Tacoma,49302.82,5.39,Completed
68383,18,2014-11-16,Highlander,67434.09,5.68,Completed
68384,18,2014-11-02,Sienna,52628.43,5.68,Completed
68385,16,2014-11-17,Tundra,57081.96,6.06,Completed
68386,3,2014-11-25,Tundra,57528.04,5.69,Completed
68387,2,2014-11-10,Camry,34712.11,4.0,Completed
68388,17,2014-11-15,Corolla,21389.71,4.51,Completed
68389,8,2014-11-29,RAV4,45255.0,5.84,Completed
68390,13,2014-11-01,Prius,38799.22,5.61,Completed
68391,17,2014-11-09,Highlander,51954.85,4.51,Completed
68392,3,2014-11-22,RAV4,48106.8,5.69,Completed
68393,15,2014-11-05,Tacoma,40916.72,4.86,Completed
68394,8,2014-11-30,Prius,34114.87,5.84,Completed
68395,10,2014-11-21,Prius,27381.63,4.88,Completed
68396,3,2014-11-29,Prius,33050.97,5.69,Completed
68397,17,2014-11-15,Corolla,21390.16,4.51,Completed
68398,1,2014-11-28,Highlander,59211.41,5.24,Completed
68399,18,2014-11-18,Tacoma,52354.19,5.68,Completed
68400,4,2014-11-29,Highlander,46326.71,3.81,Cancelled
68401,2,2014-11-30,Corolla,22440.64,4.0,Completed
68402,12,2014-11-18,Tacoma,44857.22,5.65,Completed
68403,17,2014-11-22,Sienna,38078.29,4.51,Completed
68404,16,2014-11-02,Camry,39920.47,6.06,Completed
68405,9,2014-11-06,Camry,31649.66,4.4,Completed
68406,11,2014-11-10,RAV4,33209.77,4.16,Completed
68407,7,2014-11-24,Corolla,29320.12,5.39,Completed
68408,5,2014-11-07,Camry,38470.45,5.34,Completed
68409,8,2014-11-26,Tundra,51915.89,5.84,Completed
68410,11,2014-11-25,Camry,30538.14,4.16,Completed
68411,12,2014-11-05,Sienna,47629.85,5.65,Completed
68412,2,2014-11-03,Highlander,52943.87,4.0,Completed
68413,11,2014-11-30,Camry,31772.12,4.16,Completed
68414,13,2014-11-23,Prius,37663.33,5.61,Completed
68415,16,2014-11-21,Corolla,30611.7,6.06,Completed
68416,9,2014-11-13,Tacoma,31555.06,4.4,Completed
68417,10,2014-11-06,RAV4,32779.6,4.88,Completed
68418,8,2014-11-07,Prius,33528.33,5.84,Pending
68419,13,2014-11-10,Tacoma,45518.03,5.61,Completed
68420,4,2014-11-13,Tacoma,30443.39,3.81,Completed
68421,4,2014-11-19,Tacoma,33865.29,3.81,Completed
68422,2,2014-11-09,Tundra,40338.29,4.0,Completed
68423,2,2014-11-13,Prius,24378.51,4.0,Completed
68424,20,2014-11-17,Highlander,64547.78,5.77,Completed
68425,12,2014-11-16,Tacoma,44368.01,5.65,Completed
68426,1,2014-11-11,Camry,32109.96,5.24,Completed
68427,18,2014-11-06,RAV4,47315.34,5.68,Completed
68428,16,2014-11-05,RAV4,45315.92,6.06,Completed
68429,4,2014-11-12,Corolla,21379.17,3.81,Cancelled
68430,10,2014-11-14,Camry,33271.5,4.88,Completed
68431,17,2014-11-02,Camry,27910.04,4.51,Completed
68432,10,2014-11-27,RAV4,37707.52,4.88,Completed
68433,6,2014-11-04,Camry,30941.54,3.86,Completed
68434,9,2014-11-21,Tundra,38135.64,4.4,Completed
68435,12,2014-11-05,Sienna,50689.45,5.65,Completed
68436,14,2014-11-03,Tacoma,42725.22,5.1,Completed
68437,3,2014-11-06,Prius,32306.53,5.69,Completed
68438,8,2014-11-12,Highlander,62665.39,5.84,Completed
68439,9,2014-11-15,Highlander,52648.93,4.4,Completed
68440,19,2014-11-12,Corolla,26089.73,5.48,Completed
68441,10,2014-11-24,Corolla,24055.29,4.88,Completed
68442,11,2014-11-24,Camry,28201.92,4.16,Completed
68443,8,2014-11-09,Sienna,56481.08,5.84,Completed
68444,17,2014-11-11,Prius,24057.49,4.51,Completed
68445,8,2014-11-16,Camry,42779.57,5.84,Completed
68446,4,2014-11-15,RAV4,36671.67,3.81,Completed
68447,9,2014-11-17,Sienna,35568.31,4.4,Completed
68448,9,2014-11-20,Tundra,41160.66,4.4,Cancelled
68449,9,2014-11-25,Camry,30069.17,4.4,Completed
68450,13,2014-11-20,Highlander,68637.99,5.61,Completed
68451,17,2014-11-23,Sienna,33952.12,4.51,Completed
68452,16,2014-11-13,Tundra,56607.36,6.06,Completed
68453,17,2014-11-30,Corolla,22185.25,4.51,Completed
68454,11,2014-11-30,Prius,25530.53,4.16,Completed
68455,9,2014-11-15,Tacoma,32142.85,4.4,Completed
68456,19,2014-11-17,Sienna,45013.79,5.48,Completed
68457,14,2014-11-14,Prius,31192.77,5.1,Completed
68458,12,2014-11-13,Corolla,32475.25,5.65,Completed
68459,5,2014-11-03,Corolla,25618.61,5.34,Completed
68460,3,2014-11-16,Sienna,53100.18,5.69,Completed
68461,13,2014-11-18,Highlander,75206.15,5.61,Completed
68462,6,2014-11-22,Sienna,41010.03,3.86,Completed
68463,1,2014-11-13,Highlander,55995.96,5.24,Completed
68464,12,2014-11-24,Prius,35226.53,5.65,Completed
68465,18,2014-11-25,Tacoma,49431.25,5.68,Completed
68466,7,2014-11-21,Camry,40219.69,5.39,Completed
68467,4,2014-11-12,Tundra,37087.14,3.81,Completed
68468,9,2014-11-22,Corolla,21141.41,4.4,Completed
68469,7,2014-11-19,Highlander,69719.4,5.39,Completed
68470,6,2014-11-10,Sienna,34057.17,3.86,Completed
68471,14,2014-11-19,RAV4,46292.39,5.1,Completed
68472,11,2014-11-21,Corolla,22806.23,4.16,Completed
68473,10,2014-11-15,Sienna,36388.07,4.88,Completed
68474,14,2014-11-11,Highlander,58338.65,5.1,Completed
68475,14,2014-11-29,Camry,39576.58,5.1,Completed
68476,17,2014-11-19,Tundra,40192.53,4.51,Completed
68477,2,2014-11-04,Sienna,44007.01,4.0,Completed
68478,11,2014-11-18,Corolla,23123.46,4.16,Completed
68479,5,2014-11-22,Prius,30634.3,5.34,Completed
68480,5,2014-11-03,Corolla,27340.37,5.34,Completed
68481,9,2014-11-18,Tacoma,33213.93,4.4,Completed
68482,2,2014-11-19,Highlander,46926.4,4.0,Completed
68483,18,2014-11-22,Highlander,75703.2,5.68,Completed
68484,1,2014-11-22,Tundra,43725.1,5.24,Pending
68485,8,2014-11-28,Highlander,63758.69,5.84,Completed
68486,14,2014-11-04,Corolla,27755.56,5.1,Completed
68487,2,2014-11-01,Camry,31171.74,4.0,Completed
68488,8,2014-11-23,Highlander,61410.14,5.84,Completed
68489,5,2014-11-20,RAV4,41520.87,5.34,Completed
68490,18,2014-11-12,Tacoma,43293.58,5.68,Completed
68491,16,2014-11-03,Tacoma,48850.94,6.06,Pending
68492,16,2014-11-29,Tacoma,50290.98,6.06,Completed
68493,10,2014-11-08,Tundra,42975.8,4.88,Completed
68494,12,2014-11-16,Camry,38917.63,5.65,Completed
68495,12,2014-11-27,Sienna,52457.97,5.65,Completed
68496,19,2014-11-09,Corolla,27202.17,5.48,Completed
68497,16,2014-11-17,Tacoma,44801.81,6.06,Completed
68498,3,2014-11-06,Prius,33734.53,5.69,Completed
68499,10,2014-11-18,Tacoma,31122.76,4.88,Completed
68500,8,2014-11-22,Sienna,52975.32,5.84,Completed
68501,7,2014-11-04,Camry,46033.21,5.39,Completed
68502,19,2014-11-20,Prius,31127.33,5.48,Completed
68503,18,2014-11-08,Tundra,55676.64,5.68,Completed
68504,17,2014-11-18,Corolla,22224.37,4.51,Completed
68505,16,2014-11-21,RAV4,53359.62,6.06,Completed
68506,20,2014-11-24,Tacoma,45787.82,5.77,Completed
68507,15,2014-11-24,Highlander,73101.7,4.86,Completed
68508,13,2014-11-05,Tundra,51441.46,5.61,Completed
68509,16,2014-11-20,Sienna,53905.12,6.06,Completed
68510,15,2014-11-02,Prius,35466.99,4.86,Completed
68511,6,2014-11-14,Sienna,37993.35,3.86,Completed
68512,4,2014-11-17,Corolla,21148.19,3.81,Completed
68513,13,2014-11-16,Tacoma,44056.34,5.61,Completed
68514,18,2014-11-14,Camry,43640.12,5.68,Completed
68515,10,2014-11-22,Camry,30266.44,4.88,Completed
68516,20,2014-11-15,Corolla,32219.82,5.77,Completed
68517,10,2014-11-08,Tacoma,31854.45,4.88,Completed
68518,13,2014-11-26,Tundra,54083.94,5.61,Completed
68519,6,2014-11-12,RAV4,36555.71,3.86,Completed
68520,18,2014-11-16,Tundra,52986.0,5.68,Completed
68521,12,2014-11-06,RAV4,43359.42,5.65,Completed
68522,15,2014-11-24,RAV4,52481.73,4.86,Completed
68523,3,2014-11-05,Camry,42748.93,5.69,Pending
68524,20,2014-11-23,Corolla,28409.45,5.77,Completed
68525,4,2014-11-19,Corolla,21650.28,3.81,Completed
68526,15,2014-11-14,Camry,44350.6,4.86,Completed
68527,10,2014-11-03,Tacoma,33929.35,4.88,Completed
68528,20,2014-11-29,Tacoma,44465.7,5.77,Completed
68529,6,2014-11-28,Corolla,19368.19,3.86,Completed
68530,12,2014-11-18,Sienna,47764.5,5.65,Completed
68531,12,2014-11-01,Highlander,71122.52,5.65,Completed
68532,18,2014-11-19,Tacoma,51615.48,5.68,Completed
68533,6,2014-11-06,Camry,30560.92,3.86,Completed
68534,2,2014-11-14,Prius,27812.62,4.0,Completed
68535,20,2014-11-16,Tundra,51399.75,5.77,Completed
68536,2,2014-11-15,Tacoma,35493.4,4.0,Completed
68537,14,2014-11-01,Highlander,66844.06,5.1,Completed
68538,8,2014-11-16,Sienna,47668.73,5.84,Completed
68539,8,2014-11-24,Corolla,27286.88,5.84,Completed
68540,14,2014-11-30,Camry,42298.38,5.1,Completed
68541,3,2014-11-25,Sienna,57972.44,5.69,Completed
68542,17,2014-11-11,Highlander,50550.06,4.51,Completed
68543,8,2014-11-02,Sienna,54296.71,5.84,Completed
68544,9,2014-11-27,Camry,31701.57,4.4,Completed
68545,18,2014-11-06,RAV4,51239.82,5.68,Completed
68546,19,2014-11-15,Tacoma,37831.59,5.48,Completed
68547,11,2014-11-10,Highlander,49129.35,4.16,Completed
68548,6,2014-11-26,Corolla,19471.19,3.86,Completed
68549,16,2014-11-17,Tacoma,47756.94,6.06,Completed
68550,18,2014-11-27,Tacoma,48114.28,5.68,Completed
68551,7,2014-11-26,Highlander,62897.41,5.39,Completed
68552,15,2014-11-19,Highlander,70868.69,4.86,Completed
68553,11,2014-11-29,Prius,27717.57,4.16,Completed
68554,7,2014-11-30,Tundra,55047.34,5.39,Completed
68555,10,2014-11-16,Prius,25809.06,4.88,Completed
68556,2,2014-11-17,Tacoma,30834.13,4.0,Pending
68557,8,2014-11-23,Tundra,49437.02,5.84,Completed
68558,9,2014-11-22,Camry,32576.23,4.4,Completed
68559,3,2014-11-21,Camry,46041.42,5.69,Completed
68560,7,2014-11-18,Prius,36911.44,5.39,Completed
68561,20,2014-11-18,Highlander,73590.59,5.77,Completed
68562,2,2014-11-07,RAV4,38187.5,4.0,Completed
68563,10,2014-11-13,Prius,27253.79,4.88,Completed
68564,17,2014-11-20,Corolla,21862.59,4.51,Completed
68565,2,2014-11-26,Highlander,48814.98,4.0,Completed
68566,13,2014-11-16,Prius,37341.03,5.61,Completed
68567,11,2014-11-15,Tundra,41057.68,4.16,Completed
68568,18,2014-11-21,Highlander,71272.89,5.68,Completed
68569,1,2014-11-19,Corolla,24832.29,5.24,Pending
68570,11,2014-11-01,Corolla,24066.05,4.16,Completed
68571,3,2014-11-27,Prius,38355.95,5.69,Completed
68572,7,2014-11-07,Sienna,49483.09,5.39,Completed
68573,9,2014-11-14,Corolla,21278.01,4.4,Completed
68574,7,2014-11-29,Corolla,30612.01,5.39,Completed
68575,10,2014-11-29,Prius,24238.67,4.88,Completed
68576,1,2014-11-17,Highlander,51961.46,5.24,Completed
68577,2,2014-11-02,Highlander,51740.1,4.0,Completed
68578,11,2014-11-25,Camry,31372.71,4.16,Completed
68579,11,2014-11-06,Camry,28653.6,4.16,Completed
68580,15,2014-11-03,Tundra,56791.3,4.86,Completed
68581,11,2014-11-19,Sienna,36036.85,4.16,Completed
68582,8,2014-11-22,Prius,34395.34,5.84,Completed
68583,12,2014-11-02,Corolla,28452.24,5.65,Completed
68584,7,2014-11-12,Tundra,57524.94,5.39,Completed
68585,5,2014-11-16,Highlander,58267.86,5.34,Completed
68586,19,2014-11-29,Camry,33996.28,5.48,Completed
68587,19,2014-11-19,Prius,30792.7,5.48,Completed
68588,11,2014-11-09,Prius,24738.71,4.16,Completed
68589,16,2014-11-05,Prius,37445.2,6.06,Completed
68590,5,2014-11-09,Tundra,49309.99,5.34,Completed
68591,1,2014-11-10,Tacoma,38684.3,5.24,Completed
68592,16,2014-11-16,Highlander,71198.32,6.06,Completed
68593,17,2014-11-28,Corolla,22942.37,4.51,Completed
68594,4,2014-11-30,Sienna,35959.23,3.81,Completed
68595,9,2014-11-19,Highlander,46343.27,4.4,Completed
68596,5,2014-11-26,Tundra,40673.15,5.34,Completed
68597,9,2014-11-07,RAV4,38357.65,4.4,Completed
68598,11,2014-11-30,Sienna,37777.61,4.16,Completed
68599,15,2014-11-28,Highlander,67268.87,4.86,Completed
68600,19,2014-11-25,Prius,27717.86,5.48,Completed
68601,9,2014-11-03,Tacoma,31207.79,4.4,Completed
68602,12,2014-11-22,Tacoma,41294.85,5.65,Completed
68603,12,2014-11-28,Prius,30802.89,5.65,Completed
68604,10,2014-11-18,Sienna,41762.0,4.88,Completed
68605,6,2014-11-24,RAV4,36119.23,3.86,Completed
68606,7,2014-11-25,RAV4,44518.4,5.39,Completed
68607,19,2014-11-15,Prius,29014.47,5.48,Completed
68608,9,2014-11-25,Tacoma,35157.91,4.4,Completed
68609,18,2014-11-09,Camry,44162.7,5.68,Completed
68610,19,2014-11-22,Prius,27600.24,5.48,Completed
68611,2,2014-11-28,Corolla,21947.37,4.0,Completed
68612,7,2014-11-21,Camry,43197.81,5.39,Completed
68613,9,2014-11-10,RAV4,37422.03,4.4,Completed
68614,5,2014-11-06,RAV4,37776.68,5.34,Completed
68615,15,2014-11-23,Camry,44766.08,4.86,Completed
68616,20,2014-11-13,Highlander,63859.96,5.77,Completed
68617,15,2014-11-02,Tundra,54956.65,4.86,Completed
68618,18,2014-11-05,Highlander,70762.7,5.68,Completed
68619,5,2014-11-09,Camry,36122.68,5.34,Completed
68620,8,2014-11-15,Sienna,54598.31,5.84,Completed
68621,14,2014-11-03,Sienna,52159.57,5.1,Completed
68622,9,2014-11-14,Corolla,20988.69,4.4,Completed
68623,14,2014-11-26,Corolla,29751.01,5.1,Completed
68624,2,2014-11-09,Sienna,44498.32,4.0,Completed
68625,9,2014-11-29,Tundra,37298.51,4.4,Completed
68626,16,2014-11-03,Prius,38739.13,6.06,Completed
68627,7,2014-11-15,Highlander,65631.61,5.39,Completed
68628,6,2014-11-24,Corolla,19828.01,3.86,Completed
68629,8,2014-11-09,Tacoma,41317.79,5.84,Completed
68630,3,2014-11-01,Highlander,77076.08,5.69,Completed
68631,3,2014-11-08,Prius,35876.26,5.69,Completed
68632,19,2014-11-07,Sienna,47769.54,5.48,Completed
68633,4,2014-11-15,Corolla,20071.16,3.81,Completed
68634,1,2014-11-15,Highlander,50829.68,5.24,Completed
68635,4,2014-11-20,RAV4,31970.39,3.81,Cancelled
68636,18,2014-11-24,Corolla,30171.3,5.68,Completed
68637,8,2014-11-29,Corolla,28370.46,5.84,Completed
68638,4,2014-11-02,Tundra,40199.78,3.81,Completed
68639,6,2014-11-04,Tundra,39592.82,3.86,Completed
68640,14,2014-11-03,Corolla,29803.26,5.1,Completed
68641,9,2014-11-26,Tacoma,34579.29,4.4,Completed
68642,17,2014-11-08,Corolla,22326.1,4.51,Completed
68643,8,2014-11-27,Tacoma,48289.02,5.84,Completed
68644,20,2014-11-05,Camry,39024.14,5.77,Completed
68645,19,2014-11-28,Highlander,54086.07,5.48,Completed
68646,3,2014-11-22,Corolla,34303.98,5.69,Completed
68647,19,2014-11-01,Prius,30549.31,5.48,Completed
68648,14,2014-11-08,Tundra,51506.63,5.1,Completed
68649,4,2014-11-17,RAV4,36142.61,3.81,Completed
68650,1,2014-11-03,Tacoma,39731.4,5.24,Completed
68651,14,2014-11-07,Prius,34791.24,5.1,Completed
68652,1,2014-11-28,Corolla,26311.64,5.24,Completed
68653,6,2014-11-25,Prius,24371.7,3.86,Completed
68654,8,2014-11-05,Tundra,57555.73,5.84,Completed
68655,6,2014-11-26,Camry,30351.81,3.86,Completed
68656,9,2014-11-21,Prius,27218.59,4.4,Completed
68657,20,2014-11-01,Sienna,57407.89,5.77,Completed
68658,16,2014-11-09,Highlander,68726.4,6.06,Completed
68659,18,2014-11-13,Corolla,30225.01,5.68,Completed
68660,14,2014-11-19,Prius,31287.95,5.1,Completed
68661,7,2014-11-21,Prius,38400.14,5.39,Completed
68662,7,2014-11-19,Corolla,27956.01,5.39,Completed
68663,14,2014-11-28,Sienna,53322.01,5.1,Cancelled
68664,20,2014-11-10,Prius,31300.86,5.77,Completed
68665,16,2014-11-16,RAV4,52393.47,6.06,Pending
68666,1,2014-11-26,Prius,26882.79,5.24,Completed
68667,7,2014-11-28,Prius,37123.96,5.39,Completed
68668,3,2014-11-25,Highlander,69796.85,5.69,Completed
68669,9,2014-11-08,Corolla,23790.54,4.4,Completed
68670,7,2014-11-12,Sienna,56373.42,5.39,Completed
68671,2,2014-11-23,Corolla,23898.34,4.0,Completed
68672,6,2014-11-21,Tundra,34095.97,3.86,Completed
68673,1,2014-11-05,Camry,31389.68,5.24,Completed
68674,18,2014-11-18,Corolla,29843.71,5.68,Completed
68675,18,2014-11-17,Tundra,56985.68,5.68,Completed
68676,16,2014-11-12,RAV4,50729.92,6.06,Completed
68677,2,2014-11-26,Sienna,41971.87,4.0,Completed
68678,1,2014-11-01,Camry,31960.66,5.24,Completed
68679,2,2014-11-09,Tacoma,32273.73,4.0,Completed
68680,19,2014-11-30,Highlander,56657.13,5.48,Completed
68681,15,2014-11-06,Sienna,47263.96,4.86,Completed
68682,12,2014-11-17,Tacoma,43093.13,5.65,Completed
68683,14,2014-11-28,Camry,40110.88,5.1,Completed
68684,20,2014-11-04,Sienna,48287.13,5.77,Completed
68685,5,2014-11-13,Tacoma,34662.13,5.34,Completed
68686,8,2014-11-20,Highlander,65685.4,5.84,Completed
68687,7,2014-11-27,Camry,40130.86,5.39,Completed
68688,15,2014-11-28,Highlander,70295.32,4.86,Completed
68689,18,2014-11-01,Camry,48111.23,5.68,Completed
68690,9,2014-11-18,Highlander,53360.25,4.4,Completed
68691,2,2014-11-16,RAV4,39995.85,4.0,Completed
68692,9,2014-11-25,Tundra,35228.57,4.4,Completed
68693,5,2014-11-15,Sienna,41974.39,5.34,Completed
68694,18,2014-11-30,Corolla,31183.09,5.68,Completed
68695,6,2014-11-27,RAV4,33775.68,3.86,Completed
68696,15,2014-11-08,Camry,44561.62,4.86,Completed
68697,14,2014-11-08,Camry,38640.57,5.1,Completed
68698,6,2014-11-15,Camry,31772.6,3.86,Completed
68699,1,2014-11-15,Sienna,48621.46,5.24,Completed
68700,16,2014-11-24,Camry,42697.17,6.06,Completed
68701,17,2014-11-26,Highlander,46046.7,4.51,Completed
68702,16,2014-11-05,Tacoma,49238.21,6.06,Completed
68703,12,2014-11-27,Corolla,32662.35,5.65,Completed
68704,19,2014-11-03,Tacoma,39484.78,5.48,Completed
68705,5,2014-11-04,Corolla,23596.8,5.34,Completed
68706,14,2014-11-16,Tacoma,46181.01,5.1,Completed
68707,11,2014-11-02,RAV4,31846.42,4.16,Completed
68708,2,2014-11-03,Sienna,43757.0,4.0,Completed
68709,8,2014-11-05,Sienna,53835.72,5.84,Completed
68710,1,2014-11-04,Tacoma,39524.8,5.24,Completed
68711,8,2014-11-09,Highlander,73805.86,5.84,Completed
68712,11,2014-11-18,Highlander,51638.21,4.16,Completed
68713,7,2014-11-15,RAV4,46938.26,5.39,Completed
68714,18,2014-11-09,Corolla,31101.27,5.68,Completed
68715,10,2014-11-07,Highlander,49580.12,4.88,Completed
68716,13,2014-11-25,Camry,46880.61,5.61,Completed
68717,18,2014-11-13,Prius,35320.8,5.68,Completed
68718,14,2014-11-28,Camry,43397.38,5.1,Completed
68719,13,2014-11-06,Highlander,67830.9,5.61,Completed
68720,4,2014-11-02,Corolla,19713.09,3.81,Completed
68721,5,2014-11-08,Prius,29722.27,5.34,Completed
68722,1,2014-11-27,Tundra,43240.06,5.24,Completed
68723,5,2014-11-25,Tacoma,41245.11,5.34,Completed
68724,8,2014-11-06,RAV4,45913.34,5.84,Completed
68725,17,2014-11-12,Camry,30039.6,4.51,Completed
68726,17,2014-11-30,Tundra,36483.27,4.51,Completed
68727,6,2014-11-25,Prius,25603.17,3.86,Completed
68728,15,2014-11-22,Camry,38504.26,4.86,Completed
68729,1,2014-11-05,RAV4,43421.55,5.24,Completed
68730,3,2014-11-01,Corolla,31483.25,5.69,Completed
68731,14,2014-11-08,Camry,36826.72,5.1,Completed
68732,11,2014-11-12,RAV4,34296.15,4.16,Cancelled
68733,8,2014-11-11,Camry,39096.36,5.84,Completed
68734,1,2014-11-28,Camry,34478.83,5.24,Completed
68735,5,2014-11-05,Camry,37124.46,5.34,Completed
68736,2,2014-11-04,Corolla,22281.08,4.0,Completed
68737,15,2014-11-12,Highlander,65303.39,4.86,Completed
68738,5,2014-11-13,Camry,36035.48,5.34,Completed
68739,20,2014-11-23,Prius,37660.76,5.77,Completed
68740,20,2014-11-27,Prius,36018.84,5.77,Completed
68741,11,2014-11-21,Corolla,24304.86,4.16,Completed
68742,14,2014-11-04,Sienna,51028.16,5.1,Completed
68743,5,2014-11-10,Camry,36240.92,5.34,Completed
68744,4,2014-11-24,Sienna,33329.89,3.81,Completed
68745,14,2014-11-26,Tundra,50081.96,5.1,Completed
68746,11,2014-11-12,Tacoma,31798.31,4.16,Completed
68747,3,2014-11-30,Prius,35496.9,5.69,Completed
68748,15,2014-11-29,Corolla,29180.7,4.86,Completed
68749,2,2014-11-12,Highlander,54812.27,4.0,Completed
68750,15,2014-11-29,Sienna,55276.99,4.86,Completed
68751,12,2014-11-23,Highlander,66773.94,5.65,Completed
68752,14,2014-11-26,Tacoma,40543.95,5.1,Completed
68753,6,2014-11-13,Tacoma,29531.63,3.86,Completed
68754,5,2014-11-23,Prius,27573.22,5.34,Completed
68755,13,2014-11-02,Prius,37956.75,5.61,Completed
68756,9,2014-11-08,RAV4,33056.46,4.4,Completed
68757,18,2014-11-04,Camry,47627.65,5.68,Completed
68758,6,2014-11-17,RAV4,35017.85,3.86,Completed
68759,20,2014-11-30,Tacoma,47205.93,5.77,Completed
68760,5,2014-11-11,Tundra,40750.72,5.34,Completed
68761,14,2014-11-02,Tacoma,45180.87,5.1,Completed
68762,11,2014-11-29,RAV4,38152.67,4.16,Completed
68763,3,2014-11-09,Camry,38786.94,5.69,Completed
68764,1,2014-11-07,Tacoma,38976.56,5.24,Completed
68765,12,2014-11-29,Highlander,68414.78,5.65,Pending
68766,1,2014-11-12,Sienna,46441.45,5.24,Completed
68767,6,2014-11-04,Highlander,45046.27,3.86,Completed
68768,7,2014-11-04,Sienna,58623.96,5.39,Completed
68769,12,2014-11-02,Sienna,50217.65,5.65,Cancelled
68770,20,2014-11-15,Highlander,70332.55,5.77,Completed
68771,1,2014-11-04,Tundra,41749.96,5.24,Completed
68772,3,2014-11-14,Tundra,59929.85,5.69,Completed
68773,6,2014-11-23,Tundra,41168.59,3.86,Completed
68774,11,2014-11-15,Camry,30749.35,4.16,Pending
68775,1,2014-11-22,Tacoma,40547.64,5.24,Pending
68776,10,2014-11-07,Highlander,52627.57,4.88,Completed
68777,4,2014-11-10,Corolla,21657.39,3.81,Completed
68778,7,2014-11-15,Corolla,31487.11,5.39,Completed
68779,11,2014-11-24,Tundra,39904.11,4.16,Completed
68780,12,2014-11-14,RAV4,50798.44,5.65,Completed
68781,5,2014-11-18,RAV4,40470.8,5.34,Completed
68782,13,2014-11-12,Corolla,33254.61,5.61,Completed
68783,2,2014-11-03,Tundra,37015.02,4.0,Completed
68784,12,2014-11-12,Corolla,27577.48,5.65,Completed
68785,9,2014-11-24,Sienna,37064.61,4.4,Completed
68786,9,2014-11-11,Prius,23841.99,4.4,Completed
68787,11,2014-11-02,RAV4,36230.38,4.16,Completed
68788,6,2014-11-05,RAV4,34172.28,3.86,Completed
68789,12,2014-11-24,Corolla,28551.99,5.65,Completed
68790,7,2014-11-30,RAV4,52807.65,5.39,Completed
68791,3,2014-11-08,Tacoma,46904.4,5.69,Completed
68792,7,2014-11-29,Highlander,67163.97,5.39,Completed
68793,20,2014-11-01,RAV4,51148.43,5.77,Completed
68794,11,2014-11-03,RAV4,32162.05,4.16,Completed
68795,20,2014-11-19,Sienna,51566.87,5.77,Completed
68796,2,2014-11-16,Corolla,21768.09,4.0,Completed
68797,4,2014-11-04,RAV4,35198.65,3.81,Completed
68798,15,2014-11-19,RAV4,47511.37,4.86,Completed
68799,17,2014-11-13,Tacoma,33631.35,4.51,Completed
68800,12,2014-11-13,Tundra,54645.44,5.65,Completed
68801,1,2014-11-05,RAV4,39548.84,5.24,Completed
68802,14,2014-11-17,Sienna,47973.97,5.1,Completed
68803,14,2014-11-26,Tacoma,44583.48,5.1,Completed
68804,1,2014-11-01,RAV4,36783.23,5.24,Completed
68805,1,2014-11-20,Prius,26572.22,5.24,Completed
68806,12,2014-11-24,Sienna,51815.53,5.65,Completed
68807,6,2014-11-26,Tacoma,31415.26,3.86,Completed
68808,12,2014-11-26,Tundra,56981.76,5.65,Completed
68809,2,2014-11-19,Tundra,43129.54,4.0,Completed
68810,5,2014-11-05,Sienna,40749.33,5.34,Completed
68811,10,2014-11-21,Sienna,35942.24,4.88,Completed
68812,8,2014-11-26,Camry,41931.47,5.84,Completed
68813,9,2014-11-19,Highlander,44207.07,4.4,Completed
68814,12,2014-11-05,Camry,39207.03,5.65,Completed
68815,11,2014-11-23,Tundra,37322.98,4.16,Completed
68816,2,2014-11-03,Tundra,42453.13,4.0,Completed
68817,6,2014-11-19,RAV4,33643.6,3.86,Completed
68818,3,2014-11-04,RAV4,55249.57,5.69,Completed
68819,20,2014-11-09,RAV4,51586.48,5.77,Completed
68820,14,2014-11-19,Prius,34149.63,5.1,Completed
68821,15,2014-11-26,Corolla,31952.62,4.86,Completed
68822,19,2014-11-23,Prius,28747.96,5.48,Completed
68823,15,2014-11-20,Camry,39086.93,4.86,Completed
68824,18,2014-11-19,Camry,41732.8,5.68,Completed
68825,9,2014-11-15,Prius,23525.95,4.4,Completed
68826,20,2014-11-04,Camry,44864.02,5.77,Completed
68827,12,2014-11-01,Camry,40311.86,5.65,Completed
68828,6,2014-11-28,Tundra,39356.02,3.86,Completed
68829,9,2014-11-18,Highlander,46017.22,4.4,Completed
68830,17,2014-11-19,Sienna,38370.99,4.51,Completed
68831,17,2014-11-09,Camry,29919.28,4.51,Completed
68832,19,2014-11-24,Highlander,61039.45,5.48,Completed
68833,19,2014-11-23,Corolla,24410.75,5.48,Completed
68834,1,2014-11-06,Sienna,44012.19,5.24,Completed
68835,1,2014-11-01,RAV4,40450.53,5.24,Completed
68836,14,2014-11-03,Sienna,55351.22,5.1,Completed
68837,12,2014-11-11,Tacoma,40553.18,5.65,Completed
68838,5,2014-11-08,Tundra,44746.25,5.34,Completed
68839,5,2014-11-17,Sienna,41303.55,5.34,Completed
68840,11,2014-11-16,Highlander,53523.48,4.16,Completed
68841,10,2014-11-26,Tacoma,36483.9,4.88,Completed
68842,20,2014-11-15,Highlander,69289.96,5.77,Completed
68843,12,2014-11-20,Tacoma,46757.64,5.65,Completed
68844,15,2014-11-11,Tacoma,47747.3,4.86,Completed
68845,14,2014-11-20,Tundra,51370.2,5.1,Completed
68846,12,2014-11-01,Prius,35629.0,5.65,Completed
68847,7,2014-11-24,Prius,31974.42,5.39,Completed
68848,14,2014-11-11,Camry,39172.13,5.1,Pending
68849,13,2014-11-14,Tacoma,46550.54,5.61,Completed
68850,17,2014-11-03,Prius,24409.66,4.51,Completed
68851,2,2014-11-08,Tundra,38266.93,4.0,Pending
68852,10,2014-11-11,Camry,30900.99,4.88,Completed
68853,4,2014-11-18,Prius,24470.52,3.81,Completed
68854,1,2014-11-09,Tacoma,38732.25,5.24,Completed
68855,20,2014-11-02,Highlander,62825.16,5.77,Completed
68856,15,2014-11-05,Highlander,62906.29,4.86,Completed
68857,11,2014-11-19,Tundra,38300.68,4.16,Completed
68858,6,2014-11-21,Tundra,35837.09,3.86,Completed
68859,13,2014-11-07,RAV4,46959.39,5.61,Completed
68860,13,2014-11-23,Tundra,50903.75,5.61,Completed
68861,11,2014-11-21,Sienna,41878.44,4.16,Completed
68862,2,2014-11-27,Corolla,21085.78,4.0,Completed
68863,15,2014-11-03,Highlander,67076.8,4.86,Completed
68864,17,2014-11-15,Tacoma,34266.1,4.51,Completed
68865,9,2014-11-08,Highlander,45456.83,4.4,Completed
68866,1,2014-11-27,Tacoma,34817.03,5.24,Completed
68867,4,2014-11-18,Sienna,40092.17,3.81,Completed
68868,12,2014-11-22,Tundra,47547.33,5.65,Completed
68869,4,2014-11-23,Highlander,47163.04,3.81,Completed
68870,18,2014-11-17,Camry,44415.86,5.68,Completed
68871,18,2014-11-09,Corolla,35804.37,5.68,Completed
68872,11,2014-11-15,RAV4,35287.04,4.16,Completed
68873,14,2014-11-03,Highlander,62913.43,5.1,Completed
68874,11,2014-11-17,RAV4,32995.05,4.16,Completed
68875,11,2014-11-02,Tacoma,29772.57,4.16,Cancelled
68876,13,2014-11-22,RAV4,48860.13,5.61,Completed
68877,4,2014-11-15,Sienna,33907.97,3.81,Completed
68878,20,2014-11-10,Tundra,56222.8,5.77,Completed
68879,15,2014-11-12,Corolla,30066.66,4.86,Completed
68880,6,2014-11-13,Sienna,35640.36,3.86,Completed
68881,2,2014-11-15,Corolla,24674.32,4.0,Completed
68882,4,2014-11-07,Tundra,40049.23,3.81,Completed
68883,9,2014-11-17,Highlander,51000.62,4.4,Completed
68884,5,2014-11-04,Camry,33506.89,5.34,Completed
68885,8,2014-11-19,Camry,44915.2,5.84,Completed
68886,6,2014-11-29,Highlander,52085.67,3.86,Completed
68887,10,2014-11-26,Prius,23735.2,4.88,Completed
68888,19,2014-11-02,Highlander,53929.49,5.48,Completed
68889,9,2014-11-10,Prius,25997.73,4.4,Completed
68890,10,2014-11-18,Camry,27951.01,4.88,Completed
68891,15,2014-11-26,Camry,43711.17,4.86,Completed
68892,6,2014-11-25,RAV4,35114.1,3.86,Completed
68893,2,2014-11-15,Tundra,36701.35,4.0,Cancelled
68894,9,2014-11-16,Sienna,38985.34,4.4,Completed
68895,14,2014-11-06,Tundra,50752.78,5.1,Completed
68896,12,2014-11-06,Highlander,71089.65,5.65,Completed
68897,4,2014-11-03,Highlander,47670.89,3.81,Completed
68898,3,2014-11-20,Camry,39681.63,5.69,Pending
68899,19,2014-11-01,Camry,36211.17,5.48,Pending
68900,10,2014-11-27,Sienna,35744.54,4.88,Completed
68901,16,2014-11-21,Camry,40250.38,6.06,Completed
68902,4,2014-11-23,Prius,25166.57,3.81,Completed
68903,9,2014-11-25,Sienna,37769.64,4.4,Completed
68904,15,2014-11-06,Tundra,54050.43,4.86,Completed
68905,5,2014-11-26,Tundra,46121.54,5.34,Completed
68906,15,2014-11-18,Sienna,48066.51,4.86,Completed
68907,7,2014-11-10,Sienna,53847.83,5.39,Completed
68908,9,2014-11-21,Tundra,39766.37,4.4,Completed
68909,19,2014-11-23,Highlander,53628.07,5.48,Completed
68910,11,2014-11-06,Tundra,35125.15,4.16,Completed
68911,4,2014-11-16,RAV4,36390.0,3.81,Completed
68912,11,2014-11-05,RAV4,34135.04,4.16,Completed
68913,5,2014-11-07,Corolla,26962.16,5.34,Completed
68914,6,2014-11-03,Highlander,48071.96,3.86,Completed
68915,19,2014-11-01,Sienna,46123.28,5.48,Completed
68916,3,2014-11-11,Sienna,50122.88,5.69,Completed
68917,16,2014-11-30,Prius,32056.15,6.06,Completed
68918,6,2014-11-27,Highlander,46434.88,3.86,Completed
68919,10,2014-11-11,Tundra,40851.02,4.88,Completed
68920,1,2014-11-18,Prius,28881.53,5.24,Completed
68921,4,2014-11-17,Highlander,51136.11,3.81,Completed
68922,1,2014-11-19,Sienna,46197.92,5.24,Completed
68923,9,2014-11-22,Sienna,37434.48,4.4,Completed
68924,19,2014-11-10,Tundra,47102.76,5.48,Completed
68925,13,2014-11-25,RAV4,54238.58,5.61,Completed
68926,1,2014-11-24,Sienna,43249.77,5.24,Completed
68927,7,2014-11-04,Prius,38282.04,5.39,Completed
68928,11,2014-11-21,Tacoma,29624.14,4.16,Completed
68929,10,2014-11-10,Tundra,38132.66,4.88,Completed
68930,14,2014-11-02,Corolla,30165.54,5.1,Completed
68931,2,2014-11-26,RAV4,35842.38,4.0,Completed
68932,9,2014-11-27,Tundra,37547.88,4.4,Completed
68933,11,2014-11-14,Camry,28045.89,4.16,Completed
68934,13,2014-11-21,RAV4,54861.14,5.61,Completed
68935,12,2014-11-16,Tacoma,41646.31,5.65,Completed
68936,4,2014-11-12,Corolla,20908.16,3.81,Cancelled
68937,8,2014-11-22,Camry,43671.62,5.84,Completed
68938,2,2014-11-28,Tundra,40174.09,4.0,Completed
68939,19,2014-11-17,Corolla,26238.91,5.48,Pending
68940,9,2014-11-09,Highlander,52525.65,4.4,Completed
68941,15,2014-11-04,Prius,36545.44,4.86,Completed
68942,2,2014-11-22,Tundra,36862.44,4.0,Completed
68943,15,2014-11-02,Sienna,47692.75,4.86,Pending
68944,20,2014-11-18,Sienna,51214.71,5.77,Completed
68945,15,2014-11-26,Highlander,69918.14,4.86,Completed
68946,17,2014-11-02,Camry,30346.64,4.51,Completed
68947,3,2014-11-23,Tundra,53110.19,5.69,Completed
68948,13,2014-11-24,Tacoma,46123.04,5.61,Completed
68949,20,2014-11-15,Sienna,52047.06,5.77,Completed
68950,2,2014-11-21,Tacoma,37424.57,4.0,Completed
68951,5,2014-11-17,Highlander,56413.31,5.34,Completed
68952,14,2014-11-28,Sienna,47160.89,5.1,Completed
68953,1,2014-11-20,RAV4,38849.23,5.24,Completed
68954,13,2014-11-13,Prius,37265.05,5.61,Completed
68955,9,2014-11-21,Highlander,52267.04,4.4,Completed
68956,4,2014-11-05,Highlander,44808.79,3.81,Completed
68957,13,2014-11-13,Corolla,28804.74,5.61,Completed
68958,14,2014-11-06,Prius,34957.16,5.1,Completed
68959,9,2014-11-25,Corolla,22931.86,4.4,Completed
68960,20,2014-11-28,Camry,40458.11,5.77,Completed
68961,6,2014-11-03,Tundra,41227.76,3.86,Completed
68962,17,2014-11-23,Corolla,22284.31,4.51,Completed
68963,3,2014-11-14,RAV4,50795.24,5.69,Completed
68964,14,2014-11-12,Prius,35081.43,5.1,Completed
68965,5,2014-11-21,Tacoma,35635.37,5.34,Completed
68966,14,2014-11-12,Highlander,60765.82,5.1,Completed
68967,3,2014-11-25,Tacoma,50323.4,5.69,Completed
68968,19,2014-11-03,Tacoma,41588.14,5.48,Pending
68969,18,2014-11-24,Highlander,73874.31,5.68,Completed
68970,6,2014-11-05,Prius,22068.23,3.86,Completed
68971,14,2014-11-27,Tundra,55262.85,5.1,Cancelled
68972,9,2014-11-11,Corolla,23205.24,4.4,Completed
68973,19,2014-11-01,Camry,33750.3,5.48,Completed
68974,6,2014-11-09,Corolla,22884.06,3.86,Completed
68975,9,2014-11-09,Prius,26595.7,4.4,Completed
68976,3,2014-11-08,Camry,40517.72,5.69,Completed
68977,16,2014-11-06,Sienna,59373.62,6.06,Completed
68978,20,2014-11-12,Corolla,31640.48,5.77,Completed
68979,2,2014-11-21,Corolla,24668.18,4.0,Completed
68980,6,2014-11-06,Camry,31094.52,3.86,Completed
68981,13,2014-11-17,Corolla,31919.94,5.61,Completed
68982,19,2014-11-25,Tacoma,36532.6,5.48,Completed
68983,8,2014-11-25,Sienna,48540.37,5.84,Completed
68984,8,2014-11-16,Prius,37194.51,5.84,Completed
68985,3,2014-11-04,Camry,41629.04,5.69,Completed
68986,12,2014-11-24,Sienna,49395.39,5.65,Completed
68987,11,2014-11-15,Prius,23701.79,4.16,Completed
68988,7,2014-11-19,Tundra,56484.47,5.39,Completed
68989,5,2014-11-09,Prius,30740.72,5.34,Completed
68990,10,2014-11-03,Camry,33396.19,4.88,Completed
68991,18,2014-11-18,Camry,45276.18,5.68,Completed
68992,18,2014-11-11,Camry,48892.11,5.68,Completed
68993,13,2014-11-28,RAV4,52158.6,5.61,Completed
68994,5,2014-11-26,Prius,30443.11,5.34,Completed
68995,12,2014-11-17,RAV4,50751.06,5.65,Completed
68996,14,2014-11-30,Camry,38709.9,5.1,Completed
68997,14,2014-11-29,Tacoma,41357.33,5.1,Completed
68998,8,2014-11-22,RAV4,51990.09,5.84,Completed
68999,9,2014-11-03,Highlander,51061.32,4.4,Completed
69000,1,2014-11-29,Prius,29141.05,5.24,Completed
69001,7,2014-11-19,Corolla,28987.87,5.39,Completed
69002,3,2014-11-02,RAV4,46595.99,5.69,Completed
69003,10,2014-11-06,Tacoma,32921.3,4.88,Completed
69004,4,2014-11-22,Sienna,39790.64,3.81,Completed
69005,11,2014-11-05,Tacoma,32239.36,4.16,Completed
69006,9,2014-11-04,Camry,29790.99,4.4,Completed
69007,8,2014-11-05,Highlander,66514.06,5.84,Completed
69008,16,2014-11-21,Prius,32002.24,6.06,Completed
69009,20,2014-11-23,Corolla,28284.34,5.77,Completed
69010,2,2014-11-16,RAV4,34260.15,4.0,Completed
69011,8,2014-11-10,Tacoma,44958.38,5.84,Completed
69012,20,2014-11-02,RAV4,45566.51,5.77,Completed
69013,9,2014-11-17,Corolla,20470.16,4.4,Completed
69014,7,2014-11-26,Camry,38820.79,5.39,Completed
69015,16,2014-11-05,Camry,42808.51,6.06,Completed
69016,18,2014-11-10,Camry,46512.27,5.68,Completed
69017,11,2014-11-22,RAV4,35459.4,4.16,Completed
69018,11,2014-11-21,Tacoma,29528.82,4.16,Completed
69019,17,2014-11-03,Prius,22289.02,4.51,Completed
69020,2,2014-11-17,Tacoma,36118.87,4.0,Completed
69021,18,2014-11-17,Tundra,58885.68,5.68,Completed
69022,5,2014-11-09,Corolla,25484.7,5.34,Completed
69023,5,2014-11-07,Camry,34959.42,5.34,Completed
69024,3,2014-11-12,RAV4,54050.23,5.69,Completed
69025,14,2014-11-16,Tacoma,39405.74,5.1,Completed
69026,20,2014-11-08,RAV4,51391.74,5.77,Completed
69027,2,2014-11-01,RAV4,34611.1,4.0,Completed
69028,6,2014-11-22,Highlander,45366.02,3.86,Completed
69029,16,2014-11-17,Prius,34683.92,6.06,Completed
69030,9,2014-11-01,Camry,27608.07,4.4,Completed
69031,13,2014-11-20,Sienna,53906.66,5.61,Completed
69032,16,2014-11-10,Corolla,28315.89,6.06,Completed
69033,7,2014-11-02,RAV4,45375.06,5.39,Completed
69034,2,2014-11-13,Prius,27648.16,4.0,Completed
69035,2,2014-11-14,Prius,24761.06,4.0,Completed
69036,8,2014-11-18,Tundra,48063.32,5.84,Completed
69037,2,2014-11-25,Camry,30038.92,4.0,Completed
69038,10,2014-11-04,Tundra,39771.15,4.88,Pending
69039,2,2014-11-03,Sienna,43379.21,4.0,Completed
69040,18,2014-11-23,RAV4,55408.41,5.68,Completed
69041,16,2014-11-22,Sienna,49394.37,6.06,Completed
69042,14,2014-11-16,Tundra,49562.3,5.1,Completed
69043,19,2014-11-19,Corolla,25273.69,5.48,Completed
69044,3,2014-11-24,Prius,33743.52,5.69,Completed
69045,17,2014-11-09,Corolla,20793.11,4.51,Completed
69046,10,2014-11-03,RAV4,36271.47,4.88,Completed
69047,14,2014-11-09,Highlander,64999.12,5.1,Completed
69048,17,2014-11-14,Corolla,22484.73,4.51,Completed
69049,16,2014-11-11,Tundra,55578.11,6.06,Completed
69050,9,2014-11-23,Camry,29665.82,4.4,Completed
69051,13,2014-11-19,Corolla,28850.3,5.61,Completed
69052,14,2014-11-03,RAV4,43076.12,5.1,Completed
69053,5,2014-11-10,RAV4,41363.41,5.34,Completed
69054,12,2014-11-22,Tundra,55201.05,5.65,Completed
69055,9,2014-11-07,Sienna,38818.65,4.4,Completed
69056,14,2014-11-27,Tacoma,42136.42,5.1,Completed
69057,15,2014-11-08,Highlander,69857.28,4.86,Completed
69058,12,2014-11-07,Prius,33626.18,5.65,Completed
69059,20,2014-11-08,Camry,43057.57,5.77,Completed
69060,4,2014-11-16,Highlander,42522.86,3.81,Completed
69061,18,2014-11-17,Sienna,54118.31,5.68,Completed
69062,3,2014-11-28,Prius,37587.68,5.69,Completed
69063,5,2014-11-11,Sienna,48114.82,5.34,Completed
69064,18,2014-11-06,Tacoma,48988.34,5.68,Completed
69065,7,2014-11-16,RAV4,44509.56,5.39,Completed
69066,5,2014-11-13,RAV4,38152.65,5.34,Completed
69067,18,2014-11-08,Camry,44420.53,5.68,Completed
69068,17,2014-11-25,Highlander,43183.65,4.51,Completed
69069,16,2014-11-24,Tacoma,45874.71,6.06,Completed
69070,7,2014-11-06,Tundra,57356.27,5.39,Completed
69071,3,2014-11-25,RAV4,51066.28,5.69,Completed
69072,20,2014-11-07,RAV4,51591.24,5.77,Completed
69073,1,2014-11-24,Tundra,46194.59,5.24,Completed
69074,7,2014-11-22,Tundra,53289.03,5.39,Completed
69075,18,2014-11-30,Camry,42275.39,5.68,Completed
69076,9,2014-11-24,Sienna,37335.66,4.4,Completed
69077,1,2014-11-07,Sienna,43099.88,5.24,Completed
69078,12,2014-11-19,RAV4,47365.64,5.65,Completed
69079,2,2014-11-18,Tacoma,31111.42,4.0,Completed
69080,13,2014-11-13,Sienna,59681.78,5.61,Pending
69081,18,2014-11-17,Corolla,30465.08,5.68,Completed
69082,16,2014-11-14,Sienna,48989.36,6.06,Completed
69083,4,2014-11-27,RAV4,33301.35,3.81,Completed
69084,10,2014-11-28,Corolla,23505.87,4.88,Completed
69085,8,2014-11-16,Tundra,57549.56,5.84,Completed
69086,4,2014-11-19,Camry,26653.33,3.81,Completed
69087,10,2014-11-25,RAV4,33978.02,4.88,Completed
69088,7,2014-11-02,Highlander,68914.68,5.39,Completed
69089,20,2014-11-05,Prius,37812.47,5.77,Completed
69090,5,2014-11-17,RAV4,40736.07,5.34,Completed
69091,8,2014-11-05,Prius,33763.18,5.84,Completed
69092,7,2014-11-17,Tacoma,42997.15,5.39,Cancelled
69093,12,2014-11-19,Tacoma,43928.22,5.65,Completed
69094,3,2014-11-29,Prius,37107.73,5.69,Completed
69095,18,2014-11-08,Tundra,55095.53,5.68,Completed
69096,6,2014-11-15,Camry,30756.51,3.86,Completed
69097,7,2014-11-05,RAV4,45404.85,5.39,Completed
69098,16,2014-11-30,Tundra,54134.92,6.06,Completed
69099,14,2014-11-09,Camry,41823.68,5.1,Completed
69100,2,2014-11-06,Highlander,56375.57,4.0,Completed
69101,3,2014-11-10,Highlander,66974.12,5.69,Completed
69102,9,2014-11-24,Tundra,35972.18,4.4,Completed
69103,11,2014-11-06,Tundra,40401.27,4.16,Completed
69104,14,2014-11-14,Tundra,51426.95,5.1,Completed
69105,15,2014-11-29,RAV4,48441.72,4.86,Completed
69106,14,2014-11-13,Sienna,50031.59,5.1,Completed
69107,9,2014-11-10,Prius,27257.01,4.4,Completed
69108,7,2014-11-17,RAV4,45551.27,5.39,Completed
69109,7,2014-11-11,Tundra,54194.47,5.39,Completed
69110,2,2014-11-15,Prius,27546.04,4.0,Completed
69111,20,2014-11-13,Sienna,52314.55,5.77,Completed
69112,18,2014-11-11,Tacoma,47477.39,5.68,Completed
69113,1,2014-11-27,Tundra,40257.3,5.24,Completed
69114,16,2014-11-28,Camry,42138.34,6.06,Completed
69115,16,2014-11-20,RAV4,49835.13,6.06,Completed
69116,14,2014-11-02,Camry,40406.97,5.1,Completed
69117,7,2014-11-12,RAV4,44377.16,5.39,Completed
69118,2,2014-11-25,Tundra,38877.82,4.0,Completed
69119,8,2014-11-14,Tacoma,43801.49,5.84,Completed
69120,2,2014-11-29,Tacoma,31732.29,4.0,Completed
69121,15,2014-11-16,Highlander,60397.38,4.86,Completed
69122,8,2014-11-07,Corolla,29221.42,5.84,Completed
69123,17,2014-11-17,Tundra,39359.32,4.51,Completed
69124,7,2014-11-08,Prius,36311.83,5.39,Completed
69125,13,2014-11-08,Tacoma,50378.82,5.61,Completed
69126,18,2014-11-19,Corolla,32157.2,5.68,Completed
69127,5,2014-11-05,Camry,37372.97,5.34,Completed
69128,4,2014-11-24,Highlander,43265.06,3.81,Completed
69129,6,2014-11-04,Sienna,35067.9,3.86,Completed
69130,2,2014-11-29,Tacoma,33843.83,4.0,Completed
69131,3,2014-11-05,Tundra,57194.51,5.69,Completed
69132,20,2014-11-19,Tundra,58439.64,5.77,Completed
69133,1,2014-11-21,Tacoma,33958.21,5.24,Completed
69134,9,2014-11-25,Prius,23907.31,4.4,Completed
69135,1,2014-11-16,Corolla,25593.81,5.24,Completed
69136,2,2014-11-11,Tundra,41940.41,4.0,Completed
69137,11,2014-11-14,Tacoma,32095.66,4.16,Completed
69138,6,2014-11-13,Tacoma,34597.73,3.86,Completed
69139,10,2014-11-08,Camry,28061.54,4.88,Completed
69140,15,2014-11-09,Corolla,29722.78,4.86,Completed
69141,17,2014-11-10,Prius,24357.47,4.51,Completed
69142,6,2014-11-04,Camry,26619.92,3.86,Completed
69143,8,2014-11-19,Sienna,51907.64,5.84,Completed
69144,5,2014-11-21,Sienna,45298.36,5.34,Completed
69145,10,2014-11-14,Corolla,22603.37,4.88,Completed
69146,11,2014-11-14,Camry,29933.71,4.16,Pending
69147,19,2014-11-28,Tacoma,36315.0,5.48,Completed
69148,2,2014-11-05,Highlander,47124.37,4.0,Completed
69149,8,2014-11-27,Sienna,49610.58,5.84,Pending
69150,17,2014-11-09,Camry,29253.16,4.51,Completed
69151,15,2014-11-23,Tacoma,46524.76,4.86,Completed
69152,19,2014-11-23,Tacoma,41756.54,5.48,Completed
69153,18,2014-11-06,RAV4,54620.95,5.68,Completed
69154,6,2014-11-25,Prius,22244.5,3.86,Completed
69155,11,2014-11-22,Tacoma,33878.9,4.16,Completed
69156,8,2014-11-25,Sienna,50479.03,5.84,Completed
69157,2,2014-11-07,RAV4,36151.98,4.0,Completed
69158,4,2014-11-13,Prius,25583.23,3.81,Completed
69159,3,2014-11-28,RAV4,51493.89,5.69,Completed
69160,18,2014-11-21,Highlander,69737.11,5.68,Completed
69161,18,2014-11-28,Tundra,61944.24,5.68,Completed
69162,4,2014-11-13,Prius,25406.54,3.81,Completed
69163,10,2014-11-25,Tundra,41580.14,4.88,Completed
69164,14,2014-11-29,Corolla,30300.55,5.1,Completed
69165,6,2014-11-17,RAV4,36698.32,3.86,Completed
69166,6,2014-11-17,Prius,24889.58,3.86,Completed
69167,7,2014-11-03,RAV4,47366.91,5.39,Completed
69168,4,2014-11-29,Sienna,35236.18,3.81,Completed
69169,5,2014-11-18,Sienna,47777.55,5.34,Completed
69170,2,2014-11-10,Sienna,37344.36,4.0,Completed
69171,12,2014-11-18,Corolla,29229.55,5.65,Completed
69172,12,2014-11-09,RAV4,51765.78,5.65,Completed
69173,12,2014-11-27,Camry,40499.0,5.65,Completed
69174,3,2014-11-22,RAV4,54210.68,5.69,Completed
69175,7,2014-11-30,Corolla,28246.21,5.39,Completed
69176,19,2014-11-26,Tundra,47283.42,5.48,Completed
69177,5,2014-11-15,RAV4,40107.9,5.34,Completed
69178,5,2014-11-27,RAV4,42824.31,5.34,Completed
69179,20,2014-11-29,Tundra,55520.95,5.77,Completed
69180,8,2014-11-12,RAV4,46163.34,5.84,Completed
69181,11,2014-11-20,Tundra,37770.02,4.16,Completed
69182,5,2014-11-11,Corolla,26960.1,5.34,Completed
69183,11,2014-11-13,Camry,33187.36,4.16,Cancelled
69184,5,2014-11-14,Tacoma,37830.29,5.34,Completed
69185,8,2014-11-08,Sienna,50421.22,5.84,Completed
69186,8,2014-11-14,Highlander,66996.38,5.84,Completed
69187,20,2014-11-30,Tundra,53809.66,5.77,Completed
69188,13,2014-11-07,Tacoma,43941.18,5.61,Completed
69189,13,2014-11-08,Tundra,60119.44,5.61,Completed
69190,10,2014-11-21,Tundra,35975.88,4.88,Completed
69191,11,2014-11-04,Camry,30697.74,4.16,Completed
69192,12,2014-11-17,Highlander,60390.47,5.65,Completed
69193,13,2014-11-14,Tundra,51261.82,5.61,Completed
69194,11,2014-11-23,Corolla,22984.22,4.16,Completed
69195,8,2014-11-02,Tacoma,47580.41,5.84,Completed
69196,2,2014-11-27,Tacoma,36309.34,4.0,Completed
69197,18,2014-11-23,RAV4,47401.88,5.68,Completed
69198,20,2014-11-24,Prius,37198.86,5.77,Completed
69199,11,2014-11-23,Sienna,38444.76,4.16,Completed
69200,16,2014-11-18,Highlander,64153.79,6.06,Completed
69201,1,2014-11-03,Tundra,41367.87,5.24,Pending
69202,7,2014-11-10,Tundra,54179.42,5.39,Completed
69203,14,2014-11-20,Camry,36305.57,5.1,Completed
69204,16,2014-11-23,Camry,45801.7,6.06,Completed
69205,7,2014-11-23,Highlander,62480.93,5.39,Pending
69206,10,2014-11-25,Tacoma,32255.41,4.88,Completed
69207,16,2014-11-23,RAV4,47924.29,6.06,Completed
69208,18,2014-11-07,Tundra,54662.02,5.68,Completed
69209,15,2014-11-07,Tundra,52430.8,4.86,Completed
69210,8,2014-11-16,Prius,37809.18,5.84,Completed
69211,3,2014-11-23,Tacoma,44130.02,5.69,Completed
69212,9,2014-11-17,Corolla,20778.73,4.4,Completed
69213,17,2014-11-08,RAV4,31599.7,4.51,Completed
69214,10,2014-11-01,RAV4,33154.27,4.88,Completed
69215,19,2014-11-04,Prius,30927.52,5.48,Completed
69216,14,2014-11-26,Tundra,54082.79,5.1,Completed
69217,8,2014-11-14,Camry,39156.42,5.84,Completed
69218,13,2014-11-27,Tacoma,47331.21,5.61,Completed
69219,12,2014-11-04,Tundra,51926.09,5.65,Completed
69220,2,2014-11-02,Prius,24221.35,4.0,Completed
69221,7,2014-11-03,Sienna,53414.48,5.39,Completed
69222,8,2014-11-18,Corolla,32130.09,5.84,Cancelled
69223,3,2014-11-13,Prius,38298.92,5.69,Completed
69224,18,2014-11-20,Tacoma,44821.94,5.68,Cancelled
69225,12,2014-11-20,Tundra,50070.43,5.65,Completed
69226,19,2014-11-26,Tacoma,37261.48,5.48,Completed
69227,4,2014-11-15,Camry,28424.23,3.81,Completed
69228,11,2014-11-28,Corolla,20790.94,4.16,Completed
69229,9,2014-11-20,Sienna,37239.53,4.4,Completed
69230,17,2014-11-25,Tacoma,29222.62,4.51,Completed
69231,14,2014-11-18,Prius,30165.71,5.1,Completed
69232,1,2014-11-02,Highlander,61266.72,5.24,Completed
69233,14,2014-11-17,Camry,41233.36,5.1,Completed
69234,15,2014-11-25,Corolla,28725.08,4.86,Completed
69235,17,2014-11-12,Corolla,22527.15,4.51,Completed
69236,7,2014-11-22,Corolla,29131.82,5.39,Completed
69237,1,2014-11-08,Camry,34339.29,5.24,Completed
69238,13,2014-11-28,Corolla,32700.92,5.61,Completed
69239,2,2014-11-28,Camry,29990.43,4.0,Completed
69240,17,2014-11-03,Prius,25870.9,4.51,Completed
69241,20,2014-11-19,Camry,40629.11,5.77,Completed
69242,2,2014-11-25,Prius,27459.36,4.0,Completed
69243,19,2014-11-11,Prius,28983.96,5.48,Completed
69244,13,2014-11-19,Highlander,71690.18,5.61,Completed
69245,2,2014-11-11,Prius,26963.22,4.0,Completed
69246,15,2014-11-12,Sienna,53136.19,4.86,Completed
69247,9,2014-11-27,Camry,28988.24,4.4,Completed
69248,8,2014-11-24,Corolla,28101.8,5.84,Pending
69249,1,2014-11-24,Prius,29906.2,5.24,Completed
69250,8,2014-11-29,Sienna,52291.52,5.84,Completed
69251,19,2014-11-11,Camry,33015.99,5.48,Completed
69252,6,2014-11-12,Corolla,20906.79,3.86,Completed
69253,8,2014-11-12,Corolla,33160.71,5.84,Completed
69254,15,2014-11-01,Highlander,60196.54,4.86,Completed
69255,10,2014-11-12,Corolla,24776.24,4.88,Completed
69256,8,2014-11-11,Tacoma,43258.04,5.84,Completed
69257,13,2014-11-22,Tundra,59030.57,5.61,Completed
69258,18,2014-11-21,Tundra,56720.88,5.68,Completed
69259,10,2014-11-24,Highlander,54126.73,4.88,Completed
69260,16,2014-11-21,Highlander,73524.26,6.06,Completed
69261,9,2014-11-04,Sienna,37431.47,4.4,Completed
69262,12,2014-11-27,RAV4,48481.15,5.65,Completed
69263,9,2014-11-23,Highlander,48714.47,4.4,Completed
69264,10,2014-11-23,Tundra,35840.04,4.88,Completed
69265,16,2014-11-05,Tacoma,49629.71,6.06,Completed
69266,13,2014-11-02,Sienna,53634.56,5.61,Completed
69267,2,2014-11-27,Prius,24383.79,4.0,Completed
69268,17,2014-11-13,Corolla,19710.74,4.51,Completed
69269,7,2014-11-25,Prius,33762.4,5.39,Completed
69270,11,2014-11-26,Tundra,40006.85,4.16,Completed
69271,9,2014-11-18,Sienna,42139.39,4.4,Completed
69272,10,2014-11-05,Sienna,37208.66,4.88,Completed
69273,17,2014-11-17,Tundra,38762.09,4.51,Completed
69274,12,2014-11-29,Tundra,53567.39,5.65,Completed
69275,1,2014-11-11,Prius,31189.14,5.24,Completed
69276,3,2014-11-10,Highlander,71794.02,5.69,Pending
69277,4,2014-11-08,Highlander,45967.71,3.81,Completed
69278,1,2014-11-01,Tundra,44531.89,5.24,Completed
69279,6,2014-11-23,RAV4,34269.29,3.86,Pending
69280,18,2014-11-02,Sienna,58462.38,5.68,Completed
69281,20,2014-11-26,Prius,31909.53,5.77,Completed
69282,6,2014-11-20,Prius,26698.51,3.86,Completed
69283,9,2014-11-27,Corolla,20600.64,4.4,Completed
69284,8,2014-11-27,Sienna,51603.31,5.84,Completed
69285,19,2014-11-06,Highlander,54991.41,5.48,Completed
69286,9,2014-11-28,Sienna,40356.55,4.4,Completed
