sale_id,sale_rep_id,sale_date,car_model,sale_amount,commission_pct,sale_status
446808,2,2019-11-22,Corolla,20853.49,4.0,Pending
446809,16,2019-11-21,Sienna,47007.33,6.06,Completed
446810,1,2019-11-23,RAV4,36160.99,5.24,Completed
446811,6,2019-11-12,Prius,24085.7,3.86,Completed
446812,15,2019-11-04,Highlander,66165.93,4.86,Completed
446813,8,2019-11-03,RAV4,45348.56,5.84,Completed
446814,8,2019-11-28,Tundra,45466.83,5.84,Completed
446815,8,2019-11-16,Tacoma,42118.26,5.84,Completed
446816,16,2019-11-20,Highlander,62187.17,6.06,Cancelled
446817,9,2019-11-05,Tundra,32911.56,4.4,Completed
446818,2,2019-11-30,RAV4,31859.86,4.0,Completed
446819,8,2019-11-16,RAV4,41405.66,5.84,Completed
446820,9,2019-11-06,Prius,20388.34,4.4,Completed
446821,4,2019-11-27,Highlander,39850.18,3.81,Completed
446822,13,2019-11-08,Tundra,53219.39,5.61,Completed
446823,20,2019-11-25,Camry,38463.02,5.77,Completed
446824,7,2019-11-26,Camry,40141.37,5.39,Completed
446825,5,2019-11-08,Corolla,25450.71,5.34,Completed
446826,16,2019-11-29,Highlander,63283.7,6.06,Completed
446827,9,2019-11-16,RAV4,34625.28,4.4,Completed
446828,17,2019-11-19,Prius,21029.41,4.51,Completed
446829,15,2019-11-20,Tacoma,37657.17,4.86,Completed
446830,5,2019-11-14,Tundra,43080.12,5.34,Completed
446831,18,2019-11-17,Tacoma,45341.13,5.68,Completed
446832,10,2019-11-06,Tacoma,29280.66,4.88,Completed
446833,6,2019-11-26,Prius,23481.43,3.86,Completed
446834,9,2019-11-16,Sienna,36636.42,4.4,Completed
446835,9,2019-11-01,Camry,25917.02,4.4,Completed
446836,20,2019-11-03,Camry,34427.28,5.77,Completed
446837,6,2019-11-01,Tacoma,29274.17,3.86,Completed
446838,15,2019-11-25,Tacoma,36545.11,4.86,Completed
446839,3,2019-11-19,Prius,35354.72,5.69,Completed
446840,3,2019-11-16,Tundra,52648.42,5.69,Completed
446841,10,2019-11-28,Highlander,47886.01,4.88,Completed
446842,9,2019-11-11,Corolla,21161.88,4.4,Completed
446843,16,2019-11-20,Sienna,47999.11,6.06,Completed
446844,6,2019-11-17,Highlander,45650.66,3.86,Completed
446845,16,2019-11-06,Corolla,29130.35,6.06,Completed
446846,18,2019-11-28,Camry,37851.8,5.68,Completed
446847,18,2019-11-10,Corolla,26835.5,5.68,Completed
446848,20,2019-11-07,RAV4,42489.08,5.77,Completed
446849,6,2019-11-17,Highlander,43359.9,3.86,Completed
446850,20,2019-11-19,Camry,38002.73,5.77,Completed
446851,1,2019-11-29,Sienna,40065.54,5.24,Completed
446852,16,2019-11-22,Sienna,50860.09,6.06,Cancelled
446853,12,2019-11-21,Highlander,63338.43,5.65,Completed
446854,12,2019-11-22,Prius,29714.99,5.65,Completed
446855,15,2019-11-20,Sienna,49946.12,4.86,Completed
446856,11,2019-11-13,Tundra,33940.35,4.16,Completed
446857,13,2019-11-30,Tundra,48753.32,5.61,Completed
446858,9,2019-11-17,RAV4,29040.91,4.4,Completed
446859,19,2019-11-16,Camry,32679.79,5.48,Completed
446860,7,2019-11-29,Camry,41380.75,5.39,Completed
446861,12,2019-11-26,Tundra,51396.28,5.65,Completed
446862,20,2019-11-13,Sienna,46897.21,5.77,Completed
446863,20,2019-11-15,Camry,38199.56,5.77,Completed
446864,11,2019-11-03,Sienna,31487.4,4.16,Completed
446865,13,2019-11-30,Prius,30725.87,5.61,Completed
446866,9,2019-11-15,Corolla,18794.02,4.4,Completed
446867,15,2019-11-30,Corolla,27010.54,4.86,Completed
446868,3,2019-11-21,Camry,40896.64,5.69,Completed
446869,9,2019-11-10,Prius,20936.92,4.4,Completed
446870,1,2019-11-09,RAV4,35052.14,5.24,Completed
446871,5,2019-11-29,Tundra,36729.66,5.34,Completed
446872,14,2019-11-15,Prius,30651.68,5.1,Completed
446873,1,2019-11-18,Tundra,36216.55,5.24,Completed
446874,4,2019-11-15,RAV4,30609.39,3.81,Completed
446875,11,2019-11-15,Tundra,31975.93,4.16,Cancelled
446876,15,2019-11-22,Tundra,51748.88,4.86,Completed
446877,15,2019-11-07,Corolla,27225.8,4.86,Pending
446878,9,2019-11-24,Highlander,46286.72,4.4,Completed
446879,16,2019-11-10,Tundra,47534.59,6.06,Completed
446880,18,2019-11-05,RAV4,51531.32,5.68,Completed
446881,17,2019-11-06,Tacoma,27278.2,4.51,Completed
446882,7,2019-11-16,RAV4,44211.66,5.39,Completed
446883,2,2019-11-07,RAV4,36567.52,4.0,Completed
446884,12,2019-11-01,Tacoma,42005.17,5.65,Completed
446885,6,2019-11-03,Corolla,18883.46,3.86,Completed
446886,6,2019-11-09,Sienna,36486.29,3.86,Pending
446887,4,2019-11-28,Prius,22295.86,3.81,Completed
446888,8,2019-11-12,Tacoma,36907.53,5.84,Pending
446889,17,2019-11-25,Prius,21471.57,4.51,Completed
446890,9,2019-11-23,Sienna,37212.83,4.4,Completed
446891,18,2019-11-06,Tundra,55505.95,5.68,Cancelled
446892,19,2019-11-27,Prius,27271.87,5.48,Pending
446893,3,2019-11-15,Tundra,47844.65,5.69,Completed
446894,18,2019-11-27,Sienna,53003.76,5.68,Completed
446895,5,2019-11-18,Highlander,50110.56,5.34,Completed
446896,7,2019-11-14,RAV4,47537.92,5.39,Pending
446897,19,2019-11-26,Camry,30158.93,5.48,Completed
446898,7,2019-11-01,Tundra,53290.11,5.39,Completed
446899,1,2019-11-03,Corolla,22646.7,5.24,Completed
446900,1,2019-11-27,Sienna,37425.0,5.24,Completed
446901,2,2019-11-03,Highlander,42246.28,4.0,Completed
446902,1,2019-11-03,Tacoma,34234.33,5.24,Completed
446903,13,2019-11-18,Camry,39005.38,5.61,Completed
446904,10,2019-11-01,Tundra,37236.46,4.88,Completed
446905,4,2019-11-22,RAV4,29887.48,3.81,Completed
446906,8,2019-11-10,Tundra,49337.57,5.84,Completed
446907,2,2019-11-30,Highlander,51100.68,4.0,Pending
446908,12,2019-11-20,Prius,30948.8,5.65,Completed
446909,18,2019-11-20,Sienna,49490.73,5.68,Completed
446910,8,2019-11-13,Highlander,57607.92,5.84,Completed
446911,9,2019-11-25,Prius,23807.67,4.4,Completed
446912,17,2019-11-24,Sienna,36039.25,4.51,Completed
446913,5,2019-11-19,RAV4,40120.46,5.34,Completed
446914,8,2019-11-27,Tundra,49990.08,5.84,Completed
446915,12,2019-11-05,Camry,37987.31,5.65,Completed
446916,12,2019-11-04,Sienna,48176.11,5.65,Completed
446917,15,2019-11-13,Tundra,45953.92,4.86,Completed
446918,20,2019-11-13,Tundra,49872.64,5.77,Completed
446919,4,2019-11-10,Highlander,44855.33,3.81,Completed
446920,12,2019-11-28,Highlander,63417.57,5.65,Completed
446921,15,2019-11-30,RAV4,43368.68,4.86,Completed
446922,11,2019-11-23,Camry,25684.51,4.16,Completed
446923,4,2019-11-28,RAV4,27241.99,3.81,Completed
446924,12,2019-11-15,Highlander,61556.69,5.65,Completed
446925,11,2019-11-18,Prius,24673.96,4.16,Completed
446926,5,2019-11-26,Tacoma,36576.57,5.34,Completed
446927,4,2019-11-25,Highlander,44265.22,3.81,Completed
446928,8,2019-11-18,Highlander,60167.76,5.84,Completed
446929,15,2019-11-16,Corolla,27352.19,4.86,Completed
446930,11,2019-11-10,Camry,25038.64,4.16,Completed
446931,16,2019-11-19,Highlander,59142.78,6.06,Completed
446932,12,2019-11-16,Corolla,25561.34,5.65,Completed
446933,18,2019-11-06,Camry,38545.17,5.68,Completed
446934,5,2019-11-07,Prius,27230.83,5.34,Completed
446935,8,2019-11-16,Camry,40587.22,5.84,Completed
446936,4,2019-11-20,Tacoma,28232.79,3.81,Completed
446937,1,2019-11-25,Sienna,39391.6,5.24,Completed
446938,20,2019-11-20,Sienna,51137.84,5.77,Completed
446939,2,2019-11-18,RAV4,36486.23,4.0,Completed
446940,20,2019-11-20,Sienna,50225.52,5.77,Completed
446941,6,2019-11-09,Camry,28000.1,3.86,Completed
446942,2,2019-11-10,Camry,28563.4,4.0,Completed
446943,12,2019-11-06,Sienna,45938.02,5.65,Completed
446944,19,2019-11-28,Sienna,42165.64,5.48,Pending
446945,1,2019-11-08,Camry,29109.58,5.24,Completed
446946,1,2019-11-15,Sienna,42956.28,5.24,Cancelled
446947,16,2019-11-22,Camry,34540.57,6.06,Completed
446948,4,2019-11-30,Corolla,20212.06,3.81,Completed
446949,12,2019-11-20,RAV4,42583.45,5.65,Completed
446950,3,2019-11-30,Prius,29561.85,5.69,Completed
446951,18,2019-11-06,Camry,39848.14,5.68,Completed
446952,17,2019-11-09,Corolla,19014.34,4.51,Completed
446953,11,2019-11-09,RAV4,31701.29,4.16,Completed
446954,12,2019-11-07,Prius,31848.25,5.65,Completed
446955,5,2019-11-06,Sienna,40045.47,5.34,Completed
446956,6,2019-11-14,Highlander,43390.23,3.86,Completed
446957,8,2019-11-23,Prius,32481.48,5.84,Completed
446958,10,2019-11-12,Sienna,33220.46,4.88,Completed
446959,14,2019-11-26,Corolla,24674.68,5.1,Completed
446960,8,2019-11-14,Prius,32079.57,5.84,Completed
446961,4,2019-11-29,RAV4,29476.84,3.81,Completed
446962,20,2019-11-09,Prius,30108.5,5.77,Completed
446963,17,2019-11-14,Tundra,36019.42,4.51,Completed
446964,14,2019-11-28,Tundra,44032.54,5.1,Completed
446965,7,2019-11-21,Prius,33593.47,5.39,Completed
446966,3,2019-11-27,Sienna,46863.67,5.69,Completed
446967,18,2019-11-30,Corolla,29157.33,5.68,Completed
446968,19,2019-11-03,Prius,28429.56,5.48,Completed
446969,8,2019-11-10,Camry,36052.06,5.84,Completed
446970,19,2019-11-29,Highlander,53114.41,5.48,Completed
446971,4,2019-11-22,Tundra,36210.5,3.81,Cancelled
446972,13,2019-11-18,Corolla,26426.31,5.61,Completed
446973,13,2019-11-30,Corolla,27165.16,5.61,Completed
446974,3,2019-11-09,Tundra,47566.71,5.69,Completed
446975,3,2019-11-25,Camry,35717.05,5.69,Completed
446976,4,2019-11-25,Prius,23049.87,3.81,Completed
446977,18,2019-11-06,Corolla,27661.02,5.68,Pending
446978,7,2019-11-19,Tacoma,41794.39,5.39,Completed
446979,9,2019-11-01,Tacoma,28147.39,4.4,Pending
446980,12,2019-11-20,Sienna,47974.77,5.65,Completed
446981,2,2019-11-21,Corolla,23009.9,4.0,Completed
446982,20,2019-11-25,Tacoma,42004.81,5.77,Completed
446983,20,2019-11-29,Sienna,44146.12,5.77,Completed
446984,6,2019-11-10,RAV4,30732.9,3.86,Completed
446985,15,2019-11-05,Tacoma,42688.69,4.86,Completed
446986,17,2019-11-01,Corolla,18331.32,4.51,Completed
446987,15,2019-11-24,Sienna,50251.69,4.86,Completed
446988,14,2019-11-06,Camry,32479.87,5.1,Completed
446989,6,2019-11-27,Prius,21436.2,3.86,Completed
446990,1,2019-11-03,Sienna,38838.09,5.24,Completed
446991,10,2019-11-07,Prius,21194.87,4.88,Completed
446992,8,2019-11-12,Corolla,27663.51,5.84,Completed
446993,19,2019-11-10,Camry,35034.27,5.48,Completed
446994,10,2019-11-02,Highlander,47857.38,4.88,Completed
446995,3,2019-11-26,RAV4,45827.76,5.69,Completed
446996,15,2019-11-08,Corolla,29477.82,4.86,Completed
446997,11,2019-11-24,Sienna,32270.51,4.16,Completed
446998,13,2019-11-15,RAV4,45493.99,5.61,Completed
446999,16,2019-11-22,Highlander,60840.71,6.06,Completed
447000,19,2019-11-03,Prius,24983.45,5.48,Completed
447001,2,2019-11-04,Sienna,33057.97,4.0,Completed
447002,3,2019-11-26,Prius,31490.59,5.69,Completed
447003,10,2019-11-09,Camry,27422.07,4.88,Completed
447004,9,2019-11-16,Prius,20677.24,4.4,Completed
447005,9,2019-11-19,Tacoma,29853.14,4.4,Completed
447006,18,2019-11-06,RAV4,46862.95,5.68,Completed
447007,17,2019-11-08,Tundra,35615.22,4.51,Pending
447008,14,2019-11-04,Prius,31662.31,5.1,Completed
447009,11,2019-11-12,Tundra,35928.28,4.16,Completed
447010,20,2019-11-15,Prius,32392.05,5.77,Completed
447011,8,2019-11-03,Corolla,25811.54,5.84,Completed
447012,5,2019-11-12,Tacoma,35183.08,5.34,Completed
447013,8,2019-11-10,Corolla,24873.48,5.84,Completed
447014,9,2019-11-11,Tundra,31945.08,4.4,Completed
447015,2,2019-11-17,Prius,23777.14,4.0,Completed
447016,11,2019-11-30,Tacoma,30576.62,4.16,Completed
447017,18,2019-11-11,RAV4,50522.93,5.68,Completed
447018,2,2019-11-05,Tacoma,29982.99,4.0,Completed
447019,19,2019-11-04,Corolla,25453.87,5.48,Completed
447020,17,2019-11-25,RAV4,29765.74,4.51,Completed
447021,2,2019-11-23,Prius,22092.14,4.0,Completed
447022,18,2019-11-29,Tacoma,41862.73,5.68,Completed
447023,8,2019-11-22,Corolla,26842.13,5.84,Completed
447024,9,2019-11-07,Tacoma,27971.18,4.4,Completed
447025,11,2019-11-13,Corolla,19028.33,4.16,Completed
447026,18,2019-11-24,RAV4,49601.67,5.68,Completed
447027,19,2019-11-04,Camry,30804.38,5.48,Completed
447028,3,2019-11-21,RAV4,49152.94,5.69,Completed
447029,17,2019-11-21,RAV4,32616.03,4.51,Completed
447030,6,2019-11-25,Corolla,21265.98,3.86,Completed
447031,10,2019-11-03,Camry,27157.64,4.88,Completed
447032,15,2019-11-29,Tundra,42781.31,4.86,Completed
447033,6,2019-11-30,Tacoma,25831.02,3.86,Completed
447034,7,2019-11-08,Highlander,58319.37,5.39,Completed
447035,13,2019-11-11,Highlander,60318.23,5.61,Completed
447036,1,2019-11-06,RAV4,37737.61,5.24,Completed
447037,2,2019-11-05,RAV4,32550.35,4.0,Completed
447038,9,2019-11-27,RAV4,32936.59,4.4,Completed
447039,14,2019-11-08,Camry,37143.97,5.1,Completed
447040,16,2019-11-14,RAV4,41154.48,6.06,Completed
447041,5,2019-11-11,Camry,29244.99,5.34,Completed
447042,7,2019-11-28,RAV4,44284.86,5.39,Completed
447043,15,2019-11-26,Tacoma,41525.03,4.86,Completed
447044,13,2019-11-09,Camry,35395.51,5.61,Completed
447045,13,2019-11-17,RAV4,47030.98,5.61,Completed
447046,12,2019-11-27,Tundra,47984.44,5.65,Completed
447047,15,2019-11-19,RAV4,42577.33,4.86,Completed
447048,11,2019-11-13,Sienna,33738.82,4.16,Completed
447049,9,2019-11-20,Camry,26985.05,4.4,Completed
447050,9,2019-11-04,Tundra,37720.87,4.4,Completed
447051,14,2019-11-17,Sienna,41483.39,5.1,Completed
447052,12,2019-11-20,Camry,40107.13,5.65,Completed
447053,1,2019-11-30,Tundra,38054.01,5.24,Completed
447054,6,2019-11-11,Camry,24175.51,3.86,Completed
447055,5,2019-11-18,Sienna,43364.37,5.34,Completed
447056,16,2019-11-10,Camry,36319.08,6.06,Completed
447057,18,2019-11-01,Camry,36315.97,5.68,Completed
447058,18,2019-11-13,Corolla,27583.22,5.68,Completed
447059,17,2019-11-15,Sienna,31933.29,4.51,Completed
447060,13,2019-11-15,Highlander,62668.78,5.61,Completed
447061,19,2019-11-07,Highlander,54190.92,5.48,Completed
447062,9,2019-11-01,Prius,23064.16,4.4,Completed
447063,10,2019-11-15,Camry,25974.07,4.88,Completed
447064,13,2019-11-23,Tacoma,38275.94,5.61,Completed
447065,16,2019-11-17,Tacoma,43092.04,6.06,Completed
447066,1,2019-11-02,RAV4,37465.48,5.24,Completed
447067,3,2019-11-26,Highlander,59676.23,5.69,Completed
447068,11,2019-11-04,Tacoma,30025.8,4.16,Completed
447069,5,2019-11-10,Tundra,39192.7,5.34,Completed
447070,18,2019-11-16,Camry,38267.43,5.68,Completed
447071,2,2019-11-18,Prius,22834.43,4.0,Completed
447072,8,2019-11-08,Corolla,28689.94,5.84,Completed
447073,17,2019-11-02,Tundra,30320.56,4.51,Completed
447074,18,2019-11-30,Corolla,26860.94,5.68,Completed
447075,15,2019-11-11,Corolla,26532.3,4.86,Completed
447076,17,2019-11-05,Highlander,40787.11,4.51,Completed
447077,20,2019-11-18,Tacoma,37636.33,5.77,Completed
447078,7,2019-11-14,Tacoma,40098.75,5.39,Completed
447079,16,2019-11-10,Tundra,52674.61,6.06,Completed
447080,2,2019-11-07,Sienna,35943.03,4.0,Completed
447081,8,2019-11-26,Sienna,49482.22,5.84,Completed
447082,16,2019-11-13,Prius,34917.1,6.06,Pending
447083,5,2019-11-23,Highlander,55529.34,5.34,Completed
447084,14,2019-11-06,Prius,27968.74,5.1,Completed
447085,10,2019-11-22,Sienna,39218.42,4.88,Completed
447086,6,2019-11-04,Tacoma,31310.1,3.86,Completed
447087,7,2019-11-20,Camry,34466.55,5.39,Completed
447088,8,2019-11-12,Sienna,43427.25,5.84,Completed
447089,13,2019-11-26,Camry,41915.98,5.61,Completed
447090,5,2019-11-22,Prius,25149.8,5.34,Completed
447091,9,2019-11-15,Camry,25442.24,4.4,Completed
447092,17,2019-11-11,Camry,27089.71,4.51,Completed
447093,10,2019-11-12,Sienna,34163.77,4.88,Completed
447094,5,2019-11-11,Camry,30548.15,5.34,Completed
447095,5,2019-11-06,Tundra,37066.05,5.34,Completed
447096,18,2019-11-18,Sienna,56111.61,5.68,Completed
447097,7,2019-11-15,RAV4,45025.66,5.39,Completed
447098,18,2019-11-03,Highlander,71472.19,5.68,Completed
447099,14,2019-11-19,Tacoma,40778.78,5.1,Completed
447100,17,2019-11-18,Tacoma,27867.1,4.51,Completed
447101,16,2019-11-20,Highlander,61618.36,6.06,Completed
447102,14,2019-11-01,Highlander,57759.71,5.1,Completed
447103,9,2019-11-20,Sienna,37182.19,4.4,Completed
447104,17,2019-11-30,Prius,19924.33,4.51,Completed
447105,8,2019-11-23,Highlander,64923.44,5.84,Completed
447106,3,2019-11-02,Corolla,29331.84,5.69,Completed
447107,15,2019-11-17,Highlander,62436.13,4.86,Completed
447108,1,2019-11-15,Corolla,23190.7,5.24,Completed
447109,2,2019-11-22,Tundra,34536.26,4.0,Completed
447110,12,2019-11-18,Corolla,24818.32,5.65,Completed
447111,5,2019-11-10,Highlander,49914.99,5.34,Completed
447112,12,2019-11-04,Highlander,58238.39,5.65,Completed
447113,20,2019-11-21,Tundra,47012.88,5.77,Completed
447114,7,2019-11-05,Sienna,50115.17,5.39,Completed
447115,10,2019-11-15,RAV4,34648.04,4.88,Completed
447116,3,2019-11-24,Tacoma,38194.1,5.69,Completed
447117,19,2019-11-28,Prius,28818.68,5.48,Completed
447118,11,2019-11-18,Sienna,32648.17,4.16,Completed
447119,10,2019-11-01,Tacoma,32681.24,4.88,Completed
447120,15,2019-11-12,RAV4,43650.41,4.86,Completed
447121,2,2019-11-06,Tundra,38113.81,4.0,Completed
447122,1,2019-11-22,Sienna,40403.32,5.24,Completed
447123,9,2019-11-14,Corolla,21070.43,4.4,Completed
447124,2,2019-11-29,Tundra,36569.28,4.0,Completed
447125,9,2019-11-08,Tacoma,31716.19,4.4,Completed
447126,17,2019-11-18,Highlander,44292.96,4.51,Completed
447127,1,2019-11-19,Prius,28461.36,5.24,Completed
447128,13,2019-11-08,Sienna,50612.1,5.61,Completed
447129,5,2019-11-10,Corolla,21914.9,5.34,Completed
447130,10,2019-11-27,Prius,25486.14,4.88,Completed
447131,13,2019-11-17,Tundra,47430.58,5.61,Completed
447132,11,2019-11-16,Sienna,32537.63,4.16,Completed
447133,9,2019-11-24,Tundra,37214.43,4.4,Completed
447134,20,2019-11-15,Sienna,46813.94,5.77,Completed
447135,6,2019-11-22,Tundra,30605.67,3.86,Completed
447136,1,2019-11-20,Tacoma,31561.09,5.24,Completed
447137,12,2019-11-04,Tundra,46373.18,5.65,Completed
447138,9,2019-11-04,Tundra,35689.76,4.4,Cancelled
447139,3,2019-11-12,Camry,42091.43,5.69,Completed
447140,15,2019-11-08,RAV4,39370.44,4.86,Completed
447141,12,2019-11-30,Tacoma,40213.97,5.65,Completed
447142,18,2019-11-24,Tacoma,43726.49,5.68,Completed
447143,15,2019-11-17,Prius,33449.0,4.86,Completed
447144,18,2019-11-17,Sienna,47541.04,5.68,Completed
447145,14,2019-11-01,Corolla,24566.17,5.1,Completed
447146,11,2019-11-27,RAV4,29698.48,4.16,Completed
447147,10,2019-11-29,Tacoma,32303.73,4.88,Completed
447148,11,2019-11-13,Tacoma,27619.19,4.16,Completed
447149,2,2019-11-13,RAV4,35029.34,4.0,Completed
447150,7,2019-11-25,Sienna,52676.43,5.39,Completed
447151,8,2019-11-03,RAV4,47620.23,5.84,Completed
447152,19,2019-11-07,Highlander,53103.33,5.48,Pending
447153,4,2019-11-30,RAV4,31279.32,3.81,Completed
447154,19,2019-11-05,Prius,28825.92,5.48,Completed
447155,13,2019-11-27,Tacoma,44224.67,5.61,Completed
447156,18,2019-11-23,Tacoma,41997.38,5.68,Completed
447157,4,2019-11-05,Sienna,30411.25,3.81,Completed
447158,3,2019-11-16,Tundra,51575.62,5.69,Pending
447159,13,2019-11-06,Prius,29997.97,5.61,Completed
447160,20,2019-11-03,Corolla,26540.09,5.77,Completed
447161,17,2019-11-27,Sienna,34582.98,4.51,Completed
447162,14,2019-11-19,Highlander,58339.83,5.1,Completed
447163,15,2019-11-04,Tacoma,38395.99,4.86,Completed
447164,14,2019-11-20,RAV4,42635.45,5.1,Completed
447165,7,2019-11-25,Tundra,44944.63,5.39,Completed
447166,11,2019-11-01,Tundra,36296.58,4.16,Completed
447167,6,2019-11-02,Tacoma,25886.12,3.86,Completed
447168,3,2019-11-04,Camry,40749.27,5.69,Completed
447169,11,2019-11-24,RAV4,33904.19,4.16,Completed
447170,10,2019-11-19,RAV4,35225.73,4.88,Completed
447171,17,2019-11-06,Camry,25951.43,4.51,Completed
447172,19,2019-11-12,Camry,35130.4,5.48,Completed
447173,9,2019-11-12,RAV4,30380.51,4.4,Completed
447174,17,2019-11-12,Highlander,44145.96,4.51,Completed
447175,17,2019-11-12,Tundra,34407.45,4.51,Completed
447176,17,2019-11-29,Prius,21820.33,4.51,Completed
447177,11,2019-11-24,Tundra,34087.21,4.16,Completed
447178,18,2019-11-30,RAV4,51253.11,5.68,Completed
447179,8,2019-11-19,Camry,34071.8,5.84,Completed
447180,13,2019-11-06,Tundra,49910.65,5.61,Completed
447181,9,2019-11-13,RAV4,31115.44,4.4,Completed
447182,11,2019-11-14,Sienna,33609.43,4.16,Completed
447183,12,2019-11-30,Camry,33640.59,5.65,Completed
447184,3,2019-11-21,Highlander,65695.69,5.69,Completed
447185,19,2019-11-03,Tacoma,34844.51,5.48,Completed
447186,19,2019-11-27,Tundra,38506.34,5.48,Completed
447187,10,2019-11-24,Highlander,43430.98,4.88,Completed
447188,6,2019-11-23,Corolla,18381.89,3.86,Completed
447189,8,2019-11-17,Corolla,25811.54,5.84,Completed
447190,4,2019-11-20,RAV4,31396.9,3.81,Cancelled
447191,1,2019-11-03,Camry,30351.91,5.24,Completed
447192,10,2019-11-03,Camry,30632.94,4.88,Completed
447193,20,2019-11-07,RAV4,42382.55,5.77,Completed
447194,13,2019-11-02,Highlander,59166.52,5.61,Completed
447195,3,2019-11-16,Sienna,48250.03,5.69,Completed
447196,4,2019-11-28,Corolla,19226.93,3.81,Completed
447197,10,2019-11-03,Prius,21685.68,4.88,Completed
447198,11,2019-11-15,Corolla,21112.39,4.16,Completed
447199,10,2019-11-08,Sienna,37262.29,4.88,Pending
447200,16,2019-11-27,Highlander,56835.17,6.06,Completed
447201,1,2019-11-17,Corolla,21716.6,5.24,Completed
447202,17,2019-11-11,Prius,19668.18,4.51,Completed
447203,5,2019-11-04,Corolla,23403.38,5.34,Pending
447204,3,2019-11-27,Highlander,60311.51,5.69,Completed
447205,20,2019-11-18,Camry,41154.58,5.77,Completed
447206,7,2019-11-08,Tacoma,38696.48,5.39,Completed
447207,11,2019-11-07,RAV4,33858.47,4.16,Completed
447208,3,2019-11-23,Tacoma,45446.02,5.69,Completed
447209,6,2019-11-12,Prius,20623.9,3.86,Completed
447210,7,2019-11-06,Prius,29865.96,5.39,Completed
447211,5,2019-11-03,Camry,33315.12,5.34,Completed
447212,17,2019-11-21,Tundra,30678.12,4.51,Completed
447213,7,2019-11-25,RAV4,43175.53,5.39,Completed
447214,12,2019-11-16,Sienna,48170.0,5.65,Completed
447215,4,2019-11-19,Corolla,18135.85,3.81,Completed
447216,3,2019-11-28,Corolla,28499.14,5.69,Completed
447217,20,2019-11-17,Sienna,48589.57,5.77,Completed
447218,17,2019-11-13,Tundra,36815.45,4.51,Pending
447219,6,2019-11-02,Tundra,37147.49,3.86,Completed
447220,13,2019-11-21,Tacoma,39689.58,5.61,Completed
447221,12,2019-11-23,Sienna,46638.11,5.65,Completed
447222,16,2019-11-03,Corolla,27946.08,6.06,Completed
447223,1,2019-11-28,Highlander,55733.38,5.24,Completed
447224,1,2019-11-03,Tundra,41738.05,5.24,Pending
447225,18,2019-11-06,Tacoma,41605.2,5.68,Completed
447226,10,2019-11-25,Corolla,19491.35,4.88,Completed
447227,4,2019-11-30,Corolla,17720.47,3.81,Completed
447228,1,2019-11-29,Tacoma,30504.94,5.24,Completed
447229,10,2019-11-17,Camry,25575.48,4.88,Completed
447230,8,2019-11-11,RAV4,42222.56,5.84,Completed
447231,10,2019-11-22,Tundra,32610.32,4.88,Completed
447232,10,2019-11-29,Sienna,39122.53,4.88,Completed
447233,13,2019-11-06,Tundra,53202.24,5.61,Completed
447234,17,2019-11-26,Tacoma,26273.88,4.51,Completed
447235,14,2019-11-29,Sienna,47126.8,5.1,Completed
447236,7,2019-11-13,Tacoma,43642.17,5.39,Completed
447237,12,2019-11-04,RAV4,43764.7,5.65,Completed
447238,3,2019-11-16,Corolla,28542.1,5.69,Completed
447239,2,2019-11-24,Sienna,38263.79,4.0,Completed
447240,11,2019-11-09,Tundra,33496.0,4.16,Completed
447241,4,2019-11-30,Prius,23011.35,3.81,Completed
447242,10,2019-11-06,Tundra,37855.91,4.88,Completed
447243,8,2019-11-28,Camry,33951.3,5.84,Completed
447244,18,2019-11-25,Corolla,28219.89,5.68,Completed
447245,11,2019-11-27,RAV4,32411.37,4.16,Completed
447246,6,2019-11-20,Tacoma,31100.76,3.86,Completed
447247,17,2019-11-22,Prius,20081.8,4.51,Completed
447248,16,2019-11-02,Tacoma,38607.44,6.06,Completed
447249,19,2019-11-06,Corolla,25482.9,5.48,Completed
447250,7,2019-11-21,Sienna,52806.82,5.39,Completed
447251,12,2019-11-04,Camry,35831.98,5.65,Completed
447252,10,2019-11-15,Prius,21127.54,4.88,Completed
447253,5,2019-11-28,Highlander,52509.44,5.34,Completed
447254,18,2019-11-15,Prius,35914.25,5.68,Completed
447255,15,2019-11-03,Tundra,50426.38,4.86,Completed
447256,20,2019-11-30,Camry,35799.13,5.77,Completed
447257,5,2019-11-19,Tacoma,34534.58,5.34,Completed
447258,2,2019-11-09,RAV4,33024.82,4.0,Completed
447259,2,2019-11-22,Corolla,20522.27,4.0,Completed
447260,5,2019-11-06,Highlander,55394.14,5.34,Completed
447261,7,2019-11-03,RAV4,45550.8,5.39,Completed
447262,7,2019-11-22,Prius,33907.1,5.39,Completed
447263,20,2019-11-08,Prius,31899.47,5.77,Completed
447264,7,2019-11-03,Highlander,56838.88,5.39,Completed
447265,18,2019-11-02,Highlander,60927.67,5.68,Completed
447266,18,2019-11-13,Camry,40031.82,5.68,Completed
447267,1,2019-11-07,Corolla,23732.95,5.24,Completed
447268,19,2019-11-05,RAV4,34362.86,5.48,Completed
447269,15,2019-11-09,Corolla,28117.3,4.86,Completed
447270,6,2019-11-18,RAV4,28482.13,3.86,Completed
447271,15,2019-11-23,Camry,33608.88,4.86,Completed
447272,20,2019-11-19,RAV4,44287.1,5.77,Completed
447273,11,2019-11-18,Sienna,35564.1,4.16,Completed
447274,14,2019-11-04,RAV4,41943.54,5.1,Completed
447275,9,2019-11-30,Tundra,34422.51,4.4,Completed
447276,12,2019-11-30,Highlander,63838.63,5.65,Completed
447277,18,2019-11-01,Tundra,50576.2,5.68,Completed
447278,8,2019-11-14,Camry,39354.31,5.84,Completed
447279,17,2019-11-14,Corolla,18565.69,4.51,Completed
447280,15,2019-11-10,Highlander,56371.26,4.86,Completed
447281,15,2019-11-23,Sienna,45197.11,4.86,Pending
447282,1,2019-11-15,Corolla,21685.73,5.24,Completed
447283,10,2019-11-13,Corolla,19376.76,4.88,Completed
447284,12,2019-11-12,Prius,28576.9,5.65,Completed
447285,12,2019-11-14,Camry,38587.12,5.65,Completed
447286,15,2019-11-23,Tacoma,41374.79,4.86,Completed
447287,7,2019-11-03,Camry,39832.95,5.39,Completed
447288,7,2019-11-13,Prius,34633.29,5.39,Completed
447289,9,2019-11-29,Tacoma,28386.81,4.4,Completed
447290,12,2019-11-02,Highlander,59582.86,5.65,Completed
447291,3,2019-11-19,Tacoma,43356.95,5.69,Completed
447292,17,2019-11-22,Highlander,42205.63,4.51,Completed
447293,16,2019-11-07,Highlander,68149.6,6.06,Completed
447294,10,2019-11-26,Tacoma,33067.92,4.88,Completed
447295,3,2019-11-06,Sienna,53810.42,5.69,Completed
447296,5,2019-11-26,Corolla,22835.22,5.34,Completed
447297,11,2019-11-14,Highlander,48499.3,4.16,Completed
447298,19,2019-11-23,Highlander,49542.74,5.48,Completed
447299,3,2019-11-02,Highlander,66759.21,5.69,Completed
447300,20,2019-11-25,Camry,40405.7,5.77,Completed
447301,1,2019-11-09,Sienna,43750.66,5.24,Completed
447302,19,2019-11-09,Camry,33142.51,5.48,Completed
447303,20,2019-11-24,Corolla,25774.67,5.77,Completed
447304,13,2019-11-09,Sienna,49061.59,5.61,Completed
447305,11,2019-11-19,Tacoma,30604.16,4.16,Completed
447306,17,2019-11-22,Camry,28486.73,4.51,Completed
447307,4,2019-11-15,Corolla,17676.93,3.81,Completed
447308,6,2019-11-16,RAV4,28129.09,3.86,Completed
447309,12,2019-11-10,Tacoma,38728.85,5.65,Completed
447310,18,2019-11-17,Camry,41118.26,5.68,Completed
447311,11,2019-11-23,Corolla,20032.05,4.16,Completed
447312,12,2019-11-20,Tacoma,39469.82,5.65,Completed
447313,5,2019-11-24,Sienna,44136.98,5.34,Completed
447314,6,2019-11-13,Tundra,33442.83,3.86,Completed
447315,12,2019-11-07,Prius,28125.07,5.65,Completed
447316,7,2019-11-27,Tacoma,41872.57,5.39,Completed
447317,3,2019-11-23,Prius,31040.91,5.69,Completed
447318,8,2019-11-21,Tacoma,38225.95,5.84,Completed
447319,1,2019-11-07,Sienna,42002.5,5.24,Completed
447320,13,2019-11-14,Tundra,51253.49,5.61,Completed
447321,15,2019-11-23,Tacoma,40732.87,4.86,Completed
447322,5,2019-11-08,Sienna,36510.0,5.34,Completed
447323,13,2019-11-18,Prius,34032.24,5.61,Completed
447324,15,2019-11-06,Highlander,54197.01,4.86,Completed
447325,5,2019-11-27,RAV4,34447.17,5.34,Completed
447326,11,2019-11-28,Highlander,44138.98,4.16,Completed
447327,10,2019-11-16,Tacoma,28018.6,4.88,Completed
447328,6,2019-11-30,Tacoma,26443.64,3.86,Completed
447329,7,2019-11-03,RAV4,48439.97,5.39,Completed
447330,8,2019-11-12,Corolla,26509.28,5.84,Completed
447331,14,2019-11-01,Camry,35425.49,5.1,Completed
447332,14,2019-11-12,Tacoma,39772.96,5.1,Completed
447333,1,2019-11-04,Tacoma,34192.32,5.24,Completed
447334,4,2019-11-13,RAV4,32360.87,3.81,Completed
447335,9,2019-11-22,Tundra,32270.84,4.4,Completed
447336,9,2019-11-08,RAV4,32994.36,4.4,Completed
447337,11,2019-11-17,Corolla,20958.77,4.16,Completed
447338,5,2019-11-11,Camry,33451.15,5.34,Completed
447339,14,2019-11-11,Prius,27609.78,5.1,Completed
447340,6,2019-11-25,Camry,25410.64,3.86,Completed
447341,9,2019-11-09,Highlander,48206.03,4.4,Completed
447342,20,2019-11-18,Prius,31168.09,5.77,Completed
447343,14,2019-11-14,Highlander,62955.47,5.1,Completed
447344,11,2019-11-01,Highlander,44014.88,4.16,Completed
447345,18,2019-11-15,Camry,43582.09,5.68,Completed
447346,14,2019-11-10,Highlander,62402.08,5.1,Completed
447347,4,2019-11-17,Sienna,31724.41,3.81,Completed
447348,9,2019-11-07,Sienna,37597.74,4.4,Completed
447349,5,2019-11-12,Corolla,22206.67,5.34,Cancelled
447350,4,2019-11-20,Corolla,18689.53,3.81,Completed
447351,8,2019-11-11,Camry,34217.78,5.84,Pending
447352,6,2019-11-21,Tundra,32073.35,3.86,Completed
447353,7,2019-11-07,Tundra,49640.36,5.39,Completed
447354,20,2019-11-10,Highlander,63183.12,5.77,Completed
447355,4,2019-11-10,Camry,27235.65,3.81,Completed
447356,4,2019-11-12,Highlander,38518.65,3.81,Completed
447357,9,2019-11-17,Tacoma,28456.25,4.4,Completed
447358,5,2019-11-03,Tacoma,32536.69,5.34,Completed
447359,18,2019-11-14,RAV4,45860.31,5.68,Completed
447360,6,2019-11-04,Corolla,17952.67,3.86,Completed
447361,9,2019-11-24,Prius,21444.76,4.4,Completed
447362,4,2019-11-24,Sienna,30206.28,3.81,Completed
447363,1,2019-11-20,Corolla,24419.07,5.24,Completed
447364,17,2019-11-05,Camry,26268.77,4.51,Completed
447365,17,2019-11-25,Prius,20581.55,4.51,Completed
447366,14,2019-11-15,Prius,29870.99,5.1,Completed
447367,15,2019-11-01,Tacoma,37086.18,4.86,Completed
447368,19,2019-11-04,RAV4,40466.98,5.48,Pending
447369,18,2019-11-18,Camry,36428.0,5.68,Completed
447370,9,2019-11-20,Prius,20896.07,4.4,Completed
447371,13,2019-11-14,Sienna,52809.57,5.61,Completed
447372,8,2019-11-23,RAV4,43374.52,5.84,Completed
447373,9,2019-11-22,Tacoma,30465.82,4.4,Completed
447374,14,2019-11-25,RAV4,42761.97,5.1,Completed
447375,20,2019-11-19,Sienna,50289.22,5.77,Completed
447376,1,2019-11-02,Tundra,40621.71,5.24,Completed
447377,11,2019-11-19,RAV4,32966.61,4.16,Completed
447378,6,2019-11-01,RAV4,32070.18,3.86,Completed
447379,6,2019-11-08,Sienna,34435.92,3.86,Completed
447380,5,2019-11-21,Highlander,50318.65,5.34,Completed
447381,12,2019-11-15,Prius,31015.02,5.65,Completed
447382,4,2019-11-09,Camry,25029.45,3.81,Completed
447383,18,2019-11-21,Camry,36539.11,5.68,Completed
447384,8,2019-11-24,Prius,31085.74,5.84,Completed
447385,1,2019-11-23,Corolla,21999.99,5.24,Completed
447386,20,2019-11-29,Prius,28434.49,5.77,Completed
447387,7,2019-11-23,Sienna,48380.85,5.39,Completed
447388,9,2019-11-18,Tundra,35260.7,4.4,Completed
447389,16,2019-11-08,Prius,33900.76,6.06,Completed
447390,9,2019-11-13,RAV4,30664.15,4.4,Completed
447391,1,2019-11-13,Tundra,38274.82,5.24,Completed
447392,8,2019-11-19,Sienna,43314.44,5.84,Completed
447393,2,2019-11-02,RAV4,33841.85,4.0,Completed
447394,2,2019-11-30,Highlander,47296.76,4.0,Completed
447395,15,2019-11-10,Tundra,45397.41,4.86,Completed
447396,7,2019-11-05,Highlander,66565.75,5.39,Completed
447397,13,2019-11-23,Tacoma,41050.58,5.61,Completed
447398,14,2019-11-05,Highlander,53599.11,5.1,Completed
447399,6,2019-11-26,Sienna,32725.15,3.86,Completed
447400,17,2019-11-20,Tacoma,28222.36,4.51,Completed
447401,16,2019-11-24,Highlander,65231.98,6.06,Completed
447402,5,2019-11-30,Highlander,50096.8,5.34,Completed
447403,7,2019-11-03,Corolla,26654.07,5.39,Completed
447404,20,2019-11-26,Corolla,29735.4,5.77,Completed
447405,20,2019-11-03,Highlander,61209.32,5.77,Completed
447406,20,2019-11-07,Tacoma,43985.32,5.77,Completed
447407,16,2019-11-09,Tundra,52408.24,6.06,Completed
447408,13,2019-11-08,Camry,40306.9,5.61,Completed
447409,6,2019-11-05,Camry,23890.77,3.86,Completed
447410,13,2019-11-03,RAV4,42797.81,5.61,Completed
447411,18,2019-11-11,Prius,30413.69,5.68,Completed
447412,19,2019-11-23,Camry,32787.24,5.48,Completed
447413,9,2019-11-20,Tundra,31278.1,4.4,Completed
447414,13,2019-11-21,Highlander,58637.97,5.61,Completed
447415,11,2019-11-08,RAV4,32696.17,4.16,Completed
447416,8,2019-11-28,Tacoma,38128.18,5.84,Completed
447417,3,2019-11-02,Tundra,50096.54,5.69,Completed
447418,20,2019-11-10,Tacoma,44159.92,5.77,Completed
447419,5,2019-11-10,Highlander,54877.27,5.34,Completed
447420,14,2019-11-18,Prius,27504.49,5.1,Completed
447421,20,2019-11-26,Tundra,52945.57,5.77,Completed
447422,2,2019-11-23,Sienna,39411.52,4.0,Completed
447423,11,2019-11-20,Sienna,32516.7,4.16,Completed
447424,9,2019-11-08,Highlander,45155.12,4.4,Completed
447425,20,2019-11-04,Corolla,25526.43,5.77,Completed
447426,9,2019-11-09,Camry,25677.27,4.4,Completed
447427,16,2019-11-02,Prius,34926.98,6.06,Completed
447428,12,2019-11-04,Tundra,45460.73,5.65,Completed
447429,4,2019-11-10,Camry,28108.91,3.81,Completed
447430,15,2019-11-17,Corolla,26763.27,4.86,Completed
447431,7,2019-11-30,Corolla,30182.79,5.39,Completed
447432,7,2019-11-23,RAV4,42640.96,5.39,Completed
447433,11,2019-11-29,Corolla,18730.01,4.16,Completed
447434,11,2019-11-28,Tundra,34628.41,4.16,Completed
447435,19,2019-11-09,Prius,29039.81,5.48,Completed
447436,18,2019-11-30,Tacoma,43648.07,5.68,Completed
447437,1,2019-11-25,Prius,24787.59,5.24,Completed
447438,13,2019-11-27,Corolla,28819.61,5.61,Completed
447439,8,2019-11-13,Tacoma,40848.25,5.84,Pending
447440,10,2019-11-08,Sienna,34803.19,4.88,Completed
447441,1,2019-11-25,Tundra,37644.03,5.24,Completed
447442,14,2019-11-20,Sienna,47376.35,5.1,Completed
447443,1,2019-11-20,Corolla,24693.53,5.24,Completed
447444,1,2019-11-28,Tundra,40567.34,5.24,Completed
447445,6,2019-11-15,RAV4,28570.57,3.86,Completed
447446,13,2019-11-15,Prius,32419.03,5.61,Completed
447447,10,2019-11-01,Tundra,34225.25,4.88,Completed
447448,8,2019-11-08,Tacoma,41345.87,5.84,Completed
447449,12,2019-11-10,Prius,29430.36,5.65,Completed
447450,18,2019-11-01,Corolla,30124.93,5.68,Completed
447451,3,2019-11-04,Camry,37123.7,5.69,Completed
447452,11,2019-11-16,Camry,26947.04,4.16,Completed
447453,17,2019-11-22,Tundra,30420.62,4.51,Completed
447454,16,2019-11-18,Prius,29229.1,6.06,Completed
447455,15,2019-11-24,Prius,31706.41,4.86,Completed
447456,20,2019-11-02,Camry,35109.14,5.77,Completed
447457,16,2019-11-16,Tundra,51604.86,6.06,Completed
447458,14,2019-11-09,Highlander,58188.37,5.1,Pending
447459,2,2019-11-05,Highlander,48415.61,4.0,Completed
447460,1,2019-11-25,Tundra,43149.32,5.24,Completed
447461,7,2019-11-19,Camry,41488.3,5.39,Completed
447462,15,2019-11-25,Prius,30632.79,4.86,Completed
447463,20,2019-11-21,Corolla,25268.19,5.77,Completed
447464,7,2019-11-04,Prius,34287.5,5.39,Completed
447465,20,2019-11-01,Tundra,45062.75,5.77,Completed
447466,13,2019-11-22,Corolla,26595.9,5.61,Completed
447467,14,2019-11-22,Camry,35654.99,5.1,Completed
447468,4,2019-11-28,Prius,23500.14,3.81,Cancelled
447469,18,2019-11-17,RAV4,42706.17,5.68,Completed
447470,17,2019-11-08,Highlander,41114.93,4.51,Completed
447471,1,2019-11-19,Prius,27918.86,5.24,Completed
447472,13,2019-11-28,RAV4,48196.48,5.61,Completed
447473,5,2019-11-29,Prius,27891.83,5.34,Completed
447474,10,2019-11-09,Prius,24688.84,4.88,Completed
447475,17,2019-11-03,Highlander,45530.15,4.51,Completed
447476,4,2019-11-07,Prius,23157.41,3.81,Completed
447477,11,2019-11-12,Sienna,31695.68,4.16,Completed
447478,2,2019-11-04,Sienna,34104.03,4.0,Completed
447479,12,2019-11-04,Prius,28271.97,5.65,Completed
447480,18,2019-11-05,Highlander,70049.04,5.68,Completed
447481,17,2019-11-03,Corolla,19294.84,4.51,Completed
447482,9,2019-11-17,RAV4,33415.42,4.4,Completed
447483,5,2019-11-01,RAV4,38450.4,5.34,Completed
447484,18,2019-11-18,Highlander,68245.21,5.68,Completed
447485,15,2019-11-21,Camry,39827.22,4.86,Completed
447486,2,2019-11-06,Highlander,51131.64,4.0,Completed
447487,15,2019-11-17,Corolla,28040.49,4.86,Completed
447488,13,2019-11-16,Prius,34183.6,5.61,Completed
447489,6,2019-11-17,Camry,25402.8,3.86,Completed
447490,5,2019-11-18,Corolla,21393.66,5.34,Completed
447491,6,2019-11-11,Tacoma,26703.74,3.86,Completed
447492,20,2019-11-23,Prius,31090.05,5.77,Completed
447493,11,2019-11-20,Highlander,41274.22,4.16,Completed
447494,9,2019-11-28,Tacoma,27503.55,4.4,Completed
447495,12,2019-11-12,Tacoma,42927.94,5.65,Completed
447496,13,2019-11-07,Sienna,48569.2,5.61,Completed
447497,10,2019-11-14,Camry,29157.13,4.88,Completed
447498,11,2019-11-24,Sienna,37485.87,4.16,Completed
447499,4,2019-11-11,Corolla,17777.32,3.81,Completed
447500,12,2019-11-02,Sienna,43269.59,5.65,Completed
447501,14,2019-11-12,Corolla,28042.47,5.1,Completed
447502,4,2019-11-04,Highlander,45255.19,3.81,Completed
447503,20,2019-11-11,Sienna,52056.14,5.77,Completed
447504,10,2019-11-10,Tundra,34653.27,4.88,Completed
447505,18,2019-11-17,Tacoma,40734.53,5.68,Completed
447506,5,2019-11-28,Camry,32838.63,5.34,Completed
447507,13,2019-11-12,RAV4,49509.96,5.61,Completed
447508,12,2019-11-22,Highlander,55848.5,5.65,Completed
447509,7,2019-11-19,Corolla,29005.5,5.39,Completed
447510,14,2019-11-29,RAV4,43115.38,5.1,Completed
447511,15,2019-11-29,Tundra,46291.84,4.86,Completed
447512,11,2019-11-13,Tacoma,29149.82,4.16,Completed
447513,18,2019-11-16,Corolla,28768.42,5.68,Completed
447514,2,2019-11-30,Highlander,49587.85,4.0,Completed
447515,11,2019-11-13,Highlander,48959.42,4.16,Completed
447516,2,2019-11-20,Corolla,21535.26,4.0,Completed
447517,11,2019-11-03,Sienna,37061.05,4.16,Completed
447518,7,2019-11-07,Tundra,46966.11,5.39,Completed
447519,11,2019-11-05,Tundra,32095.75,4.16,Completed
447520,2,2019-11-20,Corolla,19562.15,4.0,Completed
447521,10,2019-11-27,Prius,21624.49,4.88,Completed
447522,11,2019-11-11,Tacoma,27290.63,4.16,Completed
447523,13,2019-11-03,Sienna,47523.04,5.61,Completed
447524,5,2019-11-23,Highlander,49832.51,5.34,Completed
447525,3,2019-11-23,Tundra,51776.34,5.69,Completed
447526,6,2019-11-22,Camry,25127.39,3.86,Completed
447527,15,2019-11-12,Sienna,49167.78,4.86,Completed
447528,5,2019-11-12,Sienna,39423.16,5.34,Completed
447529,16,2019-11-30,Camry,38962.44,6.06,Completed
447530,20,2019-11-15,Sienna,47853.3,5.77,Completed
447531,13,2019-11-24,Highlander,69375.39,5.61,Cancelled
447532,7,2019-11-13,Camry,39707.85,5.39,Completed
447533,5,2019-11-16,Camry,32738.64,5.34,Completed
447534,20,2019-11-01,Sienna,47261.1,5.77,Completed
447535,9,2019-11-10,RAV4,34289.96,4.4,Completed
447536,5,2019-11-22,Highlander,54374.88,5.34,Completed
447537,16,2019-11-15,Camry,39112.82,6.06,Completed
447538,12,2019-11-23,Tacoma,39526.54,5.65,Completed
447539,15,2019-11-14,Corolla,24933.69,4.86,Completed
447540,12,2019-11-09,Sienna,49907.09,5.65,Completed
447541,11,2019-11-15,Highlander,42541.57,4.16,Completed
447542,18,2019-11-30,Corolla,31110.5,5.68,Completed
447543,14,2019-11-28,Prius,28227.27,5.1,Completed
447544,18,2019-11-21,Camry,38253.85,5.68,Completed
447545,1,2019-11-30,RAV4,37977.93,5.24,Completed
447546,1,2019-11-24,Tundra,41661.93,5.24,Completed
447547,3,2019-11-22,RAV4,44630.96,5.69,Completed
447548,11,2019-11-20,Tacoma,29184.18,4.16,Completed
447549,16,2019-11-18,RAV4,41471.75,6.06,Completed
447550,3,2019-11-28,RAV4,48541.16,5.69,Completed
447551,11,2019-11-24,Prius,21192.68,4.16,Completed
447552,13,2019-11-17,Camry,38559.33,5.61,Completed
447553,12,2019-11-25,Prius,32645.0,5.65,Completed
447554,1,2019-11-25,Highlander,49637.46,5.24,Completed
447555,16,2019-11-10,Tacoma,39237.87,6.06,Completed
447556,13,2019-11-08,Highlander,60159.23,5.61,Completed
447557,2,2019-11-09,Highlander,44027.12,4.0,Completed
447558,18,2019-11-22,Sienna,52038.15,5.68,Completed
447559,10,2019-11-04,RAV4,30116.99,4.88,Completed
447560,19,2019-11-28,Tacoma,35206.92,5.48,Completed
447561,20,2019-11-13,Camry,36140.15,5.77,Completed
447562,5,2019-11-19,RAV4,39420.61,5.34,Completed
447563,8,2019-11-12,Sienna,49325.49,5.84,Completed
447564,2,2019-11-24,Highlander,43503.73,4.0,Completed
447565,2,2019-11-07,Tacoma,28598.9,4.0,Completed
447566,18,2019-11-22,Camry,39027.27,5.68,Completed
447567,4,2019-11-07,Camry,27827.04,3.81,Completed
447568,3,2019-11-14,RAV4,49067.96,5.69,Completed
447569,3,2019-11-29,Tacoma,37772.23,5.69,Completed
447570,16,2019-11-21,Tacoma,38036.87,6.06,Cancelled
447571,15,2019-11-02,Tundra,47202.0,4.86,Completed
447572,14,2019-11-28,RAV4,42561.54,5.1,Completed
447573,16,2019-11-01,RAV4,46798.18,6.06,Completed
447574,3,2019-11-27,Tundra,47854.86,5.69,Completed
447575,3,2019-11-15,Highlander,68383.89,5.69,Completed
447576,9,2019-11-29,Tundra,33674.67,4.4,Completed
447577,5,2019-11-01,RAV4,35465.66,5.34,Completed
447578,2,2019-11-29,Highlander,45428.37,4.0,Completed
447579,6,2019-11-11,Highlander,46012.62,3.86,Completed
447580,15,2019-11-27,Highlander,55272.49,4.86,Completed
447581,7,2019-11-25,Camry,37107.8,5.39,Completed
447582,2,2019-11-05,Tundra,34153.19,4.0,Pending
447583,14,2019-11-29,Corolla,24323.67,5.1,Completed
447584,8,2019-11-12,Tacoma,36244.99,5.84,Completed
447585,2,2019-11-17,Corolla,21530.63,4.0,Completed
447586,7,2019-11-14,Prius,31071.74,5.39,Completed
447587,3,2019-11-12,Sienna,46915.95,5.69,Completed
447588,5,2019-11-18,Prius,24140.75,5.34,Completed
447589,16,2019-11-09,RAV4,45614.71,6.06,Completed
447590,12,2019-11-10,Tundra,47207.21,5.65,Completed
447591,16,2019-11-06,RAV4,42297.72,6.06,Completed
447592,12,2019-11-25,Highlander,54702.64,5.65,Completed
447593,15,2019-11-14,Tacoma,38376.18,4.86,Completed
447594,2,2019-11-29,RAV4,31610.63,4.0,Completed
447595,16,2019-11-24,Sienna,50219.84,6.06,Completed
447596,17,2019-11-08,Highlander,39914.33,4.51,Completed
447597,12,2019-11-05,Camry,40143.59,5.65,Completed
447598,20,2019-11-18,Sienna,46180.65,5.77,Completed
447599,7,2019-11-23,Sienna,52139.64,5.39,Completed
447600,16,2019-11-11,Camry,38192.75,6.06,Completed
447601,3,2019-11-17,Corolla,28504.23,5.69,Completed
447602,11,2019-11-14,Corolla,20581.68,4.16,Completed
447603,2,2019-11-17,Corolla,22797.3,4.0,Completed
447604,9,2019-11-18,Tundra,36403.77,4.4,Completed
447605,9,2019-11-02,RAV4,31510.08,4.4,Cancelled
447606,11,2019-11-28,Corolla,18544.86,4.16,Completed
447607,3,2019-11-03,Highlander,68730.25,5.69,Completed
447608,10,2019-11-16,Corolla,21869.92,4.88,Completed
447609,20,2019-11-25,Camry,38684.25,5.77,Completed
447610,2,2019-11-16,Highlander,51072.2,4.0,Completed
447611,17,2019-11-18,Camry,28778.87,4.51,Completed
447612,15,2019-11-04,Sienna,48758.09,4.86,Completed
447613,19,2019-11-23,Tundra,43771.84,5.48,Completed
447614,14,2019-11-23,Prius,29524.47,5.1,Completed
447615,14,2019-11-19,Camry,32487.37,5.1,Completed
447616,4,2019-11-18,Camry,28057.33,3.81,Completed
447617,3,2019-11-01,Tacoma,45552.26,5.69,Completed
447618,8,2019-11-24,Tacoma,36878.53,5.84,Completed
447619,20,2019-11-26,Prius,34048.05,5.77,Completed
447620,20,2019-11-12,Corolla,29141.51,5.77,Completed
447621,13,2019-11-09,Prius,32704.17,5.61,Completed
447622,12,2019-11-24,Tundra,45086.37,5.65,Completed
447623,13,2019-11-16,Prius,31906.62,5.61,Completed
447624,3,2019-11-04,Tundra,48310.2,5.69,Completed
447625,4,2019-11-22,Sienna,32019.87,3.81,Completed
447626,11,2019-11-12,RAV4,29235.53,4.16,Completed
447627,11,2019-11-07,Highlander,44167.08,4.16,Completed
447628,20,2019-11-29,Tundra,51031.46,5.77,Completed
447629,5,2019-11-05,Sienna,43056.03,5.34,Completed
447630,1,2019-11-02,Camry,28798.84,5.24,Completed
447631,13,2019-11-05,RAV4,43472.0,5.61,Completed
447632,2,2019-11-05,Sienna,38999.72,4.0,Completed
447633,3,2019-11-26,RAV4,43211.78,5.69,Completed
447634,11,2019-11-10,Tundra,32654.66,4.16,Completed
447635,6,2019-11-10,Highlander,44368.43,3.86,Completed
447636,11,2019-11-03,Camry,28639.06,4.16,Completed
447637,13,2019-11-20,Tacoma,40318.42,5.61,Completed
447638,12,2019-11-29,RAV4,42904.08,5.65,Completed
447639,12,2019-11-09,Camry,38608.0,5.65,Completed
447640,7,2019-11-03,Sienna,51860.61,5.39,Completed
447641,4,2019-11-13,Sienna,31893.21,3.81,Completed
447642,6,2019-11-05,RAV4,30564.94,3.86,Completed
447643,16,2019-11-23,Sienna,52271.89,6.06,Completed
447644,1,2019-11-09,RAV4,34089.72,5.24,Completed
447645,6,2019-11-04,RAV4,31693.07,3.86,Completed
447646,3,2019-11-01,Tacoma,39242.55,5.69,Completed
447647,20,2019-11-18,RAV4,44209.77,5.77,Completed
447648,2,2019-11-01,Prius,25627.91,4.0,Completed
447649,19,2019-11-23,Tacoma,36511.56,5.48,Completed
447650,10,2019-11-25,RAV4,30917.45,4.88,Completed
447651,2,2019-11-19,Prius,23915.14,4.0,Completed
447652,2,2019-11-09,Sienna,33074.51,4.0,Completed
447653,5,2019-11-30,Tundra,36542.58,5.34,Completed
447654,3,2019-11-27,Sienna,53938.35,5.69,Completed
447655,1,2019-11-30,Corolla,21971.63,5.24,Completed
447656,5,2019-11-07,Highlander,54968.29,5.34,Completed
447657,16,2019-11-07,Camry,36479.12,6.06,Completed
447658,5,2019-11-22,Sienna,41074.9,5.34,Completed
447659,17,2019-11-15,Sienna,33078.62,4.51,Completed
447660,10,2019-11-23,Sienna,38048.61,4.88,Completed
447661,20,2019-11-22,Tundra,48737.39,5.77,Completed
447662,15,2019-11-14,Highlander,59161.62,4.86,Completed
447663,3,2019-11-16,Tacoma,41768.55,5.69,Completed
447664,6,2019-11-02,Prius,20577.02,3.86,Completed
447665,3,2019-11-24,RAV4,43643.68,5.69,Completed
447666,17,2019-11-18,Tundra,36668.87,4.51,Completed
447667,9,2019-11-26,Prius,21535.63,4.4,Completed
447668,11,2019-11-17,Highlander,43694.67,4.16,Completed
447669,6,2019-11-04,RAV4,28875.64,3.86,Completed
447670,4,2019-11-19,Tundra,34131.13,3.81,Completed
447671,1,2019-11-02,Corolla,23610.75,5.24,Completed
447672,19,2019-11-08,Tacoma,32197.75,5.48,Completed
447673,18,2019-11-25,Sienna,55738.62,5.68,Completed
447674,16,2019-11-08,Camry,38361.27,6.06,Completed
447675,15,2019-11-05,Sienna,45689.03,4.86,Completed
447676,4,2019-11-01,Sienna,35454.57,3.81,Completed
447677,16,2019-11-16,Tacoma,41512.91,6.06,Completed
447678,6,2019-11-28,Prius,21922.71,3.86,Pending
447679,18,2019-11-29,Tacoma,46478.93,5.68,Completed
447680,11,2019-11-16,Highlander,40450.67,4.16,Completed
447681,11,2019-11-27,Tundra,35696.99,4.16,Completed
447682,6,2019-11-29,Camry,28604.13,3.86,Completed
447683,8,2019-11-19,Tundra,51065.41,5.84,Completed
447684,10,2019-11-22,Tundra,37806.8,4.88,Completed
447685,14,2019-11-21,Corolla,28660.47,5.1,Completed
447686,18,2019-11-29,Highlander,66789.89,5.68,Completed
447687,11,2019-11-20,Tacoma,31871.94,4.16,Pending
447688,17,2019-11-12,Tundra,32663.38,4.51,Completed
447689,17,2019-11-17,Camry,28155.13,4.51,Completed
447690,11,2019-11-16,Sienna,35239.19,4.16,Completed
447691,10,2019-11-16,Highlander,44443.48,4.88,Completed
447692,17,2019-11-02,Corolla,17427.21,4.51,Completed
447693,19,2019-11-04,Prius,25842.99,5.48,Completed
447694,7,2019-11-03,RAV4,41174.11,5.39,Completed
447695,11,2019-11-20,Sienna,33532.78,4.16,Completed
447696,10,2019-11-26,Tundra,34939.37,4.88,Completed
447697,12,2019-11-06,Sienna,44154.81,5.65,Completed
447698,2,2019-11-25,Camry,25705.69,4.0,Completed
447699,6,2019-11-03,Prius,23158.45,3.86,Completed
447700,11,2019-11-01,Corolla,20940.23,4.16,Completed
447701,8,2019-11-11,Highlander,65105.0,5.84,Completed
447702,7,2019-11-25,Tundra,52241.73,5.39,Completed
447703,11,2019-11-01,Corolla,20459.5,4.16,Completed
447704,5,2019-11-26,Corolla,21144.49,5.34,Completed
447705,20,2019-11-23,Prius,33100.91,5.77,Completed
447706,7,2019-11-07,Tacoma,44784.81,5.39,Completed
447707,15,2019-11-23,Corolla,28456.87,4.86,Completed
447708,7,2019-11-24,Highlander,55811.98,5.39,Completed
447709,14,2019-11-29,Tacoma,41608.32,5.1,Completed
447710,19,2019-11-23,Sienna,41604.14,5.48,Completed
447711,17,2019-11-25,RAV4,31538.63,4.51,Pending
447712,8,2019-11-03,RAV4,47582.84,5.84,Completed
447713,15,2019-11-07,Prius,28067.49,4.86,Completed
447714,12,2019-11-20,Highlander,62153.16,5.65,Completed
447715,20,2019-11-16,Highlander,66166.58,5.77,Completed
447716,1,2019-11-21,Prius,24419.15,5.24,Completed
447717,13,2019-11-09,Highlander,62043.3,5.61,Completed
447718,4,2019-11-26,Tundra,32305.47,3.81,Completed
447719,7,2019-11-20,Corolla,25499.93,5.39,Completed
447720,9,2019-11-03,Highlander,44692.04,4.4,Pending
447721,4,2019-11-25,Prius,20877.35,3.81,Completed
447722,1,2019-11-14,Corolla,23857.42,5.24,Completed
447723,6,2019-11-21,Tundra,31453.77,3.86,Completed
447724,12,2019-11-09,Sienna,45746.9,5.65,Completed
447725,4,2019-11-26,Tacoma,30082.0,3.81,Completed
447726,8,2019-11-20,Tundra,44223.55,5.84,Completed
447727,6,2019-11-25,Prius,23183.89,3.86,Completed
447728,7,2019-11-06,Tacoma,43040.83,5.39,Completed
447729,14,2019-11-23,Prius,27025.41,5.1,Cancelled
447730,3,2019-11-26,Corolla,26946.07,5.69,Completed
447731,18,2019-11-14,Tundra,52975.16,5.68,Completed
447732,2,2019-11-12,Corolla,19920.92,4.0,Completed
447733,12,2019-11-17,Tacoma,35996.62,5.65,Completed
447734,17,2019-11-21,Tundra,30353.77,4.51,Completed
447735,7,2019-11-30,Tundra,47444.85,5.39,Completed
447736,8,2019-11-05,Camry,33731.7,5.84,Completed
447737,10,2019-11-14,Tacoma,27382.64,4.88,Completed
447738,20,2019-11-22,Corolla,27385.66,5.77,Completed
447739,6,2019-11-13,Tacoma,30919.85,3.86,Completed
447740,9,2019-11-13,Sienna,36355.84,4.4,Completed
447741,11,2019-11-29,Tacoma,27830.22,4.16,Completed
447742,18,2019-11-08,Corolla,30444.91,5.68,Completed
447743,6,2019-11-17,Sienna,35432.48,3.86,Completed
447744,7,2019-11-08,Tacoma,44386.75,5.39,Completed
447745,19,2019-11-25,Sienna,42087.88,5.48,Completed
447746,12,2019-11-16,Highlander,61674.44,5.65,Completed
447747,7,2019-11-04,Tacoma,42971.01,5.39,Completed
447748,19,2019-11-15,Prius,26084.18,5.48,Completed
447749,13,2019-11-17,Tundra,54683.93,5.61,Completed
447750,6,2019-11-30,Camry,28632.37,3.86,Completed
447751,14,2019-11-07,Sienna,44148.3,5.1,Completed
447752,16,2019-11-17,Tacoma,45253.0,6.06,Completed
447753,11,2019-11-08,Prius,21043.5,4.16,Completed
447754,4,2019-11-12,Highlander,43776.33,3.81,Completed
447755,14,2019-11-13,RAV4,38755.71,5.1,Completed
447756,1,2019-11-30,Highlander,48663.1,5.24,Completed
447757,10,2019-11-25,Highlander,42637.73,4.88,Completed
447758,11,2019-11-27,Sienna,34416.14,4.16,Completed
447759,2,2019-11-04,RAV4,31243.5,4.0,Completed
447760,3,2019-11-05,Camry,39374.7,5.69,Completed
447761,2,2019-11-15,Corolla,21558.6,4.0,Completed
447762,11,2019-11-02,Prius,22592.15,4.16,Completed
447763,3,2019-11-29,Highlander,66743.66,5.69,Completed
447764,17,2019-11-03,Camry,24164.82,4.51,Completed
447765,2,2019-11-25,Camry,30652.24,4.0,Completed
447766,4,2019-11-15,Highlander,40147.31,3.81,Completed
447767,3,2019-11-25,Tundra,51354.09,5.69,Completed
447768,7,2019-11-20,Tundra,52570.63,5.39,Completed
447769,13,2019-11-20,Tundra,52709.21,5.61,Completed
447770,19,2019-11-27,RAV4,36167.91,5.48,Completed
447771,17,2019-11-03,Prius,23771.4,4.51,Completed
447772,18,2019-11-25,Highlander,69140.99,5.68,Completed
447773,7,2019-11-16,Prius,28472.16,5.39,Completed
447774,19,2019-11-11,Tacoma,33190.34,5.48,Completed
447775,9,2019-11-19,Corolla,20674.13,4.4,Completed
447776,13,2019-11-20,RAV4,47498.97,5.61,Pending
447777,2,2019-11-09,Tacoma,29280.07,4.0,Completed
447778,6,2019-11-22,Corolla,19180.65,3.86,Completed
447779,13,2019-11-02,Sienna,46441.67,5.61,Completed
447780,15,2019-11-23,Tacoma,40082.47,4.86,Completed
447781,3,2019-11-22,Tacoma,41942.07,5.69,Completed
447782,4,2019-11-30,Camry,27586.27,3.81,Completed
447783,20,2019-11-24,Camry,34862.43,5.77,Completed
447784,3,2019-11-11,Highlander,57152.02,5.69,Completed
447785,8,2019-11-16,Corolla,26534.87,5.84,Completed
447786,16,2019-11-02,Sienna,47546.89,6.06,Completed
447787,7,2019-11-17,Highlander,57540.89,5.39,Completed
447788,18,2019-11-25,Camry,39319.72,5.68,Completed
447789,6,2019-11-06,Prius,21216.51,3.86,Completed
447790,4,2019-11-20,Camry,25631.03,3.81,Completed
447791,14,2019-11-04,RAV4,44191.43,5.1,Completed
447792,13,2019-11-02,Prius,32336.34,5.61,Completed
447793,15,2019-11-13,Highlander,57158.41,4.86,Completed
447794,3,2019-11-25,Tundra,45463.88,5.69,Completed
447795,20,2019-11-25,Prius,31076.67,5.77,Completed
447796,4,2019-11-09,Tundra,35047.12,3.81,Completed
447797,20,2019-11-26,Tundra,52265.45,5.77,Completed
447798,14,2019-11-23,Highlander,52618.2,5.1,Completed
447799,8,2019-11-12,Tacoma,43767.21,5.84,Completed
447800,9,2019-11-28,Highlander,43198.85,4.4,Completed
447801,4,2019-11-23,Camry,27145.15,3.81,Completed
447802,14,2019-11-21,Highlander,62855.47,5.1,Completed
447803,13,2019-11-20,Sienna,49987.94,5.61,Completed
447804,13,2019-11-08,Tacoma,46066.36,5.61,Completed
447805,11,2019-11-30,Camry,24847.24,4.16,Completed
447806,14,2019-11-09,Tacoma,36014.53,5.1,Completed
447807,7,2019-11-15,Highlander,57312.35,5.39,Completed
447808,9,2019-11-13,Prius,23016.88,4.4,Completed
447809,16,2019-11-28,Prius,30904.77,6.06,Completed
447810,11,2019-11-01,RAV4,29128.08,4.16,Completed
447811,8,2019-11-14,Highlander,61326.53,5.84,Completed
447812,20,2019-11-06,Camry,33781.98,5.77,Completed
447813,18,2019-11-01,Highlander,72091.18,5.68,Completed
447814,9,2019-11-23,Corolla,19156.24,4.4,Completed
447815,3,2019-11-09,Camry,36957.7,5.69,Completed
447816,16,2019-11-05,Tacoma,39206.0,6.06,Completed
447817,10,2019-11-07,Prius,21298.21,4.88,Completed
447818,19,2019-11-15,Tacoma,33984.48,5.48,Completed
447819,16,2019-11-18,Camry,37611.66,6.06,Completed
447820,1,2019-11-30,Tacoma,36231.81,5.24,Completed
447821,4,2019-11-23,Camry,23941.76,3.81,Completed
447822,1,2019-11-28,Sienna,38659.75,5.24,Completed
447823,15,2019-11-07,Highlander,55542.77,4.86,Completed
447824,4,2019-11-21,RAV4,31542.65,3.81,Completed
447825,15,2019-11-11,Corolla,29382.27,4.86,Completed
447826,19,2019-11-13,Camry,33010.72,5.48,Completed
447827,11,2019-11-17,Camry,24851.88,4.16,Completed
447828,12,2019-11-22,Prius,31549.97,5.65,Completed
447829,11,2019-11-17,Camry,29003.97,4.16,Completed
447830,18,2019-11-07,RAV4,48146.1,5.68,Completed
447831,9,2019-11-24,Tacoma,26706.03,4.4,Completed
447832,17,2019-11-16,RAV4,32135.03,4.51,Completed
447833,7,2019-11-22,Camry,39562.22,5.39,Completed
447834,15,2019-11-13,Sienna,50510.08,4.86,Completed
447835,13,2019-11-15,Tundra,52066.61,5.61,Completed
447836,8,2019-11-18,Tundra,50909.2,5.84,Completed
447837,17,2019-11-01,Tacoma,29599.66,4.51,Completed
447838,20,2019-11-16,Corolla,26225.92,5.77,Completed
447839,16,2019-11-01,Camry,41727.0,6.06,Completed
447840,19,2019-11-27,Tundra,45771.57,5.48,Completed
447841,5,2019-11-25,Highlander,53194.69,5.34,Completed
447842,4,2019-11-17,Camry,25603.37,3.81,Completed
447843,16,2019-11-16,Camry,37968.99,6.06,Completed
447844,3,2019-11-29,RAV4,48433.2,5.69,Completed
447845,13,2019-11-10,Prius,29339.21,5.61,Completed
447846,4,2019-11-03,Prius,21447.45,3.81,Completed
447847,8,2019-11-10,Prius,33431.96,5.84,Completed
447848,9,2019-11-24,Highlander,42183.79,4.4,Completed
447849,20,2019-11-27,Tacoma,40022.86,5.77,Completed
447850,20,2019-11-10,Camry,40324.77,5.77,Completed
447851,11,2019-11-23,Highlander,48252.05,4.16,Completed
447852,19,2019-11-12,Highlander,57168.37,5.48,Completed
447853,15,2019-11-24,Camry,33540.28,4.86,Completed
447854,20,2019-11-14,RAV4,42351.62,5.77,Completed
447855,1,2019-11-27,Corolla,24541.88,5.24,Completed
447856,15,2019-11-08,Tundra,50819.08,4.86,Completed
447857,4,2019-11-26,RAV4,32252.21,3.81,Completed
447858,5,2019-11-21,Sienna,37595.33,5.34,Completed
447859,20,2019-11-14,Camry,40946.16,5.77,Completed
447860,14,2019-11-13,Corolla,25161.56,5.1,Completed
447861,17,2019-11-07,Sienna,36481.87,4.51,Completed
447862,13,2019-11-08,RAV4,49440.94,5.61,Completed
447863,10,2019-11-30,Tacoma,28088.61,4.88,Completed
447864,18,2019-11-06,Sienna,54262.1,5.68,Completed
447865,5,2019-11-04,Camry,34596.82,5.34,Completed
447866,4,2019-11-20,Corolla,20088.22,3.81,Completed
447867,18,2019-11-30,Sienna,47504.01,5.68,Completed
447868,6,2019-11-10,Camry,29049.04,3.86,Completed
447869,17,2019-11-10,Camry,24738.95,4.51,Completed
447870,13,2019-11-14,Camry,42190.1,5.61,Completed
447871,7,2019-11-05,Prius,33217.2,5.39,Completed
447872,15,2019-11-13,Camry,37877.36,4.86,Completed
447873,12,2019-11-10,Prius,28661.3,5.65,Completed
447874,7,2019-11-27,Corolla,30051.37,5.39,Completed
447875,15,2019-11-17,RAV4,44543.31,4.86,Completed
447876,10,2019-11-06,Corolla,19469.8,4.88,Completed
447877,8,2019-11-29,Tundra,47473.93,5.84,Completed
447878,13,2019-11-25,Tundra,54849.05,5.61,Completed
447879,18,2019-11-08,Corolla,28315.63,5.68,Completed
447880,11,2019-11-09,Corolla,18410.45,4.16,Completed
447881,19,2019-11-27,Tundra,40064.05,5.48,Completed
447882,17,2019-11-25,Corolla,21006.42,4.51,Completed
447883,9,2019-11-11,Highlander,46450.07,4.4,Completed
447884,8,2019-11-02,Camry,38152.07,5.84,Completed
447885,13,2019-11-25,Sienna,52949.82,5.61,Completed
447886,14,2019-11-03,Tacoma,39816.14,5.1,Completed
447887,8,2019-11-18,Tundra,45322.48,5.84,Cancelled
447888,17,2019-11-08,Tacoma,28550.88,4.51,Completed
447889,15,2019-11-27,Camry,39393.42,4.86,Completed
447890,20,2019-11-27,Camry,33794.15,5.77,Completed
447891,8,2019-11-21,Sienna,47220.02,5.84,Completed
447892,4,2019-11-07,Tundra,35581.28,3.81,Completed
447893,7,2019-11-22,RAV4,47683.69,5.39,Completed
447894,20,2019-11-27,Sienna,46685.66,5.77,Completed
447895,19,2019-11-05,Corolla,25642.5,5.48,Completed
447896,14,2019-11-19,Highlander,64075.88,5.1,Completed
447897,10,2019-11-01,Corolla,19086.4,4.88,Completed
447898,14,2019-11-02,Camry,32417.4,5.1,Completed
447899,18,2019-11-03,Tacoma,43935.13,5.68,Completed
447900,6,2019-11-23,Highlander,42042.57,3.86,Completed
447901,5,2019-11-26,Tundra,41674.0,5.34,Completed
447902,5,2019-11-02,RAV4,36111.51,5.34,Completed
447903,18,2019-11-28,Camry,44119.87,5.68,Completed
447904,19,2019-11-21,Tundra,40296.4,5.48,Completed
447905,15,2019-11-04,Tundra,49382.92,4.86,Completed
447906,14,2019-11-19,RAV4,38008.84,5.1,Completed
447907,14,2019-11-08,Sienna,41889.97,5.1,Completed
447908,11,2019-11-18,Highlander,47979.75,4.16,Completed
447909,19,2019-11-16,Highlander,57315.1,5.48,Completed
447910,4,2019-11-04,Tacoma,25469.56,3.81,Cancelled
447911,16,2019-11-02,Prius,31230.88,6.06,Completed
447912,19,2019-11-18,Tacoma,34622.74,5.48,Completed
447913,12,2019-11-21,Camry,33588.19,5.65,Completed
447914,9,2019-11-18,Highlander,44650.65,4.4,Completed
447915,3,2019-11-21,Prius,29969.26,5.69,Completed
447916,2,2019-11-24,Highlander,49327.48,4.0,Completed
447917,8,2019-11-08,Prius,28432.61,5.84,Completed
447918,6,2019-11-06,Tacoma,30184.78,3.86,Completed
447919,3,2019-11-20,Highlander,57623.72,5.69,Completed
447920,1,2019-11-27,Tundra,41304.4,5.24,Completed
447921,4,2019-11-02,Tundra,36092.31,3.81,Completed
447922,12,2019-11-10,Corolla,25757.18,5.65,Completed
447923,17,2019-11-27,Tundra,32145.79,4.51,Completed
447924,5,2019-11-14,Tundra,40271.09,5.34,Completed
447925,10,2019-11-15,Tundra,38867.62,4.88,Completed
447926,1,2019-11-06,Sienna,40900.6,5.24,Completed
447927,6,2019-11-24,Prius,22280.96,3.86,Completed
447928,4,2019-11-20,RAV4,29898.84,3.81,Completed
447929,6,2019-11-28,Prius,23591.5,3.86,Completed
447930,19,2019-11-30,Tundra,39667.39,5.48,Completed
447931,3,2019-11-15,RAV4,44953.73,5.69,Completed
447932,6,2019-11-21,Tacoma,31216.59,3.86,Completed
447933,13,2019-11-24,Tacoma,43582.32,5.61,Completed
447934,12,2019-11-11,Highlander,64086.79,5.65,Pending
447935,6,2019-11-20,Tundra,36600.6,3.86,Completed
447936,12,2019-11-10,Tacoma,40327.63,5.65,Completed
447937,15,2019-11-23,RAV4,40938.81,4.86,Completed
447938,10,2019-11-23,Prius,23881.8,4.88,Completed
447939,4,2019-11-28,Tacoma,29354.62,3.81,Completed
447940,12,2019-11-06,Sienna,46176.24,5.65,Pending
447941,7,2019-11-13,Corolla,29846.61,5.39,Completed
447942,8,2019-11-21,Tundra,44375.93,5.84,Completed
447943,4,2019-11-24,Camry,24657.39,3.81,Completed
447944,12,2019-11-14,Prius,29261.11,5.65,Completed
447945,4,2019-11-27,Sienna,33707.98,3.81,Completed
447946,20,2019-11-29,Sienna,47029.78,5.77,Completed
447947,3,2019-11-26,Tundra,46894.98,5.69,Completed
447948,2,2019-11-24,Highlander,50106.62,4.0,Completed
447949,17,2019-11-18,Highlander,40301.1,4.51,Completed
447950,16,2019-11-23,Tundra,51980.22,6.06,Completed
447951,3,2019-11-08,RAV4,45237.66,5.69,Completed
447952,1,2019-11-14,Corolla,22258.96,5.24,Completed
447953,12,2019-11-11,Corolla,24404.6,5.65,Completed
447954,13,2019-11-14,Highlander,60246.37,5.61,Completed
447955,18,2019-11-14,Tacoma,45690.05,5.68,Completed
447956,11,2019-11-28,Corolla,18142.22,4.16,Completed
447957,2,2019-11-11,Camry,31297.32,4.0,Completed
447958,13,2019-11-29,Highlander,64743.33,5.61,Completed
447959,17,2019-11-02,Sienna,35052.74,4.51,Completed
447960,9,2019-11-01,Sienna,35770.51,4.4,Completed
447961,19,2019-11-09,Sienna,40241.82,5.48,Completed
447962,16,2019-11-01,Sienna,44583.52,6.06,Completed
447963,20,2019-11-15,Highlander,59631.93,5.77,Completed
447964,19,2019-11-23,Corolla,22293.9,5.48,Completed
447965,17,2019-11-22,Prius,23943.86,4.51,Completed
447966,10,2019-11-04,Corolla,20641.63,4.88,Completed
447967,6,2019-11-08,Tundra,30934.51,3.86,Completed
447968,4,2019-11-10,Corolla,19724.66,3.81,Cancelled
447969,18,2019-11-04,Tundra,54400.45,5.68,Completed
447970,7,2019-11-04,Prius,28779.92,5.39,Completed
447971,4,2019-11-10,Camry,28241.12,3.81,Completed
447972,10,2019-11-20,Tacoma,29331.0,4.88,Completed
447973,10,2019-11-16,Highlander,46324.84,4.88,Completed
447974,2,2019-11-30,Camry,26083.8,4.0,Completed
447975,20,2019-11-24,RAV4,45833.28,5.77,Completed
447976,6,2019-11-02,Highlander,42730.64,3.86,Completed
447977,1,2019-11-09,RAV4,33764.42,5.24,Completed
447978,6,2019-11-14,Camry,26365.17,3.86,Completed
447979,18,2019-11-13,Prius,34030.44,5.68,Completed
447980,11,2019-11-06,Highlander,42068.96,4.16,Completed
447981,12,2019-11-15,RAV4,41272.03,5.65,Completed
447982,3,2019-11-25,RAV4,42223.27,5.69,Completed
447983,12,2019-11-12,Camry,35868.96,5.65,Completed
447984,8,2019-11-06,Tacoma,42641.23,5.84,Completed
447985,7,2019-11-13,Tundra,51540.93,5.39,Completed
447986,9,2019-11-01,Tacoma,26954.92,4.4,Completed
447987,14,2019-11-07,Camry,32749.8,5.1,Completed
447988,2,2019-11-27,Prius,21788.35,4.0,Completed
447989,9,2019-11-06,RAV4,30087.41,4.4,Completed
447990,4,2019-11-04,Highlander,38412.76,3.81,Completed
447991,17,2019-11-23,Highlander,39214.23,4.51,Completed
447992,4,2019-11-13,Prius,20489.68,3.81,Completed
447993,5,2019-11-12,Camry,28585.31,5.34,Completed
447994,6,2019-11-06,Tacoma,27939.19,3.86,Completed
447995,6,2019-11-14,Camry,27343.92,3.86,Completed
447996,1,2019-11-06,Prius,27607.09,5.24,Cancelled
447997,7,2019-11-28,Tundra,47028.63,5.39,Completed
447998,6,2019-11-30,Tundra,31677.64,3.86,Completed
447999,6,2019-11-07,RAV4,29407.26,3.86,Completed
448000,1,2019-11-25,Corolla,24657.58,5.24,Completed
448001,8,2019-11-03,Highlander,65490.56,5.84,Completed
448002,1,2019-11-10,Tacoma,36544.91,5.24,Completed
448003,12,2019-11-06,Highlander,57804.75,5.65,Completed
448004,10,2019-11-15,Highlander,41229.02,4.88,Completed
448005,7,2019-11-24,Tundra,48147.96,5.39,Completed
448006,12,2019-11-25,Prius,32465.8,5.65,Completed
448007,20,2019-11-03,Highlander,60337.65,5.77,Completed
448008,2,2019-11-16,Corolla,20308.82,4.0,Completed
448009,9,2019-11-15,Corolla,20444.28,4.4,Completed
448010,10,2019-11-30,Corolla,21822.06,4.88,Completed
448011,2,2019-11-26,Tundra,36494.62,4.0,Completed
448012,9,2019-11-23,Tacoma,27057.8,4.4,Completed
448013,15,2019-11-17,RAV4,43176.67,4.86,Pending
448014,12,2019-11-21,Tacoma,41468.45,5.65,Completed
448015,12,2019-11-10,Tundra,42646.05,5.65,Completed
448016,3,2019-11-03,Camry,41744.98,5.69,Completed
448017,18,2019-11-04,Camry,39511.1,5.68,Completed
448018,17,2019-11-29,Sienna,31037.31,4.51,Completed
448019,4,2019-11-20,Sienna,35673.6,3.81,Completed
448020,10,2019-11-24,Tundra,32793.42,4.88,Completed
448021,18,2019-11-10,RAV4,48597.68,5.68,Completed
448022,20,2019-11-11,Sienna,46416.44,5.77,Completed
448023,5,2019-11-12,Highlander,50759.23,5.34,Completed
448024,12,2019-11-14,Sienna,45564.09,5.65,Completed
448025,3,2019-11-06,Camry,39148.92,5.69,Completed
448026,11,2019-11-19,Sienna,38123.44,4.16,Completed
448027,2,2019-11-22,Highlander,49044.69,4.0,Completed
448028,8,2019-11-03,Highlander,64992.46,5.84,Completed
448029,16,2019-11-15,Tundra,45607.87,6.06,Completed
448030,17,2019-11-10,Corolla,20119.6,4.51,Completed
448031,4,2019-11-08,Highlander,44485.2,3.81,Completed
448032,7,2019-11-17,Prius,32252.56,5.39,Completed
448033,20,2019-11-25,RAV4,44713.74,5.77,Cancelled
448034,3,2019-11-17,Tundra,47516.55,5.69,Completed
448035,2,2019-11-08,Prius,21879.11,4.0,Completed
448036,19,2019-11-03,Corolla,24389.33,5.48,Completed
448037,3,2019-11-14,Tundra,50156.22,5.69,Cancelled
448038,11,2019-11-03,Camry,27933.33,4.16,Completed
448039,8,2019-11-06,Camry,40478.01,5.84,Completed
448040,8,2019-11-17,Camry,40460.58,5.84,Completed
448041,9,2019-11-09,Sienna,33242.23,4.4,Completed
448042,4,2019-11-07,Prius,20990.04,3.81,Completed
448043,14,2019-11-03,Tacoma,37540.74,5.1,Completed
448044,4,2019-11-06,Sienna,31367.6,3.81,Completed
448045,6,2019-11-02,Prius,20242.53,3.86,Completed
448046,1,2019-11-01,RAV4,36849.6,5.24,Completed
448047,19,2019-11-03,Tundra,44327.55,5.48,Completed
448048,3,2019-11-08,Camry,41497.45,5.69,Pending
448049,17,2019-11-17,Camry,25931.39,4.51,Completed
448050,15,2019-11-21,Tacoma,42152.51,4.86,Completed
448051,19,2019-11-19,Camry,31438.91,5.48,Completed
448052,11,2019-11-27,Sienna,35078.42,4.16,Completed
448053,4,2019-11-15,Tundra,36105.22,3.81,Completed
448054,4,2019-11-23,Tundra,32807.6,3.81,Completed
448055,12,2019-11-28,Tundra,51240.79,5.65,Completed
448056,16,2019-11-04,Tacoma,38478.08,6.06,Completed
448057,10,2019-11-03,Camry,29639.73,4.88,Completed
448058,10,2019-11-02,Tacoma,32775.86,4.88,Completed
448059,16,2019-11-28,Highlander,68707.9,6.06,Completed
448060,6,2019-11-01,Camry,27670.15,3.86,Completed
448061,17,2019-11-23,Tacoma,27803.17,4.51,Completed
448062,7,2019-11-01,Highlander,59502.13,5.39,Completed
448063,1,2019-11-28,Prius,28359.7,5.24,Completed
448064,5,2019-11-20,Camry,32884.08,5.34,Completed
448065,15,2019-11-06,RAV4,45669.93,4.86,Completed
448066,14,2019-11-02,Camry,34852.72,5.1,Completed
448067,2,2019-11-15,Highlander,50995.06,4.0,Completed
448068,8,2019-11-19,Tacoma,41431.99,5.84,Completed
448069,10,2019-11-07,Sienna,38929.09,4.88,Completed
448070,3,2019-11-29,Highlander,63184.54,5.69,Completed
448071,2,2019-11-10,RAV4,31211.18,4.0,Completed
448072,15,2019-11-09,Prius,28188.74,4.86,Completed
448073,5,2019-11-19,Sienna,42499.57,5.34,Completed
448074,19,2019-11-02,RAV4,41307.78,5.48,Completed
448075,17,2019-11-18,RAV4,32589.01,4.51,Completed
448076,2,2019-11-30,RAV4,31552.32,4.0,Completed
448077,2,2019-11-12,Sienna,38574.26,4.0,Pending
448078,1,2019-11-25,Camry,31286.93,5.24,Completed
448079,12,2019-11-08,Prius,33482.83,5.65,Completed
448080,20,2019-11-28,Tacoma,41403.6,5.77,Completed
448081,17,2019-11-07,Tundra,35418.68,4.51,Completed
448082,14,2019-11-21,Tundra,43415.62,5.1,Completed
448083,6,2019-11-20,Tacoma,29400.19,3.86,Pending
448084,10,2019-11-10,Tacoma,30573.56,4.88,Completed
448085,8,2019-11-28,Sienna,48104.37,5.84,Completed
448086,4,2019-11-26,RAV4,30784.52,3.81,Completed
448087,6,2019-11-16,RAV4,29566.44,3.86,Completed
448088,4,2019-11-06,Tundra,32241.75,3.81,Pending
448089,14,2019-11-24,RAV4,43840.59,5.1,Completed
448090,8,2019-11-07,Highlander,57076.51,5.84,Completed
448091,5,2019-11-26,Tacoma,32636.62,5.34,Completed
448092,14,2019-11-21,Tundra,42624.47,5.1,Completed
448093,17,2019-11-10,Corolla,17601.0,4.51,Completed
448094,19,2019-11-28,Tundra,44026.63,5.48,Completed
448095,14,2019-11-14,Prius,30714.84,5.1,Completed
448096,15,2019-11-29,Highlander,62196.37,4.86,Completed
448097,3,2019-11-16,Tacoma,43446.47,5.69,Completed
448098,20,2019-11-21,Tundra,52639.6,5.77,Completed
448099,18,2019-11-17,Corolla,27790.93,5.68,Completed
448100,15,2019-11-23,RAV4,46288.97,4.86,Completed
448101,19,2019-11-05,Corolla,24842.1,5.48,Completed
448102,13,2019-11-02,Highlander,60293.35,5.61,Completed
448103,15,2019-11-15,RAV4,38848.73,4.86,Completed
448104,2,2019-11-20,Highlander,49492.33,4.0,Completed
448105,13,2019-11-11,RAV4,48682.26,5.61,Completed
448106,15,2019-11-14,Prius,30379.97,4.86,Completed
448107,17,2019-11-16,Highlander,43986.01,4.51,Completed
448108,20,2019-11-26,Camry,34891.77,5.77,Completed
448109,15,2019-11-03,Corolla,26138.27,4.86,Completed
448110,19,2019-11-24,RAV4,38974.9,5.48,Completed
448111,3,2019-11-25,Prius,32001.56,5.69,Completed
448112,3,2019-11-24,Sienna,54001.6,5.69,Completed
448113,14,2019-11-17,Tacoma,39172.31,5.1,Completed
448114,4,2019-11-08,Tundra,32285.08,3.81,Completed
448115,10,2019-11-13,Tacoma,28337.6,4.88,Completed
448116,4,2019-11-14,Corolla,19292.2,3.81,Completed
448117,3,2019-11-07,Tacoma,42151.13,5.69,Completed
448118,9,2019-11-24,Camry,28519.81,4.4,Completed
448119,11,2019-11-12,Camry,28345.1,4.16,Completed
448120,19,2019-11-06,RAV4,40316.35,5.48,Completed
448121,12,2019-11-28,Highlander,60418.8,5.65,Completed
448122,5,2019-11-05,Tundra,39839.35,5.34,Completed
448123,19,2019-11-24,Tacoma,35364.49,5.48,Completed
448124,5,2019-11-25,Highlander,47860.22,5.34,Completed
448125,7,2019-11-05,RAV4,45666.09,5.39,Cancelled
448126,9,2019-11-23,Highlander,48022.75,4.4,Completed
448127,15,2019-11-06,Sienna,51853.69,4.86,Completed
448128,9,2019-11-01,Corolla,18785.94,4.4,Completed
448129,19,2019-11-13,RAV4,35301.51,5.48,Completed
448130,20,2019-11-17,Prius,31426.06,5.77,Completed
448131,13,2019-11-05,Prius,35394.78,5.61,Completed
448132,11,2019-11-17,Camry,27740.75,4.16,Completed
448133,18,2019-11-03,Prius,30122.38,5.68,Completed
448134,15,2019-11-07,Prius,31155.53,4.86,Completed
448135,4,2019-11-27,Sienna,34544.3,3.81,Completed
448136,5,2019-11-15,Camry,33725.81,5.34,Completed
448137,11,2019-11-18,Corolla,21215.55,4.16,Completed
448138,16,2019-11-04,Tacoma,43111.66,6.06,Completed
448139,16,2019-11-16,Tundra,47404.27,6.06,Completed
448140,15,2019-11-10,Sienna,49921.78,4.86,Completed
448141,8,2019-11-27,Camry,39786.77,5.84,Completed
448142,19,2019-11-15,Sienna,42235.12,5.48,Completed
448143,17,2019-11-05,Sienna,34741.88,4.51,Completed
448144,8,2019-11-05,Corolla,25605.9,5.84,Completed
448145,16,2019-11-30,Prius,34730.5,6.06,Completed
448146,1,2019-11-11,Prius,25208.89,5.24,Completed
448147,2,2019-11-24,Sienna,36492.76,4.0,Completed
448148,15,2019-11-15,Tacoma,41606.35,4.86,Completed
448149,6,2019-11-25,Tacoma,29583.87,3.86,Completed
448150,9,2019-11-02,Highlander,47963.47,4.4,Completed
448151,10,2019-11-24,Highlander,49611.61,4.88,Completed
448152,19,2019-11-16,Sienna,44099.63,5.48,Completed
448153,12,2019-11-06,Corolla,27929.62,5.65,Completed
448154,5,2019-11-25,Sienna,37998.81,5.34,Completed
448155,5,2019-11-08,Sienna,37955.48,5.34,Completed
448156,3,2019-11-05,Sienna,49393.25,5.69,Completed
448157,16,2019-11-09,Corolla,25874.63,6.06,Completed
448158,14,2019-11-20,Camry,36066.59,5.1,Completed
448159,8,2019-11-06,Sienna,44789.4,5.84,Completed
448160,16,2019-11-08,Prius,29315.56,6.06,Completed
448161,17,2019-11-21,Prius,22196.44,4.51,Completed
448162,2,2019-11-13,Highlander,45742.88,4.0,Completed
448163,9,2019-11-10,Tacoma,27774.08,4.4,Completed
448164,2,2019-11-05,Prius,21667.68,4.0,Completed
448165,7,2019-11-13,Sienna,52032.1,5.39,Completed
448166,19,2019-11-26,Camry,33887.41,5.48,Completed
448167,3,2019-11-16,RAV4,49391.62,5.69,Completed
448168,10,2019-11-11,Corolla,21860.92,4.88,Completed
448169,15,2019-11-01,Tundra,46243.96,4.86,Completed
448170,2,2019-11-24,Camry,29597.68,4.0,Completed
448171,16,2019-11-04,Prius,29777.78,6.06,Completed
448172,9,2019-11-28,Camry,29311.19,4.4,Completed
448173,9,2019-11-19,Camry,24849.76,4.4,Completed
448174,6,2019-11-04,Sienna,34072.26,3.86,Completed
448175,12,2019-11-22,RAV4,46012.7,5.65,Completed
448176,10,2019-11-12,Tundra,37501.96,4.88,Completed
448177,15,2019-11-24,Highlander,64560.57,4.86,Completed
448178,10,2019-11-14,Highlander,45955.31,4.88,Completed
448179,5,2019-11-08,Corolla,21376.18,5.34,Completed
448180,6,2019-11-23,Corolla,19076.65,3.86,Completed
448181,5,2019-11-04,Highlander,51769.6,5.34,Completed
448182,17,2019-11-18,Corolla,21041.44,4.51,Completed
448183,9,2019-11-24,Tacoma,28945.18,4.4,Completed
448184,4,2019-11-23,Highlander,43545.27,3.81,Completed
448185,7,2019-11-13,Sienna,45740.08,5.39,Completed
448186,15,2019-11-11,Sienna,50890.02,4.86,Completed
448187,5,2019-11-04,Highlander,46523.72,5.34,Completed
448188,3,2019-11-07,Tacoma,40366.65,5.69,Completed
448189,6,2019-11-23,Camry,27714.11,3.86,Completed
448190,18,2019-11-01,Highlander,67544.99,5.68,Completed
448191,11,2019-11-27,Prius,21101.64,4.16,Completed
448192,16,2019-11-25,RAV4,42617.76,6.06,Completed
448193,4,2019-11-15,Tundra,31328.09,3.81,Completed
448194,9,2019-11-09,Camry,25925.19,4.4,Completed
448195,4,2019-11-22,RAV4,28278.32,3.81,Completed
448196,19,2019-11-05,Tundra,42654.92,5.48,Pending
448197,3,2019-11-12,RAV4,47483.14,5.69,Completed
448198,10,2019-11-07,Corolla,20183.72,4.88,Completed
448199,19,2019-11-22,Corolla,24442.67,5.48,Completed
448200,3,2019-11-21,Prius,29498.39,5.69,Completed
448201,11,2019-11-12,Prius,21219.9,4.16,Completed
448202,18,2019-11-12,Sienna,53308.68,5.68,Completed
448203,17,2019-11-05,Tundra,36732.16,4.51,Completed
448204,12,2019-11-08,Tacoma,43320.24,5.65,Completed
448205,18,2019-11-29,RAV4,45320.12,5.68,Completed
448206,11,2019-11-16,Corolla,21331.37,4.16,Completed
448207,20,2019-11-21,Corolla,27806.82,5.77,Completed
448208,20,2019-11-06,Corolla,25873.16,5.77,Completed
448209,20,2019-11-05,Camry,38873.61,5.77,Completed
448210,15,2019-11-23,Corolla,27211.16,4.86,Completed
448211,12,2019-11-03,Sienna,46533.98,5.65,Completed
448212,14,2019-11-17,Camry,37296.73,5.1,Completed
448213,14,2019-11-23,Prius,27153.54,5.1,Completed
448214,16,2019-11-04,Camry,40773.78,6.06,Completed
448215,15,2019-11-12,Tacoma,41891.89,4.86,Completed
448216,12,2019-11-18,Camry,37636.56,5.65,Completed
448217,2,2019-11-18,Sienna,37544.78,4.0,Completed
448218,14,2019-11-23,Tacoma,39869.0,5.1,Completed
448219,13,2019-11-04,Sienna,50009.25,5.61,Completed
448220,14,2019-11-29,Highlander,57943.02,5.1,Completed
448221,19,2019-11-06,Tundra,45606.56,5.48,Cancelled
448222,3,2019-11-06,Sienna,47505.39,5.69,Completed
448223,15,2019-11-08,Tundra,49199.9,4.86,Completed
448224,5,2019-11-17,Corolla,24642.84,5.34,Completed
448225,6,2019-11-07,Tacoma,26490.35,3.86,Completed
448226,16,2019-11-25,Prius,31258.86,6.06,Completed
448227,9,2019-11-17,Sienna,37745.17,4.4,Completed
448228,20,2019-11-13,Highlander,66211.94,5.77,Completed
448229,12,2019-11-03,Highlander,59733.95,5.65,Cancelled
448230,11,2019-11-25,Tundra,38237.81,4.16,Completed
448231,8,2019-11-15,Highlander,65657.65,5.84,Completed
448232,18,2019-11-13,Sienna,48571.41,5.68,Completed
448233,12,2019-11-24,RAV4,45817.72,5.65,Cancelled
448234,3,2019-11-17,Sienna,50029.72,5.69,Completed
448235,3,2019-11-13,Tundra,48730.9,5.69,Completed
448236,2,2019-11-08,Camry,27490.29,4.0,Completed
448237,14,2019-11-27,Corolla,27374.52,5.1,Completed
448238,19,2019-11-14,Prius,26532.2,5.48,Completed
448239,10,2019-11-11,Highlander,41441.88,4.88,Completed
448240,1,2019-11-16,Highlander,52931.98,5.24,Completed
448241,3,2019-11-05,Tundra,47744.55,5.69,Completed
448242,9,2019-11-20,Tacoma,27544.92,4.4,Completed
448243,10,2019-11-25,Highlander,47867.44,4.88,Completed
448244,3,2019-11-20,Tundra,45166.03,5.69,Completed
448245,7,2019-11-13,Tundra,51638.29,5.39,Completed
448246,12,2019-11-17,Tundra,43739.36,5.65,Completed
448247,13,2019-11-08,Tacoma,41723.82,5.61,Completed
448248,17,2019-11-19,Sienna,31357.18,4.51,Completed
448249,11,2019-11-27,RAV4,30489.76,4.16,Completed
448250,6,2019-11-14,Tacoma,30129.56,3.86,Cancelled
448251,17,2019-11-30,RAV4,27774.89,4.51,Completed
448252,15,2019-11-07,Prius,31970.23,4.86,Completed
448253,1,2019-11-26,Corolla,23511.6,5.24,Completed
448254,1,2019-11-15,Highlander,52860.64,5.24,Completed
448255,19,2019-11-04,Camry,31363.91,5.48,Completed
448256,16,2019-11-02,Tacoma,39925.16,6.06,Completed
448257,1,2019-11-18,Corolla,25081.76,5.24,Completed
448258,6,2019-11-21,Camry,23909.64,3.86,Completed
448259,2,2019-11-29,Prius,23636.33,4.0,Completed
448260,18,2019-11-27,Prius,32948.56,5.68,Completed
448261,8,2019-11-29,Sienna,51085.16,5.84,Completed
448262,16,2019-11-29,Prius,34515.44,6.06,Completed
448263,5,2019-11-19,Corolla,25412.57,5.34,Completed
448264,15,2019-11-21,Camry,34537.29,4.86,Completed
448265,16,2019-11-05,Sienna,49105.61,6.06,Completed
448266,12,2019-11-25,Tacoma,39418.38,5.65,Completed
448267,3,2019-11-04,RAV4,49444.48,5.69,Completed
448268,12,2019-11-09,Tacoma,39366.42,5.65,Completed
448269,18,2019-11-27,RAV4,44330.17,5.68,Completed
448270,14,2019-11-28,RAV4,38478.4,5.1,Completed
448271,13,2019-11-12,Tundra,47891.77,5.61,Completed
448272,13,2019-11-20,Sienna,53239.34,5.61,Completed
448273,14,2019-11-29,RAV4,40457.31,5.1,Completed
448274,17,2019-11-05,Tundra,35823.01,4.51,Completed
448275,11,2019-11-03,Prius,20802.91,4.16,Completed
448276,1,2019-11-17,RAV4,34186.58,5.24,Completed
448277,18,2019-11-18,Prius,36560.7,5.68,Completed
448278,19,2019-11-02,Tacoma,33637.47,5.48,Completed
448279,7,2019-11-16,Highlander,59587.32,5.39,Completed
448280,1,2019-11-15,Tacoma,36057.72,5.24,Completed
448281,16,2019-11-28,Highlander,58192.4,6.06,Completed
448282,7,2019-11-23,Highlander,59350.58,5.39,Completed
448283,16,2019-11-10,Tacoma,42138.45,6.06,Completed
448284,20,2019-11-02,Camry,39500.13,5.77,Completed
448285,2,2019-11-20,Highlander,46633.03,4.0,Completed
448286,2,2019-11-21,Prius,25693.51,4.0,Completed
448287,13,2019-11-17,Sienna,49984.6,5.61,Completed
448288,14,2019-11-14,Tacoma,36346.58,5.1,Completed
448289,3,2019-11-07,RAV4,44947.76,5.69,Completed
448290,11,2019-11-02,Tacoma,29600.06,4.16,Completed
448291,12,2019-11-14,Tacoma,39384.52,5.65,Completed
448292,17,2019-11-08,Tacoma,26477.01,4.51,Completed
448293,14,2019-11-24,Tundra,45302.39,5.1,Completed
448294,8,2019-11-12,Prius,32504.42,5.84,Completed
448295,19,2019-11-22,RAV4,35633.14,5.48,Completed
448296,18,2019-11-25,Prius,31748.52,5.68,Completed
448297,6,2019-11-11,Tundra,36295.41,3.86,Completed
448298,15,2019-11-15,Prius,32046.97,4.86,Completed
448299,18,2019-11-08,Prius,33680.0,5.68,Completed
448300,13,2019-11-23,Tacoma,38178.66,5.61,Completed
448301,1,2019-11-17,Prius,23794.78,5.24,Completed
448302,16,2019-11-15,Highlander,56472.37,6.06,Completed
448303,7,2019-11-29,Camry,35012.65,5.39,Completed
448304,7,2019-11-25,Tundra,44320.27,5.39,Completed
448305,17,2019-11-25,Highlander,42004.39,4.51,Completed
448306,17,2019-11-20,Prius,21282.1,4.51,Completed
448307,12,2019-11-24,Highlander,63228.55,5.65,Completed
448308,10,2019-11-26,Corolla,21566.77,4.88,Completed
448309,2,2019-11-12,Tundra,39172.98,4.0,Completed
448310,11,2019-11-30,Tacoma,30933.38,4.16,Completed
448311,17,2019-11-09,Prius,20517.87,4.51,Completed
448312,7,2019-11-03,RAV4,43221.45,5.39,Completed
448313,19,2019-11-02,Tacoma,34233.14,5.48,Completed
448314,18,2019-11-19,RAV4,49823.62,5.68,Completed
448315,1,2019-11-24,Prius,24287.0,5.24,Completed
448316,13,2019-11-06,Camry,41609.77,5.61,Completed
448317,8,2019-11-01,Highlander,57898.8,5.84,Completed
448318,8,2019-11-07,Tacoma,39015.53,5.84,Completed
448319,10,2019-11-27,Prius,21450.47,4.88,Completed
448320,19,2019-11-28,Camry,35080.03,5.48,Pending
448321,8,2019-11-16,Sienna,51751.01,5.84,Pending
448322,18,2019-11-24,Tundra,46369.44,5.68,Completed
448323,12,2019-11-07,RAV4,44993.87,5.65,Completed
448324,2,2019-11-20,Prius,26151.34,4.0,Completed
448325,18,2019-11-08,Prius,33526.49,5.68,Completed
448326,4,2019-11-09,Tacoma,28710.0,3.81,Completed
448327,14,2019-11-08,Corolla,28320.77,5.1,Completed
448328,1,2019-11-01,Prius,24148.73,5.24,Completed
448329,9,2019-11-29,Highlander,42291.23,4.4,Completed
448330,17,2019-11-10,Tacoma,30946.07,4.51,Completed
448331,6,2019-11-20,Tundra,36930.18,3.86,Completed
448332,15,2019-11-15,Corolla,26949.02,4.86,Completed
448333,8,2019-11-29,Corolla,28951.81,5.84,Completed
448334,7,2019-11-24,Tundra,48719.4,5.39,Completed
448335,15,2019-11-22,Tacoma,39120.83,4.86,Completed
448336,1,2019-11-29,Prius,24528.06,5.24,Completed
448337,16,2019-11-20,RAV4,41237.8,6.06,Completed
448338,13,2019-11-17,Tundra,52706.37,5.61,Completed
448339,15,2019-11-21,Sienna,48836.12,4.86,Completed
448340,5,2019-11-26,Camry,32938.31,5.34,Completed
448341,16,2019-11-08,Prius,35025.42,6.06,Completed
448342,1,2019-11-09,Tacoma,31479.92,5.24,Completed
448343,6,2019-11-05,Highlander,41453.98,3.86,Pending
448344,7,2019-11-07,Tundra,50052.04,5.39,Completed
448345,11,2019-11-30,Camry,28698.23,4.16,Completed
448346,18,2019-11-27,RAV4,51427.65,5.68,Cancelled
448347,12,2019-11-15,Highlander,56127.88,5.65,Completed
448348,20,2019-11-14,Tundra,45295.74,5.77,Pending
448349,10,2019-11-28,Highlander,49232.02,4.88,Cancelled
448350,15,2019-11-10,Camry,35153.61,4.86,Completed
448351,16,2019-11-04,Tundra,50884.46,6.06,Completed
448352,9,2019-11-07,Corolla,19681.35,4.4,Completed
448353,10,2019-11-09,Sienna,36933.31,4.88,Completed
448354,4,2019-11-26,Camry,27286.49,3.81,Completed
448355,10,2019-11-25,Camry,27009.65,4.88,Completed
448356,8,2019-11-18,Prius,29765.81,5.84,Completed
448357,17,2019-11-17,Sienna,34519.47,4.51,Pending
448358,20,2019-11-07,Camry,35766.05,5.77,Cancelled
448359,10,2019-11-30,Tacoma,28102.33,4.88,Completed
448360,20,2019-11-20,Prius,33988.89,5.77,Completed
448361,5,2019-11-28,Highlander,53133.27,5.34,Completed
448362,13,2019-11-23,Corolla,26101.85,5.61,Completed
448363,10,2019-11-07,Camry,28976.6,4.88,Completed
448364,7,2019-11-07,Camry,36930.02,5.39,Completed
448365,3,2019-11-25,Camry,35692.69,5.69,Completed
448366,6,2019-11-29,Sienna,31256.83,3.86,Completed
448367,13,2019-11-08,Highlander,66205.28,5.61,Completed
448368,7,2019-11-26,Highlander,59754.92,5.39,Completed
448369,4,2019-11-15,Sienna,31732.79,3.81,Completed
448370,20,2019-11-22,RAV4,45865.14,5.77,Completed
448371,2,2019-11-20,Corolla,21824.43,4.0,Completed
448372,16,2019-11-19,Highlander,65870.28,6.06,Completed
448373,13,2019-11-05,Highlander,65427.39,5.61,Completed
448374,8,2019-11-29,Tundra,45610.13,5.84,Completed
448375,8,2019-11-29,Tundra,46954.48,5.84,Completed
448376,10,2019-11-03,Sienna,38843.27,4.88,Completed
448377,18,2019-11-12,Corolla,28274.23,5.68,Completed
448378,8,2019-11-14,Prius,33943.38,5.84,Completed
448379,9,2019-11-17,RAV4,33425.07,4.4,Completed
448380,20,2019-11-05,Camry,39629.81,5.77,Completed
448381,9,2019-11-25,Corolla,20085.92,4.4,Completed
448382,9,2019-11-23,Sienna,36532.26,4.4,Completed
448383,7,2019-11-28,Prius,33347.56,5.39,Completed
448384,15,2019-11-27,Highlander,56925.24,4.86,Completed
448385,2,2019-11-24,Highlander,42574.71,4.0,Completed
448386,12,2019-11-06,Tundra,46927.04,5.65,Completed
448387,9,2019-11-15,Highlander,41294.14,4.4,Completed
448388,3,2019-11-01,RAV4,47553.19,5.69,Completed
448389,5,2019-11-03,Highlander,53043.95,5.34,Completed
448390,18,2019-11-19,Prius,33868.02,5.68,Completed
448391,15,2019-11-22,Tundra,46754.16,4.86,Completed
448392,13,2019-11-13,Corolla,30506.6,5.61,Completed
448393,9,2019-11-22,Highlander,45396.74,4.4,Completed
448394,20,2019-11-26,Corolla,24783.89,5.77,Completed
448395,12,2019-11-26,Corolla,27395.08,5.65,Completed
448396,15,2019-11-04,Prius,27893.52,4.86,Completed
448397,4,2019-11-12,RAV4,31975.14,3.81,Completed
448398,14,2019-11-24,Prius,31522.41,5.1,Completed
448399,16,2019-11-06,Tundra,52940.57,6.06,Completed
448400,17,2019-11-30,RAV4,32488.85,4.51,Completed
448401,6,2019-11-28,Highlander,40939.25,3.86,Completed
448402,6,2019-11-22,Highlander,46770.24,3.86,Completed
448403,13,2019-11-06,Prius,29347.31,5.61,Completed
448404,20,2019-11-24,Sienna,51743.64,5.77,Completed
448405,17,2019-11-22,Tacoma,28868.28,4.51,Completed
448406,9,2019-11-12,Corolla,18652.8,4.4,Completed
448407,18,2019-11-22,Highlander,67283.54,5.68,Completed
448408,8,2019-11-02,RAV4,42890.28,5.84,Pending
448409,1,2019-11-02,Corolla,21825.29,5.24,Completed
448410,13,2019-11-17,Camry,35098.77,5.61,Pending
448411,9,2019-11-11,Camry,27405.81,4.4,Completed
448412,16,2019-11-08,Camry,35087.45,6.06,Completed
448413,5,2019-11-22,Prius,27298.21,5.34,Completed
448414,7,2019-11-25,Camry,40408.07,5.39,Completed
448415,7,2019-11-10,RAV4,40053.21,5.39,Completed
448416,4,2019-11-08,Corolla,20016.9,3.81,Completed
448417,8,2019-11-07,Sienna,47507.9,5.84,Completed
448418,9,2019-11-08,Corolla,21527.75,4.4,Completed
448419,9,2019-11-16,Highlander,44092.15,4.4,Completed
448420,1,2019-11-01,Camry,29527.77,5.24,Completed
448421,18,2019-11-25,Sienna,56388.94,5.68,Completed
448422,17,2019-11-28,Corolla,20882.21,4.51,Completed
448423,3,2019-11-03,RAV4,42294.03,5.69,Completed
448424,12,2019-11-08,RAV4,45437.69,5.65,Completed
448425,6,2019-11-21,RAV4,32343.75,3.86,Completed
448426,4,2019-11-18,Corolla,18507.82,3.81,Completed
448427,1,2019-11-11,Camry,32603.7,5.24,Completed
448428,12,2019-11-07,RAV4,43395.38,5.65,Completed
448429,13,2019-11-15,Prius,31034.56,5.61,Completed
448430,8,2019-11-15,Sienna,43813.74,5.84,Completed
448431,1,2019-11-09,Prius,25571.05,5.24,Completed
448432,13,2019-11-04,Corolla,31252.63,5.61,Completed
448433,7,2019-11-04,RAV4,45606.29,5.39,Completed
448434,4,2019-11-17,Sienna,34634.51,3.81,Completed
448435,5,2019-11-06,Prius,26879.08,5.34,Completed
448436,18,2019-11-23,Tacoma,44110.36,5.68,Completed
448437,20,2019-11-11,Camry,34971.01,5.77,Completed
448438,19,2019-11-22,Camry,33415.89,5.48,Completed
448439,3,2019-11-01,Tacoma,45409.67,5.69,Completed
448440,7,2019-11-23,Highlander,56281.15,5.39,Completed
448441,5,2019-11-04,Tundra,38838.48,5.34,Cancelled
448442,20,2019-11-18,RAV4,43441.32,5.77,Completed
448443,18,2019-11-06,Tacoma,43465.34,5.68,Completed
448444,4,2019-11-13,Corolla,17378.06,3.81,Completed
448445,15,2019-11-08,Corolla,25157.34,4.86,Completed
448446,1,2019-11-07,Highlander,48419.02,5.24,Completed
448447,5,2019-11-01,RAV4,36734.84,5.34,Completed
448448,5,2019-11-07,Tacoma,36625.9,5.34,Completed
448449,4,2019-11-04,Prius,21689.94,3.81,Completed
448450,19,2019-11-08,RAV4,41312.51,5.48,Completed
448451,16,2019-11-25,Highlander,67265.66,6.06,Completed
448452,20,2019-11-16,Corolla,28455.51,5.77,Completed
448453,19,2019-11-26,Corolla,24087.61,5.48,Pending
448454,1,2019-11-24,Camry,28546.97,5.24,Completed
448455,11,2019-11-30,Camry,28644.44,4.16,Completed
448456,20,2019-11-19,Camry,35714.5,5.77,Completed
448457,19,2019-11-26,Corolla,25972.97,5.48,Completed
448458,17,2019-11-02,Camry,26467.49,4.51,Completed
448459,5,2019-11-11,Prius,27260.09,5.34,Completed
448460,5,2019-11-16,Corolla,23385.52,5.34,Pending
448461,17,2019-11-28,Corolla,20410.24,4.51,Completed
448462,10,2019-11-26,Sienna,34228.24,4.88,Completed
448463,7,2019-11-22,RAV4,40683.1,5.39,Completed
448464,10,2019-11-05,Prius,25389.17,4.88,Completed
448465,10,2019-11-22,Camry,28509.64,4.88,Completed
448466,16,2019-11-28,Camry,34844.8,6.06,Completed
448467,1,2019-11-18,Tundra,40633.4,5.24,Completed
448468,6,2019-11-11,Tundra,33626.99,3.86,Completed
448469,4,2019-11-18,Highlander,45929.13,3.81,Completed
448470,10,2019-11-29,Corolla,20196.58,4.88,Completed
448471,12,2019-11-25,Tundra,46247.89,5.65,Completed
448472,13,2019-11-22,Prius,33256.56,5.61,Completed
448473,10,2019-11-30,RAV4,34606.53,4.88,Completed
448474,4,2019-11-22,Sienna,31733.54,3.81,Completed
448475,3,2019-11-23,Highlander,68803.75,5.69,Completed
448476,8,2019-11-23,Sienna,52353.12,5.84,Completed
448477,8,2019-11-09,Highlander,59826.01,5.84,Completed
448478,19,2019-11-01,Tundra,39292.47,5.48,Completed
448479,18,2019-11-26,Corolla,31076.52,5.68,Completed
448480,2,2019-11-14,Camry,28723.91,4.0,Completed
448481,12,2019-11-26,RAV4,40631.84,5.65,Completed
448482,15,2019-11-30,Sienna,43036.54,4.86,Completed
448483,14,2019-11-15,Tundra,43728.39,5.1,Completed
448484,4,2019-11-02,Tacoma,30483.3,3.81,Completed
448485,20,2019-11-13,Prius,32379.45,5.77,Completed
448486,5,2019-11-08,Tacoma,33502.5,5.34,Completed
448487,7,2019-11-28,Corolla,26636.35,5.39,Completed
448488,18,2019-11-17,Corolla,30740.67,5.68,Pending
448489,11,2019-11-18,RAV4,34699.2,4.16,Completed
448490,13,2019-11-27,Highlander,62519.11,5.61,Completed
448491,20,2019-11-19,Tundra,45786.63,5.77,Completed
448492,12,2019-11-11,Highlander,57352.59,5.65,Pending
448493,2,2019-11-01,RAV4,35172.35,4.0,Completed
448494,13,2019-11-24,RAV4,50000.1,5.61,Completed
448495,15,2019-11-27,Prius,29600.43,4.86,Completed
448496,3,2019-11-27,RAV4,45208.49,5.69,Completed
448497,5,2019-11-19,Corolla,23966.05,5.34,Completed
448498,9,2019-11-26,Highlander,44634.34,4.4,Completed
448499,15,2019-11-04,Camry,37661.33,4.86,Completed
448500,15,2019-11-20,Tundra,46411.24,4.86,Completed
448501,13,2019-11-08,Corolla,27057.22,5.61,Completed
448502,17,2019-11-05,Sienna,33842.23,4.51,Completed
448503,5,2019-11-04,Camry,29765.06,5.34,Completed
448504,1,2019-11-20,Tundra,39811.32,5.24,Completed
448505,11,2019-11-22,Corolla,21326.65,4.16,Completed
448506,20,2019-11-13,Highlander,66060.77,5.77,Completed
448507,18,2019-11-28,Prius,35654.33,5.68,Completed
448508,12,2019-11-17,Prius,30982.27,5.65,Completed
448509,11,2019-11-14,Camry,29693.6,4.16,Completed
448510,4,2019-11-17,Prius,23150.97,3.81,Completed
448511,2,2019-11-05,Camry,26416.93,4.0,Completed
448512,7,2019-11-20,Sienna,44305.3,5.39,Completed
448513,20,2019-11-11,Prius,32725.07,5.77,Completed
448514,7,2019-11-18,RAV4,47447.85,5.39,Completed
448515,4,2019-11-28,Corolla,18811.69,3.81,Completed
448516,13,2019-11-23,Corolla,29076.18,5.61,Completed
448517,18,2019-11-28,Sienna,54276.61,5.68,Completed
448518,13,2019-11-13,Tundra,52556.24,5.61,Completed
448519,9,2019-11-04,RAV4,31487.36,4.4,Completed
448520,1,2019-11-26,Prius,24101.48,5.24,Completed
448521,7,2019-11-14,Prius,33695.3,5.39,Completed
448522,18,2019-11-15,Tacoma,39445.24,5.68,Completed
448523,16,2019-11-12,RAV4,48591.05,6.06,Completed
448524,12,2019-11-06,RAV4,44622.89,5.65,Completed
448525,14,2019-11-06,Corolla,28271.86,5.1,Completed
448526,18,2019-11-06,Tundra,56334.1,5.68,Completed
448527,4,2019-11-28,RAV4,28834.72,3.81,Completed
448528,10,2019-11-03,Highlander,47836.97,4.88,Completed
448529,4,2019-11-08,Tundra,32336.23,3.81,Completed
448530,11,2019-11-17,Corolla,21474.49,4.16,Completed
448531,19,2019-11-16,Sienna,40299.78,5.48,Completed
448532,2,2019-11-08,Tacoma,31977.7,4.0,Completed
448533,1,2019-11-16,Camry,28536.55,5.24,Completed
448534,7,2019-11-13,Corolla,26504.35,5.39,Completed
448535,9,2019-11-17,Highlander,40125.61,4.4,Completed
448536,16,2019-11-04,Sienna,51728.5,6.06,Completed
448537,5,2019-11-12,Camry,33377.98,5.34,Completed
448538,3,2019-11-18,RAV4,44016.46,5.69,Completed
448539,16,2019-11-05,Camry,37199.58,6.06,Completed
448540,12,2019-11-25,Highlander,60452.97,5.65,Completed
448541,19,2019-11-01,Sienna,44134.16,5.48,Completed
448542,5,2019-11-28,Prius,28444.88,5.34,Completed
448543,7,2019-11-03,RAV4,47309.84,5.39,Completed
448544,19,2019-11-04,Highlander,53203.43,5.48,Completed
448545,18,2019-11-14,Camry,38502.54,5.68,Pending
448546,9,2019-11-02,RAV4,31009.04,4.4,Completed
448547,11,2019-11-19,Highlander,43195.22,4.16,Completed
448548,18,2019-11-21,Highlander,62520.7,5.68,Completed
448549,16,2019-11-22,RAV4,43802.0,6.06,Pending
448550,14,2019-11-12,Prius,30207.78,5.1,Completed
448551,18,2019-11-20,Tacoma,42613.06,5.68,Completed
448552,19,2019-11-12,Prius,26917.87,5.48,Completed
448553,2,2019-11-23,Prius,23079.75,4.0,Completed
448554,6,2019-11-15,Sienna,32388.93,3.86,Completed
448555,9,2019-11-22,Tundra,34741.22,4.4,Completed
448556,12,2019-11-26,Highlander,64535.58,5.65,Completed
448557,6,2019-11-20,Corolla,18692.55,3.86,Completed
448558,17,2019-11-14,Highlander,38874.2,4.51,Completed
448559,11,2019-11-23,Camry,28463.07,4.16,Completed
448560,2,2019-11-29,Sienna,35171.15,4.0,Completed
448561,13,2019-11-17,RAV4,47224.64,5.61,Completed
448562,1,2019-11-09,Camry,32187.87,5.24,Completed
448563,9,2019-11-14,Sienna,33997.57,4.4,Pending
448564,15,2019-11-13,Tacoma,42427.91,4.86,Completed
448565,12,2019-11-03,Prius,32381.17,5.65,Completed
448566,8,2019-11-30,Highlander,66141.04,5.84,Completed
448567,8,2019-11-20,Tacoma,39372.37,5.84,Completed
448568,14,2019-11-26,Sienna,49114.07,5.1,Completed
448569,8,2019-11-28,Tacoma,36562.07,5.84,Completed
448570,2,2019-11-08,Camry,29995.57,4.0,Completed
448571,9,2019-11-14,Highlander,43234.8,4.4,Completed
448572,16,2019-11-10,Highlander,67829.25,6.06,Completed
448573,18,2019-11-16,Tacoma,41592.55,5.68,Completed
448574,13,2019-11-27,Highlander,60140.95,5.61,Completed
448575,16,2019-11-20,Tundra,47912.71,6.06,Completed
448576,9,2019-11-03,Highlander,41530.33,4.4,Completed
448577,15,2019-11-26,Tacoma,41129.99,4.86,Completed
448578,1,2019-11-26,Tacoma,34107.56,5.24,Completed
448579,13,2019-11-27,Tacoma,42680.57,5.61,Completed
448580,5,2019-11-28,Sienna,43017.55,5.34,Completed
448581,8,2019-11-23,Tundra,50324.8,5.84,Completed
448582,2,2019-11-19,Tacoma,28084.96,4.0,Completed
448583,12,2019-11-22,RAV4,42850.06,5.65,Completed
448584,11,2019-11-05,Sienna,32815.9,4.16,Completed
448585,13,2019-11-07,Tundra,49840.58,5.61,Completed
448586,12,2019-11-05,Highlander,55139.41,5.65,Completed
448587,20,2019-11-04,Tacoma,40643.68,5.77,Completed
448588,16,2019-11-25,Corolla,25645.02,6.06,Completed
448589,7,2019-11-25,Tundra,51291.28,5.39,Completed
448590,6,2019-11-01,Prius,21487.13,3.86,Completed
448591,16,2019-11-14,Corolla,28287.49,6.06,Completed
448592,7,2019-11-01,Highlander,63073.51,5.39,Completed
448593,15,2019-11-16,RAV4,44692.56,4.86,Completed
448594,8,2019-11-04,Corolla,29065.58,5.84,Completed
448595,11,2019-11-18,Prius,22850.56,4.16,Cancelled
448596,1,2019-11-11,Highlander,55711.28,5.24,Completed
448597,17,2019-11-29,Corolla,20691.34,4.51,Completed
448598,15,2019-11-04,Corolla,26439.06,4.86,Completed
448599,6,2019-11-15,Sienna,36960.51,3.86,Completed
448600,11,2019-11-21,Camry,25238.34,4.16,Completed
448601,16,2019-11-29,Camry,35792.3,6.06,Completed
448602,19,2019-11-28,Sienna,39211.96,5.48,Completed
448603,16,2019-11-17,Corolla,27858.8,6.06,Completed
448604,13,2019-11-07,Camry,39454.0,5.61,Completed
448605,14,2019-11-08,Camry,37301.44,5.1,Completed
448606,17,2019-11-08,Camry,24609.54,4.51,Completed
448607,4,2019-11-14,RAV4,32763.31,3.81,Completed
448608,15,2019-11-23,Corolla,29563.93,4.86,Completed
448609,17,2019-11-08,Highlander,45806.61,4.51,Completed
448610,9,2019-11-03,Tacoma,28383.67,4.4,Completed
448611,10,2019-11-16,Prius,24297.54,4.88,Completed
448612,14,2019-11-10,Tundra,50312.98,5.1,Completed
448613,16,2019-11-18,Highlander,67109.07,6.06,Completed
448614,5,2019-11-08,Sienna,43950.98,5.34,Completed
448615,5,2019-11-20,Prius,28664.36,5.34,Completed
448616,10,2019-11-21,RAV4,35665.14,4.88,Completed
448617,13,2019-11-28,Highlander,57601.1,5.61,Completed
448618,5,2019-11-10,RAV4,33302.09,5.34,Completed
448619,12,2019-11-27,Tundra,48798.27,5.65,Completed
448620,1,2019-11-13,Tundra,41560.06,5.24,Completed
448621,4,2019-11-24,Tacoma,30519.61,3.81,Completed
448622,8,2019-11-24,RAV4,41472.38,5.84,Completed
448623,12,2019-11-17,Prius,29300.51,5.65,Completed
448624,18,2019-11-07,Camry,38346.99,5.68,Completed
448625,4,2019-11-18,Camry,24781.26,3.81,Completed
448626,14,2019-11-02,Tacoma,37096.37,5.1,Completed
448627,5,2019-11-25,Sienna,41188.93,5.34,Completed
448628,10,2019-11-05,RAV4,34527.95,4.88,Completed
448629,12,2019-11-20,Tundra,49363.72,5.65,Completed
448630,2,2019-11-04,RAV4,30155.71,4.0,Completed
448631,19,2019-11-23,Corolla,23185.04,5.48,Completed
448632,2,2019-11-28,Tundra,36773.52,4.0,Completed
448633,4,2019-11-25,Tacoma,29732.69,3.81,Completed
448634,13,2019-11-17,Camry,39737.71,5.61,Completed
448635,13,2019-11-18,Corolla,28955.75,5.61,Completed
448636,17,2019-11-18,RAV4,29654.53,4.51,Completed
448637,2,2019-11-12,Highlander,46257.18,4.0,Completed
448638,9,2019-11-02,Highlander,41494.16,4.4,Completed
448639,2,2019-11-17,Corolla,21333.93,4.0,Completed
448640,17,2019-11-30,Prius,23222.43,4.51,Completed
448641,12,2019-11-12,RAV4,40696.13,5.65,Completed
448642,9,2019-11-09,Tacoma,31141.89,4.4,Completed
448643,18,2019-11-07,Highlander,70326.76,5.68,Completed
448644,4,2019-11-12,Tacoma,25381.08,3.81,Completed
448645,19,2019-11-08,Highlander,57632.18,5.48,Completed
448646,4,2019-11-10,RAV4,32356.0,3.81,Completed
448647,3,2019-11-28,Tundra,46998.03,5.69,Completed
448648,17,2019-11-02,Highlander,41956.81,4.51,Completed
448649,10,2019-11-20,Corolla,21308.97,4.88,Completed
448650,3,2019-11-27,Prius,33624.07,5.69,Completed
448651,14,2019-11-26,RAV4,44777.93,5.1,Completed
448652,10,2019-11-16,Sienna,38436.24,4.88,Completed
448653,17,2019-11-06,Corolla,18779.37,4.51,Completed
448654,5,2019-11-12,Prius,28130.22,5.34,Completed
448655,12,2019-11-01,Sienna,46784.7,5.65,Completed
448656,10,2019-11-03,Corolla,18929.36,4.88,Completed
448657,5,2019-11-28,Prius,27517.59,5.34,Completed
448658,15,2019-11-01,Camry,39992.44,4.86,Completed
448659,16,2019-11-11,Highlander,63168.56,6.06,Completed
448660,16,2019-11-23,Tacoma,40634.72,6.06,Completed
448661,2,2019-11-12,Highlander,49686.88,4.0,Completed
448662,9,2019-11-20,RAV4,31162.82,4.4,Completed
448663,13,2019-11-09,Highlander,63404.54,5.61,Completed
448664,6,2019-11-26,Camry,24933.64,3.86,Pending
448665,19,2019-11-05,Tundra,44874.2,5.48,Completed
448666,15,2019-11-14,Corolla,24676.72,4.86,Completed
448667,7,2019-11-17,RAV4,47933.68,5.39,Completed
448668,19,2019-11-27,Highlander,56762.8,5.48,Completed
448669,8,2019-11-04,Sienna,43008.21,5.84,Completed
448670,13,2019-11-24,Tacoma,43665.59,5.61,Completed
448671,11,2019-11-10,Sienna,37206.46,4.16,Completed
448672,7,2019-11-04,Prius,33257.85,5.39,Completed
448673,1,2019-11-13,Sienna,38659.91,5.24,Completed
448674,3,2019-11-12,Sienna,46340.24,5.69,Completed
448675,19,2019-11-13,Camry,29438.02,5.48,Completed
448676,5,2019-11-14,Tacoma,34088.06,5.34,Completed
448677,15,2019-11-13,Sienna,42564.32,4.86,Completed
448678,2,2019-11-21,Tacoma,32009.71,4.0,Completed
448679,19,2019-11-07,Tundra,39420.44,5.48,Cancelled
448680,4,2019-11-20,Tundra,33132.61,3.81,Completed
448681,10,2019-11-04,Tacoma,28452.89,4.88,Completed
448682,12,2019-11-20,RAV4,47157.32,5.65,Cancelled
448683,14,2019-11-14,Highlander,60258.47,5.1,Completed
448684,4,2019-11-26,Tacoma,25857.1,3.81,Completed
448685,11,2019-11-27,RAV4,29432.45,4.16,Completed
448686,4,2019-11-17,Corolla,18425.79,3.81,Completed
448687,5,2019-11-23,Corolla,22184.52,5.34,Completed
448688,17,2019-11-17,Prius,22052.65,4.51,Completed
448689,9,2019-11-25,Corolla,18624.07,4.4,Completed
448690,18,2019-11-27,Camry,41737.03,5.68,Completed
448691,12,2019-11-11,Sienna,50161.6,5.65,Completed
448692,20,2019-11-26,Camry,34659.25,5.77,Completed
448693,6,2019-11-06,Sienna,33762.44,3.86,Completed
448694,10,2019-11-12,Camry,29334.79,4.88,Completed
448695,13,2019-11-21,Highlander,67227.04,5.61,Completed
448696,12,2019-11-17,Prius,29097.78,5.65,Completed
448697,7,2019-11-07,RAV4,44716.87,5.39,Completed
448698,10,2019-11-16,Tundra,37145.4,4.88,Completed
448699,3,2019-11-17,Highlander,58743.21,5.69,Completed
448700,14,2019-11-03,RAV4,45425.09,5.1,Completed
448701,16,2019-11-16,Tacoma,39891.97,6.06,Completed
448702,2,2019-11-23,Sienna,37299.17,4.0,Completed
448703,14,2019-11-23,RAV4,38686.79,5.1,Completed
448704,11,2019-11-25,Highlander,47984.61,4.16,Completed
448705,5,2019-11-15,RAV4,34629.44,5.34,Completed
448706,1,2019-11-06,Sienna,42002.6,5.24,Completed
448707,9,2019-11-10,RAV4,28656.52,4.4,Completed
448708,16,2019-11-30,Highlander,64045.63,6.06,Completed
448709,12,2019-11-25,Corolla,27485.56,5.65,Completed
448710,5,2019-11-09,Sienna,43173.21,5.34,Completed
448711,16,2019-11-10,Tacoma,40288.77,6.06,Completed
448712,5,2019-11-30,Prius,25879.64,5.34,Completed
448713,17,2019-11-12,Highlander,46530.06,4.51,Completed
448714,18,2019-11-25,Camry,39239.39,5.68,Pending
448715,19,2019-11-17,Tacoma,35982.98,5.48,Completed
448716,12,2019-11-03,Prius,33387.83,5.65,Completed
448717,6,2019-11-15,Prius,23566.17,3.86,Completed
448718,8,2019-11-23,Highlander,65902.68,5.84,Completed
448719,18,2019-11-12,Sienna,52716.71,5.68,Completed
448720,18,2019-11-23,Camry,43457.92,5.68,Completed
448721,8,2019-11-21,Tacoma,38448.78,5.84,Completed
448722,9,2019-11-11,Corolla,18064.07,4.4,Completed
448723,17,2019-11-26,Camry,25912.66,4.51,Completed
448724,10,2019-11-13,Corolla,22219.17,4.88,Completed
448725,5,2019-11-20,Prius,28110.82,5.34,Completed
448726,20,2019-11-14,Prius,31871.96,5.77,Completed
448727,6,2019-11-26,Camry,26486.16,3.86,Completed
448728,18,2019-11-06,Tacoma,39930.46,5.68,Completed
448729,19,2019-11-21,Highlander,52085.42,5.48,Completed
448730,9,2019-11-18,Tacoma,28570.11,4.4,Completed
448731,13,2019-11-26,Corolla,31227.61,5.61,Completed
448732,1,2019-11-27,Highlander,50759.06,5.24,Completed
448733,8,2019-11-13,Sienna,47233.82,5.84,Pending
448734,2,2019-11-15,Sienna,39150.9,4.0,Completed
448735,14,2019-11-29,Sienna,41641.17,5.1,Completed
448736,15,2019-11-22,Sienna,50049.23,4.86,Completed
448737,8,2019-11-12,Sienna,46913.47,5.84,Completed
448738,14,2019-11-18,Tundra,45414.86,5.1,Completed
448739,1,2019-11-23,Sienna,38745.04,5.24,Completed
448740,16,2019-11-20,Tundra,44986.92,6.06,Completed
448741,11,2019-11-01,Camry,28814.31,4.16,Completed
448742,8,2019-11-22,Corolla,25497.03,5.84,Completed
448743,18,2019-11-14,Sienna,46403.5,5.68,Completed
448744,3,2019-11-25,Camry,39734.96,5.69,Completed
448745,10,2019-11-18,Tundra,32655.9,4.88,Completed
448746,15,2019-11-13,Corolla,29389.3,4.86,Completed
448747,13,2019-11-09,Tundra,48556.83,5.61,Completed
448748,10,2019-11-17,Sienna,33938.78,4.88,Completed
448749,7,2019-11-01,Corolla,26488.22,5.39,Completed
448750,10,2019-11-25,Tacoma,27215.75,4.88,Completed
448751,13,2019-11-12,Sienna,51459.68,5.61,Completed
448752,18,2019-11-15,Corolla,30598.12,5.68,Completed
448753,3,2019-11-03,Sienna,53592.67,5.69,Completed
448754,11,2019-11-29,Tundra,34387.22,4.16,Completed
448755,9,2019-11-17,Camry,29245.09,4.4,Completed
448756,6,2019-11-07,Tacoma,28908.9,3.86,Completed
448757,2,2019-11-17,RAV4,34223.35,4.0,Completed
448758,8,2019-11-24,RAV4,45073.91,5.84,Completed
448759,13,2019-11-27,RAV4,49130.65,5.61,Pending
448760,20,2019-11-15,Tundra,46177.13,5.77,Completed
448761,3,2019-11-09,Corolla,27078.98,5.69,Completed
448762,19,2019-11-03,Tundra,40144.17,5.48,Completed
448763,1,2019-11-28,Sienna,39969.74,5.24,Completed
448764,16,2019-11-15,Tacoma,40198.01,6.06,Completed
448765,13,2019-11-15,Tacoma,42481.2,5.61,Completed
448766,4,2019-11-15,Highlander,44894.22,3.81,Completed
448767,19,2019-11-23,RAV4,35147.4,5.48,Completed
448768,9,2019-11-25,Prius,23008.26,4.4,Completed
448769,7,2019-11-24,Tacoma,41091.09,5.39,Completed
448770,12,2019-11-28,Prius,32270.52,5.65,Completed
448771,20,2019-11-15,Sienna,48003.02,5.77,Completed
448772,9,2019-11-02,Highlander,40685.66,4.4,Completed
448773,1,2019-11-07,Highlander,54450.11,5.24,Completed
448774,17,2019-11-20,RAV4,28492.39,4.51,Completed
448775,10,2019-11-08,Tacoma,29821.91,4.88,Completed
448776,10,2019-11-25,Corolla,20491.79,4.88,Completed
448777,1,2019-11-11,Camry,32411.58,5.24,Completed
448778,11,2019-11-30,Sienna,33899.51,4.16,Completed
448779,8,2019-11-04,Corolla,26771.2,5.84,Completed
448780,9,2019-11-14,Prius,23510.1,4.4,Completed
448781,14,2019-11-19,Camry,32949.21,5.1,Completed
448782,7,2019-11-20,RAV4,42050.86,5.39,Completed
448783,5,2019-11-09,Sienna,41381.8,5.34,Completed
448784,19,2019-11-15,RAV4,36367.37,5.48,Completed
448785,19,2019-11-15,Tacoma,37501.96,5.48,Completed
448786,2,2019-11-13,Corolla,19308.68,4.0,Completed
448787,6,2019-11-22,Tacoma,25960.76,3.86,Completed
448788,18,2019-11-11,RAV4,51599.39,5.68,Completed
448789,16,2019-11-27,Highlander,61549.07,6.06,Completed
448790,14,2019-11-28,Prius,30784.23,5.1,Completed
448791,20,2019-11-12,Corolla,28999.43,5.77,Completed
448792,8,2019-11-09,Prius,32465.74,5.84,Completed
448793,6,2019-11-11,Tundra,32385.24,3.86,Cancelled
448794,15,2019-11-12,Tundra,43200.14,4.86,Completed
448795,14,2019-11-19,Sienna,41243.14,5.1,Completed
448796,13,2019-11-08,Prius,30553.67,5.61,Completed
448797,1,2019-11-26,Tundra,39702.7,5.24,Completed
448798,4,2019-11-08,Tacoma,27411.56,3.81,Completed
448799,5,2019-11-01,Corolla,22240.67,5.34,Completed
448800,19,2019-11-10,RAV4,38281.76,5.48,Completed
448801,13,2019-11-03,Corolla,30985.59,5.61,Completed
448802,1,2019-11-22,Sienna,38789.37,5.24,Completed
448803,14,2019-11-25,Highlander,55130.17,5.1,Completed
448804,18,2019-11-21,Corolla,28765.61,5.68,Completed
448805,8,2019-11-30,Camry,39174.86,5.84,Completed
448806,16,2019-11-25,Tacoma,38207.83,6.06,Completed
448807,14,2019-11-17,Corolla,27918.26,5.1,Completed
448808,8,2019-11-18,RAV4,42104.34,5.84,Completed
448809,15,2019-11-07,Tundra,42685.19,4.86,Completed
448810,18,2019-11-15,Prius,36248.58,5.68,Completed
448811,10,2019-11-29,Tacoma,27928.56,4.88,Completed
448812,15,2019-11-12,Sienna,47890.73,4.86,Completed
448813,14,2019-11-26,Camry,32977.94,5.1,Completed
448814,8,2019-11-27,Prius,33068.29,5.84,Completed
448815,8,2019-11-27,Highlander,56339.59,5.84,Completed
448816,8,2019-11-02,Sienna,50704.91,5.84,Completed
448817,9,2019-11-09,Tacoma,31296.67,4.4,Completed
448818,2,2019-11-07,Tacoma,33665.94,4.0,Completed
448819,1,2019-11-19,Prius,25518.87,5.24,Completed
448820,8,2019-11-26,Prius,31851.71,5.84,Completed
448821,19,2019-11-17,Tundra,45338.18,5.48,Completed
448822,8,2019-11-27,Sienna,47511.37,5.84,Completed
448823,6,2019-11-22,RAV4,30489.33,3.86,Completed
448824,1,2019-11-05,Tundra,40851.74,5.24,Completed
448825,13,2019-11-08,Tacoma,43128.69,5.61,Completed
448826,17,2019-11-20,Highlander,41959.64,4.51,Completed
448827,8,2019-11-23,Tundra,49880.42,5.84,Completed
448828,5,2019-11-14,Tacoma,34329.17,5.34,Completed
448829,3,2019-11-24,Highlander,61082.32,5.69,Completed
448830,4,2019-11-11,Sienna,30531.22,3.81,Completed
448831,10,2019-11-02,RAV4,33282.13,4.88,Completed
448832,7,2019-11-10,Tacoma,39693.66,5.39,Pending
448833,3,2019-11-04,Tundra,49337.41,5.69,Completed
448834,8,2019-11-04,Tacoma,39431.67,5.84,Completed
448835,11,2019-11-08,Prius,23336.16,4.16,Completed
448836,2,2019-11-03,Highlander,47248.84,4.0,Completed
448837,18,2019-11-02,Highlander,63522.4,5.68,Completed
448838,19,2019-11-24,Camry,35059.85,5.48,Completed
448839,8,2019-11-06,Corolla,25103.38,5.84,Pending
448840,20,2019-11-25,Corolla,29122.75,5.77,Completed
448841,12,2019-11-16,Highlander,58895.25,5.65,Completed
448842,10,2019-11-28,Tacoma,30534.5,4.88,Completed
448843,3,2019-11-22,Highlander,65080.38,5.69,Completed
448844,2,2019-11-14,Camry,27665.68,4.0,Completed
448845,3,2019-11-11,Tacoma,41366.25,5.69,Completed
448846,2,2019-11-25,Sienna,36138.7,4.0,Completed
448847,19,2019-11-12,Prius,28915.29,5.48,Completed
448848,9,2019-11-04,Highlander,42204.75,4.4,Completed
448849,15,2019-11-23,Tacoma,36225.43,4.86,Pending
448850,2,2019-11-09,Highlander,50767.65,4.0,Completed
448851,20,2019-11-21,Prius,29523.0,5.77,Completed
448852,7,2019-11-26,Highlander,59083.67,5.39,Completed
448853,1,2019-11-10,Tacoma,31393.63,5.24,Completed
448854,7,2019-11-29,Prius,29478.88,5.39,Completed
448855,19,2019-11-04,Tacoma,35833.11,5.48,Completed
448856,16,2019-11-06,Sienna,52229.06,6.06,Completed
448857,14,2019-11-23,Sienna,42832.98,5.1,Completed
448858,20,2019-11-21,Highlander,62872.95,5.77,Completed
448859,20,2019-11-12,Sienna,47725.59,5.77,Completed
448860,17,2019-11-29,Sienna,31195.4,4.51,Completed
448861,10,2019-11-13,Tacoma,28275.75,4.88,Completed
448862,14,2019-11-20,RAV4,38338.91,5.1,Completed
448863,12,2019-11-03,RAV4,44152.45,5.65,Completed
448864,9,2019-11-11,Highlander,40044.74,4.4,Completed
448865,12,2019-11-12,Highlander,62583.53,5.65,Completed
448866,18,2019-11-20,RAV4,42347.32,5.68,Completed
448867,14,2019-11-10,Tacoma,40029.58,5.1,Completed
448868,11,2019-11-05,Tacoma,32046.84,4.16,Completed
448869,7,2019-11-15,Tacoma,42102.95,5.39,Completed
448870,11,2019-11-01,Corolla,18075.78,4.16,Completed
448871,3,2019-11-19,Sienna,47006.47,5.69,Completed
448872,4,2019-11-07,Camry,27140.59,3.81,Completed
448873,4,2019-11-25,Sienna,35336.06,3.81,Pending
448874,6,2019-11-20,Tacoma,30436.25,3.86,Completed
448875,9,2019-11-13,Highlander,47168.54,4.4,Completed
448876,8,2019-11-01,Prius,31932.7,5.84,Completed
448877,1,2019-11-17,Corolla,23160.04,5.24,Completed
448878,20,2019-11-25,Tacoma,41798.35,5.77,Completed
448879,1,2019-11-25,Sienna,38018.07,5.24,Completed
448880,20,2019-11-03,Camry,37642.19,5.77,Completed
448881,20,2019-11-23,Tundra,44229.96,5.77,Completed
448882,17,2019-11-27,Camry,25234.66,4.51,Pending
448883,14,2019-11-02,Tundra,44170.64,5.1,Completed
448884,12,2019-11-21,Corolla,28002.37,5.65,Completed
448885,8,2019-11-07,Camry,40242.21,5.84,Pending
448886,15,2019-11-05,Tacoma,38173.54,4.86,Completed
448887,16,2019-11-12,Tacoma,40733.05,6.06,Completed
448888,4,2019-11-09,Tacoma,29654.3,3.81,Completed
448889,5,2019-11-15,Camry,28804.18,5.34,Completed
448890,9,2019-11-23,Camry,26749.0,4.4,Pending
448891,8,2019-11-18,Tundra,44848.75,5.84,Completed
448892,19,2019-11-23,RAV4,37719.52,5.48,Completed
448893,7,2019-11-10,Camry,38216.06,5.39,Completed
448894,10,2019-11-13,Corolla,21617.75,4.88,Completed
448895,8,2019-11-06,Prius,28802.42,5.84,Completed
448896,10,2019-11-08,Tundra,33220.05,4.88,Completed
448897,14,2019-11-20,Tacoma,40228.82,5.1,Completed
448898,4,2019-11-25,Prius,21932.73,3.81,Completed
448899,10,2019-11-19,Highlander,42701.43,4.88,Completed
448900,12,2019-11-04,Tundra,43690.87,5.65,Completed
448901,8,2019-11-25,Corolla,26410.11,5.84,Completed
448902,16,2019-11-30,Tacoma,37955.49,6.06,Completed
448903,4,2019-11-07,RAV4,32833.78,3.81,Pending
448904,5,2019-11-04,RAV4,37034.16,5.34,Completed
448905,1,2019-11-28,Camry,29627.94,5.24,Completed
448906,3,2019-11-30,Corolla,25974.65,5.69,Pending
448907,12,2019-11-24,Highlander,60187.42,5.65,Completed
448908,3,2019-11-22,Tundra,49770.38,5.69,Completed
448909,12,2019-11-30,Tacoma,40610.02,5.65,Completed
448910,15,2019-11-30,Highlander,54462.64,4.86,Completed
448911,5,2019-11-15,Tundra,39398.0,5.34,Completed
448912,15,2019-11-04,Prius,31810.29,4.86,Completed
448913,11,2019-11-07,Tacoma,28330.5,4.16,Completed
448914,5,2019-11-07,Corolla,23344.04,5.34,Completed
448915,16,2019-11-20,Highlander,65890.09,6.06,Completed
448916,16,2019-11-09,Highlander,60524.81,6.06,Completed
448917,11,2019-11-08,Sienna,34178.25,4.16,Completed
448918,20,2019-11-13,Camry,34227.71,5.77,Completed
448919,16,2019-11-01,Corolla,25342.59,6.06,Completed
448920,11,2019-11-20,Tacoma,26751.83,4.16,Completed
448921,17,2019-11-22,Tacoma,27363.29,4.51,Completed
448922,19,2019-11-27,Tundra,44987.87,5.48,Completed
448923,11,2019-11-19,Sienna,35517.93,4.16,Completed
448924,9,2019-11-14,RAV4,34497.27,4.4,Completed
448925,11,2019-11-29,Sienna,36766.62,4.16,Completed
448926,3,2019-11-11,Highlander,68405.11,5.69,Completed
448927,3,2019-11-28,Sienna,47310.84,5.69,Completed
448928,16,2019-11-25,Prius,34246.73,6.06,Completed
448929,5,2019-11-08,Prius,28541.46,5.34,Completed
448930,2,2019-11-15,Camry,29130.67,4.0,Completed
448931,17,2019-11-28,RAV4,32080.53,4.51,Completed
448932,6,2019-11-21,Corolla,21116.9,3.86,Completed
448933,4,2019-11-04,Highlander,43952.06,3.81,Completed
448934,6,2019-11-27,Tundra,33846.14,3.86,Completed
448935,16,2019-11-30,Sienna,45834.65,6.06,Completed
448936,12,2019-11-07,Prius,33434.25,5.65,Completed
448937,1,2019-11-02,Prius,24429.08,5.24,Completed
448938,20,2019-11-06,Sienna,45804.26,5.77,Completed
448939,12,2019-11-09,Sienna,48600.29,5.65,Completed
448940,2,2019-11-30,Sienna,38873.04,4.0,Completed
448941,19,2019-11-03,Tacoma,35069.56,5.48,Completed
448942,11,2019-11-16,Tacoma,29738.97,4.16,Completed
448943,13,2019-11-20,Prius,34665.92,5.61,Completed
448944,8,2019-11-04,Highlander,56350.55,5.84,Completed
448945,8,2019-11-18,Highlander,55592.25,5.84,Completed
448946,3,2019-11-14,Camry,35838.26,5.69,Completed
448947,19,2019-11-02,Camry,32198.21,5.48,Pending
448948,19,2019-11-24,Tacoma,33113.01,5.48,Completed
448949,13,2019-11-06,RAV4,41589.92,5.61,Completed
448950,20,2019-11-19,Camry,34693.12,5.77,Completed
448951,16,2019-11-17,Camry,37777.57,6.06,Completed
448952,20,2019-11-27,Tundra,50206.48,5.77,Cancelled
448953,16,2019-11-19,Prius,28908.53,6.06,Completed
448954,14,2019-11-29,Sienna,48776.31,5.1,Completed
448955,14,2019-11-18,RAV4,39967.53,5.1,Pending
448956,18,2019-11-23,Camry,36544.57,5.68,Completed
448957,12,2019-11-28,Tacoma,43529.28,5.65,Completed
448958,14,2019-11-13,Corolla,27136.83,5.1,Completed
448959,11,2019-11-17,Prius,22181.15,4.16,Completed
448960,12,2019-11-06,Sienna,45798.02,5.65,Completed
448961,15,2019-11-28,Camry,35892.55,4.86,Completed
448962,6,2019-11-19,Tundra,34750.95,3.86,Completed
448963,6,2019-11-27,RAV4,30934.8,3.86,Completed
448964,1,2019-11-21,RAV4,38196.1,5.24,Completed
448965,9,2019-11-18,Highlander,44520.04,4.4,Completed
448966,2,2019-11-16,Prius,25451.53,4.0,Completed
448967,11,2019-11-16,RAV4,30930.28,4.16,Completed
448968,12,2019-11-06,Tacoma,37607.71,5.65,Completed
448969,9,2019-11-17,Prius,20679.92,4.4,Completed
448970,4,2019-11-16,Highlander,43882.72,3.81,Completed
448971,14,2019-11-29,Highlander,54188.25,5.1,Completed
448972,5,2019-11-12,RAV4,35403.09,5.34,Completed
448973,17,2019-11-10,RAV4,30151.03,4.51,Completed
448974,6,2019-11-21,Tacoma,31370.64,3.86,Completed
448975,10,2019-11-19,Highlander,49110.17,4.88,Completed
448976,8,2019-11-08,Camry,34629.95,5.84,Completed
448977,15,2019-11-04,Camry,34003.33,4.86,Completed
448978,15,2019-11-22,Camry,37121.19,4.86,Completed
448979,20,2019-11-27,Tundra,43459.24,5.77,Completed
448980,17,2019-11-13,Tacoma,29966.61,4.51,Completed
448981,5,2019-11-19,Prius,28706.25,5.34,Completed
448982,9,2019-11-16,Prius,23302.82,4.4,Completed
448983,5,2019-11-29,Sienna,42922.29,5.34,Completed
448984,12,2019-11-07,Sienna,46012.91,5.65,Completed
448985,20,2019-11-29,Camry,34607.31,5.77,Completed
448986,11,2019-11-09,Tundra,34942.38,4.16,Completed
448987,10,2019-11-01,Prius,23500.0,4.88,Completed
448988,19,2019-11-14,Tacoma,38318.01,5.48,Pending
448989,6,2019-11-19,Camry,28042.98,3.86,Completed
448990,14,2019-11-22,Tundra,48383.22,5.1,Completed
448991,13,2019-11-04,Camry,35195.26,5.61,Completed
448992,10,2019-11-11,Tacoma,29218.86,4.88,Completed
448993,7,2019-11-18,Sienna,51248.21,5.39,Completed
448994,6,2019-11-22,Highlander,41730.27,3.86,Completed
448995,14,2019-11-16,Tundra,49831.37,5.1,Completed
448996,6,2019-11-19,Tacoma,29311.65,3.86,Completed
448997,3,2019-11-18,Tundra,49528.93,5.69,Completed
448998,7,2019-11-30,Highlander,64348.65,5.39,Completed
448999,3,2019-11-05,Tacoma,41174.74,5.69,Completed
449000,5,2019-11-13,Corolla,25057.98,5.34,Completed
449001,16,2019-11-08,Tacoma,43259.59,6.06,Completed
449002,8,2019-11-07,Tacoma,38687.71,5.84,Completed
449003,1,2019-11-18,Sienna,40525.15,5.24,Completed
449004,5,2019-11-02,Tacoma,31645.08,5.34,Completed
449005,8,2019-11-27,RAV4,45488.15,5.84,Completed
449006,8,2019-11-16,RAV4,45058.69,5.84,Completed
449007,8,2019-11-24,Sienna,51985.53,5.84,Cancelled
449008,12,2019-11-16,Corolla,24672.97,5.65,Cancelled
449009,2,2019-11-20,Tacoma,32254.94,4.0,Completed
449010,6,2019-11-25,Tacoma,26951.73,3.86,Completed
449011,16,2019-11-16,Sienna,52583.18,6.06,Completed
449012,14,2019-11-15,Sienna,46465.91,5.1,Completed
449013,6,2019-11-16,Highlander,44480.69,3.86,Cancelled
449014,14,2019-11-21,Highlander,61470.06,5.1,Completed
449015,15,2019-11-24,RAV4,40021.71,4.86,Completed
449016,20,2019-11-11,RAV4,43064.01,5.77,Completed
449017,4,2019-11-30,Tacoma,29893.91,3.81,Completed
449018,11,2019-11-12,Camry,25367.55,4.16,Completed
449019,8,2019-11-09,Sienna,48708.99,5.84,Completed
449020,16,2019-11-22,Camry,39161.71,6.06,Completed
449021,7,2019-11-01,Camry,35390.62,5.39,Completed
449022,7,2019-11-16,Prius,30981.33,5.39,Completed
449023,5,2019-11-05,Tacoma,30839.24,5.34,Completed
449024,4,2019-11-08,Prius,21213.06,3.81,Completed
449025,15,2019-11-24,Prius,29252.67,4.86,Completed
449026,3,2019-11-27,Camry,42533.9,5.69,Completed
449027,14,2019-11-03,Camry,35633.67,5.1,Completed
449028,15,2019-11-17,Corolla,26022.43,4.86,Completed
449029,18,2019-11-22,Camry,38261.74,5.68,Completed
449030,5,2019-11-24,Tundra,39549.49,5.34,Completed
449031,3,2019-11-05,Prius,29401.4,5.69,Completed
449032,14,2019-11-30,Camry,33067.49,5.1,Completed
449033,18,2019-11-24,Tundra,52084.19,5.68,Completed
449034,16,2019-11-13,Tacoma,43566.28,6.06,Completed
449035,13,2019-11-21,Camry,36686.8,5.61,Pending
449036,9,2019-11-23,Prius,24278.37,4.4,Completed
449037,2,2019-11-25,Highlander,48400.8,4.0,Completed
449038,5,2019-11-28,RAV4,36533.92,5.34,Completed
449039,11,2019-11-14,Highlander,46607.71,4.16,Completed
449040,2,2019-11-11,Highlander,42422.72,4.0,Completed
449041,14,2019-11-25,Sienna,43357.56,5.1,Completed
449042,16,2019-11-01,Corolla,26771.59,6.06,Completed
449043,15,2019-11-13,Sienna,48883.67,4.86,Completed
449044,15,2019-11-26,RAV4,39606.38,4.86,Completed
449045,14,2019-11-27,Corolla,26759.43,5.1,Completed
449046,17,2019-11-03,RAV4,33188.87,4.51,Completed
449047,13,2019-11-07,Camry,38513.16,5.61,Cancelled
449048,6,2019-11-13,Camry,27424.36,3.86,Pending
449049,19,2019-11-14,Highlander,50684.72,5.48,Completed
449050,9,2019-11-08,Highlander,45820.93,4.4,Completed
449051,3,2019-11-06,Camry,36891.32,5.69,Completed
449052,5,2019-11-16,Corolla,24038.28,5.34,Completed
449053,18,2019-11-16,Prius,32729.86,5.68,Completed
449054,4,2019-11-01,Sienna,29809.76,3.81,Cancelled
449055,6,2019-11-08,Tacoma,31378.34,3.86,Completed
449056,17,2019-11-09,Tundra,35486.17,4.51,Completed
449057,4,2019-11-19,Camry,27007.81,3.81,Completed
449058,14,2019-11-04,Sienna,42818.4,5.1,Completed
449059,16,2019-11-18,Sienna,49062.49,6.06,Completed
449060,4,2019-11-24,Corolla,20729.69,3.81,Completed
449061,20,2019-11-05,RAV4,41951.03,5.77,Completed
449062,17,2019-11-22,Sienna,36472.82,4.51,Completed
449063,9,2019-11-22,Sienna,35612.09,4.4,Pending
449064,19,2019-11-22,Tacoma,36951.26,5.48,Completed
449065,2,2019-11-24,RAV4,33785.05,4.0,Completed
449066,16,2019-11-10,Corolla,29790.24,6.06,Completed
449067,4,2019-11-19,Tundra,35916.19,3.81,Completed
449068,4,2019-11-09,Prius,21981.6,3.81,Completed
449069,16,2019-11-18,Corolla,29843.03,6.06,Completed
449070,16,2019-11-23,Camry,36072.05,6.06,Completed
449071,17,2019-11-11,Tundra,31644.34,4.51,Completed
449072,10,2019-11-05,RAV4,31113.81,4.88,Completed
449073,20,2019-11-22,Corolla,27006.0,5.77,Completed
449074,14,2019-11-18,Tundra,49662.23,5.1,Completed
449075,17,2019-11-05,Highlander,43850.44,4.51,Completed
449076,20,2019-11-06,Sienna,44865.03,5.77,Completed
449077,17,2019-11-10,RAV4,31378.94,4.51,Pending
449078,6,2019-11-08,Tundra,31721.55,3.86,Completed
449079,9,2019-11-29,Highlander,46281.07,4.4,Completed
449080,15,2019-11-29,Camry,37603.49,4.86,Completed
449081,13,2019-11-17,Highlander,60687.15,5.61,Completed
449082,9,2019-11-18,Camry,28878.49,4.4,Completed
449083,8,2019-11-28,Highlander,64166.49,5.84,Completed
449084,11,2019-11-17,Tundra,31714.28,4.16,Completed
449085,5,2019-11-10,Sienna,39946.51,5.34,Completed
449086,9,2019-11-02,Sienna,35808.77,4.4,Completed
449087,16,2019-11-17,Sienna,53076.71,6.06,Completed
449088,13,2019-11-30,Tundra,48091.49,5.61,Completed
449089,10,2019-11-28,RAV4,29658.27,4.88,Completed
449090,20,2019-11-09,RAV4,43720.96,5.77,Completed
449091,13,2019-11-11,Camry,39819.74,5.61,Completed
449092,18,2019-11-25,Prius,34325.67,5.68,Completed
449093,18,2019-11-19,Camry,39689.3,5.68,Completed
449094,18,2019-11-28,Corolla,31308.41,5.68,Completed
449095,4,2019-11-02,Tacoma,25370.45,3.81,Completed
449096,17,2019-11-11,Prius,22467.3,4.51,Completed
449097,12,2019-11-05,Highlander,63046.98,5.65,Completed
449098,10,2019-11-19,Highlander,45305.01,4.88,Completed
449099,3,2019-11-09,Prius,34159.29,5.69,Completed
449100,9,2019-11-02,Corolla,18960.17,4.4,Completed
449101,3,2019-11-06,Corolla,26704.88,5.69,Completed
449102,20,2019-11-25,Prius,29554.04,5.77,Completed
449103,1,2019-11-02,Tundra,42773.65,5.24,Completed
449104,7,2019-11-13,Sienna,46780.98,5.39,Completed
449105,6,2019-11-22,Prius,21165.92,3.86,Cancelled
449106,6,2019-11-27,Sienna,32610.85,3.86,Completed
449107,3,2019-11-08,Tundra,47161.03,5.69,Completed
449108,1,2019-11-26,Prius,25937.48,5.24,Completed
449109,4,2019-11-18,Sienna,30306.68,3.81,Completed
449110,10,2019-11-29,Highlander,49288.19,4.88,Completed
449111,16,2019-11-02,Sienna,53306.89,6.06,Completed
449112,11,2019-11-03,Sienna,37968.96,4.16,Completed
449113,14,2019-11-29,Sienna,41641.35,5.1,Completed
449114,14,2019-11-24,RAV4,40521.82,5.1,Completed
449115,20,2019-11-14,Sienna,45858.24,5.77,Cancelled
449116,19,2019-11-22,Camry,33798.63,5.48,Completed
449117,15,2019-11-05,Tundra,49834.33,4.86,Completed
449118,2,2019-11-24,Highlander,44787.91,4.0,Completed
449119,15,2019-11-30,Corolla,25913.83,4.86,Completed
449120,18,2019-11-17,Corolla,31302.77,5.68,Completed
449121,18,2019-11-21,Corolla,26703.44,5.68,Completed
449122,16,2019-11-09,Highlander,62891.67,6.06,Completed
449123,11,2019-11-19,RAV4,30120.3,4.16,Completed
449124,20,2019-11-20,Prius,30479.59,5.77,Completed
449125,17,2019-11-29,Corolla,18310.12,4.51,Completed
449126,14,2019-11-02,Sienna,47037.58,5.1,Pending
449127,12,2019-11-24,Prius,31951.37,5.65,Completed
449128,14,2019-11-11,RAV4,39386.07,5.1,Completed
449129,5,2019-11-20,Tundra,42209.36,5.34,Completed
449130,12,2019-11-20,Tundra,50659.21,5.65,Completed
449131,20,2019-11-15,Camry,39456.81,5.77,Completed
449132,20,2019-11-27,Sienna,52391.13,5.77,Completed
449133,5,2019-11-02,RAV4,37513.61,5.34,Completed
449134,2,2019-11-18,Corolla,21464.65,4.0,Completed
449135,10,2019-11-07,Prius,24589.71,4.88,Completed
449136,12,2019-11-17,RAV4,44637.92,5.65,Completed
449137,11,2019-11-09,Sienna,32832.44,4.16,Completed
449138,14,2019-11-14,RAV4,44706.02,5.1,Completed
449139,8,2019-11-11,RAV4,46962.34,5.84,Completed
449140,15,2019-11-20,RAV4,40863.08,4.86,Completed
449141,14,2019-11-08,RAV4,41597.68,5.1,Completed
449142,4,2019-11-02,Camry,26106.82,3.81,Completed
449143,13,2019-11-26,Prius,29946.72,5.61,Completed
449144,1,2019-11-11,Tacoma,34249.43,5.24,Completed
449145,17,2019-11-10,Prius,22563.16,4.51,Completed
449146,6,2019-11-22,Tacoma,30251.03,3.86,Completed
449147,2,2019-11-15,Highlander,47086.88,4.0,Pending
449148,9,2019-11-30,Corolla,20658.04,4.4,Completed
449149,14,2019-11-14,Camry,37949.09,5.1,Completed
449150,12,2019-11-01,Camry,35415.91,5.65,Completed
449151,3,2019-11-15,Highlander,65846.16,5.69,Completed
449152,15,2019-11-15,Tacoma,39128.96,4.86,Completed
449153,14,2019-11-23,Camry,33952.7,5.1,Completed
449154,17,2019-11-03,Tundra,31877.71,4.51,Completed
449155,14,2019-11-04,Sienna,47450.3,5.1,Completed
449156,5,2019-11-14,Corolla,21704.76,5.34,Completed
449157,6,2019-11-15,Prius,22211.49,3.86,Completed
449158,14,2019-11-16,Corolla,24324.15,5.1,Completed
449159,17,2019-11-23,RAV4,28430.11,4.51,Completed
449160,8,2019-11-30,Camry,40537.58,5.84,Completed
449161,10,2019-11-22,Camry,26895.97,4.88,Completed
449162,12,2019-11-03,Tundra,48117.76,5.65,Completed
449163,14,2019-11-22,Corolla,24965.65,5.1,Completed
449164,19,2019-11-15,RAV4,39247.47,5.48,Completed
449165,3,2019-11-06,Tundra,53770.5,5.69,Completed
449166,1,2019-11-05,Tundra,42068.19,5.24,Completed
449167,8,2019-11-14,Tacoma,37729.48,5.84,Completed
449168,3,2019-11-08,RAV4,48002.73,5.69,Completed
449169,7,2019-11-29,Camry,34575.26,5.39,Cancelled
449170,16,2019-11-24,Corolla,29432.99,6.06,Completed
449171,4,2019-11-10,Corolla,17358.06,3.81,Completed
449172,9,2019-11-22,Highlander,44281.64,4.4,Completed
449173,4,2019-11-17,Prius,20372.05,3.81,Completed
449174,16,2019-11-10,Camry,36649.23,6.06,Completed
449175,8,2019-11-24,Corolla,28844.58,5.84,Completed
449176,9,2019-11-18,Sienna,32453.33,4.4,Completed
449177,20,2019-11-28,Highlander,55340.55,5.77,Completed
449178,18,2019-11-11,Tacoma,44751.01,5.68,Completed
449179,12,2019-11-20,Prius,28047.68,5.65,Completed
449180,13,2019-11-22,RAV4,41589.48,5.61,Pending
449181,11,2019-11-12,Prius,22812.48,4.16,Completed
449182,16,2019-11-08,Highlander,61030.28,6.06,Completed
449183,19,2019-11-16,Camry,34434.74,5.48,Completed
449184,17,2019-11-11,Highlander,39730.58,4.51,Completed
449185,12,2019-11-11,Camry,35139.2,5.65,Completed
449186,11,2019-11-26,Highlander,44862.37,4.16,Completed
449187,4,2019-11-24,Tacoma,28025.26,3.81,Completed
449188,2,2019-11-05,Tundra,37236.74,4.0,Completed
449189,8,2019-11-12,RAV4,47747.4,5.84,Completed
449190,9,2019-11-13,Prius,23564.84,4.4,Completed
449191,18,2019-11-18,RAV4,45991.91,5.68,Completed
449192,20,2019-11-13,Tundra,48067.43,5.77,Completed
449193,20,2019-11-11,Corolla,29668.56,5.77,Completed
449194,16,2019-11-05,Tacoma,41474.36,6.06,Completed
449195,11,2019-11-27,Sienna,36334.19,4.16,Completed
449196,8,2019-11-28,Highlander,61564.18,5.84,Completed
449197,7,2019-11-14,Tacoma,41525.76,5.39,Completed
449198,20,2019-11-01,Tundra,49792.89,5.77,Completed
449199,8,2019-11-08,Tacoma,38671.73,5.84,Completed
449200,19,2019-11-29,Highlander,50035.87,5.48,Completed
449201,6,2019-11-01,RAV4,33902.58,3.86,Completed
449202,11,2019-11-23,Camry,25102.54,4.16,Completed
449203,7,2019-11-07,Tacoma,39916.77,5.39,Completed
449204,8,2019-11-07,Highlander,66757.18,5.84,Completed
449205,11,2019-11-30,Tacoma,27433.45,4.16,Completed
449206,15,2019-11-08,Corolla,27862.36,4.86,Completed
449207,12,2019-11-25,Corolla,28498.15,5.65,Completed
449208,12,2019-11-09,Sienna,45730.07,5.65,Completed
449209,20,2019-11-19,Tacoma,42019.52,5.77,Completed
449210,1,2019-11-25,Tundra,43899.99,5.24,Completed
449211,12,2019-11-21,RAV4,46942.64,5.65,Completed
449212,5,2019-11-27,Corolla,21093.97,5.34,Completed
449213,4,2019-11-17,Tundra,30256.93,3.81,Completed
449214,14,2019-11-27,Camry,36101.81,5.1,Completed
449215,18,2019-11-28,Prius,31220.07,5.68,Completed
449216,18,2019-11-08,Tundra,50035.32,5.68,Completed
449217,8,2019-11-07,RAV4,40927.28,5.84,Completed
449218,10,2019-11-24,Sienna,33085.61,4.88,Completed
449219,2,2019-11-11,Sienna,39434.59,4.0,Completed
449220,5,2019-11-10,Tundra,38830.96,5.34,Completed
449221,2,2019-11-02,Camry,27316.49,4.0,Completed
449222,12,2019-11-07,Sienna,50372.6,5.65,Completed
449223,10,2019-11-21,RAV4,35955.86,4.88,Completed
449224,3,2019-11-23,Tundra,53053.5,5.69,Completed
449225,5,2019-11-27,Prius,26208.36,5.34,Completed
449226,13,2019-11-29,RAV4,48591.82,5.61,Completed
449227,13,2019-11-22,Highlander,60272.68,5.61,Completed
449228,14,2019-11-07,Tacoma,39423.67,5.1,Completed
449229,20,2019-11-10,Tacoma,37419.81,5.77,Completed
449230,19,2019-11-18,Corolla,24561.08,5.48,Completed
449231,3,2019-11-24,Highlander,59930.1,5.69,Completed
449232,17,2019-11-09,Camry,26130.31,4.51,Completed
449233,13,2019-11-05,Camry,42762.01,5.61,Completed
449234,20,2019-11-29,RAV4,39599.59,5.77,Completed
449235,18,2019-11-03,Corolla,28518.55,5.68,Completed
449236,5,2019-11-15,Sienna,37112.17,5.34,Completed
449237,8,2019-11-07,Prius,32060.47,5.84,Completed
449238,17,2019-11-24,Corolla,20002.59,4.51,Completed
449239,18,2019-11-08,Sienna,56251.43,5.68,Completed
449240,10,2019-11-16,Camry,28118.77,4.88,Completed
449241,18,2019-11-09,RAV4,49230.86,5.68,Completed
449242,1,2019-11-05,Camry,33340.7,5.24,Completed
449243,4,2019-11-30,Camry,26989.29,3.81,Completed
449244,3,2019-11-11,RAV4,46078.51,5.69,Completed
449245,12,2019-11-05,Camry,37332.65,5.65,Completed
449246,8,2019-11-19,Tacoma,41578.66,5.84,Completed
449247,16,2019-11-08,Tacoma,41111.34,6.06,Completed
449248,4,2019-11-27,Tundra,30947.75,3.81,Completed
449249,16,2019-11-18,Camry,40236.66,6.06,Completed
449250,9,2019-11-08,Prius,22812.01,4.4,Completed
449251,4,2019-11-21,Tundra,30814.83,3.81,Completed
449252,16,2019-11-01,Camry,37939.19,6.06,Completed
449253,8,2019-11-20,Tacoma,43357.43,5.84,Completed
449254,19,2019-11-21,Tundra,41827.42,5.48,Completed
449255,1,2019-11-25,Tacoma,36992.52,5.24,Completed
449256,1,2019-11-17,Highlander,51130.8,5.24,Completed
449257,8,2019-11-04,Camry,36904.43,5.84,Completed
449258,19,2019-11-30,Tundra,44316.56,5.48,Completed
449259,5,2019-11-04,Corolla,24669.14,5.34,Completed
449260,4,2019-11-22,RAV4,31722.57,3.81,Completed
449261,14,2019-11-29,Highlander,59917.58,5.1,Completed
449262,1,2019-11-15,Sienna,42471.72,5.24,Completed
449263,10,2019-11-06,Sienna,33554.52,4.88,Completed
449264,9,2019-11-06,Camry,25096.86,4.4,Completed
449265,15,2019-11-26,Sienna,44681.97,4.86,Cancelled
449266,4,2019-11-04,RAV4,31830.88,3.81,Completed
449267,4,2019-11-15,Camry,24575.74,3.81,Completed
449268,2,2019-11-10,Highlander,47395.65,4.0,Completed
449269,7,2019-11-22,Camry,35833.71,5.39,Completed
449270,7,2019-11-18,Camry,41290.21,5.39,Completed
449271,11,2019-11-19,Highlander,42097.11,4.16,Completed
449272,17,2019-11-30,Camry,26480.65,4.51,Pending
449273,13,2019-11-14,Corolla,29059.81,5.61,Completed
449274,4,2019-11-27,Highlander,38829.6,3.81,Completed
449275,8,2019-11-30,Highlander,63411.27,5.84,Completed
449276,10,2019-11-08,Prius,23186.07,4.88,Completed
449277,13,2019-11-08,Highlander,67455.46,5.61,Completed
449278,5,2019-11-17,Camry,30425.47,5.34,Completed
449279,17,2019-11-29,RAV4,31640.19,4.51,Completed
449280,13,2019-11-14,Camry,40581.15,5.61,Completed
449281,18,2019-11-21,Tundra,52799.42,5.68,Completed
449282,7,2019-11-22,Tundra,48178.44,5.39,Completed
449283,2,2019-11-26,Highlander,50875.35,4.0,Completed
449284,18,2019-11-14,Camry,41981.56,5.68,Completed
449285,12,2019-11-08,Camry,39554.99,5.65,Completed
449286,18,2019-11-30,Corolla,29058.55,5.68,Completed
449287,18,2019-11-03,Camry,40118.36,5.68,Completed
449288,10,2019-11-29,RAV4,33300.42,4.88,Completed
449289,9,2019-11-02,Corolla,20581.8,4.4,Completed
449290,10,2019-11-06,Corolla,21714.23,4.88,Completed
449291,7,2019-11-22,Tacoma,43108.88,5.39,Completed
449292,19,2019-11-17,Tacoma,34309.17,5.48,Pending
449293,9,2019-11-24,Corolla,18251.64,4.4,Completed
449294,12,2019-11-15,Camry,33637.67,5.65,Completed
449295,17,2019-11-08,Highlander,46378.1,4.51,Completed
449296,7,2019-11-02,Corolla,30285.72,5.39,Completed
449297,16,2019-11-09,Tundra,51413.05,6.06,Completed
449298,13,2019-11-20,Sienna,50772.77,5.61,Completed
449299,18,2019-11-05,Highlander,60054.7,5.68,Completed
449300,19,2019-11-19,Sienna,41802.98,5.48,Completed
449301,9,2019-11-11,Highlander,45157.36,4.4,Completed
449302,18,2019-11-11,Tacoma,42307.64,5.68,Completed
449303,2,2019-11-13,Sienna,39842.67,4.0,Completed
449304,17,2019-11-29,Tundra,33369.09,4.51,Completed
449305,18,2019-11-11,Sienna,55014.85,5.68,Completed
449306,5,2019-11-08,Highlander,49600.84,5.34,Completed
449307,20,2019-11-13,Prius,31352.71,5.77,Completed
449308,11,2019-11-03,Tundra,34187.78,4.16,Completed
449309,11,2019-11-13,Corolla,18268.28,4.16,Pending
449310,7,2019-11-12,RAV4,42456.13,5.39,Pending
449311,12,2019-11-21,RAV4,45200.7,5.65,Completed
449312,14,2019-11-23,Tundra,50195.81,5.1,Completed
449313,17,2019-11-09,Tacoma,25868.1,4.51,Completed
449314,12,2019-11-11,Prius,31640.17,5.65,Completed
449315,15,2019-11-17,RAV4,40445.65,4.86,Completed
449316,4,2019-11-21,Corolla,17535.56,3.81,Completed
449317,13,2019-11-29,Corolla,30523.67,5.61,Completed
449318,2,2019-11-01,RAV4,32934.8,4.0,Completed
449319,3,2019-11-01,Sienna,47163.16,5.69,Completed
449320,12,2019-11-21,Camry,33276.95,5.65,Completed
449321,18,2019-11-05,Corolla,29971.13,5.68,Completed
449322,15,2019-11-24,Sienna,49869.87,4.86,Completed
449323,11,2019-11-15,Prius,21085.09,4.16,Completed
449324,19,2019-11-02,Corolla,21895.05,5.48,Completed
449325,10,2019-11-14,RAV4,34303.06,4.88,Completed
449326,13,2019-11-19,Tundra,46523.09,5.61,Completed
449327,5,2019-11-26,Prius,24003.87,5.34,Completed
449328,12,2019-11-26,Sienna,47596.61,5.65,Completed
449329,1,2019-11-07,Sienna,43583.23,5.24,Completed
449330,3,2019-11-29,Tundra,50600.88,5.69,Pending
449331,7,2019-11-11,Tacoma,44163.78,5.39,Completed
449332,7,2019-11-14,Sienna,45133.4,5.39,Completed
449333,7,2019-11-26,RAV4,44497.68,5.39,Completed
449334,10,2019-11-12,Tundra,37962.99,4.88,Completed
449335,9,2019-11-21,Tundra,32302.8,4.4,Completed
449336,1,2019-11-05,Camry,30094.21,5.24,Completed
449337,5,2019-11-18,Highlander,48684.69,5.34,Completed
449338,12,2019-11-01,Tundra,49894.56,5.65,Pending
449339,4,2019-11-02,Corolla,19066.47,3.81,Completed
449340,15,2019-11-06,Prius,31038.32,4.86,Completed
449341,19,2019-11-01,RAV4,39170.54,5.48,Completed
449342,13,2019-11-26,Highlander,64285.35,5.61,Completed
449343,16,2019-11-22,Camry,39773.88,6.06,Completed
449344,3,2019-11-20,Highlander,64777.07,5.69,Completed
449345,14,2019-11-27,Highlander,56964.35,5.1,Completed
449346,3,2019-11-15,Corolla,30173.22,5.69,Completed
449347,13,2019-11-24,Camry,41416.81,5.61,Completed
449348,5,2019-11-20,Highlander,47351.69,5.34,Completed
449349,18,2019-11-09,Prius,33152.02,5.68,Pending
449350,18,2019-11-25,RAV4,45614.96,5.68,Completed
449351,20,2019-11-30,RAV4,47150.44,5.77,Pending
449352,8,2019-11-14,RAV4,39466.48,5.84,Completed
449353,6,2019-11-23,Camry,24936.64,3.86,Completed
449354,19,2019-11-27,Tundra,45203.88,5.48,Completed
449355,20,2019-11-05,RAV4,45553.13,5.77,Pending
449356,15,2019-11-06,Corolla,25618.58,4.86,Completed
449357,4,2019-11-02,RAV4,29669.76,3.81,Pending
449358,17,2019-11-05,Sienna,33540.3,4.51,Completed
449359,19,2019-11-03,Tundra,45611.83,5.48,Completed
449360,8,2019-11-26,Tacoma,43120.47,5.84,Completed
449361,6,2019-11-28,RAV4,29201.38,3.86,Cancelled
449362,8,2019-11-25,Prius,28230.99,5.84,Completed
449363,20,2019-11-26,Camry,38435.68,5.77,Completed
449364,8,2019-11-07,Tacoma,37827.43,5.84,Completed
449365,1,2019-11-18,Tundra,40284.8,5.24,Completed
449366,13,2019-11-20,Tacoma,45364.89,5.61,Completed
449367,12,2019-11-02,Tundra,45926.93,5.65,Completed
449368,16,2019-11-19,Tacoma,40760.26,6.06,Pending
449369,1,2019-11-19,Corolla,21327.92,5.24,Completed
449370,17,2019-11-14,Corolla,18345.91,4.51,Completed
449371,19,2019-11-25,Tundra,44803.75,5.48,Completed
449372,6,2019-11-18,Highlander,39355.83,3.86,Completed
449373,3,2019-11-08,Corolla,28810.98,5.69,Completed
449374,4,2019-11-11,Camry,23276.27,3.81,Completed
449375,19,2019-11-10,Tundra,38704.41,5.48,Completed
449376,16,2019-11-01,Corolla,25804.31,6.06,Completed
449377,14,2019-11-14,Tacoma,40655.85,5.1,Completed
449378,11,2019-11-10,Highlander,47229.16,4.16,Completed
449379,10,2019-11-23,Prius,24664.68,4.88,Completed
449380,12,2019-11-27,Prius,30904.79,5.65,Completed
449381,8,2019-11-24,Highlander,64180.46,5.84,Completed
449382,18,2019-11-04,Sienna,50044.9,5.68,Completed
449383,1,2019-11-15,Camry,32360.57,5.24,Completed
449384,16,2019-11-28,Camry,38157.58,6.06,Completed
449385,12,2019-11-08,RAV4,44796.13,5.65,Pending
449386,7,2019-11-28,Prius,33224.72,5.39,Completed
449387,11,2019-11-29,Sienna,38389.35,4.16,Completed
449388,18,2019-11-09,Prius,32344.33,5.68,Completed
449389,6,2019-11-17,Tacoma,26387.98,3.86,Completed
449390,12,2019-11-19,Prius,28918.55,5.65,Cancelled
449391,7,2019-11-04,Sienna,50445.72,5.39,Completed
449392,18,2019-11-18,Camry,41423.25,5.68,Completed
449393,1,2019-11-17,Corolla,21590.7,5.24,Completed
449394,2,2019-11-19,Prius,25298.13,4.0,Completed
449395,6,2019-11-09,Tacoma,27962.0,3.86,Completed
449396,6,2019-11-19,Camry,27722.07,3.86,Completed
449397,11,2019-11-06,Camry,29530.3,4.16,Completed
449398,10,2019-11-30,Camry,28019.95,4.88,Completed
449399,15,2019-11-22,Highlander,54576.67,4.86,Completed
449400,18,2019-11-22,Tundra,47250.11,5.68,Completed
449401,2,2019-11-13,Camry,26345.36,4.0,Completed
449402,14,2019-11-25,Corolla,25775.52,5.1,Pending
449403,8,2019-11-15,Tacoma,42474.56,5.84,Completed
449404,2,2019-11-30,RAV4,35934.24,4.0,Completed
449405,3,2019-11-12,Camry,35297.22,5.69,Completed
449406,12,2019-11-29,Tacoma,38408.91,5.65,Completed
449407,20,2019-11-21,Sienna,45753.21,5.77,Completed
449408,11,2019-11-02,Tundra,31919.76,4.16,Completed
449409,5,2019-11-01,RAV4,37028.17,5.34,Completed
449410,10,2019-11-21,Corolla,21553.98,4.88,Completed
449411,1,2019-11-26,Prius,27936.13,5.24,Completed
449412,4,2019-11-24,Tundra,31020.51,3.81,Completed
449413,5,2019-11-03,Prius,26274.57,5.34,Completed
449414,14,2019-11-17,Prius,30656.26,5.1,Completed
449415,5,2019-11-25,Prius,24300.97,5.34,Completed
449416,13,2019-11-11,Sienna,50624.76,5.61,Completed
449417,3,2019-11-05,Highlander,62517.43,5.69,Completed
449418,11,2019-11-14,Camry,25359.89,4.16,Completed
449419,1,2019-11-25,Highlander,48324.36,5.24,Completed
449420,7,2019-11-02,Highlander,57080.43,5.39,Completed
449421,16,2019-11-15,Camry,37136.52,6.06,Completed
449422,9,2019-11-06,Sienna,33821.91,4.4,Completed
449423,2,2019-11-05,Highlander,50610.84,4.0,Completed
449424,12,2019-11-25,Camry,39081.15,5.65,Pending
449425,13,2019-11-15,RAV4,49254.93,5.61,Completed
449426,20,2019-11-11,Prius,32407.22,5.77,Completed
449427,17,2019-11-09,Highlander,42558.19,4.51,Completed
449428,3,2019-11-29,Tacoma,41149.47,5.69,Completed
449429,20,2019-11-15,Tundra,51749.86,5.77,Pending
449430,4,2019-11-19,Tacoma,29379.87,3.81,Pending
449431,11,2019-11-22,Camry,30001.8,4.16,Completed
449432,3,2019-11-05,Corolla,29788.35,5.69,Completed
449433,12,2019-11-06,Prius,30734.58,5.65,Completed
449434,17,2019-11-22,Tacoma,27488.59,4.51,Completed
449435,19,2019-11-20,Camry,31582.14,5.48,Completed
449436,18,2019-11-29,Camry,40913.72,5.68,Completed
449437,15,2019-11-24,Tacoma,40358.17,4.86,Completed
449438,2,2019-11-27,Prius,23768.07,4.0,Completed
449439,17,2019-11-28,Prius,22209.7,4.51,Completed
449440,20,2019-11-23,RAV4,41874.84,5.77,Completed
449441,20,2019-11-03,Corolla,28795.46,5.77,Completed
449442,16,2019-11-02,Sienna,45934.03,6.06,Completed
449443,5,2019-11-17,RAV4,38826.61,5.34,Completed
449444,2,2019-11-28,Sienna,33817.95,4.0,Completed
449445,7,2019-11-25,Tacoma,43924.02,5.39,Completed
449446,17,2019-11-24,Prius,21611.19,4.51,Completed
449447,9,2019-11-18,Prius,22695.69,4.4,Pending
449448,17,2019-11-22,Tundra,30878.81,4.51,Completed
449449,16,2019-11-24,Camry,41005.63,6.06,Completed
449450,11,2019-11-29,Tundra,31919.37,4.16,Completed
449451,15,2019-11-19,Prius,28893.47,4.86,Completed
449452,17,2019-11-11,RAV4,28530.22,4.51,Completed
449453,3,2019-11-12,Corolla,27070.49,5.69,Completed
449454,2,2019-11-02,Prius,25656.85,4.0,Completed
449455,19,2019-11-05,Tacoma,37885.44,5.48,Completed
449456,5,2019-11-25,Camry,33684.98,5.34,Cancelled
449457,7,2019-11-28,Corolla,27459.07,5.39,Completed
449458,2,2019-11-24,Sienna,34451.51,4.0,Completed
449459,6,2019-11-26,Camry,27474.67,3.86,Completed
449460,7,2019-11-16,Camry,38790.38,5.39,Completed
449461,7,2019-11-02,RAV4,43863.34,5.39,Completed
449462,17,2019-11-21,Corolla,18048.23,4.51,Completed
449463,5,2019-11-03,Sienna,44280.09,5.34,Completed
449464,1,2019-11-04,Prius,27813.6,5.24,Completed
449465,1,2019-11-11,Prius,28200.58,5.24,Completed
449466,14,2019-11-09,Sienna,43755.53,5.1,Completed
449467,18,2019-11-11,Tacoma,44448.22,5.68,Completed
449468,3,2019-11-27,Corolla,26639.07,5.69,Completed
449469,10,2019-11-26,Corolla,19359.6,4.88,Completed
449470,7,2019-11-16,Prius,33296.28,5.39,Completed
449471,7,2019-11-11,RAV4,44563.64,5.39,Completed
449472,17,2019-11-22,Camry,28668.03,4.51,Completed
449473,17,2019-11-24,Tacoma,30102.13,4.51,Completed
449474,9,2019-11-21,Camry,27377.27,4.4,Completed
449475,15,2019-11-20,Tundra,48680.58,4.86,Completed
449476,4,2019-11-01,Camry,24130.15,3.81,Completed
449477,14,2019-11-30,Tundra,49304.33,5.1,Completed
449478,17,2019-11-14,RAV4,33006.6,4.51,Completed
449479,11,2019-11-14,Tundra,37313.71,4.16,Completed
449480,3,2019-11-16,Highlander,68613.6,5.69,Completed
449481,18,2019-11-02,Highlander,68284.81,5.68,Cancelled
449482,19,2019-11-16,Sienna,38210.29,5.48,Completed
449483,4,2019-11-27,Corolla,17574.7,3.81,Completed
449484,14,2019-11-16,Highlander,62121.25,5.1,Completed
449485,19,2019-11-08,Camry,33156.38,5.48,Completed
449486,7,2019-11-10,Sienna,44114.61,5.39,Completed
449487,17,2019-11-03,Tacoma,28165.17,4.51,Completed
449488,4,2019-11-08,RAV4,27189.1,3.81,Completed
449489,17,2019-11-18,Highlander,45020.76,4.51,Completed
449490,1,2019-11-07,Sienna,42946.66,5.24,Completed
449491,16,2019-11-17,Tacoma,41092.35,6.06,Completed
449492,4,2019-11-09,Tundra,36196.55,3.81,Completed
449493,15,2019-11-09,Highlander,66012.8,4.86,Completed
449494,15,2019-11-25,Camry,39832.12,4.86,Completed
449495,15,2019-11-20,Tundra,44141.67,4.86,Completed
449496,14,2019-11-16,Tundra,42103.57,5.1,Completed
449497,15,2019-11-15,Prius,32094.78,4.86,Completed
449498,1,2019-11-26,Sienna,36981.9,5.24,Completed
449499,15,2019-11-16,Tacoma,36558.22,4.86,Cancelled
449500,15,2019-11-18,Sienna,50711.85,4.86,Completed
449501,3,2019-11-06,Corolla,30002.74,5.69,Completed
449502,8,2019-11-13,Corolla,27417.8,5.84,Completed
449503,11,2019-11-17,Sienna,35152.64,4.16,Completed
449504,18,2019-11-17,Camry,37575.25,5.68,Completed
449505,5,2019-11-15,Prius,27770.07,5.34,Completed
449506,18,2019-11-22,Corolla,30236.28,5.68,Completed
449507,15,2019-11-13,Highlander,57974.84,4.86,Completed
449508,16,2019-11-24,Corolla,26449.16,6.06,Completed
449509,14,2019-11-30,Tacoma,39643.24,5.1,Completed
449510,16,2019-11-07,Tacoma,38716.86,6.06,Completed
449511,11,2019-11-26,Sienna,35428.01,4.16,Completed
449512,16,2019-11-23,Camry,38237.55,6.06,Completed
449513,13,2019-11-16,RAV4,46723.43,5.61,Completed
449514,18,2019-11-07,Camry,41013.74,5.68,Completed
449515,16,2019-11-23,Tacoma,45387.33,6.06,Completed
449516,17,2019-11-06,Highlander,41167.37,4.51,Completed
449517,8,2019-11-17,Corolla,29513.35,5.84,Pending
449518,9,2019-11-08,Highlander,45297.9,4.4,Completed
449519,2,2019-11-18,RAV4,31911.47,4.0,Completed
449520,7,2019-11-11,Tundra,52319.55,5.39,Completed
449521,18,2019-11-19,Corolla,29660.9,5.68,Completed
449522,19,2019-11-29,Tacoma,33598.88,5.48,Completed
449523,20,2019-11-24,Highlander,57341.28,5.77,Completed
449524,8,2019-11-28,Corolla,26347.25,5.84,Completed
449525,13,2019-11-13,RAV4,44344.87,5.61,Completed
449526,5,2019-11-16,Corolla,21766.65,5.34,Completed
449527,3,2019-11-29,Prius,29670.01,5.69,Completed
449528,6,2019-11-24,Tundra,30769.21,3.86,Completed
449529,8,2019-11-09,Tundra,47623.77,5.84,Completed
449530,1,2019-11-10,Tundra,39385.8,5.24,Completed
449531,4,2019-11-17,Sienna,33812.84,3.81,Completed
449532,8,2019-11-12,Prius,32193.64,5.84,Completed
449533,9,2019-11-10,Tundra,33486.63,4.4,Completed
449534,18,2019-11-01,Tacoma,40306.21,5.68,Completed
449535,18,2019-11-27,Highlander,69295.63,5.68,Completed
449536,16,2019-11-28,Highlander,59123.02,6.06,Completed
449537,17,2019-11-29,Highlander,44618.45,4.51,Pending
449538,17,2019-11-21,Tundra,35522.79,4.51,Completed
449539,18,2019-11-04,Prius,30113.67,5.68,Pending
449540,9,2019-11-16,Sienna,31369.49,4.4,Completed
449541,13,2019-11-19,Camry,35400.38,5.61,Completed
449542,6,2019-11-01,Camry,27525.76,3.86,Completed
449543,18,2019-11-13,Highlander,59599.98,5.68,Completed
449544,4,2019-11-03,Sienna,31900.76,3.81,Completed
449545,9,2019-11-19,Sienna,36294.61,4.4,Completed
449546,13,2019-11-26,Sienna,49248.97,5.61,Completed
449547,11,2019-11-03,Highlander,46889.91,4.16,Completed
449548,2,2019-11-01,Camry,27576.23,4.0,Completed
449549,19,2019-11-01,Highlander,52001.9,5.48,Completed
449550,8,2019-11-02,Tundra,44515.43,5.84,Completed
449551,3,2019-11-13,Tacoma,42470.86,5.69,Completed
449552,2,2019-11-10,Prius,23726.33,4.0,Completed
449553,8,2019-11-05,Camry,36710.35,5.84,Completed
449554,17,2019-11-29,Tacoma,29860.7,4.51,Completed
449555,3,2019-11-23,RAV4,45793.29,5.69,Completed
449556,15,2019-11-09,Corolla,28172.19,4.86,Completed
449557,18,2019-11-21,RAV4,46408.72,5.68,Completed
449558,11,2019-11-13,Tundra,32220.19,4.16,Completed
449559,14,2019-11-21,Tacoma,40689.9,5.1,Pending
449560,20,2019-11-22,Highlander,62231.6,5.77,Completed
449561,5,2019-11-14,RAV4,37379.61,5.34,Completed
449562,5,2019-11-01,RAV4,36009.74,5.34,Completed
449563,2,2019-11-18,RAV4,31777.07,4.0,Completed
449564,9,2019-11-19,Tacoma,29982.09,4.4,Pending
449565,8,2019-11-02,Tacoma,36273.29,5.84,Completed
449566,4,2019-11-17,Highlander,43695.88,3.81,Completed
449567,5,2019-11-05,Prius,27223.33,5.34,Completed
449568,5,2019-11-01,Tacoma,33782.6,5.34,Completed
449569,1,2019-11-13,Corolla,24836.72,5.24,Completed
449570,12,2019-11-25,Sienna,43920.23,5.65,Completed
449571,17,2019-11-29,Tundra,30291.66,4.51,Completed
449572,7,2019-11-07,RAV4,48055.92,5.39,Completed
449573,19,2019-11-22,Prius,26760.46,5.48,Completed
449574,8,2019-11-18,Prius,29836.2,5.84,Completed
449575,5,2019-11-08,Prius,27908.16,5.34,Completed
449576,4,2019-11-08,Prius,21044.44,3.81,Completed
449577,5,2019-11-19,Prius,24042.96,5.34,Completed
449578,7,2019-11-23,Highlander,63274.87,5.39,Completed
449579,11,2019-11-15,Sienna,35240.24,4.16,Completed
449580,16,2019-11-08,Tacoma,44052.12,6.06,Completed
449581,1,2019-11-15,Tundra,36718.87,5.24,Completed
449582,13,2019-11-12,Camry,41604.47,5.61,Completed
449583,20,2019-11-16,Tacoma,43016.78,5.77,Completed
449584,15,2019-11-23,Tundra,50270.76,4.86,Completed
449585,18,2019-11-07,Camry,39005.64,5.68,Completed
449586,5,2019-11-17,Prius,28446.43,5.34,Completed
449587,20,2019-11-06,Highlander,61056.65,5.77,Completed
449588,12,2019-11-10,RAV4,39104.6,5.65,Completed
449589,17,2019-11-15,Sienna,32361.83,4.51,Completed
449590,6,2019-11-13,Camry,26219.25,3.86,Completed
449591,7,2019-11-02,Highlander,64776.25,5.39,Completed
449592,17,2019-11-04,Prius,22126.46,4.51,Completed
449593,4,2019-11-09,Tacoma,25484.59,3.81,Completed
449594,1,2019-11-21,Corolla,23260.69,5.24,Completed
449595,18,2019-11-27,Tacoma,42751.46,5.68,Completed
449596,7,2019-11-06,Highlander,59938.0,5.39,Completed
449597,17,2019-11-29,Tacoma,26167.25,4.51,Cancelled
449598,9,2019-11-15,RAV4,31402.05,4.4,Completed
449599,2,2019-11-14,RAV4,31161.87,4.0,Completed
449600,17,2019-11-10,Highlander,42836.34,4.51,Completed
449601,13,2019-11-23,Tundra,54746.96,5.61,Completed
449602,1,2019-11-30,Tacoma,32013.34,5.24,Completed
449603,9,2019-11-11,Tundra,35934.24,4.4,Completed
449604,10,2019-11-04,Sienna,35144.95,4.88,Completed
449605,1,2019-11-28,Camry,31448.16,5.24,Completed
449606,18,2019-11-11,Camry,36581.5,5.68,Completed
449607,9,2019-11-10,RAV4,30409.43,4.4,Completed
449608,2,2019-11-18,Prius,22264.4,4.0,Completed
449609,2,2019-11-05,Tacoma,31552.87,4.0,Completed
449610,1,2019-11-17,Tundra,39510.29,5.24,Pending
449611,16,2019-11-17,Tundra,50617.33,6.06,Completed
449612,9,2019-11-24,Camry,24491.01,4.4,Completed
449613,16,2019-11-16,Camry,38167.23,6.06,Completed
449614,3,2019-11-11,Tacoma,44203.35,5.69,Completed
449615,16,2019-11-24,RAV4,47807.88,6.06,Completed
449616,20,2019-11-24,Prius,29734.34,5.77,Completed
449617,16,2019-11-26,RAV4,40309.0,6.06,Completed
449618,5,2019-11-30,Highlander,54048.17,5.34,Completed
449619,17,2019-11-10,Prius,21411.07,4.51,Completed
449620,6,2019-11-30,Prius,21568.21,3.86,Completed
449621,7,2019-11-12,RAV4,40891.91,5.39,Pending
449622,19,2019-11-07,RAV4,35259.12,5.48,Completed
449623,6,2019-11-26,Prius,21689.53,3.86,Completed
449624,7,2019-11-03,Tundra,47264.84,5.39,Completed
449625,17,2019-11-26,Sienna,30936.86,4.51,Completed
449626,14,2019-11-06,Tacoma,35769.67,5.1,Completed
449627,12,2019-11-08,Camry,39163.4,5.65,Completed
449628,9,2019-11-16,Camry,29307.59,4.4,Completed
449629,13,2019-11-19,Highlander,59948.12,5.61,Completed
449630,19,2019-11-11,Sienna,41480.88,5.48,Completed
449631,2,2019-11-07,Tundra,37028.72,4.0,Completed
449632,17,2019-11-21,Highlander,44784.24,4.51,Completed
449633,20,2019-11-16,Sienna,43651.33,5.77,Completed
449634,19,2019-11-30,Tundra,45360.62,5.48,Completed
449635,6,2019-11-04,Tacoma,30638.2,3.86,Completed
449636,1,2019-11-08,Corolla,22299.3,5.24,Completed
449637,13,2019-11-10,Prius,32437.69,5.61,Completed
449638,16,2019-11-25,Corolla,28418.78,6.06,Completed
449639,19,2019-11-05,Tacoma,38470.57,5.48,Completed
449640,7,2019-11-22,Tacoma,39966.71,5.39,Completed
449641,13,2019-11-28,Tundra,50720.97,5.61,Completed
449642,9,2019-11-27,Camry,28024.67,4.4,Pending
449643,18,2019-11-10,Corolla,30079.62,5.68,Completed
449644,8,2019-11-23,Tacoma,44087.39,5.84,Completed
449645,17,2019-11-08,RAV4,28145.11,4.51,Completed
449646,13,2019-11-07,Camry,35960.52,5.61,Completed
449647,3,2019-11-11,RAV4,45769.43,5.69,Completed
449648,14,2019-11-16,Corolla,26249.07,5.1,Completed
449649,3,2019-11-19,Corolla,26409.53,5.69,Completed
449650,13,2019-11-11,Tundra,45042.15,5.61,Cancelled
449651,19,2019-11-05,Highlander,58142.31,5.48,Completed
449652,5,2019-11-17,RAV4,37781.41,5.34,Completed
449653,20,2019-11-19,Corolla,27804.28,5.77,Completed
449654,1,2019-11-27,Prius,24028.87,5.24,Cancelled
449655,18,2019-11-05,Camry,38872.03,5.68,Completed
449656,4,2019-11-29,Highlander,44433.14,3.81,Completed
449657,15,2019-11-22,Camry,38411.0,4.86,Pending
449658,16,2019-11-20,Highlander,58968.87,6.06,Completed
449659,13,2019-11-24,Highlander,63127.37,5.61,Completed
449660,20,2019-11-04,RAV4,45310.12,5.77,Completed
449661,8,2019-11-05,Highlander,59534.61,5.84,Completed
449662,11,2019-11-17,Sienna,35688.83,4.16,Completed
449663,9,2019-11-14,Camry,26172.64,4.4,Completed
449664,10,2019-11-02,Camry,26683.7,4.88,Completed
449665,1,2019-11-30,Tacoma,30764.58,5.24,Completed
449666,10,2019-11-27,Tacoma,29726.44,4.88,Completed
449667,15,2019-11-25,Highlander,54440.52,4.86,Completed
449668,4,2019-11-13,Sienna,34586.52,3.81,Completed
449669,14,2019-11-27,RAV4,45883.48,5.1,Completed
449670,13,2019-11-08,Highlander,60974.98,5.61,Completed
449671,4,2019-11-27,Sienna,33834.26,3.81,Completed
449672,4,2019-11-12,Prius,23330.63,3.81,Completed
449673,12,2019-11-05,Tacoma,43036.88,5.65,Completed
449674,19,2019-11-29,Corolla,22143.21,5.48,Completed
449675,7,2019-11-19,Highlander,57522.63,5.39,Completed
449676,4,2019-11-13,Tacoma,27063.28,3.81,Completed
449677,6,2019-11-09,Camry,27879.64,3.86,Completed
449678,19,2019-11-10,Camry,30244.98,5.48,Completed
449679,7,2019-11-06,Sienna,51481.96,5.39,Completed
449680,13,2019-11-12,RAV4,49315.23,5.61,Completed
449681,20,2019-11-02,Corolla,29953.11,5.77,Completed
449682,9,2019-11-26,Prius,20977.21,4.4,Completed
449683,13,2019-11-13,Prius,35493.23,5.61,Completed
449684,1,2019-11-29,Prius,27224.84,5.24,Completed
449685,8,2019-11-04,Corolla,26465.74,5.84,Completed
449686,4,2019-11-19,Camry,27757.18,3.81,Completed
449687,7,2019-11-29,Tundra,52264.72,5.39,Completed
449688,12,2019-11-08,Highlander,64362.88,5.65,Completed
449689,7,2019-11-25,Prius,34352.19,5.39,Completed
449690,11,2019-11-11,Prius,20807.32,4.16,Completed
449691,1,2019-11-27,Tacoma,31147.22,5.24,Completed
449692,17,2019-11-17,Sienna,34313.76,4.51,Completed
449693,7,2019-11-17,Highlander,57807.07,5.39,Completed
449694,14,2019-11-22,Tundra,43458.11,5.1,Completed
449695,6,2019-11-07,Corolla,20860.46,3.86,Completed
449696,13,2019-11-22,Prius,33311.9,5.61,Completed
449697,6,2019-11-22,Prius,21947.18,3.86,Completed
449698,7,2019-11-17,Tacoma,41114.68,5.39,Completed
449699,3,2019-11-19,Tundra,49992.94,5.69,Completed
449700,2,2019-11-05,Sienna,39883.67,4.0,Completed
449701,7,2019-11-07,Camry,39587.48,5.39,Completed
449702,9,2019-11-08,Tacoma,30824.51,4.4,Completed
449703,9,2019-11-22,RAV4,32530.7,4.4,Pending
449704,14,2019-11-14,Highlander,54778.19,5.1,Completed
449705,1,2019-11-12,Tundra,41647.51,5.24,Completed
449706,10,2019-11-20,Tundra,32563.87,4.88,Completed
449707,14,2019-11-08,RAV4,44726.13,5.1,Completed
449708,16,2019-11-11,Tacoma,44205.81,6.06,Completed
449709,20,2019-11-22,Sienna,45206.62,5.77,Completed
449710,4,2019-11-19,Tacoma,28449.82,3.81,Completed
449711,14,2019-11-07,Tundra,50052.52,5.1,Completed
449712,2,2019-11-20,Tacoma,30651.87,4.0,Completed
449713,6,2019-11-25,Prius,20993.85,3.86,Completed
449714,3,2019-11-01,Prius,29587.54,5.69,Completed
449715,20,2019-11-23,Sienna,45873.23,5.77,Completed
449716,19,2019-11-28,Sienna,42161.92,5.48,Completed
449717,1,2019-11-12,Camry,30266.07,5.24,Completed
449718,20,2019-11-07,RAV4,45526.2,5.77,Completed
449719,13,2019-11-07,Camry,39852.99,5.61,Completed
449720,3,2019-11-03,Camry,42637.11,5.69,Completed
449721,12,2019-11-17,Highlander,66001.21,5.65,Completed
449722,2,2019-11-01,Highlander,50124.53,4.0,Completed
449723,20,2019-11-27,Corolla,29501.49,5.77,Completed
449724,10,2019-11-15,Camry,26744.16,4.88,Completed
449725,7,2019-11-28,Camry,36899.92,5.39,Completed
449726,10,2019-11-04,Highlander,42974.16,4.88,Completed
449727,6,2019-11-06,Prius,24152.48,3.86,Completed
449728,20,2019-11-29,Highlander,61053.32,5.77,Completed
449729,13,2019-11-03,Highlander,60182.51,5.61,Completed
449730,4,2019-11-08,Camry,23523.75,3.81,Completed
449731,20,2019-11-09,RAV4,47828.62,5.77,Completed
449732,9,2019-11-04,Highlander,41314.82,4.4,Completed
449733,18,2019-11-22,Prius,30521.86,5.68,Completed
449734,9,2019-11-19,Corolla,19246.61,4.4,Completed
449735,8,2019-11-13,Tacoma,39512.42,5.84,Completed
449736,6,2019-11-10,Prius,21767.53,3.86,Completed
449737,20,2019-11-13,Tacoma,36748.4,5.77,Completed
449738,8,2019-11-20,Prius,28378.59,5.84,Completed
449739,7,2019-11-07,Tundra,48110.14,5.39,Completed
449740,14,2019-11-08,Tacoma,37675.07,5.1,Completed
449741,8,2019-11-28,Sienna,44136.2,5.84,Completed
449742,3,2019-11-23,Corolla,28186.8,5.69,Completed
449743,7,2019-11-07,Camry,36638.08,5.39,Completed
449744,17,2019-11-24,Prius,21809.02,4.51,Completed
449745,2,2019-11-07,Sienna,34864.74,4.0,Completed
449746,10,2019-11-24,Prius,22927.88,4.88,Completed
449747,2,2019-11-20,Tundra,35782.9,4.0,Completed
449748,12,2019-11-02,Highlander,66038.51,5.65,Completed
449749,16,2019-11-24,Camry,34822.79,6.06,Completed
449750,6,2019-11-05,RAV4,28763.97,3.86,Completed
449751,13,2019-11-07,Prius,31154.27,5.61,Completed
449752,15,2019-11-10,Sienna,46562.58,4.86,Completed
449753,7,2019-11-07,RAV4,48734.47,5.39,Completed
449754,6,2019-11-24,Tacoma,29305.13,3.86,Completed
449755,7,2019-11-09,Highlander,67928.28,5.39,Completed
449756,20,2019-11-28,RAV4,44475.28,5.77,Cancelled
449757,8,2019-11-21,Sienna,50549.93,5.84,Completed
449758,12,2019-11-13,Camry,39389.72,5.65,Completed
449759,9,2019-11-25,Tundra,34719.07,4.4,Completed
449760,2,2019-11-20,Prius,21400.56,4.0,Completed
449761,19,2019-11-14,Corolla,22988.81,5.48,Completed
449762,1,2019-11-05,Highlander,55570.66,5.24,Completed
449763,4,2019-11-25,Tundra,35197.35,3.81,Completed
449764,18,2019-11-19,Tacoma,43341.35,5.68,Completed
449765,7,2019-11-05,Sienna,46874.42,5.39,Completed
449766,20,2019-11-15,RAV4,46469.42,5.77,Completed
449767,15,2019-11-11,Tundra,42687.07,4.86,Completed
449768,5,2019-11-20,Tacoma,32356.9,5.34,Completed
449769,3,2019-11-06,Tundra,53103.76,5.69,Completed
449770,12,2019-11-26,Tundra,45788.61,5.65,Completed
449771,19,2019-11-26,Corolla,25456.23,5.48,Pending
449772,15,2019-11-17,RAV4,42288.42,4.86,Completed
449773,13,2019-11-17,Corolla,30990.54,5.61,Completed
449774,12,2019-11-23,Tacoma,36820.66,5.65,Completed
449775,12,2019-11-14,Camry,34436.91,5.65,Completed
449776,8,2019-11-13,Sienna,42993.51,5.84,Completed
449777,4,2019-11-30,Tundra,35089.65,3.81,Completed
449778,9,2019-11-16,Tacoma,29233.98,4.4,Completed
449779,15,2019-11-08,Sienna,47578.94,4.86,Completed
449780,2,2019-11-01,Tacoma,32257.64,4.0,Completed
449781,4,2019-11-09,RAV4,31343.77,3.81,Completed
449782,2,2019-11-25,Camry,30792.65,4.0,Completed
449783,18,2019-11-24,Tacoma,45469.94,5.68,Completed
449784,8,2019-11-04,RAV4,41439.09,5.84,Cancelled
449785,16,2019-11-01,Corolla,30573.42,6.06,Completed
449786,15,2019-11-04,Tacoma,41434.59,4.86,Completed
449787,4,2019-11-12,Tundra,35260.0,3.81,Completed
449788,13,2019-11-11,Highlander,65320.6,5.61,Completed
449789,5,2019-11-21,Tacoma,31580.39,5.34,Completed
449790,7,2019-11-01,RAV4,43911.27,5.39,Completed
449791,19,2019-11-28,Tacoma,37902.26,5.48,Completed
449792,8,2019-11-25,Tacoma,37329.54,5.84,Completed
449793,17,2019-11-22,Highlander,44773.86,4.51,Completed
449794,5,2019-11-29,RAV4,34896.8,5.34,Completed
449795,11,2019-11-15,Prius,22118.76,4.16,Completed
449796,20,2019-11-25,Highlander,55480.71,5.77,Completed
449797,18,2019-11-07,Tacoma,40577.82,5.68,Completed
449798,20,2019-11-18,Sienna,43720.96,5.77,Completed
449799,13,2019-11-03,Tacoma,45274.59,5.61,Cancelled
449800,13,2019-11-19,Tacoma,40537.7,5.61,Completed
449801,6,2019-11-07,Prius,21837.81,3.86,Completed
449802,1,2019-11-04,Highlander,49595.47,5.24,Completed
449803,11,2019-11-22,Tundra,37641.68,4.16,Completed
449804,8,2019-11-03,Camry,35243.84,5.84,Completed
449805,7,2019-11-04,Tundra,49084.14,5.39,Completed
449806,6,2019-11-23,Corolla,19108.1,3.86,Completed
449807,2,2019-11-26,RAV4,35029.44,4.0,Completed
449808,13,2019-11-12,Sienna,52777.53,5.61,Completed
449809,12,2019-11-15,Camry,36842.77,5.65,Completed
449810,8,2019-11-14,RAV4,42094.06,5.84,Completed
449811,1,2019-11-25,Tacoma,32482.55,5.24,Completed
449812,16,2019-11-12,Tundra,45597.92,6.06,Completed
449813,19,2019-11-03,Prius,29338.14,5.48,Completed
449814,1,2019-11-16,Highlander,46822.77,5.24,Completed
449815,3,2019-11-16,Tundra,50785.85,5.69,Completed
449816,8,2019-11-15,Corolla,26354.23,5.84,Completed
449817,16,2019-11-16,RAV4,46001.64,6.06,Completed
449818,13,2019-11-13,Tacoma,39760.57,5.61,Completed
449819,2,2019-11-13,Prius,24383.95,4.0,Completed
449820,15,2019-11-09,Camry,40086.59,4.86,Completed
449821,2,2019-11-11,Prius,25393.42,4.0,Completed
449822,14,2019-11-19,Prius,31031.38,5.1,Completed
449823,17,2019-11-29,Highlander,39489.97,4.51,Completed
449824,3,2019-11-04,Tundra,48531.52,5.69,Completed
449825,6,2019-11-30,Prius,20620.42,3.86,Completed
449826,18,2019-11-12,Tacoma,41592.76,5.68,Completed
449827,18,2019-11-05,RAV4,48369.55,5.68,Completed
449828,2,2019-11-27,RAV4,35797.69,4.0,Completed
449829,10,2019-11-01,Highlander,44466.35,4.88,Completed
449830,12,2019-11-02,Prius,30538.73,5.65,Pending
449831,14,2019-11-23,Camry,35901.14,5.1,Completed
449832,19,2019-11-24,Sienna,39157.95,5.48,Completed
449833,8,2019-11-20,Corolla,25307.27,5.84,Completed
449834,2,2019-11-11,Camry,27178.66,4.0,Pending
449835,1,2019-11-22,Tacoma,35982.55,5.24,Completed
449836,9,2019-11-12,Tacoma,29913.76,4.4,Completed
449837,8,2019-11-15,Camry,38135.27,5.84,Completed
449838,15,2019-11-09,Camry,33572.14,4.86,Cancelled
449839,2,2019-11-30,Highlander,44023.86,4.0,Completed
449840,11,2019-11-07,Camry,28627.6,4.16,Completed
449841,9,2019-11-09,Tundra,37085.53,4.4,Completed
449842,12,2019-11-16,Corolla,28770.69,5.65,Completed
449843,9,2019-11-16,Tundra,35572.15,4.4,Completed
449844,10,2019-11-29,Corolla,21240.13,4.88,Completed
449845,3,2019-11-12,Corolla,28670.31,5.69,Completed
449846,10,2019-11-17,Highlander,48629.08,4.88,Completed
449847,13,2019-11-12,Tacoma,44438.99,5.61,Completed
449848,16,2019-11-09,Tundra,48185.24,6.06,Completed
449849,4,2019-11-18,Highlander,41920.96,3.81,Completed
449850,9,2019-11-27,Camry,27735.15,4.4,Completed
449851,8,2019-11-13,Highlander,60343.53,5.84,Completed
449852,6,2019-11-11,Camry,25808.83,3.86,Completed
449853,15,2019-11-19,Sienna,51522.21,4.86,Completed
449854,14,2019-11-28,Tacoma,35718.13,5.1,Completed
449855,13,2019-11-09,Camry,35234.4,5.61,Completed
449856,14,2019-11-16,Sienna,42876.44,5.1,Completed
449857,15,2019-11-29,Highlander,60045.79,4.86,Pending
449858,19,2019-11-04,Tundra,40698.33,5.48,Completed
449859,19,2019-11-05,Camry,32892.66,5.48,Completed
449860,20,2019-11-11,Sienna,50857.01,5.77,Completed
449861,5,2019-11-28,Sienna,43127.95,5.34,Completed
449862,12,2019-11-18,Camry,34929.67,5.65,Completed
449863,12,2019-11-01,Highlander,56082.1,5.65,Completed
449864,17,2019-11-11,Sienna,36255.57,4.51,Cancelled
449865,9,2019-11-04,Camry,28131.57,4.4,Cancelled
449866,14,2019-11-05,RAV4,40039.24,5.1,Completed
449867,17,2019-11-02,Camry,25926.56,4.51,Completed
449868,14,2019-11-21,Corolla,24381.68,5.1,Completed
449869,14,2019-11-09,Tundra,45220.51,5.1,Completed
449870,8,2019-11-10,Camry,38627.7,5.84,Completed
449871,8,2019-11-18,Corolla,25411.16,5.84,Completed
449872,3,2019-11-30,Camry,34913.78,5.69,Completed
449873,1,2019-11-23,Tacoma,34266.52,5.24,Completed
449874,10,2019-11-28,Sienna,34393.89,4.88,Cancelled
449875,14,2019-11-21,Tundra,44881.31,5.1,Completed
449876,5,2019-11-29,Prius,25472.82,5.34,Completed
449877,7,2019-11-06,Corolla,26065.77,5.39,Completed
449878,12,2019-11-02,Tacoma,42064.37,5.65,Completed
449879,6,2019-11-16,Highlander,42216.28,3.86,Completed
449880,18,2019-11-22,Camry,37695.52,5.68,Completed
449881,14,2019-11-06,Corolla,25545.97,5.1,Completed
449882,2,2019-11-20,Camry,27744.17,4.0,Completed
449883,4,2019-11-24,Tundra,34469.22,3.81,Completed
449884,10,2019-11-14,Corolla,19471.71,4.88,Completed
449885,20,2019-11-03,Tundra,43967.18,5.77,Completed
449886,7,2019-11-05,RAV4,42003.44,5.39,Completed
449887,20,2019-11-05,Camry,38342.29,5.77,Completed
449888,14,2019-11-17,RAV4,40977.28,5.1,Completed
449889,2,2019-11-19,Camry,29069.47,4.0,Completed
449890,5,2019-11-12,Prius,26822.43,5.34,Completed
449891,20,2019-11-04,RAV4,46545.52,5.77,Completed
449892,13,2019-11-24,Camry,35341.68,5.61,Completed
449893,6,2019-11-07,Sienna,30513.86,3.86,Completed
449894,1,2019-11-05,Tundra,38572.45,5.24,Completed
449895,2,2019-11-16,Tacoma,31127.63,4.0,Completed
449896,8,2019-11-20,RAV4,46034.39,5.84,Completed
449897,5,2019-11-20,Highlander,53456.27,5.34,Completed
449898,2,2019-11-24,Tacoma,28195.0,4.0,Completed
449899,5,2019-11-07,Prius,27606.17,5.34,Completed
449900,12,2019-11-04,Prius,28487.59,5.65,Completed
449901,5,2019-11-16,Sienna,38364.24,5.34,Completed
449902,12,2019-11-20,Prius,28767.02,5.65,Completed
449903,11,2019-11-29,Highlander,46313.38,4.16,Completed
449904,5,2019-11-12,RAV4,35381.39,5.34,Completed
449905,5,2019-11-04,Prius,24325.75,5.34,Completed
449906,5,2019-11-05,Prius,27682.53,5.34,Completed
449907,9,2019-11-12,Camry,26466.99,4.4,Pending
449908,8,2019-11-12,Corolla,25451.98,5.84,Completed
449909,17,2019-11-06,Tacoma,28886.7,4.51,Completed
449910,17,2019-11-11,Camry,24527.21,4.51,Completed
449911,2,2019-11-03,Corolla,19518.07,4.0,Completed
449912,10,2019-11-20,Tundra,34429.16,4.88,Completed
449913,14,2019-11-13,RAV4,44927.12,5.1,Completed
449914,9,2019-11-21,Corolla,18958.85,4.4,Completed
449915,17,2019-11-15,Highlander,44496.01,4.51,Completed
449916,16,2019-11-13,Sienna,45888.32,6.06,Completed
449917,8,2019-11-26,Highlander,65836.51,5.84,Completed
449918,18,2019-11-03,Sienna,55367.92,5.68,Completed
449919,3,2019-11-24,Corolla,27473.94,5.69,Completed
449920,16,2019-11-14,Tacoma,39687.72,6.06,Completed
449921,14,2019-11-26,Camry,33980.19,5.1,Completed
449922,11,2019-11-26,Corolla,18488.66,4.16,Completed
449923,11,2019-11-05,Prius,22957.03,4.16,Completed
449924,15,2019-11-22,Highlander,62485.59,4.86,Completed
449925,1,2019-11-21,Prius,27131.65,5.24,Completed
449926,16,2019-11-18,Sienna,48051.5,6.06,Completed
449927,5,2019-11-21,Corolla,24315.91,5.34,Completed
449928,8,2019-11-04,Prius,28653.23,5.84,Completed
449929,17,2019-11-10,Prius,23127.88,4.51,Pending
449930,14,2019-11-08,Camry,32289.67,5.1,Completed
449931,2,2019-11-18,Prius,23610.64,4.0,Completed
449932,9,2019-11-30,Tacoma,26834.62,4.4,Completed
449933,12,2019-11-22,Corolla,24922.85,5.65,Completed
449934,12,2019-11-08,Highlander,62029.27,5.65,Completed
449935,6,2019-11-14,Tundra,31901.73,3.86,Completed
449936,12,2019-11-23,Corolla,26376.72,5.65,Completed
449937,4,2019-11-16,Highlander,41079.18,3.81,Completed
449938,16,2019-11-16,Highlander,59669.32,6.06,Completed
449939,1,2019-11-06,Sienna,38402.03,5.24,Completed
449940,9,2019-11-03,Sienna,36629.09,4.4,Completed
449941,11,2019-11-28,Tundra,37735.42,4.16,Completed
449942,19,2019-11-01,Tundra,39062.06,5.48,Completed
449943,3,2019-11-03,Tacoma,41349.04,5.69,Cancelled
449944,14,2019-11-13,Highlander,62667.04,5.1,Completed
449945,5,2019-11-22,Tacoma,34456.46,5.34,Completed
449946,6,2019-11-15,Sienna,31155.95,3.86,Completed
449947,12,2019-11-18,RAV4,46808.03,5.65,Completed
449948,6,2019-11-08,RAV4,33790.24,3.86,Completed
449949,19,2019-11-02,Camry,32973.56,5.48,Completed
449950,16,2019-11-27,Corolla,28135.09,6.06,Completed
449951,13,2019-11-05,Tacoma,41214.32,5.61,Completed
449952,19,2019-11-07,Tacoma,38211.48,5.48,Completed
449953,20,2019-11-29,Tundra,46323.57,5.77,Completed
449954,5,2019-11-09,Highlander,46738.09,5.34,Completed
449955,9,2019-11-10,Highlander,42772.9,4.4,Completed
449956,13,2019-11-06,Camry,42508.72,5.61,Completed
449957,20,2019-11-11,Tundra,49444.88,5.77,Completed
449958,10,2019-11-19,Sienna,34188.86,4.88,Completed
449959,18,2019-11-25,RAV4,42702.56,5.68,Completed
449960,6,2019-11-30,Camry,24549.9,3.86,Completed
449961,5,2019-11-21,Tundra,41707.36,5.34,Completed
449962,2,2019-11-05,Tundra,33467.03,4.0,Cancelled
449963,9,2019-11-28,Camry,25989.04,4.4,Completed
449964,13,2019-11-13,RAV4,41116.69,5.61,Completed
449965,18,2019-11-02,Camry,36713.37,5.68,Completed
449966,3,2019-11-15,Tundra,54232.32,5.69,Completed
449967,14,2019-11-26,Camry,33284.71,5.1,Completed
449968,1,2019-11-24,Camry,28146.39,5.24,Completed
449969,19,2019-11-06,Corolla,22827.31,5.48,Completed
449970,2,2019-11-19,Sienna,39165.89,4.0,Completed
449971,5,2019-11-14,Prius,26783.28,5.34,Completed
449972,14,2019-11-17,RAV4,38841.43,5.1,Completed
449973,11,2019-11-12,Prius,22657.41,4.16,Completed
449974,3,2019-11-11,Highlander,61992.02,5.69,Completed
449975,4,2019-11-19,Highlander,38006.29,3.81,Completed
449976,11,2019-11-24,RAV4,32595.78,4.16,Completed
449977,13,2019-11-01,RAV4,42075.67,5.61,Completed
449978,19,2019-11-03,Sienna,44366.87,5.48,Completed
449979,1,2019-11-04,Corolla,22001.96,5.24,Completed
449980,8,2019-11-24,Corolla,24616.23,5.84,Cancelled
449981,7,2019-11-15,Camry,38596.41,5.39,Completed
449982,17,2019-11-18,Highlander,41753.69,4.51,Completed
449983,10,2019-11-16,Tundra,37214.29,4.88,Completed
449984,20,2019-11-12,Sienna,52022.56,5.77,Completed
449985,10,2019-11-01,Camry,26160.39,4.88,Completed
449986,17,2019-11-09,Camry,28053.58,4.51,Completed
449987,15,2019-11-16,Corolla,27919.45,4.86,Completed
449988,8,2019-11-11,Tacoma,39087.45,5.84,Completed
449989,2,2019-11-04,Sienna,34255.17,4.0,Completed
449990,16,2019-11-24,Corolla,28220.33,6.06,Completed
449991,14,2019-11-28,Highlander,54415.85,5.1,Completed
449992,1,2019-11-12,Corolla,21807.8,5.24,Completed
449993,3,2019-11-08,Sienna,46450.59,5.69,Completed
449994,20,2019-11-06,Camry,38476.02,5.77,Completed
449995,13,2019-11-30,RAV4,44526.5,5.61,Completed
449996,6,2019-11-16,Tacoma,25698.07,3.86,Completed
449997,17,2019-11-28,Tacoma,29184.75,4.51,Completed
449998,16,2019-11-14,RAV4,48490.57,6.06,Completed
449999,2,2019-11-04,Sienna,34039.29,4.0,Pending
450000,20,2019-11-25,Sienna,47974.21,5.77,Completed
450001,4,2019-11-14,Tacoma,30550.15,3.81,Completed
450002,12,2019-11-17,Sienna,45865.13,5.65,Completed
450003,14,2019-11-30,Corolla,23982.98,5.1,Completed
450004,18,2019-11-14,Camry,41730.22,5.68,Completed
450005,3,2019-11-26,Tundra,52583.66,5.69,Completed
450006,3,2019-11-19,Tacoma,44510.88,5.69,Completed
450007,10,2019-11-09,Sienna,33323.47,4.88,Completed
450008,3,2019-11-01,RAV4,46717.08,5.69,Completed
450009,6,2019-11-13,Corolla,17445.23,3.86,Completed
450010,5,2019-11-20,Prius,24701.46,5.34,Completed
450011,10,2019-11-01,Highlander,49216.99,4.88,Completed
450012,18,2019-11-15,Tundra,48402.49,5.68,Completed
450013,8,2019-11-23,Prius,28906.63,5.84,Completed
450014,11,2019-11-29,Corolla,20950.44,4.16,Completed
450015,6,2019-11-27,Corolla,19668.67,3.86,Completed
450016,11,2019-11-26,Tundra,32854.22,4.16,Completed
450017,13,2019-11-12,Sienna,53786.49,5.61,Completed
450018,15,2019-11-08,RAV4,45591.72,4.86,Completed
450019,19,2019-11-04,Corolla,24326.0,5.48,Completed
450020,10,2019-11-22,Corolla,19011.53,4.88,Completed
450021,6,2019-11-30,Prius,22798.27,3.86,Completed
450022,3,2019-11-23,RAV4,45227.56,5.69,Completed
450023,7,2019-11-07,Sienna,45883.54,5.39,Completed
450024,5,2019-11-01,Corolla,20991.75,5.34,Completed
450025,19,2019-11-10,Camry,29554.19,5.48,Completed
450026,3,2019-11-23,RAV4,48170.99,5.69,Completed
450027,14,2019-11-17,Tundra,44327.91,5.1,Completed
450028,1,2019-11-22,Sienna,42462.41,5.24,Completed
450029,2,2019-11-25,Camry,29683.18,4.0,Completed
450030,17,2019-11-24,Highlander,39102.8,4.51,Completed
450031,15,2019-11-07,Prius,31785.73,4.86,Completed
450032,5,2019-11-29,Camry,31281.34,5.34,Completed
450033,15,2019-11-23,Highlander,62320.71,4.86,Completed
450034,2,2019-11-17,Tacoma,33298.86,4.0,Completed
450035,1,2019-11-12,RAV4,34676.25,5.24,Completed
450036,15,2019-11-05,Tacoma,40224.61,4.86,Completed
450037,7,2019-11-17,Camry,36744.41,5.39,Completed
450038,8,2019-11-29,Highlander,57541.73,5.84,Completed
450039,6,2019-11-01,Corolla,20867.94,3.86,Completed
450040,20,2019-11-11,RAV4,42508.94,5.77,Completed
450041,1,2019-11-25,Prius,25146.69,5.24,Completed
450042,11,2019-11-28,Tacoma,30387.11,4.16,Completed
450043,5,2019-11-02,RAV4,35501.02,5.34,Completed
450044,13,2019-11-26,Prius,34586.74,5.61,Completed
450045,18,2019-11-27,RAV4,50054.1,5.68,Completed
450046,11,2019-11-08,Tacoma,31353.49,4.16,Completed
450047,13,2019-11-15,Tacoma,44740.2,5.61,Completed
450048,17,2019-11-18,Camry,24010.83,4.51,Completed
450049,9,2019-11-22,Highlander,47633.28,4.4,Completed
450050,1,2019-11-14,RAV4,33573.83,5.24,Completed
450051,5,2019-11-01,Camry,29139.3,5.34,Completed
450052,15,2019-11-01,Highlander,55878.28,4.86,Completed
450053,12,2019-11-06,Tundra,44603.71,5.65,Completed
450054,13,2019-11-11,Tacoma,42258.63,5.61,Completed
450055,3,2019-11-17,RAV4,45819.27,5.69,Completed
450056,1,2019-11-20,Highlander,53481.02,5.24,Pending
450057,10,2019-11-29,Tacoma,32214.8,4.88,Completed
450058,19,2019-11-21,Sienna,43967.2,5.48,Completed
450059,20,2019-11-03,RAV4,47704.43,5.77,Completed
450060,14,2019-11-16,Prius,27811.92,5.1,Completed
450061,20,2019-11-09,Highlander,60819.99,5.77,Completed
450062,3,2019-11-13,RAV4,43662.38,5.69,Completed
450063,8,2019-11-18,RAV4,39712.74,5.84,Completed
450064,2,2019-11-13,Prius,25901.22,4.0,Completed
450065,19,2019-11-19,Corolla,26218.47,5.48,Completed
450066,20,2019-11-27,Tundra,50791.4,5.77,Completed
450067,10,2019-11-14,Sienna,37853.05,4.88,Completed
450068,16,2019-11-02,Tacoma,38210.27,6.06,Completed
450069,10,2019-11-24,Tacoma,33047.7,4.88,Completed
450070,20,2019-11-18,Highlander,65819.95,5.77,Completed
450071,2,2019-11-03,Tundra,36097.12,4.0,Completed
450072,3,2019-11-26,Tundra,48820.83,5.69,Completed
450073,1,2019-11-28,Camry,31784.38,5.24,Completed
450074,12,2019-11-08,Sienna,48641.39,5.65,Completed
450075,20,2019-11-17,Highlander,55192.64,5.77,Completed
450076,20,2019-11-08,Tacoma,38722.67,5.77,Completed
450077,7,2019-11-17,Sienna,52961.19,5.39,Completed
450078,2,2019-11-26,RAV4,32308.58,4.0,Completed
450079,6,2019-11-18,Tundra,37129.87,3.86,Completed
450080,16,2019-11-13,Camry,41333.8,6.06,Completed
450081,11,2019-11-02,Sienna,35859.58,4.16,Completed
450082,10,2019-11-02,RAV4,32818.21,4.88,Completed
450083,3,2019-11-03,Tundra,45765.05,5.69,Completed
450084,20,2019-11-21,Prius,29868.96,5.77,Completed
450085,5,2019-11-09,Tundra,43848.3,5.34,Completed
450086,11,2019-11-20,Tundra,31620.28,4.16,Completed
450087,3,2019-11-02,Sienna,45574.8,5.69,Completed
450088,4,2019-11-02,Tacoma,25940.85,3.81,Completed
450089,14,2019-11-23,Tundra,49085.56,5.1,Completed
450090,9,2019-11-21,Tundra,36793.17,4.4,Completed
450091,8,2019-11-17,Prius,32309.97,5.84,Completed
450092,14,2019-11-30,Sienna,44863.51,5.1,Completed
450093,17,2019-11-17,Camry,26813.07,4.51,Pending
450094,15,2019-11-25,Prius,29627.59,4.86,Completed
450095,7,2019-11-05,Corolla,27240.85,5.39,Completed
450096,9,2019-11-26,Prius,21142.34,4.4,Completed
450097,5,2019-11-08,Camry,31977.7,5.34,Completed
450098,16,2019-11-26,RAV4,42616.18,6.06,Completed
450099,20,2019-11-17,Corolla,25043.37,5.77,Completed
450100,7,2019-11-25,Corolla,26183.34,5.39,Completed
450101,11,2019-11-27,RAV4,31279.89,4.16,Completed
450102,15,2019-11-11,Tundra,47857.52,4.86,Completed
450103,16,2019-11-04,Camry,39372.1,6.06,Completed
450104,20,2019-11-14,Tundra,50382.72,5.77,Completed
450105,4,2019-11-12,Tacoma,28696.17,3.81,Completed
450106,6,2019-11-29,RAV4,31686.35,3.86,Completed
450107,17,2019-11-16,Prius,21571.81,4.51,Completed
450108,9,2019-11-25,Corolla,20789.84,4.4,Completed
450109,10,2019-11-05,Tacoma,29542.44,4.88,Completed
450110,5,2019-11-17,Camry,30985.2,5.34,Completed
450111,18,2019-11-20,Highlander,65154.0,5.68,Completed
450112,14,2019-11-16,RAV4,40859.5,5.1,Completed
450113,20,2019-11-18,Corolla,27475.98,5.77,Completed
450114,3,2019-11-26,Sienna,49280.97,5.69,Completed
450115,19,2019-11-13,RAV4,38850.42,5.48,Completed
450116,5,2019-11-12,Corolla,24001.16,5.34,Completed
450117,13,2019-11-12,RAV4,48843.94,5.61,Pending
450118,16,2019-11-06,Prius,33559.43,6.06,Completed
450119,3,2019-11-15,Highlander,60730.19,5.69,Completed
450120,19,2019-11-18,RAV4,41817.98,5.48,Completed
450121,5,2019-11-27,Camry,34217.85,5.34,Completed
450122,8,2019-11-10,Camry,40136.58,5.84,Completed
450123,17,2019-11-24,Tacoma,27812.94,4.51,Completed
450124,10,2019-11-19,RAV4,34985.7,4.88,Pending
450125,13,2019-11-20,Highlander,58977.51,5.61,Completed
450126,6,2019-11-26,Highlander,42545.45,3.86,Completed
450127,12,2019-11-05,Prius,32197.89,5.65,Completed
450128,12,2019-11-06,Prius,32939.35,5.65,Completed
450129,16,2019-11-26,RAV4,46215.47,6.06,Completed
450130,13,2019-11-01,RAV4,48220.18,5.61,Completed
450131,8,2019-11-04,RAV4,41297.25,5.84,Completed
450132,15,2019-11-25,Corolla,27115.58,4.86,Completed
450133,16,2019-11-09,Tacoma,45282.94,6.06,Completed
450134,18,2019-11-04,Tacoma,41929.75,5.68,Completed
450135,2,2019-11-12,Highlander,46345.29,4.0,Completed
450136,10,2019-11-30,Prius,24855.88,4.88,Completed
450137,6,2019-11-04,Tacoma,27169.65,3.86,Completed
450138,2,2019-11-30,Camry,27539.29,4.0,Completed
450139,7,2019-11-27,Camry,41223.78,5.39,Completed
450140,4,2019-11-20,Highlander,45041.5,3.81,Completed
450141,11,2019-11-14,RAV4,32015.18,4.16,Completed
450142,11,2019-11-01,Tacoma,28665.11,4.16,Completed
450143,10,2019-11-25,Camry,27544.96,4.88,Completed
450144,20,2019-11-25,Camry,35576.81,5.77,Completed
450145,15,2019-11-25,RAV4,43443.63,4.86,Completed
450146,20,2019-11-02,Tundra,49121.53,5.77,Completed
450147,9,2019-11-14,Highlander,45733.16,4.4,Completed
450148,11,2019-11-05,Prius,23325.32,4.16,Completed
450149,18,2019-11-26,RAV4,45984.0,5.68,Completed
450150,4,2019-11-25,Tacoma,29581.18,3.81,Completed
450151,16,2019-11-25,Highlander,63467.45,6.06,Completed
450152,15,2019-11-03,Highlander,59720.96,4.86,Completed
450153,4,2019-11-20,Highlander,40174.35,3.81,Completed
450154,2,2019-11-15,RAV4,31278.45,4.0,Completed
450155,15,2019-11-08,Tundra,46446.45,4.86,Completed
450156,11,2019-11-11,Camry,26353.76,4.16,Completed
450157,2,2019-11-12,Corolla,20337.73,4.0,Completed
450158,13,2019-11-05,Corolla,27211.88,5.61,Completed
450159,1,2019-11-04,Tundra,41838.43,5.24,Completed
450160,9,2019-11-24,Corolla,18926.19,4.4,Completed
450161,13,2019-11-28,Sienna,47177.46,5.61,Completed
450162,20,2019-11-25,Highlander,58548.29,5.77,Completed
450163,8,2019-11-11,Tacoma,40698.43,5.84,Completed
450164,16,2019-11-03,Tacoma,38938.26,6.06,Completed
450165,19,2019-11-01,Tacoma,34347.33,5.48,Completed
450166,19,2019-11-05,Prius,25526.83,5.48,Completed
450167,4,2019-11-10,Tacoma,28739.89,3.81,Pending
450168,16,2019-11-10,RAV4,48830.79,6.06,Completed
450169,2,2019-11-17,Prius,21738.96,4.0,Completed
450170,20,2019-11-18,Tacoma,42647.63,5.77,Completed
450171,18,2019-11-15,Tundra,51677.32,5.68,Completed
450172,8,2019-11-08,RAV4,47444.63,5.84,Completed
450173,19,2019-11-14,Sienna,45525.52,5.48,Completed
450174,14,2019-11-03,Tundra,41269.25,5.1,Completed
450175,9,2019-11-16,Tacoma,30137.62,4.4,Completed
450176,15,2019-11-17,Tacoma,37024.38,4.86,Completed
450177,13,2019-11-29,Camry,39707.6,5.61,Completed
450178,4,2019-11-18,RAV4,32961.7,3.81,Completed
450179,2,2019-11-20,RAV4,34645.33,4.0,Completed
450180,14,2019-11-04,Sienna,47840.05,5.1,Completed
450181,3,2019-11-17,Camry,36678.46,5.69,Completed
450182,18,2019-11-01,Sienna,53458.53,5.68,Completed
450183,4,2019-11-04,RAV4,32604.14,3.81,Pending
450184,8,2019-11-30,Camry,33709.34,5.84,Completed
450185,1,2019-11-03,Tacoma,30419.04,5.24,Completed
450186,17,2019-11-14,Highlander,45871.8,4.51,Completed
450187,9,2019-11-18,Prius,23761.66,4.4,Completed
450188,12,2019-11-11,Sienna,44703.05,5.65,Completed
450189,5,2019-11-07,Tundra,42088.46,5.34,Completed
450190,14,2019-11-23,Corolla,25012.13,5.1,Completed
450191,9,2019-11-08,Tundra,34138.19,4.4,Completed
450192,10,2019-11-08,Camry,26082.91,4.88,Completed
450193,18,2019-11-29,Camry,41774.73,5.68,Completed
450194,11,2019-11-11,Sienna,33221.32,4.16,Completed
450195,19,2019-11-18,Tundra,45413.53,5.48,Completed
450196,3,2019-11-19,Corolla,29087.75,5.69,Completed
450197,14,2019-11-08,Highlander,52909.53,5.1,Completed
450198,10,2019-11-26,Tundra,32372.6,4.88,Completed
450199,1,2019-11-28,Tundra,43500.68,5.24,Completed
450200,1,2019-11-13,Corolla,20601.06,5.24,Completed
450201,4,2019-11-03,Tundra,29850.13,3.81,Completed
450202,11,2019-11-25,Corolla,18273.57,4.16,Completed
450203,16,2019-11-10,Tacoma,38965.92,6.06,Completed
450204,20,2019-11-09,Prius,30482.53,5.77,Completed
450205,19,2019-11-06,Highlander,49488.3,5.48,Completed
450206,18,2019-11-09,Tundra,49928.33,5.68,Completed
450207,19,2019-11-18,Tacoma,37841.26,5.48,Completed
450208,3,2019-11-27,Tundra,46062.27,5.69,Completed
450209,2,2019-11-03,Corolla,21949.93,4.0,Completed
450210,16,2019-11-12,Tundra,44225.26,6.06,Completed
450211,16,2019-11-21,Corolla,26289.95,6.06,Completed
450212,10,2019-11-12,Highlander,41934.42,4.88,Completed
450213,11,2019-11-27,RAV4,32614.79,4.16,Completed
450214,15,2019-11-24,Tacoma,38888.38,4.86,Completed
450215,19,2019-11-12,Tacoma,36080.14,5.48,Completed
450216,6,2019-11-21,Tacoma,29232.59,3.86,Pending
450217,16,2019-11-02,Corolla,26498.98,6.06,Completed
450218,11,2019-11-15,Tacoma,31863.52,4.16,Completed
450219,9,2019-11-05,Prius,20369.09,4.4,Completed
450220,18,2019-11-15,Sienna,53082.19,5.68,Completed
450221,20,2019-11-27,Camry,38398.18,5.77,Completed
450222,7,2019-11-02,Tundra,48880.84,5.39,Completed
450223,4,2019-11-06,Highlander,39466.19,3.81,Completed
450224,13,2019-11-15,Camry,36210.46,5.61,Completed
450225,14,2019-11-13,Corolla,25358.36,5.1,Completed
450226,17,2019-11-17,Highlander,39144.3,4.51,Completed
450227,14,2019-11-27,Corolla,24894.3,5.1,Completed
450228,10,2019-11-18,Tundra,38219.1,4.88,Cancelled
450229,16,2019-11-06,Camry,36884.31,6.06,Completed
450230,20,2019-11-11,Tacoma,40787.45,5.77,Completed
450231,10,2019-11-11,Tacoma,27840.87,4.88,Completed
450232,3,2019-11-09,Prius,31226.25,5.69,Completed
450233,2,2019-11-12,RAV4,34755.14,4.0,Completed
450234,13,2019-11-24,Corolla,28054.1,5.61,Completed
450235,18,2019-11-26,Prius,36054.16,5.68,Completed
450236,15,2019-11-17,Highlander,64887.8,4.86,Completed
450237,8,2019-11-03,Corolla,26736.16,5.84,Completed
450238,17,2019-11-20,Corolla,20081.55,4.51,Completed
450239,1,2019-11-28,Highlander,51132.12,5.24,Completed
450240,15,2019-11-06,Tacoma,41966.84,4.86,Completed
450241,16,2019-11-20,Prius,32733.11,6.06,Completed
450242,16,2019-11-29,RAV4,41973.97,6.06,Completed
450243,1,2019-11-18,Highlander,50168.71,5.24,Completed
450244,13,2019-11-27,RAV4,48389.35,5.61,Completed
450245,15,2019-11-25,Corolla,25859.33,4.86,Completed
450246,19,2019-11-03,Highlander,49430.65,5.48,Completed
450247,19,2019-11-30,RAV4,37403.24,5.48,Completed
450248,20,2019-11-19,RAV4,40714.33,5.77,Completed
450249,12,2019-11-29,RAV4,43004.78,5.65,Completed
450250,6,2019-11-14,Tacoma,29785.86,3.86,Completed
450251,17,2019-11-24,Camry,26193.3,4.51,Completed
450252,2,2019-11-06,Sienna,36253.18,4.0,Completed
450253,13,2019-11-26,Corolla,27741.41,5.61,Completed
450254,12,2019-11-15,RAV4,42930.35,5.65,Completed
450255,9,2019-11-20,Sienna,32042.59,4.4,Completed
450256,18,2019-11-18,Corolla,27358.16,5.68,Completed
450257,2,2019-11-16,Corolla,19850.99,4.0,Completed
450258,14,2019-11-16,RAV4,41672.53,5.1,Completed
450259,2,2019-11-07,Tacoma,32516.57,4.0,Cancelled
450260,6,2019-11-30,RAV4,31727.57,3.86,Completed
450261,4,2019-11-14,Corolla,19968.47,3.81,Completed
450262,5,2019-11-26,Camry,31772.84,5.34,Completed
450263,18,2019-11-04,Corolla,28979.31,5.68,Completed
450264,16,2019-11-15,Camry,41206.01,6.06,Completed
450265,11,2019-11-10,Corolla,19203.93,4.16,Completed
450266,7,2019-11-30,Corolla,28647.12,5.39,Completed
450267,12,2019-11-08,Highlander,62432.28,5.65,Completed
450268,8,2019-11-14,Corolla,29605.02,5.84,Completed
450269,18,2019-11-17,Highlander,65602.44,5.68,Completed
450270,5,2019-11-20,Tacoma,32632.76,5.34,Completed
450271,20,2019-11-07,RAV4,40142.35,5.77,Completed
450272,20,2019-11-06,Corolla,25347.15,5.77,Completed
450273,2,2019-11-04,Highlander,49311.94,4.0,Completed
450274,19,2019-11-30,Tacoma,37661.94,5.48,Completed
450275,11,2019-11-30,Sienna,36073.92,4.16,Completed
450276,7,2019-11-27,Tundra,52780.94,5.39,Completed
450277,11,2019-11-20,Prius,22427.08,4.16,Completed
450278,17,2019-11-10,Tacoma,30191.83,4.51,Completed
450279,12,2019-11-29,Prius,32387.05,5.65,Completed
450280,19,2019-11-15,RAV4,38250.74,5.48,Completed
450281,9,2019-11-11,RAV4,33188.56,4.4,Completed
450282,19,2019-11-03,RAV4,37434.71,5.48,Cancelled
450283,10,2019-11-28,Tacoma,30010.18,4.88,Completed
450284,14,2019-11-10,Tacoma,38049.78,5.1,Completed
450285,2,2019-11-21,Sienna,39980.72,4.0,Completed
450286,12,2019-11-09,Tacoma,41255.81,5.65,Completed
450287,5,2019-11-01,Sienna,39843.74,5.34,Completed
450288,4,2019-11-14,RAV4,32965.74,3.81,Completed
450289,9,2019-11-15,RAV4,29008.86,4.4,Completed
450290,4,2019-11-02,Prius,23030.61,3.81,Completed
450291,10,2019-11-22,RAV4,34077.74,4.88,Completed
450292,15,2019-11-02,RAV4,47144.02,4.86,Completed
450293,12,2019-11-07,Highlander,55001.0,5.65,Completed
450294,16,2019-11-02,Tacoma,38665.82,6.06,Completed
450295,12,2019-11-01,Tacoma,37749.32,5.65,Completed
450296,17,2019-11-09,Tacoma,27835.83,4.51,Completed
450297,3,2019-11-08,Prius,34646.96,5.69,Completed
450298,2,2019-11-09,RAV4,34394.62,4.0,Completed
450299,20,2019-11-25,Prius,33818.64,5.77,Completed
450300,1,2019-11-30,RAV4,38277.95,5.24,Completed
450301,19,2019-11-30,Corolla,23139.36,5.48,Completed
450302,20,2019-11-12,Tundra,51795.1,5.77,Completed
450303,14,2019-11-02,Corolla,26768.06,5.1,Completed
450304,15,2019-11-14,Sienna,47693.67,4.86,Pending
450305,7,2019-11-17,Camry,40637.99,5.39,Completed
450306,17,2019-11-03,Prius,21402.7,4.51,Completed
450307,14,2019-11-09,Highlander,59429.62,5.1,Completed
450308,13,2019-11-26,Prius,33630.68,5.61,Completed
450309,9,2019-11-04,Tacoma,26288.86,4.4,Completed
450310,10,2019-11-12,Highlander,47975.78,4.88,Completed
450311,3,2019-11-14,Sienna,48070.05,5.69,Completed
450312,13,2019-11-12,Corolla,28844.71,5.61,Completed
450313,19,2019-11-30,Prius,28345.59,5.48,Completed
450314,2,2019-11-25,Camry,30429.07,4.0,Completed
450315,14,2019-11-30,Camry,34240.02,5.1,Pending
450316,9,2019-11-19,Tacoma,28488.71,4.4,Completed
450317,15,2019-11-01,RAV4,39105.73,4.86,Completed
450318,14,2019-11-19,Sienna,49270.5,5.1,Completed
450319,18,2019-11-13,Tundra,55289.68,5.68,Completed
450320,2,2019-11-10,Highlander,45261.47,4.0,Completed
450321,6,2019-11-19,Camry,28436.48,3.86,Completed
450322,8,2019-11-19,RAV4,43729.16,5.84,Completed
450323,5,2019-11-10,Camry,31122.14,5.34,Completed
450324,5,2019-11-04,RAV4,35120.27,5.34,Completed
450325,16,2019-11-01,Prius,32495.21,6.06,Completed
450326,18,2019-11-22,Sienna,51963.07,5.68,Completed
450327,20,2019-11-17,Prius,33305.39,5.77,Completed
450328,11,2019-11-15,Corolla,19850.92,4.16,Completed
450329,16,2019-11-16,Prius,29417.55,6.06,Completed
450330,19,2019-11-25,Corolla,26033.36,5.48,Completed
450331,16,2019-11-18,Corolla,28256.09,6.06,Pending
450332,4,2019-11-11,Prius,21000.6,3.81,Completed
450333,8,2019-11-30,Camry,35565.44,5.84,Cancelled
450334,11,2019-11-18,Sienna,34731.29,4.16,Completed
450335,15,2019-11-03,Prius,29464.95,4.86,Pending
450336,1,2019-11-26,Prius,25343.29,5.24,Completed
450337,4,2019-11-17,Sienna,33821.88,3.81,Pending
450338,16,2019-11-28,RAV4,40718.23,6.06,Completed
450339,18,2019-11-12,Sienna,51981.72,5.68,Completed
450340,19,2019-11-27,Highlander,54556.79,5.48,Completed
450341,12,2019-11-16,Sienna,43555.7,5.65,Completed
450342,7,2019-11-14,Highlander,58361.91,5.39,Completed
450343,1,2019-11-18,Sienna,38038.95,5.24,Pending
450344,20,2019-11-11,Highlander,57610.95,5.77,Completed
450345,3,2019-11-14,Prius,33760.86,5.69,Completed
450346,12,2019-11-14,Tundra,51621.79,5.65,Completed
450347,16,2019-11-23,Corolla,27595.25,6.06,Completed
450348,7,2019-11-07,Highlander,59601.7,5.39,Completed
450349,4,2019-11-04,RAV4,28991.4,3.81,Completed
450350,1,2019-11-23,Camry,31651.32,5.24,Completed
450351,8,2019-11-13,Sienna,43804.56,5.84,Completed
450352,3,2019-11-16,Prius,29541.4,5.69,Completed
450353,5,2019-11-05,RAV4,37000.33,5.34,Completed
450354,15,2019-11-18,Highlander,59923.24,4.86,Completed
450355,16,2019-11-12,Highlander,68597.07,6.06,Completed
450356,1,2019-11-08,Tacoma,33144.15,5.24,Completed
450357,20,2019-11-30,Tacoma,40759.49,5.77,Completed
450358,10,2019-11-26,Camry,29686.69,4.88,Completed
450359,17,2019-11-15,RAV4,32666.9,4.51,Completed
450360,8,2019-11-27,Highlander,56675.99,5.84,Completed
450361,14,2019-11-10,Tacoma,39326.11,5.1,Completed
450362,16,2019-11-04,Corolla,29053.09,6.06,Completed
450363,14,2019-11-27,Camry,35873.11,5.1,Completed
450364,8,2019-11-29,Tundra,48188.26,5.84,Completed
450365,14,2019-11-13,Sienna,45303.61,5.1,Completed
450366,14,2019-11-26,Tacoma,37179.48,5.1,Completed
450367,11,2019-11-15,Highlander,47018.89,4.16,Completed
450368,14,2019-11-21,Tacoma,36290.78,5.1,Completed
450369,16,2019-11-14,Highlander,64312.66,6.06,Completed
450370,19,2019-11-18,Corolla,23071.88,5.48,Completed
450371,13,2019-11-11,Sienna,51613.55,5.61,Completed
450372,2,2019-11-11,Tacoma,33009.03,4.0,Completed
450373,8,2019-11-13,Highlander,55391.45,5.84,Completed
450374,18,2019-11-22,Camry,42925.38,5.68,Completed
450375,19,2019-11-29,RAV4,37747.88,5.48,Completed
450376,2,2019-11-07,Highlander,45365.54,4.0,Completed
450377,11,2019-11-27,Sienna,34971.68,4.16,Completed
450378,5,2019-11-26,Corolla,23042.42,5.34,Completed
450379,16,2019-11-07,Tundra,44340.97,6.06,Cancelled
450380,4,2019-11-05,Tundra,32701.5,3.81,Completed
450381,14,2019-11-02,Corolla,24094.23,5.1,Completed
450382,11,2019-11-04,Corolla,21342.06,4.16,Completed
450383,9,2019-11-17,RAV4,29994.36,4.4,Completed
450384,11,2019-11-14,Sienna,37026.36,4.16,Pending
450385,11,2019-11-13,RAV4,33554.9,4.16,Completed
450386,5,2019-11-05,Tacoma,35561.08,5.34,Completed
450387,19,2019-11-27,Tacoma,35036.44,5.48,Completed
450388,6,2019-11-08,Corolla,18760.47,3.86,Completed
450389,9,2019-11-22,RAV4,32101.87,4.4,Completed
450390,10,2019-11-22,Corolla,19952.28,4.88,Completed
450391,7,2019-11-19,Tacoma,41419.93,5.39,Completed
450392,7,2019-11-18,Prius,33303.63,5.39,Completed
450393,17,2019-11-01,Sienna,34002.99,4.51,Completed
450394,6,2019-11-05,RAV4,31671.96,3.86,Completed
450395,16,2019-11-09,Prius,34821.99,6.06,Completed
450396,19,2019-11-23,Prius,29409.47,5.48,Completed
450397,10,2019-11-25,Tacoma,27357.76,4.88,Completed
450398,20,2019-11-24,Sienna,48556.01,5.77,Completed
450399,10,2019-11-17,Prius,23321.07,4.88,Completed
450400,10,2019-11-07,Tacoma,29776.19,4.88,Completed
450401,2,2019-11-03,Highlander,44399.23,4.0,Completed
450402,3,2019-11-12,Corolla,27624.33,5.69,Completed
450403,19,2019-11-18,Prius,28373.31,5.48,Completed
450404,14,2019-11-18,Corolla,24845.89,5.1,Completed
450405,8,2019-11-08,Highlander,63974.81,5.84,Completed
450406,15,2019-11-14,Prius,31225.12,4.86,Completed
450407,16,2019-11-05,Tundra,49782.72,6.06,Completed
450408,12,2019-11-12,Tacoma,37860.2,5.65,Completed
450409,17,2019-11-28,Tundra,34459.48,4.51,Completed
450410,2,2019-11-05,RAV4,36176.82,4.0,Completed
450411,20,2019-11-29,Highlander,60542.47,5.77,Completed
450412,18,2019-11-23,Prius,31469.53,5.68,Completed
450413,14,2019-11-07,Prius,29772.79,5.1,Completed
450414,10,2019-11-24,Corolla,21288.48,4.88,Completed
450415,8,2019-11-11,Tundra,50076.48,5.84,Completed
450416,2,2019-11-02,Prius,24030.12,4.0,Completed
450417,11,2019-11-03,Tacoma,30201.73,4.16,Completed
450418,4,2019-11-29,Tundra,32822.52,3.81,Completed
450419,13,2019-11-19,Prius,31674.38,5.61,Completed
450420,13,2019-11-28,Tundra,46439.48,5.61,Completed
450421,20,2019-11-25,Prius,33752.81,5.77,Completed
450422,9,2019-11-25,Tacoma,30508.56,4.4,Completed
450423,15,2019-11-26,Highlander,56623.45,4.86,Cancelled
450424,15,2019-11-24,Tundra,51181.38,4.86,Completed
450425,19,2019-11-28,Sienna,45437.21,5.48,Completed
450426,16,2019-11-30,Tacoma,38674.14,6.06,Completed
450427,7,2019-11-29,Highlander,67842.73,5.39,Cancelled
450428,2,2019-11-15,Tacoma,33581.21,4.0,Completed
450429,9,2019-11-29,Corolla,19304.24,4.4,Completed
450430,14,2019-11-11,Highlander,53273.86,5.1,Completed
450431,13,2019-11-01,Corolla,26368.64,5.61,Completed
450432,12,2019-11-30,Camry,38425.58,5.65,Completed
450433,5,2019-11-09,Prius,26520.81,5.34,Completed
450434,3,2019-11-08,Sienna,53845.02,5.69,Pending
450435,14,2019-11-20,Camry,34970.69,5.1,Completed
450436,3,2019-11-17,RAV4,47960.7,5.69,Completed
450437,3,2019-11-04,Tacoma,45696.75,5.69,Completed
450438,3,2019-11-16,Highlander,64322.12,5.69,Completed
450439,15,2019-11-21,RAV4,39630.54,4.86,Completed
450440,3,2019-11-10,Camry,40936.42,5.69,Completed
450441,13,2019-11-06,Highlander,59382.78,5.61,Completed
450442,1,2019-11-07,Tundra,38222.01,5.24,Completed
450443,9,2019-11-18,Tacoma,29307.63,4.4,Completed
450444,6,2019-11-28,Corolla,18731.0,3.86,Completed
450445,18,2019-11-21,Tacoma,47240.97,5.68,Completed
450446,11,2019-11-02,Tacoma,29192.86,4.16,Completed
450447,17,2019-11-09,Sienna,30310.07,4.51,Completed
450448,9,2019-11-11,RAV4,29884.54,4.4,Completed
450449,10,2019-11-11,Tacoma,28076.37,4.88,Pending
450450,5,2019-11-10,Tacoma,34565.56,5.34,Completed
450451,15,2019-11-16,Prius,31532.55,4.86,Completed
450452,15,2019-11-19,Tacoma,36523.28,4.86,Completed
450453,1,2019-11-23,Sienna,41346.19,5.24,Completed
450454,16,2019-11-08,Tacoma,39699.0,6.06,Completed
450455,14,2019-11-24,Prius,30297.06,5.1,Completed
450456,4,2019-11-16,Camry,27458.37,3.81,Completed
450457,8,2019-11-23,Camry,36250.21,5.84,Completed
450458,19,2019-11-27,Corolla,25004.28,5.48,Completed
450459,9,2019-11-15,Tacoma,27878.4,4.4,Completed
450460,17,2019-11-14,Tacoma,30426.98,4.51,Completed
450461,4,2019-11-30,Prius,19965.43,3.81,Completed
450462,4,2019-11-09,Corolla,18208.04,3.81,Completed
450463,2,2019-11-23,Sienna,35732.36,4.0,Completed
450464,7,2019-11-10,Tacoma,43696.78,5.39,Completed
450465,6,2019-11-26,Corolla,20398.26,3.86,Completed
450466,8,2019-11-16,Tundra,51962.57,5.84,Completed
450467,5,2019-11-04,RAV4,34145.78,5.34,Completed
450468,12,2019-11-01,Corolla,27534.66,5.65,Completed
450469,6,2019-11-03,Corolla,20225.83,3.86,Completed
450470,13,2019-11-11,Highlander,61800.52,5.61,Completed
450471,4,2019-11-21,Tacoma,29234.16,3.81,Completed
450472,11,2019-11-08,Prius,21266.84,4.16,Completed
450473,9,2019-11-23,Prius,23700.38,4.4,Completed
450474,6,2019-11-16,Highlander,43345.77,3.86,Completed
450475,18,2019-11-10,Corolla,31864.94,5.68,Completed
450476,2,2019-11-27,Highlander,45516.1,4.0,Completed
450477,16,2019-11-10,Tundra,45988.37,6.06,Completed
450478,15,2019-11-07,Tacoma,38350.2,4.86,Completed
450479,4,2019-11-16,RAV4,27908.44,3.81,Completed
450480,15,2019-11-25,Corolla,26919.41,4.86,Completed
450481,17,2019-11-18,Tacoma,25803.99,4.51,Completed
450482,4,2019-11-04,RAV4,32624.46,3.81,Pending
450483,20,2019-11-25,Highlander,56740.21,5.77,Completed
450484,12,2019-11-20,Sienna,51199.41,5.65,Completed
450485,14,2019-11-28,Tacoma,41068.88,5.1,Completed
450486,4,2019-11-13,RAV4,29997.53,3.81,Completed
450487,10,2019-11-16,Tacoma,31093.14,4.88,Completed
450488,6,2019-11-05,Highlander,40026.88,3.86,Completed
450489,6,2019-11-01,Sienna,36786.29,3.86,Pending
450490,16,2019-11-17,Corolla,26581.02,6.06,Completed
450491,20,2019-11-30,Corolla,27955.12,5.77,Completed
450492,1,2019-11-12,Highlander,50084.38,5.24,Completed
450493,13,2019-11-11,Prius,33383.22,5.61,Completed
450494,6,2019-11-15,Tundra,32129.37,3.86,Completed
450495,15,2019-11-28,Highlander,57580.17,4.86,Completed
450496,3,2019-11-05,Camry,36979.6,5.69,Completed
450497,2,2019-11-16,Prius,22556.13,4.0,Completed
450498,10,2019-11-17,Highlander,48649.3,4.88,Completed
450499,7,2019-11-05,Corolla,26897.75,5.39,Completed
450500,9,2019-11-01,Camry,24667.71,4.4,Completed
450501,13,2019-11-17,Sienna,52359.08,5.61,Pending
450502,3,2019-11-26,Prius,29285.92,5.69,Completed
450503,16,2019-11-03,Camry,41481.37,6.06,Completed
450504,7,2019-11-06,Highlander,60358.53,5.39,Completed
450505,17,2019-11-01,Corolla,19066.73,4.51,Completed
450506,12,2019-11-17,Highlander,54658.32,5.65,Completed
450507,9,2019-11-24,RAV4,28755.33,4.4,Completed
450508,6,2019-11-30,Tacoma,27334.93,3.86,Completed
450509,18,2019-11-27,RAV4,48451.31,5.68,Completed
450510,6,2019-11-11,RAV4,33345.99,3.86,Completed
450511,15,2019-11-26,Tundra,50791.03,4.86,Completed
450512,19,2019-11-11,Prius,26190.52,5.48,Completed
450513,12,2019-11-14,Highlander,58343.11,5.65,Completed
450514,20,2019-11-24,Highlander,64857.16,5.77,Completed
450515,20,2019-11-13,Corolla,27528.42,5.77,Completed
450516,14,2019-11-15,Corolla,25564.46,5.1,Completed
450517,19,2019-11-17,Highlander,50112.89,5.48,Completed
450518,2,2019-11-30,RAV4,35506.13,4.0,Completed
450519,8,2019-11-23,RAV4,41542.32,5.84,Pending
450520,16,2019-11-03,Highlander,58315.42,6.06,Completed
450521,7,2019-11-06,Prius,34155.77,5.39,Completed
450522,10,2019-11-16,Tacoma,33173.72,4.88,Completed
450523,7,2019-11-26,RAV4,44726.9,5.39,Completed
450524,20,2019-11-12,Corolla,26066.78,5.77,Completed
450525,8,2019-11-04,Corolla,26097.51,5.84,Completed
450526,14,2019-11-10,RAV4,38757.23,5.1,Completed
450527,20,2019-11-22,Sienna,43773.95,5.77,Completed
450528,7,2019-11-30,Tacoma,42600.28,5.39,Completed
450529,7,2019-11-26,RAV4,48376.65,5.39,Cancelled
450530,1,2019-11-13,Camry,29429.24,5.24,Completed
450531,12,2019-11-09,Sienna,42863.1,5.65,Completed
450532,19,2019-11-27,Tacoma,36071.23,5.48,Completed
450533,15,2019-11-04,Camry,36767.04,4.86,Completed
450534,20,2019-11-01,Tacoma,41519.82,5.77,Completed
450535,18,2019-11-27,Camry,39743.67,5.68,Completed
450536,12,2019-11-08,Camry,38314.17,5.65,Completed
450537,5,2019-11-10,RAV4,38414.29,5.34,Completed
450538,11,2019-11-02,Highlander,41646.74,4.16,Completed
450539,7,2019-11-12,Highlander,65828.91,5.39,Completed
450540,20,2019-11-07,Highlander,66193.21,5.77,Completed
450541,11,2019-11-26,Tundra,35794.2,4.16,Completed
450542,4,2019-11-11,Sienna,36251.64,3.81,Completed
450543,13,2019-11-23,Camry,36319.68,5.61,Completed
450544,6,2019-11-30,Tundra,31388.79,3.86,Completed
450545,10,2019-11-13,Tacoma,31106.48,4.88,Completed
450546,15,2019-11-27,Tundra,42706.15,4.86,Completed
450547,3,2019-11-25,RAV4,45987.47,5.69,Completed
450548,15,2019-11-27,Corolla,29624.31,4.86,Completed
450549,17,2019-11-05,Corolla,20739.15,4.51,Completed
450550,16,2019-11-28,Tacoma,38891.85,6.06,Completed
450551,4,2019-11-29,RAV4,31142.13,3.81,Completed
450552,1,2019-11-26,RAV4,34372.42,5.24,Completed
450553,11,2019-11-12,Sienna,34198.2,4.16,Completed
450554,13,2019-11-19,Sienna,45986.8,5.61,Completed
450555,10,2019-11-06,Tundra,38496.45,4.88,Completed
450556,13,2019-11-11,Sienna,46181.77,5.61,Completed
450557,5,2019-11-05,Prius,24070.5,5.34,Completed
450558,6,2019-11-13,Prius,21484.04,3.86,Completed
450559,7,2019-11-29,Highlander,60795.42,5.39,Completed
450560,12,2019-11-30,Tacoma,41724.04,5.65,Completed
450561,14,2019-11-05,Prius,28807.92,5.1,Completed
450562,15,2019-11-16,Tundra,49688.56,4.86,Completed
450563,9,2019-11-14,Highlander,39740.94,4.4,Completed
450564,19,2019-11-12,RAV4,34483.58,5.48,Completed
450565,13,2019-11-15,RAV4,45606.57,5.61,Completed
450566,13,2019-11-21,Prius,30293.97,5.61,Completed
450567,14,2019-11-12,Tundra,47890.8,5.1,Completed
450568,20,2019-11-09,Highlander,66695.26,5.77,Pending
450569,19,2019-11-25,Tacoma,35461.68,5.48,Completed
450570,17,2019-11-30,RAV4,30506.43,4.51,Completed
450571,15,2019-11-13,Corolla,24653.52,4.86,Completed
450572,7,2019-11-07,Sienna,50606.58,5.39,Completed
450573,10,2019-11-03,Tundra,37573.13,4.88,Completed
450574,12,2019-11-08,Tundra,48353.87,5.65,Completed
450575,12,2019-11-02,RAV4,40081.5,5.65,Completed
450576,2,2019-11-24,Tundra,40037.92,4.0,Completed
450577,1,2019-11-14,Prius,24060.05,5.24,Completed
450578,3,2019-11-12,Sienna,54497.17,5.69,Completed
450579,12,2019-11-15,Prius,30311.18,5.65,Completed
450580,8,2019-11-16,Tacoma,43721.71,5.84,Completed
450581,4,2019-11-01,Corolla,20155.08,3.81,Completed
450582,8,2019-11-30,Camry,40970.74,5.84,Completed
450583,11,2019-11-09,Prius,23303.31,4.16,Completed
450584,6,2019-11-02,Sienna,36468.79,3.86,Completed
450585,14,2019-11-22,Prius,30140.5,5.1,Completed
450586,12,2019-11-10,Tundra,45935.15,5.65,Completed
450587,10,2019-11-07,Corolla,21129.38,4.88,Completed
450588,7,2019-11-03,Tundra,46070.62,5.39,Completed
450589,14,2019-11-29,Sienna,49135.42,5.1,Completed
450590,15,2019-11-11,Camry,33992.89,4.86,Pending
450591,18,2019-11-02,Corolla,27524.11,5.68,Completed
450592,15,2019-11-14,RAV4,39529.07,4.86,Completed
450593,10,2019-11-17,Prius,25540.16,4.88,Completed
450594,3,2019-11-04,Tacoma,40285.83,5.69,Completed
450595,2,2019-11-24,Prius,23277.43,4.0,Completed
450596,14,2019-11-30,Prius,29312.38,5.1,Completed
450597,11,2019-11-18,Camry,25574.81,4.16,Completed
450598,10,2019-11-04,Tundra,36843.1,4.88,Completed
450599,13,2019-11-20,RAV4,43708.05,5.61,Completed
450600,13,2019-11-05,Camry,38197.43,5.61,Completed
450601,14,2019-11-09,Tacoma,37951.81,5.1,Completed
450602,4,2019-11-20,Sienna,33112.13,3.81,Completed
450603,10,2019-11-25,Highlander,47413.41,4.88,Completed
450604,9,2019-11-17,Tundra,34125.31,4.4,Completed
450605,10,2019-11-15,Tacoma,29822.2,4.88,Completed
450606,15,2019-11-28,Corolla,28999.91,4.86,Completed
450607,2,2019-11-13,Prius,25175.25,4.0,Completed
450608,20,2019-11-09,Camry,39878.86,5.77,Completed
450609,6,2019-11-16,RAV4,28091.91,3.86,Completed
450610,11,2019-11-22,RAV4,31381.56,4.16,Completed
450611,4,2019-11-19,Highlander,43796.05,3.81,Completed
450612,6,2019-11-06,Corolla,17569.6,3.86,Completed
450613,9,2019-11-28,Highlander,46162.61,4.4,Completed
450614,14,2019-11-08,Tacoma,37981.92,5.1,Completed
450615,7,2019-11-21,Tacoma,37333.9,5.39,Completed
450616,1,2019-11-13,Tacoma,33795.16,5.24,Completed
450617,14,2019-11-12,Sienna,49212.71,5.1,Completed
450618,11,2019-11-22,Prius,20976.75,4.16,Completed
450619,10,2019-11-20,Tundra,36204.79,4.88,Completed
450620,10,2019-11-07,Sienna,34740.9,4.88,Completed
450621,11,2019-11-30,Corolla,19154.55,4.16,Completed
450622,7,2019-11-30,Sienna,43719.24,5.39,Completed
450623,17,2019-11-27,RAV4,28907.94,4.51,Completed
450624,13,2019-11-19,Tacoma,42746.02,5.61,Completed
450625,16,2019-11-24,Tacoma,40426.34,6.06,Pending
450626,16,2019-11-26,Camry,39579.31,6.06,Completed
450627,10,2019-11-22,Tacoma,31881.53,4.88,Completed
450628,14,2019-11-18,Corolla,26364.05,5.1,Completed
450629,5,2019-11-26,Camry,34323.47,5.34,Completed
450630,1,2019-11-23,Sienna,39476.38,5.24,Completed
450631,6,2019-11-20,Tacoma,26039.27,3.86,Completed
450632,12,2019-11-23,Corolla,28535.02,5.65,Completed
450633,2,2019-11-01,Highlander,47875.32,4.0,Completed
450634,14,2019-11-15,Highlander,54610.11,5.1,Completed
450635,14,2019-11-18,Prius,28189.77,5.1,Completed
450636,2,2019-11-15,RAV4,33840.96,4.0,Completed
450637,4,2019-11-26,Corolla,20289.52,3.81,Completed
450638,8,2019-11-28,Tundra,51535.47,5.84,Completed
450639,16,2019-11-11,Sienna,44570.93,6.06,Completed
450640,1,2019-11-25,Corolla,23472.26,5.24,Completed
450641,6,2019-11-23,RAV4,28482.4,3.86,Completed
450642,9,2019-11-03,Prius,23346.16,4.4,Completed
450643,5,2019-11-21,Tacoma,33703.9,5.34,Completed
450644,19,2019-11-26,Highlander,57319.78,5.48,Completed
450645,8,2019-11-28,Highlander,54919.68,5.84,Completed
450646,19,2019-11-23,Camry,35079.13,5.48,Completed
450647,15,2019-11-28,Tacoma,42161.13,4.86,Completed
450648,5,2019-11-26,Corolla,21925.28,5.34,Completed
450649,15,2019-11-23,Tundra,50233.05,4.86,Completed
450650,2,2019-11-15,RAV4,35743.88,4.0,Completed
450651,8,2019-11-18,Prius,29489.25,5.84,Completed
450652,6,2019-11-01,Camry,24603.88,3.86,Completed
450653,10,2019-11-20,RAV4,34512.5,4.88,Completed
450654,6,2019-11-07,Camry,26626.88,3.86,Completed
450655,19,2019-11-06,Tundra,41380.86,5.48,Completed
450656,19,2019-11-23,Highlander,53457.98,5.48,Completed
450657,10,2019-11-21,Sienna,37494.97,4.88,Completed
450658,4,2019-11-24,Tacoma,26704.97,3.81,Completed
450659,1,2019-11-08,Tacoma,34489.65,5.24,Completed
450660,18,2019-11-24,Corolla,28398.38,5.68,Completed
450661,13,2019-11-09,Tundra,51569.75,5.61,Completed
450662,19,2019-11-02,Tacoma,34260.5,5.48,Completed
450663,19,2019-11-23,RAV4,38473.12,5.48,Completed
450664,15,2019-11-20,Highlander,62462.19,4.86,Completed
450665,2,2019-11-24,Tacoma,32828.08,4.0,Cancelled
450666,11,2019-11-15,Highlander,45290.76,4.16,Completed
450667,4,2019-11-02,Tacoma,28837.29,3.81,Completed
450668,9,2019-11-11,Tundra,33880.19,4.4,Completed
450669,11,2019-11-14,Sienna,33375.3,4.16,Completed
450670,14,2019-11-10,Corolla,27004.94,5.1,Completed
450671,16,2019-11-12,Corolla,26080.13,6.06,Completed
450672,7,2019-11-14,Highlander,58143.84,5.39,Completed
450673,7,2019-11-22,Sienna,46110.28,5.39,Completed
450674,6,2019-11-24,RAV4,32673.17,3.86,Completed
450675,5,2019-11-11,Corolla,22625.77,5.34,Completed
450676,18,2019-11-06,Prius,32569.15,5.68,Completed
450677,4,2019-11-16,Camry,24680.17,3.81,Completed
450678,15,2019-11-26,Prius,29121.33,4.86,Completed
450679,12,2019-11-19,Tundra,47014.51,5.65,Completed
450680,16,2019-11-30,Tacoma,44751.1,6.06,Completed
450681,4,2019-11-16,Camry,23550.8,3.81,Completed
450682,11,2019-11-29,RAV4,29811.78,4.16,Completed
450683,1,2019-11-20,Highlander,52133.35,5.24,Completed
450684,20,2019-11-18,Tacoma,40302.69,5.77,Completed
450685,16,2019-11-09,Tacoma,40327.36,6.06,Completed
450686,16,2019-11-12,Tundra,44965.85,6.06,Completed
450687,8,2019-11-28,Tundra,50228.73,5.84,Completed
450688,10,2019-11-04,Tundra,35351.83,4.88,Completed
450689,5,2019-11-18,RAV4,35069.3,5.34,Completed
450690,7,2019-11-09,Tacoma,42666.34,5.39,Completed
450691,19,2019-11-04,Tacoma,37336.45,5.48,Completed
450692,8,2019-11-17,Camry,37774.01,5.84,Completed
450693,8,2019-11-25,Sienna,43451.57,5.84,Completed
450694,20,2019-11-17,RAV4,42544.06,5.77,Completed
450695,16,2019-11-28,Tacoma,42310.73,6.06,Completed
450696,5,2019-11-13,Highlander,54226.48,5.34,Completed
450697,20,2019-11-10,Camry,38267.1,5.77,Completed
450698,13,2019-11-22,Tacoma,43407.52,5.61,Completed
450699,20,2019-11-23,Sienna,49892.18,5.77,Completed
450700,3,2019-11-12,Prius,33715.65,5.69,Cancelled
450701,16,2019-11-21,RAV4,47907.98,6.06,Completed
450702,6,2019-11-02,Highlander,44776.38,3.86,Completed
450703,6,2019-11-18,Corolla,20454.88,3.86,Completed
450704,20,2019-11-13,RAV4,41542.2,5.77,Completed
450705,20,2019-11-22,Sienna,45084.06,5.77,Completed
450706,1,2019-11-08,Sienna,37165.42,5.24,Completed
450707,10,2019-11-14,Tacoma,31089.92,4.88,Completed
450708,19,2019-11-07,Corolla,23511.24,5.48,Completed
450709,5,2019-11-13,Highlander,51602.97,5.34,Completed
450710,3,2019-11-23,Prius,34889.37,5.69,Completed
450711,5,2019-11-04,Sienna,41604.28,5.34,Completed
450712,17,2019-11-21,RAV4,27713.96,4.51,Completed
450713,10,2019-11-13,Sienna,37408.68,4.88,Completed
450714,12,2019-11-25,Highlander,61007.6,5.65,Completed
450715,1,2019-11-07,Highlander,52168.35,5.24,Completed
450716,13,2019-11-14,Highlander,59821.24,5.61,Completed
450717,15,2019-11-01,Tacoma,36127.0,4.86,Completed
450718,18,2019-11-20,RAV4,51041.38,5.68,Completed
450719,7,2019-11-28,Tacoma,39596.44,5.39,Completed
450720,12,2019-11-30,Camry,35221.49,5.65,Completed
450721,5,2019-11-26,RAV4,40100.39,5.34,Completed
450722,15,2019-11-13,Camry,34591.4,4.86,Completed
450723,4,2019-11-16,RAV4,30939.76,3.81,Completed
450724,18,2019-11-03,Prius,32064.32,5.68,Completed
450725,2,2019-11-25,RAV4,31232.91,4.0,Completed
450726,3,2019-11-17,Corolla,28754.49,5.69,Completed
450727,3,2019-11-18,Sienna,47811.53,5.69,Completed
450728,4,2019-11-05,Tacoma,25086.11,3.81,Completed
450729,13,2019-11-15,Camry,40654.8,5.61,Completed
450730,13,2019-11-08,Highlander,61072.05,5.61,Completed
450731,6,2019-11-04,RAV4,32346.59,3.86,Completed
450732,12,2019-11-02,Tundra,45997.92,5.65,Completed
450733,2,2019-11-25,Highlander,42281.83,4.0,Completed
450734,8,2019-11-14,RAV4,41477.8,5.84,Completed
450735,20,2019-11-29,Prius,31613.88,5.77,Completed
450736,14,2019-11-12,Sienna,45049.36,5.1,Completed
450737,2,2019-11-06,RAV4,32603.55,4.0,Completed
450738,5,2019-11-09,Camry,34496.5,5.34,Completed
450739,16,2019-11-02,Tacoma,41860.04,6.06,Completed
450740,13,2019-11-07,Highlander,67947.0,5.61,Completed
450741,9,2019-11-12,Corolla,20250.35,4.4,Completed
450742,15,2019-11-26,Camry,37586.68,4.86,Completed
450743,2,2019-11-15,Tacoma,33703.6,4.0,Completed
450744,12,2019-11-02,Tacoma,41815.6,5.65,Completed
450745,7,2019-11-20,Tacoma,43799.06,5.39,Cancelled
450746,19,2019-11-13,Camry,29583.31,5.48,Completed
450747,9,2019-11-03,Corolla,20190.71,4.4,Completed
450748,2,2019-11-29,Camry,26370.91,4.0,Completed
450749,11,2019-11-09,Tacoma,27344.48,4.16,Completed
450750,11,2019-11-14,Sienna,32213.38,4.16,Completed
450751,5,2019-11-18,Camry,31437.11,5.34,Completed
450752,2,2019-11-02,Camry,27646.96,4.0,Completed
450753,5,2019-11-28,Tundra,43300.73,5.34,Completed
450754,3,2019-11-23,Prius,33923.66,5.69,Completed
450755,4,2019-11-12,Prius,23231.64,3.81,Completed
450756,8,2019-11-20,Highlander,60396.13,5.84,Completed
450757,18,2019-11-19,Corolla,26895.22,5.68,Completed
450758,5,2019-11-01,Corolla,21553.19,5.34,Completed
450759,7,2019-11-25,Tundra,48305.76,5.39,Completed
450760,2,2019-11-24,Tundra,40138.99,4.0,Completed
450761,4,2019-11-06,Sienna,35120.59,3.81,Completed
450762,11,2019-11-07,Tacoma,31927.7,4.16,Completed
450763,1,2019-11-21,Sienna,41744.52,5.24,Completed
450764,4,2019-11-12,Tundra,31691.06,3.81,Completed
450765,12,2019-11-26,RAV4,41443.8,5.65,Completed
450766,8,2019-11-18,Camry,35770.07,5.84,Completed
450767,1,2019-11-05,Tundra,41961.47,5.24,Pending
450768,9,2019-11-27,Prius,20582.02,4.4,Pending
450769,8,2019-11-22,RAV4,39417.42,5.84,Completed
450770,17,2019-11-01,Tundra,34698.84,4.51,Completed
450771,6,2019-11-05,Camry,25582.59,3.86,Completed
450772,14,2019-11-13,Highlander,61283.61,5.1,Completed
450773,8,2019-11-25,Camry,38293.61,5.84,Completed
450774,2,2019-11-05,Tundra,39571.62,4.0,Completed
450775,14,2019-11-30,Prius,31676.23,5.1,Completed
450776,1,2019-11-17,Sienna,39777.87,5.24,Completed
450777,18,2019-11-21,Corolla,27963.49,5.68,Completed
450778,8,2019-11-29,Tacoma,37353.06,5.84,Pending
450779,18,2019-11-30,Highlander,70425.0,5.68,Completed
450780,13,2019-11-03,Sienna,52193.65,5.61,Pending
450781,18,2019-11-24,Sienna,52623.3,5.68,Completed
450782,7,2019-11-11,RAV4,47328.69,5.39,Completed
450783,20,2019-11-30,Corolla,26155.4,5.77,Completed
450784,12,2019-11-30,RAV4,44089.68,5.65,Completed
450785,4,2019-11-03,Corolla,17741.39,3.81,Completed
450786,14,2019-11-01,Highlander,61184.09,5.1,Cancelled
450787,10,2019-11-26,Corolla,19990.42,4.88,Completed
450788,13,2019-11-13,Camry,35503.84,5.61,Completed
450789,12,2019-11-19,Tacoma,40529.3,5.65,Completed
450790,20,2019-11-20,Camry,40150.88,5.77,Completed
450791,1,2019-11-07,RAV4,37025.61,5.24,Completed
450792,6,2019-11-08,Prius,21244.09,3.86,Pending
450793,6,2019-11-22,Tundra,31304.34,3.86,Completed
450794,8,2019-11-21,Sienna,48162.21,5.84,Completed
450795,11,2019-11-15,Sienna,37368.6,4.16,Completed
450796,2,2019-11-02,Highlander,50631.88,4.0,Completed
450797,6,2019-11-25,Tacoma,29599.96,3.86,Completed
450798,5,2019-11-26,RAV4,34839.01,5.34,Completed
450799,14,2019-11-12,Sienna,42967.45,5.1,Completed
450800,18,2019-11-17,Tacoma,42001.99,5.68,Completed
450801,12,2019-11-05,RAV4,39923.72,5.65,Completed
450802,20,2019-11-30,Prius,28920.22,5.77,Completed
450803,14,2019-11-08,Tundra,45322.7,5.1,Completed
450804,11,2019-11-23,Tacoma,30901.64,4.16,Completed
450805,14,2019-11-06,RAV4,37959.6,5.1,Completed
450806,18,2019-11-08,Tundra,54329.46,5.68,Completed
450807,13,2019-11-17,Camry,35316.83,5.61,Completed
450808,16,2019-11-18,RAV4,42389.63,6.06,Completed
450809,17,2019-11-23,Tundra,33054.71,4.51,Completed
450810,16,2019-11-17,Prius,30185.55,6.06,Completed
450811,8,2019-11-29,Highlander,65937.0,5.84,Completed
450812,5,2019-11-20,Tacoma,37449.36,5.34,Completed
450813,15,2019-11-23,Tundra,49181.4,4.86,Completed
450814,8,2019-11-23,Sienna,43291.61,5.84,Completed
450815,3,2019-11-05,Tundra,49888.4,5.69,Completed
450816,8,2019-11-24,Camry,40570.43,5.84,Completed
450817,10,2019-11-26,Highlander,47678.38,4.88,Completed
450818,14,2019-11-14,Prius,28773.53,5.1,Completed
450819,17,2019-11-10,Sienna,34838.01,4.51,Completed
450820,13,2019-11-04,Prius,33461.77,5.61,Completed
450821,6,2019-11-11,Tundra,35183.91,3.86,Completed
450822,13,2019-11-02,Tundra,53692.4,5.61,Completed
450823,17,2019-11-11,Sienna,31027.27,4.51,Completed
450824,20,2019-11-10,Tundra,43764.33,5.77,Completed
450825,9,2019-11-15,Corolla,21537.06,4.4,Completed
450826,4,2019-11-08,Camry,25962.28,3.81,Completed
450827,15,2019-11-01,Sienna,42741.94,4.86,Completed
450828,18,2019-11-27,RAV4,50736.43,5.68,Completed
450829,4,2019-11-21,Highlander,44602.03,3.81,Completed
450830,7,2019-11-29,Sienna,44109.42,5.39,Completed
450831,12,2019-11-17,RAV4,46412.0,5.65,Completed
450832,14,2019-11-24,Prius,30860.9,5.1,Completed
450833,5,2019-11-20,Tundra,40734.87,5.34,Completed
450834,8,2019-11-10,Tundra,47295.67,5.84,Completed
450835,3,2019-11-06,Highlander,68602.17,5.69,Completed
450836,6,2019-11-15,Tacoma,28255.86,3.86,Completed
450837,2,2019-11-18,Corolla,22231.73,4.0,Completed
450838,7,2019-11-14,Tacoma,41495.97,5.39,Completed
450839,15,2019-11-07,Highlander,56500.16,4.86,Completed
450840,13,2019-11-12,Tacoma,44030.57,5.61,Completed
450841,1,2019-11-23,Tacoma,35029.41,5.24,Completed
450842,14,2019-11-11,Highlander,55083.14,5.1,Completed
450843,3,2019-11-06,Highlander,66707.51,5.69,Completed
450844,17,2019-11-22,Tacoma,25532.02,4.51,Completed
450845,15,2019-11-14,Tundra,44448.83,4.86,Completed
450846,15,2019-11-21,Sienna,43928.14,4.86,Completed
450847,7,2019-11-30,Camry,37524.08,5.39,Completed
450848,16,2019-11-12,Prius,31689.39,6.06,Completed
450849,16,2019-11-10,Highlander,66970.22,6.06,Completed
450850,12,2019-11-19,Tacoma,43150.5,5.65,Pending
450851,4,2019-11-26,Prius,23119.76,3.81,Completed
450852,9,2019-11-11,Sienna,34036.15,4.4,Completed
450853,13,2019-11-19,Corolla,28525.42,5.61,Pending
450854,17,2019-11-22,Corolla,17744.87,4.51,Completed
450855,8,2019-11-11,Tacoma,39978.12,5.84,Completed
450856,3,2019-11-02,Corolla,29673.93,5.69,Completed
450857,5,2019-11-27,RAV4,36128.45,5.34,Completed
450858,20,2019-11-16,Tacoma,38189.83,5.77,Completed
450859,2,2019-11-14,Highlander,46047.35,4.0,Completed
450860,3,2019-11-24,Prius,31783.5,5.69,Completed
450861,3,2019-11-19,Tundra,49256.83,5.69,Completed
450862,6,2019-11-23,Highlander,43372.49,3.86,Completed
450863,17,2019-11-01,Prius,21696.49,4.51,Pending
450864,20,2019-11-09,Tundra,50533.18,5.77,Completed
450865,2,2019-11-04,Highlander,50363.69,4.0,Pending
450866,14,2019-11-17,Highlander,59846.62,5.1,Completed
450867,11,2019-11-13,Corolla,21637.09,4.16,Completed
450868,7,2019-11-05,Tacoma,40584.39,5.39,Completed
450869,14,2019-11-03,RAV4,42296.8,5.1,Completed
450870,19,2019-11-03,Highlander,53797.67,5.48,Completed
450871,8,2019-11-26,RAV4,43364.91,5.84,Completed
450872,14,2019-11-09,Tacoma,34887.22,5.1,Completed
450873,6,2019-11-29,Sienna,33143.56,3.86,Completed
450874,15,2019-11-05,Sienna,51828.25,4.86,Completed
450875,10,2019-11-23,Highlander,42069.17,4.88,Cancelled
450876,6,2019-11-10,Corolla,17745.36,3.86,Completed
450877,6,2019-11-09,Corolla,18399.81,3.86,Completed
450878,8,2019-11-18,RAV4,44181.83,5.84,Completed
450879,18,2019-11-25,Tacoma,47003.18,5.68,Completed
450880,16,2019-11-12,Corolla,25643.8,6.06,Completed
450881,19,2019-11-23,Prius,26945.66,5.48,Completed
450882,20,2019-11-08,Camry,34169.02,5.77,Completed
450883,13,2019-11-07,Prius,31544.85,5.61,Completed
450884,4,2019-11-22,RAV4,29569.86,3.81,Pending
450885,4,2019-11-11,Camry,26369.26,3.81,Completed
450886,14,2019-11-14,Corolla,24543.76,5.1,Completed
450887,11,2019-11-12,Sienna,33364.27,4.16,Completed
450888,20,2019-11-28,Tacoma,41060.34,5.77,Completed
450889,7,2019-11-21,Tundra,50294.32,5.39,Completed
450890,10,2019-11-01,Sienna,34575.6,4.88,Completed
450891,20,2019-11-16,Prius,30801.12,5.77,Completed
450892,15,2019-11-06,Prius,32458.24,4.86,Completed
450893,5,2019-11-24,Prius,25873.83,5.34,Completed
450894,4,2019-11-29,Prius,22464.8,3.81,Completed
450895,4,2019-11-08,Highlander,39187.66,3.81,Completed
450896,1,2019-11-14,Highlander,46930.66,5.24,Completed
450897,18,2019-11-18,Prius,34095.77,5.68,Completed
450898,1,2019-11-20,Sienna,36526.28,5.24,Completed
450899,20,2019-11-08,RAV4,40412.54,5.77,Completed
450900,6,2019-11-30,Camry,24181.64,3.86,Completed
450901,20,2019-11-10,Sienna,46637.1,5.77,Completed
450902,6,2019-11-08,Tundra,34257.55,3.86,Completed
450903,1,2019-11-24,Camry,32303.05,5.24,Completed
450904,5,2019-11-13,Prius,28265.14,5.34,Completed
450905,4,2019-11-09,Camry,25357.42,3.81,Completed
450906,2,2019-11-17,Tundra,34386.88,4.0,Completed
450907,6,2019-11-15,Sienna,34212.51,3.86,Completed
450908,1,2019-11-29,Corolla,25002.98,5.24,Completed
450909,13,2019-11-16,Highlander,60725.31,5.61,Completed
450910,14,2019-11-11,Highlander,55423.36,5.1,Completed
450911,8,2019-11-16,Corolla,29532.55,5.84,Completed
450912,2,2019-11-07,Sienna,40166.76,4.0,Completed
450913,12,2019-11-29,Prius,30199.7,5.65,Completed
450914,18,2019-11-15,Prius,35615.84,5.68,Completed
450915,17,2019-11-18,Highlander,42817.47,4.51,Completed
450916,15,2019-11-22,Highlander,62710.74,4.86,Completed
450917,9,2019-11-01,Tundra,35703.44,4.4,Completed
450918,3,2019-11-06,Prius,33303.5,5.69,Completed
450919,1,2019-11-07,Tacoma,32634.55,5.24,Completed
450920,5,2019-11-28,Prius,24457.12,5.34,Completed
450921,4,2019-11-02,Prius,20500.65,3.81,Completed
450922,12,2019-11-13,Highlander,59533.44,5.65,Completed
450923,20,2019-11-18,Corolla,26710.53,5.77,Completed
450924,4,2019-11-17,Tundra,34966.49,3.81,Completed
450925,2,2019-11-15,RAV4,30748.6,4.0,Completed
450926,3,2019-11-15,Camry,39792.73,5.69,Completed
450927,5,2019-11-22,Corolla,21605.37,5.34,Completed
450928,19,2019-11-25,Prius,24797.24,5.48,Completed
450929,18,2019-11-26,Camry,41907.4,5.68,Completed
450930,12,2019-11-05,Highlander,64983.88,5.65,Completed
450931,18,2019-11-10,Prius,32119.8,5.68,Completed
450932,6,2019-11-04,Corolla,20117.93,3.86,Completed
450933,1,2019-11-22,Tacoma,31906.81,5.24,Completed
450934,3,2019-11-04,Sienna,47610.03,5.69,Completed
450935,20,2019-11-21,Camry,35492.64,5.77,Completed
450936,8,2019-11-19,Highlander,58324.75,5.84,Completed
450937,9,2019-11-04,Tacoma,28821.24,4.4,Cancelled
450938,8,2019-11-10,RAV4,42151.1,5.84,Completed
450939,3,2019-11-07,RAV4,41376.87,5.69,Completed
450940,1,2019-11-26,Corolla,24180.56,5.24,Completed
450941,16,2019-11-02,Sienna,44661.35,6.06,Completed
450942,18,2019-11-08,Camry,36858.4,5.68,Completed
450943,1,2019-11-08,Tacoma,34360.42,5.24,Completed
450944,9,2019-11-12,Corolla,18212.82,4.4,Completed
450945,20,2019-11-17,Prius,29518.18,5.77,Completed
450946,5,2019-11-04,Sienna,37160.12,5.34,Cancelled
450947,9,2019-11-23,Prius,20346.29,4.4,Completed
450948,17,2019-11-12,Camry,25470.89,4.51,Completed
450949,19,2019-11-27,Tacoma,35568.42,5.48,Completed
450950,3,2019-11-21,Highlander,62816.53,5.69,Completed
450951,2,2019-11-02,Camry,31184.8,4.0,Completed
450952,19,2019-11-04,Prius,27058.59,5.48,Completed
450953,1,2019-11-08,Tacoma,36974.48,5.24,Completed
450954,11,2019-11-20,Prius,24562.17,4.16,Completed
450955,11,2019-11-05,Highlander,46543.63,4.16,Completed
450956,18,2019-11-05,Camry,38786.67,5.68,Completed
450957,6,2019-11-22,RAV4,31784.21,3.86,Completed
450958,17,2019-11-27,Camry,24944.17,4.51,Completed
450959,13,2019-11-29,Corolla,30341.37,5.61,Completed
450960,15,2019-11-19,Tundra,49511.71,4.86,Completed
450961,9,2019-11-14,Tundra,38054.37,4.4,Completed
450962,9,2019-11-01,Corolla,18936.96,4.4,Completed
450963,12,2019-11-27,Tacoma,40041.29,5.65,Completed
450964,17,2019-11-07,RAV4,29805.14,4.51,Completed
450965,20,2019-11-28,Tundra,43956.52,5.77,Completed
450966,19,2019-11-08,Tundra,39251.19,5.48,Completed
450967,17,2019-11-13,Camry,26684.89,4.51,Completed
450968,15,2019-11-02,Tundra,45438.78,4.86,Completed
450969,20,2019-11-29,RAV4,46831.08,5.77,Completed
450970,9,2019-11-19,Tacoma,26460.77,4.4,Completed
450971,5,2019-11-07,Corolla,21086.59,5.34,Completed
450972,6,2019-11-24,Highlander,44790.27,3.86,Completed
450973,10,2019-11-03,Corolla,22409.25,4.88,Completed
450974,12,2019-11-20,Prius,30370.51,5.65,Completed
450975,18,2019-11-17,Camry,39583.35,5.68,Completed
450976,10,2019-11-20,Camry,29008.75,4.88,Completed
450977,12,2019-11-10,Tundra,44613.18,5.65,Completed
450978,3,2019-11-15,Tacoma,45770.21,5.69,Completed
450979,1,2019-11-16,Prius,24981.64,5.24,Completed
450980,5,2019-11-07,RAV4,40455.63,5.34,Completed
450981,19,2019-11-24,Highlander,54622.42,5.48,Completed
450982,6,2019-11-06,Corolla,18932.95,3.86,Completed
450983,6,2019-11-17,RAV4,28414.94,3.86,Completed
450984,14,2019-11-03,Tacoma,37561.42,5.1,Completed
450985,2,2019-11-21,Highlander,42801.55,4.0,Completed
450986,11,2019-11-15,Sienna,32110.82,4.16,Completed
450987,2,2019-11-05,Camry,27453.39,4.0,Completed
450988,17,2019-11-20,Tundra,32608.07,4.51,Completed
450989,11,2019-11-21,Prius,24679.62,4.16,Completed
450990,9,2019-11-13,Tacoma,27641.08,4.4,Completed
450991,19,2019-11-27,Tacoma,38062.63,5.48,Completed
450992,6,2019-11-07,Prius,20627.0,3.86,Completed
450993,12,2019-11-13,Prius,31097.83,5.65,Completed
450994,8,2019-11-06,RAV4,42385.44,5.84,Completed
450995,14,2019-11-16,Camry,32691.84,5.1,Completed
450996,1,2019-11-12,RAV4,33646.92,5.24,Completed
450997,10,2019-11-02,RAV4,34261.93,4.88,Completed
450998,3,2019-11-01,Prius,31128.8,5.69,Completed
450999,15,2019-11-20,Tacoma,41224.42,4.86,Completed
451000,13,2019-11-11,RAV4,49374.52,5.61,Cancelled
451001,13,2019-11-20,Camry,40537.07,5.61,Completed
451002,1,2019-11-26,Tacoma,32779.1,5.24,Pending
451003,13,2019-11-10,Prius,30475.23,5.61,Completed
451004,15,2019-11-30,Sienna,51399.54,4.86,Completed
451005,12,2019-11-10,Sienna,44823.72,5.65,Pending
451006,2,2019-11-25,Prius,24715.39,4.0,Completed
451007,8,2019-11-02,Camry,39094.17,5.84,Cancelled
451008,12,2019-11-16,Corolla,27259.08,5.65,Completed
451009,10,2019-11-09,Tacoma,30154.42,4.88,Completed
451010,17,2019-11-15,Sienna,36800.32,4.51,Completed
451011,5,2019-11-03,Camry,30399.21,5.34,Completed
451012,18,2019-11-12,Tundra,54396.01,5.68,Completed
451013,8,2019-11-13,Tacoma,42627.94,5.84,Completed
451014,15,2019-11-22,Tacoma,36606.94,4.86,Completed
451015,18,2019-11-28,Highlander,70412.37,5.68,Completed
451016,18,2019-11-29,Corolla,32299.7,5.68,Completed
451017,7,2019-11-18,Corolla,28146.54,5.39,Completed
451018,17,2019-11-04,Tacoma,26811.71,4.51,Completed
451019,17,2019-11-30,Corolla,18735.59,4.51,Completed
451020,6,2019-11-14,Sienna,31396.52,3.86,Cancelled
451021,12,2019-11-27,Camry,39592.23,5.65,Completed
451022,20,2019-11-21,Sienna,48282.0,5.77,Completed
451023,17,2019-11-24,Tundra,36177.5,4.51,Completed
451024,9,2019-11-29,Tundra,34968.09,4.4,Completed
451025,7,2019-11-19,Camry,36686.35,5.39,Completed
451026,17,2019-11-12,Camry,26475.26,4.51,Completed
451027,17,2019-11-11,Corolla,20083.55,4.51,Completed
451028,14,2019-11-16,Sienna,47635.58,5.1,Completed
451029,20,2019-11-11,Tundra,44234.14,5.77,Completed
451030,19,2019-11-25,Highlander,56675.82,5.48,Completed
451031,19,2019-11-08,RAV4,37287.36,5.48,Completed
451032,15,2019-11-30,Tundra,47738.53,4.86,Completed
451033,5,2019-11-28,Tundra,39126.5,5.34,Completed
451034,9,2019-11-21,Corolla,20236.65,4.4,Completed
451035,4,2019-11-03,Prius,20667.68,3.81,Completed
451036,13,2019-11-29,Tacoma,39979.4,5.61,Completed
451037,12,2019-11-03,Prius,30360.87,5.65,Completed
451038,16,2019-11-06,Prius,32413.74,6.06,Completed
451039,6,2019-11-01,RAV4,32879.39,3.86,Completed
451040,10,2019-11-04,Prius,21591.18,4.88,Completed
451041,10,2019-11-14,RAV4,32816.15,4.88,Completed
451042,20,2019-11-24,Tacoma,44397.58,5.77,Completed
451043,3,2019-11-28,Tundra,54509.04,5.69,Completed
451044,9,2019-11-10,Sienna,32321.48,4.4,Completed
451045,13,2019-11-21,Tundra,50671.49,5.61,Completed
451046,15,2019-11-04,RAV4,46940.74,4.86,Completed
451047,6,2019-11-02,Corolla,19294.08,3.86,Completed
451048,8,2019-11-29,Tacoma,37915.67,5.84,Completed
451049,10,2019-11-17,Tacoma,31843.99,4.88,Cancelled
451050,1,2019-11-27,Sienna,41824.37,5.24,Completed
451051,12,2019-11-13,Tacoma,42715.97,5.65,Completed
451052,19,2019-11-11,Sienna,42078.59,5.48,Completed
451053,20,2019-11-01,Tacoma,40172.63,5.77,Completed
451054,3,2019-11-28,Corolla,29060.24,5.69,Completed
451055,7,2019-11-26,Tacoma,41125.6,5.39,Completed
451056,4,2019-11-20,Sienna,33903.29,3.81,Completed
451057,19,2019-11-20,Corolla,22376.51,5.48,Completed
451058,20,2019-11-09,Tacoma,43144.34,5.77,Completed
451059,5,2019-11-14,Camry,31930.08,5.34,Completed
451060,19,2019-11-26,Tacoma,33895.34,5.48,Completed
451061,14,2019-11-12,RAV4,44662.42,5.1,Completed
451062,14,2019-11-26,Tundra,41468.49,5.1,Completed
451063,17,2019-11-08,Tundra,34757.78,4.51,Completed
451064,6,2019-11-15,Prius,20963.85,3.86,Completed
451065,14,2019-11-05,Tacoma,42163.78,5.1,Completed
451066,3,2019-11-23,RAV4,49023.02,5.69,Completed
451067,8,2019-11-16,Prius,30237.35,5.84,Completed
451068,6,2019-11-07,Sienna,36600.19,3.86,Completed
451069,12,2019-11-28,Camry,36481.35,5.65,Completed
451070,12,2019-11-23,Camry,33293.18,5.65,Completed
451071,9,2019-11-07,Corolla,19766.92,4.4,Completed
451072,17,2019-11-27,Tacoma,29419.03,4.51,Completed
451073,17,2019-11-14,Sienna,33453.14,4.51,Pending
451074,2,2019-11-02,RAV4,33626.68,4.0,Completed
451075,6,2019-11-19,Prius,21762.73,3.86,Completed
451076,19,2019-11-16,Tacoma,37872.25,5.48,Completed
451077,2,2019-11-30,Prius,21928.48,4.0,Completed
451078,16,2019-11-15,Tundra,45671.58,6.06,Completed
451079,1,2019-11-05,Prius,26940.56,5.24,Completed
451080,19,2019-11-19,Camry,30417.2,5.48,Completed
451081,6,2019-11-07,RAV4,30050.78,3.86,Completed
451082,5,2019-11-19,Tacoma,33967.03,5.34,Completed
451083,9,2019-11-23,Highlander,42927.69,4.4,Completed
451084,8,2019-11-02,Prius,28038.78,5.84,Completed
451085,3,2019-11-29,Camry,36022.29,5.69,Completed
451086,5,2019-11-17,Tacoma,34319.52,5.34,Completed
451087,13,2019-11-04,Camry,37415.14,5.61,Completed
451088,17,2019-11-05,Tundra,35664.14,4.51,Completed
451089,15,2019-11-19,Prius,32472.29,4.86,Completed
451090,13,2019-11-26,RAV4,44563.1,5.61,Completed
451091,13,2019-11-23,Prius,31779.93,5.61,Completed
451092,14,2019-11-18,Corolla,23716.09,5.1,Completed
451093,20,2019-11-21,Camry,39814.95,5.77,Completed
451094,5,2019-11-10,Prius,24801.5,5.34,Completed
451095,7,2019-11-03,Corolla,28252.18,5.39,Completed
451096,6,2019-11-13,Sienna,37189.01,3.86,Completed
451097,6,2019-11-04,RAV4,31453.17,3.86,Completed
451098,19,2019-11-30,Prius,28769.14,5.48,Completed
451099,5,2019-11-14,Camry,29242.96,5.34,Completed
451100,3,2019-11-13,Sienna,49815.39,5.69,Completed
451101,9,2019-11-02,Tacoma,32111.92,4.4,Completed
451102,15,2019-11-14,Camry,38389.32,4.86,Completed
451103,20,2019-11-27,Highlander,66134.14,5.77,Completed
451104,12,2019-11-06,Corolla,29317.55,5.65,Completed
451105,9,2019-11-25,Camry,24820.01,4.4,Completed
451106,6,2019-11-20,Corolla,19521.09,3.86,Completed
451107,13,2019-11-17,Prius,30063.53,5.61,Completed
451108,18,2019-11-25,Tundra,47274.83,5.68,Pending
451109,14,2019-11-24,RAV4,41107.11,5.1,Completed
451110,3,2019-11-10,Sienna,53404.67,5.69,Completed
451111,9,2019-11-09,Prius,24528.73,4.4,Completed
451112,20,2019-11-14,Corolla,24820.91,5.77,Completed
451113,1,2019-11-26,Sienna,41709.47,5.24,Completed
451114,11,2019-11-25,Camry,25559.47,4.16,Completed
451115,15,2019-11-27,Prius,28081.13,4.86,Completed
451116,20,2019-11-20,Sienna,43762.83,5.77,Completed
451117,10,2019-11-23,Corolla,21332.19,4.88,Completed
451118,17,2019-11-27,Prius,22294.6,4.51,Completed
451119,19,2019-11-30,Prius,26721.16,5.48,Completed
451120,14,2019-11-06,Tundra,43106.02,5.1,Completed
451121,13,2019-11-08,Highlander,61608.78,5.61,Completed
451122,12,2019-11-10,Sienna,44019.66,5.65,Completed
451123,13,2019-11-13,Tundra,51649.14,5.61,Completed
451124,15,2019-11-18,Corolla,24750.21,4.86,Completed
451125,18,2019-11-08,RAV4,48657.86,5.68,Completed
451126,14,2019-11-19,Prius,27340.2,5.1,Completed
451127,9,2019-11-18,Camry,24365.83,4.4,Completed
451128,8,2019-11-19,Camry,39499.07,5.84,Completed
451129,1,2019-11-28,Tundra,39301.14,5.24,Completed
451130,14,2019-11-12,Highlander,56322.31,5.1,Completed
451131,3,2019-11-27,Tundra,47477.08,5.69,Completed
451132,19,2019-11-25,Camry,30515.37,5.48,Completed
451133,13,2019-11-29,RAV4,41673.9,5.61,Completed
451134,11,2019-11-07,Sienna,34618.67,4.16,Completed
451135,1,2019-11-28,RAV4,38147.18,5.24,Completed
451136,7,2019-11-24,Tundra,44356.55,5.39,Pending
451137,20,2019-11-15,Tacoma,40534.64,5.77,Completed
451138,16,2019-11-13,Highlander,57116.05,6.06,Completed
451139,18,2019-11-25,Sienna,46245.1,5.68,Completed
451140,7,2019-11-24,Camry,41433.47,5.39,Completed
451141,17,2019-11-18,RAV4,29801.65,4.51,Completed
451142,17,2019-11-26,Camry,24245.82,4.51,Completed
451143,10,2019-11-30,RAV4,35854.54,4.88,Completed
451144,9,2019-11-24,Tacoma,30590.28,4.4,Completed
451145,11,2019-11-10,Sienna,35894.29,4.16,Completed
451146,8,2019-11-08,Camry,35042.16,5.84,Completed
451147,7,2019-11-20,Corolla,26156.06,5.39,Completed
451148,5,2019-11-30,Tundra,43010.17,5.34,Completed
451149,2,2019-11-10,Sienna,38391.57,4.0,Completed
451150,3,2019-11-29,RAV4,44998.2,5.69,Completed
451151,6,2019-11-11,Camry,25452.17,3.86,Completed
451152,15,2019-11-21,Sienna,43963.68,4.86,Completed
451153,5,2019-11-05,Sienna,42772.05,5.34,Completed
451154,19,2019-11-30,Sienna,43055.85,5.48,Completed
451155,7,2019-11-11,Tacoma,37167.41,5.39,Completed
451156,15,2019-11-27,Sienna,45718.36,4.86,Completed
451157,1,2019-11-15,Tundra,41743.85,5.24,Completed
451158,12,2019-11-22,Highlander,58901.73,5.65,Completed
451159,16,2019-11-13,Camry,37617.39,6.06,Cancelled
451160,6,2019-11-12,Tundra,35949.8,3.86,Completed
451161,14,2019-11-12,RAV4,37684.09,5.1,Completed
451162,13,2019-11-06,Highlander,61552.72,5.61,Completed
451163,16,2019-11-10,Sienna,50735.11,6.06,Completed
451164,15,2019-11-14,Sienna,44273.04,4.86,Completed
451165,17,2019-11-20,RAV4,29410.45,4.51,Completed
451166,17,2019-11-12,Highlander,43505.84,4.51,Completed
451167,17,2019-11-25,Camry,26409.21,4.51,Completed
451168,6,2019-11-02,Sienna,31070.04,3.86,Completed
451169,12,2019-11-28,Sienna,43692.87,5.65,Completed
451170,18,2019-11-13,Highlander,66554.24,5.68,Completed
451171,6,2019-11-05,Tundra,36587.65,3.86,Completed
451172,5,2019-11-07,Corolla,21584.87,5.34,Cancelled
451173,11,2019-11-25,Tacoma,29921.86,4.16,Completed
451174,11,2019-11-11,RAV4,34788.63,4.16,Completed
451175,20,2019-11-14,Sienna,51727.4,5.77,Completed
451176,6,2019-11-14,RAV4,32368.7,3.86,Completed
451177,3,2019-11-10,Corolla,29623.84,5.69,Completed
451178,5,2019-11-24,Sienna,43398.25,5.34,Completed
451179,14,2019-11-13,RAV4,44037.56,5.1,Completed
451180,1,2019-11-22,Corolla,22268.83,5.24,Completed
451181,3,2019-11-04,Highlander,57173.74,5.69,Completed
451182,14,2019-11-03,Tundra,50283.4,5.1,Completed
451183,7,2019-11-18,Prius,28902.59,5.39,Completed
451184,11,2019-11-14,Highlander,43622.04,4.16,Completed
451185,14,2019-11-29,Corolla,26286.16,5.1,Completed
451186,13,2019-11-18,Camry,40793.17,5.61,Completed
451187,18,2019-11-03,Camry,42657.93,5.68,Completed
451188,19,2019-11-16,Prius,25666.57,5.48,Completed
451189,18,2019-11-23,Highlander,70220.01,5.68,Completed
451190,16,2019-11-07,Highlander,64289.4,6.06,Completed
451191,1,2019-11-19,Tundra,40680.17,5.24,Completed
451192,11,2019-11-04,Tacoma,28296.38,4.16,Completed
451193,4,2019-11-13,Tacoma,25343.82,3.81,Completed
451194,3,2019-11-02,RAV4,42057.07,5.69,Completed
451195,2,2019-11-24,Prius,22360.36,4.0,Completed
451196,19,2019-11-22,Corolla,22172.36,5.48,Completed
451197,1,2019-11-15,Sienna,39163.58,5.24,Completed
451198,15,2019-11-21,RAV4,43755.59,4.86,Completed
451199,4,2019-11-26,Camry,25214.98,3.81,Completed
451200,8,2019-11-11,RAV4,39450.4,5.84,Pending
451201,13,2019-11-05,Highlander,62494.83,5.61,Completed
451202,13,2019-11-05,Corolla,28546.29,5.61,Completed
451203,8,2019-11-01,Tacoma,44153.53,5.84,Completed
451204,1,2019-11-10,Camry,31603.31,5.24,Completed
451205,10,2019-11-11,Highlander,42694.33,4.88,Completed
451206,9,2019-11-02,Tacoma,29902.92,4.4,Completed
451207,3,2019-11-15,Highlander,64519.87,5.69,Completed
451208,6,2019-11-05,RAV4,30709.62,3.86,Completed
451209,8,2019-11-07,Highlander,60514.2,5.84,Completed
451210,18,2019-11-21,Sienna,51367.89,5.68,Completed
451211,19,2019-11-15,RAV4,38192.07,5.48,Completed
451212,7,2019-11-08,Sienna,46279.91,5.39,Completed
451213,15,2019-11-20,Highlander,54404.18,4.86,Completed
451214,20,2019-11-30,Tacoma,42262.24,5.77,Completed
451215,4,2019-11-28,RAV4,29856.26,3.81,Completed
451216,9,2019-11-13,Prius,22212.17,4.4,Completed
451217,5,2019-11-06,Tacoma,34848.02,5.34,Completed
451218,17,2019-11-05,Sienna,35408.41,4.51,Completed
451219,17,2019-11-21,Corolla,18861.26,4.51,Completed
451220,2,2019-11-29,Camry,31048.88,4.0,Completed
451221,16,2019-11-16,Camry,41313.71,6.06,Completed
451222,2,2019-11-10,Corolla,19977.67,4.0,Completed
451223,7,2019-11-16,Corolla,27009.59,5.39,Completed
451224,3,2019-11-18,Highlander,62549.36,5.69,Completed
451225,1,2019-11-26,Camry,33220.35,5.24,Completed
451226,6,2019-11-21,Corolla,21043.51,3.86,Cancelled
451227,3,2019-11-27,Tundra,52074.15,5.69,Completed
451228,16,2019-11-02,RAV4,47022.07,6.06,Completed
451229,7,2019-11-15,Camry,39108.88,5.39,Completed
451230,7,2019-11-12,Highlander,56392.63,5.39,Completed
451231,9,2019-11-04,Corolla,20016.76,4.4,Completed
451232,17,2019-11-11,Prius,21775.39,4.51,Completed
451233,15,2019-11-29,Sienna,42669.77,4.86,Completed
451234,15,2019-11-16,Sienna,48150.77,4.86,Completed
451235,6,2019-11-15,RAV4,32380.02,3.86,Completed
451236,18,2019-11-07,Sienna,52218.08,5.68,Completed
451237,17,2019-11-17,Tacoma,25900.4,4.51,Completed
451238,13,2019-11-04,RAV4,47874.02,5.61,Completed
451239,11,2019-11-02,Prius,21294.66,4.16,Completed
451240,18,2019-11-21,RAV4,48407.45,5.68,Completed
451241,9,2019-11-30,Tacoma,28854.66,4.4,Completed
451242,3,2019-11-08,RAV4,48973.43,5.69,Cancelled
451243,4,2019-11-16,Corolla,20304.15,3.81,Completed
451244,18,2019-11-19,RAV4,42362.23,5.68,Completed
451245,6,2019-11-30,RAV4,29780.65,3.86,Completed
451246,2,2019-11-18,Tundra,37562.27,4.0,Completed
451247,18,2019-11-17,Tundra,55594.36,5.68,Completed
451248,15,2019-11-01,Highlander,57648.96,4.86,Completed
451249,3,2019-11-07,Camry,40090.15,5.69,Completed
451250,8,2019-11-18,Tacoma,43568.14,5.84,Completed
451251,3,2019-11-21,Tacoma,44736.8,5.69,Completed
451252,13,2019-11-08,Tundra,51267.9,5.61,Completed
451253,18,2019-11-19,Prius,36531.51,5.68,Completed
451254,19,2019-11-20,Highlander,57376.59,5.48,Completed
451255,9,2019-11-18,Camry,29594.02,4.4,Completed
451256,1,2019-11-21,RAV4,37986.64,5.24,Completed
451257,5,2019-11-23,Prius,24639.53,5.34,Completed
451258,8,2019-11-15,Corolla,26528.6,5.84,Completed
451259,20,2019-11-29,RAV4,43097.49,5.77,Completed
451260,18,2019-11-15,Camry,42644.7,5.68,Completed
451261,9,2019-11-19,Camry,26377.83,4.4,Completed
451262,3,2019-11-25,Highlander,68880.34,5.69,Completed
451263,5,2019-11-02,Camry,30182.46,5.34,Completed
451264,9,2019-11-26,Corolla,19502.24,4.4,Completed
451265,19,2019-11-25,Tacoma,33263.99,5.48,Completed
451266,9,2019-11-29,Camry,25483.7,4.4,Completed
451267,10,2019-11-24,Sienna,32419.68,4.88,Completed
451268,12,2019-11-28,RAV4,42971.78,5.65,Completed
451269,7,2019-11-21,Tacoma,42770.91,5.39,Completed
451270,2,2019-11-15,Camry,26845.75,4.0,Completed
451271,18,2019-11-23,Camry,39880.38,5.68,Completed
451272,11,2019-11-03,Camry,26770.65,4.16,Completed
451273,16,2019-11-12,Corolla,25491.28,6.06,Cancelled
451274,14,2019-11-22,Sienna,41739.25,5.1,Completed
451275,3,2019-11-26,Camry,37814.78,5.69,Completed
451276,8,2019-11-13,Highlander,61704.63,5.84,Pending
451277,4,2019-11-15,Tacoma,27871.05,3.81,Completed
451278,2,2019-11-13,Camry,30080.05,4.0,Completed
451279,9,2019-11-06,Sienna,36100.49,4.4,Cancelled
451280,3,2019-11-17,Camry,35751.15,5.69,Completed
451281,13,2019-11-17,Camry,42232.38,5.61,Completed
451282,13,2019-11-09,Sienna,52566.28,5.61,Completed
451283,2,2019-11-24,Highlander,47351.44,4.0,Completed
451284,5,2019-11-18,Corolla,23476.93,5.34,Completed
451285,14,2019-11-22,Prius,32109.6,5.1,Completed
451286,2,2019-11-21,Camry,27005.59,4.0,Completed
451287,3,2019-11-09,Sienna,50039.51,5.69,Completed
451288,10,2019-11-21,Prius,25135.98,4.88,Completed
451289,2,2019-11-30,Tacoma,31372.77,4.0,Completed
451290,20,2019-11-22,Tundra,45344.06,5.77,Completed
451291,10,2019-11-19,Sienna,36636.74,4.88,Completed
451292,12,2019-11-20,Tundra,44975.59,5.65,Pending
451293,17,2019-11-18,Camry,24402.37,4.51,Completed
451294,4,2019-11-04,Camry,23692.18,3.81,Completed
451295,5,2019-11-12,Sienna,36399.75,5.34,Completed
451296,15,2019-11-07,RAV4,40372.41,4.86,Pending
451297,18,2019-11-21,Tundra,53226.38,5.68,Completed
451298,17,2019-11-19,Highlander,38723.48,4.51,Completed
451299,2,2019-11-27,Corolla,19912.07,4.0,Completed
451300,5,2019-11-29,Camry,30878.82,5.34,Completed
451301,15,2019-11-21,Tundra,46201.82,4.86,Completed
451302,8,2019-11-27,Tacoma,43546.44,5.84,Completed
451303,6,2019-11-09,Tundra,36524.45,3.86,Completed
451304,1,2019-11-20,Highlander,49259.05,5.24,Completed
451305,10,2019-11-08,Tacoma,28582.26,4.88,Completed
451306,16,2019-11-13,Prius,33001.87,6.06,Completed
451307,7,2019-11-14,Tundra,49775.45,5.39,Cancelled
451308,8,2019-11-02,Tacoma,39856.59,5.84,Completed
451309,12,2019-11-27,Sienna,50523.83,5.65,Completed
451310,7,2019-11-20,RAV4,41323.09,5.39,Completed
451311,20,2019-11-19,Highlander,56630.84,5.77,Completed
451312,9,2019-11-17,Camry,27618.69,4.4,Completed
451313,2,2019-11-02,Sienna,37395.91,4.0,Completed
451314,19,2019-11-11,Corolla,21775.26,5.48,Completed
451315,10,2019-11-04,Tundra,34035.13,4.88,Completed
451316,11,2019-11-16,Camry,28223.09,4.16,Completed
451317,4,2019-11-28,Tacoma,28017.42,3.81,Completed
451318,19,2019-11-09,Tundra,44839.12,5.48,Completed
451319,9,2019-11-23,Tundra,34858.39,4.4,Completed
451320,5,2019-11-05,RAV4,39773.58,5.34,Completed
451321,1,2019-11-01,Camry,29052.04,5.24,Completed
451322,6,2019-11-15,Tundra,36818.52,3.86,Completed
451323,11,2019-11-29,Corolla,21850.39,4.16,Completed
451324,1,2019-11-28,Tacoma,34688.13,5.24,Completed
451325,1,2019-11-26,Sienna,36763.84,5.24,Completed
451326,20,2019-11-11,Tundra,44533.26,5.77,Completed
451327,18,2019-11-14,RAV4,42590.58,5.68,Completed
451328,10,2019-11-30,Prius,22276.77,4.88,Completed
451329,5,2019-11-09,Tacoma,33561.51,5.34,Completed
451330,18,2019-11-05,Corolla,30636.69,5.68,Completed
451331,3,2019-11-13,Corolla,27537.56,5.69,Completed
451332,2,2019-11-28,Tacoma,29346.31,4.0,Completed
451333,9,2019-11-18,Tacoma,29132.64,4.4,Completed
451334,16,2019-11-13,Corolla,26972.43,6.06,Completed
451335,17,2019-11-18,Camry,24757.94,4.51,Completed
451336,6,2019-11-16,Tacoma,27554.47,3.86,Completed
451337,3,2019-11-27,Sienna,49327.74,5.69,Completed
451338,7,2019-11-05,Tacoma,39861.87,5.39,Completed
451339,17,2019-11-30,Camry,24979.72,4.51,Completed
451340,17,2019-11-08,Tacoma,27235.11,4.51,Completed
451341,15,2019-11-03,Prius,32726.62,4.86,Completed
451342,6,2019-11-30,Tundra,31528.32,3.86,Completed
451343,6,2019-11-19,Corolla,19289.95,3.86,Completed
451344,3,2019-11-22,Camry,35388.18,5.69,Completed
451345,3,2019-11-30,Prius,32066.21,5.69,Completed
451346,6,2019-11-13,Corolla,19646.25,3.86,Completed
451347,15,2019-11-16,Corolla,27002.35,4.86,Completed
451348,14,2019-11-26,Corolla,28224.82,5.1,Completed
451349,20,2019-11-23,Highlander,61064.02,5.77,Completed
451350,12,2019-11-30,RAV4,45779.95,5.65,Completed
451351,16,2019-11-10,Prius,31465.23,6.06,Completed
451352,18,2019-11-08,Highlander,62100.41,5.68,Completed
451353,11,2019-11-12,Prius,22713.99,4.16,Completed
451354,19,2019-11-05,Tacoma,36940.14,5.48,Completed
451355,17,2019-11-08,Tundra,34465.46,4.51,Completed
451356,15,2019-11-25,Tundra,51467.57,4.86,Completed
451357,14,2019-11-04,Prius,30476.78,5.1,Completed
451358,4,2019-11-19,RAV4,31182.86,3.81,Completed
451359,18,2019-11-17,Highlander,68292.64,5.68,Completed
451360,6,2019-11-15,Prius,21266.95,3.86,Completed
451361,12,2019-11-14,Sienna,47383.95,5.65,Completed
451362,11,2019-11-02,Sienna,35270.3,4.16,Completed
451363,13,2019-11-19,RAV4,43228.81,5.61,Completed
451364,19,2019-11-08,Sienna,41295.87,5.48,Completed
451365,6,2019-11-23,Sienna,31062.52,3.86,Completed
451366,3,2019-11-23,Prius,32551.91,5.69,Completed
451367,5,2019-11-30,Highlander,49026.26,5.34,Completed
451368,10,2019-11-22,Sienna,33519.98,4.88,Completed
451369,6,2019-11-07,RAV4,30972.89,3.86,Completed
451370,19,2019-11-09,RAV4,40790.54,5.48,Completed
451371,19,2019-11-08,Tacoma,33660.52,5.48,Completed
451372,18,2019-11-13,Tacoma,46375.42,5.68,Completed
451373,3,2019-11-28,Highlander,63462.34,5.69,Completed
451374,12,2019-11-10,Sienna,47244.0,5.65,Completed
451375,1,2019-11-29,Camry,34125.31,5.24,Completed
451376,19,2019-11-18,Prius,25809.05,5.48,Completed
451377,15,2019-11-01,Prius,27997.77,4.86,Completed
451378,15,2019-11-23,Prius,28917.59,4.86,Completed
451379,19,2019-11-08,Sienna,40238.04,5.48,Completed
451380,8,2019-11-04,Tacoma,41969.74,5.84,Completed
451381,16,2019-11-29,RAV4,41294.8,6.06,Completed
451382,6,2019-11-12,Tundra,37121.01,3.86,Pending
451383,3,2019-11-26,RAV4,49098.54,5.69,Completed
451384,10,2019-11-08,Tacoma,29005.73,4.88,Completed
451385,6,2019-11-01,RAV4,33951.66,3.86,Completed
451386,11,2019-11-02,Sienna,37821.58,4.16,Completed
451387,19,2019-11-09,Sienna,44693.82,5.48,Completed
451388,17,2019-11-26,Tundra,35890.35,4.51,Pending
451389,5,2019-11-27,Prius,25579.5,5.34,Completed
451390,15,2019-11-23,RAV4,40341.19,4.86,Completed
451391,16,2019-11-09,Sienna,46422.94,6.06,Completed
451392,5,2019-11-29,Tacoma,33856.69,5.34,Completed
451393,13,2019-11-27,Prius,34832.19,5.61,Completed
451394,8,2019-11-11,Corolla,29518.33,5.84,Pending
451395,9,2019-11-19,RAV4,30383.24,4.4,Completed
451396,10,2019-11-22,Sienna,38178.81,4.88,Completed
451397,10,2019-11-24,Corolla,21323.71,4.88,Completed
451398,12,2019-11-24,Sienna,43828.09,5.65,Completed
451399,3,2019-11-26,Highlander,58625.16,5.69,Completed
451400,2,2019-11-16,Camry,30682.4,4.0,Completed
451401,7,2019-11-02,Highlander,62084.58,5.39,Completed
451402,2,2019-11-15,Prius,21435.68,4.0,Completed
451403,11,2019-11-01,Tacoma,28056.03,4.16,Completed
451404,14,2019-11-13,Prius,27109.3,5.1,Completed
451405,5,2019-11-25,Tacoma,35185.1,5.34,Completed
451406,10,2019-11-15,Sienna,38328.9,4.88,Completed
451407,1,2019-11-08,Corolla,24723.83,5.24,Completed
451408,9,2019-11-12,Camry,26388.53,4.4,Completed
451409,18,2019-11-29,Tacoma,42269.29,5.68,Completed
451410,6,2019-11-02,Highlander,46023.29,3.86,Completed
451411,9,2019-11-02,Corolla,19942.73,4.4,Completed
451412,3,2019-11-01,Highlander,62763.88,5.69,Completed
451413,12,2019-11-13,Corolla,29138.37,5.65,Completed
451414,16,2019-11-08,Corolla,30651.75,6.06,Completed
451415,4,2019-11-20,Prius,20856.66,3.81,Completed
451416,4,2019-11-22,Highlander,41417.5,3.81,Completed
451417,4,2019-11-17,Highlander,41440.6,3.81,Completed
451418,13,2019-11-16,Camry,40217.47,5.61,Completed
451419,18,2019-11-04,Highlander,68764.41,5.68,Completed
451420,5,2019-11-12,Tacoma,33732.25,5.34,Completed
451421,9,2019-11-22,RAV4,33972.95,4.4,Pending
451422,10,2019-11-30,Tacoma,31029.06,4.88,Completed
451423,17,2019-11-15,Prius,22508.44,4.51,Completed
451424,12,2019-11-24,Camry,39756.39,5.65,Completed
451425,18,2019-11-20,Sienna,48869.28,5.68,Completed
451426,11,2019-11-06,Tacoma,31498.04,4.16,Completed
451427,20,2019-11-24,Highlander,58492.75,5.77,Completed
451428,12,2019-11-05,RAV4,47014.35,5.65,Completed
451429,20,2019-11-18,Prius,30113.05,5.77,Completed
451430,8,2019-11-22,Tacoma,39433.43,5.84,Completed
451431,15,2019-11-02,Corolla,26797.8,4.86,Completed
451432,13,2019-11-29,Prius,29484.6,5.61,Completed
451433,19,2019-11-28,Prius,28326.48,5.48,Completed
451434,13,2019-11-27,Prius,34208.61,5.61,Completed
451435,11,2019-11-03,Sienna,35243.58,4.16,Completed
451436,19,2019-11-17,Camry,30648.78,5.48,Completed
451437,9,2019-11-01,Highlander,44056.58,4.4,Completed
451438,5,2019-11-25,Highlander,56645.12,5.34,Completed
451439,3,2019-11-26,Sienna,50017.22,5.69,Completed
451440,5,2019-11-11,Corolla,24836.37,5.34,Completed
451441,8,2019-11-20,RAV4,42883.65,5.84,Completed
451442,6,2019-11-01,Sienna,36055.07,3.86,Completed
451443,5,2019-11-10,RAV4,39887.46,5.34,Completed
451444,5,2019-11-01,Highlander,53894.02,5.34,Completed
451445,20,2019-11-06,Tacoma,36951.14,5.77,Completed
451446,12,2019-11-26,Camry,36888.77,5.65,Completed
451447,6,2019-11-07,Sienna,35337.81,3.86,Completed
451448,3,2019-11-21,Corolla,29917.52,5.69,Completed
451449,16,2019-11-15,Corolla,27863.4,6.06,Completed
451450,7,2019-11-22,Highlander,56651.32,5.39,Completed
451451,1,2019-11-07,Camry,31113.27,5.24,Completed
451452,17,2019-11-27,Highlander,39183.57,4.51,Completed
451453,3,2019-11-21,Sienna,51909.56,5.69,Completed
451454,3,2019-11-17,RAV4,47171.55,5.69,Completed
451455,15,2019-11-29,Camry,36910.33,4.86,Completed
451456,18,2019-11-07,Prius,34841.65,5.68,Completed
451457,9,2019-11-27,Tacoma,30523.59,4.4,Completed
451458,19,2019-11-20,Highlander,48124.47,5.48,Completed
451459,7,2019-11-08,Tacoma,43353.68,5.39,Completed
451460,17,2019-11-10,Prius,23528.91,4.51,Completed
451461,12,2019-11-26,Corolla,29386.62,5.65,Completed
451462,2,2019-11-05,Tacoma,33573.5,4.0,Completed
451463,10,2019-11-12,Camry,27200.22,4.88,Completed
451464,19,2019-11-28,Corolla,24290.28,5.48,Completed
451465,10,2019-11-29,Corolla,20928.53,4.88,Completed
451466,7,2019-11-17,Camry,40305.75,5.39,Completed
451467,15,2019-11-07,Sienna,48410.53,4.86,Completed
451468,13,2019-11-07,RAV4,48723.25,5.61,Completed
451469,12,2019-11-25,Sienna,43043.41,5.65,Completed
451470,2,2019-11-04,RAV4,30307.26,4.0,Completed
451471,7,2019-11-22,Highlander,66953.73,5.39,Completed
451472,13,2019-11-30,Camry,38391.95,5.61,Completed
451473,20,2019-11-15,Corolla,28745.88,5.77,Completed
451474,14,2019-11-16,Tacoma,36257.25,5.1,Completed
451475,12,2019-11-25,Sienna,44353.36,5.65,Completed
451476,16,2019-11-29,RAV4,44520.31,6.06,Completed
451477,20,2019-11-13,RAV4,44183.95,5.77,Completed
451478,8,2019-11-17,Camry,38882.7,5.84,Completed
451479,16,2019-11-08,Tacoma,40944.04,6.06,Completed
451480,15,2019-11-13,Corolla,27023.12,4.86,Completed
451481,10,2019-11-06,Corolla,19023.48,4.88,Completed
451482,14,2019-11-15,RAV4,39226.53,5.1,Completed
451483,18,2019-11-10,Prius,32935.51,5.68,Completed
451484,4,2019-11-07,Corolla,20441.8,3.81,Completed
451485,16,2019-11-07,Sienna,49708.2,6.06,Completed
451486,4,2019-11-10,Sienna,31176.38,3.81,Completed
451487,7,2019-11-25,Tacoma,43870.01,5.39,Completed
451488,18,2019-11-14,Tundra,51343.15,5.68,Completed
451489,15,2019-11-27,Prius,29625.67,4.86,Completed
451490,8,2019-11-21,Sienna,48809.1,5.84,Completed
451491,18,2019-11-21,Tacoma,44218.38,5.68,Completed
451492,11,2019-11-10,RAV4,31034.85,4.16,Completed
451493,19,2019-11-14,Sienna,42852.02,5.48,Completed
451494,3,2019-11-03,RAV4,48973.07,5.69,Completed
451495,4,2019-11-30,Highlander,39330.65,3.81,Completed
451496,8,2019-11-06,Tacoma,43682.14,5.84,Completed
451497,19,2019-11-16,Tacoma,36048.37,5.48,Pending
451498,3,2019-11-07,Tacoma,43822.26,5.69,Completed
451499,20,2019-11-29,RAV4,47883.71,5.77,Completed
451500,10,2019-11-02,RAV4,30902.14,4.88,Completed
451501,13,2019-11-14,Tundra,50796.79,5.61,Completed
451502,19,2019-11-03,Tacoma,32864.27,5.48,Completed
451503,14,2019-11-06,Prius,27119.41,5.1,Completed
451504,20,2019-11-30,Corolla,26913.06,5.77,Completed
451505,14,2019-11-24,Sienna,49616.14,5.1,Completed
451506,20,2019-11-20,Prius,31154.7,5.77,Completed
451507,6,2019-11-09,Tundra,31137.41,3.86,Completed
451508,17,2019-11-27,Corolla,18078.25,4.51,Completed
451509,6,2019-11-01,Sienna,32770.03,3.86,Completed
451510,19,2019-11-15,Prius,28436.0,5.48,Completed
451511,6,2019-11-01,Camry,28731.75,3.86,Completed
451512,8,2019-11-26,Tundra,50953.41,5.84,Completed
451513,17,2019-11-16,Tacoma,28335.81,4.51,Completed
451514,13,2019-11-18,Camry,42730.28,5.61,Completed
451515,20,2019-11-30,Tacoma,41678.19,5.77,Completed
451516,18,2019-11-09,Corolla,30662.57,5.68,Completed
451517,17,2019-11-22,Tundra,32493.64,4.51,Completed
451518,1,2019-11-22,Sienna,36110.4,5.24,Completed
451519,12,2019-11-07,Tacoma,39572.31,5.65,Completed
451520,18,2019-11-16,Highlander,65253.13,5.68,Completed
451521,6,2019-11-28,RAV4,32486.9,3.86,Completed
451522,5,2019-11-24,Tacoma,34833.59,5.34,Completed
451523,18,2019-11-15,RAV4,46531.91,5.68,Completed
451524,11,2019-11-11,Camry,29517.58,4.16,Completed
451525,7,2019-11-12,Highlander,59720.03,5.39,Completed
451526,12,2019-11-03,Sienna,49459.71,5.65,Completed
451527,15,2019-11-29,Prius,30774.38,4.86,Completed
451528,16,2019-11-02,RAV4,42951.58,6.06,Completed
451529,13,2019-11-20,Highlander,65542.38,5.61,Completed
451530,3,2019-11-12,Highlander,66485.53,5.69,Completed
451531,1,2019-11-27,Tundra,41254.75,5.24,Completed
451532,2,2019-11-14,Tundra,39424.16,4.0,Completed
451533,16,2019-11-24,Corolla,27440.19,6.06,Completed
451534,7,2019-11-12,RAV4,41450.4,5.39,Pending
451535,2,2019-11-07,Highlander,47664.34,4.0,Completed
451536,18,2019-11-26,Tacoma,41258.11,5.68,Completed
451537,13,2019-11-02,Camry,42462.29,5.61,Completed
451538,2,2019-11-14,Tacoma,33882.52,4.0,Completed
451539,9,2019-11-15,Sienna,34037.41,4.4,Completed
451540,20,2019-11-27,Sienna,50806.02,5.77,Completed
451541,8,2019-11-26,Tundra,51151.04,5.84,Completed
451542,19,2019-11-13,Highlander,56919.54,5.48,Completed
451543,18,2019-11-05,Tundra,49242.93,5.68,Completed
451544,2,2019-11-12,Sienna,34954.13,4.0,Completed
451545,20,2019-11-03,Tacoma,37442.96,5.77,Completed
451546,11,2019-11-27,Sienna,34080.17,4.16,Completed
451547,2,2019-11-13,Corolla,22284.61,4.0,Completed
451548,9,2019-11-16,Corolla,20428.76,4.4,Completed
451549,19,2019-11-28,RAV4,39609.76,5.48,Completed
451550,15,2019-11-11,Corolla,26290.73,4.86,Completed
451551,7,2019-11-30,Corolla,29096.64,5.39,Completed
451552,16,2019-11-28,Highlander,67895.12,6.06,Completed
451553,8,2019-11-12,RAV4,45647.91,5.84,Completed
451554,17,2019-11-24,Camry,25348.37,4.51,Completed
451555,20,2019-11-08,Tundra,48726.17,5.77,Completed
451556,12,2019-11-04,RAV4,39892.99,5.65,Completed
451557,9,2019-11-24,Sienna,31673.05,4.4,Completed
451558,10,2019-11-09,Camry,26121.98,4.88,Completed
451559,6,2019-11-06,Highlander,41031.9,3.86,Completed
451560,14,2019-11-07,Tacoma,37805.25,5.1,Completed
451561,16,2019-11-18,RAV4,42005.24,6.06,Completed
451562,11,2019-11-30,Tundra,35654.28,4.16,Completed
451563,10,2019-11-28,Sienna,37724.71,4.88,Cancelled
451564,12,2019-11-14,Tacoma,39536.74,5.65,Completed
451565,2,2019-11-23,Highlander,44646.22,4.0,Completed
451566,20,2019-11-10,Prius,32002.51,5.77,Pending
451567,11,2019-11-22,Camry,25472.69,4.16,Completed
451568,15,2019-11-29,Sienna,45025.14,4.86,Completed
451569,16,2019-11-26,Highlander,68614.74,6.06,Completed
451570,15,2019-11-19,Corolla,26141.52,4.86,Completed
451571,20,2019-11-07,Sienna,50758.28,5.77,Completed
451572,9,2019-11-16,Prius,23797.99,4.4,Completed
451573,7,2019-11-06,Sienna,48936.43,5.39,Completed
451574,12,2019-11-19,Camry,33620.51,5.65,Completed
451575,20,2019-11-06,Tundra,52590.9,5.77,Completed
451576,8,2019-11-10,RAV4,42730.24,5.84,Completed
451577,12,2019-11-20,Corolla,27031.67,5.65,Completed
451578,18,2019-11-05,Tundra,48588.68,5.68,Completed
451579,6,2019-11-23,RAV4,31197.23,3.86,Completed
451580,13,2019-11-28,RAV4,41281.4,5.61,Completed
451581,12,2019-11-14,RAV4,42624.32,5.65,Completed
451582,10,2019-11-24,Tacoma,31474.85,4.88,Completed
451583,19,2019-11-30,Highlander,56582.97,5.48,Completed
451584,7,2019-11-29,Highlander,56342.31,5.39,Completed
451585,1,2019-11-22,RAV4,37788.51,5.24,Completed
451586,12,2019-11-17,Tacoma,37777.92,5.65,Completed
451587,11,2019-11-05,Corolla,19982.38,4.16,Completed
451588,9,2019-11-21,RAV4,32235.81,4.4,Completed
451589,18,2019-11-15,Tacoma,47569.4,5.68,Pending
451590,15,2019-11-24,Camry,40310.02,4.86,Completed
451591,18,2019-11-08,RAV4,42588.59,5.68,Completed
451592,5,2019-11-13,Highlander,48924.03,5.34,Completed
451593,11,2019-11-23,Highlander,47274.92,4.16,Completed
451594,4,2019-11-10,RAV4,30786.18,3.81,Completed
451595,2,2019-11-02,Camry,29226.49,4.0,Completed
451596,9,2019-11-15,Tacoma,29004.9,4.4,Completed
451597,1,2019-11-04,Camry,28573.47,5.24,Completed
451598,13,2019-11-14,Tundra,48649.52,5.61,Completed
451599,18,2019-11-01,Highlander,60431.94,5.68,Completed
451600,3,2019-11-04,RAV4,44610.86,5.69,Completed
451601,10,2019-11-08,Sienna,35328.63,4.88,Completed
451602,9,2019-11-28,Highlander,45206.07,4.4,Completed
451603,17,2019-11-06,Sienna,36847.45,4.51,Completed
451604,7,2019-11-21,Camry,39883.81,5.39,Completed
451605,9,2019-11-14,Tacoma,31827.39,4.4,Completed
451606,20,2019-11-28,Corolla,26224.87,5.77,Completed
451607,13,2019-11-01,Tacoma,43897.41,5.61,Completed
451608,3,2019-11-13,Corolla,30639.58,5.69,Completed
451609,10,2019-11-08,Corolla,19703.49,4.88,Pending
451610,12,2019-11-10,RAV4,45647.32,5.65,Completed
451611,9,2019-11-22,Corolla,20532.49,4.4,Completed
451612,20,2019-11-01,Corolla,27145.8,5.77,Completed
451613,15,2019-11-30,Tundra,47244.39,4.86,Completed
451614,16,2019-11-15,Prius,28826.95,6.06,Completed
451615,13,2019-11-04,Sienna,48345.18,5.61,Completed
451616,20,2019-11-17,Tundra,47323.64,5.77,Completed
451617,16,2019-11-05,Camry,36282.03,6.06,Completed
451618,5,2019-11-21,Corolla,22263.32,5.34,Pending
451619,5,2019-11-24,Corolla,23996.36,5.34,Completed
451620,4,2019-11-20,Prius,21356.66,3.81,Completed
451621,8,2019-11-24,Tacoma,39258.26,5.84,Completed
451622,7,2019-11-29,Sienna,43890.1,5.39,Completed
451623,20,2019-11-09,Prius,33738.83,5.77,Pending
451624,19,2019-11-10,Tacoma,33850.25,5.48,Completed
451625,15,2019-11-08,Highlander,62493.56,4.86,Completed
451626,20,2019-11-19,Tacoma,37310.33,5.77,Completed
451627,11,2019-11-07,Tacoma,30907.64,4.16,Completed
451628,9,2019-11-17,Sienna,32774.65,4.4,Completed
451629,11,2019-11-13,RAV4,34849.66,4.16,Completed
451630,18,2019-11-25,RAV4,50274.87,5.68,Completed
451631,4,2019-11-21,Prius,21089.18,3.81,Completed
451632,20,2019-11-09,Camry,39945.42,5.77,Completed
451633,6,2019-11-15,Highlander,40982.63,3.86,Completed
451634,1,2019-11-24,RAV4,33671.5,5.24,Completed
451635,12,2019-11-13,RAV4,42946.37,5.65,Completed
451636,13,2019-11-28,Tacoma,41479.84,5.61,Completed
451637,5,2019-11-18,Camry,30331.32,5.34,Completed
451638,17,2019-11-23,Corolla,18760.26,4.51,Completed
451639,4,2019-11-21,Prius,20623.48,3.81,Completed
451640,15,2019-11-15,Highlander,56507.23,4.86,Completed
451641,3,2019-11-18,Tacoma,45853.99,5.69,Completed
451642,13,2019-11-25,Corolla,27336.48,5.61,Completed
451643,7,2019-11-11,RAV4,47666.33,5.39,Completed
451644,2,2019-11-21,Sienna,33036.49,4.0,Completed
451645,6,2019-11-01,Sienna,32615.9,3.86,Completed
451646,14,2019-11-04,Highlander,54932.14,5.1,Completed
451647,17,2019-11-02,Prius,19877.75,4.51,Completed
451648,12,2019-11-27,Tundra,44370.62,5.65,Completed
451649,1,2019-11-12,Tundra,39499.32,5.24,Pending
451650,4,2019-11-21,Tundra,29970.11,3.81,Completed
451651,19,2019-11-16,Corolla,26121.01,5.48,Completed
451652,7,2019-11-29,Tundra,46566.89,5.39,Completed
451653,9,2019-11-02,Prius,21346.4,4.4,Completed
451654,5,2019-11-21,Camry,32382.64,5.34,Completed
451655,16,2019-11-11,Camry,36827.83,6.06,Completed
451656,3,2019-11-19,Sienna,48660.77,5.69,Completed
451657,13,2019-11-09,Corolla,26548.72,5.61,Completed
451658,18,2019-11-08,Prius,36481.48,5.68,Completed
451659,11,2019-11-06,Tacoma,29225.57,4.16,Completed
451660,8,2019-11-06,Corolla,29344.69,5.84,Completed
451661,19,2019-11-12,Tacoma,33304.74,5.48,Completed
451662,19,2019-11-17,Highlander,51229.65,5.48,Completed
451663,20,2019-11-02,RAV4,39631.17,5.77,Completed
451664,4,2019-11-13,RAV4,30388.52,3.81,Completed
451665,10,2019-11-08,Corolla,18847.2,4.88,Completed
451666,14,2019-11-03,Highlander,58891.78,5.1,Completed
451667,13,2019-11-10,Highlander,58014.41,5.61,Completed
451668,11,2019-11-14,Sienna,35781.66,4.16,Completed
451669,1,2019-11-22,RAV4,33005.85,5.24,Completed
451670,9,2019-11-05,Tundra,33789.66,4.4,Completed
451671,6,2019-11-12,Corolla,18769.2,3.86,Completed
451672,14,2019-11-05,Prius,29240.96,5.1,Completed
451673,5,2019-11-18,Camry,31706.05,5.34,Completed
451674,13,2019-11-13,Tundra,50232.07,5.61,Completed
451675,2,2019-11-29,Corolla,20441.47,4.0,Completed
451676,3,2019-11-24,RAV4,41856.49,5.69,Completed
451677,10,2019-11-28,Camry,28134.04,4.88,Completed
451678,13,2019-11-03,Sienna,46741.91,5.61,Completed
451679,19,2019-11-27,RAV4,37613.45,5.48,Completed
451680,10,2019-11-11,Prius,22635.65,4.88,Completed
451681,14,2019-11-18,RAV4,45743.33,5.1,Completed
451682,11,2019-11-02,Tacoma,29588.79,4.16,Completed
451683,19,2019-11-19,Prius,26525.38,5.48,Completed
451684,1,2019-11-05,Tundra,36253.56,5.24,Completed
451685,10,2019-11-06,Prius,23592.62,4.88,Completed
451686,10,2019-11-13,Highlander,48730.82,4.88,Completed
451687,10,2019-11-22,Camry,26167.11,4.88,Completed
451688,9,2019-11-06,Camry,25439.8,4.4,Completed
451689,17,2019-11-09,Corolla,19855.08,4.51,Completed
451690,7,2019-11-28,RAV4,42597.76,5.39,Pending
451691,6,2019-11-19,Prius,23125.41,3.86,Completed
451692,10,2019-11-06,Sienna,36728.64,4.88,Completed
451693,14,2019-11-21,Highlander,62489.02,5.1,Completed
451694,17,2019-11-25,Highlander,43100.57,4.51,Completed
451695,10,2019-11-12,Highlander,49430.22,4.88,Completed
451696,12,2019-11-15,Tundra,46448.62,5.65,Completed
451697,5,2019-11-09,Camry,33299.91,5.34,Completed
451698,14,2019-11-14,RAV4,45033.6,5.1,Completed
451699,12,2019-11-23,Tundra,45476.66,5.65,Completed
451700,14,2019-11-03,Tundra,48146.29,5.1,Completed
451701,5,2019-11-27,Tundra,42667.84,5.34,Completed
451702,7,2019-11-21,Highlander,62861.83,5.39,Completed
451703,8,2019-11-15,Camry,37926.46,5.84,Completed
451704,4,2019-11-01,Highlander,42617.35,3.81,Completed
451705,4,2019-11-13,Tundra,34622.27,3.81,Completed
451706,10,2019-11-18,Sienna,35521.0,4.88,Completed
451707,1,2019-11-26,Camry,31385.7,5.24,Completed
451708,6,2019-11-30,Tundra,34559.55,3.86,Pending
451709,13,2019-11-06,Highlander,67307.21,5.61,Completed
451710,8,2019-11-03,Prius,29815.41,5.84,Completed
451711,13,2019-11-03,Highlander,65904.81,5.61,Completed
451712,2,2019-11-15,Sienna,33601.43,4.0,Completed
451713,4,2019-11-18,Tacoma,25189.12,3.81,Completed
451714,8,2019-11-09,Camry,34899.05,5.84,Cancelled
451715,14,2019-11-26,Tundra,44889.27,5.1,Completed
451716,11,2019-11-10,Camry,29674.35,4.16,Completed
451717,18,2019-11-06,Tundra,50685.16,5.68,Completed
451718,14,2019-11-30,Prius,30009.79,5.1,Completed
451719,19,2019-11-23,Prius,28132.95,5.48,Completed
451720,9,2019-11-07,Tundra,32287.59,4.4,Completed
451721,10,2019-11-01,Tacoma,28838.11,4.88,Completed
451722,8,2019-11-10,Highlander,65571.49,5.84,Completed
451723,17,2019-11-29,Highlander,39073.3,4.51,Completed
451724,18,2019-11-18,Tundra,54650.47,5.68,Completed
451725,9,2019-11-11,Tacoma,31473.23,4.4,Completed
451726,11,2019-11-10,Tacoma,27022.81,4.16,Completed
451727,7,2019-11-10,Tacoma,37917.1,5.39,Completed
451728,17,2019-11-03,RAV4,29493.43,4.51,Completed
451729,3,2019-11-07,Tacoma,43686.98,5.69,Completed
451730,19,2019-11-08,Tundra,45177.62,5.48,Completed
451731,15,2019-11-08,Tacoma,43533.34,4.86,Completed
451732,2,2019-11-29,Sienna,35023.87,4.0,Completed
451733,9,2019-11-24,Tundra,32124.57,4.4,Completed
451734,9,2019-11-12,Prius,20553.64,4.4,Completed
451735,20,2019-11-11,Highlander,66988.97,5.77,Completed
451736,15,2019-11-30,Prius,31369.14,4.86,Completed
451737,8,2019-11-22,Camry,38300.82,5.84,Completed
451738,7,2019-11-27,Tundra,50325.54,5.39,Completed
451739,1,2019-11-08,Highlander,55928.65,5.24,Completed
451740,17,2019-11-30,Prius,20304.07,4.51,Completed
451741,15,2019-11-12,Sienna,51630.47,4.86,Completed
451742,6,2019-11-08,Sienna,35926.01,3.86,Completed
451743,16,2019-11-23,Sienna,46020.44,6.06,Completed
451744,14,2019-11-29,Sienna,44551.54,5.1,Completed
451745,12,2019-11-11,Prius,28576.4,5.65,Completed
451746,6,2019-11-25,Corolla,17783.58,3.86,Completed
451747,3,2019-11-05,Sienna,48288.81,5.69,Completed
451748,19,2019-11-15,Sienna,41972.09,5.48,Completed
451749,15,2019-11-07,RAV4,43104.24,4.86,Completed
451750,12,2019-11-03,Prius,30412.42,5.65,Completed
451751,1,2019-11-12,Camry,33928.0,5.24,Completed
451752,18,2019-11-03,RAV4,48793.92,5.68,Completed
451753,7,2019-11-10,Tacoma,39472.22,5.39,Completed
451754,2,2019-11-04,Corolla,22279.5,4.0,Completed
451755,19,2019-11-04,RAV4,38993.96,5.48,Completed
451756,15,2019-11-26,Sienna,50886.01,4.86,Completed
451757,12,2019-11-17,Tundra,45069.62,5.65,Completed
451758,10,2019-11-28,Tundra,36692.75,4.88,Completed
451759,17,2019-11-19,Camry,24492.37,4.51,Completed
451760,6,2019-11-19,Corolla,17939.61,3.86,Completed
451761,17,2019-11-08,Highlander,39341.64,4.51,Completed
451762,12,2019-11-22,Highlander,55587.12,5.65,Completed
451763,8,2019-11-16,Sienna,52202.27,5.84,Completed
451764,4,2019-11-04,Camry,24017.87,3.81,Completed
451765,16,2019-11-12,Tacoma,39038.13,6.06,Completed
451766,4,2019-11-27,Tundra,33189.03,3.81,Completed
451767,15,2019-11-08,Tundra,46064.04,4.86,Completed
451768,11,2019-11-15,Prius,23730.32,4.16,Completed
451769,3,2019-11-22,Sienna,53276.03,5.69,Completed
451770,6,2019-11-20,Corolla,18492.58,3.86,Completed
451771,5,2019-11-04,Tundra,41651.86,5.34,Completed
451772,16,2019-11-08,Sienna,45201.5,6.06,Completed
451773,20,2019-11-04,Tacoma,37886.03,5.77,Completed
451774,11,2019-11-20,Camry,27531.67,4.16,Completed
451775,6,2019-11-18,Prius,20682.47,3.86,Completed
451776,8,2019-11-24,Camry,40568.2,5.84,Completed
451777,12,2019-11-13,Sienna,43486.56,5.65,Completed
451778,8,2019-11-30,Prius,30645.79,5.84,Completed
451779,6,2019-11-11,Tundra,36091.08,3.86,Completed
451780,20,2019-11-05,Camry,34182.3,5.77,Completed
451781,15,2019-11-22,Highlander,61362.87,4.86,Completed
451782,19,2019-11-10,Prius,25829.65,5.48,Completed
451783,7,2019-11-05,Tundra,47150.98,5.39,Completed
451784,5,2019-11-04,RAV4,39220.18,5.34,Completed
451785,2,2019-11-10,Sienna,38676.13,4.0,Completed
451786,13,2019-11-18,Corolla,28551.4,5.61,Completed
451787,5,2019-11-24,Sienna,40406.92,5.34,Completed
451788,3,2019-11-12,Corolla,27047.66,5.69,Completed
451789,9,2019-11-04,Prius,21162.55,4.4,Completed
451790,9,2019-11-11,Highlander,46509.09,4.4,Completed
451791,16,2019-11-07,Sienna,53552.65,6.06,Completed
451792,17,2019-11-26,Camry,27901.94,4.51,Completed
451793,7,2019-11-07,Highlander,58301.77,5.39,Completed
451794,16,2019-11-07,Camry,39093.63,6.06,Completed
451795,11,2019-11-08,Sienna,37357.68,4.16,Pending
451796,9,2019-11-21,Tacoma,27973.22,4.4,Completed
451797,9,2019-11-21,Highlander,39809.09,4.4,Completed
451798,13,2019-11-22,Tundra,49854.72,5.61,Completed
451799,3,2019-11-26,Tacoma,42225.72,5.69,Completed
451800,1,2019-11-01,Corolla,23933.32,5.24,Completed
451801,19,2019-11-26,Tacoma,34065.67,5.48,Completed
451802,13,2019-11-19,Highlander,67403.82,5.61,Completed
451803,4,2019-11-26,Prius,19979.05,3.81,Completed
451804,16,2019-11-04,RAV4,47130.39,6.06,Completed
451805,10,2019-11-28,Tacoma,29424.04,4.88,Completed
451806,1,2019-11-14,RAV4,39635.2,5.24,Completed
451807,18,2019-11-07,Tundra,51285.23,5.68,Completed
451808,1,2019-11-23,Camry,30972.14,5.24,Completed
451809,16,2019-11-27,Camry,40703.75,6.06,Completed
451810,15,2019-11-24,Corolla,27916.98,4.86,Completed
451811,8,2019-11-09,RAV4,39946.11,5.84,Completed
451812,13,2019-11-03,Tacoma,38415.86,5.61,Completed
451813,18,2019-11-20,Camry,40308.28,5.68,Completed
451814,20,2019-11-07,Prius,32300.85,5.77,Completed
451815,20,2019-11-11,Tundra,48949.45,5.77,Pending
451816,19,2019-11-12,Tundra,43453.49,5.48,Completed
451817,20,2019-11-02,RAV4,40828.05,5.77,Completed
451818,7,2019-11-25,Camry,34656.12,5.39,Completed
451819,2,2019-11-20,Camry,27836.68,4.0,Completed
451820,3,2019-11-08,RAV4,45270.42,5.69,Completed
451821,3,2019-11-01,Prius,29901.11,5.69,Completed
451822,7,2019-11-18,RAV4,44660.71,5.39,Cancelled
451823,17,2019-11-07,Prius,22198.85,4.51,Completed
451824,1,2019-11-01,Camry,33013.68,5.24,Completed
451825,1,2019-11-07,Prius,27122.91,5.24,Completed
451826,3,2019-11-21,RAV4,46320.23,5.69,Completed
451827,11,2019-11-29,Camry,27631.62,4.16,Completed
451828,15,2019-11-26,Corolla,28719.25,4.86,Completed
451829,4,2019-11-12,Prius,23082.9,3.81,Completed
451830,13,2019-11-24,Prius,34497.38,5.61,Completed
451831,18,2019-11-28,Highlander,61649.73,5.68,Completed
451832,2,2019-11-27,Sienna,39616.34,4.0,Completed
451833,15,2019-11-15,Tacoma,36616.92,4.86,Completed
451834,16,2019-11-25,Sienna,50032.49,6.06,Completed
451835,2,2019-11-18,Tundra,37590.62,4.0,Completed
451836,1,2019-11-11,RAV4,38464.7,5.24,Completed
451837,3,2019-11-01,Tacoma,41754.28,5.69,Completed
451838,10,2019-11-13,RAV4,35215.38,4.88,Completed
451839,5,2019-11-21,Camry,29889.22,5.34,Completed
451840,1,2019-11-05,Tacoma,36177.34,5.24,Completed
451841,12,2019-11-25,Tacoma,38307.84,5.65,Completed
451842,11,2019-11-11,Camry,24593.93,4.16,Completed
451843,12,2019-11-29,Tundra,43366.12,5.65,Cancelled
451844,9,2019-11-20,Prius,24466.06,4.4,Completed
451845,13,2019-11-19,Tundra,54653.68,5.61,Completed
451846,20,2019-11-18,Prius,28503.63,5.77,Completed
451847,3,2019-11-15,Tundra,54350.03,5.69,Completed
451848,2,2019-11-20,Tacoma,33475.12,4.0,Completed
451849,7,2019-11-10,RAV4,45780.08,5.39,Completed
451850,2,2019-11-18,Tacoma,30576.78,4.0,Completed
451851,7,2019-11-30,RAV4,45131.1,5.39,Completed
451852,10,2019-11-16,Highlander,47743.23,4.88,Pending
451853,8,2019-11-17,RAV4,41411.16,5.84,Cancelled
451854,20,2019-11-09,Prius,31079.25,5.77,Pending
451855,6,2019-11-19,Prius,19915.82,3.86,Completed
451856,13,2019-11-28,Prius,33485.84,5.61,Completed
451857,11,2019-11-09,Corolla,18033.61,4.16,Completed
451858,15,2019-11-24,RAV4,39049.28,4.86,Completed
451859,18,2019-11-30,Sienna,56490.7,5.68,Completed
451860,19,2019-11-02,Highlander,49016.23,5.48,Completed
451861,15,2019-11-19,Highlander,64822.77,4.86,Completed
451862,16,2019-11-23,Prius,29908.11,6.06,Completed
451863,9,2019-11-13,Corolla,19710.14,4.4,Completed
451864,12,2019-11-14,RAV4,42113.47,5.65,Completed
451865,17,2019-11-12,Sienna,31589.55,4.51,Completed
451866,3,2019-11-04,Tundra,45509.39,5.69,Completed
451867,9,2019-11-03,Camry,27463.64,4.4,Completed
451868,4,2019-11-20,Sienna,32381.02,3.81,Completed
451869,5,2019-11-28,Camry,31796.08,5.34,Completed
451870,20,2019-11-02,Sienna,45188.47,5.77,Completed
451871,6,2019-11-13,Sienna,35900.34,3.86,Completed
451872,9,2019-11-28,Highlander,44905.83,4.4,Completed
451873,20,2019-11-08,Highlander,55948.51,5.77,Completed
451874,18,2019-11-24,Corolla,28679.25,5.68,Completed
451875,3,2019-11-04,Corolla,25980.68,5.69,Completed
451876,20,2019-11-16,RAV4,41605.91,5.77,Completed
451877,17,2019-11-21,Tacoma,29509.4,4.51,Completed
451878,11,2019-11-27,RAV4,31174.78,4.16,Completed
451879,15,2019-11-23,Tacoma,39656.25,4.86,Completed
451880,11,2019-11-05,Tundra,36913.72,4.16,Completed
451881,20,2019-11-02,Tundra,43785.38,5.77,Completed
451882,7,2019-11-05,Sienna,43683.39,5.39,Completed
451883,12,2019-11-09,RAV4,40075.57,5.65,Completed
451884,12,2019-11-09,Tundra,42780.17,5.65,Completed
451885,3,2019-11-01,Prius,34015.63,5.69,Completed
451886,6,2019-11-14,RAV4,28564.35,3.86,Completed
451887,8,2019-11-23,Highlander,55363.63,5.84,Completed
451888,20,2019-11-25,Sienna,45410.71,5.77,Completed
451889,8,2019-11-08,Tacoma,42786.0,5.84,Completed
451890,5,2019-11-04,Camry,34152.57,5.34,Completed
451891,9,2019-11-12,Tundra,33818.58,4.4,Completed
451892,17,2019-11-22,Camry,24928.4,4.51,Completed
451893,2,2019-11-01,Tacoma,29251.04,4.0,Completed
451894,15,2019-11-12,Highlander,54895.52,4.86,Completed
451895,8,2019-11-28,Corolla,26885.21,5.84,Completed
451896,13,2019-11-07,RAV4,46492.72,5.61,Completed
451897,15,2019-11-24,Corolla,27159.99,4.86,Completed
451898,9,2019-11-21,Tacoma,27977.11,4.4,Completed
451899,12,2019-11-19,RAV4,43906.98,5.65,Completed
451900,19,2019-11-12,Sienna,38450.96,5.48,Completed
451901,3,2019-11-26,Corolla,29602.4,5.69,Completed
451902,5,2019-11-26,RAV4,33693.81,5.34,Completed
451903,19,2019-11-18,Camry,30821.12,5.48,Completed
451904,11,2019-11-23,RAV4,31257.55,4.16,Pending
451905,18,2019-11-13,Corolla,30758.63,5.68,Completed
451906,16,2019-11-04,Tundra,49788.38,6.06,Completed
451907,9,2019-11-25,Tundra,33176.43,4.4,Completed
451908,10,2019-11-02,Sienna,36281.07,4.88,Completed
451909,4,2019-11-10,Prius,22928.24,3.81,Completed
451910,19,2019-11-29,Prius,27680.28,5.48,Completed
451911,17,2019-11-26,Prius,23904.55,4.51,Completed
451912,3,2019-11-07,Tacoma,44296.23,5.69,Completed
451913,13,2019-11-18,RAV4,46083.94,5.61,Completed
451914,1,2019-11-24,Camry,29034.22,5.24,Completed
451915,3,2019-11-20,Highlander,60346.04,5.69,Completed
451916,10,2019-11-10,Tundra,32488.17,4.88,Completed
451917,13,2019-11-16,RAV4,49444.3,5.61,Completed
451918,11,2019-11-24,Camry,27099.04,4.16,Completed
451919,8,2019-11-30,Tacoma,42523.5,5.84,Completed
451920,16,2019-11-22,Sienna,50544.12,6.06,Completed
451921,16,2019-11-19,Tacoma,44955.5,6.06,Completed
451922,14,2019-11-01,Highlander,62028.47,5.1,Completed
451923,2,2019-11-26,Highlander,43857.41,4.0,Completed
451924,10,2019-11-14,RAV4,33111.86,4.88,Completed
451925,6,2019-11-14,Tundra,36051.25,3.86,Completed
451926,8,2019-11-18,Sienna,49899.06,5.84,Completed
451927,5,2019-11-30,Corolla,21538.79,5.34,Completed
451928,10,2019-11-07,Prius,21749.83,4.88,Completed
451929,8,2019-11-09,Tacoma,43243.86,5.84,Completed
451930,3,2019-11-01,RAV4,49923.5,5.69,Completed
451931,15,2019-11-06,Tundra,43303.84,4.86,Completed
451932,6,2019-11-03,Sienna,32895.44,3.86,Cancelled
451933,12,2019-11-29,RAV4,45006.12,5.65,Completed
451934,5,2019-11-23,Sienna,43433.31,5.34,Pending
451935,18,2019-11-05,Camry,42109.63,5.68,Completed
451936,17,2019-11-20,Tundra,36884.93,4.51,Completed
451937,20,2019-11-12,Sienna,51043.36,5.77,Completed
451938,16,2019-11-15,Corolla,28920.55,6.06,Completed
451939,6,2019-11-02,Highlander,47394.93,3.86,Completed
451940,6,2019-11-03,Prius,21976.66,3.86,Completed
451941,16,2019-11-01,Camry,40103.31,6.06,Completed
451942,20,2019-11-09,Tacoma,42764.59,5.77,Completed
451943,7,2019-11-11,Tacoma,40893.34,5.39,Completed
451944,17,2019-11-20,Corolla,18401.16,4.51,Completed
451945,2,2019-11-06,Sienna,32907.37,4.0,Completed
451946,16,2019-11-14,Tacoma,40591.22,6.06,Completed
451947,8,2019-11-02,Sienna,51843.01,5.84,Completed
451948,10,2019-11-19,Corolla,22147.44,4.88,Completed
451949,4,2019-11-29,Tacoma,27469.9,3.81,Completed
451950,17,2019-11-16,Tacoma,27203.66,4.51,Completed
451951,15,2019-11-17,Tacoma,40118.16,4.86,Completed
451952,3,2019-11-02,Tacoma,42539.14,5.69,Completed
451953,2,2019-11-11,Camry,28305.96,4.0,Completed
451954,13,2019-11-14,Tundra,50256.58,5.61,Completed
451955,14,2019-11-07,Tundra,45690.93,5.1,Completed
451956,15,2019-11-01,Camry,33232.05,4.86,Completed
451957,13,2019-11-24,RAV4,46710.65,5.61,Completed
451958,15,2019-11-19,RAV4,44048.45,4.86,Pending
451959,13,2019-11-24,Tacoma,42129.0,5.61,Completed
451960,3,2019-11-27,Corolla,28202.43,5.69,Completed
451961,10,2019-11-23,Corolla,19092.57,4.88,Completed
451962,9,2019-11-15,Tundra,31359.69,4.4,Completed
451963,8,2019-11-22,Corolla,28457.71,5.84,Cancelled
451964,4,2019-11-06,Highlander,42851.18,3.81,Completed
451965,6,2019-11-29,Highlander,46075.01,3.86,Completed
451966,14,2019-11-11,Sienna,43956.72,5.1,Completed
451967,8,2019-11-07,RAV4,41689.49,5.84,Completed
451968,4,2019-11-04,Corolla,19543.45,3.81,Completed
451969,16,2019-11-05,Prius,29191.95,6.06,Completed
451970,11,2019-11-16,Sienna,33941.49,4.16,Completed
451971,20,2019-11-20,Highlander,60748.14,5.77,Completed
451972,1,2019-11-05,Camry,32291.54,5.24,Pending
451973,6,2019-11-01,Tacoma,26260.69,3.86,Completed
451974,16,2019-11-12,Corolla,29666.66,6.06,Completed
451975,11,2019-11-10,Corolla,20517.92,4.16,Completed
451976,19,2019-11-04,Corolla,23799.83,5.48,Completed
451977,10,2019-11-28,Sienna,37435.17,4.88,Completed
451978,14,2019-11-30,RAV4,42521.87,5.1,Completed
451979,1,2019-11-23,Tundra,42787.37,5.24,Completed
451980,9,2019-11-15,Corolla,18893.1,4.4,Completed
451981,15,2019-11-25,Sienna,50821.48,4.86,Completed
451982,5,2019-11-16,Tundra,37543.99,5.34,Completed
451983,10,2019-11-01,RAV4,32484.76,4.88,Completed
451984,5,2019-11-02,Sienna,40774.11,5.34,Completed
451985,10,2019-11-11,Tundra,33455.33,4.88,Completed
451986,19,2019-11-30,Tacoma,31744.49,5.48,Completed
451987,8,2019-11-29,Camry,39167.37,5.84,Completed
451988,1,2019-11-19,Tundra,38627.82,5.24,Completed
451989,9,2019-11-20,Tundra,35598.61,4.4,Completed
451990,7,2019-11-16,Corolla,29355.35,5.39,Completed
451991,3,2019-11-25,Camry,38401.91,5.69,Completed
451992,12,2019-11-19,Tundra,48284.11,5.65,Completed
451993,6,2019-11-17,RAV4,32773.27,3.86,Completed
451994,11,2019-11-23,Highlander,47780.48,4.16,Completed
451995,1,2019-11-07,Prius,26495.25,5.24,Completed
451996,2,2019-11-23,Corolla,20103.24,4.0,Completed
451997,18,2019-11-30,Tacoma,43430.29,5.68,Completed
451998,17,2019-11-15,RAV4,32834.97,4.51,Completed
451999,14,2019-11-11,Highlander,56654.02,5.1,Completed
452000,16,2019-11-07,Tundra,49696.36,6.06,Completed
452001,2,2019-11-10,Sienna,38107.23,4.0,Completed
452002,12,2019-11-20,Prius,28608.01,5.65,Completed
452003,13,2019-11-03,Sienna,49887.1,5.61,Completed
452004,16,2019-11-23,Corolla,25706.47,6.06,Cancelled
452005,19,2019-11-23,Prius,26747.5,5.48,Completed
452006,8,2019-11-30,Tundra,52074.38,5.84,Completed
452007,20,2019-11-11,Tacoma,42760.9,5.77,Completed
452008,9,2019-11-25,Highlander,47975.47,4.4,Completed
452009,7,2019-11-20,Prius,34385.1,5.39,Completed
452010,15,2019-11-24,Highlander,62893.34,4.86,Completed
452011,8,2019-11-12,Highlander,58334.97,5.84,Completed
452012,5,2019-11-15,Corolla,22206.56,5.34,Completed
452013,14,2019-11-24,Corolla,25973.54,5.1,Completed
452014,6,2019-11-16,Tacoma,27854.65,3.86,Completed
452015,19,2019-11-25,Prius,25290.5,5.48,Completed
452016,2,2019-11-20,Sienna,36221.12,4.0,Completed
452017,4,2019-11-26,Tundra,30104.61,3.81,Completed
452018,11,2019-11-07,Corolla,21730.92,4.16,Completed
452019,9,2019-11-12,Tundra,36096.62,4.4,Completed
452020,16,2019-11-05,Tacoma,38600.62,6.06,Completed
452021,14,2019-11-16,Camry,38250.7,5.1,Completed
452022,5,2019-11-02,Prius,26636.29,5.34,Completed
452023,8,2019-11-18,Sienna,44042.8,5.84,Completed
452024,18,2019-11-04,Prius,32180.5,5.68,Completed
452025,1,2019-11-24,Sienna,40784.65,5.24,Completed
452026,18,2019-11-06,Corolla,30910.14,5.68,Completed
452027,1,2019-11-08,Prius,24349.79,5.24,Completed
452028,5,2019-11-30,Corolla,22726.38,5.34,Completed
452029,10,2019-11-05,Sienna,35360.06,4.88,Completed
452030,16,2019-11-25,Highlander,59196.95,6.06,Completed
452031,17,2019-11-29,Prius,22240.36,4.51,Completed
452032,7,2019-11-08,Prius,30636.06,5.39,Completed
452033,20,2019-11-15,Prius,28298.79,5.77,Completed
452034,13,2019-11-12,Prius,32793.66,5.61,Completed
452035,13,2019-11-24,Tundra,45336.47,5.61,Completed
452036,14,2019-11-10,RAV4,45113.41,5.1,Completed
452037,9,2019-11-27,Camry,25144.11,4.4,Completed
452038,7,2019-11-04,Prius,33416.57,5.39,Completed
452039,16,2019-11-28,Sienna,48018.37,6.06,Completed
452040,6,2019-11-25,Sienna,33751.95,3.86,Completed
452041,14,2019-11-03,Highlander,57248.9,5.1,Completed
452042,11,2019-11-12,Prius,22259.44,4.16,Completed
452043,1,2019-11-18,Tundra,41748.68,5.24,Completed
452044,8,2019-11-10,Tundra,47732.19,5.84,Completed
452045,14,2019-11-10,Camry,35897.93,5.1,Completed
452046,17,2019-11-15,Highlander,43139.21,4.51,Completed
452047,6,2019-11-02,Corolla,19529.1,3.86,Completed
452048,7,2019-11-16,Prius,32456.51,5.39,Completed
452049,11,2019-11-09,Highlander,45152.79,4.16,Completed
452050,18,2019-11-12,Camry,39531.75,5.68,Completed
452051,20,2019-11-15,Corolla,26113.82,5.77,Completed
452052,19,2019-11-30,RAV4,34491.15,5.48,Completed
452053,12,2019-11-21,Corolla,25306.12,5.65,Completed
452054,8,2019-11-06,Highlander,58184.47,5.84,Completed
452055,6,2019-11-05,Corolla,21262.05,3.86,Completed
452056,13,2019-11-14,Highlander,65804.93,5.61,Completed
452057,7,2019-11-15,Prius,33861.28,5.39,Completed
452058,11,2019-11-22,Corolla,21577.8,4.16,Completed
452059,14,2019-11-10,Tundra,41354.3,5.1,Completed
452060,14,2019-11-05,RAV4,43472.73,5.1,Completed
452061,6,2019-11-01,Corolla,18109.1,3.86,Completed
452062,12,2019-11-27,Camry,36999.59,5.65,Completed
452063,9,2019-11-10,Corolla,20451.43,4.4,Completed
452064,6,2019-11-20,Highlander,41208.56,3.86,Completed
452065,14,2019-11-26,Sienna,46659.66,5.1,Completed
452066,1,2019-11-25,Corolla,23429.8,5.24,Completed
452067,17,2019-11-18,RAV4,30885.97,4.51,Completed
452068,17,2019-11-03,Corolla,19838.54,4.51,Completed
452069,4,2019-11-01,Tacoma,28264.01,3.81,Completed
452070,7,2019-11-25,Corolla,28642.05,5.39,Completed
452071,20,2019-11-20,Prius,30140.85,5.77,Completed
452072,7,2019-11-16,Corolla,28490.32,5.39,Completed
452073,14,2019-11-10,Tacoma,38659.12,5.1,Completed
452074,8,2019-11-20,Highlander,56052.63,5.84,Completed
452075,5,2019-11-05,Camry,33678.35,5.34,Completed
452076,6,2019-11-17,Highlander,41948.47,3.86,Completed
452077,8,2019-11-03,Corolla,28373.25,5.84,Completed
452078,11,2019-11-08,Corolla,18966.2,4.16,Completed
452079,15,2019-11-15,Tundra,47087.98,4.86,Completed
452080,17,2019-11-20,Sienna,33552.42,4.51,Completed
452081,19,2019-11-30,Camry,30198.72,5.48,Completed
452082,9,2019-11-19,Prius,23489.78,4.4,Completed
452083,20,2019-11-24,Corolla,29605.27,5.77,Completed
452084,2,2019-11-25,Corolla,20592.76,4.0,Completed
452085,10,2019-11-26,Prius,22078.71,4.88,Completed
452086,11,2019-11-06,RAV4,34085.0,4.16,Completed
452087,13,2019-11-24,Tundra,46713.65,5.61,Completed
452088,12,2019-11-15,Tacoma,41276.81,5.65,Completed
452089,20,2019-11-19,Sienna,44778.37,5.77,Completed
452090,16,2019-11-26,RAV4,46645.83,6.06,Completed
452091,7,2019-11-09,Tacoma,44129.38,5.39,Completed
452092,13,2019-11-13,Prius,34696.83,5.61,Completed
452093,11,2019-11-21,Highlander,40347.42,4.16,Completed
452094,18,2019-11-21,Highlander,71579.48,5.68,Completed
452095,15,2019-11-15,Highlander,55468.43,4.86,Completed
452096,15,2019-11-29,Camry,38615.9,4.86,Completed
452097,1,2019-11-25,Tacoma,33830.09,5.24,Completed
452098,15,2019-11-15,Corolla,29325.58,4.86,Completed
452099,12,2019-11-05,Corolla,27732.56,5.65,Completed
452100,7,2019-11-23,Highlander,61341.64,5.39,Completed
452101,20,2019-11-06,Sienna,43830.96,5.77,Completed
452102,14,2019-11-06,Prius,28113.09,5.1,Completed
452103,2,2019-11-10,Tacoma,29626.52,4.0,Completed
452104,10,2019-11-30,Prius,21819.39,4.88,Completed
452105,18,2019-11-11,Highlander,59969.24,5.68,Completed
452106,3,2019-11-30,Tacoma,38025.4,5.69,Completed
452107,7,2019-11-13,Tundra,44154.33,5.39,Completed
452108,10,2019-11-26,Prius,24735.74,4.88,Completed
452109,1,2019-11-05,Corolla,23143.79,5.24,Completed
452110,18,2019-11-13,Tundra,50171.64,5.68,Completed
452111,2,2019-11-26,Tundra,34401.53,4.0,Completed
452112,17,2019-11-05,Highlander,40872.31,4.51,Completed
452113,10,2019-11-01,Corolla,19117.63,4.88,Completed
452114,7,2019-11-27,Sienna,47755.72,5.39,Completed
452115,12,2019-11-25,Camry,35861.91,5.65,Completed
452116,20,2019-11-14,Highlander,60923.87,5.77,Completed
452117,15,2019-11-27,RAV4,39572.49,4.86,Completed
452118,15,2019-11-22,Prius,28567.49,4.86,Completed
452119,6,2019-11-22,Prius,20288.59,3.86,Completed
452120,18,2019-11-03,Highlander,68665.14,5.68,Completed
452121,14,2019-11-13,RAV4,41942.84,5.1,Completed
452122,1,2019-11-10,Sienna,42635.9,5.24,Pending
452123,10,2019-11-11,Camry,27835.8,4.88,Completed
452124,1,2019-11-01,Highlander,47824.5,5.24,Pending
452125,2,2019-11-04,RAV4,30606.0,4.0,Completed
452126,1,2019-11-27,Corolla,21124.25,5.24,Completed
452127,19,2019-11-02,Prius,28911.34,5.48,Completed
452128,14,2019-11-02,Highlander,55429.64,5.1,Completed
452129,10,2019-11-25,Corolla,18876.08,4.88,Completed
452130,8,2019-11-21,RAV4,46360.15,5.84,Completed
452131,4,2019-11-13,Tundra,32616.42,3.81,Completed
452132,6,2019-11-23,Highlander,39286.05,3.86,Completed
452133,12,2019-11-24,Corolla,27296.6,5.65,Completed
452134,15,2019-11-06,Sienna,50579.02,4.86,Completed
452135,11,2019-11-26,Tundra,34722.86,4.16,Completed
452136,15,2019-11-17,Sienna,43084.53,4.86,Completed
452137,17,2019-11-20,Tundra,33383.0,4.51,Completed
452138,9,2019-11-02,RAV4,34548.48,4.4,Completed
452139,7,2019-11-22,RAV4,41954.0,5.39,Completed
452140,3,2019-11-26,Camry,39901.35,5.69,Completed
452141,13,2019-11-03,Prius,29920.07,5.61,Completed
452142,8,2019-11-03,Prius,33085.03,5.84,Completed
452143,8,2019-11-12,Camry,38833.39,5.84,Cancelled
452144,19,2019-11-03,Camry,34577.74,5.48,Completed
452145,14,2019-11-09,RAV4,40039.11,5.1,Completed
452146,12,2019-11-12,Sienna,49026.56,5.65,Completed
452147,12,2019-11-11,Camry,37186.97,5.65,Completed
452148,19,2019-11-03,Sienna,44884.53,5.48,Completed
452149,15,2019-11-23,Tundra,44133.75,4.86,Completed
452150,18,2019-11-10,Highlander,64847.15,5.68,Completed
452151,1,2019-11-02,Highlander,46926.22,5.24,Completed
452152,9,2019-11-13,Tundra,31623.54,4.4,Completed
452153,6,2019-11-08,Corolla,21021.41,3.86,Completed
452154,20,2019-11-25,RAV4,40684.49,5.77,Completed
452155,2,2019-11-21,Sienna,35803.85,4.0,Completed
452156,11,2019-11-01,Corolla,19922.32,4.16,Completed
452157,10,2019-11-10,Sienna,35927.74,4.88,Completed
452158,15,2019-11-19,Highlander,65476.52,4.86,Completed
452159,18,2019-11-19,RAV4,50441.76,5.68,Completed
452160,4,2019-11-19,Sienna,32057.54,3.81,Completed
452161,10,2019-11-10,Sienna,37320.93,4.88,Completed
452162,13,2019-11-28,Tundra,49395.94,5.61,Completed
452163,17,2019-11-08,Highlander,39754.97,4.51,Completed
452164,1,2019-11-27,Corolla,22934.81,5.24,Completed
452165,9,2019-11-01,Corolla,20286.87,4.4,Completed
452166,20,2019-11-22,Camry,40778.51,5.77,Completed
452167,7,2019-11-17,Highlander,67982.3,5.39,Completed
452168,13,2019-11-26,Camry,40019.05,5.61,Completed
452169,1,2019-11-13,Prius,23510.51,5.24,Completed
452170,4,2019-11-01,Camry,25092.18,3.81,Completed
452171,11,2019-11-08,RAV4,30242.64,4.16,Completed
452172,19,2019-11-29,Highlander,56124.23,5.48,Completed
452173,19,2019-11-05,Tacoma,37361.98,5.48,Completed
452174,15,2019-11-02,Corolla,25489.97,4.86,Completed
452175,11,2019-11-05,Tundra,35410.48,4.16,Completed
452176,4,2019-11-30,Camry,27492.19,3.81,Completed
452177,14,2019-11-18,Corolla,27708.61,5.1,Completed
452178,9,2019-11-28,RAV4,28557.15,4.4,Completed
452179,20,2019-11-25,Corolla,28028.72,5.77,Completed
452180,9,2019-11-23,Camry,25678.02,4.4,Completed
452181,16,2019-11-26,Tacoma,37421.44,6.06,Completed
452182,16,2019-11-07,Prius,33149.28,6.06,Completed
452183,18,2019-11-26,Corolla,30310.05,5.68,Completed
452184,8,2019-11-21,RAV4,40848.59,5.84,Completed
452185,14,2019-11-29,Sienna,48998.64,5.1,Completed
452186,10,2019-11-26,Tacoma,30086.76,4.88,Completed
452187,20,2019-11-07,Prius,29530.15,5.77,Completed
452188,18,2019-11-22,Prius,32213.48,5.68,Completed
452189,6,2019-11-03,Corolla,18606.95,3.86,Completed
452190,8,2019-11-10,Highlander,56277.3,5.84,Completed
452191,7,2019-11-11,Prius,33610.2,5.39,Completed
452192,9,2019-11-28,Corolla,19548.07,4.4,Completed
452193,15,2019-11-17,Tacoma,39110.83,4.86,Completed
452194,10,2019-11-23,Sienna,32780.16,4.88,Completed
452195,14,2019-11-12,Sienna,44074.59,5.1,Completed
452196,19,2019-11-18,Sienna,40196.33,5.48,Completed
452197,5,2019-11-12,Camry,30621.12,5.34,Completed
452198,3,2019-11-18,Prius,30571.86,5.69,Pending
452199,8,2019-11-24,Sienna,52082.78,5.84,Completed
452200,17,2019-11-13,Tundra,34011.91,4.51,Completed
452201,10,2019-11-20,Prius,25380.5,4.88,Completed
452202,7,2019-11-01,Corolla,29205.67,5.39,Completed
452203,11,2019-11-30,Highlander,45211.25,4.16,Completed
452204,13,2019-11-29,Highlander,59842.59,5.61,Completed
452205,4,2019-11-27,Sienna,31920.61,3.81,Completed
452206,1,2019-11-29,Camry,33793.44,5.24,Completed
452207,5,2019-11-28,Prius,26474.54,5.34,Completed
452208,8,2019-11-16,Tundra,46140.65,5.84,Completed
452209,9,2019-11-09,Camry,24343.85,4.4,Completed
452210,7,2019-11-19,Sienna,50301.59,5.39,Completed
452211,4,2019-11-17,Highlander,38966.86,3.81,Completed
452212,11,2019-11-09,RAV4,33886.98,4.16,Completed
452213,4,2019-11-13,Corolla,17221.16,3.81,Completed
452214,3,2019-11-05,Tacoma,40072.87,5.69,Completed
452215,12,2019-11-19,Corolla,27921.16,5.65,Completed
452216,17,2019-11-22,Sienna,31977.18,4.51,Completed
452217,18,2019-11-11,Corolla,29050.06,5.68,Completed
452218,5,2019-11-21,Tacoma,36253.91,5.34,Completed
452219,6,2019-11-12,RAV4,28836.64,3.86,Completed
452220,20,2019-11-21,Highlander,62889.49,5.77,Completed
452221,1,2019-11-02,Camry,28271.41,5.24,Completed
452222,4,2019-11-22,Tundra,33467.35,3.81,Completed
452223,6,2019-11-29,RAV4,27916.9,3.86,Completed
452224,10,2019-11-12,Camry,28981.89,4.88,Completed
452225,12,2019-11-16,Highlander,63019.9,5.65,Completed
452226,18,2019-11-28,Highlander,71900.09,5.68,Completed
452227,13,2019-11-12,Corolla,30003.34,5.61,Completed
452228,6,2019-11-23,Tacoma,30874.17,3.86,Completed
452229,13,2019-11-14,RAV4,47338.7,5.61,Completed
452230,18,2019-11-28,Prius,31966.69,5.68,Completed
452231,19,2019-11-20,Sienna,38769.51,5.48,Completed
452232,14,2019-11-30,Camry,35682.37,5.1,Completed
452233,7,2019-11-27,Tundra,44249.54,5.39,Completed
452234,19,2019-11-20,Corolla,24353.75,5.48,Completed
452235,13,2019-11-21,RAV4,46792.21,5.61,Completed
452236,19,2019-11-19,Tacoma,36235.4,5.48,Completed
452237,15,2019-11-26,Prius,28180.36,4.86,Completed
452238,19,2019-11-27,Camry,35119.83,5.48,Pending
452239,16,2019-11-19,Highlander,60700.52,6.06,Completed
452240,6,2019-11-29,Sienna,32649.94,3.86,Completed
452241,18,2019-11-16,Tundra,48671.49,5.68,Completed
452242,1,2019-11-16,RAV4,38017.65,5.24,Pending
452243,10,2019-11-07,Camry,30090.13,4.88,Completed
452244,17,2019-11-28,Sienna,34900.31,4.51,Completed
452245,10,2019-11-03,Tundra,33618.01,4.88,Completed
452246,18,2019-11-17,Highlander,64309.41,5.68,Completed
452247,14,2019-11-10,Sienna,44793.97,5.1,Pending
452248,6,2019-11-29,Camry,28125.83,3.86,Completed
452249,8,2019-11-25,Sienna,48127.2,5.84,Completed
452250,15,2019-11-23,Camry,35412.71,4.86,Completed
452251,15,2019-11-24,Corolla,25547.97,4.86,Completed
452252,20,2019-11-05,Sienna,52044.65,5.77,Completed
452253,3,2019-11-09,Sienna,51889.22,5.69,Completed
452254,6,2019-11-21,Camry,23928.65,3.86,Completed
452255,19,2019-11-09,Tacoma,34400.68,5.48,Completed
452256,13,2019-11-28,Tundra,46292.14,5.61,Completed
452257,13,2019-11-28,Corolla,25890.5,5.61,Completed
452258,16,2019-11-11,Prius,33089.49,6.06,Completed
452259,18,2019-11-17,Tacoma,40665.01,5.68,Completed
452260,20,2019-11-16,RAV4,40269.65,5.77,Completed
452261,11,2019-11-08,Highlander,40582.02,4.16,Cancelled
452262,17,2019-11-07,Highlander,44272.32,4.51,Completed
452263,3,2019-11-05,Camry,40514.55,5.69,Completed
452264,16,2019-11-11,Tacoma,39751.06,6.06,Pending
452265,9,2019-11-10,RAV4,32092.38,4.4,Completed
452266,13,2019-11-28,RAV4,46167.61,5.61,Completed
452267,4,2019-11-30,RAV4,30421.87,3.81,Completed
452268,1,2019-11-19,Tundra,41014.46,5.24,Completed
452269,7,2019-11-22,Prius,30753.07,5.39,Pending
452270,5,2019-11-10,Corolla,22311.88,5.34,Completed
452271,12,2019-11-28,Prius,27828.89,5.65,Completed
452272,14,2019-11-01,Tundra,43820.17,5.1,Completed
452273,4,2019-11-03,Corolla,20623.61,3.81,Completed
452274,19,2019-11-27,Tundra,40505.5,5.48,Completed
452275,6,2019-11-18,Prius,20256.6,3.86,Completed
452276,7,2019-11-30,Corolla,29104.99,5.39,Completed
452277,1,2019-11-27,Highlander,48640.75,5.24,Completed
452278,19,2019-11-09,Tundra,44668.08,5.48,Completed
452279,3,2019-11-29,Camry,39563.04,5.69,Pending
452280,3,2019-11-02,Camry,40167.6,5.69,Completed
452281,4,2019-11-05,Tacoma,28926.8,3.81,Completed
452282,2,2019-11-06,Tacoma,29076.97,4.0,Completed
452283,12,2019-11-02,RAV4,40305.72,5.65,Completed
452284,18,2019-11-30,Tacoma,41773.96,5.68,Completed
452285,4,2019-11-26,Prius,21869.77,3.81,Completed
452286,4,2019-11-21,Tacoma,28749.93,3.81,Completed
452287,9,2019-11-30,RAV4,28663.58,4.4,Completed
452288,1,2019-11-14,Sienna,43084.37,5.24,Completed
452289,20,2019-11-05,Tundra,49759.56,5.77,Completed
452290,5,2019-11-05,RAV4,37636.28,5.34,Completed
452291,1,2019-11-23,RAV4,34767.1,5.24,Completed
452292,17,2019-11-02,Prius,23977.75,4.51,Completed
452293,1,2019-11-29,RAV4,37716.52,5.24,Completed
452294,2,2019-11-21,RAV4,32153.78,4.0,Completed
452295,15,2019-11-22,Tacoma,42062.57,4.86,Completed
452296,8,2019-11-02,RAV4,46149.8,5.84,Completed
452297,5,2019-11-12,Tacoma,33917.23,5.34,Cancelled
452298,1,2019-11-16,Highlander,46488.49,5.24,Completed
452299,2,2019-11-13,Corolla,21877.0,4.0,Completed
452300,18,2019-11-12,Sienna,51323.12,5.68,Completed
452301,3,2019-11-30,Corolla,30382.04,5.69,Pending
452302,7,2019-11-30,Prius,29707.12,5.39,Completed
452303,10,2019-11-11,Sienna,32651.13,4.88,Completed
452304,13,2019-11-01,Tacoma,45291.12,5.61,Completed
452305,7,2019-11-15,Tundra,48870.48,5.39,Completed
452306,2,2019-11-16,Corolla,21676.89,4.0,Completed
452307,2,2019-11-11,Prius,23498.45,4.0,Completed
452308,19,2019-11-06,Camry,32006.27,5.48,Completed
452309,7,2019-11-23,Corolla,26031.83,5.39,Completed
452310,18,2019-11-05,Tundra,47608.44,5.68,Completed
452311,15,2019-11-25,Camry,39472.11,4.86,Completed
452312,15,2019-11-28,Prius,29217.09,4.86,Completed
452313,6,2019-11-13,Tacoma,27499.91,3.86,Completed
452314,20,2019-11-25,Tundra,46825.15,5.77,Completed
452315,1,2019-11-25,RAV4,38507.18,5.24,Completed
452316,2,2019-11-24,Highlander,48257.5,4.0,Completed
452317,11,2019-11-03,Prius,24874.85,4.16,Completed
452318,7,2019-11-07,RAV4,43727.49,5.39,Completed
452319,11,2019-11-01,Tacoma,29711.13,4.16,Completed
452320,6,2019-11-25,Highlander,45684.09,3.86,Completed
452321,9,2019-11-13,RAV4,34410.5,4.4,Completed
452322,14,2019-11-29,Tundra,43716.8,5.1,Completed
452323,12,2019-11-14,Tacoma,40682.38,5.65,Completed
452324,2,2019-11-04,Corolla,22973.29,4.0,Completed
452325,8,2019-11-05,Camry,36432.62,5.84,Completed
452326,10,2019-11-26,RAV4,29705.75,4.88,Completed
452327,12,2019-11-21,Prius,28360.03,5.65,Completed
452328,14,2019-11-17,Tundra,48822.96,5.1,Completed
452329,19,2019-11-11,Prius,24445.41,5.48,Completed
452330,3,2019-11-19,Tundra,53656.05,5.69,Completed
452331,19,2019-11-16,RAV4,39523.1,5.48,Completed
452332,19,2019-11-26,Sienna,39295.6,5.48,Completed
452333,20,2019-11-02,Camry,40173.88,5.77,Completed
452334,17,2019-11-20,RAV4,33175.25,4.51,Completed
452335,20,2019-11-28,Sienna,51033.53,5.77,Completed
452336,11,2019-11-08,Tundra,34180.49,4.16,Completed
452337,18,2019-11-29,Tacoma,45749.49,5.68,Completed
452338,11,2019-11-08,Camry,27458.15,4.16,Completed
452339,12,2019-11-19,Camry,37470.62,5.65,Completed
452340,12,2019-11-08,Tundra,42622.23,5.65,Completed
452341,10,2019-11-24,Tacoma,32056.5,4.88,Pending
452342,8,2019-11-05,Camry,37136.32,5.84,Completed
452343,11,2019-11-20,RAV4,29215.59,4.16,Completed
452344,8,2019-11-27,Tundra,46860.11,5.84,Completed
452345,19,2019-11-28,Tacoma,35899.5,5.48,Completed
452346,11,2019-11-23,Tundra,34717.29,4.16,Completed
452347,3,2019-11-17,Sienna,46371.81,5.69,Completed
452348,16,2019-11-24,Highlander,59753.9,6.06,Completed
452349,19,2019-11-29,Tacoma,32970.71,5.48,Completed
452350,12,2019-11-17,Prius,28632.26,5.65,Completed
452351,7,2019-11-19,Corolla,25610.06,5.39,Completed
452352,4,2019-11-09,RAV4,27291.07,3.81,Completed
452353,20,2019-11-27,Camry,33884.79,5.77,Completed
452354,7,2019-11-16,Camry,41627.55,5.39,Completed
452355,4,2019-11-27,Prius,21536.4,3.81,Completed
452356,8,2019-11-15,RAV4,44343.68,5.84,Completed
452357,1,2019-11-13,Corolla,23508.28,5.24,Completed
452358,19,2019-11-20,Corolla,23025.49,5.48,Completed
452359,11,2019-11-20,Corolla,19855.14,4.16,Completed
452360,4,2019-11-07,Highlander,44048.57,3.81,Completed
452361,7,2019-11-12,RAV4,46829.24,5.39,Completed
452362,16,2019-11-16,Camry,36369.94,6.06,Completed
452363,20,2019-11-02,Corolla,29518.98,5.77,Completed
452364,20,2019-11-03,Sienna,44263.21,5.77,Completed
452365,2,2019-11-01,Highlander,48721.34,4.0,Completed
452366,17,2019-11-13,Camry,28552.83,4.51,Completed
452367,20,2019-11-24,RAV4,41151.28,5.77,Completed
452368,19,2019-11-14,RAV4,40848.13,5.48,Completed
452369,1,2019-11-23,Sienna,39136.67,5.24,Completed
452370,1,2019-11-26,Corolla,21081.28,5.24,Completed
452371,3,2019-11-22,Sienna,48135.76,5.69,Completed
452372,11,2019-11-24,Prius,22317.96,4.16,Completed
452373,13,2019-11-23,Sienna,50572.74,5.61,Completed
452374,4,2019-11-06,Tacoma,25229.31,3.81,Completed
452375,13,2019-11-03,Tacoma,40165.66,5.61,Completed
452376,13,2019-11-15,Corolla,30330.87,5.61,Completed
452377,4,2019-11-19,Highlander,40367.34,3.81,Completed
452378,10,2019-11-29,RAV4,33827.13,4.88,Completed
452379,19,2019-11-23,Prius,25988.38,5.48,Completed
452380,3,2019-11-07,Tundra,54446.24,5.69,Completed
452381,5,2019-11-13,Tundra,40984.18,5.34,Pending
452382,14,2019-11-29,Sienna,46237.55,5.1,Completed
452383,7,2019-11-28,Highlander,58436.23,5.39,Pending
452384,15,2019-11-05,Camry,36873.88,4.86,Completed
452385,19,2019-11-29,Sienna,42772.33,5.48,Completed
452386,19,2019-11-13,Prius,29307.76,5.48,Completed
452387,10,2019-11-06,Corolla,19034.18,4.88,Completed
452388,15,2019-11-10,Prius,33633.3,4.86,Completed
452389,16,2019-11-10,Tacoma,41117.74,6.06,Completed
452390,1,2019-11-10,Sienna,38516.21,5.24,Completed
452391,1,2019-11-18,Highlander,49215.08,5.24,Completed
452392,10,2019-11-29,Tacoma,31485.23,4.88,Completed
452393,18,2019-11-13,Prius,35426.68,5.68,Completed
452394,8,2019-11-02,Camry,40979.14,5.84,Completed
452395,19,2019-11-04,Tacoma,36857.9,5.48,Completed
452396,20,2019-11-14,RAV4,43670.84,5.77,Completed
452397,19,2019-11-30,Tundra,43090.21,5.48,Completed
452398,18,2019-11-25,Sienna,47820.29,5.68,Completed
452399,19,2019-11-04,Prius,26918.71,5.48,Completed
452400,20,2019-11-07,Sienna,44119.18,5.77,Completed
452401,8,2019-11-30,Camry,38597.18,5.84,Completed
452402,11,2019-11-10,Tacoma,31346.12,4.16,Completed
452403,7,2019-11-20,Tacoma,41089.82,5.39,Completed
452404,2,2019-11-08,Prius,24601.24,4.0,Completed
452405,4,2019-11-08,Tacoma,30464.82,3.81,Completed
452406,11,2019-11-05,Prius,20828.68,4.16,Completed
452407,7,2019-11-19,Prius,33746.62,5.39,Completed
452408,12,2019-11-14,Prius,31677.67,5.65,Completed
452409,19,2019-11-30,Corolla,22869.45,5.48,Completed
452410,9,2019-11-11,Camry,26781.07,4.4,Completed
452411,4,2019-11-25,Camry,24454.93,3.81,Completed
452412,14,2019-11-28,RAV4,38889.81,5.1,Completed
452413,2,2019-11-20,Corolla,22838.17,4.0,Completed
452414,3,2019-11-17,Tacoma,40048.24,5.69,Completed
452415,15,2019-11-02,RAV4,45547.54,4.86,Completed
452416,7,2019-11-09,Corolla,28757.49,5.39,Completed
452417,9,2019-11-20,Corolla,21350.84,4.4,Completed
452418,20,2019-11-09,Tacoma,39930.82,5.77,Completed
452419,18,2019-11-05,Highlander,69311.41,5.68,Completed
452420,2,2019-11-16,Corolla,19647.25,4.0,Completed
452421,1,2019-11-21,Sienna,37709.97,5.24,Completed
452422,10,2019-11-02,Camry,27971.56,4.88,Completed
452423,5,2019-11-05,Tacoma,34628.08,5.34,Completed
452424,19,2019-11-01,Corolla,22678.51,5.48,Completed
452425,16,2019-11-30,Corolla,29189.85,6.06,Completed
452426,13,2019-11-30,Tacoma,41978.33,5.61,Completed
452427,9,2019-11-26,Highlander,48147.73,4.4,Completed
452428,3,2019-11-03,RAV4,45144.04,5.69,Completed
452429,19,2019-11-13,Tundra,38927.98,5.48,Completed
452430,13,2019-11-11,Corolla,26594.27,5.61,Completed
452431,20,2019-11-12,Highlander,67171.46,5.77,Completed
452432,5,2019-11-09,Tacoma,31944.25,5.34,Completed
452433,18,2019-11-04,Tacoma,42860.63,5.68,Completed
452434,19,2019-11-22,Sienna,42051.43,5.48,Completed
452435,4,2019-11-12,RAV4,27785.9,3.81,Completed
452436,14,2019-11-26,Corolla,28772.83,5.1,Completed
452437,19,2019-11-03,Prius,28214.11,5.48,Completed
452438,3,2019-11-21,Sienna,46829.39,5.69,Completed
452439,18,2019-11-19,Corolla,31683.32,5.68,Completed
452440,13,2019-11-04,Camry,35081.0,5.61,Completed
452441,6,2019-11-05,Highlander,40150.98,3.86,Completed
452442,1,2019-11-10,Corolla,23086.36,5.24,Completed
452443,10,2019-11-06,Corolla,19747.56,4.88,Completed
452444,8,2019-11-01,Sienna,49635.1,5.84,Completed
452445,1,2019-11-13,Tacoma,32740.39,5.24,Completed
452446,9,2019-11-24,Tundra,35679.44,4.4,Completed
452447,7,2019-11-18,Prius,30745.25,5.39,Completed
452448,14,2019-11-28,Highlander,55977.13,5.1,Completed
452449,10,2019-11-19,Tacoma,28706.51,4.88,Completed
452450,1,2019-11-22,Highlander,49223.64,5.24,Completed
452451,20,2019-11-02,Prius,29610.73,5.77,Pending
452452,14,2019-11-26,Highlander,55985.46,5.1,Completed
452453,15,2019-11-23,RAV4,41468.39,4.86,Completed
452454,4,2019-11-16,Camry,26683.65,3.81,Completed
452455,5,2019-11-05,RAV4,37910.21,5.34,Completed
452456,15,2019-11-18,Corolla,27440.79,4.86,Completed
452457,13,2019-11-22,Tacoma,41794.35,5.61,Completed
452458,5,2019-11-22,Corolla,25029.62,5.34,Completed
452459,11,2019-11-08,Camry,29481.16,4.16,Completed
452460,2,2019-11-13,Tundra,39584.83,4.0,Completed
452461,17,2019-11-17,Corolla,17696.8,4.51,Completed
452462,4,2019-11-07,Sienna,31272.77,3.81,Completed
452463,13,2019-11-28,RAV4,43082.84,5.61,Completed
452464,3,2019-11-29,Tacoma,38246.1,5.69,Completed
452465,12,2019-11-02,Camry,37026.48,5.65,Completed
452466,13,2019-11-24,Camry,41484.69,5.61,Completed
452467,6,2019-11-19,Tundra,30952.05,3.86,Completed
452468,19,2019-11-06,Tundra,40047.6,5.48,Completed
452469,8,2019-11-18,Tundra,51119.52,5.84,Completed
452470,2,2019-11-03,Camry,26348.63,4.0,Completed
452471,2,2019-11-26,RAV4,33849.06,4.0,Completed
452472,12,2019-11-05,Corolla,25084.91,5.65,Completed
452473,10,2019-11-26,Tacoma,29424.48,4.88,Completed
452474,13,2019-11-22,Tacoma,42466.0,5.61,Completed
452475,18,2019-11-23,RAV4,44302.97,5.68,Completed
452476,18,2019-11-15,RAV4,48483.14,5.68,Completed
452477,13,2019-11-23,Corolla,27807.54,5.61,Completed
452478,4,2019-11-12,Prius,23247.86,3.81,Completed
452479,1,2019-11-11,RAV4,34632.56,5.24,Completed
452480,19,2019-11-29,Camry,33487.97,5.48,Completed
452481,1,2019-11-28,RAV4,38015.29,5.24,Completed
452482,6,2019-11-19,Sienna,33094.28,3.86,Completed
452483,9,2019-11-30,Corolla,17998.39,4.4,Completed
452484,8,2019-11-18,Tacoma,36625.97,5.84,Completed
452485,20,2019-11-27,Corolla,27570.69,5.77,Completed
452486,19,2019-11-01,Camry,33831.91,5.48,Completed
452487,7,2019-11-11,Camry,38101.48,5.39,Completed
452488,19,2019-11-07,Tundra,40664.97,5.48,Completed
452489,8,2019-11-11,Highlander,66945.36,5.84,Completed
452490,3,2019-11-12,Prius,29995.61,5.69,Completed
452491,6,2019-11-22,Corolla,20408.16,3.86,Completed
452492,12,2019-11-06,Prius,31084.03,5.65,Completed
452493,5,2019-11-18,Tacoma,31761.31,5.34,Completed
452494,11,2019-11-08,Tundra,38083.71,4.16,Completed
452495,14,2019-11-23,RAV4,44367.49,5.1,Completed
452496,15,2019-11-07,Highlander,57308.41,4.86,Completed
452497,10,2019-11-21,Camry,25652.93,4.88,Completed
452498,14,2019-11-22,Sienna,45972.46,5.1,Completed
452499,14,2019-11-29,RAV4,44530.85,5.1,Completed
452500,14,2019-11-20,Sienna,49047.72,5.1,Completed
452501,1,2019-11-05,RAV4,36599.46,5.24,Completed
452502,3,2019-11-06,Tundra,49992.48,5.69,Completed
452503,15,2019-11-18,Prius,29003.51,4.86,Completed
452504,19,2019-11-16,Highlander,53823.16,5.48,Completed
452505,8,2019-11-11,Tacoma,39451.12,5.84,Completed
452506,19,2019-11-10,Tundra,41522.28,5.48,Completed
452507,13,2019-11-30,Corolla,29058.88,5.61,Completed
452508,4,2019-11-04,Corolla,20012.75,3.81,Completed
452509,3,2019-11-03,RAV4,44955.67,5.69,Completed
452510,16,2019-11-04,Tacoma,37233.42,6.06,Completed
452511,3,2019-11-13,Sienna,48107.46,5.69,Completed
452512,11,2019-11-23,RAV4,33300.36,4.16,Completed
452513,7,2019-11-05,Tacoma,43200.74,5.39,Completed
452514,19,2019-11-23,Highlander,50549.9,5.48,Completed
452515,12,2019-11-21,RAV4,47345.3,5.65,Completed
452516,4,2019-11-22,RAV4,30778.06,3.81,Completed
452517,20,2019-11-30,Camry,38785.73,5.77,Cancelled
452518,16,2019-11-01,RAV4,48673.12,6.06,Completed
452519,1,2019-11-06,Highlander,54543.64,5.24,Completed
452520,9,2019-11-13,RAV4,34719.93,4.4,Completed
452521,18,2019-11-18,Highlander,68666.42,5.68,Completed
452522,19,2019-11-22,Highlander,49200.34,5.48,Completed
452523,12,2019-11-12,Prius,31467.45,5.65,Completed
452524,18,2019-11-20,RAV4,51066.8,5.68,Completed
452525,11,2019-11-17,Tundra,31988.44,4.16,Completed
452526,14,2019-11-08,Prius,30332.23,5.1,Completed
452527,8,2019-11-26,Camry,39122.88,5.84,Completed
452528,3,2019-11-21,Highlander,60322.26,5.69,Completed
452529,11,2019-11-16,Tundra,35893.43,4.16,Completed
452530,6,2019-11-24,Corolla,17494.52,3.86,Pending
452531,16,2019-11-25,Sienna,51373.62,6.06,Completed
452532,16,2019-11-21,RAV4,43186.94,6.06,Completed
452533,6,2019-11-20,Tacoma,30070.61,3.86,Completed
452534,5,2019-11-24,RAV4,39732.1,5.34,Completed
452535,12,2019-11-19,Highlander,54732.4,5.65,Completed
